arm,baseline_id,opponent_id,opponent_family,seed,seat,self_final_cash,opp_final_cash,margin,result,engine,elapsed_seconds,model_loaded,model_calls,model_selected_tasks,model_changed_final_actions,rule_overrides,planned_retirements,unplanned_losses,contract_failures,shop_sequence_hash,shop_events_json,replay,replay_sha256,agent_sha256,opponent_sha256,engine_sha256,telemetry_json,diagnostics_json,error
B1_buy8_sell3,B1_opening,ahmed_v57,ahmed_route,2026092421,0,78215.0,78239.0,-24.0,L,kagsim,7.283154,0,0,0,0,0,0,0,0,1a0d9b98b77ea1f9b89eb26cb01c4569d35ca0bc479051453aa5f420df64dcd7,"[{""step"":0,""shops"":[]},{""step"":72,""shops"":[""ICE_CREAM_SHOP""]},{""step"":144,""shops"":[""ICE_CREAM_SHOP"",""BAKERY""]},{""step"":216,""shops"":[""ICE_CREAM_SHOP"",""BAKERY"",""PET_CAFE""]},{""step"":288,""shops"":[""ICE_CREAM_SHOP"",""BAKERY"",""PET_CAFE"",""ICE_CREAM_SHOP""]},{""step"":360,""shops"":[""ICE_CREAM_SHOP"",""BAKERY"",""PET_CAFE"",""ICE_CREAM_SHOP"",""BAKERY""]},{""step"":432,""shops"":[""ICE_CREAM_SHOP"",""BAKERY"",""PET_CAFE"",""ICE_CREAM_SHOP"",""BAKERY"",""YARN_STORE""]},{""step"":504,""shops"":[""ICE_CREAM_SHOP"",""BAKERY"",""PET_CAFE"",""ICE_CREAM_SHOP"",""BAKERY"",""YARN_STORE"",""BAKERY""]},{""step"":576,""shops"":[""ICE_CREAM_SHOP"",""BAKERY"",""PET_CAFE"",""ICE_CREAM_SHOP"",""BAKERY"",""YARN_STORE"",""BAKERY"",""BRUNCH_SPOT""]}]",experiments/round10_public_learning_20260924/evaluations/opening_b2_confirmation/replays/B1_buy8_sell3/ahmed_v57/seed_2026092421_seat_0.json.gz,f9968c1ec7e72221645c4661f70ff041cde0606109e04536d67085c58ef0603e,895356ee3ad2e3026b3ec757c5236c7468b8d4b6e29dde1c36f5ff7b274b7534,2ee689fdc58f38b7bf6b80b8d3f48129d19b47201dbee51fdcbd977498a5106f,0fe077cc65622d6f6828160d90b617595a4aa7ea188e4afc67bfee8e4d290c92,"{""players"":[{""sell_dead_units"":2193,""refused_buy_product"":1,""refused_buy_seed"":0,""refused_buy_animal"":0,""refused_hire"":0,""refused_buy_land"":0,""hire_paid"":4253,""sell_zero_fill"":36,""buy_zero_fill"":1,""sell_revenue"":103602.0,""total_spend"":28387.0,""shed_discarded_units"":4,""sold_units"":1592,""feed_no_wheat"":0,""feed_no_animal"":0,""feed_redundant"":0,""water_dead"":10,""harvest_dead"":3,""plant_dead"":0,""animals_escaped"":0,""escape_capital"":0.0,""escape_yield_units"":0,""escape_first_day"":-1,""animal_unfed_days"":77,""plants_dry"":1,""dry_seed_cost"":100.0,""dry_yield_units"":0,""dry_first_day"":21,""plant_unwatered_days"":391,""decay_units"":18,""plants_decayed"":18,""silent_loss_coins"":100.0,""silent_loss_units"":22,""dead_actions"":41,""move_dead"":0,""locked_dead"":0,""pickup_dead"":0,""drop_dead"":0,""place_dead"":2,""build_dead"":0,""dig_dead"":4,""fertilize_dead"":1,""collect_dead"":8,""care_dead"":13,""tile_cap_units"":21,""fertilizer_forgone"":19,""care_unfed"":73,""animal_shed_days"":1,""idle_tile_days"":63,""weed_tile_days"":1,""hand_pass_turns"":393,""farmer_pass_turns"":68,""phantom_hand_actions"":0,""sell_floor_units"":95,""hire_premium"":3986,""shed_units_now"":0,""shed_value_now"":0.0,""animals_in_shed_now"":0,""seeds_unplanted_now"":5,""seeds_unplanted_cost_now"":50.0},{""sell_dead_units"":2198,""refused_buy_product"":1,""refused_buy_seed"":0,""refused_buy_animal"":0,""refused_hire"":0,""refused_buy_land"":0,""hire_paid"":4253,""sell_zero_fill"":37,""buy_zero_fill"":1,""sell_revenue"":103934.0,""total_spend"":28695.0,""shed_discarded_units"":4,""sold_units"":1602,""feed_no_wheat"":0,""feed_no_animal"":0,""feed_redundant"":0,""water_dead"":10,""harvest_dead"":3,""plant_dead"":0,""animals_escaped"":0,""escape_capital"":0.0,""escape_yield_units"":0,""escape_first_day"":-1,""animal_unfed_days"":77,""plants_dry"":1,""dry_seed_cost"":100.0,""dry_yield_units"":0,""dry_first_day"":21,""plant_unwatered_days"":391,""decay_units"":18,""plants_decayed"":18,""silent_loss_coins"":100.0,""silent_loss_units"":22,""dead_actions"":40,""move_dead"":0,""locked_dead"":0,""pickup_dead"":0,""drop_dead"":0,""place_dead"":1,""build_dead"":0,""dig_dead"":4,""fertilize_dead"":1,""collect_dead"":8,""care_dead"":13,""tile_cap_units"":21,""fertilizer_forgone"":19,""care_unfed"":73,""animal_shed_days"":1,""idle_tile_days"":63,""weed_tile_days"":1,""hand_pass_turns"":393,""farmer_pass_turns"":68,""phantom_hand_actions"":0,""sell_floor_units"":96,""hire_premium"":3986,""shed_units_now"":0,""shed_value_now"":0.0,""animals_in_shed_now"":0,""seeds_unplanted_now"":4,""seeds_unplanted_cost_now"":40.0}]}",{},
B1_buy8_sell3,B1_opening,ahmed_v57,ahmed_route,2026092421,1,78215.0,78239.0,-24.0,L,kagsim,7.258145,0,0,0,0,0,0,0,0,1a0d9b98b77ea1f9b89eb26cb01c4569d35ca0bc479051453aa5f420df64dcd7,"[{""step"":0,""shops"":[]},{""step"":72,""shops"":[""ICE_CREAM_SHOP""]},{""step"":144,""shops"":[""ICE_CREAM_SHOP"",""BAKERY""]},{""step"":216,""shops"":[""ICE_CREAM_SHOP"",""BAKERY"",""PET_CAFE""]},{""step"":288,""shops"":[""ICE_CREAM_SHOP"",""BAKERY"",""PET_CAFE"",""ICE_CREAM_SHOP""]},{""step"":360,""shops"":[""ICE_CREAM_SHOP"",""BAKERY"",""PET_CAFE"",""ICE_CREAM_SHOP"",""BAKERY""]},{""step"":432,""shops"":[""ICE_CREAM_SHOP"",""BAKERY"",""PET_CAFE"",""ICE_CREAM_SHOP"",""BAKERY"",""YARN_STORE""]},{""step"":504,""shops"":[""ICE_CREAM_SHOP"",""BAKERY"",""PET_CAFE"",""ICE_CREAM_SHOP"",""BAKERY"",""YARN_STORE"",""BAKERY""]},{""step"":576,""shops"":[""ICE_CREAM_SHOP"",""BAKERY"",""PET_CAFE"",""ICE_CREAM_SHOP"",""BAKERY"",""YARN_STORE"",""BAKERY"",""BRUNCH_SPOT""]}]",experiments/round10_public_learning_20260924/evaluations/opening_b2_confirmation/replays/B1_buy8_sell3/ahmed_v57/seed_2026092421_seat_1.json.gz,a8a25f963025285b6fa34256f3705a8a0a6bc485f25222faa01f9385a805a8aa,895356ee3ad2e3026b3ec757c5236c7468b8d4b6e29dde1c36f5ff7b274b7534,2ee689fdc58f38b7bf6b80b8d3f48129d19b47201dbee51fdcbd977498a5106f,0fe077cc65622d6f6828160d90b617595a4aa7ea188e4afc67bfee8e4d290c92,"{""players"":[{""sell_dead_units"":2198,""refused_buy_product"":1,""refused_buy_seed"":0,""refused_buy_animal"":0,""refused_hire"":0,""refused_buy_land"":0,""hire_paid"":4253,""sell_zero_fill"":37,""buy_zero_fill"":1,""sell_revenue"":103934.0,""total_spend"":28695.0,""shed_discarded_units"":4,""sold_units"":1602,""feed_no_wheat"":0,""feed_no_animal"":0,""feed_redundant"":0,""water_dead"":10,""harvest_dead"":3,""plant_dead"":0,""animals_escaped"":0,""escape_capital"":0.0,""escape_yield_units"":0,""escape_first_day"":-1,""animal_unfed_days"":77,""plants_dry"":1,""dry_seed_cost"":100.0,""dry_yield_units"":0,""dry_first_day"":21,""plant_unwatered_days"":391,""decay_units"":18,""plants_decayed"":18,""silent_loss_coins"":100.0,""silent_loss_units"":22,""dead_actions"":40,""move_dead"":0,""locked_dead"":0,""pickup_dead"":0,""drop_dead"":0,""place_dead"":1,""build_dead"":0,""dig_dead"":4,""fertilize_dead"":1,""collect_dead"":8,""care_dead"":13,""tile_cap_units"":21,""fertilizer_forgone"":19,""care_unfed"":73,""animal_shed_days"":1,""idle_tile_days"":63,""weed_tile_days"":1,""hand_pass_turns"":393,""farmer_pass_turns"":68,""phantom_hand_actions"":0,""sell_floor_units"":96,""hire_premium"":3986,""shed_units_now"":0,""shed_value_now"":0.0,""animals_in_shed_now"":0,""seeds_unplanted_now"":4,""seeds_unplanted_cost_now"":40.0},{""sell_dead_units"":2193,""refused_buy_product"":1,""refused_buy_seed"":0,""refused_buy_animal"":0,""refused_hire"":0,""refused_buy_land"":0,""hire_paid"":4253,""sell_zero_fill"":36,""buy_zero_fill"":1,""sell_revenue"":103602.0,""total_spend"":28387.0,""shed_discarded_units"":4,""sold_units"":1592,""feed_no_wheat"":0,""feed_no_animal"":0,""feed_redundant"":0,""water_dead"":10,""harvest_dead"":3,""plant_dead"":0,""animals_escaped"":0,""escape_capital"":0.0,""escape_yield_units"":0,""escape_first_day"":-1,""animal_unfed_days"":77,""plants_dry"":1,""dry_seed_cost"":100.0,""dry_yield_units"":0,""dry_first_day"":21,""plant_unwatered_days"":391,""decay_units"":18,""plants_decayed"":18,""silent_loss_coins"":100.0,""silent_loss_units"":22,""dead_actions"":41,""move_dead"":0,""locked_dead"":0,""pickup_dead"":0,""drop_dead"":0,""place_dead"":2,""build_dead"":0,""dig_dead"":4,""fertilize_dead"":1,""collect_dead"":8,""care_dead"":13,""tile_cap_units"":21,""fertilizer_forgone"":19,""care_unfed"":73,""animal_shed_days"":1,""idle_tile_days"":63,""weed_tile_days"":1,""hand_pass_turns"":393,""farmer_pass_turns"":68,""phantom_hand_actions"":0,""sell_floor_units"":95,""hire_premium"":3986,""shed_units_now"":0,""shed_value_now"":0.0,""animals_in_shed_now"":0,""seeds_unplanted_now"":5,""seeds_unplanted_cost_now"":50.0}]}",{},
B1_buy8_sell3,B1_opening,ahmed_v57,ahmed_route,2026092422,0,66749.0,66384.0,365.0,W,kagsim,7.732775,0,0,0,0,0,0,0,0,19e2e7b0d517ade9e3156ed5ac478411ae57c4d56f83749b61c91a7eb503d9cd,"[{""step"":0,""shops"":[]},{""step"":72,""shops"":[""PET_CAFE""]},{""step"":144,""shops"":[""PET_CAFE"",""BAKERY""]},{""step"":216,""shops"":[""PET_CAFE"",""BAKERY"",""FARMERS_MARKET""]},{""step"":288,""shops"":[""PET_CAFE"",""BAKERY"",""FARMERS_MARKET"",""BRUNCH_SPOT""]},{""step"":360,""shops"":[""PET_CAFE"",""BAKERY"",""FARMERS_MARKET"",""BRUNCH_SPOT"",""YARN_STORE""]},{""step"":432,""shops"":[""PET_CAFE"",""BAKERY"",""FARMERS_MARKET"",""BRUNCH_SPOT"",""YARN_STORE"",""BAKERY""]},{""step"":504,""shops"":[""PET_CAFE"",""BAKERY"",""FARMERS_MARKET"",""BRUNCH_SPOT"",""YARN_STORE"",""BAKERY"",""BAKERY""]},{""step"":576,""shops"":[""PET_CAFE"",""BAKERY"",""FARMERS_MARKET"",""BRUNCH_SPOT"",""YARN_STORE"",""BAKERY"",""BAKERY"",""ICE_CREAM_SHOP""]}]",experiments/round10_public_learning_20260924/evaluations/opening_b2_confirmation/replays/B1_buy8_sell3/ahmed_v57/seed_2026092422_seat_0.json.gz,e1631a5e8dc8662523ab576b217e88d0a9dec0516785e364e3c852011dcb49c1,895356ee3ad2e3026b3ec757c5236c7468b8d4b6e29dde1c36f5ff7b274b7534,2ee689fdc58f38b7bf6b80b8d3f48129d19b47201dbee51fdcbd977498a5106f,0fe077cc65622d6f6828160d90b617595a4aa7ea188e4afc67bfee8e4d290c92,"{""players"":[{""sell_dead_units"":2231,""refused_buy_product"":25,""refused_buy_seed"":0,""refused_buy_animal"":0,""refused_hire"":0,""refused_buy_land"":0,""hire_paid"":4253,""sell_zero_fill"":43,""buy_zero_fill"":1,""sell_revenue"":230825.0,""total_spend"":167076.0,""shed_discarded_units"":11,""sold_units"":4867,""feed_no_wheat"":1,""feed_no_animal"":1,""feed_redundant"":0,""water_dead"":18,""harvest_dead"":10,""plant_dead"":0,""animals_escaped"":1,""escape_capital"":300.0,""escape_yield_units"":1,""escape_first_day"":26,""animal_unfed_days"":86,""plants_dry"":2,""dry_seed_cost"":120.0,""dry_yield_units"":1,""dry_first_day"":21,""plant_unwatered_days"":387,""decay_units"":18,""plants_decayed"":18,""silent_loss_coins"":420.0,""silent_loss_units"":31,""dead_actions"":61,""move_dead"":0,""locked_dead"":0,""pickup_dead"":0,""drop_dead"":0,""place_dead"":2,""build_dead"":0,""dig_dead"":2,""fertilize_dead"":0,""collect_dead"":3,""care_dead"":24,""tile_cap_units"":28,""fertilizer_forgone"":16,""care_unfed"":82,""animal_shed_days"":1,""idle_tile_days"":69,""weed_tile_days"":4,""hand_pass_turns"":375,""farmer_pass_turns"":66,""phantom_hand_actions"":0,""sell_floor_units"":165,""hire_premium"":3986,""shed_units_now"":0,""shed_value_now"":0.0,""animals_in_shed_now"":0,""seeds_unplanted_now"":5,""seeds_unplanted_cost_now"":50.0},{""sell_dead_units"":2237,""refused_buy_product"":33,""refused_buy_seed"":0,""refused_buy_animal"":0,""refused_hire"":0,""refused_buy_land"":0,""hire_paid"":4253,""sell_zero_fill"":43,""buy_zero_fill"":1,""sell_revenue"":230334.0,""total_spend"":166950.0,""shed_discarded_units"":12,""sold_units"":4872,""feed_no_wheat"":1,""feed_no_animal"":1,""feed_redundant"":0,""water_dead"":14,""harvest_dead"":8,""plant_dead"":0,""animals_escaped"":1,""escape_capital"":300.0,""escape_yield_units"":1,""escape_first_day"":26,""animal_unfed_days"":86,""plants_dry"":2,""dry_seed_cost"":120.0,""dry_yield_units"":1,""dry_first_day"":21,""plant_unwatered_days"":387,""decay_units"":18,""plants_decayed"":18,""silent_loss_coins"":420.0,""silent_loss_units"":32,""dead_actions"":55,""move_dead"":0,""locked_dead"":0,""pickup_dead"":0,""drop_dead"":0,""place_dead"":2,""build_dead"":0,""dig_dead"":2,""fertilize_dead"":0,""collect_dead"":3,""care_dead"":24,""tile_cap_units"":27,""fertilizer_forgone"":16,""care_unfed"":82,""animal_shed_days"":1,""idle_tile_days"":66,""weed_tile_days"":2,""hand_pass_turns"":376,""farmer_pass_turns"":66,""phantom_hand_actions"":0,""sell_floor_units"":169,""hire_premium"":3986,""shed_units_now"":0,""shed_value_now"":0.0,""animals_in_shed_now"":0,""seeds_unplanted_now"":3,""seeds_unplanted_cost_now"":30.0}]}",{},
B1_buy8_sell3,B1_opening,ahmed_v57,ahmed_route,2026092422,1,66811.0,66305.0,506.0,W,kagsim,7.555835,0,0,0,0,0,0,0,0,19e2e7b0d517ade9e3156ed5ac478411ae57c4d56f83749b61c91a7eb503d9cd,"[{""step"":0,""shops"":[]},{""step"":72,""shops"":[""PET_CAFE""]},{""step"":144,""shops"":[""PET_CAFE"",""BAKERY""]},{""step"":216,""shops"":[""PET_CAFE"",""BAKERY"",""FARMERS_MARKET""]},{""step"":288,""shops"":[""PET_CAFE"",""BAKERY"",""FARMERS_MARKET"",""BRUNCH_SPOT""]},{""step"":360,""shops"":[""PET_CAFE"",""BAKERY"",""FARMERS_MARKET"",""BRUNCH_SPOT"",""YARN_STORE""]},{""step"":432,""shops"":[""PET_CAFE"",""BAKERY"",""FARMERS_MARKET"",""BRUNCH_SPOT"",""YARN_STORE"",""BAKERY""]},{""step"":504,""shops"":[""PET_CAFE"",""BAKERY"",""FARMERS_MARKET"",""BRUNCH_SPOT"",""YARN_STORE"",""BAKERY"",""BAKERY""]},{""step"":576,""shops"":[""PET_CAFE"",""BAKERY"",""FARMERS_MARKET"",""BRUNCH_SPOT"",""YARN_STORE"",""BAKERY"",""BAKERY"",""ICE_CREAM_SHOP""]}]",experiments/round10_public_learning_20260924/evaluations/opening_b2_confirmation/replays/B1_buy8_sell3/ahmed_v57/seed_2026092422_seat_1.json.gz,2713d9ce3c1b879f5e449e71db9a13ec2b59f60ea53ff6bb1627b48a7532cad0,895356ee3ad2e3026b3ec757c5236c7468b8d4b6e29dde1c36f5ff7b274b7534,2ee689fdc58f38b7bf6b80b8d3f48129d19b47201dbee51fdcbd977498a5106f,0fe077cc65622d6f6828160d90b617595a4aa7ea188e4afc67bfee8e4d290c92,"{""players"":[{""sell_dead_units"":2238,""refused_buy_product"":33,""refused_buy_seed"":0,""refused_buy_animal"":0,""refused_hire"":0,""refused_buy_land"":0,""hire_paid"":4253,""sell_zero_fill"":44,""buy_zero_fill"":1,""sell_revenue"":230413.0,""total_spend"":167108.0,""shed_discarded_units"":12,""sold_units"":4870,""feed_no_wheat"":1,""feed_no_animal"":1,""feed_redundant"":0,""water_dead"":17,""harvest_dead"":9,""plant_dead"":0,""animals_escaped"":1,""escape_capital"":300.0,""escape_yield_units"":1,""escape_first_day"":26,""animal_unfed_days"":86,""plants_dry"":2,""dry_seed_cost"":120.0,""dry_yield_units"":1,""dry_first_day"":21,""plant_unwatered_days"":387,""decay_units"":18,""plants_decayed"":18,""silent_loss_coins"":420.0,""silent_loss_units"":32,""dead_actions"":59,""move_dead"":0,""locked_dead"":0,""pickup_dead"":0,""drop_dead"":0,""place_dead"":2,""build_dead"":0,""dig_dead"":2,""fertilize_dead"":0,""collect_dead"":3,""care_dead"":24,""tile_cap_units"":27,""fertilizer_forgone"":16,""care_unfed"":82,""animal_shed_days"":1,""idle_tile_days"":68,""weed_tile_days"":4,""hand_pass_turns"":376,""farmer_pass_turns"":66,""phantom_hand_actions"":0,""sell_floor_units"":169,""hire_premium"":3986,""shed_units_now"":0,""shed_value_now"":0.0,""animals_in_shed_now"":0,""seeds_unplanted_now"":3,""seeds_unplanted_cost_now"":30.0},{""sell_dead_units"":2231,""refused_buy_product"":25,""refused_buy_seed"":0,""refused_buy_animal"":0,""refused_hire"":0,""refused_buy_land"":0,""hire_paid"":4253,""sell_zero_fill"":43,""buy_zero_fill"":1,""sell_revenue"":231065.0,""total_spend"":167254.0,""shed_discarded_units"":11,""sold_units"":4869,""feed_no_wheat"":1,""feed_no_animal"":1,""feed_redundant"":0,""water_dead"":15,""harvest_dead"":9,""plant_dead"":0,""animals_escaped"":1,""escape_capital"":300.0,""escape_yield_units"":1,""escape_first_day"":26,""animal_unfed_days"":86,""plants_dry"":2,""dry_seed_cost"":120.0,""dry_yield_units"":1,""dry_first_day"":21,""plant_unwatered_days"":387,""decay_units"":18,""plants_decayed"":18,""silent_loss_coins"":420.0,""silent_loss_units"":31,""dead_actions"":57,""move_dead"":0,""locked_dead"":0,""pickup_dead"":0,""drop_dead"":0,""place_dead"":2,""build_dead"":0,""dig_dead"":2,""fertilize_dead"":0,""collect_dead"":3,""care_dead"":24,""tile_cap_units"":28,""fertilizer_forgone"":16,""care_unfed"":82,""animal_shed_days"":1,""idle_tile_days"":67,""weed_tile_days"":2,""hand_pass_turns"":375,""farmer_pass_turns"":66,""phantom_hand_actions"":0,""sell_floor_units"":165,""hire_premium"":3986,""shed_units_now"":0,""shed_value_now"":0.0,""animals_in_shed_now"":0,""seeds_unplanted_now"":4,""seeds_unplanted_cost_now"":40.0}]}",{},
B1_buy8_sell3,B1_opening,ahmed_v57,ahmed_route,2026092423,0,122681.0,122658.0,23.0,W,kagsim,8.205443,0,0,0,0,0,0,0,0,85d8b413f9bf7d2c4e275dc00ed3cb3bab9b8ae1cb526d0a50828fa28f29a51c,"[{""step"":0,""shops"":[]},{""step"":72,""shops"":[""FARMERS_MARKET""]},{""step"":144,""shops"":[""FARMERS_MARKET"",""FARMERS_MARKET""]},{""step"":216,""shops"":[""FARMERS_MARKET"",""FARMERS_MARKET"",""YARN_STORE""]},{""step"":288,""shops"":[""FARMERS_MARKET"",""FARMERS_MARKET"",""YARN_STORE"",""BRUNCH_SPOT""]},{""step"":360,""shops"":[""FARMERS_MARKET"",""FARMERS_MARKET"",""YARN_STORE"",""BRUNCH_SPOT"",""PIZZA_SHOP""]},{""step"":432,""shops"":[""FARMERS_MARKET"",""FARMERS_MARKET"",""YARN_STORE"",""BRUNCH_SPOT"",""PIZZA_SHOP"",""PIZZA_SHOP""]},{""step"":504,""shops"":[""FARMERS_MARKET"",""FARMERS_MARKET"",""YARN_STORE"",""BRUNCH_SPOT"",""PIZZA_SHOP"",""PIZZA_SHOP"",""PIZZA_SHOP""]},{""step"":576,""shops"":[""FARMERS_MARKET"",""FARMERS_MARKET"",""YARN_STORE"",""BRUNCH_SPOT"",""PIZZA_SHOP"",""PIZZA_SHOP"",""PIZZA_SHOP"",""YARN_STORE""]}]",experiments/round10_public_learning_20260924/evaluations/opening_b2_confirmation/replays/B1_buy8_sell3/ahmed_v57/seed_2026092423_seat_0.json.gz,330729b5e21b249ccf745b441c3c8057298178909acc32e5b04eacb568967468,895356ee3ad2e3026b3ec757c5236c7468b8d4b6e29dde1c36f5ff7b274b7534,2ee689fdc58f38b7bf6b80b8d3f48129d19b47201dbee51fdcbd977498a5106f,0fe077cc65622d6f6828160d90b617595a4aa7ea188e4afc67bfee8e4d290c92,"{""players"":[{""sell_dead_units"":2276,""refused_buy_product"":1,""refused_buy_seed"":0,""refused_buy_animal"":0,""refused_hire"":0,""refused_buy_land"":0,""hire_paid"":7557,""sell_zero_fill"":44,""buy_zero_fill"":1,""sell_revenue"":173306.0,""total_spend"":53625.0,""shed_discarded_units"":5,""sold_units"":2048,""feed_no_wheat"":0,""feed_no_animal"":0,""feed_redundant"":0,""water_dead"":13,""harvest_dead"":18,""plant_dead"":0,""animals_escaped"":0,""escape_capital"":0.0,""escape_yield_units"":0,""escape_first_day"":-1,""animal_unfed_days"":66,""plants_dry"":2,""dry_seed_cost"":120.0,""dry_yield_units"":1,""dry_first_day"":21,""plant_unwatered_days"":418,""decay_units"":18,""plants_decayed"":18,""silent_loss_coins"":120.0,""silent_loss_units"":24,""dead_actions"":65,""move_dead"":0,""locked_dead"":0,""pickup_dead"":0,""drop_dead"":0,""place_dead"":4,""build_dead"":0,""dig_dead"":2,""fertilize_dead"":1,""collect_dead"":3,""care_dead"":24,""tile_cap_units"":14,""fertilizer_forgone"":18,""care_unfed"":62,""animal_shed_days"":1,""idle_tile_days"":230,""weed_tile_days"":9,""hand_pass_turns"":425,""farmer_pass_turns"":65,""phantom_hand_actions"":0,""sell_floor_units"":48,""hire_premium"":7273,""shed_units_now"":0,""shed_value_now"":0.0,""animals_in_shed_now"":0,""seeds_unplanted_now"":5,""seeds_unplanted_cost_now"":50.0},{""sell_dead_units"":2275,""refused_buy_product"":1,""refused_buy_seed"":0,""refused_buy_animal"":0,""refused_hire"":0,""refused_buy_land"":0,""hire_paid"":7557,""sell_zero_fill"":43,""buy_zero_fill"":1,""sell_revenue"":173597.0,""total_spend"":53939.0,""shed_discarded_units"":5,""sold_units"":2060,""feed_no_wheat"":0,""feed_no_animal"":0,""feed_redundant"":0,""water_dead"":12,""harvest_dead"":17,""plant_dead"":0,""animals_escaped"":0,""escape_capital"":0.0,""escape_yield_units"":0,""escape_first_day"":-1,""animal_unfed_days"":66,""plants_dry"":2,""dry_seed_cost"":120.0,""dry_yield_units"":1,""dry_first_day"":21,""plant_unwatered_days"":418,""decay_units"":18,""plants_decayed"":18,""silent_loss_coins"":120.0,""silent_loss_units"":24,""dead_actions"":63,""move_dead"":0,""locked_dead"":0,""pickup_dead"":0,""drop_dead"":0,""place_dead"":4,""build_dead"":0,""dig_dead"":2,""fertilize_dead"":1,""collect_dead"":3,""care_dead"":24,""tile_cap_units"":13,""fertilizer_forgone"":18,""care_unfed"":62,""animal_shed_days"":1,""idle_tile_days"":229,""weed_tile_days"":2,""hand_pass_turns"":426,""farmer_pass_turns"":65,""phantom_hand_actions"":0,""sell_floor_units"":48,""hire_premium"":7273,""shed_units_now"":0,""shed_value_now"":0.0,""animals_in_shed_now"":0,""seeds_unplanted_now"":4,""seeds_unplanted_cost_now"":40.0}]}",{},
B1_buy8_sell3,B1_opening,ahmed_v57,ahmed_route,2026092423,1,122681.0,122658.0,23.0,W,kagsim,8.330578,0,0,0,0,0,0,0,0,85d8b413f9bf7d2c4e275dc00ed3cb3bab9b8ae1cb526d0a50828fa28f29a51c,"[{""step"":0,""shops"":[]},{""step"":72,""shops"":[""FARMERS_MARKET""]},{""step"":144,""shops"":[""FARMERS_MARKET"",""FARMERS_MARKET""]},{""step"":216,""shops"":[""FARMERS_MARKET"",""FARMERS_MARKET"",""YARN_STORE""]},{""step"":288,""shops"":[""FARMERS_MARKET"",""FARMERS_MARKET"",""YARN_STORE"",""BRUNCH_SPOT""]},{""step"":360,""shops"":[""FARMERS_MARKET"",""FARMERS_MARKET"",""YARN_STORE"",""BRUNCH_SPOT"",""PIZZA_SHOP""]},{""step"":432,""shops"":[""FARMERS_MARKET"",""FARMERS_MARKET"",""YARN_STORE"",""BRUNCH_SPOT"",""PIZZA_SHOP"",""PIZZA_SHOP""]},{""step"":504,""shops"":[""FARMERS_MARKET"",""FARMERS_MARKET"",""YARN_STORE"",""BRUNCH_SPOT"",""PIZZA_SHOP"",""PIZZA_SHOP"",""PIZZA_SHOP""]},{""step"":576,""shops"":[""FARMERS_MARKET"",""FARMERS_MARKET"",""YARN_STORE"",""BRUNCH_SPOT"",""PIZZA_SHOP"",""PIZZA_SHOP"",""PIZZA_SHOP"",""YARN_STORE""]}]",experiments/round10_public_learning_20260924/evaluations/opening_b2_confirmation/replays/B1_buy8_sell3/ahmed_v57/seed_2026092423_seat_1.json.gz,83ebbc3e7b2dce07d383f33ec153e5767c4def48de7fa55a125a08291953ab2e,895356ee3ad2e3026b3ec757c5236c7468b8d4b6e29dde1c36f5ff7b274b7534,2ee689fdc58f38b7bf6b80b8d3f48129d19b47201dbee51fdcbd977498a5106f,0fe077cc65622d6f6828160d90b617595a4aa7ea188e4afc67bfee8e4d290c92,"{""players"":[{""sell_dead_units"":2275,""refused_buy_product"":1,""refused_buy_seed"":0,""refused_buy_animal"":0,""refused_hire"":0,""refused_buy_land"":0,""hire_paid"":7557,""sell_zero_fill"":43,""buy_zero_fill"":1,""sell_revenue"":173597.0,""total_spend"":53939.0,""shed_discarded_units"":5,""sold_units"":2060,""feed_no_wheat"":0,""feed_no_animal"":0,""feed_redundant"":0,""water_dead"":12,""harvest_dead"":17,""plant_dead"":0,""animals_escaped"":0,""escape_capital"":0.0,""escape_yield_units"":0,""escape_first_day"":-1,""animal_unfed_days"":66,""plants_dry"":2,""dry_seed_cost"":120.0,""dry_yield_units"":1,""dry_first_day"":21,""plant_unwatered_days"":418,""decay_units"":18,""plants_decayed"":18,""silent_loss_coins"":120.0,""silent_loss_units"":24,""dead_actions"":63,""move_dead"":0,""locked_dead"":0,""pickup_dead"":0,""drop_dead"":0,""place_dead"":4,""build_dead"":0,""dig_dead"":2,""fertilize_dead"":1,""collect_dead"":3,""care_dead"":24,""tile_cap_units"":13,""fertilizer_forgone"":18,""care_unfed"":62,""animal_shed_days"":1,""idle_tile_days"":229,""weed_tile_days"":9,""hand_pass_turns"":426,""farmer_pass_turns"":65,""phantom_hand_actions"":0,""sell_floor_units"":48,""hire_premium"":7273,""shed_units_now"":0,""shed_value_now"":0.0,""animals_in_shed_now"":0,""seeds_unplanted_now"":4,""seeds_unplanted_cost_now"":40.0},{""sell_dead_units"":2276,""refused_buy_product"":1,""refused_buy_seed"":0,""refused_buy_animal"":0,""refused_hire"":0,""refused_buy_land"":0,""hire_paid"":7557,""sell_zero_fill"":44,""buy_zero_fill"":1,""sell_revenue"":173306.0,""total_spend"":53625.0,""shed_discarded_units"":5,""sold_units"":2048,""feed_no_wheat"":0,""feed_no_animal"":0,""feed_redundant"":0,""water_dead"":13,""harvest_dead"":18,""plant_dead"":0,""animals_escaped"":0,""escape_capital"":0.0,""escape_yield_units"":0,""escape_first_day"":-1,""animal_unfed_days"":66,""plants_dry"":2,""dry_seed_cost"":120.0,""dry_yield_units"":1,""dry_first_day"":21,""plant_unwatered_days"":418,""decay_units"":18,""plants_decayed"":18,""silent_loss_coins"":120.0,""silent_loss_units"":24,""dead_actions"":65,""move_dead"":0,""locked_dead"":0,""pickup_dead"":0,""drop_dead"":0,""place_dead"":4,""build_dead"":0,""dig_dead"":2,""fertilize_dead"":1,""collect_dead"":3,""care_dead"":24,""tile_cap_units"":14,""fertilizer_forgone"":18,""care_unfed"":62,""animal_shed_days"":1,""idle_tile_days"":230,""weed_tile_days"":2,""hand_pass_turns"":425,""farmer_pass_turns"":65,""phantom_hand_actions"":0,""sell_floor_units"":48,""hire_premium"":7273,""shed_units_now"":0,""shed_value_now"":0.0,""animals_in_shed_now"":0,""seeds_unplanted_now"":5,""seeds_unplanted_cost_now"":50.0}]}",{},
B1_buy8_sell3,B1_opening,ahmed_v57,ahmed_route,2026092424,0,101575.0,101558.0,17.0,W,kagsim,7.15537,0,0,0,0,0,0,0,0,4444a7221dc8b07c56b279d0ff34ad50d3f8dfee5e4af6a415a8e6bd7bc32cd6,"[{""step"":0,""shops"":[]},{""step"":72,""shops"":[""YARN_STORE""]},{""step"":144,""shops"":[""YARN_STORE"",""PIZZA_SHOP""]},{""step"":216,""shops"":[""YARN_STORE"",""PIZZA_SHOP"",""PIZZA_SHOP""]},{""step"":288,""shops"":[""YARN_STORE"",""PIZZA_SHOP"",""PIZZA_SHOP"",""SMOOTHIE_SHOP""]},{""step"":360,""shops"":[""YARN_STORE"",""PIZZA_SHOP"",""PIZZA_SHOP"",""SMOOTHIE_SHOP"",""BRUNCH_SPOT""]},{""step"":432,""shops"":[""YARN_STORE"",""PIZZA_SHOP"",""PIZZA_SHOP"",""SMOOTHIE_SHOP"",""BRUNCH_SPOT"",""BRUNCH_SPOT""]},{""step"":504,""shops"":[""YARN_STORE"",""PIZZA_SHOP"",""PIZZA_SHOP"",""SMOOTHIE_SHOP"",""BRUNCH_SPOT"",""BRUNCH_SPOT"",""PET_CAFE""]},{""step"":576,""shops"":[""YARN_STORE"",""PIZZA_SHOP"",""PIZZA_SHOP"",""SMOOTHIE_SHOP"",""BRUNCH_SPOT"",""BRUNCH_SPOT"",""PET_CAFE"",""BAKERY""]}]",experiments/round10_public_learning_20260924/evaluations/opening_b2_confirmation/replays/B1_buy8_sell3/ahmed_v57/seed_2026092424_seat_0.json.gz,ac43036844126241371184866ed72062fa7ab853c70c7d207e8274eeb491a50a,895356ee3ad2e3026b3ec757c5236c7468b8d4b6e29dde1c36f5ff7b274b7534,2ee689fdc58f38b7bf6b80b8d3f48129d19b47201dbee51fdcbd977498a5106f,0fe077cc65622d6f6828160d90b617595a4aa7ea188e4afc67bfee8e4d290c92,"{""players"":[{""sell_dead_units"":205,""refused_buy_product"":1,""refused_buy_seed"":0,""refused_buy_animal"":0,""refused_hire"":0,""refused_buy_land"":0,""hire_paid"":5515,""sell_zero_fill"":20,""buy_zero_fill"":1,""sell_revenue"":127956.0,""total_spend"":29381.0,""shed_discarded_units"":20,""sold_units"":1553,""feed_no_wheat"":0,""feed_no_animal"":0,""feed_redundant"":0,""water_dead"":1,""harvest_dead"":4,""plant_dead"":0,""animals_escaped"":0,""escape_capital"":0.0,""escape_yield_units"":0,""escape_first_day"":-1,""animal_unfed_days"":43,""plants_dry"":1,""dry_seed_cost"":100.0,""dry_yield_units"":0,""dry_first_day"":21,""plant_unwatered_days"":385,""decay_units"":18,""plants_decayed"":18,""silent_loss_coins"":100.0,""silent_loss_units"":38,""dead_actions"":17,""move_dead"":0,""locked_dead"":0,""pickup_dead"":0,""drop_dead"":0,""place_dead"":1,""build_dead"":0,""dig_dead"":2,""fertilize_dead"":0,""collect_dead"":4,""care_dead"":5,""tile_cap_units"":8,""fertilizer_forgone"":14,""care_unfed"":39,""animal_shed_days"":0,""idle_tile_days"":62,""weed_tile_days"":1,""hand_pass_turns"":599,""farmer_pass_turns"":81,""phantom_hand_actions"":0,""sell_floor_units"":144,""hire_premium"":5234,""shed_units_now"":0,""shed_value_now"":0.0,""animals_in_shed_now"":0,""seeds_unplanted_now"":0,""seeds_unplanted_cost_now"":0.0},{""sell_dead_units"":217,""refused_buy_product"":1,""refused_buy_seed"":0,""refused_buy_animal"":0,""refused_hire"":0,""refused_buy_land"":0,""hire_paid"":5515,""sell_zero_fill"":21,""buy_zero_fill"":1,""sell_revenue"":128292.0,""total_spend"":29734.0,""shed_discarded_units"":20,""sold_units"":1561,""feed_no_wheat"":0,""feed_no_animal"":0,""feed_redundant"":0,""water_dead"":1,""harvest_dead"":6,""plant_dead"":0,""animals_escaped"":0,""escape_capital"":0.0,""escape_yield_units"":0,""escape_first_day"":-1,""animal_unfed_days"":43,""plants_dry"":1,""dry_seed_cost"":100.0,""dry_yield_units"":0,""dry_first_day"":21,""plant_unwatered_days"":385,""decay_units"":18,""plants_decayed"":18,""silent_loss_coins"":100.0,""silent_loss_units"":38,""dead_actions"":20,""move_dead"":0,""locked_dead"":0,""pickup_dead"":0,""drop_dead"":0,""place_dead"":2,""build_dead"":0,""dig_dead"":2,""fertilize_dead"":0,""collect_dead"":4,""care_dead"":5,""tile_cap_units"":8,""fertilizer_forgone"":14,""care_unfed"":39,""animal_shed_days"":0,""idle_tile_days"":62,""weed_tile_days"":1,""hand_pass_turns"":598,""farmer_pass_turns"":81,""phantom_hand_actions"":0,""sell_floor_units"":143,""hire_premium"":5234,""shed_units_now"":0,""shed_value_now"":0.0,""animals_in_shed_now"":0,""seeds_unplanted_now"":0,""seeds_unplanted_cost_now"":0.0}]}",{},
B1_buy8_sell3,B1_opening,ahmed_v57,ahmed_route,2026092424,1,101575.0,101558.0,17.0,W,kagsim,7.053177,0,0,0,0,0,0,0,0,4444a7221dc8b07c56b279d0ff34ad50d3f8dfee5e4af6a415a8e6bd7bc32cd6,"[{""step"":0,""shops"":[]},{""step"":72,""shops"":[""YARN_STORE""]},{""step"":144,""shops"":[""YARN_STORE"",""PIZZA_SHOP""]},{""step"":216,""shops"":[""YARN_STORE"",""PIZZA_SHOP"",""PIZZA_SHOP""]},{""step"":288,""shops"":[""YARN_STORE"",""PIZZA_SHOP"",""PIZZA_SHOP"",""SMOOTHIE_SHOP""]},{""step"":360,""shops"":[""YARN_STORE"",""PIZZA_SHOP"",""PIZZA_SHOP"",""SMOOTHIE_SHOP"",""BRUNCH_SPOT""]},{""step"":432,""shops"":[""YARN_STORE"",""PIZZA_SHOP"",""PIZZA_SHOP"",""SMOOTHIE_SHOP"",""BRUNCH_SPOT"",""BRUNCH_SPOT""]},{""step"":504,""shops"":[""YARN_STORE"",""PIZZA_SHOP"",""PIZZA_SHOP"",""SMOOTHIE_SHOP"",""BRUNCH_SPOT"",""BRUNCH_SPOT"",""PET_CAFE""]},{""step"":576,""shops"":[""YARN_STORE"",""PIZZA_SHOP"",""PIZZA_SHOP"",""SMOOTHIE_SHOP"",""BRUNCH_SPOT"",""BRUNCH_SPOT"",""PET_CAFE"",""BAKERY""]}]",experiments/round10_public_learning_20260924/evaluations/opening_b2_confirmation/replays/B1_buy8_sell3/ahmed_v57/seed_2026092424_seat_1.json.gz,b0bb75787ed33b647617b81155937c0d01d2e8eaf5c031f8e16343d300b7a6d0,895356ee3ad2e3026b3ec757c5236c7468b8d4b6e29dde1c36f5ff7b274b7534,2ee689fdc58f38b7bf6b80b8d3f48129d19b47201dbee51fdcbd977498a5106f,0fe077cc65622d6f6828160d90b617595a4aa7ea188e4afc67bfee8e4d290c92,"{""players"":[{""sell_dead_units"":217,""refused_buy_product"":1,""refused_buy_seed"":0,""refused_buy_animal"":0,""refused_hire"":0,""refused_buy_land"":0,""hire_paid"":5515,""sell_zero_fill"":21,""buy_zero_fill"":1,""sell_revenue"":128292.0,""total_spend"":29734.0,""shed_discarded_units"":20,""sold_units"":1561,""feed_no_wheat"":0,""feed_no_animal"":0,""feed_redundant"":0,""water_dead"":1,""harvest_dead"":6,""plant_dead"":0,""animals_escaped"":0,""escape_capital"":0.0,""escape_yield_units"":0,""escape_first_day"":-1,""animal_unfed_days"":43,""plants_dry"":1,""dry_seed_cost"":100.0,""dry_yield_units"":0,""dry_first_day"":21,""plant_unwatered_days"":385,""decay_units"":18,""plants_decayed"":18,""silent_loss_coins"":100.0,""silent_loss_units"":38,""dead_actions"":20,""move_dead"":0,""locked_dead"":0,""pickup_dead"":0,""drop_dead"":0,""place_dead"":2,""build_dead"":0,""dig_dead"":2,""fertilize_dead"":0,""collect_dead"":4,""care_dead"":5,""tile_cap_units"":8,""fertilizer_forgone"":14,""care_unfed"":39,""animal_shed_days"":0,""idle_tile_days"":62,""weed_tile_days"":1,""hand_pass_turns"":598,""farmer_pass_turns"":81,""phantom_hand_actions"":0,""sell_floor_units"":143,""hire_premium"":5234,""shed_units_now"":0,""shed_value_now"":0.0,""animals_in_shed_now"":0,""seeds_unplanted_now"":0,""seeds_unplanted_cost_now"":0.0},{""sell_dead_units"":205,""refused_buy_product"":1,""refused_buy_seed"":0,""refused_buy_animal"":0,""refused_hire"":0,""refused_buy_land"":0,""hire_paid"":5515,""sell_zero_fill"":20,""buy_zero_fill"":1,""sell_revenue"":127956.0,""total_spend"":29381.0,""shed_discarded_units"":20,""sold_units"":1553,""feed_no_wheat"":0,""feed_no_animal"":0,""feed_redundant"":0,""water_dead"":1,""harvest_dead"":4,""plant_dead"":0,""animals_escaped"":0,""escape_capital"":0.0,""escape_yield_units"":0,""escape_first_day"":-1,""animal_unfed_days"":43,""plants_dry"":1,""dry_seed_cost"":100.0,""dry_yield_units"":0,""dry_first_day"":21,""plant_unwatered_days"":385,""decay_units"":18,""plants_decayed"":18,""silent_loss_coins"":100.0,""silent_loss_units"":38,""dead_actions"":17,""move_dead"":0,""locked_dead"":0,""pickup_dead"":0,""drop_dead"":0,""place_dead"":1,""build_dead"":0,""dig_dead"":2,""fertilize_dead"":0,""collect_dead"":4,""care_dead"":5,""tile_cap_units"":8,""fertilizer_forgone"":14,""care_unfed"":39,""animal_shed_days"":0,""idle_tile_days"":62,""weed_tile_days"":1,""hand_pass_turns"":599,""farmer_pass_turns"":81,""phantom_hand_actions"":0,""sell_floor_units"":144,""hire_premium"":5234,""shed_units_now"":0,""shed_value_now"":0.0,""animals_in_shed_now"":0,""seeds_unplanted_now"":0,""seeds_unplanted_cost_now"":0.0}]}",{},
B1_buy8_sell3,B1_opening,herd_safe_B1,herd_safe,2026092421,0,78460.0,78460.0,0.0,T,kagsim,6.244684,0,0,0,0,0,0,0,0,1a0d9b98b77ea1f9b89eb26cb01c4569d35ca0bc479051453aa5f420df64dcd7,"[{""step"":0,""shops"":[]},{""step"":72,""shops"":[""ICE_CREAM_SHOP""]},{""step"":144,""shops"":[""ICE_CREAM_SHOP"",""BAKERY""]},{""step"":216,""shops"":[""ICE_CREAM_SHOP"",""BAKERY"",""PET_CAFE""]},{""step"":288,""shops"":[""ICE_CREAM_SHOP"",""BAKERY"",""PET_CAFE"",""ICE_CREAM_SHOP""]},{""step"":360,""shops"":[""ICE_CREAM_SHOP"",""BAKERY"",""PET_CAFE"",""ICE_CREAM_SHOP"",""BAKERY""]},{""step"":432,""shops"":[""ICE_CREAM_SHOP"",""BAKERY"",""PET_CAFE"",""ICE_CREAM_SHOP"",""BAKERY"",""YARN_STORE""]},{""step"":504,""shops"":[""ICE_CREAM_SHOP"",""BAKERY"",""PET_CAFE"",""ICE_CREAM_SHOP"",""BAKERY"",""YARN_STORE"",""BAKERY""]},{""step"":576,""shops"":[""ICE_CREAM_SHOP"",""BAKERY"",""PET_CAFE"",""ICE_CREAM_SHOP"",""BAKERY"",""YARN_STORE"",""BAKERY"",""BRUNCH_SPOT""]}]",experiments/round10_public_learning_20260924/evaluations/opening_b2_confirmation/replays/B1_buy8_sell3/herd_safe_B1/seed_2026092421_seat_0.json.gz,e1f77cb1c78b505f48fe529c9424051944ff865880e2f075fe9046721f5bf6d4,895356ee3ad2e3026b3ec757c5236c7468b8d4b6e29dde1c36f5ff7b274b7534,b6553c296c556aff5b5e2d12b75618e505fa4d852afb5338414ac6d6e039cb02,0fe077cc65622d6f6828160d90b617595a4aa7ea188e4afc67bfee8e4d290c92,"{""players"":[{""sell_dead_units"":2210,""refused_buy_product"":1,""refused_buy_seed"":0,""refused_buy_animal"":0,""refused_hire"":0,""refused_buy_land"":0,""hire_paid"":4253,""sell_zero_fill"":39,""buy_zero_fill"":1,""sell_revenue"":103849.0,""total_spend"":28389.0,""shed_discarded_units"":2,""sold_units"":1595,""feed_no_wheat"":0,""feed_no_animal"":0,""feed_redundant"":0,""water_dead"":10,""harvest_dead"":3,""plant_dead"":0,""animals_escaped"":0,""escape_capital"":0.0,""escape_yield_units"":0,""escape_first_day"":-1,""animal_unfed_days"":73,""plants_dry"":1,""dry_seed_cost"":100.0,""dry_yield_units"":0,""dry_first_day"":21,""plant_unwatered_days"":391,""decay_units"":18,""plants_decayed"":18,""silent_loss_coins"":100.0,""silent_loss_units"":20,""dead_actions"":41,""move_dead"":0,""locked_dead"":0,""pickup_dead"":0,""drop_dead"":0,""place_dead"":2,""build_dead"":0,""dig_dead"":4,""fertilize_dead"":1,""collect_dead"":8,""care_dead"":13,""tile_cap_units"":21,""fertilizer_forgone"":19,""care_unfed"":69,""animal_shed_days"":1,""idle_tile_days"":63,""weed_tile_days"":1,""hand_pass_turns"":390,""farmer_pass_turns"":67,""phantom_hand_actions"":0,""sell_floor_units"":105,""hire_premium"":3986,""shed_units_now"":0,""shed_value_now"":0.0,""animals_in_shed_now"":0,""seeds_unplanted_now"":5,""seeds_unplanted_cost_now"":50.0},{""sell_dead_units"":2210,""refused_buy_product"":1,""refused_buy_seed"":0,""refused_buy_animal"":0,""refused_hire"":0,""refused_buy_land"":0,""hire_paid"":4253,""sell_zero_fill"":39,""buy_zero_fill"":1,""sell_revenue"":103849.0,""total_spend"":28389.0,""shed_discarded_units"":2,""sold_units"":1595,""feed_no_wheat"":0,""feed_no_animal"":0,""feed_redundant"":0,""water_dead"":10,""harvest_dead"":3,""plant_dead"":0,""animals_escaped"":0,""escape_capital"":0.0,""escape_yield_units"":0,""escape_first_day"":-1,""animal_unfed_days"":73,""plants_dry"":1,""dry_seed_cost"":100.0,""dry_yield_units"":0,""dry_first_day"":21,""plant_unwatered_days"":391,""decay_units"":18,""plants_decayed"":18,""silent_loss_coins"":100.0,""silent_loss_units"":20,""dead_actions"":41,""move_dead"":0,""locked_dead"":0,""pickup_dead"":0,""drop_dead"":0,""place_dead"":2,""build_dead"":0,""dig_dead"":4,""fertilize_dead"":1,""collect_dead"":8,""care_dead"":13,""tile_cap_units"":21,""fertilizer_forgone"":19,""care_unfed"":69,""animal_shed_days"":1,""idle_tile_days"":63,""weed_tile_days"":1,""hand_pass_turns"":390,""farmer_pass_turns"":67,""phantom_hand_actions"":0,""sell_floor_units"":105,""hire_premium"":3986,""shed_units_now"":0,""shed_value_now"":0.0,""animals_in_shed_now"":0,""seeds_unplanted_now"":5,""seeds_unplanted_cost_now"":50.0}]}",{},
B1_buy8_sell3,B1_opening,herd_safe_B1,herd_safe,2026092421,1,78460.0,78460.0,0.0,T,kagsim,6.013979,0,0,0,0,0,0,0,0,1a0d9b98b77ea1f9b89eb26cb01c4569d35ca0bc479051453aa5f420df64dcd7,"[{""step"":0,""shops"":[]},{""step"":72,""shops"":[""ICE_CREAM_SHOP""]},{""step"":144,""shops"":[""ICE_CREAM_SHOP"",""BAKERY""]},{""step"":216,""shops"":[""ICE_CREAM_SHOP"",""BAKERY"",""PET_CAFE""]},{""step"":288,""shops"":[""ICE_CREAM_SHOP"",""BAKERY"",""PET_CAFE"",""ICE_CREAM_SHOP""]},{""step"":360,""shops"":[""ICE_CREAM_SHOP"",""BAKERY"",""PET_CAFE"",""ICE_CREAM_SHOP"",""BAKERY""]},{""step"":432,""shops"":[""ICE_CREAM_SHOP"",""BAKERY"",""PET_CAFE"",""ICE_CREAM_SHOP"",""BAKERY"",""YARN_STORE""]},{""step"":504,""shops"":[""ICE_CREAM_SHOP"",""BAKERY"",""PET_CAFE"",""ICE_CREAM_SHOP"",""BAKERY"",""YARN_STORE"",""BAKERY""]},{""step"":576,""shops"":[""ICE_CREAM_SHOP"",""BAKERY"",""PET_CAFE"",""ICE_CREAM_SHOP"",""BAKERY"",""YARN_STORE"",""BAKERY"",""BRUNCH_SPOT""]}]",experiments/round10_public_learning_20260924/evaluations/opening_b2_confirmation/replays/B1_buy8_sell3/herd_safe_B1/seed_2026092421_seat_1.json.gz,c0b9a836d243decd6a639cb206e75dd5770bd6843300319627bb20605d33238f,895356ee3ad2e3026b3ec757c5236c7468b8d4b6e29dde1c36f5ff7b274b7534,b6553c296c556aff5b5e2d12b75618e505fa4d852afb5338414ac6d6e039cb02,0fe077cc65622d6f6828160d90b617595a4aa7ea188e4afc67bfee8e4d290c92,"{""players"":[{""sell_dead_units"":2210,""refused_buy_product"":1,""refused_buy_seed"":0,""refused_buy_animal"":0,""refused_hire"":0,""refused_buy_land"":0,""hire_paid"":4253,""sell_zero_fill"":39,""buy_zero_fill"":1,""sell_revenue"":103849.0,""total_spend"":28389.0,""shed_discarded_units"":2,""sold_units"":1595,""feed_no_wheat"":0,""feed_no_animal"":0,""feed_redundant"":0,""water_dead"":10,""harvest_dead"":3,""plant_dead"":0,""animals_escaped"":0,""escape_capital"":0.0,""escape_yield_units"":0,""escape_first_day"":-1,""animal_unfed_days"":73,""plants_dry"":1,""dry_seed_cost"":100.0,""dry_yield_units"":0,""dry_first_day"":21,""plant_unwatered_days"":391,""decay_units"":18,""plants_decayed"":18,""silent_loss_coins"":100.0,""silent_loss_units"":20,""dead_actions"":41,""move_dead"":0,""locked_dead"":0,""pickup_dead"":0,""drop_dead"":0,""place_dead"":2,""build_dead"":0,""dig_dead"":4,""fertilize_dead"":1,""collect_dead"":8,""care_dead"":13,""tile_cap_units"":21,""fertilizer_forgone"":19,""care_unfed"":69,""animal_shed_days"":1,""idle_tile_days"":63,""weed_tile_days"":1,""hand_pass_turns"":390,""farmer_pass_turns"":67,""phantom_hand_actions"":0,""sell_floor_units"":105,""hire_premium"":3986,""shed_units_now"":0,""shed_value_now"":0.0,""animals_in_shed_now"":0,""seeds_unplanted_now"":5,""seeds_unplanted_cost_now"":50.0},{""sell_dead_units"":2210,""refused_buy_product"":1,""refused_buy_seed"":0,""refused_buy_animal"":0,""refused_hire"":0,""refused_buy_land"":0,""hire_paid"":4253,""sell_zero_fill"":39,""buy_zero_fill"":1,""sell_revenue"":103849.0,""total_spend"":28389.0,""shed_discarded_units"":2,""sold_units"":1595,""feed_no_wheat"":0,""feed_no_animal"":0,""feed_redundant"":0,""water_dead"":10,""harvest_dead"":3,""plant_dead"":0,""animals_escaped"":0,""escape_capital"":0.0,""escape_yield_units"":0,""escape_first_day"":-1,""animal_unfed_days"":73,""plants_dry"":1,""dry_seed_cost"":100.0,""dry_yield_units"":0,""dry_first_day"":21,""plant_unwatered_days"":391,""decay_units"":18,""plants_decayed"":18,""silent_loss_coins"":100.0,""silent_loss_units"":20,""dead_actions"":41,""move_dead"":0,""locked_dead"":0,""pickup_dead"":0,""drop_dead"":0,""place_dead"":2,""build_dead"":0,""dig_dead"":4,""fertilize_dead"":1,""collect_dead"":8,""care_dead"":13,""tile_cap_units"":21,""fertilizer_forgone"":19,""care_unfed"":69,""animal_shed_days"":1,""idle_tile_days"":63,""weed_tile_days"":1,""hand_pass_turns"":390,""farmer_pass_turns"":67,""phantom_hand_actions"":0,""sell_floor_units"":105,""hire_premium"":3986,""shed_units_now"":0,""shed_value_now"":0.0,""animals_in_shed_now"":0,""seeds_unplanted_now"":5,""seeds_unplanted_cost_now"":50.0}]}",{},
B1_buy8_sell3,B1_opening,herd_safe_B1,herd_safe,2026092422,0,66287.0,66361.0,-74.0,L,kagsim,6.345257,0,0,0,0,0,0,0,0,19e2e7b0d517ade9e3156ed5ac478411ae57c4d56f83749b61c91a7eb503d9cd,"[{""step"":0,""shops"":[]},{""step"":72,""shops"":[""PET_CAFE""]},{""step"":144,""shops"":[""PET_CAFE"",""BAKERY""]},{""step"":216,""shops"":[""PET_CAFE"",""BAKERY"",""FARMERS_MARKET""]},{""step"":288,""shops"":[""PET_CAFE"",""BAKERY"",""FARMERS_MARKET"",""BRUNCH_SPOT""]},{""step"":360,""shops"":[""PET_CAFE"",""BAKERY"",""FARMERS_MARKET"",""BRUNCH_SPOT"",""YARN_STORE""]},{""step"":432,""shops"":[""PET_CAFE"",""BAKERY"",""FARMERS_MARKET"",""BRUNCH_SPOT"",""YARN_STORE"",""BAKERY""]},{""step"":504,""shops"":[""PET_CAFE"",""BAKERY"",""FARMERS_MARKET"",""BRUNCH_SPOT"",""YARN_STORE"",""BAKERY"",""BAKERY""]},{""step"":576,""shops"":[""PET_CAFE"",""BAKERY"",""FARMERS_MARKET"",""BRUNCH_SPOT"",""YARN_STORE"",""BAKERY"",""BAKERY"",""ICE_CREAM_SHOP""]}]",experiments/round10_public_learning_20260924/evaluations/opening_b2_confirmation/replays/B1_buy8_sell3/herd_safe_B1/seed_2026092422_seat_0.json.gz,40c703081fff36efac03c43e7016743cdb31fb2dbb519b13c10244f7c19496f7,895356ee3ad2e3026b3ec757c5236c7468b8d4b6e29dde1c36f5ff7b274b7534,b6553c296c556aff5b5e2d12b75618e505fa4d852afb5338414ac6d6e039cb02,0fe077cc65622d6f6828160d90b617595a4aa7ea188e4afc67bfee8e4d290c92,"{""players"":[{""sell_dead_units"":2237,""refused_buy_product"":25,""refused_buy_seed"":0,""refused_buy_animal"":0,""refused_hire"":0,""refused_buy_land"":0,""hire_paid"":4253,""sell_zero_fill"":44,""buy_zero_fill"":1,""sell_revenue"":231421.0,""total_spend"":168134.0,""shed_discarded_units"":12,""sold_units"":4867,""feed_no_wheat"":1,""feed_no_animal"":1,""feed_redundant"":0,""water_dead"":18,""harvest_dead"":10,""plant_dead"":0,""animals_escaped"":1,""escape_capital"":300.0,""escape_yield_units"":1,""escape_first_day"":26,""animal_unfed_days"":86,""plants_dry"":2,""dry_seed_cost"":120.0,""dry_yield_units"":1,""dry_first_day"":21,""plant_unwatered_days"":387,""decay_units"":18,""plants_decayed"":18,""silent_loss_coins"":420.0,""silent_loss_units"":32,""dead_actions"":61,""move_dead"":0,""locked_dead"":0,""pickup_dead"":0,""drop_dead"":0,""place_dead"":2,""build_dead"":0,""dig_dead"":2,""fertilize_dead"":0,""collect_dead"":3,""care_dead"":24,""tile_cap_units"":27,""fertilizer_forgone"":16,""care_unfed"":82,""animal_shed_days"":1,""idle_tile_days"":69,""weed_tile_days"":4,""hand_pass_turns"":375,""farmer_pass_turns"":66,""phantom_hand_actions"":0,""sell_floor_units"":174,""hire_premium"":3986,""shed_units_now"":0,""shed_value_now"":0.0,""animals_in_shed_now"":0,""seeds_unplanted_now"":5,""seeds_unplanted_cost_now"":50.0},{""sell_dead_units"":2237,""refused_buy_product"":25,""refused_buy_seed"":0,""refused_buy_animal"":0,""refused_hire"":0,""refused_buy_land"":0,""hire_paid"":4253,""sell_zero_fill"":44,""buy_zero_fill"":1,""sell_revenue"":231505.0,""total_spend"":168144.0,""shed_discarded_units"":12,""sold_units"":4869,""feed_no_wheat"":1,""feed_no_animal"":1,""feed_redundant"":0,""water_dead"":15,""harvest_dead"":9,""plant_dead"":0,""animals_escaped"":1,""escape_capital"":300.0,""escape_yield_units"":1,""escape_first_day"":26,""animal_unfed_days"":86,""plants_dry"":2,""dry_seed_cost"":120.0,""dry_yield_units"":1,""dry_first_day"":21,""plant_unwatered_days"":387,""decay_units"":18,""plants_decayed"":18,""silent_loss_coins"":420.0,""silent_loss_units"":32,""dead_actions"":57,""move_dead"":0,""locked_dead"":0,""pickup_dead"":0,""drop_dead"":0,""place_dead"":2,""build_dead"":0,""dig_dead"":2,""fertilize_dead"":0,""collect_dead"":3,""care_dead"":24,""tile_cap_units"":27,""fertilizer_forgone"":16,""care_unfed"":82,""animal_shed_days"":1,""idle_tile_days"":67,""weed_tile_days"":2,""hand_pass_turns"":375,""farmer_pass_turns"":66,""phantom_hand_actions"":0,""sell_floor_units"":174,""hire_premium"":3986,""shed_units_now"":0,""shed_value_now"":0.0,""animals_in_shed_now"":0,""seeds_unplanted_now"":4,""seeds_unplanted_cost_now"":40.0}]}",{},
B1_buy8_sell3,B1_opening,herd_safe_B1,herd_safe,2026092422,1,66361.0,66287.0,74.0,W,kagsim,6.436771,0,0,0,0,0,0,0,0,19e2e7b0d517ade9e3156ed5ac478411ae57c4d56f83749b61c91a7eb503d9cd,"[{""step"":0,""shops"":[]},{""step"":72,""shops"":[""PET_CAFE""]},{""step"":144,""shops"":[""PET_CAFE"",""BAKERY""]},{""step"":216,""shops"":[""PET_CAFE"",""BAKERY"",""FARMERS_MARKET""]},{""step"":288,""shops"":[""PET_CAFE"",""BAKERY"",""FARMERS_MARKET"",""BRUNCH_SPOT""]},{""step"":360,""shops"":[""PET_CAFE"",""BAKERY"",""FARMERS_MARKET"",""BRUNCH_SPOT"",""YARN_STORE""]},{""step"":432,""shops"":[""PET_CAFE"",""BAKERY"",""FARMERS_MARKET"",""BRUNCH_SPOT"",""YARN_STORE"",""BAKERY""]},{""step"":504,""shops"":[""PET_CAFE"",""BAKERY"",""FARMERS_MARKET"",""BRUNCH_SPOT"",""YARN_STORE"",""BAKERY"",""BAKERY""]},{""step"":576,""shops"":[""PET_CAFE"",""BAKERY"",""FARMERS_MARKET"",""BRUNCH_SPOT"",""YARN_STORE"",""BAKERY"",""BAKERY"",""ICE_CREAM_SHOP""]}]",experiments/round10_public_learning_20260924/evaluations/opening_b2_confirmation/replays/B1_buy8_sell3/herd_safe_B1/seed_2026092422_seat_1.json.gz,e72d83d6e802875fed1d4018d53f2c2540ad0a8ac718cb890d2adfa645063293,895356ee3ad2e3026b3ec757c5236c7468b8d4b6e29dde1c36f5ff7b274b7534,b6553c296c556aff5b5e2d12b75618e505fa4d852afb5338414ac6d6e039cb02,0fe077cc65622d6f6828160d90b617595a4aa7ea188e4afc67bfee8e4d290c92,"{""players"":[{""sell_dead_units"":2237,""refused_buy_product"":25,""refused_buy_seed"":0,""refused_buy_animal"":0,""refused_hire"":0,""refused_buy_land"":0,""hire_paid"":4253,""sell_zero_fill"":44,""buy_zero_fill"":1,""sell_revenue"":231421.0,""total_spend"":168134.0,""shed_discarded_units"":12,""sold_units"":4867,""feed_no_wheat"":1,""feed_no_animal"":1,""feed_redundant"":0,""water_dead"":18,""harvest_dead"":10,""plant_dead"":0,""animals_escaped"":1,""escape_capital"":300.0,""escape_yield_units"":1,""escape_first_day"":26,""animal_unfed_days"":86,""plants_dry"":2,""dry_seed_cost"":120.0,""dry_yield_units"":1,""dry_first_day"":21,""plant_unwatered_days"":387,""decay_units"":18,""plants_decayed"":18,""silent_loss_coins"":420.0,""silent_loss_units"":32,""dead_actions"":61,""move_dead"":0,""locked_dead"":0,""pickup_dead"":0,""drop_dead"":0,""place_dead"":2,""build_dead"":0,""dig_dead"":2,""fertilize_dead"":0,""collect_dead"":3,""care_dead"":24,""tile_cap_units"":27,""fertilizer_forgone"":16,""care_unfed"":82,""animal_shed_days"":1,""idle_tile_days"":69,""weed_tile_days"":4,""hand_pass_turns"":375,""farmer_pass_turns"":66,""phantom_hand_actions"":0,""sell_floor_units"":174,""hire_premium"":3986,""shed_units_now"":0,""shed_value_now"":0.0,""animals_in_shed_now"":0,""seeds_unplanted_now"":5,""seeds_unplanted_cost_now"":50.0},{""sell_dead_units"":2237,""refused_buy_product"":25,""refused_buy_seed"":0,""refused_buy_animal"":0,""refused_hire"":0,""refused_buy_land"":0,""hire_paid"":4253,""sell_zero_fill"":44,""buy_zero_fill"":1,""sell_revenue"":231505.0,""total_spend"":168144.0,""shed_discarded_units"":12,""sold_units"":4869,""feed_no_wheat"":1,""feed_no_animal"":1,""feed_redundant"":0,""water_dead"":15,""harvest_dead"":9,""plant_dead"":0,""animals_escaped"":1,""escape_capital"":300.0,""escape_yield_units"":1,""escape_first_day"":26,""animal_unfed_days"":86,""plants_dry"":2,""dry_seed_cost"":120.0,""dry_yield_units"":1,""dry_first_day"":21,""plant_unwatered_days"":387,""decay_units"":18,""plants_decayed"":18,""silent_loss_coins"":420.0,""silent_loss_units"":32,""dead_actions"":57,""move_dead"":0,""locked_dead"":0,""pickup_dead"":0,""drop_dead"":0,""place_dead"":2,""build_dead"":0,""dig_dead"":2,""fertilize_dead"":0,""collect_dead"":3,""care_dead"":24,""tile_cap_units"":27,""fertilizer_forgone"":16,""care_unfed"":82,""animal_shed_days"":1,""idle_tile_days"":67,""weed_tile_days"":2,""hand_pass_turns"":375,""farmer_pass_turns"":66,""phantom_hand_actions"":0,""sell_floor_units"":174,""hire_premium"":3986,""shed_units_now"":0,""shed_value_now"":0.0,""animals_in_shed_now"":0,""seeds_unplanted_now"":4,""seeds_unplanted_cost_now"":40.0}]}",{},
B1_buy8_sell3,B1_opening,herd_safe_B1,herd_safe,2026092423,0,122702.0,122702.0,0.0,T,kagsim,7.630755,0,0,0,0,0,0,0,0,85d8b413f9bf7d2c4e275dc00ed3cb3bab9b8ae1cb526d0a50828fa28f29a51c,"[{""step"":0,""shops"":[]},{""step"":72,""shops"":[""FARMERS_MARKET""]},{""step"":144,""shops"":[""FARMERS_MARKET"",""FARMERS_MARKET""]},{""step"":216,""shops"":[""FARMERS_MARKET"",""FARMERS_MARKET"",""YARN_STORE""]},{""step"":288,""shops"":[""FARMERS_MARKET"",""FARMERS_MARKET"",""YARN_STORE"",""BRUNCH_SPOT""]},{""step"":360,""shops"":[""FARMERS_MARKET"",""FARMERS_MARKET"",""YARN_STORE"",""BRUNCH_SPOT"",""PIZZA_SHOP""]},{""step"":432,""shops"":[""FARMERS_MARKET"",""FARMERS_MARKET"",""YARN_STORE"",""BRUNCH_SPOT"",""PIZZA_SHOP"",""PIZZA_SHOP""]},{""step"":504,""shops"":[""FARMERS_MARKET"",""FARMERS_MARKET"",""YARN_STORE"",""BRUNCH_SPOT"",""PIZZA_SHOP"",""PIZZA_SHOP"",""PIZZA_SHOP""]},{""step"":576,""shops"":[""FARMERS_MARKET"",""FARMERS_MARKET"",""YARN_STORE"",""BRUNCH_SPOT"",""PIZZA_SHOP"",""PIZZA_SHOP"",""PIZZA_SHOP"",""YARN_STORE""]}]",experiments/round10_public_learning_20260924/evaluations/opening_b2_confirmation/replays/B1_buy8_sell3/herd_safe_B1/seed_2026092423_seat_0.json.gz,cff1f8858b9b9f2c7ff0fdb4d51265b5b66f09830da0c958ac0c638c7818263d,895356ee3ad2e3026b3ec757c5236c7468b8d4b6e29dde1c36f5ff7b274b7534,b6553c296c556aff5b5e2d12b75618e505fa4d852afb5338414ac6d6e039cb02,0fe077cc65622d6f6828160d90b617595a4aa7ea188e4afc67bfee8e4d290c92,"{""players"":[{""sell_dead_units"":2276,""refused_buy_product"":1,""refused_buy_seed"":0,""refused_buy_animal"":0,""refused_hire"":0,""refused_buy_land"":0,""hire_paid"":7557,""sell_zero_fill"":44,""buy_zero_fill"":1,""sell_revenue"":173327.0,""total_spend"":53625.0,""shed_discarded_units"":5,""sold_units"":2048,""feed_no_wheat"":0,""feed_no_animal"":0,""feed_redundant"":0,""water_dead"":13,""harvest_dead"":18,""plant_dead"":0,""animals_escaped"":0,""escape_capital"":0.0,""escape_yield_units"":0,""escape_first_day"":-1,""animal_unfed_days"":66,""plants_dry"":2,""dry_seed_cost"":120.0,""dry_yield_units"":1,""dry_first_day"":21,""plant_unwatered_days"":418,""decay_units"":18,""plants_decayed"":18,""silent_loss_coins"":120.0,""silent_loss_units"":24,""dead_actions"":65,""move_dead"":0,""locked_dead"":0,""pickup_dead"":0,""drop_dead"":0,""place_dead"":4,""build_dead"":0,""dig_dead"":2,""fertilize_dead"":1,""collect_dead"":3,""care_dead"":24,""tile_cap_units"":14,""fertilizer_forgone"":18,""care_unfed"":62,""animal_shed_days"":1,""idle_tile_days"":230,""weed_tile_days"":9,""hand_pass_turns"":425,""farmer_pass_turns"":65,""phantom_hand_actions"":0,""sell_floor_units"":48,""hire_premium"":7273,""shed_units_now"":0,""shed_value_now"":0.0,""animals_in_shed_now"":0,""seeds_unplanted_now"":5,""seeds_unplanted_cost_now"":50.0},{""sell_dead_units"":2276,""refused_buy_product"":1,""refused_buy_seed"":0,""refused_buy_animal"":0,""refused_hire"":0,""refused_buy_land"":0,""hire_paid"":7557,""sell_zero_fill"":44,""buy_zero_fill"":1,""sell_revenue"":173327.0,""total_spend"":53625.0,""shed_discarded_units"":5,""sold_units"":2048,""feed_no_wheat"":0,""feed_no_animal"":0,""feed_redundant"":0,""water_dead"":13,""harvest_dead"":18,""plant_dead"":0,""animals_escaped"":0,""escape_capital"":0.0,""escape_yield_units"":0,""escape_first_day"":-1,""animal_unfed_days"":66,""plants_dry"":2,""dry_seed_cost"":120.0,""dry_yield_units"":1,""dry_first_day"":21,""plant_unwatered_days"":418,""decay_units"":18,""plants_decayed"":18,""silent_loss_coins"":120.0,""silent_loss_units"":24,""dead_actions"":65,""move_dead"":0,""locked_dead"":0,""pickup_dead"":0,""drop_dead"":0,""place_dead"":4,""build_dead"":0,""dig_dead"":2,""fertilize_dead"":1,""collect_dead"":3,""care_dead"":24,""tile_cap_units"":14,""fertilizer_forgone"":18,""care_unfed"":62,""animal_shed_days"":1,""idle_tile_days"":230,""weed_tile_days"":2,""hand_pass_turns"":425,""farmer_pass_turns"":65,""phantom_hand_actions"":0,""sell_floor_units"":48,""hire_premium"":7273,""shed_units_now"":0,""shed_value_now"":0.0,""animals_in_shed_now"":0,""seeds_unplanted_now"":5,""seeds_unplanted_cost_now"":50.0}]}",{},
B1_buy8_sell3,B1_opening,herd_safe_B1,herd_safe,2026092423,1,122702.0,122702.0,0.0,T,kagsim,7.373996,0,0,0,0,0,0,0,0,85d8b413f9bf7d2c4e275dc00ed3cb3bab9b8ae1cb526d0a50828fa28f29a51c,"[{""step"":0,""shops"":[]},{""step"":72,""shops"":[""FARMERS_MARKET""]},{""step"":144,""shops"":[""FARMERS_MARKET"",""FARMERS_MARKET""]},{""step"":216,""shops"":[""FARMERS_MARKET"",""FARMERS_MARKET"",""YARN_STORE""]},{""step"":288,""shops"":[""FARMERS_MARKET"",""FARMERS_MARKET"",""YARN_STORE"",""BRUNCH_SPOT""]},{""step"":360,""shops"":[""FARMERS_MARKET"",""FARMERS_MARKET"",""YARN_STORE"",""BRUNCH_SPOT"",""PIZZA_SHOP""]},{""step"":432,""shops"":[""FARMERS_MARKET"",""FARMERS_MARKET"",""YARN_STORE"",""BRUNCH_SPOT"",""PIZZA_SHOP"",""PIZZA_SHOP""]},{""step"":504,""shops"":[""FARMERS_MARKET"",""FARMERS_MARKET"",""YARN_STORE"",""BRUNCH_SPOT"",""PIZZA_SHOP"",""PIZZA_SHOP"",""PIZZA_SHOP""]},{""step"":576,""shops"":[""FARMERS_MARKET"",""FARMERS_MARKET"",""YARN_STORE"",""BRUNCH_SPOT"",""PIZZA_SHOP"",""PIZZA_SHOP"",""PIZZA_SHOP"",""YARN_STORE""]}]",experiments/round10_public_learning_20260924/evaluations/opening_b2_confirmation/replays/B1_buy8_sell3/herd_safe_B1/seed_2026092423_seat_1.json.gz,a7aede41419348e3a52b504a1f19bee5c5b77ede739a293f29a0f131d34cfae6,895356ee3ad2e3026b3ec757c5236c7468b8d4b6e29dde1c36f5ff7b274b7534,b6553c296c556aff5b5e2d12b75618e505fa4d852afb5338414ac6d6e039cb02,0fe077cc65622d6f6828160d90b617595a4aa7ea188e4afc67bfee8e4d290c92,"{""players"":[{""sell_dead_units"":2276,""refused_buy_product"":1,""refused_buy_seed"":0,""refused_buy_animal"":0,""refused_hire"":0,""refused_buy_land"":0,""hire_paid"":7557,""sell_zero_fill"":44,""buy_zero_fill"":1,""sell_revenue"":173327.0,""total_spend"":53625.0,""shed_discarded_units"":5,""sold_units"":2048,""feed_no_wheat"":0,""feed_no_animal"":0,""feed_redundant"":0,""water_dead"":13,""harvest_dead"":18,""plant_dead"":0,""animals_escaped"":0,""escape_capital"":0.0,""escape_yield_units"":0,""escape_first_day"":-1,""animal_unfed_days"":66,""plants_dry"":2,""dry_seed_cost"":120.0,""dry_yield_units"":1,""dry_first_day"":21,""plant_unwatered_days"":418,""decay_units"":18,""plants_decayed"":18,""silent_loss_coins"":120.0,""silent_loss_units"":24,""dead_actions"":65,""move_dead"":0,""locked_dead"":0,""pickup_dead"":0,""drop_dead"":0,""place_dead"":4,""build_dead"":0,""dig_dead"":2,""fertilize_dead"":1,""collect_dead"":3,""care_dead"":24,""tile_cap_units"":14,""fertilizer_forgone"":18,""care_unfed"":62,""animal_shed_days"":1,""idle_tile_days"":230,""weed_tile_days"":9,""hand_pass_turns"":425,""farmer_pass_turns"":65,""phantom_hand_actions"":0,""sell_floor_units"":48,""hire_premium"":7273,""shed_units_now"":0,""shed_value_now"":0.0,""animals_in_shed_now"":0,""seeds_unplanted_now"":5,""seeds_unplanted_cost_now"":50.0},{""sell_dead_units"":2276,""refused_buy_product"":1,""refused_buy_seed"":0,""refused_buy_animal"":0,""refused_hire"":0,""refused_buy_land"":0,""hire_paid"":7557,""sell_zero_fill"":44,""buy_zero_fill"":1,""sell_revenue"":173327.0,""total_spend"":53625.0,""shed_discarded_units"":5,""sold_units"":2048,""feed_no_wheat"":0,""feed_no_animal"":0,""feed_redundant"":0,""water_dead"":13,""harvest_dead"":18,""plant_dead"":0,""animals_escaped"":0,""escape_capital"":0.0,""escape_yield_units"":0,""escape_first_day"":-1,""animal_unfed_days"":66,""plants_dry"":2,""dry_seed_cost"":120.0,""dry_yield_units"":1,""dry_first_day"":21,""plant_unwatered_days"":418,""decay_units"":18,""plants_decayed"":18,""silent_loss_coins"":120.0,""silent_loss_units"":24,""dead_actions"":65,""move_dead"":0,""locked_dead"":0,""pickup_dead"":0,""drop_dead"":0,""place_dead"":4,""build_dead"":0,""dig_dead"":2,""fertilize_dead"":1,""collect_dead"":3,""care_dead"":24,""tile_cap_units"":14,""fertilizer_forgone"":18,""care_unfed"":62,""animal_shed_days"":1,""idle_tile_days"":230,""weed_tile_days"":2,""hand_pass_turns"":425,""farmer_pass_turns"":65,""phantom_hand_actions"":0,""sell_floor_units"":48,""hire_premium"":7273,""shed_units_now"":0,""shed_value_now"":0.0,""animals_in_shed_now"":0,""seeds_unplanted_now"":5,""seeds_unplanted_cost_now"":50.0}]}",{},
B1_buy8_sell3,B1_opening,herd_safe_B1,herd_safe,2026092424,0,101628.0,101628.0,0.0,T,kagsim,6.783257,0,0,0,0,0,0,0,0,4444a7221dc8b07c56b279d0ff34ad50d3f8dfee5e4af6a415a8e6bd7bc32cd6,"[{""step"":0,""shops"":[]},{""step"":72,""shops"":[""YARN_STORE""]},{""step"":144,""shops"":[""YARN_STORE"",""PIZZA_SHOP""]},{""step"":216,""shops"":[""YARN_STORE"",""PIZZA_SHOP"",""PIZZA_SHOP""]},{""step"":288,""shops"":[""YARN_STORE"",""PIZZA_SHOP"",""PIZZA_SHOP"",""SMOOTHIE_SHOP""]},{""step"":360,""shops"":[""YARN_STORE"",""PIZZA_SHOP"",""PIZZA_SHOP"",""SMOOTHIE_SHOP"",""BRUNCH_SPOT""]},{""step"":432,""shops"":[""YARN_STORE"",""PIZZA_SHOP"",""PIZZA_SHOP"",""SMOOTHIE_SHOP"",""BRUNCH_SPOT"",""BRUNCH_SPOT""]},{""step"":504,""shops"":[""YARN_STORE"",""PIZZA_SHOP"",""PIZZA_SHOP"",""SMOOTHIE_SHOP"",""BRUNCH_SPOT"",""BRUNCH_SPOT"",""PET_CAFE""]},{""step"":576,""shops"":[""YARN_STORE"",""PIZZA_SHOP"",""PIZZA_SHOP"",""SMOOTHIE_SHOP"",""BRUNCH_SPOT"",""BRUNCH_SPOT"",""PET_CAFE"",""BAKERY""]}]",experiments/round10_public_learning_20260924/evaluations/opening_b2_confirmation/replays/B1_buy8_sell3/herd_safe_B1/seed_2026092424_seat_0.json.gz,c2d2e88b904fc4e8102ffb151fde07688e672c5db760e82f899a652e098a5274,895356ee3ad2e3026b3ec757c5236c7468b8d4b6e29dde1c36f5ff7b274b7534,b6553c296c556aff5b5e2d12b75618e505fa4d852afb5338414ac6d6e039cb02,0fe077cc65622d6f6828160d90b617595a4aa7ea188e4afc67bfee8e4d290c92,"{""players"":[{""sell_dead_units"":205,""refused_buy_product"":1,""refused_buy_seed"":0,""refused_buy_animal"":0,""refused_hire"":0,""refused_buy_land"":0,""hire_paid"":5515,""sell_zero_fill"":20,""buy_zero_fill"":1,""sell_revenue"":128009.0,""total_spend"":29381.0,""shed_discarded_units"":20,""sold_units"":1553,""feed_no_wheat"":0,""feed_no_animal"":0,""feed_redundant"":0,""water_dead"":1,""harvest_dead"":4,""plant_dead"":0,""animals_escaped"":0,""escape_capital"":0.0,""escape_yield_units"":0,""escape_first_day"":-1,""animal_unfed_days"":43,""plants_dry"":1,""dry_seed_cost"":100.0,""dry_yield_units"":0,""dry_first_day"":21,""plant_unwatered_days"":385,""decay_units"":18,""plants_decayed"":18,""silent_loss_coins"":100.0,""silent_loss_units"":38,""dead_actions"":17,""move_dead"":0,""locked_dead"":0,""pickup_dead"":0,""drop_dead"":0,""place_dead"":1,""build_dead"":0,""dig_dead"":2,""fertilize_dead"":0,""collect_dead"":4,""care_dead"":5,""tile_cap_units"":8,""fertilizer_forgone"":14,""care_unfed"":39,""animal_shed_days"":0,""idle_tile_days"":62,""weed_tile_days"":1,""hand_pass_turns"":599,""farmer_pass_turns"":81,""phantom_hand_actions"":0,""sell_floor_units"":144,""hire_premium"":5234,""shed_units_now"":0,""shed_value_now"":0.0,""animals_in_shed_now"":0,""seeds_unplanted_now"":0,""seeds_unplanted_cost_now"":0.0},{""sell_dead_units"":205,""refused_buy_product"":1,""refused_buy_seed"":0,""refused_buy_animal"":0,""refused_hire"":0,""refused_buy_land"":0,""hire_paid"":5515,""sell_zero_fill"":20,""buy_zero_fill"":1,""sell_revenue"":128009.0,""total_spend"":29381.0,""shed_discarded_units"":20,""sold_units"":1553,""feed_no_wheat"":0,""feed_no_animal"":0,""feed_redundant"":0,""water_dead"":1,""harvest_dead"":4,""plant_dead"":0,""animals_escaped"":0,""escape_capital"":0.0,""escape_yield_units"":0,""escape_first_day"":-1,""animal_unfed_days"":43,""plants_dry"":1,""dry_seed_cost"":100.0,""dry_yield_units"":0,""dry_first_day"":21,""plant_unwatered_days"":385,""decay_units"":18,""plants_decayed"":18,""silent_loss_coins"":100.0,""silent_loss_units"":38,""dead_actions"":17,""move_dead"":0,""locked_dead"":0,""pickup_dead"":0,""drop_dead"":0,""place_dead"":1,""build_dead"":0,""dig_dead"":2,""fertilize_dead"":0,""collect_dead"":4,""care_dead"":5,""tile_cap_units"":8,""fertilizer_forgone"":14,""care_unfed"":39,""animal_shed_days"":0,""idle_tile_days"":62,""weed_tile_days"":1,""hand_pass_turns"":599,""farmer_pass_turns"":81,""phantom_hand_actions"":0,""sell_floor_units"":144,""hire_premium"":5234,""shed_units_now"":0,""shed_value_now"":0.0,""animals_in_shed_now"":0,""seeds_unplanted_now"":0,""seeds_unplanted_cost_now"":0.0}]}",{},
B1_buy8_sell3,B1_opening,herd_safe_B1,herd_safe,2026092424,1,101628.0,101628.0,0.0,T,kagsim,6.916403,0,0,0,0,0,0,0,0,4444a7221dc8b07c56b279d0ff34ad50d3f8dfee5e4af6a415a8e6bd7bc32cd6,"[{""step"":0,""shops"":[]},{""step"":72,""shops"":[""YARN_STORE""]},{""step"":144,""shops"":[""YARN_STORE"",""PIZZA_SHOP""]},{""step"":216,""shops"":[""YARN_STORE"",""PIZZA_SHOP"",""PIZZA_SHOP""]},{""step"":288,""shops"":[""YARN_STORE"",""PIZZA_SHOP"",""PIZZA_SHOP"",""SMOOTHIE_SHOP""]},{""step"":360,""shops"":[""YARN_STORE"",""PIZZA_SHOP"",""PIZZA_SHOP"",""SMOOTHIE_SHOP"",""BRUNCH_SPOT""]},{""step"":432,""shops"":[""YARN_STORE"",""PIZZA_SHOP"",""PIZZA_SHOP"",""SMOOTHIE_SHOP"",""BRUNCH_SPOT"",""BRUNCH_SPOT""]},{""step"":504,""shops"":[""YARN_STORE"",""PIZZA_SHOP"",""PIZZA_SHOP"",""SMOOTHIE_SHOP"",""BRUNCH_SPOT"",""BRUNCH_SPOT"",""PET_CAFE""]},{""step"":576,""shops"":[""YARN_STORE"",""PIZZA_SHOP"",""PIZZA_SHOP"",""SMOOTHIE_SHOP"",""BRUNCH_SPOT"",""BRUNCH_SPOT"",""PET_CAFE"",""BAKERY""]}]",experiments/round10_public_learning_20260924/evaluations/opening_b2_confirmation/replays/B1_buy8_sell3/herd_safe_B1/seed_2026092424_seat_1.json.gz,9c460673e272a873320b2dc1c9a9f3d6d9a4bec4790bbfc73198d898f0192aa9,895356ee3ad2e3026b3ec757c5236c7468b8d4b6e29dde1c36f5ff7b274b7534,b6553c296c556aff5b5e2d12b75618e505fa4d852afb5338414ac6d6e039cb02,0fe077cc65622d6f6828160d90b617595a4aa7ea188e4afc67bfee8e4d290c92,"{""players"":[{""sell_dead_units"":205,""refused_buy_product"":1,""refused_buy_seed"":0,""refused_buy_animal"":0,""refused_hire"":0,""refused_buy_land"":0,""hire_paid"":5515,""sell_zero_fill"":20,""buy_zero_fill"":1,""sell_revenue"":128009.0,""total_spend"":29381.0,""shed_discarded_units"":20,""sold_units"":1553,""feed_no_wheat"":0,""feed_no_animal"":0,""feed_redundant"":0,""water_dead"":1,""harvest_dead"":4,""plant_dead"":0,""animals_escaped"":0,""escape_capital"":0.0,""escape_yield_units"":0,""escape_first_day"":-1,""animal_unfed_days"":43,""plants_dry"":1,""dry_seed_cost"":100.0,""dry_yield_units"":0,""dry_first_day"":21,""plant_unwatered_days"":385,""decay_units"":18,""plants_decayed"":18,""silent_loss_coins"":100.0,""silent_loss_units"":38,""dead_actions"":17,""move_dead"":0,""locked_dead"":0,""pickup_dead"":0,""drop_dead"":0,""place_dead"":1,""build_dead"":0,""dig_dead"":2,""fertilize_dead"":0,""collect_dead"":4,""care_dead"":5,""tile_cap_units"":8,""fertilizer_forgone"":14,""care_unfed"":39,""animal_shed_days"":0,""idle_tile_days"":62,""weed_tile_days"":1,""hand_pass_turns"":599,""farmer_pass_turns"":81,""phantom_hand_actions"":0,""sell_floor_units"":144,""hire_premium"":5234,""shed_units_now"":0,""shed_value_now"":0.0,""animals_in_shed_now"":0,""seeds_unplanted_now"":0,""seeds_unplanted_cost_now"":0.0},{""sell_dead_units"":205,""refused_buy_product"":1,""refused_buy_seed"":0,""refused_buy_animal"":0,""refused_hire"":0,""refused_buy_land"":0,""hire_paid"":5515,""sell_zero_fill"":20,""buy_zero_fill"":1,""sell_revenue"":128009.0,""total_spend"":29381.0,""shed_discarded_units"":20,""sold_units"":1553,""feed_no_wheat"":0,""feed_no_animal"":0,""feed_redundant"":0,""water_dead"":1,""harvest_dead"":4,""plant_dead"":0,""animals_escaped"":0,""escape_capital"":0.0,""escape_yield_units"":0,""escape_first_day"":-1,""animal_unfed_days"":43,""plants_dry"":1,""dry_seed_cost"":100.0,""dry_yield_units"":0,""dry_first_day"":21,""plant_unwatered_days"":385,""decay_units"":18,""plants_decayed"":18,""silent_loss_coins"":100.0,""silent_loss_units"":38,""dead_actions"":17,""move_dead"":0,""locked_dead"":0,""pickup_dead"":0,""drop_dead"":0,""place_dead"":1,""build_dead"":0,""dig_dead"":2,""fertilize_dead"":0,""collect_dead"":4,""care_dead"":5,""tile_cap_units"":8,""fertilizer_forgone"":14,""care_unfed"":39,""animal_shed_days"":0,""idle_tile_days"":62,""weed_tile_days"":1,""hand_pass_turns"":599,""farmer_pass_turns"":81,""phantom_hand_actions"":0,""sell_floor_units"":144,""hire_premium"":5234,""shed_units_now"":0,""shed_value_now"":0.0,""animals_in_shed_now"":0,""seeds_unplanted_now"":0,""seeds_unplanted_cost_now"":0.0}]}",{},
B1_buy8_sell3,B1_opening,melon_threshold,melon_threshold,2026092421,0,78028.0,76973.0,1055.0,W,kagsim,5.396202,0,0,0,0,0,0,0,0,1a0d9b98b77ea1f9b89eb26cb01c4569d35ca0bc479051453aa5f420df64dcd7,"[{""step"":0,""shops"":[]},{""step"":72,""shops"":[""ICE_CREAM_SHOP""]},{""step"":144,""shops"":[""ICE_CREAM_SHOP"",""BAKERY""]},{""step"":216,""shops"":[""ICE_CREAM_SHOP"",""BAKERY"",""PET_CAFE""]},{""step"":288,""shops"":[""ICE_CREAM_SHOP"",""BAKERY"",""PET_CAFE"",""ICE_CREAM_SHOP""]},{""step"":360,""shops"":[""ICE_CREAM_SHOP"",""BAKERY"",""PET_CAFE"",""ICE_CREAM_SHOP"",""BAKERY""]},{""step"":432,""shops"":[""ICE_CREAM_SHOP"",""BAKERY"",""PET_CAFE"",""ICE_CREAM_SHOP"",""BAKERY"",""YARN_STORE""]},{""step"":504,""shops"":[""ICE_CREAM_SHOP"",""BAKERY"",""PET_CAFE"",""ICE_CREAM_SHOP"",""BAKERY"",""YARN_STORE"",""BAKERY""]},{""step"":576,""shops"":[""ICE_CREAM_SHOP"",""BAKERY"",""PET_CAFE"",""ICE_CREAM_SHOP"",""BAKERY"",""YARN_STORE"",""BAKERY"",""BRUNCH_SPOT""]}]",experiments/round10_public_learning_20260924/evaluations/opening_b2_confirmation/replays/B1_buy8_sell3/melon_threshold/seed_2026092421_seat_0.json.gz,7ab7159f78962fec7da6b2dfc5d7af0a1d92abd8dbcd46912d95d18468f66a4a,895356ee3ad2e3026b3ec757c5236c7468b8d4b6e29dde1c36f5ff7b274b7534,26e21e006e1d87042709a658c44fd44878f7a6415add558cbd2c71f4f8772b12,0fe077cc65622d6f6828160d90b617595a4aa7ea188e4afc67bfee8e4d290c92,"{""players"":[{""sell_dead_units"":2172,""refused_buy_product"":1,""refused_buy_seed"":0,""refused_buy_animal"":0,""refused_hire"":0,""refused_buy_land"":0,""hire_paid"":4253,""sell_zero_fill"":32,""buy_zero_fill"":1,""sell_revenue"":103432.0,""total_spend"":28404.0,""shed_discarded_units"":4,""sold_units"":1593,""feed_no_wheat"":0,""feed_no_animal"":0,""feed_redundant"":0,""water_dead"":10,""harvest_dead"":3,""plant_dead"":0,""animals_escaped"":0,""escape_capital"":0.0,""escape_yield_units"":0,""escape_first_day"":-1,""animal_unfed_days"":81,""plants_dry"":1,""dry_seed_cost"":100.0,""dry_yield_units"":0,""dry_first_day"":21,""plant_unwatered_days"":391,""decay_units"":18,""plants_decayed"":18,""silent_loss_coins"":100.0,""silent_loss_units"":22,""dead_actions"":41,""move_dead"":0,""locked_dead"":0,""pickup_dead"":0,""drop_dead"":0,""place_dead"":2,""build_dead"":0,""dig_dead"":4,""fertilize_dead"":1,""collect_dead"":8,""care_dead"":13,""tile_cap_units"":21,""fertilizer_forgone"":19,""care_unfed"":77,""animal_shed_days"":1,""idle_tile_days"":63,""weed_tile_days"":1,""hand_pass_turns"":397,""farmer_pass_turns"":68,""phantom_hand_actions"":0,""sell_floor_units"":85,""hire_premium"":3986,""shed_units_now"":0,""shed_value_now"":0.0,""animals_in_shed_now"":0,""seeds_unplanted_now"":5,""seeds_unplanted_cost_now"":50.0},{""sell_dead_units"":84178,""refused_buy_product"":0,""refused_buy_seed"":0,""refused_buy_animal"":0,""refused_hire"":0,""refused_buy_land"":0,""hire_paid"":4253,""sell_zero_fill"":142,""buy_zero_fill"":0,""sell_revenue"":105174.0,""total_spend"":31201.0,""shed_discarded_units"":12,""sold_units"":1671,""feed_no_wheat"":0,""feed_no_animal"":0,""feed_redundant"":0,""water_dead"":11,""harvest_dead"":3,""plant_dead"":0,""animals_escaped"":0,""escape_capital"":0.0,""escape_yield_units"":0,""escape_first_day"":-1,""animal_unfed_days"":81,""plants_dry"":1,""dry_seed_cost"":100.0,""dry_yield_units"":0,""dry_first_day"":21,""plant_unwatered_days"":387,""decay_units"":18,""plants_decayed"":18,""silent_loss_coins"":100.0,""silent_loss_units"":30,""dead_actions"":41,""move_dead"":0,""locked_dead"":0,""pickup_dead"":0,""drop_dead"":0,""place_dead"":1,""build_dead"":0,""dig_dead"":4,""fertilize_dead"":1,""collect_dead"":8,""care_dead"":13,""tile_cap_units"":26,""fertilizer_forgone"":15,""care_unfed"":77,""animal_shed_days"":1,""idle_tile_days"":64,""weed_tile_days"":1,""hand_pass_turns"":410,""farmer_pass_turns"":67,""phantom_hand_actions"":0,""sell_floor_units"":98,""hire_premium"":3986,""shed_units_now"":0,""shed_value_now"":0.0,""animals_in_shed_now"":0,""seeds_unplanted_now"":1,""seeds_unplanted_cost_now"":10.0}]}",{},
B1_buy8_sell3,B1_opening,melon_threshold,melon_threshold,2026092421,1,78028.0,76973.0,1055.0,W,kagsim,5.258595,0,0,0,0,0,0,0,0,1a0d9b98b77ea1f9b89eb26cb01c4569d35ca0bc479051453aa5f420df64dcd7,"[{""step"":0,""shops"":[]},{""step"":72,""shops"":[""ICE_CREAM_SHOP""]},{""step"":144,""shops"":[""ICE_CREAM_SHOP"",""BAKERY""]},{""step"":216,""shops"":[""ICE_CREAM_SHOP"",""BAKERY"",""PET_CAFE""]},{""step"":288,""shops"":[""ICE_CREAM_SHOP"",""BAKERY"",""PET_CAFE"",""ICE_CREAM_SHOP""]},{""step"":360,""shops"":[""ICE_CREAM_SHOP"",""BAKERY"",""PET_CAFE"",""ICE_CREAM_SHOP"",""BAKERY""]},{""step"":432,""shops"":[""ICE_CREAM_SHOP"",""BAKERY"",""PET_CAFE"",""ICE_CREAM_SHOP"",""BAKERY"",""YARN_STORE""]},{""step"":504,""shops"":[""ICE_CREAM_SHOP"",""BAKERY"",""PET_CAFE"",""ICE_CREAM_SHOP"",""BAKERY"",""YARN_STORE"",""BAKERY""]},{""step"":576,""shops"":[""ICE_CREAM_SHOP"",""BAKERY"",""PET_CAFE"",""ICE_CREAM_SHOP"",""BAKERY"",""YARN_STORE"",""BAKERY"",""BRUNCH_SPOT""]}]",experiments/round10_public_learning_20260924/evaluations/opening_b2_confirmation/replays/B1_buy8_sell3/melon_threshold/seed_2026092421_seat_1.json.gz,0901a90de6cd01fab590e6d3f712a9e4c98eacb60c5f2b29ff719de39102cf1f,895356ee3ad2e3026b3ec757c5236c7468b8d4b6e29dde1c36f5ff7b274b7534,26e21e006e1d87042709a658c44fd44878f7a6415add558cbd2c71f4f8772b12,0fe077cc65622d6f6828160d90b617595a4aa7ea188e4afc67bfee8e4d290c92,"{""players"":[{""sell_dead_units"":84178,""refused_buy_product"":0,""refused_buy_seed"":0,""refused_buy_animal"":0,""refused_hire"":0,""refused_buy_land"":0,""hire_paid"":4253,""sell_zero_fill"":142,""buy_zero_fill"":0,""sell_revenue"":105174.0,""total_spend"":31201.0,""shed_discarded_units"":12,""sold_units"":1671,""feed_no_wheat"":0,""feed_no_animal"":0,""feed_redundant"":0,""water_dead"":11,""harvest_dead"":3,""plant_dead"":0,""animals_escaped"":0,""escape_capital"":0.0,""escape_yield_units"":0,""escape_first_day"":-1,""animal_unfed_days"":81,""plants_dry"":1,""dry_seed_cost"":100.0,""dry_yield_units"":0,""dry_first_day"":21,""plant_unwatered_days"":387,""decay_units"":18,""plants_decayed"":18,""silent_loss_coins"":100.0,""silent_loss_units"":30,""dead_actions"":41,""move_dead"":0,""locked_dead"":0,""pickup_dead"":0,""drop_dead"":0,""place_dead"":1,""build_dead"":0,""dig_dead"":4,""fertilize_dead"":1,""collect_dead"":8,""care_dead"":13,""tile_cap_units"":26,""fertilizer_forgone"":15,""care_unfed"":77,""animal_shed_days"":1,""idle_tile_days"":64,""weed_tile_days"":1,""hand_pass_turns"":410,""farmer_pass_turns"":67,""phantom_hand_actions"":0,""sell_floor_units"":98,""hire_premium"":3986,""shed_units_now"":0,""shed_value_now"":0.0,""animals_in_shed_now"":0,""seeds_unplanted_now"":1,""seeds_unplanted_cost_now"":10.0},{""sell_dead_units"":2172,""refused_buy_product"":1,""refused_buy_seed"":0,""refused_buy_animal"":0,""refused_hire"":0,""refused_buy_land"":0,""hire_paid"":4253,""sell_zero_fill"":32,""buy_zero_fill"":1,""sell_revenue"":103432.0,""total_spend"":28404.0,""shed_discarded_units"":4,""sold_units"":1593,""feed_no_wheat"":0,""feed_no_animal"":0,""feed_redundant"":0,""water_dead"":10,""harvest_dead"":3,""plant_dead"":0,""animals_escaped"":0,""escape_capital"":0.0,""escape_yield_units"":0,""escape_first_day"":-1,""animal_unfed_days"":81,""plants_dry"":1,""dry_seed_cost"":100.0,""dry_yield_units"":0,""dry_first_day"":21,""plant_unwatered_days"":391,""decay_units"":18,""plants_decayed"":18,""silent_loss_coins"":100.0,""silent_loss_units"":22,""dead_actions"":41,""move_dead"":0,""locked_dead"":0,""pickup_dead"":0,""drop_dead"":0,""place_dead"":2,""build_dead"":0,""dig_dead"":4,""fertilize_dead"":1,""collect_dead"":8,""care_dead"":13,""tile_cap_units"":21,""fertilizer_forgone"":19,""care_unfed"":77,""animal_shed_days"":1,""idle_tile_days"":63,""weed_tile_days"":1,""hand_pass_turns"":397,""farmer_pass_turns"":68,""phantom_hand_actions"":0,""sell_floor_units"":85,""hire_premium"":3986,""shed_units_now"":0,""shed_value_now"":0.0,""animals_in_shed_now"":0,""seeds_unplanted_now"":5,""seeds_unplanted_cost_now"":50.0}]}",{},
B1_buy8_sell3,B1_opening,melon_threshold,melon_threshold,2026092422,0,67581.0,64367.0,3214.0,W,kagsim,5.250306,0,0,0,0,0,0,0,0,a194039b7c5b13286b2ac46688815a8b4c48774792d079eacd58df40ba6c0e79,"[{""step"":0,""shops"":[]},{""step"":72,""shops"":[""PET_CAFE""]},{""step"":144,""shops"":[""PET_CAFE"",""BAKERY""]},{""step"":216,""shops"":[""PET_CAFE"",""BAKERY"",""FARMERS_MARKET""]},{""step"":288,""shops"":[""PET_CAFE"",""BAKERY"",""FARMERS_MARKET"",""BRUNCH_SPOT""]},{""step"":360,""shops"":[""PET_CAFE"",""BAKERY"",""FARMERS_MARKET"",""BRUNCH_SPOT"",""YARN_STORE""]},{""step"":432,""shops"":[""PET_CAFE"",""BAKERY"",""FARMERS_MARKET"",""BRUNCH_SPOT"",""YARN_STORE"",""BAKERY""]},{""step"":504,""shops"":[""PET_CAFE"",""BAKERY"",""FARMERS_MARKET"",""BRUNCH_SPOT"",""YARN_STORE"",""BAKERY"",""BAKERY""]},{""step"":576,""shops"":[""PET_CAFE"",""BAKERY"",""FARMERS_MARKET"",""BRUNCH_SPOT"",""YARN_STORE"",""BAKERY"",""BAKERY"",""BRUNCH_SPOT""]}]",experiments/round10_public_learning_20260924/evaluations/opening_b2_confirmation/replays/B1_buy8_sell3/melon_threshold/seed_2026092422_seat_0.json.gz,d8a868b0666a24cb3806ee3051e62123e1db0391eab33a92fc5b06d320c76ee2,895356ee3ad2e3026b3ec757c5236c7468b8d4b6e29dde1c36f5ff7b274b7534,26e21e006e1d87042709a658c44fd44878f7a6415add558cbd2c71f4f8772b12,0fe077cc65622d6f6828160d90b617595a4aa7ea188e4afc67bfee8e4d290c92,"{""players"":[{""sell_dead_units"":2234,""refused_buy_product"":25,""refused_buy_seed"":0,""refused_buy_animal"":0,""refused_hire"":0,""refused_buy_land"":0,""hire_paid"":4253,""sell_zero_fill"":42,""buy_zero_fill"":1,""sell_revenue"":233232.0,""total_spend"":168651.0,""shed_discarded_units"":11,""sold_units"":4867,""feed_no_wheat"":1,""feed_no_animal"":1,""feed_redundant"":0,""water_dead"":18,""harvest_dead"":10,""plant_dead"":0,""animals_escaped"":1,""escape_capital"":300.0,""escape_yield_units"":1,""escape_first_day"":26,""animal_unfed_days"":86,""plants_dry"":2,""dry_seed_cost"":120.0,""dry_yield_units"":1,""dry_first_day"":21,""plant_unwatered_days"":387,""decay_units"":18,""plants_decayed"":18,""silent_loss_coins"":420.0,""silent_loss_units"":31,""dead_actions"":61,""move_dead"":0,""locked_dead"":0,""pickup_dead"":0,""drop_dead"":0,""place_dead"":2,""build_dead"":0,""dig_dead"":2,""fertilize_dead"":0,""collect_dead"":3,""care_dead"":24,""tile_cap_units"":28,""fertilizer_forgone"":16,""care_unfed"":82,""animal_shed_days"":1,""idle_tile_days"":69,""weed_tile_days"":4,""hand_pass_turns"":375,""farmer_pass_turns"":66,""phantom_hand_actions"":0,""sell_floor_units"":181,""hire_premium"":3986,""shed_units_now"":0,""shed_value_now"":0.0,""animals_in_shed_now"":0,""seeds_unplanted_now"":5,""seeds_unplanted_cost_now"":50.0},{""sell_dead_units"":84341,""refused_buy_product"":47,""refused_buy_seed"":0,""refused_buy_animal"":0,""refused_hire"":0,""refused_buy_land"":0,""hire_paid"":4397,""sell_zero_fill"":160,""buy_zero_fill"":0,""sell_revenue"":230826.0,""total_spend"":169459.0,""shed_discarded_units"":12,""sold_units"":4965,""feed_no_wheat"":0,""feed_no_animal"":0,""feed_redundant"":0,""water_dead"":13,""harvest_dead"":3,""plant_dead"":0,""animals_escaped"":0,""escape_capital"":0.0,""escape_yield_units"":0,""escape_first_day"":-1,""animal_unfed_days"":86,""plants_dry"":1,""dry_seed_cost"":100.0,""dry_yield_units"":0,""dry_first_day"":21,""plant_unwatered_days"":378,""decay_units"":18,""plants_decayed"":18,""silent_loss_coins"":100.0,""silent_loss_units"":30,""dead_actions"":45,""move_dead"":0,""locked_dead"":0,""pickup_dead"":0,""drop_dead"":0,""place_dead"":1,""build_dead"":0,""dig_dead"":2,""fertilize_dead"":0,""collect_dead"":3,""care_dead"":23,""tile_cap_units"":20,""fertilizer_forgone"":16,""care_unfed"":82,""animal_shed_days"":1,""idle_tile_days"":64,""weed_tile_days"":1,""hand_pass_turns"":394,""farmer_pass_turns"":66,""phantom_hand_actions"":0,""sell_floor_units"":192,""hire_premium"":4129,""shed_units_now"":0,""shed_value_now"":0.0,""animals_in_shed_now"":0,""seeds_unplanted_now"":1,""seeds_unplanted_cost_now"":10.0}]}",{},
B1_buy8_sell3,B1_opening,melon_threshold,melon_threshold,2026092422,1,67637.0,64249.0,3388.0,W,kagsim,5.323513,0,0,0,0,0,0,0,0,a194039b7c5b13286b2ac46688815a8b4c48774792d079eacd58df40ba6c0e79,"[{""step"":0,""shops"":[]},{""step"":72,""shops"":[""PET_CAFE""]},{""step"":144,""shops"":[""PET_CAFE"",""BAKERY""]},{""step"":216,""shops"":[""PET_CAFE"",""BAKERY"",""FARMERS_MARKET""]},{""step"":288,""shops"":[""PET_CAFE"",""BAKERY"",""FARMERS_MARKET"",""BRUNCH_SPOT""]},{""step"":360,""shops"":[""PET_CAFE"",""BAKERY"",""FARMERS_MARKET"",""BRUNCH_SPOT"",""YARN_STORE""]},{""step"":432,""shops"":[""PET_CAFE"",""BAKERY"",""FARMERS_MARKET"",""BRUNCH_SPOT"",""YARN_STORE"",""BAKERY""]},{""step"":504,""shops"":[""PET_CAFE"",""BAKERY"",""FARMERS_MARKET"",""BRUNCH_SPOT"",""YARN_STORE"",""BAKERY"",""BAKERY""]},{""step"":576,""shops"":[""PET_CAFE"",""BAKERY"",""FARMERS_MARKET"",""BRUNCH_SPOT"",""YARN_STORE"",""BAKERY"",""BAKERY"",""BRUNCH_SPOT""]}]",experiments/round10_public_learning_20260924/evaluations/opening_b2_confirmation/replays/B1_buy8_sell3/melon_threshold/seed_2026092422_seat_1.json.gz,5b79814a318c24ec8a6867f4370e4fd6c6b41f8f93bd4a975c8eb94ff75e2838,895356ee3ad2e3026b3ec757c5236c7468b8d4b6e29dde1c36f5ff7b274b7534,26e21e006e1d87042709a658c44fd44878f7a6415add558cbd2c71f4f8772b12,0fe077cc65622d6f6828160d90b617595a4aa7ea188e4afc67bfee8e4d290c92,"{""players"":[{""sell_dead_units"":84341,""refused_buy_product"":45,""refused_buy_seed"":0,""refused_buy_animal"":0,""refused_hire"":0,""refused_buy_land"":0,""hire_paid"":4397,""sell_zero_fill"":160,""buy_zero_fill"":0,""sell_revenue"":230730.0,""total_spend"":169481.0,""shed_discarded_units"":12,""sold_units"":4965,""feed_no_wheat"":0,""feed_no_animal"":0,""feed_redundant"":0,""water_dead"":16,""harvest_dead"":4,""plant_dead"":0,""animals_escaped"":0,""escape_capital"":0.0,""escape_yield_units"":0,""escape_first_day"":-1,""animal_unfed_days"":86,""plants_dry"":1,""dry_seed_cost"":100.0,""dry_yield_units"":0,""dry_first_day"":21,""plant_unwatered_days"":378,""decay_units"":18,""plants_decayed"":18,""silent_loss_coins"":100.0,""silent_loss_units"":30,""dead_actions"":49,""move_dead"":0,""locked_dead"":0,""pickup_dead"":0,""drop_dead"":0,""place_dead"":1,""build_dead"":0,""dig_dead"":2,""fertilize_dead"":0,""collect_dead"":3,""care_dead"":23,""tile_cap_units"":20,""fertilizer_forgone"":16,""care_unfed"":82,""animal_shed_days"":1,""idle_tile_days"":66,""weed_tile_days"":3,""hand_pass_turns"":394,""farmer_pass_turns"":66,""phantom_hand_actions"":0,""sell_floor_units"":192,""hire_premium"":4129,""shed_units_now"":0,""shed_value_now"":0.0,""animals_in_shed_now"":0,""seeds_unplanted_now"":2,""seeds_unplanted_cost_now"":20.0},{""sell_dead_units"":2237,""refused_buy_product"":27,""refused_buy_seed"":0,""refused_buy_animal"":0,""refused_hire"":0,""refused_buy_land"":0,""hire_paid"":4253,""sell_zero_fill"":41,""buy_zero_fill"":1,""sell_revenue"":233103.0,""total_spend"":168466.0,""shed_discarded_units"":11,""sold_units"":4866,""feed_no_wheat"":1,""feed_no_animal"":1,""feed_redundant"":0,""water_dead"":15,""harvest_dead"":9,""plant_dead"":0,""animals_escaped"":1,""escape_capital"":300.0,""escape_yield_units"":1,""escape_first_day"":26,""animal_unfed_days"":86,""plants_dry"":2,""dry_seed_cost"":120.0,""dry_yield_units"":1,""dry_first_day"":21,""plant_unwatered_days"":387,""decay_units"":18,""plants_decayed"":18,""silent_loss_coins"":420.0,""silent_loss_units"":31,""dead_actions"":57,""move_dead"":0,""locked_dead"":0,""pickup_dead"":0,""drop_dead"":0,""place_dead"":2,""build_dead"":0,""dig_dead"":2,""fertilize_dead"":0,""collect_dead"":3,""care_dead"":24,""tile_cap_units"":29,""fertilizer_forgone"":16,""care_unfed"":82,""animal_shed_days"":1,""idle_tile_days"":67,""weed_tile_days"":2,""hand_pass_turns"":375,""farmer_pass_turns"":66,""phantom_hand_actions"":0,""sell_floor_units"":181,""hire_premium"":3986,""shed_units_now"":0,""shed_value_now"":0.0,""animals_in_shed_now"":0,""seeds_unplanted_now"":4,""seeds_unplanted_cost_now"":40.0}]}",{},
B1_buy8_sell3,B1_opening,melon_threshold,melon_threshold,2026092423,0,130387.0,121581.0,8806.0,W,kagsim,5.680161,0,0,0,0,0,0,0,0,85d8b413f9bf7d2c4e275dc00ed3cb3bab9b8ae1cb526d0a50828fa28f29a51c,"[{""step"":0,""shops"":[]},{""step"":72,""shops"":[""FARMERS_MARKET""]},{""step"":144,""shops"":[""FARMERS_MARKET"",""FARMERS_MARKET""]},{""step"":216,""shops"":[""FARMERS_MARKET"",""FARMERS_MARKET"",""YARN_STORE""]},{""step"":288,""shops"":[""FARMERS_MARKET"",""FARMERS_MARKET"",""YARN_STORE"",""BRUNCH_SPOT""]},{""step"":360,""shops"":[""FARMERS_MARKET"",""FARMERS_MARKET"",""YARN_STORE"",""BRUNCH_SPOT"",""PIZZA_SHOP""]},{""step"":432,""shops"":[""FARMERS_MARKET"",""FARMERS_MARKET"",""YARN_STORE"",""BRUNCH_SPOT"",""PIZZA_SHOP"",""PIZZA_SHOP""]},{""step"":504,""shops"":[""FARMERS_MARKET"",""FARMERS_MARKET"",""YARN_STORE"",""BRUNCH_SPOT"",""PIZZA_SHOP"",""PIZZA_SHOP"",""PIZZA_SHOP""]},{""step"":576,""shops"":[""FARMERS_MARKET"",""FARMERS_MARKET"",""YARN_STORE"",""BRUNCH_SPOT"",""PIZZA_SHOP"",""PIZZA_SHOP"",""PIZZA_SHOP"",""YARN_STORE""]}]",experiments/round10_public_learning_20260924/evaluations/opening_b2_confirmation/replays/B1_buy8_sell3/melon_threshold/seed_2026092423_seat_0.json.gz,7ee8befb90b7e93ffe2450b7a433b12fa4b41f91efecd6b4eb7afe835c94b56f,895356ee3ad2e3026b3ec757c5236c7468b8d4b6e29dde1c36f5ff7b274b7534,26e21e006e1d87042709a658c44fd44878f7a6415add558cbd2c71f4f8772b12,0fe077cc65622d6f6828160d90b617595a4aa7ea188e4afc67bfee8e4d290c92,"{""players"":[{""sell_dead_units"":2258,""refused_buy_product"":1,""refused_buy_seed"":0,""refused_buy_animal"":0,""refused_hire"":0,""refused_buy_land"":0,""hire_paid"":7557,""sell_zero_fill"":39,""buy_zero_fill"":1,""sell_revenue"":181060.0,""total_spend"":53673.0,""shed_discarded_units"":7,""sold_units"":2048,""feed_no_wheat"":0,""feed_no_animal"":0,""feed_redundant"":0,""water_dead"":12,""harvest_dead"":17,""plant_dead"":0,""animals_escaped"":0,""escape_capital"":0.0,""escape_yield_units"":0,""escape_first_day"":-1,""animal_unfed_days"":58,""plants_dry"":2,""dry_seed_cost"":120.0,""dry_yield_units"":1,""dry_first_day"":21,""plant_unwatered_days"":418,""decay_units"":18,""plants_decayed"":18,""silent_loss_coins"":120.0,""silent_loss_units"":26,""dead_actions"":63,""move_dead"":0,""locked_dead"":0,""pickup_dead"":0,""drop_dead"":0,""place_dead"":4,""build_dead"":0,""dig_dead"":2,""fertilize_dead"":1,""collect_dead"":3,""care_dead"":24,""tile_cap_units"":13,""fertilizer_forgone"":18,""care_unfed"":54,""animal_shed_days"":1,""idle_tile_days"":229,""weed_tile_days"":9,""hand_pass_turns"":421,""farmer_pass_turns"":62,""phantom_hand_actions"":0,""sell_floor_units"":24,""hire_premium"":7273,""shed_units_now"":0,""shed_value_now"":0.0,""animals_in_shed_now"":0,""seeds_unplanted_now"":5,""seeds_unplanted_cost_now"":50.0},{""sell_dead_units"":84284,""refused_buy_product"":1,""refused_buy_seed"":0,""refused_buy_animal"":0,""refused_hire"":0,""refused_buy_land"":0,""hire_paid"":8222,""sell_zero_fill"":147,""buy_zero_fill"":0,""sell_revenue"":175080.0,""total_spend"":56499.0,""shed_discarded_units"":16,""sold_units"":2145,""feed_no_wheat"":0,""feed_no_animal"":0,""feed_redundant"":0,""water_dead"":13,""harvest_dead"":3,""plant_dead"":0,""animals_escaped"":0,""escape_capital"":0.0,""escape_yield_units"":0,""escape_first_day"":-1,""animal_unfed_days"":58,""plants_dry"":1,""dry_seed_cost"":100.0,""dry_yield_units"":0,""dry_first_day"":21,""plant_unwatered_days"":378,""decay_units"":18,""plants_decayed"":18,""silent_loss_coins"":100.0,""silent_loss_units"":34,""dead_actions"":47,""move_dead"":0,""locked_dead"":0,""pickup_dead"":0,""drop_dead"":0,""place_dead"":2,""build_dead"":0,""dig_dead"":2,""fertilize_dead"":0,""collect_dead"":3,""care_dead"":24,""tile_cap_units"":28,""fertilizer_forgone"":15,""care_unfed"":54,""animal_shed_days"":1,""idle_tile_days"":229,""weed_tile_days"":1,""hand_pass_turns"":457,""farmer_pass_turns"":62,""phantom_hand_actions"":0,""sell_floor_units"":24,""hire_premium"":7934,""shed_units_now"":0,""shed_value_now"":0.0,""animals_in_shed_now"":0,""seeds_unplanted_now"":1,""seeds_unplanted_cost_now"":10.0}]}",{},
B1_buy8_sell3,B1_opening,melon_threshold,melon_threshold,2026092423,1,130387.0,121581.0,8806.0,W,kagsim,5.485911,0,0,0,0,0,0,0,0,85d8b413f9bf7d2c4e275dc00ed3cb3bab9b8ae1cb526d0a50828fa28f29a51c,"[{""step"":0,""shops"":[]},{""step"":72,""shops"":[""FARMERS_MARKET""]},{""step"":144,""shops"":[""FARMERS_MARKET"",""FARMERS_MARKET""]},{""step"":216,""shops"":[""FARMERS_MARKET"",""FARMERS_MARKET"",""YARN_STORE""]},{""step"":288,""shops"":[""FARMERS_MARKET"",""FARMERS_MARKET"",""YARN_STORE"",""BRUNCH_SPOT""]},{""step"":360,""shops"":[""FARMERS_MARKET"",""FARMERS_MARKET"",""YARN_STORE"",""BRUNCH_SPOT"",""PIZZA_SHOP""]},{""step"":432,""shops"":[""FARMERS_MARKET"",""FARMERS_MARKET"",""YARN_STORE"",""BRUNCH_SPOT"",""PIZZA_SHOP"",""PIZZA_SHOP""]},{""step"":504,""shops"":[""FARMERS_MARKET"",""FARMERS_MARKET"",""YARN_STORE"",""BRUNCH_SPOT"",""PIZZA_SHOP"",""PIZZA_SHOP"",""PIZZA_SHOP""]},{""step"":576,""shops"":[""FARMERS_MARKET"",""FARMERS_MARKET"",""YARN_STORE"",""BRUNCH_SPOT"",""PIZZA_SHOP"",""PIZZA_SHOP"",""PIZZA_SHOP"",""YARN_STORE""]}]",experiments/round10_public_learning_20260924/evaluations/opening_b2_confirmation/replays/B1_buy8_sell3/melon_threshold/seed_2026092423_seat_1.json.gz,0c626358ae89f52fb3114425f39defb5a49ed51ab0d42a7fdefe098ac34837b0,895356ee3ad2e3026b3ec757c5236c7468b8d4b6e29dde1c36f5ff7b274b7534,26e21e006e1d87042709a658c44fd44878f7a6415add558cbd2c71f4f8772b12,0fe077cc65622d6f6828160d90b617595a4aa7ea188e4afc67bfee8e4d290c92,"{""players"":[{""sell_dead_units"":84284,""refused_buy_product"":1,""refused_buy_seed"":0,""refused_buy_animal"":0,""refused_hire"":0,""refused_buy_land"":0,""hire_paid"":8222,""sell_zero_fill"":147,""buy_zero_fill"":0,""sell_revenue"":175080.0,""total_spend"":56499.0,""shed_discarded_units"":16,""sold_units"":2145,""feed_no_wheat"":0,""feed_no_animal"":0,""feed_redundant"":0,""water_dead"":13,""harvest_dead"":3,""plant_dead"":0,""animals_escaped"":0,""escape_capital"":0.0,""escape_yield_units"":0,""escape_first_day"":-1,""animal_unfed_days"":58,""plants_dry"":1,""dry_seed_cost"":100.0,""dry_yield_units"":0,""dry_first_day"":21,""plant_unwatered_days"":378,""decay_units"":18,""plants_decayed"":18,""silent_loss_coins"":100.0,""silent_loss_units"":34,""dead_actions"":47,""move_dead"":0,""locked_dead"":0,""pickup_dead"":0,""drop_dead"":0,""place_dead"":2,""build_dead"":0,""dig_dead"":2,""fertilize_dead"":0,""collect_dead"":3,""care_dead"":24,""tile_cap_units"":28,""fertilizer_forgone"":15,""care_unfed"":54,""animal_shed_days"":1,""idle_tile_days"":229,""weed_tile_days"":8,""hand_pass_turns"":457,""farmer_pass_turns"":62,""phantom_hand_actions"":0,""sell_floor_units"":24,""hire_premium"":7934,""shed_units_now"":0,""shed_value_now"":0.0,""animals_in_shed_now"":0,""seeds_unplanted_now"":1,""seeds_unplanted_cost_now"":10.0},{""sell_dead_units"":2258,""refused_buy_product"":1,""refused_buy_seed"":0,""refused_buy_animal"":0,""refused_hire"":0,""refused_buy_land"":0,""hire_paid"":7557,""sell_zero_fill"":39,""buy_zero_fill"":1,""sell_revenue"":181060.0,""total_spend"":53673.0,""shed_discarded_units"":7,""sold_units"":2048,""feed_no_wheat"":0,""feed_no_animal"":0,""feed_redundant"":0,""water_dead"":12,""harvest_dead"":17,""plant_dead"":0,""animals_escaped"":0,""escape_capital"":0.0,""escape_yield_units"":0,""escape_first_day"":-1,""animal_unfed_days"":58,""plants_dry"":2,""dry_seed_cost"":120.0,""dry_yield_units"":1,""dry_first_day"":21,""plant_unwatered_days"":418,""decay_units"":18,""plants_decayed"":18,""silent_loss_coins"":120.0,""silent_loss_units"":26,""dead_actions"":63,""move_dead"":0,""locked_dead"":0,""pickup_dead"":0,""drop_dead"":0,""place_dead"":4,""build_dead"":0,""dig_dead"":2,""fertilize_dead"":1,""collect_dead"":3,""care_dead"":24,""tile_cap_units"":13,""fertilizer_forgone"":18,""care_unfed"":54,""animal_shed_days"":1,""idle_tile_days"":229,""weed_tile_days"":2,""hand_pass_turns"":421,""farmer_pass_turns"":62,""phantom_hand_actions"":0,""sell_floor_units"":24,""hire_premium"":7273,""shed_units_now"":0,""shed_value_now"":0.0,""animals_in_shed_now"":0,""seeds_unplanted_now"":5,""seeds_unplanted_cost_now"":50.0}]}",{},
B1_buy8_sell3,B1_opening,melon_threshold,melon_threshold,2026092424,0,103437.0,98356.0,5081.0,W,kagsim,5.046732,0,0,0,0,0,0,0,0,4444a7221dc8b07c56b279d0ff34ad50d3f8dfee5e4af6a415a8e6bd7bc32cd6,"[{""step"":0,""shops"":[]},{""step"":72,""shops"":[""YARN_STORE""]},{""step"":144,""shops"":[""YARN_STORE"",""PIZZA_SHOP""]},{""step"":216,""shops"":[""YARN_STORE"",""PIZZA_SHOP"",""PIZZA_SHOP""]},{""step"":288,""shops"":[""YARN_STORE"",""PIZZA_SHOP"",""PIZZA_SHOP"",""SMOOTHIE_SHOP""]},{""step"":360,""shops"":[""YARN_STORE"",""PIZZA_SHOP"",""PIZZA_SHOP"",""SMOOTHIE_SHOP"",""BRUNCH_SPOT""]},{""step"":432,""shops"":[""YARN_STORE"",""PIZZA_SHOP"",""PIZZA_SHOP"",""SMOOTHIE_SHOP"",""BRUNCH_SPOT"",""BRUNCH_SPOT""]},{""step"":504,""shops"":[""YARN_STORE"",""PIZZA_SHOP"",""PIZZA_SHOP"",""SMOOTHIE_SHOP"",""BRUNCH_SPOT"",""BRUNCH_SPOT"",""PET_CAFE""]},{""step"":576,""shops"":[""YARN_STORE"",""PIZZA_SHOP"",""PIZZA_SHOP"",""SMOOTHIE_SHOP"",""BRUNCH_SPOT"",""BRUNCH_SPOT"",""PET_CAFE"",""BAKERY""]}]",experiments/round10_public_learning_20260924/evaluations/opening_b2_confirmation/replays/B1_buy8_sell3/melon_threshold/seed_2026092424_seat_0.json.gz,338a648e96ad504dbccfa3a07f7536390aa8587135c78401935d82cebe538260,895356ee3ad2e3026b3ec757c5236c7468b8d4b6e29dde1c36f5ff7b274b7534,26e21e006e1d87042709a658c44fd44878f7a6415add558cbd2c71f4f8772b12,0fe077cc65622d6f6828160d90b617595a4aa7ea188e4afc67bfee8e4d290c92,"{""players"":[{""sell_dead_units"":179,""refused_buy_product"":1,""refused_buy_seed"":0,""refused_buy_animal"":0,""refused_hire"":0,""refused_buy_land"":0,""hire_paid"":5515,""sell_zero_fill"":17,""buy_zero_fill"":1,""sell_revenue"":129862.0,""total_spend"":29425.0,""shed_discarded_units"":17,""sold_units"":1560,""feed_no_wheat"":0,""feed_no_animal"":0,""feed_redundant"":0,""water_dead"":1,""harvest_dead"":4,""plant_dead"":0,""animals_escaped"":0,""escape_capital"":0.0,""escape_yield_units"":0,""escape_first_day"":-1,""animal_unfed_days"":40,""plants_dry"":1,""dry_seed_cost"":100.0,""dry_yield_units"":0,""dry_first_day"":21,""plant_unwatered_days"":385,""decay_units"":18,""plants_decayed"":18,""silent_loss_coins"":100.0,""silent_loss_units"":35,""dead_actions"":17,""move_dead"":0,""locked_dead"":0,""pickup_dead"":0,""drop_dead"":0,""place_dead"":1,""build_dead"":0,""dig_dead"":2,""fertilize_dead"":0,""collect_dead"":4,""care_dead"":5,""tile_cap_units"":8,""fertilizer_forgone"":14,""care_unfed"":36,""animal_shed_days"":0,""idle_tile_days"":62,""weed_tile_days"":1,""hand_pass_turns"":597,""farmer_pass_turns"":80,""phantom_hand_actions"":0,""sell_floor_units"":134,""hire_premium"":5234,""shed_units_now"":0,""shed_value_now"":0.0,""animals_in_shed_now"":0,""seeds_unplanted_now"":0,""seeds_unplanted_cost_now"":0.0},{""sell_dead_units"":116621,""refused_buy_product"":0,""refused_buy_seed"":0,""refused_buy_animal"":0,""refused_hire"":0,""refused_buy_land"":0,""hire_paid"":5926,""sell_zero_fill"":207,""buy_zero_fill"":0,""sell_revenue"":127030.0,""total_spend"":31674.0,""shed_discarded_units"":1,""sold_units"":1652,""feed_no_wheat"":0,""feed_no_animal"":0,""feed_redundant"":0,""water_dead"":6,""harvest_dead"":18,""plant_dead"":0,""animals_escaped"":0,""escape_capital"":0.0,""escape_yield_units"":0,""escape_first_day"":-1,""animal_unfed_days"":47,""plants_dry"":1,""dry_seed_cost"":100.0,""dry_yield_units"":0,""dry_first_day"":21,""plant_unwatered_days"":379,""decay_units"":18,""plants_decayed"":18,""silent_loss_coins"":100.0,""silent_loss_units"":19,""dead_actions"":41,""move_dead"":0,""locked_dead"":0,""pickup_dead"":0,""drop_dead"":0,""place_dead"":2,""build_dead"":0,""dig_dead"":1,""fertilize_dead"":0,""collect_dead"":9,""care_dead"":5,""tile_cap_units"":10,""fertilizer_forgone"":13,""care_unfed"":42,""animal_shed_days"":1,""idle_tile_days"":64,""weed_tile_days"":1,""hand_pass_turns"":545,""farmer_pass_turns"":69,""phantom_hand_actions"":0,""sell_floor_units"":164,""hire_premium"":5643,""shed_units_now"":0,""shed_value_now"":0.0,""animals_in_shed_now"":0,""seeds_unplanted_now"":1,""seeds_unplanted_cost_now"":10.0}]}",{},
B1_buy8_sell3,B1_opening,melon_threshold,melon_threshold,2026092424,1,103437.0,98356.0,5081.0,W,kagsim,5.02246,0,0,0,0,0,0,0,0,4444a7221dc8b07c56b279d0ff34ad50d3f8dfee5e4af6a415a8e6bd7bc32cd6,"[{""step"":0,""shops"":[]},{""step"":72,""shops"":[""YARN_STORE""]},{""step"":144,""shops"":[""YARN_STORE"",""PIZZA_SHOP""]},{""step"":216,""shops"":[""YARN_STORE"",""PIZZA_SHOP"",""PIZZA_SHOP""]},{""step"":288,""shops"":[""YARN_STORE"",""PIZZA_SHOP"",""PIZZA_SHOP"",""SMOOTHIE_SHOP""]},{""step"":360,""shops"":[""YARN_STORE"",""PIZZA_SHOP"",""PIZZA_SHOP"",""SMOOTHIE_SHOP"",""BRUNCH_SPOT""]},{""step"":432,""shops"":[""YARN_STORE"",""PIZZA_SHOP"",""PIZZA_SHOP"",""SMOOTHIE_SHOP"",""BRUNCH_SPOT"",""BRUNCH_SPOT""]},{""step"":504,""shops"":[""YARN_STORE"",""PIZZA_SHOP"",""PIZZA_SHOP"",""SMOOTHIE_SHOP"",""BRUNCH_SPOT"",""BRUNCH_SPOT"",""PET_CAFE""]},{""step"":576,""shops"":[""YARN_STORE"",""PIZZA_SHOP"",""PIZZA_SHOP"",""SMOOTHIE_SHOP"",""BRUNCH_SPOT"",""BRUNCH_SPOT"",""PET_CAFE"",""BAKERY""]}]",experiments/round10_public_learning_20260924/evaluations/opening_b2_confirmation/replays/B1_buy8_sell3/melon_threshold/seed_2026092424_seat_1.json.gz,6a7e079864f9f0b48a44b10368cd4416ecf06993f6852f76b53a497b53258446,895356ee3ad2e3026b3ec757c5236c7468b8d4b6e29dde1c36f5ff7b274b7534,26e21e006e1d87042709a658c44fd44878f7a6415add558cbd2c71f4f8772b12,0fe077cc65622d6f6828160d90b617595a4aa7ea188e4afc67bfee8e4d290c92,"{""players"":[{""sell_dead_units"":116621,""refused_buy_product"":0,""refused_buy_seed"":0,""refused_buy_animal"":0,""refused_hire"":0,""refused_buy_land"":0,""hire_paid"":5926,""sell_zero_fill"":207,""buy_zero_fill"":0,""sell_revenue"":127030.0,""total_spend"":31674.0,""shed_discarded_units"":1,""sold_units"":1652,""feed_no_wheat"":0,""feed_no_animal"":0,""feed_redundant"":0,""water_dead"":6,""harvest_dead"":18,""plant_dead"":0,""animals_escaped"":0,""escape_capital"":0.0,""escape_yield_units"":0,""escape_first_day"":-1,""animal_unfed_days"":47,""plants_dry"":1,""dry_seed_cost"":100.0,""dry_yield_units"":0,""dry_first_day"":21,""plant_unwatered_days"":379,""decay_units"":18,""plants_decayed"":18,""silent_loss_coins"":100.0,""silent_loss_units"":19,""dead_actions"":41,""move_dead"":0,""locked_dead"":0,""pickup_dead"":0,""drop_dead"":0,""place_dead"":2,""build_dead"":0,""dig_dead"":1,""fertilize_dead"":0,""collect_dead"":9,""care_dead"":5,""tile_cap_units"":10,""fertilizer_forgone"":13,""care_unfed"":42,""animal_shed_days"":1,""idle_tile_days"":64,""weed_tile_days"":1,""hand_pass_turns"":545,""farmer_pass_turns"":69,""phantom_hand_actions"":0,""sell_floor_units"":164,""hire_premium"":5643,""shed_units_now"":0,""shed_value_now"":0.0,""animals_in_shed_now"":0,""seeds_unplanted_now"":1,""seeds_unplanted_cost_now"":10.0},{""sell_dead_units"":179,""refused_buy_product"":1,""refused_buy_seed"":0,""refused_buy_animal"":0,""refused_hire"":0,""refused_buy_land"":0,""hire_paid"":5515,""sell_zero_fill"":17,""buy_zero_fill"":1,""sell_revenue"":129862.0,""total_spend"":29425.0,""shed_discarded_units"":17,""sold_units"":1560,""feed_no_wheat"":0,""feed_no_animal"":0,""feed_redundant"":0,""water_dead"":1,""harvest_dead"":4,""plant_dead"":0,""animals_escaped"":0,""escape_capital"":0.0,""escape_yield_units"":0,""escape_first_day"":-1,""animal_unfed_days"":40,""plants_dry"":1,""dry_seed_cost"":100.0,""dry_yield_units"":0,""dry_first_day"":21,""plant_unwatered_days"":385,""decay_units"":18,""plants_decayed"":18,""silent_loss_coins"":100.0,""silent_loss_units"":35,""dead_actions"":17,""move_dead"":0,""locked_dead"":0,""pickup_dead"":0,""drop_dead"":0,""place_dead"":1,""build_dead"":0,""dig_dead"":2,""fertilize_dead"":0,""collect_dead"":4,""care_dead"":5,""tile_cap_units"":8,""fertilizer_forgone"":14,""care_unfed"":36,""animal_shed_days"":0,""idle_tile_days"":62,""weed_tile_days"":1,""hand_pass_turns"":597,""farmer_pass_turns"":80,""phantom_hand_actions"":0,""sell_floor_units"":134,""hire_premium"":5234,""shed_units_now"":0,""shed_value_now"":0.0,""animals_in_shed_now"":0,""seeds_unplanted_now"":0,""seeds_unplanted_cost_now"":0.0}]}",{},
B1_buy8_sell3,B1_opening,metav4,metav4,2026092421,0,78362.0,77978.0,384.0,W,kagsim,7.179633,0,0,0,0,0,0,0,0,1a0d9b98b77ea1f9b89eb26cb01c4569d35ca0bc479051453aa5f420df64dcd7,"[{""step"":0,""shops"":[]},{""step"":72,""shops"":[""ICE_CREAM_SHOP""]},{""step"":144,""shops"":[""ICE_CREAM_SHOP"",""BAKERY""]},{""step"":216,""shops"":[""ICE_CREAM_SHOP"",""BAKERY"",""PET_CAFE""]},{""step"":288,""shops"":[""ICE_CREAM_SHOP"",""BAKERY"",""PET_CAFE"",""ICE_CREAM_SHOP""]},{""step"":360,""shops"":[""ICE_CREAM_SHOP"",""BAKERY"",""PET_CAFE"",""ICE_CREAM_SHOP"",""BAKERY""]},{""step"":432,""shops"":[""ICE_CREAM_SHOP"",""BAKERY"",""PET_CAFE"",""ICE_CREAM_SHOP"",""BAKERY"",""YARN_STORE""]},{""step"":504,""shops"":[""ICE_CREAM_SHOP"",""BAKERY"",""PET_CAFE"",""ICE_CREAM_SHOP"",""BAKERY"",""YARN_STORE"",""BAKERY""]},{""step"":576,""shops"":[""ICE_CREAM_SHOP"",""BAKERY"",""PET_CAFE"",""ICE_CREAM_SHOP"",""BAKERY"",""YARN_STORE"",""BAKERY"",""BRUNCH_SPOT""]}]",experiments/round10_public_learning_20260924/evaluations/opening_b2_confirmation/replays/B1_buy8_sell3/metav4/seed_2026092421_seat_0.json.gz,40d0d254736abc43481d95a7243511f73c6b54f054f843ddc0fb291690cebf9c,895356ee3ad2e3026b3ec757c5236c7468b8d4b6e29dde1c36f5ff7b274b7534,9d63494603f88219857a3101d7dc19cc750ded04e5886732ee428580326967d9,0fe077cc65622d6f6828160d90b617595a4aa7ea188e4afc67bfee8e4d290c92,"{""players"":[{""sell_dead_units"":2206,""refused_buy_product"":1,""refused_buy_seed"":0,""refused_buy_animal"":0,""refused_hire"":0,""refused_buy_land"":0,""hire_paid"":4253,""sell_zero_fill"":38,""buy_zero_fill"":1,""sell_revenue"":103761.0,""total_spend"":28399.0,""shed_discarded_units"":4,""sold_units"":1592,""feed_no_wheat"":0,""feed_no_animal"":0,""feed_redundant"":0,""water_dead"":10,""harvest_dead"":3,""plant_dead"":0,""animals_escaped"":0,""escape_capital"":0.0,""escape_yield_units"":0,""escape_first_day"":-1,""animal_unfed_days"":77,""plants_dry"":1,""dry_seed_cost"":100.0,""dry_yield_units"":0,""dry_first_day"":21,""plant_unwatered_days"":391,""decay_units"":18,""plants_decayed"":18,""silent_loss_coins"":100.0,""silent_loss_units"":22,""dead_actions"":41,""move_dead"":0,""locked_dead"":0,""pickup_dead"":0,""drop_dead"":0,""place_dead"":2,""build_dead"":0,""dig_dead"":4,""fertilize_dead"":1,""collect_dead"":8,""care_dead"":13,""tile_cap_units"":21,""fertilizer_forgone"":19,""care_unfed"":73,""animal_shed_days"":1,""idle_tile_days"":63,""weed_tile_days"":1,""hand_pass_turns"":393,""farmer_pass_turns"":68,""phantom_hand_actions"":0,""sell_floor_units"":90,""hire_premium"":3986,""shed_units_now"":0,""shed_value_now"":0.0,""animals_in_shed_now"":0,""seeds_unplanted_now"":5,""seeds_unplanted_cost_now"":50.0},{""sell_dead_units"":1191,""refused_buy_product"":1,""refused_buy_seed"":0,""refused_buy_animal"":0,""refused_hire"":0,""refused_buy_land"":0,""hire_paid"":4253,""sell_zero_fill"":35,""buy_zero_fill"":1,""sell_revenue"":103977.0,""total_spend"":28999.0,""shed_discarded_units"":3,""sold_units"":1601,""feed_no_wheat"":0,""feed_no_animal"":0,""feed_redundant"":0,""water_dead"":10,""harvest_dead"":3,""plant_dead"":0,""animals_escaped"":0,""escape_capital"":0.0,""escape_yield_units"":0,""escape_first_day"":-1,""animal_unfed_days"":77,""plants_dry"":1,""dry_seed_cost"":100.0,""dry_yield_units"":0,""dry_first_day"":21,""plant_unwatered_days"":391,""decay_units"":18,""plants_decayed"":18,""silent_loss_coins"":100.0,""silent_loss_units"":21,""dead_actions"":41,""move_dead"":0,""locked_dead"":0,""pickup_dead"":0,""drop_dead"":0,""place_dead"":1,""build_dead"":0,""dig_dead"":4,""fertilize_dead"":2,""collect_dead"":8,""care_dead"":13,""tile_cap_units"":22,""fertilizer_forgone"":19,""care_unfed"":73,""animal_shed_days"":1,""idle_tile_days"":64,""weed_tile_days"":1,""hand_pass_turns"":408,""farmer_pass_turns"":67,""phantom_hand_actions"":0,""sell_floor_units"":98,""hire_premium"":3986,""shed_units_now"":0,""shed_value_now"":0.0,""animals_in_shed_now"":0,""seeds_unplanted_now"":13,""seeds_unplanted_cost_now"":210.0}]}",{},
B1_buy8_sell3,B1_opening,metav4,metav4,2026092421,1,78362.0,77978.0,384.0,W,kagsim,7.126409,0,0,0,0,0,0,0,0,1a0d9b98b77ea1f9b89eb26cb01c4569d35ca0bc479051453aa5f420df64dcd7,"[{""step"":0,""shops"":[]},{""step"":72,""shops"":[""ICE_CREAM_SHOP""]},{""step"":144,""shops"":[""ICE_CREAM_SHOP"",""BAKERY""]},{""step"":216,""shops"":[""ICE_CREAM_SHOP"",""BAKERY"",""PET_CAFE""]},{""step"":288,""shops"":[""ICE_CREAM_SHOP"",""BAKERY"",""PET_CAFE"",""ICE_CREAM_SHOP""]},{""step"":360,""shops"":[""ICE_CREAM_SHOP"",""BAKERY"",""PET_CAFE"",""ICE_CREAM_SHOP"",""BAKERY""]},{""step"":432,""shops"":[""ICE_CREAM_SHOP"",""BAKERY"",""PET_CAFE"",""ICE_CREAM_SHOP"",""BAKERY"",""YARN_STORE""]},{""step"":504,""shops"":[""ICE_CREAM_SHOP"",""BAKERY"",""PET_CAFE"",""ICE_CREAM_SHOP"",""BAKERY"",""YARN_STORE"",""BAKERY""]},{""step"":576,""shops"":[""ICE_CREAM_SHOP"",""BAKERY"",""PET_CAFE"",""ICE_CREAM_SHOP"",""BAKERY"",""YARN_STORE"",""BAKERY"",""BRUNCH_SPOT""]}]",experiments/round10_public_learning_20260924/evaluations/opening_b2_confirmation/replays/B1_buy8_sell3/metav4/seed_2026092421_seat_1.json.gz,3ae773f1aa1461570377bad3732e6c3da20042dc14c45d638ee1aa47a2cf48ef,895356ee3ad2e3026b3ec757c5236c7468b8d4b6e29dde1c36f5ff7b274b7534,9d63494603f88219857a3101d7dc19cc750ded04e5886732ee428580326967d9,0fe077cc65622d6f6828160d90b617595a4aa7ea188e4afc67bfee8e4d290c92,"{""players"":[{""sell_dead_units"":1191,""refused_buy_product"":1,""refused_buy_seed"":0,""refused_buy_animal"":0,""refused_hire"":0,""refused_buy_land"":0,""hire_paid"":4253,""sell_zero_fill"":35,""buy_zero_fill"":1,""sell_revenue"":103977.0,""total_spend"":28999.0,""shed_discarded_units"":3,""sold_units"":1601,""feed_no_wheat"":0,""feed_no_animal"":0,""feed_redundant"":0,""water_dead"":10,""harvest_dead"":3,""plant_dead"":0,""animals_escaped"":0,""escape_capital"":0.0,""escape_yield_units"":0,""escape_first_day"":-1,""animal_unfed_days"":77,""plants_dry"":1,""dry_seed_cost"":100.0,""dry_yield_units"":0,""dry_first_day"":21,""plant_unwatered_days"":391,""decay_units"":18,""plants_decayed"":18,""silent_loss_coins"":100.0,""silent_loss_units"":21,""dead_actions"":41,""move_dead"":0,""locked_dead"":0,""pickup_dead"":0,""drop_dead"":0,""place_dead"":1,""build_dead"":0,""dig_dead"":4,""fertilize_dead"":2,""collect_dead"":8,""care_dead"":13,""tile_cap_units"":22,""fertilizer_forgone"":19,""care_unfed"":73,""animal_shed_days"":1,""idle_tile_days"":64,""weed_tile_days"":1,""hand_pass_turns"":408,""farmer_pass_turns"":67,""phantom_hand_actions"":0,""sell_floor_units"":98,""hire_premium"":3986,""shed_units_now"":0,""shed_value_now"":0.0,""animals_in_shed_now"":0,""seeds_unplanted_now"":13,""seeds_unplanted_cost_now"":210.0},{""sell_dead_units"":2206,""refused_buy_product"":1,""refused_buy_seed"":0,""refused_buy_animal"":0,""refused_hire"":0,""refused_buy_land"":0,""hire_paid"":4253,""sell_zero_fill"":38,""buy_zero_fill"":1,""sell_revenue"":103761.0,""total_spend"":28399.0,""shed_discarded_units"":4,""sold_units"":1592,""feed_no_wheat"":0,""feed_no_animal"":0,""feed_redundant"":0,""water_dead"":10,""harvest_dead"":3,""plant_dead"":0,""animals_escaped"":0,""escape_capital"":0.0,""escape_yield_units"":0,""escape_first_day"":-1,""animal_unfed_days"":77,""plants_dry"":1,""dry_seed_cost"":100.0,""dry_yield_units"":0,""dry_first_day"":21,""plant_unwatered_days"":391,""decay_units"":18,""plants_decayed"":18,""silent_loss_coins"":100.0,""silent_loss_units"":22,""dead_actions"":41,""move_dead"":0,""locked_dead"":0,""pickup_dead"":0,""drop_dead"":0,""place_dead"":2,""build_dead"":0,""dig_dead"":4,""fertilize_dead"":1,""collect_dead"":8,""care_dead"":13,""tile_cap_units"":21,""fertilizer_forgone"":19,""care_unfed"":73,""animal_shed_days"":1,""idle_tile_days"":63,""weed_tile_days"":1,""hand_pass_turns"":393,""farmer_pass_turns"":68,""phantom_hand_actions"":0,""sell_floor_units"":90,""hire_premium"":3986,""shed_units_now"":0,""shed_value_now"":0.0,""animals_in_shed_now"":0,""seeds_unplanted_now"":5,""seeds_unplanted_cost_now"":50.0}]}",{},
B1_buy8_sell3,B1_opening,metav4,metav4,2026092422,0,66753.0,66151.0,602.0,W,kagsim,7.010927,0,0,0,0,0,0,0,0,19e2e7b0d517ade9e3156ed5ac478411ae57c4d56f83749b61c91a7eb503d9cd,"[{""step"":0,""shops"":[]},{""step"":72,""shops"":[""PET_CAFE""]},{""step"":144,""shops"":[""PET_CAFE"",""BAKERY""]},{""step"":216,""shops"":[""PET_CAFE"",""BAKERY"",""FARMERS_MARKET""]},{""step"":288,""shops"":[""PET_CAFE"",""BAKERY"",""FARMERS_MARKET"",""BRUNCH_SPOT""]},{""step"":360,""shops"":[""PET_CAFE"",""BAKERY"",""FARMERS_MARKET"",""BRUNCH_SPOT"",""YARN_STORE""]},{""step"":432,""shops"":[""PET_CAFE"",""BAKERY"",""FARMERS_MARKET"",""BRUNCH_SPOT"",""YARN_STORE"",""BAKERY""]},{""step"":504,""shops"":[""PET_CAFE"",""BAKERY"",""FARMERS_MARKET"",""BRUNCH_SPOT"",""YARN_STORE"",""BAKERY"",""BAKERY""]},{""step"":576,""shops"":[""PET_CAFE"",""BAKERY"",""FARMERS_MARKET"",""BRUNCH_SPOT"",""YARN_STORE"",""BAKERY"",""BAKERY"",""ICE_CREAM_SHOP""]}]",experiments/round10_public_learning_20260924/evaluations/opening_b2_confirmation/replays/B1_buy8_sell3/metav4/seed_2026092422_seat_0.json.gz,d6ac704a20b4d84941e01341a8e8d4e46844fb224b9c91e18c4a3947c105595a,895356ee3ad2e3026b3ec757c5236c7468b8d4b6e29dde1c36f5ff7b274b7534,9d63494603f88219857a3101d7dc19cc750ded04e5886732ee428580326967d9,0fe077cc65622d6f6828160d90b617595a4aa7ea188e4afc67bfee8e4d290c92,"{""players"":[{""sell_dead_units"":2220,""refused_buy_product"":25,""refused_buy_seed"":0,""refused_buy_animal"":0,""refused_hire"":0,""refused_buy_land"":0,""hire_paid"":4253,""sell_zero_fill"":42,""buy_zero_fill"":1,""sell_revenue"":231095.0,""total_spend"":167342.0,""shed_discarded_units"":11,""sold_units"":4867,""feed_no_wheat"":1,""feed_no_animal"":1,""feed_redundant"":0,""water_dead"":18,""harvest_dead"":10,""plant_dead"":0,""animals_escaped"":1,""escape_capital"":300.0,""escape_yield_units"":1,""escape_first_day"":26,""animal_unfed_days"":86,""plants_dry"":2,""dry_seed_cost"":120.0,""dry_yield_units"":1,""dry_first_day"":21,""plant_unwatered_days"":387,""decay_units"":18,""plants_decayed"":18,""silent_loss_coins"":420.0,""silent_loss_units"":31,""dead_actions"":61,""move_dead"":0,""locked_dead"":0,""pickup_dead"":0,""drop_dead"":0,""place_dead"":2,""build_dead"":0,""dig_dead"":2,""fertilize_dead"":0,""collect_dead"":3,""care_dead"":24,""tile_cap_units"":28,""fertilizer_forgone"":16,""care_unfed"":82,""animal_shed_days"":1,""idle_tile_days"":69,""weed_tile_days"":4,""hand_pass_turns"":375,""farmer_pass_turns"":66,""phantom_hand_actions"":0,""sell_floor_units"":167,""hire_premium"":3986,""shed_units_now"":0,""shed_value_now"":0.0,""animals_in_shed_now"":0,""seeds_unplanted_now"":5,""seeds_unplanted_cost_now"":50.0},{""sell_dead_units"":1220,""refused_buy_product"":33,""refused_buy_seed"":0,""refused_buy_animal"":0,""refused_hire"":0,""refused_buy_land"":0,""hire_paid"":4253,""sell_zero_fill"":41,""buy_zero_fill"":1,""sell_revenue"":230541.0,""total_spend"":167390.0,""shed_discarded_units"":9,""sold_units"":4871,""feed_no_wheat"":1,""feed_no_animal"":1,""feed_redundant"":0,""water_dead"":14,""harvest_dead"":8,""plant_dead"":0,""animals_escaped"":1,""escape_capital"":300.0,""escape_yield_units"":1,""escape_first_day"":26,""animal_unfed_days"":86,""plants_dry"":2,""dry_seed_cost"":120.0,""dry_yield_units"":1,""dry_first_day"":21,""plant_unwatered_days"":387,""decay_units"":18,""plants_decayed"":18,""silent_loss_coins"":420.0,""silent_loss_units"":29,""dead_actions"":56,""move_dead"":0,""locked_dead"":0,""pickup_dead"":0,""drop_dead"":0,""place_dead"":2,""build_dead"":0,""dig_dead"":2,""fertilize_dead"":1,""collect_dead"":3,""care_dead"":24,""tile_cap_units"":29,""fertilizer_forgone"":16,""care_unfed"":82,""animal_shed_days"":1,""idle_tile_days"":67,""weed_tile_days"":2,""hand_pass_turns"":391,""farmer_pass_turns"":66,""phantom_hand_actions"":0,""sell_floor_units"":166,""hire_premium"":3986,""shed_units_now"":0,""shed_value_now"":0.0,""animals_in_shed_now"":0,""seeds_unplanted_now"":12,""seeds_unplanted_cost_now"":200.0}]}",{},
B1_buy8_sell3,B1_opening,metav4,metav4,2026092422,1,66816.0,66062.0,754.0,W,kagsim,7.12932,0,0,0,0,0,0,0,0,19e2e7b0d517ade9e3156ed5ac478411ae57c4d56f83749b61c91a7eb503d9cd,"[{""step"":0,""shops"":[]},{""step"":72,""shops"":[""PET_CAFE""]},{""step"":144,""shops"":[""PET_CAFE"",""BAKERY""]},{""step"":216,""shops"":[""PET_CAFE"",""BAKERY"",""FARMERS_MARKET""]},{""step"":288,""shops"":[""PET_CAFE"",""BAKERY"",""FARMERS_MARKET"",""BRUNCH_SPOT""]},{""step"":360,""shops"":[""PET_CAFE"",""BAKERY"",""FARMERS_MARKET"",""BRUNCH_SPOT"",""YARN_STORE""]},{""step"":432,""shops"":[""PET_CAFE"",""BAKERY"",""FARMERS_MARKET"",""BRUNCH_SPOT"",""YARN_STORE"",""BAKERY""]},{""step"":504,""shops"":[""PET_CAFE"",""BAKERY"",""FARMERS_MARKET"",""BRUNCH_SPOT"",""YARN_STORE"",""BAKERY"",""BAKERY""]},{""step"":576,""shops"":[""PET_CAFE"",""BAKERY"",""FARMERS_MARKET"",""BRUNCH_SPOT"",""YARN_STORE"",""BAKERY"",""BAKERY"",""ICE_CREAM_SHOP""]}]",experiments/round10_public_learning_20260924/evaluations/opening_b2_confirmation/replays/B1_buy8_sell3/metav4/seed_2026092422_seat_1.json.gz,e483285087318c3638d6885f994db6e322d28f46605fa9a029664f54e4aa5f92,895356ee3ad2e3026b3ec757c5236c7468b8d4b6e29dde1c36f5ff7b274b7534,9d63494603f88219857a3101d7dc19cc750ded04e5886732ee428580326967d9,0fe077cc65622d6f6828160d90b617595a4aa7ea188e4afc67bfee8e4d290c92,"{""players"":[{""sell_dead_units"":1222,""refused_buy_product"":33,""refused_buy_seed"":0,""refused_buy_animal"":0,""refused_hire"":0,""refused_buy_land"":0,""hire_paid"":4253,""sell_zero_fill"":41,""buy_zero_fill"":1,""sell_revenue"":230623.0,""total_spend"":167561.0,""shed_discarded_units"":9,""sold_units"":4869,""feed_no_wheat"":1,""feed_no_animal"":1,""feed_redundant"":0,""water_dead"":17,""harvest_dead"":9,""plant_dead"":0,""animals_escaped"":1,""escape_capital"":300.0,""escape_yield_units"":1,""escape_first_day"":26,""animal_unfed_days"":86,""plants_dry"":2,""dry_seed_cost"":120.0,""dry_yield_units"":1,""dry_first_day"":21,""plant_unwatered_days"":387,""decay_units"":18,""plants_decayed"":18,""silent_loss_coins"":420.0,""silent_loss_units"":29,""dead_actions"":60,""move_dead"":0,""locked_dead"":0,""pickup_dead"":0,""drop_dead"":0,""place_dead"":2,""build_dead"":0,""dig_dead"":2,""fertilize_dead"":1,""collect_dead"":3,""care_dead"":24,""tile_cap_units"":29,""fertilizer_forgone"":16,""care_unfed"":82,""animal_shed_days"":1,""idle_tile_days"":69,""weed_tile_days"":4,""hand_pass_turns"":391,""farmer_pass_turns"":66,""phantom_hand_actions"":0,""sell_floor_units"":166,""hire_premium"":3986,""shed_units_now"":0,""shed_value_now"":0.0,""animals_in_shed_now"":0,""seeds_unplanted_now"":13,""seeds_unplanted_cost_now"":210.0},{""sell_dead_units"":2220,""refused_buy_product"":25,""refused_buy_seed"":0,""refused_buy_animal"":0,""refused_hire"":0,""refused_buy_land"":0,""hire_paid"":4253,""sell_zero_fill"":42,""buy_zero_fill"":1,""sell_revenue"":231339.0,""total_spend"":167523.0,""shed_discarded_units"":11,""sold_units"":4869,""feed_no_wheat"":1,""feed_no_animal"":1,""feed_redundant"":0,""water_dead"":15,""harvest_dead"":9,""plant_dead"":0,""animals_escaped"":1,""escape_capital"":300.0,""escape_yield_units"":1,""escape_first_day"":26,""animal_unfed_days"":86,""plants_dry"":2,""dry_seed_cost"":120.0,""dry_yield_units"":1,""dry_first_day"":21,""plant_unwatered_days"":387,""decay_units"":18,""plants_decayed"":18,""silent_loss_coins"":420.0,""silent_loss_units"":31,""dead_actions"":57,""move_dead"":0,""locked_dead"":0,""pickup_dead"":0,""drop_dead"":0,""place_dead"":2,""build_dead"":0,""dig_dead"":2,""fertilize_dead"":0,""collect_dead"":3,""care_dead"":24,""tile_cap_units"":28,""fertilizer_forgone"":16,""care_unfed"":82,""animal_shed_days"":1,""idle_tile_days"":67,""weed_tile_days"":2,""hand_pass_turns"":375,""farmer_pass_turns"":66,""phantom_hand_actions"":0,""sell_floor_units"":167,""hire_premium"":3986,""shed_units_now"":0,""shed_value_now"":0.0,""animals_in_shed_now"":0,""seeds_unplanted_now"":4,""seeds_unplanted_cost_now"":40.0}]}",{},
B1_buy8_sell3,B1_opening,metav4,metav4,2026092423,0,122698.0,122327.0,371.0,W,kagsim,6.520741,0,0,0,0,0,0,0,0,85d8b413f9bf7d2c4e275dc00ed3cb3bab9b8ae1cb526d0a50828fa28f29a51c,"[{""step"":0,""shops"":[]},{""step"":72,""shops"":[""FARMERS_MARKET""]},{""step"":144,""shops"":[""FARMERS_MARKET"",""FARMERS_MARKET""]},{""step"":216,""shops"":[""FARMERS_MARKET"",""FARMERS_MARKET"",""YARN_STORE""]},{""step"":288,""shops"":[""FARMERS_MARKET"",""FARMERS_MARKET"",""YARN_STORE"",""BRUNCH_SPOT""]},{""step"":360,""shops"":[""FARMERS_MARKET"",""FARMERS_MARKET"",""YARN_STORE"",""BRUNCH_SPOT"",""PIZZA_SHOP""]},{""step"":432,""shops"":[""FARMERS_MARKET"",""FARMERS_MARKET"",""YARN_STORE"",""BRUNCH_SPOT"",""PIZZA_SHOP"",""PIZZA_SHOP""]},{""step"":504,""shops"":[""FARMERS_MARKET"",""FARMERS_MARKET"",""YARN_STORE"",""BRUNCH_SPOT"",""PIZZA_SHOP"",""PIZZA_SHOP"",""PIZZA_SHOP""]},{""step"":576,""shops"":[""FARMERS_MARKET"",""FARMERS_MARKET"",""YARN_STORE"",""BRUNCH_SPOT"",""PIZZA_SHOP"",""PIZZA_SHOP"",""PIZZA_SHOP"",""YARN_STORE""]}]",experiments/round10_public_learning_20260924/evaluations/opening_b2_confirmation/replays/B1_buy8_sell3/metav4/seed_2026092423_seat_0.json.gz,c1240b38d35cbed75636955ce11d4eb563f6f955210a9b444a56d5462a5a79b7,895356ee3ad2e3026b3ec757c5236c7468b8d4b6e29dde1c36f5ff7b274b7534,9d63494603f88219857a3101d7dc19cc750ded04e5886732ee428580326967d9,0fe077cc65622d6f6828160d90b617595a4aa7ea188e4afc67bfee8e4d290c92,"{""players"":[{""sell_dead_units"":2276,""refused_buy_product"":1,""refused_buy_seed"":0,""refused_buy_animal"":0,""refused_hire"":0,""refused_buy_land"":0,""hire_paid"":7557,""sell_zero_fill"":44,""buy_zero_fill"":1,""sell_revenue"":173351.0,""total_spend"":53653.0,""shed_discarded_units"":5,""sold_units"":2048,""feed_no_wheat"":0,""feed_no_animal"":0,""feed_redundant"":0,""water_dead"":13,""harvest_dead"":18,""plant_dead"":0,""animals_escaped"":0,""escape_capital"":0.0,""escape_yield_units"":0,""escape_first_day"":-1,""animal_unfed_days"":66,""plants_dry"":2,""dry_seed_cost"":120.0,""dry_yield_units"":1,""dry_first_day"":21,""plant_unwatered_days"":418,""decay_units"":18,""plants_decayed"":18,""silent_loss_coins"":120.0,""silent_loss_units"":24,""dead_actions"":65,""move_dead"":0,""locked_dead"":0,""pickup_dead"":0,""drop_dead"":0,""place_dead"":4,""build_dead"":0,""dig_dead"":2,""fertilize_dead"":1,""collect_dead"":3,""care_dead"":24,""tile_cap_units"":14,""fertilizer_forgone"":18,""care_unfed"":62,""animal_shed_days"":1,""idle_tile_days"":230,""weed_tile_days"":9,""hand_pass_turns"":425,""farmer_pass_turns"":65,""phantom_hand_actions"":0,""sell_floor_units"":47,""hire_premium"":7273,""shed_units_now"":0,""shed_value_now"":0.0,""animals_in_shed_now"":0,""seeds_unplanted_now"":5,""seeds_unplanted_cost_now"":50.0},{""sell_dead_units"":1273,""refused_buy_product"":1,""refused_buy_seed"":0,""refused_buy_animal"":0,""refused_hire"":0,""refused_buy_land"":0,""hire_paid"":7557,""sell_zero_fill"":42,""buy_zero_fill"":1,""sell_revenue"":173596.0,""total_spend"":54269.0,""shed_discarded_units"":2,""sold_units"":2061,""feed_no_wheat"":0,""feed_no_animal"":0,""feed_redundant"":0,""water_dead"":12,""harvest_dead"":17,""plant_dead"":0,""animals_escaped"":0,""escape_capital"":0.0,""escape_yield_units"":0,""escape_first_day"":-1,""animal_unfed_days"":66,""plants_dry"":2,""dry_seed_cost"":120.0,""dry_yield_units"":1,""dry_first_day"":21,""plant_unwatered_days"":418,""decay_units"":18,""plants_decayed"":18,""silent_loss_coins"":120.0,""silent_loss_units"":21,""dead_actions"":64,""move_dead"":0,""locked_dead"":0,""pickup_dead"":0,""drop_dead"":0,""place_dead"":4,""build_dead"":0,""dig_dead"":2,""fertilize_dead"":2,""collect_dead"":3,""care_dead"":24,""tile_cap_units"":15,""fertilizer_forgone"":18,""care_unfed"":62,""animal_shed_days"":1,""idle_tile_days"":230,""weed_tile_days"":2,""hand_pass_turns"":440,""farmer_pass_turns"":65,""phantom_hand_actions"":0,""sell_floor_units"":46,""hire_premium"":7273,""shed_units_now"":0,""shed_value_now"":0.0,""animals_in_shed_now"":0,""seeds_unplanted_now"":13,""seeds_unplanted_cost_now"":210.0}]}",{},
B1_buy8_sell3,B1_opening,metav4,metav4,2026092423,1,122698.0,122327.0,371.0,W,kagsim,6.592917,0,0,0,0,0,0,0,0,85d8b413f9bf7d2c4e275dc00ed3cb3bab9b8ae1cb526d0a50828fa28f29a51c,"[{""step"":0,""shops"":[]},{""step"":72,""shops"":[""FARMERS_MARKET""]},{""step"":144,""shops"":[""FARMERS_MARKET"",""FARMERS_MARKET""]},{""step"":216,""shops"":[""FARMERS_MARKET"",""FARMERS_MARKET"",""YARN_STORE""]},{""step"":288,""shops"":[""FARMERS_MARKET"",""FARMERS_MARKET"",""YARN_STORE"",""BRUNCH_SPOT""]},{""step"":360,""shops"":[""FARMERS_MARKET"",""FARMERS_MARKET"",""YARN_STORE"",""BRUNCH_SPOT"",""PIZZA_SHOP""]},{""step"":432,""shops"":[""FARMERS_MARKET"",""FARMERS_MARKET"",""YARN_STORE"",""BRUNCH_SPOT"",""PIZZA_SHOP"",""PIZZA_SHOP""]},{""step"":504,""shops"":[""FARMERS_MARKET"",""FARMERS_MARKET"",""YARN_STORE"",""BRUNCH_SPOT"",""PIZZA_SHOP"",""PIZZA_SHOP"",""PIZZA_SHOP""]},{""step"":576,""shops"":[""FARMERS_MARKET"",""FARMERS_MARKET"",""YARN_STORE"",""BRUNCH_SPOT"",""PIZZA_SHOP"",""PIZZA_SHOP"",""PIZZA_SHOP"",""YARN_STORE""]}]",experiments/round10_public_learning_20260924/evaluations/opening_b2_confirmation/replays/B1_buy8_sell3/metav4/seed_2026092423_seat_1.json.gz,83b1a5a44ac466266184edc8b0cd6f17d04c079aac6b167c594f4ff01fee3650,895356ee3ad2e3026b3ec757c5236c7468b8d4b6e29dde1c36f5ff7b274b7534,9d63494603f88219857a3101d7dc19cc750ded04e5886732ee428580326967d9,0fe077cc65622d6f6828160d90b617595a4aa7ea188e4afc67bfee8e4d290c92,"{""players"":[{""sell_dead_units"":1273,""refused_buy_product"":1,""refused_buy_seed"":0,""refused_buy_animal"":0,""refused_hire"":0,""refused_buy_land"":0,""hire_paid"":7557,""sell_zero_fill"":42,""buy_zero_fill"":1,""sell_revenue"":173596.0,""total_spend"":54269.0,""shed_discarded_units"":2,""sold_units"":2061,""feed_no_wheat"":0,""feed_no_animal"":0,""feed_redundant"":0,""water_dead"":12,""harvest_dead"":17,""plant_dead"":0,""animals_escaped"":0,""escape_capital"":0.0,""escape_yield_units"":0,""escape_first_day"":-1,""animal_unfed_days"":66,""plants_dry"":2,""dry_seed_cost"":120.0,""dry_yield_units"":1,""dry_first_day"":21,""plant_unwatered_days"":418,""decay_units"":18,""plants_decayed"":18,""silent_loss_coins"":120.0,""silent_loss_units"":21,""dead_actions"":64,""move_dead"":0,""locked_dead"":0,""pickup_dead"":0,""drop_dead"":0,""place_dead"":4,""build_dead"":0,""dig_dead"":2,""fertilize_dead"":2,""collect_dead"":3,""care_dead"":24,""tile_cap_units"":15,""fertilizer_forgone"":18,""care_unfed"":62,""animal_shed_days"":1,""idle_tile_days"":230,""weed_tile_days"":9,""hand_pass_turns"":440,""farmer_pass_turns"":65,""phantom_hand_actions"":0,""sell_floor_units"":46,""hire_premium"":7273,""shed_units_now"":0,""shed_value_now"":0.0,""animals_in_shed_now"":0,""seeds_unplanted_now"":13,""seeds_unplanted_cost_now"":210.0},{""sell_dead_units"":2276,""refused_buy_product"":1,""refused_buy_seed"":0,""refused_buy_animal"":0,""refused_hire"":0,""refused_buy_land"":0,""hire_paid"":7557,""sell_zero_fill"":44,""buy_zero_fill"":1,""sell_revenue"":173351.0,""total_spend"":53653.0,""shed_discarded_units"":5,""sold_units"":2048,""feed_no_wheat"":0,""feed_no_animal"":0,""feed_redundant"":0,""water_dead"":13,""harvest_dead"":18,""plant_dead"":0,""animals_escaped"":0,""escape_capital"":0.0,""escape_yield_units"":0,""escape_first_day"":-1,""animal_unfed_days"":66,""plants_dry"":2,""dry_seed_cost"":120.0,""dry_yield_units"":1,""dry_first_day"":21,""plant_unwatered_days"":418,""decay_units"":18,""plants_decayed"":18,""silent_loss_coins"":120.0,""silent_loss_units"":24,""dead_actions"":65,""move_dead"":0,""locked_dead"":0,""pickup_dead"":0,""drop_dead"":0,""place_dead"":4,""build_dead"":0,""dig_dead"":2,""fertilize_dead"":1,""collect_dead"":3,""care_dead"":24,""tile_cap_units"":14,""fertilizer_forgone"":18,""care_unfed"":62,""animal_shed_days"":1,""idle_tile_days"":230,""weed_tile_days"":2,""hand_pass_turns"":425,""farmer_pass_turns"":65,""phantom_hand_actions"":0,""sell_floor_units"":47,""hire_premium"":7273,""shed_units_now"":0,""shed_value_now"":0.0,""animals_in_shed_now"":0,""seeds_unplanted_now"":5,""seeds_unplanted_cost_now"":50.0}]}",{},
B1_buy8_sell3,B1_opening,metav4,metav4,2026092424,0,101680.0,101359.0,321.0,W,kagsim,6.409325,0,0,0,0,0,0,0,0,4444a7221dc8b07c56b279d0ff34ad50d3f8dfee5e4af6a415a8e6bd7bc32cd6,"[{""step"":0,""shops"":[]},{""step"":72,""shops"":[""YARN_STORE""]},{""step"":144,""shops"":[""YARN_STORE"",""PIZZA_SHOP""]},{""step"":216,""shops"":[""YARN_STORE"",""PIZZA_SHOP"",""PIZZA_SHOP""]},{""step"":288,""shops"":[""YARN_STORE"",""PIZZA_SHOP"",""PIZZA_SHOP"",""SMOOTHIE_SHOP""]},{""step"":360,""shops"":[""YARN_STORE"",""PIZZA_SHOP"",""PIZZA_SHOP"",""SMOOTHIE_SHOP"",""BRUNCH_SPOT""]},{""step"":432,""shops"":[""YARN_STORE"",""PIZZA_SHOP"",""PIZZA_SHOP"",""SMOOTHIE_SHOP"",""BRUNCH_SPOT"",""BRUNCH_SPOT""]},{""step"":504,""shops"":[""YARN_STORE"",""PIZZA_SHOP"",""PIZZA_SHOP"",""SMOOTHIE_SHOP"",""BRUNCH_SPOT"",""BRUNCH_SPOT"",""PET_CAFE""]},{""step"":576,""shops"":[""YARN_STORE"",""PIZZA_SHOP"",""PIZZA_SHOP"",""SMOOTHIE_SHOP"",""BRUNCH_SPOT"",""BRUNCH_SPOT"",""PET_CAFE"",""BAKERY""]}]",experiments/round10_public_learning_20260924/evaluations/opening_b2_confirmation/replays/B1_buy8_sell3/metav4/seed_2026092424_seat_0.json.gz,451504b4443309f108d837b4be39d273a5392b2508180d7ca2b14450586aa9c6,895356ee3ad2e3026b3ec757c5236c7468b8d4b6e29dde1c36f5ff7b274b7534,9d63494603f88219857a3101d7dc19cc750ded04e5886732ee428580326967d9,0fe077cc65622d6f6828160d90b617595a4aa7ea188e4afc67bfee8e4d290c92,"{""players"":[{""sell_dead_units"":205,""refused_buy_product"":1,""refused_buy_seed"":0,""refused_buy_animal"":0,""refused_hire"":0,""refused_buy_land"":0,""hire_paid"":5515,""sell_zero_fill"":20,""buy_zero_fill"":1,""sell_revenue"":128073.0,""total_spend"":29393.0,""shed_discarded_units"":20,""sold_units"":1553,""feed_no_wheat"":0,""feed_no_animal"":0,""feed_redundant"":0,""water_dead"":1,""harvest_dead"":4,""plant_dead"":0,""animals_escaped"":0,""escape_capital"":0.0,""escape_yield_units"":0,""escape_first_day"":-1,""animal_unfed_days"":43,""plants_dry"":1,""dry_seed_cost"":100.0,""dry_yield_units"":0,""dry_first_day"":21,""plant_unwatered_days"":385,""decay_units"":18,""plants_decayed"":18,""silent_loss_coins"":100.0,""silent_loss_units"":38,""dead_actions"":17,""move_dead"":0,""locked_dead"":0,""pickup_dead"":0,""drop_dead"":0,""place_dead"":1,""build_dead"":0,""dig_dead"":2,""fertilize_dead"":0,""collect_dead"":4,""care_dead"":5,""tile_cap_units"":8,""fertilizer_forgone"":14,""care_unfed"":39,""animal_shed_days"":0,""idle_tile_days"":62,""weed_tile_days"":1,""hand_pass_turns"":599,""farmer_pass_turns"":81,""phantom_hand_actions"":0,""sell_floor_units"":140,""hire_premium"":5234,""shed_units_now"":0,""shed_value_now"":0.0,""animals_in_shed_now"":0,""seeds_unplanted_now"":0,""seeds_unplanted_cost_now"":0.0},{""sell_dead_units"":215,""refused_buy_product"":1,""refused_buy_seed"":0,""refused_buy_animal"":0,""refused_hire"":0,""refused_buy_land"":0,""hire_paid"":5515,""sell_zero_fill"":21,""buy_zero_fill"":1,""sell_revenue"":128127.0,""total_spend"":29768.0,""shed_discarded_units"":20,""sold_units"":1561,""feed_no_wheat"":0,""feed_no_animal"":0,""feed_redundant"":0,""water_dead"":1,""harvest_dead"":6,""plant_dead"":0,""animals_escaped"":0,""escape_capital"":0.0,""escape_yield_units"":0,""escape_first_day"":-1,""animal_unfed_days"":43,""plants_dry"":1,""dry_seed_cost"":100.0,""dry_yield_units"":0,""dry_first_day"":21,""plant_unwatered_days"":385,""decay_units"":18,""plants_decayed"":18,""silent_loss_coins"":100.0,""silent_loss_units"":38,""dead_actions"":20,""move_dead"":0,""locked_dead"":0,""pickup_dead"":0,""drop_dead"":0,""place_dead"":2,""build_dead"":0,""dig_dead"":2,""fertilize_dead"":0,""collect_dead"":4,""care_dead"":5,""tile_cap_units"":8,""fertilizer_forgone"":14,""care_unfed"":39,""animal_shed_days"":0,""idle_tile_days"":63,""weed_tile_days"":1,""hand_pass_turns"":615,""farmer_pass_turns"":81,""phantom_hand_actions"":0,""sell_floor_units"":147,""hire_premium"":5234,""shed_units_now"":0,""shed_value_now"":0.0,""animals_in_shed_now"":0,""seeds_unplanted_now"":0,""seeds_unplanted_cost_now"":0.0}]}",{},
B1_buy8_sell3,B1_opening,metav4,metav4,2026092424,1,101680.0,101359.0,321.0,W,kagsim,6.309733,0,0,0,0,0,0,0,0,4444a7221dc8b07c56b279d0ff34ad50d3f8dfee5e4af6a415a8e6bd7bc32cd6,"[{""step"":0,""shops"":[]},{""step"":72,""shops"":[""YARN_STORE""]},{""step"":144,""shops"":[""YARN_STORE"",""PIZZA_SHOP""]},{""step"":216,""shops"":[""YARN_STORE"",""PIZZA_SHOP"",""PIZZA_SHOP""]},{""step"":288,""shops"":[""YARN_STORE"",""PIZZA_SHOP"",""PIZZA_SHOP"",""SMOOTHIE_SHOP""]},{""step"":360,""shops"":[""YARN_STORE"",""PIZZA_SHOP"",""PIZZA_SHOP"",""SMOOTHIE_SHOP"",""BRUNCH_SPOT""]},{""step"":432,""shops"":[""YARN_STORE"",""PIZZA_SHOP"",""PIZZA_SHOP"",""SMOOTHIE_SHOP"",""BRUNCH_SPOT"",""BRUNCH_SPOT""]},{""step"":504,""shops"":[""YARN_STORE"",""PIZZA_SHOP"",""PIZZA_SHOP"",""SMOOTHIE_SHOP"",""BRUNCH_SPOT"",""BRUNCH_SPOT"",""PET_CAFE""]},{""step"":576,""shops"":[""YARN_STORE"",""PIZZA_SHOP"",""PIZZA_SHOP"",""SMOOTHIE_SHOP"",""BRUNCH_SPOT"",""BRUNCH_SPOT"",""PET_CAFE"",""BAKERY""]}]",experiments/round10_public_learning_20260924/evaluations/opening_b2_confirmation/replays/B1_buy8_sell3/metav4/seed_2026092424_seat_1.json.gz,54006d6715126f902de6e4b60d028612ae7fba0e7ba4265190555425dbdfbaa1,895356ee3ad2e3026b3ec757c5236c7468b8d4b6e29dde1c36f5ff7b274b7534,9d63494603f88219857a3101d7dc19cc750ded04e5886732ee428580326967d9,0fe077cc65622d6f6828160d90b617595a4aa7ea188e4afc67bfee8e4d290c92,"{""players"":[{""sell_dead_units"":215,""refused_buy_product"":1,""refused_buy_seed"":0,""refused_buy_animal"":0,""refused_hire"":0,""refused_buy_land"":0,""hire_paid"":5515,""sell_zero_fill"":21,""buy_zero_fill"":1,""sell_revenue"":128127.0,""total_spend"":29768.0,""shed_discarded_units"":20,""sold_units"":1561,""feed_no_wheat"":0,""feed_no_animal"":0,""feed_redundant"":0,""water_dead"":1,""harvest_dead"":6,""plant_dead"":0,""animals_escaped"":0,""escape_capital"":0.0,""escape_yield_units"":0,""escape_first_day"":-1,""animal_unfed_days"":43,""plants_dry"":1,""dry_seed_cost"":100.0,""dry_yield_units"":0,""dry_first_day"":21,""plant_unwatered_days"":385,""decay_units"":18,""plants_decayed"":18,""silent_loss_coins"":100.0,""silent_loss_units"":38,""dead_actions"":20,""move_dead"":0,""locked_dead"":0,""pickup_dead"":0,""drop_dead"":0,""place_dead"":2,""build_dead"":0,""dig_dead"":2,""fertilize_dead"":0,""collect_dead"":4,""care_dead"":5,""tile_cap_units"":8,""fertilizer_forgone"":14,""care_unfed"":39,""animal_shed_days"":0,""idle_tile_days"":63,""weed_tile_days"":1,""hand_pass_turns"":615,""farmer_pass_turns"":81,""phantom_hand_actions"":0,""sell_floor_units"":147,""hire_premium"":5234,""shed_units_now"":0,""shed_value_now"":0.0,""animals_in_shed_now"":0,""seeds_unplanted_now"":0,""seeds_unplanted_cost_now"":0.0},{""sell_dead_units"":205,""refused_buy_product"":1,""refused_buy_seed"":0,""refused_buy_animal"":0,""refused_hire"":0,""refused_buy_land"":0,""hire_paid"":5515,""sell_zero_fill"":20,""buy_zero_fill"":1,""sell_revenue"":128073.0,""total_spend"":29393.0,""shed_discarded_units"":20,""sold_units"":1553,""feed_no_wheat"":0,""feed_no_animal"":0,""feed_redundant"":0,""water_dead"":1,""harvest_dead"":4,""plant_dead"":0,""animals_escaped"":0,""escape_capital"":0.0,""escape_yield_units"":0,""escape_first_day"":-1,""animal_unfed_days"":43,""plants_dry"":1,""dry_seed_cost"":100.0,""dry_yield_units"":0,""dry_first_day"":21,""plant_unwatered_days"":385,""decay_units"":18,""plants_decayed"":18,""silent_loss_coins"":100.0,""silent_loss_units"":38,""dead_actions"":17,""move_dead"":0,""locked_dead"":0,""pickup_dead"":0,""drop_dead"":0,""place_dead"":1,""build_dead"":0,""dig_dead"":2,""fertilize_dead"":0,""collect_dead"":4,""care_dead"":5,""tile_cap_units"":8,""fertilizer_forgone"":14,""care_unfed"":39,""animal_shed_days"":0,""idle_tile_days"":62,""weed_tile_days"":1,""hand_pass_turns"":599,""farmer_pass_turns"":81,""phantom_hand_actions"":0,""sell_floor_units"":140,""hire_premium"":5234,""shed_units_now"":0,""shed_value_now"":0.0,""animals_in_shed_now"":0,""seeds_unplanted_now"":0,""seeds_unplanted_cost_now"":0.0}]}",{},
B1_buy8_sell3,B1_opening,order_book,order_book,2026092421,0,78543.0,78344.0,199.0,W,kagsim,7.371154,0,0,0,0,0,0,0,0,1a0d9b98b77ea1f9b89eb26cb01c4569d35ca0bc479051453aa5f420df64dcd7,"[{""step"":0,""shops"":[]},{""step"":72,""shops"":[""ICE_CREAM_SHOP""]},{""step"":144,""shops"":[""ICE_CREAM_SHOP"",""BAKERY""]},{""step"":216,""shops"":[""ICE_CREAM_SHOP"",""BAKERY"",""PET_CAFE""]},{""step"":288,""shops"":[""ICE_CREAM_SHOP"",""BAKERY"",""PET_CAFE"",""ICE_CREAM_SHOP""]},{""step"":360,""shops"":[""ICE_CREAM_SHOP"",""BAKERY"",""PET_CAFE"",""ICE_CREAM_SHOP"",""BAKERY""]},{""step"":432,""shops"":[""ICE_CREAM_SHOP"",""BAKERY"",""PET_CAFE"",""ICE_CREAM_SHOP"",""BAKERY"",""YARN_STORE""]},{""step"":504,""shops"":[""ICE_CREAM_SHOP"",""BAKERY"",""PET_CAFE"",""ICE_CREAM_SHOP"",""BAKERY"",""YARN_STORE"",""BAKERY""]},{""step"":576,""shops"":[""ICE_CREAM_SHOP"",""BAKERY"",""PET_CAFE"",""ICE_CREAM_SHOP"",""BAKERY"",""YARN_STORE"",""BAKERY"",""BRUNCH_SPOT""]}]",experiments/round10_public_learning_20260924/evaluations/opening_b2_confirmation/replays/B1_buy8_sell3/order_book/seed_2026092421_seat_0.json.gz,6bdfd921f836b5653acb795f362a144e999be69df11275c8efa3e261f5ae29f5,895356ee3ad2e3026b3ec757c5236c7468b8d4b6e29dde1c36f5ff7b274b7534,a16e0e9b40c489972630a0b9d04f30e9c1cab03159fa78676db74277d84d82ab,0fe077cc65622d6f6828160d90b617595a4aa7ea188e4afc67bfee8e4d290c92,"{""players"":[{""sell_dead_units"":2210,""refused_buy_product"":1,""refused_buy_seed"":0,""refused_buy_animal"":0,""refused_hire"":0,""refused_buy_land"":0,""hire_paid"":4253,""sell_zero_fill"":39,""buy_zero_fill"":1,""sell_revenue"":103942.0,""total_spend"":28399.0,""shed_discarded_units"":2,""sold_units"":1595,""feed_no_wheat"":0,""feed_no_animal"":0,""feed_redundant"":0,""water_dead"":10,""harvest_dead"":3,""plant_dead"":0,""animals_escaped"":0,""escape_capital"":0.0,""escape_yield_units"":0,""escape_first_day"":-1,""animal_unfed_days"":73,""plants_dry"":1,""dry_seed_cost"":100.0,""dry_yield_units"":0,""dry_first_day"":21,""plant_unwatered_days"":391,""decay_units"":18,""plants_decayed"":18,""silent_loss_coins"":100.0,""silent_loss_units"":20,""dead_actions"":41,""move_dead"":0,""locked_dead"":0,""pickup_dead"":0,""drop_dead"":0,""place_dead"":2,""build_dead"":0,""dig_dead"":4,""fertilize_dead"":1,""collect_dead"":8,""care_dead"":13,""tile_cap_units"":21,""fertilizer_forgone"":19,""care_unfed"":69,""animal_shed_days"":1,""idle_tile_days"":63,""weed_tile_days"":1,""hand_pass_turns"":390,""farmer_pass_turns"":67,""phantom_hand_actions"":0,""sell_floor_units"":104,""hire_premium"":3986,""shed_units_now"":0,""shed_value_now"":0.0,""animals_in_shed_now"":0,""seeds_unplanted_now"":5,""seeds_unplanted_cost_now"":50.0},{""sell_dead_units"":1211,""refused_buy_product"":1,""refused_buy_seed"":0,""refused_buy_animal"":0,""refused_hire"":0,""refused_buy_land"":0,""hire_paid"":4253,""sell_zero_fill"":38,""buy_zero_fill"":1,""sell_revenue"":104259.0,""total_spend"":28915.0,""shed_discarded_units"":1,""sold_units"":1604,""feed_no_wheat"":0,""feed_no_animal"":0,""feed_redundant"":0,""water_dead"":10,""harvest_dead"":3,""plant_dead"":0,""animals_escaped"":0,""escape_capital"":0.0,""escape_yield_units"":0,""escape_first_day"":-1,""animal_unfed_days"":73,""plants_dry"":1,""dry_seed_cost"":100.0,""dry_yield_units"":0,""dry_first_day"":21,""plant_unwatered_days"":391,""decay_units"":18,""plants_decayed"":18,""silent_loss_coins"":100.0,""silent_loss_units"":19,""dead_actions"":42,""move_dead"":0,""locked_dead"":0,""pickup_dead"":0,""drop_dead"":0,""place_dead"":2,""build_dead"":0,""dig_dead"":4,""fertilize_dead"":2,""collect_dead"":8,""care_dead"":13,""tile_cap_units"":22,""fertilizer_forgone"":19,""care_unfed"":69,""animal_shed_days"":1,""idle_tile_days"":63,""weed_tile_days"":1,""hand_pass_turns"":388,""farmer_pass_turns"":66,""phantom_hand_actions"":0,""sell_floor_units"":103,""hire_premium"":3986,""shed_units_now"":0,""shed_value_now"":0.0,""animals_in_shed_now"":0,""seeds_unplanted_now"":13,""seeds_unplanted_cost_now"":210.0}]}",{},
B1_buy8_sell3,B1_opening,order_book,order_book,2026092421,1,78543.0,78344.0,199.0,W,kagsim,7.24512,0,0,0,0,0,0,0,0,1a0d9b98b77ea1f9b89eb26cb01c4569d35ca0bc479051453aa5f420df64dcd7,"[{""step"":0,""shops"":[]},{""step"":72,""shops"":[""ICE_CREAM_SHOP""]},{""step"":144,""shops"":[""ICE_CREAM_SHOP"",""BAKERY""]},{""step"":216,""shops"":[""ICE_CREAM_SHOP"",""BAKERY"",""PET_CAFE""]},{""step"":288,""shops"":[""ICE_CREAM_SHOP"",""BAKERY"",""PET_CAFE"",""ICE_CREAM_SHOP""]},{""step"":360,""shops"":[""ICE_CREAM_SHOP"",""BAKERY"",""PET_CAFE"",""ICE_CREAM_SHOP"",""BAKERY""]},{""step"":432,""shops"":[""ICE_CREAM_SHOP"",""BAKERY"",""PET_CAFE"",""ICE_CREAM_SHOP"",""BAKERY"",""YARN_STORE""]},{""step"":504,""shops"":[""ICE_CREAM_SHOP"",""BAKERY"",""PET_CAFE"",""ICE_CREAM_SHOP"",""BAKERY"",""YARN_STORE"",""BAKERY""]},{""step"":576,""shops"":[""ICE_CREAM_SHOP"",""BAKERY"",""PET_CAFE"",""ICE_CREAM_SHOP"",""BAKERY"",""YARN_STORE"",""BAKERY"",""BRUNCH_SPOT""]}]",experiments/round10_public_learning_20260924/evaluations/opening_b2_confirmation/replays/B1_buy8_sell3/order_book/seed_2026092421_seat_1.json.gz,fcf7eb858ff377488592289a59e259f4e405dc1a5c450f65b201eecc35dc2730,895356ee3ad2e3026b3ec757c5236c7468b8d4b6e29dde1c36f5ff7b274b7534,a16e0e9b40c489972630a0b9d04f30e9c1cab03159fa78676db74277d84d82ab,0fe077cc65622d6f6828160d90b617595a4aa7ea188e4afc67bfee8e4d290c92,"{""players"":[{""sell_dead_units"":1211,""refused_buy_product"":1,""refused_buy_seed"":0,""refused_buy_animal"":0,""refused_hire"":0,""refused_buy_land"":0,""hire_paid"":4253,""sell_zero_fill"":38,""buy_zero_fill"":1,""sell_revenue"":104259.0,""total_spend"":28915.0,""shed_discarded_units"":1,""sold_units"":1604,""feed_no_wheat"":0,""feed_no_animal"":0,""feed_redundant"":0,""water_dead"":10,""harvest_dead"":3,""plant_dead"":0,""animals_escaped"":0,""escape_capital"":0.0,""escape_yield_units"":0,""escape_first_day"":-1,""animal_unfed_days"":73,""plants_dry"":1,""dry_seed_cost"":100.0,""dry_yield_units"":0,""dry_first_day"":21,""plant_unwatered_days"":391,""decay_units"":18,""plants_decayed"":18,""silent_loss_coins"":100.0,""silent_loss_units"":19,""dead_actions"":42,""move_dead"":0,""locked_dead"":0,""pickup_dead"":0,""drop_dead"":0,""place_dead"":2,""build_dead"":0,""dig_dead"":4,""fertilize_dead"":2,""collect_dead"":8,""care_dead"":13,""tile_cap_units"":22,""fertilizer_forgone"":19,""care_unfed"":69,""animal_shed_days"":1,""idle_tile_days"":63,""weed_tile_days"":1,""hand_pass_turns"":388,""farmer_pass_turns"":66,""phantom_hand_actions"":0,""sell_floor_units"":103,""hire_premium"":3986,""shed_units_now"":0,""shed_value_now"":0.0,""animals_in_shed_now"":0,""seeds_unplanted_now"":13,""seeds_unplanted_cost_now"":210.0},{""sell_dead_units"":2210,""refused_buy_product"":1,""refused_buy_seed"":0,""refused_buy_animal"":0,""refused_hire"":0,""refused_buy_land"":0,""hire_paid"":4253,""sell_zero_fill"":39,""buy_zero_fill"":1,""sell_revenue"":103942.0,""total_spend"":28399.0,""shed_discarded_units"":2,""sold_units"":1595,""feed_no_wheat"":0,""feed_no_animal"":0,""feed_redundant"":0,""water_dead"":10,""harvest_dead"":3,""plant_dead"":0,""animals_escaped"":0,""escape_capital"":0.0,""escape_yield_units"":0,""escape_first_day"":-1,""animal_unfed_days"":73,""plants_dry"":1,""dry_seed_cost"":100.0,""dry_yield_units"":0,""dry_first_day"":21,""plant_unwatered_days"":391,""decay_units"":18,""plants_decayed"":18,""silent_loss_coins"":100.0,""silent_loss_units"":20,""dead_actions"":41,""move_dead"":0,""locked_dead"":0,""pickup_dead"":0,""drop_dead"":0,""place_dead"":2,""build_dead"":0,""dig_dead"":4,""fertilize_dead"":1,""collect_dead"":8,""care_dead"":13,""tile_cap_units"":21,""fertilizer_forgone"":19,""care_unfed"":69,""animal_shed_days"":1,""idle_tile_days"":63,""weed_tile_days"":1,""hand_pass_turns"":390,""farmer_pass_turns"":67,""phantom_hand_actions"":0,""sell_floor_units"":104,""hire_premium"":3986,""shed_units_now"":0,""shed_value_now"":0.0,""animals_in_shed_now"":0,""seeds_unplanted_now"":5,""seeds_unplanted_cost_now"":50.0}]}",{},
B1_buy8_sell3,B1_opening,order_book,order_book,2026092422,0,66285.0,66284.0,1.0,W,kagsim,7.682564,0,0,0,0,0,0,0,0,19e2e7b0d517ade9e3156ed5ac478411ae57c4d56f83749b61c91a7eb503d9cd,"[{""step"":0,""shops"":[]},{""step"":72,""shops"":[""PET_CAFE""]},{""step"":144,""shops"":[""PET_CAFE"",""BAKERY""]},{""step"":216,""shops"":[""PET_CAFE"",""BAKERY"",""FARMERS_MARKET""]},{""step"":288,""shops"":[""PET_CAFE"",""BAKERY"",""FARMERS_MARKET"",""BRUNCH_SPOT""]},{""step"":360,""shops"":[""PET_CAFE"",""BAKERY"",""FARMERS_MARKET"",""BRUNCH_SPOT"",""YARN_STORE""]},{""step"":432,""shops"":[""PET_CAFE"",""BAKERY"",""FARMERS_MARKET"",""BRUNCH_SPOT"",""YARN_STORE"",""BAKERY""]},{""step"":504,""shops"":[""PET_CAFE"",""BAKERY"",""FARMERS_MARKET"",""BRUNCH_SPOT"",""YARN_STORE"",""BAKERY"",""BAKERY""]},{""step"":576,""shops"":[""PET_CAFE"",""BAKERY"",""FARMERS_MARKET"",""BRUNCH_SPOT"",""YARN_STORE"",""BAKERY"",""BAKERY"",""ICE_CREAM_SHOP""]}]",experiments/round10_public_learning_20260924/evaluations/opening_b2_confirmation/replays/B1_buy8_sell3/order_book/seed_2026092422_seat_0.json.gz,253ad5965ee8f5a9541088aeca9e49a44b8c32566b71945d1d4b6f65cd468ad5,895356ee3ad2e3026b3ec757c5236c7468b8d4b6e29dde1c36f5ff7b274b7534,a16e0e9b40c489972630a0b9d04f30e9c1cab03159fa78676db74277d84d82ab,0fe077cc65622d6f6828160d90b617595a4aa7ea188e4afc67bfee8e4d290c92,"{""players"":[{""sell_dead_units"":2237,""refused_buy_product"":25,""refused_buy_seed"":0,""refused_buy_animal"":0,""refused_hire"":0,""refused_buy_land"":0,""hire_paid"":4253,""sell_zero_fill"":44,""buy_zero_fill"":1,""sell_revenue"":231419.0,""total_spend"":168134.0,""shed_discarded_units"":12,""sold_units"":4867,""feed_no_wheat"":1,""feed_no_animal"":1,""feed_redundant"":0,""water_dead"":18,""harvest_dead"":10,""plant_dead"":0,""animals_escaped"":1,""escape_capital"":300.0,""escape_yield_units"":1,""escape_first_day"":26,""animal_unfed_days"":86,""plants_dry"":2,""dry_seed_cost"":120.0,""dry_yield_units"":1,""dry_first_day"":21,""plant_unwatered_days"":387,""decay_units"":18,""plants_decayed"":18,""silent_loss_coins"":420.0,""silent_loss_units"":32,""dead_actions"":61,""move_dead"":0,""locked_dead"":0,""pickup_dead"":0,""drop_dead"":0,""place_dead"":2,""build_dead"":0,""dig_dead"":2,""fertilize_dead"":0,""collect_dead"":3,""care_dead"":24,""tile_cap_units"":27,""fertilizer_forgone"":16,""care_unfed"":82,""animal_shed_days"":1,""idle_tile_days"":69,""weed_tile_days"":4,""hand_pass_turns"":375,""farmer_pass_turns"":66,""phantom_hand_actions"":0,""sell_floor_units"":174,""hire_premium"":3986,""shed_units_now"":0,""shed_value_now"":0.0,""animals_in_shed_now"":0,""seeds_unplanted_now"":5,""seeds_unplanted_cost_now"":50.0},{""sell_dead_units"":1231,""refused_buy_product"":25,""refused_buy_seed"":0,""refused_buy_animal"":0,""refused_hire"":0,""refused_buy_land"":0,""hire_paid"":4253,""sell_zero_fill"":42,""buy_zero_fill"":1,""sell_revenue"":231944.0,""total_spend"":168660.0,""shed_discarded_units"":9,""sold_units"":4881,""feed_no_wheat"":1,""feed_no_animal"":1,""feed_redundant"":0,""water_dead"":15,""harvest_dead"":9,""plant_dead"":0,""animals_escaped"":1,""escape_capital"":300.0,""escape_yield_units"":1,""escape_first_day"":26,""animal_unfed_days"":86,""plants_dry"":2,""dry_seed_cost"":120.0,""dry_yield_units"":1,""dry_first_day"":21,""plant_unwatered_days"":387,""decay_units"":18,""plants_decayed"":18,""silent_loss_coins"":420.0,""silent_loss_units"":29,""dead_actions"":58,""move_dead"":0,""locked_dead"":0,""pickup_dead"":0,""drop_dead"":0,""place_dead"":2,""build_dead"":0,""dig_dead"":2,""fertilize_dead"":1,""collect_dead"":3,""care_dead"":24,""tile_cap_units"":29,""fertilizer_forgone"":16,""care_unfed"":82,""animal_shed_days"":1,""idle_tile_days"":67,""weed_tile_days"":2,""hand_pass_turns"":373,""farmer_pass_turns"":66,""phantom_hand_actions"":0,""sell_floor_units"":172,""hire_premium"":3986,""shed_units_now"":0,""shed_value_now"":0.0,""animals_in_shed_now"":0,""seeds_unplanted_now"":12,""seeds_unplanted_cost_now"":200.0}]}",{},
B1_buy8_sell3,B1_opening,order_book,order_book,2026092422,1,66359.0,66210.0,149.0,W,kagsim,7.780058,0,0,0,0,0,0,0,0,19e2e7b0d517ade9e3156ed5ac478411ae57c4d56f83749b61c91a7eb503d9cd,"[{""step"":0,""shops"":[]},{""step"":72,""shops"":[""PET_CAFE""]},{""step"":144,""shops"":[""PET_CAFE"",""BAKERY""]},{""step"":216,""shops"":[""PET_CAFE"",""BAKERY"",""FARMERS_MARKET""]},{""step"":288,""shops"":[""PET_CAFE"",""BAKERY"",""FARMERS_MARKET"",""BRUNCH_SPOT""]},{""step"":360,""shops"":[""PET_CAFE"",""BAKERY"",""FARMERS_MARKET"",""BRUNCH_SPOT"",""YARN_STORE""]},{""step"":432,""shops"":[""PET_CAFE"",""BAKERY"",""FARMERS_MARKET"",""BRUNCH_SPOT"",""YARN_STORE"",""BAKERY""]},{""step"":504,""shops"":[""PET_CAFE"",""BAKERY"",""FARMERS_MARKET"",""BRUNCH_SPOT"",""YARN_STORE"",""BAKERY"",""BAKERY""]},{""step"":576,""shops"":[""PET_CAFE"",""BAKERY"",""FARMERS_MARKET"",""BRUNCH_SPOT"",""YARN_STORE"",""BAKERY"",""BAKERY"",""ICE_CREAM_SHOP""]}]",experiments/round10_public_learning_20260924/evaluations/opening_b2_confirmation/replays/B1_buy8_sell3/order_book/seed_2026092422_seat_1.json.gz,b2b6302110e951cebb57839d4c4c05624fc9156589c7d70ad6f99719cac978ad,895356ee3ad2e3026b3ec757c5236c7468b8d4b6e29dde1c36f5ff7b274b7534,a16e0e9b40c489972630a0b9d04f30e9c1cab03159fa78676db74277d84d82ab,0fe077cc65622d6f6828160d90b617595a4aa7ea188e4afc67bfee8e4d290c92,"{""players"":[{""sell_dead_units"":1231,""refused_buy_product"":25,""refused_buy_seed"":0,""refused_buy_animal"":0,""refused_hire"":0,""refused_buy_land"":0,""hire_paid"":4253,""sell_zero_fill"":42,""buy_zero_fill"":1,""sell_revenue"":231860.0,""total_spend"":168650.0,""shed_discarded_units"":9,""sold_units"":4879,""feed_no_wheat"":1,""feed_no_animal"":1,""feed_redundant"":0,""water_dead"":18,""harvest_dead"":10,""plant_dead"":0,""animals_escaped"":1,""escape_capital"":300.0,""escape_yield_units"":1,""escape_first_day"":26,""animal_unfed_days"":86,""plants_dry"":2,""dry_seed_cost"":120.0,""dry_yield_units"":1,""dry_first_day"":21,""plant_unwatered_days"":387,""decay_units"":18,""plants_decayed"":18,""silent_loss_coins"":420.0,""silent_loss_units"":29,""dead_actions"":62,""move_dead"":0,""locked_dead"":0,""pickup_dead"":0,""drop_dead"":0,""place_dead"":2,""build_dead"":0,""dig_dead"":2,""fertilize_dead"":1,""collect_dead"":3,""care_dead"":24,""tile_cap_units"":29,""fertilizer_forgone"":16,""care_unfed"":82,""animal_shed_days"":1,""idle_tile_days"":69,""weed_tile_days"":4,""hand_pass_turns"":373,""farmer_pass_turns"":66,""phantom_hand_actions"":0,""sell_floor_units"":172,""hire_premium"":3986,""shed_units_now"":0,""shed_value_now"":0.0,""animals_in_shed_now"":0,""seeds_unplanted_now"":13,""seeds_unplanted_cost_now"":210.0},{""sell_dead_units"":2237,""refused_buy_product"":25,""refused_buy_seed"":0,""refused_buy_animal"":0,""refused_hire"":0,""refused_buy_land"":0,""hire_paid"":4253,""sell_zero_fill"":44,""buy_zero_fill"":1,""sell_revenue"":231503.0,""total_spend"":168144.0,""shed_discarded_units"":12,""sold_units"":4869,""feed_no_wheat"":1,""feed_no_animal"":1,""feed_redundant"":0,""water_dead"":15,""harvest_dead"":9,""plant_dead"":0,""animals_escaped"":1,""escape_capital"":300.0,""escape_yield_units"":1,""escape_first_day"":26,""animal_unfed_days"":86,""plants_dry"":2,""dry_seed_cost"":120.0,""dry_yield_units"":1,""dry_first_day"":21,""plant_unwatered_days"":387,""decay_units"":18,""plants_decayed"":18,""silent_loss_coins"":420.0,""silent_loss_units"":32,""dead_actions"":57,""move_dead"":0,""locked_dead"":0,""pickup_dead"":0,""drop_dead"":0,""place_dead"":2,""build_dead"":0,""dig_dead"":2,""fertilize_dead"":0,""collect_dead"":3,""care_dead"":24,""tile_cap_units"":27,""fertilizer_forgone"":16,""care_unfed"":82,""animal_shed_days"":1,""idle_tile_days"":67,""weed_tile_days"":2,""hand_pass_turns"":375,""farmer_pass_turns"":66,""phantom_hand_actions"":0,""sell_floor_units"":174,""hire_premium"":3986,""shed_units_now"":0,""shed_value_now"":0.0,""animals_in_shed_now"":0,""seeds_unplanted_now"":4,""seeds_unplanted_cost_now"":40.0}]}",{},
B1_buy8_sell3,B1_opening,order_book,order_book,2026092423,0,122627.0,122565.0,62.0,W,kagsim,7.898991,0,0,0,0,0,0,0,0,85d8b413f9bf7d2c4e275dc00ed3cb3bab9b8ae1cb526d0a50828fa28f29a51c,"[{""step"":0,""shops"":[]},{""step"":72,""shops"":[""FARMERS_MARKET""]},{""step"":144,""shops"":[""FARMERS_MARKET"",""FARMERS_MARKET""]},{""step"":216,""shops"":[""FARMERS_MARKET"",""FARMERS_MARKET"",""YARN_STORE""]},{""step"":288,""shops"":[""FARMERS_MARKET"",""FARMERS_MARKET"",""YARN_STORE"",""BRUNCH_SPOT""]},{""step"":360,""shops"":[""FARMERS_MARKET"",""FARMERS_MARKET"",""YARN_STORE"",""BRUNCH_SPOT"",""PIZZA_SHOP""]},{""step"":432,""shops"":[""FARMERS_MARKET"",""FARMERS_MARKET"",""YARN_STORE"",""BRUNCH_SPOT"",""PIZZA_SHOP"",""PIZZA_SHOP""]},{""step"":504,""shops"":[""FARMERS_MARKET"",""FARMERS_MARKET"",""YARN_STORE"",""BRUNCH_SPOT"",""PIZZA_SHOP"",""PIZZA_SHOP"",""PIZZA_SHOP""]},{""step"":576,""shops"":[""FARMERS_MARKET"",""FARMERS_MARKET"",""YARN_STORE"",""BRUNCH_SPOT"",""PIZZA_SHOP"",""PIZZA_SHOP"",""PIZZA_SHOP"",""YARN_STORE""]}]",experiments/round10_public_learning_20260924/evaluations/opening_b2_confirmation/replays/B1_buy8_sell3/order_book/seed_2026092423_seat_0.json.gz,e654f7e2dd114a13a8eeb09feb9a945090e14f68a13a7a29b983d80545b8315d,895356ee3ad2e3026b3ec757c5236c7468b8d4b6e29dde1c36f5ff7b274b7534,a16e0e9b40c489972630a0b9d04f30e9c1cab03159fa78676db74277d84d82ab,0fe077cc65622d6f6828160d90b617595a4aa7ea188e4afc67bfee8e4d290c92,"{""players"":[{""sell_dead_units"":2276,""refused_buy_product"":1,""refused_buy_seed"":0,""refused_buy_animal"":0,""refused_hire"":0,""refused_buy_land"":0,""hire_paid"":7557,""sell_zero_fill"":44,""buy_zero_fill"":1,""sell_revenue"":173252.0,""total_spend"":53625.0,""shed_discarded_units"":5,""sold_units"":2048,""feed_no_wheat"":0,""feed_no_animal"":0,""feed_redundant"":0,""water_dead"":13,""harvest_dead"":18,""plant_dead"":0,""animals_escaped"":0,""escape_capital"":0.0,""escape_yield_units"":0,""escape_first_day"":-1,""animal_unfed_days"":66,""plants_dry"":2,""dry_seed_cost"":120.0,""dry_yield_units"":1,""dry_first_day"":21,""plant_unwatered_days"":418,""decay_units"":18,""plants_decayed"":18,""silent_loss_coins"":120.0,""silent_loss_units"":24,""dead_actions"":65,""move_dead"":0,""locked_dead"":0,""pickup_dead"":0,""drop_dead"":0,""place_dead"":4,""build_dead"":0,""dig_dead"":2,""fertilize_dead"":1,""collect_dead"":3,""care_dead"":24,""tile_cap_units"":14,""fertilizer_forgone"":18,""care_unfed"":62,""animal_shed_days"":1,""idle_tile_days"":230,""weed_tile_days"":9,""hand_pass_turns"":425,""farmer_pass_turns"":65,""phantom_hand_actions"":0,""sell_floor_units"":47,""hire_premium"":7273,""shed_units_now"":0,""shed_value_now"":0.0,""animals_in_shed_now"":0,""seeds_unplanted_now"":5,""seeds_unplanted_cost_now"":50.0},{""sell_dead_units"":1276,""refused_buy_product"":1,""refused_buy_seed"":0,""refused_buy_animal"":0,""refused_hire"":0,""refused_buy_land"":0,""hire_paid"":7557,""sell_zero_fill"":43,""buy_zero_fill"":1,""sell_revenue"":173706.0,""total_spend"":54141.0,""shed_discarded_units"":2,""sold_units"":2059,""feed_no_wheat"":0,""feed_no_animal"":0,""feed_redundant"":0,""water_dead"":13,""harvest_dead"":18,""plant_dead"":0,""animals_escaped"":0,""escape_capital"":0.0,""escape_yield_units"":0,""escape_first_day"":-1,""animal_unfed_days"":66,""plants_dry"":2,""dry_seed_cost"":120.0,""dry_yield_units"":1,""dry_first_day"":21,""plant_unwatered_days"":418,""decay_units"":18,""plants_decayed"":18,""silent_loss_coins"":120.0,""silent_loss_units"":21,""dead_actions"":66,""move_dead"":0,""locked_dead"":0,""pickup_dead"":0,""drop_dead"":0,""place_dead"":4,""build_dead"":0,""dig_dead"":2,""fertilize_dead"":2,""collect_dead"":3,""care_dead"":24,""tile_cap_units"":16,""fertilizer_forgone"":18,""care_unfed"":62,""animal_shed_days"":1,""idle_tile_days"":230,""weed_tile_days"":2,""hand_pass_turns"":422,""farmer_pass_turns"":65,""phantom_hand_actions"":0,""sell_floor_units"":46,""hire_premium"":7273,""shed_units_now"":0,""shed_value_now"":0.0,""animals_in_shed_now"":0,""seeds_unplanted_now"":13,""seeds_unplanted_cost_now"":210.0}]}",{},
B1_buy8_sell3,B1_opening,order_book,order_book,2026092423,1,122627.0,122565.0,62.0,W,kagsim,8.292929,0,0,0,0,0,0,0,0,85d8b413f9bf7d2c4e275dc00ed3cb3bab9b8ae1cb526d0a50828fa28f29a51c,"[{""step"":0,""shops"":[]},{""step"":72,""shops"":[""FARMERS_MARKET""]},{""step"":144,""shops"":[""FARMERS_MARKET"",""FARMERS_MARKET""]},{""step"":216,""shops"":[""FARMERS_MARKET"",""FARMERS_MARKET"",""YARN_STORE""]},{""step"":288,""shops"":[""FARMERS_MARKET"",""FARMERS_MARKET"",""YARN_STORE"",""BRUNCH_SPOT""]},{""step"":360,""shops"":[""FARMERS_MARKET"",""FARMERS_MARKET"",""YARN_STORE"",""BRUNCH_SPOT"",""PIZZA_SHOP""]},{""step"":432,""shops"":[""FARMERS_MARKET"",""FARMERS_MARKET"",""YARN_STORE"",""BRUNCH_SPOT"",""PIZZA_SHOP"",""PIZZA_SHOP""]},{""step"":504,""shops"":[""FARMERS_MARKET"",""FARMERS_MARKET"",""YARN_STORE"",""BRUNCH_SPOT"",""PIZZA_SHOP"",""PIZZA_SHOP"",""PIZZA_SHOP""]},{""step"":576,""shops"":[""FARMERS_MARKET"",""FARMERS_MARKET"",""YARN_STORE"",""BRUNCH_SPOT"",""PIZZA_SHOP"",""PIZZA_SHOP"",""PIZZA_SHOP"",""YARN_STORE""]}]",experiments/round10_public_learning_20260924/evaluations/opening_b2_confirmation/replays/B1_buy8_sell3/order_book/seed_2026092423_seat_1.json.gz,c44944c36c5b4e45ffc646adb45125e1911a1837b186a7ba17e7b0213a074168,895356ee3ad2e3026b3ec757c5236c7468b8d4b6e29dde1c36f5ff7b274b7534,a16e0e9b40c489972630a0b9d04f30e9c1cab03159fa78676db74277d84d82ab,0fe077cc65622d6f6828160d90b617595a4aa7ea188e4afc67bfee8e4d290c92,"{""players"":[{""sell_dead_units"":1276,""refused_buy_product"":1,""refused_buy_seed"":0,""refused_buy_animal"":0,""refused_hire"":0,""refused_buy_land"":0,""hire_paid"":7557,""sell_zero_fill"":43,""buy_zero_fill"":1,""sell_revenue"":173706.0,""total_spend"":54141.0,""shed_discarded_units"":2,""sold_units"":2059,""feed_no_wheat"":0,""feed_no_animal"":0,""feed_redundant"":0,""water_dead"":13,""harvest_dead"":18,""plant_dead"":0,""animals_escaped"":0,""escape_capital"":0.0,""escape_yield_units"":0,""escape_first_day"":-1,""animal_unfed_days"":66,""plants_dry"":2,""dry_seed_cost"":120.0,""dry_yield_units"":1,""dry_first_day"":21,""plant_unwatered_days"":418,""decay_units"":18,""plants_decayed"":18,""silent_loss_coins"":120.0,""silent_loss_units"":21,""dead_actions"":66,""move_dead"":0,""locked_dead"":0,""pickup_dead"":0,""drop_dead"":0,""place_dead"":4,""build_dead"":0,""dig_dead"":2,""fertilize_dead"":2,""collect_dead"":3,""care_dead"":24,""tile_cap_units"":16,""fertilizer_forgone"":18,""care_unfed"":62,""animal_shed_days"":1,""idle_tile_days"":230,""weed_tile_days"":9,""hand_pass_turns"":422,""farmer_pass_turns"":65,""phantom_hand_actions"":0,""sell_floor_units"":46,""hire_premium"":7273,""shed_units_now"":0,""shed_value_now"":0.0,""animals_in_shed_now"":0,""seeds_unplanted_now"":13,""seeds_unplanted_cost_now"":210.0},{""sell_dead_units"":2276,""refused_buy_product"":1,""refused_buy_seed"":0,""refused_buy_animal"":0,""refused_hire"":0,""refused_buy_land"":0,""hire_paid"":7557,""sell_zero_fill"":44,""buy_zero_fill"":1,""sell_revenue"":173252.0,""total_spend"":53625.0,""shed_discarded_units"":5,""sold_units"":2048,""feed_no_wheat"":0,""feed_no_animal"":0,""feed_redundant"":0,""water_dead"":13,""harvest_dead"":18,""plant_dead"":0,""animals_escaped"":0,""escape_capital"":0.0,""escape_yield_units"":0,""escape_first_day"":-1,""animal_unfed_days"":66,""plants_dry"":2,""dry_seed_cost"":120.0,""dry_yield_units"":1,""dry_first_day"":21,""plant_unwatered_days"":418,""decay_units"":18,""plants_decayed"":18,""silent_loss_coins"":120.0,""silent_loss_units"":24,""dead_actions"":65,""move_dead"":0,""locked_dead"":0,""pickup_dead"":0,""drop_dead"":0,""place_dead"":4,""build_dead"":0,""dig_dead"":2,""fertilize_dead"":1,""collect_dead"":3,""care_dead"":24,""tile_cap_units"":14,""fertilizer_forgone"":18,""care_unfed"":62,""animal_shed_days"":1,""idle_tile_days"":230,""weed_tile_days"":2,""hand_pass_turns"":425,""farmer_pass_turns"":65,""phantom_hand_actions"":0,""sell_floor_units"":47,""hire_premium"":7273,""shed_units_now"":0,""shed_value_now"":0.0,""animals_in_shed_now"":0,""seeds_unplanted_now"":5,""seeds_unplanted_cost_now"":50.0}]}",{},
B1_buy8_sell3,B1_opening,order_book,order_book,2026092424,0,101632.0,101622.0,10.0,W,kagsim,7.354409,0,0,0,0,0,0,0,0,4444a7221dc8b07c56b279d0ff34ad50d3f8dfee5e4af6a415a8e6bd7bc32cd6,"[{""step"":0,""shops"":[]},{""step"":72,""shops"":[""YARN_STORE""]},{""step"":144,""shops"":[""YARN_STORE"",""PIZZA_SHOP""]},{""step"":216,""shops"":[""YARN_STORE"",""PIZZA_SHOP"",""PIZZA_SHOP""]},{""step"":288,""shops"":[""YARN_STORE"",""PIZZA_SHOP"",""PIZZA_SHOP"",""SMOOTHIE_SHOP""]},{""step"":360,""shops"":[""YARN_STORE"",""PIZZA_SHOP"",""PIZZA_SHOP"",""SMOOTHIE_SHOP"",""BRUNCH_SPOT""]},{""step"":432,""shops"":[""YARN_STORE"",""PIZZA_SHOP"",""PIZZA_SHOP"",""SMOOTHIE_SHOP"",""BRUNCH_SPOT"",""BRUNCH_SPOT""]},{""step"":504,""shops"":[""YARN_STORE"",""PIZZA_SHOP"",""PIZZA_SHOP"",""SMOOTHIE_SHOP"",""BRUNCH_SPOT"",""BRUNCH_SPOT"",""PET_CAFE""]},{""step"":576,""shops"":[""YARN_STORE"",""PIZZA_SHOP"",""PIZZA_SHOP"",""SMOOTHIE_SHOP"",""BRUNCH_SPOT"",""BRUNCH_SPOT"",""PET_CAFE"",""BAKERY""]}]",experiments/round10_public_learning_20260924/evaluations/opening_b2_confirmation/replays/B1_buy8_sell3/order_book/seed_2026092424_seat_0.json.gz,7b1044cd0a40f61c8b4d23de381ee966bdc61422778c29086fc972c9ef89c701,895356ee3ad2e3026b3ec757c5236c7468b8d4b6e29dde1c36f5ff7b274b7534,a16e0e9b40c489972630a0b9d04f30e9c1cab03159fa78676db74277d84d82ab,0fe077cc65622d6f6828160d90b617595a4aa7ea188e4afc67bfee8e4d290c92,"{""players"":[{""sell_dead_units"":205,""refused_buy_product"":1,""refused_buy_seed"":0,""refused_buy_animal"":0,""refused_hire"":0,""refused_buy_land"":0,""hire_paid"":5515,""sell_zero_fill"":20,""buy_zero_fill"":1,""sell_revenue"":128013.0,""total_spend"":29381.0,""shed_discarded_units"":20,""sold_units"":1553,""feed_no_wheat"":0,""feed_no_animal"":0,""feed_redundant"":0,""water_dead"":1,""harvest_dead"":4,""plant_dead"":0,""animals_escaped"":0,""escape_capital"":0.0,""escape_yield_units"":0,""escape_first_day"":-1,""animal_unfed_days"":43,""plants_dry"":1,""dry_seed_cost"":100.0,""dry_yield_units"":0,""dry_first_day"":21,""plant_unwatered_days"":385,""decay_units"":18,""plants_decayed"":18,""silent_loss_coins"":100.0,""silent_loss_units"":38,""dead_actions"":17,""move_dead"":0,""locked_dead"":0,""pickup_dead"":0,""drop_dead"":0,""place_dead"":1,""build_dead"":0,""dig_dead"":2,""fertilize_dead"":0,""collect_dead"":4,""care_dead"":5,""tile_cap_units"":8,""fertilizer_forgone"":14,""care_unfed"":39,""animal_shed_days"":0,""idle_tile_days"":62,""weed_tile_days"":1,""hand_pass_turns"":599,""farmer_pass_turns"":81,""phantom_hand_actions"":0,""sell_floor_units"":144,""hire_premium"":5234,""shed_units_now"":0,""shed_value_now"":0.0,""animals_in_shed_now"":0,""seeds_unplanted_now"":0,""seeds_unplanted_cost_now"":0.0},{""sell_dead_units"":205,""refused_buy_product"":1,""refused_buy_seed"":0,""refused_buy_animal"":0,""refused_hire"":0,""refused_buy_land"":0,""hire_paid"":5515,""sell_zero_fill"":20,""buy_zero_fill"":1,""sell_revenue"":128359.0,""total_spend"":29737.0,""shed_discarded_units"":20,""sold_units"":1563,""feed_no_wheat"":0,""feed_no_animal"":0,""feed_redundant"":0,""water_dead"":1,""harvest_dead"":6,""plant_dead"":0,""animals_escaped"":0,""escape_capital"":0.0,""escape_yield_units"":0,""escape_first_day"":-1,""animal_unfed_days"":43,""plants_dry"":1,""dry_seed_cost"":100.0,""dry_yield_units"":0,""dry_first_day"":21,""plant_unwatered_days"":385,""decay_units"":18,""plants_decayed"":18,""silent_loss_coins"":100.0,""silent_loss_units"":38,""dead_actions"":20,""move_dead"":0,""locked_dead"":0,""pickup_dead"":0,""drop_dead"":0,""place_dead"":2,""build_dead"":0,""dig_dead"":2,""fertilize_dead"":0,""collect_dead"":4,""care_dead"":5,""tile_cap_units"":8,""fertilizer_forgone"":14,""care_unfed"":39,""animal_shed_days"":0,""idle_tile_days"":62,""weed_tile_days"":1,""hand_pass_turns"":598,""farmer_pass_turns"":81,""phantom_hand_actions"":0,""sell_floor_units"":142,""hire_premium"":5234,""shed_units_now"":0,""shed_value_now"":0.0,""animals_in_shed_now"":0,""seeds_unplanted_now"":0,""seeds_unplanted_cost_now"":0.0}]}",{},
B1_buy8_sell3,B1_opening,order_book,order_book,2026092424,1,101632.0,101622.0,10.0,W,kagsim,7.647832,0,0,0,0,0,0,0,0,4444a7221dc8b07c56b279d0ff34ad50d3f8dfee5e4af6a415a8e6bd7bc32cd6,"[{""step"":0,""shops"":[]},{""step"":72,""shops"":[""YARN_STORE""]},{""step"":144,""shops"":[""YARN_STORE"",""PIZZA_SHOP""]},{""step"":216,""shops"":[""YARN_STORE"",""PIZZA_SHOP"",""PIZZA_SHOP""]},{""step"":288,""shops"":[""YARN_STORE"",""PIZZA_SHOP"",""PIZZA_SHOP"",""SMOOTHIE_SHOP""]},{""step"":360,""shops"":[""YARN_STORE"",""PIZZA_SHOP"",""PIZZA_SHOP"",""SMOOTHIE_SHOP"",""BRUNCH_SPOT""]},{""step"":432,""shops"":[""YARN_STORE"",""PIZZA_SHOP"",""PIZZA_SHOP"",""SMOOTHIE_SHOP"",""BRUNCH_SPOT"",""BRUNCH_SPOT""]},{""step"":504,""shops"":[""YARN_STORE"",""PIZZA_SHOP"",""PIZZA_SHOP"",""SMOOTHIE_SHOP"",""BRUNCH_SPOT"",""BRUNCH_SPOT"",""PET_CAFE""]},{""step"":576,""shops"":[""YARN_STORE"",""PIZZA_SHOP"",""PIZZA_SHOP"",""SMOOTHIE_SHOP"",""BRUNCH_SPOT"",""BRUNCH_SPOT"",""PET_CAFE"",""BAKERY""]}]",experiments/round10_public_learning_20260924/evaluations/opening_b2_confirmation/replays/B1_buy8_sell3/order_book/seed_2026092424_seat_1.json.gz,6cc3a21403b7118c0763cc7a31d2cb3d90b794156dac82e053d50f6a27b47725,895356ee3ad2e3026b3ec757c5236c7468b8d4b6e29dde1c36f5ff7b274b7534,a16e0e9b40c489972630a0b9d04f30e9c1cab03159fa78676db74277d84d82ab,0fe077cc65622d6f6828160d90b617595a4aa7ea188e4afc67bfee8e4d290c92,"{""players"":[{""sell_dead_units"":205,""refused_buy_product"":1,""refused_buy_seed"":0,""refused_buy_animal"":0,""refused_hire"":0,""refused_buy_land"":0,""hire_paid"":5515,""sell_zero_fill"":20,""buy_zero_fill"":1,""sell_revenue"":128359.0,""total_spend"":29737.0,""shed_discarded_units"":20,""sold_units"":1563,""feed_no_wheat"":0,""feed_no_animal"":0,""feed_redundant"":0,""water_dead"":1,""harvest_dead"":6,""plant_dead"":0,""animals_escaped"":0,""escape_capital"":0.0,""escape_yield_units"":0,""escape_first_day"":-1,""animal_unfed_days"":43,""plants_dry"":1,""dry_seed_cost"":100.0,""dry_yield_units"":0,""dry_first_day"":21,""plant_unwatered_days"":385,""decay_units"":18,""plants_decayed"":18,""silent_loss_coins"":100.0,""silent_loss_units"":38,""dead_actions"":20,""move_dead"":0,""locked_dead"":0,""pickup_dead"":0,""drop_dead"":0,""place_dead"":2,""build_dead"":0,""dig_dead"":2,""fertilize_dead"":0,""collect_dead"":4,""care_dead"":5,""tile_cap_units"":8,""fertilizer_forgone"":14,""care_unfed"":39,""animal_shed_days"":0,""idle_tile_days"":62,""weed_tile_days"":1,""hand_pass_turns"":598,""farmer_pass_turns"":81,""phantom_hand_actions"":0,""sell_floor_units"":142,""hire_premium"":5234,""shed_units_now"":0,""shed_value_now"":0.0,""animals_in_shed_now"":0,""seeds_unplanted_now"":0,""seeds_unplanted_cost_now"":0.0},{""sell_dead_units"":205,""refused_buy_product"":1,""refused_buy_seed"":0,""refused_buy_animal"":0,""refused_hire"":0,""refused_buy_land"":0,""hire_paid"":5515,""sell_zero_fill"":20,""buy_zero_fill"":1,""sell_revenue"":128013.0,""total_spend"":29381.0,""shed_discarded_units"":20,""sold_units"":1553,""feed_no_wheat"":0,""feed_no_animal"":0,""feed_redundant"":0,""water_dead"":1,""harvest_dead"":4,""plant_dead"":0,""animals_escaped"":0,""escape_capital"":0.0,""escape_yield_units"":0,""escape_first_day"":-1,""animal_unfed_days"":43,""plants_dry"":1,""dry_seed_cost"":100.0,""dry_yield_units"":0,""dry_first_day"":21,""plant_unwatered_days"":385,""decay_units"":18,""plants_decayed"":18,""silent_loss_coins"":100.0,""silent_loss_units"":38,""dead_actions"":17,""move_dead"":0,""locked_dead"":0,""pickup_dead"":0,""drop_dead"":0,""place_dead"":1,""build_dead"":0,""dig_dead"":2,""fertilize_dead"":0,""collect_dead"":4,""care_dead"":5,""tile_cap_units"":8,""fertilizer_forgone"":14,""care_unfed"":39,""animal_shed_days"":0,""idle_tile_days"":62,""weed_tile_days"":1,""hand_pass_turns"":599,""farmer_pass_turns"":81,""phantom_hand_actions"":0,""sell_floor_units"":144,""hire_premium"":5234,""shed_units_now"":0,""shed_value_now"":0.0,""animals_in_shed_now"":0,""seeds_unplanted_now"":0,""seeds_unplanted_cost_now"":0.0}]}",{},
B1_buy8_sell3,B1_opening,qeinstein_moev2,qeinstein,2026092421,0,77611.0,65233.0,12378.0,W,kagsim,4.950477,0,0,0,0,0,0,0,0,344274c6d0dfd57e6662f373e4f07c67419f008ab9e5f6bc286ad85b60d2b7ef,"[{""step"":0,""shops"":[]},{""step"":72,""shops"":[""ICE_CREAM_SHOP""]},{""step"":144,""shops"":[""ICE_CREAM_SHOP"",""BAKERY""]},{""step"":216,""shops"":[""ICE_CREAM_SHOP"",""BAKERY"",""PET_CAFE""]},{""step"":288,""shops"":[""ICE_CREAM_SHOP"",""BAKERY"",""PET_CAFE"",""FARMERS_MARKET""]},{""step"":360,""shops"":[""ICE_CREAM_SHOP"",""BAKERY"",""PET_CAFE"",""FARMERS_MARKET"",""BAKERY""]},{""step"":432,""shops"":[""ICE_CREAM_SHOP"",""BAKERY"",""PET_CAFE"",""FARMERS_MARKET"",""BAKERY"",""YARN_STORE""]},{""step"":504,""shops"":[""ICE_CREAM_SHOP"",""BAKERY"",""PET_CAFE"",""FARMERS_MARKET"",""BAKERY"",""YARN_STORE"",""BAKERY""]},{""step"":576,""shops"":[""ICE_CREAM_SHOP"",""BAKERY"",""PET_CAFE"",""FARMERS_MARKET"",""BAKERY"",""YARN_STORE"",""BAKERY"",""BRUNCH_SPOT""]}]",experiments/round10_public_learning_20260924/evaluations/opening_b2_confirmation/replays/B1_buy8_sell3/qeinstein_moev2/seed_2026092421_seat_0.json.gz,c27f9e438392fcf4db45af55ba71ed201eb962645b2e0aeacfb52fba8be17c8c,895356ee3ad2e3026b3ec757c5236c7468b8d4b6e29dde1c36f5ff7b274b7534,45fa89710e66327379fb27dfa3569b153abf8ead9f5f9be0da02dbe9e792105c,0fe077cc65622d6f6828160d90b617595a4aa7ea188e4afc67bfee8e4d290c92,"{""players"":[{""sell_dead_units"":2203,""refused_buy_product"":0,""refused_buy_seed"":0,""refused_buy_animal"":0,""refused_hire"":0,""refused_buy_land"":0,""hire_paid"":4308,""sell_zero_fill"":36,""buy_zero_fill"":0,""sell_revenue"":103089.0,""total_spend"":28478.0,""shed_discarded_units"":3,""sold_units"":1591,""feed_no_wheat"":1,""feed_no_animal"":1,""feed_redundant"":0,""water_dead"":11,""harvest_dead"":6,""plant_dead"":0,""animals_escaped"":1,""escape_capital"":300.0,""escape_yield_units"":1,""escape_first_day"":26,""animal_unfed_days"":85,""plants_dry"":1,""dry_seed_cost"":100.0,""dry_yield_units"":0,""dry_first_day"":21,""plant_unwatered_days"":390,""decay_units"":18,""plants_decayed"":18,""silent_loss_coins"":400.0,""silent_loss_units"":22,""dead_actions"":48,""move_dead"":0,""locked_dead"":0,""pickup_dead"":0,""drop_dead"":0,""place_dead"":2,""build_dead"":0,""dig_dead"":4,""fertilize_dead"":1,""collect_dead"":8,""care_dead"":14,""tile_cap_units"":28,""fertilizer_forgone"":17,""care_unfed"":81,""animal_shed_days"":1,""idle_tile_days"":64,""weed_tile_days"":1,""hand_pass_turns"":400,""farmer_pass_turns"":67,""phantom_hand_actions"":0,""sell_floor_units"":157,""hire_premium"":4041,""shed_units_now"":0,""shed_value_now"":0.0,""animals_in_shed_now"":0,""seeds_unplanted_now"":4,""seeds_unplanted_cost_now"":40.0},{""sell_dead_units"":28,""refused_buy_product"":42,""refused_buy_seed"":0,""refused_buy_animal"":0,""refused_hire"":0,""refused_buy_land"":0,""hire_paid"":6298,""sell_zero_fill"":0,""buy_zero_fill"":0,""sell_revenue"":93501.0,""total_spend"":31268.0,""shed_discarded_units"":2,""sold_units"":1500,""feed_no_wheat"":7,""feed_no_animal"":0,""feed_redundant"":3,""water_dead"":8,""harvest_dead"":15,""plant_dead"":0,""animals_escaped"":0,""escape_capital"":0.0,""escape_yield_units"":0,""escape_first_day"":-1,""animal_unfed_days"":19,""plants_dry"":3,""dry_seed_cost"":50.0,""dry_yield_units"":3,""dry_first_day"":17,""plant_unwatered_days"":394,""decay_units"":36,""plants_decayed"":36,""silent_loss_coins"":50.0,""silent_loss_units"":41,""dead_actions"":44,""move_dead"":0,""locked_dead"":0,""pickup_dead"":2,""drop_dead"":0,""place_dead"":5,""build_dead"":0,""dig_dead"":0,""fertilize_dead"":4,""collect_dead"":0,""care_dead"":0,""tile_cap_units"":19,""fertilizer_forgone"":0,""care_unfed"":14,""animal_shed_days"":0,""idle_tile_days"":73,""weed_tile_days"":23,""hand_pass_turns"":778,""farmer_pass_turns"":70,""phantom_hand_actions"":0,""sell_floor_units"":182,""hire_premium"":6008,""shed_units_now"":1,""shed_value_now"":1.0,""animals_in_shed_now"":0,""seeds_unplanted_now"":0,""seeds_unplanted_cost_now"":0.0}]}",{},
B1_buy8_sell3,B1_opening,qeinstein_moev2,qeinstein,2026092421,1,77611.0,65233.0,12378.0,W,kagsim,4.976931,0,0,0,0,0,0,0,0,344274c6d0dfd57e6662f373e4f07c67419f008ab9e5f6bc286ad85b60d2b7ef,"[{""step"":0,""shops"":[]},{""step"":72,""shops"":[""ICE_CREAM_SHOP""]},{""step"":144,""shops"":[""ICE_CREAM_SHOP"",""BAKERY""]},{""step"":216,""shops"":[""ICE_CREAM_SHOP"",""BAKERY"",""PET_CAFE""]},{""step"":288,""shops"":[""ICE_CREAM_SHOP"",""BAKERY"",""PET_CAFE"",""FARMERS_MARKET""]},{""step"":360,""shops"":[""ICE_CREAM_SHOP"",""BAKERY"",""PET_CAFE"",""FARMERS_MARKET"",""BAKERY""]},{""step"":432,""shops"":[""ICE_CREAM_SHOP"",""BAKERY"",""PET_CAFE"",""FARMERS_MARKET"",""BAKERY"",""YARN_STORE""]},{""step"":504,""shops"":[""ICE_CREAM_SHOP"",""BAKERY"",""PET_CAFE"",""FARMERS_MARKET"",""BAKERY"",""YARN_STORE"",""BAKERY""]},{""step"":576,""shops"":[""ICE_CREAM_SHOP"",""BAKERY"",""PET_CAFE"",""FARMERS_MARKET"",""BAKERY"",""YARN_STORE"",""BAKERY"",""BRUNCH_SPOT""]}]",experiments/round10_public_learning_20260924/evaluations/opening_b2_confirmation/replays/B1_buy8_sell3/qeinstein_moev2/seed_2026092421_seat_1.json.gz,499648e8f129415bd05295e3645d5b5f0233ac664efc8955240c2b39f5dcf8af,895356ee3ad2e3026b3ec757c5236c7468b8d4b6e29dde1c36f5ff7b274b7534,45fa89710e66327379fb27dfa3569b153abf8ead9f5f9be0da02dbe9e792105c,0fe077cc65622d6f6828160d90b617595a4aa7ea188e4afc67bfee8e4d290c92,"{""players"":[{""sell_dead_units"":28,""refused_buy_product"":42,""refused_buy_seed"":0,""refused_buy_animal"":0,""refused_hire"":0,""refused_buy_land"":0,""hire_paid"":6298,""sell_zero_fill"":0,""buy_zero_fill"":0,""sell_revenue"":93501.0,""total_spend"":31268.0,""shed_discarded_units"":2,""sold_units"":1500,""feed_no_wheat"":7,""feed_no_animal"":0,""feed_redundant"":3,""water_dead"":8,""harvest_dead"":15,""plant_dead"":0,""animals_escaped"":0,""escape_capital"":0.0,""escape_yield_units"":0,""escape_first_day"":-1,""animal_unfed_days"":19,""plants_dry"":3,""dry_seed_cost"":50.0,""dry_yield_units"":3,""dry_first_day"":17,""plant_unwatered_days"":394,""decay_units"":36,""plants_decayed"":36,""silent_loss_coins"":50.0,""silent_loss_units"":41,""dead_actions"":44,""move_dead"":0,""locked_dead"":0,""pickup_dead"":2,""drop_dead"":0,""place_dead"":5,""build_dead"":0,""dig_dead"":0,""fertilize_dead"":4,""collect_dead"":0,""care_dead"":0,""tile_cap_units"":19,""fertilizer_forgone"":0,""care_unfed"":14,""animal_shed_days"":0,""idle_tile_days"":73,""weed_tile_days"":23,""hand_pass_turns"":778,""farmer_pass_turns"":70,""phantom_hand_actions"":0,""sell_floor_units"":182,""hire_premium"":6008,""shed_units_now"":1,""shed_value_now"":1.0,""animals_in_shed_now"":0,""seeds_unplanted_now"":0,""seeds_unplanted_cost_now"":0.0},{""sell_dead_units"":2203,""refused_buy_product"":0,""refused_buy_seed"":0,""refused_buy_animal"":0,""refused_hire"":0,""refused_buy_land"":0,""hire_paid"":4308,""sell_zero_fill"":36,""buy_zero_fill"":0,""sell_revenue"":103089.0,""total_spend"":28478.0,""shed_discarded_units"":3,""sold_units"":1591,""feed_no_wheat"":1,""feed_no_animal"":1,""feed_redundant"":0,""water_dead"":11,""harvest_dead"":6,""plant_dead"":0,""animals_escaped"":1,""escape_capital"":300.0,""escape_yield_units"":1,""escape_first_day"":26,""animal_unfed_days"":85,""plants_dry"":1,""dry_seed_cost"":100.0,""dry_yield_units"":0,""dry_first_day"":21,""plant_unwatered_days"":390,""decay_units"":18,""plants_decayed"":18,""silent_loss_coins"":400.0,""silent_loss_units"":22,""dead_actions"":48,""move_dead"":0,""locked_dead"":0,""pickup_dead"":0,""drop_dead"":0,""place_dead"":2,""build_dead"":0,""dig_dead"":4,""fertilize_dead"":1,""collect_dead"":8,""care_dead"":14,""tile_cap_units"":28,""fertilizer_forgone"":17,""care_unfed"":81,""animal_shed_days"":1,""idle_tile_days"":64,""weed_tile_days"":1,""hand_pass_turns"":400,""farmer_pass_turns"":67,""phantom_hand_actions"":0,""sell_floor_units"":157,""hire_premium"":4041,""shed_units_now"":0,""shed_value_now"":0.0,""animals_in_shed_now"":0,""seeds_unplanted_now"":4,""seeds_unplanted_cost_now"":40.0}]}",{},
B1_buy8_sell3,B1_opening,qeinstein_moev2,qeinstein,2026092422,0,69930.0,53415.0,16515.0,W,kagsim,5.185929,0,0,0,0,0,0,0,0,a194039b7c5b13286b2ac46688815a8b4c48774792d079eacd58df40ba6c0e79,"[{""step"":0,""shops"":[]},{""step"":72,""shops"":[""PET_CAFE""]},{""step"":144,""shops"":[""PET_CAFE"",""BAKERY""]},{""step"":216,""shops"":[""PET_CAFE"",""BAKERY"",""FARMERS_MARKET""]},{""step"":288,""shops"":[""PET_CAFE"",""BAKERY"",""FARMERS_MARKET"",""BRUNCH_SPOT""]},{""step"":360,""shops"":[""PET_CAFE"",""BAKERY"",""FARMERS_MARKET"",""BRUNCH_SPOT"",""YARN_STORE""]},{""step"":432,""shops"":[""PET_CAFE"",""BAKERY"",""FARMERS_MARKET"",""BRUNCH_SPOT"",""YARN_STORE"",""BAKERY""]},{""step"":504,""shops"":[""PET_CAFE"",""BAKERY"",""FARMERS_MARKET"",""BRUNCH_SPOT"",""YARN_STORE"",""BAKERY"",""BAKERY""]},{""step"":576,""shops"":[""PET_CAFE"",""BAKERY"",""FARMERS_MARKET"",""BRUNCH_SPOT"",""YARN_STORE"",""BAKERY"",""BAKERY"",""BRUNCH_SPOT""]}]",experiments/round10_public_learning_20260924/evaluations/opening_b2_confirmation/replays/B1_buy8_sell3/qeinstein_moev2/seed_2026092422_seat_0.json.gz,4f347256c8f0012cc63e3bee84e9a23052b78185f748cac842556957488ddf67,895356ee3ad2e3026b3ec757c5236c7468b8d4b6e29dde1c36f5ff7b274b7534,45fa89710e66327379fb27dfa3569b153abf8ead9f5f9be0da02dbe9e792105c,0fe077cc65622d6f6828160d90b617595a4aa7ea188e4afc67bfee8e4d290c92,"{""players"":[{""sell_dead_units"":2242,""refused_buy_product"":14,""refused_buy_seed"":0,""refused_buy_animal"":0,""refused_hire"":0,""refused_buy_land"":0,""hire_paid"":4308,""sell_zero_fill"":41,""buy_zero_fill"":0,""sell_revenue"":234214.0,""total_spend"":167284.0,""shed_discarded_units"":12,""sold_units"":4869,""feed_no_wheat"":1,""feed_no_animal"":1,""feed_redundant"":0,""water_dead"":18,""harvest_dead"":10,""plant_dead"":0,""animals_escaped"":1,""escape_capital"":300.0,""escape_yield_units"":1,""escape_first_day"":26,""animal_unfed_days"":82,""plants_dry"":2,""dry_seed_cost"":120.0,""dry_yield_units"":1,""dry_first_day"":21,""plant_unwatered_days"":388,""decay_units"":18,""plants_decayed"":18,""silent_loss_coins"":420.0,""silent_loss_units"":32,""dead_actions"":61,""move_dead"":0,""locked_dead"":0,""pickup_dead"":0,""drop_dead"":0,""place_dead"":2,""build_dead"":0,""dig_dead"":2,""fertilize_dead"":0,""collect_dead"":3,""care_dead"":24,""tile_cap_units"":30,""fertilizer_forgone"":16,""care_unfed"":78,""animal_shed_days"":1,""idle_tile_days"":69,""weed_tile_days"":4,""hand_pass_turns"":372,""farmer_pass_turns"":66,""phantom_hand_actions"":0,""sell_floor_units"":172,""hire_premium"":4041,""shed_units_now"":0,""shed_value_now"":0.0,""animals_in_shed_now"":0,""seeds_unplanted_now"":5,""seeds_unplanted_cost_now"":50.0},{""sell_dead_units"":28,""refused_buy_product"":42,""refused_buy_seed"":0,""refused_buy_animal"":0,""refused_hire"":0,""refused_buy_land"":0,""hire_paid"":6298,""sell_zero_fill"":0,""buy_zero_fill"":0,""sell_revenue"":81474.0,""total_spend"":31059.0,""shed_discarded_units"":2,""sold_units"":1500,""feed_no_wheat"":7,""feed_no_animal"":0,""feed_redundant"":3,""water_dead"":8,""harvest_dead"":15,""plant_dead"":0,""animals_escaped"":0,""escape_capital"":0.0,""escape_yield_units"":0,""escape_first_day"":-1,""animal_unfed_days"":19,""plants_dry"":3,""dry_seed_cost"":50.0,""dry_yield_units"":3,""dry_first_day"":17,""plant_unwatered_days"":394,""decay_units"":36,""plants_decayed"":36,""silent_loss_coins"":50.0,""silent_loss_units"":41,""dead_actions"":44,""move_dead"":0,""locked_dead"":0,""pickup_dead"":2,""drop_dead"":0,""place_dead"":5,""build_dead"":0,""dig_dead"":0,""fertilize_dead"":4,""collect_dead"":0,""care_dead"":0,""tile_cap_units"":19,""fertilizer_forgone"":0,""care_unfed"":14,""animal_shed_days"":0,""idle_tile_days"":73,""weed_tile_days"":23,""hand_pass_turns"":778,""farmer_pass_turns"":70,""phantom_hand_actions"":0,""sell_floor_units"":275,""hire_premium"":6008,""shed_units_now"":1,""shed_value_now"":1.0,""animals_in_shed_now"":0,""seeds_unplanted_now"":0,""seeds_unplanted_cost_now"":0.0}]}",{},
B1_buy8_sell3,B1_opening,qeinstein_moev2,qeinstein,2026092422,1,69987.0,53331.0,16656.0,W,kagsim,5.052614,0,0,0,0,0,0,0,0,a194039b7c5b13286b2ac46688815a8b4c48774792d079eacd58df40ba6c0e79,"[{""step"":0,""shops"":[]},{""step"":72,""shops"":[""PET_CAFE""]},{""step"":144,""shops"":[""PET_CAFE"",""BAKERY""]},{""step"":216,""shops"":[""PET_CAFE"",""BAKERY"",""FARMERS_MARKET""]},{""step"":288,""shops"":[""PET_CAFE"",""BAKERY"",""FARMERS_MARKET"",""BRUNCH_SPOT""]},{""step"":360,""shops"":[""PET_CAFE"",""BAKERY"",""FARMERS_MARKET"",""BRUNCH_SPOT"",""YARN_STORE""]},{""step"":432,""shops"":[""PET_CAFE"",""BAKERY"",""FARMERS_MARKET"",""BRUNCH_SPOT"",""YARN_STORE"",""BAKERY""]},{""step"":504,""shops"":[""PET_CAFE"",""BAKERY"",""FARMERS_MARKET"",""BRUNCH_SPOT"",""YARN_STORE"",""BAKERY"",""BAKERY""]},{""step"":576,""shops"":[""PET_CAFE"",""BAKERY"",""FARMERS_MARKET"",""BRUNCH_SPOT"",""YARN_STORE"",""BAKERY"",""BAKERY"",""BRUNCH_SPOT""]}]",experiments/round10_public_learning_20260924/evaluations/opening_b2_confirmation/replays/B1_buy8_sell3/qeinstein_moev2/seed_2026092422_seat_1.json.gz,3d483c35d638207e653e942462026e24d98ac044d13ffd6bbbf68ec525a42b41,895356ee3ad2e3026b3ec757c5236c7468b8d4b6e29dde1c36f5ff7b274b7534,45fa89710e66327379fb27dfa3569b153abf8ead9f5f9be0da02dbe9e792105c,0fe077cc65622d6f6828160d90b617595a4aa7ea188e4afc67bfee8e4d290c92,"{""players"":[{""sell_dead_units"":28,""refused_buy_product"":42,""refused_buy_seed"":0,""refused_buy_animal"":0,""refused_hire"":0,""refused_buy_land"":0,""hire_paid"":6298,""sell_zero_fill"":0,""buy_zero_fill"":0,""sell_revenue"":81390.0,""total_spend"":31059.0,""shed_discarded_units"":0,""sold_units"":1500,""feed_no_wheat"":7,""feed_no_animal"":0,""feed_redundant"":3,""water_dead"":9,""harvest_dead"":16,""plant_dead"":0,""animals_escaped"":0,""escape_capital"":0.0,""escape_yield_units"":0,""escape_first_day"":-1,""animal_unfed_days"":19,""plants_dry"":4,""dry_seed_cost"":60.0,""dry_yield_units"":4,""dry_first_day"":7,""plant_unwatered_days"":394,""decay_units"":36,""plants_decayed"":36,""silent_loss_coins"":60.0,""silent_loss_units"":40,""dead_actions"":46,""move_dead"":0,""locked_dead"":0,""pickup_dead"":2,""drop_dead"":0,""place_dead"":5,""build_dead"":0,""dig_dead"":0,""fertilize_dead"":4,""collect_dead"":0,""care_dead"":0,""tile_cap_units"":19,""fertilizer_forgone"":0,""care_unfed"":14,""animal_shed_days"":0,""idle_tile_days"":75,""weed_tile_days"":27,""hand_pass_turns"":777,""farmer_pass_turns"":70,""phantom_hand_actions"":0,""sell_floor_units"":277,""hire_premium"":6008,""shed_units_now"":1,""shed_value_now"":1.0,""animals_in_shed_now"":0,""seeds_unplanted_now"":0,""seeds_unplanted_cost_now"":0.0},{""sell_dead_units"":2242,""refused_buy_product"":14,""refused_buy_seed"":0,""refused_buy_animal"":0,""refused_hire"":0,""refused_buy_land"":0,""hire_paid"":4308,""sell_zero_fill"":41,""buy_zero_fill"":0,""sell_revenue"":234335.0,""total_spend"":167348.0,""shed_discarded_units"":12,""sold_units"":4871,""feed_no_wheat"":1,""feed_no_animal"":1,""feed_redundant"":0,""water_dead"":15,""harvest_dead"":9,""plant_dead"":0,""animals_escaped"":1,""escape_capital"":300.0,""escape_yield_units"":1,""escape_first_day"":26,""animal_unfed_days"":82,""plants_dry"":2,""dry_seed_cost"":120.0,""dry_yield_units"":1,""dry_first_day"":21,""plant_unwatered_days"":388,""decay_units"":18,""plants_decayed"":18,""silent_loss_coins"":420.0,""silent_loss_units"":32,""dead_actions"":57,""move_dead"":0,""locked_dead"":0,""pickup_dead"":0,""drop_dead"":0,""place_dead"":2,""build_dead"":0,""dig_dead"":2,""fertilize_dead"":0,""collect_dead"":3,""care_dead"":24,""tile_cap_units"":30,""fertilizer_forgone"":16,""care_unfed"":78,""animal_shed_days"":1,""idle_tile_days"":67,""weed_tile_days"":2,""hand_pass_turns"":372,""farmer_pass_turns"":66,""phantom_hand_actions"":0,""sell_floor_units"":172,""hire_premium"":4041,""shed_units_now"":0,""shed_value_now"":0.0,""animals_in_shed_now"":0,""seeds_unplanted_now"":4,""seeds_unplanted_cost_now"":40.0}]}",{},
B1_buy8_sell3,B1_opening,qeinstein_moev2,qeinstein,2026092423,0,109290.0,73059.0,36231.0,W,kagsim,4.93042,0,0,0,0,0,0,0,0,0da4b934cb64bb0aae9f945d71a4be8e7331751d441aba57e2ad323657a4a41e,"[{""step"":0,""shops"":[]},{""step"":72,""shops"":[""FARMERS_MARKET""]},{""step"":144,""shops"":[""FARMERS_MARKET"",""FARMERS_MARKET""]},{""step"":216,""shops"":[""FARMERS_MARKET"",""FARMERS_MARKET"",""BAKERY""]},{""step"":288,""shops"":[""FARMERS_MARKET"",""FARMERS_MARKET"",""BAKERY"",""BRUNCH_SPOT""]},{""step"":360,""shops"":[""FARMERS_MARKET"",""FARMERS_MARKET"",""BAKERY"",""BRUNCH_SPOT"",""PET_CAFE""]},{""step"":432,""shops"":[""FARMERS_MARKET"",""FARMERS_MARKET"",""BAKERY"",""BRUNCH_SPOT"",""PET_CAFE"",""PIZZA_SHOP""]},{""step"":504,""shops"":[""FARMERS_MARKET"",""FARMERS_MARKET"",""BAKERY"",""BRUNCH_SPOT"",""PET_CAFE"",""PIZZA_SHOP"",""FARMERS_MARKET""]},{""step"":576,""shops"":[""FARMERS_MARKET"",""FARMERS_MARKET"",""BAKERY"",""BRUNCH_SPOT"",""PET_CAFE"",""PIZZA_SHOP"",""FARMERS_MARKET"",""FARMERS_MARKET""]}]",experiments/round10_public_learning_20260924/evaluations/opening_b2_confirmation/replays/B1_buy8_sell3/qeinstein_moev2/seed_2026092423_seat_0.json.gz,95dfeb42f9e74ab701697fb7cc54f3cccab8b54455afd94d8525e1231e0ee925,895356ee3ad2e3026b3ec757c5236c7468b8d4b6e29dde1c36f5ff7b274b7534,45fa89710e66327379fb27dfa3569b153abf8ead9f5f9be0da02dbe9e792105c,0fe077cc65622d6f6828160d90b617595a4aa7ea188e4afc67bfee8e4d290c92,"{""players"":[{""sell_dead_units"":2285,""refused_buy_product"":6,""refused_buy_seed"":0,""refused_buy_animal"":0,""refused_hire"":0,""refused_buy_land"":0,""hire_paid"":7557,""sell_zero_fill"":40,""buy_zero_fill"":0,""sell_revenue"":159664.0,""total_spend"":53374.0,""shed_discarded_units"":3,""sold_units"":2030,""feed_no_wheat"":1,""feed_no_animal"":1,""feed_redundant"":0,""water_dead"":13,""harvest_dead"":7,""plant_dead"":0,""animals_escaped"":1,""escape_capital"":300.0,""escape_yield_units"":1,""escape_first_day"":26,""animal_unfed_days"":112,""plants_dry"":2,""dry_seed_cost"":120.0,""dry_yield_units"":1,""dry_first_day"":21,""plant_unwatered_days"":417,""decay_units"":18,""plants_decayed"":18,""silent_loss_coins"":420.0,""silent_loss_units"":23,""dead_actions"":56,""move_dead"":0,""locked_dead"":0,""pickup_dead"":0,""drop_dead"":0,""place_dead"":3,""build_dead"":0,""dig_dead"":2,""fertilize_dead"":1,""collect_dead"":3,""care_dead"":25,""tile_cap_units"":26,""fertilizer_forgone"":20,""care_unfed"":108,""animal_shed_days"":1,""idle_tile_days"":230,""weed_tile_days"":9,""hand_pass_turns"":466,""farmer_pass_turns"":70,""phantom_hand_actions"":0,""sell_floor_units"":111,""hire_premium"":7273,""shed_units_now"":0,""shed_value_now"":0.0,""animals_in_shed_now"":0,""seeds_unplanted_now"":4,""seeds_unplanted_cost_now"":40.0},{""sell_dead_units"":28,""refused_buy_product"":43,""refused_buy_seed"":2,""refused_buy_animal"":0,""refused_hire"":0,""refused_buy_land"":0,""hire_paid"":6298,""sell_zero_fill"":0,""buy_zero_fill"":2,""sell_revenue"":101760.0,""total_spend"":31701.0,""shed_discarded_units"":0,""sold_units"":1487,""feed_no_wheat"":7,""feed_no_animal"":0,""feed_redundant"":3,""water_dead"":14,""harvest_dead"":10,""plant_dead"":2,""animals_escaped"":0,""escape_capital"":0.0,""escape_yield_units"":0,""escape_first_day"":-1,""animal_unfed_days"":19,""plants_dry"":3,""dry_seed_cost"":50.0,""dry_yield_units"":3,""dry_first_day"":17,""plant_unwatered_days"":397,""decay_units"":41,""plants_decayed"":37,""silent_loss_coins"":50.0,""silent_loss_units"":44,""dead_actions"":46,""move_dead"":0,""locked_dead"":0,""pickup_dead"":2,""drop_dead"":0,""place_dead"":4,""build_dead"":1,""dig_dead"":1,""fertilize_dead"":2,""collect_dead"":0,""care_dead"":0,""tile_cap_units"":7,""fertilizer_forgone"":0,""care_unfed"":14,""animal_shed_days"":0,""idle_tile_days"":74,""weed_tile_days"":5,""hand_pass_turns"":778,""farmer_pass_turns"":70,""phantom_hand_actions"":0,""sell_floor_units"":271,""hire_premium"":6008,""shed_units_now"":1,""shed_value_now"":2.0,""animals_in_shed_now"":0,""seeds_unplanted_now"":0,""seeds_unplanted_cost_now"":0.0}]}",{},
B1_buy8_sell3,B1_opening,qeinstein_moev2,qeinstein,2026092423,1,109290.0,73059.0,36231.0,W,kagsim,4.922677,0,0,0,0,0,0,0,0,0da4b934cb64bb0aae9f945d71a4be8e7331751d441aba57e2ad323657a4a41e,"[{""step"":0,""shops"":[]},{""step"":72,""shops"":[""FARMERS_MARKET""]},{""step"":144,""shops"":[""FARMERS_MARKET"",""FARMERS_MARKET""]},{""step"":216,""shops"":[""FARMERS_MARKET"",""FARMERS_MARKET"",""BAKERY""]},{""step"":288,""shops"":[""FARMERS_MARKET"",""FARMERS_MARKET"",""BAKERY"",""BRUNCH_SPOT""]},{""step"":360,""shops"":[""FARMERS_MARKET"",""FARMERS_MARKET"",""BAKERY"",""BRUNCH_SPOT"",""PET_CAFE""]},{""step"":432,""shops"":[""FARMERS_MARKET"",""FARMERS_MARKET"",""BAKERY"",""BRUNCH_SPOT"",""PET_CAFE"",""PIZZA_SHOP""]},{""step"":504,""shops"":[""FARMERS_MARKET"",""FARMERS_MARKET"",""BAKERY"",""BRUNCH_SPOT"",""PET_CAFE"",""PIZZA_SHOP"",""FARMERS_MARKET""]},{""step"":576,""shops"":[""FARMERS_MARKET"",""FARMERS_MARKET"",""BAKERY"",""BRUNCH_SPOT"",""PET_CAFE"",""PIZZA_SHOP"",""FARMERS_MARKET"",""FARMERS_MARKET""]}]",experiments/round10_public_learning_20260924/evaluations/opening_b2_confirmation/replays/B1_buy8_sell3/qeinstein_moev2/seed_2026092423_seat_1.json.gz,2123a7c988ee8ecaac7de69b786a276fc3b16f65412c8dd7ea9f2c599ee3e47a,895356ee3ad2e3026b3ec757c5236c7468b8d4b6e29dde1c36f5ff7b274b7534,45fa89710e66327379fb27dfa3569b153abf8ead9f5f9be0da02dbe9e792105c,0fe077cc65622d6f6828160d90b617595a4aa7ea188e4afc67bfee8e4d290c92,"{""players"":[{""sell_dead_units"":28,""refused_buy_product"":43,""refused_buy_seed"":2,""refused_buy_animal"":0,""refused_hire"":0,""refused_buy_land"":0,""hire_paid"":6298,""sell_zero_fill"":0,""buy_zero_fill"":2,""sell_revenue"":101760.0,""total_spend"":31701.0,""shed_discarded_units"":0,""sold_units"":1487,""feed_no_wheat"":7,""feed_no_animal"":0,""feed_redundant"":3,""water_dead"":14,""harvest_dead"":10,""plant_dead"":2,""animals_escaped"":0,""escape_capital"":0.0,""escape_yield_units"":0,""escape_first_day"":-1,""animal_unfed_days"":19,""plants_dry"":3,""dry_seed_cost"":50.0,""dry_yield_units"":3,""dry_first_day"":17,""plant_unwatered_days"":397,""decay_units"":41,""plants_decayed"":37,""silent_loss_coins"":50.0,""silent_loss_units"":44,""dead_actions"":46,""move_dead"":0,""locked_dead"":0,""pickup_dead"":2,""drop_dead"":0,""place_dead"":4,""build_dead"":1,""dig_dead"":1,""fertilize_dead"":2,""collect_dead"":0,""care_dead"":0,""tile_cap_units"":7,""fertilizer_forgone"":0,""care_unfed"":14,""animal_shed_days"":0,""idle_tile_days"":74,""weed_tile_days"":5,""hand_pass_turns"":778,""farmer_pass_turns"":70,""phantom_hand_actions"":0,""sell_floor_units"":271,""hire_premium"":6008,""shed_units_now"":1,""shed_value_now"":2.0,""animals_in_shed_now"":0,""seeds_unplanted_now"":0,""seeds_unplanted_cost_now"":0.0},{""sell_dead_units"":2285,""refused_buy_product"":6,""refused_buy_seed"":0,""refused_buy_animal"":0,""refused_hire"":0,""refused_buy_land"":0,""hire_paid"":7557,""sell_zero_fill"":40,""buy_zero_fill"":0,""sell_revenue"":159664.0,""total_spend"":53374.0,""shed_discarded_units"":3,""sold_units"":2030,""feed_no_wheat"":1,""feed_no_animal"":1,""feed_redundant"":0,""water_dead"":13,""harvest_dead"":7,""plant_dead"":0,""animals_escaped"":1,""escape_capital"":300.0,""escape_yield_units"":1,""escape_first_day"":26,""animal_unfed_days"":112,""plants_dry"":2,""dry_seed_cost"":120.0,""dry_yield_units"":1,""dry_first_day"":21,""plant_unwatered_days"":417,""decay_units"":18,""plants_decayed"":18,""silent_loss_coins"":420.0,""silent_loss_units"":23,""dead_actions"":56,""move_dead"":0,""locked_dead"":0,""pickup_dead"":0,""drop_dead"":0,""place_dead"":3,""build_dead"":0,""dig_dead"":2,""fertilize_dead"":1,""collect_dead"":3,""care_dead"":25,""tile_cap_units"":26,""fertilizer_forgone"":20,""care_unfed"":108,""animal_shed_days"":1,""idle_tile_days"":230,""weed_tile_days"":9,""hand_pass_turns"":466,""farmer_pass_turns"":70,""phantom_hand_actions"":0,""sell_floor_units"":111,""hire_premium"":7273,""shed_units_now"":0,""shed_value_now"":0.0,""animals_in_shed_now"":0,""seeds_unplanted_now"":4,""seeds_unplanted_cost_now"":40.0}]}",{},
B1_buy8_sell3,B1_opening,qeinstein_moev2,qeinstein,2026092424,0,92327.0,78919.0,13408.0,W,kagsim,4.771257,0,0,0,0,0,0,0,0,9cda50e9420d1673a683bfe126e9ac92a095a1a9c741ac22a26436825cd51ae3,"[{""step"":0,""shops"":[]},{""step"":72,""shops"":[""YARN_STORE""]},{""step"":144,""shops"":[""YARN_STORE"",""PIZZA_SHOP""]},{""step"":216,""shops"":[""YARN_STORE"",""PIZZA_SHOP"",""PIZZA_SHOP""]},{""step"":288,""shops"":[""YARN_STORE"",""PIZZA_SHOP"",""PIZZA_SHOP"",""FARMERS_MARKET""]},{""step"":360,""shops"":[""YARN_STORE"",""PIZZA_SHOP"",""PIZZA_SHOP"",""FARMERS_MARKET"",""BRUNCH_SPOT""]},{""step"":432,""shops"":[""YARN_STORE"",""PIZZA_SHOP"",""PIZZA_SHOP"",""FARMERS_MARKET"",""BRUNCH_SPOT"",""BRUNCH_SPOT""]},{""step"":504,""shops"":[""YARN_STORE"",""PIZZA_SHOP"",""PIZZA_SHOP"",""FARMERS_MARKET"",""BRUNCH_SPOT"",""BRUNCH_SPOT"",""PET_CAFE""]},{""step"":576,""shops"":[""YARN_STORE"",""PIZZA_SHOP"",""PIZZA_SHOP"",""FARMERS_MARKET"",""BRUNCH_SPOT"",""BRUNCH_SPOT"",""PET_CAFE"",""BAKERY""]}]",experiments/round10_public_learning_20260924/evaluations/opening_b2_confirmation/replays/B1_buy8_sell3/qeinstein_moev2/seed_2026092424_seat_0.json.gz,f6a71a753445ef32ec8f8fd753ce77cb78d6632a85562aa4d71826dcd3a54c0b,895356ee3ad2e3026b3ec757c5236c7468b8d4b6e29dde1c36f5ff7b274b7534,45fa89710e66327379fb27dfa3569b153abf8ead9f5f9be0da02dbe9e792105c,0fe077cc65622d6f6828160d90b617595a4aa7ea188e4afc67bfee8e4d290c92,"{""players"":[{""sell_dead_units"":166,""refused_buy_product"":0,""refused_buy_seed"":0,""refused_buy_animal"":0,""refused_hire"":0,""refused_buy_land"":0,""hire_paid"":5803,""sell_zero_fill"":14,""buy_zero_fill"":0,""sell_revenue"":119488.0,""total_spend"":30161.0,""shed_discarded_units"":18,""sold_units"":1565,""feed_no_wheat"":0,""feed_no_animal"":0,""feed_redundant"":0,""water_dead"":1,""harvest_dead"":4,""plant_dead"":0,""animals_escaped"":0,""escape_capital"":0.0,""escape_yield_units"":0,""escape_first_day"":-1,""animal_unfed_days"":47,""plants_dry"":1,""dry_seed_cost"":100.0,""dry_yield_units"":0,""dry_first_day"":21,""plant_unwatered_days"":384,""decay_units"":18,""plants_decayed"":18,""silent_loss_coins"":100.0,""silent_loss_units"":36,""dead_actions"":17,""move_dead"":0,""locked_dead"":0,""pickup_dead"":0,""drop_dead"":0,""place_dead"":1,""build_dead"":0,""dig_dead"":2,""fertilize_dead"":0,""collect_dead"":4,""care_dead"":5,""tile_cap_units"":13,""fertilizer_forgone"":14,""care_unfed"":43,""animal_shed_days"":0,""idle_tile_days"":62,""weed_tile_days"":1,""hand_pass_turns"":605,""farmer_pass_turns"":85,""phantom_hand_actions"":0,""sell_floor_units"":110,""hire_premium"":5520,""shed_units_now"":0,""shed_value_now"":0.0,""animals_in_shed_now"":0,""seeds_unplanted_now"":0,""seeds_unplanted_cost_now"":0.0},{""sell_dead_units"":34,""refused_buy_product"":42,""refused_buy_seed"":0,""refused_buy_animal"":0,""refused_hire"":0,""refused_buy_land"":0,""hire_paid"":9725,""sell_zero_fill"":0,""buy_zero_fill"":0,""sell_revenue"":112023.0,""total_spend"":36104.0,""shed_discarded_units"":0,""sold_units"":1460,""feed_no_wheat"":7,""feed_no_animal"":0,""feed_redundant"":3,""water_dead"":48,""harvest_dead"":54,""plant_dead"":1,""animals_escaped"":1,""escape_capital"":500.0,""escape_yield_units"":0,""escape_first_day"":28,""animal_unfed_days"":24,""plants_dry"":1,""dry_seed_cost"":10.0,""dry_yield_units"":1,""dry_first_day"":17,""plant_unwatered_days"":341,""decay_units"":34,""plants_decayed"":34,""silent_loss_coins"":510.0,""silent_loss_units"":35,""dead_actions"":132,""move_dead"":0,""locked_dead"":0,""pickup_dead"":2,""drop_dead"":0,""place_dead"":3,""build_dead"":0,""dig_dead"":3,""fertilize_dead"":9,""collect_dead"":0,""care_dead"":2,""tile_cap_units"":3,""fertilizer_forgone"":40,""care_unfed"":14,""animal_shed_days"":0,""idle_tile_days"":112,""weed_tile_days"":64,""hand_pass_turns"":973,""farmer_pass_turns"":69,""phantom_hand_actions"":0,""sell_floor_units"":142,""hire_premium"":9416,""shed_units_now"":1,""shed_value_now"":1.0,""animals_in_shed_now"":0,""seeds_unplanted_now"":6,""seeds_unplanted_cost_now"":440.0}]}",{},
B1_buy8_sell3,B1_opening,qeinstein_moev2,qeinstein,2026092424,1,92327.0,78919.0,13408.0,W,kagsim,4.752198,0,0,0,0,0,0,0,0,9cda50e9420d1673a683bfe126e9ac92a095a1a9c741ac22a26436825cd51ae3,"[{""step"":0,""shops"":[]},{""step"":72,""shops"":[""YARN_STORE""]},{""step"":144,""shops"":[""YARN_STORE"",""PIZZA_SHOP""]},{""step"":216,""shops"":[""YARN_STORE"",""PIZZA_SHOP"",""PIZZA_SHOP""]},{""step"":288,""shops"":[""YARN_STORE"",""PIZZA_SHOP"",""PIZZA_SHOP"",""FARMERS_MARKET""]},{""step"":360,""shops"":[""YARN_STORE"",""PIZZA_SHOP"",""PIZZA_SHOP"",""FARMERS_MARKET"",""BRUNCH_SPOT""]},{""step"":432,""shops"":[""YARN_STORE"",""PIZZA_SHOP"",""PIZZA_SHOP"",""FARMERS_MARKET"",""BRUNCH_SPOT"",""BRUNCH_SPOT""]},{""step"":504,""shops"":[""YARN_STORE"",""PIZZA_SHOP"",""PIZZA_SHOP"",""FARMERS_MARKET"",""BRUNCH_SPOT"",""BRUNCH_SPOT"",""PET_CAFE""]},{""step"":576,""shops"":[""YARN_STORE"",""PIZZA_SHOP"",""PIZZA_SHOP"",""FARMERS_MARKET"",""BRUNCH_SPOT"",""BRUNCH_SPOT"",""PET_CAFE"",""BAKERY""]}]",experiments/round10_public_learning_20260924/evaluations/opening_b2_confirmation/replays/B1_buy8_sell3/qeinstein_moev2/seed_2026092424_seat_1.json.gz,1ab79617096df66c0c1dd02288e45f8b9c3b84375dabd1f7f984839742b09f5a,895356ee3ad2e3026b3ec757c5236c7468b8d4b6e29dde1c36f5ff7b274b7534,45fa89710e66327379fb27dfa3569b153abf8ead9f5f9be0da02dbe9e792105c,0fe077cc65622d6f6828160d90b617595a4aa7ea188e4afc67bfee8e4d290c92,"{""players"":[{""sell_dead_units"":34,""refused_buy_product"":42,""refused_buy_seed"":0,""refused_buy_animal"":0,""refused_hire"":0,""refused_buy_land"":0,""hire_paid"":9725,""sell_zero_fill"":0,""buy_zero_fill"":0,""sell_revenue"":112023.0,""total_spend"":36104.0,""shed_discarded_units"":0,""sold_units"":1460,""feed_no_wheat"":7,""feed_no_animal"":0,""feed_redundant"":3,""water_dead"":48,""harvest_dead"":54,""plant_dead"":1,""animals_escaped"":1,""escape_capital"":500.0,""escape_yield_units"":0,""escape_first_day"":28,""animal_unfed_days"":24,""plants_dry"":1,""dry_seed_cost"":10.0,""dry_yield_units"":1,""dry_first_day"":17,""plant_unwatered_days"":341,""decay_units"":34,""plants_decayed"":34,""silent_loss_coins"":510.0,""silent_loss_units"":35,""dead_actions"":132,""move_dead"":0,""locked_dead"":0,""pickup_dead"":2,""drop_dead"":0,""place_dead"":3,""build_dead"":0,""dig_dead"":3,""fertilize_dead"":9,""collect_dead"":0,""care_dead"":2,""tile_cap_units"":3,""fertilizer_forgone"":40,""care_unfed"":14,""animal_shed_days"":0,""idle_tile_days"":112,""weed_tile_days"":64,""hand_pass_turns"":973,""farmer_pass_turns"":69,""phantom_hand_actions"":0,""sell_floor_units"":142,""hire_premium"":9416,""shed_units_now"":1,""shed_value_now"":1.0,""animals_in_shed_now"":0,""seeds_unplanted_now"":6,""seeds_unplanted_cost_now"":440.0},{""sell_dead_units"":166,""refused_buy_product"":0,""refused_buy_seed"":0,""refused_buy_animal"":0,""refused_hire"":0,""refused_buy_land"":0,""hire_paid"":5803,""sell_zero_fill"":14,""buy_zero_fill"":0,""sell_revenue"":119488.0,""total_spend"":30161.0,""shed_discarded_units"":18,""sold_units"":1565,""feed_no_wheat"":0,""feed_no_animal"":0,""feed_redundant"":0,""water_dead"":1,""harvest_dead"":4,""plant_dead"":0,""animals_escaped"":0,""escape_capital"":0.0,""escape_yield_units"":0,""escape_first_day"":-1,""animal_unfed_days"":47,""plants_dry"":1,""dry_seed_cost"":100.0,""dry_yield_units"":0,""dry_first_day"":21,""plant_unwatered_days"":384,""decay_units"":18,""plants_decayed"":18,""silent_loss_coins"":100.0,""silent_loss_units"":36,""dead_actions"":17,""move_dead"":0,""locked_dead"":0,""pickup_dead"":0,""drop_dead"":0,""place_dead"":1,""build_dead"":0,""dig_dead"":2,""fertilize_dead"":0,""collect_dead"":4,""care_dead"":5,""tile_cap_units"":13,""fertilizer_forgone"":14,""care_unfed"":43,""animal_shed_days"":0,""idle_tile_days"":62,""weed_tile_days"":1,""hand_pass_turns"":605,""farmer_pass_turns"":85,""phantom_hand_actions"":0,""sell_floor_units"":110,""hire_premium"":5520,""shed_units_now"":0,""shed_value_now"":0.0,""animals_in_shed_now"":0,""seeds_unplanted_now"":0,""seeds_unplanted_cost_now"":0.0}]}",{},
B2_buy10_sell5,B2_opening_candidate,ahmed_v57,ahmed_route,2026092421,0,78217.0,78237.0,-20.0,L,kagsim,7.373658,0,0,0,0,0,0,0,0,1a0d9b98b77ea1f9b89eb26cb01c4569d35ca0bc479051453aa5f420df64dcd7,"[{""step"":0,""shops"":[]},{""step"":72,""shops"":[""ICE_CREAM_SHOP""]},{""step"":144,""shops"":[""ICE_CREAM_SHOP"",""BAKERY""]},{""step"":216,""shops"":[""ICE_CREAM_SHOP"",""BAKERY"",""PET_CAFE""]},{""step"":288,""shops"":[""ICE_CREAM_SHOP"",""BAKERY"",""PET_CAFE"",""ICE_CREAM_SHOP""]},{""step"":360,""shops"":[""ICE_CREAM_SHOP"",""BAKERY"",""PET_CAFE"",""ICE_CREAM_SHOP"",""BAKERY""]},{""step"":432,""shops"":[""ICE_CREAM_SHOP"",""BAKERY"",""PET_CAFE"",""ICE_CREAM_SHOP"",""BAKERY"",""YARN_STORE""]},{""step"":504,""shops"":[""ICE_CREAM_SHOP"",""BAKERY"",""PET_CAFE"",""ICE_CREAM_SHOP"",""BAKERY"",""YARN_STORE"",""BAKERY""]},{""step"":576,""shops"":[""ICE_CREAM_SHOP"",""BAKERY"",""PET_CAFE"",""ICE_CREAM_SHOP"",""BAKERY"",""YARN_STORE"",""BAKERY"",""BRUNCH_SPOT""]}]",experiments/round10_public_learning_20260924/evaluations/opening_b2_confirmation/replays/B2_buy10_sell5/ahmed_v57/seed_2026092421_seat_0.json.gz,97581954d3005c56e06ca23824907b549e848ca51f8022006b1aeb5739d835e7,c56f5f6211b522e069c55cf7f047e390ca3c134cb1e04d01d52fb6853c03613b,2ee689fdc58f38b7bf6b80b8d3f48129d19b47201dbee51fdcbd977498a5106f,0fe077cc65622d6f6828160d90b617595a4aa7ea188e4afc67bfee8e4d290c92,"{""players"":[{""sell_dead_units"":2193,""refused_buy_product"":1,""refused_buy_seed"":0,""refused_buy_animal"":0,""refused_hire"":0,""refused_buy_land"":0,""hire_paid"":4253,""sell_zero_fill"":36,""buy_zero_fill"":1,""sell_revenue"":103662.0,""total_spend"":28445.0,""shed_discarded_units"":4,""sold_units"":1594,""feed_no_wheat"":0,""feed_no_animal"":0,""feed_redundant"":0,""water_dead"":10,""harvest_dead"":3,""plant_dead"":0,""animals_escaped"":0,""escape_capital"":0.0,""escape_yield_units"":0,""escape_first_day"":-1,""animal_unfed_days"":77,""plants_dry"":1,""dry_seed_cost"":100.0,""dry_yield_units"":0,""dry_first_day"":21,""plant_unwatered_days"":391,""decay_units"":18,""plants_decayed"":18,""silent_loss_coins"":100.0,""silent_loss_units"":22,""dead_actions"":41,""move_dead"":0,""locked_dead"":0,""pickup_dead"":0,""drop_dead"":0,""place_dead"":2,""build_dead"":0,""dig_dead"":4,""fertilize_dead"":1,""collect_dead"":8,""care_dead"":13,""tile_cap_units"":21,""fertilizer_forgone"":19,""care_unfed"":73,""animal_shed_days"":1,""idle_tile_days"":63,""weed_tile_days"":1,""hand_pass_turns"":393,""farmer_pass_turns"":68,""phantom_hand_actions"":0,""sell_floor_units"":95,""hire_premium"":3986,""shed_units_now"":0,""shed_value_now"":0.0,""animals_in_shed_now"":0,""seeds_unplanted_now"":5,""seeds_unplanted_cost_now"":50.0},{""sell_dead_units"":2198,""refused_buy_product"":1,""refused_buy_seed"":0,""refused_buy_animal"":0,""refused_hire"":0,""refused_buy_land"":0,""hire_paid"":4253,""sell_zero_fill"":37,""buy_zero_fill"":1,""sell_revenue"":103934.0,""total_spend"":28697.0,""shed_discarded_units"":4,""sold_units"":1602,""feed_no_wheat"":0,""feed_no_animal"":0,""feed_redundant"":0,""water_dead"":10,""harvest_dead"":3,""plant_dead"":0,""animals_escaped"":0,""escape_capital"":0.0,""escape_yield_units"":0,""escape_first_day"":-1,""animal_unfed_days"":77,""plants_dry"":1,""dry_seed_cost"":100.0,""dry_yield_units"":0,""dry_first_day"":21,""plant_unwatered_days"":391,""decay_units"":18,""plants_decayed"":18,""silent_loss_coins"":100.0,""silent_loss_units"":22,""dead_actions"":40,""move_dead"":0,""locked_dead"":0,""pickup_dead"":0,""drop_dead"":0,""place_dead"":1,""build_dead"":0,""dig_dead"":4,""fertilize_dead"":1,""collect_dead"":8,""care_dead"":13,""tile_cap_units"":21,""fertilizer_forgone"":19,""care_unfed"":73,""animal_shed_days"":1,""idle_tile_days"":63,""weed_tile_days"":1,""hand_pass_turns"":393,""farmer_pass_turns"":68,""phantom_hand_actions"":0,""sell_floor_units"":96,""hire_premium"":3986,""shed_units_now"":0,""shed_value_now"":0.0,""animals_in_shed_now"":0,""seeds_unplanted_now"":4,""seeds_unplanted_cost_now"":40.0}]}",{},
B2_buy10_sell5,B2_opening_candidate,ahmed_v57,ahmed_route,2026092421,1,78217.0,78237.0,-20.0,L,kagsim,7.318715,0,0,0,0,0,0,0,0,1a0d9b98b77ea1f9b89eb26cb01c4569d35ca0bc479051453aa5f420df64dcd7,"[{""step"":0,""shops"":[]},{""step"":72,""shops"":[""ICE_CREAM_SHOP""]},{""step"":144,""shops"":[""ICE_CREAM_SHOP"",""BAKERY""]},{""step"":216,""shops"":[""ICE_CREAM_SHOP"",""BAKERY"",""PET_CAFE""]},{""step"":288,""shops"":[""ICE_CREAM_SHOP"",""BAKERY"",""PET_CAFE"",""ICE_CREAM_SHOP""]},{""step"":360,""shops"":[""ICE_CREAM_SHOP"",""BAKERY"",""PET_CAFE"",""ICE_CREAM_SHOP"",""BAKERY""]},{""step"":432,""shops"":[""ICE_CREAM_SHOP"",""BAKERY"",""PET_CAFE"",""ICE_CREAM_SHOP"",""BAKERY"",""YARN_STORE""]},{""step"":504,""shops"":[""ICE_CREAM_SHOP"",""BAKERY"",""PET_CAFE"",""ICE_CREAM_SHOP"",""BAKERY"",""YARN_STORE"",""BAKERY""]},{""step"":576,""shops"":[""ICE_CREAM_SHOP"",""BAKERY"",""PET_CAFE"",""ICE_CREAM_SHOP"",""BAKERY"",""YARN_STORE"",""BAKERY"",""BRUNCH_SPOT""]}]",experiments/round10_public_learning_20260924/evaluations/opening_b2_confirmation/replays/B2_buy10_sell5/ahmed_v57/seed_2026092421_seat_1.json.gz,b90a9d1298275e21fd7a7c5f96a603442eb2543ea02d1f06fff85dac2fd0c1e5,c56f5f6211b522e069c55cf7f047e390ca3c134cb1e04d01d52fb6853c03613b,2ee689fdc58f38b7bf6b80b8d3f48129d19b47201dbee51fdcbd977498a5106f,0fe077cc65622d6f6828160d90b617595a4aa7ea188e4afc67bfee8e4d290c92,"{""players"":[{""sell_dead_units"":2198,""refused_buy_product"":1,""refused_buy_seed"":0,""refused_buy_animal"":0,""refused_hire"":0,""refused_buy_land"":0,""hire_paid"":4253,""sell_zero_fill"":37,""buy_zero_fill"":1,""sell_revenue"":103934.0,""total_spend"":28697.0,""shed_discarded_units"":4,""sold_units"":1602,""feed_no_wheat"":0,""feed_no_animal"":0,""feed_redundant"":0,""water_dead"":10,""harvest_dead"":3,""plant_dead"":0,""animals_escaped"":0,""escape_capital"":0.0,""escape_yield_units"":0,""escape_first_day"":-1,""animal_unfed_days"":77,""plants_dry"":1,""dry_seed_cost"":100.0,""dry_yield_units"":0,""dry_first_day"":21,""plant_unwatered_days"":391,""decay_units"":18,""plants_decayed"":18,""silent_loss_coins"":100.0,""silent_loss_units"":22,""dead_actions"":40,""move_dead"":0,""locked_dead"":0,""pickup_dead"":0,""drop_dead"":0,""place_dead"":1,""build_dead"":0,""dig_dead"":4,""fertilize_dead"":1,""collect_dead"":8,""care_dead"":13,""tile_cap_units"":21,""fertilizer_forgone"":19,""care_unfed"":73,""animal_shed_days"":1,""idle_tile_days"":63,""weed_tile_days"":1,""hand_pass_turns"":393,""farmer_pass_turns"":68,""phantom_hand_actions"":0,""sell_floor_units"":96,""hire_premium"":3986,""shed_units_now"":0,""shed_value_now"":0.0,""animals_in_shed_now"":0,""seeds_unplanted_now"":4,""seeds_unplanted_cost_now"":40.0},{""sell_dead_units"":2193,""refused_buy_product"":1,""refused_buy_seed"":0,""refused_buy_animal"":0,""refused_hire"":0,""refused_buy_land"":0,""hire_paid"":4253,""sell_zero_fill"":36,""buy_zero_fill"":1,""sell_revenue"":103662.0,""total_spend"":28445.0,""shed_discarded_units"":4,""sold_units"":1594,""feed_no_wheat"":0,""feed_no_animal"":0,""feed_redundant"":0,""water_dead"":10,""harvest_dead"":3,""plant_dead"":0,""animals_escaped"":0,""escape_capital"":0.0,""escape_yield_units"":0,""escape_first_day"":-1,""animal_unfed_days"":77,""plants_dry"":1,""dry_seed_cost"":100.0,""dry_yield_units"":0,""dry_first_day"":21,""plant_unwatered_days"":391,""decay_units"":18,""plants_decayed"":18,""silent_loss_coins"":100.0,""silent_loss_units"":22,""dead_actions"":41,""move_dead"":0,""locked_dead"":0,""pickup_dead"":0,""drop_dead"":0,""place_dead"":2,""build_dead"":0,""dig_dead"":4,""fertilize_dead"":1,""collect_dead"":8,""care_dead"":13,""tile_cap_units"":21,""fertilizer_forgone"":19,""care_unfed"":73,""animal_shed_days"":1,""idle_tile_days"":63,""weed_tile_days"":1,""hand_pass_turns"":393,""farmer_pass_turns"":68,""phantom_hand_actions"":0,""sell_floor_units"":95,""hire_premium"":3986,""shed_units_now"":0,""shed_value_now"":0.0,""animals_in_shed_now"":0,""seeds_unplanted_now"":5,""seeds_unplanted_cost_now"":50.0}]}",{},
B2_buy10_sell5,B2_opening_candidate,ahmed_v57,ahmed_route,2026092422,0,66751.0,66382.0,369.0,W,kagsim,7.441223,0,0,0,0,0,0,0,0,19e2e7b0d517ade9e3156ed5ac478411ae57c4d56f83749b61c91a7eb503d9cd,"[{""step"":0,""shops"":[]},{""step"":72,""shops"":[""PET_CAFE""]},{""step"":144,""shops"":[""PET_CAFE"",""BAKERY""]},{""step"":216,""shops"":[""PET_CAFE"",""BAKERY"",""FARMERS_MARKET""]},{""step"":288,""shops"":[""PET_CAFE"",""BAKERY"",""FARMERS_MARKET"",""BRUNCH_SPOT""]},{""step"":360,""shops"":[""PET_CAFE"",""BAKERY"",""FARMERS_MARKET"",""BRUNCH_SPOT"",""YARN_STORE""]},{""step"":432,""shops"":[""PET_CAFE"",""BAKERY"",""FARMERS_MARKET"",""BRUNCH_SPOT"",""YARN_STORE"",""BAKERY""]},{""step"":504,""shops"":[""PET_CAFE"",""BAKERY"",""FARMERS_MARKET"",""BRUNCH_SPOT"",""YARN_STORE"",""BAKERY"",""BAKERY""]},{""step"":576,""shops"":[""PET_CAFE"",""BAKERY"",""FARMERS_MARKET"",""BRUNCH_SPOT"",""YARN_STORE"",""BAKERY"",""BAKERY"",""ICE_CREAM_SHOP""]}]",experiments/round10_public_learning_20260924/evaluations/opening_b2_confirmation/replays/B2_buy10_sell5/ahmed_v57/seed_2026092422_seat_0.json.gz,6fcfc0e5838c43cfda2082e903a1b738e0104726c4f9858a59ba0417b0fc2ea7,c56f5f6211b522e069c55cf7f047e390ca3c134cb1e04d01d52fb6853c03613b,2ee689fdc58f38b7bf6b80b8d3f48129d19b47201dbee51fdcbd977498a5106f,0fe077cc65622d6f6828160d90b617595a4aa7ea188e4afc67bfee8e4d290c92,"{""players"":[{""sell_dead_units"":2231,""refused_buy_product"":25,""refused_buy_seed"":0,""refused_buy_animal"":0,""refused_hire"":0,""refused_buy_land"":0,""hire_paid"":4253,""sell_zero_fill"":43,""buy_zero_fill"":1,""sell_revenue"":230885.0,""total_spend"":167134.0,""shed_discarded_units"":11,""sold_units"":4869,""feed_no_wheat"":1,""feed_no_animal"":1,""feed_redundant"":0,""water_dead"":18,""harvest_dead"":10,""plant_dead"":0,""animals_escaped"":1,""escape_capital"":300.0,""escape_yield_units"":1,""escape_first_day"":26,""animal_unfed_days"":86,""plants_dry"":2,""dry_seed_cost"":120.0,""dry_yield_units"":1,""dry_first_day"":21,""plant_unwatered_days"":387,""decay_units"":18,""plants_decayed"":18,""silent_loss_coins"":420.0,""silent_loss_units"":31,""dead_actions"":61,""move_dead"":0,""locked_dead"":0,""pickup_dead"":0,""drop_dead"":0,""place_dead"":2,""build_dead"":0,""dig_dead"":2,""fertilize_dead"":0,""collect_dead"":3,""care_dead"":24,""tile_cap_units"":28,""fertilizer_forgone"":16,""care_unfed"":82,""animal_shed_days"":1,""idle_tile_days"":69,""weed_tile_days"":4,""hand_pass_turns"":375,""farmer_pass_turns"":66,""phantom_hand_actions"":0,""sell_floor_units"":165,""hire_premium"":3986,""shed_units_now"":0,""shed_value_now"":0.0,""animals_in_shed_now"":0,""seeds_unplanted_now"":5,""seeds_unplanted_cost_now"":50.0},{""sell_dead_units"":2237,""refused_buy_product"":33,""refused_buy_seed"":0,""refused_buy_animal"":0,""refused_hire"":0,""refused_buy_land"":0,""hire_paid"":4253,""sell_zero_fill"":43,""buy_zero_fill"":1,""sell_revenue"":230334.0,""total_spend"":166952.0,""shed_discarded_units"":12,""sold_units"":4872,""feed_no_wheat"":1,""feed_no_animal"":1,""feed_redundant"":0,""water_dead"":14,""harvest_dead"":8,""plant_dead"":0,""animals_escaped"":1,""escape_capital"":300.0,""escape_yield_units"":1,""escape_first_day"":26,""animal_unfed_days"":86,""plants_dry"":2,""dry_seed_cost"":120.0,""dry_yield_units"":1,""dry_first_day"":21,""plant_unwatered_days"":387,""decay_units"":18,""plants_decayed"":18,""silent_loss_coins"":420.0,""silent_loss_units"":32,""dead_actions"":55,""move_dead"":0,""locked_dead"":0,""pickup_dead"":0,""drop_dead"":0,""place_dead"":2,""build_dead"":0,""dig_dead"":2,""fertilize_dead"":0,""collect_dead"":3,""care_dead"":24,""tile_cap_units"":27,""fertilizer_forgone"":16,""care_unfed"":82,""animal_shed_days"":1,""idle_tile_days"":66,""weed_tile_days"":2,""hand_pass_turns"":376,""farmer_pass_turns"":66,""phantom_hand_actions"":0,""sell_floor_units"":169,""hire_premium"":3986,""shed_units_now"":0,""shed_value_now"":0.0,""animals_in_shed_now"":0,""seeds_unplanted_now"":3,""seeds_unplanted_cost_now"":30.0}]}",{},
B2_buy10_sell5,B2_opening_candidate,ahmed_v57,ahmed_route,2026092422,1,66813.0,66303.0,510.0,W,kagsim,7.40221,0,0,0,0,0,0,0,0,19e2e7b0d517ade9e3156ed5ac478411ae57c4d56f83749b61c91a7eb503d9cd,"[{""step"":0,""shops"":[]},{""step"":72,""shops"":[""PET_CAFE""]},{""step"":144,""shops"":[""PET_CAFE"",""BAKERY""]},{""step"":216,""shops"":[""PET_CAFE"",""BAKERY"",""FARMERS_MARKET""]},{""step"":288,""shops"":[""PET_CAFE"",""BAKERY"",""FARMERS_MARKET"",""BRUNCH_SPOT""]},{""step"":360,""shops"":[""PET_CAFE"",""BAKERY"",""FARMERS_MARKET"",""BRUNCH_SPOT"",""YARN_STORE""]},{""step"":432,""shops"":[""PET_CAFE"",""BAKERY"",""FARMERS_MARKET"",""BRUNCH_SPOT"",""YARN_STORE"",""BAKERY""]},{""step"":504,""shops"":[""PET_CAFE"",""BAKERY"",""FARMERS_MARKET"",""BRUNCH_SPOT"",""YARN_STORE"",""BAKERY"",""BAKERY""]},{""step"":576,""shops"":[""PET_CAFE"",""BAKERY"",""FARMERS_MARKET"",""BRUNCH_SPOT"",""YARN_STORE"",""BAKERY"",""BAKERY"",""ICE_CREAM_SHOP""]}]",experiments/round10_public_learning_20260924/evaluations/opening_b2_confirmation/replays/B2_buy10_sell5/ahmed_v57/seed_2026092422_seat_1.json.gz,6019013576562cd824adce2e85f7075638b9282cc3e42fc7ca6869a01c564daf,c56f5f6211b522e069c55cf7f047e390ca3c134cb1e04d01d52fb6853c03613b,2ee689fdc58f38b7bf6b80b8d3f48129d19b47201dbee51fdcbd977498a5106f,0fe077cc65622d6f6828160d90b617595a4aa7ea188e4afc67bfee8e4d290c92,"{""players"":[{""sell_dead_units"":2238,""refused_buy_product"":33,""refused_buy_seed"":0,""refused_buy_animal"":0,""refused_hire"":0,""refused_buy_land"":0,""hire_paid"":4253,""sell_zero_fill"":44,""buy_zero_fill"":1,""sell_revenue"":230413.0,""total_spend"":167110.0,""shed_discarded_units"":12,""sold_units"":4870,""feed_no_wheat"":1,""feed_no_animal"":1,""feed_redundant"":0,""water_dead"":17,""harvest_dead"":9,""plant_dead"":0,""animals_escaped"":1,""escape_capital"":300.0,""escape_yield_units"":1,""escape_first_day"":26,""animal_unfed_days"":86,""plants_dry"":2,""dry_seed_cost"":120.0,""dry_yield_units"":1,""dry_first_day"":21,""plant_unwatered_days"":387,""decay_units"":18,""plants_decayed"":18,""silent_loss_coins"":420.0,""silent_loss_units"":32,""dead_actions"":59,""move_dead"":0,""locked_dead"":0,""pickup_dead"":0,""drop_dead"":0,""place_dead"":2,""build_dead"":0,""dig_dead"":2,""fertilize_dead"":0,""collect_dead"":3,""care_dead"":24,""tile_cap_units"":27,""fertilizer_forgone"":16,""care_unfed"":82,""animal_shed_days"":1,""idle_tile_days"":68,""weed_tile_days"":4,""hand_pass_turns"":376,""farmer_pass_turns"":66,""phantom_hand_actions"":0,""sell_floor_units"":169,""hire_premium"":3986,""shed_units_now"":0,""shed_value_now"":0.0,""animals_in_shed_now"":0,""seeds_unplanted_now"":3,""seeds_unplanted_cost_now"":30.0},{""sell_dead_units"":2231,""refused_buy_product"":25,""refused_buy_seed"":0,""refused_buy_animal"":0,""refused_hire"":0,""refused_buy_land"":0,""hire_paid"":4253,""sell_zero_fill"":43,""buy_zero_fill"":1,""sell_revenue"":231125.0,""total_spend"":167312.0,""shed_discarded_units"":11,""sold_units"":4871,""feed_no_wheat"":1,""feed_no_animal"":1,""feed_redundant"":0,""water_dead"":15,""harvest_dead"":9,""plant_dead"":0,""animals_escaped"":1,""escape_capital"":300.0,""escape_yield_units"":1,""escape_first_day"":26,""animal_unfed_days"":86,""plants_dry"":2,""dry_seed_cost"":120.0,""dry_yield_units"":1,""dry_first_day"":21,""plant_unwatered_days"":387,""decay_units"":18,""plants_decayed"":18,""silent_loss_coins"":420.0,""silent_loss_units"":31,""dead_actions"":57,""move_dead"":0,""locked_dead"":0,""pickup_dead"":0,""drop_dead"":0,""place_dead"":2,""build_dead"":0,""dig_dead"":2,""fertilize_dead"":0,""collect_dead"":3,""care_dead"":24,""tile_cap_units"":28,""fertilizer_forgone"":16,""care_unfed"":82,""animal_shed_days"":1,""idle_tile_days"":67,""weed_tile_days"":2,""hand_pass_turns"":375,""farmer_pass_turns"":66,""phantom_hand_actions"":0,""sell_floor_units"":165,""hire_premium"":3986,""shed_units_now"":0,""shed_value_now"":0.0,""animals_in_shed_now"":0,""seeds_unplanted_now"":4,""seeds_unplanted_cost_now"":40.0}]}",{},
B2_buy10_sell5,B2_opening_candidate,ahmed_v57,ahmed_route,2026092423,0,122683.0,122656.0,27.0,W,kagsim,8.444736,0,0,0,0,0,0,0,0,85d8b413f9bf7d2c4e275dc00ed3cb3bab9b8ae1cb526d0a50828fa28f29a51c,"[{""step"":0,""shops"":[]},{""step"":72,""shops"":[""FARMERS_MARKET""]},{""step"":144,""shops"":[""FARMERS_MARKET"",""FARMERS_MARKET""]},{""step"":216,""shops"":[""FARMERS_MARKET"",""FARMERS_MARKET"",""YARN_STORE""]},{""step"":288,""shops"":[""FARMERS_MARKET"",""FARMERS_MARKET"",""YARN_STORE"",""BRUNCH_SPOT""]},{""step"":360,""shops"":[""FARMERS_MARKET"",""FARMERS_MARKET"",""YARN_STORE"",""BRUNCH_SPOT"",""PIZZA_SHOP""]},{""step"":432,""shops"":[""FARMERS_MARKET"",""FARMERS_MARKET"",""YARN_STORE"",""BRUNCH_SPOT"",""PIZZA_SHOP"",""PIZZA_SHOP""]},{""step"":504,""shops"":[""FARMERS_MARKET"",""FARMERS_MARKET"",""YARN_STORE"",""BRUNCH_SPOT"",""PIZZA_SHOP"",""PIZZA_SHOP"",""PIZZA_SHOP""]},{""step"":576,""shops"":[""FARMERS_MARKET"",""FARMERS_MARKET"",""YARN_STORE"",""BRUNCH_SPOT"",""PIZZA_SHOP"",""PIZZA_SHOP"",""PIZZA_SHOP"",""YARN_STORE""]}]",experiments/round10_public_learning_20260924/evaluations/opening_b2_confirmation/replays/B2_buy10_sell5/ahmed_v57/seed_2026092423_seat_0.json.gz,8cae7fa0c587caeaaf55ed659cae66ae584b7a0ddd763a1de0e91894a647dca1,c56f5f6211b522e069c55cf7f047e390ca3c134cb1e04d01d52fb6853c03613b,2ee689fdc58f38b7bf6b80b8d3f48129d19b47201dbee51fdcbd977498a5106f,0fe077cc65622d6f6828160d90b617595a4aa7ea188e4afc67bfee8e4d290c92,"{""players"":[{""sell_dead_units"":2276,""refused_buy_product"":1,""refused_buy_seed"":0,""refused_buy_animal"":0,""refused_hire"":0,""refused_buy_land"":0,""hire_paid"":7557,""sell_zero_fill"":44,""buy_zero_fill"":1,""sell_revenue"":173366.0,""total_spend"":53683.0,""shed_discarded_units"":5,""sold_units"":2050,""feed_no_wheat"":0,""feed_no_animal"":0,""feed_redundant"":0,""water_dead"":13,""harvest_dead"":18,""plant_dead"":0,""animals_escaped"":0,""escape_capital"":0.0,""escape_yield_units"":0,""escape_first_day"":-1,""animal_unfed_days"":66,""plants_dry"":2,""dry_seed_cost"":120.0,""dry_yield_units"":1,""dry_first_day"":21,""plant_unwatered_days"":418,""decay_units"":18,""plants_decayed"":18,""silent_loss_coins"":120.0,""silent_loss_units"":24,""dead_actions"":65,""move_dead"":0,""locked_dead"":0,""pickup_dead"":0,""drop_dead"":0,""place_dead"":4,""build_dead"":0,""dig_dead"":2,""fertilize_dead"":1,""collect_dead"":3,""care_dead"":24,""tile_cap_units"":14,""fertilizer_forgone"":18,""care_unfed"":62,""animal_shed_days"":1,""idle_tile_days"":230,""weed_tile_days"":9,""hand_pass_turns"":425,""farmer_pass_turns"":65,""phantom_hand_actions"":0,""sell_floor_units"":48,""hire_premium"":7273,""shed_units_now"":0,""shed_value_now"":0.0,""animals_in_shed_now"":0,""seeds_unplanted_now"":5,""seeds_unplanted_cost_now"":50.0},{""sell_dead_units"":2275,""refused_buy_product"":1,""refused_buy_seed"":0,""refused_buy_animal"":0,""refused_hire"":0,""refused_buy_land"":0,""hire_paid"":7557,""sell_zero_fill"":43,""buy_zero_fill"":1,""sell_revenue"":173597.0,""total_spend"":53941.0,""shed_discarded_units"":5,""sold_units"":2060,""feed_no_wheat"":0,""feed_no_animal"":0,""feed_redundant"":0,""water_dead"":12,""harvest_dead"":17,""plant_dead"":0,""animals_escaped"":0,""escape_capital"":0.0,""escape_yield_units"":0,""escape_first_day"":-1,""animal_unfed_days"":66,""plants_dry"":2,""dry_seed_cost"":120.0,""dry_yield_units"":1,""dry_first_day"":21,""plant_unwatered_days"":418,""decay_units"":18,""plants_decayed"":18,""silent_loss_coins"":120.0,""silent_loss_units"":24,""dead_actions"":63,""move_dead"":0,""locked_dead"":0,""pickup_dead"":0,""drop_dead"":0,""place_dead"":4,""build_dead"":0,""dig_dead"":2,""fertilize_dead"":1,""collect_dead"":3,""care_dead"":24,""tile_cap_units"":13,""fertilizer_forgone"":18,""care_unfed"":62,""animal_shed_days"":1,""idle_tile_days"":229,""weed_tile_days"":2,""hand_pass_turns"":426,""farmer_pass_turns"":65,""phantom_hand_actions"":0,""sell_floor_units"":48,""hire_premium"":7273,""shed_units_now"":0,""shed_value_now"":0.0,""animals_in_shed_now"":0,""seeds_unplanted_now"":4,""seeds_unplanted_cost_now"":40.0}]}",{},
B2_buy10_sell5,B2_opening_candidate,ahmed_v57,ahmed_route,2026092423,1,122683.0,122656.0,27.0,W,kagsim,8.02787,0,0,0,0,0,0,0,0,85d8b413f9bf7d2c4e275dc00ed3cb3bab9b8ae1cb526d0a50828fa28f29a51c,"[{""step"":0,""shops"":[]},{""step"":72,""shops"":[""FARMERS_MARKET""]},{""step"":144,""shops"":[""FARMERS_MARKET"",""FARMERS_MARKET""]},{""step"":216,""shops"":[""FARMERS_MARKET"",""FARMERS_MARKET"",""YARN_STORE""]},{""step"":288,""shops"":[""FARMERS_MARKET"",""FARMERS_MARKET"",""YARN_STORE"",""BRUNCH_SPOT""]},{""step"":360,""shops"":[""FARMERS_MARKET"",""FARMERS_MARKET"",""YARN_STORE"",""BRUNCH_SPOT"",""PIZZA_SHOP""]},{""step"":432,""shops"":[""FARMERS_MARKET"",""FARMERS_MARKET"",""YARN_STORE"",""BRUNCH_SPOT"",""PIZZA_SHOP"",""PIZZA_SHOP""]},{""step"":504,""shops"":[""FARMERS_MARKET"",""FARMERS_MARKET"",""YARN_STORE"",""BRUNCH_SPOT"",""PIZZA_SHOP"",""PIZZA_SHOP"",""PIZZA_SHOP""]},{""step"":576,""shops"":[""FARMERS_MARKET"",""FARMERS_MARKET"",""YARN_STORE"",""BRUNCH_SPOT"",""PIZZA_SHOP"",""PIZZA_SHOP"",""PIZZA_SHOP"",""YARN_STORE""]}]",experiments/round10_public_learning_20260924/evaluations/opening_b2_confirmation/replays/B2_buy10_sell5/ahmed_v57/seed_2026092423_seat_1.json.gz,9c37a54428e785f2dc0d9ac0e665253b6f85f69f6495e086cf87280265294174,c56f5f6211b522e069c55cf7f047e390ca3c134cb1e04d01d52fb6853c03613b,2ee689fdc58f38b7bf6b80b8d3f48129d19b47201dbee51fdcbd977498a5106f,0fe077cc65622d6f6828160d90b617595a4aa7ea188e4afc67bfee8e4d290c92,"{""players"":[{""sell_dead_units"":2275,""refused_buy_product"":1,""refused_buy_seed"":0,""refused_buy_animal"":0,""refused_hire"":0,""refused_buy_land"":0,""hire_paid"":7557,""sell_zero_fill"":43,""buy_zero_fill"":1,""sell_revenue"":173597.0,""total_spend"":53941.0,""shed_discarded_units"":5,""sold_units"":2060,""feed_no_wheat"":0,""feed_no_animal"":0,""feed_redundant"":0,""water_dead"":12,""harvest_dead"":17,""plant_dead"":0,""animals_escaped"":0,""escape_capital"":0.0,""escape_yield_units"":0,""escape_first_day"":-1,""animal_unfed_days"":66,""plants_dry"":2,""dry_seed_cost"":120.0,""dry_yield_units"":1,""dry_first_day"":21,""plant_unwatered_days"":418,""decay_units"":18,""plants_decayed"":18,""silent_loss_coins"":120.0,""silent_loss_units"":24,""dead_actions"":63,""move_dead"":0,""locked_dead"":0,""pickup_dead"":0,""drop_dead"":0,""place_dead"":4,""build_dead"":0,""dig_dead"":2,""fertilize_dead"":1,""collect_dead"":3,""care_dead"":24,""tile_cap_units"":13,""fertilizer_forgone"":18,""care_unfed"":62,""animal_shed_days"":1,""idle_tile_days"":229,""weed_tile_days"":9,""hand_pass_turns"":426,""farmer_pass_turns"":65,""phantom_hand_actions"":0,""sell_floor_units"":48,""hire_premium"":7273,""shed_units_now"":0,""shed_value_now"":0.0,""animals_in_shed_now"":0,""seeds_unplanted_now"":4,""seeds_unplanted_cost_now"":40.0},{""sell_dead_units"":2276,""refused_buy_product"":1,""refused_buy_seed"":0,""refused_buy_animal"":0,""refused_hire"":0,""refused_buy_land"":0,""hire_paid"":7557,""sell_zero_fill"":44,""buy_zero_fill"":1,""sell_revenue"":173366.0,""total_spend"":53683.0,""shed_discarded_units"":5,""sold_units"":2050,""feed_no_wheat"":0,""feed_no_animal"":0,""feed_redundant"":0,""water_dead"":13,""harvest_dead"":18,""plant_dead"":0,""animals_escaped"":0,""escape_capital"":0.0,""escape_yield_units"":0,""escape_first_day"":-1,""animal_unfed_days"":66,""plants_dry"":2,""dry_seed_cost"":120.0,""dry_yield_units"":1,""dry_first_day"":21,""plant_unwatered_days"":418,""decay_units"":18,""plants_decayed"":18,""silent_loss_coins"":120.0,""silent_loss_units"":24,""dead_actions"":65,""move_dead"":0,""locked_dead"":0,""pickup_dead"":0,""drop_dead"":0,""place_dead"":4,""build_dead"":0,""dig_dead"":2,""fertilize_dead"":1,""collect_dead"":3,""care_dead"":24,""tile_cap_units"":14,""fertilizer_forgone"":18,""care_unfed"":62,""animal_shed_days"":1,""idle_tile_days"":230,""weed_tile_days"":2,""hand_pass_turns"":425,""farmer_pass_turns"":65,""phantom_hand_actions"":0,""sell_floor_units"":48,""hire_premium"":7273,""shed_units_now"":0,""shed_value_now"":0.0,""animals_in_shed_now"":0,""seeds_unplanted_now"":5,""seeds_unplanted_cost_now"":50.0}]}",{},
B2_buy10_sell5,B2_opening_candidate,ahmed_v57,ahmed_route,2026092424,0,101577.0,101556.0,21.0,W,kagsim,6.830856,0,0,0,0,0,0,0,0,4444a7221dc8b07c56b279d0ff34ad50d3f8dfee5e4af6a415a8e6bd7bc32cd6,"[{""step"":0,""shops"":[]},{""step"":72,""shops"":[""YARN_STORE""]},{""step"":144,""shops"":[""YARN_STORE"",""PIZZA_SHOP""]},{""step"":216,""shops"":[""YARN_STORE"",""PIZZA_SHOP"",""PIZZA_SHOP""]},{""step"":288,""shops"":[""YARN_STORE"",""PIZZA_SHOP"",""PIZZA_SHOP"",""SMOOTHIE_SHOP""]},{""step"":360,""shops"":[""YARN_STORE"",""PIZZA_SHOP"",""PIZZA_SHOP"",""SMOOTHIE_SHOP"",""BRUNCH_SPOT""]},{""step"":432,""shops"":[""YARN_STORE"",""PIZZA_SHOP"",""PIZZA_SHOP"",""SMOOTHIE_SHOP"",""BRUNCH_SPOT"",""BRUNCH_SPOT""]},{""step"":504,""shops"":[""YARN_STORE"",""PIZZA_SHOP"",""PIZZA_SHOP"",""SMOOTHIE_SHOP"",""BRUNCH_SPOT"",""BRUNCH_SPOT"",""PET_CAFE""]},{""step"":576,""shops"":[""YARN_STORE"",""PIZZA_SHOP"",""PIZZA_SHOP"",""SMOOTHIE_SHOP"",""BRUNCH_SPOT"",""BRUNCH_SPOT"",""PET_CAFE"",""BAKERY""]}]",experiments/round10_public_learning_20260924/evaluations/opening_b2_confirmation/replays/B2_buy10_sell5/ahmed_v57/seed_2026092424_seat_0.json.gz,b20c32e504750ee9947d8aae6266c39bb7c232bab3d3dce94fdd4a73eefa5ee5,c56f5f6211b522e069c55cf7f047e390ca3c134cb1e04d01d52fb6853c03613b,2ee689fdc58f38b7bf6b80b8d3f48129d19b47201dbee51fdcbd977498a5106f,0fe077cc65622d6f6828160d90b617595a4aa7ea188e4afc67bfee8e4d290c92,"{""players"":[{""sell_dead_units"":205,""refused_buy_product"":1,""refused_buy_seed"":0,""refused_buy_animal"":0,""refused_hire"":0,""refused_buy_land"":0,""hire_paid"":5515,""sell_zero_fill"":20,""buy_zero_fill"":1,""sell_revenue"":128016.0,""total_spend"":29439.0,""shed_discarded_units"":20,""sold_units"":1555,""feed_no_wheat"":0,""feed_no_animal"":0,""feed_redundant"":0,""water_dead"":1,""harvest_dead"":4,""plant_dead"":0,""animals_escaped"":0,""escape_capital"":0.0,""escape_yield_units"":0,""escape_first_day"":-1,""animal_unfed_days"":43,""plants_dry"":1,""dry_seed_cost"":100.0,""dry_yield_units"":0,""dry_first_day"":21,""plant_unwatered_days"":385,""decay_units"":18,""plants_decayed"":18,""silent_loss_coins"":100.0,""silent_loss_units"":38,""dead_actions"":17,""move_dead"":0,""locked_dead"":0,""pickup_dead"":0,""drop_dead"":0,""place_dead"":1,""build_dead"":0,""dig_dead"":2,""fertilize_dead"":0,""collect_dead"":4,""care_dead"":5,""tile_cap_units"":8,""fertilizer_forgone"":14,""care_unfed"":39,""animal_shed_days"":0,""idle_tile_days"":62,""weed_tile_days"":1,""hand_pass_turns"":599,""farmer_pass_turns"":81,""phantom_hand_actions"":0,""sell_floor_units"":144,""hire_premium"":5234,""shed_units_now"":0,""shed_value_now"":0.0,""animals_in_shed_now"":0,""seeds_unplanted_now"":0,""seeds_unplanted_cost_now"":0.0},{""sell_dead_units"":217,""refused_buy_product"":1,""refused_buy_seed"":0,""refused_buy_animal"":0,""refused_hire"":0,""refused_buy_land"":0,""hire_paid"":5515,""sell_zero_fill"":21,""buy_zero_fill"":1,""sell_revenue"":128292.0,""total_spend"":29736.0,""shed_discarded_units"":20,""sold_units"":1561,""feed_no_wheat"":0,""feed_no_animal"":0,""feed_redundant"":0,""water_dead"":1,""harvest_dead"":6,""plant_dead"":0,""animals_escaped"":0,""escape_capital"":0.0,""escape_yield_units"":0,""escape_first_day"":-1,""animal_unfed_days"":43,""plants_dry"":1,""dry_seed_cost"":100.0,""dry_yield_units"":0,""dry_first_day"":21,""plant_unwatered_days"":385,""decay_units"":18,""plants_decayed"":18,""silent_loss_coins"":100.0,""silent_loss_units"":38,""dead_actions"":20,""move_dead"":0,""locked_dead"":0,""pickup_dead"":0,""drop_dead"":0,""place_dead"":2,""build_dead"":0,""dig_dead"":2,""fertilize_dead"":0,""collect_dead"":4,""care_dead"":5,""tile_cap_units"":8,""fertilizer_forgone"":14,""care_unfed"":39,""animal_shed_days"":0,""idle_tile_days"":62,""weed_tile_days"":1,""hand_pass_turns"":598,""farmer_pass_turns"":81,""phantom_hand_actions"":0,""sell_floor_units"":143,""hire_premium"":5234,""shed_units_now"":0,""shed_value_now"":0.0,""animals_in_shed_now"":0,""seeds_unplanted_now"":0,""seeds_unplanted_cost_now"":0.0}]}",{},
B2_buy10_sell5,B2_opening_candidate,ahmed_v57,ahmed_route,2026092424,1,101577.0,101556.0,21.0,W,kagsim,6.445084,0,0,0,0,0,0,0,0,4444a7221dc8b07c56b279d0ff34ad50d3f8dfee5e4af6a415a8e6bd7bc32cd6,"[{""step"":0,""shops"":[]},{""step"":72,""shops"":[""YARN_STORE""]},{""step"":144,""shops"":[""YARN_STORE"",""PIZZA_SHOP""]},{""step"":216,""shops"":[""YARN_STORE"",""PIZZA_SHOP"",""PIZZA_SHOP""]},{""step"":288,""shops"":[""YARN_STORE"",""PIZZA_SHOP"",""PIZZA_SHOP"",""SMOOTHIE_SHOP""]},{""step"":360,""shops"":[""YARN_STORE"",""PIZZA_SHOP"",""PIZZA_SHOP"",""SMOOTHIE_SHOP"",""BRUNCH_SPOT""]},{""step"":432,""shops"":[""YARN_STORE"",""PIZZA_SHOP"",""PIZZA_SHOP"",""SMOOTHIE_SHOP"",""BRUNCH_SPOT"",""BRUNCH_SPOT""]},{""step"":504,""shops"":[""YARN_STORE"",""PIZZA_SHOP"",""PIZZA_SHOP"",""SMOOTHIE_SHOP"",""BRUNCH_SPOT"",""BRUNCH_SPOT"",""PET_CAFE""]},{""step"":576,""shops"":[""YARN_STORE"",""PIZZA_SHOP"",""PIZZA_SHOP"",""SMOOTHIE_SHOP"",""BRUNCH_SPOT"",""BRUNCH_SPOT"",""PET_CAFE"",""BAKERY""]}]",experiments/round10_public_learning_20260924/evaluations/opening_b2_confirmation/replays/B2_buy10_sell5/ahmed_v57/seed_2026092424_seat_1.json.gz,fafc7572e34df2369ef333828cae95dcf3ce35ff18de7f63c0a9a6cae7982780,c56f5f6211b522e069c55cf7f047e390ca3c134cb1e04d01d52fb6853c03613b,2ee689fdc58f38b7bf6b80b8d3f48129d19b47201dbee51fdcbd977498a5106f,0fe077cc65622d6f6828160d90b617595a4aa7ea188e4afc67bfee8e4d290c92,"{""players"":[{""sell_dead_units"":217,""refused_buy_product"":1,""refused_buy_seed"":0,""refused_buy_animal"":0,""refused_hire"":0,""refused_buy_land"":0,""hire_paid"":5515,""sell_zero_fill"":21,""buy_zero_fill"":1,""sell_revenue"":128292.0,""total_spend"":29736.0,""shed_discarded_units"":20,""sold_units"":1561,""feed_no_wheat"":0,""feed_no_animal"":0,""feed_redundant"":0,""water_dead"":1,""harvest_dead"":6,""plant_dead"":0,""animals_escaped"":0,""escape_capital"":0.0,""escape_yield_units"":0,""escape_first_day"":-1,""animal_unfed_days"":43,""plants_dry"":1,""dry_seed_cost"":100.0,""dry_yield_units"":0,""dry_first_day"":21,""plant_unwatered_days"":385,""decay_units"":18,""plants_decayed"":18,""silent_loss_coins"":100.0,""silent_loss_units"":38,""dead_actions"":20,""move_dead"":0,""locked_dead"":0,""pickup_dead"":0,""drop_dead"":0,""place_dead"":2,""build_dead"":0,""dig_dead"":2,""fertilize_dead"":0,""collect_dead"":4,""care_dead"":5,""tile_cap_units"":8,""fertilizer_forgone"":14,""care_unfed"":39,""animal_shed_days"":0,""idle_tile_days"":62,""weed_tile_days"":1,""hand_pass_turns"":598,""farmer_pass_turns"":81,""phantom_hand_actions"":0,""sell_floor_units"":143,""hire_premium"":5234,""shed_units_now"":0,""shed_value_now"":0.0,""animals_in_shed_now"":0,""seeds_unplanted_now"":0,""seeds_unplanted_cost_now"":0.0},{""sell_dead_units"":205,""refused_buy_product"":1,""refused_buy_seed"":0,""refused_buy_animal"":0,""refused_hire"":0,""refused_buy_land"":0,""hire_paid"":5515,""sell_zero_fill"":20,""buy_zero_fill"":1,""sell_revenue"":128016.0,""total_spend"":29439.0,""shed_discarded_units"":20,""sold_units"":1555,""feed_no_wheat"":0,""feed_no_animal"":0,""feed_redundant"":0,""water_dead"":1,""harvest_dead"":4,""plant_dead"":0,""animals_escaped"":0,""escape_capital"":0.0,""escape_yield_units"":0,""escape_first_day"":-1,""animal_unfed_days"":43,""plants_dry"":1,""dry_seed_cost"":100.0,""dry_yield_units"":0,""dry_first_day"":21,""plant_unwatered_days"":385,""decay_units"":18,""plants_decayed"":18,""silent_loss_coins"":100.0,""silent_loss_units"":38,""dead_actions"":17,""move_dead"":0,""locked_dead"":0,""pickup_dead"":0,""drop_dead"":0,""place_dead"":1,""build_dead"":0,""dig_dead"":2,""fertilize_dead"":0,""collect_dead"":4,""care_dead"":5,""tile_cap_units"":8,""fertilizer_forgone"":14,""care_unfed"":39,""animal_shed_days"":0,""idle_tile_days"":62,""weed_tile_days"":1,""hand_pass_turns"":599,""farmer_pass_turns"":81,""phantom_hand_actions"":0,""sell_floor_units"":144,""hire_premium"":5234,""shed_units_now"":0,""shed_value_now"":0.0,""animals_in_shed_now"":0,""seeds_unplanted_now"":0,""seeds_unplanted_cost_now"":0.0}]}",{},
B2_buy10_sell5,B2_opening_candidate,herd_safe_B1,herd_safe,2026092421,0,78459.0,78461.0,-2.0,L,kagsim,7.032297,0,0,0,0,0,0,0,0,1a0d9b98b77ea1f9b89eb26cb01c4569d35ca0bc479051453aa5f420df64dcd7,"[{""step"":0,""shops"":[]},{""step"":72,""shops"":[""ICE_CREAM_SHOP""]},{""step"":144,""shops"":[""ICE_CREAM_SHOP"",""BAKERY""]},{""step"":216,""shops"":[""ICE_CREAM_SHOP"",""BAKERY"",""PET_CAFE""]},{""step"":288,""shops"":[""ICE_CREAM_SHOP"",""BAKERY"",""PET_CAFE"",""ICE_CREAM_SHOP""]},{""step"":360,""shops"":[""ICE_CREAM_SHOP"",""BAKERY"",""PET_CAFE"",""ICE_CREAM_SHOP"",""BAKERY""]},{""step"":432,""shops"":[""ICE_CREAM_SHOP"",""BAKERY"",""PET_CAFE"",""ICE_CREAM_SHOP"",""BAKERY"",""YARN_STORE""]},{""step"":504,""shops"":[""ICE_CREAM_SHOP"",""BAKERY"",""PET_CAFE"",""ICE_CREAM_SHOP"",""BAKERY"",""YARN_STORE"",""BAKERY""]},{""step"":576,""shops"":[""ICE_CREAM_SHOP"",""BAKERY"",""PET_CAFE"",""ICE_CREAM_SHOP"",""BAKERY"",""YARN_STORE"",""BAKERY"",""BRUNCH_SPOT""]}]",experiments/round10_public_learning_20260924/evaluations/opening_b2_confirmation/replays/B2_buy10_sell5/herd_safe_B1/seed_2026092421_seat_0.json.gz,785df5114e306606a23c59e512550170acff3c3cefb8e087a7bbebb33628962d,c56f5f6211b522e069c55cf7f047e390ca3c134cb1e04d01d52fb6853c03613b,b6553c296c556aff5b5e2d12b75618e505fa4d852afb5338414ac6d6e039cb02,0fe077cc65622d6f6828160d90b617595a4aa7ea188e4afc67bfee8e4d290c92,"{""players"":[{""sell_dead_units"":2210,""refused_buy_product"":1,""refused_buy_seed"":0,""refused_buy_animal"":0,""refused_hire"":0,""refused_buy_land"":0,""hire_paid"":4253,""sell_zero_fill"":39,""buy_zero_fill"":1,""sell_revenue"":103906.0,""total_spend"":28447.0,""shed_discarded_units"":2,""sold_units"":1597,""feed_no_wheat"":0,""feed_no_animal"":0,""feed_redundant"":0,""water_dead"":10,""harvest_dead"":3,""plant_dead"":0,""animals_escaped"":0,""escape_capital"":0.0,""escape_yield_units"":0,""escape_first_day"":-1,""animal_unfed_days"":73,""plants_dry"":1,""dry_seed_cost"":100.0,""dry_yield_units"":0,""dry_first_day"":21,""plant_unwatered_days"":391,""decay_units"":18,""plants_decayed"":18,""silent_loss_coins"":100.0,""silent_loss_units"":20,""dead_actions"":41,""move_dead"":0,""locked_dead"":0,""pickup_dead"":0,""drop_dead"":0,""place_dead"":2,""build_dead"":0,""dig_dead"":4,""fertilize_dead"":1,""collect_dead"":8,""care_dead"":13,""tile_cap_units"":21,""fertilizer_forgone"":19,""care_unfed"":69,""animal_shed_days"":1,""idle_tile_days"":63,""weed_tile_days"":1,""hand_pass_turns"":390,""farmer_pass_turns"":67,""phantom_hand_actions"":0,""sell_floor_units"":105,""hire_premium"":3986,""shed_units_now"":0,""shed_value_now"":0.0,""animals_in_shed_now"":0,""seeds_unplanted_now"":5,""seeds_unplanted_cost_now"":50.0},{""sell_dead_units"":2210,""refused_buy_product"":1,""refused_buy_seed"":0,""refused_buy_animal"":0,""refused_hire"":0,""refused_buy_land"":0,""hire_paid"":4253,""sell_zero_fill"":39,""buy_zero_fill"":1,""sell_revenue"":103850.0,""total_spend"":28389.0,""shed_discarded_units"":2,""sold_units"":1595,""feed_no_wheat"":0,""feed_no_animal"":0,""feed_redundant"":0,""water_dead"":10,""harvest_dead"":3,""plant_dead"":0,""animals_escaped"":0,""escape_capital"":0.0,""escape_yield_units"":0,""escape_first_day"":-1,""animal_unfed_days"":73,""plants_dry"":1,""dry_seed_cost"":100.0,""dry_yield_units"":0,""dry_first_day"":21,""plant_unwatered_days"":391,""decay_units"":18,""plants_decayed"":18,""silent_loss_coins"":100.0,""silent_loss_units"":20,""dead_actions"":41,""move_dead"":0,""locked_dead"":0,""pickup_dead"":0,""drop_dead"":0,""place_dead"":2,""build_dead"":0,""dig_dead"":4,""fertilize_dead"":1,""collect_dead"":8,""care_dead"":13,""tile_cap_units"":21,""fertilizer_forgone"":19,""care_unfed"":69,""animal_shed_days"":1,""idle_tile_days"":63,""weed_tile_days"":1,""hand_pass_turns"":390,""farmer_pass_turns"":67,""phantom_hand_actions"":0,""sell_floor_units"":105,""hire_premium"":3986,""shed_units_now"":0,""shed_value_now"":0.0,""animals_in_shed_now"":0,""seeds_unplanted_now"":5,""seeds_unplanted_cost_now"":50.0}]}",{},
B2_buy10_sell5,B2_opening_candidate,herd_safe_B1,herd_safe,2026092421,1,78459.0,78461.0,-2.0,L,kagsim,7.151321,0,0,0,0,0,0,0,0,1a0d9b98b77ea1f9b89eb26cb01c4569d35ca0bc479051453aa5f420df64dcd7,"[{""step"":0,""shops"":[]},{""step"":72,""shops"":[""ICE_CREAM_SHOP""]},{""step"":144,""shops"":[""ICE_CREAM_SHOP"",""BAKERY""]},{""step"":216,""shops"":[""ICE_CREAM_SHOP"",""BAKERY"",""PET_CAFE""]},{""step"":288,""shops"":[""ICE_CREAM_SHOP"",""BAKERY"",""PET_CAFE"",""ICE_CREAM_SHOP""]},{""step"":360,""shops"":[""ICE_CREAM_SHOP"",""BAKERY"",""PET_CAFE"",""ICE_CREAM_SHOP"",""BAKERY""]},{""step"":432,""shops"":[""ICE_CREAM_SHOP"",""BAKERY"",""PET_CAFE"",""ICE_CREAM_SHOP"",""BAKERY"",""YARN_STORE""]},{""step"":504,""shops"":[""ICE_CREAM_SHOP"",""BAKERY"",""PET_CAFE"",""ICE_CREAM_SHOP"",""BAKERY"",""YARN_STORE"",""BAKERY""]},{""step"":576,""shops"":[""ICE_CREAM_SHOP"",""BAKERY"",""PET_CAFE"",""ICE_CREAM_SHOP"",""BAKERY"",""YARN_STORE"",""BAKERY"",""BRUNCH_SPOT""]}]",experiments/round10_public_learning_20260924/evaluations/opening_b2_confirmation/replays/B2_buy10_sell5/herd_safe_B1/seed_2026092421_seat_1.json.gz,42d65483615d06f815f2db491403626464ca9dab99210837520ffd1308423ae2,c56f5f6211b522e069c55cf7f047e390ca3c134cb1e04d01d52fb6853c03613b,b6553c296c556aff5b5e2d12b75618e505fa4d852afb5338414ac6d6e039cb02,0fe077cc65622d6f6828160d90b617595a4aa7ea188e4afc67bfee8e4d290c92,"{""players"":[{""sell_dead_units"":2210,""refused_buy_product"":1,""refused_buy_seed"":0,""refused_buy_animal"":0,""refused_hire"":0,""refused_buy_land"":0,""hire_paid"":4253,""sell_zero_fill"":39,""buy_zero_fill"":1,""sell_revenue"":103850.0,""total_spend"":28389.0,""shed_discarded_units"":2,""sold_units"":1595,""feed_no_wheat"":0,""feed_no_animal"":0,""feed_redundant"":0,""water_dead"":10,""harvest_dead"":3,""plant_dead"":0,""animals_escaped"":0,""escape_capital"":0.0,""escape_yield_units"":0,""escape_first_day"":-1,""animal_unfed_days"":73,""plants_dry"":1,""dry_seed_cost"":100.0,""dry_yield_units"":0,""dry_first_day"":21,""plant_unwatered_days"":391,""decay_units"":18,""plants_decayed"":18,""silent_loss_coins"":100.0,""silent_loss_units"":20,""dead_actions"":41,""move_dead"":0,""locked_dead"":0,""pickup_dead"":0,""drop_dead"":0,""place_dead"":2,""build_dead"":0,""dig_dead"":4,""fertilize_dead"":1,""collect_dead"":8,""care_dead"":13,""tile_cap_units"":21,""fertilizer_forgone"":19,""care_unfed"":69,""animal_shed_days"":1,""idle_tile_days"":63,""weed_tile_days"":1,""hand_pass_turns"":390,""farmer_pass_turns"":67,""phantom_hand_actions"":0,""sell_floor_units"":105,""hire_premium"":3986,""shed_units_now"":0,""shed_value_now"":0.0,""animals_in_shed_now"":0,""seeds_unplanted_now"":5,""seeds_unplanted_cost_now"":50.0},{""sell_dead_units"":2210,""refused_buy_product"":1,""refused_buy_seed"":0,""refused_buy_animal"":0,""refused_hire"":0,""refused_buy_land"":0,""hire_paid"":4253,""sell_zero_fill"":39,""buy_zero_fill"":1,""sell_revenue"":103906.0,""total_spend"":28447.0,""shed_discarded_units"":2,""sold_units"":1597,""feed_no_wheat"":0,""feed_no_animal"":0,""feed_redundant"":0,""water_dead"":10,""harvest_dead"":3,""plant_dead"":0,""animals_escaped"":0,""escape_capital"":0.0,""escape_yield_units"":0,""escape_first_day"":-1,""animal_unfed_days"":73,""plants_dry"":1,""dry_seed_cost"":100.0,""dry_yield_units"":0,""dry_first_day"":21,""plant_unwatered_days"":391,""decay_units"":18,""plants_decayed"":18,""silent_loss_coins"":100.0,""silent_loss_units"":20,""dead_actions"":41,""move_dead"":0,""locked_dead"":0,""pickup_dead"":0,""drop_dead"":0,""place_dead"":2,""build_dead"":0,""dig_dead"":4,""fertilize_dead"":1,""collect_dead"":8,""care_dead"":13,""tile_cap_units"":21,""fertilizer_forgone"":19,""care_unfed"":69,""animal_shed_days"":1,""idle_tile_days"":63,""weed_tile_days"":1,""hand_pass_turns"":390,""farmer_pass_turns"":67,""phantom_hand_actions"":0,""sell_floor_units"":105,""hire_premium"":3986,""shed_units_now"":0,""shed_value_now"":0.0,""animals_in_shed_now"":0,""seeds_unplanted_now"":5,""seeds_unplanted_cost_now"":50.0}]}",{},
B2_buy10_sell5,B2_opening_candidate,herd_safe_B1,herd_safe,2026092422,0,66286.0,66362.0,-76.0,L,kagsim,7.560826,0,0,0,0,0,0,0,0,19e2e7b0d517ade9e3156ed5ac478411ae57c4d56f83749b61c91a7eb503d9cd,"[{""step"":0,""shops"":[]},{""step"":72,""shops"":[""PET_CAFE""]},{""step"":144,""shops"":[""PET_CAFE"",""BAKERY""]},{""step"":216,""shops"":[""PET_CAFE"",""BAKERY"",""FARMERS_MARKET""]},{""step"":288,""shops"":[""PET_CAFE"",""BAKERY"",""FARMERS_MARKET"",""BRUNCH_SPOT""]},{""step"":360,""shops"":[""PET_CAFE"",""BAKERY"",""FARMERS_MARKET"",""BRUNCH_SPOT"",""YARN_STORE""]},{""step"":432,""shops"":[""PET_CAFE"",""BAKERY"",""FARMERS_MARKET"",""BRUNCH_SPOT"",""YARN_STORE"",""BAKERY""]},{""step"":504,""shops"":[""PET_CAFE"",""BAKERY"",""FARMERS_MARKET"",""BRUNCH_SPOT"",""YARN_STORE"",""BAKERY"",""BAKERY""]},{""step"":576,""shops"":[""PET_CAFE"",""BAKERY"",""FARMERS_MARKET"",""BRUNCH_SPOT"",""YARN_STORE"",""BAKERY"",""BAKERY"",""ICE_CREAM_SHOP""]}]",experiments/round10_public_learning_20260924/evaluations/opening_b2_confirmation/replays/B2_buy10_sell5/herd_safe_B1/seed_2026092422_seat_0.json.gz,952c927bf607ec1f2e9a498eda4f3f77dd1a7d8d4860f709c0cff46019f8b4d8,c56f5f6211b522e069c55cf7f047e390ca3c134cb1e04d01d52fb6853c03613b,b6553c296c556aff5b5e2d12b75618e505fa4d852afb5338414ac6d6e039cb02,0fe077cc65622d6f6828160d90b617595a4aa7ea188e4afc67bfee8e4d290c92,"{""players"":[{""sell_dead_units"":2237,""refused_buy_product"":25,""refused_buy_seed"":0,""refused_buy_animal"":0,""refused_hire"":0,""refused_buy_land"":0,""hire_paid"":4253,""sell_zero_fill"":44,""buy_zero_fill"":1,""sell_revenue"":231478.0,""total_spend"":168192.0,""shed_discarded_units"":12,""sold_units"":4869,""feed_no_wheat"":1,""feed_no_animal"":1,""feed_redundant"":0,""water_dead"":18,""harvest_dead"":10,""plant_dead"":0,""animals_escaped"":1,""escape_capital"":300.0,""escape_yield_units"":1,""escape_first_day"":26,""animal_unfed_days"":86,""plants_dry"":2,""dry_seed_cost"":120.0,""dry_yield_units"":1,""dry_first_day"":21,""plant_unwatered_days"":387,""decay_units"":18,""plants_decayed"":18,""silent_loss_coins"":420.0,""silent_loss_units"":32,""dead_actions"":61,""move_dead"":0,""locked_dead"":0,""pickup_dead"":0,""drop_dead"":0,""place_dead"":2,""build_dead"":0,""dig_dead"":2,""fertilize_dead"":0,""collect_dead"":3,""care_dead"":24,""tile_cap_units"":27,""fertilizer_forgone"":16,""care_unfed"":82,""animal_shed_days"":1,""idle_tile_days"":69,""weed_tile_days"":4,""hand_pass_turns"":375,""farmer_pass_turns"":66,""phantom_hand_actions"":0,""sell_floor_units"":174,""hire_premium"":3986,""shed_units_now"":0,""shed_value_now"":0.0,""animals_in_shed_now"":0,""seeds_unplanted_now"":5,""seeds_unplanted_cost_now"":50.0},{""sell_dead_units"":2237,""refused_buy_product"":25,""refused_buy_seed"":0,""refused_buy_animal"":0,""refused_hire"":0,""refused_buy_land"":0,""hire_paid"":4253,""sell_zero_fill"":44,""buy_zero_fill"":1,""sell_revenue"":231506.0,""total_spend"":168144.0,""shed_discarded_units"":12,""sold_units"":4869,""feed_no_wheat"":1,""feed_no_animal"":1,""feed_redundant"":0,""water_dead"":15,""harvest_dead"":9,""plant_dead"":0,""animals_escaped"":1,""escape_capital"":300.0,""escape_yield_units"":1,""escape_first_day"":26,""animal_unfed_days"":86,""plants_dry"":2,""dry_seed_cost"":120.0,""dry_yield_units"":1,""dry_first_day"":21,""plant_unwatered_days"":387,""decay_units"":18,""plants_decayed"":18,""silent_loss_coins"":420.0,""silent_loss_units"":32,""dead_actions"":57,""move_dead"":0,""locked_dead"":0,""pickup_dead"":0,""drop_dead"":0,""place_dead"":2,""build_dead"":0,""dig_dead"":2,""fertilize_dead"":0,""collect_dead"":3,""care_dead"":24,""tile_cap_units"":27,""fertilizer_forgone"":16,""care_unfed"":82,""animal_shed_days"":1,""idle_tile_days"":67,""weed_tile_days"":2,""hand_pass_turns"":375,""farmer_pass_turns"":66,""phantom_hand_actions"":0,""sell_floor_units"":174,""hire_premium"":3986,""shed_units_now"":0,""shed_value_now"":0.0,""animals_in_shed_now"":0,""seeds_unplanted_now"":4,""seeds_unplanted_cost_now"":40.0}]}",{},
B2_buy10_sell5,B2_opening_candidate,herd_safe_B1,herd_safe,2026092422,1,66360.0,66288.0,72.0,W,kagsim,7.302376,0,0,0,0,0,0,0,0,19e2e7b0d517ade9e3156ed5ac478411ae57c4d56f83749b61c91a7eb503d9cd,"[{""step"":0,""shops"":[]},{""step"":72,""shops"":[""PET_CAFE""]},{""step"":144,""shops"":[""PET_CAFE"",""BAKERY""]},{""step"":216,""shops"":[""PET_CAFE"",""BAKERY"",""FARMERS_MARKET""]},{""step"":288,""shops"":[""PET_CAFE"",""BAKERY"",""FARMERS_MARKET"",""BRUNCH_SPOT""]},{""step"":360,""shops"":[""PET_CAFE"",""BAKERY"",""FARMERS_MARKET"",""BRUNCH_SPOT"",""YARN_STORE""]},{""step"":432,""shops"":[""PET_CAFE"",""BAKERY"",""FARMERS_MARKET"",""BRUNCH_SPOT"",""YARN_STORE"",""BAKERY""]},{""step"":504,""shops"":[""PET_CAFE"",""BAKERY"",""FARMERS_MARKET"",""BRUNCH_SPOT"",""YARN_STORE"",""BAKERY"",""BAKERY""]},{""step"":576,""shops"":[""PET_CAFE"",""BAKERY"",""FARMERS_MARKET"",""BRUNCH_SPOT"",""YARN_STORE"",""BAKERY"",""BAKERY"",""ICE_CREAM_SHOP""]}]",experiments/round10_public_learning_20260924/evaluations/opening_b2_confirmation/replays/B2_buy10_sell5/herd_safe_B1/seed_2026092422_seat_1.json.gz,598f575c0aedfe02331badadc92eb114861d639763c774d9b5af9aee88ffcd76,c56f5f6211b522e069c55cf7f047e390ca3c134cb1e04d01d52fb6853c03613b,b6553c296c556aff5b5e2d12b75618e505fa4d852afb5338414ac6d6e039cb02,0fe077cc65622d6f6828160d90b617595a4aa7ea188e4afc67bfee8e4d290c92,"{""players"":[{""sell_dead_units"":2237,""refused_buy_product"":25,""refused_buy_seed"":0,""refused_buy_animal"":0,""refused_hire"":0,""refused_buy_land"":0,""hire_paid"":4253,""sell_zero_fill"":44,""buy_zero_fill"":1,""sell_revenue"":231422.0,""total_spend"":168134.0,""shed_discarded_units"":12,""sold_units"":4867,""feed_no_wheat"":1,""feed_no_animal"":1,""feed_redundant"":0,""water_dead"":18,""harvest_dead"":10,""plant_dead"":0,""animals_escaped"":1,""escape_capital"":300.0,""escape_yield_units"":1,""escape_first_day"":26,""animal_unfed_days"":86,""plants_dry"":2,""dry_seed_cost"":120.0,""dry_yield_units"":1,""dry_first_day"":21,""plant_unwatered_days"":387,""decay_units"":18,""plants_decayed"":18,""silent_loss_coins"":420.0,""silent_loss_units"":32,""dead_actions"":61,""move_dead"":0,""locked_dead"":0,""pickup_dead"":0,""drop_dead"":0,""place_dead"":2,""build_dead"":0,""dig_dead"":2,""fertilize_dead"":0,""collect_dead"":3,""care_dead"":24,""tile_cap_units"":27,""fertilizer_forgone"":16,""care_unfed"":82,""animal_shed_days"":1,""idle_tile_days"":69,""weed_tile_days"":4,""hand_pass_turns"":375,""farmer_pass_turns"":66,""phantom_hand_actions"":0,""sell_floor_units"":174,""hire_premium"":3986,""shed_units_now"":0,""shed_value_now"":0.0,""animals_in_shed_now"":0,""seeds_unplanted_now"":5,""seeds_unplanted_cost_now"":50.0},{""sell_dead_units"":2237,""refused_buy_product"":25,""refused_buy_seed"":0,""refused_buy_animal"":0,""refused_hire"":0,""refused_buy_land"":0,""hire_paid"":4253,""sell_zero_fill"":44,""buy_zero_fill"":1,""sell_revenue"":231562.0,""total_spend"":168202.0,""shed_discarded_units"":12,""sold_units"":4871,""feed_no_wheat"":1,""feed_no_animal"":1,""feed_redundant"":0,""water_dead"":15,""harvest_dead"":9,""plant_dead"":0,""animals_escaped"":1,""escape_capital"":300.0,""escape_yield_units"":1,""escape_first_day"":26,""animal_unfed_days"":86,""plants_dry"":2,""dry_seed_cost"":120.0,""dry_yield_units"":1,""dry_first_day"":21,""plant_unwatered_days"":387,""decay_units"":18,""plants_decayed"":18,""silent_loss_coins"":420.0,""silent_loss_units"":32,""dead_actions"":57,""move_dead"":0,""locked_dead"":0,""pickup_dead"":0,""drop_dead"":0,""place_dead"":2,""build_dead"":0,""dig_dead"":2,""fertilize_dead"":0,""collect_dead"":3,""care_dead"":24,""tile_cap_units"":27,""fertilizer_forgone"":16,""care_unfed"":82,""animal_shed_days"":1,""idle_tile_days"":67,""weed_tile_days"":2,""hand_pass_turns"":375,""farmer_pass_turns"":66,""phantom_hand_actions"":0,""sell_floor_units"":174,""hire_premium"":3986,""shed_units_now"":0,""shed_value_now"":0.0,""animals_in_shed_now"":0,""seeds_unplanted_now"":4,""seeds_unplanted_cost_now"":40.0}]}",{},
B2_buy10_sell5,B2_opening_candidate,herd_safe_B1,herd_safe,2026092423,0,122701.0,122703.0,-2.0,L,kagsim,7.756546,0,0,0,0,0,0,0,0,85d8b413f9bf7d2c4e275dc00ed3cb3bab9b8ae1cb526d0a50828fa28f29a51c,"[{""step"":0,""shops"":[]},{""step"":72,""shops"":[""FARMERS_MARKET""]},{""step"":144,""shops"":[""FARMERS_MARKET"",""FARMERS_MARKET""]},{""step"":216,""shops"":[""FARMERS_MARKET"",""FARMERS_MARKET"",""YARN_STORE""]},{""step"":288,""shops"":[""FARMERS_MARKET"",""FARMERS_MARKET"",""YARN_STORE"",""BRUNCH_SPOT""]},{""step"":360,""shops"":[""FARMERS_MARKET"",""FARMERS_MARKET"",""YARN_STORE"",""BRUNCH_SPOT"",""PIZZA_SHOP""]},{""step"":432,""shops"":[""FARMERS_MARKET"",""FARMERS_MARKET"",""YARN_STORE"",""BRUNCH_SPOT"",""PIZZA_SHOP"",""PIZZA_SHOP""]},{""step"":504,""shops"":[""FARMERS_MARKET"",""FARMERS_MARKET"",""YARN_STORE"",""BRUNCH_SPOT"",""PIZZA_SHOP"",""PIZZA_SHOP"",""PIZZA_SHOP""]},{""step"":576,""shops"":[""FARMERS_MARKET"",""FARMERS_MARKET"",""YARN_STORE"",""BRUNCH_SPOT"",""PIZZA_SHOP"",""PIZZA_SHOP"",""PIZZA_SHOP"",""YARN_STORE""]}]",experiments/round10_public_learning_20260924/evaluations/opening_b2_confirmation/replays/B2_buy10_sell5/herd_safe_B1/seed_2026092423_seat_0.json.gz,bb0d66a8f630dfdf6601f204b7997e7ec17743581a25387173e93fde7f8b636f,c56f5f6211b522e069c55cf7f047e390ca3c134cb1e04d01d52fb6853c03613b,b6553c296c556aff5b5e2d12b75618e505fa4d852afb5338414ac6d6e039cb02,0fe077cc65622d6f6828160d90b617595a4aa7ea188e4afc67bfee8e4d290c92,"{""players"":[{""sell_dead_units"":2276,""refused_buy_product"":1,""refused_buy_seed"":0,""refused_buy_animal"":0,""refused_hire"":0,""refused_buy_land"":0,""hire_paid"":7557,""sell_zero_fill"":44,""buy_zero_fill"":1,""sell_revenue"":173384.0,""total_spend"":53683.0,""shed_discarded_units"":5,""sold_units"":2050,""feed_no_wheat"":0,""feed_no_animal"":0,""feed_redundant"":0,""water_dead"":13,""harvest_dead"":18,""plant_dead"":0,""animals_escaped"":0,""escape_capital"":0.0,""escape_yield_units"":0,""escape_first_day"":-1,""animal_unfed_days"":66,""plants_dry"":2,""dry_seed_cost"":120.0,""dry_yield_units"":1,""dry_first_day"":21,""plant_unwatered_days"":418,""decay_units"":18,""plants_decayed"":18,""silent_loss_coins"":120.0,""silent_loss_units"":24,""dead_actions"":65,""move_dead"":0,""locked_dead"":0,""pickup_dead"":0,""drop_dead"":0,""place_dead"":4,""build_dead"":0,""dig_dead"":2,""fertilize_dead"":1,""collect_dead"":3,""care_dead"":24,""tile_cap_units"":14,""fertilizer_forgone"":18,""care_unfed"":62,""animal_shed_days"":1,""idle_tile_days"":230,""weed_tile_days"":9,""hand_pass_turns"":425,""farmer_pass_turns"":65,""phantom_hand_actions"":0,""sell_floor_units"":48,""hire_premium"":7273,""shed_units_now"":0,""shed_value_now"":0.0,""animals_in_shed_now"":0,""seeds_unplanted_now"":5,""seeds_unplanted_cost_now"":50.0},{""sell_dead_units"":2276,""refused_buy_product"":1,""refused_buy_seed"":0,""refused_buy_animal"":0,""refused_hire"":0,""refused_buy_land"":0,""hire_paid"":7557,""sell_zero_fill"":44,""buy_zero_fill"":1,""sell_revenue"":173328.0,""total_spend"":53625.0,""shed_discarded_units"":5,""sold_units"":2048,""feed_no_wheat"":0,""feed_no_animal"":0,""feed_redundant"":0,""water_dead"":13,""harvest_dead"":18,""plant_dead"":0,""animals_escaped"":0,""escape_capital"":0.0,""escape_yield_units"":0,""escape_first_day"":-1,""animal_unfed_days"":66,""plants_dry"":2,""dry_seed_cost"":120.0,""dry_yield_units"":1,""dry_first_day"":21,""plant_unwatered_days"":418,""decay_units"":18,""plants_decayed"":18,""silent_loss_coins"":120.0,""silent_loss_units"":24,""dead_actions"":65,""move_dead"":0,""locked_dead"":0,""pickup_dead"":0,""drop_dead"":0,""place_dead"":4,""build_dead"":0,""dig_dead"":2,""fertilize_dead"":1,""collect_dead"":3,""care_dead"":24,""tile_cap_units"":14,""fertilizer_forgone"":18,""care_unfed"":62,""animal_shed_days"":1,""idle_tile_days"":230,""weed_tile_days"":2,""hand_pass_turns"":425,""farmer_pass_turns"":65,""phantom_hand_actions"":0,""sell_floor_units"":48,""hire_premium"":7273,""shed_units_now"":0,""shed_value_now"":0.0,""animals_in_shed_now"":0,""seeds_unplanted_now"":5,""seeds_unplanted_cost_now"":50.0}]}",{},
B2_buy10_sell5,B2_opening_candidate,herd_safe_B1,herd_safe,2026092423,1,122701.0,122703.0,-2.0,L,kagsim,7.757058,0,0,0,0,0,0,0,0,85d8b413f9bf7d2c4e275dc00ed3cb3bab9b8ae1cb526d0a50828fa28f29a51c,"[{""step"":0,""shops"":[]},{""step"":72,""shops"":[""FARMERS_MARKET""]},{""step"":144,""shops"":[""FARMERS_MARKET"",""FARMERS_MARKET""]},{""step"":216,""shops"":[""FARMERS_MARKET"",""FARMERS_MARKET"",""YARN_STORE""]},{""step"":288,""shops"":[""FARMERS_MARKET"",""FARMERS_MARKET"",""YARN_STORE"",""BRUNCH_SPOT""]},{""step"":360,""shops"":[""FARMERS_MARKET"",""FARMERS_MARKET"",""YARN_STORE"",""BRUNCH_SPOT"",""PIZZA_SHOP""]},{""step"":432,""shops"":[""FARMERS_MARKET"",""FARMERS_MARKET"",""YARN_STORE"",""BRUNCH_SPOT"",""PIZZA_SHOP"",""PIZZA_SHOP""]},{""step"":504,""shops"":[""FARMERS_MARKET"",""FARMERS_MARKET"",""YARN_STORE"",""BRUNCH_SPOT"",""PIZZA_SHOP"",""PIZZA_SHOP"",""PIZZA_SHOP""]},{""step"":576,""shops"":[""FARMERS_MARKET"",""FARMERS_MARKET"",""YARN_STORE"",""BRUNCH_SPOT"",""PIZZA_SHOP"",""PIZZA_SHOP"",""PIZZA_SHOP"",""YARN_STORE""]}]",experiments/round10_public_learning_20260924/evaluations/opening_b2_confirmation/replays/B2_buy10_sell5/herd_safe_B1/seed_2026092423_seat_1.json.gz,3c8e2b3058d0bad2b66d053dd919a8d6560d5c6758d9b27043c0b6d76830aa0c,c56f5f6211b522e069c55cf7f047e390ca3c134cb1e04d01d52fb6853c03613b,b6553c296c556aff5b5e2d12b75618e505fa4d852afb5338414ac6d6e039cb02,0fe077cc65622d6f6828160d90b617595a4aa7ea188e4afc67bfee8e4d290c92,"{""players"":[{""sell_dead_units"":2276,""refused_buy_product"":1,""refused_buy_seed"":0,""refused_buy_animal"":0,""refused_hire"":0,""refused_buy_land"":0,""hire_paid"":7557,""sell_zero_fill"":44,""buy_zero_fill"":1,""sell_revenue"":173328.0,""total_spend"":53625.0,""shed_discarded_units"":5,""sold_units"":2048,""feed_no_wheat"":0,""feed_no_animal"":0,""feed_redundant"":0,""water_dead"":13,""harvest_dead"":18,""plant_dead"":0,""animals_escaped"":0,""escape_capital"":0.0,""escape_yield_units"":0,""escape_first_day"":-1,""animal_unfed_days"":66,""plants_dry"":2,""dry_seed_cost"":120.0,""dry_yield_units"":1,""dry_first_day"":21,""plant_unwatered_days"":418,""decay_units"":18,""plants_decayed"":18,""silent_loss_coins"":120.0,""silent_loss_units"":24,""dead_actions"":65,""move_dead"":0,""locked_dead"":0,""pickup_dead"":0,""drop_dead"":0,""place_dead"":4,""build_dead"":0,""dig_dead"":2,""fertilize_dead"":1,""collect_dead"":3,""care_dead"":24,""tile_cap_units"":14,""fertilizer_forgone"":18,""care_unfed"":62,""animal_shed_days"":1,""idle_tile_days"":230,""weed_tile_days"":9,""hand_pass_turns"":425,""farmer_pass_turns"":65,""phantom_hand_actions"":0,""sell_floor_units"":48,""hire_premium"":7273,""shed_units_now"":0,""shed_value_now"":0.0,""animals_in_shed_now"":0,""seeds_unplanted_now"":5,""seeds_unplanted_cost_now"":50.0},{""sell_dead_units"":2276,""refused_buy_product"":1,""refused_buy_seed"":0,""refused_buy_animal"":0,""refused_hire"":0,""refused_buy_land"":0,""hire_paid"":7557,""sell_zero_fill"":44,""buy_zero_fill"":1,""sell_revenue"":173384.0,""total_spend"":53683.0,""shed_discarded_units"":5,""sold_units"":2050,""feed_no_wheat"":0,""feed_no_animal"":0,""feed_redundant"":0,""water_dead"":13,""harvest_dead"":18,""plant_dead"":0,""animals_escaped"":0,""escape_capital"":0.0,""escape_yield_units"":0,""escape_first_day"":-1,""animal_unfed_days"":66,""plants_dry"":2,""dry_seed_cost"":120.0,""dry_yield_units"":1,""dry_first_day"":21,""plant_unwatered_days"":418,""decay_units"":18,""plants_decayed"":18,""silent_loss_coins"":120.0,""silent_loss_units"":24,""dead_actions"":65,""move_dead"":0,""locked_dead"":0,""pickup_dead"":0,""drop_dead"":0,""place_dead"":4,""build_dead"":0,""dig_dead"":2,""fertilize_dead"":1,""collect_dead"":3,""care_dead"":24,""tile_cap_units"":14,""fertilizer_forgone"":18,""care_unfed"":62,""animal_shed_days"":1,""idle_tile_days"":230,""weed_tile_days"":2,""hand_pass_turns"":425,""farmer_pass_turns"":65,""phantom_hand_actions"":0,""sell_floor_units"":48,""hire_premium"":7273,""shed_units_now"":0,""shed_value_now"":0.0,""animals_in_shed_now"":0,""seeds_unplanted_now"":5,""seeds_unplanted_cost_now"":50.0}]}",{},
B2_buy10_sell5,B2_opening_candidate,herd_safe_B1,herd_safe,2026092424,0,101627.0,101629.0,-2.0,L,kagsim,7.257298,0,0,0,0,0,0,0,0,4444a7221dc8b07c56b279d0ff34ad50d3f8dfee5e4af6a415a8e6bd7bc32cd6,"[{""step"":0,""shops"":[]},{""step"":72,""shops"":[""YARN_STORE""]},{""step"":144,""shops"":[""YARN_STORE"",""PIZZA_SHOP""]},{""step"":216,""shops"":[""YARN_STORE"",""PIZZA_SHOP"",""PIZZA_SHOP""]},{""step"":288,""shops"":[""YARN_STORE"",""PIZZA_SHOP"",""PIZZA_SHOP"",""SMOOTHIE_SHOP""]},{""step"":360,""shops"":[""YARN_STORE"",""PIZZA_SHOP"",""PIZZA_SHOP"",""SMOOTHIE_SHOP"",""BRUNCH_SPOT""]},{""step"":432,""shops"":[""YARN_STORE"",""PIZZA_SHOP"",""PIZZA_SHOP"",""SMOOTHIE_SHOP"",""BRUNCH_SPOT"",""BRUNCH_SPOT""]},{""step"":504,""shops"":[""YARN_STORE"",""PIZZA_SHOP"",""PIZZA_SHOP"",""SMOOTHIE_SHOP"",""BRUNCH_SPOT"",""BRUNCH_SPOT"",""PET_CAFE""]},{""step"":576,""shops"":[""YARN_STORE"",""PIZZA_SHOP"",""PIZZA_SHOP"",""SMOOTHIE_SHOP"",""BRUNCH_SPOT"",""BRUNCH_SPOT"",""PET_CAFE"",""BAKERY""]}]",experiments/round10_public_learning_20260924/evaluations/opening_b2_confirmation/replays/B2_buy10_sell5/herd_safe_B1/seed_2026092424_seat_0.json.gz,084c56cd58115107b01d421b44db2988d278b49b96bb28fc615467f33c4ef151,c56f5f6211b522e069c55cf7f047e390ca3c134cb1e04d01d52fb6853c03613b,b6553c296c556aff5b5e2d12b75618e505fa4d852afb5338414ac6d6e039cb02,0fe077cc65622d6f6828160d90b617595a4aa7ea188e4afc67bfee8e4d290c92,"{""players"":[{""sell_dead_units"":205,""refused_buy_product"":1,""refused_buy_seed"":0,""refused_buy_animal"":0,""refused_hire"":0,""refused_buy_land"":0,""hire_paid"":5515,""sell_zero_fill"":20,""buy_zero_fill"":1,""sell_revenue"":128066.0,""total_spend"":29439.0,""shed_discarded_units"":20,""sold_units"":1555,""feed_no_wheat"":0,""feed_no_animal"":0,""feed_redundant"":0,""water_dead"":1,""harvest_dead"":4,""plant_dead"":0,""animals_escaped"":0,""escape_capital"":0.0,""escape_yield_units"":0,""escape_first_day"":-1,""animal_unfed_days"":43,""plants_dry"":1,""dry_seed_cost"":100.0,""dry_yield_units"":0,""dry_first_day"":21,""plant_unwatered_days"":385,""decay_units"":18,""plants_decayed"":18,""silent_loss_coins"":100.0,""silent_loss_units"":38,""dead_actions"":17,""move_dead"":0,""locked_dead"":0,""pickup_dead"":0,""drop_dead"":0,""place_dead"":1,""build_dead"":0,""dig_dead"":2,""fertilize_dead"":0,""collect_dead"":4,""care_dead"":5,""tile_cap_units"":8,""fertilizer_forgone"":14,""care_unfed"":39,""animal_shed_days"":0,""idle_tile_days"":62,""weed_tile_days"":1,""hand_pass_turns"":599,""farmer_pass_turns"":81,""phantom_hand_actions"":0,""sell_floor_units"":144,""hire_premium"":5234,""shed_units_now"":0,""shed_value_now"":0.0,""animals_in_shed_now"":0,""seeds_unplanted_now"":0,""seeds_unplanted_cost_now"":0.0},{""sell_dead_units"":205,""refused_buy_product"":1,""refused_buy_seed"":0,""refused_buy_animal"":0,""refused_hire"":0,""refused_buy_land"":0,""hire_paid"":5515,""sell_zero_fill"":20,""buy_zero_fill"":1,""sell_revenue"":128010.0,""total_spend"":29381.0,""shed_discarded_units"":20,""sold_units"":1553,""feed_no_wheat"":0,""feed_no_animal"":0,""feed_redundant"":0,""water_dead"":1,""harvest_dead"":4,""plant_dead"":0,""animals_escaped"":0,""escape_capital"":0.0,""escape_yield_units"":0,""escape_first_day"":-1,""animal_unfed_days"":43,""plants_dry"":1,""dry_seed_cost"":100.0,""dry_yield_units"":0,""dry_first_day"":21,""plant_unwatered_days"":385,""decay_units"":18,""plants_decayed"":18,""silent_loss_coins"":100.0,""silent_loss_units"":38,""dead_actions"":17,""move_dead"":0,""locked_dead"":0,""pickup_dead"":0,""drop_dead"":0,""place_dead"":1,""build_dead"":0,""dig_dead"":2,""fertilize_dead"":0,""collect_dead"":4,""care_dead"":5,""tile_cap_units"":8,""fertilizer_forgone"":14,""care_unfed"":39,""animal_shed_days"":0,""idle_tile_days"":62,""weed_tile_days"":1,""hand_pass_turns"":599,""farmer_pass_turns"":81,""phantom_hand_actions"":0,""sell_floor_units"":144,""hire_premium"":5234,""shed_units_now"":0,""shed_value_now"":0.0,""animals_in_shed_now"":0,""seeds_unplanted_now"":0,""seeds_unplanted_cost_now"":0.0}]}",{},
B2_buy10_sell5,B2_opening_candidate,herd_safe_B1,herd_safe,2026092424,1,101627.0,101629.0,-2.0,L,kagsim,7.486309,0,0,0,0,0,0,0,0,4444a7221dc8b07c56b279d0ff34ad50d3f8dfee5e4af6a415a8e6bd7bc32cd6,"[{""step"":0,""shops"":[]},{""step"":72,""shops"":[""YARN_STORE""]},{""step"":144,""shops"":[""YARN_STORE"",""PIZZA_SHOP""]},{""step"":216,""shops"":[""YARN_STORE"",""PIZZA_SHOP"",""PIZZA_SHOP""]},{""step"":288,""shops"":[""YARN_STORE"",""PIZZA_SHOP"",""PIZZA_SHOP"",""SMOOTHIE_SHOP""]},{""step"":360,""shops"":[""YARN_STORE"",""PIZZA_SHOP"",""PIZZA_SHOP"",""SMOOTHIE_SHOP"",""BRUNCH_SPOT""]},{""step"":432,""shops"":[""YARN_STORE"",""PIZZA_SHOP"",""PIZZA_SHOP"",""SMOOTHIE_SHOP"",""BRUNCH_SPOT"",""BRUNCH_SPOT""]},{""step"":504,""shops"":[""YARN_STORE"",""PIZZA_SHOP"",""PIZZA_SHOP"",""SMOOTHIE_SHOP"",""BRUNCH_SPOT"",""BRUNCH_SPOT"",""PET_CAFE""]},{""step"":576,""shops"":[""YARN_STORE"",""PIZZA_SHOP"",""PIZZA_SHOP"",""SMOOTHIE_SHOP"",""BRUNCH_SPOT"",""BRUNCH_SPOT"",""PET_CAFE"",""BAKERY""]}]",experiments/round10_public_learning_20260924/evaluations/opening_b2_confirmation/replays/B2_buy10_sell5/herd_safe_B1/seed_2026092424_seat_1.json.gz,aa160ff8e36647e4bcf09f118e850ad9943bf5f75cea200112e17f614b728486,c56f5f6211b522e069c55cf7f047e390ca3c134cb1e04d01d52fb6853c03613b,b6553c296c556aff5b5e2d12b75618e505fa4d852afb5338414ac6d6e039cb02,0fe077cc65622d6f6828160d90b617595a4aa7ea188e4afc67bfee8e4d290c92,"{""players"":[{""sell_dead_units"":205,""refused_buy_product"":1,""refused_buy_seed"":0,""refused_buy_animal"":0,""refused_hire"":0,""refused_buy_land"":0,""hire_paid"":5515,""sell_zero_fill"":20,""buy_zero_fill"":1,""sell_revenue"":128010.0,""total_spend"":29381.0,""shed_discarded_units"":20,""sold_units"":1553,""feed_no_wheat"":0,""feed_no_animal"":0,""feed_redundant"":0,""water_dead"":1,""harvest_dead"":4,""plant_dead"":0,""animals_escaped"":0,""escape_capital"":0.0,""escape_yield_units"":0,""escape_first_day"":-1,""animal_unfed_days"":43,""plants_dry"":1,""dry_seed_cost"":100.0,""dry_yield_units"":0,""dry_first_day"":21,""plant_unwatered_days"":385,""decay_units"":18,""plants_decayed"":18,""silent_loss_coins"":100.0,""silent_loss_units"":38,""dead_actions"":17,""move_dead"":0,""locked_dead"":0,""pickup_dead"":0,""drop_dead"":0,""place_dead"":1,""build_dead"":0,""dig_dead"":2,""fertilize_dead"":0,""collect_dead"":4,""care_dead"":5,""tile_cap_units"":8,""fertilizer_forgone"":14,""care_unfed"":39,""animal_shed_days"":0,""idle_tile_days"":62,""weed_tile_days"":1,""hand_pass_turns"":599,""farmer_pass_turns"":81,""phantom_hand_actions"":0,""sell_floor_units"":144,""hire_premium"":5234,""shed_units_now"":0,""shed_value_now"":0.0,""animals_in_shed_now"":0,""seeds_unplanted_now"":0,""seeds_unplanted_cost_now"":0.0},{""sell_dead_units"":205,""refused_buy_product"":1,""refused_buy_seed"":0,""refused_buy_animal"":0,""refused_hire"":0,""refused_buy_land"":0,""hire_paid"":5515,""sell_zero_fill"":20,""buy_zero_fill"":1,""sell_revenue"":128066.0,""total_spend"":29439.0,""shed_discarded_units"":20,""sold_units"":1555,""feed_no_wheat"":0,""feed_no_animal"":0,""feed_redundant"":0,""water_dead"":1,""harvest_dead"":4,""plant_dead"":0,""animals_escaped"":0,""escape_capital"":0.0,""escape_yield_units"":0,""escape_first_day"":-1,""animal_unfed_days"":43,""plants_dry"":1,""dry_seed_cost"":100.0,""dry_yield_units"":0,""dry_first_day"":21,""plant_unwatered_days"":385,""decay_units"":18,""plants_decayed"":18,""silent_loss_coins"":100.0,""silent_loss_units"":38,""dead_actions"":17,""move_dead"":0,""locked_dead"":0,""pickup_dead"":0,""drop_dead"":0,""place_dead"":1,""build_dead"":0,""dig_dead"":2,""fertilize_dead"":0,""collect_dead"":4,""care_dead"":5,""tile_cap_units"":8,""fertilizer_forgone"":14,""care_unfed"":39,""animal_shed_days"":0,""idle_tile_days"":62,""weed_tile_days"":1,""hand_pass_turns"":599,""farmer_pass_turns"":81,""phantom_hand_actions"":0,""sell_floor_units"":144,""hire_premium"":5234,""shed_units_now"":0,""shed_value_now"":0.0,""animals_in_shed_now"":0,""seeds_unplanted_now"":0,""seeds_unplanted_cost_now"":0.0}]}",{},
B2_buy10_sell5,B2_opening_candidate,melon_threshold,melon_threshold,2026092421,0,78027.0,76974.0,1053.0,W,kagsim,5.326708,0,0,0,0,0,0,0,0,1a0d9b98b77ea1f9b89eb26cb01c4569d35ca0bc479051453aa5f420df64dcd7,"[{""step"":0,""shops"":[]},{""step"":72,""shops"":[""ICE_CREAM_SHOP""]},{""step"":144,""shops"":[""ICE_CREAM_SHOP"",""BAKERY""]},{""step"":216,""shops"":[""ICE_CREAM_SHOP"",""BAKERY"",""PET_CAFE""]},{""step"":288,""shops"":[""ICE_CREAM_SHOP"",""BAKERY"",""PET_CAFE"",""ICE_CREAM_SHOP""]},{""step"":360,""shops"":[""ICE_CREAM_SHOP"",""BAKERY"",""PET_CAFE"",""ICE_CREAM_SHOP"",""BAKERY""]},{""step"":432,""shops"":[""ICE_CREAM_SHOP"",""BAKERY"",""PET_CAFE"",""ICE_CREAM_SHOP"",""BAKERY"",""YARN_STORE""]},{""step"":504,""shops"":[""ICE_CREAM_SHOP"",""BAKERY"",""PET_CAFE"",""ICE_CREAM_SHOP"",""BAKERY"",""YARN_STORE"",""BAKERY""]},{""step"":576,""shops"":[""ICE_CREAM_SHOP"",""BAKERY"",""PET_CAFE"",""ICE_CREAM_SHOP"",""BAKERY"",""YARN_STORE"",""BAKERY"",""BRUNCH_SPOT""]}]",experiments/round10_public_learning_20260924/evaluations/opening_b2_confirmation/replays/B2_buy10_sell5/melon_threshold/seed_2026092421_seat_0.json.gz,b02dfeb7b1960401b190f99d7c7c814135e2ef79776de9cd67eb7f2f73e65dea,c56f5f6211b522e069c55cf7f047e390ca3c134cb1e04d01d52fb6853c03613b,26e21e006e1d87042709a658c44fd44878f7a6415add558cbd2c71f4f8772b12,0fe077cc65622d6f6828160d90b617595a4aa7ea188e4afc67bfee8e4d290c92,"{""players"":[{""sell_dead_units"":2172,""refused_buy_product"":1,""refused_buy_seed"":0,""refused_buy_animal"":0,""refused_hire"":0,""refused_buy_land"":0,""hire_paid"":4253,""sell_zero_fill"":32,""buy_zero_fill"":1,""sell_revenue"":103489.0,""total_spend"":28462.0,""shed_discarded_units"":4,""sold_units"":1595,""feed_no_wheat"":0,""feed_no_animal"":0,""feed_redundant"":0,""water_dead"":10,""harvest_dead"":3,""plant_dead"":0,""animals_escaped"":0,""escape_capital"":0.0,""escape_yield_units"":0,""escape_first_day"":-1,""animal_unfed_days"":81,""plants_dry"":1,""dry_seed_cost"":100.0,""dry_yield_units"":0,""dry_first_day"":21,""plant_unwatered_days"":391,""decay_units"":18,""plants_decayed"":18,""silent_loss_coins"":100.0,""silent_loss_units"":22,""dead_actions"":41,""move_dead"":0,""locked_dead"":0,""pickup_dead"":0,""drop_dead"":0,""place_dead"":2,""build_dead"":0,""dig_dead"":4,""fertilize_dead"":1,""collect_dead"":8,""care_dead"":13,""tile_cap_units"":21,""fertilizer_forgone"":19,""care_unfed"":77,""animal_shed_days"":1,""idle_tile_days"":63,""weed_tile_days"":1,""hand_pass_turns"":397,""farmer_pass_turns"":68,""phantom_hand_actions"":0,""sell_floor_units"":85,""hire_premium"":3986,""shed_units_now"":0,""shed_value_now"":0.0,""animals_in_shed_now"":0,""seeds_unplanted_now"":5,""seeds_unplanted_cost_now"":50.0},{""sell_dead_units"":84178,""refused_buy_product"":0,""refused_buy_seed"":0,""refused_buy_animal"":0,""refused_hire"":0,""refused_buy_land"":0,""hire_paid"":4253,""sell_zero_fill"":142,""buy_zero_fill"":0,""sell_revenue"":105175.0,""total_spend"":31201.0,""shed_discarded_units"":12,""sold_units"":1671,""feed_no_wheat"":0,""feed_no_animal"":0,""feed_redundant"":0,""water_dead"":11,""harvest_dead"":3,""plant_dead"":0,""animals_escaped"":0,""escape_capital"":0.0,""escape_yield_units"":0,""escape_first_day"":-1,""animal_unfed_days"":81,""plants_dry"":1,""dry_seed_cost"":100.0,""dry_yield_units"":0,""dry_first_day"":21,""plant_unwatered_days"":387,""decay_units"":18,""plants_decayed"":18,""silent_loss_coins"":100.0,""silent_loss_units"":30,""dead_actions"":41,""move_dead"":0,""locked_dead"":0,""pickup_dead"":0,""drop_dead"":0,""place_dead"":1,""build_dead"":0,""dig_dead"":4,""fertilize_dead"":1,""collect_dead"":8,""care_dead"":13,""tile_cap_units"":26,""fertilizer_forgone"":15,""care_unfed"":77,""animal_shed_days"":1,""idle_tile_days"":64,""weed_tile_days"":1,""hand_pass_turns"":410,""farmer_pass_turns"":67,""phantom_hand_actions"":0,""sell_floor_units"":98,""hire_premium"":3986,""shed_units_now"":0,""shed_value_now"":0.0,""animals_in_shed_now"":0,""seeds_unplanted_now"":1,""seeds_unplanted_cost_now"":10.0}]}",{},
B2_buy10_sell5,B2_opening_candidate,melon_threshold,melon_threshold,2026092421,1,78027.0,76974.0,1053.0,W,kagsim,5.356747,0,0,0,0,0,0,0,0,1a0d9b98b77ea1f9b89eb26cb01c4569d35ca0bc479051453aa5f420df64dcd7,"[{""step"":0,""shops"":[]},{""step"":72,""shops"":[""ICE_CREAM_SHOP""]},{""step"":144,""shops"":[""ICE_CREAM_SHOP"",""BAKERY""]},{""step"":216,""shops"":[""ICE_CREAM_SHOP"",""BAKERY"",""PET_CAFE""]},{""step"":288,""shops"":[""ICE_CREAM_SHOP"",""BAKERY"",""PET_CAFE"",""ICE_CREAM_SHOP""]},{""step"":360,""shops"":[""ICE_CREAM_SHOP"",""BAKERY"",""PET_CAFE"",""ICE_CREAM_SHOP"",""BAKERY""]},{""step"":432,""shops"":[""ICE_CREAM_SHOP"",""BAKERY"",""PET_CAFE"",""ICE_CREAM_SHOP"",""BAKERY"",""YARN_STORE""]},{""step"":504,""shops"":[""ICE_CREAM_SHOP"",""BAKERY"",""PET_CAFE"",""ICE_CREAM_SHOP"",""BAKERY"",""YARN_STORE"",""BAKERY""]},{""step"":576,""shops"":[""ICE_CREAM_SHOP"",""BAKERY"",""PET_CAFE"",""ICE_CREAM_SHOP"",""BAKERY"",""YARN_STORE"",""BAKERY"",""BRUNCH_SPOT""]}]",experiments/round10_public_learning_20260924/evaluations/opening_b2_confirmation/replays/B2_buy10_sell5/melon_threshold/seed_2026092421_seat_1.json.gz,b62b30ac351a6d6c194676fdb9ab64a0e9288da45fdbebb1901f7fc420a5e36e,c56f5f6211b522e069c55cf7f047e390ca3c134cb1e04d01d52fb6853c03613b,26e21e006e1d87042709a658c44fd44878f7a6415add558cbd2c71f4f8772b12,0fe077cc65622d6f6828160d90b617595a4aa7ea188e4afc67bfee8e4d290c92,"{""players"":[{""sell_dead_units"":84178,""refused_buy_product"":0,""refused_buy_seed"":0,""refused_buy_animal"":0,""refused_hire"":0,""refused_buy_land"":0,""hire_paid"":4253,""sell_zero_fill"":142,""buy_zero_fill"":0,""sell_revenue"":105175.0,""total_spend"":31201.0,""shed_discarded_units"":12,""sold_units"":1671,""feed_no_wheat"":0,""feed_no_animal"":0,""feed_redundant"":0,""water_dead"":11,""harvest_dead"":3,""plant_dead"":0,""animals_escaped"":0,""escape_capital"":0.0,""escape_yield_units"":0,""escape_first_day"":-1,""animal_unfed_days"":81,""plants_dry"":1,""dry_seed_cost"":100.0,""dry_yield_units"":0,""dry_first_day"":21,""plant_unwatered_days"":387,""decay_units"":18,""plants_decayed"":18,""silent_loss_coins"":100.0,""silent_loss_units"":30,""dead_actions"":41,""move_dead"":0,""locked_dead"":0,""pickup_dead"":0,""drop_dead"":0,""place_dead"":1,""build_dead"":0,""dig_dead"":4,""fertilize_dead"":1,""collect_dead"":8,""care_dead"":13,""tile_cap_units"":26,""fertilizer_forgone"":15,""care_unfed"":77,""animal_shed_days"":1,""idle_tile_days"":64,""weed_tile_days"":1,""hand_pass_turns"":410,""farmer_pass_turns"":67,""phantom_hand_actions"":0,""sell_floor_units"":98,""hire_premium"":3986,""shed_units_now"":0,""shed_value_now"":0.0,""animals_in_shed_now"":0,""seeds_unplanted_now"":1,""seeds_unplanted_cost_now"":10.0},{""sell_dead_units"":2172,""refused_buy_product"":1,""refused_buy_seed"":0,""refused_buy_animal"":0,""refused_hire"":0,""refused_buy_land"":0,""hire_paid"":4253,""sell_zero_fill"":32,""buy_zero_fill"":1,""sell_revenue"":103489.0,""total_spend"":28462.0,""shed_discarded_units"":4,""sold_units"":1595,""feed_no_wheat"":0,""feed_no_animal"":0,""feed_redundant"":0,""water_dead"":10,""harvest_dead"":3,""plant_dead"":0,""animals_escaped"":0,""escape_capital"":0.0,""escape_yield_units"":0,""escape_first_day"":-1,""animal_unfed_days"":81,""plants_dry"":1,""dry_seed_cost"":100.0,""dry_yield_units"":0,""dry_first_day"":21,""plant_unwatered_days"":391,""decay_units"":18,""plants_decayed"":18,""silent_loss_coins"":100.0,""silent_loss_units"":22,""dead_actions"":41,""move_dead"":0,""locked_dead"":0,""pickup_dead"":0,""drop_dead"":0,""place_dead"":2,""build_dead"":0,""dig_dead"":4,""fertilize_dead"":1,""collect_dead"":8,""care_dead"":13,""tile_cap_units"":21,""fertilizer_forgone"":19,""care_unfed"":77,""animal_shed_days"":1,""idle_tile_days"":63,""weed_tile_days"":1,""hand_pass_turns"":397,""farmer_pass_turns"":68,""phantom_hand_actions"":0,""sell_floor_units"":85,""hire_premium"":3986,""shed_units_now"":0,""shed_value_now"":0.0,""animals_in_shed_now"":0,""seeds_unplanted_now"":5,""seeds_unplanted_cost_now"":50.0}]}",{},
B2_buy10_sell5,B2_opening_candidate,melon_threshold,melon_threshold,2026092422,0,67580.0,64368.0,3212.0,W,kagsim,5.112949,0,0,0,0,0,0,0,0,a194039b7c5b13286b2ac46688815a8b4c48774792d079eacd58df40ba6c0e79,"[{""step"":0,""shops"":[]},{""step"":72,""shops"":[""PET_CAFE""]},{""step"":144,""shops"":[""PET_CAFE"",""BAKERY""]},{""step"":216,""shops"":[""PET_CAFE"",""BAKERY"",""FARMERS_MARKET""]},{""step"":288,""shops"":[""PET_CAFE"",""BAKERY"",""FARMERS_MARKET"",""BRUNCH_SPOT""]},{""step"":360,""shops"":[""PET_CAFE"",""BAKERY"",""FARMERS_MARKET"",""BRUNCH_SPOT"",""YARN_STORE""]},{""step"":432,""shops"":[""PET_CAFE"",""BAKERY"",""FARMERS_MARKET"",""BRUNCH_SPOT"",""YARN_STORE"",""BAKERY""]},{""step"":504,""shops"":[""PET_CAFE"",""BAKERY"",""FARMERS_MARKET"",""BRUNCH_SPOT"",""YARN_STORE"",""BAKERY"",""BAKERY""]},{""step"":576,""shops"":[""PET_CAFE"",""BAKERY"",""FARMERS_MARKET"",""BRUNCH_SPOT"",""YARN_STORE"",""BAKERY"",""BAKERY"",""BRUNCH_SPOT""]}]",experiments/round10_public_learning_20260924/evaluations/opening_b2_confirmation/replays/B2_buy10_sell5/melon_threshold/seed_2026092422_seat_0.json.gz,9784dbc84fb0f0d0ca360fbda658b7c79cf4df1835ded22ffb5bab43fcdb0fbc,c56f5f6211b522e069c55cf7f047e390ca3c134cb1e04d01d52fb6853c03613b,26e21e006e1d87042709a658c44fd44878f7a6415add558cbd2c71f4f8772b12,0fe077cc65622d6f6828160d90b617595a4aa7ea188e4afc67bfee8e4d290c92,"{""players"":[{""sell_dead_units"":2234,""refused_buy_product"":25,""refused_buy_seed"":0,""refused_buy_animal"":0,""refused_hire"":0,""refused_buy_land"":0,""hire_paid"":4253,""sell_zero_fill"":42,""buy_zero_fill"":1,""sell_revenue"":233289.0,""total_spend"":168709.0,""shed_discarded_units"":11,""sold_units"":4869,""feed_no_wheat"":1,""feed_no_animal"":1,""feed_redundant"":0,""water_dead"":18,""harvest_dead"":10,""plant_dead"":0,""animals_escaped"":1,""escape_capital"":300.0,""escape_yield_units"":1,""escape_first_day"":26,""animal_unfed_days"":86,""plants_dry"":2,""dry_seed_cost"":120.0,""dry_yield_units"":1,""dry_first_day"":21,""plant_unwatered_days"":387,""decay_units"":18,""plants_decayed"":18,""silent_loss_coins"":420.0,""silent_loss_units"":31,""dead_actions"":61,""move_dead"":0,""locked_dead"":0,""pickup_dead"":0,""drop_dead"":0,""place_dead"":2,""build_dead"":0,""dig_dead"":2,""fertilize_dead"":0,""collect_dead"":3,""care_dead"":24,""tile_cap_units"":28,""fertilizer_forgone"":16,""care_unfed"":82,""animal_shed_days"":1,""idle_tile_days"":69,""weed_tile_days"":4,""hand_pass_turns"":375,""farmer_pass_turns"":66,""phantom_hand_actions"":0,""sell_floor_units"":181,""hire_premium"":3986,""shed_units_now"":0,""shed_value_now"":0.0,""animals_in_shed_now"":0,""seeds_unplanted_now"":5,""seeds_unplanted_cost_now"":50.0},{""sell_dead_units"":84341,""refused_buy_product"":47,""refused_buy_seed"":0,""refused_buy_animal"":0,""refused_hire"":0,""refused_buy_land"":0,""hire_paid"":4397,""sell_zero_fill"":160,""buy_zero_fill"":0,""sell_revenue"":230827.0,""total_spend"":169459.0,""shed_discarded_units"":12,""sold_units"":4965,""feed_no_wheat"":0,""feed_no_animal"":0,""feed_redundant"":0,""water_dead"":13,""harvest_dead"":3,""plant_dead"":0,""animals_escaped"":0,""escape_capital"":0.0,""escape_yield_units"":0,""escape_first_day"":-1,""animal_unfed_days"":86,""plants_dry"":1,""dry_seed_cost"":100.0,""dry_yield_units"":0,""dry_first_day"":21,""plant_unwatered_days"":378,""decay_units"":18,""plants_decayed"":18,""silent_loss_coins"":100.0,""silent_loss_units"":30,""dead_actions"":45,""move_dead"":0,""locked_dead"":0,""pickup_dead"":0,""drop_dead"":0,""place_dead"":1,""build_dead"":0,""dig_dead"":2,""fertilize_dead"":0,""collect_dead"":3,""care_dead"":23,""tile_cap_units"":20,""fertilizer_forgone"":16,""care_unfed"":82,""animal_shed_days"":1,""idle_tile_days"":64,""weed_tile_days"":1,""hand_pass_turns"":394,""farmer_pass_turns"":66,""phantom_hand_actions"":0,""sell_floor_units"":192,""hire_premium"":4129,""shed_units_now"":0,""shed_value_now"":0.0,""animals_in_shed_now"":0,""seeds_unplanted_now"":1,""seeds_unplanted_cost_now"":10.0}]}",{},
B2_buy10_sell5,B2_opening_candidate,melon_threshold,melon_threshold,2026092422,1,67636.0,64250.0,3386.0,W,kagsim,5.501708,0,0,0,0,0,0,0,0,a194039b7c5b13286b2ac46688815a8b4c48774792d079eacd58df40ba6c0e79,"[{""step"":0,""shops"":[]},{""step"":72,""shops"":[""PET_CAFE""]},{""step"":144,""shops"":[""PET_CAFE"",""BAKERY""]},{""step"":216,""shops"":[""PET_CAFE"",""BAKERY"",""FARMERS_MARKET""]},{""step"":288,""shops"":[""PET_CAFE"",""BAKERY"",""FARMERS_MARKET"",""BRUNCH_SPOT""]},{""step"":360,""shops"":[""PET_CAFE"",""BAKERY"",""FARMERS_MARKET"",""BRUNCH_SPOT"",""YARN_STORE""]},{""step"":432,""shops"":[""PET_CAFE"",""BAKERY"",""FARMERS_MARKET"",""BRUNCH_SPOT"",""YARN_STORE"",""BAKERY""]},{""step"":504,""shops"":[""PET_CAFE"",""BAKERY"",""FARMERS_MARKET"",""BRUNCH_SPOT"",""YARN_STORE"",""BAKERY"",""BAKERY""]},{""step"":576,""shops"":[""PET_CAFE"",""BAKERY"",""FARMERS_MARKET"",""BRUNCH_SPOT"",""YARN_STORE"",""BAKERY"",""BAKERY"",""BRUNCH_SPOT""]}]",experiments/round10_public_learning_20260924/evaluations/opening_b2_confirmation/replays/B2_buy10_sell5/melon_threshold/seed_2026092422_seat_1.json.gz,2d2a068d449da1dd60dde7294f29aeb93fb2941b0ac613ee999510a5beb96406,c56f5f6211b522e069c55cf7f047e390ca3c134cb1e04d01d52fb6853c03613b,26e21e006e1d87042709a658c44fd44878f7a6415add558cbd2c71f4f8772b12,0fe077cc65622d6f6828160d90b617595a4aa7ea188e4afc67bfee8e4d290c92,"{""players"":[{""sell_dead_units"":84341,""refused_buy_product"":45,""refused_buy_seed"":0,""refused_buy_animal"":0,""refused_hire"":0,""refused_buy_land"":0,""hire_paid"":4397,""sell_zero_fill"":160,""buy_zero_fill"":0,""sell_revenue"":230731.0,""total_spend"":169481.0,""shed_discarded_units"":12,""sold_units"":4965,""feed_no_wheat"":0,""feed_no_animal"":0,""feed_redundant"":0,""water_dead"":16,""harvest_dead"":4,""plant_dead"":0,""animals_escaped"":0,""escape_capital"":0.0,""escape_yield_units"":0,""escape_first_day"":-1,""animal_unfed_days"":86,""plants_dry"":1,""dry_seed_cost"":100.0,""dry_yield_units"":0,""dry_first_day"":21,""plant_unwatered_days"":378,""decay_units"":18,""plants_decayed"":18,""silent_loss_coins"":100.0,""silent_loss_units"":30,""dead_actions"":49,""move_dead"":0,""locked_dead"":0,""pickup_dead"":0,""drop_dead"":0,""place_dead"":1,""build_dead"":0,""dig_dead"":2,""fertilize_dead"":0,""collect_dead"":3,""care_dead"":23,""tile_cap_units"":20,""fertilizer_forgone"":16,""care_unfed"":82,""animal_shed_days"":1,""idle_tile_days"":66,""weed_tile_days"":3,""hand_pass_turns"":394,""farmer_pass_turns"":66,""phantom_hand_actions"":0,""sell_floor_units"":192,""hire_premium"":4129,""shed_units_now"":0,""shed_value_now"":0.0,""animals_in_shed_now"":0,""seeds_unplanted_now"":2,""seeds_unplanted_cost_now"":20.0},{""sell_dead_units"":2237,""refused_buy_product"":27,""refused_buy_seed"":0,""refused_buy_animal"":0,""refused_hire"":0,""refused_buy_land"":0,""hire_paid"":4253,""sell_zero_fill"":41,""buy_zero_fill"":1,""sell_revenue"":233160.0,""total_spend"":168524.0,""shed_discarded_units"":11,""sold_units"":4868,""feed_no_wheat"":1,""feed_no_animal"":1,""feed_redundant"":0,""water_dead"":15,""harvest_dead"":9,""plant_dead"":0,""animals_escaped"":1,""escape_capital"":300.0,""escape_yield_units"":1,""escape_first_day"":26,""animal_unfed_days"":86,""plants_dry"":2,""dry_seed_cost"":120.0,""dry_yield_units"":1,""dry_first_day"":21,""plant_unwatered_days"":387,""decay_units"":18,""plants_decayed"":18,""silent_loss_coins"":420.0,""silent_loss_units"":31,""dead_actions"":57,""move_dead"":0,""locked_dead"":0,""pickup_dead"":0,""drop_dead"":0,""place_dead"":2,""build_dead"":0,""dig_dead"":2,""fertilize_dead"":0,""collect_dead"":3,""care_dead"":24,""tile_cap_units"":29,""fertilizer_forgone"":16,""care_unfed"":82,""animal_shed_days"":1,""idle_tile_days"":67,""weed_tile_days"":2,""hand_pass_turns"":375,""farmer_pass_turns"":66,""phantom_hand_actions"":0,""sell_floor_units"":181,""hire_premium"":3986,""shed_units_now"":0,""shed_value_now"":0.0,""animals_in_shed_now"":0,""seeds_unplanted_now"":4,""seeds_unplanted_cost_now"":40.0}]}",{},
B2_buy10_sell5,B2_opening_candidate,melon_threshold,melon_threshold,2026092423,0,130386.0,121582.0,8804.0,W,kagsim,5.541916,0,0,0,0,0,0,0,0,85d8b413f9bf7d2c4e275dc00ed3cb3bab9b8ae1cb526d0a50828fa28f29a51c,"[{""step"":0,""shops"":[]},{""step"":72,""shops"":[""FARMERS_MARKET""]},{""step"":144,""shops"":[""FARMERS_MARKET"",""FARMERS_MARKET""]},{""step"":216,""shops"":[""FARMERS_MARKET"",""FARMERS_MARKET"",""YARN_STORE""]},{""step"":288,""shops"":[""FARMERS_MARKET"",""FARMERS_MARKET"",""YARN_STORE"",""BRUNCH_SPOT""]},{""step"":360,""shops"":[""FARMERS_MARKET"",""FARMERS_MARKET"",""YARN_STORE"",""BRUNCH_SPOT"",""PIZZA_SHOP""]},{""step"":432,""shops"":[""FARMERS_MARKET"",""FARMERS_MARKET"",""YARN_STORE"",""BRUNCH_SPOT"",""PIZZA_SHOP"",""PIZZA_SHOP""]},{""step"":504,""shops"":[""FARMERS_MARKET"",""FARMERS_MARKET"",""YARN_STORE"",""BRUNCH_SPOT"",""PIZZA_SHOP"",""PIZZA_SHOP"",""PIZZA_SHOP""]},{""step"":576,""shops"":[""FARMERS_MARKET"",""FARMERS_MARKET"",""YARN_STORE"",""BRUNCH_SPOT"",""PIZZA_SHOP"",""PIZZA_SHOP"",""PIZZA_SHOP"",""YARN_STORE""]}]",experiments/round10_public_learning_20260924/evaluations/opening_b2_confirmation/replays/B2_buy10_sell5/melon_threshold/seed_2026092423_seat_0.json.gz,9c059306fba59722106a6862c81b77b63eaa8be965c56aa3d813799353e9f7be,c56f5f6211b522e069c55cf7f047e390ca3c134cb1e04d01d52fb6853c03613b,26e21e006e1d87042709a658c44fd44878f7a6415add558cbd2c71f4f8772b12,0fe077cc65622d6f6828160d90b617595a4aa7ea188e4afc67bfee8e4d290c92,"{""players"":[{""sell_dead_units"":2258,""refused_buy_product"":1,""refused_buy_seed"":0,""refused_buy_animal"":0,""refused_hire"":0,""refused_buy_land"":0,""hire_paid"":7557,""sell_zero_fill"":39,""buy_zero_fill"":1,""sell_revenue"":181117.0,""total_spend"":53731.0,""shed_discarded_units"":7,""sold_units"":2050,""feed_no_wheat"":0,""feed_no_animal"":0,""feed_redundant"":0,""water_dead"":12,""harvest_dead"":17,""plant_dead"":0,""animals_escaped"":0,""escape_capital"":0.0,""escape_yield_units"":0,""escape_first_day"":-1,""animal_unfed_days"":58,""plants_dry"":2,""dry_seed_cost"":120.0,""dry_yield_units"":1,""dry_first_day"":21,""plant_unwatered_days"":418,""decay_units"":18,""plants_decayed"":18,""silent_loss_coins"":120.0,""silent_loss_units"":26,""dead_actions"":63,""move_dead"":0,""locked_dead"":0,""pickup_dead"":0,""drop_dead"":0,""place_dead"":4,""build_dead"":0,""dig_dead"":2,""fertilize_dead"":1,""collect_dead"":3,""care_dead"":24,""tile_cap_units"":13,""fertilizer_forgone"":18,""care_unfed"":54,""animal_shed_days"":1,""idle_tile_days"":229,""weed_tile_days"":9,""hand_pass_turns"":421,""farmer_pass_turns"":62,""phantom_hand_actions"":0,""sell_floor_units"":24,""hire_premium"":7273,""shed_units_now"":0,""shed_value_now"":0.0,""animals_in_shed_now"":0,""seeds_unplanted_now"":5,""seeds_unplanted_cost_now"":50.0},{""sell_dead_units"":84284,""refused_buy_product"":1,""refused_buy_seed"":0,""refused_buy_animal"":0,""refused_hire"":0,""refused_buy_land"":0,""hire_paid"":8222,""sell_zero_fill"":147,""buy_zero_fill"":0,""sell_revenue"":175081.0,""total_spend"":56499.0,""shed_discarded_units"":16,""sold_units"":2145,""feed_no_wheat"":0,""feed_no_animal"":0,""feed_redundant"":0,""water_dead"":13,""harvest_dead"":3,""plant_dead"":0,""animals_escaped"":0,""escape_capital"":0.0,""escape_yield_units"":0,""escape_first_day"":-1,""animal_unfed_days"":58,""plants_dry"":1,""dry_seed_cost"":100.0,""dry_yield_units"":0,""dry_first_day"":21,""plant_unwatered_days"":378,""decay_units"":18,""plants_decayed"":18,""silent_loss_coins"":100.0,""silent_loss_units"":34,""dead_actions"":47,""move_dead"":0,""locked_dead"":0,""pickup_dead"":0,""drop_dead"":0,""place_dead"":2,""build_dead"":0,""dig_dead"":2,""fertilize_dead"":0,""collect_dead"":3,""care_dead"":24,""tile_cap_units"":28,""fertilizer_forgone"":15,""care_unfed"":54,""animal_shed_days"":1,""idle_tile_days"":229,""weed_tile_days"":1,""hand_pass_turns"":457,""farmer_pass_turns"":62,""phantom_hand_actions"":0,""sell_floor_units"":24,""hire_premium"":7934,""shed_units_now"":0,""shed_value_now"":0.0,""animals_in_shed_now"":0,""seeds_unplanted_now"":1,""seeds_unplanted_cost_now"":10.0}]}",{},
B2_buy10_sell5,B2_opening_candidate,melon_threshold,melon_threshold,2026092423,1,130386.0,121582.0,8804.0,W,kagsim,5.131583,0,0,0,0,0,0,0,0,85d8b413f9bf7d2c4e275dc00ed3cb3bab9b8ae1cb526d0a50828fa28f29a51c,"[{""step"":0,""shops"":[]},{""step"":72,""shops"":[""FARMERS_MARKET""]},{""step"":144,""shops"":[""FARMERS_MARKET"",""FARMERS_MARKET""]},{""step"":216,""shops"":[""FARMERS_MARKET"",""FARMERS_MARKET"",""YARN_STORE""]},{""step"":288,""shops"":[""FARMERS_MARKET"",""FARMERS_MARKET"",""YARN_STORE"",""BRUNCH_SPOT""]},{""step"":360,""shops"":[""FARMERS_MARKET"",""FARMERS_MARKET"",""YARN_STORE"",""BRUNCH_SPOT"",""PIZZA_SHOP""]},{""step"":432,""shops"":[""FARMERS_MARKET"",""FARMERS_MARKET"",""YARN_STORE"",""BRUNCH_SPOT"",""PIZZA_SHOP"",""PIZZA_SHOP""]},{""step"":504,""shops"":[""FARMERS_MARKET"",""FARMERS_MARKET"",""YARN_STORE"",""BRUNCH_SPOT"",""PIZZA_SHOP"",""PIZZA_SHOP"",""PIZZA_SHOP""]},{""step"":576,""shops"":[""FARMERS_MARKET"",""FARMERS_MARKET"",""YARN_STORE"",""BRUNCH_SPOT"",""PIZZA_SHOP"",""PIZZA_SHOP"",""PIZZA_SHOP"",""YARN_STORE""]}]",experiments/round10_public_learning_20260924/evaluations/opening_b2_confirmation/replays/B2_buy10_sell5/melon_threshold/seed_2026092423_seat_1.json.gz,6a614031e3ae9ec4324c3223f9d0a45cac735cef453286df935f99ae5fbaf5a4,c56f5f6211b522e069c55cf7f047e390ca3c134cb1e04d01d52fb6853c03613b,26e21e006e1d87042709a658c44fd44878f7a6415add558cbd2c71f4f8772b12,0fe077cc65622d6f6828160d90b617595a4aa7ea188e4afc67bfee8e4d290c92,"{""players"":[{""sell_dead_units"":84284,""refused_buy_product"":1,""refused_buy_seed"":0,""refused_buy_animal"":0,""refused_hire"":0,""refused_buy_land"":0,""hire_paid"":8222,""sell_zero_fill"":147,""buy_zero_fill"":0,""sell_revenue"":175081.0,""total_spend"":56499.0,""shed_discarded_units"":16,""sold_units"":2145,""feed_no_wheat"":0,""feed_no_animal"":0,""feed_redundant"":0,""water_dead"":13,""harvest_dead"":3,""plant_dead"":0,""animals_escaped"":0,""escape_capital"":0.0,""escape_yield_units"":0,""escape_first_day"":-1,""animal_unfed_days"":58,""plants_dry"":1,""dry_seed_cost"":100.0,""dry_yield_units"":0,""dry_first_day"":21,""plant_unwatered_days"":378,""decay_units"":18,""plants_decayed"":18,""silent_loss_coins"":100.0,""silent_loss_units"":34,""dead_actions"":47,""move_dead"":0,""locked_dead"":0,""pickup_dead"":0,""drop_dead"":0,""place_dead"":2,""build_dead"":0,""dig_dead"":2,""fertilize_dead"":0,""collect_dead"":3,""care_dead"":24,""tile_cap_units"":28,""fertilizer_forgone"":15,""care_unfed"":54,""animal_shed_days"":1,""idle_tile_days"":229,""weed_tile_days"":8,""hand_pass_turns"":457,""farmer_pass_turns"":62,""phantom_hand_actions"":0,""sell_floor_units"":24,""hire_premium"":7934,""shed_units_now"":0,""shed_value_now"":0.0,""animals_in_shed_now"":0,""seeds_unplanted_now"":1,""seeds_unplanted_cost_now"":10.0},{""sell_dead_units"":2258,""refused_buy_product"":1,""refused_buy_seed"":0,""refused_buy_animal"":0,""refused_hire"":0,""refused_buy_land"":0,""hire_paid"":7557,""sell_zero_fill"":39,""buy_zero_fill"":1,""sell_revenue"":181117.0,""total_spend"":53731.0,""shed_discarded_units"":7,""sold_units"":2050,""feed_no_wheat"":0,""feed_no_animal"":0,""feed_redundant"":0,""water_dead"":12,""harvest_dead"":17,""plant_dead"":0,""animals_escaped"":0,""escape_capital"":0.0,""escape_yield_units"":0,""escape_first_day"":-1,""animal_unfed_days"":58,""plants_dry"":2,""dry_seed_cost"":120.0,""dry_yield_units"":1,""dry_first_day"":21,""plant_unwatered_days"":418,""decay_units"":18,""plants_decayed"":18,""silent_loss_coins"":120.0,""silent_loss_units"":26,""dead_actions"":63,""move_dead"":0,""locked_dead"":0,""pickup_dead"":0,""drop_dead"":0,""place_dead"":4,""build_dead"":0,""dig_dead"":2,""fertilize_dead"":1,""collect_dead"":3,""care_dead"":24,""tile_cap_units"":13,""fertilizer_forgone"":18,""care_unfed"":54,""animal_shed_days"":1,""idle_tile_days"":229,""weed_tile_days"":2,""hand_pass_turns"":421,""farmer_pass_turns"":62,""phantom_hand_actions"":0,""sell_floor_units"":24,""hire_premium"":7273,""shed_units_now"":0,""shed_value_now"":0.0,""animals_in_shed_now"":0,""seeds_unplanted_now"":5,""seeds_unplanted_cost_now"":50.0}]}",{},
B2_buy10_sell5,B2_opening_candidate,melon_threshold,melon_threshold,2026092424,0,103436.0,98357.0,5079.0,W,kagsim,5.067869,0,0,0,0,0,0,0,0,4444a7221dc8b07c56b279d0ff34ad50d3f8dfee5e4af6a415a8e6bd7bc32cd6,"[{""step"":0,""shops"":[]},{""step"":72,""shops"":[""YARN_STORE""]},{""step"":144,""shops"":[""YARN_STORE"",""PIZZA_SHOP""]},{""step"":216,""shops"":[""YARN_STORE"",""PIZZA_SHOP"",""PIZZA_SHOP""]},{""step"":288,""shops"":[""YARN_STORE"",""PIZZA_SHOP"",""PIZZA_SHOP"",""SMOOTHIE_SHOP""]},{""step"":360,""shops"":[""YARN_STORE"",""PIZZA_SHOP"",""PIZZA_SHOP"",""SMOOTHIE_SHOP"",""BRUNCH_SPOT""]},{""step"":432,""shops"":[""YARN_STORE"",""PIZZA_SHOP"",""PIZZA_SHOP"",""SMOOTHIE_SHOP"",""BRUNCH_SPOT"",""BRUNCH_SPOT""]},{""step"":504,""shops"":[""YARN_STORE"",""PIZZA_SHOP"",""PIZZA_SHOP"",""SMOOTHIE_SHOP"",""BRUNCH_SPOT"",""BRUNCH_SPOT"",""PET_CAFE""]},{""step"":576,""shops"":[""YARN_STORE"",""PIZZA_SHOP"",""PIZZA_SHOP"",""SMOOTHIE_SHOP"",""BRUNCH_SPOT"",""BRUNCH_SPOT"",""PET_CAFE"",""BAKERY""]}]",experiments/round10_public_learning_20260924/evaluations/opening_b2_confirmation/replays/B2_buy10_sell5/melon_threshold/seed_2026092424_seat_0.json.gz,aaa99101d98a44bf21edd8761fcd5767b1c832694928a05cf73b209b357657e0,c56f5f6211b522e069c55cf7f047e390ca3c134cb1e04d01d52fb6853c03613b,26e21e006e1d87042709a658c44fd44878f7a6415add558cbd2c71f4f8772b12,0fe077cc65622d6f6828160d90b617595a4aa7ea188e4afc67bfee8e4d290c92,"{""players"":[{""sell_dead_units"":179,""refused_buy_product"":1,""refused_buy_seed"":0,""refused_buy_animal"":0,""refused_hire"":0,""refused_buy_land"":0,""hire_paid"":5515,""sell_zero_fill"":17,""buy_zero_fill"":1,""sell_revenue"":129919.0,""total_spend"":29483.0,""shed_discarded_units"":17,""sold_units"":1562,""feed_no_wheat"":0,""feed_no_animal"":0,""feed_redundant"":0,""water_dead"":1,""harvest_dead"":4,""plant_dead"":0,""animals_escaped"":0,""escape_capital"":0.0,""escape_yield_units"":0,""escape_first_day"":-1,""animal_unfed_days"":40,""plants_dry"":1,""dry_seed_cost"":100.0,""dry_yield_units"":0,""dry_first_day"":21,""plant_unwatered_days"":385,""decay_units"":18,""plants_decayed"":18,""silent_loss_coins"":100.0,""silent_loss_units"":35,""dead_actions"":17,""move_dead"":0,""locked_dead"":0,""pickup_dead"":0,""drop_dead"":0,""place_dead"":1,""build_dead"":0,""dig_dead"":2,""fertilize_dead"":0,""collect_dead"":4,""care_dead"":5,""tile_cap_units"":8,""fertilizer_forgone"":14,""care_unfed"":36,""animal_shed_days"":0,""idle_tile_days"":62,""weed_tile_days"":1,""hand_pass_turns"":597,""farmer_pass_turns"":80,""phantom_hand_actions"":0,""sell_floor_units"":134,""hire_premium"":5234,""shed_units_now"":0,""shed_value_now"":0.0,""animals_in_shed_now"":0,""seeds_unplanted_now"":0,""seeds_unplanted_cost_now"":0.0},{""sell_dead_units"":116621,""refused_buy_product"":0,""refused_buy_seed"":0,""refused_buy_animal"":0,""refused_hire"":0,""refused_buy_land"":0,""hire_paid"":5926,""sell_zero_fill"":207,""buy_zero_fill"":0,""sell_revenue"":127031.0,""total_spend"":31674.0,""shed_discarded_units"":1,""sold_units"":1652,""feed_no_wheat"":0,""feed_no_animal"":0,""feed_redundant"":0,""water_dead"":6,""harvest_dead"":18,""plant_dead"":0,""animals_escaped"":0,""escape_capital"":0.0,""escape_yield_units"":0,""escape_first_day"":-1,""animal_unfed_days"":47,""plants_dry"":1,""dry_seed_cost"":100.0,""dry_yield_units"":0,""dry_first_day"":21,""plant_unwatered_days"":379,""decay_units"":18,""plants_decayed"":18,""silent_loss_coins"":100.0,""silent_loss_units"":19,""dead_actions"":41,""move_dead"":0,""locked_dead"":0,""pickup_dead"":0,""drop_dead"":0,""place_dead"":2,""build_dead"":0,""dig_dead"":1,""fertilize_dead"":0,""collect_dead"":9,""care_dead"":5,""tile_cap_units"":10,""fertilizer_forgone"":13,""care_unfed"":42,""animal_shed_days"":1,""idle_tile_days"":64,""weed_tile_days"":1,""hand_pass_turns"":545,""farmer_pass_turns"":69,""phantom_hand_actions"":0,""sell_floor_units"":164,""hire_premium"":5643,""shed_units_now"":0,""shed_value_now"":0.0,""animals_in_shed_now"":0,""seeds_unplanted_now"":1,""seeds_unplanted_cost_now"":10.0}]}",{},
B2_buy10_sell5,B2_opening_candidate,melon_threshold,melon_threshold,2026092424,1,103436.0,98357.0,5079.0,W,kagsim,5.004345,0,0,0,0,0,0,0,0,4444a7221dc8b07c56b279d0ff34ad50d3f8dfee5e4af6a415a8e6bd7bc32cd6,"[{""step"":0,""shops"":[]},{""step"":72,""shops"":[""YARN_STORE""]},{""step"":144,""shops"":[""YARN_STORE"",""PIZZA_SHOP""]},{""step"":216,""shops"":[""YARN_STORE"",""PIZZA_SHOP"",""PIZZA_SHOP""]},{""step"":288,""shops"":[""YARN_STORE"",""PIZZA_SHOP"",""PIZZA_SHOP"",""SMOOTHIE_SHOP""]},{""step"":360,""shops"":[""YARN_STORE"",""PIZZA_SHOP"",""PIZZA_SHOP"",""SMOOTHIE_SHOP"",""BRUNCH_SPOT""]},{""step"":432,""shops"":[""YARN_STORE"",""PIZZA_SHOP"",""PIZZA_SHOP"",""SMOOTHIE_SHOP"",""BRUNCH_SPOT"",""BRUNCH_SPOT""]},{""step"":504,""shops"":[""YARN_STORE"",""PIZZA_SHOP"",""PIZZA_SHOP"",""SMOOTHIE_SHOP"",""BRUNCH_SPOT"",""BRUNCH_SPOT"",""PET_CAFE""]},{""step"":576,""shops"":[""YARN_STORE"",""PIZZA_SHOP"",""PIZZA_SHOP"",""SMOOTHIE_SHOP"",""BRUNCH_SPOT"",""BRUNCH_SPOT"",""PET_CAFE"",""BAKERY""]}]",experiments/round10_public_learning_20260924/evaluations/opening_b2_confirmation/replays/B2_buy10_sell5/melon_threshold/seed_2026092424_seat_1.json.gz,59aef3d49af76a4d4a6afc26e2dedc999e9d94e94c71eca3847adee409509ae5,c56f5f6211b522e069c55cf7f047e390ca3c134cb1e04d01d52fb6853c03613b,26e21e006e1d87042709a658c44fd44878f7a6415add558cbd2c71f4f8772b12,0fe077cc65622d6f6828160d90b617595a4aa7ea188e4afc67bfee8e4d290c92,"{""players"":[{""sell_dead_units"":116621,""refused_buy_product"":0,""refused_buy_seed"":0,""refused_buy_animal"":0,""refused_hire"":0,""refused_buy_land"":0,""hire_paid"":5926,""sell_zero_fill"":207,""buy_zero_fill"":0,""sell_revenue"":127031.0,""total_spend"":31674.0,""shed_discarded_units"":1,""sold_units"":1652,""feed_no_wheat"":0,""feed_no_animal"":0,""feed_redundant"":0,""water_dead"":6,""harvest_dead"":18,""plant_dead"":0,""animals_escaped"":0,""escape_capital"":0.0,""escape_yield_units"":0,""escape_first_day"":-1,""animal_unfed_days"":47,""plants_dry"":1,""dry_seed_cost"":100.0,""dry_yield_units"":0,""dry_first_day"":21,""plant_unwatered_days"":379,""decay_units"":18,""plants_decayed"":18,""silent_loss_coins"":100.0,""silent_loss_units"":19,""dead_actions"":41,""move_dead"":0,""locked_dead"":0,""pickup_dead"":0,""drop_dead"":0,""place_dead"":2,""build_dead"":0,""dig_dead"":1,""fertilize_dead"":0,""collect_dead"":9,""care_dead"":5,""tile_cap_units"":10,""fertilizer_forgone"":13,""care_unfed"":42,""animal_shed_days"":1,""idle_tile_days"":64,""weed_tile_days"":1,""hand_pass_turns"":545,""farmer_pass_turns"":69,""phantom_hand_actions"":0,""sell_floor_units"":164,""hire_premium"":5643,""shed_units_now"":0,""shed_value_now"":0.0,""animals_in_shed_now"":0,""seeds_unplanted_now"":1,""seeds_unplanted_cost_now"":10.0},{""sell_dead_units"":179,""refused_buy_product"":1,""refused_buy_seed"":0,""refused_buy_animal"":0,""refused_hire"":0,""refused_buy_land"":0,""hire_paid"":5515,""sell_zero_fill"":17,""buy_zero_fill"":1,""sell_revenue"":129919.0,""total_spend"":29483.0,""shed_discarded_units"":17,""sold_units"":1562,""feed_no_wheat"":0,""feed_no_animal"":0,""feed_redundant"":0,""water_dead"":1,""harvest_dead"":4,""plant_dead"":0,""animals_escaped"":0,""escape_capital"":0.0,""escape_yield_units"":0,""escape_first_day"":-1,""animal_unfed_days"":40,""plants_dry"":1,""dry_seed_cost"":100.0,""dry_yield_units"":0,""dry_first_day"":21,""plant_unwatered_days"":385,""decay_units"":18,""plants_decayed"":18,""silent_loss_coins"":100.0,""silent_loss_units"":35,""dead_actions"":17,""move_dead"":0,""locked_dead"":0,""pickup_dead"":0,""drop_dead"":0,""place_dead"":1,""build_dead"":0,""dig_dead"":2,""fertilize_dead"":0,""collect_dead"":4,""care_dead"":5,""tile_cap_units"":8,""fertilizer_forgone"":14,""care_unfed"":36,""animal_shed_days"":0,""idle_tile_days"":62,""weed_tile_days"":1,""hand_pass_turns"":597,""farmer_pass_turns"":80,""phantom_hand_actions"":0,""sell_floor_units"":134,""hire_premium"":5234,""shed_units_now"":0,""shed_value_now"":0.0,""animals_in_shed_now"":0,""seeds_unplanted_now"":0,""seeds_unplanted_cost_now"":0.0}]}",{},
B2_buy10_sell5,B2_opening_candidate,metav4,metav4,2026092421,0,78364.0,77976.0,388.0,W,kagsim,7.235367,0,0,0,0,0,0,0,0,1a0d9b98b77ea1f9b89eb26cb01c4569d35ca0bc479051453aa5f420df64dcd7,"[{""step"":0,""shops"":[]},{""step"":72,""shops"":[""ICE_CREAM_SHOP""]},{""step"":144,""shops"":[""ICE_CREAM_SHOP"",""BAKERY""]},{""step"":216,""shops"":[""ICE_CREAM_SHOP"",""BAKERY"",""PET_CAFE""]},{""step"":288,""shops"":[""ICE_CREAM_SHOP"",""BAKERY"",""PET_CAFE"",""ICE_CREAM_SHOP""]},{""step"":360,""shops"":[""ICE_CREAM_SHOP"",""BAKERY"",""PET_CAFE"",""ICE_CREAM_SHOP"",""BAKERY""]},{""step"":432,""shops"":[""ICE_CREAM_SHOP"",""BAKERY"",""PET_CAFE"",""ICE_CREAM_SHOP"",""BAKERY"",""YARN_STORE""]},{""step"":504,""shops"":[""ICE_CREAM_SHOP"",""BAKERY"",""PET_CAFE"",""ICE_CREAM_SHOP"",""BAKERY"",""YARN_STORE"",""BAKERY""]},{""step"":576,""shops"":[""ICE_CREAM_SHOP"",""BAKERY"",""PET_CAFE"",""ICE_CREAM_SHOP"",""BAKERY"",""YARN_STORE"",""BAKERY"",""BRUNCH_SPOT""]}]",experiments/round10_public_learning_20260924/evaluations/opening_b2_confirmation/replays/B2_buy10_sell5/metav4/seed_2026092421_seat_0.json.gz,88c72935e00db0824620acf7e652e0b165eb4c560cf2ae81e5a90ffc03080076,c56f5f6211b522e069c55cf7f047e390ca3c134cb1e04d01d52fb6853c03613b,9d63494603f88219857a3101d7dc19cc750ded04e5886732ee428580326967d9,0fe077cc65622d6f6828160d90b617595a4aa7ea188e4afc67bfee8e4d290c92,"{""players"":[{""sell_dead_units"":2206,""refused_buy_product"":1,""refused_buy_seed"":0,""refused_buy_animal"":0,""refused_hire"":0,""refused_buy_land"":0,""hire_paid"":4253,""sell_zero_fill"":38,""buy_zero_fill"":1,""sell_revenue"":103821.0,""total_spend"":28457.0,""shed_discarded_units"":4,""sold_units"":1594,""feed_no_wheat"":0,""feed_no_animal"":0,""feed_redundant"":0,""water_dead"":10,""harvest_dead"":3,""plant_dead"":0,""animals_escaped"":0,""escape_capital"":0.0,""escape_yield_units"":0,""escape_first_day"":-1,""animal_unfed_days"":77,""plants_dry"":1,""dry_seed_cost"":100.0,""dry_yield_units"":0,""dry_first_day"":21,""plant_unwatered_days"":391,""decay_units"":18,""plants_decayed"":18,""silent_loss_coins"":100.0,""silent_loss_units"":22,""dead_actions"":41,""move_dead"":0,""locked_dead"":0,""pickup_dead"":0,""drop_dead"":0,""place_dead"":2,""build_dead"":0,""dig_dead"":4,""fertilize_dead"":1,""collect_dead"":8,""care_dead"":13,""tile_cap_units"":21,""fertilizer_forgone"":19,""care_unfed"":73,""animal_shed_days"":1,""idle_tile_days"":63,""weed_tile_days"":1,""hand_pass_turns"":393,""farmer_pass_turns"":68,""phantom_hand_actions"":0,""sell_floor_units"":90,""hire_premium"":3986,""shed_units_now"":0,""shed_value_now"":0.0,""animals_in_shed_now"":0,""seeds_unplanted_now"":5,""seeds_unplanted_cost_now"":50.0},{""sell_dead_units"":1191,""refused_buy_product"":1,""refused_buy_seed"":0,""refused_buy_animal"":0,""refused_hire"":0,""refused_buy_land"":0,""hire_paid"":4253,""sell_zero_fill"":35,""buy_zero_fill"":1,""sell_revenue"":103977.0,""total_spend"":29001.0,""shed_discarded_units"":3,""sold_units"":1601,""feed_no_wheat"":0,""feed_no_animal"":0,""feed_redundant"":0,""water_dead"":10,""harvest_dead"":3,""plant_dead"":0,""animals_escaped"":0,""escape_capital"":0.0,""escape_yield_units"":0,""escape_first_day"":-1,""animal_unfed_days"":77,""plants_dry"":1,""dry_seed_cost"":100.0,""dry_yield_units"":0,""dry_first_day"":21,""plant_unwatered_days"":391,""decay_units"":18,""plants_decayed"":18,""silent_loss_coins"":100.0,""silent_loss_units"":21,""dead_actions"":41,""move_dead"":0,""locked_dead"":0,""pickup_dead"":0,""drop_dead"":0,""place_dead"":1,""build_dead"":0,""dig_dead"":4,""fertilize_dead"":2,""collect_dead"":8,""care_dead"":13,""tile_cap_units"":22,""fertilizer_forgone"":19,""care_unfed"":73,""animal_shed_days"":1,""idle_tile_days"":64,""weed_tile_days"":1,""hand_pass_turns"":408,""farmer_pass_turns"":67,""phantom_hand_actions"":0,""sell_floor_units"":98,""hire_premium"":3986,""shed_units_now"":0,""shed_value_now"":0.0,""animals_in_shed_now"":0,""seeds_unplanted_now"":13,""seeds_unplanted_cost_now"":210.0}]}",{},
B2_buy10_sell5,B2_opening_candidate,metav4,metav4,2026092421,1,78364.0,77976.0,388.0,W,kagsim,6.879086,0,0,0,0,0,0,0,0,1a0d9b98b77ea1f9b89eb26cb01c4569d35ca0bc479051453aa5f420df64dcd7,"[{""step"":0,""shops"":[]},{""step"":72,""shops"":[""ICE_CREAM_SHOP""]},{""step"":144,""shops"":[""ICE_CREAM_SHOP"",""BAKERY""]},{""step"":216,""shops"":[""ICE_CREAM_SHOP"",""BAKERY"",""PET_CAFE""]},{""step"":288,""shops"":[""ICE_CREAM_SHOP"",""BAKERY"",""PET_CAFE"",""ICE_CREAM_SHOP""]},{""step"":360,""shops"":[""ICE_CREAM_SHOP"",""BAKERY"",""PET_CAFE"",""ICE_CREAM_SHOP"",""BAKERY""]},{""step"":432,""shops"":[""ICE_CREAM_SHOP"",""BAKERY"",""PET_CAFE"",""ICE_CREAM_SHOP"",""BAKERY"",""YARN_STORE""]},{""step"":504,""shops"":[""ICE_CREAM_SHOP"",""BAKERY"",""PET_CAFE"",""ICE_CREAM_SHOP"",""BAKERY"",""YARN_STORE"",""BAKERY""]},{""step"":576,""shops"":[""ICE_CREAM_SHOP"",""BAKERY"",""PET_CAFE"",""ICE_CREAM_SHOP"",""BAKERY"",""YARN_STORE"",""BAKERY"",""BRUNCH_SPOT""]}]",experiments/round10_public_learning_20260924/evaluations/opening_b2_confirmation/replays/B2_buy10_sell5/metav4/seed_2026092421_seat_1.json.gz,1344a27cb9bff30d7c52f26dedd314fde31ef71477fa7f6308d17696b1e6a7ee,c56f5f6211b522e069c55cf7f047e390ca3c134cb1e04d01d52fb6853c03613b,9d63494603f88219857a3101d7dc19cc750ded04e5886732ee428580326967d9,0fe077cc65622d6f6828160d90b617595a4aa7ea188e4afc67bfee8e4d290c92,"{""players"":[{""sell_dead_units"":1191,""refused_buy_product"":1,""refused_buy_seed"":0,""refused_buy_animal"":0,""refused_hire"":0,""refused_buy_land"":0,""hire_paid"":4253,""sell_zero_fill"":35,""buy_zero_fill"":1,""sell_revenue"":103977.0,""total_spend"":29001.0,""shed_discarded_units"":3,""sold_units"":1601,""feed_no_wheat"":0,""feed_no_animal"":0,""feed_redundant"":0,""water_dead"":10,""harvest_dead"":3,""plant_dead"":0,""animals_escaped"":0,""escape_capital"":0.0,""escape_yield_units"":0,""escape_first_day"":-1,""animal_unfed_days"":77,""plants_dry"":1,""dry_seed_cost"":100.0,""dry_yield_units"":0,""dry_first_day"":21,""plant_unwatered_days"":391,""decay_units"":18,""plants_decayed"":18,""silent_loss_coins"":100.0,""silent_loss_units"":21,""dead_actions"":41,""move_dead"":0,""locked_dead"":0,""pickup_dead"":0,""drop_dead"":0,""place_dead"":1,""build_dead"":0,""dig_dead"":4,""fertilize_dead"":2,""collect_dead"":8,""care_dead"":13,""tile_cap_units"":22,""fertilizer_forgone"":19,""care_unfed"":73,""animal_shed_days"":1,""idle_tile_days"":64,""weed_tile_days"":1,""hand_pass_turns"":408,""farmer_pass_turns"":67,""phantom_hand_actions"":0,""sell_floor_units"":98,""hire_premium"":3986,""shed_units_now"":0,""shed_value_now"":0.0,""animals_in_shed_now"":0,""seeds_unplanted_now"":13,""seeds_unplanted_cost_now"":210.0},{""sell_dead_units"":2206,""refused_buy_product"":1,""refused_buy_seed"":0,""refused_buy_animal"":0,""refused_hire"":0,""refused_buy_land"":0,""hire_paid"":4253,""sell_zero_fill"":38,""buy_zero_fill"":1,""sell_revenue"":103821.0,""total_spend"":28457.0,""shed_discarded_units"":4,""sold_units"":1594,""feed_no_wheat"":0,""feed_no_animal"":0,""feed_redundant"":0,""water_dead"":10,""harvest_dead"":3,""plant_dead"":0,""animals_escaped"":0,""escape_capital"":0.0,""escape_yield_units"":0,""escape_first_day"":-1,""animal_unfed_days"":77,""plants_dry"":1,""dry_seed_cost"":100.0,""dry_yield_units"":0,""dry_first_day"":21,""plant_unwatered_days"":391,""decay_units"":18,""plants_decayed"":18,""silent_loss_coins"":100.0,""silent_loss_units"":22,""dead_actions"":41,""move_dead"":0,""locked_dead"":0,""pickup_dead"":0,""drop_dead"":0,""place_dead"":2,""build_dead"":0,""dig_dead"":4,""fertilize_dead"":1,""collect_dead"":8,""care_dead"":13,""tile_cap_units"":21,""fertilizer_forgone"":19,""care_unfed"":73,""animal_shed_days"":1,""idle_tile_days"":63,""weed_tile_days"":1,""hand_pass_turns"":393,""farmer_pass_turns"":68,""phantom_hand_actions"":0,""sell_floor_units"":90,""hire_premium"":3986,""shed_units_now"":0,""shed_value_now"":0.0,""animals_in_shed_now"":0,""seeds_unplanted_now"":5,""seeds_unplanted_cost_now"":50.0}]}",{},
B2_buy10_sell5,B2_opening_candidate,metav4,metav4,2026092422,0,66755.0,66149.0,606.0,W,kagsim,7.3278,0,0,0,0,0,0,0,0,19e2e7b0d517ade9e3156ed5ac478411ae57c4d56f83749b61c91a7eb503d9cd,"[{""step"":0,""shops"":[]},{""step"":72,""shops"":[""PET_CAFE""]},{""step"":144,""shops"":[""PET_CAFE"",""BAKERY""]},{""step"":216,""shops"":[""PET_CAFE"",""BAKERY"",""FARMERS_MARKET""]},{""step"":288,""shops"":[""PET_CAFE"",""BAKERY"",""FARMERS_MARKET"",""BRUNCH_SPOT""]},{""step"":360,""shops"":[""PET_CAFE"",""BAKERY"",""FARMERS_MARKET"",""BRUNCH_SPOT"",""YARN_STORE""]},{""step"":432,""shops"":[""PET_CAFE"",""BAKERY"",""FARMERS_MARKET"",""BRUNCH_SPOT"",""YARN_STORE"",""BAKERY""]},{""step"":504,""shops"":[""PET_CAFE"",""BAKERY"",""FARMERS_MARKET"",""BRUNCH_SPOT"",""YARN_STORE"",""BAKERY"",""BAKERY""]},{""step"":576,""shops"":[""PET_CAFE"",""BAKERY"",""FARMERS_MARKET"",""BRUNCH_SPOT"",""YARN_STORE"",""BAKERY"",""BAKERY"",""ICE_CREAM_SHOP""]}]",experiments/round10_public_learning_20260924/evaluations/opening_b2_confirmation/replays/B2_buy10_sell5/metav4/seed_2026092422_seat_0.json.gz,fd60f10eadfd522a40d813be3e82bc79eaee1c66295559913a4ae3de8868bdcc,c56f5f6211b522e069c55cf7f047e390ca3c134cb1e04d01d52fb6853c03613b,9d63494603f88219857a3101d7dc19cc750ded04e5886732ee428580326967d9,0fe077cc65622d6f6828160d90b617595a4aa7ea188e4afc67bfee8e4d290c92,"{""players"":[{""sell_dead_units"":2220,""refused_buy_product"":25,""refused_buy_seed"":0,""refused_buy_animal"":0,""refused_hire"":0,""refused_buy_land"":0,""hire_paid"":4253,""sell_zero_fill"":42,""buy_zero_fill"":1,""sell_revenue"":231155.0,""total_spend"":167400.0,""shed_discarded_units"":11,""sold_units"":4869,""feed_no_wheat"":1,""feed_no_animal"":1,""feed_redundant"":0,""water_dead"":18,""harvest_dead"":10,""plant_dead"":0,""animals_escaped"":1,""escape_capital"":300.0,""escape_yield_units"":1,""escape_first_day"":26,""animal_unfed_days"":86,""plants_dry"":2,""dry_seed_cost"":120.0,""dry_yield_units"":1,""dry_first_day"":21,""plant_unwatered_days"":387,""decay_units"":18,""plants_decayed"":18,""silent_loss_coins"":420.0,""silent_loss_units"":31,""dead_actions"":61,""move_dead"":0,""locked_dead"":0,""pickup_dead"":0,""drop_dead"":0,""place_dead"":2,""build_dead"":0,""dig_dead"":2,""fertilize_dead"":0,""collect_dead"":3,""care_dead"":24,""tile_cap_units"":28,""fertilizer_forgone"":16,""care_unfed"":82,""animal_shed_days"":1,""idle_tile_days"":69,""weed_tile_days"":4,""hand_pass_turns"":375,""farmer_pass_turns"":66,""phantom_hand_actions"":0,""sell_floor_units"":167,""hire_premium"":3986,""shed_units_now"":0,""shed_value_now"":0.0,""animals_in_shed_now"":0,""seeds_unplanted_now"":5,""seeds_unplanted_cost_now"":50.0},{""sell_dead_units"":1220,""refused_buy_product"":33,""refused_buy_seed"":0,""refused_buy_animal"":0,""refused_hire"":0,""refused_buy_land"":0,""hire_paid"":4253,""sell_zero_fill"":41,""buy_zero_fill"":1,""sell_revenue"":230541.0,""total_spend"":167392.0,""shed_discarded_units"":9,""sold_units"":4871,""feed_no_wheat"":1,""feed_no_animal"":1,""feed_redundant"":0,""water_dead"":14,""harvest_dead"":8,""plant_dead"":0,""animals_escaped"":1,""escape_capital"":300.0,""escape_yield_units"":1,""escape_first_day"":26,""animal_unfed_days"":86,""plants_dry"":2,""dry_seed_cost"":120.0,""dry_yield_units"":1,""dry_first_day"":21,""plant_unwatered_days"":387,""decay_units"":18,""plants_decayed"":18,""silent_loss_coins"":420.0,""silent_loss_units"":29,""dead_actions"":56,""move_dead"":0,""locked_dead"":0,""pickup_dead"":0,""drop_dead"":0,""place_dead"":2,""build_dead"":0,""dig_dead"":2,""fertilize_dead"":1,""collect_dead"":3,""care_dead"":24,""tile_cap_units"":29,""fertilizer_forgone"":16,""care_unfed"":82,""animal_shed_days"":1,""idle_tile_days"":67,""weed_tile_days"":2,""hand_pass_turns"":391,""farmer_pass_turns"":66,""phantom_hand_actions"":0,""sell_floor_units"":166,""hire_premium"":3986,""shed_units_now"":0,""shed_value_now"":0.0,""animals_in_shed_now"":0,""seeds_unplanted_now"":12,""seeds_unplanted_cost_now"":200.0}]}",{},
B2_buy10_sell5,B2_opening_candidate,metav4,metav4,2026092422,1,66818.0,66060.0,758.0,W,kagsim,7.389294,0,0,0,0,0,0,0,0,19e2e7b0d517ade9e3156ed5ac478411ae57c4d56f83749b61c91a7eb503d9cd,"[{""step"":0,""shops"":[]},{""step"":72,""shops"":[""PET_CAFE""]},{""step"":144,""shops"":[""PET_CAFE"",""BAKERY""]},{""step"":216,""shops"":[""PET_CAFE"",""BAKERY"",""FARMERS_MARKET""]},{""step"":288,""shops"":[""PET_CAFE"",""BAKERY"",""FARMERS_MARKET"",""BRUNCH_SPOT""]},{""step"":360,""shops"":[""PET_CAFE"",""BAKERY"",""FARMERS_MARKET"",""BRUNCH_SPOT"",""YARN_STORE""]},{""step"":432,""shops"":[""PET_CAFE"",""BAKERY"",""FARMERS_MARKET"",""BRUNCH_SPOT"",""YARN_STORE"",""BAKERY""]},{""step"":504,""shops"":[""PET_CAFE"",""BAKERY"",""FARMERS_MARKET"",""BRUNCH_SPOT"",""YARN_STORE"",""BAKERY"",""BAKERY""]},{""step"":576,""shops"":[""PET_CAFE"",""BAKERY"",""FARMERS_MARKET"",""BRUNCH_SPOT"",""YARN_STORE"",""BAKERY"",""BAKERY"",""ICE_CREAM_SHOP""]}]",experiments/round10_public_learning_20260924/evaluations/opening_b2_confirmation/replays/B2_buy10_sell5/metav4/seed_2026092422_seat_1.json.gz,29fb0bc116a0a138db97b63a3eb1b3ff3707c02169516591374916cc2dea231b,c56f5f6211b522e069c55cf7f047e390ca3c134cb1e04d01d52fb6853c03613b,9d63494603f88219857a3101d7dc19cc750ded04e5886732ee428580326967d9,0fe077cc65622d6f6828160d90b617595a4aa7ea188e4afc67bfee8e4d290c92,"{""players"":[{""sell_dead_units"":1222,""refused_buy_product"":33,""refused_buy_seed"":0,""refused_buy_animal"":0,""refused_hire"":0,""refused_buy_land"":0,""hire_paid"":4253,""sell_zero_fill"":41,""buy_zero_fill"":1,""sell_revenue"":230623.0,""total_spend"":167563.0,""shed_discarded_units"":9,""sold_units"":4869,""feed_no_wheat"":1,""feed_no_animal"":1,""feed_redundant"":0,""water_dead"":17,""harvest_dead"":9,""plant_dead"":0,""animals_escaped"":1,""escape_capital"":300.0,""escape_yield_units"":1,""escape_first_day"":26,""animal_unfed_days"":86,""plants_dry"":2,""dry_seed_cost"":120.0,""dry_yield_units"":1,""dry_first_day"":21,""plant_unwatered_days"":387,""decay_units"":18,""plants_decayed"":18,""silent_loss_coins"":420.0,""silent_loss_units"":29,""dead_actions"":60,""move_dead"":0,""locked_dead"":0,""pickup_dead"":0,""drop_dead"":0,""place_dead"":2,""build_dead"":0,""dig_dead"":2,""fertilize_dead"":1,""collect_dead"":3,""care_dead"":24,""tile_cap_units"":29,""fertilizer_forgone"":16,""care_unfed"":82,""animal_shed_days"":1,""idle_tile_days"":69,""weed_tile_days"":4,""hand_pass_turns"":391,""farmer_pass_turns"":66,""phantom_hand_actions"":0,""sell_floor_units"":166,""hire_premium"":3986,""shed_units_now"":0,""shed_value_now"":0.0,""animals_in_shed_now"":0,""seeds_unplanted_now"":13,""seeds_unplanted_cost_now"":210.0},{""sell_dead_units"":2220,""refused_buy_product"":25,""refused_buy_seed"":0,""refused_buy_animal"":0,""refused_hire"":0,""refused_buy_land"":0,""hire_paid"":4253,""sell_zero_fill"":42,""buy_zero_fill"":1,""sell_revenue"":231399.0,""total_spend"":167581.0,""shed_discarded_units"":11,""sold_units"":4871,""feed_no_wheat"":1,""feed_no_animal"":1,""feed_redundant"":0,""water_dead"":15,""harvest_dead"":9,""plant_dead"":0,""animals_escaped"":1,""escape_capital"":300.0,""escape_yield_units"":1,""escape_first_day"":26,""animal_unfed_days"":86,""plants_dry"":2,""dry_seed_cost"":120.0,""dry_yield_units"":1,""dry_first_day"":21,""plant_unwatered_days"":387,""decay_units"":18,""plants_decayed"":18,""silent_loss_coins"":420.0,""silent_loss_units"":31,""dead_actions"":57,""move_dead"":0,""locked_dead"":0,""pickup_dead"":0,""drop_dead"":0,""place_dead"":2,""build_dead"":0,""dig_dead"":2,""fertilize_dead"":0,""collect_dead"":3,""care_dead"":24,""tile_cap_units"":28,""fertilizer_forgone"":16,""care_unfed"":82,""animal_shed_days"":1,""idle_tile_days"":67,""weed_tile_days"":2,""hand_pass_turns"":375,""farmer_pass_turns"":66,""phantom_hand_actions"":0,""sell_floor_units"":167,""hire_premium"":3986,""shed_units_now"":0,""shed_value_now"":0.0,""animals_in_shed_now"":0,""seeds_unplanted_now"":4,""seeds_unplanted_cost_now"":40.0}]}",{},
B2_buy10_sell5,B2_opening_candidate,metav4,metav4,2026092423,0,122700.0,122325.0,375.0,W,kagsim,6.902257,0,0,0,0,0,0,0,0,85d8b413f9bf7d2c4e275dc00ed3cb3bab9b8ae1cb526d0a50828fa28f29a51c,"[{""step"":0,""shops"":[]},{""step"":72,""shops"":[""FARMERS_MARKET""]},{""step"":144,""shops"":[""FARMERS_MARKET"",""FARMERS_MARKET""]},{""step"":216,""shops"":[""FARMERS_MARKET"",""FARMERS_MARKET"",""YARN_STORE""]},{""step"":288,""shops"":[""FARMERS_MARKET"",""FARMERS_MARKET"",""YARN_STORE"",""BRUNCH_SPOT""]},{""step"":360,""shops"":[""FARMERS_MARKET"",""FARMERS_MARKET"",""YARN_STORE"",""BRUNCH_SPOT"",""PIZZA_SHOP""]},{""step"":432,""shops"":[""FARMERS_MARKET"",""FARMERS_MARKET"",""YARN_STORE"",""BRUNCH_SPOT"",""PIZZA_SHOP"",""PIZZA_SHOP""]},{""step"":504,""shops"":[""FARMERS_MARKET"",""FARMERS_MARKET"",""YARN_STORE"",""BRUNCH_SPOT"",""PIZZA_SHOP"",""PIZZA_SHOP"",""PIZZA_SHOP""]},{""step"":576,""shops"":[""FARMERS_MARKET"",""FARMERS_MARKET"",""YARN_STORE"",""BRUNCH_SPOT"",""PIZZA_SHOP"",""PIZZA_SHOP"",""PIZZA_SHOP"",""YARN_STORE""]}]",experiments/round10_public_learning_20260924/evaluations/opening_b2_confirmation/replays/B2_buy10_sell5/metav4/seed_2026092423_seat_0.json.gz,291a2b85de64ef319ec34684d591c503bc238a3704690c3ff522b0d9731fe159,c56f5f6211b522e069c55cf7f047e390ca3c134cb1e04d01d52fb6853c03613b,9d63494603f88219857a3101d7dc19cc750ded04e5886732ee428580326967d9,0fe077cc65622d6f6828160d90b617595a4aa7ea188e4afc67bfee8e4d290c92,"{""players"":[{""sell_dead_units"":2276,""refused_buy_product"":1,""refused_buy_seed"":0,""refused_buy_animal"":0,""refused_hire"":0,""refused_buy_land"":0,""hire_paid"":7557,""sell_zero_fill"":44,""buy_zero_fill"":1,""sell_revenue"":173411.0,""total_spend"":53711.0,""shed_discarded_units"":5,""sold_units"":2050,""feed_no_wheat"":0,""feed_no_animal"":0,""feed_redundant"":0,""water_dead"":13,""harvest_dead"":18,""plant_dead"":0,""animals_escaped"":0,""escape_capital"":0.0,""escape_yield_units"":0,""escape_first_day"":-1,""animal_unfed_days"":66,""plants_dry"":2,""dry_seed_cost"":120.0,""dry_yield_units"":1,""dry_first_day"":21,""plant_unwatered_days"":418,""decay_units"":18,""plants_decayed"":18,""silent_loss_coins"":120.0,""silent_loss_units"":24,""dead_actions"":65,""move_dead"":0,""locked_dead"":0,""pickup_dead"":0,""drop_dead"":0,""place_dead"":4,""build_dead"":0,""dig_dead"":2,""fertilize_dead"":1,""collect_dead"":3,""care_dead"":24,""tile_cap_units"":14,""fertilizer_forgone"":18,""care_unfed"":62,""animal_shed_days"":1,""idle_tile_days"":230,""weed_tile_days"":9,""hand_pass_turns"":425,""farmer_pass_turns"":65,""phantom_hand_actions"":0,""sell_floor_units"":47,""hire_premium"":7273,""shed_units_now"":0,""shed_value_now"":0.0,""animals_in_shed_now"":0,""seeds_unplanted_now"":5,""seeds_unplanted_cost_now"":50.0},{""sell_dead_units"":1273,""refused_buy_product"":1,""refused_buy_seed"":0,""refused_buy_animal"":0,""refused_hire"":0,""refused_buy_land"":0,""hire_paid"":7557,""sell_zero_fill"":42,""buy_zero_fill"":1,""sell_revenue"":173596.0,""total_spend"":54271.0,""shed_discarded_units"":2,""sold_units"":2061,""feed_no_wheat"":0,""feed_no_animal"":0,""feed_redundant"":0,""water_dead"":12,""harvest_dead"":17,""plant_dead"":0,""animals_escaped"":0,""escape_capital"":0.0,""escape_yield_units"":0,""escape_first_day"":-1,""animal_unfed_days"":66,""plants_dry"":2,""dry_seed_cost"":120.0,""dry_yield_units"":1,""dry_first_day"":21,""plant_unwatered_days"":418,""decay_units"":18,""plants_decayed"":18,""silent_loss_coins"":120.0,""silent_loss_units"":21,""dead_actions"":64,""move_dead"":0,""locked_dead"":0,""pickup_dead"":0,""drop_dead"":0,""place_dead"":4,""build_dead"":0,""dig_dead"":2,""fertilize_dead"":2,""collect_dead"":3,""care_dead"":24,""tile_cap_units"":15,""fertilizer_forgone"":18,""care_unfed"":62,""animal_shed_days"":1,""idle_tile_days"":230,""weed_tile_days"":2,""hand_pass_turns"":440,""farmer_pass_turns"":65,""phantom_hand_actions"":0,""sell_floor_units"":46,""hire_premium"":7273,""shed_units_now"":0,""shed_value_now"":0.0,""animals_in_shed_now"":0,""seeds_unplanted_now"":13,""seeds_unplanted_cost_now"":210.0}]}",{},
B2_buy10_sell5,B2_opening_candidate,metav4,metav4,2026092423,1,122700.0,122325.0,375.0,W,kagsim,6.492933,0,0,0,0,0,0,0,0,85d8b413f9bf7d2c4e275dc00ed3cb3bab9b8ae1cb526d0a50828fa28f29a51c,"[{""step"":0,""shops"":[]},{""step"":72,""shops"":[""FARMERS_MARKET""]},{""step"":144,""shops"":[""FARMERS_MARKET"",""FARMERS_MARKET""]},{""step"":216,""shops"":[""FARMERS_MARKET"",""FARMERS_MARKET"",""YARN_STORE""]},{""step"":288,""shops"":[""FARMERS_MARKET"",""FARMERS_MARKET"",""YARN_STORE"",""BRUNCH_SPOT""]},{""step"":360,""shops"":[""FARMERS_MARKET"",""FARMERS_MARKET"",""YARN_STORE"",""BRUNCH_SPOT"",""PIZZA_SHOP""]},{""step"":432,""shops"":[""FARMERS_MARKET"",""FARMERS_MARKET"",""YARN_STORE"",""BRUNCH_SPOT"",""PIZZA_SHOP"",""PIZZA_SHOP""]},{""step"":504,""shops"":[""FARMERS_MARKET"",""FARMERS_MARKET"",""YARN_STORE"",""BRUNCH_SPOT"",""PIZZA_SHOP"",""PIZZA_SHOP"",""PIZZA_SHOP""]},{""step"":576,""shops"":[""FARMERS_MARKET"",""FARMERS_MARKET"",""YARN_STORE"",""BRUNCH_SPOT"",""PIZZA_SHOP"",""PIZZA_SHOP"",""PIZZA_SHOP"",""YARN_STORE""]}]",experiments/round10_public_learning_20260924/evaluations/opening_b2_confirmation/replays/B2_buy10_sell5/metav4/seed_2026092423_seat_1.json.gz,3a0549e07e259ad4592022dd195e6c87c1618ef80cbe58725cc28f1995b83b0c,c56f5f6211b522e069c55cf7f047e390ca3c134cb1e04d01d52fb6853c03613b,9d63494603f88219857a3101d7dc19cc750ded04e5886732ee428580326967d9,0fe077cc65622d6f6828160d90b617595a4aa7ea188e4afc67bfee8e4d290c92,"{""players"":[{""sell_dead_units"":1273,""refused_buy_product"":1,""refused_buy_seed"":0,""refused_buy_animal"":0,""refused_hire"":0,""refused_buy_land"":0,""hire_paid"":7557,""sell_zero_fill"":42,""buy_zero_fill"":1,""sell_revenue"":173596.0,""total_spend"":54271.0,""shed_discarded_units"":2,""sold_units"":2061,""feed_no_wheat"":0,""feed_no_animal"":0,""feed_redundant"":0,""water_dead"":12,""harvest_dead"":17,""plant_dead"":0,""animals_escaped"":0,""escape_capital"":0.0,""escape_yield_units"":0,""escape_first_day"":-1,""animal_unfed_days"":66,""plants_dry"":2,""dry_seed_cost"":120.0,""dry_yield_units"":1,""dry_first_day"":21,""plant_unwatered_days"":418,""decay_units"":18,""plants_decayed"":18,""silent_loss_coins"":120.0,""silent_loss_units"":21,""dead_actions"":64,""move_dead"":0,""locked_dead"":0,""pickup_dead"":0,""drop_dead"":0,""place_dead"":4,""build_dead"":0,""dig_dead"":2,""fertilize_dead"":2,""collect_dead"":3,""care_dead"":24,""tile_cap_units"":15,""fertilizer_forgone"":18,""care_unfed"":62,""animal_shed_days"":1,""idle_tile_days"":230,""weed_tile_days"":9,""hand_pass_turns"":440,""farmer_pass_turns"":65,""phantom_hand_actions"":0,""sell_floor_units"":46,""hire_premium"":7273,""shed_units_now"":0,""shed_value_now"":0.0,""animals_in_shed_now"":0,""seeds_unplanted_now"":13,""seeds_unplanted_cost_now"":210.0},{""sell_dead_units"":2276,""refused_buy_product"":1,""refused_buy_seed"":0,""refused_buy_animal"":0,""refused_hire"":0,""refused_buy_land"":0,""hire_paid"":7557,""sell_zero_fill"":44,""buy_zero_fill"":1,""sell_revenue"":173411.0,""total_spend"":53711.0,""shed_discarded_units"":5,""sold_units"":2050,""feed_no_wheat"":0,""feed_no_animal"":0,""feed_redundant"":0,""water_dead"":13,""harvest_dead"":18,""plant_dead"":0,""animals_escaped"":0,""escape_capital"":0.0,""escape_yield_units"":0,""escape_first_day"":-1,""animal_unfed_days"":66,""plants_dry"":2,""dry_seed_cost"":120.0,""dry_yield_units"":1,""dry_first_day"":21,""plant_unwatered_days"":418,""decay_units"":18,""plants_decayed"":18,""silent_loss_coins"":120.0,""silent_loss_units"":24,""dead_actions"":65,""move_dead"":0,""locked_dead"":0,""pickup_dead"":0,""drop_dead"":0,""place_dead"":4,""build_dead"":0,""dig_dead"":2,""fertilize_dead"":1,""collect_dead"":3,""care_dead"":24,""tile_cap_units"":14,""fertilizer_forgone"":18,""care_unfed"":62,""animal_shed_days"":1,""idle_tile_days"":230,""weed_tile_days"":2,""hand_pass_turns"":425,""farmer_pass_turns"":65,""phantom_hand_actions"":0,""sell_floor_units"":47,""hire_premium"":7273,""shed_units_now"":0,""shed_value_now"":0.0,""animals_in_shed_now"":0,""seeds_unplanted_now"":5,""seeds_unplanted_cost_now"":50.0}]}",{},
B2_buy10_sell5,B2_opening_candidate,metav4,metav4,2026092424,0,101682.0,101357.0,325.0,W,kagsim,6.433967,0,0,0,0,0,0,0,0,4444a7221dc8b07c56b279d0ff34ad50d3f8dfee5e4af6a415a8e6bd7bc32cd6,"[{""step"":0,""shops"":[]},{""step"":72,""shops"":[""YARN_STORE""]},{""step"":144,""shops"":[""YARN_STORE"",""PIZZA_SHOP""]},{""step"":216,""shops"":[""YARN_STORE"",""PIZZA_SHOP"",""PIZZA_SHOP""]},{""step"":288,""shops"":[""YARN_STORE"",""PIZZA_SHOP"",""PIZZA_SHOP"",""SMOOTHIE_SHOP""]},{""step"":360,""shops"":[""YARN_STORE"",""PIZZA_SHOP"",""PIZZA_SHOP"",""SMOOTHIE_SHOP"",""BRUNCH_SPOT""]},{""step"":432,""shops"":[""YARN_STORE"",""PIZZA_SHOP"",""PIZZA_SHOP"",""SMOOTHIE_SHOP"",""BRUNCH_SPOT"",""BRUNCH_SPOT""]},{""step"":504,""shops"":[""YARN_STORE"",""PIZZA_SHOP"",""PIZZA_SHOP"",""SMOOTHIE_SHOP"",""BRUNCH_SPOT"",""BRUNCH_SPOT"",""PET_CAFE""]},{""step"":576,""shops"":[""YARN_STORE"",""PIZZA_SHOP"",""PIZZA_SHOP"",""SMOOTHIE_SHOP"",""BRUNCH_SPOT"",""BRUNCH_SPOT"",""PET_CAFE"",""BAKERY""]}]",experiments/round10_public_learning_20260924/evaluations/opening_b2_confirmation/replays/B2_buy10_sell5/metav4/seed_2026092424_seat_0.json.gz,4f5396916554d4b50f293ab8e740c2fb85319767ec588ad562ac20d3a0d4e3d5,c56f5f6211b522e069c55cf7f047e390ca3c134cb1e04d01d52fb6853c03613b,9d63494603f88219857a3101d7dc19cc750ded04e5886732ee428580326967d9,0fe077cc65622d6f6828160d90b617595a4aa7ea188e4afc67bfee8e4d290c92,"{""players"":[{""sell_dead_units"":205,""refused_buy_product"":1,""refused_buy_seed"":0,""refused_buy_animal"":0,""refused_hire"":0,""refused_buy_land"":0,""hire_paid"":5515,""sell_zero_fill"":20,""buy_zero_fill"":1,""sell_revenue"":128133.0,""total_spend"":29451.0,""shed_discarded_units"":20,""sold_units"":1555,""feed_no_wheat"":0,""feed_no_animal"":0,""feed_redundant"":0,""water_dead"":1,""harvest_dead"":4,""plant_dead"":0,""animals_escaped"":0,""escape_capital"":0.0,""escape_yield_units"":0,""escape_first_day"":-1,""animal_unfed_days"":43,""plants_dry"":1,""dry_seed_cost"":100.0,""dry_yield_units"":0,""dry_first_day"":21,""plant_unwatered_days"":385,""decay_units"":18,""plants_decayed"":18,""silent_loss_coins"":100.0,""silent_loss_units"":38,""dead_actions"":17,""move_dead"":0,""locked_dead"":0,""pickup_dead"":0,""drop_dead"":0,""place_dead"":1,""build_dead"":0,""dig_dead"":2,""fertilize_dead"":0,""collect_dead"":4,""care_dead"":5,""tile_cap_units"":8,""fertilizer_forgone"":14,""care_unfed"":39,""animal_shed_days"":0,""idle_tile_days"":62,""weed_tile_days"":1,""hand_pass_turns"":599,""farmer_pass_turns"":81,""phantom_hand_actions"":0,""sell_floor_units"":140,""hire_premium"":5234,""shed_units_now"":0,""shed_value_now"":0.0,""animals_in_shed_now"":0,""seeds_unplanted_now"":0,""seeds_unplanted_cost_now"":0.0},{""sell_dead_units"":215,""refused_buy_product"":1,""refused_buy_seed"":0,""refused_buy_animal"":0,""refused_hire"":0,""refused_buy_land"":0,""hire_paid"":5515,""sell_zero_fill"":21,""buy_zero_fill"":1,""sell_revenue"":128127.0,""total_spend"":29770.0,""shed_discarded_units"":20,""sold_units"":1561,""feed_no_wheat"":0,""feed_no_animal"":0,""feed_redundant"":0,""water_dead"":1,""harvest_dead"":6,""plant_dead"":0,""animals_escaped"":0,""escape_capital"":0.0,""escape_yield_units"":0,""escape_first_day"":-1,""animal_unfed_days"":43,""plants_dry"":1,""dry_seed_cost"":100.0,""dry_yield_units"":0,""dry_first_day"":21,""plant_unwatered_days"":385,""decay_units"":18,""plants_decayed"":18,""silent_loss_coins"":100.0,""silent_loss_units"":38,""dead_actions"":20,""move_dead"":0,""locked_dead"":0,""pickup_dead"":0,""drop_dead"":0,""place_dead"":2,""build_dead"":0,""dig_dead"":2,""fertilize_dead"":0,""collect_dead"":4,""care_dead"":5,""tile_cap_units"":8,""fertilizer_forgone"":14,""care_unfed"":39,""animal_shed_days"":0,""idle_tile_days"":63,""weed_tile_days"":1,""hand_pass_turns"":615,""farmer_pass_turns"":81,""phantom_hand_actions"":0,""sell_floor_units"":147,""hire_premium"":5234,""shed_units_now"":0,""shed_value_now"":0.0,""animals_in_shed_now"":0,""seeds_unplanted_now"":0,""seeds_unplanted_cost_now"":0.0}]}",{},
B2_buy10_sell5,B2_opening_candidate,metav4,metav4,2026092424,1,101682.0,101357.0,325.0,W,kagsim,6.526946,0,0,0,0,0,0,0,0,4444a7221dc8b07c56b279d0ff34ad50d3f8dfee5e4af6a415a8e6bd7bc32cd6,"[{""step"":0,""shops"":[]},{""step"":72,""shops"":[""YARN_STORE""]},{""step"":144,""shops"":[""YARN_STORE"",""PIZZA_SHOP""]},{""step"":216,""shops"":[""YARN_STORE"",""PIZZA_SHOP"",""PIZZA_SHOP""]},{""step"":288,""shops"":[""YARN_STORE"",""PIZZA_SHOP"",""PIZZA_SHOP"",""SMOOTHIE_SHOP""]},{""step"":360,""shops"":[""YARN_STORE"",""PIZZA_SHOP"",""PIZZA_SHOP"",""SMOOTHIE_SHOP"",""BRUNCH_SPOT""]},{""step"":432,""shops"":[""YARN_STORE"",""PIZZA_SHOP"",""PIZZA_SHOP"",""SMOOTHIE_SHOP"",""BRUNCH_SPOT"",""BRUNCH_SPOT""]},{""step"":504,""shops"":[""YARN_STORE"",""PIZZA_SHOP"",""PIZZA_SHOP"",""SMOOTHIE_SHOP"",""BRUNCH_SPOT"",""BRUNCH_SPOT"",""PET_CAFE""]},{""step"":576,""shops"":[""YARN_STORE"",""PIZZA_SHOP"",""PIZZA_SHOP"",""SMOOTHIE_SHOP"",""BRUNCH_SPOT"",""BRUNCH_SPOT"",""PET_CAFE"",""BAKERY""]}]",experiments/round10_public_learning_20260924/evaluations/opening_b2_confirmation/replays/B2_buy10_sell5/metav4/seed_2026092424_seat_1.json.gz,5386e95fe3e1fe567fbe5592b4ee0517dcfeba053d99ab1cad3d439339d38266,c56f5f6211b522e069c55cf7f047e390ca3c134cb1e04d01d52fb6853c03613b,9d63494603f88219857a3101d7dc19cc750ded04e5886732ee428580326967d9,0fe077cc65622d6f6828160d90b617595a4aa7ea188e4afc67bfee8e4d290c92,"{""players"":[{""sell_dead_units"":215,""refused_buy_product"":1,""refused_buy_seed"":0,""refused_buy_animal"":0,""refused_hire"":0,""refused_buy_land"":0,""hire_paid"":5515,""sell_zero_fill"":21,""buy_zero_fill"":1,""sell_revenue"":128127.0,""total_spend"":29770.0,""shed_discarded_units"":20,""sold_units"":1561,""feed_no_wheat"":0,""feed_no_animal"":0,""feed_redundant"":0,""water_dead"":1,""harvest_dead"":6,""plant_dead"":0,""animals_escaped"":0,""escape_capital"":0.0,""escape_yield_units"":0,""escape_first_day"":-1,""animal_unfed_days"":43,""plants_dry"":1,""dry_seed_cost"":100.0,""dry_yield_units"":0,""dry_first_day"":21,""plant_unwatered_days"":385,""decay_units"":18,""plants_decayed"":18,""silent_loss_coins"":100.0,""silent_loss_units"":38,""dead_actions"":20,""move_dead"":0,""locked_dead"":0,""pickup_dead"":0,""drop_dead"":0,""place_dead"":2,""build_dead"":0,""dig_dead"":2,""fertilize_dead"":0,""collect_dead"":4,""care_dead"":5,""tile_cap_units"":8,""fertilizer_forgone"":14,""care_unfed"":39,""animal_shed_days"":0,""idle_tile_days"":63,""weed_tile_days"":1,""hand_pass_turns"":615,""farmer_pass_turns"":81,""phantom_hand_actions"":0,""sell_floor_units"":147,""hire_premium"":5234,""shed_units_now"":0,""shed_value_now"":0.0,""animals_in_shed_now"":0,""seeds_unplanted_now"":0,""seeds_unplanted_cost_now"":0.0},{""sell_dead_units"":205,""refused_buy_product"":1,""refused_buy_seed"":0,""refused_buy_animal"":0,""refused_hire"":0,""refused_buy_land"":0,""hire_paid"":5515,""sell_zero_fill"":20,""buy_zero_fill"":1,""sell_revenue"":128133.0,""total_spend"":29451.0,""shed_discarded_units"":20,""sold_units"":1555,""feed_no_wheat"":0,""feed_no_animal"":0,""feed_redundant"":0,""water_dead"":1,""harvest_dead"":4,""plant_dead"":0,""animals_escaped"":0,""escape_capital"":0.0,""escape_yield_units"":0,""escape_first_day"":-1,""animal_unfed_days"":43,""plants_dry"":1,""dry_seed_cost"":100.0,""dry_yield_units"":0,""dry_first_day"":21,""plant_unwatered_days"":385,""decay_units"":18,""plants_decayed"":18,""silent_loss_coins"":100.0,""silent_loss_units"":38,""dead_actions"":17,""move_dead"":0,""locked_dead"":0,""pickup_dead"":0,""drop_dead"":0,""place_dead"":1,""build_dead"":0,""dig_dead"":2,""fertilize_dead"":0,""collect_dead"":4,""care_dead"":5,""tile_cap_units"":8,""fertilizer_forgone"":14,""care_unfed"":39,""animal_shed_days"":0,""idle_tile_days"":62,""weed_tile_days"":1,""hand_pass_turns"":599,""farmer_pass_turns"":81,""phantom_hand_actions"":0,""sell_floor_units"":140,""hire_premium"":5234,""shed_units_now"":0,""shed_value_now"":0.0,""animals_in_shed_now"":0,""seeds_unplanted_now"":0,""seeds_unplanted_cost_now"":0.0}]}",{},
B2_buy10_sell5,B2_opening_candidate,order_book,order_book,2026092421,0,78545.0,78342.0,203.0,W,kagsim,7.17401,0,0,0,0,0,0,0,0,1a0d9b98b77ea1f9b89eb26cb01c4569d35ca0bc479051453aa5f420df64dcd7,"[{""step"":0,""shops"":[]},{""step"":72,""shops"":[""ICE_CREAM_SHOP""]},{""step"":144,""shops"":[""ICE_CREAM_SHOP"",""BAKERY""]},{""step"":216,""shops"":[""ICE_CREAM_SHOP"",""BAKERY"",""PET_CAFE""]},{""step"":288,""shops"":[""ICE_CREAM_SHOP"",""BAKERY"",""PET_CAFE"",""ICE_CREAM_SHOP""]},{""step"":360,""shops"":[""ICE_CREAM_SHOP"",""BAKERY"",""PET_CAFE"",""ICE_CREAM_SHOP"",""BAKERY""]},{""step"":432,""shops"":[""ICE_CREAM_SHOP"",""BAKERY"",""PET_CAFE"",""ICE_CREAM_SHOP"",""BAKERY"",""YARN_STORE""]},{""step"":504,""shops"":[""ICE_CREAM_SHOP"",""BAKERY"",""PET_CAFE"",""ICE_CREAM_SHOP"",""BAKERY"",""YARN_STORE"",""BAKERY""]},{""step"":576,""shops"":[""ICE_CREAM_SHOP"",""BAKERY"",""PET_CAFE"",""ICE_CREAM_SHOP"",""BAKERY"",""YARN_STORE"",""BAKERY"",""BRUNCH_SPOT""]}]",experiments/round10_public_learning_20260924/evaluations/opening_b2_confirmation/replays/B2_buy10_sell5/order_book/seed_2026092421_seat_0.json.gz,c2a9060bff19e6eaa0a1c10178f6724d2f798394ed14ae25913471913b8fc1a4,c56f5f6211b522e069c55cf7f047e390ca3c134cb1e04d01d52fb6853c03613b,a16e0e9b40c489972630a0b9d04f30e9c1cab03159fa78676db74277d84d82ab,0fe077cc65622d6f6828160d90b617595a4aa7ea188e4afc67bfee8e4d290c92,"{""players"":[{""sell_dead_units"":2210,""refused_buy_product"":1,""refused_buy_seed"":0,""refused_buy_animal"":0,""refused_hire"":0,""refused_buy_land"":0,""hire_paid"":4253,""sell_zero_fill"":39,""buy_zero_fill"":1,""sell_revenue"":104002.0,""total_spend"":28457.0,""shed_discarded_units"":2,""sold_units"":1597,""feed_no_wheat"":0,""feed_no_animal"":0,""feed_redundant"":0,""water_dead"":10,""harvest_dead"":3,""plant_dead"":0,""animals_escaped"":0,""escape_capital"":0.0,""escape_yield_units"":0,""escape_first_day"":-1,""animal_unfed_days"":73,""plants_dry"":1,""dry_seed_cost"":100.0,""dry_yield_units"":0,""dry_first_day"":21,""plant_unwatered_days"":391,""decay_units"":18,""plants_decayed"":18,""silent_loss_coins"":100.0,""silent_loss_units"":20,""dead_actions"":41,""move_dead"":0,""locked_dead"":0,""pickup_dead"":0,""drop_dead"":0,""place_dead"":2,""build_dead"":0,""dig_dead"":4,""fertilize_dead"":1,""collect_dead"":8,""care_dead"":13,""tile_cap_units"":21,""fertilizer_forgone"":19,""care_unfed"":69,""animal_shed_days"":1,""idle_tile_days"":63,""weed_tile_days"":1,""hand_pass_turns"":390,""farmer_pass_turns"":67,""phantom_hand_actions"":0,""sell_floor_units"":104,""hire_premium"":3986,""shed_units_now"":0,""shed_value_now"":0.0,""animals_in_shed_now"":0,""seeds_unplanted_now"":5,""seeds_unplanted_cost_now"":50.0},{""sell_dead_units"":1211,""refused_buy_product"":1,""refused_buy_seed"":0,""refused_buy_animal"":0,""refused_hire"":0,""refused_buy_land"":0,""hire_paid"":4253,""sell_zero_fill"":38,""buy_zero_fill"":1,""sell_revenue"":104259.0,""total_spend"":28917.0,""shed_discarded_units"":1,""sold_units"":1604,""feed_no_wheat"":0,""feed_no_animal"":0,""feed_redundant"":0,""water_dead"":10,""harvest_dead"":3,""plant_dead"":0,""animals_escaped"":0,""escape_capital"":0.0,""escape_yield_units"":0,""escape_first_day"":-1,""animal_unfed_days"":73,""plants_dry"":1,""dry_seed_cost"":100.0,""dry_yield_units"":0,""dry_first_day"":21,""plant_unwatered_days"":391,""decay_units"":18,""plants_decayed"":18,""silent_loss_coins"":100.0,""silent_loss_units"":19,""dead_actions"":42,""move_dead"":0,""locked_dead"":0,""pickup_dead"":0,""drop_dead"":0,""place_dead"":2,""build_dead"":0,""dig_dead"":4,""fertilize_dead"":2,""collect_dead"":8,""care_dead"":13,""tile_cap_units"":22,""fertilizer_forgone"":19,""care_unfed"":69,""animal_shed_days"":1,""idle_tile_days"":63,""weed_tile_days"":1,""hand_pass_turns"":388,""farmer_pass_turns"":66,""phantom_hand_actions"":0,""sell_floor_units"":103,""hire_premium"":3986,""shed_units_now"":0,""shed_value_now"":0.0,""animals_in_shed_now"":0,""seeds_unplanted_now"":13,""seeds_unplanted_cost_now"":210.0}]}",{},
B2_buy10_sell5,B2_opening_candidate,order_book,order_book,2026092421,1,78545.0,78342.0,203.0,W,kagsim,7.322799,0,0,0,0,0,0,0,0,1a0d9b98b77ea1f9b89eb26cb01c4569d35ca0bc479051453aa5f420df64dcd7,"[{""step"":0,""shops"":[]},{""step"":72,""shops"":[""ICE_CREAM_SHOP""]},{""step"":144,""shops"":[""ICE_CREAM_SHOP"",""BAKERY""]},{""step"":216,""shops"":[""ICE_CREAM_SHOP"",""BAKERY"",""PET_CAFE""]},{""step"":288,""shops"":[""ICE_CREAM_SHOP"",""BAKERY"",""PET_CAFE"",""ICE_CREAM_SHOP""]},{""step"":360,""shops"":[""ICE_CREAM_SHOP"",""BAKERY"",""PET_CAFE"",""ICE_CREAM_SHOP"",""BAKERY""]},{""step"":432,""shops"":[""ICE_CREAM_SHOP"",""BAKERY"",""PET_CAFE"",""ICE_CREAM_SHOP"",""BAKERY"",""YARN_STORE""]},{""step"":504,""shops"":[""ICE_CREAM_SHOP"",""BAKERY"",""PET_CAFE"",""ICE_CREAM_SHOP"",""BAKERY"",""YARN_STORE"",""BAKERY""]},{""step"":576,""shops"":[""ICE_CREAM_SHOP"",""BAKERY"",""PET_CAFE"",""ICE_CREAM_SHOP"",""BAKERY"",""YARN_STORE"",""BAKERY"",""BRUNCH_SPOT""]}]",experiments/round10_public_learning_20260924/evaluations/opening_b2_confirmation/replays/B2_buy10_sell5/order_book/seed_2026092421_seat_1.json.gz,c94746f59a9f0c2dc61a7a1dc250a8d00878bcb4d04056b25fdd359b97380291,c56f5f6211b522e069c55cf7f047e390ca3c134cb1e04d01d52fb6853c03613b,a16e0e9b40c489972630a0b9d04f30e9c1cab03159fa78676db74277d84d82ab,0fe077cc65622d6f6828160d90b617595a4aa7ea188e4afc67bfee8e4d290c92,"{""players"":[{""sell_dead_units"":1211,""refused_buy_product"":1,""refused_buy_seed"":0,""refused_buy_animal"":0,""refused_hire"":0,""refused_buy_land"":0,""hire_paid"":4253,""sell_zero_fill"":38,""buy_zero_fill"":1,""sell_revenue"":104259.0,""total_spend"":28917.0,""shed_discarded_units"":1,""sold_units"":1604,""feed_no_wheat"":0,""feed_no_animal"":0,""feed_redundant"":0,""water_dead"":10,""harvest_dead"":3,""plant_dead"":0,""animals_escaped"":0,""escape_capital"":0.0,""escape_yield_units"":0,""escape_first_day"":-1,""animal_unfed_days"":73,""plants_dry"":1,""dry_seed_cost"":100.0,""dry_yield_units"":0,""dry_first_day"":21,""plant_unwatered_days"":391,""decay_units"":18,""plants_decayed"":18,""silent_loss_coins"":100.0,""silent_loss_units"":19,""dead_actions"":42,""move_dead"":0,""locked_dead"":0,""pickup_dead"":0,""drop_dead"":0,""place_dead"":2,""build_dead"":0,""dig_dead"":4,""fertilize_dead"":2,""collect_dead"":8,""care_dead"":13,""tile_cap_units"":22,""fertilizer_forgone"":19,""care_unfed"":69,""animal_shed_days"":1,""idle_tile_days"":63,""weed_tile_days"":1,""hand_pass_turns"":388,""farmer_pass_turns"":66,""phantom_hand_actions"":0,""sell_floor_units"":103,""hire_premium"":3986,""shed_units_now"":0,""shed_value_now"":0.0,""animals_in_shed_now"":0,""seeds_unplanted_now"":13,""seeds_unplanted_cost_now"":210.0},{""sell_dead_units"":2210,""refused_buy_product"":1,""refused_buy_seed"":0,""refused_buy_animal"":0,""refused_hire"":0,""refused_buy_land"":0,""hire_paid"":4253,""sell_zero_fill"":39,""buy_zero_fill"":1,""sell_revenue"":104002.0,""total_spend"":28457.0,""shed_discarded_units"":2,""sold_units"":1597,""feed_no_wheat"":0,""feed_no_animal"":0,""feed_redundant"":0,""water_dead"":10,""harvest_dead"":3,""plant_dead"":0,""animals_escaped"":0,""escape_capital"":0.0,""escape_yield_units"":0,""escape_first_day"":-1,""animal_unfed_days"":73,""plants_dry"":1,""dry_seed_cost"":100.0,""dry_yield_units"":0,""dry_first_day"":21,""plant_unwatered_days"":391,""decay_units"":18,""plants_decayed"":18,""silent_loss_coins"":100.0,""silent_loss_units"":20,""dead_actions"":41,""move_dead"":0,""locked_dead"":0,""pickup_dead"":0,""drop_dead"":0,""place_dead"":2,""build_dead"":0,""dig_dead"":4,""fertilize_dead"":1,""collect_dead"":8,""care_dead"":13,""tile_cap_units"":21,""fertilizer_forgone"":19,""care_unfed"":69,""animal_shed_days"":1,""idle_tile_days"":63,""weed_tile_days"":1,""hand_pass_turns"":390,""farmer_pass_turns"":67,""phantom_hand_actions"":0,""sell_floor_units"":104,""hire_premium"":3986,""shed_units_now"":0,""shed_value_now"":0.0,""animals_in_shed_now"":0,""seeds_unplanted_now"":5,""seeds_unplanted_cost_now"":50.0}]}",{},
B2_buy10_sell5,B2_opening_candidate,order_book,order_book,2026092422,0,66287.0,66282.0,5.0,W,kagsim,7.031589,0,0,0,0,0,0,0,0,19e2e7b0d517ade9e3156ed5ac478411ae57c4d56f83749b61c91a7eb503d9cd,"[{""step"":0,""shops"":[]},{""step"":72,""shops"":[""PET_CAFE""]},{""step"":144,""shops"":[""PET_CAFE"",""BAKERY""]},{""step"":216,""shops"":[""PET_CAFE"",""BAKERY"",""FARMERS_MARKET""]},{""step"":288,""shops"":[""PET_CAFE"",""BAKERY"",""FARMERS_MARKET"",""BRUNCH_SPOT""]},{""step"":360,""shops"":[""PET_CAFE"",""BAKERY"",""FARMERS_MARKET"",""BRUNCH_SPOT"",""YARN_STORE""]},{""step"":432,""shops"":[""PET_CAFE"",""BAKERY"",""FARMERS_MARKET"",""BRUNCH_SPOT"",""YARN_STORE"",""BAKERY""]},{""step"":504,""shops"":[""PET_CAFE"",""BAKERY"",""FARMERS_MARKET"",""BRUNCH_SPOT"",""YARN_STORE"",""BAKERY"",""BAKERY""]},{""step"":576,""shops"":[""PET_CAFE"",""BAKERY"",""FARMERS_MARKET"",""BRUNCH_SPOT"",""YARN_STORE"",""BAKERY"",""BAKERY"",""ICE_CREAM_SHOP""]}]",experiments/round10_public_learning_20260924/evaluations/opening_b2_confirmation/replays/B2_buy10_sell5/order_book/seed_2026092422_seat_0.json.gz,f6738f25978a94adc1107ec49d126b97d825a0722172f34a135f33a7d087df02,c56f5f6211b522e069c55cf7f047e390ca3c134cb1e04d01d52fb6853c03613b,a16e0e9b40c489972630a0b9d04f30e9c1cab03159fa78676db74277d84d82ab,0fe077cc65622d6f6828160d90b617595a4aa7ea188e4afc67bfee8e4d290c92,"{""players"":[{""sell_dead_units"":2237,""refused_buy_product"":25,""refused_buy_seed"":0,""refused_buy_animal"":0,""refused_hire"":0,""refused_buy_land"":0,""hire_paid"":4253,""sell_zero_fill"":44,""buy_zero_fill"":1,""sell_revenue"":231479.0,""total_spend"":168192.0,""shed_discarded_units"":12,""sold_units"":4869,""feed_no_wheat"":1,""feed_no_animal"":1,""feed_redundant"":0,""water_dead"":18,""harvest_dead"":10,""plant_dead"":0,""animals_escaped"":1,""escape_capital"":300.0,""escape_yield_units"":1,""escape_first_day"":26,""animal_unfed_days"":86,""plants_dry"":2,""dry_seed_cost"":120.0,""dry_yield_units"":1,""dry_first_day"":21,""plant_unwatered_days"":387,""decay_units"":18,""plants_decayed"":18,""silent_loss_coins"":420.0,""silent_loss_units"":32,""dead_actions"":61,""move_dead"":0,""locked_dead"":0,""pickup_dead"":0,""drop_dead"":0,""place_dead"":2,""build_dead"":0,""dig_dead"":2,""fertilize_dead"":0,""collect_dead"":3,""care_dead"":24,""tile_cap_units"":27,""fertilizer_forgone"":16,""care_unfed"":82,""animal_shed_days"":1,""idle_tile_days"":69,""weed_tile_days"":4,""hand_pass_turns"":375,""farmer_pass_turns"":66,""phantom_hand_actions"":0,""sell_floor_units"":174,""hire_premium"":3986,""shed_units_now"":0,""shed_value_now"":0.0,""animals_in_shed_now"":0,""seeds_unplanted_now"":5,""seeds_unplanted_cost_now"":50.0},{""sell_dead_units"":1231,""refused_buy_product"":25,""refused_buy_seed"":0,""refused_buy_animal"":0,""refused_hire"":0,""refused_buy_land"":0,""hire_paid"":4253,""sell_zero_fill"":42,""buy_zero_fill"":1,""sell_revenue"":231944.0,""total_spend"":168662.0,""shed_discarded_units"":9,""sold_units"":4881,""feed_no_wheat"":1,""feed_no_animal"":1,""feed_redundant"":0,""water_dead"":15,""harvest_dead"":9,""plant_dead"":0,""animals_escaped"":1,""escape_capital"":300.0,""escape_yield_units"":1,""escape_first_day"":26,""animal_unfed_days"":86,""plants_dry"":2,""dry_seed_cost"":120.0,""dry_yield_units"":1,""dry_first_day"":21,""plant_unwatered_days"":387,""decay_units"":18,""plants_decayed"":18,""silent_loss_coins"":420.0,""silent_loss_units"":29,""dead_actions"":58,""move_dead"":0,""locked_dead"":0,""pickup_dead"":0,""drop_dead"":0,""place_dead"":2,""build_dead"":0,""dig_dead"":2,""fertilize_dead"":1,""collect_dead"":3,""care_dead"":24,""tile_cap_units"":29,""fertilizer_forgone"":16,""care_unfed"":82,""animal_shed_days"":1,""idle_tile_days"":67,""weed_tile_days"":2,""hand_pass_turns"":373,""farmer_pass_turns"":66,""phantom_hand_actions"":0,""sell_floor_units"":172,""hire_premium"":3986,""shed_units_now"":0,""shed_value_now"":0.0,""animals_in_shed_now"":0,""seeds_unplanted_now"":12,""seeds_unplanted_cost_now"":200.0}]}",{},
B2_buy10_sell5,B2_opening_candidate,order_book,order_book,2026092422,1,66361.0,66208.0,153.0,W,kagsim,7.383111,0,0,0,0,0,0,0,0,19e2e7b0d517ade9e3156ed5ac478411ae57c4d56f83749b61c91a7eb503d9cd,"[{""step"":0,""shops"":[]},{""step"":72,""shops"":[""PET_CAFE""]},{""step"":144,""shops"":[""PET_CAFE"",""BAKERY""]},{""step"":216,""shops"":[""PET_CAFE"",""BAKERY"",""FARMERS_MARKET""]},{""step"":288,""shops"":[""PET_CAFE"",""BAKERY"",""FARMERS_MARKET"",""BRUNCH_SPOT""]},{""step"":360,""shops"":[""PET_CAFE"",""BAKERY"",""FARMERS_MARKET"",""BRUNCH_SPOT"",""YARN_STORE""]},{""step"":432,""shops"":[""PET_CAFE"",""BAKERY"",""FARMERS_MARKET"",""BRUNCH_SPOT"",""YARN_STORE"",""BAKERY""]},{""step"":504,""shops"":[""PET_CAFE"",""BAKERY"",""FARMERS_MARKET"",""BRUNCH_SPOT"",""YARN_STORE"",""BAKERY"",""BAKERY""]},{""step"":576,""shops"":[""PET_CAFE"",""BAKERY"",""FARMERS_MARKET"",""BRUNCH_SPOT"",""YARN_STORE"",""BAKERY"",""BAKERY"",""ICE_CREAM_SHOP""]}]",experiments/round10_public_learning_20260924/evaluations/opening_b2_confirmation/replays/B2_buy10_sell5/order_book/seed_2026092422_seat_1.json.gz,2280fd4f2e3b243d9df895ca9f7e32de63f3d24a653903702c25fc3d111b599a,c56f5f6211b522e069c55cf7f047e390ca3c134cb1e04d01d52fb6853c03613b,a16e0e9b40c489972630a0b9d04f30e9c1cab03159fa78676db74277d84d82ab,0fe077cc65622d6f6828160d90b617595a4aa7ea188e4afc67bfee8e4d290c92,"{""players"":[{""sell_dead_units"":1231,""refused_buy_product"":25,""refused_buy_seed"":0,""refused_buy_animal"":0,""refused_hire"":0,""refused_buy_land"":0,""hire_paid"":4253,""sell_zero_fill"":42,""buy_zero_fill"":1,""sell_revenue"":231860.0,""total_spend"":168652.0,""shed_discarded_units"":9,""sold_units"":4879,""feed_no_wheat"":1,""feed_no_animal"":1,""feed_redundant"":0,""water_dead"":18,""harvest_dead"":10,""plant_dead"":0,""animals_escaped"":1,""escape_capital"":300.0,""escape_yield_units"":1,""escape_first_day"":26,""animal_unfed_days"":86,""plants_dry"":2,""dry_seed_cost"":120.0,""dry_yield_units"":1,""dry_first_day"":21,""plant_unwatered_days"":387,""decay_units"":18,""plants_decayed"":18,""silent_loss_coins"":420.0,""silent_loss_units"":29,""dead_actions"":62,""move_dead"":0,""locked_dead"":0,""pickup_dead"":0,""drop_dead"":0,""place_dead"":2,""build_dead"":0,""dig_dead"":2,""fertilize_dead"":1,""collect_dead"":3,""care_dead"":24,""tile_cap_units"":29,""fertilizer_forgone"":16,""care_unfed"":82,""animal_shed_days"":1,""idle_tile_days"":69,""weed_tile_days"":4,""hand_pass_turns"":373,""farmer_pass_turns"":66,""phantom_hand_actions"":0,""sell_floor_units"":172,""hire_premium"":3986,""shed_units_now"":0,""shed_value_now"":0.0,""animals_in_shed_now"":0,""seeds_unplanted_now"":13,""seeds_unplanted_cost_now"":210.0},{""sell_dead_units"":2237,""refused_buy_product"":25,""refused_buy_seed"":0,""refused_buy_animal"":0,""refused_hire"":0,""refused_buy_land"":0,""hire_paid"":4253,""sell_zero_fill"":44,""buy_zero_fill"":1,""sell_revenue"":231563.0,""total_spend"":168202.0,""shed_discarded_units"":12,""sold_units"":4871,""feed_no_wheat"":1,""feed_no_animal"":1,""feed_redundant"":0,""water_dead"":15,""harvest_dead"":9,""plant_dead"":0,""animals_escaped"":1,""escape_capital"":300.0,""escape_yield_units"":1,""escape_first_day"":26,""animal_unfed_days"":86,""plants_dry"":2,""dry_seed_cost"":120.0,""dry_yield_units"":1,""dry_first_day"":21,""plant_unwatered_days"":387,""decay_units"":18,""plants_decayed"":18,""silent_loss_coins"":420.0,""silent_loss_units"":32,""dead_actions"":57,""move_dead"":0,""locked_dead"":0,""pickup_dead"":0,""drop_dead"":0,""place_dead"":2,""build_dead"":0,""dig_dead"":2,""fertilize_dead"":0,""collect_dead"":3,""care_dead"":24,""tile_cap_units"":27,""fertilizer_forgone"":16,""care_unfed"":82,""animal_shed_days"":1,""idle_tile_days"":67,""weed_tile_days"":2,""hand_pass_turns"":375,""farmer_pass_turns"":66,""phantom_hand_actions"":0,""sell_floor_units"":174,""hire_premium"":3986,""shed_units_now"":0,""shed_value_now"":0.0,""animals_in_shed_now"":0,""seeds_unplanted_now"":4,""seeds_unplanted_cost_now"":40.0}]}",{},
B2_buy10_sell5,B2_opening_candidate,order_book,order_book,2026092423,0,122629.0,122563.0,66.0,W,kagsim,7.147759,0,0,0,0,0,0,0,0,85d8b413f9bf7d2c4e275dc00ed3cb3bab9b8ae1cb526d0a50828fa28f29a51c,"[{""step"":0,""shops"":[]},{""step"":72,""shops"":[""FARMERS_MARKET""]},{""step"":144,""shops"":[""FARMERS_MARKET"",""FARMERS_MARKET""]},{""step"":216,""shops"":[""FARMERS_MARKET"",""FARMERS_MARKET"",""YARN_STORE""]},{""step"":288,""shops"":[""FARMERS_MARKET"",""FARMERS_MARKET"",""YARN_STORE"",""BRUNCH_SPOT""]},{""step"":360,""shops"":[""FARMERS_MARKET"",""FARMERS_MARKET"",""YARN_STORE"",""BRUNCH_SPOT"",""PIZZA_SHOP""]},{""step"":432,""shops"":[""FARMERS_MARKET"",""FARMERS_MARKET"",""YARN_STORE"",""BRUNCH_SPOT"",""PIZZA_SHOP"",""PIZZA_SHOP""]},{""step"":504,""shops"":[""FARMERS_MARKET"",""FARMERS_MARKET"",""YARN_STORE"",""BRUNCH_SPOT"",""PIZZA_SHOP"",""PIZZA_SHOP"",""PIZZA_SHOP""]},{""step"":576,""shops"":[""FARMERS_MARKET"",""FARMERS_MARKET"",""YARN_STORE"",""BRUNCH_SPOT"",""PIZZA_SHOP"",""PIZZA_SHOP"",""PIZZA_SHOP"",""YARN_STORE""]}]",experiments/round10_public_learning_20260924/evaluations/opening_b2_confirmation/replays/B2_buy10_sell5/order_book/seed_2026092423_seat_0.json.gz,bb04fc105e0c6c49e9d6e3820bcb443d99c8511ad8018da90bc41978620ae6e5,c56f5f6211b522e069c55cf7f047e390ca3c134cb1e04d01d52fb6853c03613b,a16e0e9b40c489972630a0b9d04f30e9c1cab03159fa78676db74277d84d82ab,0fe077cc65622d6f6828160d90b617595a4aa7ea188e4afc67bfee8e4d290c92,"{""players"":[{""sell_dead_units"":2276,""refused_buy_product"":1,""refused_buy_seed"":0,""refused_buy_animal"":0,""refused_hire"":0,""refused_buy_land"":0,""hire_paid"":7557,""sell_zero_fill"":44,""buy_zero_fill"":1,""sell_revenue"":173312.0,""total_spend"":53683.0,""shed_discarded_units"":5,""sold_units"":2050,""feed_no_wheat"":0,""feed_no_animal"":0,""feed_redundant"":0,""water_dead"":13,""harvest_dead"":18,""plant_dead"":0,""animals_escaped"":0,""escape_capital"":0.0,""escape_yield_units"":0,""escape_first_day"":-1,""animal_unfed_days"":66,""plants_dry"":2,""dry_seed_cost"":120.0,""dry_yield_units"":1,""dry_first_day"":21,""plant_unwatered_days"":418,""decay_units"":18,""plants_decayed"":18,""silent_loss_coins"":120.0,""silent_loss_units"":24,""dead_actions"":65,""move_dead"":0,""locked_dead"":0,""pickup_dead"":0,""drop_dead"":0,""place_dead"":4,""build_dead"":0,""dig_dead"":2,""fertilize_dead"":1,""collect_dead"":3,""care_dead"":24,""tile_cap_units"":14,""fertilizer_forgone"":18,""care_unfed"":62,""animal_shed_days"":1,""idle_tile_days"":230,""weed_tile_days"":9,""hand_pass_turns"":425,""farmer_pass_turns"":65,""phantom_hand_actions"":0,""sell_floor_units"":47,""hire_premium"":7273,""shed_units_now"":0,""shed_value_now"":0.0,""animals_in_shed_now"":0,""seeds_unplanted_now"":5,""seeds_unplanted_cost_now"":50.0},{""sell_dead_units"":1276,""refused_buy_product"":1,""refused_buy_seed"":0,""refused_buy_animal"":0,""refused_hire"":0,""refused_buy_land"":0,""hire_paid"":7557,""sell_zero_fill"":43,""buy_zero_fill"":1,""sell_revenue"":173706.0,""total_spend"":54143.0,""shed_discarded_units"":2,""sold_units"":2059,""feed_no_wheat"":0,""feed_no_animal"":0,""feed_redundant"":0,""water_dead"":13,""harvest_dead"":18,""plant_dead"":0,""animals_escaped"":0,""escape_capital"":0.0,""escape_yield_units"":0,""escape_first_day"":-1,""animal_unfed_days"":66,""plants_dry"":2,""dry_seed_cost"":120.0,""dry_yield_units"":1,""dry_first_day"":21,""plant_unwatered_days"":418,""decay_units"":18,""plants_decayed"":18,""silent_loss_coins"":120.0,""silent_loss_units"":21,""dead_actions"":66,""move_dead"":0,""locked_dead"":0,""pickup_dead"":0,""drop_dead"":0,""place_dead"":4,""build_dead"":0,""dig_dead"":2,""fertilize_dead"":2,""collect_dead"":3,""care_dead"":24,""tile_cap_units"":16,""fertilizer_forgone"":18,""care_unfed"":62,""animal_shed_days"":1,""idle_tile_days"":230,""weed_tile_days"":2,""hand_pass_turns"":422,""farmer_pass_turns"":65,""phantom_hand_actions"":0,""sell_floor_units"":46,""hire_premium"":7273,""shed_units_now"":0,""shed_value_now"":0.0,""animals_in_shed_now"":0,""seeds_unplanted_now"":13,""seeds_unplanted_cost_now"":210.0}]}",{},
B2_buy10_sell5,B2_opening_candidate,order_book,order_book,2026092423,1,122629.0,122563.0,66.0,W,kagsim,7.52575,0,0,0,0,0,0,0,0,85d8b413f9bf7d2c4e275dc00ed3cb3bab9b8ae1cb526d0a50828fa28f29a51c,"[{""step"":0,""shops"":[]},{""step"":72,""shops"":[""FARMERS_MARKET""]},{""step"":144,""shops"":[""FARMERS_MARKET"",""FARMERS_MARKET""]},{""step"":216,""shops"":[""FARMERS_MARKET"",""FARMERS_MARKET"",""YARN_STORE""]},{""step"":288,""shops"":[""FARMERS_MARKET"",""FARMERS_MARKET"",""YARN_STORE"",""BRUNCH_SPOT""]},{""step"":360,""shops"":[""FARMERS_MARKET"",""FARMERS_MARKET"",""YARN_STORE"",""BRUNCH_SPOT"",""PIZZA_SHOP""]},{""step"":432,""shops"":[""FARMERS_MARKET"",""FARMERS_MARKET"",""YARN_STORE"",""BRUNCH_SPOT"",""PIZZA_SHOP"",""PIZZA_SHOP""]},{""step"":504,""shops"":[""FARMERS_MARKET"",""FARMERS_MARKET"",""YARN_STORE"",""BRUNCH_SPOT"",""PIZZA_SHOP"",""PIZZA_SHOP"",""PIZZA_SHOP""]},{""step"":576,""shops"":[""FARMERS_MARKET"",""FARMERS_MARKET"",""YARN_STORE"",""BRUNCH_SPOT"",""PIZZA_SHOP"",""PIZZA_SHOP"",""PIZZA_SHOP"",""YARN_STORE""]}]",experiments/round10_public_learning_20260924/evaluations/opening_b2_confirmation/replays/B2_buy10_sell5/order_book/seed_2026092423_seat_1.json.gz,862310da3a21ce83c73597b35f368aabb58aeedd77cb257d3feba0f4722c408e,c56f5f6211b522e069c55cf7f047e390ca3c134cb1e04d01d52fb6853c03613b,a16e0e9b40c489972630a0b9d04f30e9c1cab03159fa78676db74277d84d82ab,0fe077cc65622d6f6828160d90b617595a4aa7ea188e4afc67bfee8e4d290c92,"{""players"":[{""sell_dead_units"":1276,""refused_buy_product"":1,""refused_buy_seed"":0,""refused_buy_animal"":0,""refused_hire"":0,""refused_buy_land"":0,""hire_paid"":7557,""sell_zero_fill"":43,""buy_zero_fill"":1,""sell_revenue"":173706.0,""total_spend"":54143.0,""shed_discarded_units"":2,""sold_units"":2059,""feed_no_wheat"":0,""feed_no_animal"":0,""feed_redundant"":0,""water_dead"":13,""harvest_dead"":18,""plant_dead"":0,""animals_escaped"":0,""escape_capital"":0.0,""escape_yield_units"":0,""escape_first_day"":-1,""animal_unfed_days"":66,""plants_dry"":2,""dry_seed_cost"":120.0,""dry_yield_units"":1,""dry_first_day"":21,""plant_unwatered_days"":418,""decay_units"":18,""plants_decayed"":18,""silent_loss_coins"":120.0,""silent_loss_units"":21,""dead_actions"":66,""move_dead"":0,""locked_dead"":0,""pickup_dead"":0,""drop_dead"":0,""place_dead"":4,""build_dead"":0,""dig_dead"":2,""fertilize_dead"":2,""collect_dead"":3,""care_dead"":24,""tile_cap_units"":16,""fertilizer_forgone"":18,""care_unfed"":62,""animal_shed_days"":1,""idle_tile_days"":230,""weed_tile_days"":9,""hand_pass_turns"":422,""farmer_pass_turns"":65,""phantom_hand_actions"":0,""sell_floor_units"":46,""hire_premium"":7273,""shed_units_now"":0,""shed_value_now"":0.0,""animals_in_shed_now"":0,""seeds_unplanted_now"":13,""seeds_unplanted_cost_now"":210.0},{""sell_dead_units"":2276,""refused_buy_product"":1,""refused_buy_seed"":0,""refused_buy_animal"":0,""refused_hire"":0,""refused_buy_land"":0,""hire_paid"":7557,""sell_zero_fill"":44,""buy_zero_fill"":1,""sell_revenue"":173312.0,""total_spend"":53683.0,""shed_discarded_units"":5,""sold_units"":2050,""feed_no_wheat"":0,""feed_no_animal"":0,""feed_redundant"":0,""water_dead"":13,""harvest_dead"":18,""plant_dead"":0,""animals_escaped"":0,""escape_capital"":0.0,""escape_yield_units"":0,""escape_first_day"":-1,""animal_unfed_days"":66,""plants_dry"":2,""dry_seed_cost"":120.0,""dry_yield_units"":1,""dry_first_day"":21,""plant_unwatered_days"":418,""decay_units"":18,""plants_decayed"":18,""silent_loss_coins"":120.0,""silent_loss_units"":24,""dead_actions"":65,""move_dead"":0,""locked_dead"":0,""pickup_dead"":0,""drop_dead"":0,""place_dead"":4,""build_dead"":0,""dig_dead"":2,""fertilize_dead"":1,""collect_dead"":3,""care_dead"":24,""tile_cap_units"":14,""fertilizer_forgone"":18,""care_unfed"":62,""animal_shed_days"":1,""idle_tile_days"":230,""weed_tile_days"":2,""hand_pass_turns"":425,""farmer_pass_turns"":65,""phantom_hand_actions"":0,""sell_floor_units"":47,""hire_premium"":7273,""shed_units_now"":0,""shed_value_now"":0.0,""animals_in_shed_now"":0,""seeds_unplanted_now"":5,""seeds_unplanted_cost_now"":50.0}]}",{},
B2_buy10_sell5,B2_opening_candidate,order_book,order_book,2026092424,0,101634.0,101620.0,14.0,W,kagsim,6.724838,0,0,0,0,0,0,0,0,4444a7221dc8b07c56b279d0ff34ad50d3f8dfee5e4af6a415a8e6bd7bc32cd6,"[{""step"":0,""shops"":[]},{""step"":72,""shops"":[""YARN_STORE""]},{""step"":144,""shops"":[""YARN_STORE"",""PIZZA_SHOP""]},{""step"":216,""shops"":[""YARN_STORE"",""PIZZA_SHOP"",""PIZZA_SHOP""]},{""step"":288,""shops"":[""YARN_STORE"",""PIZZA_SHOP"",""PIZZA_SHOP"",""SMOOTHIE_SHOP""]},{""step"":360,""shops"":[""YARN_STORE"",""PIZZA_SHOP"",""PIZZA_SHOP"",""SMOOTHIE_SHOP"",""BRUNCH_SPOT""]},{""step"":432,""shops"":[""YARN_STORE"",""PIZZA_SHOP"",""PIZZA_SHOP"",""SMOOTHIE_SHOP"",""BRUNCH_SPOT"",""BRUNCH_SPOT""]},{""step"":504,""shops"":[""YARN_STORE"",""PIZZA_SHOP"",""PIZZA_SHOP"",""SMOOTHIE_SHOP"",""BRUNCH_SPOT"",""BRUNCH_SPOT"",""PET_CAFE""]},{""step"":576,""shops"":[""YARN_STORE"",""PIZZA_SHOP"",""PIZZA_SHOP"",""SMOOTHIE_SHOP"",""BRUNCH_SPOT"",""BRUNCH_SPOT"",""PET_CAFE"",""BAKERY""]}]",experiments/round10_public_learning_20260924/evaluations/opening_b2_confirmation/replays/B2_buy10_sell5/order_book/seed_2026092424_seat_0.json.gz,1925bacd092d85d53493b90d026e791abb444ea5a18262ddb2b78f69b6d26918,c56f5f6211b522e069c55cf7f047e390ca3c134cb1e04d01d52fb6853c03613b,a16e0e9b40c489972630a0b9d04f30e9c1cab03159fa78676db74277d84d82ab,0fe077cc65622d6f6828160d90b617595a4aa7ea188e4afc67bfee8e4d290c92,"{""players"":[{""sell_dead_units"":205,""refused_buy_product"":1,""refused_buy_seed"":0,""refused_buy_animal"":0,""refused_hire"":0,""refused_buy_land"":0,""hire_paid"":5515,""sell_zero_fill"":20,""buy_zero_fill"":1,""sell_revenue"":128073.0,""total_spend"":29439.0,""shed_discarded_units"":20,""sold_units"":1555,""feed_no_wheat"":0,""feed_no_animal"":0,""feed_redundant"":0,""water_dead"":1,""harvest_dead"":4,""plant_dead"":0,""animals_escaped"":0,""escape_capital"":0.0,""escape_yield_units"":0,""escape_first_day"":-1,""animal_unfed_days"":43,""plants_dry"":1,""dry_seed_cost"":100.0,""dry_yield_units"":0,""dry_first_day"":21,""plant_unwatered_days"":385,""decay_units"":18,""plants_decayed"":18,""silent_loss_coins"":100.0,""silent_loss_units"":38,""dead_actions"":17,""move_dead"":0,""locked_dead"":0,""pickup_dead"":0,""drop_dead"":0,""place_dead"":1,""build_dead"":0,""dig_dead"":2,""fertilize_dead"":0,""collect_dead"":4,""care_dead"":5,""tile_cap_units"":8,""fertilizer_forgone"":14,""care_unfed"":39,""animal_shed_days"":0,""idle_tile_days"":62,""weed_tile_days"":1,""hand_pass_turns"":599,""farmer_pass_turns"":81,""phantom_hand_actions"":0,""sell_floor_units"":144,""hire_premium"":5234,""shed_units_now"":0,""shed_value_now"":0.0,""animals_in_shed_now"":0,""seeds_unplanted_now"":0,""seeds_unplanted_cost_now"":0.0},{""sell_dead_units"":205,""refused_buy_product"":1,""refused_buy_seed"":0,""refused_buy_animal"":0,""refused_hire"":0,""refused_buy_land"":0,""hire_paid"":5515,""sell_zero_fill"":20,""buy_zero_fill"":1,""sell_revenue"":128359.0,""total_spend"":29739.0,""shed_discarded_units"":20,""sold_units"":1563,""feed_no_wheat"":0,""feed_no_animal"":0,""feed_redundant"":0,""water_dead"":1,""harvest_dead"":6,""plant_dead"":0,""animals_escaped"":0,""escape_capital"":0.0,""escape_yield_units"":0,""escape_first_day"":-1,""animal_unfed_days"":43,""plants_dry"":1,""dry_seed_cost"":100.0,""dry_yield_units"":0,""dry_first_day"":21,""plant_unwatered_days"":385,""decay_units"":18,""plants_decayed"":18,""silent_loss_coins"":100.0,""silent_loss_units"":38,""dead_actions"":20,""move_dead"":0,""locked_dead"":0,""pickup_dead"":0,""drop_dead"":0,""place_dead"":2,""build_dead"":0,""dig_dead"":2,""fertilize_dead"":0,""collect_dead"":4,""care_dead"":5,""tile_cap_units"":8,""fertilizer_forgone"":14,""care_unfed"":39,""animal_shed_days"":0,""idle_tile_days"":62,""weed_tile_days"":1,""hand_pass_turns"":598,""farmer_pass_turns"":81,""phantom_hand_actions"":0,""sell_floor_units"":142,""hire_premium"":5234,""shed_units_now"":0,""shed_value_now"":0.0,""animals_in_shed_now"":0,""seeds_unplanted_now"":0,""seeds_unplanted_cost_now"":0.0}]}",{},
B2_buy10_sell5,B2_opening_candidate,order_book,order_book,2026092424,1,101634.0,101620.0,14.0,W,kagsim,6.717805,0,0,0,0,0,0,0,0,4444a7221dc8b07c56b279d0ff34ad50d3f8dfee5e4af6a415a8e6bd7bc32cd6,"[{""step"":0,""shops"":[]},{""step"":72,""shops"":[""YARN_STORE""]},{""step"":144,""shops"":[""YARN_STORE"",""PIZZA_SHOP""]},{""step"":216,""shops"":[""YARN_STORE"",""PIZZA_SHOP"",""PIZZA_SHOP""]},{""step"":288,""shops"":[""YARN_STORE"",""PIZZA_SHOP"",""PIZZA_SHOP"",""SMOOTHIE_SHOP""]},{""step"":360,""shops"":[""YARN_STORE"",""PIZZA_SHOP"",""PIZZA_SHOP"",""SMOOTHIE_SHOP"",""BRUNCH_SPOT""]},{""step"":432,""shops"":[""YARN_STORE"",""PIZZA_SHOP"",""PIZZA_SHOP"",""SMOOTHIE_SHOP"",""BRUNCH_SPOT"",""BRUNCH_SPOT""]},{""step"":504,""shops"":[""YARN_STORE"",""PIZZA_SHOP"",""PIZZA_SHOP"",""SMOOTHIE_SHOP"",""BRUNCH_SPOT"",""BRUNCH_SPOT"",""PET_CAFE""]},{""step"":576,""shops"":[""YARN_STORE"",""PIZZA_SHOP"",""PIZZA_SHOP"",""SMOOTHIE_SHOP"",""BRUNCH_SPOT"",""BRUNCH_SPOT"",""PET_CAFE"",""BAKERY""]}]",experiments/round10_public_learning_20260924/evaluations/opening_b2_confirmation/replays/B2_buy10_sell5/order_book/seed_2026092424_seat_1.json.gz,d0dcafd487e022a50372c11387f1973015d86b840126dd3d17087cb158b73d7a,c56f5f6211b522e069c55cf7f047e390ca3c134cb1e04d01d52fb6853c03613b,a16e0e9b40c489972630a0b9d04f30e9c1cab03159fa78676db74277d84d82ab,0fe077cc65622d6f6828160d90b617595a4aa7ea188e4afc67bfee8e4d290c92,"{""players"":[{""sell_dead_units"":205,""refused_buy_product"":1,""refused_buy_seed"":0,""refused_buy_animal"":0,""refused_hire"":0,""refused_buy_land"":0,""hire_paid"":5515,""sell_zero_fill"":20,""buy_zero_fill"":1,""sell_revenue"":128359.0,""total_spend"":29739.0,""shed_discarded_units"":20,""sold_units"":1563,""feed_no_wheat"":0,""feed_no_animal"":0,""feed_redundant"":0,""water_dead"":1,""harvest_dead"":6,""plant_dead"":0,""animals_escaped"":0,""escape_capital"":0.0,""escape_yield_units"":0,""escape_first_day"":-1,""animal_unfed_days"":43,""plants_dry"":1,""dry_seed_cost"":100.0,""dry_yield_units"":0,""dry_first_day"":21,""plant_unwatered_days"":385,""decay_units"":18,""plants_decayed"":18,""silent_loss_coins"":100.0,""silent_loss_units"":38,""dead_actions"":20,""move_dead"":0,""locked_dead"":0,""pickup_dead"":0,""drop_dead"":0,""place_dead"":2,""build_dead"":0,""dig_dead"":2,""fertilize_dead"":0,""collect_dead"":4,""care_dead"":5,""tile_cap_units"":8,""fertilizer_forgone"":14,""care_unfed"":39,""animal_shed_days"":0,""idle_tile_days"":62,""weed_tile_days"":1,""hand_pass_turns"":598,""farmer_pass_turns"":81,""phantom_hand_actions"":0,""sell_floor_units"":142,""hire_premium"":5234,""shed_units_now"":0,""shed_value_now"":0.0,""animals_in_shed_now"":0,""seeds_unplanted_now"":0,""seeds_unplanted_cost_now"":0.0},{""sell_dead_units"":205,""refused_buy_product"":1,""refused_buy_seed"":0,""refused_buy_animal"":0,""refused_hire"":0,""refused_buy_land"":0,""hire_paid"":5515,""sell_zero_fill"":20,""buy_zero_fill"":1,""sell_revenue"":128073.0,""total_spend"":29439.0,""shed_discarded_units"":20,""sold_units"":1555,""feed_no_wheat"":0,""feed_no_animal"":0,""feed_redundant"":0,""water_dead"":1,""harvest_dead"":4,""plant_dead"":0,""animals_escaped"":0,""escape_capital"":0.0,""escape_yield_units"":0,""escape_first_day"":-1,""animal_unfed_days"":43,""plants_dry"":1,""dry_seed_cost"":100.0,""dry_yield_units"":0,""dry_first_day"":21,""plant_unwatered_days"":385,""decay_units"":18,""plants_decayed"":18,""silent_loss_coins"":100.0,""silent_loss_units"":38,""dead_actions"":17,""move_dead"":0,""locked_dead"":0,""pickup_dead"":0,""drop_dead"":0,""place_dead"":1,""build_dead"":0,""dig_dead"":2,""fertilize_dead"":0,""collect_dead"":4,""care_dead"":5,""tile_cap_units"":8,""fertilizer_forgone"":14,""care_unfed"":39,""animal_shed_days"":0,""idle_tile_days"":62,""weed_tile_days"":1,""hand_pass_turns"":599,""farmer_pass_turns"":81,""phantom_hand_actions"":0,""sell_floor_units"":144,""hire_premium"":5234,""shed_units_now"":0,""shed_value_now"":0.0,""animals_in_shed_now"":0,""seeds_unplanted_now"":0,""seeds_unplanted_cost_now"":0.0}]}",{},
B2_buy10_sell5,B2_opening_candidate,qeinstein_moev2,qeinstein,2026092421,0,77715.0,65173.0,12542.0,W,kagsim,4.782315,0,0,0,0,0,0,0,0,344274c6d0dfd57e6662f373e4f07c67419f008ab9e5f6bc286ad85b60d2b7ef,"[{""step"":0,""shops"":[]},{""step"":72,""shops"":[""ICE_CREAM_SHOP""]},{""step"":144,""shops"":[""ICE_CREAM_SHOP"",""BAKERY""]},{""step"":216,""shops"":[""ICE_CREAM_SHOP"",""BAKERY"",""PET_CAFE""]},{""step"":288,""shops"":[""ICE_CREAM_SHOP"",""BAKERY"",""PET_CAFE"",""FARMERS_MARKET""]},{""step"":360,""shops"":[""ICE_CREAM_SHOP"",""BAKERY"",""PET_CAFE"",""FARMERS_MARKET"",""BAKERY""]},{""step"":432,""shops"":[""ICE_CREAM_SHOP"",""BAKERY"",""PET_CAFE"",""FARMERS_MARKET"",""BAKERY"",""YARN_STORE""]},{""step"":504,""shops"":[""ICE_CREAM_SHOP"",""BAKERY"",""PET_CAFE"",""FARMERS_MARKET"",""BAKERY"",""YARN_STORE"",""BAKERY""]},{""step"":576,""shops"":[""ICE_CREAM_SHOP"",""BAKERY"",""PET_CAFE"",""FARMERS_MARKET"",""BAKERY"",""YARN_STORE"",""BAKERY"",""BRUNCH_SPOT""]}]",experiments/round10_public_learning_20260924/evaluations/opening_b2_confirmation/replays/B2_buy10_sell5/qeinstein_moev2/seed_2026092421_seat_0.json.gz,1ff6a4a6b76ee8d7f57b912d45b0a0a1e390fa077e8a0263d0b3c95e1a4620fc,c56f5f6211b522e069c55cf7f047e390ca3c134cb1e04d01d52fb6853c03613b,45fa89710e66327379fb27dfa3569b153abf8ead9f5f9be0da02dbe9e792105c,0fe077cc65622d6f6828160d90b617595a4aa7ea188e4afc67bfee8e4d290c92,"{""players"":[{""sell_dead_units"":2203,""refused_buy_product"":0,""refused_buy_seed"":0,""refused_buy_animal"":0,""refused_hire"":0,""refused_buy_land"":0,""hire_paid"":4308,""sell_zero_fill"":36,""buy_zero_fill"":0,""sell_revenue"":103245.0,""total_spend"":28530.0,""shed_discarded_units"":3,""sold_units"":1593,""feed_no_wheat"":1,""feed_no_animal"":1,""feed_redundant"":0,""water_dead"":11,""harvest_dead"":6,""plant_dead"":0,""animals_escaped"":1,""escape_capital"":300.0,""escape_yield_units"":1,""escape_first_day"":26,""animal_unfed_days"":85,""plants_dry"":1,""dry_seed_cost"":100.0,""dry_yield_units"":0,""dry_first_day"":21,""plant_unwatered_days"":390,""decay_units"":18,""plants_decayed"":18,""silent_loss_coins"":400.0,""silent_loss_units"":22,""dead_actions"":48,""move_dead"":0,""locked_dead"":0,""pickup_dead"":0,""drop_dead"":0,""place_dead"":2,""build_dead"":0,""dig_dead"":4,""fertilize_dead"":1,""collect_dead"":8,""care_dead"":14,""tile_cap_units"":28,""fertilizer_forgone"":17,""care_unfed"":81,""animal_shed_days"":1,""idle_tile_days"":64,""weed_tile_days"":1,""hand_pass_turns"":400,""farmer_pass_turns"":67,""phantom_hand_actions"":0,""sell_floor_units"":157,""hire_premium"":4041,""shed_units_now"":0,""shed_value_now"":0.0,""animals_in_shed_now"":0,""seeds_unplanted_now"":4,""seeds_unplanted_cost_now"":40.0},{""sell_dead_units"":28,""refused_buy_product"":42,""refused_buy_seed"":0,""refused_buy_animal"":0,""refused_hire"":0,""refused_buy_land"":0,""hire_paid"":6298,""sell_zero_fill"":0,""buy_zero_fill"":0,""sell_revenue"":93440.0,""total_spend"":31267.0,""shed_discarded_units"":2,""sold_units"":1500,""feed_no_wheat"":8,""feed_no_animal"":0,""feed_redundant"":3,""water_dead"":8,""harvest_dead"":15,""plant_dead"":0,""animals_escaped"":0,""escape_capital"":0.0,""escape_yield_units"":0,""escape_first_day"":-1,""animal_unfed_days"":20,""plants_dry"":3,""dry_seed_cost"":50.0,""dry_yield_units"":3,""dry_first_day"":17,""plant_unwatered_days"":394,""decay_units"":36,""plants_decayed"":36,""silent_loss_coins"":50.0,""silent_loss_units"":41,""dead_actions"":45,""move_dead"":0,""locked_dead"":0,""pickup_dead"":2,""drop_dead"":0,""place_dead"":5,""build_dead"":0,""dig_dead"":0,""fertilize_dead"":4,""collect_dead"":0,""care_dead"":0,""tile_cap_units"":19,""fertilizer_forgone"":0,""care_unfed"":15,""animal_shed_days"":0,""idle_tile_days"":73,""weed_tile_days"":23,""hand_pass_turns"":778,""farmer_pass_turns"":70,""phantom_hand_actions"":0,""sell_floor_units"":181,""hire_premium"":6008,""shed_units_now"":1,""shed_value_now"":1.0,""animals_in_shed_now"":0,""seeds_unplanted_now"":0,""seeds_unplanted_cost_now"":0.0}]}",{},
B2_buy10_sell5,B2_opening_candidate,qeinstein_moev2,qeinstein,2026092421,1,77715.0,65173.0,12542.0,W,kagsim,5.021316,0,0,0,0,0,0,0,0,344274c6d0dfd57e6662f373e4f07c67419f008ab9e5f6bc286ad85b60d2b7ef,"[{""step"":0,""shops"":[]},{""step"":72,""shops"":[""ICE_CREAM_SHOP""]},{""step"":144,""shops"":[""ICE_CREAM_SHOP"",""BAKERY""]},{""step"":216,""shops"":[""ICE_CREAM_SHOP"",""BAKERY"",""PET_CAFE""]},{""step"":288,""shops"":[""ICE_CREAM_SHOP"",""BAKERY"",""PET_CAFE"",""FARMERS_MARKET""]},{""step"":360,""shops"":[""ICE_CREAM_SHOP"",""BAKERY"",""PET_CAFE"",""FARMERS_MARKET"",""BAKERY""]},{""step"":432,""shops"":[""ICE_CREAM_SHOP"",""BAKERY"",""PET_CAFE"",""FARMERS_MARKET"",""BAKERY"",""YARN_STORE""]},{""step"":504,""shops"":[""ICE_CREAM_SHOP"",""BAKERY"",""PET_CAFE"",""FARMERS_MARKET"",""BAKERY"",""YARN_STORE"",""BAKERY""]},{""step"":576,""shops"":[""ICE_CREAM_SHOP"",""BAKERY"",""PET_CAFE"",""FARMERS_MARKET"",""BAKERY"",""YARN_STORE"",""BAKERY"",""BRUNCH_SPOT""]}]",experiments/round10_public_learning_20260924/evaluations/opening_b2_confirmation/replays/B2_buy10_sell5/qeinstein_moev2/seed_2026092421_seat_1.json.gz,e0d99670f42121d0f19998547419dde5b1e5cc496d3937b396db04b190964ff0,c56f5f6211b522e069c55cf7f047e390ca3c134cb1e04d01d52fb6853c03613b,45fa89710e66327379fb27dfa3569b153abf8ead9f5f9be0da02dbe9e792105c,0fe077cc65622d6f6828160d90b617595a4aa7ea188e4afc67bfee8e4d290c92,"{""players"":[{""sell_dead_units"":28,""refused_buy_product"":42,""refused_buy_seed"":0,""refused_buy_animal"":0,""refused_hire"":0,""refused_buy_land"":0,""hire_paid"":6298,""sell_zero_fill"":0,""buy_zero_fill"":0,""sell_revenue"":93440.0,""total_spend"":31267.0,""shed_discarded_units"":2,""sold_units"":1500,""feed_no_wheat"":8,""feed_no_animal"":0,""feed_redundant"":3,""water_dead"":8,""harvest_dead"":15,""plant_dead"":0,""animals_escaped"":0,""escape_capital"":0.0,""escape_yield_units"":0,""escape_first_day"":-1,""animal_unfed_days"":20,""plants_dry"":3,""dry_seed_cost"":50.0,""dry_yield_units"":3,""dry_first_day"":17,""plant_unwatered_days"":394,""decay_units"":36,""plants_decayed"":36,""silent_loss_coins"":50.0,""silent_loss_units"":41,""dead_actions"":45,""move_dead"":0,""locked_dead"":0,""pickup_dead"":2,""drop_dead"":0,""place_dead"":5,""build_dead"":0,""dig_dead"":0,""fertilize_dead"":4,""collect_dead"":0,""care_dead"":0,""tile_cap_units"":19,""fertilizer_forgone"":0,""care_unfed"":15,""animal_shed_days"":0,""idle_tile_days"":73,""weed_tile_days"":23,""hand_pass_turns"":778,""farmer_pass_turns"":70,""phantom_hand_actions"":0,""sell_floor_units"":181,""hire_premium"":6008,""shed_units_now"":1,""shed_value_now"":1.0,""animals_in_shed_now"":0,""seeds_unplanted_now"":0,""seeds_unplanted_cost_now"":0.0},{""sell_dead_units"":2203,""refused_buy_product"":0,""refused_buy_seed"":0,""refused_buy_animal"":0,""refused_hire"":0,""refused_buy_land"":0,""hire_paid"":4308,""sell_zero_fill"":36,""buy_zero_fill"":0,""sell_revenue"":103245.0,""total_spend"":28530.0,""shed_discarded_units"":3,""sold_units"":1593,""feed_no_wheat"":1,""feed_no_animal"":1,""feed_redundant"":0,""water_dead"":11,""harvest_dead"":6,""plant_dead"":0,""animals_escaped"":1,""escape_capital"":300.0,""escape_yield_units"":1,""escape_first_day"":26,""animal_unfed_days"":85,""plants_dry"":1,""dry_seed_cost"":100.0,""dry_yield_units"":0,""dry_first_day"":21,""plant_unwatered_days"":390,""decay_units"":18,""plants_decayed"":18,""silent_loss_coins"":400.0,""silent_loss_units"":22,""dead_actions"":48,""move_dead"":0,""locked_dead"":0,""pickup_dead"":0,""drop_dead"":0,""place_dead"":2,""build_dead"":0,""dig_dead"":4,""fertilize_dead"":1,""collect_dead"":8,""care_dead"":14,""tile_cap_units"":28,""fertilizer_forgone"":17,""care_unfed"":81,""animal_shed_days"":1,""idle_tile_days"":64,""weed_tile_days"":1,""hand_pass_turns"":400,""farmer_pass_turns"":67,""phantom_hand_actions"":0,""sell_floor_units"":157,""hire_premium"":4041,""shed_units_now"":0,""shed_value_now"":0.0,""animals_in_shed_now"":0,""seeds_unplanted_now"":4,""seeds_unplanted_cost_now"":40.0}]}",{},
B2_buy10_sell5,B2_opening_candidate,qeinstein_moev2,qeinstein,2026092422,0,70028.0,53336.0,16692.0,W,kagsim,4.967158,0,0,0,0,0,0,0,0,a194039b7c5b13286b2ac46688815a8b4c48774792d079eacd58df40ba6c0e79,"[{""step"":0,""shops"":[]},{""step"":72,""shops"":[""PET_CAFE""]},{""step"":144,""shops"":[""PET_CAFE"",""BAKERY""]},{""step"":216,""shops"":[""PET_CAFE"",""BAKERY"",""FARMERS_MARKET""]},{""step"":288,""shops"":[""PET_CAFE"",""BAKERY"",""FARMERS_MARKET"",""BRUNCH_SPOT""]},{""step"":360,""shops"":[""PET_CAFE"",""BAKERY"",""FARMERS_MARKET"",""BRUNCH_SPOT"",""YARN_STORE""]},{""step"":432,""shops"":[""PET_CAFE"",""BAKERY"",""FARMERS_MARKET"",""BRUNCH_SPOT"",""YARN_STORE"",""BAKERY""]},{""step"":504,""shops"":[""PET_CAFE"",""BAKERY"",""FARMERS_MARKET"",""BRUNCH_SPOT"",""YARN_STORE"",""BAKERY"",""BAKERY""]},{""step"":576,""shops"":[""PET_CAFE"",""BAKERY"",""FARMERS_MARKET"",""BRUNCH_SPOT"",""YARN_STORE"",""BAKERY"",""BAKERY"",""BRUNCH_SPOT""]}]",experiments/round10_public_learning_20260924/evaluations/opening_b2_confirmation/replays/B2_buy10_sell5/qeinstein_moev2/seed_2026092422_seat_0.json.gz,a7f2d00ba2ca026db62658c582bbcc8db034ee785ed09329219de374ee54e47c,c56f5f6211b522e069c55cf7f047e390ca3c134cb1e04d01d52fb6853c03613b,45fa89710e66327379fb27dfa3569b153abf8ead9f5f9be0da02dbe9e792105c,0fe077cc65622d6f6828160d90b617595a4aa7ea188e4afc67bfee8e4d290c92,"{""players"":[{""sell_dead_units"":2242,""refused_buy_product"":14,""refused_buy_seed"":0,""refused_buy_animal"":0,""refused_hire"":0,""refused_buy_land"":0,""hire_paid"":4308,""sell_zero_fill"":41,""buy_zero_fill"":0,""sell_revenue"":234142.0,""total_spend"":167114.0,""shed_discarded_units"":12,""sold_units"":4871,""feed_no_wheat"":1,""feed_no_animal"":1,""feed_redundant"":0,""water_dead"":18,""harvest_dead"":10,""plant_dead"":0,""animals_escaped"":1,""escape_capital"":300.0,""escape_yield_units"":1,""escape_first_day"":26,""animal_unfed_days"":82,""plants_dry"":2,""dry_seed_cost"":120.0,""dry_yield_units"":1,""dry_first_day"":21,""plant_unwatered_days"":388,""decay_units"":18,""plants_decayed"":18,""silent_loss_coins"":420.0,""silent_loss_units"":32,""dead_actions"":61,""move_dead"":0,""locked_dead"":0,""pickup_dead"":0,""drop_dead"":0,""place_dead"":2,""build_dead"":0,""dig_dead"":2,""fertilize_dead"":0,""collect_dead"":3,""care_dead"":24,""tile_cap_units"":30,""fertilizer_forgone"":16,""care_unfed"":78,""animal_shed_days"":1,""idle_tile_days"":69,""weed_tile_days"":4,""hand_pass_turns"":372,""farmer_pass_turns"":66,""phantom_hand_actions"":0,""sell_floor_units"":172,""hire_premium"":4041,""shed_units_now"":0,""shed_value_now"":0.0,""animals_in_shed_now"":0,""seeds_unplanted_now"":5,""seeds_unplanted_cost_now"":50.0},{""sell_dead_units"":28,""refused_buy_product"":44,""refused_buy_seed"":0,""refused_buy_animal"":0,""refused_hire"":0,""refused_buy_land"":0,""hire_paid"":6298,""sell_zero_fill"":0,""buy_zero_fill"":0,""sell_revenue"":81319.0,""total_spend"":30983.0,""shed_discarded_units"":0,""sold_units"":1500,""feed_no_wheat"":8,""feed_no_animal"":0,""feed_redundant"":3,""water_dead"":8,""harvest_dead"":15,""plant_dead"":0,""animals_escaped"":0,""escape_capital"":0.0,""escape_yield_units"":0,""escape_first_day"":-1,""animal_unfed_days"":20,""plants_dry"":3,""dry_seed_cost"":50.0,""dry_yield_units"":3,""dry_first_day"":17,""plant_unwatered_days"":394,""decay_units"":36,""plants_decayed"":36,""silent_loss_coins"":50.0,""silent_loss_units"":39,""dead_actions"":45,""move_dead"":0,""locked_dead"":0,""pickup_dead"":2,""drop_dead"":0,""place_dead"":5,""build_dead"":0,""dig_dead"":0,""fertilize_dead"":4,""collect_dead"":0,""care_dead"":0,""tile_cap_units"":19,""fertilizer_forgone"":0,""care_unfed"":15,""animal_shed_days"":0,""idle_tile_days"":73,""weed_tile_days"":23,""hand_pass_turns"":778,""farmer_pass_turns"":70,""phantom_hand_actions"":0,""sell_floor_units"":276,""hire_premium"":6008,""shed_units_now"":1,""shed_value_now"":1.0,""animals_in_shed_now"":0,""seeds_unplanted_now"":0,""seeds_unplanted_cost_now"":0.0}]}",{},
B2_buy10_sell5,B2_opening_candidate,qeinstein_moev2,qeinstein,2026092422,1,70086.0,53251.0,16835.0,W,kagsim,4.994857,0,0,0,0,0,0,0,0,a194039b7c5b13286b2ac46688815a8b4c48774792d079eacd58df40ba6c0e79,"[{""step"":0,""shops"":[]},{""step"":72,""shops"":[""PET_CAFE""]},{""step"":144,""shops"":[""PET_CAFE"",""BAKERY""]},{""step"":216,""shops"":[""PET_CAFE"",""BAKERY"",""FARMERS_MARKET""]},{""step"":288,""shops"":[""PET_CAFE"",""BAKERY"",""FARMERS_MARKET"",""BRUNCH_SPOT""]},{""step"":360,""shops"":[""PET_CAFE"",""BAKERY"",""FARMERS_MARKET"",""BRUNCH_SPOT"",""YARN_STORE""]},{""step"":432,""shops"":[""PET_CAFE"",""BAKERY"",""FARMERS_MARKET"",""BRUNCH_SPOT"",""YARN_STORE"",""BAKERY""]},{""step"":504,""shops"":[""PET_CAFE"",""BAKERY"",""FARMERS_MARKET"",""BRUNCH_SPOT"",""YARN_STORE"",""BAKERY"",""BAKERY""]},{""step"":576,""shops"":[""PET_CAFE"",""BAKERY"",""FARMERS_MARKET"",""BRUNCH_SPOT"",""YARN_STORE"",""BAKERY"",""BAKERY"",""BRUNCH_SPOT""]}]",experiments/round10_public_learning_20260924/evaluations/opening_b2_confirmation/replays/B2_buy10_sell5/qeinstein_moev2/seed_2026092422_seat_1.json.gz,8e65cca0b5b1c880448713bd23181379cdea064f62e3d4daa2f5af3edaf941b6,c56f5f6211b522e069c55cf7f047e390ca3c134cb1e04d01d52fb6853c03613b,45fa89710e66327379fb27dfa3569b153abf8ead9f5f9be0da02dbe9e792105c,0fe077cc65622d6f6828160d90b617595a4aa7ea188e4afc67bfee8e4d290c92,"{""players"":[{""sell_dead_units"":28,""refused_buy_product"":44,""refused_buy_seed"":0,""refused_buy_animal"":0,""refused_hire"":0,""refused_buy_land"":0,""hire_paid"":6298,""sell_zero_fill"":0,""buy_zero_fill"":0,""sell_revenue"":81234.0,""total_spend"":30983.0,""shed_discarded_units"":0,""sold_units"":1498,""feed_no_wheat"":8,""feed_no_animal"":0,""feed_redundant"":3,""water_dead"":9,""harvest_dead"":16,""plant_dead"":0,""animals_escaped"":0,""escape_capital"":0.0,""escape_yield_units"":0,""escape_first_day"":-1,""animal_unfed_days"":20,""plants_dry"":4,""dry_seed_cost"":60.0,""dry_yield_units"":4,""dry_first_day"":7,""plant_unwatered_days"":394,""decay_units"":36,""plants_decayed"":36,""silent_loss_coins"":60.0,""silent_loss_units"":40,""dead_actions"":47,""move_dead"":0,""locked_dead"":0,""pickup_dead"":2,""drop_dead"":0,""place_dead"":5,""build_dead"":0,""dig_dead"":0,""fertilize_dead"":4,""collect_dead"":0,""care_dead"":0,""tile_cap_units"":19,""fertilizer_forgone"":0,""care_unfed"":15,""animal_shed_days"":0,""idle_tile_days"":75,""weed_tile_days"":27,""hand_pass_turns"":777,""farmer_pass_turns"":70,""phantom_hand_actions"":0,""sell_floor_units"":276,""hire_premium"":6008,""shed_units_now"":1,""shed_value_now"":1.0,""animals_in_shed_now"":0,""seeds_unplanted_now"":0,""seeds_unplanted_cost_now"":0.0},{""sell_dead_units"":2242,""refused_buy_product"":14,""refused_buy_seed"":0,""refused_buy_animal"":0,""refused_hire"":0,""refused_buy_land"":0,""hire_paid"":4308,""sell_zero_fill"":41,""buy_zero_fill"":0,""sell_revenue"":234264.0,""total_spend"":167178.0,""shed_discarded_units"":12,""sold_units"":4873,""feed_no_wheat"":1,""feed_no_animal"":1,""feed_redundant"":0,""water_dead"":15,""harvest_dead"":9,""plant_dead"":0,""animals_escaped"":1,""escape_capital"":300.0,""escape_yield_units"":1,""escape_first_day"":26,""animal_unfed_days"":82,""plants_dry"":2,""dry_seed_cost"":120.0,""dry_yield_units"":1,""dry_first_day"":21,""plant_unwatered_days"":388,""decay_units"":18,""plants_decayed"":18,""silent_loss_coins"":420.0,""silent_loss_units"":32,""dead_actions"":57,""move_dead"":0,""locked_dead"":0,""pickup_dead"":0,""drop_dead"":0,""place_dead"":2,""build_dead"":0,""dig_dead"":2,""fertilize_dead"":0,""collect_dead"":3,""care_dead"":24,""tile_cap_units"":30,""fertilizer_forgone"":16,""care_unfed"":78,""animal_shed_days"":1,""idle_tile_days"":67,""weed_tile_days"":2,""hand_pass_turns"":372,""farmer_pass_turns"":66,""phantom_hand_actions"":0,""sell_floor_units"":172,""hire_premium"":4041,""shed_units_now"":0,""shed_value_now"":0.0,""animals_in_shed_now"":0,""seeds_unplanted_now"":4,""seeds_unplanted_cost_now"":40.0}]}",{},
B2_buy10_sell5,B2_opening_candidate,qeinstein_moev2,qeinstein,2026092423,0,109665.0,73457.0,36208.0,W,kagsim,4.679693,0,0,0,0,0,0,0,0,0da4b934cb64bb0aae9f945d71a4be8e7331751d441aba57e2ad323657a4a41e,"[{""step"":0,""shops"":[]},{""step"":72,""shops"":[""FARMERS_MARKET""]},{""step"":144,""shops"":[""FARMERS_MARKET"",""FARMERS_MARKET""]},{""step"":216,""shops"":[""FARMERS_MARKET"",""FARMERS_MARKET"",""BAKERY""]},{""step"":288,""shops"":[""FARMERS_MARKET"",""FARMERS_MARKET"",""BAKERY"",""BRUNCH_SPOT""]},{""step"":360,""shops"":[""FARMERS_MARKET"",""FARMERS_MARKET"",""BAKERY"",""BRUNCH_SPOT"",""PET_CAFE""]},{""step"":432,""shops"":[""FARMERS_MARKET"",""FARMERS_MARKET"",""BAKERY"",""BRUNCH_SPOT"",""PET_CAFE"",""PIZZA_SHOP""]},{""step"":504,""shops"":[""FARMERS_MARKET"",""FARMERS_MARKET"",""BAKERY"",""BRUNCH_SPOT"",""PET_CAFE"",""PIZZA_SHOP"",""FARMERS_MARKET""]},{""step"":576,""shops"":[""FARMERS_MARKET"",""FARMERS_MARKET"",""BAKERY"",""BRUNCH_SPOT"",""PET_CAFE"",""PIZZA_SHOP"",""FARMERS_MARKET"",""FARMERS_MARKET""]}]",experiments/round10_public_learning_20260924/evaluations/opening_b2_confirmation/replays/B2_buy10_sell5/qeinstein_moev2/seed_2026092423_seat_0.json.gz,4bbbeef040b3a984bfb573b1f6e8f890452f53dd38adac388a2e863cf83561d6,c56f5f6211b522e069c55cf7f047e390ca3c134cb1e04d01d52fb6853c03613b,45fa89710e66327379fb27dfa3569b153abf8ead9f5f9be0da02dbe9e792105c,0fe077cc65622d6f6828160d90b617595a4aa7ea188e4afc67bfee8e4d290c92,"{""players"":[{""sell_dead_units"":2283,""refused_buy_product"":6,""refused_buy_seed"":0,""refused_buy_animal"":0,""refused_hire"":0,""refused_buy_land"":0,""hire_paid"":7557,""sell_zero_fill"":39,""buy_zero_fill"":0,""sell_revenue"":160216.0,""total_spend"":53551.0,""shed_discarded_units"":3,""sold_units"":2032,""feed_no_wheat"":1,""feed_no_animal"":1,""feed_redundant"":0,""water_dead"":13,""harvest_dead"":7,""plant_dead"":0,""animals_escaped"":1,""escape_capital"":300.0,""escape_yield_units"":1,""escape_first_day"":26,""animal_unfed_days"":112,""plants_dry"":2,""dry_seed_cost"":120.0,""dry_yield_units"":1,""dry_first_day"":21,""plant_unwatered_days"":417,""decay_units"":18,""plants_decayed"":18,""silent_loss_coins"":420.0,""silent_loss_units"":23,""dead_actions"":56,""move_dead"":0,""locked_dead"":0,""pickup_dead"":0,""drop_dead"":0,""place_dead"":3,""build_dead"":0,""dig_dead"":2,""fertilize_dead"":1,""collect_dead"":3,""care_dead"":25,""tile_cap_units"":26,""fertilizer_forgone"":20,""care_unfed"":108,""animal_shed_days"":1,""idle_tile_days"":230,""weed_tile_days"":9,""hand_pass_turns"":466,""farmer_pass_turns"":70,""phantom_hand_actions"":0,""sell_floor_units"":108,""hire_premium"":7273,""shed_units_now"":0,""shed_value_now"":0.0,""animals_in_shed_now"":0,""seeds_unplanted_now"":4,""seeds_unplanted_cost_now"":40.0},{""sell_dead_units"":28,""refused_buy_product"":47,""refused_buy_seed"":1,""refused_buy_animal"":0,""refused_hire"":0,""refused_buy_land"":0,""hire_paid"":6298,""sell_zero_fill"":0,""buy_zero_fill"":2,""sell_revenue"":102097.0,""total_spend"":31640.0,""shed_discarded_units"":0,""sold_units"":1458,""feed_no_wheat"":8,""feed_no_animal"":20,""feed_redundant"":3,""water_dead"":11,""harvest_dead"":17,""plant_dead"":1,""animals_escaped"":1,""escape_capital"":400.0,""escape_yield_units"":0,""escape_first_day"":8,""animal_unfed_days"":20,""plants_dry"":3,""dry_seed_cost"":50.0,""dry_yield_units"":3,""dry_first_day"":17,""plant_unwatered_days"":398,""decay_units"":41,""plants_decayed"":37,""silent_loss_coins"":450.0,""silent_loss_units"":44,""dead_actions"":110,""move_dead"":0,""locked_dead"":0,""pickup_dead"":2,""drop_dead"":0,""place_dead"":4,""build_dead"":1,""dig_dead"":1,""fertilize_dead"":2,""collect_dead"":21,""care_dead"":19,""tile_cap_units"":6,""fertilizer_forgone"":0,""care_unfed"":15,""animal_shed_days"":0,""idle_tile_days"":71,""weed_tile_days"":5,""hand_pass_turns"":778,""farmer_pass_turns"":70,""phantom_hand_actions"":0,""sell_floor_units"":246,""hire_premium"":6008,""shed_units_now"":1,""shed_value_now"":6.0,""animals_in_shed_now"":0,""seeds_unplanted_now"":0,""seeds_unplanted_cost_now"":0.0}]}",{},
B2_buy10_sell5,B2_opening_candidate,qeinstein_moev2,qeinstein,2026092423,1,109665.0,73457.0,36208.0,W,kagsim,4.769653,0,0,0,0,0,0,0,0,0da4b934cb64bb0aae9f945d71a4be8e7331751d441aba57e2ad323657a4a41e,"[{""step"":0,""shops"":[]},{""step"":72,""shops"":[""FARMERS_MARKET""]},{""step"":144,""shops"":[""FARMERS_MARKET"",""FARMERS_MARKET""]},{""step"":216,""shops"":[""FARMERS_MARKET"",""FARMERS_MARKET"",""BAKERY""]},{""step"":288,""shops"":[""FARMERS_MARKET"",""FARMERS_MARKET"",""BAKERY"",""BRUNCH_SPOT""]},{""step"":360,""shops"":[""FARMERS_MARKET"",""FARMERS_MARKET"",""BAKERY"",""BRUNCH_SPOT"",""PET_CAFE""]},{""step"":432,""shops"":[""FARMERS_MARKET"",""FARMERS_MARKET"",""BAKERY"",""BRUNCH_SPOT"",""PET_CAFE"",""PIZZA_SHOP""]},{""step"":504,""shops"":[""FARMERS_MARKET"",""FARMERS_MARKET"",""BAKERY"",""BRUNCH_SPOT"",""PET_CAFE"",""PIZZA_SHOP"",""FARMERS_MARKET""]},{""step"":576,""shops"":[""FARMERS_MARKET"",""FARMERS_MARKET"",""BAKERY"",""BRUNCH_SPOT"",""PET_CAFE"",""PIZZA_SHOP"",""FARMERS_MARKET"",""FARMERS_MARKET""]}]",experiments/round10_public_learning_20260924/evaluations/opening_b2_confirmation/replays/B2_buy10_sell5/qeinstein_moev2/seed_2026092423_seat_1.json.gz,0314232a84689ce1242fa092b4265bf7ccc8883e4a1799d620ffbc21073f668c,c56f5f6211b522e069c55cf7f047e390ca3c134cb1e04d01d52fb6853c03613b,45fa89710e66327379fb27dfa3569b153abf8ead9f5f9be0da02dbe9e792105c,0fe077cc65622d6f6828160d90b617595a4aa7ea188e4afc67bfee8e4d290c92,"{""players"":[{""sell_dead_units"":28,""refused_buy_product"":47,""refused_buy_seed"":1,""refused_buy_animal"":0,""refused_hire"":0,""refused_buy_land"":0,""hire_paid"":6298,""sell_zero_fill"":0,""buy_zero_fill"":2,""sell_revenue"":102097.0,""total_spend"":31640.0,""shed_discarded_units"":0,""sold_units"":1458,""feed_no_wheat"":8,""feed_no_animal"":20,""feed_redundant"":3,""water_dead"":11,""harvest_dead"":17,""plant_dead"":1,""animals_escaped"":1,""escape_capital"":400.0,""escape_yield_units"":0,""escape_first_day"":8,""animal_unfed_days"":20,""plants_dry"":3,""dry_seed_cost"":50.0,""dry_yield_units"":3,""dry_first_day"":17,""plant_unwatered_days"":398,""decay_units"":41,""plants_decayed"":37,""silent_loss_coins"":450.0,""silent_loss_units"":44,""dead_actions"":110,""move_dead"":0,""locked_dead"":0,""pickup_dead"":2,""drop_dead"":0,""place_dead"":4,""build_dead"":1,""dig_dead"":1,""fertilize_dead"":2,""collect_dead"":21,""care_dead"":19,""tile_cap_units"":6,""fertilizer_forgone"":0,""care_unfed"":15,""animal_shed_days"":0,""idle_tile_days"":71,""weed_tile_days"":5,""hand_pass_turns"":778,""farmer_pass_turns"":70,""phantom_hand_actions"":0,""sell_floor_units"":246,""hire_premium"":6008,""shed_units_now"":1,""shed_value_now"":6.0,""animals_in_shed_now"":0,""seeds_unplanted_now"":0,""seeds_unplanted_cost_now"":0.0},{""sell_dead_units"":2283,""refused_buy_product"":6,""refused_buy_seed"":0,""refused_buy_animal"":0,""refused_hire"":0,""refused_buy_land"":0,""hire_paid"":7557,""sell_zero_fill"":39,""buy_zero_fill"":0,""sell_revenue"":160216.0,""total_spend"":53551.0,""shed_discarded_units"":3,""sold_units"":2032,""feed_no_wheat"":1,""feed_no_animal"":1,""feed_redundant"":0,""water_dead"":13,""harvest_dead"":7,""plant_dead"":0,""animals_escaped"":1,""escape_capital"":300.0,""escape_yield_units"":1,""escape_first_day"":26,""animal_unfed_days"":112,""plants_dry"":2,""dry_seed_cost"":120.0,""dry_yield_units"":1,""dry_first_day"":21,""plant_unwatered_days"":417,""decay_units"":18,""plants_decayed"":18,""silent_loss_coins"":420.0,""silent_loss_units"":23,""dead_actions"":56,""move_dead"":0,""locked_dead"":0,""pickup_dead"":0,""drop_dead"":0,""place_dead"":3,""build_dead"":0,""dig_dead"":2,""fertilize_dead"":1,""collect_dead"":3,""care_dead"":25,""tile_cap_units"":26,""fertilizer_forgone"":20,""care_unfed"":108,""animal_shed_days"":1,""idle_tile_days"":230,""weed_tile_days"":9,""hand_pass_turns"":466,""farmer_pass_turns"":70,""phantom_hand_actions"":0,""sell_floor_units"":108,""hire_premium"":7273,""shed_units_now"":0,""shed_value_now"":0.0,""animals_in_shed_now"":0,""seeds_unplanted_now"":4,""seeds_unplanted_cost_now"":40.0}]}",{},
B2_buy10_sell5,B2_opening_candidate,qeinstein_moev2,qeinstein,2026092424,0,103612.0,87266.0,16346.0,W,kagsim,4.48146,0,0,0,0,0,0,0,0,a3c02042ab53d147ba47c5f5891af26826760afd3b09d2687671b905be7a52d6,"[{""step"":0,""shops"":[]},{""step"":72,""shops"":[""YARN_STORE""]},{""step"":144,""shops"":[""YARN_STORE"",""PIZZA_SHOP""]},{""step"":216,""shops"":[""YARN_STORE"",""PIZZA_SHOP"",""SMOOTHIE_SHOP""]},{""step"":288,""shops"":[""YARN_STORE"",""PIZZA_SHOP"",""SMOOTHIE_SHOP"",""FARMERS_MARKET""]},{""step"":360,""shops"":[""YARN_STORE"",""PIZZA_SHOP"",""SMOOTHIE_SHOP"",""FARMERS_MARKET"",""BRUNCH_SPOT""]},{""step"":432,""shops"":[""YARN_STORE"",""PIZZA_SHOP"",""SMOOTHIE_SHOP"",""FARMERS_MARKET"",""BRUNCH_SPOT"",""BRUNCH_SPOT""]},{""step"":504,""shops"":[""YARN_STORE"",""PIZZA_SHOP"",""SMOOTHIE_SHOP"",""FARMERS_MARKET"",""BRUNCH_SPOT"",""BRUNCH_SPOT"",""PET_CAFE""]},{""step"":576,""shops"":[""YARN_STORE"",""PIZZA_SHOP"",""SMOOTHIE_SHOP"",""FARMERS_MARKET"",""BRUNCH_SPOT"",""BRUNCH_SPOT"",""PET_CAFE"",""BAKERY""]}]",experiments/round10_public_learning_20260924/evaluations/opening_b2_confirmation/replays/B2_buy10_sell5/qeinstein_moev2/seed_2026092424_seat_0.json.gz,6a8a47e6978ccf1dc77c16cc5f8e1556d69ea757ef51a997f5f04e0dddc7aef3,c56f5f6211b522e069c55cf7f047e390ca3c134cb1e04d01d52fb6853c03613b,45fa89710e66327379fb27dfa3569b153abf8ead9f5f9be0da02dbe9e792105c,0fe077cc65622d6f6828160d90b617595a4aa7ea188e4afc67bfee8e4d290c92,"{""players"":[{""sell_dead_units"":161,""refused_buy_product"":0,""refused_buy_seed"":0,""refused_buy_animal"":0,""refused_hire"":0,""refused_buy_land"":0,""hire_paid"":5515,""sell_zero_fill"":14,""buy_zero_fill"":0,""sell_revenue"":130111.0,""total_spend"":29499.0,""shed_discarded_units"":15,""sold_units"":1547,""feed_no_wheat"":0,""feed_no_animal"":0,""feed_redundant"":0,""water_dead"":1,""harvest_dead"":4,""plant_dead"":0,""animals_escaped"":0,""escape_capital"":0.0,""escape_yield_units"":0,""escape_first_day"":-1,""animal_unfed_days"":49,""plants_dry"":1,""dry_seed_cost"":100.0,""dry_yield_units"":0,""dry_first_day"":21,""plant_unwatered_days"":385,""decay_units"":18,""plants_decayed"":18,""silent_loss_coins"":100.0,""silent_loss_units"":33,""dead_actions"":17,""move_dead"":0,""locked_dead"":0,""pickup_dead"":0,""drop_dead"":0,""place_dead"":1,""build_dead"":0,""dig_dead"":2,""fertilize_dead"":0,""collect_dead"":4,""care_dead"":5,""tile_cap_units"":9,""fertilizer_forgone"":14,""care_unfed"":45,""animal_shed_days"":0,""idle_tile_days"":62,""weed_tile_days"":1,""hand_pass_turns"":600,""farmer_pass_turns"":85,""phantom_hand_actions"":0,""sell_floor_units"":63,""hire_premium"":5234,""shed_units_now"":0,""shed_value_now"":0.0,""animals_in_shed_now"":0,""seeds_unplanted_now"":0,""seeds_unplanted_cost_now"":0.0},{""sell_dead_units"":32,""refused_buy_product"":45,""refused_buy_seed"":1,""refused_buy_animal"":0,""refused_hire"":0,""refused_buy_land"":0,""hire_paid"":9725,""sell_zero_fill"":0,""buy_zero_fill"":2,""sell_revenue"":120643.0,""total_spend"":36377.0,""shed_discarded_units"":0,""sold_units"":1471,""feed_no_wheat"":8,""feed_no_animal"":0,""feed_redundant"":3,""water_dead"":33,""harvest_dead"":28,""plant_dead"":2,""animals_escaped"":1,""escape_capital"":500.0,""escape_yield_units"":0,""escape_first_day"":28,""animal_unfed_days"":27,""plants_dry"":1,""dry_seed_cost"":10.0,""dry_yield_units"":1,""dry_first_day"":17,""plant_unwatered_days"":365,""decay_units"":32,""plants_decayed"":32,""silent_loss_coins"":510.0,""silent_loss_units"":33,""dead_actions"":90,""move_dead"":0,""locked_dead"":0,""pickup_dead"":2,""drop_dead"":0,""place_dead"":2,""build_dead"":0,""dig_dead"":3,""fertilize_dead"":8,""collect_dead"":0,""care_dead"":1,""tile_cap_units"":3,""fertilizer_forgone"":40,""care_unfed"":15,""animal_shed_days"":0,""idle_tile_days"":72,""weed_tile_days"":21,""hand_pass_turns"":981,""farmer_pass_turns"":69,""phantom_hand_actions"":0,""sell_floor_units"":122,""hire_premium"":9416,""shed_units_now"":1,""shed_value_now"":1.0,""animals_in_shed_now"":0,""seeds_unplanted_now"":6,""seeds_unplanted_cost_now"":440.0}]}",{},
B2_buy10_sell5,B2_opening_candidate,qeinstein_moev2,qeinstein,2026092424,1,103612.0,87266.0,16346.0,W,kagsim,4.692215,0,0,0,0,0,0,0,0,a3c02042ab53d147ba47c5f5891af26826760afd3b09d2687671b905be7a52d6,"[{""step"":0,""shops"":[]},{""step"":72,""shops"":[""YARN_STORE""]},{""step"":144,""shops"":[""YARN_STORE"",""PIZZA_SHOP""]},{""step"":216,""shops"":[""YARN_STORE"",""PIZZA_SHOP"",""SMOOTHIE_SHOP""]},{""step"":288,""shops"":[""YARN_STORE"",""PIZZA_SHOP"",""SMOOTHIE_SHOP"",""FARMERS_MARKET""]},{""step"":360,""shops"":[""YARN_STORE"",""PIZZA_SHOP"",""SMOOTHIE_SHOP"",""FARMERS_MARKET"",""BRUNCH_SPOT""]},{""step"":432,""shops"":[""YARN_STORE"",""PIZZA_SHOP"",""SMOOTHIE_SHOP"",""FARMERS_MARKET"",""BRUNCH_SPOT"",""BRUNCH_SPOT""]},{""step"":504,""shops"":[""YARN_STORE"",""PIZZA_SHOP"",""SMOOTHIE_SHOP"",""FARMERS_MARKET"",""BRUNCH_SPOT"",""BRUNCH_SPOT"",""PET_CAFE""]},{""step"":576,""shops"":[""YARN_STORE"",""PIZZA_SHOP"",""SMOOTHIE_SHOP"",""FARMERS_MARKET"",""BRUNCH_SPOT"",""BRUNCH_SPOT"",""PET_CAFE"",""BAKERY""]}]",experiments/round10_public_learning_20260924/evaluations/opening_b2_confirmation/replays/B2_buy10_sell5/qeinstein_moev2/seed_2026092424_seat_1.json.gz,dffc3ba80e5296e820613b2771cefc2511f4fd73f9904a33f395b6b08dd7d236,c56f5f6211b522e069c55cf7f047e390ca3c134cb1e04d01d52fb6853c03613b,45fa89710e66327379fb27dfa3569b153abf8ead9f5f9be0da02dbe9e792105c,0fe077cc65622d6f6828160d90b617595a4aa7ea188e4afc67bfee8e4d290c92,"{""players"":[{""sell_dead_units"":32,""refused_buy_product"":45,""refused_buy_seed"":1,""refused_buy_animal"":0,""refused_hire"":0,""refused_buy_land"":0,""hire_paid"":9725,""sell_zero_fill"":0,""buy_zero_fill"":2,""sell_revenue"":120643.0,""total_spend"":36377.0,""shed_discarded_units"":0,""sold_units"":1471,""feed_no_wheat"":8,""feed_no_animal"":0,""feed_redundant"":3,""water_dead"":33,""harvest_dead"":28,""plant_dead"":2,""animals_escaped"":1,""escape_capital"":500.0,""escape_yield_units"":0,""escape_first_day"":28,""animal_unfed_days"":27,""plants_dry"":1,""dry_seed_cost"":10.0,""dry_yield_units"":1,""dry_first_day"":17,""plant_unwatered_days"":365,""decay_units"":32,""plants_decayed"":32,""silent_loss_coins"":510.0,""silent_loss_units"":33,""dead_actions"":90,""move_dead"":0,""locked_dead"":0,""pickup_dead"":2,""drop_dead"":0,""place_dead"":2,""build_dead"":0,""dig_dead"":3,""fertilize_dead"":8,""collect_dead"":0,""care_dead"":1,""tile_cap_units"":3,""fertilizer_forgone"":40,""care_unfed"":15,""animal_shed_days"":0,""idle_tile_days"":72,""weed_tile_days"":21,""hand_pass_turns"":981,""farmer_pass_turns"":69,""phantom_hand_actions"":0,""sell_floor_units"":122,""hire_premium"":9416,""shed_units_now"":1,""shed_value_now"":1.0,""animals_in_shed_now"":0,""seeds_unplanted_now"":6,""seeds_unplanted_cost_now"":440.0},{""sell_dead_units"":161,""refused_buy_product"":0,""refused_buy_seed"":0,""refused_buy_animal"":0,""refused_hire"":0,""refused_buy_land"":0,""hire_paid"":5515,""sell_zero_fill"":14,""buy_zero_fill"":0,""sell_revenue"":130111.0,""total_spend"":29499.0,""shed_discarded_units"":15,""sold_units"":1547,""feed_no_wheat"":0,""feed_no_animal"":0,""feed_redundant"":0,""water_dead"":1,""harvest_dead"":4,""plant_dead"":0,""animals_escaped"":0,""escape_capital"":0.0,""escape_yield_units"":0,""escape_first_day"":-1,""animal_unfed_days"":49,""plants_dry"":1,""dry_seed_cost"":100.0,""dry_yield_units"":0,""dry_first_day"":21,""plant_unwatered_days"":385,""decay_units"":18,""plants_decayed"":18,""silent_loss_coins"":100.0,""silent_loss_units"":33,""dead_actions"":17,""move_dead"":0,""locked_dead"":0,""pickup_dead"":0,""drop_dead"":0,""place_dead"":1,""build_dead"":0,""dig_dead"":2,""fertilize_dead"":0,""collect_dead"":4,""care_dead"":5,""tile_cap_units"":9,""fertilizer_forgone"":14,""care_unfed"":45,""animal_shed_days"":0,""idle_tile_days"":62,""weed_tile_days"":1,""hand_pass_turns"":600,""farmer_pass_turns"":85,""phantom_hand_actions"":0,""sell_floor_units"":63,""hire_premium"":5234,""shed_units_now"":0,""shed_value_now"":0.0,""animals_in_shed_now"":0,""seeds_unplanted_now"":0,""seeds_unplanted_cost_now"":0.0}]}",{},
