candidate_id,group_id,opponent_id,opponent_family,seed,seat,created_step,actor_index,target_json,crop,features_json,feature_vector_json,contract_json,baseline_self_cash,baseline_opp_cash,baseline_margin,baseline_outcome,treatment_self_cash,treatment_opp_cash,treatment_margin,treatment_outcome,margin_delta,win_delta,prefix_match,prefix_sha256,baseline_prefix_sha256,tasks_started,tasks_completed,contract_failures,remaining_obligations_json,execution_established,diagnostics_json,baseline_replay,treatment_replay,treatment_replay_sha256,error
fertilize_then_water:s175:a0:x1y4,ahmed_v57:2026092413,ahmed_v57,ahmed_route,2026092413,0,175,0,"[1,4]",MELON,"{""crop_WHEAT"":0.0,""crop_CARROT"":0.0,""crop_TOMATO"":0.0,""crop_STRAWBERRY"":0.0,""crop_MELON"":1.0,""day_29"":0.2413793103448276,""hour_23"":0.30434782608695654,""crop_age_12"":0.5833333333333334,""yield_fraction"":0.3333333333333333,""consecutive_unwatered_2"":0.0,""fertilizer_carried_5"":0.2,""fertilizer_shed_20"":0.05,""own_money_10000"":0.0999,""cash_lead_10000"":-0.0202,""crop_price_300"":0.8966666666666666,""fertilizer_price_150"":0.58,""price_advantage_300"":0.6066666666666667,""unlocked_quadrants_4"":0.5,""actor_6"":0.0,""x_9"":0.1111111111111111,""y_9"":0.4444444444444444,""remaining_steps_720"":0.7555555555555555,""crop_market_inventory_delta_400"":-0.02,""fert_market_inventory_delta_400"":0.16,""unlocked_shops_4"":0.5}","[0.0,0.0,0.0,0.0,1.0,0.2413793103448276,0.30434782608695654,0.5833333333333334,0.3333333333333333,0.0,0.2,0.05,0.0999,-0.0202,0.8966666666666666,0.58,0.6066666666666667,0.5,0.0,0.1111111111111111,0.4444444444444444,0.7555555555555555,-0.02,0.16,0.5]","{""target_identity"":{""type"":""crop"",""coordinate"":[1,4],""resource"":""MELON"",""generation_or_placement_day"":0},""required_carried"":{""FERTILIZER"":1},""reserved_resources"":{""actor"":0,""FERTILIZER"":1,""target"":[1,4]},""start_condition"":""baseline WATER; production due; unfertilized; carried FERTILIZER; no harmful same-target predecessor"",""planned_actions"":[[""FERTILIZE""],[""WATER""]],""completion"":""fertilized_until_day >= day+2 and watered_today true on the same crop generation"",""failure"":""actor/target/day changed or either engine effect was not observed"",""recovery"":""return to freshly computed base action after checking the real remaining WATER obligation""}",98584.0,98588.0,-4.0,-1,77504.0,78396.0,-892.0,-1,-888.0,0,1,54f50c671dc9d182fbf09cb4dad5478fbe8041bcb7889019fd527bb327d028c4,54f50c671dc9d182fbf09cb4dad5478fbe8041bcb7889019fd527bb327d028c4,1,1,0,{},1,"{""mode"":""target"",""base_sha256"":""b6553c296c556aff5b5e2d12b75618e505fa4d852afb5338414ac6d6e039cb02"",""model_loaded"":false,""model_calls"":0,""model_selected_tasks"":0,""model_changed_final_actions"":0,""rule_overrides"":0,""task_candidates"":4,""tasks_started"":1,""tasks_completed"":1,""contract_failures"":0,""events"":[{""event"":""fertilize_committed"",""step"":175,""candidate_id"":""fertilize_then_water:s175:a0:x1y4"",""actor"":0,""target"":[1,4],""features"":{""crop_WHEAT"":0.0,""crop_CARROT"":0.0,""crop_TOMATO"":0.0,""crop_STRAWBERRY"":0.0,""crop_MELON"":1.0,""day_29"":0.2413793103448276,""hour_23"":0.30434782608695654,""crop_age_12"":0.5833333333333334,""yield_fraction"":0.3333333333333333,""consecutive_unwatered_2"":0.0,""fertilizer_carried_5"":0.2,""fertilizer_shed_20"":0.05,""own_money_10000"":0.0999,""cash_lead_10000"":-0.0202,""crop_price_300"":0.8966666666666666,""fertilizer_price_150"":0.58,""price_advantage_300"":0.6066666666666667,""unlocked_quadrants_4"":0.5,""actor_6"":0.0,""x_9"":0.1111111111111111,""y_9"":0.4444444444444444,""remaining_steps_720"":0.7555555555555555,""crop_market_inventory_delta_400"":-0.02,""fert_market_inventory_delta_400"":0.16,""unlocked_shops_4"":0.5},""probability"":null},{""event"":""water_committed"",""step"":176,""candidate_id"":""fertilize_then_water:s175:a0:x1y4"",""actor"":0},{""event"":""task_completed"",""step"":177,""candidate_id"":""fertilize_then_water:s175:a0:x1y4""}],""pending_obligations"":{}}",experiments/round10_public_learning_20260924/training/task_labels/replays/baseline/ahmed_v57/seed_2026092413_seat_0.json.gz,experiments/round10_public_learning_20260924/training/task_labels/replays/treatment/ahmed_v57/seed_2026092413_seat_0_fertilize_then_water_s175_a0_x1y4.json.gz,6d4855e9f74bbdcfd126bedb68c8e254b5fab6bfc8d4140a4e689cf08f00d47e,
fertilize_then_water:s498:a0:x8y1,ahmed_v57:2026092413,ahmed_v57,ahmed_route,2026092413,0,498,0,"[8,1]",STRAWBERRY,"{""crop_WHEAT"":0.0,""crop_CARROT"":0.0,""crop_TOMATO"":0.0,""crop_STRAWBERRY"":1.0,""crop_MELON"":0.0,""day_29"":0.6896551724137931,""hour_23"":0.782608695652174,""crop_age_12"":1.0833333333333333,""yield_fraction"":0.0,""consecutive_unwatered_2"":0.5,""fertilizer_carried_5"":0.4,""fertilizer_shed_20"":0.0,""own_money_10000"":5.8655,""cash_lead_10000"":-0.0197,""crop_price_300"":0.57,""fertilizer_price_150"":0.19333333333333333,""price_advantage_300"":0.47333333333333333,""unlocked_quadrants_4"":0.75,""actor_6"":0.0,""x_9"":0.8888888888888888,""y_9"":0.1111111111111111,""remaining_steps_720"":0.30694444444444446,""crop_market_inventory_delta_400"":-0.0925,""fert_market_inventory_delta_400"":0.89,""unlocked_shops_4"":1.5}","[0.0,0.0,0.0,1.0,0.0,0.6896551724137931,0.782608695652174,1.0833333333333333,0.0,0.5,0.4,0.0,5.8655,-0.0197,0.57,0.19333333333333333,0.47333333333333333,0.75,0.0,0.8888888888888888,0.1111111111111111,0.30694444444444446,-0.0925,0.89,1.5]","{""target_identity"":{""type"":""crop"",""coordinate"":[8,1],""resource"":""STRAWBERRY"",""generation_or_placement_day"":7},""required_carried"":{""FERTILIZER"":1},""reserved_resources"":{""actor"":0,""FERTILIZER"":1,""target"":[8,1]},""start_condition"":""baseline WATER; production due; unfertilized; carried FERTILIZER; no harmful same-target predecessor"",""planned_actions"":[[""FERTILIZE""],[""WATER""]],""completion"":""fertilized_until_day >= day+2 and watered_today true on the same crop generation"",""failure"":""actor/target/day changed or either engine effect was not observed"",""recovery"":""return to freshly computed base action after checking the real remaining WATER obligation""}",98584.0,98588.0,-4.0,-1,98179.0,98574.0,-395.0,-1,-391.0,0,1,7977b55b8d51f0a2b53026fc9eaac1e125c3be375493e856cfdcf29bb3cd304d,7977b55b8d51f0a2b53026fc9eaac1e125c3be375493e856cfdcf29bb3cd304d,1,1,0,{},1,"{""mode"":""target"",""base_sha256"":""b6553c296c556aff5b5e2d12b75618e505fa4d852afb5338414ac6d6e039cb02"",""model_loaded"":false,""model_calls"":0,""model_selected_tasks"":0,""model_changed_final_actions"":0,""rule_overrides"":0,""task_candidates"":9,""tasks_started"":1,""tasks_completed"":1,""contract_failures"":0,""events"":[{""event"":""fertilize_committed"",""step"":498,""candidate_id"":""fertilize_then_water:s498:a0:x8y1"",""actor"":0,""target"":[8,1],""features"":{""crop_WHEAT"":0.0,""crop_CARROT"":0.0,""crop_TOMATO"":0.0,""crop_STRAWBERRY"":1.0,""crop_MELON"":0.0,""day_29"":0.6896551724137931,""hour_23"":0.782608695652174,""crop_age_12"":1.0833333333333333,""yield_fraction"":0.0,""consecutive_unwatered_2"":0.5,""fertilizer_carried_5"":0.4,""fertilizer_shed_20"":0.0,""own_money_10000"":5.8655,""cash_lead_10000"":-0.0197,""crop_price_300"":0.57,""fertilizer_price_150"":0.19333333333333333,""price_advantage_300"":0.47333333333333333,""unlocked_quadrants_4"":0.75,""actor_6"":0.0,""x_9"":0.8888888888888888,""y_9"":0.1111111111111111,""remaining_steps_720"":0.30694444444444446,""crop_market_inventory_delta_400"":-0.0925,""fert_market_inventory_delta_400"":0.89,""unlocked_shops_4"":1.5},""probability"":null},{""event"":""water_committed"",""step"":499,""candidate_id"":""fertilize_then_water:s498:a0:x8y1"",""actor"":0},{""event"":""task_completed"",""step"":500,""candidate_id"":""fertilize_then_water:s498:a0:x8y1""}],""pending_obligations"":{}}",experiments/round10_public_learning_20260924/training/task_labels/replays/baseline/ahmed_v57/seed_2026092413_seat_0.json.gz,experiments/round10_public_learning_20260924/training/task_labels/replays/treatment/ahmed_v57/seed_2026092413_seat_0_fertilize_then_water_s498_a0_x8y1.json.gz,9e8879f2ea789c8012e700c4ba46e3783ff2a127ed2b5e0fa2a437ee40e4cc84,
fertilize_then_water:s500:a0:x8y0,ahmed_v57:2026092413,ahmed_v57,ahmed_route,2026092413,0,500,0,"[8,0]",WHEAT,"{""crop_WHEAT"":1.0,""crop_CARROT"":0.0,""crop_TOMATO"":0.0,""crop_STRAWBERRY"":0.0,""crop_MELON"":0.0,""day_29"":0.6896551724137931,""hour_23"":0.8695652173913043,""crop_age_12"":0.16666666666666666,""yield_fraction"":0.16666666666666666,""consecutive_unwatered_2"":0.5,""fertilizer_carried_5"":0.4,""fertilizer_shed_20"":0.0,""own_money_10000"":6.0277,""cash_lead_10000"":-0.0197,""crop_price_300"":0.12666666666666668,""fertilizer_price_150"":0.19333333333333333,""price_advantage_300"":0.03,""unlocked_quadrants_4"":0.75,""actor_6"":0.0,""x_9"":0.8888888888888888,""y_9"":0.0,""remaining_steps_720"":0.30416666666666664,""crop_market_inventory_delta_400"":-0.445,""fert_market_inventory_delta_400"":0.89,""unlocked_shops_4"":1.5}","[1.0,0.0,0.0,0.0,0.0,0.6896551724137931,0.8695652173913043,0.16666666666666666,0.16666666666666666,0.5,0.4,0.0,6.0277,-0.0197,0.12666666666666668,0.19333333333333333,0.03,0.75,0.0,0.8888888888888888,0.0,0.30416666666666664,-0.445,0.89,1.5]","{""target_identity"":{""type"":""crop"",""coordinate"":[8,0],""resource"":""WHEAT"",""generation_or_placement_day"":18},""required_carried"":{""FERTILIZER"":1},""reserved_resources"":{""actor"":0,""FERTILIZER"":1,""target"":[8,0]},""start_condition"":""baseline WATER; production due; unfertilized; carried FERTILIZER; no harmful same-target predecessor"",""planned_actions"":[[""FERTILIZE""],[""WATER""]],""completion"":""fertilized_until_day >= day+2 and watered_today true on the same crop generation"",""failure"":""actor/target/day changed or either engine effect was not observed"",""recovery"":""return to freshly computed base action after checking the real remaining WATER obligation""}",98584.0,98588.0,-4.0,-1,98495.0,98570.0,-75.0,-1,-71.0,0,1,fd769e9e7d654bbddc1119778d20094462dd7e67183c404fd6d255dfa56d267a,fd769e9e7d654bbddc1119778d20094462dd7e67183c404fd6d255dfa56d267a,1,1,0,{},1,"{""mode"":""target"",""base_sha256"":""b6553c296c556aff5b5e2d12b75618e505fa4d852afb5338414ac6d6e039cb02"",""model_loaded"":false,""model_calls"":0,""model_selected_tasks"":0,""model_changed_final_actions"":0,""rule_overrides"":0,""task_candidates"":10,""tasks_started"":1,""tasks_completed"":1,""contract_failures"":0,""events"":[{""event"":""fertilize_committed"",""step"":500,""candidate_id"":""fertilize_then_water:s500:a0:x8y0"",""actor"":0,""target"":[8,0],""features"":{""crop_WHEAT"":1.0,""crop_CARROT"":0.0,""crop_TOMATO"":0.0,""crop_STRAWBERRY"":0.0,""crop_MELON"":0.0,""day_29"":0.6896551724137931,""hour_23"":0.8695652173913043,""crop_age_12"":0.16666666666666666,""yield_fraction"":0.16666666666666666,""consecutive_unwatered_2"":0.5,""fertilizer_carried_5"":0.4,""fertilizer_shed_20"":0.0,""own_money_10000"":6.0277,""cash_lead_10000"":-0.0197,""crop_price_300"":0.12666666666666668,""fertilizer_price_150"":0.19333333333333333,""price_advantage_300"":0.03,""unlocked_quadrants_4"":0.75,""actor_6"":0.0,""x_9"":0.8888888888888888,""y_9"":0.0,""remaining_steps_720"":0.30416666666666664,""crop_market_inventory_delta_400"":-0.445,""fert_market_inventory_delta_400"":0.89,""unlocked_shops_4"":1.5},""probability"":null},{""event"":""water_committed"",""step"":501,""candidate_id"":""fertilize_then_water:s500:a0:x8y0"",""actor"":0},{""event"":""task_completed"",""step"":502,""candidate_id"":""fertilize_then_water:s500:a0:x8y0""}],""pending_obligations"":{}}",experiments/round10_public_learning_20260924/training/task_labels/replays/baseline/ahmed_v57/seed_2026092413_seat_0.json.gz,experiments/round10_public_learning_20260924/training/task_labels/replays/treatment/ahmed_v57/seed_2026092413_seat_0_fertilize_then_water_s500_a0_x8y0.json.gz,a3398defa13b206771f5e5382a05201bf989796ff876f5f44ef34784e310d31b,
fertilize_then_water:s177:a0:x0y4,ahmed_v57:2026092413,ahmed_v57,ahmed_route,2026092413,1,177,0,"[0,4]",MELON,"{""crop_WHEAT"":0.0,""crop_CARROT"":0.0,""crop_TOMATO"":0.0,""crop_STRAWBERRY"":0.0,""crop_MELON"":1.0,""day_29"":0.2413793103448276,""hour_23"":0.391304347826087,""crop_age_12"":0.5833333333333334,""yield_fraction"":0.3333333333333333,""consecutive_unwatered_2"":0.0,""fertilizer_carried_5"":0.2,""fertilizer_shed_20"":0.05,""own_money_10000"":0.1259,""cash_lead_10000"":-0.0202,""crop_price_300"":0.8966666666666666,""fertilizer_price_150"":0.5733333333333334,""price_advantage_300"":0.61,""unlocked_quadrants_4"":0.5,""actor_6"":0.0,""x_9"":0.0,""y_9"":0.4444444444444444,""remaining_steps_720"":0.7527777777777778,""crop_market_inventory_delta_400"":-0.02,""fert_market_inventory_delta_400"":0.175,""unlocked_shops_4"":0.5}","[0.0,0.0,0.0,0.0,1.0,0.2413793103448276,0.391304347826087,0.5833333333333334,0.3333333333333333,0.0,0.2,0.05,0.1259,-0.0202,0.8966666666666666,0.5733333333333334,0.61,0.5,0.0,0.0,0.4444444444444444,0.7527777777777778,-0.02,0.175,0.5]","{""target_identity"":{""type"":""crop"",""coordinate"":[0,4],""resource"":""MELON"",""generation_or_placement_day"":0},""required_carried"":{""FERTILIZER"":1},""reserved_resources"":{""actor"":0,""FERTILIZER"":1,""target"":[0,4]},""start_condition"":""baseline WATER; production due; unfertilized; carried FERTILIZER; no harmful same-target predecessor"",""planned_actions"":[[""FERTILIZE""],[""WATER""]],""completion"":""fertilized_until_day >= day+2 and watered_today true on the same crop generation"",""failure"":""actor/target/day changed or either engine effect was not observed"",""recovery"":""return to freshly computed base action after checking the real remaining WATER obligation""}",98584.0,98588.0,-4.0,-1,98504.0,98922.0,-418.0,-1,-414.0,0,1,97fd9825c39d86d71314cc2ab88e16f3aecac840d84b211b65710e4adb3d287e,97fd9825c39d86d71314cc2ab88e16f3aecac840d84b211b65710e4adb3d287e,1,1,0,{},1,"{""mode"":""target"",""base_sha256"":""b6553c296c556aff5b5e2d12b75618e505fa4d852afb5338414ac6d6e039cb02"",""model_loaded"":false,""model_calls"":0,""model_selected_tasks"":0,""model_changed_final_actions"":0,""rule_overrides"":0,""task_candidates"":5,""tasks_started"":1,""tasks_completed"":1,""contract_failures"":0,""events"":[{""event"":""fertilize_committed"",""step"":177,""candidate_id"":""fertilize_then_water:s177:a0:x0y4"",""actor"":0,""target"":[0,4],""features"":{""crop_WHEAT"":0.0,""crop_CARROT"":0.0,""crop_TOMATO"":0.0,""crop_STRAWBERRY"":0.0,""crop_MELON"":1.0,""day_29"":0.2413793103448276,""hour_23"":0.391304347826087,""crop_age_12"":0.5833333333333334,""yield_fraction"":0.3333333333333333,""consecutive_unwatered_2"":0.0,""fertilizer_carried_5"":0.2,""fertilizer_shed_20"":0.05,""own_money_10000"":0.1259,""cash_lead_10000"":-0.0202,""crop_price_300"":0.8966666666666666,""fertilizer_price_150"":0.5733333333333334,""price_advantage_300"":0.61,""unlocked_quadrants_4"":0.5,""actor_6"":0.0,""x_9"":0.0,""y_9"":0.4444444444444444,""remaining_steps_720"":0.7527777777777778,""crop_market_inventory_delta_400"":-0.02,""fert_market_inventory_delta_400"":0.175,""unlocked_shops_4"":0.5},""probability"":null},{""event"":""water_committed"",""step"":178,""candidate_id"":""fertilize_then_water:s177:a0:x0y4"",""actor"":0},{""event"":""task_completed"",""step"":179,""candidate_id"":""fertilize_then_water:s177:a0:x0y4""}],""pending_obligations"":{}}",experiments/round10_public_learning_20260924/training/task_labels/replays/baseline/ahmed_v57/seed_2026092413_seat_1.json.gz,experiments/round10_public_learning_20260924/training/task_labels/replays/treatment/ahmed_v57/seed_2026092413_seat_1_fertilize_then_water_s177_a0_x0y4.json.gz,f4302265161e4d9073d98cb7afe50398ca93dedb2c7e0af67dcaad134d26719c,
fertilize_then_water:s542:a3:x9y3,ahmed_v57:2026092413,ahmed_v57,ahmed_route,2026092413,1,542,3,"[9,3]",STRAWBERRY,"{""crop_WHEAT"":0.0,""crop_CARROT"":0.0,""crop_TOMATO"":0.0,""crop_STRAWBERRY"":1.0,""crop_MELON"":0.0,""day_29"":0.7586206896551724,""hour_23"":0.6086956521739131,""crop_age_12"":1.25,""yield_fraction"":0.0,""consecutive_unwatered_2"":0.5,""fertilizer_carried_5"":0.4,""fertilizer_shed_20"":0.0,""own_money_10000"":6.8564,""cash_lead_10000"":0.0241,""crop_price_300"":0.15,""fertilizer_price_150"":0.12,""price_advantage_300"":0.09,""unlocked_quadrants_4"":0.75,""actor_6"":0.5,""x_9"":1.0,""y_9"":0.3333333333333333,""remaining_steps_720"":0.24583333333333332,""crop_market_inventory_delta_400"":0.0975,""fert_market_inventory_delta_400"":1.0225,""unlocked_shops_4"":1.75}","[0.0,0.0,0.0,1.0,0.0,0.7586206896551724,0.6086956521739131,1.25,0.0,0.5,0.4,0.0,6.8564,0.0241,0.15,0.12,0.09,0.75,0.5,1.0,0.3333333333333333,0.24583333333333332,0.0975,1.0225,1.75]","{""target_identity"":{""type"":""crop"",""coordinate"":[9,3],""resource"":""STRAWBERRY"",""generation_or_placement_day"":7},""required_carried"":{""FERTILIZER"":1},""reserved_resources"":{""actor"":3,""FERTILIZER"":1,""target"":[9,3]},""start_condition"":""baseline WATER; production due; unfertilized; carried FERTILIZER; no harmful same-target predecessor"",""planned_actions"":[[""FERTILIZE""],[""WATER""]],""completion"":""fertilized_until_day >= day+2 and watered_today true on the same crop generation"",""failure"":""actor/target/day changed or either engine effect was not observed"",""recovery"":""return to freshly computed base action after checking the real remaining WATER obligation""}",98584.0,98588.0,-4.0,-1,98410.0,98575.0,-165.0,-1,-161.0,0,1,169b30b68835ba6337013ef22547a265c83082600124198b68fb819f3159f50a,169b30b68835ba6337013ef22547a265c83082600124198b68fb819f3159f50a,1,1,0,{},1,"{""mode"":""target"",""base_sha256"":""b6553c296c556aff5b5e2d12b75618e505fa4d852afb5338414ac6d6e039cb02"",""model_loaded"":false,""model_calls"":0,""model_selected_tasks"":0,""model_changed_final_actions"":0,""rule_overrides"":0,""task_candidates"":11,""tasks_started"":1,""tasks_completed"":1,""contract_failures"":0,""events"":[{""event"":""fertilize_committed"",""step"":542,""candidate_id"":""fertilize_then_water:s542:a3:x9y3"",""actor"":3,""target"":[9,3],""features"":{""crop_WHEAT"":0.0,""crop_CARROT"":0.0,""crop_TOMATO"":0.0,""crop_STRAWBERRY"":1.0,""crop_MELON"":0.0,""day_29"":0.7586206896551724,""hour_23"":0.6086956521739131,""crop_age_12"":1.25,""yield_fraction"":0.0,""consecutive_unwatered_2"":0.5,""fertilizer_carried_5"":0.4,""fertilizer_shed_20"":0.0,""own_money_10000"":6.8564,""cash_lead_10000"":0.0241,""crop_price_300"":0.15,""fertilizer_price_150"":0.12,""price_advantage_300"":0.09,""unlocked_quadrants_4"":0.75,""actor_6"":0.5,""x_9"":1.0,""y_9"":0.3333333333333333,""remaining_steps_720"":0.24583333333333332,""crop_market_inventory_delta_400"":0.0975,""fert_market_inventory_delta_400"":1.0225,""unlocked_shops_4"":1.75},""probability"":null},{""event"":""water_committed"",""step"":543,""candidate_id"":""fertilize_then_water:s542:a3:x9y3"",""actor"":3},{""event"":""task_completed"",""step"":544,""candidate_id"":""fertilize_then_water:s542:a3:x9y3""}],""pending_obligations"":{}}",experiments/round10_public_learning_20260924/training/task_labels/replays/baseline/ahmed_v57/seed_2026092413_seat_1.json.gz,experiments/round10_public_learning_20260924/training/task_labels/replays/treatment/ahmed_v57/seed_2026092413_seat_1_fertilize_then_water_s542_a3_x9y3.json.gz,663e8f04495efe710f9076c6587bb0c45a2c75fee46ab3d4813baee7a6130bb5,
fertilize_then_water:s618:a6:x9y1,ahmed_v57:2026092413,ahmed_v57,ahmed_route,2026092413,1,618,6,"[9,1]",WHEAT,"{""crop_WHEAT"":1.0,""crop_CARROT"":0.0,""crop_TOMATO"":0.0,""crop_STRAWBERRY"":0.0,""crop_MELON"":0.0,""day_29"":0.8620689655172413,""hour_23"":0.782608695652174,""crop_age_12"":0.16666666666666666,""yield_fraction"":0.16666666666666666,""consecutive_unwatered_2"":0.5,""fertilizer_carried_5"":0.4,""fertilizer_shed_20"":0.3,""own_money_10000"":7.547,""cash_lead_10000"":-0.0575,""crop_price_300"":0.13666666666666666,""fertilizer_price_150"":0.07333333333333333,""price_advantage_300"":0.1,""unlocked_quadrants_4"":0.75,""actor_6"":1.0,""x_9"":1.0,""y_9"":0.1111111111111111,""remaining_steps_720"":0.14027777777777778,""crop_market_inventory_delta_400"":-0.62,""fert_market_inventory_delta_400"":1.1075,""unlocked_shops_4"":2.0}","[1.0,0.0,0.0,0.0,0.0,0.8620689655172413,0.782608695652174,0.16666666666666666,0.16666666666666666,0.5,0.4,0.3,7.547,-0.0575,0.13666666666666666,0.07333333333333333,0.1,0.75,1.0,1.0,0.1111111111111111,0.14027777777777778,-0.62,1.1075,2.0]","{""target_identity"":{""type"":""crop"",""coordinate"":[9,1],""resource"":""WHEAT"",""generation_or_placement_day"":23},""required_carried"":{""FERTILIZER"":1},""reserved_resources"":{""actor"":6,""FERTILIZER"":1,""target"":[9,1]},""start_condition"":""baseline WATER; production due; unfertilized; carried FERTILIZER; no harmful same-target predecessor"",""planned_actions"":[[""FERTILIZE""],[""WATER""]],""completion"":""fertilized_until_day >= day+2 and watered_today true on the same crop generation"",""failure"":""actor/target/day changed or either engine effect was not observed"",""recovery"":""return to freshly computed base action after checking the real remaining WATER obligation""}",98584.0,98588.0,-4.0,-1,98285.0,98623.0,-338.0,-1,-334.0,0,1,5b516699351e31b3450d9e0d5937e52a22f00bdaaf6fc327cd3537f34dd9d35c,5b516699351e31b3450d9e0d5937e52a22f00bdaaf6fc327cd3537f34dd9d35c,1,1,0,{},1,"{""mode"":""target"",""base_sha256"":""b6553c296c556aff5b5e2d12b75618e505fa4d852afb5338414ac6d6e039cb02"",""model_loaded"":false,""model_calls"":0,""model_selected_tasks"":0,""model_changed_final_actions"":0,""rule_overrides"":0,""task_candidates"":13,""tasks_started"":1,""tasks_completed"":1,""contract_failures"":0,""events"":[{""event"":""fertilize_committed"",""step"":618,""candidate_id"":""fertilize_then_water:s618:a6:x9y1"",""actor"":6,""target"":[9,1],""features"":{""crop_WHEAT"":1.0,""crop_CARROT"":0.0,""crop_TOMATO"":0.0,""crop_STRAWBERRY"":0.0,""crop_MELON"":0.0,""day_29"":0.8620689655172413,""hour_23"":0.782608695652174,""crop_age_12"":0.16666666666666666,""yield_fraction"":0.16666666666666666,""consecutive_unwatered_2"":0.5,""fertilizer_carried_5"":0.4,""fertilizer_shed_20"":0.3,""own_money_10000"":7.547,""cash_lead_10000"":-0.0575,""crop_price_300"":0.13666666666666666,""fertilizer_price_150"":0.07333333333333333,""price_advantage_300"":0.1,""unlocked_quadrants_4"":0.75,""actor_6"":1.0,""x_9"":1.0,""y_9"":0.1111111111111111,""remaining_steps_720"":0.14027777777777778,""crop_market_inventory_delta_400"":-0.62,""fert_market_inventory_delta_400"":1.1075,""unlocked_shops_4"":2.0},""probability"":null},{""event"":""water_committed"",""step"":619,""candidate_id"":""fertilize_then_water:s618:a6:x9y1"",""actor"":6},{""event"":""task_completed"",""step"":620,""candidate_id"":""fertilize_then_water:s618:a6:x9y1""}],""pending_obligations"":{}}",experiments/round10_public_learning_20260924/training/task_labels/replays/baseline/ahmed_v57/seed_2026092413_seat_1.json.gz,experiments/round10_public_learning_20260924/training/task_labels/replays/treatment/ahmed_v57/seed_2026092413_seat_1_fertilize_then_water_s618_a6_x9y1.json.gz,6cbed94b80fb1d7701e50775a5d65c47239b51aebe4ff826bbf953e9e4c15e07,
fertilize_then_water:s229:a8:x3y2,ahmed_v57:2026092414,ahmed_v57,ahmed_route,2026092414,0,229,8,"[3,2]",MELON,"{""crop_WHEAT"":0.0,""crop_CARROT"":0.0,""crop_TOMATO"":0.0,""crop_STRAWBERRY"":0.0,""crop_MELON"":1.0,""day_29"":0.3103448275862069,""hour_23"":0.5652173913043478,""crop_age_12"":0.75,""yield_fraction"":0.6666666666666666,""consecutive_unwatered_2"":0.0,""fertilizer_carried_5"":0.4,""fertilizer_shed_20"":0.0,""own_money_10000"":0.2253,""cash_lead_10000"":0.0008,""crop_price_300"":0.9033333333333333,""fertilizer_price_150"":0.5266666666666666,""price_advantage_300"":0.64,""unlocked_quadrants_4"":0.5,""actor_6"":1.3333333333333333,""x_9"":0.3333333333333333,""y_9"":0.2222222222222222,""remaining_steps_720"":0.6805555555555556,""crop_market_inventory_delta_400"":-0.025,""fert_market_inventory_delta_400"":0.265,""unlocked_shops_4"":0.75}","[0.0,0.0,0.0,0.0,1.0,0.3103448275862069,0.5652173913043478,0.75,0.6666666666666666,0.0,0.4,0.0,0.2253,0.0008,0.9033333333333333,0.5266666666666666,0.64,0.5,1.3333333333333333,0.3333333333333333,0.2222222222222222,0.6805555555555556,-0.025,0.265,0.75]","{""target_identity"":{""type"":""crop"",""coordinate"":[3,2],""resource"":""MELON"",""generation_or_placement_day"":0},""required_carried"":{""FERTILIZER"":1},""reserved_resources"":{""actor"":8,""FERTILIZER"":1,""target"":[3,2]},""start_condition"":""baseline WATER; production due; unfertilized; carried FERTILIZER; no harmful same-target predecessor"",""planned_actions"":[[""FERTILIZE""],[""WATER""]],""completion"":""fertilized_until_day >= day+2 and watered_today true on the same crop generation"",""failure"":""actor/target/day changed or either engine effect was not observed"",""recovery"":""return to freshly computed base action after checking the real remaining WATER obligation""}",90804.0,90615.0,189.0,1,90461.0,90839.0,-378.0,-1,-567.0,-2,1,db0d98bd9df51e94f50ea04d84e9b6e80fea96a735699ec36200c374dd4354f2,db0d98bd9df51e94f50ea04d84e9b6e80fea96a735699ec36200c374dd4354f2,1,1,0,{},1,"{""mode"":""target"",""base_sha256"":""b6553c296c556aff5b5e2d12b75618e505fa4d852afb5338414ac6d6e039cb02"",""model_loaded"":false,""model_calls"":0,""model_selected_tasks"":0,""model_changed_final_actions"":0,""rule_overrides"":0,""task_candidates"":11,""tasks_started"":1,""tasks_completed"":1,""contract_failures"":0,""events"":[{""event"":""fertilize_committed"",""step"":229,""candidate_id"":""fertilize_then_water:s229:a8:x3y2"",""actor"":8,""target"":[3,2],""features"":{""crop_WHEAT"":0.0,""crop_CARROT"":0.0,""crop_TOMATO"":0.0,""crop_STRAWBERRY"":0.0,""crop_MELON"":1.0,""day_29"":0.3103448275862069,""hour_23"":0.5652173913043478,""crop_age_12"":0.75,""yield_fraction"":0.6666666666666666,""consecutive_unwatered_2"":0.0,""fertilizer_carried_5"":0.4,""fertilizer_shed_20"":0.0,""own_money_10000"":0.2253,""cash_lead_10000"":0.0008,""crop_price_300"":0.9033333333333333,""fertilizer_price_150"":0.5266666666666666,""price_advantage_300"":0.64,""unlocked_quadrants_4"":0.5,""actor_6"":1.3333333333333333,""x_9"":0.3333333333333333,""y_9"":0.2222222222222222,""remaining_steps_720"":0.6805555555555556,""crop_market_inventory_delta_400"":-0.025,""fert_market_inventory_delta_400"":0.265,""unlocked_shops_4"":0.75},""probability"":null},{""event"":""water_committed"",""step"":230,""candidate_id"":""fertilize_then_water:s229:a8:x3y2"",""actor"":8},{""event"":""task_completed"",""step"":231,""candidate_id"":""fertilize_then_water:s229:a8:x3y2""}],""pending_obligations"":{}}",experiments/round10_public_learning_20260924/training/task_labels/replays/baseline/ahmed_v57/seed_2026092414_seat_0.json.gz,experiments/round10_public_learning_20260924/training/task_labels/replays/treatment/ahmed_v57/seed_2026092414_seat_0_fertilize_then_water_s229_a8_x3y2.json.gz,03fdf3e9e9ced726c9ccd9ceaf2ba9288a71c1c1698785574615da011cc442e8,
fertilize_then_water:s500:a0:x3y0,ahmed_v57:2026092414,ahmed_v57,ahmed_route,2026092414,0,500,0,"[3,0]",WHEAT,"{""crop_WHEAT"":1.0,""crop_CARROT"":0.0,""crop_TOMATO"":0.0,""crop_STRAWBERRY"":0.0,""crop_MELON"":0.0,""day_29"":0.6896551724137931,""hour_23"":0.8695652173913043,""crop_age_12"":0.3333333333333333,""yield_fraction"":0.5,""consecutive_unwatered_2"":0.0,""fertilizer_carried_5"":0.4,""fertilizer_shed_20"":0.0,""own_money_10000"":6.2839,""cash_lead_10000"":0.0036,""crop_price_300"":0.13666666666666666,""fertilizer_price_150"":0.2,""price_advantage_300"":0.03666666666666667,""unlocked_quadrants_4"":0.75,""actor_6"":0.0,""x_9"":0.3333333333333333,""y_9"":0.0,""remaining_steps_720"":0.30416666666666664,""crop_market_inventory_delta_400"":-0.6125,""fert_market_inventory_delta_400"":0.87,""unlocked_shops_4"":1.5}","[1.0,0.0,0.0,0.0,0.0,0.6896551724137931,0.8695652173913043,0.3333333333333333,0.5,0.0,0.4,0.0,6.2839,0.0036,0.13666666666666666,0.2,0.03666666666666667,0.75,0.0,0.3333333333333333,0.0,0.30416666666666664,-0.6125,0.87,1.5]","{""target_identity"":{""type"":""crop"",""coordinate"":[3,0],""resource"":""WHEAT"",""generation_or_placement_day"":16},""required_carried"":{""FERTILIZER"":1},""reserved_resources"":{""actor"":0,""FERTILIZER"":1,""target"":[3,0]},""start_condition"":""baseline WATER; production due; unfertilized; carried FERTILIZER; no harmful same-target predecessor"",""planned_actions"":[[""FERTILIZE""],[""WATER""]],""completion"":""fertilized_until_day >= day+2 and watered_today true on the same crop generation"",""failure"":""actor/target/day changed or either engine effect was not observed"",""recovery"":""return to freshly computed base action after checking the real remaining WATER obligation""}",90804.0,90615.0,189.0,1,89224.0,88853.0,371.0,1,182.0,0,1,fa81773651912a167c7f05c2d719f527544a6b964ddeed3fcb22c228011a6342,fa81773651912a167c7f05c2d719f527544a6b964ddeed3fcb22c228011a6342,1,1,0,{},1,"{""mode"":""target"",""base_sha256"":""b6553c296c556aff5b5e2d12b75618e505fa4d852afb5338414ac6d6e039cb02"",""model_loaded"":false,""model_calls"":0,""model_selected_tasks"":0,""model_changed_final_actions"":0,""rule_overrides"":0,""task_candidates"":42,""tasks_started"":1,""tasks_completed"":1,""contract_failures"":0,""events"":[{""event"":""fertilize_committed"",""step"":500,""candidate_id"":""fertilize_then_water:s500:a0:x3y0"",""actor"":0,""target"":[3,0],""features"":{""crop_WHEAT"":1.0,""crop_CARROT"":0.0,""crop_TOMATO"":0.0,""crop_STRAWBERRY"":0.0,""crop_MELON"":0.0,""day_29"":0.6896551724137931,""hour_23"":0.8695652173913043,""crop_age_12"":0.3333333333333333,""yield_fraction"":0.5,""consecutive_unwatered_2"":0.0,""fertilizer_carried_5"":0.4,""fertilizer_shed_20"":0.0,""own_money_10000"":6.2839,""cash_lead_10000"":0.0036,""crop_price_300"":0.13666666666666666,""fertilizer_price_150"":0.2,""price_advantage_300"":0.03666666666666667,""unlocked_quadrants_4"":0.75,""actor_6"":0.0,""x_9"":0.3333333333333333,""y_9"":0.0,""remaining_steps_720"":0.30416666666666664,""crop_market_inventory_delta_400"":-0.6125,""fert_market_inventory_delta_400"":0.87,""unlocked_shops_4"":1.5},""probability"":null},{""event"":""water_committed"",""step"":501,""candidate_id"":""fertilize_then_water:s500:a0:x3y0"",""actor"":0},{""event"":""task_completed"",""step"":502,""candidate_id"":""fertilize_then_water:s500:a0:x3y0""}],""pending_obligations"":{}}",experiments/round10_public_learning_20260924/training/task_labels/replays/baseline/ahmed_v57/seed_2026092414_seat_0.json.gz,experiments/round10_public_learning_20260924/training/task_labels/replays/treatment/ahmed_v57/seed_2026092414_seat_0_fertilize_then_water_s500_a0_x3y0.json.gz,95fc1a0eb5b49327c51afaaacf0b1500efdf2e0d226ded9773a98ac6a367e575,
fertilize_then_water:s545:a7:x9y2,ahmed_v57:2026092414,ahmed_v57,ahmed_route,2026092414,0,545,7,"[9,2]",STRAWBERRY,"{""crop_WHEAT"":0.0,""crop_CARROT"":0.0,""crop_TOMATO"":0.0,""crop_STRAWBERRY"":1.0,""crop_MELON"":0.0,""day_29"":0.7586206896551724,""hour_23"":0.7391304347826086,""crop_age_12"":1.25,""yield_fraction"":0.0,""consecutive_unwatered_2"":0.5,""fertilizer_carried_5"":0.2,""fertilizer_shed_20"":0.05,""own_money_10000"":7.1565,""cash_lead_10000"":0.1139,""crop_price_300"":0.06,""fertilizer_price_150"":0.14666666666666667,""price_advantage_300"":-0.013333333333333334,""unlocked_quadrants_4"":0.75,""actor_6"":1.1666666666666667,""x_9"":1.0,""y_9"":0.2222222222222222,""remaining_steps_720"":0.24166666666666667,""crop_market_inventory_delta_400"":0.1325,""fert_market_inventory_delta_400"":0.975,""unlocked_shops_4"":1.75}","[0.0,0.0,0.0,1.0,0.0,0.7586206896551724,0.7391304347826086,1.25,0.0,0.5,0.2,0.05,7.1565,0.1139,0.06,0.14666666666666667,-0.013333333333333334,0.75,1.1666666666666667,1.0,0.2222222222222222,0.24166666666666667,0.1325,0.975,1.75]","{""target_identity"":{""type"":""crop"",""coordinate"":[9,2],""resource"":""STRAWBERRY"",""generation_or_placement_day"":7},""required_carried"":{""FERTILIZER"":1},""reserved_resources"":{""actor"":7,""FERTILIZER"":1,""target"":[9,2]},""start_condition"":""baseline WATER; production due; unfertilized; carried FERTILIZER; no harmful same-target predecessor"",""planned_actions"":[[""FERTILIZE""],[""WATER""]],""completion"":""fertilized_until_day >= day+2 and watered_today true on the same crop generation"",""failure"":""actor/target/day changed or either engine effect was not observed"",""recovery"":""return to freshly computed base action after checking the real remaining WATER obligation""}",90804.0,90615.0,189.0,1,89183.0,88716.0,467.0,1,278.0,0,1,dcc6b904db7b62b7c8a0da5475b92ea223daa8339ca42f9a94a048d94d88c7db,dcc6b904db7b62b7c8a0da5475b92ea223daa8339ca42f9a94a048d94d88c7db,1,1,0,{},1,"{""mode"":""target"",""base_sha256"":""b6553c296c556aff5b5e2d12b75618e505fa4d852afb5338414ac6d6e039cb02"",""model_loaded"":false,""model_calls"":0,""model_selected_tasks"":0,""model_changed_final_actions"":0,""rule_overrides"":0,""task_candidates"":44,""tasks_started"":1,""tasks_completed"":1,""contract_failures"":0,""events"":[{""event"":""fertilize_committed"",""step"":545,""candidate_id"":""fertilize_then_water:s545:a7:x9y2"",""actor"":7,""target"":[9,2],""features"":{""crop_WHEAT"":0.0,""crop_CARROT"":0.0,""crop_TOMATO"":0.0,""crop_STRAWBERRY"":1.0,""crop_MELON"":0.0,""day_29"":0.7586206896551724,""hour_23"":0.7391304347826086,""crop_age_12"":1.25,""yield_fraction"":0.0,""consecutive_unwatered_2"":0.5,""fertilizer_carried_5"":0.2,""fertilizer_shed_20"":0.05,""own_money_10000"":7.1565,""cash_lead_10000"":0.1139,""crop_price_300"":0.06,""fertilizer_price_150"":0.14666666666666667,""price_advantage_300"":-0.013333333333333334,""unlocked_quadrants_4"":0.75,""actor_6"":1.1666666666666667,""x_9"":1.0,""y_9"":0.2222222222222222,""remaining_steps_720"":0.24166666666666667,""crop_market_inventory_delta_400"":0.1325,""fert_market_inventory_delta_400"":0.975,""unlocked_shops_4"":1.75},""probability"":null},{""event"":""water_committed"",""step"":546,""candidate_id"":""fertilize_then_water:s545:a7:x9y2"",""actor"":7},{""event"":""task_completed"",""step"":547,""candidate_id"":""fertilize_then_water:s545:a7:x9y2""}],""pending_obligations"":{}}",experiments/round10_public_learning_20260924/training/task_labels/replays/baseline/ahmed_v57/seed_2026092414_seat_0.json.gz,experiments/round10_public_learning_20260924/training/task_labels/replays/treatment/ahmed_v57/seed_2026092414_seat_0_fertilize_then_water_s545_a7_x9y2.json.gz,c8fd7190b757b9a4ee929f4ba8c0c2498b1d3dcb91406d9f94008bd10e232275,
fertilize_then_water:s165:a3:x3y0,ahmed_v57:2026092414,ahmed_v57,ahmed_route,2026092414,1,165,3,"[3,0]",MELON,"{""crop_WHEAT"":0.0,""crop_CARROT"":0.0,""crop_TOMATO"":0.0,""crop_STRAWBERRY"":0.0,""crop_MELON"":1.0,""day_29"":0.20689655172413793,""hour_23"":0.9130434782608695,""crop_age_12"":0.5,""yield_fraction"":0.16666666666666666,""consecutive_unwatered_2"":0.0,""fertilizer_carried_5"":0.2,""fertilizer_shed_20"":0.0,""own_money_10000"":0.0953,""cash_lead_10000"":0.0008,""crop_price_300"":0.8933333333333333,""fertilizer_price_150"":0.5866666666666667,""price_advantage_300"":0.6,""unlocked_quadrants_4"":0.5,""actor_6"":0.5,""x_9"":0.3333333333333333,""y_9"":0.0,""remaining_steps_720"":0.7694444444444445,""crop_market_inventory_delta_400"":-0.0175,""fert_market_inventory_delta_400"":0.15,""unlocked_shops_4"":0.5}","[0.0,0.0,0.0,0.0,1.0,0.20689655172413793,0.9130434782608695,0.5,0.16666666666666666,0.0,0.2,0.0,0.0953,0.0008,0.8933333333333333,0.5866666666666667,0.6,0.5,0.5,0.3333333333333333,0.0,0.7694444444444445,-0.0175,0.15,0.5]","{""target_identity"":{""type"":""crop"",""coordinate"":[3,0],""resource"":""MELON"",""generation_or_placement_day"":0},""required_carried"":{""FERTILIZER"":1},""reserved_resources"":{""actor"":3,""FERTILIZER"":1,""target"":[3,0]},""start_condition"":""baseline WATER; production due; unfertilized; carried FERTILIZER; no harmful same-target predecessor"",""planned_actions"":[[""FERTILIZE""],[""WATER""]],""completion"":""fertilized_until_day >= day+2 and watered_today true on the same crop generation"",""failure"":""actor/target/day changed or either engine effect was not observed"",""recovery"":""return to freshly computed base action after checking the real remaining WATER obligation""}",90804.0,90615.0,189.0,1,90528.0,90623.0,-95.0,-1,-284.0,-2,1,d95dec468bf5a7457d732520791cf2f658043663c2b469f5242720c18bb04b9e,d95dec468bf5a7457d732520791cf2f658043663c2b469f5242720c18bb04b9e,1,1,0,{},1,"{""mode"":""target"",""base_sha256"":""b6553c296c556aff5b5e2d12b75618e505fa4d852afb5338414ac6d6e039cb02"",""model_loaded"":false,""model_calls"":0,""model_selected_tasks"":0,""model_changed_final_actions"":0,""rule_overrides"":0,""task_candidates"":6,""tasks_started"":1,""tasks_completed"":1,""contract_failures"":0,""events"":[{""event"":""fertilize_committed"",""step"":165,""candidate_id"":""fertilize_then_water:s165:a3:x3y0"",""actor"":3,""target"":[3,0],""features"":{""crop_WHEAT"":0.0,""crop_CARROT"":0.0,""crop_TOMATO"":0.0,""crop_STRAWBERRY"":0.0,""crop_MELON"":1.0,""day_29"":0.20689655172413793,""hour_23"":0.9130434782608695,""crop_age_12"":0.5,""yield_fraction"":0.16666666666666666,""consecutive_unwatered_2"":0.0,""fertilizer_carried_5"":0.2,""fertilizer_shed_20"":0.0,""own_money_10000"":0.0953,""cash_lead_10000"":0.0008,""crop_price_300"":0.8933333333333333,""fertilizer_price_150"":0.5866666666666667,""price_advantage_300"":0.6,""unlocked_quadrants_4"":0.5,""actor_6"":0.5,""x_9"":0.3333333333333333,""y_9"":0.0,""remaining_steps_720"":0.7694444444444445,""crop_market_inventory_delta_400"":-0.0175,""fert_market_inventory_delta_400"":0.15,""unlocked_shops_4"":0.5},""probability"":null},{""event"":""water_committed"",""step"":166,""candidate_id"":""fertilize_then_water:s165:a3:x3y0"",""actor"":3},{""event"":""task_completed"",""step"":167,""candidate_id"":""fertilize_then_water:s165:a3:x3y0""}],""pending_obligations"":{}}",experiments/round10_public_learning_20260924/training/task_labels/replays/baseline/ahmed_v57/seed_2026092414_seat_1.json.gz,experiments/round10_public_learning_20260924/training/task_labels/replays/treatment/ahmed_v57/seed_2026092414_seat_1_fertilize_then_water_s165_a3_x3y0.json.gz,480116ca1e109bddb5fb238144f45c9fece9290d5c8e75dc2b5c2971fd182656,
fertilize_then_water:s566:a6:x7y1,ahmed_v57:2026092414,ahmed_v57,ahmed_route,2026092414,1,566,6,"[7,1]",STRAWBERRY,"{""crop_WHEAT"":0.0,""crop_CARROT"":0.0,""crop_TOMATO"":0.0,""crop_STRAWBERRY"":1.0,""crop_MELON"":0.0,""day_29"":0.7931034482758621,""hour_23"":0.6086956521739131,""crop_age_12"":1.25,""yield_fraction"":0.0,""consecutive_unwatered_2"":0.5,""fertilizer_carried_5"":0.2,""fertilizer_shed_20"":0.0,""own_money_10000"":7.3975,""cash_lead_10000"":0.0579,""crop_price_300"":0.05333333333333334,""fertilizer_price_150"":0.12,""price_advantage_300"":-0.006666666666666667,""unlocked_quadrants_4"":0.75,""actor_6"":1.0,""x_9"":0.7777777777777778,""y_9"":0.1111111111111111,""remaining_steps_720"":0.2125,""crop_market_inventory_delta_400"":0.135,""fert_market_inventory_delta_400"":1.03,""unlocked_shops_4"":1.75}","[0.0,0.0,0.0,1.0,0.0,0.7931034482758621,0.6086956521739131,1.25,0.0,0.5,0.2,0.0,7.3975,0.0579,0.05333333333333334,0.12,-0.006666666666666667,0.75,1.0,0.7777777777777778,0.1111111111111111,0.2125,0.135,1.03,1.75]","{""target_identity"":{""type"":""crop"",""coordinate"":[7,1],""resource"":""STRAWBERRY"",""generation_or_placement_day"":8},""required_carried"":{""FERTILIZER"":1},""reserved_resources"":{""actor"":6,""FERTILIZER"":1,""target"":[7,1]},""start_condition"":""baseline WATER; production due; unfertilized; carried FERTILIZER; no harmful same-target predecessor"",""planned_actions"":[[""FERTILIZE""],[""WATER""]],""completion"":""fertilized_until_day >= day+2 and watered_today true on the same crop generation"",""failure"":""actor/target/day changed or either engine effect was not observed"",""recovery"":""return to freshly computed base action after checking the real remaining WATER obligation""}",90804.0,90615.0,189.0,1,90697.0,90488.0,209.0,1,20.0,0,1,36b4dfcb6f5e585977d4a226d623874c79a061417c1b3c680e8fe5b21576f0e2,36b4dfcb6f5e585977d4a226d623874c79a061417c1b3c680e8fe5b21576f0e2,1,1,0,{},1,"{""mode"":""target"",""base_sha256"":""b6553c296c556aff5b5e2d12b75618e505fa4d852afb5338414ac6d6e039cb02"",""model_loaded"":false,""model_calls"":0,""model_selected_tasks"":0,""model_changed_final_actions"":0,""rule_overrides"":0,""task_candidates"":49,""tasks_started"":1,""tasks_completed"":1,""contract_failures"":0,""events"":[{""event"":""fertilize_committed"",""step"":566,""candidate_id"":""fertilize_then_water:s566:a6:x7y1"",""actor"":6,""target"":[7,1],""features"":{""crop_WHEAT"":0.0,""crop_CARROT"":0.0,""crop_TOMATO"":0.0,""crop_STRAWBERRY"":1.0,""crop_MELON"":0.0,""day_29"":0.7931034482758621,""hour_23"":0.6086956521739131,""crop_age_12"":1.25,""yield_fraction"":0.0,""consecutive_unwatered_2"":0.5,""fertilizer_carried_5"":0.2,""fertilizer_shed_20"":0.0,""own_money_10000"":7.3975,""cash_lead_10000"":0.0579,""crop_price_300"":0.05333333333333334,""fertilizer_price_150"":0.12,""price_advantage_300"":-0.006666666666666667,""unlocked_quadrants_4"":0.75,""actor_6"":1.0,""x_9"":0.7777777777777778,""y_9"":0.1111111111111111,""remaining_steps_720"":0.2125,""crop_market_inventory_delta_400"":0.135,""fert_market_inventory_delta_400"":1.03,""unlocked_shops_4"":1.75},""probability"":null},{""event"":""water_committed"",""step"":567,""candidate_id"":""fertilize_then_water:s566:a6:x7y1"",""actor"":6},{""event"":""task_completed"",""step"":568,""candidate_id"":""fertilize_then_water:s566:a6:x7y1""}],""pending_obligations"":{}}",experiments/round10_public_learning_20260924/training/task_labels/replays/baseline/ahmed_v57/seed_2026092414_seat_1.json.gz,experiments/round10_public_learning_20260924/training/task_labels/replays/treatment/ahmed_v57/seed_2026092414_seat_1_fertilize_then_water_s566_a6_x7y1.json.gz,71350a1276e7e3be168002f90274a6c1a0db83f2598b459ea5f0e217c28cb94b,
fertilize_then_water:s593:a9:x2y2,ahmed_v57:2026092414,ahmed_v57,ahmed_route,2026092414,1,593,9,"[2,2]",WHEAT,"{""crop_WHEAT"":1.0,""crop_CARROT"":0.0,""crop_TOMATO"":0.0,""crop_STRAWBERRY"":0.0,""crop_MELON"":0.0,""day_29"":0.8275862068965517,""hour_23"":0.7391304347826086,""crop_age_12"":0.25,""yield_fraction"":0.3333333333333333,""consecutive_unwatered_2"":0.0,""fertilizer_carried_5"":0.6,""fertilizer_shed_20"":0.05,""own_money_10000"":7.541,""cash_lead_10000"":0.0983,""crop_price_300"":0.13333333333333333,""fertilizer_price_150"":0.12,""price_advantage_300"":0.07333333333333333,""unlocked_quadrants_4"":0.75,""actor_6"":1.5,""x_9"":0.2222222222222222,""y_9"":0.2222222222222222,""remaining_steps_720"":0.175,""crop_market_inventory_delta_400"":-0.57,""fert_market_inventory_delta_400"":1.025,""unlocked_shops_4"":2.0}","[1.0,0.0,0.0,0.0,0.0,0.8275862068965517,0.7391304347826086,0.25,0.3333333333333333,0.0,0.6,0.05,7.541,0.0983,0.13333333333333333,0.12,0.07333333333333333,0.75,1.5,0.2222222222222222,0.2222222222222222,0.175,-0.57,1.025,2.0]","{""target_identity"":{""type"":""crop"",""coordinate"":[2,2],""resource"":""WHEAT"",""generation_or_placement_day"":21},""required_carried"":{""FERTILIZER"":1},""reserved_resources"":{""actor"":9,""FERTILIZER"":1,""target"":[2,2]},""start_condition"":""baseline WATER; production due; unfertilized; carried FERTILIZER; no harmful same-target predecessor"",""planned_actions"":[[""FERTILIZE""],[""WATER""]],""completion"":""fertilized_until_day >= day+2 and watered_today true on the same crop generation"",""failure"":""actor/target/day changed or either engine effect was not observed"",""recovery"":""return to freshly computed base action after checking the real remaining WATER obligation""}",90804.0,90615.0,189.0,1,90471.0,90606.0,-135.0,-1,-324.0,-2,1,c4409bc2aadc3a295cf3482c71cbd35690b5b56e4779c42dec2b966fa5d99f18,c4409bc2aadc3a295cf3482c71cbd35690b5b56e4779c42dec2b966fa5d99f18,1,1,0,{},1,"{""mode"":""target"",""base_sha256"":""b6553c296c556aff5b5e2d12b75618e505fa4d852afb5338414ac6d6e039cb02"",""model_loaded"":false,""model_calls"":0,""model_selected_tasks"":0,""model_changed_final_actions"":0,""rule_overrides"":0,""task_candidates"":55,""tasks_started"":1,""tasks_completed"":1,""contract_failures"":0,""events"":[{""event"":""fertilize_committed"",""step"":593,""candidate_id"":""fertilize_then_water:s593:a9:x2y2"",""actor"":9,""target"":[2,2],""features"":{""crop_WHEAT"":1.0,""crop_CARROT"":0.0,""crop_TOMATO"":0.0,""crop_STRAWBERRY"":0.0,""crop_MELON"":0.0,""day_29"":0.8275862068965517,""hour_23"":0.7391304347826086,""crop_age_12"":0.25,""yield_fraction"":0.3333333333333333,""consecutive_unwatered_2"":0.0,""fertilizer_carried_5"":0.6,""fertilizer_shed_20"":0.05,""own_money_10000"":7.541,""cash_lead_10000"":0.0983,""crop_price_300"":0.13333333333333333,""fertilizer_price_150"":0.12,""price_advantage_300"":0.07333333333333333,""unlocked_quadrants_4"":0.75,""actor_6"":1.5,""x_9"":0.2222222222222222,""y_9"":0.2222222222222222,""remaining_steps_720"":0.175,""crop_market_inventory_delta_400"":-0.57,""fert_market_inventory_delta_400"":1.025,""unlocked_shops_4"":2.0},""probability"":null},{""event"":""water_committed"",""step"":594,""candidate_id"":""fertilize_then_water:s593:a9:x2y2"",""actor"":9},{""event"":""task_completed"",""step"":595,""candidate_id"":""fertilize_then_water:s593:a9:x2y2""}],""pending_obligations"":{}}",experiments/round10_public_learning_20260924/training/task_labels/replays/baseline/ahmed_v57/seed_2026092414_seat_1.json.gz,experiments/round10_public_learning_20260924/training/task_labels/replays/treatment/ahmed_v57/seed_2026092414_seat_1_fertilize_then_water_s593_a9_x2y2.json.gz,d3d240beed0aa29891a335fcd930c7e24a391b78f8b1a85be9dbf718d0844287,
fertilize_then_water:s229:a8:x3y2,ahmed_v57:2026092415,ahmed_v57,ahmed_route,2026092415,0,229,8,"[3,2]",MELON,"{""crop_WHEAT"":0.0,""crop_CARROT"":0.0,""crop_TOMATO"":0.0,""crop_STRAWBERRY"":0.0,""crop_MELON"":1.0,""day_29"":0.3103448275862069,""hour_23"":0.5652173913043478,""crop_age_12"":0.75,""yield_fraction"":0.6666666666666666,""consecutive_unwatered_2"":0.0,""fertilizer_carried_5"":0.4,""fertilizer_shed_20"":0.0,""own_money_10000"":0.1592,""cash_lead_10000"":0.0008,""crop_price_300"":0.9033333333333333,""fertilizer_price_150"":0.5266666666666666,""price_advantage_300"":0.64,""unlocked_quadrants_4"":0.5,""actor_6"":1.3333333333333333,""x_9"":0.3333333333333333,""y_9"":0.2222222222222222,""remaining_steps_720"":0.6805555555555556,""crop_market_inventory_delta_400"":-0.025,""fert_market_inventory_delta_400"":0.265,""unlocked_shops_4"":0.75}","[0.0,0.0,0.0,0.0,1.0,0.3103448275862069,0.5652173913043478,0.75,0.6666666666666666,0.0,0.4,0.0,0.1592,0.0008,0.9033333333333333,0.5266666666666666,0.64,0.5,1.3333333333333333,0.3333333333333333,0.2222222222222222,0.6805555555555556,-0.025,0.265,0.75]","{""target_identity"":{""type"":""crop"",""coordinate"":[3,2],""resource"":""MELON"",""generation_or_placement_day"":0},""required_carried"":{""FERTILIZER"":1},""reserved_resources"":{""actor"":8,""FERTILIZER"":1,""target"":[3,2]},""start_condition"":""baseline WATER; production due; unfertilized; carried FERTILIZER; no harmful same-target predecessor"",""planned_actions"":[[""FERTILIZE""],[""WATER""]],""completion"":""fertilized_until_day >= day+2 and watered_today true on the same crop generation"",""failure"":""actor/target/day changed or either engine effect was not observed"",""recovery"":""return to freshly computed base action after checking the real remaining WATER obligation""}",111133.0,111146.0,-13.0,-1,111333.0,110695.0,638.0,1,651.0,2,1,9101d13ef151fa9ebafcfd3688a7b95a79551dd9c871c955d5a3e194a61c5619,9101d13ef151fa9ebafcfd3688a7b95a79551dd9c871c955d5a3e194a61c5619,1,1,0,{},1,"{""mode"":""target"",""base_sha256"":""b6553c296c556aff5b5e2d12b75618e505fa4d852afb5338414ac6d6e039cb02"",""model_loaded"":false,""model_calls"":0,""model_selected_tasks"":0,""model_changed_final_actions"":0,""rule_overrides"":0,""task_candidates"":11,""tasks_started"":1,""tasks_completed"":1,""contract_failures"":0,""events"":[{""event"":""fertilize_committed"",""step"":229,""candidate_id"":""fertilize_then_water:s229:a8:x3y2"",""actor"":8,""target"":[3,2],""features"":{""crop_WHEAT"":0.0,""crop_CARROT"":0.0,""crop_TOMATO"":0.0,""crop_STRAWBERRY"":0.0,""crop_MELON"":1.0,""day_29"":0.3103448275862069,""hour_23"":0.5652173913043478,""crop_age_12"":0.75,""yield_fraction"":0.6666666666666666,""consecutive_unwatered_2"":0.0,""fertilizer_carried_5"":0.4,""fertilizer_shed_20"":0.0,""own_money_10000"":0.1592,""cash_lead_10000"":0.0008,""crop_price_300"":0.9033333333333333,""fertilizer_price_150"":0.5266666666666666,""price_advantage_300"":0.64,""unlocked_quadrants_4"":0.5,""actor_6"":1.3333333333333333,""x_9"":0.3333333333333333,""y_9"":0.2222222222222222,""remaining_steps_720"":0.6805555555555556,""crop_market_inventory_delta_400"":-0.025,""fert_market_inventory_delta_400"":0.265,""unlocked_shops_4"":0.75},""probability"":null},{""event"":""water_committed"",""step"":230,""candidate_id"":""fertilize_then_water:s229:a8:x3y2"",""actor"":8},{""event"":""task_completed"",""step"":231,""candidate_id"":""fertilize_then_water:s229:a8:x3y2""}],""pending_obligations"":{}}",experiments/round10_public_learning_20260924/training/task_labels/replays/baseline/ahmed_v57/seed_2026092415_seat_0.json.gz,experiments/round10_public_learning_20260924/training/task_labels/replays/treatment/ahmed_v57/seed_2026092415_seat_0_fertilize_then_water_s229_a8_x3y2.json.gz,17421ce817cee1b08c0dd3308cc1571c792e8a87d6c4ad700fa403130d7017a8,
fertilize_then_water:s496:a9:x8y1,ahmed_v57:2026092415,ahmed_v57,ahmed_route,2026092415,0,496,9,"[8,1]",STRAWBERRY,"{""crop_WHEAT"":0.0,""crop_CARROT"":0.0,""crop_TOMATO"":0.0,""crop_STRAWBERRY"":1.0,""crop_MELON"":0.0,""day_29"":0.6896551724137931,""hour_23"":0.6956521739130435,""crop_age_12"":1.0833333333333333,""yield_fraction"":0.0,""consecutive_unwatered_2"":0.5,""fertilizer_carried_5"":0.2,""fertilizer_shed_20"":0.0,""own_money_10000"":5.0515,""cash_lead_10000"":0.0008,""crop_price_300"":0.67,""fertilizer_price_150"":0.20666666666666667,""price_advantage_300"":0.5666666666666667,""unlocked_quadrants_4"":0.75,""actor_6"":1.5,""x_9"":0.8888888888888888,""y_9"":0.1111111111111111,""remaining_steps_720"":0.30972222222222223,""crop_market_inventory_delta_400"":-0.2325,""fert_market_inventory_delta_400"":0.865,""unlocked_shops_4"":1.5}","[0.0,0.0,0.0,1.0,0.0,0.6896551724137931,0.6956521739130435,1.0833333333333333,0.0,0.5,0.2,0.0,5.0515,0.0008,0.67,0.20666666666666667,0.5666666666666667,0.75,1.5,0.8888888888888888,0.1111111111111111,0.30972222222222223,-0.2325,0.865,1.5]","{""target_identity"":{""type"":""crop"",""coordinate"":[8,1],""resource"":""STRAWBERRY"",""generation_or_placement_day"":7},""required_carried"":{""FERTILIZER"":1},""reserved_resources"":{""actor"":9,""FERTILIZER"":1,""target"":[8,1]},""start_condition"":""baseline WATER; production due; unfertilized; carried FERTILIZER; no harmful same-target predecessor"",""planned_actions"":[[""FERTILIZE""],[""WATER""]],""completion"":""fertilized_until_day >= day+2 and watered_today true on the same crop generation"",""failure"":""actor/target/day changed or either engine effect was not observed"",""recovery"":""return to freshly computed base action after checking the real remaining WATER obligation""}",111133.0,111146.0,-13.0,-1,111107.0,111500.0,-393.0,-1,-380.0,0,1,a2a9ecebec7be10cca996c4883780f2cec509ced7f6c3323a6b062e78d5502c9,a2a9ecebec7be10cca996c4883780f2cec509ced7f6c3323a6b062e78d5502c9,1,1,0,{},1,"{""mode"":""target"",""base_sha256"":""b6553c296c556aff5b5e2d12b75618e505fa4d852afb5338414ac6d6e039cb02"",""model_loaded"":false,""model_calls"":0,""model_selected_tasks"":0,""model_changed_final_actions"":0,""rule_overrides"":0,""task_candidates"":44,""tasks_started"":1,""tasks_completed"":1,""contract_failures"":0,""events"":[{""event"":""fertilize_committed"",""step"":496,""candidate_id"":""fertilize_then_water:s496:a9:x8y1"",""actor"":9,""target"":[8,1],""features"":{""crop_WHEAT"":0.0,""crop_CARROT"":0.0,""crop_TOMATO"":0.0,""crop_STRAWBERRY"":1.0,""crop_MELON"":0.0,""day_29"":0.6896551724137931,""hour_23"":0.6956521739130435,""crop_age_12"":1.0833333333333333,""yield_fraction"":0.0,""consecutive_unwatered_2"":0.5,""fertilizer_carried_5"":0.2,""fertilizer_shed_20"":0.0,""own_money_10000"":5.0515,""cash_lead_10000"":0.0008,""crop_price_300"":0.67,""fertilizer_price_150"":0.20666666666666667,""price_advantage_300"":0.5666666666666667,""unlocked_quadrants_4"":0.75,""actor_6"":1.5,""x_9"":0.8888888888888888,""y_9"":0.1111111111111111,""remaining_steps_720"":0.30972222222222223,""crop_market_inventory_delta_400"":-0.2325,""fert_market_inventory_delta_400"":0.865,""unlocked_shops_4"":1.5},""probability"":null},{""event"":""water_committed"",""step"":497,""candidate_id"":""fertilize_then_water:s496:a9:x8y1"",""actor"":9},{""event"":""task_completed"",""step"":498,""candidate_id"":""fertilize_then_water:s496:a9:x8y1""}],""pending_obligations"":{}}",experiments/round10_public_learning_20260924/training/task_labels/replays/baseline/ahmed_v57/seed_2026092415_seat_0.json.gz,experiments/round10_public_learning_20260924/training/task_labels/replays/treatment/ahmed_v57/seed_2026092415_seat_0_fertilize_then_water_s496_a9_x8y1.json.gz,5514d09d7934293167722596c06e04f84467fa0a38475bf49955f22dd541223f,
fertilize_then_water:s566:a8:x2y1,ahmed_v57:2026092415,ahmed_v57,ahmed_route,2026092415,0,566,8,"[2,1]",WHEAT,"{""crop_WHEAT"":1.0,""crop_CARROT"":0.0,""crop_TOMATO"":0.0,""crop_STRAWBERRY"":0.0,""crop_MELON"":0.0,""day_29"":0.7931034482758621,""hour_23"":0.6086956521739131,""crop_age_12"":0.25,""yield_fraction"":0.3333333333333333,""consecutive_unwatered_2"":0.0,""fertilizer_carried_5"":0.2,""fertilizer_shed_20"":0.0,""own_money_10000"":7.2021,""cash_lead_10000"":0.0008,""crop_price_300"":0.14666666666666667,""fertilizer_price_150"":0.12666666666666668,""price_advantage_300"":0.08333333333333333,""unlocked_quadrants_4"":0.75,""actor_6"":1.3333333333333333,""x_9"":0.2222222222222222,""y_9"":0.1111111111111111,""remaining_steps_720"":0.2125,""crop_market_inventory_delta_400"":-0.925,""fert_market_inventory_delta_400"":1.015,""unlocked_shops_4"":1.75}","[1.0,0.0,0.0,0.0,0.0,0.7931034482758621,0.6086956521739131,0.25,0.3333333333333333,0.0,0.2,0.0,7.2021,0.0008,0.14666666666666667,0.12666666666666668,0.08333333333333333,0.75,1.3333333333333333,0.2222222222222222,0.1111111111111111,0.2125,-0.925,1.015,1.75]","{""target_identity"":{""type"":""crop"",""coordinate"":[2,1],""resource"":""WHEAT"",""generation_or_placement_day"":20},""required_carried"":{""FERTILIZER"":1},""reserved_resources"":{""actor"":8,""FERTILIZER"":1,""target"":[2,1]},""start_condition"":""baseline WATER; production due; unfertilized; carried FERTILIZER; no harmful same-target predecessor"",""planned_actions"":[[""FERTILIZE""],[""WATER""]],""completion"":""fertilized_until_day >= day+2 and watered_today true on the same crop generation"",""failure"":""actor/target/day changed or either engine effect was not observed"",""recovery"":""return to freshly computed base action after checking the real remaining WATER obligation""}",111133.0,111146.0,-13.0,-1,110790.0,111104.0,-314.0,-1,-301.0,0,1,907125ef1ecd2d1620f2969f5b9835241e362238fb0ea69b36c4fc19bdff5b2a,907125ef1ecd2d1620f2969f5b9835241e362238fb0ea69b36c4fc19bdff5b2a,1,1,0,{},1,"{""mode"":""target"",""base_sha256"":""b6553c296c556aff5b5e2d12b75618e505fa4d852afb5338414ac6d6e039cb02"",""model_loaded"":false,""model_calls"":0,""model_selected_tasks"":0,""model_changed_final_actions"":0,""rule_overrides"":0,""task_candidates"":55,""tasks_started"":1,""tasks_completed"":1,""contract_failures"":0,""events"":[{""event"":""fertilize_committed"",""step"":566,""candidate_id"":""fertilize_then_water:s566:a8:x2y1"",""actor"":8,""target"":[2,1],""features"":{""crop_WHEAT"":1.0,""crop_CARROT"":0.0,""crop_TOMATO"":0.0,""crop_STRAWBERRY"":0.0,""crop_MELON"":0.0,""day_29"":0.7931034482758621,""hour_23"":0.6086956521739131,""crop_age_12"":0.25,""yield_fraction"":0.3333333333333333,""consecutive_unwatered_2"":0.0,""fertilizer_carried_5"":0.2,""fertilizer_shed_20"":0.0,""own_money_10000"":7.2021,""cash_lead_10000"":0.0008,""crop_price_300"":0.14666666666666667,""fertilizer_price_150"":0.12666666666666668,""price_advantage_300"":0.08333333333333333,""unlocked_quadrants_4"":0.75,""actor_6"":1.3333333333333333,""x_9"":0.2222222222222222,""y_9"":0.1111111111111111,""remaining_steps_720"":0.2125,""crop_market_inventory_delta_400"":-0.925,""fert_market_inventory_delta_400"":1.015,""unlocked_shops_4"":1.75},""probability"":null},{""event"":""water_committed"",""step"":567,""candidate_id"":""fertilize_then_water:s566:a8:x2y1"",""actor"":8},{""event"":""task_completed"",""step"":568,""candidate_id"":""fertilize_then_water:s566:a8:x2y1""}],""pending_obligations"":{}}",experiments/round10_public_learning_20260924/training/task_labels/replays/baseline/ahmed_v57/seed_2026092415_seat_0.json.gz,experiments/round10_public_learning_20260924/training/task_labels/replays/treatment/ahmed_v57/seed_2026092415_seat_0_fertilize_then_water_s566_a8_x2y1.json.gz,ee6ed7a2a0420d1bd0b82ec925889e3d226e4292d7c6ec707ae9032ea4e298c0,
fertilize_then_water:s229:a8:x3y2,ahmed_v57:2026092415,ahmed_v57,ahmed_route,2026092415,1,229,8,"[3,2]",MELON,"{""crop_WHEAT"":0.0,""crop_CARROT"":0.0,""crop_TOMATO"":0.0,""crop_STRAWBERRY"":0.0,""crop_MELON"":1.0,""day_29"":0.3103448275862069,""hour_23"":0.5652173913043478,""crop_age_12"":0.75,""yield_fraction"":0.6666666666666666,""consecutive_unwatered_2"":0.0,""fertilizer_carried_5"":0.4,""fertilizer_shed_20"":0.0,""own_money_10000"":0.1592,""cash_lead_10000"":0.0008,""crop_price_300"":0.9033333333333333,""fertilizer_price_150"":0.5266666666666666,""price_advantage_300"":0.64,""unlocked_quadrants_4"":0.5,""actor_6"":1.3333333333333333,""x_9"":0.3333333333333333,""y_9"":0.2222222222222222,""remaining_steps_720"":0.6805555555555556,""crop_market_inventory_delta_400"":-0.025,""fert_market_inventory_delta_400"":0.265,""unlocked_shops_4"":0.75}","[0.0,0.0,0.0,0.0,1.0,0.3103448275862069,0.5652173913043478,0.75,0.6666666666666666,0.0,0.4,0.0,0.1592,0.0008,0.9033333333333333,0.5266666666666666,0.64,0.5,1.3333333333333333,0.3333333333333333,0.2222222222222222,0.6805555555555556,-0.025,0.265,0.75]","{""target_identity"":{""type"":""crop"",""coordinate"":[3,2],""resource"":""MELON"",""generation_or_placement_day"":0},""required_carried"":{""FERTILIZER"":1},""reserved_resources"":{""actor"":8,""FERTILIZER"":1,""target"":[3,2]},""start_condition"":""baseline WATER; production due; unfertilized; carried FERTILIZER; no harmful same-target predecessor"",""planned_actions"":[[""FERTILIZE""],[""WATER""]],""completion"":""fertilized_until_day >= day+2 and watered_today true on the same crop generation"",""failure"":""actor/target/day changed or either engine effect was not observed"",""recovery"":""return to freshly computed base action after checking the real remaining WATER obligation""}",111133.0,111146.0,-13.0,-1,111333.0,110695.0,638.0,1,651.0,2,1,65beb53a066dd4c699027a69bfd300f22649dd1f7f8175dfa8a4ebff0d59b237,65beb53a066dd4c699027a69bfd300f22649dd1f7f8175dfa8a4ebff0d59b237,1,1,0,{},1,"{""mode"":""target"",""base_sha256"":""b6553c296c556aff5b5e2d12b75618e505fa4d852afb5338414ac6d6e039cb02"",""model_loaded"":false,""model_calls"":0,""model_selected_tasks"":0,""model_changed_final_actions"":0,""rule_overrides"":0,""task_candidates"":11,""tasks_started"":1,""tasks_completed"":1,""contract_failures"":0,""events"":[{""event"":""fertilize_committed"",""step"":229,""candidate_id"":""fertilize_then_water:s229:a8:x3y2"",""actor"":8,""target"":[3,2],""features"":{""crop_WHEAT"":0.0,""crop_CARROT"":0.0,""crop_TOMATO"":0.0,""crop_STRAWBERRY"":0.0,""crop_MELON"":1.0,""day_29"":0.3103448275862069,""hour_23"":0.5652173913043478,""crop_age_12"":0.75,""yield_fraction"":0.6666666666666666,""consecutive_unwatered_2"":0.0,""fertilizer_carried_5"":0.4,""fertilizer_shed_20"":0.0,""own_money_10000"":0.1592,""cash_lead_10000"":0.0008,""crop_price_300"":0.9033333333333333,""fertilizer_price_150"":0.5266666666666666,""price_advantage_300"":0.64,""unlocked_quadrants_4"":0.5,""actor_6"":1.3333333333333333,""x_9"":0.3333333333333333,""y_9"":0.2222222222222222,""remaining_steps_720"":0.6805555555555556,""crop_market_inventory_delta_400"":-0.025,""fert_market_inventory_delta_400"":0.265,""unlocked_shops_4"":0.75},""probability"":null},{""event"":""water_committed"",""step"":230,""candidate_id"":""fertilize_then_water:s229:a8:x3y2"",""actor"":8},{""event"":""task_completed"",""step"":231,""candidate_id"":""fertilize_then_water:s229:a8:x3y2""}],""pending_obligations"":{}}",experiments/round10_public_learning_20260924/training/task_labels/replays/baseline/ahmed_v57/seed_2026092415_seat_1.json.gz,experiments/round10_public_learning_20260924/training/task_labels/replays/treatment/ahmed_v57/seed_2026092415_seat_1_fertilize_then_water_s229_a8_x3y2.json.gz,adc0ba899058954ac9ab0128ef658eb1bfbb681893b4697ad64b9773d5814f5d,
fertilize_then_water:s355:a3:x8y0,ahmed_v57:2026092415,ahmed_v57,ahmed_route,2026092415,1,355,3,"[8,0]",WHEAT,"{""crop_WHEAT"":1.0,""crop_CARROT"":0.0,""crop_TOMATO"":0.0,""crop_STRAWBERRY"":0.0,""crop_MELON"":0.0,""day_29"":0.4827586206896552,""hour_23"":0.8260869565217391,""crop_age_12"":0.16666666666666666,""yield_fraction"":0.16666666666666666,""consecutive_unwatered_2"":0.5,""fertilizer_carried_5"":0.2,""fertilizer_shed_20"":0.55,""own_money_10000"":2.0765,""cash_lead_10000"":0.0008,""crop_price_300"":0.14,""fertilizer_price_150"":0.36666666666666664,""price_advantage_300"":-0.043333333333333335,""unlocked_quadrants_4"":0.75,""actor_6"":0.5,""x_9"":0.8888888888888888,""y_9"":0.0,""remaining_steps_720"":0.5055555555555555,""crop_market_inventory_delta_400"":-0.685,""fert_market_inventory_delta_400"":0.565,""unlocked_shops_4"":1.0}","[1.0,0.0,0.0,0.0,0.0,0.4827586206896552,0.8260869565217391,0.16666666666666666,0.16666666666666666,0.5,0.2,0.55,2.0765,0.0008,0.14,0.36666666666666664,-0.043333333333333335,0.75,0.5,0.8888888888888888,0.0,0.5055555555555555,-0.685,0.565,1.0]","{""target_identity"":{""type"":""crop"",""coordinate"":[8,0],""resource"":""WHEAT"",""generation_or_placement_day"":12},""required_carried"":{""FERTILIZER"":1},""reserved_resources"":{""actor"":3,""FERTILIZER"":1,""target"":[8,0]},""start_condition"":""baseline WATER; production due; unfertilized; carried FERTILIZER; no harmful same-target predecessor"",""planned_actions"":[[""FERTILIZE""],[""WATER""]],""completion"":""fertilized_until_day >= day+2 and watered_today true on the same crop generation"",""failure"":""actor/target/day changed or either engine effect was not observed"",""recovery"":""return to freshly computed base action after checking the real remaining WATER obligation""}",111133.0,111146.0,-13.0,-1,110964.0,111213.0,-249.0,-1,-236.0,0,1,835b39f5597d92ca747ad289edd9b87dccbfc5de8c9d39c07d07a484a0626637,835b39f5597d92ca747ad289edd9b87dccbfc5de8c9d39c07d07a484a0626637,1,1,0,{},1,"{""mode"":""target"",""base_sha256"":""b6553c296c556aff5b5e2d12b75618e505fa4d852afb5338414ac6d6e039cb02"",""model_loaded"":false,""model_calls"":0,""model_selected_tasks"":0,""model_changed_final_actions"":0,""rule_overrides"":0,""task_candidates"":18,""tasks_started"":1,""tasks_completed"":1,""contract_failures"":0,""events"":[{""event"":""fertilize_committed"",""step"":355,""candidate_id"":""fertilize_then_water:s355:a3:x8y0"",""actor"":3,""target"":[8,0],""features"":{""crop_WHEAT"":1.0,""crop_CARROT"":0.0,""crop_TOMATO"":0.0,""crop_STRAWBERRY"":0.0,""crop_MELON"":0.0,""day_29"":0.4827586206896552,""hour_23"":0.8260869565217391,""crop_age_12"":0.16666666666666666,""yield_fraction"":0.16666666666666666,""consecutive_unwatered_2"":0.5,""fertilizer_carried_5"":0.2,""fertilizer_shed_20"":0.55,""own_money_10000"":2.0765,""cash_lead_10000"":0.0008,""crop_price_300"":0.14,""fertilizer_price_150"":0.36666666666666664,""price_advantage_300"":-0.043333333333333335,""unlocked_quadrants_4"":0.75,""actor_6"":0.5,""x_9"":0.8888888888888888,""y_9"":0.0,""remaining_steps_720"":0.5055555555555555,""crop_market_inventory_delta_400"":-0.685,""fert_market_inventory_delta_400"":0.565,""unlocked_shops_4"":1.0},""probability"":null},{""event"":""water_committed"",""step"":356,""candidate_id"":""fertilize_then_water:s355:a3:x8y0"",""actor"":3},{""event"":""task_completed"",""step"":357,""candidate_id"":""fertilize_then_water:s355:a3:x8y0""}],""pending_obligations"":{}}",experiments/round10_public_learning_20260924/training/task_labels/replays/baseline/ahmed_v57/seed_2026092415_seat_1.json.gz,experiments/round10_public_learning_20260924/training/task_labels/replays/treatment/ahmed_v57/seed_2026092415_seat_1_fertilize_then_water_s355_a3_x8y0.json.gz,923407e1051c9d6938e2866781c75a7c9199c56db003bcbe2ff8bccdb0c1b36d,
fertilize_then_water:s545:a7:x9y2,ahmed_v57:2026092415,ahmed_v57,ahmed_route,2026092415,1,545,7,"[9,2]",STRAWBERRY,"{""crop_WHEAT"":0.0,""crop_CARROT"":0.0,""crop_TOMATO"":0.0,""crop_STRAWBERRY"":1.0,""crop_MELON"":0.0,""day_29"":0.7586206896551724,""hour_23"":0.7391304347826086,""crop_age_12"":1.25,""yield_fraction"":0.0,""consecutive_unwatered_2"":0.5,""fertilizer_carried_5"":0.2,""fertilizer_shed_20"":0.0,""own_money_10000"":6.3735,""cash_lead_10000"":0.0008,""crop_price_300"":0.5266666666666666,""fertilizer_price_150"":0.15333333333333332,""price_advantage_300"":0.45,""unlocked_quadrants_4"":0.75,""actor_6"":1.1666666666666667,""x_9"":1.0,""y_9"":0.2222222222222222,""remaining_steps_720"":0.24166666666666667,""crop_market_inventory_delta_400"":-0.0525,""fert_market_inventory_delta_400"":0.965,""unlocked_shops_4"":1.75}","[0.0,0.0,0.0,1.0,0.0,0.7586206896551724,0.7391304347826086,1.25,0.0,0.5,0.2,0.0,6.3735,0.0008,0.5266666666666666,0.15333333333333332,0.45,0.75,1.1666666666666667,1.0,0.2222222222222222,0.24166666666666667,-0.0525,0.965,1.75]","{""target_identity"":{""type"":""crop"",""coordinate"":[9,2],""resource"":""STRAWBERRY"",""generation_or_placement_day"":7},""required_carried"":{""FERTILIZER"":1},""reserved_resources"":{""actor"":7,""FERTILIZER"":1,""target"":[9,2]},""start_condition"":""baseline WATER; production due; unfertilized; carried FERTILIZER; no harmful same-target predecessor"",""planned_actions"":[[""FERTILIZE""],[""WATER""]],""completion"":""fertilized_until_day >= day+2 and watered_today true on the same crop generation"",""failure"":""actor/target/day changed or either engine effect was not observed"",""recovery"":""return to freshly computed base action after checking the real remaining WATER obligation""}",111133.0,111146.0,-13.0,-1,111045.0,111733.0,-688.0,-1,-675.0,0,1,0f4b7a292f2c3cf16a1d5b2d1ee15a31257fdf978c8581daa70c707a983b077a,0f4b7a292f2c3cf16a1d5b2d1ee15a31257fdf978c8581daa70c707a983b077a,1,1,0,{},1,"{""mode"":""target"",""base_sha256"":""b6553c296c556aff5b5e2d12b75618e505fa4d852afb5338414ac6d6e039cb02"",""model_loaded"":false,""model_calls"":0,""model_selected_tasks"":0,""model_changed_final_actions"":0,""rule_overrides"":0,""task_candidates"":51,""tasks_started"":1,""tasks_completed"":1,""contract_failures"":0,""events"":[{""event"":""fertilize_committed"",""step"":545,""candidate_id"":""fertilize_then_water:s545:a7:x9y2"",""actor"":7,""target"":[9,2],""features"":{""crop_WHEAT"":0.0,""crop_CARROT"":0.0,""crop_TOMATO"":0.0,""crop_STRAWBERRY"":1.0,""crop_MELON"":0.0,""day_29"":0.7586206896551724,""hour_23"":0.7391304347826086,""crop_age_12"":1.25,""yield_fraction"":0.0,""consecutive_unwatered_2"":0.5,""fertilizer_carried_5"":0.2,""fertilizer_shed_20"":0.0,""own_money_10000"":6.3735,""cash_lead_10000"":0.0008,""crop_price_300"":0.5266666666666666,""fertilizer_price_150"":0.15333333333333332,""price_advantage_300"":0.45,""unlocked_quadrants_4"":0.75,""actor_6"":1.1666666666666667,""x_9"":1.0,""y_9"":0.2222222222222222,""remaining_steps_720"":0.24166666666666667,""crop_market_inventory_delta_400"":-0.0525,""fert_market_inventory_delta_400"":0.965,""unlocked_shops_4"":1.75},""probability"":null},{""event"":""water_committed"",""step"":546,""candidate_id"":""fertilize_then_water:s545:a7:x9y2"",""actor"":7},{""event"":""task_completed"",""step"":547,""candidate_id"":""fertilize_then_water:s545:a7:x9y2""}],""pending_obligations"":{}}",experiments/round10_public_learning_20260924/training/task_labels/replays/baseline/ahmed_v57/seed_2026092415_seat_1.json.gz,experiments/round10_public_learning_20260924/training/task_labels/replays/treatment/ahmed_v57/seed_2026092415_seat_1_fertilize_then_water_s545_a7_x9y2.json.gz,551249e98f82f00c864dca11a42992df3d2db260baf9f9a2395bd0521d1dfb96,
fertilize_then_water:s131:a3:x0y3,melon_threshold:2026092413,melon_threshold,melon_threshold,2026092413,0,131,3,"[0,3]",WHEAT,"{""crop_WHEAT"":1.0,""crop_CARROT"":0.0,""crop_TOMATO"":0.0,""crop_STRAWBERRY"":0.0,""crop_MELON"":0.0,""day_29"":0.1724137931034483,""hour_23"":0.4782608695652174,""crop_age_12"":0.16666666666666666,""yield_fraction"":0.16666666666666666,""consecutive_unwatered_2"":0.0,""fertilizer_carried_5"":0.2,""fertilizer_shed_20"":0.0,""own_money_10000"":0.0623,""cash_lead_10000"":-0.0006,""crop_price_300"":0.1,""fertilizer_price_150"":0.6133333333333333,""price_advantage_300"":-0.20666666666666667,""unlocked_quadrants_4"":0.25,""actor_6"":0.5,""x_9"":0.0,""y_9"":0.3333333333333333,""remaining_steps_720"":0.8166666666666667,""crop_market_inventory_delta_400"":-0.055,""fert_market_inventory_delta_400"":0.095,""unlocked_shops_4"":0.25}","[1.0,0.0,0.0,0.0,0.0,0.1724137931034483,0.4782608695652174,0.16666666666666666,0.16666666666666666,0.0,0.2,0.0,0.0623,-0.0006,0.1,0.6133333333333333,-0.20666666666666667,0.25,0.5,0.0,0.3333333333333333,0.8166666666666667,-0.055,0.095,0.25]","{""target_identity"":{""type"":""crop"",""coordinate"":[0,3],""resource"":""WHEAT"",""generation_or_placement_day"":3},""required_carried"":{""FERTILIZER"":1},""reserved_resources"":{""actor"":3,""FERTILIZER"":1,""target"":[0,3]},""start_condition"":""baseline WATER; production due; unfertilized; carried FERTILIZER; no harmful same-target predecessor"",""planned_actions"":[[""FERTILIZE""],[""WATER""]],""completion"":""fertilized_until_day >= day+2 and watered_today true on the same crop generation"",""failure"":""actor/target/day changed or either engine effect was not observed"",""recovery"":""return to freshly computed base action after checking the real remaining WATER obligation""}",110152.0,107243.0,2909.0,1,92075.0,76974.0,15101.0,1,12192.0,0,1,328aba2a1b9aff9376184c56e56404d14f7d5e21ec24f08de30cde5f265d94d9,328aba2a1b9aff9376184c56e56404d14f7d5e21ec24f08de30cde5f265d94d9,1,1,0,{},1,"{""mode"":""target"",""base_sha256"":""b6553c296c556aff5b5e2d12b75618e505fa4d852afb5338414ac6d6e039cb02"",""model_loaded"":false,""model_calls"":0,""model_selected_tasks"":0,""model_changed_final_actions"":0,""rule_overrides"":0,""task_candidates"":1,""tasks_started"":1,""tasks_completed"":1,""contract_failures"":0,""events"":[{""event"":""fertilize_committed"",""step"":131,""candidate_id"":""fertilize_then_water:s131:a3:x0y3"",""actor"":3,""target"":[0,3],""features"":{""crop_WHEAT"":1.0,""crop_CARROT"":0.0,""crop_TOMATO"":0.0,""crop_STRAWBERRY"":0.0,""crop_MELON"":0.0,""day_29"":0.1724137931034483,""hour_23"":0.4782608695652174,""crop_age_12"":0.16666666666666666,""yield_fraction"":0.16666666666666666,""consecutive_unwatered_2"":0.0,""fertilizer_carried_5"":0.2,""fertilizer_shed_20"":0.0,""own_money_10000"":0.0623,""cash_lead_10000"":-0.0006,""crop_price_300"":0.1,""fertilizer_price_150"":0.6133333333333333,""price_advantage_300"":-0.20666666666666667,""unlocked_quadrants_4"":0.25,""actor_6"":0.5,""x_9"":0.0,""y_9"":0.3333333333333333,""remaining_steps_720"":0.8166666666666667,""crop_market_inventory_delta_400"":-0.055,""fert_market_inventory_delta_400"":0.095,""unlocked_shops_4"":0.25},""probability"":null},{""event"":""water_committed"",""step"":132,""candidate_id"":""fertilize_then_water:s131:a3:x0y3"",""actor"":3},{""event"":""task_completed"",""step"":133,""candidate_id"":""fertilize_then_water:s131:a3:x0y3""}],""pending_obligations"":{}}",experiments/round10_public_learning_20260924/training/task_labels/replays/baseline/melon_threshold/seed_2026092413_seat_0.json.gz,experiments/round10_public_learning_20260924/training/task_labels/replays/treatment/melon_threshold/seed_2026092413_seat_0_fertilize_then_water_s131_a3_x0y3.json.gz,e1ff6b8485a617159357a64db7be507ccbf9e4ded69b4154ea55c81a31ac1fa3,
fertilize_then_water:s175:a0:x1y4,melon_threshold:2026092413,melon_threshold,melon_threshold,2026092413,0,175,0,"[1,4]",MELON,"{""crop_WHEAT"":0.0,""crop_CARROT"":0.0,""crop_TOMATO"":0.0,""crop_STRAWBERRY"":0.0,""crop_MELON"":1.0,""day_29"":0.2413793103448276,""hour_23"":0.30434782608695654,""crop_age_12"":0.5833333333333334,""yield_fraction"":0.3333333333333333,""consecutive_unwatered_2"":0.0,""fertilizer_carried_5"":0.2,""fertilizer_shed_20"":0.05,""own_money_10000"":0.1199,""cash_lead_10000"":0.017,""crop_price_300"":0.8966666666666666,""fertilizer_price_150"":0.58,""price_advantage_300"":0.6066666666666667,""unlocked_quadrants_4"":0.5,""actor_6"":0.0,""x_9"":0.1111111111111111,""y_9"":0.4444444444444444,""remaining_steps_720"":0.7555555555555555,""crop_market_inventory_delta_400"":-0.02,""fert_market_inventory_delta_400"":0.1575,""unlocked_shops_4"":0.5}","[0.0,0.0,0.0,0.0,1.0,0.2413793103448276,0.30434782608695654,0.5833333333333334,0.3333333333333333,0.0,0.2,0.05,0.1199,0.017,0.8966666666666666,0.58,0.6066666666666667,0.5,0.0,0.1111111111111111,0.4444444444444444,0.7555555555555555,-0.02,0.1575,0.5]","{""target_identity"":{""type"":""crop"",""coordinate"":[1,4],""resource"":""MELON"",""generation_or_placement_day"":0},""required_carried"":{""FERTILIZER"":1},""reserved_resources"":{""actor"":0,""FERTILIZER"":1,""target"":[1,4]},""start_condition"":""baseline WATER; production due; unfertilized; carried FERTILIZER; no harmful same-target predecessor"",""planned_actions"":[[""FERTILIZE""],[""WATER""]],""completion"":""fertilized_until_day >= day+2 and watered_today true on the same crop generation"",""failure"":""actor/target/day changed or either engine effect was not observed"",""recovery"":""return to freshly computed base action after checking the real remaining WATER obligation""}",110152.0,107243.0,2909.0,1,99853.0,94535.0,5318.0,1,2409.0,0,1,c0d319af13f82ecc8f673e70e086f18cc8558393bec7be40a774c6f3f6556afc,c0d319af13f82ecc8f673e70e086f18cc8558393bec7be40a774c6f3f6556afc,1,1,0,{},1,"{""mode"":""target"",""base_sha256"":""b6553c296c556aff5b5e2d12b75618e505fa4d852afb5338414ac6d6e039cb02"",""model_loaded"":false,""model_calls"":0,""model_selected_tasks"":0,""model_changed_final_actions"":0,""rule_overrides"":0,""task_candidates"":4,""tasks_started"":1,""tasks_completed"":1,""contract_failures"":0,""events"":[{""event"":""fertilize_committed"",""step"":175,""candidate_id"":""fertilize_then_water:s175:a0:x1y4"",""actor"":0,""target"":[1,4],""features"":{""crop_WHEAT"":0.0,""crop_CARROT"":0.0,""crop_TOMATO"":0.0,""crop_STRAWBERRY"":0.0,""crop_MELON"":1.0,""day_29"":0.2413793103448276,""hour_23"":0.30434782608695654,""crop_age_12"":0.5833333333333334,""yield_fraction"":0.3333333333333333,""consecutive_unwatered_2"":0.0,""fertilizer_carried_5"":0.2,""fertilizer_shed_20"":0.05,""own_money_10000"":0.1199,""cash_lead_10000"":0.017,""crop_price_300"":0.8966666666666666,""fertilizer_price_150"":0.58,""price_advantage_300"":0.6066666666666667,""unlocked_quadrants_4"":0.5,""actor_6"":0.0,""x_9"":0.1111111111111111,""y_9"":0.4444444444444444,""remaining_steps_720"":0.7555555555555555,""crop_market_inventory_delta_400"":-0.02,""fert_market_inventory_delta_400"":0.1575,""unlocked_shops_4"":0.5},""probability"":null},{""event"":""water_committed"",""step"":176,""candidate_id"":""fertilize_then_water:s175:a0:x1y4"",""actor"":0},{""event"":""task_completed"",""step"":177,""candidate_id"":""fertilize_then_water:s175:a0:x1y4""}],""pending_obligations"":{}}",experiments/round10_public_learning_20260924/training/task_labels/replays/baseline/melon_threshold/seed_2026092413_seat_0.json.gz,experiments/round10_public_learning_20260924/training/task_labels/replays/treatment/melon_threshold/seed_2026092413_seat_0_fertilize_then_water_s175_a0_x1y4.json.gz,96c6f6aad73f4b0a16c2b94badd7649e33fb7622ab2a5c76925067f34adf3519,
fertilize_then_water:s544:a3:x9y2,melon_threshold:2026092413,melon_threshold,melon_threshold,2026092413,0,544,3,"[9,2]",STRAWBERRY,"{""crop_WHEAT"":0.0,""crop_CARROT"":0.0,""crop_TOMATO"":0.0,""crop_STRAWBERRY"":1.0,""crop_MELON"":0.0,""day_29"":0.7586206896551724,""hour_23"":0.6956521739130435,""crop_age_12"":1.25,""yield_fraction"":0.0,""consecutive_unwatered_2"":0.5,""fertilizer_carried_5"":0.4,""fertilizer_shed_20"":0.0,""own_money_10000"":6.4711,""cash_lead_10000"":0.5548,""crop_price_300"":0.0033333333333333335,""fertilizer_price_150"":0.006666666666666667,""price_advantage_300"":0.0,""unlocked_quadrants_4"":1.0,""actor_6"":0.5,""x_9"":1.0,""y_9"":0.2222222222222222,""remaining_steps_720"":0.24305555555555555,""crop_market_inventory_delta_400"":0.155,""fert_market_inventory_delta_400"":1.2325,""unlocked_shops_4"":1.75}","[0.0,0.0,0.0,1.0,0.0,0.7586206896551724,0.6956521739130435,1.25,0.0,0.5,0.4,0.0,6.4711,0.5548,0.0033333333333333335,0.006666666666666667,0.0,1.0,0.5,1.0,0.2222222222222222,0.24305555555555555,0.155,1.2325,1.75]","{""target_identity"":{""type"":""crop"",""coordinate"":[9,2],""resource"":""STRAWBERRY"",""generation_or_placement_day"":7},""required_carried"":{""FERTILIZER"":1},""reserved_resources"":{""actor"":3,""FERTILIZER"":1,""target"":[9,2]},""start_condition"":""baseline WATER; production due; unfertilized; carried FERTILIZER; no harmful same-target predecessor"",""planned_actions"":[[""FERTILIZE""],[""WATER""]],""completion"":""fertilized_until_day >= day+2 and watered_today true on the same crop generation"",""failure"":""actor/target/day changed or either engine effect was not observed"",""recovery"":""return to freshly computed base action after checking the real remaining WATER obligation""}",110152.0,107243.0,2909.0,1,110061.0,107293.0,2768.0,1,-141.0,0,1,659478aceb5a6dd2230c47feffa631bf682b95ff24b351a2faf1c0d1d4df05af,659478aceb5a6dd2230c47feffa631bf682b95ff24b351a2faf1c0d1d4df05af,1,1,0,{},1,"{""mode"":""target"",""base_sha256"":""b6553c296c556aff5b5e2d12b75618e505fa4d852afb5338414ac6d6e039cb02"",""model_loaded"":false,""model_calls"":0,""model_selected_tasks"":0,""model_changed_final_actions"":0,""rule_overrides"":0,""task_candidates"":12,""tasks_started"":1,""tasks_completed"":1,""contract_failures"":0,""events"":[{""event"":""fertilize_committed"",""step"":544,""candidate_id"":""fertilize_then_water:s544:a3:x9y2"",""actor"":3,""target"":[9,2],""features"":{""crop_WHEAT"":0.0,""crop_CARROT"":0.0,""crop_TOMATO"":0.0,""crop_STRAWBERRY"":1.0,""crop_MELON"":0.0,""day_29"":0.7586206896551724,""hour_23"":0.6956521739130435,""crop_age_12"":1.25,""yield_fraction"":0.0,""consecutive_unwatered_2"":0.5,""fertilizer_carried_5"":0.4,""fertilizer_shed_20"":0.0,""own_money_10000"":6.4711,""cash_lead_10000"":0.5548,""crop_price_300"":0.0033333333333333335,""fertilizer_price_150"":0.006666666666666667,""price_advantage_300"":0.0,""unlocked_quadrants_4"":1.0,""actor_6"":0.5,""x_9"":1.0,""y_9"":0.2222222222222222,""remaining_steps_720"":0.24305555555555555,""crop_market_inventory_delta_400"":0.155,""fert_market_inventory_delta_400"":1.2325,""unlocked_shops_4"":1.75},""probability"":null},{""event"":""water_committed"",""step"":545,""candidate_id"":""fertilize_then_water:s544:a3:x9y2"",""actor"":3},{""event"":""task_completed"",""step"":546,""candidate_id"":""fertilize_then_water:s544:a3:x9y2""}],""pending_obligations"":{}}",experiments/round10_public_learning_20260924/training/task_labels/replays/baseline/melon_threshold/seed_2026092413_seat_0.json.gz,experiments/round10_public_learning_20260924/training/task_labels/replays/treatment/melon_threshold/seed_2026092413_seat_0_fertilize_then_water_s544_a3_x9y2.json.gz,4b2e875ea7a3524114aa729d226818b0604468024d5205e592345724b0464162,
fertilize_then_water:s175:a0:x1y4,melon_threshold:2026092413,melon_threshold,melon_threshold,2026092413,1,175,0,"[1,4]",MELON,"{""crop_WHEAT"":0.0,""crop_CARROT"":0.0,""crop_TOMATO"":0.0,""crop_STRAWBERRY"":0.0,""crop_MELON"":1.0,""day_29"":0.2413793103448276,""hour_23"":0.30434782608695654,""crop_age_12"":0.5833333333333334,""yield_fraction"":0.3333333333333333,""consecutive_unwatered_2"":0.0,""fertilizer_carried_5"":0.2,""fertilizer_shed_20"":0.05,""own_money_10000"":0.1199,""cash_lead_10000"":0.017,""crop_price_300"":0.8966666666666666,""fertilizer_price_150"":0.58,""price_advantage_300"":0.6066666666666667,""unlocked_quadrants_4"":0.5,""actor_6"":0.0,""x_9"":0.1111111111111111,""y_9"":0.4444444444444444,""remaining_steps_720"":0.7555555555555555,""crop_market_inventory_delta_400"":-0.02,""fert_market_inventory_delta_400"":0.1575,""unlocked_shops_4"":0.5}","[0.0,0.0,0.0,0.0,1.0,0.2413793103448276,0.30434782608695654,0.5833333333333334,0.3333333333333333,0.0,0.2,0.05,0.1199,0.017,0.8966666666666666,0.58,0.6066666666666667,0.5,0.0,0.1111111111111111,0.4444444444444444,0.7555555555555555,-0.02,0.1575,0.5]","{""target_identity"":{""type"":""crop"",""coordinate"":[1,4],""resource"":""MELON"",""generation_or_placement_day"":0},""required_carried"":{""FERTILIZER"":1},""reserved_resources"":{""actor"":0,""FERTILIZER"":1,""target"":[1,4]},""start_condition"":""baseline WATER; production due; unfertilized; carried FERTILIZER; no harmful same-target predecessor"",""planned_actions"":[[""FERTILIZE""],[""WATER""]],""completion"":""fertilized_until_day >= day+2 and watered_today true on the same crop generation"",""failure"":""actor/target/day changed or either engine effect was not observed"",""recovery"":""return to freshly computed base action after checking the real remaining WATER obligation""}",110152.0,107243.0,2909.0,1,99853.0,94535.0,5318.0,1,2409.0,0,1,4100e8752baf46ccd78cdcb51283e08fe370a4e03393cb4d3e29552614b12bd5,4100e8752baf46ccd78cdcb51283e08fe370a4e03393cb4d3e29552614b12bd5,1,1,0,{},1,"{""mode"":""target"",""base_sha256"":""b6553c296c556aff5b5e2d12b75618e505fa4d852afb5338414ac6d6e039cb02"",""model_loaded"":false,""model_calls"":0,""model_selected_tasks"":0,""model_changed_final_actions"":0,""rule_overrides"":0,""task_candidates"":4,""tasks_started"":1,""tasks_completed"":1,""contract_failures"":0,""events"":[{""event"":""fertilize_committed"",""step"":175,""candidate_id"":""fertilize_then_water:s175:a0:x1y4"",""actor"":0,""target"":[1,4],""features"":{""crop_WHEAT"":0.0,""crop_CARROT"":0.0,""crop_TOMATO"":0.0,""crop_STRAWBERRY"":0.0,""crop_MELON"":1.0,""day_29"":0.2413793103448276,""hour_23"":0.30434782608695654,""crop_age_12"":0.5833333333333334,""yield_fraction"":0.3333333333333333,""consecutive_unwatered_2"":0.0,""fertilizer_carried_5"":0.2,""fertilizer_shed_20"":0.05,""own_money_10000"":0.1199,""cash_lead_10000"":0.017,""crop_price_300"":0.8966666666666666,""fertilizer_price_150"":0.58,""price_advantage_300"":0.6066666666666667,""unlocked_quadrants_4"":0.5,""actor_6"":0.0,""x_9"":0.1111111111111111,""y_9"":0.4444444444444444,""remaining_steps_720"":0.7555555555555555,""crop_market_inventory_delta_400"":-0.02,""fert_market_inventory_delta_400"":0.1575,""unlocked_shops_4"":0.5},""probability"":null},{""event"":""water_committed"",""step"":176,""candidate_id"":""fertilize_then_water:s175:a0:x1y4"",""actor"":0},{""event"":""task_completed"",""step"":177,""candidate_id"":""fertilize_then_water:s175:a0:x1y4""}],""pending_obligations"":{}}",experiments/round10_public_learning_20260924/training/task_labels/replays/baseline/melon_threshold/seed_2026092413_seat_1.json.gz,experiments/round10_public_learning_20260924/training/task_labels/replays/treatment/melon_threshold/seed_2026092413_seat_1_fertilize_then_water_s175_a0_x1y4.json.gz,7fe6d9c8e168fddf21880f2e1b47df82398bda7880319e93d7108d16d2457989,
fertilize_then_water:s498:a0:x8y1,melon_threshold:2026092413,melon_threshold,melon_threshold,2026092413,1,498,0,"[8,1]",STRAWBERRY,"{""crop_WHEAT"":0.0,""crop_CARROT"":0.0,""crop_TOMATO"":0.0,""crop_STRAWBERRY"":1.0,""crop_MELON"":0.0,""day_29"":0.6896551724137931,""hour_23"":0.782608695652174,""crop_age_12"":1.0833333333333333,""yield_fraction"":0.0,""consecutive_unwatered_2"":0.5,""fertilizer_carried_5"":0.4,""fertilizer_shed_20"":0.0,""own_money_10000"":5.3616,""cash_lead_10000"":0.3155,""crop_price_300"":0.01,""fertilizer_price_150"":0.09333333333333334,""price_advantage_300"":-0.03666666666666667,""unlocked_quadrants_4"":1.0,""actor_6"":0.0,""x_9"":0.8888888888888888,""y_9"":0.1111111111111111,""remaining_steps_720"":0.30694444444444446,""crop_market_inventory_delta_400"":0.1525,""fert_market_inventory_delta_400"":1.08,""unlocked_shops_4"":1.5}","[0.0,0.0,0.0,1.0,0.0,0.6896551724137931,0.782608695652174,1.0833333333333333,0.0,0.5,0.4,0.0,5.3616,0.3155,0.01,0.09333333333333334,-0.03666666666666667,1.0,0.0,0.8888888888888888,0.1111111111111111,0.30694444444444446,0.1525,1.08,1.5]","{""target_identity"":{""type"":""crop"",""coordinate"":[8,1],""resource"":""STRAWBERRY"",""generation_or_placement_day"":7},""required_carried"":{""FERTILIZER"":1},""reserved_resources"":{""actor"":0,""FERTILIZER"":1,""target"":[8,1]},""start_condition"":""baseline WATER; production due; unfertilized; carried FERTILIZER; no harmful same-target predecessor"",""planned_actions"":[[""FERTILIZE""],[""WATER""]],""completion"":""fertilized_until_day >= day+2 and watered_today true on the same crop generation"",""failure"":""actor/target/day changed or either engine effect was not observed"",""recovery"":""return to freshly computed base action after checking the real remaining WATER obligation""}",110152.0,107243.0,2909.0,1,105077.0,107418.0,-2341.0,-1,-5250.0,-2,1,e9574f96d1b51ce83b52341f22c03c33e3dc8f65b4704f252479b08f019dc88c,e9574f96d1b51ce83b52341f22c03c33e3dc8f65b4704f252479b08f019dc88c,1,1,0,{},1,"{""mode"":""target"",""base_sha256"":""b6553c296c556aff5b5e2d12b75618e505fa4d852afb5338414ac6d6e039cb02"",""model_loaded"":false,""model_calls"":0,""model_selected_tasks"":0,""model_changed_final_actions"":0,""rule_overrides"":0,""task_candidates"":9,""tasks_started"":1,""tasks_completed"":1,""contract_failures"":0,""events"":[{""event"":""fertilize_committed"",""step"":498,""candidate_id"":""fertilize_then_water:s498:a0:x8y1"",""actor"":0,""target"":[8,1],""features"":{""crop_WHEAT"":0.0,""crop_CARROT"":0.0,""crop_TOMATO"":0.0,""crop_STRAWBERRY"":1.0,""crop_MELON"":0.0,""day_29"":0.6896551724137931,""hour_23"":0.782608695652174,""crop_age_12"":1.0833333333333333,""yield_fraction"":0.0,""consecutive_unwatered_2"":0.5,""fertilizer_carried_5"":0.4,""fertilizer_shed_20"":0.0,""own_money_10000"":5.3616,""cash_lead_10000"":0.3155,""crop_price_300"":0.01,""fertilizer_price_150"":0.09333333333333334,""price_advantage_300"":-0.03666666666666667,""unlocked_quadrants_4"":1.0,""actor_6"":0.0,""x_9"":0.8888888888888888,""y_9"":0.1111111111111111,""remaining_steps_720"":0.30694444444444446,""crop_market_inventory_delta_400"":0.1525,""fert_market_inventory_delta_400"":1.08,""unlocked_shops_4"":1.5},""probability"":null},{""event"":""water_committed"",""step"":499,""candidate_id"":""fertilize_then_water:s498:a0:x8y1"",""actor"":0},{""event"":""task_completed"",""step"":500,""candidate_id"":""fertilize_then_water:s498:a0:x8y1""}],""pending_obligations"":{}}",experiments/round10_public_learning_20260924/training/task_labels/replays/baseline/melon_threshold/seed_2026092413_seat_1.json.gz,experiments/round10_public_learning_20260924/training/task_labels/replays/treatment/melon_threshold/seed_2026092413_seat_1_fertilize_then_water_s498_a0_x8y1.json.gz,92a1b529f597a45700a09b0aac06ac993c8e4b84ff3a491dcd940e5d67474503,
fertilize_then_water:s612:a6:x8y4,melon_threshold:2026092413,melon_threshold,melon_threshold,2026092413,1,612,6,"[8,4]",WHEAT,"{""crop_WHEAT"":1.0,""crop_CARROT"":0.0,""crop_TOMATO"":0.0,""crop_STRAWBERRY"":0.0,""crop_MELON"":0.0,""day_29"":0.8620689655172413,""hour_23"":0.5217391304347826,""crop_age_12"":0.16666666666666666,""yield_fraction"":0.16666666666666666,""consecutive_unwatered_2"":0.5,""fertilizer_carried_5"":0.4,""fertilizer_shed_20"":0.0,""own_money_10000"":8.2951,""cash_lead_10000"":0.703,""crop_price_300"":0.13666666666666666,""fertilizer_price_150"":0.013333333333333334,""price_advantage_300"":0.13,""unlocked_quadrants_4"":1.0,""actor_6"":1.0,""x_9"":0.8888888888888888,""y_9"":0.4444444444444444,""remaining_steps_720"":0.1486111111111111,""crop_market_inventory_delta_400"":-0.6775,""fert_market_inventory_delta_400"":1.225,""unlocked_shops_4"":2.0}","[1.0,0.0,0.0,0.0,0.0,0.8620689655172413,0.5217391304347826,0.16666666666666666,0.16666666666666666,0.5,0.4,0.0,8.2951,0.703,0.13666666666666666,0.013333333333333334,0.13,1.0,1.0,0.8888888888888888,0.4444444444444444,0.1486111111111111,-0.6775,1.225,2.0]","{""target_identity"":{""type"":""crop"",""coordinate"":[8,4],""resource"":""WHEAT"",""generation_or_placement_day"":23},""required_carried"":{""FERTILIZER"":1},""reserved_resources"":{""actor"":6,""FERTILIZER"":1,""target"":[8,4]},""start_condition"":""baseline WATER; production due; unfertilized; carried FERTILIZER; no harmful same-target predecessor"",""planned_actions"":[[""FERTILIZE""],[""WATER""]],""completion"":""fertilized_until_day >= day+2 and watered_today true on the same crop generation"",""failure"":""actor/target/day changed or either engine effect was not observed"",""recovery"":""return to freshly computed base action after checking the real remaining WATER obligation""}",110152.0,107243.0,2909.0,1,109623.0,107302.0,2321.0,1,-588.0,0,1,51a6e1c4cb0c54e62525dc422cf27c676eb73e536991e9bef28b175ee3824665,51a6e1c4cb0c54e62525dc422cf27c676eb73e536991e9bef28b175ee3824665,1,1,0,{},1,"{""mode"":""target"",""base_sha256"":""b6553c296c556aff5b5e2d12b75618e505fa4d852afb5338414ac6d6e039cb02"",""model_loaded"":false,""model_calls"":0,""model_selected_tasks"":0,""model_changed_final_actions"":0,""rule_overrides"":0,""task_candidates"":13,""tasks_started"":1,""tasks_completed"":1,""contract_failures"":0,""events"":[{""event"":""fertilize_committed"",""step"":612,""candidate_id"":""fertilize_then_water:s612:a6:x8y4"",""actor"":6,""target"":[8,4],""features"":{""crop_WHEAT"":1.0,""crop_CARROT"":0.0,""crop_TOMATO"":0.0,""crop_STRAWBERRY"":0.0,""crop_MELON"":0.0,""day_29"":0.8620689655172413,""hour_23"":0.5217391304347826,""crop_age_12"":0.16666666666666666,""yield_fraction"":0.16666666666666666,""consecutive_unwatered_2"":0.5,""fertilizer_carried_5"":0.4,""fertilizer_shed_20"":0.0,""own_money_10000"":8.2951,""cash_lead_10000"":0.703,""crop_price_300"":0.13666666666666666,""fertilizer_price_150"":0.013333333333333334,""price_advantage_300"":0.13,""unlocked_quadrants_4"":1.0,""actor_6"":1.0,""x_9"":0.8888888888888888,""y_9"":0.4444444444444444,""remaining_steps_720"":0.1486111111111111,""crop_market_inventory_delta_400"":-0.6775,""fert_market_inventory_delta_400"":1.225,""unlocked_shops_4"":2.0},""probability"":null},{""event"":""water_committed"",""step"":613,""candidate_id"":""fertilize_then_water:s612:a6:x8y4"",""actor"":6},{""event"":""task_completed"",""step"":614,""candidate_id"":""fertilize_then_water:s612:a6:x8y4""}],""pending_obligations"":{}}",experiments/round10_public_learning_20260924/training/task_labels/replays/baseline/melon_threshold/seed_2026092413_seat_1.json.gz,experiments/round10_public_learning_20260924/training/task_labels/replays/treatment/melon_threshold/seed_2026092413_seat_1_fertilize_then_water_s612_a6_x8y4.json.gz,93b93d4d8667016452c075de2e93db3593070a00a07873a184640b578268eec5,
fertilize_then_water:s210:a0:x2y3,melon_threshold:2026092414,melon_threshold,melon_threshold,2026092414,0,210,0,"[2,3]",MELON,"{""crop_WHEAT"":0.0,""crop_CARROT"":0.0,""crop_TOMATO"":0.0,""crop_STRAWBERRY"":0.0,""crop_MELON"":1.0,""day_29"":0.27586206896551724,""hour_23"":0.782608695652174,""crop_age_12"":0.6666666666666666,""yield_fraction"":0.5,""consecutive_unwatered_2"":0.0,""fertilizer_carried_5"":0.4,""fertilizer_shed_20"":0.0,""own_money_10000"":0.171,""cash_lead_10000"":0.0061,""crop_price_300"":0.9,""fertilizer_price_150"":0.5466666666666666,""price_advantage_300"":0.6266666666666667,""unlocked_quadrants_4"":0.5,""actor_6"":0.0,""x_9"":0.2222222222222222,""y_9"":0.3333333333333333,""remaining_steps_720"":0.7069444444444445,""crop_market_inventory_delta_400"":-0.0225,""fert_market_inventory_delta_400"":0.23,""unlocked_shops_4"":0.5}","[0.0,0.0,0.0,0.0,1.0,0.27586206896551724,0.782608695652174,0.6666666666666666,0.5,0.0,0.4,0.0,0.171,0.0061,0.9,0.5466666666666666,0.6266666666666667,0.5,0.0,0.2222222222222222,0.3333333333333333,0.7069444444444445,-0.0225,0.23,0.5]","{""target_identity"":{""type"":""crop"",""coordinate"":[2,3],""resource"":""MELON"",""generation_or_placement_day"":0},""required_carried"":{""FERTILIZER"":1},""reserved_resources"":{""actor"":0,""FERTILIZER"":1,""target"":[2,3]},""start_condition"":""baseline WATER; production due; unfertilized; carried FERTILIZER; no harmful same-target predecessor"",""planned_actions"":[[""FERTILIZE""],[""WATER""]],""completion"":""fertilized_until_day >= day+2 and watered_today true on the same crop generation"",""failure"":""actor/target/day changed or either engine effect was not observed"",""recovery"":""return to freshly computed base action after checking the real remaining WATER obligation""}",97035.0,94046.0,2989.0,1,96996.0,94099.0,2897.0,1,-92.0,0,1,e2cc10621dc841288f5496da6b131c613dc81210c7ee3d98dd0bbb107b1300dd,e2cc10621dc841288f5496da6b131c613dc81210c7ee3d98dd0bbb107b1300dd,1,1,0,{},1,"{""mode"":""target"",""base_sha256"":""b6553c296c556aff5b5e2d12b75618e505fa4d852afb5338414ac6d6e039cb02"",""model_loaded"":false,""model_calls"":0,""model_selected_tasks"":0,""model_changed_final_actions"":0,""rule_overrides"":0,""task_candidates"":9,""tasks_started"":1,""tasks_completed"":1,""contract_failures"":0,""events"":[{""event"":""fertilize_committed"",""step"":210,""candidate_id"":""fertilize_then_water:s210:a0:x2y3"",""actor"":0,""target"":[2,3],""features"":{""crop_WHEAT"":0.0,""crop_CARROT"":0.0,""crop_TOMATO"":0.0,""crop_STRAWBERRY"":0.0,""crop_MELON"":1.0,""day_29"":0.27586206896551724,""hour_23"":0.782608695652174,""crop_age_12"":0.6666666666666666,""yield_fraction"":0.5,""consecutive_unwatered_2"":0.0,""fertilizer_carried_5"":0.4,""fertilizer_shed_20"":0.0,""own_money_10000"":0.171,""cash_lead_10000"":0.0061,""crop_price_300"":0.9,""fertilizer_price_150"":0.5466666666666666,""price_advantage_300"":0.6266666666666667,""unlocked_quadrants_4"":0.5,""actor_6"":0.0,""x_9"":0.2222222222222222,""y_9"":0.3333333333333333,""remaining_steps_720"":0.7069444444444445,""crop_market_inventory_delta_400"":-0.0225,""fert_market_inventory_delta_400"":0.23,""unlocked_shops_4"":0.5},""probability"":null},{""event"":""water_committed"",""step"":211,""candidate_id"":""fertilize_then_water:s210:a0:x2y3"",""actor"":0},{""event"":""task_completed"",""step"":212,""candidate_id"":""fertilize_then_water:s210:a0:x2y3""}],""pending_obligations"":{}}",experiments/round10_public_learning_20260924/training/task_labels/replays/baseline/melon_threshold/seed_2026092414_seat_0.json.gz,experiments/round10_public_learning_20260924/training/task_labels/replays/treatment/melon_threshold/seed_2026092414_seat_0_fertilize_then_water_s210_a0_x2y3.json.gz,59af426b9f6caf35fabb2de31757a71939d8eb2d6c70b03b10dd4fede0aba7cd,
fertilize_then_water:s378:a3:x1y3,melon_threshold:2026092414,melon_threshold,melon_threshold,2026092414,0,378,3,"[1,3]",WHEAT,"{""crop_WHEAT"":1.0,""crop_CARROT"":0.0,""crop_TOMATO"":0.0,""crop_STRAWBERRY"":0.0,""crop_MELON"":0.0,""day_29"":0.5172413793103449,""hour_23"":0.782608695652174,""crop_age_12"":0.16666666666666666,""yield_fraction"":0.16666666666666666,""consecutive_unwatered_2"":0.0,""fertilizer_carried_5"":0.2,""fertilizer_shed_20"":0.0,""own_money_10000"":3.2302,""cash_lead_10000"":-0.0474,""crop_price_300"":0.13,""fertilizer_price_150"":0.32,""price_advantage_300"":-0.03,""unlocked_quadrants_4"":0.75,""actor_6"":0.5,""x_9"":0.1111111111111111,""y_9"":0.3333333333333333,""remaining_steps_720"":0.4736111111111111,""crop_market_inventory_delta_400"":-0.52,""fert_market_inventory_delta_400"":0.655,""unlocked_shops_4"":1.25}","[1.0,0.0,0.0,0.0,0.0,0.5172413793103449,0.782608695652174,0.16666666666666666,0.16666666666666666,0.0,0.2,0.0,3.2302,-0.0474,0.13,0.32,-0.03,0.75,0.5,0.1111111111111111,0.3333333333333333,0.4736111111111111,-0.52,0.655,1.25]","{""target_identity"":{""type"":""crop"",""coordinate"":[1,3],""resource"":""WHEAT"",""generation_or_placement_day"":13},""required_carried"":{""FERTILIZER"":1},""reserved_resources"":{""actor"":3,""FERTILIZER"":1,""target"":[1,3]},""start_condition"":""baseline WATER; production due; unfertilized; carried FERTILIZER; no harmful same-target predecessor"",""planned_actions"":[[""FERTILIZE""],[""WATER""]],""completion"":""fertilized_until_day >= day+2 and watered_today true on the same crop generation"",""failure"":""actor/target/day changed or either engine effect was not observed"",""recovery"":""return to freshly computed base action after checking the real remaining WATER obligation""}",97035.0,94046.0,2989.0,1,97014.0,94076.0,2938.0,1,-51.0,0,1,def2e340bfd5a44cce790035ab79d82eafa2ac5aea50e26cbc4505fefb35a251,def2e340bfd5a44cce790035ab79d82eafa2ac5aea50e26cbc4505fefb35a251,1,1,0,{},1,"{""mode"":""target"",""base_sha256"":""b6553c296c556aff5b5e2d12b75618e505fa4d852afb5338414ac6d6e039cb02"",""model_loaded"":false,""model_calls"":0,""model_selected_tasks"":0,""model_changed_final_actions"":0,""rule_overrides"":0,""task_candidates"":18,""tasks_started"":1,""tasks_completed"":1,""contract_failures"":0,""events"":[{""event"":""fertilize_committed"",""step"":378,""candidate_id"":""fertilize_then_water:s378:a3:x1y3"",""actor"":3,""target"":[1,3],""features"":{""crop_WHEAT"":1.0,""crop_CARROT"":0.0,""crop_TOMATO"":0.0,""crop_STRAWBERRY"":0.0,""crop_MELON"":0.0,""day_29"":0.5172413793103449,""hour_23"":0.782608695652174,""crop_age_12"":0.16666666666666666,""yield_fraction"":0.16666666666666666,""consecutive_unwatered_2"":0.0,""fertilizer_carried_5"":0.2,""fertilizer_shed_20"":0.0,""own_money_10000"":3.2302,""cash_lead_10000"":-0.0474,""crop_price_300"":0.13,""fertilizer_price_150"":0.32,""price_advantage_300"":-0.03,""unlocked_quadrants_4"":0.75,""actor_6"":0.5,""x_9"":0.1111111111111111,""y_9"":0.3333333333333333,""remaining_steps_720"":0.4736111111111111,""crop_market_inventory_delta_400"":-0.52,""fert_market_inventory_delta_400"":0.655,""unlocked_shops_4"":1.25},""probability"":null},{""event"":""water_committed"",""step"":379,""candidate_id"":""fertilize_then_water:s378:a3:x1y3"",""actor"":3},{""event"":""task_completed"",""step"":380,""candidate_id"":""fertilize_then_water:s378:a3:x1y3""}],""pending_obligations"":{}}",experiments/round10_public_learning_20260924/training/task_labels/replays/baseline/melon_threshold/seed_2026092414_seat_0.json.gz,experiments/round10_public_learning_20260924/training/task_labels/replays/treatment/melon_threshold/seed_2026092414_seat_0_fertilize_then_water_s378_a3_x1y3.json.gz,43ae4719a37c6562525d97bb3e39c918d6d2245ccffd42b006ddaa0d087458f5,
fertilize_then_water:s493:a5:x9y2,melon_threshold:2026092414,melon_threshold,melon_threshold,2026092414,0,493,5,"[9,2]",STRAWBERRY,"{""crop_WHEAT"":0.0,""crop_CARROT"":0.0,""crop_TOMATO"":0.0,""crop_STRAWBERRY"":1.0,""crop_MELON"":0.0,""day_29"":0.6896551724137931,""hour_23"":0.5652173913043478,""crop_age_12"":1.0833333333333333,""yield_fraction"":0.0,""consecutive_unwatered_2"":0.5,""fertilizer_carried_5"":0.2,""fertilizer_shed_20"":0.0,""own_money_10000"":6.1784,""cash_lead_10000"":0.0769,""crop_price_300"":0.5166666666666667,""fertilizer_price_150"":0.2,""price_advantage_300"":0.4166666666666667,""unlocked_quadrants_4"":0.75,""actor_6"":0.8333333333333334,""x_9"":1.0,""y_9"":0.2222222222222222,""remaining_steps_720"":0.3138888888888889,""crop_market_inventory_delta_400"":-0.0425,""fert_market_inventory_delta_400"":0.87,""unlocked_shops_4"":1.5}","[0.0,0.0,0.0,1.0,0.0,0.6896551724137931,0.5652173913043478,1.0833333333333333,0.0,0.5,0.2,0.0,6.1784,0.0769,0.5166666666666667,0.2,0.4166666666666667,0.75,0.8333333333333334,1.0,0.2222222222222222,0.3138888888888889,-0.0425,0.87,1.5]","{""target_identity"":{""type"":""crop"",""coordinate"":[9,2],""resource"":""STRAWBERRY"",""generation_or_placement_day"":7},""required_carried"":{""FERTILIZER"":1},""reserved_resources"":{""actor"":5,""FERTILIZER"":1,""target"":[9,2]},""start_condition"":""baseline WATER; production due; unfertilized; carried FERTILIZER; no harmful same-target predecessor"",""planned_actions"":[[""FERTILIZE""],[""WATER""]],""completion"":""fertilized_until_day >= day+2 and watered_today true on the same crop generation"",""failure"":""actor/target/day changed or either engine effect was not observed"",""recovery"":""return to freshly computed base action after checking the real remaining WATER obligation""}",97035.0,94046.0,2989.0,1,96378.0,93567.0,2811.0,1,-178.0,0,1,20d641994a312b846472a5f185cb50b71ad794e70a741ad7c248b22cc64aaa82,20d641994a312b846472a5f185cb50b71ad794e70a741ad7c248b22cc64aaa82,1,1,0,{},1,"{""mode"":""target"",""base_sha256"":""b6553c296c556aff5b5e2d12b75618e505fa4d852afb5338414ac6d6e039cb02"",""model_loaded"":false,""model_calls"":0,""model_selected_tasks"":0,""model_changed_final_actions"":0,""rule_overrides"":0,""task_candidates"":36,""tasks_started"":1,""tasks_completed"":1,""contract_failures"":0,""events"":[{""event"":""fertilize_committed"",""step"":493,""candidate_id"":""fertilize_then_water:s493:a5:x9y2"",""actor"":5,""target"":[9,2],""features"":{""crop_WHEAT"":0.0,""crop_CARROT"":0.0,""crop_TOMATO"":0.0,""crop_STRAWBERRY"":1.0,""crop_MELON"":0.0,""day_29"":0.6896551724137931,""hour_23"":0.5652173913043478,""crop_age_12"":1.0833333333333333,""yield_fraction"":0.0,""consecutive_unwatered_2"":0.5,""fertilizer_carried_5"":0.2,""fertilizer_shed_20"":0.0,""own_money_10000"":6.1784,""cash_lead_10000"":0.0769,""crop_price_300"":0.5166666666666667,""fertilizer_price_150"":0.2,""price_advantage_300"":0.4166666666666667,""unlocked_quadrants_4"":0.75,""actor_6"":0.8333333333333334,""x_9"":1.0,""y_9"":0.2222222222222222,""remaining_steps_720"":0.3138888888888889,""crop_market_inventory_delta_400"":-0.0425,""fert_market_inventory_delta_400"":0.87,""unlocked_shops_4"":1.5},""probability"":null},{""event"":""water_committed"",""step"":494,""candidate_id"":""fertilize_then_water:s493:a5:x9y2"",""actor"":5},{""event"":""task_completed"",""step"":495,""candidate_id"":""fertilize_then_water:s493:a5:x9y2""}],""pending_obligations"":{}}",experiments/round10_public_learning_20260924/training/task_labels/replays/baseline/melon_threshold/seed_2026092414_seat_0.json.gz,experiments/round10_public_learning_20260924/training/task_labels/replays/treatment/melon_threshold/seed_2026092414_seat_0_fertilize_then_water_s493_a5_x9y2.json.gz,ee18e818530faacade71f3466bbe122b1de652aa2890abe0da5d39e095c17f27,
fertilize_then_water:s161:a3:x3y2,melon_threshold:2026092414,melon_threshold,melon_threshold,2026092414,1,161,3,"[3,2]",MELON,"{""crop_WHEAT"":0.0,""crop_CARROT"":0.0,""crop_TOMATO"":0.0,""crop_STRAWBERRY"":0.0,""crop_MELON"":1.0,""day_29"":0.20689655172413793,""hour_23"":0.7391304347826086,""crop_age_12"":0.5,""yield_fraction"":0.16666666666666666,""consecutive_unwatered_2"":0.0,""fertilizer_carried_5"":0.2,""fertilizer_shed_20"":0.0,""own_money_10000"":0.0979,""cash_lead_10000"":-0.0006,""crop_price_300"":0.8933333333333333,""fertilizer_price_150"":0.5866666666666667,""price_advantage_300"":0.6,""unlocked_quadrants_4"":0.5,""actor_6"":0.5,""x_9"":0.3333333333333333,""y_9"":0.2222222222222222,""remaining_steps_720"":0.775,""crop_market_inventory_delta_400"":-0.0175,""fert_market_inventory_delta_400"":0.15,""unlocked_shops_4"":0.5}","[0.0,0.0,0.0,0.0,1.0,0.20689655172413793,0.7391304347826086,0.5,0.16666666666666666,0.0,0.2,0.0,0.0979,-0.0006,0.8933333333333333,0.5866666666666667,0.6,0.5,0.5,0.3333333333333333,0.2222222222222222,0.775,-0.0175,0.15,0.5]","{""target_identity"":{""type"":""crop"",""coordinate"":[3,2],""resource"":""MELON"",""generation_or_placement_day"":0},""required_carried"":{""FERTILIZER"":1},""reserved_resources"":{""actor"":3,""FERTILIZER"":1,""target"":[3,2]},""start_condition"":""baseline WATER; production due; unfertilized; carried FERTILIZER; no harmful same-target predecessor"",""planned_actions"":[[""FERTILIZE""],[""WATER""]],""completion"":""fertilized_until_day >= day+2 and watered_today true on the same crop generation"",""failure"":""actor/target/day changed or either engine effect was not observed"",""recovery"":""return to freshly computed base action after checking the real remaining WATER obligation""}",97035.0,94046.0,2989.0,1,96743.0,94190.0,2553.0,1,-436.0,0,1,49fffcc33cd369358b7bb426552b64996f2fb10b618a8228be30648751871694,49fffcc33cd369358b7bb426552b64996f2fb10b618a8228be30648751871694,1,1,0,{},1,"{""mode"":""target"",""base_sha256"":""b6553c296c556aff5b5e2d12b75618e505fa4d852afb5338414ac6d6e039cb02"",""model_loaded"":false,""model_calls"":0,""model_selected_tasks"":0,""model_changed_final_actions"":0,""rule_overrides"":0,""task_candidates"":4,""tasks_started"":1,""tasks_completed"":1,""contract_failures"":0,""events"":[{""event"":""fertilize_committed"",""step"":161,""candidate_id"":""fertilize_then_water:s161:a3:x3y2"",""actor"":3,""target"":[3,2],""features"":{""crop_WHEAT"":0.0,""crop_CARROT"":0.0,""crop_TOMATO"":0.0,""crop_STRAWBERRY"":0.0,""crop_MELON"":1.0,""day_29"":0.20689655172413793,""hour_23"":0.7391304347826086,""crop_age_12"":0.5,""yield_fraction"":0.16666666666666666,""consecutive_unwatered_2"":0.0,""fertilizer_carried_5"":0.2,""fertilizer_shed_20"":0.0,""own_money_10000"":0.0979,""cash_lead_10000"":-0.0006,""crop_price_300"":0.8933333333333333,""fertilizer_price_150"":0.5866666666666667,""price_advantage_300"":0.6,""unlocked_quadrants_4"":0.5,""actor_6"":0.5,""x_9"":0.3333333333333333,""y_9"":0.2222222222222222,""remaining_steps_720"":0.775,""crop_market_inventory_delta_400"":-0.0175,""fert_market_inventory_delta_400"":0.15,""unlocked_shops_4"":0.5},""probability"":null},{""event"":""water_committed"",""step"":162,""candidate_id"":""fertilize_then_water:s161:a3:x3y2"",""actor"":3},{""event"":""task_completed"",""step"":163,""candidate_id"":""fertilize_then_water:s161:a3:x3y2""}],""pending_obligations"":{}}",experiments/round10_public_learning_20260924/training/task_labels/replays/baseline/melon_threshold/seed_2026092414_seat_1.json.gz,experiments/round10_public_learning_20260924/training/task_labels/replays/treatment/melon_threshold/seed_2026092414_seat_1_fertilize_then_water_s161_a3_x3y2.json.gz,46b2e8a80825863e696bf02de619c6f7513eead4a4cf6eb3c094a20698d1660d,
fertilize_then_water:s566:a6:x7y1,melon_threshold:2026092414,melon_threshold,melon_threshold,2026092414,1,566,6,"[7,1]",STRAWBERRY,"{""crop_WHEAT"":0.0,""crop_CARROT"":0.0,""crop_TOMATO"":0.0,""crop_STRAWBERRY"":1.0,""crop_MELON"":0.0,""day_29"":0.7931034482758621,""hour_23"":0.6086956521739131,""crop_age_12"":1.25,""yield_fraction"":0.0,""consecutive_unwatered_2"":0.5,""fertilizer_carried_5"":0.2,""fertilizer_shed_20"":0.0,""own_money_10000"":7.4283,""cash_lead_10000"":0.0514,""crop_price_300"":0.05333333333333334,""fertilizer_price_150"":0.12,""price_advantage_300"":-0.006666666666666667,""unlocked_quadrants_4"":0.75,""actor_6"":1.0,""x_9"":0.7777777777777778,""y_9"":0.1111111111111111,""remaining_steps_720"":0.2125,""crop_market_inventory_delta_400"":0.135,""fert_market_inventory_delta_400"":1.0275,""unlocked_shops_4"":1.75}","[0.0,0.0,0.0,1.0,0.0,0.7931034482758621,0.6086956521739131,1.25,0.0,0.5,0.2,0.0,7.4283,0.0514,0.05333333333333334,0.12,-0.006666666666666667,0.75,1.0,0.7777777777777778,0.1111111111111111,0.2125,0.135,1.0275,1.75]","{""target_identity"":{""type"":""crop"",""coordinate"":[7,1],""resource"":""STRAWBERRY"",""generation_or_placement_day"":8},""required_carried"":{""FERTILIZER"":1},""reserved_resources"":{""actor"":6,""FERTILIZER"":1,""target"":[7,1]},""start_condition"":""baseline WATER; production due; unfertilized; carried FERTILIZER; no harmful same-target predecessor"",""planned_actions"":[[""FERTILIZE""],[""WATER""]],""completion"":""fertilized_until_day >= day+2 and watered_today true on the same crop generation"",""failure"":""actor/target/day changed or either engine effect was not observed"",""recovery"":""return to freshly computed base action after checking the real remaining WATER obligation""}",97035.0,94046.0,2989.0,1,96818.0,94268.0,2550.0,1,-439.0,0,1,8b450c693b3e1adf8bc42e14e7a9f1116b2e4ed326a2bcc2f5895a1303c29905,8b450c693b3e1adf8bc42e14e7a9f1116b2e4ed326a2bcc2f5895a1303c29905,1,1,0,{},1,"{""mode"":""target"",""base_sha256"":""b6553c296c556aff5b5e2d12b75618e505fa4d852afb5338414ac6d6e039cb02"",""model_loaded"":false,""model_calls"":0,""model_selected_tasks"":0,""model_changed_final_actions"":0,""rule_overrides"":0,""task_candidates"":49,""tasks_started"":1,""tasks_completed"":1,""contract_failures"":0,""events"":[{""event"":""fertilize_committed"",""step"":566,""candidate_id"":""fertilize_then_water:s566:a6:x7y1"",""actor"":6,""target"":[7,1],""features"":{""crop_WHEAT"":0.0,""crop_CARROT"":0.0,""crop_TOMATO"":0.0,""crop_STRAWBERRY"":1.0,""crop_MELON"":0.0,""day_29"":0.7931034482758621,""hour_23"":0.6086956521739131,""crop_age_12"":1.25,""yield_fraction"":0.0,""consecutive_unwatered_2"":0.5,""fertilizer_carried_5"":0.2,""fertilizer_shed_20"":0.0,""own_money_10000"":7.4283,""cash_lead_10000"":0.0514,""crop_price_300"":0.05333333333333334,""fertilizer_price_150"":0.12,""price_advantage_300"":-0.006666666666666667,""unlocked_quadrants_4"":0.75,""actor_6"":1.0,""x_9"":0.7777777777777778,""y_9"":0.1111111111111111,""remaining_steps_720"":0.2125,""crop_market_inventory_delta_400"":0.135,""fert_market_inventory_delta_400"":1.0275,""unlocked_shops_4"":1.75},""probability"":null},{""event"":""water_committed"",""step"":567,""candidate_id"":""fertilize_then_water:s566:a6:x7y1"",""actor"":6},{""event"":""task_completed"",""step"":568,""candidate_id"":""fertilize_then_water:s566:a6:x7y1""}],""pending_obligations"":{}}",experiments/round10_public_learning_20260924/training/task_labels/replays/baseline/melon_threshold/seed_2026092414_seat_1.json.gz,experiments/round10_public_learning_20260924/training/task_labels/replays/treatment/melon_threshold/seed_2026092414_seat_1_fertilize_then_water_s566_a6_x7y1.json.gz,44edae810c36f555baef74b2bb522a8e7673fefc24ccf1d036bfe416aca17eb7,
fertilize_then_water:s568:a8:x2y0,melon_threshold:2026092414,melon_threshold,melon_threshold,2026092414,1,568,8,"[2,0]",WHEAT,"{""crop_WHEAT"":1.0,""crop_CARROT"":0.0,""crop_TOMATO"":0.0,""crop_STRAWBERRY"":0.0,""crop_MELON"":0.0,""day_29"":0.7931034482758621,""hour_23"":0.6956521739130435,""crop_age_12"":0.16666666666666666,""yield_fraction"":0.16666666666666666,""consecutive_unwatered_2"":0.5,""fertilizer_carried_5"":0.2,""fertilizer_shed_20"":0.0,""own_money_10000"":7.4295,""cash_lead_10000"":0.0391,""crop_price_300"":0.13666666666666666,""fertilizer_price_150"":0.12,""price_advantage_300"":0.07666666666666666,""unlocked_quadrants_4"":0.75,""actor_6"":1.3333333333333333,""x_9"":0.2222222222222222,""y_9"":0.0,""remaining_steps_720"":0.20972222222222223,""crop_market_inventory_delta_400"":-0.65,""fert_market_inventory_delta_400"":1.0275,""unlocked_shops_4"":1.75}","[1.0,0.0,0.0,0.0,0.0,0.7931034482758621,0.6956521739130435,0.16666666666666666,0.16666666666666666,0.5,0.2,0.0,7.4295,0.0391,0.13666666666666666,0.12,0.07666666666666666,0.75,1.3333333333333333,0.2222222222222222,0.0,0.20972222222222223,-0.65,1.0275,1.75]","{""target_identity"":{""type"":""crop"",""coordinate"":[2,0],""resource"":""WHEAT"",""generation_or_placement_day"":21},""required_carried"":{""FERTILIZER"":1},""reserved_resources"":{""actor"":8,""FERTILIZER"":1,""target"":[2,0]},""start_condition"":""baseline WATER; production due; unfertilized; carried FERTILIZER; no harmful same-target predecessor"",""planned_actions"":[[""FERTILIZE""],[""WATER""]],""completion"":""fertilized_until_day >= day+2 and watered_today true on the same crop generation"",""failure"":""actor/target/day changed or either engine effect was not observed"",""recovery"":""return to freshly computed base action after checking the real remaining WATER obligation""}",97035.0,94046.0,2989.0,1,96883.0,94119.0,2764.0,1,-225.0,0,1,3a603fe9b7c4f938fef3a1e3fa35d9f4e01880033d9f1a19c2b83e9a49abc312,3a603fe9b7c4f938fef3a1e3fa35d9f4e01880033d9f1a19c2b83e9a49abc312,1,1,0,{},1,"{""mode"":""target"",""base_sha256"":""b6553c296c556aff5b5e2d12b75618e505fa4d852afb5338414ac6d6e039cb02"",""model_loaded"":false,""model_calls"":0,""model_selected_tasks"":0,""model_changed_final_actions"":0,""rule_overrides"":0,""task_candidates"":50,""tasks_started"":1,""tasks_completed"":1,""contract_failures"":0,""events"":[{""event"":""fertilize_committed"",""step"":568,""candidate_id"":""fertilize_then_water:s568:a8:x2y0"",""actor"":8,""target"":[2,0],""features"":{""crop_WHEAT"":1.0,""crop_CARROT"":0.0,""crop_TOMATO"":0.0,""crop_STRAWBERRY"":0.0,""crop_MELON"":0.0,""day_29"":0.7931034482758621,""hour_23"":0.6956521739130435,""crop_age_12"":0.16666666666666666,""yield_fraction"":0.16666666666666666,""consecutive_unwatered_2"":0.5,""fertilizer_carried_5"":0.2,""fertilizer_shed_20"":0.0,""own_money_10000"":7.4295,""cash_lead_10000"":0.0391,""crop_price_300"":0.13666666666666666,""fertilizer_price_150"":0.12,""price_advantage_300"":0.07666666666666666,""unlocked_quadrants_4"":0.75,""actor_6"":1.3333333333333333,""x_9"":0.2222222222222222,""y_9"":0.0,""remaining_steps_720"":0.20972222222222223,""crop_market_inventory_delta_400"":-0.65,""fert_market_inventory_delta_400"":1.0275,""unlocked_shops_4"":1.75},""probability"":null},{""event"":""water_committed"",""step"":569,""candidate_id"":""fertilize_then_water:s568:a8:x2y0"",""actor"":8},{""event"":""task_completed"",""step"":570,""candidate_id"":""fertilize_then_water:s568:a8:x2y0""}],""pending_obligations"":{}}",experiments/round10_public_learning_20260924/training/task_labels/replays/baseline/melon_threshold/seed_2026092414_seat_1.json.gz,experiments/round10_public_learning_20260924/training/task_labels/replays/treatment/melon_threshold/seed_2026092414_seat_1_fertilize_then_water_s568_a8_x2y0.json.gz,3c266afc6027d9569a29654d62fcb85fcef51c8c19928daeac66bb74cd9c8917,
fertilize_then_water:s229:a8:x3y2,melon_threshold:2026092415,melon_threshold,melon_threshold,2026092415,0,229,8,"[3,2]",MELON,"{""crop_WHEAT"":0.0,""crop_CARROT"":0.0,""crop_TOMATO"":0.0,""crop_STRAWBERRY"":0.0,""crop_MELON"":1.0,""day_29"":0.3103448275862069,""hour_23"":0.5652173913043478,""crop_age_12"":0.75,""yield_fraction"":0.6666666666666666,""consecutive_unwatered_2"":0.0,""fertilizer_carried_5"":0.4,""fertilizer_shed_20"":0.0,""own_money_10000"":0.1592,""cash_lead_10000"":0.0074,""crop_price_300"":0.9033333333333333,""fertilizer_price_150"":0.5266666666666666,""price_advantage_300"":0.64,""unlocked_quadrants_4"":0.5,""actor_6"":1.3333333333333333,""x_9"":0.3333333333333333,""y_9"":0.2222222222222222,""remaining_steps_720"":0.6805555555555556,""crop_market_inventory_delta_400"":-0.025,""fert_market_inventory_delta_400"":0.265,""unlocked_shops_4"":0.75}","[0.0,0.0,0.0,0.0,1.0,0.3103448275862069,0.5652173913043478,0.75,0.6666666666666666,0.0,0.4,0.0,0.1592,0.0074,0.9033333333333333,0.5266666666666666,0.64,0.5,1.3333333333333333,0.3333333333333333,0.2222222222222222,0.6805555555555556,-0.025,0.265,0.75]","{""target_identity"":{""type"":""crop"",""coordinate"":[3,2],""resource"":""MELON"",""generation_or_placement_day"":0},""required_carried"":{""FERTILIZER"":1},""reserved_resources"":{""actor"":8,""FERTILIZER"":1,""target"":[3,2]},""start_condition"":""baseline WATER; production due; unfertilized; carried FERTILIZER; no harmful same-target predecessor"",""planned_actions"":[[""FERTILIZE""],[""WATER""]],""completion"":""fertilized_until_day >= day+2 and watered_today true on the same crop generation"",""failure"":""actor/target/day changed or either engine effect was not observed"",""recovery"":""return to freshly computed base action after checking the real remaining WATER obligation""}",111585.0,110141.0,1444.0,1,111501.0,110311.0,1190.0,1,-254.0,0,1,f41cedf9923884f12d27137bc5ee420cbe3cbd01199749a1a7141437eb351df4,f41cedf9923884f12d27137bc5ee420cbe3cbd01199749a1a7141437eb351df4,1,1,0,{},1,"{""mode"":""target"",""base_sha256"":""b6553c296c556aff5b5e2d12b75618e505fa4d852afb5338414ac6d6e039cb02"",""model_loaded"":false,""model_calls"":0,""model_selected_tasks"":0,""model_changed_final_actions"":0,""rule_overrides"":0,""task_candidates"":11,""tasks_started"":1,""tasks_completed"":1,""contract_failures"":0,""events"":[{""event"":""fertilize_committed"",""step"":229,""candidate_id"":""fertilize_then_water:s229:a8:x3y2"",""actor"":8,""target"":[3,2],""features"":{""crop_WHEAT"":0.0,""crop_CARROT"":0.0,""crop_TOMATO"":0.0,""crop_STRAWBERRY"":0.0,""crop_MELON"":1.0,""day_29"":0.3103448275862069,""hour_23"":0.5652173913043478,""crop_age_12"":0.75,""yield_fraction"":0.6666666666666666,""consecutive_unwatered_2"":0.0,""fertilizer_carried_5"":0.4,""fertilizer_shed_20"":0.0,""own_money_10000"":0.1592,""cash_lead_10000"":0.0074,""crop_price_300"":0.9033333333333333,""fertilizer_price_150"":0.5266666666666666,""price_advantage_300"":0.64,""unlocked_quadrants_4"":0.5,""actor_6"":1.3333333333333333,""x_9"":0.3333333333333333,""y_9"":0.2222222222222222,""remaining_steps_720"":0.6805555555555556,""crop_market_inventory_delta_400"":-0.025,""fert_market_inventory_delta_400"":0.265,""unlocked_shops_4"":0.75},""probability"":null},{""event"":""water_committed"",""step"":230,""candidate_id"":""fertilize_then_water:s229:a8:x3y2"",""actor"":8},{""event"":""task_completed"",""step"":231,""candidate_id"":""fertilize_then_water:s229:a8:x3y2""}],""pending_obligations"":{}}",experiments/round10_public_learning_20260924/training/task_labels/replays/baseline/melon_threshold/seed_2026092415_seat_0.json.gz,experiments/round10_public_learning_20260924/training/task_labels/replays/treatment/melon_threshold/seed_2026092415_seat_0_fertilize_then_water_s229_a8_x3y2.json.gz,a250be4cc7d2a181dfce4338ec7c4640837eb4684faed06f20d2a1a671dbf29f,
fertilize_then_water:s543:a7:x9y3,melon_threshold:2026092415,melon_threshold,melon_threshold,2026092415,0,543,7,"[9,3]",STRAWBERRY,"{""crop_WHEAT"":0.0,""crop_CARROT"":0.0,""crop_TOMATO"":0.0,""crop_STRAWBERRY"":1.0,""crop_MELON"":0.0,""day_29"":0.7586206896551724,""hour_23"":0.6521739130434783,""crop_age_12"":1.25,""yield_fraction"":0.0,""consecutive_unwatered_2"":0.5,""fertilizer_carried_5"":0.2,""fertilizer_shed_20"":0.0,""own_money_10000"":6.6019,""cash_lead_10000"":-0.0824,""crop_price_300"":0.54,""fertilizer_price_150"":0.14666666666666667,""price_advantage_300"":0.4666666666666667,""unlocked_quadrants_4"":0.75,""actor_6"":1.1666666666666667,""x_9"":1.0,""y_9"":0.3333333333333333,""remaining_steps_720"":0.24444444444444444,""crop_market_inventory_delta_400"":-0.0625,""fert_market_inventory_delta_400"":0.97,""unlocked_shops_4"":1.75}","[0.0,0.0,0.0,1.0,0.0,0.7586206896551724,0.6521739130434783,1.25,0.0,0.5,0.2,0.0,6.6019,-0.0824,0.54,0.14666666666666667,0.4666666666666667,0.75,1.1666666666666667,1.0,0.3333333333333333,0.24444444444444444,-0.0625,0.97,1.75]","{""target_identity"":{""type"":""crop"",""coordinate"":[9,3],""resource"":""STRAWBERRY"",""generation_or_placement_day"":7},""required_carried"":{""FERTILIZER"":1},""reserved_resources"":{""actor"":7,""FERTILIZER"":1,""target"":[9,3]},""start_condition"":""baseline WATER; production due; unfertilized; carried FERTILIZER; no harmful same-target predecessor"",""planned_actions"":[[""FERTILIZE""],[""WATER""]],""completion"":""fertilized_until_day >= day+2 and watered_today true on the same crop generation"",""failure"":""actor/target/day changed or either engine effect was not observed"",""recovery"":""return to freshly computed base action after checking the real remaining WATER obligation""}",111585.0,110141.0,1444.0,1,111306.0,110297.0,1009.0,1,-435.0,0,1,33ebe81b6c2d1d02712fc2396d375e87df8dc525de5f64bb7f3327811715f6e7,33ebe81b6c2d1d02712fc2396d375e87df8dc525de5f64bb7f3327811715f6e7,1,1,0,{},1,"{""mode"":""target"",""base_sha256"":""b6553c296c556aff5b5e2d12b75618e505fa4d852afb5338414ac6d6e039cb02"",""model_loaded"":false,""model_calls"":0,""model_selected_tasks"":0,""model_changed_final_actions"":0,""rule_overrides"":0,""task_candidates"":50,""tasks_started"":1,""tasks_completed"":1,""contract_failures"":0,""events"":[{""event"":""fertilize_committed"",""step"":543,""candidate_id"":""fertilize_then_water:s543:a7:x9y3"",""actor"":7,""target"":[9,3],""features"":{""crop_WHEAT"":0.0,""crop_CARROT"":0.0,""crop_TOMATO"":0.0,""crop_STRAWBERRY"":1.0,""crop_MELON"":0.0,""day_29"":0.7586206896551724,""hour_23"":0.6521739130434783,""crop_age_12"":1.25,""yield_fraction"":0.0,""consecutive_unwatered_2"":0.5,""fertilizer_carried_5"":0.2,""fertilizer_shed_20"":0.0,""own_money_10000"":6.6019,""cash_lead_10000"":-0.0824,""crop_price_300"":0.54,""fertilizer_price_150"":0.14666666666666667,""price_advantage_300"":0.4666666666666667,""unlocked_quadrants_4"":0.75,""actor_6"":1.1666666666666667,""x_9"":1.0,""y_9"":0.3333333333333333,""remaining_steps_720"":0.24444444444444444,""crop_market_inventory_delta_400"":-0.0625,""fert_market_inventory_delta_400"":0.97,""unlocked_shops_4"":1.75},""probability"":null},{""event"":""water_committed"",""step"":544,""candidate_id"":""fertilize_then_water:s543:a7:x9y3"",""actor"":7},{""event"":""task_completed"",""step"":545,""candidate_id"":""fertilize_then_water:s543:a7:x9y3""}],""pending_obligations"":{}}",experiments/round10_public_learning_20260924/training/task_labels/replays/baseline/melon_threshold/seed_2026092415_seat_0.json.gz,experiments/round10_public_learning_20260924/training/task_labels/replays/treatment/melon_threshold/seed_2026092415_seat_0_fertilize_then_water_s543_a7_x9y3.json.gz,8e2c7f5b4f78aa3c1710b92372f5408ad42dd7011c8aa11778211bd9df902a21,
fertilize_then_water:s614:a8:x6y1,melon_threshold:2026092415,melon_threshold,melon_threshold,2026092415,0,614,8,"[6,1]",WHEAT,"{""crop_WHEAT"":1.0,""crop_CARROT"":0.0,""crop_TOMATO"":0.0,""crop_STRAWBERRY"":0.0,""crop_MELON"":0.0,""day_29"":0.8620689655172413,""hour_23"":0.6086956521739131,""crop_age_12"":0.16666666666666666,""yield_fraction"":0.16666666666666666,""consecutive_unwatered_2"":0.5,""fertilizer_carried_5"":0.4,""fertilizer_shed_20"":0.05,""own_money_10000"":8.4228,""cash_lead_10000"":0.2036,""crop_price_300"":0.14333333333333334,""fertilizer_price_150"":0.12666666666666668,""price_advantage_300"":0.08,""unlocked_quadrants_4"":0.75,""actor_6"":1.3333333333333333,""x_9"":0.6666666666666666,""y_9"":0.1111111111111111,""remaining_steps_720"":0.14583333333333334,""crop_market_inventory_delta_400"":-0.8325,""fert_market_inventory_delta_400"":1.0075,""unlocked_shops_4"":2.0}","[1.0,0.0,0.0,0.0,0.0,0.8620689655172413,0.6086956521739131,0.16666666666666666,0.16666666666666666,0.5,0.4,0.05,8.4228,0.2036,0.14333333333333334,0.12666666666666668,0.08,0.75,1.3333333333333333,0.6666666666666666,0.1111111111111111,0.14583333333333334,-0.8325,1.0075,2.0]","{""target_identity"":{""type"":""crop"",""coordinate"":[6,1],""resource"":""WHEAT"",""generation_or_placement_day"":23},""required_carried"":{""FERTILIZER"":1},""reserved_resources"":{""actor"":8,""FERTILIZER"":1,""target"":[6,1]},""start_condition"":""baseline WATER; production due; unfertilized; carried FERTILIZER; no harmful same-target predecessor"",""planned_actions"":[[""FERTILIZE""],[""WATER""]],""completion"":""fertilized_until_day >= day+2 and watered_today true on the same crop generation"",""failure"":""actor/target/day changed or either engine effect was not observed"",""recovery"":""return to freshly computed base action after checking the real remaining WATER obligation""}",111585.0,110141.0,1444.0,1,111320.0,110182.0,1138.0,1,-306.0,0,1,29eda5c270a6fa5d1b2b23563c3a3167d27503f00f8528117b1daa4e680a415f,29eda5c270a6fa5d1b2b23563c3a3167d27503f00f8528117b1daa4e680a415f,1,1,0,{},1,"{""mode"":""target"",""base_sha256"":""b6553c296c556aff5b5e2d12b75618e505fa4d852afb5338414ac6d6e039cb02"",""model_loaded"":false,""model_calls"":0,""model_selected_tasks"":0,""model_changed_final_actions"":0,""rule_overrides"":0,""task_candidates"":60,""tasks_started"":1,""tasks_completed"":1,""contract_failures"":0,""events"":[{""event"":""fertilize_committed"",""step"":614,""candidate_id"":""fertilize_then_water:s614:a8:x6y1"",""actor"":8,""target"":[6,1],""features"":{""crop_WHEAT"":1.0,""crop_CARROT"":0.0,""crop_TOMATO"":0.0,""crop_STRAWBERRY"":0.0,""crop_MELON"":0.0,""day_29"":0.8620689655172413,""hour_23"":0.6086956521739131,""crop_age_12"":0.16666666666666666,""yield_fraction"":0.16666666666666666,""consecutive_unwatered_2"":0.5,""fertilizer_carried_5"":0.4,""fertilizer_shed_20"":0.05,""own_money_10000"":8.4228,""cash_lead_10000"":0.2036,""crop_price_300"":0.14333333333333334,""fertilizer_price_150"":0.12666666666666668,""price_advantage_300"":0.08,""unlocked_quadrants_4"":0.75,""actor_6"":1.3333333333333333,""x_9"":0.6666666666666666,""y_9"":0.1111111111111111,""remaining_steps_720"":0.14583333333333334,""crop_market_inventory_delta_400"":-0.8325,""fert_market_inventory_delta_400"":1.0075,""unlocked_shops_4"":2.0},""probability"":null},{""event"":""water_committed"",""step"":615,""candidate_id"":""fertilize_then_water:s614:a8:x6y1"",""actor"":8},{""event"":""task_completed"",""step"":616,""candidate_id"":""fertilize_then_water:s614:a8:x6y1""}],""pending_obligations"":{}}",experiments/round10_public_learning_20260924/training/task_labels/replays/baseline/melon_threshold/seed_2026092415_seat_0.json.gz,experiments/round10_public_learning_20260924/training/task_labels/replays/treatment/melon_threshold/seed_2026092415_seat_0_fertilize_then_water_s614_a8_x6y1.json.gz,91b32a88ee18f617f5cbe0f8bf6baeb8381937daeff891b19fd78e3c48e75cc2,
fertilize_then_water:s229:a8:x3y2,melon_threshold:2026092415,melon_threshold,melon_threshold,2026092415,1,229,8,"[3,2]",MELON,"{""crop_WHEAT"":0.0,""crop_CARROT"":0.0,""crop_TOMATO"":0.0,""crop_STRAWBERRY"":0.0,""crop_MELON"":1.0,""day_29"":0.3103448275862069,""hour_23"":0.5652173913043478,""crop_age_12"":0.75,""yield_fraction"":0.6666666666666666,""consecutive_unwatered_2"":0.0,""fertilizer_carried_5"":0.4,""fertilizer_shed_20"":0.0,""own_money_10000"":0.1592,""cash_lead_10000"":0.0074,""crop_price_300"":0.9033333333333333,""fertilizer_price_150"":0.5266666666666666,""price_advantage_300"":0.64,""unlocked_quadrants_4"":0.5,""actor_6"":1.3333333333333333,""x_9"":0.3333333333333333,""y_9"":0.2222222222222222,""remaining_steps_720"":0.6805555555555556,""crop_market_inventory_delta_400"":-0.025,""fert_market_inventory_delta_400"":0.265,""unlocked_shops_4"":0.75}","[0.0,0.0,0.0,0.0,1.0,0.3103448275862069,0.5652173913043478,0.75,0.6666666666666666,0.0,0.4,0.0,0.1592,0.0074,0.9033333333333333,0.5266666666666666,0.64,0.5,1.3333333333333333,0.3333333333333333,0.2222222222222222,0.6805555555555556,-0.025,0.265,0.75]","{""target_identity"":{""type"":""crop"",""coordinate"":[3,2],""resource"":""MELON"",""generation_or_placement_day"":0},""required_carried"":{""FERTILIZER"":1},""reserved_resources"":{""actor"":8,""FERTILIZER"":1,""target"":[3,2]},""start_condition"":""baseline WATER; production due; unfertilized; carried FERTILIZER; no harmful same-target predecessor"",""planned_actions"":[[""FERTILIZE""],[""WATER""]],""completion"":""fertilized_until_day >= day+2 and watered_today true on the same crop generation"",""failure"":""actor/target/day changed or either engine effect was not observed"",""recovery"":""return to freshly computed base action after checking the real remaining WATER obligation""}",111585.0,110141.0,1444.0,1,111501.0,110311.0,1190.0,1,-254.0,0,1,7de0257a960184ecdc14c16eb125601f12247fc6f7e75f3da5690adf8e3f62a8,7de0257a960184ecdc14c16eb125601f12247fc6f7e75f3da5690adf8e3f62a8,1,1,0,{},1,"{""mode"":""target"",""base_sha256"":""b6553c296c556aff5b5e2d12b75618e505fa4d852afb5338414ac6d6e039cb02"",""model_loaded"":false,""model_calls"":0,""model_selected_tasks"":0,""model_changed_final_actions"":0,""rule_overrides"":0,""task_candidates"":11,""tasks_started"":1,""tasks_completed"":1,""contract_failures"":0,""events"":[{""event"":""fertilize_committed"",""step"":229,""candidate_id"":""fertilize_then_water:s229:a8:x3y2"",""actor"":8,""target"":[3,2],""features"":{""crop_WHEAT"":0.0,""crop_CARROT"":0.0,""crop_TOMATO"":0.0,""crop_STRAWBERRY"":0.0,""crop_MELON"":1.0,""day_29"":0.3103448275862069,""hour_23"":0.5652173913043478,""crop_age_12"":0.75,""yield_fraction"":0.6666666666666666,""consecutive_unwatered_2"":0.0,""fertilizer_carried_5"":0.4,""fertilizer_shed_20"":0.0,""own_money_10000"":0.1592,""cash_lead_10000"":0.0074,""crop_price_300"":0.9033333333333333,""fertilizer_price_150"":0.5266666666666666,""price_advantage_300"":0.64,""unlocked_quadrants_4"":0.5,""actor_6"":1.3333333333333333,""x_9"":0.3333333333333333,""y_9"":0.2222222222222222,""remaining_steps_720"":0.6805555555555556,""crop_market_inventory_delta_400"":-0.025,""fert_market_inventory_delta_400"":0.265,""unlocked_shops_4"":0.75},""probability"":null},{""event"":""water_committed"",""step"":230,""candidate_id"":""fertilize_then_water:s229:a8:x3y2"",""actor"":8},{""event"":""task_completed"",""step"":231,""candidate_id"":""fertilize_then_water:s229:a8:x3y2""}],""pending_obligations"":{}}",experiments/round10_public_learning_20260924/training/task_labels/replays/baseline/melon_threshold/seed_2026092415_seat_1.json.gz,experiments/round10_public_learning_20260924/training/task_labels/replays/treatment/melon_threshold/seed_2026092415_seat_1_fertilize_then_water_s229_a8_x3y2.json.gz,22c656c3464245d89d1b06a7f2c5546ee7d27428a998639cf96401f1fa482fe6,
fertilize_then_water:s498:a8:x2y1,melon_threshold:2026092415,melon_threshold,melon_threshold,2026092415,1,498,8,"[2,1]",WHEAT,"{""crop_WHEAT"":1.0,""crop_CARROT"":0.0,""crop_TOMATO"":0.0,""crop_STRAWBERRY"":0.0,""crop_MELON"":0.0,""day_29"":0.6896551724137931,""hour_23"":0.782608695652174,""crop_age_12"":0.3333333333333333,""yield_fraction"":0.5,""consecutive_unwatered_2"":0.0,""fertilizer_carried_5"":0.4,""fertilizer_shed_20"":0.0,""own_money_10000"":5.0652,""cash_lead_10000"":-0.0307,""crop_price_300"":0.14666666666666667,""fertilizer_price_150"":0.20666666666666667,""price_advantage_300"":0.043333333333333335,""unlocked_quadrants_4"":0.75,""actor_6"":1.3333333333333333,""x_9"":0.2222222222222222,""y_9"":0.1111111111111111,""remaining_steps_720"":0.30694444444444446,""crop_market_inventory_delta_400"":-0.8975,""fert_market_inventory_delta_400"":0.8675,""unlocked_shops_4"":1.5}","[1.0,0.0,0.0,0.0,0.0,0.6896551724137931,0.782608695652174,0.3333333333333333,0.5,0.0,0.4,0.0,5.0652,-0.0307,0.14666666666666667,0.20666666666666667,0.043333333333333335,0.75,1.3333333333333333,0.2222222222222222,0.1111111111111111,0.30694444444444446,-0.8975,0.8675,1.5]","{""target_identity"":{""type"":""crop"",""coordinate"":[2,1],""resource"":""WHEAT"",""generation_or_placement_day"":16},""required_carried"":{""FERTILIZER"":1},""reserved_resources"":{""actor"":8,""FERTILIZER"":1,""target"":[2,1]},""start_condition"":""baseline WATER; production due; unfertilized; carried FERTILIZER; no harmful same-target predecessor"",""planned_actions"":[[""FERTILIZE""],[""WATER""]],""completion"":""fertilized_until_day >= day+2 and watered_today true on the same crop generation"",""failure"":""actor/target/day changed or either engine effect was not observed"",""recovery"":""return to freshly computed base action after checking the real remaining WATER obligation""}",111585.0,110141.0,1444.0,1,111259.0,110184.0,1075.0,1,-369.0,0,1,7f1624c9aa4086bf5109ea8bfbbb1088cef676eb9bc1b84a6ab99b757b17cf2f,7f1624c9aa4086bf5109ea8bfbbb1088cef676eb9bc1b84a6ab99b757b17cf2f,1,1,0,{},1,"{""mode"":""target"",""base_sha256"":""b6553c296c556aff5b5e2d12b75618e505fa4d852afb5338414ac6d6e039cb02"",""model_loaded"":false,""model_calls"":0,""model_selected_tasks"":0,""model_changed_final_actions"":0,""rule_overrides"":0,""task_candidates"":46,""tasks_started"":1,""tasks_completed"":1,""contract_failures"":0,""events"":[{""event"":""fertilize_committed"",""step"":498,""candidate_id"":""fertilize_then_water:s498:a8:x2y1"",""actor"":8,""target"":[2,1],""features"":{""crop_WHEAT"":1.0,""crop_CARROT"":0.0,""crop_TOMATO"":0.0,""crop_STRAWBERRY"":0.0,""crop_MELON"":0.0,""day_29"":0.6896551724137931,""hour_23"":0.782608695652174,""crop_age_12"":0.3333333333333333,""yield_fraction"":0.5,""consecutive_unwatered_2"":0.0,""fertilizer_carried_5"":0.4,""fertilizer_shed_20"":0.0,""own_money_10000"":5.0652,""cash_lead_10000"":-0.0307,""crop_price_300"":0.14666666666666667,""fertilizer_price_150"":0.20666666666666667,""price_advantage_300"":0.043333333333333335,""unlocked_quadrants_4"":0.75,""actor_6"":1.3333333333333333,""x_9"":0.2222222222222222,""y_9"":0.1111111111111111,""remaining_steps_720"":0.30694444444444446,""crop_market_inventory_delta_400"":-0.8975,""fert_market_inventory_delta_400"":0.8675,""unlocked_shops_4"":1.5},""probability"":null},{""event"":""water_committed"",""step"":499,""candidate_id"":""fertilize_then_water:s498:a8:x2y1"",""actor"":8},{""event"":""task_completed"",""step"":500,""candidate_id"":""fertilize_then_water:s498:a8:x2y1""}],""pending_obligations"":{}}",experiments/round10_public_learning_20260924/training/task_labels/replays/baseline/melon_threshold/seed_2026092415_seat_1.json.gz,experiments/round10_public_learning_20260924/training/task_labels/replays/treatment/melon_threshold/seed_2026092415_seat_1_fertilize_then_water_s498_a8_x2y1.json.gz,e5a91b2a2fe029fd0f6dedf071f010f86d032d2d2baef44014a0c21395ad6517,
fertilize_then_water:s545:a7:x9y2,melon_threshold:2026092415,melon_threshold,melon_threshold,2026092415,1,545,7,"[9,2]",STRAWBERRY,"{""crop_WHEAT"":0.0,""crop_CARROT"":0.0,""crop_TOMATO"":0.0,""crop_STRAWBERRY"":1.0,""crop_MELON"":0.0,""day_29"":0.7586206896551724,""hour_23"":0.7391304347826086,""crop_age_12"":1.25,""yield_fraction"":0.0,""consecutive_unwatered_2"":0.5,""fertilizer_carried_5"":0.2,""fertilizer_shed_20"":0.0,""own_money_10000"":6.2872,""cash_lead_10000"":-0.065,""crop_price_300"":0.5266666666666666,""fertilizer_price_150"":0.14666666666666667,""price_advantage_300"":0.4533333333333333,""unlocked_quadrants_4"":0.75,""actor_6"":1.1666666666666667,""x_9"":1.0,""y_9"":0.2222222222222222,""remaining_steps_720"":0.24166666666666667,""crop_market_inventory_delta_400"":-0.0525,""fert_market_inventory_delta_400"":0.97,""unlocked_shops_4"":1.75}","[0.0,0.0,0.0,1.0,0.0,0.7586206896551724,0.7391304347826086,1.25,0.0,0.5,0.2,0.0,6.2872,-0.065,0.5266666666666666,0.14666666666666667,0.4533333333333333,0.75,1.1666666666666667,1.0,0.2222222222222222,0.24166666666666667,-0.0525,0.97,1.75]","{""target_identity"":{""type"":""crop"",""coordinate"":[9,2],""resource"":""STRAWBERRY"",""generation_or_placement_day"":7},""required_carried"":{""FERTILIZER"":1},""reserved_resources"":{""actor"":7,""FERTILIZER"":1,""target"":[9,2]},""start_condition"":""baseline WATER; production due; unfertilized; carried FERTILIZER; no harmful same-target predecessor"",""planned_actions"":[[""FERTILIZE""],[""WATER""]],""completion"":""fertilized_until_day >= day+2 and watered_today true on the same crop generation"",""failure"":""actor/target/day changed or either engine effect was not observed"",""recovery"":""return to freshly computed base action after checking the real remaining WATER obligation""}",111585.0,110141.0,1444.0,1,111381.0,110384.0,997.0,1,-447.0,0,1,9ff908d35a8ba9dc41537c024648cd7d4795977d6edf4c2a1ec817422fe52098,9ff908d35a8ba9dc41537c024648cd7d4795977d6edf4c2a1ec817422fe52098,1,1,0,{},1,"{""mode"":""target"",""base_sha256"":""b6553c296c556aff5b5e2d12b75618e505fa4d852afb5338414ac6d6e039cb02"",""model_loaded"":false,""model_calls"":0,""model_selected_tasks"":0,""model_changed_final_actions"":0,""rule_overrides"":0,""task_candidates"":51,""tasks_started"":1,""tasks_completed"":1,""contract_failures"":0,""events"":[{""event"":""fertilize_committed"",""step"":545,""candidate_id"":""fertilize_then_water:s545:a7:x9y2"",""actor"":7,""target"":[9,2],""features"":{""crop_WHEAT"":0.0,""crop_CARROT"":0.0,""crop_TOMATO"":0.0,""crop_STRAWBERRY"":1.0,""crop_MELON"":0.0,""day_29"":0.7586206896551724,""hour_23"":0.7391304347826086,""crop_age_12"":1.25,""yield_fraction"":0.0,""consecutive_unwatered_2"":0.5,""fertilizer_carried_5"":0.2,""fertilizer_shed_20"":0.0,""own_money_10000"":6.2872,""cash_lead_10000"":-0.065,""crop_price_300"":0.5266666666666666,""fertilizer_price_150"":0.14666666666666667,""price_advantage_300"":0.4533333333333333,""unlocked_quadrants_4"":0.75,""actor_6"":1.1666666666666667,""x_9"":1.0,""y_9"":0.2222222222222222,""remaining_steps_720"":0.24166666666666667,""crop_market_inventory_delta_400"":-0.0525,""fert_market_inventory_delta_400"":0.97,""unlocked_shops_4"":1.75},""probability"":null},{""event"":""water_committed"",""step"":546,""candidate_id"":""fertilize_then_water:s545:a7:x9y2"",""actor"":7},{""event"":""task_completed"",""step"":547,""candidate_id"":""fertilize_then_water:s545:a7:x9y2""}],""pending_obligations"":{}}",experiments/round10_public_learning_20260924/training/task_labels/replays/baseline/melon_threshold/seed_2026092415_seat_1.json.gz,experiments/round10_public_learning_20260924/training/task_labels/replays/treatment/melon_threshold/seed_2026092415_seat_1_fertilize_then_water_s545_a7_x9y2.json.gz,bc9d0a778669953cd49fe4308b09aa3f8663613bfd8528447f2cf85758e0b944,
fertilize_then_water:s177:a0:x0y4,metav4:2026092413,metav4,metav4,2026092413,0,177,0,"[0,4]",MELON,"{""crop_WHEAT"":0.0,""crop_CARROT"":0.0,""crop_TOMATO"":0.0,""crop_STRAWBERRY"":0.0,""crop_MELON"":1.0,""day_29"":0.2413793103448276,""hour_23"":0.391304347826087,""crop_age_12"":0.5833333333333334,""yield_fraction"":0.3333333333333333,""consecutive_unwatered_2"":0.0,""fertilizer_carried_5"":0.2,""fertilizer_shed_20"":0.05,""own_money_10000"":0.1259,""cash_lead_10000"":-0.0212,""crop_price_300"":0.8966666666666666,""fertilizer_price_150"":0.5733333333333334,""price_advantage_300"":0.61,""unlocked_quadrants_4"":0.5,""actor_6"":0.0,""x_9"":0.0,""y_9"":0.4444444444444444,""remaining_steps_720"":0.7527777777777778,""crop_market_inventory_delta_400"":-0.02,""fert_market_inventory_delta_400"":0.175,""unlocked_shops_4"":0.5}","[0.0,0.0,0.0,0.0,1.0,0.2413793103448276,0.391304347826087,0.5833333333333334,0.3333333333333333,0.0,0.2,0.05,0.1259,-0.0212,0.8966666666666666,0.5733333333333334,0.61,0.5,0.0,0.0,0.4444444444444444,0.7527777777777778,-0.02,0.175,0.5]","{""target_identity"":{""type"":""crop"",""coordinate"":[0,4],""resource"":""MELON"",""generation_or_placement_day"":0},""required_carried"":{""FERTILIZER"":1},""reserved_resources"":{""actor"":0,""FERTILIZER"":1,""target"":[0,4]},""start_condition"":""baseline WATER; production due; unfertilized; carried FERTILIZER; no harmful same-target predecessor"",""planned_actions"":[[""FERTILIZE""],[""WATER""]],""completion"":""fertilized_until_day >= day+2 and watered_today true on the same crop generation"",""failure"":""actor/target/day changed or either engine effect was not observed"",""recovery"":""return to freshly computed base action after checking the real remaining WATER obligation""}",98626.0,98475.0,151.0,1,98774.0,98765.0,9.0,1,-142.0,0,1,852c2f8e492ff3c9f3357bc3d27f0588c292857445b23a5310ff79eac711b7b3,852c2f8e492ff3c9f3357bc3d27f0588c292857445b23a5310ff79eac711b7b3,1,1,0,{},1,"{""mode"":""target"",""base_sha256"":""b6553c296c556aff5b5e2d12b75618e505fa4d852afb5338414ac6d6e039cb02"",""model_loaded"":false,""model_calls"":0,""model_selected_tasks"":0,""model_changed_final_actions"":0,""rule_overrides"":0,""task_candidates"":5,""tasks_started"":1,""tasks_completed"":1,""contract_failures"":0,""events"":[{""event"":""fertilize_committed"",""step"":177,""candidate_id"":""fertilize_then_water:s177:a0:x0y4"",""actor"":0,""target"":[0,4],""features"":{""crop_WHEAT"":0.0,""crop_CARROT"":0.0,""crop_TOMATO"":0.0,""crop_STRAWBERRY"":0.0,""crop_MELON"":1.0,""day_29"":0.2413793103448276,""hour_23"":0.391304347826087,""crop_age_12"":0.5833333333333334,""yield_fraction"":0.3333333333333333,""consecutive_unwatered_2"":0.0,""fertilizer_carried_5"":0.2,""fertilizer_shed_20"":0.05,""own_money_10000"":0.1259,""cash_lead_10000"":-0.0212,""crop_price_300"":0.8966666666666666,""fertilizer_price_150"":0.5733333333333334,""price_advantage_300"":0.61,""unlocked_quadrants_4"":0.5,""actor_6"":0.0,""x_9"":0.0,""y_9"":0.4444444444444444,""remaining_steps_720"":0.7527777777777778,""crop_market_inventory_delta_400"":-0.02,""fert_market_inventory_delta_400"":0.175,""unlocked_shops_4"":0.5},""probability"":null},{""event"":""water_committed"",""step"":178,""candidate_id"":""fertilize_then_water:s177:a0:x0y4"",""actor"":0},{""event"":""task_completed"",""step"":179,""candidate_id"":""fertilize_then_water:s177:a0:x0y4""}],""pending_obligations"":{}}",experiments/round10_public_learning_20260924/training/task_labels/replays/baseline/metav4/seed_2026092413_seat_0.json.gz,experiments/round10_public_learning_20260924/training/task_labels/replays/treatment/metav4/seed_2026092413_seat_0_fertilize_then_water_s177_a0_x0y4.json.gz,2f92a90aaac23f07ee74f9299cc9ad14e7f5b7c14c2c5a187583363b3beb71b3,
fertilize_then_water:s544:a3:x9y2,metav4:2026092413,metav4,metav4,2026092413,0,544,3,"[9,2]",STRAWBERRY,"{""crop_WHEAT"":0.0,""crop_CARROT"":0.0,""crop_TOMATO"":0.0,""crop_STRAWBERRY"":1.0,""crop_MELON"":0.0,""day_29"":0.7586206896551724,""hour_23"":0.6956521739130435,""crop_age_12"":1.25,""yield_fraction"":0.0,""consecutive_unwatered_2"":0.5,""fertilizer_carried_5"":0.4,""fertilizer_shed_20"":0.0,""own_money_10000"":6.8845,""cash_lead_10000"":0.04,""crop_price_300"":0.04666666666666667,""fertilizer_price_150"":0.12,""price_advantage_300"":-0.013333333333333334,""unlocked_quadrants_4"":0.75,""actor_6"":0.5,""x_9"":1.0,""y_9"":0.2222222222222222,""remaining_steps_720"":0.24305555555555555,""crop_market_inventory_delta_400"":0.1375,""fert_market_inventory_delta_400"":1.0225,""unlocked_shops_4"":1.75}","[0.0,0.0,0.0,1.0,0.0,0.7586206896551724,0.6956521739130435,1.25,0.0,0.5,0.4,0.0,6.8845,0.04,0.04666666666666667,0.12,-0.013333333333333334,0.75,0.5,1.0,0.2222222222222222,0.24305555555555555,0.1375,1.0225,1.75]","{""target_identity"":{""type"":""crop"",""coordinate"":[9,2],""resource"":""STRAWBERRY"",""generation_or_placement_day"":7},""required_carried"":{""FERTILIZER"":1},""reserved_resources"":{""actor"":3,""FERTILIZER"":1,""target"":[9,2]},""start_condition"":""baseline WATER; production due; unfertilized; carried FERTILIZER; no harmful same-target predecessor"",""planned_actions"":[[""FERTILIZE""],[""WATER""]],""completion"":""fertilized_until_day >= day+2 and watered_today true on the same crop generation"",""failure"":""actor/target/day changed or either engine effect was not observed"",""recovery"":""return to freshly computed base action after checking the real remaining WATER obligation""}",98626.0,98475.0,151.0,1,98497.0,98446.0,51.0,1,-100.0,0,1,2f9fef1d976e5e4a511d51f23560b785167a25bc47f9da3a34f1a9a69bbe7055,2f9fef1d976e5e4a511d51f23560b785167a25bc47f9da3a34f1a9a69bbe7055,1,1,0,{},1,"{""mode"":""target"",""base_sha256"":""b6553c296c556aff5b5e2d12b75618e505fa4d852afb5338414ac6d6e039cb02"",""model_loaded"":false,""model_calls"":0,""model_selected_tasks"":0,""model_changed_final_actions"":0,""rule_overrides"":0,""task_candidates"":12,""tasks_started"":1,""tasks_completed"":1,""contract_failures"":0,""events"":[{""event"":""fertilize_committed"",""step"":544,""candidate_id"":""fertilize_then_water:s544:a3:x9y2"",""actor"":3,""target"":[9,2],""features"":{""crop_WHEAT"":0.0,""crop_CARROT"":0.0,""crop_TOMATO"":0.0,""crop_STRAWBERRY"":1.0,""crop_MELON"":0.0,""day_29"":0.7586206896551724,""hour_23"":0.6956521739130435,""crop_age_12"":1.25,""yield_fraction"":0.0,""consecutive_unwatered_2"":0.5,""fertilizer_carried_5"":0.4,""fertilizer_shed_20"":0.0,""own_money_10000"":6.8845,""cash_lead_10000"":0.04,""crop_price_300"":0.04666666666666667,""fertilizer_price_150"":0.12,""price_advantage_300"":-0.013333333333333334,""unlocked_quadrants_4"":0.75,""actor_6"":0.5,""x_9"":1.0,""y_9"":0.2222222222222222,""remaining_steps_720"":0.24305555555555555,""crop_market_inventory_delta_400"":0.1375,""fert_market_inventory_delta_400"":1.0225,""unlocked_shops_4"":1.75},""probability"":null},{""event"":""water_committed"",""step"":545,""candidate_id"":""fertilize_then_water:s544:a3:x9y2"",""actor"":3},{""event"":""task_completed"",""step"":546,""candidate_id"":""fertilize_then_water:s544:a3:x9y2""}],""pending_obligations"":{}}",experiments/round10_public_learning_20260924/training/task_labels/replays/baseline/metav4/seed_2026092413_seat_0.json.gz,experiments/round10_public_learning_20260924/training/task_labels/replays/treatment/metav4/seed_2026092413_seat_0_fertilize_then_water_s544_a3_x9y2.json.gz,544dbbd3d89fc709a9b6ae2eb0ef9dfbfb61b2d30096289e144bb9b9ac7d9ea9,
fertilize_then_water:s644:a11:x9y1,metav4:2026092413,metav4,metav4,2026092413,0,644,11,"[9,1]",WHEAT,"{""crop_WHEAT"":1.0,""crop_CARROT"":0.0,""crop_TOMATO"":0.0,""crop_STRAWBERRY"":0.0,""crop_MELON"":0.0,""day_29"":0.896551724137931,""hour_23"":0.8695652173913043,""crop_age_12"":0.25,""yield_fraction"":0.3333333333333333,""consecutive_unwatered_2"":0.0,""fertilizer_carried_5"":0.4,""fertilizer_shed_20"":0.0,""own_money_10000"":7.8621,""cash_lead_10000"":-0.0029,""crop_price_300"":0.13666666666666666,""fertilizer_price_150"":0.04,""price_advantage_300"":0.11666666666666667,""unlocked_quadrants_4"":0.75,""actor_6"":1.8333333333333333,""x_9"":1.0,""y_9"":0.1111111111111111,""remaining_steps_720"":0.10416666666666667,""crop_market_inventory_delta_400"":-0.64,""fert_market_inventory_delta_400"":1.17,""unlocked_shops_4"":2.0}","[1.0,0.0,0.0,0.0,0.0,0.896551724137931,0.8695652173913043,0.25,0.3333333333333333,0.0,0.4,0.0,7.8621,-0.0029,0.13666666666666666,0.04,0.11666666666666667,0.75,1.8333333333333333,1.0,0.1111111111111111,0.10416666666666667,-0.64,1.17,2.0]","{""target_identity"":{""type"":""crop"",""coordinate"":[9,1],""resource"":""WHEAT"",""generation_or_placement_day"":23},""required_carried"":{""FERTILIZER"":1},""reserved_resources"":{""actor"":11,""FERTILIZER"":1,""target"":[9,1]},""start_condition"":""baseline WATER; production due; unfertilized; carried FERTILIZER; no harmful same-target predecessor"",""planned_actions"":[[""FERTILIZE""],[""WATER""]],""completion"":""fertilized_until_day >= day+2 and watered_today true on the same crop generation"",""failure"":""actor/target/day changed or either engine effect was not observed"",""recovery"":""return to freshly computed base action after checking the real remaining WATER obligation""}",98626.0,98475.0,151.0,1,98377.0,98494.0,-117.0,-1,-268.0,-2,1,9d7cf301f71170b49ff338164f6954627dbcd62f3e0215c29d1cd0962d39fbdb,9d7cf301f71170b49ff338164f6954627dbcd62f3e0215c29d1cd0962d39fbdb,1,1,0,{},1,"{""mode"":""target"",""base_sha256"":""b6553c296c556aff5b5e2d12b75618e505fa4d852afb5338414ac6d6e039cb02"",""model_loaded"":false,""model_calls"":0,""model_selected_tasks"":0,""model_changed_final_actions"":0,""rule_overrides"":0,""task_candidates"":15,""tasks_started"":1,""tasks_completed"":1,""contract_failures"":0,""events"":[{""event"":""fertilize_committed"",""step"":644,""candidate_id"":""fertilize_then_water:s644:a11:x9y1"",""actor"":11,""target"":[9,1],""features"":{""crop_WHEAT"":1.0,""crop_CARROT"":0.0,""crop_TOMATO"":0.0,""crop_STRAWBERRY"":0.0,""crop_MELON"":0.0,""day_29"":0.896551724137931,""hour_23"":0.8695652173913043,""crop_age_12"":0.25,""yield_fraction"":0.3333333333333333,""consecutive_unwatered_2"":0.0,""fertilizer_carried_5"":0.4,""fertilizer_shed_20"":0.0,""own_money_10000"":7.8621,""cash_lead_10000"":-0.0029,""crop_price_300"":0.13666666666666666,""fertilizer_price_150"":0.04,""price_advantage_300"":0.11666666666666667,""unlocked_quadrants_4"":0.75,""actor_6"":1.8333333333333333,""x_9"":1.0,""y_9"":0.1111111111111111,""remaining_steps_720"":0.10416666666666667,""crop_market_inventory_delta_400"":-0.64,""fert_market_inventory_delta_400"":1.17,""unlocked_shops_4"":2.0},""probability"":null},{""event"":""water_committed"",""step"":645,""candidate_id"":""fertilize_then_water:s644:a11:x9y1"",""actor"":11},{""event"":""task_completed"",""step"":646,""candidate_id"":""fertilize_then_water:s644:a11:x9y1""}],""pending_obligations"":{}}",experiments/round10_public_learning_20260924/training/task_labels/replays/baseline/metav4/seed_2026092413_seat_0.json.gz,experiments/round10_public_learning_20260924/training/task_labels/replays/treatment/metav4/seed_2026092413_seat_0_fertilize_then_water_s644_a11_x9y1.json.gz,e2a19e9e2c65afe4a02992172096b1095a583e82fdce94ffffa82d2ec062f0d6,
fertilize_then_water:s131:a3:x0y3,metav4:2026092413,metav4,metav4,2026092413,1,131,3,"[0,3]",WHEAT,"{""crop_WHEAT"":1.0,""crop_CARROT"":0.0,""crop_TOMATO"":0.0,""crop_STRAWBERRY"":0.0,""crop_MELON"":0.0,""day_29"":0.1724137931034483,""hour_23"":0.4782608695652174,""crop_age_12"":0.16666666666666666,""yield_fraction"":0.16666666666666666,""consecutive_unwatered_2"":0.0,""fertilizer_carried_5"":0.2,""fertilizer_shed_20"":0.0,""own_money_10000"":0.0625,""cash_lead_10000"":-0.0002,""crop_price_300"":0.1,""fertilizer_price_150"":0.6133333333333333,""price_advantage_300"":-0.20666666666666667,""unlocked_quadrants_4"":0.25,""actor_6"":0.5,""x_9"":0.0,""y_9"":0.3333333333333333,""remaining_steps_720"":0.8166666666666667,""crop_market_inventory_delta_400"":-0.055,""fert_market_inventory_delta_400"":0.095,""unlocked_shops_4"":0.25}","[1.0,0.0,0.0,0.0,0.0,0.1724137931034483,0.4782608695652174,0.16666666666666666,0.16666666666666666,0.0,0.2,0.0,0.0625,-0.0002,0.1,0.6133333333333333,-0.20666666666666667,0.25,0.5,0.0,0.3333333333333333,0.8166666666666667,-0.055,0.095,0.25]","{""target_identity"":{""type"":""crop"",""coordinate"":[0,3],""resource"":""WHEAT"",""generation_or_placement_day"":3},""required_carried"":{""FERTILIZER"":1},""reserved_resources"":{""actor"":3,""FERTILIZER"":1,""target"":[0,3]},""start_condition"":""baseline WATER; production due; unfertilized; carried FERTILIZER; no harmful same-target predecessor"",""planned_actions"":[[""FERTILIZE""],[""WATER""]],""completion"":""fertilized_until_day >= day+2 and watered_today true on the same crop generation"",""failure"":""actor/target/day changed or either engine effect was not observed"",""recovery"":""return to freshly computed base action after checking the real remaining WATER obligation""}",98626.0,98475.0,151.0,1,77162.0,78360.0,-1198.0,-1,-1349.0,-2,1,b2d478c480fb5f097d381a7e567b5095e77aa3489891058535b034cd0ce6b51e,b2d478c480fb5f097d381a7e567b5095e77aa3489891058535b034cd0ce6b51e,1,1,0,{},1,"{""mode"":""target"",""base_sha256"":""b6553c296c556aff5b5e2d12b75618e505fa4d852afb5338414ac6d6e039cb02"",""model_loaded"":false,""model_calls"":0,""model_selected_tasks"":0,""model_changed_final_actions"":0,""rule_overrides"":0,""task_candidates"":1,""tasks_started"":1,""tasks_completed"":1,""contract_failures"":0,""events"":[{""event"":""fertilize_committed"",""step"":131,""candidate_id"":""fertilize_then_water:s131:a3:x0y3"",""actor"":3,""target"":[0,3],""features"":{""crop_WHEAT"":1.0,""crop_CARROT"":0.0,""crop_TOMATO"":0.0,""crop_STRAWBERRY"":0.0,""crop_MELON"":0.0,""day_29"":0.1724137931034483,""hour_23"":0.4782608695652174,""crop_age_12"":0.16666666666666666,""yield_fraction"":0.16666666666666666,""consecutive_unwatered_2"":0.0,""fertilizer_carried_5"":0.2,""fertilizer_shed_20"":0.0,""own_money_10000"":0.0625,""cash_lead_10000"":-0.0002,""crop_price_300"":0.1,""fertilizer_price_150"":0.6133333333333333,""price_advantage_300"":-0.20666666666666667,""unlocked_quadrants_4"":0.25,""actor_6"":0.5,""x_9"":0.0,""y_9"":0.3333333333333333,""remaining_steps_720"":0.8166666666666667,""crop_market_inventory_delta_400"":-0.055,""fert_market_inventory_delta_400"":0.095,""unlocked_shops_4"":0.25},""probability"":null},{""event"":""water_committed"",""step"":132,""candidate_id"":""fertilize_then_water:s131:a3:x0y3"",""actor"":3},{""event"":""task_completed"",""step"":133,""candidate_id"":""fertilize_then_water:s131:a3:x0y3""}],""pending_obligations"":{}}",experiments/round10_public_learning_20260924/training/task_labels/replays/baseline/metav4/seed_2026092413_seat_1.json.gz,experiments/round10_public_learning_20260924/training/task_labels/replays/treatment/metav4/seed_2026092413_seat_1_fertilize_then_water_s131_a3_x0y3.json.gz,f721e41afe2c8c21bfa8e4b0ffe26ab5a6a68d65e44bfbdc07a18b399b711a43,
fertilize_then_water:s177:a0:x0y4,metav4:2026092413,metav4,metav4,2026092413,1,177,0,"[0,4]",MELON,"{""crop_WHEAT"":0.0,""crop_CARROT"":0.0,""crop_TOMATO"":0.0,""crop_STRAWBERRY"":0.0,""crop_MELON"":1.0,""day_29"":0.2413793103448276,""hour_23"":0.391304347826087,""crop_age_12"":0.5833333333333334,""yield_fraction"":0.3333333333333333,""consecutive_unwatered_2"":0.0,""fertilizer_carried_5"":0.2,""fertilizer_shed_20"":0.05,""own_money_10000"":0.1259,""cash_lead_10000"":-0.0212,""crop_price_300"":0.8966666666666666,""fertilizer_price_150"":0.5733333333333334,""price_advantage_300"":0.61,""unlocked_quadrants_4"":0.5,""actor_6"":0.0,""x_9"":0.0,""y_9"":0.4444444444444444,""remaining_steps_720"":0.7527777777777778,""crop_market_inventory_delta_400"":-0.02,""fert_market_inventory_delta_400"":0.175,""unlocked_shops_4"":0.5}","[0.0,0.0,0.0,0.0,1.0,0.2413793103448276,0.391304347826087,0.5833333333333334,0.3333333333333333,0.0,0.2,0.05,0.1259,-0.0212,0.8966666666666666,0.5733333333333334,0.61,0.5,0.0,0.0,0.4444444444444444,0.7527777777777778,-0.02,0.175,0.5]","{""target_identity"":{""type"":""crop"",""coordinate"":[0,4],""resource"":""MELON"",""generation_or_placement_day"":0},""required_carried"":{""FERTILIZER"":1},""reserved_resources"":{""actor"":0,""FERTILIZER"":1,""target"":[0,4]},""start_condition"":""baseline WATER; production due; unfertilized; carried FERTILIZER; no harmful same-target predecessor"",""planned_actions"":[[""FERTILIZE""],[""WATER""]],""completion"":""fertilized_until_day >= day+2 and watered_today true on the same crop generation"",""failure"":""actor/target/day changed or either engine effect was not observed"",""recovery"":""return to freshly computed base action after checking the real remaining WATER obligation""}",98626.0,98475.0,151.0,1,98774.0,98765.0,9.0,1,-142.0,0,1,ac7f31e056219b1c252d44b061a402f8650b043f6532c851adc0a42a089afe76,ac7f31e056219b1c252d44b061a402f8650b043f6532c851adc0a42a089afe76,1,1,0,{},1,"{""mode"":""target"",""base_sha256"":""b6553c296c556aff5b5e2d12b75618e505fa4d852afb5338414ac6d6e039cb02"",""model_loaded"":false,""model_calls"":0,""model_selected_tasks"":0,""model_changed_final_actions"":0,""rule_overrides"":0,""task_candidates"":5,""tasks_started"":1,""tasks_completed"":1,""contract_failures"":0,""events"":[{""event"":""fertilize_committed"",""step"":177,""candidate_id"":""fertilize_then_water:s177:a0:x0y4"",""actor"":0,""target"":[0,4],""features"":{""crop_WHEAT"":0.0,""crop_CARROT"":0.0,""crop_TOMATO"":0.0,""crop_STRAWBERRY"":0.0,""crop_MELON"":1.0,""day_29"":0.2413793103448276,""hour_23"":0.391304347826087,""crop_age_12"":0.5833333333333334,""yield_fraction"":0.3333333333333333,""consecutive_unwatered_2"":0.0,""fertilizer_carried_5"":0.2,""fertilizer_shed_20"":0.05,""own_money_10000"":0.1259,""cash_lead_10000"":-0.0212,""crop_price_300"":0.8966666666666666,""fertilizer_price_150"":0.5733333333333334,""price_advantage_300"":0.61,""unlocked_quadrants_4"":0.5,""actor_6"":0.0,""x_9"":0.0,""y_9"":0.4444444444444444,""remaining_steps_720"":0.7527777777777778,""crop_market_inventory_delta_400"":-0.02,""fert_market_inventory_delta_400"":0.175,""unlocked_shops_4"":0.5},""probability"":null},{""event"":""water_committed"",""step"":178,""candidate_id"":""fertilize_then_water:s177:a0:x0y4"",""actor"":0},{""event"":""task_completed"",""step"":179,""candidate_id"":""fertilize_then_water:s177:a0:x0y4""}],""pending_obligations"":{}}",experiments/round10_public_learning_20260924/training/task_labels/replays/baseline/metav4/seed_2026092413_seat_1.json.gz,experiments/round10_public_learning_20260924/training/task_labels/replays/treatment/metav4/seed_2026092413_seat_1_fertilize_then_water_s177_a0_x0y4.json.gz,6f422ff13f4975b803fecb69109cec7b6010a949b42739dcc596ee5ee9d052c2,
fertilize_then_water:s498:a0:x8y1,metav4:2026092413,metav4,metav4,2026092413,1,498,0,"[8,1]",STRAWBERRY,"{""crop_WHEAT"":0.0,""crop_CARROT"":0.0,""crop_TOMATO"":0.0,""crop_STRAWBERRY"":1.0,""crop_MELON"":0.0,""day_29"":0.6896551724137931,""hour_23"":0.782608695652174,""crop_age_12"":1.0833333333333333,""yield_fraction"":0.0,""consecutive_unwatered_2"":0.5,""fertilizer_carried_5"":0.4,""fertilizer_shed_20"":0.0,""own_money_10000"":5.8678,""cash_lead_10000"":-0.0038,""crop_price_300"":0.57,""fertilizer_price_150"":0.19333333333333333,""price_advantage_300"":0.47333333333333333,""unlocked_quadrants_4"":0.75,""actor_6"":0.0,""x_9"":0.8888888888888888,""y_9"":0.1111111111111111,""remaining_steps_720"":0.30694444444444446,""crop_market_inventory_delta_400"":-0.0925,""fert_market_inventory_delta_400"":0.89,""unlocked_shops_4"":1.5}","[0.0,0.0,0.0,1.0,0.0,0.6896551724137931,0.782608695652174,1.0833333333333333,0.0,0.5,0.4,0.0,5.8678,-0.0038,0.57,0.19333333333333333,0.47333333333333333,0.75,0.0,0.8888888888888888,0.1111111111111111,0.30694444444444446,-0.0925,0.89,1.5]","{""target_identity"":{""type"":""crop"",""coordinate"":[8,1],""resource"":""STRAWBERRY"",""generation_or_placement_day"":7},""required_carried"":{""FERTILIZER"":1},""reserved_resources"":{""actor"":0,""FERTILIZER"":1,""target"":[8,1]},""start_condition"":""baseline WATER; production due; unfertilized; carried FERTILIZER; no harmful same-target predecessor"",""planned_actions"":[[""FERTILIZE""],[""WATER""]],""completion"":""fertilized_until_day >= day+2 and watered_today true on the same crop generation"",""failure"":""actor/target/day changed or either engine effect was not observed"",""recovery"":""return to freshly computed base action after checking the real remaining WATER obligation""}",98626.0,98475.0,151.0,1,98191.0,98432.0,-241.0,-1,-392.0,-2,1,9c054d7dced7c99d1613d597fff3b06fab15785d8d1817b361e35ea955b06f7e,9c054d7dced7c99d1613d597fff3b06fab15785d8d1817b361e35ea955b06f7e,1,1,0,{},1,"{""mode"":""target"",""base_sha256"":""b6553c296c556aff5b5e2d12b75618e505fa4d852afb5338414ac6d6e039cb02"",""model_loaded"":false,""model_calls"":0,""model_selected_tasks"":0,""model_changed_final_actions"":0,""rule_overrides"":0,""task_candidates"":9,""tasks_started"":1,""tasks_completed"":1,""contract_failures"":0,""events"":[{""event"":""fertilize_committed"",""step"":498,""candidate_id"":""fertilize_then_water:s498:a0:x8y1"",""actor"":0,""target"":[8,1],""features"":{""crop_WHEAT"":0.0,""crop_CARROT"":0.0,""crop_TOMATO"":0.0,""crop_STRAWBERRY"":1.0,""crop_MELON"":0.0,""day_29"":0.6896551724137931,""hour_23"":0.782608695652174,""crop_age_12"":1.0833333333333333,""yield_fraction"":0.0,""consecutive_unwatered_2"":0.5,""fertilizer_carried_5"":0.4,""fertilizer_shed_20"":0.0,""own_money_10000"":5.8678,""cash_lead_10000"":-0.0038,""crop_price_300"":0.57,""fertilizer_price_150"":0.19333333333333333,""price_advantage_300"":0.47333333333333333,""unlocked_quadrants_4"":0.75,""actor_6"":0.0,""x_9"":0.8888888888888888,""y_9"":0.1111111111111111,""remaining_steps_720"":0.30694444444444446,""crop_market_inventory_delta_400"":-0.0925,""fert_market_inventory_delta_400"":0.89,""unlocked_shops_4"":1.5},""probability"":null},{""event"":""water_committed"",""step"":499,""candidate_id"":""fertilize_then_water:s498:a0:x8y1"",""actor"":0},{""event"":""task_completed"",""step"":500,""candidate_id"":""fertilize_then_water:s498:a0:x8y1""}],""pending_obligations"":{}}",experiments/round10_public_learning_20260924/training/task_labels/replays/baseline/metav4/seed_2026092413_seat_1.json.gz,experiments/round10_public_learning_20260924/training/task_labels/replays/treatment/metav4/seed_2026092413_seat_1_fertilize_then_water_s498_a0_x8y1.json.gz,3e07fe88eda8ae9e23dc94965bdca4790fa7ea97aebda90b8315f827e13482e1,
fertilize_then_water:s163:a3:x3y1,metav4:2026092414,metav4,metav4,2026092414,0,163,3,"[3,1]",MELON,"{""crop_WHEAT"":0.0,""crop_CARROT"":0.0,""crop_TOMATO"":0.0,""crop_STRAWBERRY"":0.0,""crop_MELON"":1.0,""day_29"":0.20689655172413793,""hour_23"":0.8260869565217391,""crop_age_12"":0.5,""yield_fraction"":0.16666666666666666,""consecutive_unwatered_2"":0.0,""fertilizer_carried_5"":0.2,""fertilizer_shed_20"":0.0,""own_money_10000"":0.0671,""cash_lead_10000"":-0.0002,""crop_price_300"":0.8933333333333333,""fertilizer_price_150"":0.5866666666666667,""price_advantage_300"":0.6,""unlocked_quadrants_4"":0.5,""actor_6"":0.5,""x_9"":0.3333333333333333,""y_9"":0.1111111111111111,""remaining_steps_720"":0.7722222222222223,""crop_market_inventory_delta_400"":-0.0175,""fert_market_inventory_delta_400"":0.15,""unlocked_shops_4"":0.5}","[0.0,0.0,0.0,0.0,1.0,0.20689655172413793,0.8260869565217391,0.5,0.16666666666666666,0.0,0.2,0.0,0.0671,-0.0002,0.8933333333333333,0.5866666666666667,0.6,0.5,0.5,0.3333333333333333,0.1111111111111111,0.7722222222222223,-0.0175,0.15,0.5]","{""target_identity"":{""type"":""crop"",""coordinate"":[3,1],""resource"":""MELON"",""generation_or_placement_day"":0},""required_carried"":{""FERTILIZER"":1},""reserved_resources"":{""actor"":3,""FERTILIZER"":1,""target"":[3,1]},""start_condition"":""baseline WATER; production due; unfertilized; carried FERTILIZER; no harmful same-target predecessor"",""planned_actions"":[[""FERTILIZE""],[""WATER""]],""completion"":""fertilized_until_day >= day+2 and watered_today true on the same crop generation"",""failure"":""actor/target/day changed or either engine effect was not observed"",""recovery"":""return to freshly computed base action after checking the real remaining WATER obligation""}",90813.0,90367.0,446.0,1,90522.0,90502.0,20.0,1,-426.0,0,1,1bcf554913db359bde5b516e604e167b8beb9609869baeb45e6c70dd88796ef3,1bcf554913db359bde5b516e604e167b8beb9609869baeb45e6c70dd88796ef3,1,1,0,{},1,"{""mode"":""target"",""base_sha256"":""b6553c296c556aff5b5e2d12b75618e505fa4d852afb5338414ac6d6e039cb02"",""model_loaded"":false,""model_calls"":0,""model_selected_tasks"":0,""model_changed_final_actions"":0,""rule_overrides"":0,""task_candidates"":5,""tasks_started"":1,""tasks_completed"":1,""contract_failures"":0,""events"":[{""event"":""fertilize_committed"",""step"":163,""candidate_id"":""fertilize_then_water:s163:a3:x3y1"",""actor"":3,""target"":[3,1],""features"":{""crop_WHEAT"":0.0,""crop_CARROT"":0.0,""crop_TOMATO"":0.0,""crop_STRAWBERRY"":0.0,""crop_MELON"":1.0,""day_29"":0.20689655172413793,""hour_23"":0.8260869565217391,""crop_age_12"":0.5,""yield_fraction"":0.16666666666666666,""consecutive_unwatered_2"":0.0,""fertilizer_carried_5"":0.2,""fertilizer_shed_20"":0.0,""own_money_10000"":0.0671,""cash_lead_10000"":-0.0002,""crop_price_300"":0.8933333333333333,""fertilizer_price_150"":0.5866666666666667,""price_advantage_300"":0.6,""unlocked_quadrants_4"":0.5,""actor_6"":0.5,""x_9"":0.3333333333333333,""y_9"":0.1111111111111111,""remaining_steps_720"":0.7722222222222223,""crop_market_inventory_delta_400"":-0.0175,""fert_market_inventory_delta_400"":0.15,""unlocked_shops_4"":0.5},""probability"":null},{""event"":""water_committed"",""step"":164,""candidate_id"":""fertilize_then_water:s163:a3:x3y1"",""actor"":3},{""event"":""task_completed"",""step"":165,""candidate_id"":""fertilize_then_water:s163:a3:x3y1""}],""pending_obligations"":{}}",experiments/round10_public_learning_20260924/training/task_labels/replays/baseline/metav4/seed_2026092414_seat_0.json.gz,experiments/round10_public_learning_20260924/training/task_labels/replays/treatment/metav4/seed_2026092414_seat_0_fertilize_then_water_s163_a3_x3y1.json.gz,304efcdc9600f1258fc3e2bc60f9fc74fc5cb3d1e8ef23063378409a532900b1,
fertilize_then_water:s469:a1:x3y1,metav4:2026092414,metav4,metav4,2026092414,0,469,1,"[3,1]",WHEAT,"{""crop_WHEAT"":1.0,""crop_CARROT"":0.0,""crop_TOMATO"":0.0,""crop_STRAWBERRY"":0.0,""crop_MELON"":0.0,""day_29"":0.6551724137931034,""hour_23"":0.5652173913043478,""crop_age_12"":0.25,""yield_fraction"":0.3333333333333333,""consecutive_unwatered_2"":0.0,""fertilizer_carried_5"":0.4,""fertilizer_shed_20"":0.05,""own_money_10000"":5.6906,""cash_lead_10000"":0.012,""crop_price_300"":0.13333333333333333,""fertilizer_price_150"":0.20666666666666667,""price_advantage_300"":0.03,""unlocked_quadrants_4"":0.75,""actor_6"":0.16666666666666666,""x_9"":0.3333333333333333,""y_9"":0.1111111111111111,""remaining_steps_720"":0.3472222222222222,""crop_market_inventory_delta_400"":-0.5775,""fert_market_inventory_delta_400"":0.865,""unlocked_shops_4"":1.5}","[1.0,0.0,0.0,0.0,0.0,0.6551724137931034,0.5652173913043478,0.25,0.3333333333333333,0.0,0.4,0.05,5.6906,0.012,0.13333333333333333,0.20666666666666667,0.03,0.75,0.16666666666666666,0.3333333333333333,0.1111111111111111,0.3472222222222222,-0.5775,0.865,1.5]","{""target_identity"":{""type"":""crop"",""coordinate"":[3,1],""resource"":""WHEAT"",""generation_or_placement_day"":16},""required_carried"":{""FERTILIZER"":1},""reserved_resources"":{""actor"":1,""FERTILIZER"":1,""target"":[3,1]},""start_condition"":""baseline WATER; production due; unfertilized; carried FERTILIZER; no harmful same-target predecessor"",""planned_actions"":[[""FERTILIZE""],[""WATER""]],""completion"":""fertilized_until_day >= day+2 and watered_today true on the same crop generation"",""failure"":""actor/target/day changed or either engine effect was not observed"",""recovery"":""return to freshly computed base action after checking the real remaining WATER obligation""}",90813.0,90367.0,446.0,1,89959.0,89347.0,612.0,1,166.0,0,1,c693c0a24daeb327c9cbf8209131912eeb37a31208bfbcedf2c9a6df5209f90c,c693c0a24daeb327c9cbf8209131912eeb37a31208bfbcedf2c9a6df5209f90c,1,1,0,{},1,"{""mode"":""target"",""base_sha256"":""b6553c296c556aff5b5e2d12b75618e505fa4d852afb5338414ac6d6e039cb02"",""model_loaded"":false,""model_calls"":0,""model_selected_tasks"":0,""model_changed_final_actions"":0,""rule_overrides"":0,""task_candidates"":30,""tasks_started"":1,""tasks_completed"":1,""contract_failures"":0,""events"":[{""event"":""fertilize_committed"",""step"":469,""candidate_id"":""fertilize_then_water:s469:a1:x3y1"",""actor"":1,""target"":[3,1],""features"":{""crop_WHEAT"":1.0,""crop_CARROT"":0.0,""crop_TOMATO"":0.0,""crop_STRAWBERRY"":0.0,""crop_MELON"":0.0,""day_29"":0.6551724137931034,""hour_23"":0.5652173913043478,""crop_age_12"":0.25,""yield_fraction"":0.3333333333333333,""consecutive_unwatered_2"":0.0,""fertilizer_carried_5"":0.4,""fertilizer_shed_20"":0.05,""own_money_10000"":5.6906,""cash_lead_10000"":0.012,""crop_price_300"":0.13333333333333333,""fertilizer_price_150"":0.20666666666666667,""price_advantage_300"":0.03,""unlocked_quadrants_4"":0.75,""actor_6"":0.16666666666666666,""x_9"":0.3333333333333333,""y_9"":0.1111111111111111,""remaining_steps_720"":0.3472222222222222,""crop_market_inventory_delta_400"":-0.5775,""fert_market_inventory_delta_400"":0.865,""unlocked_shops_4"":1.5},""probability"":null},{""event"":""water_committed"",""step"":470,""candidate_id"":""fertilize_then_water:s469:a1:x3y1"",""actor"":1},{""event"":""task_completed"",""step"":471,""candidate_id"":""fertilize_then_water:s469:a1:x3y1""}],""pending_obligations"":{}}",experiments/round10_public_learning_20260924/training/task_labels/replays/baseline/metav4/seed_2026092414_seat_0.json.gz,experiments/round10_public_learning_20260924/training/task_labels/replays/treatment/metav4/seed_2026092414_seat_0_fertilize_then_water_s469_a1_x3y1.json.gz,72f714f632dce382945336c6e2e101c77b6e5e80a91f4ba4eb8bdec606d17cb9,
fertilize_then_water:s587:a5:x2y7,metav4:2026092414,metav4,metav4,2026092414,0,587,5,"[2,7]",STRAWBERRY,"{""crop_WHEAT"":0.0,""crop_CARROT"":0.0,""crop_TOMATO"":0.0,""crop_STRAWBERRY"":1.0,""crop_MELON"":0.0,""day_29"":0.8275862068965517,""hour_23"":0.4782608695652174,""crop_age_12"":1.0833333333333333,""yield_fraction"":0.0,""consecutive_unwatered_2"":0.5,""fertilizer_carried_5"":0.4,""fertilizer_shed_20"":0.05,""own_money_10000"":7.4875,""cash_lead_10000"":0.048,""crop_price_300"":0.0033333333333333335,""fertilizer_price_150"":0.12,""price_advantage_300"":-0.056666666666666664,""unlocked_quadrants_4"":0.75,""actor_6"":0.8333333333333334,""x_9"":0.2222222222222222,""y_9"":0.7777777777777778,""remaining_steps_720"":0.18333333333333332,""crop_market_inventory_delta_400"":0.155,""fert_market_inventory_delta_400"":1.0225,""unlocked_shops_4"":2.0}","[0.0,0.0,0.0,1.0,0.0,0.8275862068965517,0.4782608695652174,1.0833333333333333,0.0,0.5,0.4,0.05,7.4875,0.048,0.0033333333333333335,0.12,-0.056666666666666664,0.75,0.8333333333333334,0.2222222222222222,0.7777777777777778,0.18333333333333332,0.155,1.0225,2.0]","{""target_identity"":{""type"":""crop"",""coordinate"":[2,7],""resource"":""STRAWBERRY"",""generation_or_placement_day"":11},""required_carried"":{""FERTILIZER"":1},""reserved_resources"":{""actor"":5,""FERTILIZER"":1,""target"":[2,7]},""start_condition"":""baseline WATER; production due; unfertilized; carried FERTILIZER; no harmful same-target predecessor"",""planned_actions"":[[""FERTILIZE""],[""WATER""]],""completion"":""fertilized_until_day >= day+2 and watered_today true on the same crop generation"",""failure"":""actor/target/day changed or either engine effect was not observed"",""recovery"":""return to freshly computed base action after checking the real remaining WATER obligation""}",90813.0,90367.0,446.0,1,90899.0,90522.0,377.0,1,-69.0,0,1,2caaafb0bd3fd0b51bc1a1759f703806f17488df511030f2281c9a300dbc7ff1,2caaafb0bd3fd0b51bc1a1759f703806f17488df511030f2281c9a300dbc7ff1,1,1,0,{},1,"{""mode"":""target"",""base_sha256"":""b6553c296c556aff5b5e2d12b75618e505fa4d852afb5338414ac6d6e039cb02"",""model_loaded"":false,""model_calls"":0,""model_selected_tasks"":0,""model_changed_final_actions"":0,""rule_overrides"":0,""task_candidates"":53,""tasks_started"":1,""tasks_completed"":1,""contract_failures"":0,""events"":[{""event"":""fertilize_committed"",""step"":587,""candidate_id"":""fertilize_then_water:s587:a5:x2y7"",""actor"":5,""target"":[2,7],""features"":{""crop_WHEAT"":0.0,""crop_CARROT"":0.0,""crop_TOMATO"":0.0,""crop_STRAWBERRY"":1.0,""crop_MELON"":0.0,""day_29"":0.8275862068965517,""hour_23"":0.4782608695652174,""crop_age_12"":1.0833333333333333,""yield_fraction"":0.0,""consecutive_unwatered_2"":0.5,""fertilizer_carried_5"":0.4,""fertilizer_shed_20"":0.05,""own_money_10000"":7.4875,""cash_lead_10000"":0.048,""crop_price_300"":0.0033333333333333335,""fertilizer_price_150"":0.12,""price_advantage_300"":-0.056666666666666664,""unlocked_quadrants_4"":0.75,""actor_6"":0.8333333333333334,""x_9"":0.2222222222222222,""y_9"":0.7777777777777778,""remaining_steps_720"":0.18333333333333332,""crop_market_inventory_delta_400"":0.155,""fert_market_inventory_delta_400"":1.0225,""unlocked_shops_4"":2.0},""probability"":null},{""event"":""water_committed"",""step"":588,""candidate_id"":""fertilize_then_water:s587:a5:x2y7"",""actor"":5},{""event"":""task_completed"",""step"":589,""candidate_id"":""fertilize_then_water:s587:a5:x2y7""}],""pending_obligations"":{}}",experiments/round10_public_learning_20260924/training/task_labels/replays/baseline/metav4/seed_2026092414_seat_0.json.gz,experiments/round10_public_learning_20260924/training/task_labels/replays/treatment/metav4/seed_2026092414_seat_0_fertilize_then_water_s587_a5_x2y7.json.gz,7f75c19bf79f5fcd31ad7c1e6273ab59139da32b00dc94dd332e4c153be3184e,
fertilize_then_water:s229:a8:x3y2,metav4:2026092414,metav4,metav4,2026092414,1,229,8,"[3,2]",MELON,"{""crop_WHEAT"":0.0,""crop_CARROT"":0.0,""crop_TOMATO"":0.0,""crop_STRAWBERRY"":0.0,""crop_MELON"":1.0,""day_29"":0.3103448275862069,""hour_23"":0.5652173913043478,""crop_age_12"":0.75,""yield_fraction"":0.6666666666666666,""consecutive_unwatered_2"":0.0,""fertilizer_carried_5"":0.4,""fertilizer_shed_20"":0.0,""own_money_10000"":0.2253,""cash_lead_10000"":-0.0002,""crop_price_300"":0.9033333333333333,""fertilizer_price_150"":0.5266666666666666,""price_advantage_300"":0.64,""unlocked_quadrants_4"":0.5,""actor_6"":1.3333333333333333,""x_9"":0.3333333333333333,""y_9"":0.2222222222222222,""remaining_steps_720"":0.6805555555555556,""crop_market_inventory_delta_400"":-0.025,""fert_market_inventory_delta_400"":0.265,""unlocked_shops_4"":0.75}","[0.0,0.0,0.0,0.0,1.0,0.3103448275862069,0.5652173913043478,0.75,0.6666666666666666,0.0,0.4,0.0,0.2253,-0.0002,0.9033333333333333,0.5266666666666666,0.64,0.5,1.3333333333333333,0.3333333333333333,0.2222222222222222,0.6805555555555556,-0.025,0.265,0.75]","{""target_identity"":{""type"":""crop"",""coordinate"":[3,2],""resource"":""MELON"",""generation_or_placement_day"":0},""required_carried"":{""FERTILIZER"":1},""reserved_resources"":{""actor"":8,""FERTILIZER"":1,""target"":[3,2]},""start_condition"":""baseline WATER; production due; unfertilized; carried FERTILIZER; no harmful same-target predecessor"",""planned_actions"":[[""FERTILIZE""],[""WATER""]],""completion"":""fertilized_until_day >= day+2 and watered_today true on the same crop generation"",""failure"":""actor/target/day changed or either engine effect was not observed"",""recovery"":""return to freshly computed base action after checking the real remaining WATER obligation""}",90813.0,90367.0,446.0,1,90556.0,90644.0,-88.0,-1,-534.0,-2,1,4f5994b3ecd02d07277c7806cc2cbaa46b7cf10be1f1ca832375d8f831bf300f,4f5994b3ecd02d07277c7806cc2cbaa46b7cf10be1f1ca832375d8f831bf300f,1,1,0,{},1,"{""mode"":""target"",""base_sha256"":""b6553c296c556aff5b5e2d12b75618e505fa4d852afb5338414ac6d6e039cb02"",""model_loaded"":false,""model_calls"":0,""model_selected_tasks"":0,""model_changed_final_actions"":0,""rule_overrides"":0,""task_candidates"":11,""tasks_started"":1,""tasks_completed"":1,""contract_failures"":0,""events"":[{""event"":""fertilize_committed"",""step"":229,""candidate_id"":""fertilize_then_water:s229:a8:x3y2"",""actor"":8,""target"":[3,2],""features"":{""crop_WHEAT"":0.0,""crop_CARROT"":0.0,""crop_TOMATO"":0.0,""crop_STRAWBERRY"":0.0,""crop_MELON"":1.0,""day_29"":0.3103448275862069,""hour_23"":0.5652173913043478,""crop_age_12"":0.75,""yield_fraction"":0.6666666666666666,""consecutive_unwatered_2"":0.0,""fertilizer_carried_5"":0.4,""fertilizer_shed_20"":0.0,""own_money_10000"":0.2253,""cash_lead_10000"":-0.0002,""crop_price_300"":0.9033333333333333,""fertilizer_price_150"":0.5266666666666666,""price_advantage_300"":0.64,""unlocked_quadrants_4"":0.5,""actor_6"":1.3333333333333333,""x_9"":0.3333333333333333,""y_9"":0.2222222222222222,""remaining_steps_720"":0.6805555555555556,""crop_market_inventory_delta_400"":-0.025,""fert_market_inventory_delta_400"":0.265,""unlocked_shops_4"":0.75},""probability"":null},{""event"":""water_committed"",""step"":230,""candidate_id"":""fertilize_then_water:s229:a8:x3y2"",""actor"":8},{""event"":""task_completed"",""step"":231,""candidate_id"":""fertilize_then_water:s229:a8:x3y2""}],""pending_obligations"":{}}",experiments/round10_public_learning_20260924/training/task_labels/replays/baseline/metav4/seed_2026092414_seat_1.json.gz,experiments/round10_public_learning_20260924/training/task_labels/replays/treatment/metav4/seed_2026092414_seat_1_fertilize_then_water_s229_a8_x3y2.json.gz,72c235329dbfcabfda57425b825176fa116c3e45ef9e2a5e087b26713c8e2913,
fertilize_then_water:s380:a8:x0y0,metav4:2026092414,metav4,metav4,2026092414,1,380,8,"[0,0]",WHEAT,"{""crop_WHEAT"":1.0,""crop_CARROT"":0.0,""crop_TOMATO"":0.0,""crop_STRAWBERRY"":0.0,""crop_MELON"":0.0,""day_29"":0.5172413793103449,""hour_23"":0.8695652173913043,""crop_age_12"":0.25,""yield_fraction"":0.3333333333333333,""consecutive_unwatered_2"":0.0,""fertilizer_carried_5"":0.2,""fertilizer_shed_20"":0.0,""own_money_10000"":3.2275,""cash_lead_10000"":0.0115,""crop_price_300"":0.13,""fertilizer_price_150"":0.32,""price_advantage_300"":-0.03,""unlocked_quadrants_4"":0.75,""actor_6"":1.3333333333333333,""x_9"":0.0,""y_9"":0.0,""remaining_steps_720"":0.4708333333333333,""crop_market_inventory_delta_400"":-0.52,""fert_market_inventory_delta_400"":0.655,""unlocked_shops_4"":1.25}","[1.0,0.0,0.0,0.0,0.0,0.5172413793103449,0.8695652173913043,0.25,0.3333333333333333,0.0,0.2,0.0,3.2275,0.0115,0.13,0.32,-0.03,0.75,1.3333333333333333,0.0,0.0,0.4708333333333333,-0.52,0.655,1.25]","{""target_identity"":{""type"":""crop"",""coordinate"":[0,0],""resource"":""WHEAT"",""generation_or_placement_day"":12},""required_carried"":{""FERTILIZER"":1},""reserved_resources"":{""actor"":8,""FERTILIZER"":1,""target"":[0,0]},""start_condition"":""baseline WATER; production due; unfertilized; carried FERTILIZER; no harmful same-target predecessor"",""planned_actions"":[[""FERTILIZE""],[""WATER""]],""completion"":""fertilized_until_day >= day+2 and watered_today true on the same crop generation"",""failure"":""actor/target/day changed or either engine effect was not observed"",""recovery"":""return to freshly computed base action after checking the real remaining WATER obligation""}",90813.0,90367.0,446.0,1,87352.0,88158.0,-806.0,-1,-1252.0,-2,1,87787ab19a4b221954464915a025f9d75ab3d2580c3360cf8e86f985824fe6a2,87787ab19a4b221954464915a025f9d75ab3d2580c3360cf8e86f985824fe6a2,1,1,0,{},1,"{""mode"":""target"",""base_sha256"":""b6553c296c556aff5b5e2d12b75618e505fa4d852afb5338414ac6d6e039cb02"",""model_loaded"":false,""model_calls"":0,""model_selected_tasks"":0,""model_changed_final_actions"":0,""rule_overrides"":0,""task_candidates"":20,""tasks_started"":1,""tasks_completed"":1,""contract_failures"":0,""events"":[{""event"":""fertilize_committed"",""step"":380,""candidate_id"":""fertilize_then_water:s380:a8:x0y0"",""actor"":8,""target"":[0,0],""features"":{""crop_WHEAT"":1.0,""crop_CARROT"":0.0,""crop_TOMATO"":0.0,""crop_STRAWBERRY"":0.0,""crop_MELON"":0.0,""day_29"":0.5172413793103449,""hour_23"":0.8695652173913043,""crop_age_12"":0.25,""yield_fraction"":0.3333333333333333,""consecutive_unwatered_2"":0.0,""fertilizer_carried_5"":0.2,""fertilizer_shed_20"":0.0,""own_money_10000"":3.2275,""cash_lead_10000"":0.0115,""crop_price_300"":0.13,""fertilizer_price_150"":0.32,""price_advantage_300"":-0.03,""unlocked_quadrants_4"":0.75,""actor_6"":1.3333333333333333,""x_9"":0.0,""y_9"":0.0,""remaining_steps_720"":0.4708333333333333,""crop_market_inventory_delta_400"":-0.52,""fert_market_inventory_delta_400"":0.655,""unlocked_shops_4"":1.25},""probability"":null},{""event"":""water_committed"",""step"":381,""candidate_id"":""fertilize_then_water:s380:a8:x0y0"",""actor"":8},{""event"":""task_completed"",""step"":382,""candidate_id"":""fertilize_then_water:s380:a8:x0y0""}],""pending_obligations"":{}}",experiments/round10_public_learning_20260924/training/task_labels/replays/baseline/metav4/seed_2026092414_seat_1.json.gz,experiments/round10_public_learning_20260924/training/task_labels/replays/treatment/metav4/seed_2026092414_seat_1_fertilize_then_water_s380_a8_x0y0.json.gz,c123d7c0b4c891a02514ca81ebe7d319a8f2f9dfb5f2ff77923a602fee5419f1,
fertilize_then_water:s501:a8:x1y0,metav4:2026092414,metav4,metav4,2026092414,1,501,8,"[1,0]",STRAWBERRY,"{""crop_WHEAT"":0.0,""crop_CARROT"":0.0,""crop_TOMATO"":0.0,""crop_STRAWBERRY"":1.0,""crop_MELON"":0.0,""day_29"":0.6896551724137931,""hour_23"":0.9130434782608695,""crop_age_12"":1.0833333333333333,""yield_fraction"":0.0,""consecutive_unwatered_2"":0.5,""fertilizer_carried_5"":0.4,""fertilizer_shed_20"":0.0,""own_money_10000"":6.3301,""cash_lead_10000"":0.012,""crop_price_300"":0.36666666666666664,""fertilizer_price_150"":0.2,""price_advantage_300"":0.26666666666666666,""unlocked_quadrants_4"":0.75,""actor_6"":1.3333333333333333,""x_9"":0.1111111111111111,""y_9"":0.0,""remaining_steps_720"":0.30277777777777776,""crop_market_inventory_delta_400"":0.0125,""fert_market_inventory_delta_400"":0.87,""unlocked_shops_4"":1.5}","[0.0,0.0,0.0,1.0,0.0,0.6896551724137931,0.9130434782608695,1.0833333333333333,0.0,0.5,0.4,0.0,6.3301,0.012,0.36666666666666664,0.2,0.26666666666666666,0.75,1.3333333333333333,0.1111111111111111,0.0,0.30277777777777776,0.0125,0.87,1.5]","{""target_identity"":{""type"":""crop"",""coordinate"":[1,0],""resource"":""STRAWBERRY"",""generation_or_placement_day"":7},""required_carried"":{""FERTILIZER"":1},""reserved_resources"":{""actor"":8,""FERTILIZER"":1,""target"":[1,0]},""start_condition"":""baseline WATER; production due; unfertilized; carried FERTILIZER; no harmful same-target predecessor"",""planned_actions"":[[""FERTILIZE""],[""WATER""]],""completion"":""fertilized_until_day >= day+2 and watered_today true on the same crop generation"",""failure"":""actor/target/day changed or either engine effect was not observed"",""recovery"":""return to freshly computed base action after checking the real remaining WATER obligation""}",90813.0,90367.0,446.0,1,90709.0,90467.0,242.0,1,-204.0,0,1,8206d1756605a0e576445c4c41b737a06bb0ede87725ae2a40cde371b8363dec,8206d1756605a0e576445c4c41b737a06bb0ede87725ae2a40cde371b8363dec,1,1,0,{},1,"{""mode"":""target"",""base_sha256"":""b6553c296c556aff5b5e2d12b75618e505fa4d852afb5338414ac6d6e039cb02"",""model_loaded"":false,""model_calls"":0,""model_selected_tasks"":0,""model_changed_final_actions"":0,""rule_overrides"":0,""task_candidates"":43,""tasks_started"":1,""tasks_completed"":1,""contract_failures"":0,""events"":[{""event"":""fertilize_committed"",""step"":501,""candidate_id"":""fertilize_then_water:s501:a8:x1y0"",""actor"":8,""target"":[1,0],""features"":{""crop_WHEAT"":0.0,""crop_CARROT"":0.0,""crop_TOMATO"":0.0,""crop_STRAWBERRY"":1.0,""crop_MELON"":0.0,""day_29"":0.6896551724137931,""hour_23"":0.9130434782608695,""crop_age_12"":1.0833333333333333,""yield_fraction"":0.0,""consecutive_unwatered_2"":0.5,""fertilizer_carried_5"":0.4,""fertilizer_shed_20"":0.0,""own_money_10000"":6.3301,""cash_lead_10000"":0.012,""crop_price_300"":0.36666666666666664,""fertilizer_price_150"":0.2,""price_advantage_300"":0.26666666666666666,""unlocked_quadrants_4"":0.75,""actor_6"":1.3333333333333333,""x_9"":0.1111111111111111,""y_9"":0.0,""remaining_steps_720"":0.30277777777777776,""crop_market_inventory_delta_400"":0.0125,""fert_market_inventory_delta_400"":0.87,""unlocked_shops_4"":1.5},""probability"":null},{""event"":""water_committed"",""step"":502,""candidate_id"":""fertilize_then_water:s501:a8:x1y0"",""actor"":8},{""event"":""task_completed"",""step"":503,""candidate_id"":""fertilize_then_water:s501:a8:x1y0""}],""pending_obligations"":{}}",experiments/round10_public_learning_20260924/training/task_labels/replays/baseline/metav4/seed_2026092414_seat_1.json.gz,experiments/round10_public_learning_20260924/training/task_labels/replays/treatment/metav4/seed_2026092414_seat_1_fertilize_then_water_s501_a8_x1y0.json.gz,4657f7b7854446f4c3838ae1467b2b196dc05c7fbef2cc5077eb1443ddab692e,
fertilize_then_water:s163:a3:x3y1,metav4:2026092415,metav4,metav4,2026092415,0,163,3,"[3,1]",MELON,"{""crop_WHEAT"":0.0,""crop_CARROT"":0.0,""crop_TOMATO"":0.0,""crop_STRAWBERRY"":0.0,""crop_MELON"":1.0,""day_29"":0.20689655172413793,""hour_23"":0.8260869565217391,""crop_age_12"":0.5,""yield_fraction"":0.16666666666666666,""consecutive_unwatered_2"":0.0,""fertilizer_carried_5"":0.2,""fertilizer_shed_20"":0.0,""own_money_10000"":0.1231,""cash_lead_10000"":-0.0002,""crop_price_300"":0.8933333333333333,""fertilizer_price_150"":0.5866666666666667,""price_advantage_300"":0.6,""unlocked_quadrants_4"":0.5,""actor_6"":0.5,""x_9"":0.3333333333333333,""y_9"":0.1111111111111111,""remaining_steps_720"":0.7722222222222223,""crop_market_inventory_delta_400"":-0.0175,""fert_market_inventory_delta_400"":0.15,""unlocked_shops_4"":0.5}","[0.0,0.0,0.0,0.0,1.0,0.20689655172413793,0.8260869565217391,0.5,0.16666666666666666,0.0,0.2,0.0,0.1231,-0.0002,0.8933333333333333,0.5866666666666667,0.6,0.5,0.5,0.3333333333333333,0.1111111111111111,0.7722222222222223,-0.0175,0.15,0.5]","{""target_identity"":{""type"":""crop"",""coordinate"":[3,1],""resource"":""MELON"",""generation_or_placement_day"":0},""required_carried"":{""FERTILIZER"":1},""reserved_resources"":{""actor"":3,""FERTILIZER"":1,""target"":[3,1]},""start_condition"":""baseline WATER; production due; unfertilized; carried FERTILIZER; no harmful same-target predecessor"",""planned_actions"":[[""FERTILIZE""],[""WATER""]],""completion"":""fertilized_until_day >= day+2 and watered_today true on the same crop generation"",""failure"":""actor/target/day changed or either engine effect was not observed"",""recovery"":""return to freshly computed base action after checking the real remaining WATER obligation""}",112112.0,110585.0,1527.0,1,111813.0,110732.0,1081.0,1,-446.0,0,1,663751c97cda9809d9962246aad7eba6c5a977a3444cdd1f14406fc6ed37cc5b,663751c97cda9809d9962246aad7eba6c5a977a3444cdd1f14406fc6ed37cc5b,1,1,0,{},1,"{""mode"":""target"",""base_sha256"":""b6553c296c556aff5b5e2d12b75618e505fa4d852afb5338414ac6d6e039cb02"",""model_loaded"":false,""model_calls"":0,""model_selected_tasks"":0,""model_changed_final_actions"":0,""rule_overrides"":0,""task_candidates"":5,""tasks_started"":1,""tasks_completed"":1,""contract_failures"":0,""events"":[{""event"":""fertilize_committed"",""step"":163,""candidate_id"":""fertilize_then_water:s163:a3:x3y1"",""actor"":3,""target"":[3,1],""features"":{""crop_WHEAT"":0.0,""crop_CARROT"":0.0,""crop_TOMATO"":0.0,""crop_STRAWBERRY"":0.0,""crop_MELON"":1.0,""day_29"":0.20689655172413793,""hour_23"":0.8260869565217391,""crop_age_12"":0.5,""yield_fraction"":0.16666666666666666,""consecutive_unwatered_2"":0.0,""fertilizer_carried_5"":0.2,""fertilizer_shed_20"":0.0,""own_money_10000"":0.1231,""cash_lead_10000"":-0.0002,""crop_price_300"":0.8933333333333333,""fertilizer_price_150"":0.5866666666666667,""price_advantage_300"":0.6,""unlocked_quadrants_4"":0.5,""actor_6"":0.5,""x_9"":0.3333333333333333,""y_9"":0.1111111111111111,""remaining_steps_720"":0.7722222222222223,""crop_market_inventory_delta_400"":-0.0175,""fert_market_inventory_delta_400"":0.15,""unlocked_shops_4"":0.5},""probability"":null},{""event"":""water_committed"",""step"":164,""candidate_id"":""fertilize_then_water:s163:a3:x3y1"",""actor"":3},{""event"":""task_completed"",""step"":165,""candidate_id"":""fertilize_then_water:s163:a3:x3y1""}],""pending_obligations"":{}}",experiments/round10_public_learning_20260924/training/task_labels/replays/baseline/metav4/seed_2026092415_seat_0.json.gz,experiments/round10_public_learning_20260924/training/task_labels/replays/treatment/metav4/seed_2026092415_seat_0_fertilize_then_water_s163_a3_x3y1.json.gz,34bb64a0cf51da726e4ec81042cfb7ff69617c20eea54c89e99b9458bab720c0,
fertilize_then_water:s375:a8:x2y1,metav4:2026092415,metav4,metav4,2026092415,0,375,8,"[2,1]",WHEAT,"{""crop_WHEAT"":1.0,""crop_CARROT"":0.0,""crop_TOMATO"":0.0,""crop_STRAWBERRY"":0.0,""crop_MELON"":0.0,""day_29"":0.5172413793103449,""hour_23"":0.6521739130434783,""crop_age_12"":0.25,""yield_fraction"":0.3333333333333333,""consecutive_unwatered_2"":0.0,""fertilizer_carried_5"":0.2,""fertilizer_shed_20"":0.0,""own_money_10000"":2.4304,""cash_lead_10000"":0.0121,""crop_price_300"":0.14,""fertilizer_price_150"":0.31333333333333335,""price_advantage_300"":-0.016666666666666666,""unlocked_quadrants_4"":0.75,""actor_6"":1.3333333333333333,""x_9"":0.2222222222222222,""y_9"":0.1111111111111111,""remaining_steps_720"":0.4777777777777778,""crop_market_inventory_delta_400"":-0.7025,""fert_market_inventory_delta_400"":0.665,""unlocked_shops_4"":1.25}","[1.0,0.0,0.0,0.0,0.0,0.5172413793103449,0.6521739130434783,0.25,0.3333333333333333,0.0,0.2,0.0,2.4304,0.0121,0.14,0.31333333333333335,-0.016666666666666666,0.75,1.3333333333333333,0.2222222222222222,0.1111111111111111,0.4777777777777778,-0.7025,0.665,1.25]","{""target_identity"":{""type"":""crop"",""coordinate"":[2,1],""resource"":""WHEAT"",""generation_or_placement_day"":12},""required_carried"":{""FERTILIZER"":1},""reserved_resources"":{""actor"":8,""FERTILIZER"":1,""target"":[2,1]},""start_condition"":""baseline WATER; production due; unfertilized; carried FERTILIZER; no harmful same-target predecessor"",""planned_actions"":[[""FERTILIZE""],[""WATER""]],""completion"":""fertilized_until_day >= day+2 and watered_today true on the same crop generation"",""failure"":""actor/target/day changed or either engine effect was not observed"",""recovery"":""return to freshly computed base action after checking the real remaining WATER obligation""}",112112.0,110585.0,1527.0,1,118559.0,117691.0,868.0,1,-659.0,0,1,586b4f3dcd0fa81fa6675ab80fbcf277a8999637b019539ed9201d30a98f9ce2,586b4f3dcd0fa81fa6675ab80fbcf277a8999637b019539ed9201d30a98f9ce2,1,1,0,{},1,"{""mode"":""target"",""base_sha256"":""b6553c296c556aff5b5e2d12b75618e505fa4d852afb5338414ac6d6e039cb02"",""model_loaded"":false,""model_calls"":0,""model_selected_tasks"":0,""model_changed_final_actions"":0,""rule_overrides"":0,""task_candidates"":22,""tasks_started"":1,""tasks_completed"":1,""contract_failures"":0,""events"":[{""event"":""fertilize_committed"",""step"":375,""candidate_id"":""fertilize_then_water:s375:a8:x2y1"",""actor"":8,""target"":[2,1],""features"":{""crop_WHEAT"":1.0,""crop_CARROT"":0.0,""crop_TOMATO"":0.0,""crop_STRAWBERRY"":0.0,""crop_MELON"":0.0,""day_29"":0.5172413793103449,""hour_23"":0.6521739130434783,""crop_age_12"":0.25,""yield_fraction"":0.3333333333333333,""consecutive_unwatered_2"":0.0,""fertilizer_carried_5"":0.2,""fertilizer_shed_20"":0.0,""own_money_10000"":2.4304,""cash_lead_10000"":0.0121,""crop_price_300"":0.14,""fertilizer_price_150"":0.31333333333333335,""price_advantage_300"":-0.016666666666666666,""unlocked_quadrants_4"":0.75,""actor_6"":1.3333333333333333,""x_9"":0.2222222222222222,""y_9"":0.1111111111111111,""remaining_steps_720"":0.4777777777777778,""crop_market_inventory_delta_400"":-0.7025,""fert_market_inventory_delta_400"":0.665,""unlocked_shops_4"":1.25},""probability"":null},{""event"":""water_committed"",""step"":376,""candidate_id"":""fertilize_then_water:s375:a8:x2y1"",""actor"":8},{""event"":""task_completed"",""step"":377,""candidate_id"":""fertilize_then_water:s375:a8:x2y1""}],""pending_obligations"":{}}",experiments/round10_public_learning_20260924/training/task_labels/replays/baseline/metav4/seed_2026092415_seat_0.json.gz,experiments/round10_public_learning_20260924/training/task_labels/replays/treatment/metav4/seed_2026092415_seat_0_fertilize_then_water_s375_a8_x2y1.json.gz,749a6414addd65b30cf480aa09918e78765a8edd0d9fc1a171876de41b6006f9,
fertilize_then_water:s496:a9:x8y1,metav4:2026092415,metav4,metav4,2026092415,0,496,9,"[8,1]",STRAWBERRY,"{""crop_WHEAT"":0.0,""crop_CARROT"":0.0,""crop_TOMATO"":0.0,""crop_STRAWBERRY"":1.0,""crop_MELON"":0.0,""day_29"":0.6896551724137931,""hour_23"":0.6956521739130435,""crop_age_12"":1.0833333333333333,""yield_fraction"":0.0,""consecutive_unwatered_2"":0.5,""fertilizer_carried_5"":0.2,""fertilizer_shed_20"":0.0,""own_money_10000"":5.0536,""cash_lead_10000"":0.0123,""crop_price_300"":0.67,""fertilizer_price_150"":0.20666666666666667,""price_advantage_300"":0.5666666666666667,""unlocked_quadrants_4"":0.75,""actor_6"":1.5,""x_9"":0.8888888888888888,""y_9"":0.1111111111111111,""remaining_steps_720"":0.30972222222222223,""crop_market_inventory_delta_400"":-0.2325,""fert_market_inventory_delta_400"":0.865,""unlocked_shops_4"":1.5}","[0.0,0.0,0.0,1.0,0.0,0.6896551724137931,0.6956521739130435,1.0833333333333333,0.0,0.5,0.2,0.0,5.0536,0.0123,0.67,0.20666666666666667,0.5666666666666667,0.75,1.5,0.8888888888888888,0.1111111111111111,0.30972222222222223,-0.2325,0.865,1.5]","{""target_identity"":{""type"":""crop"",""coordinate"":[8,1],""resource"":""STRAWBERRY"",""generation_or_placement_day"":7},""required_carried"":{""FERTILIZER"":1},""reserved_resources"":{""actor"":9,""FERTILIZER"":1,""target"":[8,1]},""start_condition"":""baseline WATER; production due; unfertilized; carried FERTILIZER; no harmful same-target predecessor"",""planned_actions"":[[""FERTILIZE""],[""WATER""]],""completion"":""fertilized_until_day >= day+2 and watered_today true on the same crop generation"",""failure"":""actor/target/day changed or either engine effect was not observed"",""recovery"":""return to freshly computed base action after checking the real remaining WATER obligation""}",112112.0,110585.0,1527.0,1,111792.0,110664.0,1128.0,1,-399.0,0,1,37acfad695debf38277ad0a5a87198dc3ed3b8110ca86b627f0f72595453fcb1,37acfad695debf38277ad0a5a87198dc3ed3b8110ca86b627f0f72595453fcb1,1,1,0,{},1,"{""mode"":""target"",""base_sha256"":""b6553c296c556aff5b5e2d12b75618e505fa4d852afb5338414ac6d6e039cb02"",""model_loaded"":false,""model_calls"":0,""model_selected_tasks"":0,""model_changed_final_actions"":0,""rule_overrides"":0,""task_candidates"":44,""tasks_started"":1,""tasks_completed"":1,""contract_failures"":0,""events"":[{""event"":""fertilize_committed"",""step"":496,""candidate_id"":""fertilize_then_water:s496:a9:x8y1"",""actor"":9,""target"":[8,1],""features"":{""crop_WHEAT"":0.0,""crop_CARROT"":0.0,""crop_TOMATO"":0.0,""crop_STRAWBERRY"":1.0,""crop_MELON"":0.0,""day_29"":0.6896551724137931,""hour_23"":0.6956521739130435,""crop_age_12"":1.0833333333333333,""yield_fraction"":0.0,""consecutive_unwatered_2"":0.5,""fertilizer_carried_5"":0.2,""fertilizer_shed_20"":0.0,""own_money_10000"":5.0536,""cash_lead_10000"":0.0123,""crop_price_300"":0.67,""fertilizer_price_150"":0.20666666666666667,""price_advantage_300"":0.5666666666666667,""unlocked_quadrants_4"":0.75,""actor_6"":1.5,""x_9"":0.8888888888888888,""y_9"":0.1111111111111111,""remaining_steps_720"":0.30972222222222223,""crop_market_inventory_delta_400"":-0.2325,""fert_market_inventory_delta_400"":0.865,""unlocked_shops_4"":1.5},""probability"":null},{""event"":""water_committed"",""step"":497,""candidate_id"":""fertilize_then_water:s496:a9:x8y1"",""actor"":9},{""event"":""task_completed"",""step"":498,""candidate_id"":""fertilize_then_water:s496:a9:x8y1""}],""pending_obligations"":{}}",experiments/round10_public_learning_20260924/training/task_labels/replays/baseline/metav4/seed_2026092415_seat_0.json.gz,experiments/round10_public_learning_20260924/training/task_labels/replays/treatment/metav4/seed_2026092415_seat_0_fertilize_then_water_s496_a9_x8y1.json.gz,3edbc8b0037af3ed29449a1359f80bea2ff6d4677f1feae851ffacbc43aa6638,
fertilize_then_water:s205:a2:x7y0,metav4:2026092415,metav4,metav4,2026092415,1,205,2,"[7,0]",WHEAT,"{""crop_WHEAT"":1.0,""crop_CARROT"":0.0,""crop_TOMATO"":0.0,""crop_STRAWBERRY"":0.0,""crop_MELON"":0.0,""day_29"":0.27586206896551724,""hour_23"":0.5652173913043478,""crop_age_12"":0.16666666666666666,""yield_fraction"":0.16666666666666666,""consecutive_unwatered_2"":0.0,""fertilizer_carried_5"":0.2,""fertilizer_shed_20"":0.0,""own_money_10000"":0.101,""cash_lead_10000"":-0.0002,""crop_price_300"":0.12,""fertilizer_price_150"":0.5533333333333333,""price_advantage_300"":-0.15666666666666668,""unlocked_quadrants_4"":0.5,""actor_6"":0.3333333333333333,""x_9"":0.7777777777777778,""y_9"":0.0,""remaining_steps_720"":0.7138888888888889,""crop_market_inventory_delta_400"":-0.2825,""fert_market_inventory_delta_400"":0.21,""unlocked_shops_4"":0.5}","[1.0,0.0,0.0,0.0,0.0,0.27586206896551724,0.5652173913043478,0.16666666666666666,0.16666666666666666,0.0,0.2,0.0,0.101,-0.0002,0.12,0.5533333333333333,-0.15666666666666668,0.5,0.3333333333333333,0.7777777777777778,0.0,0.7138888888888889,-0.2825,0.21,0.5]","{""target_identity"":{""type"":""crop"",""coordinate"":[7,0],""resource"":""WHEAT"",""generation_or_placement_day"":6},""required_carried"":{""FERTILIZER"":1},""reserved_resources"":{""actor"":2,""FERTILIZER"":1,""target"":[7,0]},""start_condition"":""baseline WATER; production due; unfertilized; carried FERTILIZER; no harmful same-target predecessor"",""planned_actions"":[[""FERTILIZE""],[""WATER""]],""completion"":""fertilized_until_day >= day+2 and watered_today true on the same crop generation"",""failure"":""actor/target/day changed or either engine effect was not observed"",""recovery"":""return to freshly computed base action after checking the real remaining WATER obligation""}",112112.0,110585.0,1527.0,1,107223.0,107657.0,-434.0,-1,-1961.0,-2,1,1d2d70e859dec3d8c49dea9f16725b216a35250364503911e27912794985a8d2,1d2d70e859dec3d8c49dea9f16725b216a35250364503911e27912794985a8d2,1,1,0,{},1,"{""mode"":""target"",""base_sha256"":""b6553c296c556aff5b5e2d12b75618e505fa4d852afb5338414ac6d6e039cb02"",""model_loaded"":false,""model_calls"":0,""model_selected_tasks"":0,""model_changed_final_actions"":0,""rule_overrides"":0,""task_candidates"":7,""tasks_started"":1,""tasks_completed"":1,""contract_failures"":0,""events"":[{""event"":""fertilize_committed"",""step"":205,""candidate_id"":""fertilize_then_water:s205:a2:x7y0"",""actor"":2,""target"":[7,0],""features"":{""crop_WHEAT"":1.0,""crop_CARROT"":0.0,""crop_TOMATO"":0.0,""crop_STRAWBERRY"":0.0,""crop_MELON"":0.0,""day_29"":0.27586206896551724,""hour_23"":0.5652173913043478,""crop_age_12"":0.16666666666666666,""yield_fraction"":0.16666666666666666,""consecutive_unwatered_2"":0.0,""fertilizer_carried_5"":0.2,""fertilizer_shed_20"":0.0,""own_money_10000"":0.101,""cash_lead_10000"":-0.0002,""crop_price_300"":0.12,""fertilizer_price_150"":0.5533333333333333,""price_advantage_300"":-0.15666666666666668,""unlocked_quadrants_4"":0.5,""actor_6"":0.3333333333333333,""x_9"":0.7777777777777778,""y_9"":0.0,""remaining_steps_720"":0.7138888888888889,""crop_market_inventory_delta_400"":-0.2825,""fert_market_inventory_delta_400"":0.21,""unlocked_shops_4"":0.5},""probability"":null},{""event"":""water_committed"",""step"":206,""candidate_id"":""fertilize_then_water:s205:a2:x7y0"",""actor"":2},{""event"":""task_completed"",""step"":207,""candidate_id"":""fertilize_then_water:s205:a2:x7y0""}],""pending_obligations"":{}}",experiments/round10_public_learning_20260924/training/task_labels/replays/baseline/metav4/seed_2026092415_seat_1.json.gz,experiments/round10_public_learning_20260924/training/task_labels/replays/treatment/metav4/seed_2026092415_seat_1_fertilize_then_water_s205_a2_x7y0.json.gz,b797cad285044443591fe6f7c42d25409ddb17f8be80d8e20ae1fa86530bd918,
fertilize_then_water:s210:a0:x2y3,metav4:2026092415,metav4,metav4,2026092415,1,210,0,"[2,3]",MELON,"{""crop_WHEAT"":0.0,""crop_CARROT"":0.0,""crop_TOMATO"":0.0,""crop_STRAWBERRY"":0.0,""crop_MELON"":1.0,""day_29"":0.27586206896551724,""hour_23"":0.782608695652174,""crop_age_12"":0.6666666666666666,""yield_fraction"":0.5,""consecutive_unwatered_2"":0.0,""fertilizer_carried_5"":0.4,""fertilizer_shed_20"":0.0,""own_money_10000"":0.1194,""cash_lead_10000"":-0.0002,""crop_price_300"":0.9,""fertilizer_price_150"":0.5466666666666666,""price_advantage_300"":0.6266666666666667,""unlocked_quadrants_4"":0.5,""actor_6"":0.0,""x_9"":0.2222222222222222,""y_9"":0.3333333333333333,""remaining_steps_720"":0.7069444444444445,""crop_market_inventory_delta_400"":-0.0225,""fert_market_inventory_delta_400"":0.23,""unlocked_shops_4"":0.5}","[0.0,0.0,0.0,0.0,1.0,0.27586206896551724,0.782608695652174,0.6666666666666666,0.5,0.0,0.4,0.0,0.1194,-0.0002,0.9,0.5466666666666666,0.6266666666666667,0.5,0.0,0.2222222222222222,0.3333333333333333,0.7069444444444445,-0.0225,0.23,0.5]","{""target_identity"":{""type"":""crop"",""coordinate"":[2,3],""resource"":""MELON"",""generation_or_placement_day"":0},""required_carried"":{""FERTILIZER"":1},""reserved_resources"":{""actor"":0,""FERTILIZER"":1,""target"":[2,3]},""start_condition"":""baseline WATER; production due; unfertilized; carried FERTILIZER; no harmful same-target predecessor"",""planned_actions"":[[""FERTILIZE""],[""WATER""]],""completion"":""fertilized_until_day >= day+2 and watered_today true on the same crop generation"",""failure"":""actor/target/day changed or either engine effect was not observed"",""recovery"":""return to freshly computed base action after checking the real remaining WATER obligation""}",112112.0,110585.0,1527.0,1,112066.0,110641.0,1425.0,1,-102.0,0,1,6368582ce8c6099e6d8c0e9e74107c2f0f659f8b2420d8d8519ed4d70d022f2d,6368582ce8c6099e6d8c0e9e74107c2f0f659f8b2420d8d8519ed4d70d022f2d,1,1,0,{},1,"{""mode"":""target"",""base_sha256"":""b6553c296c556aff5b5e2d12b75618e505fa4d852afb5338414ac6d6e039cb02"",""model_loaded"":false,""model_calls"":0,""model_selected_tasks"":0,""model_changed_final_actions"":0,""rule_overrides"":0,""task_candidates"":9,""tasks_started"":1,""tasks_completed"":1,""contract_failures"":0,""events"":[{""event"":""fertilize_committed"",""step"":210,""candidate_id"":""fertilize_then_water:s210:a0:x2y3"",""actor"":0,""target"":[2,3],""features"":{""crop_WHEAT"":0.0,""crop_CARROT"":0.0,""crop_TOMATO"":0.0,""crop_STRAWBERRY"":0.0,""crop_MELON"":1.0,""day_29"":0.27586206896551724,""hour_23"":0.782608695652174,""crop_age_12"":0.6666666666666666,""yield_fraction"":0.5,""consecutive_unwatered_2"":0.0,""fertilizer_carried_5"":0.4,""fertilizer_shed_20"":0.0,""own_money_10000"":0.1194,""cash_lead_10000"":-0.0002,""crop_price_300"":0.9,""fertilizer_price_150"":0.5466666666666666,""price_advantage_300"":0.6266666666666667,""unlocked_quadrants_4"":0.5,""actor_6"":0.0,""x_9"":0.2222222222222222,""y_9"":0.3333333333333333,""remaining_steps_720"":0.7069444444444445,""crop_market_inventory_delta_400"":-0.0225,""fert_market_inventory_delta_400"":0.23,""unlocked_shops_4"":0.5},""probability"":null},{""event"":""water_committed"",""step"":211,""candidate_id"":""fertilize_then_water:s210:a0:x2y3"",""actor"":0},{""event"":""task_completed"",""step"":212,""candidate_id"":""fertilize_then_water:s210:a0:x2y3""}],""pending_obligations"":{}}",experiments/round10_public_learning_20260924/training/task_labels/replays/baseline/metav4/seed_2026092415_seat_1.json.gz,experiments/round10_public_learning_20260924/training/task_labels/replays/treatment/metav4/seed_2026092415_seat_1_fertilize_then_water_s210_a0_x2y3.json.gz,d7c232d941beba9158327fa533709edc9c6c1a8bb12bf1523ca88a57d63f8623,
fertilize_then_water:s501:a11:x1y0,metav4:2026092415,metav4,metav4,2026092415,1,501,11,"[1,0]",STRAWBERRY,"{""crop_WHEAT"":0.0,""crop_CARROT"":0.0,""crop_TOMATO"":0.0,""crop_STRAWBERRY"":1.0,""crop_MELON"":0.0,""day_29"":0.6896551724137931,""hour_23"":0.9130434782608695,""crop_age_12"":1.0833333333333333,""yield_fraction"":0.0,""consecutive_unwatered_2"":0.5,""fertilizer_carried_5"":0.4,""fertilizer_shed_20"":0.0,""own_money_10000"":4.9288,""cash_lead_10000"":0.0123,""crop_price_300"":0.6466666666666666,""fertilizer_price_150"":0.20666666666666667,""price_advantage_300"":0.5433333333333333,""unlocked_quadrants_4"":0.75,""actor_6"":1.8333333333333333,""x_9"":0.1111111111111111,""y_9"":0.0,""remaining_steps_720"":0.30277777777777776,""crop_market_inventory_delta_400"":-0.1925,""fert_market_inventory_delta_400"":0.865,""unlocked_shops_4"":1.5}","[0.0,0.0,0.0,1.0,0.0,0.6896551724137931,0.9130434782608695,1.0833333333333333,0.0,0.5,0.4,0.0,4.9288,0.0123,0.6466666666666666,0.20666666666666667,0.5433333333333333,0.75,1.8333333333333333,0.1111111111111111,0.0,0.30277777777777776,-0.1925,0.865,1.5]","{""target_identity"":{""type"":""crop"",""coordinate"":[1,0],""resource"":""STRAWBERRY"",""generation_or_placement_day"":7},""required_carried"":{""FERTILIZER"":1},""reserved_resources"":{""actor"":11,""FERTILIZER"":1,""target"":[1,0]},""start_condition"":""baseline WATER; production due; unfertilized; carried FERTILIZER; no harmful same-target predecessor"",""planned_actions"":[[""FERTILIZE""],[""WATER""]],""completion"":""fertilized_until_day >= day+2 and watered_today true on the same crop generation"",""failure"":""actor/target/day changed or either engine effect was not observed"",""recovery"":""return to freshly computed base action after checking the real remaining WATER obligation""}",112112.0,110585.0,1527.0,1,111867.0,110460.0,1407.0,1,-120.0,0,1,c57de5d8b59d80269899c8cdac033b1cc7f1e9ed4d9caaf01b5412faa64f1937,c57de5d8b59d80269899c8cdac033b1cc7f1e9ed4d9caaf01b5412faa64f1937,1,1,0,{},1,"{""mode"":""target"",""base_sha256"":""b6553c296c556aff5b5e2d12b75618e505fa4d852afb5338414ac6d6e039cb02"",""model_loaded"":false,""model_calls"":0,""model_selected_tasks"":0,""model_changed_final_actions"":0,""rule_overrides"":0,""task_candidates"":49,""tasks_started"":1,""tasks_completed"":1,""contract_failures"":0,""events"":[{""event"":""fertilize_committed"",""step"":501,""candidate_id"":""fertilize_then_water:s501:a11:x1y0"",""actor"":11,""target"":[1,0],""features"":{""crop_WHEAT"":0.0,""crop_CARROT"":0.0,""crop_TOMATO"":0.0,""crop_STRAWBERRY"":1.0,""crop_MELON"":0.0,""day_29"":0.6896551724137931,""hour_23"":0.9130434782608695,""crop_age_12"":1.0833333333333333,""yield_fraction"":0.0,""consecutive_unwatered_2"":0.5,""fertilizer_carried_5"":0.4,""fertilizer_shed_20"":0.0,""own_money_10000"":4.9288,""cash_lead_10000"":0.0123,""crop_price_300"":0.6466666666666666,""fertilizer_price_150"":0.20666666666666667,""price_advantage_300"":0.5433333333333333,""unlocked_quadrants_4"":0.75,""actor_6"":1.8333333333333333,""x_9"":0.1111111111111111,""y_9"":0.0,""remaining_steps_720"":0.30277777777777776,""crop_market_inventory_delta_400"":-0.1925,""fert_market_inventory_delta_400"":0.865,""unlocked_shops_4"":1.5},""probability"":null},{""event"":""water_committed"",""step"":502,""candidate_id"":""fertilize_then_water:s501:a11:x1y0"",""actor"":11},{""event"":""task_completed"",""step"":503,""candidate_id"":""fertilize_then_water:s501:a11:x1y0""}],""pending_obligations"":{}}",experiments/round10_public_learning_20260924/training/task_labels/replays/baseline/metav4/seed_2026092415_seat_1.json.gz,experiments/round10_public_learning_20260924/training/task_labels/replays/treatment/metav4/seed_2026092415_seat_1_fertilize_then_water_s501_a11_x1y0.json.gz,be8a6dc8c6fb10d7972b8a5e17c817e467682a485bafeaed723cc5bebd10c1a6,
fertilize_then_water:s175:a0:x1y4,qeinstein_moev2:2026092413,qeinstein_moev2,qeinstein,2026092413,0,175,0,"[1,4]",MELON,"{""crop_WHEAT"":0.0,""crop_CARROT"":0.0,""crop_TOMATO"":0.0,""crop_STRAWBERRY"":0.0,""crop_MELON"":1.0,""day_29"":0.2413793103448276,""hour_23"":0.30434782608695654,""crop_age_12"":0.5833333333333334,""yield_fraction"":0.3333333333333333,""consecutive_unwatered_2"":0.0,""fertilizer_carried_5"":0.2,""fertilizer_shed_20"":0.05,""own_money_10000"":0.1222,""cash_lead_10000"":0.0285,""crop_price_300"":0.8966666666666666,""fertilizer_price_150"":0.58,""price_advantage_300"":0.6066666666666667,""unlocked_quadrants_4"":0.5,""actor_6"":0.0,""x_9"":0.1111111111111111,""y_9"":0.4444444444444444,""remaining_steps_720"":0.7555555555555555,""crop_market_inventory_delta_400"":-0.02,""fert_market_inventory_delta_400"":0.16,""unlocked_shops_4"":0.5}","[0.0,0.0,0.0,0.0,1.0,0.2413793103448276,0.30434782608695654,0.5833333333333334,0.3333333333333333,0.0,0.2,0.05,0.1222,0.0285,0.8966666666666666,0.58,0.6066666666666667,0.5,0.0,0.1111111111111111,0.4444444444444444,0.7555555555555555,-0.02,0.16,0.5]","{""target_identity"":{""type"":""crop"",""coordinate"":[1,4],""resource"":""MELON"",""generation_or_placement_day"":0},""required_carried"":{""FERTILIZER"":1},""reserved_resources"":{""actor"":0,""FERTILIZER"":1,""target"":[1,4]},""start_condition"":""baseline WATER; production due; unfertilized; carried FERTILIZER; no harmful same-target predecessor"",""planned_actions"":[[""FERTILIZE""],[""WATER""]],""completion"":""fertilized_until_day >= day+2 and watered_today true on the same crop generation"",""failure"":""actor/target/day changed or either engine effect was not observed"",""recovery"":""return to freshly computed base action after checking the real remaining WATER obligation""}",80957.0,64387.0,16570.0,1,88856.0,72865.0,15991.0,1,-579.0,0,1,459b1114416cc2539ac6a6daa1b9b54ee412e5b77c591b6b69ed59469433c95b,459b1114416cc2539ac6a6daa1b9b54ee412e5b77c591b6b69ed59469433c95b,1,1,0,{},1,"{""mode"":""target"",""base_sha256"":""b6553c296c556aff5b5e2d12b75618e505fa4d852afb5338414ac6d6e039cb02"",""model_loaded"":false,""model_calls"":0,""model_selected_tasks"":0,""model_changed_final_actions"":0,""rule_overrides"":0,""task_candidates"":4,""tasks_started"":1,""tasks_completed"":1,""contract_failures"":0,""events"":[{""event"":""fertilize_committed"",""step"":175,""candidate_id"":""fertilize_then_water:s175:a0:x1y4"",""actor"":0,""target"":[1,4],""features"":{""crop_WHEAT"":0.0,""crop_CARROT"":0.0,""crop_TOMATO"":0.0,""crop_STRAWBERRY"":0.0,""crop_MELON"":1.0,""day_29"":0.2413793103448276,""hour_23"":0.30434782608695654,""crop_age_12"":0.5833333333333334,""yield_fraction"":0.3333333333333333,""consecutive_unwatered_2"":0.0,""fertilizer_carried_5"":0.2,""fertilizer_shed_20"":0.05,""own_money_10000"":0.1222,""cash_lead_10000"":0.0285,""crop_price_300"":0.8966666666666666,""fertilizer_price_150"":0.58,""price_advantage_300"":0.6066666666666667,""unlocked_quadrants_4"":0.5,""actor_6"":0.0,""x_9"":0.1111111111111111,""y_9"":0.4444444444444444,""remaining_steps_720"":0.7555555555555555,""crop_market_inventory_delta_400"":-0.02,""fert_market_inventory_delta_400"":0.16,""unlocked_shops_4"":0.5},""probability"":null},{""event"":""water_committed"",""step"":176,""candidate_id"":""fertilize_then_water:s175:a0:x1y4"",""actor"":0},{""event"":""task_completed"",""step"":177,""candidate_id"":""fertilize_then_water:s175:a0:x1y4""}],""pending_obligations"":{}}",experiments/round10_public_learning_20260924/training/task_labels/replays/baseline/qeinstein_moev2/seed_2026092413_seat_0.json.gz,experiments/round10_public_learning_20260924/training/task_labels/replays/treatment/qeinstein_moev2/seed_2026092413_seat_0_fertilize_then_water_s175_a0_x1y4.json.gz,0220d57f4fd60d2c61141f80d5bc09f2d82917ebfeb202ee194c22aa31f24846,
fertilize_then_water:s355:a2:x8y0,qeinstein_moev2:2026092413,qeinstein_moev2,qeinstein,2026092413,0,355,2,"[8,0]",WHEAT,"{""crop_WHEAT"":1.0,""crop_CARROT"":0.0,""crop_TOMATO"":0.0,""crop_STRAWBERRY"":0.0,""crop_MELON"":0.0,""day_29"":0.4827586206896552,""hour_23"":0.8260869565217391,""crop_age_12"":0.16666666666666666,""yield_fraction"":0.16666666666666666,""consecutive_unwatered_2"":0.5,""fertilizer_carried_5"":0.4,""fertilizer_shed_20"":0.05,""own_money_10000"":2.3517,""cash_lead_10000"":0.4037,""crop_price_300"":0.13,""fertilizer_price_150"":0.36,""price_advantage_300"":-0.05,""unlocked_quadrants_4"":0.75,""actor_6"":0.3333333333333333,""x_9"":0.8888888888888888,""y_9"":0.0,""remaining_steps_720"":0.5055555555555555,""crop_market_inventory_delta_400"":-0.515,""fert_market_inventory_delta_400"":0.5725,""unlocked_shops_4"":1.0}","[1.0,0.0,0.0,0.0,0.0,0.4827586206896552,0.8260869565217391,0.16666666666666666,0.16666666666666666,0.5,0.4,0.05,2.3517,0.4037,0.13,0.36,-0.05,0.75,0.3333333333333333,0.8888888888888888,0.0,0.5055555555555555,-0.515,0.5725,1.0]","{""target_identity"":{""type"":""crop"",""coordinate"":[8,0],""resource"":""WHEAT"",""generation_or_placement_day"":12},""required_carried"":{""FERTILIZER"":1},""reserved_resources"":{""actor"":2,""FERTILIZER"":1,""target"":[8,0]},""start_condition"":""baseline WATER; production due; unfertilized; carried FERTILIZER; no harmful same-target predecessor"",""planned_actions"":[[""FERTILIZE""],[""WATER""]],""completion"":""fertilized_until_day >= day+2 and watered_today true on the same crop generation"",""failure"":""actor/target/day changed or either engine effect was not observed"",""recovery"":""return to freshly computed base action after checking the real remaining WATER obligation""}",80957.0,64387.0,16570.0,1,80708.0,64681.0,16027.0,1,-543.0,0,1,27dda6342317d6557f0fc1cce355bb259eecf01d76f434812479b03f49770dfd,27dda6342317d6557f0fc1cce355bb259eecf01d76f434812479b03f49770dfd,1,1,0,{},1,"{""mode"":""target"",""base_sha256"":""b6553c296c556aff5b5e2d12b75618e505fa4d852afb5338414ac6d6e039cb02"",""model_loaded"":false,""model_calls"":0,""model_selected_tasks"":0,""model_changed_final_actions"":0,""rule_overrides"":0,""task_candidates"":6,""tasks_started"":1,""tasks_completed"":1,""contract_failures"":0,""events"":[{""event"":""fertilize_committed"",""step"":355,""candidate_id"":""fertilize_then_water:s355:a2:x8y0"",""actor"":2,""target"":[8,0],""features"":{""crop_WHEAT"":1.0,""crop_CARROT"":0.0,""crop_TOMATO"":0.0,""crop_STRAWBERRY"":0.0,""crop_MELON"":0.0,""day_29"":0.4827586206896552,""hour_23"":0.8260869565217391,""crop_age_12"":0.16666666666666666,""yield_fraction"":0.16666666666666666,""consecutive_unwatered_2"":0.5,""fertilizer_carried_5"":0.4,""fertilizer_shed_20"":0.05,""own_money_10000"":2.3517,""cash_lead_10000"":0.4037,""crop_price_300"":0.13,""fertilizer_price_150"":0.36,""price_advantage_300"":-0.05,""unlocked_quadrants_4"":0.75,""actor_6"":0.3333333333333333,""x_9"":0.8888888888888888,""y_9"":0.0,""remaining_steps_720"":0.5055555555555555,""crop_market_inventory_delta_400"":-0.515,""fert_market_inventory_delta_400"":0.5725,""unlocked_shops_4"":1.0},""probability"":null},{""event"":""water_committed"",""step"":356,""candidate_id"":""fertilize_then_water:s355:a2:x8y0"",""actor"":2},{""event"":""task_completed"",""step"":357,""candidate_id"":""fertilize_then_water:s355:a2:x8y0""}],""pending_obligations"":{}}",experiments/round10_public_learning_20260924/training/task_labels/replays/baseline/qeinstein_moev2/seed_2026092413_seat_0.json.gz,experiments/round10_public_learning_20260924/training/task_labels/replays/treatment/qeinstein_moev2/seed_2026092413_seat_0_fertilize_then_water_s355_a2_x8y0.json.gz,95eb6165d3fbe7b5b814cfaba52e0da4257784c8d30d2c4ea9935f2c1369cb2d,
fertilize_then_water:s544:a3:x9y2,qeinstein_moev2:2026092413,qeinstein_moev2,qeinstein,2026092413,0,544,3,"[9,2]",STRAWBERRY,"{""crop_WHEAT"":0.0,""crop_CARROT"":0.0,""crop_TOMATO"":0.0,""crop_STRAWBERRY"":1.0,""crop_MELON"":0.0,""day_29"":0.7586206896551724,""hour_23"":0.6956521739130435,""crop_age_12"":1.25,""yield_fraction"":0.0,""consecutive_unwatered_2"":0.5,""fertilizer_carried_5"":0.4,""fertilizer_shed_20"":0.0,""own_money_10000"":6.145,""cash_lead_10000"":0.7423,""crop_price_300"":0.0033333333333333335,""fertilizer_price_150"":0.14666666666666667,""price_advantage_300"":-0.07,""unlocked_quadrants_4"":0.75,""actor_6"":0.5,""x_9"":1.0,""y_9"":0.2222222222222222,""remaining_steps_720"":0.24305555555555555,""crop_market_inventory_delta_400"":0.155,""fert_market_inventory_delta_400"":0.975,""unlocked_shops_4"":1.75}","[0.0,0.0,0.0,1.0,0.0,0.7586206896551724,0.6956521739130435,1.25,0.0,0.5,0.4,0.0,6.145,0.7423,0.0033333333333333335,0.14666666666666667,-0.07,0.75,0.5,1.0,0.2222222222222222,0.24305555555555555,0.155,0.975,1.75]","{""target_identity"":{""type"":""crop"",""coordinate"":[9,2],""resource"":""STRAWBERRY"",""generation_or_placement_day"":7},""required_carried"":{""FERTILIZER"":1},""reserved_resources"":{""actor"":3,""FERTILIZER"":1,""target"":[9,2]},""start_condition"":""baseline WATER; production due; unfertilized; carried FERTILIZER; no harmful same-target predecessor"",""planned_actions"":[[""FERTILIZE""],[""WATER""]],""completion"":""fertilized_until_day >= day+2 and watered_today true on the same crop generation"",""failure"":""actor/target/day changed or either engine effect was not observed"",""recovery"":""return to freshly computed base action after checking the real remaining WATER obligation""}",80957.0,64387.0,16570.0,1,80704.0,64419.0,16285.0,1,-285.0,0,1,9b48599a2bdabab8885e506ab22965a6ea26cf71a205975e7ff9b471a76cdb38,9b48599a2bdabab8885e506ab22965a6ea26cf71a205975e7ff9b471a76cdb38,1,1,0,{},1,"{""mode"":""target"",""base_sha256"":""b6553c296c556aff5b5e2d12b75618e505fa4d852afb5338414ac6d6e039cb02"",""model_loaded"":false,""model_calls"":0,""model_selected_tasks"":0,""model_changed_final_actions"":0,""rule_overrides"":0,""task_candidates"":12,""tasks_started"":1,""tasks_completed"":1,""contract_failures"":0,""events"":[{""event"":""fertilize_committed"",""step"":544,""candidate_id"":""fertilize_then_water:s544:a3:x9y2"",""actor"":3,""target"":[9,2],""features"":{""crop_WHEAT"":0.0,""crop_CARROT"":0.0,""crop_TOMATO"":0.0,""crop_STRAWBERRY"":1.0,""crop_MELON"":0.0,""day_29"":0.7586206896551724,""hour_23"":0.6956521739130435,""crop_age_12"":1.25,""yield_fraction"":0.0,""consecutive_unwatered_2"":0.5,""fertilizer_carried_5"":0.4,""fertilizer_shed_20"":0.0,""own_money_10000"":6.145,""cash_lead_10000"":0.7423,""crop_price_300"":0.0033333333333333335,""fertilizer_price_150"":0.14666666666666667,""price_advantage_300"":-0.07,""unlocked_quadrants_4"":0.75,""actor_6"":0.5,""x_9"":1.0,""y_9"":0.2222222222222222,""remaining_steps_720"":0.24305555555555555,""crop_market_inventory_delta_400"":0.155,""fert_market_inventory_delta_400"":0.975,""unlocked_shops_4"":1.75},""probability"":null},{""event"":""water_committed"",""step"":545,""candidate_id"":""fertilize_then_water:s544:a3:x9y2"",""actor"":3},{""event"":""task_completed"",""step"":546,""candidate_id"":""fertilize_then_water:s544:a3:x9y2""}],""pending_obligations"":{}}",experiments/round10_public_learning_20260924/training/task_labels/replays/baseline/qeinstein_moev2/seed_2026092413_seat_0.json.gz,experiments/round10_public_learning_20260924/training/task_labels/replays/treatment/qeinstein_moev2/seed_2026092413_seat_0_fertilize_then_water_s544_a3_x9y2.json.gz,7018505b9b8caf5f1234762f5143c32049d5f013830f192fa915ceca9b8b0685,
fertilize_then_water:s175:a0:x1y4,qeinstein_moev2:2026092413,qeinstein_moev2,qeinstein,2026092413,1,175,0,"[1,4]",MELON,"{""crop_WHEAT"":0.0,""crop_CARROT"":0.0,""crop_TOMATO"":0.0,""crop_STRAWBERRY"":0.0,""crop_MELON"":1.0,""day_29"":0.2413793103448276,""hour_23"":0.30434782608695654,""crop_age_12"":0.5833333333333334,""yield_fraction"":0.3333333333333333,""consecutive_unwatered_2"":0.0,""fertilizer_carried_5"":0.2,""fertilizer_shed_20"":0.05,""own_money_10000"":0.1222,""cash_lead_10000"":0.0285,""crop_price_300"":0.8966666666666666,""fertilizer_price_150"":0.58,""price_advantage_300"":0.6066666666666667,""unlocked_quadrants_4"":0.5,""actor_6"":0.0,""x_9"":0.1111111111111111,""y_9"":0.4444444444444444,""remaining_steps_720"":0.7555555555555555,""crop_market_inventory_delta_400"":-0.02,""fert_market_inventory_delta_400"":0.16,""unlocked_shops_4"":0.5}","[0.0,0.0,0.0,0.0,1.0,0.2413793103448276,0.30434782608695654,0.5833333333333334,0.3333333333333333,0.0,0.2,0.05,0.1222,0.0285,0.8966666666666666,0.58,0.6066666666666667,0.5,0.0,0.1111111111111111,0.4444444444444444,0.7555555555555555,-0.02,0.16,0.5]","{""target_identity"":{""type"":""crop"",""coordinate"":[1,4],""resource"":""MELON"",""generation_or_placement_day"":0},""required_carried"":{""FERTILIZER"":1},""reserved_resources"":{""actor"":0,""FERTILIZER"":1,""target"":[1,4]},""start_condition"":""baseline WATER; production due; unfertilized; carried FERTILIZER; no harmful same-target predecessor"",""planned_actions"":[[""FERTILIZE""],[""WATER""]],""completion"":""fertilized_until_day >= day+2 and watered_today true on the same crop generation"",""failure"":""actor/target/day changed or either engine effect was not observed"",""recovery"":""return to freshly computed base action after checking the real remaining WATER obligation""}",80957.0,64387.0,16570.0,1,88856.0,72865.0,15991.0,1,-579.0,0,1,d434d85c06a430c7817a1822b9c2f57c965061340be4ba8314d40a337edf0cec,d434d85c06a430c7817a1822b9c2f57c965061340be4ba8314d40a337edf0cec,1,1,0,{},1,"{""mode"":""target"",""base_sha256"":""b6553c296c556aff5b5e2d12b75618e505fa4d852afb5338414ac6d6e039cb02"",""model_loaded"":false,""model_calls"":0,""model_selected_tasks"":0,""model_changed_final_actions"":0,""rule_overrides"":0,""task_candidates"":4,""tasks_started"":1,""tasks_completed"":1,""contract_failures"":0,""events"":[{""event"":""fertilize_committed"",""step"":175,""candidate_id"":""fertilize_then_water:s175:a0:x1y4"",""actor"":0,""target"":[1,4],""features"":{""crop_WHEAT"":0.0,""crop_CARROT"":0.0,""crop_TOMATO"":0.0,""crop_STRAWBERRY"":0.0,""crop_MELON"":1.0,""day_29"":0.2413793103448276,""hour_23"":0.30434782608695654,""crop_age_12"":0.5833333333333334,""yield_fraction"":0.3333333333333333,""consecutive_unwatered_2"":0.0,""fertilizer_carried_5"":0.2,""fertilizer_shed_20"":0.05,""own_money_10000"":0.1222,""cash_lead_10000"":0.0285,""crop_price_300"":0.8966666666666666,""fertilizer_price_150"":0.58,""price_advantage_300"":0.6066666666666667,""unlocked_quadrants_4"":0.5,""actor_6"":0.0,""x_9"":0.1111111111111111,""y_9"":0.4444444444444444,""remaining_steps_720"":0.7555555555555555,""crop_market_inventory_delta_400"":-0.02,""fert_market_inventory_delta_400"":0.16,""unlocked_shops_4"":0.5},""probability"":null},{""event"":""water_committed"",""step"":176,""candidate_id"":""fertilize_then_water:s175:a0:x1y4"",""actor"":0},{""event"":""task_completed"",""step"":177,""candidate_id"":""fertilize_then_water:s175:a0:x1y4""}],""pending_obligations"":{}}",experiments/round10_public_learning_20260924/training/task_labels/replays/baseline/qeinstein_moev2/seed_2026092413_seat_1.json.gz,experiments/round10_public_learning_20260924/training/task_labels/replays/treatment/qeinstein_moev2/seed_2026092413_seat_1_fertilize_then_water_s175_a0_x1y4.json.gz,d13472b9073d63265ae83e8d884a1a1742bf5627602198e2d9b180bcc33b51db,
fertilize_then_water:s498:a0:x8y1,qeinstein_moev2:2026092413,qeinstein_moev2,qeinstein,2026092413,1,498,0,"[8,1]",STRAWBERRY,"{""crop_WHEAT"":0.0,""crop_CARROT"":0.0,""crop_TOMATO"":0.0,""crop_STRAWBERRY"":1.0,""crop_MELON"":0.0,""day_29"":0.6896551724137931,""hour_23"":0.782608695652174,""crop_age_12"":1.0833333333333333,""yield_fraction"":0.0,""consecutive_unwatered_2"":0.5,""fertilizer_carried_5"":0.4,""fertilizer_shed_20"":0.0,""own_money_10000"":5.8034,""cash_lead_10000"":0.7888,""crop_price_300"":0.30333333333333334,""fertilizer_price_150"":0.23333333333333334,""price_advantage_300"":0.18666666666666668,""unlocked_quadrants_4"":0.75,""actor_6"":0.0,""x_9"":0.8888888888888888,""y_9"":0.1111111111111111,""remaining_steps_720"":0.30694444444444446,""crop_market_inventory_delta_400"":0.0375,""fert_market_inventory_delta_400"":0.815,""unlocked_shops_4"":1.5}","[0.0,0.0,0.0,1.0,0.0,0.6896551724137931,0.782608695652174,1.0833333333333333,0.0,0.5,0.4,0.0,5.8034,0.7888,0.30333333333333334,0.23333333333333334,0.18666666666666668,0.75,0.0,0.8888888888888888,0.1111111111111111,0.30694444444444446,0.0375,0.815,1.5]","{""target_identity"":{""type"":""crop"",""coordinate"":[8,1],""resource"":""STRAWBERRY"",""generation_or_placement_day"":7},""required_carried"":{""FERTILIZER"":1},""reserved_resources"":{""actor"":0,""FERTILIZER"":1,""target"":[8,1]},""start_condition"":""baseline WATER; production due; unfertilized; carried FERTILIZER; no harmful same-target predecessor"",""planned_actions"":[[""FERTILIZE""],[""WATER""]],""completion"":""fertilized_until_day >= day+2 and watered_today true on the same crop generation"",""failure"":""actor/target/day changed or either engine effect was not observed"",""recovery"":""return to freshly computed base action after checking the real remaining WATER obligation""}",80957.0,64387.0,16570.0,1,80659.0,64487.0,16172.0,1,-398.0,0,1,39dab5bcc37adf35ca6a731c882492b4d33a093adc2c0f00fe0583fa432e302f,39dab5bcc37adf35ca6a731c882492b4d33a093adc2c0f00fe0583fa432e302f,1,1,0,{},1,"{""mode"":""target"",""base_sha256"":""b6553c296c556aff5b5e2d12b75618e505fa4d852afb5338414ac6d6e039cb02"",""model_loaded"":false,""model_calls"":0,""model_selected_tasks"":0,""model_changed_final_actions"":0,""rule_overrides"":0,""task_candidates"":9,""tasks_started"":1,""tasks_completed"":1,""contract_failures"":0,""events"":[{""event"":""fertilize_committed"",""step"":498,""candidate_id"":""fertilize_then_water:s498:a0:x8y1"",""actor"":0,""target"":[8,1],""features"":{""crop_WHEAT"":0.0,""crop_CARROT"":0.0,""crop_TOMATO"":0.0,""crop_STRAWBERRY"":1.0,""crop_MELON"":0.0,""day_29"":0.6896551724137931,""hour_23"":0.782608695652174,""crop_age_12"":1.0833333333333333,""yield_fraction"":0.0,""consecutive_unwatered_2"":0.5,""fertilizer_carried_5"":0.4,""fertilizer_shed_20"":0.0,""own_money_10000"":5.8034,""cash_lead_10000"":0.7888,""crop_price_300"":0.30333333333333334,""fertilizer_price_150"":0.23333333333333334,""price_advantage_300"":0.18666666666666668,""unlocked_quadrants_4"":0.75,""actor_6"":0.0,""x_9"":0.8888888888888888,""y_9"":0.1111111111111111,""remaining_steps_720"":0.30694444444444446,""crop_market_inventory_delta_400"":0.0375,""fert_market_inventory_delta_400"":0.815,""unlocked_shops_4"":1.5},""probability"":null},{""event"":""water_committed"",""step"":499,""candidate_id"":""fertilize_then_water:s498:a0:x8y1"",""actor"":0},{""event"":""task_completed"",""step"":500,""candidate_id"":""fertilize_then_water:s498:a0:x8y1""}],""pending_obligations"":{}}",experiments/round10_public_learning_20260924/training/task_labels/replays/baseline/qeinstein_moev2/seed_2026092413_seat_1.json.gz,experiments/round10_public_learning_20260924/training/task_labels/replays/treatment/qeinstein_moev2/seed_2026092413_seat_1_fertilize_then_water_s498_a0_x8y1.json.gz,bb62c14101db9d8f937324960123f1785ee57790654df78f75ae2b8f05e1fe0c,
fertilize_then_water:s500:a0:x8y0,qeinstein_moev2:2026092413,qeinstein_moev2,qeinstein,2026092413,1,500,0,"[8,0]",WHEAT,"{""crop_WHEAT"":1.0,""crop_CARROT"":0.0,""crop_TOMATO"":0.0,""crop_STRAWBERRY"":0.0,""crop_MELON"":0.0,""day_29"":0.6896551724137931,""hour_23"":0.8695652173913043,""crop_age_12"":0.16666666666666666,""yield_fraction"":0.16666666666666666,""consecutive_unwatered_2"":0.5,""fertilizer_carried_5"":0.4,""fertilizer_shed_20"":0.0,""own_money_10000"":5.886,""cash_lead_10000"":0.7782,""crop_price_300"":0.13,""fertilizer_price_150"":0.23333333333333334,""price_advantage_300"":0.013333333333333334,""unlocked_quadrants_4"":0.75,""actor_6"":0.0,""x_9"":0.8888888888888888,""y_9"":0.0,""remaining_steps_720"":0.30416666666666664,""crop_market_inventory_delta_400"":-0.5,""fert_market_inventory_delta_400"":0.815,""unlocked_shops_4"":1.5}","[1.0,0.0,0.0,0.0,0.0,0.6896551724137931,0.8695652173913043,0.16666666666666666,0.16666666666666666,0.5,0.4,0.0,5.886,0.7782,0.13,0.23333333333333334,0.013333333333333334,0.75,0.0,0.8888888888888888,0.0,0.30416666666666664,-0.5,0.815,1.5]","{""target_identity"":{""type"":""crop"",""coordinate"":[8,0],""resource"":""WHEAT"",""generation_or_placement_day"":18},""required_carried"":{""FERTILIZER"":1},""reserved_resources"":{""actor"":0,""FERTILIZER"":1,""target"":[8,0]},""start_condition"":""baseline WATER; production due; unfertilized; carried FERTILIZER; no harmful same-target predecessor"",""planned_actions"":[[""FERTILIZE""],[""WATER""]],""completion"":""fertilized_until_day >= day+2 and watered_today true on the same crop generation"",""failure"":""actor/target/day changed or either engine effect was not observed"",""recovery"":""return to freshly computed base action after checking the real remaining WATER obligation""}",80957.0,64387.0,16570.0,1,80862.0,64414.0,16448.0,1,-122.0,0,1,2cd1ee47a43fb9d67539fa2ca10845d1d4d8807018017dcaaaf3d66eb54cbeb2,2cd1ee47a43fb9d67539fa2ca10845d1d4d8807018017dcaaaf3d66eb54cbeb2,1,1,0,{},1,"{""mode"":""target"",""base_sha256"":""b6553c296c556aff5b5e2d12b75618e505fa4d852afb5338414ac6d6e039cb02"",""model_loaded"":false,""model_calls"":0,""model_selected_tasks"":0,""model_changed_final_actions"":0,""rule_overrides"":0,""task_candidates"":10,""tasks_started"":1,""tasks_completed"":1,""contract_failures"":0,""events"":[{""event"":""fertilize_committed"",""step"":500,""candidate_id"":""fertilize_then_water:s500:a0:x8y0"",""actor"":0,""target"":[8,0],""features"":{""crop_WHEAT"":1.0,""crop_CARROT"":0.0,""crop_TOMATO"":0.0,""crop_STRAWBERRY"":0.0,""crop_MELON"":0.0,""day_29"":0.6896551724137931,""hour_23"":0.8695652173913043,""crop_age_12"":0.16666666666666666,""yield_fraction"":0.16666666666666666,""consecutive_unwatered_2"":0.5,""fertilizer_carried_5"":0.4,""fertilizer_shed_20"":0.0,""own_money_10000"":5.886,""cash_lead_10000"":0.7782,""crop_price_300"":0.13,""fertilizer_price_150"":0.23333333333333334,""price_advantage_300"":0.013333333333333334,""unlocked_quadrants_4"":0.75,""actor_6"":0.0,""x_9"":0.8888888888888888,""y_9"":0.0,""remaining_steps_720"":0.30416666666666664,""crop_market_inventory_delta_400"":-0.5,""fert_market_inventory_delta_400"":0.815,""unlocked_shops_4"":1.5},""probability"":null},{""event"":""water_committed"",""step"":501,""candidate_id"":""fertilize_then_water:s500:a0:x8y0"",""actor"":0},{""event"":""task_completed"",""step"":502,""candidate_id"":""fertilize_then_water:s500:a0:x8y0""}],""pending_obligations"":{}}",experiments/round10_public_learning_20260924/training/task_labels/replays/baseline/qeinstein_moev2/seed_2026092413_seat_1.json.gz,experiments/round10_public_learning_20260924/training/task_labels/replays/treatment/qeinstein_moev2/seed_2026092413_seat_1_fertilize_then_water_s500_a0_x8y0.json.gz,eb9bf08ce515064617e2041b2ece93501939ecdbc26b6ace7dd4bb3c0def85ae,
fertilize_then_water:s165:a3:x3y0,qeinstein_moev2:2026092414,qeinstein_moev2,qeinstein,2026092414,0,165,3,"[3,0]",MELON,"{""crop_WHEAT"":0.0,""crop_CARROT"":0.0,""crop_TOMATO"":0.0,""crop_STRAWBERRY"":0.0,""crop_MELON"":1.0,""day_29"":0.20689655172413793,""hour_23"":0.9130434782608695,""crop_age_12"":0.5,""yield_fraction"":0.16666666666666666,""consecutive_unwatered_2"":0.0,""fertilizer_carried_5"":0.2,""fertilizer_shed_20"":0.0,""own_money_10000"":0.1022,""cash_lead_10000"":0.0869,""crop_price_300"":0.8933333333333333,""fertilizer_price_150"":0.5866666666666667,""price_advantage_300"":0.6,""unlocked_quadrants_4"":0.5,""actor_6"":0.5,""x_9"":0.3333333333333333,""y_9"":0.0,""remaining_steps_720"":0.7694444444444445,""crop_market_inventory_delta_400"":-0.0175,""fert_market_inventory_delta_400"":0.145,""unlocked_shops_4"":0.5}","[0.0,0.0,0.0,0.0,1.0,0.20689655172413793,0.9130434782608695,0.5,0.16666666666666666,0.0,0.2,0.0,0.1022,0.0869,0.8933333333333333,0.5866666666666667,0.6,0.5,0.5,0.3333333333333333,0.0,0.7694444444444445,-0.0175,0.145,0.5]","{""target_identity"":{""type"":""crop"",""coordinate"":[3,0],""resource"":""MELON"",""generation_or_placement_day"":0},""required_carried"":{""FERTILIZER"":1},""reserved_resources"":{""actor"":3,""FERTILIZER"":1,""target"":[3,0]},""start_condition"":""baseline WATER; production due; unfertilized; carried FERTILIZER; no harmful same-target predecessor"",""planned_actions"":[[""FERTILIZE""],[""WATER""]],""completion"":""fertilized_until_day >= day+2 and watered_today true on the same crop generation"",""failure"":""actor/target/day changed or either engine effect was not observed"",""recovery"":""return to freshly computed base action after checking the real remaining WATER obligation""}",116531.0,99837.0,16694.0,1,116333.0,99948.0,16385.0,1,-309.0,0,1,c9cd41a2e1d3534c7c4ce1879ceba39e061365c01325b6eab78cfc58b7f4b4cf,c9cd41a2e1d3534c7c4ce1879ceba39e061365c01325b6eab78cfc58b7f4b4cf,1,1,0,{},1,"{""mode"":""target"",""base_sha256"":""b6553c296c556aff5b5e2d12b75618e505fa4d852afb5338414ac6d6e039cb02"",""model_loaded"":false,""model_calls"":0,""model_selected_tasks"":0,""model_changed_final_actions"":0,""rule_overrides"":0,""task_candidates"":6,""tasks_started"":1,""tasks_completed"":1,""contract_failures"":0,""events"":[{""event"":""fertilize_committed"",""step"":165,""candidate_id"":""fertilize_then_water:s165:a3:x3y0"",""actor"":3,""target"":[3,0],""features"":{""crop_WHEAT"":0.0,""crop_CARROT"":0.0,""crop_TOMATO"":0.0,""crop_STRAWBERRY"":0.0,""crop_MELON"":1.0,""day_29"":0.20689655172413793,""hour_23"":0.9130434782608695,""crop_age_12"":0.5,""yield_fraction"":0.16666666666666666,""consecutive_unwatered_2"":0.0,""fertilizer_carried_5"":0.2,""fertilizer_shed_20"":0.0,""own_money_10000"":0.1022,""cash_lead_10000"":0.0869,""crop_price_300"":0.8933333333333333,""fertilizer_price_150"":0.5866666666666667,""price_advantage_300"":0.6,""unlocked_quadrants_4"":0.5,""actor_6"":0.5,""x_9"":0.3333333333333333,""y_9"":0.0,""remaining_steps_720"":0.7694444444444445,""crop_market_inventory_delta_400"":-0.0175,""fert_market_inventory_delta_400"":0.145,""unlocked_shops_4"":0.5},""probability"":null},{""event"":""water_committed"",""step"":166,""candidate_id"":""fertilize_then_water:s165:a3:x3y0"",""actor"":3},{""event"":""task_completed"",""step"":167,""candidate_id"":""fertilize_then_water:s165:a3:x3y0""}],""pending_obligations"":{}}",experiments/round10_public_learning_20260924/training/task_labels/replays/baseline/qeinstein_moev2/seed_2026092414_seat_0.json.gz,experiments/round10_public_learning_20260924/training/task_labels/replays/treatment/qeinstein_moev2/seed_2026092414_seat_0_fertilize_then_water_s165_a3_x3y0.json.gz,cba13e2380401ce4b82e3be0a01d60347601a0ad68241ea60539e34107b8e18c,
fertilize_then_water:s494:a8:x2y1,qeinstein_moev2:2026092414,qeinstein_moev2,qeinstein,2026092414,0,494,8,"[2,1]",WHEAT,"{""crop_WHEAT"":1.0,""crop_CARROT"":0.0,""crop_TOMATO"":0.0,""crop_STRAWBERRY"":0.0,""crop_MELON"":0.0,""day_29"":0.6896551724137931,""hour_23"":0.6086956521739131,""crop_age_12"":0.3333333333333333,""yield_fraction"":0.5,""consecutive_unwatered_2"":0.0,""fertilizer_carried_5"":0.4,""fertilizer_shed_20"":0.0,""own_money_10000"":5.8654,""cash_lead_10000"":0.006,""crop_price_300"":0.14333333333333334,""fertilizer_price_150"":0.24,""price_advantage_300"":0.023333333333333334,""unlocked_quadrants_4"":1.0,""actor_6"":1.3333333333333333,""x_9"":0.2222222222222222,""y_9"":0.1111111111111111,""remaining_steps_720"":0.3125,""crop_market_inventory_delta_400"":-0.82,""fert_market_inventory_delta_400"":0.805,""unlocked_shops_4"":1.5}","[1.0,0.0,0.0,0.0,0.0,0.6896551724137931,0.6086956521739131,0.3333333333333333,0.5,0.0,0.4,0.0,5.8654,0.006,0.14333333333333334,0.24,0.023333333333333334,1.0,1.3333333333333333,0.2222222222222222,0.1111111111111111,0.3125,-0.82,0.805,1.5]","{""target_identity"":{""type"":""crop"",""coordinate"":[2,1],""resource"":""WHEAT"",""generation_or_placement_day"":16},""required_carried"":{""FERTILIZER"":1},""reserved_resources"":{""actor"":8,""FERTILIZER"":1,""target"":[2,1]},""start_condition"":""baseline WATER; production due; unfertilized; carried FERTILIZER; no harmful same-target predecessor"",""planned_actions"":[[""FERTILIZE""],[""WATER""]],""completion"":""fertilized_until_day >= day+2 and watered_today true on the same crop generation"",""failure"":""actor/target/day changed or either engine effect was not observed"",""recovery"":""return to freshly computed base action after checking the real remaining WATER obligation""}",116531.0,99837.0,16694.0,1,121180.0,101377.0,19803.0,1,3109.0,0,1,508a86f88b95708ac11f00c0d75dc14cea1310b2402f09a354db656d007bf825,508a86f88b95708ac11f00c0d75dc14cea1310b2402f09a354db656d007bf825,1,1,0,{},1,"{""mode"":""target"",""base_sha256"":""b6553c296c556aff5b5e2d12b75618e505fa4d852afb5338414ac6d6e039cb02"",""model_loaded"":false,""model_calls"":0,""model_selected_tasks"":0,""model_changed_final_actions"":0,""rule_overrides"":0,""task_candidates"":37,""tasks_started"":1,""tasks_completed"":1,""contract_failures"":0,""events"":[{""event"":""fertilize_committed"",""step"":494,""candidate_id"":""fertilize_then_water:s494:a8:x2y1"",""actor"":8,""target"":[2,1],""features"":{""crop_WHEAT"":1.0,""crop_CARROT"":0.0,""crop_TOMATO"":0.0,""crop_STRAWBERRY"":0.0,""crop_MELON"":0.0,""day_29"":0.6896551724137931,""hour_23"":0.6086956521739131,""crop_age_12"":0.3333333333333333,""yield_fraction"":0.5,""consecutive_unwatered_2"":0.0,""fertilizer_carried_5"":0.4,""fertilizer_shed_20"":0.0,""own_money_10000"":5.8654,""cash_lead_10000"":0.006,""crop_price_300"":0.14333333333333334,""fertilizer_price_150"":0.24,""price_advantage_300"":0.023333333333333334,""unlocked_quadrants_4"":1.0,""actor_6"":1.3333333333333333,""x_9"":0.2222222222222222,""y_9"":0.1111111111111111,""remaining_steps_720"":0.3125,""crop_market_inventory_delta_400"":-0.82,""fert_market_inventory_delta_400"":0.805,""unlocked_shops_4"":1.5},""probability"":null},{""event"":""water_committed"",""step"":495,""candidate_id"":""fertilize_then_water:s494:a8:x2y1"",""actor"":8},{""event"":""task_completed"",""step"":496,""candidate_id"":""fertilize_then_water:s494:a8:x2y1""}],""pending_obligations"":{}}",experiments/round10_public_learning_20260924/training/task_labels/replays/baseline/qeinstein_moev2/seed_2026092414_seat_0.json.gz,experiments/round10_public_learning_20260924/training/task_labels/replays/treatment/qeinstein_moev2/seed_2026092414_seat_0_fertilize_then_water_s494_a8_x2y1.json.gz,044d1c4080538cecc1e4aa9c64b89cf5a2f5bdf94441f959887a8646c75a3d12,
fertilize_then_water:s566:a6:x7y1,qeinstein_moev2:2026092414,qeinstein_moev2,qeinstein,2026092414,0,566,6,"[7,1]",STRAWBERRY,"{""crop_WHEAT"":0.0,""crop_CARROT"":0.0,""crop_TOMATO"":0.0,""crop_STRAWBERRY"":1.0,""crop_MELON"":0.0,""day_29"":0.7931034482758621,""hour_23"":0.6086956521739131,""crop_age_12"":1.25,""yield_fraction"":0.0,""consecutive_unwatered_2"":0.5,""fertilizer_carried_5"":0.2,""fertilizer_shed_20"":0.0,""own_money_10000"":8.1532,""cash_lead_10000"":0.0732,""crop_price_300"":0.33666666666666667,""fertilizer_price_150"":0.13333333333333333,""price_advantage_300"":0.27,""unlocked_quadrants_4"":1.0,""actor_6"":1.0,""x_9"":0.7777777777777778,""y_9"":0.1111111111111111,""remaining_steps_720"":0.2125,""crop_market_inventory_delta_400"":0.025,""fert_market_inventory_delta_400"":0.9975,""unlocked_shops_4"":1.75}","[0.0,0.0,0.0,1.0,0.0,0.7931034482758621,0.6086956521739131,1.25,0.0,0.5,0.2,0.0,8.1532,0.0732,0.33666666666666667,0.13333333333333333,0.27,1.0,1.0,0.7777777777777778,0.1111111111111111,0.2125,0.025,0.9975,1.75]","{""target_identity"":{""type"":""crop"",""coordinate"":[7,1],""resource"":""STRAWBERRY"",""generation_or_placement_day"":8},""required_carried"":{""FERTILIZER"":1},""reserved_resources"":{""actor"":6,""FERTILIZER"":1,""target"":[7,1]},""start_condition"":""baseline WATER; production due; unfertilized; carried FERTILIZER; no harmful same-target predecessor"",""planned_actions"":[[""FERTILIZE""],[""WATER""]],""completion"":""fertilized_until_day >= day+2 and watered_today true on the same crop generation"",""failure"":""actor/target/day changed or either engine effect was not observed"",""recovery"":""return to freshly computed base action after checking the real remaining WATER obligation""}",116531.0,99837.0,16694.0,1,116182.0,99926.0,16256.0,1,-438.0,0,1,abf9d1ba11d754026046fcc788b015f27397b4196a2a8f665982accfe7f14419,abf9d1ba11d754026046fcc788b015f27397b4196a2a8f665982accfe7f14419,1,1,0,{},1,"{""mode"":""target"",""base_sha256"":""b6553c296c556aff5b5e2d12b75618e505fa4d852afb5338414ac6d6e039cb02"",""model_loaded"":false,""model_calls"":0,""model_selected_tasks"":0,""model_changed_final_actions"":0,""rule_overrides"":0,""task_candidates"":50,""tasks_started"":1,""tasks_completed"":1,""contract_failures"":0,""events"":[{""event"":""fertilize_committed"",""step"":566,""candidate_id"":""fertilize_then_water:s566:a6:x7y1"",""actor"":6,""target"":[7,1],""features"":{""crop_WHEAT"":0.0,""crop_CARROT"":0.0,""crop_TOMATO"":0.0,""crop_STRAWBERRY"":1.0,""crop_MELON"":0.0,""day_29"":0.7931034482758621,""hour_23"":0.6086956521739131,""crop_age_12"":1.25,""yield_fraction"":0.0,""consecutive_unwatered_2"":0.5,""fertilizer_carried_5"":0.2,""fertilizer_shed_20"":0.0,""own_money_10000"":8.1532,""cash_lead_10000"":0.0732,""crop_price_300"":0.33666666666666667,""fertilizer_price_150"":0.13333333333333333,""price_advantage_300"":0.27,""unlocked_quadrants_4"":1.0,""actor_6"":1.0,""x_9"":0.7777777777777778,""y_9"":0.1111111111111111,""remaining_steps_720"":0.2125,""crop_market_inventory_delta_400"":0.025,""fert_market_inventory_delta_400"":0.9975,""unlocked_shops_4"":1.75},""probability"":null},{""event"":""water_committed"",""step"":567,""candidate_id"":""fertilize_then_water:s566:a6:x7y1"",""actor"":6},{""event"":""task_completed"",""step"":568,""candidate_id"":""fertilize_then_water:s566:a6:x7y1""}],""pending_obligations"":{}}",experiments/round10_public_learning_20260924/training/task_labels/replays/baseline/qeinstein_moev2/seed_2026092414_seat_0.json.gz,experiments/round10_public_learning_20260924/training/task_labels/replays/treatment/qeinstein_moev2/seed_2026092414_seat_0_fertilize_then_water_s566_a6_x7y1.json.gz,426934b7e9acd556ba933b299e716953c24ab6d14f23b67242b025bf7d2fe461,
fertilize_then_water:s229:a8:x3y2,qeinstein_moev2:2026092414,qeinstein_moev2,qeinstein,2026092414,1,229,8,"[3,2]",MELON,"{""crop_WHEAT"":0.0,""crop_CARROT"":0.0,""crop_TOMATO"":0.0,""crop_STRAWBERRY"":0.0,""crop_MELON"":1.0,""day_29"":0.3103448275862069,""hour_23"":0.5652173913043478,""crop_age_12"":0.75,""yield_fraction"":0.6666666666666666,""consecutive_unwatered_2"":0.0,""fertilizer_carried_5"":0.4,""fertilizer_shed_20"":0.0,""own_money_10000"":0.2181,""cash_lead_10000"":0.0276,""crop_price_300"":0.9033333333333333,""fertilizer_price_150"":0.5333333333333333,""price_advantage_300"":0.6366666666666667,""unlocked_quadrants_4"":0.5,""actor_6"":1.3333333333333333,""x_9"":0.3333333333333333,""y_9"":0.2222222222222222,""remaining_steps_720"":0.6805555555555556,""crop_market_inventory_delta_400"":-0.025,""fert_market_inventory_delta_400"":0.255,""unlocked_shops_4"":0.75}","[0.0,0.0,0.0,0.0,1.0,0.3103448275862069,0.5652173913043478,0.75,0.6666666666666666,0.0,0.4,0.0,0.2181,0.0276,0.9033333333333333,0.5333333333333333,0.6366666666666667,0.5,1.3333333333333333,0.3333333333333333,0.2222222222222222,0.6805555555555556,-0.025,0.255,0.75]","{""target_identity"":{""type"":""crop"",""coordinate"":[3,2],""resource"":""MELON"",""generation_or_placement_day"":0},""required_carried"":{""FERTILIZER"":1},""reserved_resources"":{""actor"":8,""FERTILIZER"":1,""target"":[3,2]},""start_condition"":""baseline WATER; production due; unfertilized; carried FERTILIZER; no harmful same-target predecessor"",""planned_actions"":[[""FERTILIZE""],[""WATER""]],""completion"":""fertilized_until_day >= day+2 and watered_today true on the same crop generation"",""failure"":""actor/target/day changed or either engine effect was not observed"",""recovery"":""return to freshly computed base action after checking the real remaining WATER obligation""}",116531.0,99837.0,16694.0,1,116435.0,99958.0,16477.0,1,-217.0,0,1,f04266df99245e82a6b39c4da9759d46cf661862b977445d5d2d9d382048e1cd,f04266df99245e82a6b39c4da9759d46cf661862b977445d5d2d9d382048e1cd,1,1,0,{},1,"{""mode"":""target"",""base_sha256"":""b6553c296c556aff5b5e2d12b75618e505fa4d852afb5338414ac6d6e039cb02"",""model_loaded"":false,""model_calls"":0,""model_selected_tasks"":0,""model_changed_final_actions"":0,""rule_overrides"":0,""task_candidates"":11,""tasks_started"":1,""tasks_completed"":1,""contract_failures"":0,""events"":[{""event"":""fertilize_committed"",""step"":229,""candidate_id"":""fertilize_then_water:s229:a8:x3y2"",""actor"":8,""target"":[3,2],""features"":{""crop_WHEAT"":0.0,""crop_CARROT"":0.0,""crop_TOMATO"":0.0,""crop_STRAWBERRY"":0.0,""crop_MELON"":1.0,""day_29"":0.3103448275862069,""hour_23"":0.5652173913043478,""crop_age_12"":0.75,""yield_fraction"":0.6666666666666666,""consecutive_unwatered_2"":0.0,""fertilizer_carried_5"":0.4,""fertilizer_shed_20"":0.0,""own_money_10000"":0.2181,""cash_lead_10000"":0.0276,""crop_price_300"":0.9033333333333333,""fertilizer_price_150"":0.5333333333333333,""price_advantage_300"":0.6366666666666667,""unlocked_quadrants_4"":0.5,""actor_6"":1.3333333333333333,""x_9"":0.3333333333333333,""y_9"":0.2222222222222222,""remaining_steps_720"":0.6805555555555556,""crop_market_inventory_delta_400"":-0.025,""fert_market_inventory_delta_400"":0.255,""unlocked_shops_4"":0.75},""probability"":null},{""event"":""water_committed"",""step"":230,""candidate_id"":""fertilize_then_water:s229:a8:x3y2"",""actor"":8},{""event"":""task_completed"",""step"":231,""candidate_id"":""fertilize_then_water:s229:a8:x3y2""}],""pending_obligations"":{}}",experiments/round10_public_learning_20260924/training/task_labels/replays/baseline/qeinstein_moev2/seed_2026092414_seat_1.json.gz,experiments/round10_public_learning_20260924/training/task_labels/replays/treatment/qeinstein_moev2/seed_2026092414_seat_1_fertilize_then_water_s229_a8_x3y2.json.gz,1f9e2c12f37a2ae71e91e4dfa1cdd5cae82b5cb27e0b97529561ff78b67677d7,
fertilize_then_water:s450:a11:x2y1,qeinstein_moev2:2026092414,qeinstein_moev2,qeinstein,2026092414,1,450,11,"[2,1]",WHEAT,"{""crop_WHEAT"":1.0,""crop_CARROT"":0.0,""crop_TOMATO"":0.0,""crop_STRAWBERRY"":0.0,""crop_MELON"":0.0,""day_29"":0.6206896551724138,""hour_23"":0.782608695652174,""crop_age_12"":0.16666666666666666,""yield_fraction"":0.16666666666666666,""consecutive_unwatered_2"":0.5,""fertilizer_carried_5"":0.4,""fertilizer_shed_20"":0.15,""own_money_10000"":4.3778,""cash_lead_10000"":-0.3561,""crop_price_300"":0.14,""fertilizer_price_150"":0.2733333333333333,""price_advantage_300"":0.0033333333333333335,""unlocked_quadrants_4"":1.0,""actor_6"":1.8333333333333333,""x_9"":0.2222222222222222,""y_9"":0.1111111111111111,""remaining_steps_720"":0.3736111111111111,""crop_market_inventory_delta_400"":-0.7425,""fert_market_inventory_delta_400"":0.7375,""unlocked_shops_4"":1.5}","[1.0,0.0,0.0,0.0,0.0,0.6206896551724138,0.782608695652174,0.16666666666666666,0.16666666666666666,0.5,0.4,0.15,4.3778,-0.3561,0.14,0.2733333333333333,0.0033333333333333335,1.0,1.8333333333333333,0.2222222222222222,0.1111111111111111,0.3736111111111111,-0.7425,0.7375,1.5]","{""target_identity"":{""type"":""crop"",""coordinate"":[2,1],""resource"":""WHEAT"",""generation_or_placement_day"":16},""required_carried"":{""FERTILIZER"":1},""reserved_resources"":{""actor"":11,""FERTILIZER"":1,""target"":[2,1]},""start_condition"":""baseline WATER; production due; unfertilized; carried FERTILIZER; no harmful same-target predecessor"",""planned_actions"":[[""FERTILIZE""],[""WATER""]],""completion"":""fertilized_until_day >= day+2 and watered_today true on the same crop generation"",""failure"":""actor/target/day changed or either engine effect was not observed"",""recovery"":""return to freshly computed base action after checking the real remaining WATER obligation""}",116531.0,99837.0,16694.0,1,116833.0,100783.0,16050.0,1,-644.0,0,1,20369852e0d21b257ab0532b9b65594c65875b6ad43af3107c8dc679d53dbb5b,20369852e0d21b257ab0532b9b65594c65875b6ad43af3107c8dc679d53dbb5b,1,1,0,{},1,"{""mode"":""target"",""base_sha256"":""b6553c296c556aff5b5e2d12b75618e505fa4d852afb5338414ac6d6e039cb02"",""model_loaded"":false,""model_calls"":0,""model_selected_tasks"":0,""model_changed_final_actions"":0,""rule_overrides"":0,""task_candidates"":28,""tasks_started"":1,""tasks_completed"":1,""contract_failures"":0,""events"":[{""event"":""fertilize_committed"",""step"":450,""candidate_id"":""fertilize_then_water:s450:a11:x2y1"",""actor"":11,""target"":[2,1],""features"":{""crop_WHEAT"":1.0,""crop_CARROT"":0.0,""crop_TOMATO"":0.0,""crop_STRAWBERRY"":0.0,""crop_MELON"":0.0,""day_29"":0.6206896551724138,""hour_23"":0.782608695652174,""crop_age_12"":0.16666666666666666,""yield_fraction"":0.16666666666666666,""consecutive_unwatered_2"":0.5,""fertilizer_carried_5"":0.4,""fertilizer_shed_20"":0.15,""own_money_10000"":4.3778,""cash_lead_10000"":-0.3561,""crop_price_300"":0.14,""fertilizer_price_150"":0.2733333333333333,""price_advantage_300"":0.0033333333333333335,""unlocked_quadrants_4"":1.0,""actor_6"":1.8333333333333333,""x_9"":0.2222222222222222,""y_9"":0.1111111111111111,""remaining_steps_720"":0.3736111111111111,""crop_market_inventory_delta_400"":-0.7425,""fert_market_inventory_delta_400"":0.7375,""unlocked_shops_4"":1.5},""probability"":null},{""event"":""water_committed"",""step"":451,""candidate_id"":""fertilize_then_water:s450:a11:x2y1"",""actor"":11},{""event"":""task_completed"",""step"":452,""candidate_id"":""fertilize_then_water:s450:a11:x2y1""}],""pending_obligations"":{}}",experiments/round10_public_learning_20260924/training/task_labels/replays/baseline/qeinstein_moev2/seed_2026092414_seat_1.json.gz,experiments/round10_public_learning_20260924/training/task_labels/replays/treatment/qeinstein_moev2/seed_2026092414_seat_1_fertilize_then_water_s450_a11_x2y1.json.gz,ec8a857509a3a14cc6f52136b62820730ed0f1279b068fbd8975e3be75f25944,
fertilize_then_water:s566:a6:x7y1,qeinstein_moev2:2026092414,qeinstein_moev2,qeinstein,2026092414,1,566,6,"[7,1]",STRAWBERRY,"{""crop_WHEAT"":0.0,""crop_CARROT"":0.0,""crop_TOMATO"":0.0,""crop_STRAWBERRY"":1.0,""crop_MELON"":0.0,""day_29"":0.7931034482758621,""hour_23"":0.6086956521739131,""crop_age_12"":1.25,""yield_fraction"":0.0,""consecutive_unwatered_2"":0.5,""fertilizer_carried_5"":0.2,""fertilizer_shed_20"":0.0,""own_money_10000"":8.1532,""cash_lead_10000"":0.0732,""crop_price_300"":0.33666666666666667,""fertilizer_price_150"":0.13333333333333333,""price_advantage_300"":0.27,""unlocked_quadrants_4"":1.0,""actor_6"":1.0,""x_9"":0.7777777777777778,""y_9"":0.1111111111111111,""remaining_steps_720"":0.2125,""crop_market_inventory_delta_400"":0.025,""fert_market_inventory_delta_400"":0.9975,""unlocked_shops_4"":1.75}","[0.0,0.0,0.0,1.0,0.0,0.7931034482758621,0.6086956521739131,1.25,0.0,0.5,0.2,0.0,8.1532,0.0732,0.33666666666666667,0.13333333333333333,0.27,1.0,1.0,0.7777777777777778,0.1111111111111111,0.2125,0.025,0.9975,1.75]","{""target_identity"":{""type"":""crop"",""coordinate"":[7,1],""resource"":""STRAWBERRY"",""generation_or_placement_day"":8},""required_carried"":{""FERTILIZER"":1},""reserved_resources"":{""actor"":6,""FERTILIZER"":1,""target"":[7,1]},""start_condition"":""baseline WATER; production due; unfertilized; carried FERTILIZER; no harmful same-target predecessor"",""planned_actions"":[[""FERTILIZE""],[""WATER""]],""completion"":""fertilized_until_day >= day+2 and watered_today true on the same crop generation"",""failure"":""actor/target/day changed or either engine effect was not observed"",""recovery"":""return to freshly computed base action after checking the real remaining WATER obligation""}",116531.0,99837.0,16694.0,1,116182.0,99926.0,16256.0,1,-438.0,0,1,99e55454709ec9ab3b1352e55ba7664179a90188e87ab330b051e4dcfb61781f,99e55454709ec9ab3b1352e55ba7664179a90188e87ab330b051e4dcfb61781f,1,1,0,{},1,"{""mode"":""target"",""base_sha256"":""b6553c296c556aff5b5e2d12b75618e505fa4d852afb5338414ac6d6e039cb02"",""model_loaded"":false,""model_calls"":0,""model_selected_tasks"":0,""model_changed_final_actions"":0,""rule_overrides"":0,""task_candidates"":50,""tasks_started"":1,""tasks_completed"":1,""contract_failures"":0,""events"":[{""event"":""fertilize_committed"",""step"":566,""candidate_id"":""fertilize_then_water:s566:a6:x7y1"",""actor"":6,""target"":[7,1],""features"":{""crop_WHEAT"":0.0,""crop_CARROT"":0.0,""crop_TOMATO"":0.0,""crop_STRAWBERRY"":1.0,""crop_MELON"":0.0,""day_29"":0.7931034482758621,""hour_23"":0.6086956521739131,""crop_age_12"":1.25,""yield_fraction"":0.0,""consecutive_unwatered_2"":0.5,""fertilizer_carried_5"":0.2,""fertilizer_shed_20"":0.0,""own_money_10000"":8.1532,""cash_lead_10000"":0.0732,""crop_price_300"":0.33666666666666667,""fertilizer_price_150"":0.13333333333333333,""price_advantage_300"":0.27,""unlocked_quadrants_4"":1.0,""actor_6"":1.0,""x_9"":0.7777777777777778,""y_9"":0.1111111111111111,""remaining_steps_720"":0.2125,""crop_market_inventory_delta_400"":0.025,""fert_market_inventory_delta_400"":0.9975,""unlocked_shops_4"":1.75},""probability"":null},{""event"":""water_committed"",""step"":567,""candidate_id"":""fertilize_then_water:s566:a6:x7y1"",""actor"":6},{""event"":""task_completed"",""step"":568,""candidate_id"":""fertilize_then_water:s566:a6:x7y1""}],""pending_obligations"":{}}",experiments/round10_public_learning_20260924/training/task_labels/replays/baseline/qeinstein_moev2/seed_2026092414_seat_1.json.gz,experiments/round10_public_learning_20260924/training/task_labels/replays/treatment/qeinstein_moev2/seed_2026092414_seat_1_fertilize_then_water_s566_a6_x7y1.json.gz,a8b2942d9fb78f619e58d121e3093cda5a0bfc20576a8b286d8cb122a6a15249,
fertilize_then_water:s163:a3:x3y1,qeinstein_moev2:2026092415,qeinstein_moev2,qeinstein,2026092415,0,163,3,"[3,1]",MELON,"{""crop_WHEAT"":0.0,""crop_CARROT"":0.0,""crop_TOMATO"":0.0,""crop_STRAWBERRY"":0.0,""crop_MELON"":1.0,""day_29"":0.20689655172413793,""hour_23"":0.8260869565217391,""crop_age_12"":0.5,""yield_fraction"":0.16666666666666666,""consecutive_unwatered_2"":0.0,""fertilizer_carried_5"":0.2,""fertilizer_shed_20"":0.0,""own_money_10000"":0.0922,""cash_lead_10000"":0.0377,""crop_price_300"":0.8933333333333333,""fertilizer_price_150"":0.5866666666666667,""price_advantage_300"":0.6,""unlocked_quadrants_4"":0.5,""actor_6"":0.5,""x_9"":0.3333333333333333,""y_9"":0.1111111111111111,""remaining_steps_720"":0.7722222222222223,""crop_market_inventory_delta_400"":-0.0175,""fert_market_inventory_delta_400"":0.145,""unlocked_shops_4"":0.5}","[0.0,0.0,0.0,0.0,1.0,0.20689655172413793,0.8260869565217391,0.5,0.16666666666666666,0.0,0.2,0.0,0.0922,0.0377,0.8933333333333333,0.5866666666666667,0.6,0.5,0.5,0.3333333333333333,0.1111111111111111,0.7722222222222223,-0.0175,0.145,0.5]","{""target_identity"":{""type"":""crop"",""coordinate"":[3,1],""resource"":""MELON"",""generation_or_placement_day"":0},""required_carried"":{""FERTILIZER"":1},""reserved_resources"":{""actor"":3,""FERTILIZER"":1,""target"":[3,1]},""start_condition"":""baseline WATER; production due; unfertilized; carried FERTILIZER; no harmful same-target predecessor"",""planned_actions"":[[""FERTILIZE""],[""WATER""]],""completion"":""fertilized_until_day >= day+2 and watered_today true on the same crop generation"",""failure"":""actor/target/day changed or either engine effect was not observed"",""recovery"":""return to freshly computed base action after checking the real remaining WATER obligation""}",92078.0,82797.0,9281.0,1,91779.0,82945.0,8834.0,1,-447.0,0,1,8f267a396a13033d039604c8bfb21fa78bc823f09d2c676a0e9608e8a5643c43,8f267a396a13033d039604c8bfb21fa78bc823f09d2c676a0e9608e8a5643c43,1,1,0,{},1,"{""mode"":""target"",""base_sha256"":""b6553c296c556aff5b5e2d12b75618e505fa4d852afb5338414ac6d6e039cb02"",""model_loaded"":false,""model_calls"":0,""model_selected_tasks"":0,""model_changed_final_actions"":0,""rule_overrides"":0,""task_candidates"":5,""tasks_started"":1,""tasks_completed"":1,""contract_failures"":0,""events"":[{""event"":""fertilize_committed"",""step"":163,""candidate_id"":""fertilize_then_water:s163:a3:x3y1"",""actor"":3,""target"":[3,1],""features"":{""crop_WHEAT"":0.0,""crop_CARROT"":0.0,""crop_TOMATO"":0.0,""crop_STRAWBERRY"":0.0,""crop_MELON"":1.0,""day_29"":0.20689655172413793,""hour_23"":0.8260869565217391,""crop_age_12"":0.5,""yield_fraction"":0.16666666666666666,""consecutive_unwatered_2"":0.0,""fertilizer_carried_5"":0.2,""fertilizer_shed_20"":0.0,""own_money_10000"":0.0922,""cash_lead_10000"":0.0377,""crop_price_300"":0.8933333333333333,""fertilizer_price_150"":0.5866666666666667,""price_advantage_300"":0.6,""unlocked_quadrants_4"":0.5,""actor_6"":0.5,""x_9"":0.3333333333333333,""y_9"":0.1111111111111111,""remaining_steps_720"":0.7722222222222223,""crop_market_inventory_delta_400"":-0.0175,""fert_market_inventory_delta_400"":0.145,""unlocked_shops_4"":0.5},""probability"":null},{""event"":""water_committed"",""step"":164,""candidate_id"":""fertilize_then_water:s163:a3:x3y1"",""actor"":3},{""event"":""task_completed"",""step"":165,""candidate_id"":""fertilize_then_water:s163:a3:x3y1""}],""pending_obligations"":{}}",experiments/round10_public_learning_20260924/training/task_labels/replays/baseline/qeinstein_moev2/seed_2026092415_seat_0.json.gz,experiments/round10_public_learning_20260924/training/task_labels/replays/treatment/qeinstein_moev2/seed_2026092415_seat_0_fertilize_then_water_s163_a3_x3y1.json.gz,f42901f1d62f2ae9ba3b52533a852e3b5245e20587439dc6ab10747b8b24c884,
fertilize_then_water:s357:a3:x9y0,qeinstein_moev2:2026092415,qeinstein_moev2,qeinstein,2026092415,0,357,3,"[9,0]",WHEAT,"{""crop_WHEAT"":1.0,""crop_CARROT"":0.0,""crop_TOMATO"":0.0,""crop_STRAWBERRY"":0.0,""crop_MELON"":0.0,""day_29"":0.4827586206896552,""hour_23"":0.9130434782608695,""crop_age_12"":0.16666666666666666,""yield_fraction"":0.16666666666666666,""consecutive_unwatered_2"":0.5,""fertilizer_carried_5"":0.2,""fertilizer_shed_20"":0.55,""own_money_10000"":1.7647,""cash_lead_10000"":-0.0741,""crop_price_300"":0.15,""fertilizer_price_150"":0.36666666666666664,""price_advantage_300"":-0.03333333333333333,""unlocked_quadrants_4"":0.75,""actor_6"":0.5,""x_9"":1.0,""y_9"":0.0,""remaining_steps_720"":0.5027777777777778,""crop_market_inventory_delta_400"":-0.975,""fert_market_inventory_delta_400"":0.56,""unlocked_shops_4"":1.0}","[1.0,0.0,0.0,0.0,0.0,0.4827586206896552,0.9130434782608695,0.16666666666666666,0.16666666666666666,0.5,0.2,0.55,1.7647,-0.0741,0.15,0.36666666666666664,-0.03333333333333333,0.75,0.5,1.0,0.0,0.5027777777777778,-0.975,0.56,1.0]","{""target_identity"":{""type"":""crop"",""coordinate"":[9,0],""resource"":""WHEAT"",""generation_or_placement_day"":12},""required_carried"":{""FERTILIZER"":1},""reserved_resources"":{""actor"":3,""FERTILIZER"":1,""target"":[9,0]},""start_condition"":""baseline WATER; production due; unfertilized; carried FERTILIZER; no harmful same-target predecessor"",""planned_actions"":[[""FERTILIZE""],[""WATER""]],""completion"":""fertilized_until_day >= day+2 and watered_today true on the same crop generation"",""failure"":""actor/target/day changed or either engine effect was not observed"",""recovery"":""return to freshly computed base action after checking the real remaining WATER obligation""}",92078.0,82797.0,9281.0,1,92012.0,82832.0,9180.0,1,-101.0,0,1,e19a913f02a7a9905851408edcc0058ae8d575df3cf566944e0dea48827a188b,e19a913f02a7a9905851408edcc0058ae8d575df3cf566944e0dea48827a188b,1,1,0,{},1,"{""mode"":""target"",""base_sha256"":""b6553c296c556aff5b5e2d12b75618e505fa4d852afb5338414ac6d6e039cb02"",""model_loaded"":false,""model_calls"":0,""model_selected_tasks"":0,""model_changed_final_actions"":0,""rule_overrides"":0,""task_candidates"":20,""tasks_started"":1,""tasks_completed"":1,""contract_failures"":0,""events"":[{""event"":""fertilize_committed"",""step"":357,""candidate_id"":""fertilize_then_water:s357:a3:x9y0"",""actor"":3,""target"":[9,0],""features"":{""crop_WHEAT"":1.0,""crop_CARROT"":0.0,""crop_TOMATO"":0.0,""crop_STRAWBERRY"":0.0,""crop_MELON"":0.0,""day_29"":0.4827586206896552,""hour_23"":0.9130434782608695,""crop_age_12"":0.16666666666666666,""yield_fraction"":0.16666666666666666,""consecutive_unwatered_2"":0.5,""fertilizer_carried_5"":0.2,""fertilizer_shed_20"":0.55,""own_money_10000"":1.7647,""cash_lead_10000"":-0.0741,""crop_price_300"":0.15,""fertilizer_price_150"":0.36666666666666664,""price_advantage_300"":-0.03333333333333333,""unlocked_quadrants_4"":0.75,""actor_6"":0.5,""x_9"":1.0,""y_9"":0.0,""remaining_steps_720"":0.5027777777777778,""crop_market_inventory_delta_400"":-0.975,""fert_market_inventory_delta_400"":0.56,""unlocked_shops_4"":1.0},""probability"":null},{""event"":""water_committed"",""step"":358,""candidate_id"":""fertilize_then_water:s357:a3:x9y0"",""actor"":3},{""event"":""task_completed"",""step"":359,""candidate_id"":""fertilize_then_water:s357:a3:x9y0""}],""pending_obligations"":{}}",experiments/round10_public_learning_20260924/training/task_labels/replays/baseline/qeinstein_moev2/seed_2026092415_seat_0.json.gz,experiments/round10_public_learning_20260924/training/task_labels/replays/treatment/qeinstein_moev2/seed_2026092415_seat_0_fertilize_then_water_s357_a3_x9y0.json.gz,4193ff45178be57ce470bbe530dd7940fb71a07eae82dceaee0a5e7585ebbccc,
fertilize_then_water:s545:a7:x9y2,qeinstein_moev2:2026092415,qeinstein_moev2,qeinstein,2026092415,0,545,7,"[9,2]",STRAWBERRY,"{""crop_WHEAT"":0.0,""crop_CARROT"":0.0,""crop_TOMATO"":0.0,""crop_STRAWBERRY"":1.0,""crop_MELON"":0.0,""day_29"":0.7586206896551724,""hour_23"":0.7391304347826086,""crop_age_12"":1.25,""yield_fraction"":0.0,""consecutive_unwatered_2"":0.5,""fertilizer_carried_5"":0.2,""fertilizer_shed_20"":0.0,""own_money_10000"":5.8481,""cash_lead_10000"":0.3232,""crop_price_300"":0.5266666666666666,""fertilizer_price_150"":0.17333333333333334,""price_advantage_300"":0.44,""unlocked_quadrants_4"":0.75,""actor_6"":1.1666666666666667,""x_9"":1.0,""y_9"":0.2222222222222222,""remaining_steps_720"":0.24166666666666667,""crop_market_inventory_delta_400"":-0.0525,""fert_market_inventory_delta_400"":0.93,""unlocked_shops_4"":1.75}","[0.0,0.0,0.0,1.0,0.0,0.7586206896551724,0.7391304347826086,1.25,0.0,0.5,0.2,0.0,5.8481,0.3232,0.5266666666666666,0.17333333333333334,0.44,0.75,1.1666666666666667,1.0,0.2222222222222222,0.24166666666666667,-0.0525,0.93,1.75]","{""target_identity"":{""type"":""crop"",""coordinate"":[9,2],""resource"":""STRAWBERRY"",""generation_or_placement_day"":7},""required_carried"":{""FERTILIZER"":1},""reserved_resources"":{""actor"":7,""FERTILIZER"":1,""target"":[9,2]},""start_condition"":""baseline WATER; production due; unfertilized; carried FERTILIZER; no harmful same-target predecessor"",""planned_actions"":[[""FERTILIZE""],[""WATER""]],""completion"":""fertilized_until_day >= day+2 and watered_today true on the same crop generation"",""failure"":""actor/target/day changed or either engine effect was not observed"",""recovery"":""return to freshly computed base action after checking the real remaining WATER obligation""}",92078.0,82797.0,9281.0,1,92013.0,83352.0,8661.0,1,-620.0,0,1,0839b47c720830840d7d0de259a2eddfce260da4e0c4db96f2ecd1c9e13b09ee,0839b47c720830840d7d0de259a2eddfce260da4e0c4db96f2ecd1c9e13b09ee,1,1,0,{},1,"{""mode"":""target"",""base_sha256"":""b6553c296c556aff5b5e2d12b75618e505fa4d852afb5338414ac6d6e039cb02"",""model_loaded"":false,""model_calls"":0,""model_selected_tasks"":0,""model_changed_final_actions"":0,""rule_overrides"":0,""task_candidates"":52,""tasks_started"":1,""tasks_completed"":1,""contract_failures"":0,""events"":[{""event"":""fertilize_committed"",""step"":545,""candidate_id"":""fertilize_then_water:s545:a7:x9y2"",""actor"":7,""target"":[9,2],""features"":{""crop_WHEAT"":0.0,""crop_CARROT"":0.0,""crop_TOMATO"":0.0,""crop_STRAWBERRY"":1.0,""crop_MELON"":0.0,""day_29"":0.7586206896551724,""hour_23"":0.7391304347826086,""crop_age_12"":1.25,""yield_fraction"":0.0,""consecutive_unwatered_2"":0.5,""fertilizer_carried_5"":0.2,""fertilizer_shed_20"":0.0,""own_money_10000"":5.8481,""cash_lead_10000"":0.3232,""crop_price_300"":0.5266666666666666,""fertilizer_price_150"":0.17333333333333334,""price_advantage_300"":0.44,""unlocked_quadrants_4"":0.75,""actor_6"":1.1666666666666667,""x_9"":1.0,""y_9"":0.2222222222222222,""remaining_steps_720"":0.24166666666666667,""crop_market_inventory_delta_400"":-0.0525,""fert_market_inventory_delta_400"":0.93,""unlocked_shops_4"":1.75},""probability"":null},{""event"":""water_committed"",""step"":546,""candidate_id"":""fertilize_then_water:s545:a7:x9y2"",""actor"":7},{""event"":""task_completed"",""step"":547,""candidate_id"":""fertilize_then_water:s545:a7:x9y2""}],""pending_obligations"":{}}",experiments/round10_public_learning_20260924/training/task_labels/replays/baseline/qeinstein_moev2/seed_2026092415_seat_0.json.gz,experiments/round10_public_learning_20260924/training/task_labels/replays/treatment/qeinstein_moev2/seed_2026092415_seat_0_fertilize_then_water_s545_a7_x9y2.json.gz,7ea3f6ef7b22a6d1ba91438515b6d565b364e1375f299262984dc5ff8a3c6423,
fertilize_then_water:s210:a0:x2y3,qeinstein_moev2:2026092415,qeinstein_moev2,qeinstein,2026092415,1,210,0,"[2,3]",MELON,"{""crop_WHEAT"":0.0,""crop_CARROT"":0.0,""crop_TOMATO"":0.0,""crop_STRAWBERRY"":0.0,""crop_MELON"":1.0,""day_29"":0.27586206896551724,""hour_23"":0.782608695652174,""crop_age_12"":0.6666666666666666,""yield_fraction"":0.5,""consecutive_unwatered_2"":0.0,""fertilizer_carried_5"":0.4,""fertilizer_shed_20"":0.0,""own_money_10000"":0.1063,""cash_lead_10000"":0.0994,""crop_price_300"":0.9,""fertilizer_price_150"":0.5533333333333333,""price_advantage_300"":0.6233333333333333,""unlocked_quadrants_4"":0.5,""actor_6"":0.0,""x_9"":0.2222222222222222,""y_9"":0.3333333333333333,""remaining_steps_720"":0.7069444444444445,""crop_market_inventory_delta_400"":-0.0225,""fert_market_inventory_delta_400"":0.2125,""unlocked_shops_4"":0.5}","[0.0,0.0,0.0,0.0,1.0,0.27586206896551724,0.782608695652174,0.6666666666666666,0.5,0.0,0.4,0.0,0.1063,0.0994,0.9,0.5533333333333333,0.6233333333333333,0.5,0.0,0.2222222222222222,0.3333333333333333,0.7069444444444445,-0.0225,0.2125,0.5]","{""target_identity"":{""type"":""crop"",""coordinate"":[2,3],""resource"":""MELON"",""generation_or_placement_day"":0},""required_carried"":{""FERTILIZER"":1},""reserved_resources"":{""actor"":0,""FERTILIZER"":1,""target"":[2,3]},""start_condition"":""baseline WATER; production due; unfertilized; carried FERTILIZER; no harmful same-target predecessor"",""planned_actions"":[[""FERTILIZE""],[""WATER""]],""completion"":""fertilized_until_day >= day+2 and watered_today true on the same crop generation"",""failure"":""actor/target/day changed or either engine effect was not observed"",""recovery"":""return to freshly computed base action after checking the real remaining WATER obligation""}",92078.0,82797.0,9281.0,1,92042.0,82839.0,9203.0,1,-78.0,0,1,2164bbaa95a926d2b39f25a6430200be4907c00b2eb324bc3576fc6f56792c6a,2164bbaa95a926d2b39f25a6430200be4907c00b2eb324bc3576fc6f56792c6a,1,1,0,{},1,"{""mode"":""target"",""base_sha256"":""b6553c296c556aff5b5e2d12b75618e505fa4d852afb5338414ac6d6e039cb02"",""model_loaded"":false,""model_calls"":0,""model_selected_tasks"":0,""model_changed_final_actions"":0,""rule_overrides"":0,""task_candidates"":9,""tasks_started"":1,""tasks_completed"":1,""contract_failures"":0,""events"":[{""event"":""fertilize_committed"",""step"":210,""candidate_id"":""fertilize_then_water:s210:a0:x2y3"",""actor"":0,""target"":[2,3],""features"":{""crop_WHEAT"":0.0,""crop_CARROT"":0.0,""crop_TOMATO"":0.0,""crop_STRAWBERRY"":0.0,""crop_MELON"":1.0,""day_29"":0.27586206896551724,""hour_23"":0.782608695652174,""crop_age_12"":0.6666666666666666,""yield_fraction"":0.5,""consecutive_unwatered_2"":0.0,""fertilizer_carried_5"":0.4,""fertilizer_shed_20"":0.0,""own_money_10000"":0.1063,""cash_lead_10000"":0.0994,""crop_price_300"":0.9,""fertilizer_price_150"":0.5533333333333333,""price_advantage_300"":0.6233333333333333,""unlocked_quadrants_4"":0.5,""actor_6"":0.0,""x_9"":0.2222222222222222,""y_9"":0.3333333333333333,""remaining_steps_720"":0.7069444444444445,""crop_market_inventory_delta_400"":-0.0225,""fert_market_inventory_delta_400"":0.2125,""unlocked_shops_4"":0.5},""probability"":null},{""event"":""water_committed"",""step"":211,""candidate_id"":""fertilize_then_water:s210:a0:x2y3"",""actor"":0},{""event"":""task_completed"",""step"":212,""candidate_id"":""fertilize_then_water:s210:a0:x2y3""}],""pending_obligations"":{}}",experiments/round10_public_learning_20260924/training/task_labels/replays/baseline/qeinstein_moev2/seed_2026092415_seat_1.json.gz,experiments/round10_public_learning_20260924/training/task_labels/replays/treatment/qeinstein_moev2/seed_2026092415_seat_1_fertilize_then_water_s210_a0_x2y3.json.gz,68c3bb5fa46b36649528516126e86969eead6ea6b894641936ac44dfc74875fd,
fertilize_then_water:s474:a5:x4y0,qeinstein_moev2:2026092415,qeinstein_moev2,qeinstein,2026092415,1,474,5,"[4,0]",WHEAT,"{""crop_WHEAT"":1.0,""crop_CARROT"":0.0,""crop_TOMATO"":0.0,""crop_STRAWBERRY"":0.0,""crop_MELON"":0.0,""day_29"":0.6551724137931034,""hour_23"":0.782608695652174,""crop_age_12"":0.3333333333333333,""yield_fraction"":0.5,""consecutive_unwatered_2"":0.0,""fertilizer_carried_5"":0.6,""fertilizer_shed_20"":0.15,""own_money_10000"":4.3077,""cash_lead_10000"":0.7772,""crop_price_300"":0.15,""fertilizer_price_150"":0.24666666666666667,""price_advantage_300"":0.02666666666666667,""unlocked_quadrants_4"":0.75,""actor_6"":0.8333333333333334,""x_9"":0.4444444444444444,""y_9"":0.0,""remaining_steps_720"":0.3402777777777778,""crop_market_inventory_delta_400"":-0.9975,""fert_market_inventory_delta_400"":0.7875,""unlocked_shops_4"":1.5}","[1.0,0.0,0.0,0.0,0.0,0.6551724137931034,0.782608695652174,0.3333333333333333,0.5,0.0,0.6,0.15,4.3077,0.7772,0.15,0.24666666666666667,0.02666666666666667,0.75,0.8333333333333334,0.4444444444444444,0.0,0.3402777777777778,-0.9975,0.7875,1.5]","{""target_identity"":{""type"":""crop"",""coordinate"":[4,0],""resource"":""WHEAT"",""generation_or_placement_day"":15},""required_carried"":{""FERTILIZER"":1},""reserved_resources"":{""actor"":5,""FERTILIZER"":1,""target"":[4,0]},""start_condition"":""baseline WATER; production due; unfertilized; carried FERTILIZER; no harmful same-target predecessor"",""planned_actions"":[[""FERTILIZE""],[""WATER""]],""completion"":""fertilized_until_day >= day+2 and watered_today true on the same crop generation"",""failure"":""actor/target/day changed or either engine effect was not observed"",""recovery"":""return to freshly computed base action after checking the real remaining WATER obligation""}",92078.0,82797.0,9281.0,1,91725.0,82859.0,8866.0,1,-415.0,0,1,74d1b400bb461922c9027d7400483e3d225f1c1fe54a965d824817298622c824,74d1b400bb461922c9027d7400483e3d225f1c1fe54a965d824817298622c824,1,1,0,{},1,"{""mode"":""target"",""base_sha256"":""b6553c296c556aff5b5e2d12b75618e505fa4d852afb5338414ac6d6e039cb02"",""model_loaded"":false,""model_calls"":0,""model_selected_tasks"":0,""model_changed_final_actions"":0,""rule_overrides"":0,""task_candidates"":38,""tasks_started"":1,""tasks_completed"":1,""contract_failures"":0,""events"":[{""event"":""fertilize_committed"",""step"":474,""candidate_id"":""fertilize_then_water:s474:a5:x4y0"",""actor"":5,""target"":[4,0],""features"":{""crop_WHEAT"":1.0,""crop_CARROT"":0.0,""crop_TOMATO"":0.0,""crop_STRAWBERRY"":0.0,""crop_MELON"":0.0,""day_29"":0.6551724137931034,""hour_23"":0.782608695652174,""crop_age_12"":0.3333333333333333,""yield_fraction"":0.5,""consecutive_unwatered_2"":0.0,""fertilizer_carried_5"":0.6,""fertilizer_shed_20"":0.15,""own_money_10000"":4.3077,""cash_lead_10000"":0.7772,""crop_price_300"":0.15,""fertilizer_price_150"":0.24666666666666667,""price_advantage_300"":0.02666666666666667,""unlocked_quadrants_4"":0.75,""actor_6"":0.8333333333333334,""x_9"":0.4444444444444444,""y_9"":0.0,""remaining_steps_720"":0.3402777777777778,""crop_market_inventory_delta_400"":-0.9975,""fert_market_inventory_delta_400"":0.7875,""unlocked_shops_4"":1.5},""probability"":null},{""event"":""water_committed"",""step"":475,""candidate_id"":""fertilize_then_water:s474:a5:x4y0"",""actor"":5},{""event"":""task_completed"",""step"":476,""candidate_id"":""fertilize_then_water:s474:a5:x4y0""}],""pending_obligations"":{}}",experiments/round10_public_learning_20260924/training/task_labels/replays/baseline/qeinstein_moev2/seed_2026092415_seat_1.json.gz,experiments/round10_public_learning_20260924/training/task_labels/replays/treatment/qeinstein_moev2/seed_2026092415_seat_1_fertilize_then_water_s474_a5_x4y0.json.gz,27c58f2d116a6e61160db866183bc9484bf4505307c3be149e918c30bf556c84,
fertilize_then_water:s587:a5:x2y7,qeinstein_moev2:2026092415,qeinstein_moev2,qeinstein,2026092415,1,587,5,"[2,7]",STRAWBERRY,"{""crop_WHEAT"":0.0,""crop_CARROT"":0.0,""crop_TOMATO"":0.0,""crop_STRAWBERRY"":1.0,""crop_MELON"":0.0,""day_29"":0.8275862068965517,""hour_23"":0.4782608695652174,""crop_age_12"":1.0833333333333333,""yield_fraction"":0.0,""consecutive_unwatered_2"":0.5,""fertilizer_carried_5"":0.4,""fertilizer_shed_20"":0.0,""own_money_10000"":7.0455,""cash_lead_10000"":0.6107,""crop_price_300"":0.17,""fertilizer_price_150"":0.14666666666666667,""price_advantage_300"":0.09666666666666666,""unlocked_quadrants_4"":0.75,""actor_6"":0.8333333333333334,""x_9"":0.2222222222222222,""y_9"":0.7777777777777778,""remaining_steps_720"":0.18333333333333332,""crop_market_inventory_delta_400"":0.09,""fert_market_inventory_delta_400"":0.9775,""unlocked_shops_4"":2.0}","[0.0,0.0,0.0,1.0,0.0,0.8275862068965517,0.4782608695652174,1.0833333333333333,0.0,0.5,0.4,0.0,7.0455,0.6107,0.17,0.14666666666666667,0.09666666666666666,0.75,0.8333333333333334,0.2222222222222222,0.7777777777777778,0.18333333333333332,0.09,0.9775,2.0]","{""target_identity"":{""type"":""crop"",""coordinate"":[2,7],""resource"":""STRAWBERRY"",""generation_or_placement_day"":11},""required_carried"":{""FERTILIZER"":1},""reserved_resources"":{""actor"":5,""FERTILIZER"":1,""target"":[2,7]},""start_condition"":""baseline WATER; production due; unfertilized; carried FERTILIZER; no harmful same-target predecessor"",""planned_actions"":[[""FERTILIZE""],[""WATER""]],""completion"":""fertilized_until_day >= day+2 and watered_today true on the same crop generation"",""failure"":""actor/target/day changed or either engine effect was not observed"",""recovery"":""return to freshly computed base action after checking the real remaining WATER obligation""}",92078.0,82797.0,9281.0,1,92227.0,82947.0,9280.0,1,-1.0,0,1,223be59127eabdd5a407107767b57d035b49ec2af11fde6e5d0ea0d8428e1c32,223be59127eabdd5a407107767b57d035b49ec2af11fde6e5d0ea0d8428e1c32,1,1,0,{},1,"{""mode"":""target"",""base_sha256"":""b6553c296c556aff5b5e2d12b75618e505fa4d852afb5338414ac6d6e039cb02"",""model_loaded"":false,""model_calls"":0,""model_selected_tasks"":0,""model_changed_final_actions"":0,""rule_overrides"":0,""task_candidates"":58,""tasks_started"":1,""tasks_completed"":1,""contract_failures"":0,""events"":[{""event"":""fertilize_committed"",""step"":587,""candidate_id"":""fertilize_then_water:s587:a5:x2y7"",""actor"":5,""target"":[2,7],""features"":{""crop_WHEAT"":0.0,""crop_CARROT"":0.0,""crop_TOMATO"":0.0,""crop_STRAWBERRY"":1.0,""crop_MELON"":0.0,""day_29"":0.8275862068965517,""hour_23"":0.4782608695652174,""crop_age_12"":1.0833333333333333,""yield_fraction"":0.0,""consecutive_unwatered_2"":0.5,""fertilizer_carried_5"":0.4,""fertilizer_shed_20"":0.0,""own_money_10000"":7.0455,""cash_lead_10000"":0.6107,""crop_price_300"":0.17,""fertilizer_price_150"":0.14666666666666667,""price_advantage_300"":0.09666666666666666,""unlocked_quadrants_4"":0.75,""actor_6"":0.8333333333333334,""x_9"":0.2222222222222222,""y_9"":0.7777777777777778,""remaining_steps_720"":0.18333333333333332,""crop_market_inventory_delta_400"":0.09,""fert_market_inventory_delta_400"":0.9775,""unlocked_shops_4"":2.0},""probability"":null},{""event"":""water_committed"",""step"":588,""candidate_id"":""fertilize_then_water:s587:a5:x2y7"",""actor"":5},{""event"":""task_completed"",""step"":589,""candidate_id"":""fertilize_then_water:s587:a5:x2y7""}],""pending_obligations"":{}}",experiments/round10_public_learning_20260924/training/task_labels/replays/baseline/qeinstein_moev2/seed_2026092415_seat_1.json.gz,experiments/round10_public_learning_20260924/training/task_labels/replays/treatment/qeinstein_moev2/seed_2026092415_seat_1_fertilize_then_water_s587_a5_x2y7.json.gz,f86148829ef90884d5486c1fa8fbd08498e77c0bbb460c14c94f12d611194dae,
