arm,baseline_id,opponent_id,opponent_family,seed,seat,self_final_cash,opp_final_cash,margin,result,engine,elapsed_seconds,model_loaded,model_calls,model_selected_tasks,model_changed_final_actions,rule_overrides,planned_retirements,unplanned_losses,contract_failures,shop_sequence_hash,shop_events_json,replay,replay_sha256,agent_sha256,opponent_sha256,engine_sha256,telemetry_json,diagnostics_json,error
B1,B1,B1,herd_safe,522609241,0,113698.0,113698.0,0.0,T,kagsim,3.069019,0,0,0,0,0,0,0,0,3d5abadf277ffbf26faf5853b80f902eec0bdb2b3d07a15179f8411eccf494e5,"[{""step"":0,""shops"":[]},{""step"":72,""shops"":[""YARN_STORE""]},{""step"":144,""shops"":[""YARN_STORE"",""BRUNCH_SPOT""]},{""step"":216,""shops"":[""YARN_STORE"",""BRUNCH_SPOT"",""ICE_CREAM_SHOP""]},{""step"":288,""shops"":[""YARN_STORE"",""BRUNCH_SPOT"",""ICE_CREAM_SHOP"",""ICE_CREAM_SHOP""]},{""step"":360,""shops"":[""YARN_STORE"",""BRUNCH_SPOT"",""ICE_CREAM_SHOP"",""ICE_CREAM_SHOP"",""BRUNCH_SPOT""]},{""step"":432,""shops"":[""YARN_STORE"",""BRUNCH_SPOT"",""ICE_CREAM_SHOP"",""ICE_CREAM_SHOP"",""BRUNCH_SPOT"",""BRUNCH_SPOT""]},{""step"":504,""shops"":[""YARN_STORE"",""BRUNCH_SPOT"",""ICE_CREAM_SHOP"",""ICE_CREAM_SHOP"",""BRUNCH_SPOT"",""BRUNCH_SPOT"",""FARMERS_MARKET""]},{""step"":576,""shops"":[""YARN_STORE"",""BRUNCH_SPOT"",""ICE_CREAM_SHOP"",""ICE_CREAM_SHOP"",""BRUNCH_SPOT"",""BRUNCH_SPOT"",""FARMERS_MARKET"",""BRUNCH_SPOT""]}]",experiments/round11_execution_20260924/track_b/market_kagsim/replays/B1/B1/seed_522609241_seat_0.json.gz,b45e3ecadba10128dc11a2550bbcc9f29c2044adcd45c6e8a3f560538bfceaeb,b6553c296c556aff5b5e2d12b75618e505fa4d852afb5338414ac6d6e039cb02,b6553c296c556aff5b5e2d12b75618e505fa4d852afb5338414ac6d6e039cb02,0fe077cc65622d6f6828160d90b617595a4aa7ea188e4afc67bfee8e4d290c92,"{""players"":[{""sell_dead_units"":187,""refused_buy_product"":1,""refused_buy_seed"":0,""refused_buy_animal"":0,""refused_hire"":0,""refused_buy_land"":0,""hire_paid"":5659,""sell_zero_fill"":18,""buy_zero_fill"":1,""sell_revenue"":140427.0,""total_spend"":29729.0,""shed_discarded_units"":32,""sold_units"":1549,""feed_no_wheat"":0,""feed_no_animal"":0,""feed_redundant"":0,""water_dead"":1,""harvest_dead"":4,""plant_dead"":0,""animals_escaped"":0,""escape_capital"":0.0,""escape_yield_units"":0,""escape_first_day"":-1,""animal_unfed_days"":62,""plants_dry"":1,""dry_seed_cost"":100.0,""dry_yield_units"":0,""dry_first_day"":21,""plant_unwatered_days"":385,""decay_units"":18,""plants_decayed"":18,""silent_loss_coins"":100.0,""silent_loss_units"":50,""dead_actions"":17,""move_dead"":0,""locked_dead"":0,""pickup_dead"":0,""drop_dead"":0,""place_dead"":1,""build_dead"":0,""dig_dead"":2,""fertilize_dead"":0,""collect_dead"":4,""care_dead"":5,""tile_cap_units"":9,""fertilizer_forgone"":14,""care_unfed"":58,""animal_shed_days"":0,""idle_tile_days"":62,""weed_tile_days"":1,""hand_pass_turns"":616,""farmer_pass_turns"":83,""phantom_hand_actions"":0,""sell_floor_units"":63,""hire_premium"":5377,""shed_units_now"":0,""shed_value_now"":0.0,""animals_in_shed_now"":0,""seeds_unplanted_now"":0,""seeds_unplanted_cost_now"":0.0},{""sell_dead_units"":187,""refused_buy_product"":1,""refused_buy_seed"":0,""refused_buy_animal"":0,""refused_hire"":0,""refused_buy_land"":0,""hire_paid"":5659,""sell_zero_fill"":18,""buy_zero_fill"":1,""sell_revenue"":140427.0,""total_spend"":29729.0,""shed_discarded_units"":32,""sold_units"":1549,""feed_no_wheat"":0,""feed_no_animal"":0,""feed_redundant"":0,""water_dead"":1,""harvest_dead"":4,""plant_dead"":0,""animals_escaped"":0,""escape_capital"":0.0,""escape_yield_units"":0,""escape_first_day"":-1,""animal_unfed_days"":62,""plants_dry"":1,""dry_seed_cost"":100.0,""dry_yield_units"":0,""dry_first_day"":21,""plant_unwatered_days"":385,""decay_units"":18,""plants_decayed"":18,""silent_loss_coins"":100.0,""silent_loss_units"":50,""dead_actions"":17,""move_dead"":0,""locked_dead"":0,""pickup_dead"":0,""drop_dead"":0,""place_dead"":1,""build_dead"":0,""dig_dead"":2,""fertilize_dead"":0,""collect_dead"":4,""care_dead"":5,""tile_cap_units"":9,""fertilizer_forgone"":14,""care_unfed"":58,""animal_shed_days"":0,""idle_tile_days"":62,""weed_tile_days"":1,""hand_pass_turns"":616,""farmer_pass_turns"":83,""phantom_hand_actions"":0,""sell_floor_units"":63,""hire_premium"":5377,""shed_units_now"":0,""shed_value_now"":0.0,""animals_in_shed_now"":0,""seeds_unplanted_now"":0,""seeds_unplanted_cost_now"":0.0}]}","{""opening_calls"":1,""opening_stock_ok"":1,""parent"":{""rescue"":{""planning_calls"":1,""accepted"":1,""changed_steps"":7,""aborted"":0,""shadow_declines"":0,""errors"":0,""max_planning_ms"":57.19219999446068},""fertilizer"":{""skips"":0,""covered"":0,""capped"":0,""errors"":0},""seed_budget"":{""cut_units"":0,""saved_cost"":0,""changed_turns"":0,""errors"":0}}}",
B1,B1,B1,herd_safe,522609241,1,113698.0,113698.0,0.0,T,kagsim,3.004202,0,0,0,0,0,0,0,0,3d5abadf277ffbf26faf5853b80f902eec0bdb2b3d07a15179f8411eccf494e5,"[{""step"":0,""shops"":[]},{""step"":72,""shops"":[""YARN_STORE""]},{""step"":144,""shops"":[""YARN_STORE"",""BRUNCH_SPOT""]},{""step"":216,""shops"":[""YARN_STORE"",""BRUNCH_SPOT"",""ICE_CREAM_SHOP""]},{""step"":288,""shops"":[""YARN_STORE"",""BRUNCH_SPOT"",""ICE_CREAM_SHOP"",""ICE_CREAM_SHOP""]},{""step"":360,""shops"":[""YARN_STORE"",""BRUNCH_SPOT"",""ICE_CREAM_SHOP"",""ICE_CREAM_SHOP"",""BRUNCH_SPOT""]},{""step"":432,""shops"":[""YARN_STORE"",""BRUNCH_SPOT"",""ICE_CREAM_SHOP"",""ICE_CREAM_SHOP"",""BRUNCH_SPOT"",""BRUNCH_SPOT""]},{""step"":504,""shops"":[""YARN_STORE"",""BRUNCH_SPOT"",""ICE_CREAM_SHOP"",""ICE_CREAM_SHOP"",""BRUNCH_SPOT"",""BRUNCH_SPOT"",""FARMERS_MARKET""]},{""step"":576,""shops"":[""YARN_STORE"",""BRUNCH_SPOT"",""ICE_CREAM_SHOP"",""ICE_CREAM_SHOP"",""BRUNCH_SPOT"",""BRUNCH_SPOT"",""FARMERS_MARKET"",""BRUNCH_SPOT""]}]",experiments/round11_execution_20260924/track_b/market_kagsim/replays/B1/B1/seed_522609241_seat_1.json.gz,94865f4c3d3d6b4f63f591faf1f67f1519d3bfe83868666ec28eba7e0fab4966,b6553c296c556aff5b5e2d12b75618e505fa4d852afb5338414ac6d6e039cb02,b6553c296c556aff5b5e2d12b75618e505fa4d852afb5338414ac6d6e039cb02,0fe077cc65622d6f6828160d90b617595a4aa7ea188e4afc67bfee8e4d290c92,"{""players"":[{""sell_dead_units"":187,""refused_buy_product"":1,""refused_buy_seed"":0,""refused_buy_animal"":0,""refused_hire"":0,""refused_buy_land"":0,""hire_paid"":5659,""sell_zero_fill"":18,""buy_zero_fill"":1,""sell_revenue"":140427.0,""total_spend"":29729.0,""shed_discarded_units"":32,""sold_units"":1549,""feed_no_wheat"":0,""feed_no_animal"":0,""feed_redundant"":0,""water_dead"":1,""harvest_dead"":4,""plant_dead"":0,""animals_escaped"":0,""escape_capital"":0.0,""escape_yield_units"":0,""escape_first_day"":-1,""animal_unfed_days"":62,""plants_dry"":1,""dry_seed_cost"":100.0,""dry_yield_units"":0,""dry_first_day"":21,""plant_unwatered_days"":385,""decay_units"":18,""plants_decayed"":18,""silent_loss_coins"":100.0,""silent_loss_units"":50,""dead_actions"":17,""move_dead"":0,""locked_dead"":0,""pickup_dead"":0,""drop_dead"":0,""place_dead"":1,""build_dead"":0,""dig_dead"":2,""fertilize_dead"":0,""collect_dead"":4,""care_dead"":5,""tile_cap_units"":9,""fertilizer_forgone"":14,""care_unfed"":58,""animal_shed_days"":0,""idle_tile_days"":62,""weed_tile_days"":1,""hand_pass_turns"":616,""farmer_pass_turns"":83,""phantom_hand_actions"":0,""sell_floor_units"":63,""hire_premium"":5377,""shed_units_now"":0,""shed_value_now"":0.0,""animals_in_shed_now"":0,""seeds_unplanted_now"":0,""seeds_unplanted_cost_now"":0.0},{""sell_dead_units"":187,""refused_buy_product"":1,""refused_buy_seed"":0,""refused_buy_animal"":0,""refused_hire"":0,""refused_buy_land"":0,""hire_paid"":5659,""sell_zero_fill"":18,""buy_zero_fill"":1,""sell_revenue"":140427.0,""total_spend"":29729.0,""shed_discarded_units"":32,""sold_units"":1549,""feed_no_wheat"":0,""feed_no_animal"":0,""feed_redundant"":0,""water_dead"":1,""harvest_dead"":4,""plant_dead"":0,""animals_escaped"":0,""escape_capital"":0.0,""escape_yield_units"":0,""escape_first_day"":-1,""animal_unfed_days"":62,""plants_dry"":1,""dry_seed_cost"":100.0,""dry_yield_units"":0,""dry_first_day"":21,""plant_unwatered_days"":385,""decay_units"":18,""plants_decayed"":18,""silent_loss_coins"":100.0,""silent_loss_units"":50,""dead_actions"":17,""move_dead"":0,""locked_dead"":0,""pickup_dead"":0,""drop_dead"":0,""place_dead"":1,""build_dead"":0,""dig_dead"":2,""fertilize_dead"":0,""collect_dead"":4,""care_dead"":5,""tile_cap_units"":9,""fertilizer_forgone"":14,""care_unfed"":58,""animal_shed_days"":0,""idle_tile_days"":62,""weed_tile_days"":1,""hand_pass_turns"":616,""farmer_pass_turns"":83,""phantom_hand_actions"":0,""sell_floor_units"":63,""hire_premium"":5377,""shed_units_now"":0,""shed_value_now"":0.0,""animals_in_shed_now"":0,""seeds_unplanted_now"":0,""seeds_unplanted_cost_now"":0.0}]}","{""opening_calls"":1,""opening_stock_ok"":1,""parent"":{""rescue"":{""planning_calls"":1,""accepted"":1,""changed_steps"":7,""aborted"":0,""shadow_declines"":0,""errors"":0,""max_planning_ms"":57.87250000867061},""fertilizer"":{""skips"":0,""covered"":0,""capped"":0,""errors"":0},""seed_budget"":{""cut_units"":0,""saved_cost"":0,""changed_turns"":0,""errors"":0}}}",
B1,B1,B1,herd_safe,522609242,0,116722.0,116722.0,0.0,T,kagsim,3.339639,0,0,0,0,0,0,0,0,cd945f271e647a2f5fc263c386808ef34a28435ba33f723a6ccd7112be4b1a7c,"[{""step"":0,""shops"":[]},{""step"":72,""shops"":[""SMOOTHIE_SHOP""]},{""step"":144,""shops"":[""SMOOTHIE_SHOP"",""SMOOTHIE_SHOP""]},{""step"":216,""shops"":[""SMOOTHIE_SHOP"",""SMOOTHIE_SHOP"",""BRUNCH_SPOT""]},{""step"":288,""shops"":[""SMOOTHIE_SHOP"",""SMOOTHIE_SHOP"",""BRUNCH_SPOT"",""BAKERY""]},{""step"":360,""shops"":[""SMOOTHIE_SHOP"",""SMOOTHIE_SHOP"",""BRUNCH_SPOT"",""BAKERY"",""YARN_STORE""]},{""step"":432,""shops"":[""SMOOTHIE_SHOP"",""SMOOTHIE_SHOP"",""BRUNCH_SPOT"",""BAKERY"",""YARN_STORE"",""ICE_CREAM_SHOP""]},{""step"":504,""shops"":[""SMOOTHIE_SHOP"",""SMOOTHIE_SHOP"",""BRUNCH_SPOT"",""BAKERY"",""YARN_STORE"",""ICE_CREAM_SHOP"",""BAKERY""]},{""step"":576,""shops"":[""SMOOTHIE_SHOP"",""SMOOTHIE_SHOP"",""BRUNCH_SPOT"",""BAKERY"",""YARN_STORE"",""ICE_CREAM_SHOP"",""BAKERY"",""FARMERS_MARKET""]}]",experiments/round11_execution_20260924/track_b/market_kagsim/replays/B1/B1/seed_522609242_seat_0.json.gz,c80a7a24f7d17bb6fd6c626a0a2184c267710b0df8711bd118430eba52d697a4,b6553c296c556aff5b5e2d12b75618e505fa4d852afb5338414ac6d6e039cb02,b6553c296c556aff5b5e2d12b75618e505fa4d852afb5338414ac6d6e039cb02,0fe077cc65622d6f6828160d90b617595a4aa7ea188e4afc67bfee8e4d290c92,"{""players"":[{""sell_dead_units"":219,""refused_buy_product"":1,""refused_buy_seed"":0,""refused_buy_animal"":0,""refused_hire"":0,""refused_buy_land"":0,""hire_paid"":4164,""sell_zero_fill"":40,""buy_zero_fill"":1,""sell_revenue"":141139.0,""total_spend"":27417.0,""shed_discarded_units"":4,""sold_units"":1595,""feed_no_wheat"":0,""feed_no_animal"":0,""feed_redundant"":0,""water_dead"":11,""harvest_dead"":4,""plant_dead"":0,""animals_escaped"":0,""escape_capital"":0.0,""escape_yield_units"":0,""escape_first_day"":-1,""animal_unfed_days"":42,""plants_dry"":1,""dry_seed_cost"":100.0,""dry_yield_units"":0,""dry_first_day"":21,""plant_unwatered_days"":392,""decay_units"":18,""plants_decayed"":18,""silent_loss_coins"":100.0,""silent_loss_units"":22,""dead_actions"":41,""move_dead"":0,""locked_dead"":0,""pickup_dead"":0,""drop_dead"":0,""place_dead"":1,""build_dead"":0,""dig_dead"":3,""fertilize_dead"":1,""collect_dead"":8,""care_dead"":13,""tile_cap_units"":19,""fertilizer_forgone"":19,""care_unfed"":37,""animal_shed_days"":1,""idle_tile_days"":63,""weed_tile_days"":1,""hand_pass_turns"":363,""farmer_pass_turns"":61,""phantom_hand_actions"":0,""sell_floor_units"":21,""hire_premium"":3898,""shed_units_now"":0,""shed_value_now"":0.0,""animals_in_shed_now"":0,""seeds_unplanted_now"":1,""seeds_unplanted_cost_now"":10.0},{""sell_dead_units"":219,""refused_buy_product"":1,""refused_buy_seed"":0,""refused_buy_animal"":0,""refused_hire"":0,""refused_buy_land"":0,""hire_paid"":4164,""sell_zero_fill"":40,""buy_zero_fill"":1,""sell_revenue"":141139.0,""total_spend"":27417.0,""shed_discarded_units"":4,""sold_units"":1595,""feed_no_wheat"":0,""feed_no_animal"":0,""feed_redundant"":0,""water_dead"":11,""harvest_dead"":4,""plant_dead"":0,""animals_escaped"":0,""escape_capital"":0.0,""escape_yield_units"":0,""escape_first_day"":-1,""animal_unfed_days"":42,""plants_dry"":1,""dry_seed_cost"":100.0,""dry_yield_units"":0,""dry_first_day"":21,""plant_unwatered_days"":392,""decay_units"":18,""plants_decayed"":18,""silent_loss_coins"":100.0,""silent_loss_units"":22,""dead_actions"":41,""move_dead"":0,""locked_dead"":0,""pickup_dead"":0,""drop_dead"":0,""place_dead"":1,""build_dead"":0,""dig_dead"":3,""fertilize_dead"":1,""collect_dead"":8,""care_dead"":13,""tile_cap_units"":19,""fertilizer_forgone"":19,""care_unfed"":37,""animal_shed_days"":1,""idle_tile_days"":63,""weed_tile_days"":1,""hand_pass_turns"":363,""farmer_pass_turns"":61,""phantom_hand_actions"":0,""sell_floor_units"":21,""hire_premium"":3898,""shed_units_now"":0,""shed_value_now"":0.0,""animals_in_shed_now"":0,""seeds_unplanted_now"":1,""seeds_unplanted_cost_now"":10.0}]}","{""opening_calls"":1,""opening_stock_ok"":1,""parent"":{""rescue"":{""planning_calls"":1,""accepted"":1,""changed_steps"":6,""aborted"":0,""shadow_declines"":0,""errors"":0,""max_planning_ms"":55.5093000002671},""fertilizer"":{""skips"":3,""covered"":2,""capped"":1,""errors"":0},""seed_budget"":{""cut_units"":0,""saved_cost"":0,""changed_turns"":0,""errors"":0}}}",
B1,B1,B1,herd_safe,522609242,1,116722.0,116722.0,0.0,T,kagsim,3.281025,0,0,0,0,0,0,0,0,cd945f271e647a2f5fc263c386808ef34a28435ba33f723a6ccd7112be4b1a7c,"[{""step"":0,""shops"":[]},{""step"":72,""shops"":[""SMOOTHIE_SHOP""]},{""step"":144,""shops"":[""SMOOTHIE_SHOP"",""SMOOTHIE_SHOP""]},{""step"":216,""shops"":[""SMOOTHIE_SHOP"",""SMOOTHIE_SHOP"",""BRUNCH_SPOT""]},{""step"":288,""shops"":[""SMOOTHIE_SHOP"",""SMOOTHIE_SHOP"",""BRUNCH_SPOT"",""BAKERY""]},{""step"":360,""shops"":[""SMOOTHIE_SHOP"",""SMOOTHIE_SHOP"",""BRUNCH_SPOT"",""BAKERY"",""YARN_STORE""]},{""step"":432,""shops"":[""SMOOTHIE_SHOP"",""SMOOTHIE_SHOP"",""BRUNCH_SPOT"",""BAKERY"",""YARN_STORE"",""ICE_CREAM_SHOP""]},{""step"":504,""shops"":[""SMOOTHIE_SHOP"",""SMOOTHIE_SHOP"",""BRUNCH_SPOT"",""BAKERY"",""YARN_STORE"",""ICE_CREAM_SHOP"",""BAKERY""]},{""step"":576,""shops"":[""SMOOTHIE_SHOP"",""SMOOTHIE_SHOP"",""BRUNCH_SPOT"",""BAKERY"",""YARN_STORE"",""ICE_CREAM_SHOP"",""BAKERY"",""FARMERS_MARKET""]}]",experiments/round11_execution_20260924/track_b/market_kagsim/replays/B1/B1/seed_522609242_seat_1.json.gz,b4b2b3c446452e4de9d71840a63fafc55c285c286dcfae3d1983bad017dbcfcd,b6553c296c556aff5b5e2d12b75618e505fa4d852afb5338414ac6d6e039cb02,b6553c296c556aff5b5e2d12b75618e505fa4d852afb5338414ac6d6e039cb02,0fe077cc65622d6f6828160d90b617595a4aa7ea188e4afc67bfee8e4d290c92,"{""players"":[{""sell_dead_units"":219,""refused_buy_product"":1,""refused_buy_seed"":0,""refused_buy_animal"":0,""refused_hire"":0,""refused_buy_land"":0,""hire_paid"":4164,""sell_zero_fill"":40,""buy_zero_fill"":1,""sell_revenue"":141139.0,""total_spend"":27417.0,""shed_discarded_units"":4,""sold_units"":1595,""feed_no_wheat"":0,""feed_no_animal"":0,""feed_redundant"":0,""water_dead"":11,""harvest_dead"":4,""plant_dead"":0,""animals_escaped"":0,""escape_capital"":0.0,""escape_yield_units"":0,""escape_first_day"":-1,""animal_unfed_days"":42,""plants_dry"":1,""dry_seed_cost"":100.0,""dry_yield_units"":0,""dry_first_day"":21,""plant_unwatered_days"":392,""decay_units"":18,""plants_decayed"":18,""silent_loss_coins"":100.0,""silent_loss_units"":22,""dead_actions"":41,""move_dead"":0,""locked_dead"":0,""pickup_dead"":0,""drop_dead"":0,""place_dead"":1,""build_dead"":0,""dig_dead"":3,""fertilize_dead"":1,""collect_dead"":8,""care_dead"":13,""tile_cap_units"":19,""fertilizer_forgone"":19,""care_unfed"":37,""animal_shed_days"":1,""idle_tile_days"":63,""weed_tile_days"":1,""hand_pass_turns"":363,""farmer_pass_turns"":61,""phantom_hand_actions"":0,""sell_floor_units"":21,""hire_premium"":3898,""shed_units_now"":0,""shed_value_now"":0.0,""animals_in_shed_now"":0,""seeds_unplanted_now"":1,""seeds_unplanted_cost_now"":10.0},{""sell_dead_units"":219,""refused_buy_product"":1,""refused_buy_seed"":0,""refused_buy_animal"":0,""refused_hire"":0,""refused_buy_land"":0,""hire_paid"":4164,""sell_zero_fill"":40,""buy_zero_fill"":1,""sell_revenue"":141139.0,""total_spend"":27417.0,""shed_discarded_units"":4,""sold_units"":1595,""feed_no_wheat"":0,""feed_no_animal"":0,""feed_redundant"":0,""water_dead"":11,""harvest_dead"":4,""plant_dead"":0,""animals_escaped"":0,""escape_capital"":0.0,""escape_yield_units"":0,""escape_first_day"":-1,""animal_unfed_days"":42,""plants_dry"":1,""dry_seed_cost"":100.0,""dry_yield_units"":0,""dry_first_day"":21,""plant_unwatered_days"":392,""decay_units"":18,""plants_decayed"":18,""silent_loss_coins"":100.0,""silent_loss_units"":22,""dead_actions"":41,""move_dead"":0,""locked_dead"":0,""pickup_dead"":0,""drop_dead"":0,""place_dead"":1,""build_dead"":0,""dig_dead"":3,""fertilize_dead"":1,""collect_dead"":8,""care_dead"":13,""tile_cap_units"":19,""fertilizer_forgone"":19,""care_unfed"":37,""animal_shed_days"":1,""idle_tile_days"":63,""weed_tile_days"":1,""hand_pass_turns"":363,""farmer_pass_turns"":61,""phantom_hand_actions"":0,""sell_floor_units"":21,""hire_premium"":3898,""shed_units_now"":0,""shed_value_now"":0.0,""animals_in_shed_now"":0,""seeds_unplanted_now"":1,""seeds_unplanted_cost_now"":10.0}]}","{""opening_calls"":1,""opening_stock_ok"":1,""parent"":{""rescue"":{""planning_calls"":1,""accepted"":1,""changed_steps"":6,""aborted"":0,""shadow_declines"":0,""errors"":0,""max_planning_ms"":54.71660000330303},""fertilizer"":{""skips"":3,""covered"":2,""capped"":1,""errors"":0},""seed_budget"":{""cut_units"":0,""saved_cost"":0,""changed_turns"":0,""errors"":0}}}",
B1,B1,B1,herd_safe,522609243,0,110221.0,110221.0,0.0,T,kagsim,3.149227,0,0,0,0,0,0,0,0,1d04709202fcf76383345d9e691360d89980e8b74a1a6a0b3b3159e5c4342665,"[{""step"":0,""shops"":[]},{""step"":72,""shops"":[""BRUNCH_SPOT""]},{""step"":144,""shops"":[""BRUNCH_SPOT"",""ICE_CREAM_SHOP""]},{""step"":216,""shops"":[""BRUNCH_SPOT"",""ICE_CREAM_SHOP"",""FARMERS_MARKET""]},{""step"":288,""shops"":[""BRUNCH_SPOT"",""ICE_CREAM_SHOP"",""FARMERS_MARKET"",""ICE_CREAM_SHOP""]},{""step"":360,""shops"":[""BRUNCH_SPOT"",""ICE_CREAM_SHOP"",""FARMERS_MARKET"",""ICE_CREAM_SHOP"",""PIZZA_SHOP""]},{""step"":432,""shops"":[""BRUNCH_SPOT"",""ICE_CREAM_SHOP"",""FARMERS_MARKET"",""ICE_CREAM_SHOP"",""PIZZA_SHOP"",""FARMERS_MARKET""]},{""step"":504,""shops"":[""BRUNCH_SPOT"",""ICE_CREAM_SHOP"",""FARMERS_MARKET"",""ICE_CREAM_SHOP"",""PIZZA_SHOP"",""FARMERS_MARKET"",""BAKERY""]},{""step"":576,""shops"":[""BRUNCH_SPOT"",""ICE_CREAM_SHOP"",""FARMERS_MARKET"",""ICE_CREAM_SHOP"",""PIZZA_SHOP"",""FARMERS_MARKET"",""BAKERY"",""PIZZA_SHOP""]}]",experiments/round11_execution_20260924/track_b/market_kagsim/replays/B1/B1/seed_522609243_seat_0.json.gz,c7f0403fa3234fcbf9ff01c597a7242b9a9d5475b5fecc43a629ef2c13726906,b6553c296c556aff5b5e2d12b75618e505fa4d852afb5338414ac6d6e039cb02,b6553c296c556aff5b5e2d12b75618e505fa4d852afb5338414ac6d6e039cb02,0fe077cc65622d6f6828160d90b617595a4aa7ea188e4afc67bfee8e4d290c92,"{""players"":[{""sell_dead_units"":215,""refused_buy_product"":1,""refused_buy_seed"":0,""refused_buy_animal"":0,""refused_hire"":0,""refused_buy_land"":0,""hire_paid"":4397,""sell_zero_fill"":34,""buy_zero_fill"":1,""sell_revenue"":135932.0,""total_spend"":28711.0,""shed_discarded_units"":3,""sold_units"":1604,""feed_no_wheat"":0,""feed_no_animal"":0,""feed_redundant"":0,""water_dead"":10,""harvest_dead"":3,""plant_dead"":0,""animals_escaped"":0,""escape_capital"":0.0,""escape_yield_units"":0,""escape_first_day"":-1,""animal_unfed_days"":76,""plants_dry"":1,""dry_seed_cost"":100.0,""dry_yield_units"":0,""dry_first_day"":21,""plant_unwatered_days"":391,""decay_units"":18,""plants_decayed"":18,""silent_loss_coins"":100.0,""silent_loss_units"":21,""dead_actions"":40,""move_dead"":0,""locked_dead"":0,""pickup_dead"":0,""drop_dead"":0,""place_dead"":1,""build_dead"":0,""dig_dead"":4,""fertilize_dead"":1,""collect_dead"":8,""care_dead"":13,""tile_cap_units"":21,""fertilizer_forgone"":19,""care_unfed"":72,""animal_shed_days"":1,""idle_tile_days"":63,""weed_tile_days"":1,""hand_pass_turns"":397,""farmer_pass_turns"":67,""phantom_hand_actions"":0,""sell_floor_units"":54,""hire_premium"":4129,""shed_units_now"":0,""shed_value_now"":0.0,""animals_in_shed_now"":0,""seeds_unplanted_now"":1,""seeds_unplanted_cost_now"":10.0},{""sell_dead_units"":215,""refused_buy_product"":1,""refused_buy_seed"":0,""refused_buy_animal"":0,""refused_hire"":0,""refused_buy_land"":0,""hire_paid"":4397,""sell_zero_fill"":34,""buy_zero_fill"":1,""sell_revenue"":135932.0,""total_spend"":28711.0,""shed_discarded_units"":3,""sold_units"":1604,""feed_no_wheat"":0,""feed_no_animal"":0,""feed_redundant"":0,""water_dead"":10,""harvest_dead"":3,""plant_dead"":0,""animals_escaped"":0,""escape_capital"":0.0,""escape_yield_units"":0,""escape_first_day"":-1,""animal_unfed_days"":76,""plants_dry"":1,""dry_seed_cost"":100.0,""dry_yield_units"":0,""dry_first_day"":21,""plant_unwatered_days"":391,""decay_units"":18,""plants_decayed"":18,""silent_loss_coins"":100.0,""silent_loss_units"":21,""dead_actions"":40,""move_dead"":0,""locked_dead"":0,""pickup_dead"":0,""drop_dead"":0,""place_dead"":1,""build_dead"":0,""dig_dead"":4,""fertilize_dead"":1,""collect_dead"":8,""care_dead"":13,""tile_cap_units"":21,""fertilizer_forgone"":19,""care_unfed"":72,""animal_shed_days"":1,""idle_tile_days"":63,""weed_tile_days"":1,""hand_pass_turns"":397,""farmer_pass_turns"":67,""phantom_hand_actions"":0,""sell_floor_units"":54,""hire_premium"":4129,""shed_units_now"":0,""shed_value_now"":0.0,""animals_in_shed_now"":0,""seeds_unplanted_now"":1,""seeds_unplanted_cost_now"":10.0}]}","{""opening_calls"":1,""opening_stock_ok"":1,""parent"":{""rescue"":{""planning_calls"":1,""accepted"":1,""changed_steps"":6,""aborted"":0,""shadow_declines"":0,""errors"":0,""max_planning_ms"":48.86290000285953},""fertilizer"":{""skips"":4,""covered"":3,""capped"":1,""errors"":0},""seed_budget"":{""cut_units"":0,""saved_cost"":0,""changed_turns"":0,""errors"":0}}}",
B1,B1,B1,herd_safe,522609243,1,110221.0,110221.0,0.0,T,kagsim,3.138911,0,0,0,0,0,0,0,0,1d04709202fcf76383345d9e691360d89980e8b74a1a6a0b3b3159e5c4342665,"[{""step"":0,""shops"":[]},{""step"":72,""shops"":[""BRUNCH_SPOT""]},{""step"":144,""shops"":[""BRUNCH_SPOT"",""ICE_CREAM_SHOP""]},{""step"":216,""shops"":[""BRUNCH_SPOT"",""ICE_CREAM_SHOP"",""FARMERS_MARKET""]},{""step"":288,""shops"":[""BRUNCH_SPOT"",""ICE_CREAM_SHOP"",""FARMERS_MARKET"",""ICE_CREAM_SHOP""]},{""step"":360,""shops"":[""BRUNCH_SPOT"",""ICE_CREAM_SHOP"",""FARMERS_MARKET"",""ICE_CREAM_SHOP"",""PIZZA_SHOP""]},{""step"":432,""shops"":[""BRUNCH_SPOT"",""ICE_CREAM_SHOP"",""FARMERS_MARKET"",""ICE_CREAM_SHOP"",""PIZZA_SHOP"",""FARMERS_MARKET""]},{""step"":504,""shops"":[""BRUNCH_SPOT"",""ICE_CREAM_SHOP"",""FARMERS_MARKET"",""ICE_CREAM_SHOP"",""PIZZA_SHOP"",""FARMERS_MARKET"",""BAKERY""]},{""step"":576,""shops"":[""BRUNCH_SPOT"",""ICE_CREAM_SHOP"",""FARMERS_MARKET"",""ICE_CREAM_SHOP"",""PIZZA_SHOP"",""FARMERS_MARKET"",""BAKERY"",""PIZZA_SHOP""]}]",experiments/round11_execution_20260924/track_b/market_kagsim/replays/B1/B1/seed_522609243_seat_1.json.gz,82113e2dd5ffa0a0f9babb98fde9dac1eba785b58c2d714af71a68d8f1c6cbfc,b6553c296c556aff5b5e2d12b75618e505fa4d852afb5338414ac6d6e039cb02,b6553c296c556aff5b5e2d12b75618e505fa4d852afb5338414ac6d6e039cb02,0fe077cc65622d6f6828160d90b617595a4aa7ea188e4afc67bfee8e4d290c92,"{""players"":[{""sell_dead_units"":215,""refused_buy_product"":1,""refused_buy_seed"":0,""refused_buy_animal"":0,""refused_hire"":0,""refused_buy_land"":0,""hire_paid"":4397,""sell_zero_fill"":34,""buy_zero_fill"":1,""sell_revenue"":135932.0,""total_spend"":28711.0,""shed_discarded_units"":3,""sold_units"":1604,""feed_no_wheat"":0,""feed_no_animal"":0,""feed_redundant"":0,""water_dead"":10,""harvest_dead"":3,""plant_dead"":0,""animals_escaped"":0,""escape_capital"":0.0,""escape_yield_units"":0,""escape_first_day"":-1,""animal_unfed_days"":76,""plants_dry"":1,""dry_seed_cost"":100.0,""dry_yield_units"":0,""dry_first_day"":21,""plant_unwatered_days"":391,""decay_units"":18,""plants_decayed"":18,""silent_loss_coins"":100.0,""silent_loss_units"":21,""dead_actions"":40,""move_dead"":0,""locked_dead"":0,""pickup_dead"":0,""drop_dead"":0,""place_dead"":1,""build_dead"":0,""dig_dead"":4,""fertilize_dead"":1,""collect_dead"":8,""care_dead"":13,""tile_cap_units"":21,""fertilizer_forgone"":19,""care_unfed"":72,""animal_shed_days"":1,""idle_tile_days"":63,""weed_tile_days"":1,""hand_pass_turns"":397,""farmer_pass_turns"":67,""phantom_hand_actions"":0,""sell_floor_units"":54,""hire_premium"":4129,""shed_units_now"":0,""shed_value_now"":0.0,""animals_in_shed_now"":0,""seeds_unplanted_now"":1,""seeds_unplanted_cost_now"":10.0},{""sell_dead_units"":215,""refused_buy_product"":1,""refused_buy_seed"":0,""refused_buy_animal"":0,""refused_hire"":0,""refused_buy_land"":0,""hire_paid"":4397,""sell_zero_fill"":34,""buy_zero_fill"":1,""sell_revenue"":135932.0,""total_spend"":28711.0,""shed_discarded_units"":3,""sold_units"":1604,""feed_no_wheat"":0,""feed_no_animal"":0,""feed_redundant"":0,""water_dead"":10,""harvest_dead"":3,""plant_dead"":0,""animals_escaped"":0,""escape_capital"":0.0,""escape_yield_units"":0,""escape_first_day"":-1,""animal_unfed_days"":76,""plants_dry"":1,""dry_seed_cost"":100.0,""dry_yield_units"":0,""dry_first_day"":21,""plant_unwatered_days"":391,""decay_units"":18,""plants_decayed"":18,""silent_loss_coins"":100.0,""silent_loss_units"":21,""dead_actions"":40,""move_dead"":0,""locked_dead"":0,""pickup_dead"":0,""drop_dead"":0,""place_dead"":1,""build_dead"":0,""dig_dead"":4,""fertilize_dead"":1,""collect_dead"":8,""care_dead"":13,""tile_cap_units"":21,""fertilizer_forgone"":19,""care_unfed"":72,""animal_shed_days"":1,""idle_tile_days"":63,""weed_tile_days"":1,""hand_pass_turns"":397,""farmer_pass_turns"":67,""phantom_hand_actions"":0,""sell_floor_units"":54,""hire_premium"":4129,""shed_units_now"":0,""shed_value_now"":0.0,""animals_in_shed_now"":0,""seeds_unplanted_now"":1,""seeds_unplanted_cost_now"":10.0}]}","{""opening_calls"":1,""opening_stock_ok"":1,""parent"":{""rescue"":{""planning_calls"":1,""accepted"":1,""changed_steps"":6,""aborted"":0,""shadow_declines"":0,""errors"":0,""max_planning_ms"":51.33070000738371},""fertilizer"":{""skips"":4,""covered"":3,""capped"":1,""errors"":0},""seed_budget"":{""cut_units"":0,""saved_cost"":0,""changed_turns"":0,""errors"":0}}}",
B1,B1,B1,herd_safe,522609244,0,85100.0,85020.0,80.0,W,kagsim,3.927192,0,0,0,0,0,0,0,0,29ae70298aff5372b49961180210c77419a07c48f2304c46e4887e3408b3f36c,"[{""step"":0,""shops"":[]},{""step"":72,""shops"":[""BAKERY""]},{""step"":144,""shops"":[""BAKERY"",""FARMERS_MARKET""]},{""step"":216,""shops"":[""BAKERY"",""FARMERS_MARKET"",""BRUNCH_SPOT""]},{""step"":288,""shops"":[""BAKERY"",""FARMERS_MARKET"",""BRUNCH_SPOT"",""YARN_STORE""]},{""step"":360,""shops"":[""BAKERY"",""FARMERS_MARKET"",""BRUNCH_SPOT"",""YARN_STORE"",""FARMERS_MARKET""]},{""step"":432,""shops"":[""BAKERY"",""FARMERS_MARKET"",""BRUNCH_SPOT"",""YARN_STORE"",""FARMERS_MARKET"",""BAKERY""]},{""step"":504,""shops"":[""BAKERY"",""FARMERS_MARKET"",""BRUNCH_SPOT"",""YARN_STORE"",""FARMERS_MARKET"",""BAKERY"",""BRUNCH_SPOT""]},{""step"":576,""shops"":[""BAKERY"",""FARMERS_MARKET"",""BRUNCH_SPOT"",""YARN_STORE"",""FARMERS_MARKET"",""BAKERY"",""BRUNCH_SPOT"",""ICE_CREAM_SHOP""]}]",experiments/round11_execution_20260924/track_b/market_kagsim/replays/B1/B1/seed_522609244_seat_0.json.gz,00704157c21f97f56292222659fec08554bc4300422ba45b3a4d21d4dc24b060,b6553c296c556aff5b5e2d12b75618e505fa4d852afb5338414ac6d6e039cb02,b6553c296c556aff5b5e2d12b75618e505fa4d852afb5338414ac6d6e039cb02,0fe077cc65622d6f6828160d90b617595a4aa7ea188e4afc67bfee8e4d290c92,"{""players"":[{""sell_dead_units"":2280,""refused_buy_product"":5,""refused_buy_seed"":0,""refused_buy_animal"":0,""refused_hire"":0,""refused_buy_land"":0,""hire_paid"":4397,""sell_zero_fill"":47,""buy_zero_fill"":1,""sell_revenue"":127341.0,""total_spend"":45241.0,""shed_discarded_units"":11,""sold_units"":2011,""feed_no_wheat"":0,""feed_no_animal"":0,""feed_redundant"":0,""water_dead"":12,""harvest_dead"":4,""plant_dead"":0,""animals_escaped"":0,""escape_capital"":0.0,""escape_yield_units"":0,""escape_first_day"":-1,""animal_unfed_days"":78,""plants_dry"":2,""dry_seed_cost"":120.0,""dry_yield_units"":1,""dry_first_day"":21,""plant_unwatered_days"":387,""decay_units"":18,""plants_decayed"":18,""silent_loss_coins"":120.0,""silent_loss_units"":30,""dead_actions"":47,""move_dead"":0,""locked_dead"":0,""pickup_dead"":0,""drop_dead"":0,""place_dead"":1,""build_dead"":0,""dig_dead"":2,""fertilize_dead"":1,""collect_dead"":3,""care_dead"":24,""tile_cap_units"":19,""fertilizer_forgone"":22,""care_unfed"":74,""animal_shed_days"":1,""idle_tile_days"":64,""weed_tile_days"":2,""hand_pass_turns"":368,""farmer_pass_turns"":64,""phantom_hand_actions"":0,""sell_floor_units"":85,""hire_premium"":4129,""shed_units_now"":0,""shed_value_now"":0.0,""animals_in_shed_now"":0,""seeds_unplanted_now"":3,""seeds_unplanted_cost_now"":30.0},{""sell_dead_units"":2280,""refused_buy_product"":5,""refused_buy_seed"":0,""refused_buy_animal"":0,""refused_hire"":0,""refused_buy_land"":0,""hire_paid"":4397,""sell_zero_fill"":47,""buy_zero_fill"":1,""sell_revenue"":127341.0,""total_spend"":45321.0,""shed_discarded_units"":11,""sold_units"":2011,""feed_no_wheat"":0,""feed_no_animal"":0,""feed_redundant"":0,""water_dead"":13,""harvest_dead"":5,""plant_dead"":0,""animals_escaped"":0,""escape_capital"":0.0,""escape_yield_units"":0,""escape_first_day"":-1,""animal_unfed_days"":78,""plants_dry"":2,""dry_seed_cost"":120.0,""dry_yield_units"":1,""dry_first_day"":21,""plant_unwatered_days"":386,""decay_units"":18,""plants_decayed"":18,""silent_loss_coins"":120.0,""silent_loss_units"":30,""dead_actions"":49,""move_dead"":0,""locked_dead"":0,""pickup_dead"":0,""drop_dead"":0,""place_dead"":1,""build_dead"":0,""dig_dead"":2,""fertilize_dead"":1,""collect_dead"":3,""care_dead"":24,""tile_cap_units"":19,""fertilizer_forgone"":22,""care_unfed"":74,""animal_shed_days"":1,""idle_tile_days"":66,""weed_tile_days"":3,""hand_pass_turns"":369,""farmer_pass_turns"":64,""phantom_hand_actions"":0,""sell_floor_units"":85,""hire_premium"":4129,""shed_units_now"":0,""shed_value_now"":0.0,""animals_in_shed_now"":0,""seeds_unplanted_now"":4,""seeds_unplanted_cost_now"":40.0}]}","{""opening_calls"":1,""opening_stock_ok"":1,""parent"":{""rescue"":{""planning_calls"":1,""accepted"":1,""changed_steps"":7,""aborted"":0,""shadow_declines"":0,""errors"":0,""max_planning_ms"":58.15630000142846},""fertilizer"":{""skips"":3,""covered"":1,""capped"":2,""errors"":0},""seed_budget"":{""cut_units"":76,""saved_cost"":1520,""changed_turns"":14,""errors"":0}}}",
B1,B1,B1,herd_safe,522609244,1,85020.0,85100.0,-80.0,L,kagsim,3.933753,0,0,0,0,0,0,0,0,29ae70298aff5372b49961180210c77419a07c48f2304c46e4887e3408b3f36c,"[{""step"":0,""shops"":[]},{""step"":72,""shops"":[""BAKERY""]},{""step"":144,""shops"":[""BAKERY"",""FARMERS_MARKET""]},{""step"":216,""shops"":[""BAKERY"",""FARMERS_MARKET"",""BRUNCH_SPOT""]},{""step"":288,""shops"":[""BAKERY"",""FARMERS_MARKET"",""BRUNCH_SPOT"",""YARN_STORE""]},{""step"":360,""shops"":[""BAKERY"",""FARMERS_MARKET"",""BRUNCH_SPOT"",""YARN_STORE"",""FARMERS_MARKET""]},{""step"":432,""shops"":[""BAKERY"",""FARMERS_MARKET"",""BRUNCH_SPOT"",""YARN_STORE"",""FARMERS_MARKET"",""BAKERY""]},{""step"":504,""shops"":[""BAKERY"",""FARMERS_MARKET"",""BRUNCH_SPOT"",""YARN_STORE"",""FARMERS_MARKET"",""BAKERY"",""BRUNCH_SPOT""]},{""step"":576,""shops"":[""BAKERY"",""FARMERS_MARKET"",""BRUNCH_SPOT"",""YARN_STORE"",""FARMERS_MARKET"",""BAKERY"",""BRUNCH_SPOT"",""ICE_CREAM_SHOP""]}]",experiments/round11_execution_20260924/track_b/market_kagsim/replays/B1/B1/seed_522609244_seat_1.json.gz,db38ead592f3c40468b6e0ff09f477a7df1931ebe9d0f2aa2fe77ecedd840078,b6553c296c556aff5b5e2d12b75618e505fa4d852afb5338414ac6d6e039cb02,b6553c296c556aff5b5e2d12b75618e505fa4d852afb5338414ac6d6e039cb02,0fe077cc65622d6f6828160d90b617595a4aa7ea188e4afc67bfee8e4d290c92,"{""players"":[{""sell_dead_units"":2280,""refused_buy_product"":5,""refused_buy_seed"":0,""refused_buy_animal"":0,""refused_hire"":0,""refused_buy_land"":0,""hire_paid"":4397,""sell_zero_fill"":47,""buy_zero_fill"":1,""sell_revenue"":127341.0,""total_spend"":45241.0,""shed_discarded_units"":11,""sold_units"":2011,""feed_no_wheat"":0,""feed_no_animal"":0,""feed_redundant"":0,""water_dead"":12,""harvest_dead"":4,""plant_dead"":0,""animals_escaped"":0,""escape_capital"":0.0,""escape_yield_units"":0,""escape_first_day"":-1,""animal_unfed_days"":78,""plants_dry"":2,""dry_seed_cost"":120.0,""dry_yield_units"":1,""dry_first_day"":21,""plant_unwatered_days"":387,""decay_units"":18,""plants_decayed"":18,""silent_loss_coins"":120.0,""silent_loss_units"":30,""dead_actions"":47,""move_dead"":0,""locked_dead"":0,""pickup_dead"":0,""drop_dead"":0,""place_dead"":1,""build_dead"":0,""dig_dead"":2,""fertilize_dead"":1,""collect_dead"":3,""care_dead"":24,""tile_cap_units"":19,""fertilizer_forgone"":22,""care_unfed"":74,""animal_shed_days"":1,""idle_tile_days"":64,""weed_tile_days"":2,""hand_pass_turns"":368,""farmer_pass_turns"":64,""phantom_hand_actions"":0,""sell_floor_units"":85,""hire_premium"":4129,""shed_units_now"":0,""shed_value_now"":0.0,""animals_in_shed_now"":0,""seeds_unplanted_now"":3,""seeds_unplanted_cost_now"":30.0},{""sell_dead_units"":2280,""refused_buy_product"":5,""refused_buy_seed"":0,""refused_buy_animal"":0,""refused_hire"":0,""refused_buy_land"":0,""hire_paid"":4397,""sell_zero_fill"":47,""buy_zero_fill"":1,""sell_revenue"":127341.0,""total_spend"":45321.0,""shed_discarded_units"":11,""sold_units"":2011,""feed_no_wheat"":0,""feed_no_animal"":0,""feed_redundant"":0,""water_dead"":13,""harvest_dead"":5,""plant_dead"":0,""animals_escaped"":0,""escape_capital"":0.0,""escape_yield_units"":0,""escape_first_day"":-1,""animal_unfed_days"":78,""plants_dry"":2,""dry_seed_cost"":120.0,""dry_yield_units"":1,""dry_first_day"":21,""plant_unwatered_days"":386,""decay_units"":18,""plants_decayed"":18,""silent_loss_coins"":120.0,""silent_loss_units"":30,""dead_actions"":49,""move_dead"":0,""locked_dead"":0,""pickup_dead"":0,""drop_dead"":0,""place_dead"":1,""build_dead"":0,""dig_dead"":2,""fertilize_dead"":1,""collect_dead"":3,""care_dead"":24,""tile_cap_units"":19,""fertilizer_forgone"":22,""care_unfed"":74,""animal_shed_days"":1,""idle_tile_days"":66,""weed_tile_days"":3,""hand_pass_turns"":369,""farmer_pass_turns"":64,""phantom_hand_actions"":0,""sell_floor_units"":85,""hire_premium"":4129,""shed_units_now"":0,""shed_value_now"":0.0,""animals_in_shed_now"":0,""seeds_unplanted_now"":4,""seeds_unplanted_cost_now"":40.0}]}","{""opening_calls"":1,""opening_stock_ok"":1,""parent"":{""rescue"":{""planning_calls"":1,""accepted"":1,""changed_steps"":7,""aborted"":0,""shadow_declines"":0,""errors"":0,""max_planning_ms"":54.24490000586957},""fertilizer"":{""skips"":3,""covered"":1,""capped"":2,""errors"":0},""seed_budget"":{""cut_units"":76,""saved_cost"":1520,""changed_turns"":14,""errors"":0}}}",
B1,B1,metav4,metav4,522609241,0,113621.0,113320.0,301.0,W,kagsim,4.021419,0,0,0,0,0,0,0,0,3d5abadf277ffbf26faf5853b80f902eec0bdb2b3d07a15179f8411eccf494e5,"[{""step"":0,""shops"":[]},{""step"":72,""shops"":[""YARN_STORE""]},{""step"":144,""shops"":[""YARN_STORE"",""BRUNCH_SPOT""]},{""step"":216,""shops"":[""YARN_STORE"",""BRUNCH_SPOT"",""ICE_CREAM_SHOP""]},{""step"":288,""shops"":[""YARN_STORE"",""BRUNCH_SPOT"",""ICE_CREAM_SHOP"",""ICE_CREAM_SHOP""]},{""step"":360,""shops"":[""YARN_STORE"",""BRUNCH_SPOT"",""ICE_CREAM_SHOP"",""ICE_CREAM_SHOP"",""BRUNCH_SPOT""]},{""step"":432,""shops"":[""YARN_STORE"",""BRUNCH_SPOT"",""ICE_CREAM_SHOP"",""ICE_CREAM_SHOP"",""BRUNCH_SPOT"",""BRUNCH_SPOT""]},{""step"":504,""shops"":[""YARN_STORE"",""BRUNCH_SPOT"",""ICE_CREAM_SHOP"",""ICE_CREAM_SHOP"",""BRUNCH_SPOT"",""BRUNCH_SPOT"",""FARMERS_MARKET""]},{""step"":576,""shops"":[""YARN_STORE"",""BRUNCH_SPOT"",""ICE_CREAM_SHOP"",""ICE_CREAM_SHOP"",""BRUNCH_SPOT"",""BRUNCH_SPOT"",""FARMERS_MARKET"",""BRUNCH_SPOT""]}]",experiments/round11_execution_20260924/track_b/market_kagsim/replays/B1/metav4/seed_522609241_seat_0.json.gz,99da1c250d8dc7ad36da4875374d65570b392f0717a09e80257ce081f0bd53e9,b6553c296c556aff5b5e2d12b75618e505fa4d852afb5338414ac6d6e039cb02,9d63494603f88219857a3101d7dc19cc750ded04e5886732ee428580326967d9,0fe077cc65622d6f6828160d90b617595a4aa7ea188e4afc67bfee8e4d290c92,"{""players"":[{""sell_dead_units"":197,""refused_buy_product"":1,""refused_buy_seed"":0,""refused_buy_animal"":0,""refused_hire"":0,""refused_buy_land"":0,""hire_paid"":5659,""sell_zero_fill"":19,""buy_zero_fill"":1,""sell_revenue"":140361.0,""total_spend"":29740.0,""shed_discarded_units"":32,""sold_units"":1549,""feed_no_wheat"":0,""feed_no_animal"":0,""feed_redundant"":0,""water_dead"":1,""harvest_dead"":4,""plant_dead"":0,""animals_escaped"":0,""escape_capital"":0.0,""escape_yield_units"":0,""escape_first_day"":-1,""animal_unfed_days"":62,""plants_dry"":1,""dry_seed_cost"":100.0,""dry_yield_units"":0,""dry_first_day"":21,""plant_unwatered_days"":385,""decay_units"":18,""plants_decayed"":18,""silent_loss_coins"":100.0,""silent_loss_units"":50,""dead_actions"":17,""move_dead"":0,""locked_dead"":0,""pickup_dead"":0,""drop_dead"":0,""place_dead"":1,""build_dead"":0,""dig_dead"":2,""fertilize_dead"":0,""collect_dead"":4,""care_dead"":5,""tile_cap_units"":9,""fertilizer_forgone"":14,""care_unfed"":58,""animal_shed_days"":0,""idle_tile_days"":62,""weed_tile_days"":1,""hand_pass_turns"":616,""farmer_pass_turns"":83,""phantom_hand_actions"":0,""sell_floor_units"":62,""hire_premium"":5377,""shed_units_now"":0,""shed_value_now"":0.0,""animals_in_shed_now"":0,""seeds_unplanted_now"":0,""seeds_unplanted_cost_now"":0.0},{""sell_dead_units"":201,""refused_buy_product"":1,""refused_buy_seed"":0,""refused_buy_animal"":0,""refused_hire"":0,""refused_buy_land"":0,""hire_paid"":5659,""sell_zero_fill"":19,""buy_zero_fill"":1,""sell_revenue"":140435.0,""total_spend"":30115.0,""shed_discarded_units"":32,""sold_units"":1557,""feed_no_wheat"":0,""feed_no_animal"":0,""feed_redundant"":0,""water_dead"":1,""harvest_dead"":6,""plant_dead"":0,""animals_escaped"":0,""escape_capital"":0.0,""escape_yield_units"":0,""escape_first_day"":-1,""animal_unfed_days"":62,""plants_dry"":1,""dry_seed_cost"":100.0,""dry_yield_units"":0,""dry_first_day"":21,""plant_unwatered_days"":385,""decay_units"":18,""plants_decayed"":18,""silent_loss_coins"":100.0,""silent_loss_units"":50,""dead_actions"":20,""move_dead"":0,""locked_dead"":0,""pickup_dead"":0,""drop_dead"":0,""place_dead"":2,""build_dead"":0,""dig_dead"":2,""fertilize_dead"":0,""collect_dead"":4,""care_dead"":5,""tile_cap_units"":9,""fertilizer_forgone"":14,""care_unfed"":58,""animal_shed_days"":0,""idle_tile_days"":63,""weed_tile_days"":1,""hand_pass_turns"":632,""farmer_pass_turns"":83,""phantom_hand_actions"":0,""sell_floor_units"":59,""hire_premium"":5377,""shed_units_now"":0,""shed_value_now"":0.0,""animals_in_shed_now"":0,""seeds_unplanted_now"":0,""seeds_unplanted_cost_now"":0.0}]}","{""opening_calls"":1,""opening_stock_ok"":1,""parent"":{""rescue"":{""planning_calls"":1,""accepted"":1,""changed_steps"":7,""aborted"":0,""shadow_declines"":0,""errors"":0,""max_planning_ms"":62.101500006974675},""fertilizer"":{""skips"":0,""covered"":0,""capped"":0,""errors"":0},""seed_budget"":{""cut_units"":0,""saved_cost"":0,""changed_turns"":0,""errors"":0}}}",
B1,B1,metav4,metav4,522609241,1,113621.0,113320.0,301.0,W,kagsim,3.818904,0,0,0,0,0,0,0,0,3d5abadf277ffbf26faf5853b80f902eec0bdb2b3d07a15179f8411eccf494e5,"[{""step"":0,""shops"":[]},{""step"":72,""shops"":[""YARN_STORE""]},{""step"":144,""shops"":[""YARN_STORE"",""BRUNCH_SPOT""]},{""step"":216,""shops"":[""YARN_STORE"",""BRUNCH_SPOT"",""ICE_CREAM_SHOP""]},{""step"":288,""shops"":[""YARN_STORE"",""BRUNCH_SPOT"",""ICE_CREAM_SHOP"",""ICE_CREAM_SHOP""]},{""step"":360,""shops"":[""YARN_STORE"",""BRUNCH_SPOT"",""ICE_CREAM_SHOP"",""ICE_CREAM_SHOP"",""BRUNCH_SPOT""]},{""step"":432,""shops"":[""YARN_STORE"",""BRUNCH_SPOT"",""ICE_CREAM_SHOP"",""ICE_CREAM_SHOP"",""BRUNCH_SPOT"",""BRUNCH_SPOT""]},{""step"":504,""shops"":[""YARN_STORE"",""BRUNCH_SPOT"",""ICE_CREAM_SHOP"",""ICE_CREAM_SHOP"",""BRUNCH_SPOT"",""BRUNCH_SPOT"",""FARMERS_MARKET""]},{""step"":576,""shops"":[""YARN_STORE"",""BRUNCH_SPOT"",""ICE_CREAM_SHOP"",""ICE_CREAM_SHOP"",""BRUNCH_SPOT"",""BRUNCH_SPOT"",""FARMERS_MARKET"",""BRUNCH_SPOT""]}]",experiments/round11_execution_20260924/track_b/market_kagsim/replays/B1/metav4/seed_522609241_seat_1.json.gz,ae34bc510228d8f5357ec4f808b4cadd94793d36ed8ecfc062d0923721f38529,b6553c296c556aff5b5e2d12b75618e505fa4d852afb5338414ac6d6e039cb02,9d63494603f88219857a3101d7dc19cc750ded04e5886732ee428580326967d9,0fe077cc65622d6f6828160d90b617595a4aa7ea188e4afc67bfee8e4d290c92,"{""players"":[{""sell_dead_units"":201,""refused_buy_product"":1,""refused_buy_seed"":0,""refused_buy_animal"":0,""refused_hire"":0,""refused_buy_land"":0,""hire_paid"":5659,""sell_zero_fill"":19,""buy_zero_fill"":1,""sell_revenue"":140435.0,""total_spend"":30115.0,""shed_discarded_units"":32,""sold_units"":1557,""feed_no_wheat"":0,""feed_no_animal"":0,""feed_redundant"":0,""water_dead"":1,""harvest_dead"":6,""plant_dead"":0,""animals_escaped"":0,""escape_capital"":0.0,""escape_yield_units"":0,""escape_first_day"":-1,""animal_unfed_days"":62,""plants_dry"":1,""dry_seed_cost"":100.0,""dry_yield_units"":0,""dry_first_day"":21,""plant_unwatered_days"":385,""decay_units"":18,""plants_decayed"":18,""silent_loss_coins"":100.0,""silent_loss_units"":50,""dead_actions"":20,""move_dead"":0,""locked_dead"":0,""pickup_dead"":0,""drop_dead"":0,""place_dead"":2,""build_dead"":0,""dig_dead"":2,""fertilize_dead"":0,""collect_dead"":4,""care_dead"":5,""tile_cap_units"":9,""fertilizer_forgone"":14,""care_unfed"":58,""animal_shed_days"":0,""idle_tile_days"":63,""weed_tile_days"":1,""hand_pass_turns"":632,""farmer_pass_turns"":83,""phantom_hand_actions"":0,""sell_floor_units"":59,""hire_premium"":5377,""shed_units_now"":0,""shed_value_now"":0.0,""animals_in_shed_now"":0,""seeds_unplanted_now"":0,""seeds_unplanted_cost_now"":0.0},{""sell_dead_units"":197,""refused_buy_product"":1,""refused_buy_seed"":0,""refused_buy_animal"":0,""refused_hire"":0,""refused_buy_land"":0,""hire_paid"":5659,""sell_zero_fill"":19,""buy_zero_fill"":1,""sell_revenue"":140361.0,""total_spend"":29740.0,""shed_discarded_units"":32,""sold_units"":1549,""feed_no_wheat"":0,""feed_no_animal"":0,""feed_redundant"":0,""water_dead"":1,""harvest_dead"":4,""plant_dead"":0,""animals_escaped"":0,""escape_capital"":0.0,""escape_yield_units"":0,""escape_first_day"":-1,""animal_unfed_days"":62,""plants_dry"":1,""dry_seed_cost"":100.0,""dry_yield_units"":0,""dry_first_day"":21,""plant_unwatered_days"":385,""decay_units"":18,""plants_decayed"":18,""silent_loss_coins"":100.0,""silent_loss_units"":50,""dead_actions"":17,""move_dead"":0,""locked_dead"":0,""pickup_dead"":0,""drop_dead"":0,""place_dead"":1,""build_dead"":0,""dig_dead"":2,""fertilize_dead"":0,""collect_dead"":4,""care_dead"":5,""tile_cap_units"":9,""fertilizer_forgone"":14,""care_unfed"":58,""animal_shed_days"":0,""idle_tile_days"":62,""weed_tile_days"":1,""hand_pass_turns"":616,""farmer_pass_turns"":83,""phantom_hand_actions"":0,""sell_floor_units"":62,""hire_premium"":5377,""shed_units_now"":0,""shed_value_now"":0.0,""animals_in_shed_now"":0,""seeds_unplanted_now"":0,""seeds_unplanted_cost_now"":0.0}]}","{""opening_calls"":1,""opening_stock_ok"":1,""parent"":{""rescue"":{""planning_calls"":1,""accepted"":1,""changed_steps"":7,""aborted"":0,""shadow_declines"":0,""errors"":0,""max_planning_ms"":73.5601000051247},""fertilizer"":{""skips"":0,""covered"":0,""capped"":0,""errors"":0},""seed_budget"":{""cut_units"":0,""saved_cost"":0,""changed_turns"":0,""errors"":0}}}",
B1,B1,metav4,metav4,522609242,0,117186.0,116295.0,891.0,W,kagsim,4.250138,0,0,0,0,0,0,0,0,cd945f271e647a2f5fc263c386808ef34a28435ba33f723a6ccd7112be4b1a7c,"[{""step"":0,""shops"":[]},{""step"":72,""shops"":[""SMOOTHIE_SHOP""]},{""step"":144,""shops"":[""SMOOTHIE_SHOP"",""SMOOTHIE_SHOP""]},{""step"":216,""shops"":[""SMOOTHIE_SHOP"",""SMOOTHIE_SHOP"",""BRUNCH_SPOT""]},{""step"":288,""shops"":[""SMOOTHIE_SHOP"",""SMOOTHIE_SHOP"",""BRUNCH_SPOT"",""BAKERY""]},{""step"":360,""shops"":[""SMOOTHIE_SHOP"",""SMOOTHIE_SHOP"",""BRUNCH_SPOT"",""BAKERY"",""YARN_STORE""]},{""step"":432,""shops"":[""SMOOTHIE_SHOP"",""SMOOTHIE_SHOP"",""BRUNCH_SPOT"",""BAKERY"",""YARN_STORE"",""ICE_CREAM_SHOP""]},{""step"":504,""shops"":[""SMOOTHIE_SHOP"",""SMOOTHIE_SHOP"",""BRUNCH_SPOT"",""BAKERY"",""YARN_STORE"",""ICE_CREAM_SHOP"",""BAKERY""]},{""step"":576,""shops"":[""SMOOTHIE_SHOP"",""SMOOTHIE_SHOP"",""BRUNCH_SPOT"",""BAKERY"",""YARN_STORE"",""ICE_CREAM_SHOP"",""BAKERY"",""FARMERS_MARKET""]}]",experiments/round11_execution_20260924/track_b/market_kagsim/replays/B1/metav4/seed_522609242_seat_0.json.gz,ba4889680252ac4ac3d61d82fb1e5445fdf357dbae7eafedf8b57a44761a384c,b6553c296c556aff5b5e2d12b75618e505fa4d852afb5338414ac6d6e039cb02,9d63494603f88219857a3101d7dc19cc750ded04e5886732ee428580326967d9,0fe077cc65622d6f6828160d90b617595a4aa7ea188e4afc67bfee8e4d290c92,"{""players"":[{""sell_dead_units"":219,""refused_buy_product"":1,""refused_buy_seed"":0,""refused_buy_animal"":0,""refused_hire"":0,""refused_buy_land"":0,""hire_paid"":4164,""sell_zero_fill"":40,""buy_zero_fill"":1,""sell_revenue"":141614.0,""total_spend"":27428.0,""shed_discarded_units"":4,""sold_units"":1595,""feed_no_wheat"":0,""feed_no_animal"":0,""feed_redundant"":0,""water_dead"":11,""harvest_dead"":4,""plant_dead"":0,""animals_escaped"":0,""escape_capital"":0.0,""escape_yield_units"":0,""escape_first_day"":-1,""animal_unfed_days"":42,""plants_dry"":1,""dry_seed_cost"":100.0,""dry_yield_units"":0,""dry_first_day"":21,""plant_unwatered_days"":392,""decay_units"":18,""plants_decayed"":18,""silent_loss_coins"":100.0,""silent_loss_units"":22,""dead_actions"":41,""move_dead"":0,""locked_dead"":0,""pickup_dead"":0,""drop_dead"":0,""place_dead"":1,""build_dead"":0,""dig_dead"":3,""fertilize_dead"":1,""collect_dead"":8,""care_dead"":13,""tile_cap_units"":19,""fertilizer_forgone"":19,""care_unfed"":37,""animal_shed_days"":1,""idle_tile_days"":63,""weed_tile_days"":1,""hand_pass_turns"":363,""farmer_pass_turns"":61,""phantom_hand_actions"":0,""sell_floor_units"":20,""hire_premium"":3898,""shed_units_now"":0,""shed_value_now"":0.0,""animals_in_shed_now"":0,""seeds_unplanted_now"":1,""seeds_unplanted_cost_now"":10.0},{""sell_dead_units"":194,""refused_buy_product"":1,""refused_buy_seed"":0,""refused_buy_animal"":0,""refused_hire"":0,""refused_buy_land"":0,""hire_paid"":4164,""sell_zero_fill"":37,""buy_zero_fill"":1,""sell_revenue"":141183.0,""total_spend"":27888.0,""shed_discarded_units"":3,""sold_units"":1604,""feed_no_wheat"":0,""feed_no_animal"":0,""feed_redundant"":0,""water_dead"":11,""harvest_dead"":4,""plant_dead"":0,""animals_escaped"":0,""escape_capital"":0.0,""escape_yield_units"":0,""escape_first_day"":-1,""animal_unfed_days"":42,""plants_dry"":1,""dry_seed_cost"":100.0,""dry_yield_units"":0,""dry_first_day"":21,""plant_unwatered_days"":392,""decay_units"":18,""plants_decayed"":18,""silent_loss_coins"":100.0,""silent_loss_units"":21,""dead_actions"":42,""move_dead"":0,""locked_dead"":0,""pickup_dead"":0,""drop_dead"":0,""place_dead"":1,""build_dead"":0,""dig_dead"":3,""fertilize_dead"":2,""collect_dead"":8,""care_dead"":13,""tile_cap_units"":20,""fertilizer_forgone"":19,""care_unfed"":37,""animal_shed_days"":1,""idle_tile_days"":64,""weed_tile_days"":1,""hand_pass_turns"":378,""farmer_pass_turns"":60,""phantom_hand_actions"":0,""sell_floor_units"":21,""hire_premium"":3898,""shed_units_now"":0,""shed_value_now"":0.0,""animals_in_shed_now"":0,""seeds_unplanted_now"":1,""seeds_unplanted_cost_now"":10.0}]}","{""opening_calls"":1,""opening_stock_ok"":1,""parent"":{""rescue"":{""planning_calls"":1,""accepted"":1,""changed_steps"":6,""aborted"":0,""shadow_declines"":0,""errors"":0,""max_planning_ms"":67.9898999951547},""fertilizer"":{""skips"":3,""covered"":2,""capped"":1,""errors"":0},""seed_budget"":{""cut_units"":0,""saved_cost"":0,""changed_turns"":0,""errors"":0}}}",
B1,B1,metav4,metav4,522609242,1,117186.0,116295.0,891.0,W,kagsim,4.189655,0,0,0,0,0,0,0,0,cd945f271e647a2f5fc263c386808ef34a28435ba33f723a6ccd7112be4b1a7c,"[{""step"":0,""shops"":[]},{""step"":72,""shops"":[""SMOOTHIE_SHOP""]},{""step"":144,""shops"":[""SMOOTHIE_SHOP"",""SMOOTHIE_SHOP""]},{""step"":216,""shops"":[""SMOOTHIE_SHOP"",""SMOOTHIE_SHOP"",""BRUNCH_SPOT""]},{""step"":288,""shops"":[""SMOOTHIE_SHOP"",""SMOOTHIE_SHOP"",""BRUNCH_SPOT"",""BAKERY""]},{""step"":360,""shops"":[""SMOOTHIE_SHOP"",""SMOOTHIE_SHOP"",""BRUNCH_SPOT"",""BAKERY"",""YARN_STORE""]},{""step"":432,""shops"":[""SMOOTHIE_SHOP"",""SMOOTHIE_SHOP"",""BRUNCH_SPOT"",""BAKERY"",""YARN_STORE"",""ICE_CREAM_SHOP""]},{""step"":504,""shops"":[""SMOOTHIE_SHOP"",""SMOOTHIE_SHOP"",""BRUNCH_SPOT"",""BAKERY"",""YARN_STORE"",""ICE_CREAM_SHOP"",""BAKERY""]},{""step"":576,""shops"":[""SMOOTHIE_SHOP"",""SMOOTHIE_SHOP"",""BRUNCH_SPOT"",""BAKERY"",""YARN_STORE"",""ICE_CREAM_SHOP"",""BAKERY"",""FARMERS_MARKET""]}]",experiments/round11_execution_20260924/track_b/market_kagsim/replays/B1/metav4/seed_522609242_seat_1.json.gz,b1a6ce4b83939d0533259bce5bd47f557adae3067f818c9307e889aaf8619e4a,b6553c296c556aff5b5e2d12b75618e505fa4d852afb5338414ac6d6e039cb02,9d63494603f88219857a3101d7dc19cc750ded04e5886732ee428580326967d9,0fe077cc65622d6f6828160d90b617595a4aa7ea188e4afc67bfee8e4d290c92,"{""players"":[{""sell_dead_units"":194,""refused_buy_product"":1,""refused_buy_seed"":0,""refused_buy_animal"":0,""refused_hire"":0,""refused_buy_land"":0,""hire_paid"":4164,""sell_zero_fill"":37,""buy_zero_fill"":1,""sell_revenue"":141183.0,""total_spend"":27888.0,""shed_discarded_units"":3,""sold_units"":1604,""feed_no_wheat"":0,""feed_no_animal"":0,""feed_redundant"":0,""water_dead"":11,""harvest_dead"":4,""plant_dead"":0,""animals_escaped"":0,""escape_capital"":0.0,""escape_yield_units"":0,""escape_first_day"":-1,""animal_unfed_days"":42,""plants_dry"":1,""dry_seed_cost"":100.0,""dry_yield_units"":0,""dry_first_day"":21,""plant_unwatered_days"":392,""decay_units"":18,""plants_decayed"":18,""silent_loss_coins"":100.0,""silent_loss_units"":21,""dead_actions"":42,""move_dead"":0,""locked_dead"":0,""pickup_dead"":0,""drop_dead"":0,""place_dead"":1,""build_dead"":0,""dig_dead"":3,""fertilize_dead"":2,""collect_dead"":8,""care_dead"":13,""tile_cap_units"":20,""fertilizer_forgone"":19,""care_unfed"":37,""animal_shed_days"":1,""idle_tile_days"":64,""weed_tile_days"":1,""hand_pass_turns"":378,""farmer_pass_turns"":60,""phantom_hand_actions"":0,""sell_floor_units"":21,""hire_premium"":3898,""shed_units_now"":0,""shed_value_now"":0.0,""animals_in_shed_now"":0,""seeds_unplanted_now"":1,""seeds_unplanted_cost_now"":10.0},{""sell_dead_units"":219,""refused_buy_product"":1,""refused_buy_seed"":0,""refused_buy_animal"":0,""refused_hire"":0,""refused_buy_land"":0,""hire_paid"":4164,""sell_zero_fill"":40,""buy_zero_fill"":1,""sell_revenue"":141614.0,""total_spend"":27428.0,""shed_discarded_units"":4,""sold_units"":1595,""feed_no_wheat"":0,""feed_no_animal"":0,""feed_redundant"":0,""water_dead"":11,""harvest_dead"":4,""plant_dead"":0,""animals_escaped"":0,""escape_capital"":0.0,""escape_yield_units"":0,""escape_first_day"":-1,""animal_unfed_days"":42,""plants_dry"":1,""dry_seed_cost"":100.0,""dry_yield_units"":0,""dry_first_day"":21,""plant_unwatered_days"":392,""decay_units"":18,""plants_decayed"":18,""silent_loss_coins"":100.0,""silent_loss_units"":22,""dead_actions"":41,""move_dead"":0,""locked_dead"":0,""pickup_dead"":0,""drop_dead"":0,""place_dead"":1,""build_dead"":0,""dig_dead"":3,""fertilize_dead"":1,""collect_dead"":8,""care_dead"":13,""tile_cap_units"":19,""fertilizer_forgone"":19,""care_unfed"":37,""animal_shed_days"":1,""idle_tile_days"":63,""weed_tile_days"":1,""hand_pass_turns"":363,""farmer_pass_turns"":61,""phantom_hand_actions"":0,""sell_floor_units"":20,""hire_premium"":3898,""shed_units_now"":0,""shed_value_now"":0.0,""animals_in_shed_now"":0,""seeds_unplanted_now"":1,""seeds_unplanted_cost_now"":10.0}]}","{""opening_calls"":1,""opening_stock_ok"":1,""parent"":{""rescue"":{""planning_calls"":1,""accepted"":1,""changed_steps"":6,""aborted"":0,""shadow_declines"":0,""errors"":0,""max_planning_ms"":79.07260001229588},""fertilizer"":{""skips"":3,""covered"":2,""capped"":1,""errors"":0},""seed_budget"":{""cut_units"":0,""saved_cost"":0,""changed_turns"":0,""errors"":0}}}",
B1,B1,metav4,metav4,522609243,0,110289.0,110646.0,-357.0,L,kagsim,3.858895,0,0,0,0,0,0,0,0,499deac3e55076604cbfd1119bcc7d2b0dc4084111ee7286f71d9cd238ef4c7b,"[{""step"":0,""shops"":[]},{""step"":72,""shops"":[""BRUNCH_SPOT""]},{""step"":144,""shops"":[""BRUNCH_SPOT"",""ICE_CREAM_SHOP""]},{""step"":216,""shops"":[""BRUNCH_SPOT"",""ICE_CREAM_SHOP"",""FARMERS_MARKET""]},{""step"":288,""shops"":[""BRUNCH_SPOT"",""ICE_CREAM_SHOP"",""FARMERS_MARKET"",""ICE_CREAM_SHOP""]},{""step"":360,""shops"":[""BRUNCH_SPOT"",""ICE_CREAM_SHOP"",""FARMERS_MARKET"",""ICE_CREAM_SHOP"",""PIZZA_SHOP""]},{""step"":432,""shops"":[""BRUNCH_SPOT"",""ICE_CREAM_SHOP"",""FARMERS_MARKET"",""ICE_CREAM_SHOP"",""PIZZA_SHOP"",""FARMERS_MARKET""]},{""step"":504,""shops"":[""BRUNCH_SPOT"",""ICE_CREAM_SHOP"",""FARMERS_MARKET"",""ICE_CREAM_SHOP"",""PIZZA_SHOP"",""FARMERS_MARKET"",""BRUNCH_SPOT""]},{""step"":576,""shops"":[""BRUNCH_SPOT"",""ICE_CREAM_SHOP"",""FARMERS_MARKET"",""ICE_CREAM_SHOP"",""PIZZA_SHOP"",""FARMERS_MARKET"",""BRUNCH_SPOT"",""FARMERS_MARKET""]}]",experiments/round11_execution_20260924/track_b/market_kagsim/replays/B1/metav4/seed_522609243_seat_0.json.gz,2efee6a69f68bc00cd4e33e8338f860548df128147b6d5163015362d97a220e9,b6553c296c556aff5b5e2d12b75618e505fa4d852afb5338414ac6d6e039cb02,9d63494603f88219857a3101d7dc19cc750ded04e5886732ee428580326967d9,0fe077cc65622d6f6828160d90b617595a4aa7ea188e4afc67bfee8e4d290c92,"{""players"":[{""sell_dead_units"":215,""refused_buy_product"":1,""refused_buy_seed"":0,""refused_buy_animal"":0,""refused_hire"":0,""refused_buy_land"":0,""hire_paid"":4397,""sell_zero_fill"":34,""buy_zero_fill"":1,""sell_revenue"":136004.0,""total_spend"":28715.0,""shed_discarded_units"":4,""sold_units"":1597,""feed_no_wheat"":0,""feed_no_animal"":0,""feed_redundant"":0,""water_dead"":10,""harvest_dead"":3,""plant_dead"":0,""animals_escaped"":0,""escape_capital"":0.0,""escape_yield_units"":0,""escape_first_day"":-1,""animal_unfed_days"":85,""plants_dry"":1,""dry_seed_cost"":100.0,""dry_yield_units"":0,""dry_first_day"":21,""plant_unwatered_days"":391,""decay_units"":18,""plants_decayed"":18,""silent_loss_coins"":100.0,""silent_loss_units"":22,""dead_actions"":40,""move_dead"":0,""locked_dead"":0,""pickup_dead"":0,""drop_dead"":0,""place_dead"":1,""build_dead"":0,""dig_dead"":4,""fertilize_dead"":1,""collect_dead"":8,""care_dead"":13,""tile_cap_units"":21,""fertilizer_forgone"":19,""care_unfed"":80,""animal_shed_days"":1,""idle_tile_days"":63,""weed_tile_days"":1,""hand_pass_turns"":406,""farmer_pass_turns"":67,""phantom_hand_actions"":0,""sell_floor_units"":56,""hire_premium"":4129,""shed_units_now"":0,""shed_value_now"":0.0,""animals_in_shed_now"":0,""seeds_unplanted_now"":1,""seeds_unplanted_cost_now"":10.0},{""sell_dead_units"":190,""refused_buy_product"":1,""refused_buy_seed"":0,""refused_buy_animal"":0,""refused_hire"":0,""refused_buy_land"":0,""hire_paid"":7557,""sell_zero_fill"":34,""buy_zero_fill"":1,""sell_revenue"":144652.0,""total_spend"":37006.0,""shed_discarded_units"":1,""sold_units"":1663,""feed_no_wheat"":0,""feed_no_animal"":0,""feed_redundant"":0,""water_dead"":10,""harvest_dead"":3,""plant_dead"":0,""animals_escaped"":0,""escape_capital"":0.0,""escape_yield_units"":0,""escape_first_day"":-1,""animal_unfed_days"":85,""plants_dry"":1,""dry_seed_cost"":100.0,""dry_yield_units"":0,""dry_first_day"":21,""plant_unwatered_days"":421,""decay_units"":18,""plants_decayed"":18,""silent_loss_coins"":100.0,""silent_loss_units"":19,""dead_actions"":41,""move_dead"":0,""locked_dead"":0,""pickup_dead"":0,""drop_dead"":0,""place_dead"":1,""build_dead"":0,""dig_dead"":4,""fertilize_dead"":2,""collect_dead"":8,""care_dead"":13,""tile_cap_units"":21,""fertilizer_forgone"":19,""care_unfed"":80,""animal_shed_days"":1,""idle_tile_days"":229,""weed_tile_days"":18,""hand_pass_turns"":505,""farmer_pass_turns"":66,""phantom_hand_actions"":0,""sell_floor_units"":57,""hire_premium"":7273,""shed_units_now"":0,""shed_value_now"":0.0,""animals_in_shed_now"":0,""seeds_unplanted_now"":1,""seeds_unplanted_cost_now"":10.0}]}","{""opening_calls"":1,""opening_stock_ok"":1,""parent"":{""rescue"":{""planning_calls"":1,""accepted"":1,""changed_steps"":6,""aborted"":0,""shadow_declines"":0,""errors"":0,""max_planning_ms"":73.89869999315124},""fertilizer"":{""skips"":4,""covered"":3,""capped"":1,""errors"":0},""seed_budget"":{""cut_units"":0,""saved_cost"":0,""changed_turns"":0,""errors"":0}}}",
B1,B1,metav4,metav4,522609243,1,110289.0,110646.0,-357.0,L,kagsim,3.52029,0,0,0,0,0,0,0,0,499deac3e55076604cbfd1119bcc7d2b0dc4084111ee7286f71d9cd238ef4c7b,"[{""step"":0,""shops"":[]},{""step"":72,""shops"":[""BRUNCH_SPOT""]},{""step"":144,""shops"":[""BRUNCH_SPOT"",""ICE_CREAM_SHOP""]},{""step"":216,""shops"":[""BRUNCH_SPOT"",""ICE_CREAM_SHOP"",""FARMERS_MARKET""]},{""step"":288,""shops"":[""BRUNCH_SPOT"",""ICE_CREAM_SHOP"",""FARMERS_MARKET"",""ICE_CREAM_SHOP""]},{""step"":360,""shops"":[""BRUNCH_SPOT"",""ICE_CREAM_SHOP"",""FARMERS_MARKET"",""ICE_CREAM_SHOP"",""PIZZA_SHOP""]},{""step"":432,""shops"":[""BRUNCH_SPOT"",""ICE_CREAM_SHOP"",""FARMERS_MARKET"",""ICE_CREAM_SHOP"",""PIZZA_SHOP"",""FARMERS_MARKET""]},{""step"":504,""shops"":[""BRUNCH_SPOT"",""ICE_CREAM_SHOP"",""FARMERS_MARKET"",""ICE_CREAM_SHOP"",""PIZZA_SHOP"",""FARMERS_MARKET"",""BRUNCH_SPOT""]},{""step"":576,""shops"":[""BRUNCH_SPOT"",""ICE_CREAM_SHOP"",""FARMERS_MARKET"",""ICE_CREAM_SHOP"",""PIZZA_SHOP"",""FARMERS_MARKET"",""BRUNCH_SPOT"",""FARMERS_MARKET""]}]",experiments/round11_execution_20260924/track_b/market_kagsim/replays/B1/metav4/seed_522609243_seat_1.json.gz,c757c89aba0474c4a078d8499317cbe2d2e2449c130c75703ad7012eaf9ae9f0,b6553c296c556aff5b5e2d12b75618e505fa4d852afb5338414ac6d6e039cb02,9d63494603f88219857a3101d7dc19cc750ded04e5886732ee428580326967d9,0fe077cc65622d6f6828160d90b617595a4aa7ea188e4afc67bfee8e4d290c92,"{""players"":[{""sell_dead_units"":190,""refused_buy_product"":1,""refused_buy_seed"":0,""refused_buy_animal"":0,""refused_hire"":0,""refused_buy_land"":0,""hire_paid"":7557,""sell_zero_fill"":34,""buy_zero_fill"":1,""sell_revenue"":144652.0,""total_spend"":37006.0,""shed_discarded_units"":1,""sold_units"":1663,""feed_no_wheat"":0,""feed_no_animal"":0,""feed_redundant"":0,""water_dead"":10,""harvest_dead"":3,""plant_dead"":0,""animals_escaped"":0,""escape_capital"":0.0,""escape_yield_units"":0,""escape_first_day"":-1,""animal_unfed_days"":85,""plants_dry"":1,""dry_seed_cost"":100.0,""dry_yield_units"":0,""dry_first_day"":21,""plant_unwatered_days"":421,""decay_units"":18,""plants_decayed"":18,""silent_loss_coins"":100.0,""silent_loss_units"":19,""dead_actions"":41,""move_dead"":0,""locked_dead"":0,""pickup_dead"":0,""drop_dead"":0,""place_dead"":1,""build_dead"":0,""dig_dead"":4,""fertilize_dead"":2,""collect_dead"":8,""care_dead"":13,""tile_cap_units"":21,""fertilizer_forgone"":19,""care_unfed"":80,""animal_shed_days"":1,""idle_tile_days"":229,""weed_tile_days"":18,""hand_pass_turns"":505,""farmer_pass_turns"":66,""phantom_hand_actions"":0,""sell_floor_units"":57,""hire_premium"":7273,""shed_units_now"":0,""shed_value_now"":0.0,""animals_in_shed_now"":0,""seeds_unplanted_now"":1,""seeds_unplanted_cost_now"":10.0},{""sell_dead_units"":215,""refused_buy_product"":1,""refused_buy_seed"":0,""refused_buy_animal"":0,""refused_hire"":0,""refused_buy_land"":0,""hire_paid"":4397,""sell_zero_fill"":34,""buy_zero_fill"":1,""sell_revenue"":136004.0,""total_spend"":28715.0,""shed_discarded_units"":4,""sold_units"":1597,""feed_no_wheat"":0,""feed_no_animal"":0,""feed_redundant"":0,""water_dead"":10,""harvest_dead"":3,""plant_dead"":0,""animals_escaped"":0,""escape_capital"":0.0,""escape_yield_units"":0,""escape_first_day"":-1,""animal_unfed_days"":85,""plants_dry"":1,""dry_seed_cost"":100.0,""dry_yield_units"":0,""dry_first_day"":21,""plant_unwatered_days"":391,""decay_units"":18,""plants_decayed"":18,""silent_loss_coins"":100.0,""silent_loss_units"":22,""dead_actions"":40,""move_dead"":0,""locked_dead"":0,""pickup_dead"":0,""drop_dead"":0,""place_dead"":1,""build_dead"":0,""dig_dead"":4,""fertilize_dead"":1,""collect_dead"":8,""care_dead"":13,""tile_cap_units"":21,""fertilizer_forgone"":19,""care_unfed"":80,""animal_shed_days"":1,""idle_tile_days"":63,""weed_tile_days"":1,""hand_pass_turns"":406,""farmer_pass_turns"":67,""phantom_hand_actions"":0,""sell_floor_units"":56,""hire_premium"":4129,""shed_units_now"":0,""shed_value_now"":0.0,""animals_in_shed_now"":0,""seeds_unplanted_now"":1,""seeds_unplanted_cost_now"":10.0}]}","{""opening_calls"":1,""opening_stock_ok"":1,""parent"":{""rescue"":{""planning_calls"":1,""accepted"":1,""changed_steps"":6,""aborted"":0,""shadow_declines"":0,""errors"":0,""max_planning_ms"":75.19430000684224},""fertilizer"":{""skips"":4,""covered"":3,""capped"":1,""errors"":0},""seed_budget"":{""cut_units"":0,""saved_cost"":0,""changed_turns"":0,""errors"":0}}}",
B1,B1,metav4,metav4,522609244,0,85229.0,84961.0,268.0,W,kagsim,4.078267,0,0,0,0,0,0,0,0,29ae70298aff5372b49961180210c77419a07c48f2304c46e4887e3408b3f36c,"[{""step"":0,""shops"":[]},{""step"":72,""shops"":[""BAKERY""]},{""step"":144,""shops"":[""BAKERY"",""FARMERS_MARKET""]},{""step"":216,""shops"":[""BAKERY"",""FARMERS_MARKET"",""BRUNCH_SPOT""]},{""step"":288,""shops"":[""BAKERY"",""FARMERS_MARKET"",""BRUNCH_SPOT"",""YARN_STORE""]},{""step"":360,""shops"":[""BAKERY"",""FARMERS_MARKET"",""BRUNCH_SPOT"",""YARN_STORE"",""FARMERS_MARKET""]},{""step"":432,""shops"":[""BAKERY"",""FARMERS_MARKET"",""BRUNCH_SPOT"",""YARN_STORE"",""FARMERS_MARKET"",""BAKERY""]},{""step"":504,""shops"":[""BAKERY"",""FARMERS_MARKET"",""BRUNCH_SPOT"",""YARN_STORE"",""FARMERS_MARKET"",""BAKERY"",""BRUNCH_SPOT""]},{""step"":576,""shops"":[""BAKERY"",""FARMERS_MARKET"",""BRUNCH_SPOT"",""YARN_STORE"",""FARMERS_MARKET"",""BAKERY"",""BRUNCH_SPOT"",""ICE_CREAM_SHOP""]}]",experiments/round11_execution_20260924/track_b/market_kagsim/replays/B1/metav4/seed_522609244_seat_0.json.gz,acd8b3ecca15b00a7a6454924f2635e1e86cf2e77cf48443605698a5035908c7,b6553c296c556aff5b5e2d12b75618e505fa4d852afb5338414ac6d6e039cb02,9d63494603f88219857a3101d7dc19cc750ded04e5886732ee428580326967d9,0fe077cc65622d6f6828160d90b617595a4aa7ea188e4afc67bfee8e4d290c92,"{""players"":[{""sell_dead_units"":2280,""refused_buy_product"":5,""refused_buy_seed"":0,""refused_buy_animal"":0,""refused_hire"":0,""refused_buy_land"":0,""hire_paid"":4397,""sell_zero_fill"":47,""buy_zero_fill"":1,""sell_revenue"":127497.0,""total_spend"":45268.0,""shed_discarded_units"":11,""sold_units"":2011,""feed_no_wheat"":0,""feed_no_animal"":0,""feed_redundant"":0,""water_dead"":12,""harvest_dead"":4,""plant_dead"":0,""animals_escaped"":0,""escape_capital"":0.0,""escape_yield_units"":0,""escape_first_day"":-1,""animal_unfed_days"":78,""plants_dry"":2,""dry_seed_cost"":120.0,""dry_yield_units"":1,""dry_first_day"":21,""plant_unwatered_days"":387,""decay_units"":18,""plants_decayed"":18,""silent_loss_coins"":120.0,""silent_loss_units"":30,""dead_actions"":47,""move_dead"":0,""locked_dead"":0,""pickup_dead"":0,""drop_dead"":0,""place_dead"":1,""build_dead"":0,""dig_dead"":2,""fertilize_dead"":1,""collect_dead"":3,""care_dead"":24,""tile_cap_units"":19,""fertilizer_forgone"":22,""care_unfed"":74,""animal_shed_days"":1,""idle_tile_days"":64,""weed_tile_days"":2,""hand_pass_turns"":368,""farmer_pass_turns"":64,""phantom_hand_actions"":0,""sell_floor_units"":84,""hire_premium"":4129,""shed_units_now"":0,""shed_value_now"":0.0,""animals_in_shed_now"":0,""seeds_unplanted_now"":3,""seeds_unplanted_cost_now"":30.0},{""sell_dead_units"":283,""refused_buy_product"":5,""refused_buy_seed"":0,""refused_buy_animal"":0,""refused_hire"":0,""refused_buy_land"":0,""hire_paid"":4397,""sell_zero_fill"":45,""buy_zero_fill"":1,""sell_revenue"":127725.0,""total_spend"":45764.0,""shed_discarded_units"":8,""sold_units"":2022,""feed_no_wheat"":0,""feed_no_animal"":0,""feed_redundant"":0,""water_dead"":13,""harvest_dead"":5,""plant_dead"":0,""animals_escaped"":0,""escape_capital"":0.0,""escape_yield_units"":0,""escape_first_day"":-1,""animal_unfed_days"":78,""plants_dry"":2,""dry_seed_cost"":120.0,""dry_yield_units"":1,""dry_first_day"":21,""plant_unwatered_days"":386,""decay_units"":18,""plants_decayed"":18,""silent_loss_coins"":120.0,""silent_loss_units"":27,""dead_actions"":50,""move_dead"":0,""locked_dead"":0,""pickup_dead"":0,""drop_dead"":0,""place_dead"":1,""build_dead"":0,""dig_dead"":2,""fertilize_dead"":2,""collect_dead"":3,""care_dead"":24,""tile_cap_units"":21,""fertilizer_forgone"":22,""care_unfed"":74,""animal_shed_days"":1,""idle_tile_days"":67,""weed_tile_days"":3,""hand_pass_turns"":383,""farmer_pass_turns"":64,""phantom_hand_actions"":0,""sell_floor_units"":86,""hire_premium"":4129,""shed_units_now"":0,""shed_value_now"":0.0,""animals_in_shed_now"":0,""seeds_unplanted_now"":2,""seeds_unplanted_cost_now"":20.0}]}","{""opening_calls"":1,""opening_stock_ok"":1,""parent"":{""rescue"":{""planning_calls"":1,""accepted"":1,""changed_steps"":7,""aborted"":0,""shadow_declines"":0,""errors"":0,""max_planning_ms"":82.44399999966845},""fertilizer"":{""skips"":3,""covered"":1,""capped"":2,""errors"":0},""seed_budget"":{""cut_units"":52,""saved_cost"":1040,""changed_turns"":10,""errors"":0}}}",
B1,B1,metav4,metav4,522609244,1,85149.0,85041.0,108.0,W,kagsim,3.992403,0,0,0,0,0,0,0,0,29ae70298aff5372b49961180210c77419a07c48f2304c46e4887e3408b3f36c,"[{""step"":0,""shops"":[]},{""step"":72,""shops"":[""BAKERY""]},{""step"":144,""shops"":[""BAKERY"",""FARMERS_MARKET""]},{""step"":216,""shops"":[""BAKERY"",""FARMERS_MARKET"",""BRUNCH_SPOT""]},{""step"":288,""shops"":[""BAKERY"",""FARMERS_MARKET"",""BRUNCH_SPOT"",""YARN_STORE""]},{""step"":360,""shops"":[""BAKERY"",""FARMERS_MARKET"",""BRUNCH_SPOT"",""YARN_STORE"",""FARMERS_MARKET""]},{""step"":432,""shops"":[""BAKERY"",""FARMERS_MARKET"",""BRUNCH_SPOT"",""YARN_STORE"",""FARMERS_MARKET"",""BAKERY""]},{""step"":504,""shops"":[""BAKERY"",""FARMERS_MARKET"",""BRUNCH_SPOT"",""YARN_STORE"",""FARMERS_MARKET"",""BAKERY"",""BRUNCH_SPOT""]},{""step"":576,""shops"":[""BAKERY"",""FARMERS_MARKET"",""BRUNCH_SPOT"",""YARN_STORE"",""FARMERS_MARKET"",""BAKERY"",""BRUNCH_SPOT"",""ICE_CREAM_SHOP""]}]",experiments/round11_execution_20260924/track_b/market_kagsim/replays/B1/metav4/seed_522609244_seat_1.json.gz,1cc7e934415788717161ce313458ce15cdfb37335350abf838ac600648bc4e05,b6553c296c556aff5b5e2d12b75618e505fa4d852afb5338414ac6d6e039cb02,9d63494603f88219857a3101d7dc19cc750ded04e5886732ee428580326967d9,0fe077cc65622d6f6828160d90b617595a4aa7ea188e4afc67bfee8e4d290c92,"{""players"":[{""sell_dead_units"":283,""refused_buy_product"":5,""refused_buy_seed"":0,""refused_buy_animal"":0,""refused_hire"":0,""refused_buy_land"":0,""hire_paid"":4397,""sell_zero_fill"":45,""buy_zero_fill"":1,""sell_revenue"":127725.0,""total_spend"":45684.0,""shed_discarded_units"":8,""sold_units"":2022,""feed_no_wheat"":0,""feed_no_animal"":0,""feed_redundant"":0,""water_dead"":12,""harvest_dead"":4,""plant_dead"":0,""animals_escaped"":0,""escape_capital"":0.0,""escape_yield_units"":0,""escape_first_day"":-1,""animal_unfed_days"":78,""plants_dry"":2,""dry_seed_cost"":120.0,""dry_yield_units"":1,""dry_first_day"":21,""plant_unwatered_days"":387,""decay_units"":18,""plants_decayed"":18,""silent_loss_coins"":120.0,""silent_loss_units"":27,""dead_actions"":48,""move_dead"":0,""locked_dead"":0,""pickup_dead"":0,""drop_dead"":0,""place_dead"":1,""build_dead"":0,""dig_dead"":2,""fertilize_dead"":2,""collect_dead"":3,""care_dead"":24,""tile_cap_units"":21,""fertilizer_forgone"":22,""care_unfed"":74,""animal_shed_days"":1,""idle_tile_days"":65,""weed_tile_days"":2,""hand_pass_turns"":382,""farmer_pass_turns"":64,""phantom_hand_actions"":0,""sell_floor_units"":86,""hire_premium"":4129,""shed_units_now"":0,""shed_value_now"":0.0,""animals_in_shed_now"":0,""seeds_unplanted_now"":1,""seeds_unplanted_cost_now"":10.0},{""sell_dead_units"":2280,""refused_buy_product"":5,""refused_buy_seed"":0,""refused_buy_animal"":0,""refused_hire"":0,""refused_buy_land"":0,""hire_paid"":4397,""sell_zero_fill"":47,""buy_zero_fill"":1,""sell_revenue"":127497.0,""total_spend"":45348.0,""shed_discarded_units"":11,""sold_units"":2011,""feed_no_wheat"":0,""feed_no_animal"":0,""feed_redundant"":0,""water_dead"":13,""harvest_dead"":5,""plant_dead"":0,""animals_escaped"":0,""escape_capital"":0.0,""escape_yield_units"":0,""escape_first_day"":-1,""animal_unfed_days"":78,""plants_dry"":2,""dry_seed_cost"":120.0,""dry_yield_units"":1,""dry_first_day"":21,""plant_unwatered_days"":386,""decay_units"":18,""plants_decayed"":18,""silent_loss_coins"":120.0,""silent_loss_units"":30,""dead_actions"":49,""move_dead"":0,""locked_dead"":0,""pickup_dead"":0,""drop_dead"":0,""place_dead"":1,""build_dead"":0,""dig_dead"":2,""fertilize_dead"":1,""collect_dead"":3,""care_dead"":24,""tile_cap_units"":19,""fertilizer_forgone"":22,""care_unfed"":74,""animal_shed_days"":1,""idle_tile_days"":66,""weed_tile_days"":3,""hand_pass_turns"":369,""farmer_pass_turns"":64,""phantom_hand_actions"":0,""sell_floor_units"":84,""hire_premium"":4129,""shed_units_now"":0,""shed_value_now"":0.0,""animals_in_shed_now"":0,""seeds_unplanted_now"":4,""seeds_unplanted_cost_now"":40.0}]}","{""opening_calls"":1,""opening_stock_ok"":1,""parent"":{""rescue"":{""planning_calls"":1,""accepted"":1,""changed_steps"":7,""aborted"":0,""shadow_declines"":0,""errors"":0,""max_planning_ms"":80.73219998914283},""fertilizer"":{""skips"":3,""covered"":1,""capped"":2,""errors"":0},""seed_budget"":{""cut_units"":52,""saved_cost"":1040,""changed_turns"":10,""errors"":0}}}",
B1,B1,order_book,order_book,522609241,0,113702.0,113692.0,10.0,W,kagsim,4.689751,0,0,0,0,0,0,0,0,3d5abadf277ffbf26faf5853b80f902eec0bdb2b3d07a15179f8411eccf494e5,"[{""step"":0,""shops"":[]},{""step"":72,""shops"":[""YARN_STORE""]},{""step"":144,""shops"":[""YARN_STORE"",""BRUNCH_SPOT""]},{""step"":216,""shops"":[""YARN_STORE"",""BRUNCH_SPOT"",""ICE_CREAM_SHOP""]},{""step"":288,""shops"":[""YARN_STORE"",""BRUNCH_SPOT"",""ICE_CREAM_SHOP"",""ICE_CREAM_SHOP""]},{""step"":360,""shops"":[""YARN_STORE"",""BRUNCH_SPOT"",""ICE_CREAM_SHOP"",""ICE_CREAM_SHOP"",""BRUNCH_SPOT""]},{""step"":432,""shops"":[""YARN_STORE"",""BRUNCH_SPOT"",""ICE_CREAM_SHOP"",""ICE_CREAM_SHOP"",""BRUNCH_SPOT"",""BRUNCH_SPOT""]},{""step"":504,""shops"":[""YARN_STORE"",""BRUNCH_SPOT"",""ICE_CREAM_SHOP"",""ICE_CREAM_SHOP"",""BRUNCH_SPOT"",""BRUNCH_SPOT"",""FARMERS_MARKET""]},{""step"":576,""shops"":[""YARN_STORE"",""BRUNCH_SPOT"",""ICE_CREAM_SHOP"",""ICE_CREAM_SHOP"",""BRUNCH_SPOT"",""BRUNCH_SPOT"",""FARMERS_MARKET"",""BRUNCH_SPOT""]}]",experiments/round11_execution_20260924/track_b/market_kagsim/replays/B1/order_book/seed_522609241_seat_0.json.gz,35bb192675aeadd16146abf086224a7f6c1fc288d90a75f9311b8ed066d33db1,b6553c296c556aff5b5e2d12b75618e505fa4d852afb5338414ac6d6e039cb02,a16e0e9b40c489972630a0b9d04f30e9c1cab03159fa78676db74277d84d82ab,0fe077cc65622d6f6828160d90b617595a4aa7ea188e4afc67bfee8e4d290c92,"{""players"":[{""sell_dead_units"":187,""refused_buy_product"":1,""refused_buy_seed"":0,""refused_buy_animal"":0,""refused_hire"":0,""refused_buy_land"":0,""hire_paid"":5659,""sell_zero_fill"":18,""buy_zero_fill"":1,""sell_revenue"":140431.0,""total_spend"":29729.0,""shed_discarded_units"":32,""sold_units"":1549,""feed_no_wheat"":0,""feed_no_animal"":0,""feed_redundant"":0,""water_dead"":1,""harvest_dead"":4,""plant_dead"":0,""animals_escaped"":0,""escape_capital"":0.0,""escape_yield_units"":0,""escape_first_day"":-1,""animal_unfed_days"":62,""plants_dry"":1,""dry_seed_cost"":100.0,""dry_yield_units"":0,""dry_first_day"":21,""plant_unwatered_days"":385,""decay_units"":18,""plants_decayed"":18,""silent_loss_coins"":100.0,""silent_loss_units"":50,""dead_actions"":17,""move_dead"":0,""locked_dead"":0,""pickup_dead"":0,""drop_dead"":0,""place_dead"":1,""build_dead"":0,""dig_dead"":2,""fertilize_dead"":0,""collect_dead"":4,""care_dead"":5,""tile_cap_units"":9,""fertilizer_forgone"":14,""care_unfed"":58,""animal_shed_days"":0,""idle_tile_days"":62,""weed_tile_days"":1,""hand_pass_turns"":616,""farmer_pass_turns"":83,""phantom_hand_actions"":0,""sell_floor_units"":63,""hire_premium"":5377,""shed_units_now"":0,""shed_value_now"":0.0,""animals_in_shed_now"":0,""seeds_unplanted_now"":0,""seeds_unplanted_cost_now"":0.0},{""sell_dead_units"":187,""refused_buy_product"":1,""refused_buy_seed"":0,""refused_buy_animal"":0,""refused_hire"":0,""refused_buy_land"":0,""hire_paid"":5659,""sell_zero_fill"":18,""buy_zero_fill"":1,""sell_revenue"":140777.0,""total_spend"":30085.0,""shed_discarded_units"":32,""sold_units"":1559,""feed_no_wheat"":0,""feed_no_animal"":0,""feed_redundant"":0,""water_dead"":1,""harvest_dead"":6,""plant_dead"":0,""animals_escaped"":0,""escape_capital"":0.0,""escape_yield_units"":0,""escape_first_day"":-1,""animal_unfed_days"":62,""plants_dry"":1,""dry_seed_cost"":100.0,""dry_yield_units"":0,""dry_first_day"":21,""plant_unwatered_days"":385,""decay_units"":18,""plants_decayed"":18,""silent_loss_coins"":100.0,""silent_loss_units"":50,""dead_actions"":20,""move_dead"":0,""locked_dead"":0,""pickup_dead"":0,""drop_dead"":0,""place_dead"":2,""build_dead"":0,""dig_dead"":2,""fertilize_dead"":0,""collect_dead"":4,""care_dead"":5,""tile_cap_units"":9,""fertilizer_forgone"":14,""care_unfed"":58,""animal_shed_days"":0,""idle_tile_days"":62,""weed_tile_days"":1,""hand_pass_turns"":615,""farmer_pass_turns"":83,""phantom_hand_actions"":0,""sell_floor_units"":61,""hire_premium"":5377,""shed_units_now"":0,""shed_value_now"":0.0,""animals_in_shed_now"":0,""seeds_unplanted_now"":0,""seeds_unplanted_cost_now"":0.0}]}","{""opening_calls"":1,""opening_stock_ok"":1,""parent"":{""rescue"":{""planning_calls"":1,""accepted"":1,""changed_steps"":7,""aborted"":0,""shadow_declines"":0,""errors"":0,""max_planning_ms"":82.72460001171567},""fertilizer"":{""skips"":0,""covered"":0,""capped"":0,""errors"":0},""seed_budget"":{""cut_units"":0,""saved_cost"":0,""changed_turns"":0,""errors"":0}}}",
B1,B1,order_book,order_book,522609241,1,113702.0,113692.0,10.0,W,kagsim,4.696572,0,0,0,0,0,0,0,0,3d5abadf277ffbf26faf5853b80f902eec0bdb2b3d07a15179f8411eccf494e5,"[{""step"":0,""shops"":[]},{""step"":72,""shops"":[""YARN_STORE""]},{""step"":144,""shops"":[""YARN_STORE"",""BRUNCH_SPOT""]},{""step"":216,""shops"":[""YARN_STORE"",""BRUNCH_SPOT"",""ICE_CREAM_SHOP""]},{""step"":288,""shops"":[""YARN_STORE"",""BRUNCH_SPOT"",""ICE_CREAM_SHOP"",""ICE_CREAM_SHOP""]},{""step"":360,""shops"":[""YARN_STORE"",""BRUNCH_SPOT"",""ICE_CREAM_SHOP"",""ICE_CREAM_SHOP"",""BRUNCH_SPOT""]},{""step"":432,""shops"":[""YARN_STORE"",""BRUNCH_SPOT"",""ICE_CREAM_SHOP"",""ICE_CREAM_SHOP"",""BRUNCH_SPOT"",""BRUNCH_SPOT""]},{""step"":504,""shops"":[""YARN_STORE"",""BRUNCH_SPOT"",""ICE_CREAM_SHOP"",""ICE_CREAM_SHOP"",""BRUNCH_SPOT"",""BRUNCH_SPOT"",""FARMERS_MARKET""]},{""step"":576,""shops"":[""YARN_STORE"",""BRUNCH_SPOT"",""ICE_CREAM_SHOP"",""ICE_CREAM_SHOP"",""BRUNCH_SPOT"",""BRUNCH_SPOT"",""FARMERS_MARKET"",""BRUNCH_SPOT""]}]",experiments/round11_execution_20260924/track_b/market_kagsim/replays/B1/order_book/seed_522609241_seat_1.json.gz,105d83a4ee47e2b765815a442b8e0370d9896d4ebd15f21b90ff6fc3c067236e,b6553c296c556aff5b5e2d12b75618e505fa4d852afb5338414ac6d6e039cb02,a16e0e9b40c489972630a0b9d04f30e9c1cab03159fa78676db74277d84d82ab,0fe077cc65622d6f6828160d90b617595a4aa7ea188e4afc67bfee8e4d290c92,"{""players"":[{""sell_dead_units"":187,""refused_buy_product"":1,""refused_buy_seed"":0,""refused_buy_animal"":0,""refused_hire"":0,""refused_buy_land"":0,""hire_paid"":5659,""sell_zero_fill"":18,""buy_zero_fill"":1,""sell_revenue"":140777.0,""total_spend"":30085.0,""shed_discarded_units"":32,""sold_units"":1559,""feed_no_wheat"":0,""feed_no_animal"":0,""feed_redundant"":0,""water_dead"":1,""harvest_dead"":6,""plant_dead"":0,""animals_escaped"":0,""escape_capital"":0.0,""escape_yield_units"":0,""escape_first_day"":-1,""animal_unfed_days"":62,""plants_dry"":1,""dry_seed_cost"":100.0,""dry_yield_units"":0,""dry_first_day"":21,""plant_unwatered_days"":385,""decay_units"":18,""plants_decayed"":18,""silent_loss_coins"":100.0,""silent_loss_units"":50,""dead_actions"":20,""move_dead"":0,""locked_dead"":0,""pickup_dead"":0,""drop_dead"":0,""place_dead"":2,""build_dead"":0,""dig_dead"":2,""fertilize_dead"":0,""collect_dead"":4,""care_dead"":5,""tile_cap_units"":9,""fertilizer_forgone"":14,""care_unfed"":58,""animal_shed_days"":0,""idle_tile_days"":62,""weed_tile_days"":1,""hand_pass_turns"":615,""farmer_pass_turns"":83,""phantom_hand_actions"":0,""sell_floor_units"":61,""hire_premium"":5377,""shed_units_now"":0,""shed_value_now"":0.0,""animals_in_shed_now"":0,""seeds_unplanted_now"":0,""seeds_unplanted_cost_now"":0.0},{""sell_dead_units"":187,""refused_buy_product"":1,""refused_buy_seed"":0,""refused_buy_animal"":0,""refused_hire"":0,""refused_buy_land"":0,""hire_paid"":5659,""sell_zero_fill"":18,""buy_zero_fill"":1,""sell_revenue"":140431.0,""total_spend"":29729.0,""shed_discarded_units"":32,""sold_units"":1549,""feed_no_wheat"":0,""feed_no_animal"":0,""feed_redundant"":0,""water_dead"":1,""harvest_dead"":4,""plant_dead"":0,""animals_escaped"":0,""escape_capital"":0.0,""escape_yield_units"":0,""escape_first_day"":-1,""animal_unfed_days"":62,""plants_dry"":1,""dry_seed_cost"":100.0,""dry_yield_units"":0,""dry_first_day"":21,""plant_unwatered_days"":385,""decay_units"":18,""plants_decayed"":18,""silent_loss_coins"":100.0,""silent_loss_units"":50,""dead_actions"":17,""move_dead"":0,""locked_dead"":0,""pickup_dead"":0,""drop_dead"":0,""place_dead"":1,""build_dead"":0,""dig_dead"":2,""fertilize_dead"":0,""collect_dead"":4,""care_dead"":5,""tile_cap_units"":9,""fertilizer_forgone"":14,""care_unfed"":58,""animal_shed_days"":0,""idle_tile_days"":62,""weed_tile_days"":1,""hand_pass_turns"":616,""farmer_pass_turns"":83,""phantom_hand_actions"":0,""sell_floor_units"":63,""hire_premium"":5377,""shed_units_now"":0,""shed_value_now"":0.0,""animals_in_shed_now"":0,""seeds_unplanted_now"":0,""seeds_unplanted_cost_now"":0.0}]}","{""opening_calls"":1,""opening_stock_ok"":1,""parent"":{""rescue"":{""planning_calls"":1,""accepted"":1,""changed_steps"":7,""aborted"":0,""shadow_declines"":0,""errors"":0,""max_planning_ms"":46.46260000299662},""fertilizer"":{""skips"":0,""covered"":0,""capped"":0,""errors"":0},""seed_budget"":{""cut_units"":0,""saved_cost"":0,""changed_turns"":0,""errors"":0}}}",
B1,B1,order_book,order_book,522609242,0,116834.0,116465.0,369.0,W,kagsim,4.505131,0,0,0,0,0,0,0,0,cd945f271e647a2f5fc263c386808ef34a28435ba33f723a6ccd7112be4b1a7c,"[{""step"":0,""shops"":[]},{""step"":72,""shops"":[""SMOOTHIE_SHOP""]},{""step"":144,""shops"":[""SMOOTHIE_SHOP"",""SMOOTHIE_SHOP""]},{""step"":216,""shops"":[""SMOOTHIE_SHOP"",""SMOOTHIE_SHOP"",""BRUNCH_SPOT""]},{""step"":288,""shops"":[""SMOOTHIE_SHOP"",""SMOOTHIE_SHOP"",""BRUNCH_SPOT"",""BAKERY""]},{""step"":360,""shops"":[""SMOOTHIE_SHOP"",""SMOOTHIE_SHOP"",""BRUNCH_SPOT"",""BAKERY"",""YARN_STORE""]},{""step"":432,""shops"":[""SMOOTHIE_SHOP"",""SMOOTHIE_SHOP"",""BRUNCH_SPOT"",""BAKERY"",""YARN_STORE"",""ICE_CREAM_SHOP""]},{""step"":504,""shops"":[""SMOOTHIE_SHOP"",""SMOOTHIE_SHOP"",""BRUNCH_SPOT"",""BAKERY"",""YARN_STORE"",""ICE_CREAM_SHOP"",""BAKERY""]},{""step"":576,""shops"":[""SMOOTHIE_SHOP"",""SMOOTHIE_SHOP"",""BRUNCH_SPOT"",""BAKERY"",""YARN_STORE"",""ICE_CREAM_SHOP"",""BAKERY"",""FARMERS_MARKET""]}]",experiments/round11_execution_20260924/track_b/market_kagsim/replays/B1/order_book/seed_522609242_seat_0.json.gz,a9309db70c56edc62adb8d01c441ba444e7d6d20ec05cafeaa19637280e13386,b6553c296c556aff5b5e2d12b75618e505fa4d852afb5338414ac6d6e039cb02,a16e0e9b40c489972630a0b9d04f30e9c1cab03159fa78676db74277d84d82ab,0fe077cc65622d6f6828160d90b617595a4aa7ea188e4afc67bfee8e4d290c92,"{""players"":[{""sell_dead_units"":219,""refused_buy_product"":1,""refused_buy_seed"":0,""refused_buy_animal"":0,""refused_hire"":0,""refused_buy_land"":0,""hire_paid"":4164,""sell_zero_fill"":40,""buy_zero_fill"":1,""sell_revenue"":141259.0,""total_spend"":27425.0,""shed_discarded_units"":4,""sold_units"":1595,""feed_no_wheat"":0,""feed_no_animal"":0,""feed_redundant"":0,""water_dead"":11,""harvest_dead"":4,""plant_dead"":0,""animals_escaped"":0,""escape_capital"":0.0,""escape_yield_units"":0,""escape_first_day"":-1,""animal_unfed_days"":42,""plants_dry"":1,""dry_seed_cost"":100.0,""dry_yield_units"":0,""dry_first_day"":21,""plant_unwatered_days"":392,""decay_units"":18,""plants_decayed"":18,""silent_loss_coins"":100.0,""silent_loss_units"":22,""dead_actions"":41,""move_dead"":0,""locked_dead"":0,""pickup_dead"":0,""drop_dead"":0,""place_dead"":1,""build_dead"":0,""dig_dead"":3,""fertilize_dead"":1,""collect_dead"":8,""care_dead"":13,""tile_cap_units"":19,""fertilizer_forgone"":19,""care_unfed"":37,""animal_shed_days"":1,""idle_tile_days"":63,""weed_tile_days"":1,""hand_pass_turns"":363,""farmer_pass_turns"":61,""phantom_hand_actions"":0,""sell_floor_units"":21,""hire_premium"":3898,""shed_units_now"":0,""shed_value_now"":0.0,""animals_in_shed_now"":0,""seeds_unplanted_now"":1,""seeds_unplanted_cost_now"":10.0},{""sell_dead_units"":205,""refused_buy_product"":1,""refused_buy_seed"":0,""refused_buy_animal"":0,""refused_hire"":0,""refused_buy_land"":0,""hire_paid"":4164,""sell_zero_fill"":38,""buy_zero_fill"":1,""sell_revenue"":141246.0,""total_spend"":27781.0,""shed_discarded_units"":3,""sold_units"":1604,""feed_no_wheat"":0,""feed_no_animal"":0,""feed_redundant"":0,""water_dead"":11,""harvest_dead"":4,""plant_dead"":0,""animals_escaped"":0,""escape_capital"":0.0,""escape_yield_units"":0,""escape_first_day"":-1,""animal_unfed_days"":42,""plants_dry"":1,""dry_seed_cost"":100.0,""dry_yield_units"":0,""dry_first_day"":21,""plant_unwatered_days"":392,""decay_units"":18,""plants_decayed"":18,""silent_loss_coins"":100.0,""silent_loss_units"":21,""dead_actions"":42,""move_dead"":0,""locked_dead"":0,""pickup_dead"":0,""drop_dead"":0,""place_dead"":1,""build_dead"":0,""dig_dead"":3,""fertilize_dead"":2,""collect_dead"":8,""care_dead"":13,""tile_cap_units"":20,""fertilizer_forgone"":19,""care_unfed"":37,""animal_shed_days"":1,""idle_tile_days"":63,""weed_tile_days"":1,""hand_pass_turns"":361,""farmer_pass_turns"":60,""phantom_hand_actions"":0,""sell_floor_units"":21,""hire_premium"":3898,""shed_units_now"":0,""shed_value_now"":0.0,""animals_in_shed_now"":0,""seeds_unplanted_now"":1,""seeds_unplanted_cost_now"":10.0}]}","{""opening_calls"":1,""opening_stock_ok"":1,""parent"":{""rescue"":{""planning_calls"":1,""accepted"":1,""changed_steps"":6,""aborted"":0,""shadow_declines"":0,""errors"":0,""max_planning_ms"":63.480700002401136},""fertilizer"":{""skips"":3,""covered"":2,""capped"":1,""errors"":0},""seed_budget"":{""cut_units"":0,""saved_cost"":0,""changed_turns"":0,""errors"":0}}}",
B1,B1,order_book,order_book,522609242,1,116834.0,116465.0,369.0,W,kagsim,4.620774,0,0,0,0,0,0,0,0,cd945f271e647a2f5fc263c386808ef34a28435ba33f723a6ccd7112be4b1a7c,"[{""step"":0,""shops"":[]},{""step"":72,""shops"":[""SMOOTHIE_SHOP""]},{""step"":144,""shops"":[""SMOOTHIE_SHOP"",""SMOOTHIE_SHOP""]},{""step"":216,""shops"":[""SMOOTHIE_SHOP"",""SMOOTHIE_SHOP"",""BRUNCH_SPOT""]},{""step"":288,""shops"":[""SMOOTHIE_SHOP"",""SMOOTHIE_SHOP"",""BRUNCH_SPOT"",""BAKERY""]},{""step"":360,""shops"":[""SMOOTHIE_SHOP"",""SMOOTHIE_SHOP"",""BRUNCH_SPOT"",""BAKERY"",""YARN_STORE""]},{""step"":432,""shops"":[""SMOOTHIE_SHOP"",""SMOOTHIE_SHOP"",""BRUNCH_SPOT"",""BAKERY"",""YARN_STORE"",""ICE_CREAM_SHOP""]},{""step"":504,""shops"":[""SMOOTHIE_SHOP"",""SMOOTHIE_SHOP"",""BRUNCH_SPOT"",""BAKERY"",""YARN_STORE"",""ICE_CREAM_SHOP"",""BAKERY""]},{""step"":576,""shops"":[""SMOOTHIE_SHOP"",""SMOOTHIE_SHOP"",""BRUNCH_SPOT"",""BAKERY"",""YARN_STORE"",""ICE_CREAM_SHOP"",""BAKERY"",""FARMERS_MARKET""]}]",experiments/round11_execution_20260924/track_b/market_kagsim/replays/B1/order_book/seed_522609242_seat_1.json.gz,122ddaccc8c96e9fe83e56de746bec2eb8def219a2813a254ff9a4edb64bcfb4,b6553c296c556aff5b5e2d12b75618e505fa4d852afb5338414ac6d6e039cb02,a16e0e9b40c489972630a0b9d04f30e9c1cab03159fa78676db74277d84d82ab,0fe077cc65622d6f6828160d90b617595a4aa7ea188e4afc67bfee8e4d290c92,"{""players"":[{""sell_dead_units"":205,""refused_buy_product"":1,""refused_buy_seed"":0,""refused_buy_animal"":0,""refused_hire"":0,""refused_buy_land"":0,""hire_paid"":4164,""sell_zero_fill"":38,""buy_zero_fill"":1,""sell_revenue"":141246.0,""total_spend"":27781.0,""shed_discarded_units"":3,""sold_units"":1604,""feed_no_wheat"":0,""feed_no_animal"":0,""feed_redundant"":0,""water_dead"":11,""harvest_dead"":4,""plant_dead"":0,""animals_escaped"":0,""escape_capital"":0.0,""escape_yield_units"":0,""escape_first_day"":-1,""animal_unfed_days"":42,""plants_dry"":1,""dry_seed_cost"":100.0,""dry_yield_units"":0,""dry_first_day"":21,""plant_unwatered_days"":392,""decay_units"":18,""plants_decayed"":18,""silent_loss_coins"":100.0,""silent_loss_units"":21,""dead_actions"":42,""move_dead"":0,""locked_dead"":0,""pickup_dead"":0,""drop_dead"":0,""place_dead"":1,""build_dead"":0,""dig_dead"":3,""fertilize_dead"":2,""collect_dead"":8,""care_dead"":13,""tile_cap_units"":20,""fertilizer_forgone"":19,""care_unfed"":37,""animal_shed_days"":1,""idle_tile_days"":63,""weed_tile_days"":1,""hand_pass_turns"":361,""farmer_pass_turns"":60,""phantom_hand_actions"":0,""sell_floor_units"":21,""hire_premium"":3898,""shed_units_now"":0,""shed_value_now"":0.0,""animals_in_shed_now"":0,""seeds_unplanted_now"":1,""seeds_unplanted_cost_now"":10.0},{""sell_dead_units"":219,""refused_buy_product"":1,""refused_buy_seed"":0,""refused_buy_animal"":0,""refused_hire"":0,""refused_buy_land"":0,""hire_paid"":4164,""sell_zero_fill"":40,""buy_zero_fill"":1,""sell_revenue"":141259.0,""total_spend"":27425.0,""shed_discarded_units"":4,""sold_units"":1595,""feed_no_wheat"":0,""feed_no_animal"":0,""feed_redundant"":0,""water_dead"":11,""harvest_dead"":4,""plant_dead"":0,""animals_escaped"":0,""escape_capital"":0.0,""escape_yield_units"":0,""escape_first_day"":-1,""animal_unfed_days"":42,""plants_dry"":1,""dry_seed_cost"":100.0,""dry_yield_units"":0,""dry_first_day"":21,""plant_unwatered_days"":392,""decay_units"":18,""plants_decayed"":18,""silent_loss_coins"":100.0,""silent_loss_units"":22,""dead_actions"":41,""move_dead"":0,""locked_dead"":0,""pickup_dead"":0,""drop_dead"":0,""place_dead"":1,""build_dead"":0,""dig_dead"":3,""fertilize_dead"":1,""collect_dead"":8,""care_dead"":13,""tile_cap_units"":19,""fertilizer_forgone"":19,""care_unfed"":37,""animal_shed_days"":1,""idle_tile_days"":63,""weed_tile_days"":1,""hand_pass_turns"":363,""farmer_pass_turns"":61,""phantom_hand_actions"":0,""sell_floor_units"":21,""hire_premium"":3898,""shed_units_now"":0,""shed_value_now"":0.0,""animals_in_shed_now"":0,""seeds_unplanted_now"":1,""seeds_unplanted_cost_now"":10.0}]}","{""opening_calls"":1,""opening_stock_ok"":1,""parent"":{""rescue"":{""planning_calls"":1,""accepted"":1,""changed_steps"":6,""aborted"":0,""shadow_declines"":0,""errors"":0,""max_planning_ms"":80.0695999932941},""fertilizer"":{""skips"":3,""covered"":2,""capped"":1,""errors"":0},""seed_budget"":{""cut_units"":0,""saved_cost"":0,""changed_turns"":0,""errors"":0}}}",
B1,B1,order_book,order_book,522609243,0,110308.0,109842.0,466.0,W,kagsim,4.35908,0,0,0,0,0,0,0,0,1d04709202fcf76383345d9e691360d89980e8b74a1a6a0b3b3159e5c4342665,"[{""step"":0,""shops"":[]},{""step"":72,""shops"":[""BRUNCH_SPOT""]},{""step"":144,""shops"":[""BRUNCH_SPOT"",""ICE_CREAM_SHOP""]},{""step"":216,""shops"":[""BRUNCH_SPOT"",""ICE_CREAM_SHOP"",""FARMERS_MARKET""]},{""step"":288,""shops"":[""BRUNCH_SPOT"",""ICE_CREAM_SHOP"",""FARMERS_MARKET"",""ICE_CREAM_SHOP""]},{""step"":360,""shops"":[""BRUNCH_SPOT"",""ICE_CREAM_SHOP"",""FARMERS_MARKET"",""ICE_CREAM_SHOP"",""PIZZA_SHOP""]},{""step"":432,""shops"":[""BRUNCH_SPOT"",""ICE_CREAM_SHOP"",""FARMERS_MARKET"",""ICE_CREAM_SHOP"",""PIZZA_SHOP"",""FARMERS_MARKET""]},{""step"":504,""shops"":[""BRUNCH_SPOT"",""ICE_CREAM_SHOP"",""FARMERS_MARKET"",""ICE_CREAM_SHOP"",""PIZZA_SHOP"",""FARMERS_MARKET"",""BAKERY""]},{""step"":576,""shops"":[""BRUNCH_SPOT"",""ICE_CREAM_SHOP"",""FARMERS_MARKET"",""ICE_CREAM_SHOP"",""PIZZA_SHOP"",""FARMERS_MARKET"",""BAKERY"",""PIZZA_SHOP""]}]",experiments/round11_execution_20260924/track_b/market_kagsim/replays/B1/order_book/seed_522609243_seat_0.json.gz,22dda5c905045cffae9d2a1a9d5674dfd8d51ca86a958989f713575abe4a41ae,b6553c296c556aff5b5e2d12b75618e505fa4d852afb5338414ac6d6e039cb02,a16e0e9b40c489972630a0b9d04f30e9c1cab03159fa78676db74277d84d82ab,0fe077cc65622d6f6828160d90b617595a4aa7ea188e4afc67bfee8e4d290c92,"{""players"":[{""sell_dead_units"":215,""refused_buy_product"":1,""refused_buy_seed"":0,""refused_buy_animal"":0,""refused_hire"":0,""refused_buy_land"":0,""hire_paid"":4397,""sell_zero_fill"":34,""buy_zero_fill"":1,""sell_revenue"":136034.0,""total_spend"":28726.0,""shed_discarded_units"":3,""sold_units"":1604,""feed_no_wheat"":0,""feed_no_animal"":0,""feed_redundant"":0,""water_dead"":10,""harvest_dead"":3,""plant_dead"":0,""animals_escaped"":0,""escape_capital"":0.0,""escape_yield_units"":0,""escape_first_day"":-1,""animal_unfed_days"":76,""plants_dry"":1,""dry_seed_cost"":100.0,""dry_yield_units"":0,""dry_first_day"":21,""plant_unwatered_days"":391,""decay_units"":18,""plants_decayed"":18,""silent_loss_coins"":100.0,""silent_loss_units"":21,""dead_actions"":40,""move_dead"":0,""locked_dead"":0,""pickup_dead"":0,""drop_dead"":0,""place_dead"":1,""build_dead"":0,""dig_dead"":4,""fertilize_dead"":1,""collect_dead"":8,""care_dead"":13,""tile_cap_units"":21,""fertilizer_forgone"":19,""care_unfed"":72,""animal_shed_days"":1,""idle_tile_days"":63,""weed_tile_days"":1,""hand_pass_turns"":397,""farmer_pass_turns"":67,""phantom_hand_actions"":0,""sell_floor_units"":54,""hire_premium"":4129,""shed_units_now"":0,""shed_value_now"":0.0,""animals_in_shed_now"":0,""seeds_unplanted_now"":1,""seeds_unplanted_cost_now"":10.0},{""sell_dead_units"":214,""refused_buy_product"":1,""refused_buy_seed"":0,""refused_buy_animal"":0,""refused_hire"":0,""refused_buy_land"":0,""hire_paid"":4397,""sell_zero_fill"":34,""buy_zero_fill"":1,""sell_revenue"":135924.0,""total_spend"":29082.0,""shed_discarded_units"":2,""sold_units"":1612,""feed_no_wheat"":0,""feed_no_animal"":0,""feed_redundant"":0,""water_dead"":10,""harvest_dead"":3,""plant_dead"":0,""animals_escaped"":0,""escape_capital"":0.0,""escape_yield_units"":0,""escape_first_day"":-1,""animal_unfed_days"":76,""plants_dry"":1,""dry_seed_cost"":100.0,""dry_yield_units"":0,""dry_first_day"":21,""plant_unwatered_days"":391,""decay_units"":18,""plants_decayed"":18,""silent_loss_coins"":100.0,""silent_loss_units"":20,""dead_actions"":41,""move_dead"":0,""locked_dead"":0,""pickup_dead"":0,""drop_dead"":0,""place_dead"":1,""build_dead"":0,""dig_dead"":4,""fertilize_dead"":2,""collect_dead"":8,""care_dead"":13,""tile_cap_units"":22,""fertilizer_forgone"":19,""care_unfed"":72,""animal_shed_days"":1,""idle_tile_days"":63,""weed_tile_days"":1,""hand_pass_turns"":394,""farmer_pass_turns"":66,""phantom_hand_actions"":0,""sell_floor_units"":54,""hire_premium"":4129,""shed_units_now"":0,""shed_value_now"":0.0,""animals_in_shed_now"":0,""seeds_unplanted_now"":1,""seeds_unplanted_cost_now"":10.0}]}","{""opening_calls"":1,""opening_stock_ok"":1,""parent"":{""rescue"":{""planning_calls"":1,""accepted"":1,""changed_steps"":6,""aborted"":0,""shadow_declines"":0,""errors"":0,""max_planning_ms"":71.13670000398997},""fertilizer"":{""skips"":4,""covered"":3,""capped"":1,""errors"":0},""seed_budget"":{""cut_units"":0,""saved_cost"":0,""changed_turns"":0,""errors"":0}}}",
B1,B1,order_book,order_book,522609243,1,110308.0,109842.0,466.0,W,kagsim,4.087626,0,0,0,0,0,0,0,0,1d04709202fcf76383345d9e691360d89980e8b74a1a6a0b3b3159e5c4342665,"[{""step"":0,""shops"":[]},{""step"":72,""shops"":[""BRUNCH_SPOT""]},{""step"":144,""shops"":[""BRUNCH_SPOT"",""ICE_CREAM_SHOP""]},{""step"":216,""shops"":[""BRUNCH_SPOT"",""ICE_CREAM_SHOP"",""FARMERS_MARKET""]},{""step"":288,""shops"":[""BRUNCH_SPOT"",""ICE_CREAM_SHOP"",""FARMERS_MARKET"",""ICE_CREAM_SHOP""]},{""step"":360,""shops"":[""BRUNCH_SPOT"",""ICE_CREAM_SHOP"",""FARMERS_MARKET"",""ICE_CREAM_SHOP"",""PIZZA_SHOP""]},{""step"":432,""shops"":[""BRUNCH_SPOT"",""ICE_CREAM_SHOP"",""FARMERS_MARKET"",""ICE_CREAM_SHOP"",""PIZZA_SHOP"",""FARMERS_MARKET""]},{""step"":504,""shops"":[""BRUNCH_SPOT"",""ICE_CREAM_SHOP"",""FARMERS_MARKET"",""ICE_CREAM_SHOP"",""PIZZA_SHOP"",""FARMERS_MARKET"",""BAKERY""]},{""step"":576,""shops"":[""BRUNCH_SPOT"",""ICE_CREAM_SHOP"",""FARMERS_MARKET"",""ICE_CREAM_SHOP"",""PIZZA_SHOP"",""FARMERS_MARKET"",""BAKERY"",""PIZZA_SHOP""]}]",experiments/round11_execution_20260924/track_b/market_kagsim/replays/B1/order_book/seed_522609243_seat_1.json.gz,59ae4436b9954e9acf0cde5192e56433334daf7d14526d0bfdada321b04fd867,b6553c296c556aff5b5e2d12b75618e505fa4d852afb5338414ac6d6e039cb02,a16e0e9b40c489972630a0b9d04f30e9c1cab03159fa78676db74277d84d82ab,0fe077cc65622d6f6828160d90b617595a4aa7ea188e4afc67bfee8e4d290c92,"{""players"":[{""sell_dead_units"":214,""refused_buy_product"":1,""refused_buy_seed"":0,""refused_buy_animal"":0,""refused_hire"":0,""refused_buy_land"":0,""hire_paid"":4397,""sell_zero_fill"":34,""buy_zero_fill"":1,""sell_revenue"":135924.0,""total_spend"":29082.0,""shed_discarded_units"":2,""sold_units"":1612,""feed_no_wheat"":0,""feed_no_animal"":0,""feed_redundant"":0,""water_dead"":10,""harvest_dead"":3,""plant_dead"":0,""animals_escaped"":0,""escape_capital"":0.0,""escape_yield_units"":0,""escape_first_day"":-1,""animal_unfed_days"":76,""plants_dry"":1,""dry_seed_cost"":100.0,""dry_yield_units"":0,""dry_first_day"":21,""plant_unwatered_days"":391,""decay_units"":18,""plants_decayed"":18,""silent_loss_coins"":100.0,""silent_loss_units"":20,""dead_actions"":41,""move_dead"":0,""locked_dead"":0,""pickup_dead"":0,""drop_dead"":0,""place_dead"":1,""build_dead"":0,""dig_dead"":4,""fertilize_dead"":2,""collect_dead"":8,""care_dead"":13,""tile_cap_units"":22,""fertilizer_forgone"":19,""care_unfed"":72,""animal_shed_days"":1,""idle_tile_days"":63,""weed_tile_days"":1,""hand_pass_turns"":394,""farmer_pass_turns"":66,""phantom_hand_actions"":0,""sell_floor_units"":54,""hire_premium"":4129,""shed_units_now"":0,""shed_value_now"":0.0,""animals_in_shed_now"":0,""seeds_unplanted_now"":1,""seeds_unplanted_cost_now"":10.0},{""sell_dead_units"":215,""refused_buy_product"":1,""refused_buy_seed"":0,""refused_buy_animal"":0,""refused_hire"":0,""refused_buy_land"":0,""hire_paid"":4397,""sell_zero_fill"":34,""buy_zero_fill"":1,""sell_revenue"":136034.0,""total_spend"":28726.0,""shed_discarded_units"":3,""sold_units"":1604,""feed_no_wheat"":0,""feed_no_animal"":0,""feed_redundant"":0,""water_dead"":10,""harvest_dead"":3,""plant_dead"":0,""animals_escaped"":0,""escape_capital"":0.0,""escape_yield_units"":0,""escape_first_day"":-1,""animal_unfed_days"":76,""plants_dry"":1,""dry_seed_cost"":100.0,""dry_yield_units"":0,""dry_first_day"":21,""plant_unwatered_days"":391,""decay_units"":18,""plants_decayed"":18,""silent_loss_coins"":100.0,""silent_loss_units"":21,""dead_actions"":40,""move_dead"":0,""locked_dead"":0,""pickup_dead"":0,""drop_dead"":0,""place_dead"":1,""build_dead"":0,""dig_dead"":4,""fertilize_dead"":1,""collect_dead"":8,""care_dead"":13,""tile_cap_units"":21,""fertilizer_forgone"":19,""care_unfed"":72,""animal_shed_days"":1,""idle_tile_days"":63,""weed_tile_days"":1,""hand_pass_turns"":397,""farmer_pass_turns"":67,""phantom_hand_actions"":0,""sell_floor_units"":54,""hire_premium"":4129,""shed_units_now"":0,""shed_value_now"":0.0,""animals_in_shed_now"":0,""seeds_unplanted_now"":1,""seeds_unplanted_cost_now"":10.0}]}","{""opening_calls"":1,""opening_stock_ok"":1,""parent"":{""rescue"":{""planning_calls"":1,""accepted"":1,""changed_steps"":6,""aborted"":0,""shadow_declines"":0,""errors"":0,""max_planning_ms"":61.07519999204669},""fertilizer"":{""skips"":4,""covered"":3,""capped"":1,""errors"":0},""seed_budget"":{""cut_units"":0,""saved_cost"":0,""changed_turns"":0,""errors"":0}}}",
B1,B1,order_book,order_book,522609244,0,85102.0,84888.0,214.0,W,kagsim,4.704139,0,0,0,0,0,0,0,0,29ae70298aff5372b49961180210c77419a07c48f2304c46e4887e3408b3f36c,"[{""step"":0,""shops"":[]},{""step"":72,""shops"":[""BAKERY""]},{""step"":144,""shops"":[""BAKERY"",""FARMERS_MARKET""]},{""step"":216,""shops"":[""BAKERY"",""FARMERS_MARKET"",""BRUNCH_SPOT""]},{""step"":288,""shops"":[""BAKERY"",""FARMERS_MARKET"",""BRUNCH_SPOT"",""YARN_STORE""]},{""step"":360,""shops"":[""BAKERY"",""FARMERS_MARKET"",""BRUNCH_SPOT"",""YARN_STORE"",""FARMERS_MARKET""]},{""step"":432,""shops"":[""BAKERY"",""FARMERS_MARKET"",""BRUNCH_SPOT"",""YARN_STORE"",""FARMERS_MARKET"",""BAKERY""]},{""step"":504,""shops"":[""BAKERY"",""FARMERS_MARKET"",""BRUNCH_SPOT"",""YARN_STORE"",""FARMERS_MARKET"",""BAKERY"",""BRUNCH_SPOT""]},{""step"":576,""shops"":[""BAKERY"",""FARMERS_MARKET"",""BRUNCH_SPOT"",""YARN_STORE"",""FARMERS_MARKET"",""BAKERY"",""BRUNCH_SPOT"",""ICE_CREAM_SHOP""]}]",experiments/round11_execution_20260924/track_b/market_kagsim/replays/B1/order_book/seed_522609244_seat_0.json.gz,cfdb2980c0af2f05a33785233b02bfed60650b9d52d9eab179f7f815826fbd7e,b6553c296c556aff5b5e2d12b75618e505fa4d852afb5338414ac6d6e039cb02,a16e0e9b40c489972630a0b9d04f30e9c1cab03159fa78676db74277d84d82ab,0fe077cc65622d6f6828160d90b617595a4aa7ea188e4afc67bfee8e4d290c92,"{""players"":[{""sell_dead_units"":2280,""refused_buy_product"":5,""refused_buy_seed"":0,""refused_buy_animal"":0,""refused_hire"":0,""refused_buy_land"":0,""hire_paid"":4397,""sell_zero_fill"":47,""buy_zero_fill"":1,""sell_revenue"":127393.0,""total_spend"":45291.0,""shed_discarded_units"":11,""sold_units"":2011,""feed_no_wheat"":0,""feed_no_animal"":0,""feed_redundant"":0,""water_dead"":12,""harvest_dead"":4,""plant_dead"":0,""animals_escaped"":0,""escape_capital"":0.0,""escape_yield_units"":0,""escape_first_day"":-1,""animal_unfed_days"":78,""plants_dry"":2,""dry_seed_cost"":120.0,""dry_yield_units"":1,""dry_first_day"":21,""plant_unwatered_days"":387,""decay_units"":18,""plants_decayed"":18,""silent_loss_coins"":120.0,""silent_loss_units"":30,""dead_actions"":47,""move_dead"":0,""locked_dead"":0,""pickup_dead"":0,""drop_dead"":0,""place_dead"":1,""build_dead"":0,""dig_dead"":2,""fertilize_dead"":1,""collect_dead"":3,""care_dead"":24,""tile_cap_units"":19,""fertilizer_forgone"":22,""care_unfed"":74,""animal_shed_days"":1,""idle_tile_days"":64,""weed_tile_days"":2,""hand_pass_turns"":368,""farmer_pass_turns"":64,""phantom_hand_actions"":0,""sell_floor_units"":85,""hire_premium"":4129,""shed_units_now"":0,""shed_value_now"":0.0,""animals_in_shed_now"":0,""seeds_unplanted_now"":5,""seeds_unplanted_cost_now"":70.0},{""sell_dead_units"":1280,""refused_buy_product"":5,""refused_buy_seed"":0,""refused_buy_animal"":0,""refused_hire"":0,""refused_buy_land"":0,""hire_paid"":4397,""sell_zero_fill"":46,""buy_zero_fill"":1,""sell_revenue"":127735.0,""total_spend"":45847.0,""shed_discarded_units"":8,""sold_units"":2022,""feed_no_wheat"":0,""feed_no_animal"":0,""feed_redundant"":0,""water_dead"":13,""harvest_dead"":5,""plant_dead"":0,""animals_escaped"":0,""escape_capital"":0.0,""escape_yield_units"":0,""escape_first_day"":-1,""animal_unfed_days"":78,""plants_dry"":2,""dry_seed_cost"":120.0,""dry_yield_units"":1,""dry_first_day"":21,""plant_unwatered_days"":386,""decay_units"":18,""plants_decayed"":18,""silent_loss_coins"":120.0,""silent_loss_units"":27,""dead_actions"":50,""move_dead"":0,""locked_dead"":0,""pickup_dead"":0,""drop_dead"":0,""place_dead"":1,""build_dead"":0,""dig_dead"":2,""fertilize_dead"":2,""collect_dead"":3,""care_dead"":24,""tile_cap_units"":21,""fertilizer_forgone"":22,""care_unfed"":74,""animal_shed_days"":1,""idle_tile_days"":66,""weed_tile_days"":3,""hand_pass_turns"":366,""farmer_pass_turns"":64,""phantom_hand_actions"":0,""sell_floor_units"":85,""hire_premium"":4129,""shed_units_now"":0,""shed_value_now"":0.0,""animals_in_shed_now"":0,""seeds_unplanted_now"":12,""seeds_unplanted_cost_now"":200.0}]}","{""opening_calls"":1,""opening_stock_ok"":1,""parent"":{""rescue"":{""planning_calls"":1,""accepted"":1,""changed_steps"":7,""aborted"":0,""shadow_declines"":0,""errors"":0,""max_planning_ms"":58.13589999161195},""fertilizer"":{""skips"":3,""covered"":1,""capped"":2,""errors"":0},""seed_budget"":{""cut_units"":48,""saved_cost"":960,""changed_turns"":14,""errors"":0}}}",
B1,B1,order_book,order_book,522609244,1,85022.0,84968.0,54.0,W,kagsim,4.55168,0,0,0,0,0,0,0,0,29ae70298aff5372b49961180210c77419a07c48f2304c46e4887e3408b3f36c,"[{""step"":0,""shops"":[]},{""step"":72,""shops"":[""BAKERY""]},{""step"":144,""shops"":[""BAKERY"",""FARMERS_MARKET""]},{""step"":216,""shops"":[""BAKERY"",""FARMERS_MARKET"",""BRUNCH_SPOT""]},{""step"":288,""shops"":[""BAKERY"",""FARMERS_MARKET"",""BRUNCH_SPOT"",""YARN_STORE""]},{""step"":360,""shops"":[""BAKERY"",""FARMERS_MARKET"",""BRUNCH_SPOT"",""YARN_STORE"",""FARMERS_MARKET""]},{""step"":432,""shops"":[""BAKERY"",""FARMERS_MARKET"",""BRUNCH_SPOT"",""YARN_STORE"",""FARMERS_MARKET"",""BAKERY""]},{""step"":504,""shops"":[""BAKERY"",""FARMERS_MARKET"",""BRUNCH_SPOT"",""YARN_STORE"",""FARMERS_MARKET"",""BAKERY"",""BRUNCH_SPOT""]},{""step"":576,""shops"":[""BAKERY"",""FARMERS_MARKET"",""BRUNCH_SPOT"",""YARN_STORE"",""FARMERS_MARKET"",""BAKERY"",""BRUNCH_SPOT"",""ICE_CREAM_SHOP""]}]",experiments/round11_execution_20260924/track_b/market_kagsim/replays/B1/order_book/seed_522609244_seat_1.json.gz,4a7b96d08ed35f9c7efeb664bbdcf9156b0b3528658d81ed58d60eb2ab261947,b6553c296c556aff5b5e2d12b75618e505fa4d852afb5338414ac6d6e039cb02,a16e0e9b40c489972630a0b9d04f30e9c1cab03159fa78676db74277d84d82ab,0fe077cc65622d6f6828160d90b617595a4aa7ea188e4afc67bfee8e4d290c92,"{""players"":[{""sell_dead_units"":1280,""refused_buy_product"":5,""refused_buy_seed"":0,""refused_buy_animal"":0,""refused_hire"":0,""refused_buy_land"":0,""hire_paid"":4397,""sell_zero_fill"":46,""buy_zero_fill"":1,""sell_revenue"":127735.0,""total_spend"":45767.0,""shed_discarded_units"":8,""sold_units"":2022,""feed_no_wheat"":0,""feed_no_animal"":0,""feed_redundant"":0,""water_dead"":12,""harvest_dead"":4,""plant_dead"":0,""animals_escaped"":0,""escape_capital"":0.0,""escape_yield_units"":0,""escape_first_day"":-1,""animal_unfed_days"":78,""plants_dry"":2,""dry_seed_cost"":120.0,""dry_yield_units"":1,""dry_first_day"":21,""plant_unwatered_days"":387,""decay_units"":18,""plants_decayed"":18,""silent_loss_coins"":120.0,""silent_loss_units"":27,""dead_actions"":48,""move_dead"":0,""locked_dead"":0,""pickup_dead"":0,""drop_dead"":0,""place_dead"":1,""build_dead"":0,""dig_dead"":2,""fertilize_dead"":2,""collect_dead"":3,""care_dead"":24,""tile_cap_units"":21,""fertilizer_forgone"":22,""care_unfed"":74,""animal_shed_days"":1,""idle_tile_days"":64,""weed_tile_days"":2,""hand_pass_turns"":365,""farmer_pass_turns"":64,""phantom_hand_actions"":0,""sell_floor_units"":85,""hire_premium"":4129,""shed_units_now"":0,""shed_value_now"":0.0,""animals_in_shed_now"":0,""seeds_unplanted_now"":11,""seeds_unplanted_cost_now"":190.0},{""sell_dead_units"":2280,""refused_buy_product"":5,""refused_buy_seed"":0,""refused_buy_animal"":0,""refused_hire"":0,""refused_buy_land"":0,""hire_paid"":4397,""sell_zero_fill"":47,""buy_zero_fill"":1,""sell_revenue"":127393.0,""total_spend"":45371.0,""shed_discarded_units"":11,""sold_units"":2011,""feed_no_wheat"":0,""feed_no_animal"":0,""feed_redundant"":0,""water_dead"":13,""harvest_dead"":5,""plant_dead"":0,""animals_escaped"":0,""escape_capital"":0.0,""escape_yield_units"":0,""escape_first_day"":-1,""animal_unfed_days"":78,""plants_dry"":2,""dry_seed_cost"":120.0,""dry_yield_units"":1,""dry_first_day"":21,""plant_unwatered_days"":386,""decay_units"":18,""plants_decayed"":18,""silent_loss_coins"":120.0,""silent_loss_units"":30,""dead_actions"":49,""move_dead"":0,""locked_dead"":0,""pickup_dead"":0,""drop_dead"":0,""place_dead"":1,""build_dead"":0,""dig_dead"":2,""fertilize_dead"":1,""collect_dead"":3,""care_dead"":24,""tile_cap_units"":19,""fertilizer_forgone"":22,""care_unfed"":74,""animal_shed_days"":1,""idle_tile_days"":66,""weed_tile_days"":3,""hand_pass_turns"":369,""farmer_pass_turns"":64,""phantom_hand_actions"":0,""sell_floor_units"":85,""hire_premium"":4129,""shed_units_now"":0,""shed_value_now"":0.0,""animals_in_shed_now"":0,""seeds_unplanted_now"":6,""seeds_unplanted_cost_now"":80.0}]}","{""opening_calls"":1,""opening_stock_ok"":1,""parent"":{""rescue"":{""planning_calls"":1,""accepted"":1,""changed_steps"":7,""aborted"":0,""shadow_declines"":0,""errors"":0,""max_planning_ms"":72.01550000172574},""fertilizer"":{""skips"":3,""covered"":1,""capped"":2,""errors"":0},""seed_budget"":{""cut_units"":48,""saved_cost"":960,""changed_turns"":14,""errors"":0}}}",
B1,B1,v57,public_router,522609241,0,113495.0,113543.0,-48.0,L,kagsim,3.300523,0,0,0,0,0,0,0,0,3d5abadf277ffbf26faf5853b80f902eec0bdb2b3d07a15179f8411eccf494e5,"[{""step"":0,""shops"":[]},{""step"":72,""shops"":[""YARN_STORE""]},{""step"":144,""shops"":[""YARN_STORE"",""BRUNCH_SPOT""]},{""step"":216,""shops"":[""YARN_STORE"",""BRUNCH_SPOT"",""ICE_CREAM_SHOP""]},{""step"":288,""shops"":[""YARN_STORE"",""BRUNCH_SPOT"",""ICE_CREAM_SHOP"",""ICE_CREAM_SHOP""]},{""step"":360,""shops"":[""YARN_STORE"",""BRUNCH_SPOT"",""ICE_CREAM_SHOP"",""ICE_CREAM_SHOP"",""BRUNCH_SPOT""]},{""step"":432,""shops"":[""YARN_STORE"",""BRUNCH_SPOT"",""ICE_CREAM_SHOP"",""ICE_CREAM_SHOP"",""BRUNCH_SPOT"",""BRUNCH_SPOT""]},{""step"":504,""shops"":[""YARN_STORE"",""BRUNCH_SPOT"",""ICE_CREAM_SHOP"",""ICE_CREAM_SHOP"",""BRUNCH_SPOT"",""BRUNCH_SPOT"",""FARMERS_MARKET""]},{""step"":576,""shops"":[""YARN_STORE"",""BRUNCH_SPOT"",""ICE_CREAM_SHOP"",""ICE_CREAM_SHOP"",""BRUNCH_SPOT"",""BRUNCH_SPOT"",""FARMERS_MARKET"",""BRUNCH_SPOT""]}]",experiments/round11_execution_20260924/track_b/market_kagsim/replays/B1/v57/seed_522609241_seat_0.json.gz,e993a4b30d3f0eb5eae281c01e9f4eb7ac1a6f4e34464ddfc89c8f7bbba7546c,b6553c296c556aff5b5e2d12b75618e505fa4d852afb5338414ac6d6e039cb02,2ee689fdc58f38b7bf6b80b8d3f48129d19b47201dbee51fdcbd977498a5106f,0fe077cc65622d6f6828160d90b617595a4aa7ea188e4afc67bfee8e4d290c92,"{""players"":[{""sell_dead_units"":187,""refused_buy_product"":1,""refused_buy_seed"":0,""refused_buy_animal"":0,""refused_hire"":0,""refused_buy_land"":0,""hire_paid"":5659,""sell_zero_fill"":18,""buy_zero_fill"":1,""sell_revenue"":140223.0,""total_spend"":29728.0,""shed_discarded_units"":32,""sold_units"":1549,""feed_no_wheat"":0,""feed_no_animal"":0,""feed_redundant"":0,""water_dead"":1,""harvest_dead"":4,""plant_dead"":0,""animals_escaped"":0,""escape_capital"":0.0,""escape_yield_units"":0,""escape_first_day"":-1,""animal_unfed_days"":62,""plants_dry"":1,""dry_seed_cost"":100.0,""dry_yield_units"":0,""dry_first_day"":21,""plant_unwatered_days"":385,""decay_units"":18,""plants_decayed"":18,""silent_loss_coins"":100.0,""silent_loss_units"":50,""dead_actions"":17,""move_dead"":0,""locked_dead"":0,""pickup_dead"":0,""drop_dead"":0,""place_dead"":1,""build_dead"":0,""dig_dead"":2,""fertilize_dead"":0,""collect_dead"":4,""care_dead"":5,""tile_cap_units"":9,""fertilizer_forgone"":14,""care_unfed"":58,""animal_shed_days"":0,""idle_tile_days"":62,""weed_tile_days"":1,""hand_pass_turns"":616,""farmer_pass_turns"":83,""phantom_hand_actions"":0,""sell_floor_units"":63,""hire_premium"":5377,""shed_units_now"":0,""shed_value_now"":0.0,""animals_in_shed_now"":0,""seeds_unplanted_now"":0,""seeds_unplanted_cost_now"":0.0},{""sell_dead_units"":193,""refused_buy_product"":1,""refused_buy_seed"":0,""refused_buy_animal"":0,""refused_hire"":0,""refused_buy_land"":0,""hire_paid"":5659,""sell_zero_fill"":18,""buy_zero_fill"":1,""sell_revenue"":140623.0,""total_spend"":30080.0,""shed_discarded_units"":32,""sold_units"":1557,""feed_no_wheat"":0,""feed_no_animal"":0,""feed_redundant"":0,""water_dead"":1,""harvest_dead"":6,""plant_dead"":0,""animals_escaped"":0,""escape_capital"":0.0,""escape_yield_units"":0,""escape_first_day"":-1,""animal_unfed_days"":62,""plants_dry"":1,""dry_seed_cost"":100.0,""dry_yield_units"":0,""dry_first_day"":21,""plant_unwatered_days"":385,""decay_units"":18,""plants_decayed"":18,""silent_loss_coins"":100.0,""silent_loss_units"":50,""dead_actions"":20,""move_dead"":0,""locked_dead"":0,""pickup_dead"":0,""drop_dead"":0,""place_dead"":2,""build_dead"":0,""dig_dead"":2,""fertilize_dead"":0,""collect_dead"":4,""care_dead"":5,""tile_cap_units"":9,""fertilizer_forgone"":14,""care_unfed"":58,""animal_shed_days"":0,""idle_tile_days"":62,""weed_tile_days"":1,""hand_pass_turns"":615,""farmer_pass_turns"":83,""phantom_hand_actions"":0,""sell_floor_units"":58,""hire_premium"":5377,""shed_units_now"":0,""shed_value_now"":0.0,""animals_in_shed_now"":0,""seeds_unplanted_now"":0,""seeds_unplanted_cost_now"":0.0}]}","{""opening_calls"":1,""opening_stock_ok"":1,""parent"":{""rescue"":{""planning_calls"":1,""accepted"":1,""changed_steps"":7,""aborted"":0,""shadow_declines"":0,""errors"":0,""max_planning_ms"":59.6052999899257},""fertilizer"":{""skips"":0,""covered"":0,""capped"":0,""errors"":0},""seed_budget"":{""cut_units"":0,""saved_cost"":0,""changed_turns"":0,""errors"":0}}}",
B1,B1,v57,public_router,522609241,1,113495.0,113543.0,-48.0,L,kagsim,3.705679,0,0,0,0,0,0,0,0,3d5abadf277ffbf26faf5853b80f902eec0bdb2b3d07a15179f8411eccf494e5,"[{""step"":0,""shops"":[]},{""step"":72,""shops"":[""YARN_STORE""]},{""step"":144,""shops"":[""YARN_STORE"",""BRUNCH_SPOT""]},{""step"":216,""shops"":[""YARN_STORE"",""BRUNCH_SPOT"",""ICE_CREAM_SHOP""]},{""step"":288,""shops"":[""YARN_STORE"",""BRUNCH_SPOT"",""ICE_CREAM_SHOP"",""ICE_CREAM_SHOP""]},{""step"":360,""shops"":[""YARN_STORE"",""BRUNCH_SPOT"",""ICE_CREAM_SHOP"",""ICE_CREAM_SHOP"",""BRUNCH_SPOT""]},{""step"":432,""shops"":[""YARN_STORE"",""BRUNCH_SPOT"",""ICE_CREAM_SHOP"",""ICE_CREAM_SHOP"",""BRUNCH_SPOT"",""BRUNCH_SPOT""]},{""step"":504,""shops"":[""YARN_STORE"",""BRUNCH_SPOT"",""ICE_CREAM_SHOP"",""ICE_CREAM_SHOP"",""BRUNCH_SPOT"",""BRUNCH_SPOT"",""FARMERS_MARKET""]},{""step"":576,""shops"":[""YARN_STORE"",""BRUNCH_SPOT"",""ICE_CREAM_SHOP"",""ICE_CREAM_SHOP"",""BRUNCH_SPOT"",""BRUNCH_SPOT"",""FARMERS_MARKET"",""BRUNCH_SPOT""]}]",experiments/round11_execution_20260924/track_b/market_kagsim/replays/B1/v57/seed_522609241_seat_1.json.gz,dbd8f2282de48a5ba62615bb19d185828d8229ca1f2aeb4d334be7396e09b9b1,b6553c296c556aff5b5e2d12b75618e505fa4d852afb5338414ac6d6e039cb02,2ee689fdc58f38b7bf6b80b8d3f48129d19b47201dbee51fdcbd977498a5106f,0fe077cc65622d6f6828160d90b617595a4aa7ea188e4afc67bfee8e4d290c92,"{""players"":[{""sell_dead_units"":193,""refused_buy_product"":1,""refused_buy_seed"":0,""refused_buy_animal"":0,""refused_hire"":0,""refused_buy_land"":0,""hire_paid"":5659,""sell_zero_fill"":18,""buy_zero_fill"":1,""sell_revenue"":140623.0,""total_spend"":30080.0,""shed_discarded_units"":32,""sold_units"":1557,""feed_no_wheat"":0,""feed_no_animal"":0,""feed_redundant"":0,""water_dead"":1,""harvest_dead"":6,""plant_dead"":0,""animals_escaped"":0,""escape_capital"":0.0,""escape_yield_units"":0,""escape_first_day"":-1,""animal_unfed_days"":62,""plants_dry"":1,""dry_seed_cost"":100.0,""dry_yield_units"":0,""dry_first_day"":21,""plant_unwatered_days"":385,""decay_units"":18,""plants_decayed"":18,""silent_loss_coins"":100.0,""silent_loss_units"":50,""dead_actions"":20,""move_dead"":0,""locked_dead"":0,""pickup_dead"":0,""drop_dead"":0,""place_dead"":2,""build_dead"":0,""dig_dead"":2,""fertilize_dead"":0,""collect_dead"":4,""care_dead"":5,""tile_cap_units"":9,""fertilizer_forgone"":14,""care_unfed"":58,""animal_shed_days"":0,""idle_tile_days"":62,""weed_tile_days"":1,""hand_pass_turns"":615,""farmer_pass_turns"":83,""phantom_hand_actions"":0,""sell_floor_units"":58,""hire_premium"":5377,""shed_units_now"":0,""shed_value_now"":0.0,""animals_in_shed_now"":0,""seeds_unplanted_now"":0,""seeds_unplanted_cost_now"":0.0},{""sell_dead_units"":187,""refused_buy_product"":1,""refused_buy_seed"":0,""refused_buy_animal"":0,""refused_hire"":0,""refused_buy_land"":0,""hire_paid"":5659,""sell_zero_fill"":18,""buy_zero_fill"":1,""sell_revenue"":140223.0,""total_spend"":29728.0,""shed_discarded_units"":32,""sold_units"":1549,""feed_no_wheat"":0,""feed_no_animal"":0,""feed_redundant"":0,""water_dead"":1,""harvest_dead"":4,""plant_dead"":0,""animals_escaped"":0,""escape_capital"":0.0,""escape_yield_units"":0,""escape_first_day"":-1,""animal_unfed_days"":62,""plants_dry"":1,""dry_seed_cost"":100.0,""dry_yield_units"":0,""dry_first_day"":21,""plant_unwatered_days"":385,""decay_units"":18,""plants_decayed"":18,""silent_loss_coins"":100.0,""silent_loss_units"":50,""dead_actions"":17,""move_dead"":0,""locked_dead"":0,""pickup_dead"":0,""drop_dead"":0,""place_dead"":1,""build_dead"":0,""dig_dead"":2,""fertilize_dead"":0,""collect_dead"":4,""care_dead"":5,""tile_cap_units"":9,""fertilizer_forgone"":14,""care_unfed"":58,""animal_shed_days"":0,""idle_tile_days"":62,""weed_tile_days"":1,""hand_pass_turns"":616,""farmer_pass_turns"":83,""phantom_hand_actions"":0,""sell_floor_units"":63,""hire_premium"":5377,""shed_units_now"":0,""shed_value_now"":0.0,""animals_in_shed_now"":0,""seeds_unplanted_now"":0,""seeds_unplanted_cost_now"":0.0}]}","{""opening_calls"":1,""opening_stock_ok"":1,""parent"":{""rescue"":{""planning_calls"":1,""accepted"":1,""changed_steps"":7,""aborted"":0,""shadow_declines"":0,""errors"":0,""max_planning_ms"":54.55210000218358},""fertilizer"":{""skips"":0,""covered"":0,""capped"":0,""errors"":0},""seed_budget"":{""cut_units"":0,""saved_cost"":0,""changed_turns"":0,""errors"":0}}}",
B1,B1,v57,public_router,522609242,0,116936.0,116634.0,302.0,W,kagsim,3.750406,0,0,0,0,0,0,0,0,cd945f271e647a2f5fc263c386808ef34a28435ba33f723a6ccd7112be4b1a7c,"[{""step"":0,""shops"":[]},{""step"":72,""shops"":[""SMOOTHIE_SHOP""]},{""step"":144,""shops"":[""SMOOTHIE_SHOP"",""SMOOTHIE_SHOP""]},{""step"":216,""shops"":[""SMOOTHIE_SHOP"",""SMOOTHIE_SHOP"",""BRUNCH_SPOT""]},{""step"":288,""shops"":[""SMOOTHIE_SHOP"",""SMOOTHIE_SHOP"",""BRUNCH_SPOT"",""BAKERY""]},{""step"":360,""shops"":[""SMOOTHIE_SHOP"",""SMOOTHIE_SHOP"",""BRUNCH_SPOT"",""BAKERY"",""YARN_STORE""]},{""step"":432,""shops"":[""SMOOTHIE_SHOP"",""SMOOTHIE_SHOP"",""BRUNCH_SPOT"",""BAKERY"",""YARN_STORE"",""ICE_CREAM_SHOP""]},{""step"":504,""shops"":[""SMOOTHIE_SHOP"",""SMOOTHIE_SHOP"",""BRUNCH_SPOT"",""BAKERY"",""YARN_STORE"",""ICE_CREAM_SHOP"",""BAKERY""]},{""step"":576,""shops"":[""SMOOTHIE_SHOP"",""SMOOTHIE_SHOP"",""BRUNCH_SPOT"",""BAKERY"",""YARN_STORE"",""ICE_CREAM_SHOP"",""BAKERY"",""FARMERS_MARKET""]}]",experiments/round11_execution_20260924/track_b/market_kagsim/replays/B1/v57/seed_522609242_seat_0.json.gz,fc966435825d8d032a58f5b9571f139a181627fe34c0dc75fabb893c1e442094,b6553c296c556aff5b5e2d12b75618e505fa4d852afb5338414ac6d6e039cb02,2ee689fdc58f38b7bf6b80b8d3f48129d19b47201dbee51fdcbd977498a5106f,0fe077cc65622d6f6828160d90b617595a4aa7ea188e4afc67bfee8e4d290c92,"{""players"":[{""sell_dead_units"":219,""refused_buy_product"":1,""refused_buy_seed"":0,""refused_buy_animal"":0,""refused_hire"":0,""refused_buy_land"":0,""hire_paid"":4164,""sell_zero_fill"":40,""buy_zero_fill"":1,""sell_revenue"":141353.0,""total_spend"":27417.0,""shed_discarded_units"":4,""sold_units"":1595,""feed_no_wheat"":0,""feed_no_animal"":0,""feed_redundant"":0,""water_dead"":11,""harvest_dead"":4,""plant_dead"":0,""animals_escaped"":0,""escape_capital"":0.0,""escape_yield_units"":0,""escape_first_day"":-1,""animal_unfed_days"":42,""plants_dry"":1,""dry_seed_cost"":100.0,""dry_yield_units"":0,""dry_first_day"":21,""plant_unwatered_days"":392,""decay_units"":18,""plants_decayed"":18,""silent_loss_coins"":100.0,""silent_loss_units"":22,""dead_actions"":41,""move_dead"":0,""locked_dead"":0,""pickup_dead"":0,""drop_dead"":0,""place_dead"":1,""build_dead"":0,""dig_dead"":3,""fertilize_dead"":1,""collect_dead"":8,""care_dead"":13,""tile_cap_units"":19,""fertilizer_forgone"":19,""care_unfed"":37,""animal_shed_days"":1,""idle_tile_days"":63,""weed_tile_days"":1,""hand_pass_turns"":363,""farmer_pass_turns"":61,""phantom_hand_actions"":0,""sell_floor_units"":22,""hire_premium"":3898,""shed_units_now"":0,""shed_value_now"":0.0,""animals_in_shed_now"":0,""seeds_unplanted_now"":1,""seeds_unplanted_cost_now"":10.0},{""sell_dead_units"":221,""refused_buy_product"":1,""refused_buy_seed"":0,""refused_buy_animal"":0,""refused_hire"":0,""refused_buy_land"":0,""hire_paid"":4164,""sell_zero_fill"":40,""buy_zero_fill"":1,""sell_revenue"":141389.0,""total_spend"":27755.0,""shed_discarded_units"":4,""sold_units"":1605,""feed_no_wheat"":0,""feed_no_animal"":0,""feed_redundant"":0,""water_dead"":11,""harvest_dead"":4,""plant_dead"":0,""animals_escaped"":0,""escape_capital"":0.0,""escape_yield_units"":0,""escape_first_day"":-1,""animal_unfed_days"":42,""plants_dry"":1,""dry_seed_cost"":100.0,""dry_yield_units"":0,""dry_first_day"":21,""plant_unwatered_days"":392,""decay_units"":18,""plants_decayed"":18,""silent_loss_coins"":100.0,""silent_loss_units"":22,""dead_actions"":41,""move_dead"":0,""locked_dead"":0,""pickup_dead"":0,""drop_dead"":0,""place_dead"":1,""build_dead"":0,""dig_dead"":3,""fertilize_dead"":1,""collect_dead"":8,""care_dead"":13,""tile_cap_units"":19,""fertilizer_forgone"":19,""care_unfed"":37,""animal_shed_days"":1,""idle_tile_days"":63,""weed_tile_days"":1,""hand_pass_turns"":363,""farmer_pass_turns"":61,""phantom_hand_actions"":0,""sell_floor_units"":21,""hire_premium"":3898,""shed_units_now"":0,""shed_value_now"":0.0,""animals_in_shed_now"":0,""seeds_unplanted_now"":0,""seeds_unplanted_cost_now"":0.0}]}","{""opening_calls"":1,""opening_stock_ok"":1,""parent"":{""rescue"":{""planning_calls"":1,""accepted"":1,""changed_steps"":6,""aborted"":0,""shadow_declines"":0,""errors"":0,""max_planning_ms"":122.73490001098253},""fertilizer"":{""skips"":3,""covered"":2,""capped"":1,""errors"":0},""seed_budget"":{""cut_units"":0,""saved_cost"":0,""changed_turns"":0,""errors"":0}}}",
B1,B1,v57,public_router,522609242,1,116936.0,116634.0,302.0,W,kagsim,3.827602,0,0,0,0,0,0,0,0,cd945f271e647a2f5fc263c386808ef34a28435ba33f723a6ccd7112be4b1a7c,"[{""step"":0,""shops"":[]},{""step"":72,""shops"":[""SMOOTHIE_SHOP""]},{""step"":144,""shops"":[""SMOOTHIE_SHOP"",""SMOOTHIE_SHOP""]},{""step"":216,""shops"":[""SMOOTHIE_SHOP"",""SMOOTHIE_SHOP"",""BRUNCH_SPOT""]},{""step"":288,""shops"":[""SMOOTHIE_SHOP"",""SMOOTHIE_SHOP"",""BRUNCH_SPOT"",""BAKERY""]},{""step"":360,""shops"":[""SMOOTHIE_SHOP"",""SMOOTHIE_SHOP"",""BRUNCH_SPOT"",""BAKERY"",""YARN_STORE""]},{""step"":432,""shops"":[""SMOOTHIE_SHOP"",""SMOOTHIE_SHOP"",""BRUNCH_SPOT"",""BAKERY"",""YARN_STORE"",""ICE_CREAM_SHOP""]},{""step"":504,""shops"":[""SMOOTHIE_SHOP"",""SMOOTHIE_SHOP"",""BRUNCH_SPOT"",""BAKERY"",""YARN_STORE"",""ICE_CREAM_SHOP"",""BAKERY""]},{""step"":576,""shops"":[""SMOOTHIE_SHOP"",""SMOOTHIE_SHOP"",""BRUNCH_SPOT"",""BAKERY"",""YARN_STORE"",""ICE_CREAM_SHOP"",""BAKERY"",""FARMERS_MARKET""]}]",experiments/round11_execution_20260924/track_b/market_kagsim/replays/B1/v57/seed_522609242_seat_1.json.gz,1a9cac1cfe5b52c02b7bd90e772c5f8dc39dc888204261a3f0f7069efd9d3ade,b6553c296c556aff5b5e2d12b75618e505fa4d852afb5338414ac6d6e039cb02,2ee689fdc58f38b7bf6b80b8d3f48129d19b47201dbee51fdcbd977498a5106f,0fe077cc65622d6f6828160d90b617595a4aa7ea188e4afc67bfee8e4d290c92,"{""players"":[{""sell_dead_units"":221,""refused_buy_product"":1,""refused_buy_seed"":0,""refused_buy_animal"":0,""refused_hire"":0,""refused_buy_land"":0,""hire_paid"":4164,""sell_zero_fill"":40,""buy_zero_fill"":1,""sell_revenue"":141389.0,""total_spend"":27755.0,""shed_discarded_units"":4,""sold_units"":1605,""feed_no_wheat"":0,""feed_no_animal"":0,""feed_redundant"":0,""water_dead"":11,""harvest_dead"":4,""plant_dead"":0,""animals_escaped"":0,""escape_capital"":0.0,""escape_yield_units"":0,""escape_first_day"":-1,""animal_unfed_days"":42,""plants_dry"":1,""dry_seed_cost"":100.0,""dry_yield_units"":0,""dry_first_day"":21,""plant_unwatered_days"":392,""decay_units"":18,""plants_decayed"":18,""silent_loss_coins"":100.0,""silent_loss_units"":22,""dead_actions"":41,""move_dead"":0,""locked_dead"":0,""pickup_dead"":0,""drop_dead"":0,""place_dead"":1,""build_dead"":0,""dig_dead"":3,""fertilize_dead"":1,""collect_dead"":8,""care_dead"":13,""tile_cap_units"":19,""fertilizer_forgone"":19,""care_unfed"":37,""animal_shed_days"":1,""idle_tile_days"":63,""weed_tile_days"":1,""hand_pass_turns"":363,""farmer_pass_turns"":61,""phantom_hand_actions"":0,""sell_floor_units"":21,""hire_premium"":3898,""shed_units_now"":0,""shed_value_now"":0.0,""animals_in_shed_now"":0,""seeds_unplanted_now"":0,""seeds_unplanted_cost_now"":0.0},{""sell_dead_units"":219,""refused_buy_product"":1,""refused_buy_seed"":0,""refused_buy_animal"":0,""refused_hire"":0,""refused_buy_land"":0,""hire_paid"":4164,""sell_zero_fill"":40,""buy_zero_fill"":1,""sell_revenue"":141353.0,""total_spend"":27417.0,""shed_discarded_units"":4,""sold_units"":1595,""feed_no_wheat"":0,""feed_no_animal"":0,""feed_redundant"":0,""water_dead"":11,""harvest_dead"":4,""plant_dead"":0,""animals_escaped"":0,""escape_capital"":0.0,""escape_yield_units"":0,""escape_first_day"":-1,""animal_unfed_days"":42,""plants_dry"":1,""dry_seed_cost"":100.0,""dry_yield_units"":0,""dry_first_day"":21,""plant_unwatered_days"":392,""decay_units"":18,""plants_decayed"":18,""silent_loss_coins"":100.0,""silent_loss_units"":22,""dead_actions"":41,""move_dead"":0,""locked_dead"":0,""pickup_dead"":0,""drop_dead"":0,""place_dead"":1,""build_dead"":0,""dig_dead"":3,""fertilize_dead"":1,""collect_dead"":8,""care_dead"":13,""tile_cap_units"":19,""fertilizer_forgone"":19,""care_unfed"":37,""animal_shed_days"":1,""idle_tile_days"":63,""weed_tile_days"":1,""hand_pass_turns"":363,""farmer_pass_turns"":61,""phantom_hand_actions"":0,""sell_floor_units"":22,""hire_premium"":3898,""shed_units_now"":0,""shed_value_now"":0.0,""animals_in_shed_now"":0,""seeds_unplanted_now"":1,""seeds_unplanted_cost_now"":10.0}]}","{""opening_calls"":1,""opening_stock_ok"":1,""parent"":{""rescue"":{""planning_calls"":1,""accepted"":1,""changed_steps"":6,""aborted"":0,""shadow_declines"":0,""errors"":0,""max_planning_ms"":64.05969998741057},""fertilizer"":{""skips"":3,""covered"":2,""capped"":1,""errors"":0},""seed_budget"":{""cut_units"":0,""saved_cost"":0,""changed_turns"":0,""errors"":0}}}",
B1,B1,v57,public_router,522609243,0,110206.0,111137.0,-931.0,L,kagsim,4.214876,0,0,0,0,0,0,0,0,499deac3e55076604cbfd1119bcc7d2b0dc4084111ee7286f71d9cd238ef4c7b,"[{""step"":0,""shops"":[]},{""step"":72,""shops"":[""BRUNCH_SPOT""]},{""step"":144,""shops"":[""BRUNCH_SPOT"",""ICE_CREAM_SHOP""]},{""step"":216,""shops"":[""BRUNCH_SPOT"",""ICE_CREAM_SHOP"",""FARMERS_MARKET""]},{""step"":288,""shops"":[""BRUNCH_SPOT"",""ICE_CREAM_SHOP"",""FARMERS_MARKET"",""ICE_CREAM_SHOP""]},{""step"":360,""shops"":[""BRUNCH_SPOT"",""ICE_CREAM_SHOP"",""FARMERS_MARKET"",""ICE_CREAM_SHOP"",""PIZZA_SHOP""]},{""step"":432,""shops"":[""BRUNCH_SPOT"",""ICE_CREAM_SHOP"",""FARMERS_MARKET"",""ICE_CREAM_SHOP"",""PIZZA_SHOP"",""FARMERS_MARKET""]},{""step"":504,""shops"":[""BRUNCH_SPOT"",""ICE_CREAM_SHOP"",""FARMERS_MARKET"",""ICE_CREAM_SHOP"",""PIZZA_SHOP"",""FARMERS_MARKET"",""BRUNCH_SPOT""]},{""step"":576,""shops"":[""BRUNCH_SPOT"",""ICE_CREAM_SHOP"",""FARMERS_MARKET"",""ICE_CREAM_SHOP"",""PIZZA_SHOP"",""FARMERS_MARKET"",""BRUNCH_SPOT"",""FARMERS_MARKET""]}]",experiments/round11_execution_20260924/track_b/market_kagsim/replays/B1/v57/seed_522609243_seat_0.json.gz,397e65fe610d056f01a07315a6ab8e118addd4ba10c885dd8a2efde9525f10fe,b6553c296c556aff5b5e2d12b75618e505fa4d852afb5338414ac6d6e039cb02,2ee689fdc58f38b7bf6b80b8d3f48129d19b47201dbee51fdcbd977498a5106f,0fe077cc65622d6f6828160d90b617595a4aa7ea188e4afc67bfee8e4d290c92,"{""players"":[{""sell_dead_units"":199,""refused_buy_product"":1,""refused_buy_seed"":0,""refused_buy_animal"":0,""refused_hire"":0,""refused_buy_land"":0,""hire_paid"":4397,""sell_zero_fill"":34,""buy_zero_fill"":1,""sell_revenue"":135907.0,""total_spend"":28701.0,""shed_discarded_units"":4,""sold_units"":1597,""feed_no_wheat"":0,""feed_no_animal"":0,""feed_redundant"":0,""water_dead"":10,""harvest_dead"":3,""plant_dead"":0,""animals_escaped"":0,""escape_capital"":0.0,""escape_yield_units"":0,""escape_first_day"":-1,""animal_unfed_days"":85,""plants_dry"":1,""dry_seed_cost"":100.0,""dry_yield_units"":0,""dry_first_day"":21,""plant_unwatered_days"":391,""decay_units"":18,""plants_decayed"":18,""silent_loss_coins"":100.0,""silent_loss_units"":22,""dead_actions"":40,""move_dead"":0,""locked_dead"":0,""pickup_dead"":0,""drop_dead"":0,""place_dead"":1,""build_dead"":0,""dig_dead"":4,""fertilize_dead"":1,""collect_dead"":8,""care_dead"":13,""tile_cap_units"":21,""fertilizer_forgone"":19,""care_unfed"":80,""animal_shed_days"":1,""idle_tile_days"":63,""weed_tile_days"":1,""hand_pass_turns"":406,""farmer_pass_turns"":67,""phantom_hand_actions"":0,""sell_floor_units"":56,""hire_premium"":4129,""shed_units_now"":0,""shed_value_now"":0.0,""animals_in_shed_now"":0,""seeds_unplanted_now"":1,""seeds_unplanted_cost_now"":10.0},{""sell_dead_units"":200,""refused_buy_product"":1,""refused_buy_seed"":0,""refused_buy_animal"":0,""refused_hire"":0,""refused_buy_land"":0,""hire_paid"":7557,""sell_zero_fill"":34,""buy_zero_fill"":1,""sell_revenue"":144986.0,""total_spend"":36849.0,""shed_discarded_units"":2,""sold_units"":1664,""feed_no_wheat"":0,""feed_no_animal"":0,""feed_redundant"":0,""water_dead"":10,""harvest_dead"":3,""plant_dead"":0,""animals_escaped"":0,""escape_capital"":0.0,""escape_yield_units"":0,""escape_first_day"":-1,""animal_unfed_days"":85,""plants_dry"":1,""dry_seed_cost"":100.0,""dry_yield_units"":0,""dry_first_day"":21,""plant_unwatered_days"":421,""decay_units"":18,""plants_decayed"":18,""silent_loss_coins"":100.0,""silent_loss_units"":20,""dead_actions"":40,""move_dead"":0,""locked_dead"":0,""pickup_dead"":0,""drop_dead"":0,""place_dead"":1,""build_dead"":0,""dig_dead"":4,""fertilize_dead"":1,""collect_dead"":8,""care_dead"":13,""tile_cap_units"":20,""fertilizer_forgone"":19,""care_unfed"":80,""animal_shed_days"":1,""idle_tile_days"":228,""weed_tile_days"":18,""hand_pass_turns"":490,""farmer_pass_turns"":67,""phantom_hand_actions"":0,""sell_floor_units"":57,""hire_premium"":7273,""shed_units_now"":0,""shed_value_now"":0.0,""animals_in_shed_now"":0,""seeds_unplanted_now"":0,""seeds_unplanted_cost_now"":0.0}]}","{""opening_calls"":1,""opening_stock_ok"":1,""parent"":{""rescue"":{""planning_calls"":1,""accepted"":1,""changed_steps"":6,""aborted"":0,""shadow_declines"":0,""errors"":0,""max_planning_ms"":108.95709999022074},""fertilizer"":{""skips"":4,""covered"":3,""capped"":1,""errors"":0},""seed_budget"":{""cut_units"":0,""saved_cost"":0,""changed_turns"":0,""errors"":0}}}",
B1,B1,v57,public_router,522609243,1,110206.0,111137.0,-931.0,L,kagsim,4.582831,0,0,0,0,0,0,0,0,499deac3e55076604cbfd1119bcc7d2b0dc4084111ee7286f71d9cd238ef4c7b,"[{""step"":0,""shops"":[]},{""step"":72,""shops"":[""BRUNCH_SPOT""]},{""step"":144,""shops"":[""BRUNCH_SPOT"",""ICE_CREAM_SHOP""]},{""step"":216,""shops"":[""BRUNCH_SPOT"",""ICE_CREAM_SHOP"",""FARMERS_MARKET""]},{""step"":288,""shops"":[""BRUNCH_SPOT"",""ICE_CREAM_SHOP"",""FARMERS_MARKET"",""ICE_CREAM_SHOP""]},{""step"":360,""shops"":[""BRUNCH_SPOT"",""ICE_CREAM_SHOP"",""FARMERS_MARKET"",""ICE_CREAM_SHOP"",""PIZZA_SHOP""]},{""step"":432,""shops"":[""BRUNCH_SPOT"",""ICE_CREAM_SHOP"",""FARMERS_MARKET"",""ICE_CREAM_SHOP"",""PIZZA_SHOP"",""FARMERS_MARKET""]},{""step"":504,""shops"":[""BRUNCH_SPOT"",""ICE_CREAM_SHOP"",""FARMERS_MARKET"",""ICE_CREAM_SHOP"",""PIZZA_SHOP"",""FARMERS_MARKET"",""BRUNCH_SPOT""]},{""step"":576,""shops"":[""BRUNCH_SPOT"",""ICE_CREAM_SHOP"",""FARMERS_MARKET"",""ICE_CREAM_SHOP"",""PIZZA_SHOP"",""FARMERS_MARKET"",""BRUNCH_SPOT"",""FARMERS_MARKET""]}]",experiments/round11_execution_20260924/track_b/market_kagsim/replays/B1/v57/seed_522609243_seat_1.json.gz,819968da8b61020ef622416fb1816c6ebd3aad2a2ba6810d9ffd22ba01b7f290,b6553c296c556aff5b5e2d12b75618e505fa4d852afb5338414ac6d6e039cb02,2ee689fdc58f38b7bf6b80b8d3f48129d19b47201dbee51fdcbd977498a5106f,0fe077cc65622d6f6828160d90b617595a4aa7ea188e4afc67bfee8e4d290c92,"{""players"":[{""sell_dead_units"":200,""refused_buy_product"":1,""refused_buy_seed"":0,""refused_buy_animal"":0,""refused_hire"":0,""refused_buy_land"":0,""hire_paid"":7557,""sell_zero_fill"":34,""buy_zero_fill"":1,""sell_revenue"":144986.0,""total_spend"":36849.0,""shed_discarded_units"":2,""sold_units"":1664,""feed_no_wheat"":0,""feed_no_animal"":0,""feed_redundant"":0,""water_dead"":10,""harvest_dead"":3,""plant_dead"":0,""animals_escaped"":0,""escape_capital"":0.0,""escape_yield_units"":0,""escape_first_day"":-1,""animal_unfed_days"":85,""plants_dry"":1,""dry_seed_cost"":100.0,""dry_yield_units"":0,""dry_first_day"":21,""plant_unwatered_days"":421,""decay_units"":18,""plants_decayed"":18,""silent_loss_coins"":100.0,""silent_loss_units"":20,""dead_actions"":40,""move_dead"":0,""locked_dead"":0,""pickup_dead"":0,""drop_dead"":0,""place_dead"":1,""build_dead"":0,""dig_dead"":4,""fertilize_dead"":1,""collect_dead"":8,""care_dead"":13,""tile_cap_units"":20,""fertilizer_forgone"":19,""care_unfed"":80,""animal_shed_days"":1,""idle_tile_days"":228,""weed_tile_days"":18,""hand_pass_turns"":490,""farmer_pass_turns"":67,""phantom_hand_actions"":0,""sell_floor_units"":57,""hire_premium"":7273,""shed_units_now"":0,""shed_value_now"":0.0,""animals_in_shed_now"":0,""seeds_unplanted_now"":0,""seeds_unplanted_cost_now"":0.0},{""sell_dead_units"":199,""refused_buy_product"":1,""refused_buy_seed"":0,""refused_buy_animal"":0,""refused_hire"":0,""refused_buy_land"":0,""hire_paid"":4397,""sell_zero_fill"":34,""buy_zero_fill"":1,""sell_revenue"":135907.0,""total_spend"":28701.0,""shed_discarded_units"":4,""sold_units"":1597,""feed_no_wheat"":0,""feed_no_animal"":0,""feed_redundant"":0,""water_dead"":10,""harvest_dead"":3,""plant_dead"":0,""animals_escaped"":0,""escape_capital"":0.0,""escape_yield_units"":0,""escape_first_day"":-1,""animal_unfed_days"":85,""plants_dry"":1,""dry_seed_cost"":100.0,""dry_yield_units"":0,""dry_first_day"":21,""plant_unwatered_days"":391,""decay_units"":18,""plants_decayed"":18,""silent_loss_coins"":100.0,""silent_loss_units"":22,""dead_actions"":40,""move_dead"":0,""locked_dead"":0,""pickup_dead"":0,""drop_dead"":0,""place_dead"":1,""build_dead"":0,""dig_dead"":4,""fertilize_dead"":1,""collect_dead"":8,""care_dead"":13,""tile_cap_units"":21,""fertilizer_forgone"":19,""care_unfed"":80,""animal_shed_days"":1,""idle_tile_days"":63,""weed_tile_days"":1,""hand_pass_turns"":406,""farmer_pass_turns"":67,""phantom_hand_actions"":0,""sell_floor_units"":56,""hire_premium"":4129,""shed_units_now"":0,""shed_value_now"":0.0,""animals_in_shed_now"":0,""seeds_unplanted_now"":1,""seeds_unplanted_cost_now"":10.0}]}","{""opening_calls"":1,""opening_stock_ok"":1,""parent"":{""rescue"":{""planning_calls"":1,""accepted"":1,""changed_steps"":6,""aborted"":0,""shadow_declines"":0,""errors"":0,""max_planning_ms"":94.14900001138449},""fertilizer"":{""skips"":4,""covered"":3,""capped"":1,""errors"":0},""seed_budget"":{""cut_units"":0,""saved_cost"":0,""changed_turns"":0,""errors"":0}}}",
B1,B1,v57,public_router,522609244,0,85134.0,85017.0,117.0,W,kagsim,5.148261,0,0,0,0,0,0,0,0,29ae70298aff5372b49961180210c77419a07c48f2304c46e4887e3408b3f36c,"[{""step"":0,""shops"":[]},{""step"":72,""shops"":[""BAKERY""]},{""step"":144,""shops"":[""BAKERY"",""FARMERS_MARKET""]},{""step"":216,""shops"":[""BAKERY"",""FARMERS_MARKET"",""BRUNCH_SPOT""]},{""step"":288,""shops"":[""BAKERY"",""FARMERS_MARKET"",""BRUNCH_SPOT"",""YARN_STORE""]},{""step"":360,""shops"":[""BAKERY"",""FARMERS_MARKET"",""BRUNCH_SPOT"",""YARN_STORE"",""FARMERS_MARKET""]},{""step"":432,""shops"":[""BAKERY"",""FARMERS_MARKET"",""BRUNCH_SPOT"",""YARN_STORE"",""FARMERS_MARKET"",""BAKERY""]},{""step"":504,""shops"":[""BAKERY"",""FARMERS_MARKET"",""BRUNCH_SPOT"",""YARN_STORE"",""FARMERS_MARKET"",""BAKERY"",""BRUNCH_SPOT""]},{""step"":576,""shops"":[""BAKERY"",""FARMERS_MARKET"",""BRUNCH_SPOT"",""YARN_STORE"",""FARMERS_MARKET"",""BAKERY"",""BRUNCH_SPOT"",""ICE_CREAM_SHOP""]}]",experiments/round11_execution_20260924/track_b/market_kagsim/replays/B1/v57/seed_522609244_seat_0.json.gz,cfef503da0dedbd7f3888956aeeb67a977b6179a902572f6d0bb27731f9361de,b6553c296c556aff5b5e2d12b75618e505fa4d852afb5338414ac6d6e039cb02,2ee689fdc58f38b7bf6b80b8d3f48129d19b47201dbee51fdcbd977498a5106f,0fe077cc65622d6f6828160d90b617595a4aa7ea188e4afc67bfee8e4d290c92,"{""players"":[{""sell_dead_units"":2280,""refused_buy_product"":5,""refused_buy_seed"":0,""refused_buy_animal"":0,""refused_hire"":0,""refused_buy_land"":0,""hire_paid"":4397,""sell_zero_fill"":47,""buy_zero_fill"":1,""sell_revenue"":127374.0,""total_spend"":45240.0,""shed_discarded_units"":11,""sold_units"":2011,""feed_no_wheat"":0,""feed_no_animal"":0,""feed_redundant"":0,""water_dead"":12,""harvest_dead"":4,""plant_dead"":0,""animals_escaped"":0,""escape_capital"":0.0,""escape_yield_units"":0,""escape_first_day"":-1,""animal_unfed_days"":78,""plants_dry"":2,""dry_seed_cost"":120.0,""dry_yield_units"":1,""dry_first_day"":21,""plant_unwatered_days"":387,""decay_units"":18,""plants_decayed"":18,""silent_loss_coins"":120.0,""silent_loss_units"":30,""dead_actions"":47,""move_dead"":0,""locked_dead"":0,""pickup_dead"":0,""drop_dead"":0,""place_dead"":1,""build_dead"":0,""dig_dead"":2,""fertilize_dead"":1,""collect_dead"":3,""care_dead"":24,""tile_cap_units"":19,""fertilizer_forgone"":22,""care_unfed"":74,""animal_shed_days"":1,""idle_tile_days"":64,""weed_tile_days"":2,""hand_pass_turns"":368,""farmer_pass_turns"":64,""phantom_hand_actions"":0,""sell_floor_units"":85,""hire_premium"":4129,""shed_units_now"":0,""shed_value_now"":0.0,""animals_in_shed_now"":0,""seeds_unplanted_now"":3,""seeds_unplanted_cost_now"":30.0},{""sell_dead_units"":285,""refused_buy_product"":5,""refused_buy_seed"":0,""refused_buy_animal"":0,""refused_hire"":0,""refused_buy_land"":0,""hire_paid"":4397,""sell_zero_fill"":45,""buy_zero_fill"":1,""sell_revenue"":127605.0,""total_spend"":45588.0,""shed_discarded_units"":11,""sold_units"":2021,""feed_no_wheat"":0,""feed_no_animal"":0,""feed_redundant"":0,""water_dead"":13,""harvest_dead"":5,""plant_dead"":0,""animals_escaped"":0,""escape_capital"":0.0,""escape_yield_units"":0,""escape_first_day"":-1,""animal_unfed_days"":78,""plants_dry"":2,""dry_seed_cost"":120.0,""dry_yield_units"":1,""dry_first_day"":21,""plant_unwatered_days"":386,""decay_units"":18,""plants_decayed"":18,""silent_loss_coins"":120.0,""silent_loss_units"":30,""dead_actions"":49,""move_dead"":0,""locked_dead"":0,""pickup_dead"":0,""drop_dead"":0,""place_dead"":1,""build_dead"":0,""dig_dead"":2,""fertilize_dead"":1,""collect_dead"":3,""care_dead"":24,""tile_cap_units"":19,""fertilizer_forgone"":22,""care_unfed"":74,""animal_shed_days"":1,""idle_tile_days"":66,""weed_tile_days"":3,""hand_pass_turns"":369,""farmer_pass_turns"":64,""phantom_hand_actions"":0,""sell_floor_units"":85,""hire_premium"":4129,""shed_units_now"":0,""shed_value_now"":0.0,""animals_in_shed_now"":0,""seeds_unplanted_now"":0,""seeds_unplanted_cost_now"":0.0}]}","{""opening_calls"":1,""opening_stock_ok"":1,""parent"":{""rescue"":{""planning_calls"":1,""accepted"":1,""changed_steps"":7,""aborted"":0,""shadow_declines"":0,""errors"":0,""max_planning_ms"":66.92460000340361},""fertilizer"":{""skips"":3,""covered"":1,""capped"":2,""errors"":0},""seed_budget"":{""cut_units"":76,""saved_cost"":1520,""changed_turns"":14,""errors"":0}}}",
B1,B1,v57,public_router,522609244,1,85054.0,85087.0,-33.0,L,kagsim,4.891306,0,0,0,0,0,0,0,0,29ae70298aff5372b49961180210c77419a07c48f2304c46e4887e3408b3f36c,"[{""step"":0,""shops"":[]},{""step"":72,""shops"":[""BAKERY""]},{""step"":144,""shops"":[""BAKERY"",""FARMERS_MARKET""]},{""step"":216,""shops"":[""BAKERY"",""FARMERS_MARKET"",""BRUNCH_SPOT""]},{""step"":288,""shops"":[""BAKERY"",""FARMERS_MARKET"",""BRUNCH_SPOT"",""YARN_STORE""]},{""step"":360,""shops"":[""BAKERY"",""FARMERS_MARKET"",""BRUNCH_SPOT"",""YARN_STORE"",""FARMERS_MARKET""]},{""step"":432,""shops"":[""BAKERY"",""FARMERS_MARKET"",""BRUNCH_SPOT"",""YARN_STORE"",""FARMERS_MARKET"",""BAKERY""]},{""step"":504,""shops"":[""BAKERY"",""FARMERS_MARKET"",""BRUNCH_SPOT"",""YARN_STORE"",""FARMERS_MARKET"",""BAKERY"",""BRUNCH_SPOT""]},{""step"":576,""shops"":[""BAKERY"",""FARMERS_MARKET"",""BRUNCH_SPOT"",""YARN_STORE"",""FARMERS_MARKET"",""BAKERY"",""BRUNCH_SPOT"",""ICE_CREAM_SHOP""]}]",experiments/round11_execution_20260924/track_b/market_kagsim/replays/B1/v57/seed_522609244_seat_1.json.gz,3e59f12fcdbb8bed1ba9a25666d26946cfbfa18d90d8e564f4ec9b1b3445cd66,b6553c296c556aff5b5e2d12b75618e505fa4d852afb5338414ac6d6e039cb02,2ee689fdc58f38b7bf6b80b8d3f48129d19b47201dbee51fdcbd977498a5106f,0fe077cc65622d6f6828160d90b617595a4aa7ea188e4afc67bfee8e4d290c92,"{""players"":[{""sell_dead_units"":285,""refused_buy_product"":5,""refused_buy_seed"":0,""refused_buy_animal"":0,""refused_hire"":0,""refused_buy_land"":0,""hire_paid"":4397,""sell_zero_fill"":45,""buy_zero_fill"":1,""sell_revenue"":127605.0,""total_spend"":45518.0,""shed_discarded_units"":11,""sold_units"":2021,""feed_no_wheat"":0,""feed_no_animal"":0,""feed_redundant"":0,""water_dead"":12,""harvest_dead"":4,""plant_dead"":0,""animals_escaped"":0,""escape_capital"":0.0,""escape_yield_units"":0,""escape_first_day"":-1,""animal_unfed_days"":78,""plants_dry"":2,""dry_seed_cost"":120.0,""dry_yield_units"":1,""dry_first_day"":21,""plant_unwatered_days"":387,""decay_units"":18,""plants_decayed"":18,""silent_loss_coins"":120.0,""silent_loss_units"":30,""dead_actions"":47,""move_dead"":0,""locked_dead"":0,""pickup_dead"":0,""drop_dead"":0,""place_dead"":1,""build_dead"":0,""dig_dead"":2,""fertilize_dead"":1,""collect_dead"":3,""care_dead"":24,""tile_cap_units"":19,""fertilizer_forgone"":22,""care_unfed"":74,""animal_shed_days"":1,""idle_tile_days"":64,""weed_tile_days"":2,""hand_pass_turns"":368,""farmer_pass_turns"":64,""phantom_hand_actions"":0,""sell_floor_units"":85,""hire_premium"":4129,""shed_units_now"":0,""shed_value_now"":0.0,""animals_in_shed_now"":0,""seeds_unplanted_now"":0,""seeds_unplanted_cost_now"":0.0},{""sell_dead_units"":2280,""refused_buy_product"":5,""refused_buy_seed"":0,""refused_buy_animal"":0,""refused_hire"":0,""refused_buy_land"":0,""hire_paid"":4397,""sell_zero_fill"":47,""buy_zero_fill"":1,""sell_revenue"":127374.0,""total_spend"":45320.0,""shed_discarded_units"":11,""sold_units"":2011,""feed_no_wheat"":0,""feed_no_animal"":0,""feed_redundant"":0,""water_dead"":13,""harvest_dead"":5,""plant_dead"":0,""animals_escaped"":0,""escape_capital"":0.0,""escape_yield_units"":0,""escape_first_day"":-1,""animal_unfed_days"":78,""plants_dry"":2,""dry_seed_cost"":120.0,""dry_yield_units"":1,""dry_first_day"":21,""plant_unwatered_days"":386,""decay_units"":18,""plants_decayed"":18,""silent_loss_coins"":120.0,""silent_loss_units"":30,""dead_actions"":49,""move_dead"":0,""locked_dead"":0,""pickup_dead"":0,""drop_dead"":0,""place_dead"":1,""build_dead"":0,""dig_dead"":2,""fertilize_dead"":1,""collect_dead"":3,""care_dead"":24,""tile_cap_units"":19,""fertilizer_forgone"":22,""care_unfed"":74,""animal_shed_days"":1,""idle_tile_days"":66,""weed_tile_days"":3,""hand_pass_turns"":369,""farmer_pass_turns"":64,""phantom_hand_actions"":0,""sell_floor_units"":85,""hire_premium"":4129,""shed_units_now"":0,""shed_value_now"":0.0,""animals_in_shed_now"":0,""seeds_unplanted_now"":4,""seeds_unplanted_cost_now"":40.0}]}","{""opening_calls"":1,""opening_stock_ok"":1,""parent"":{""rescue"":{""planning_calls"":1,""accepted"":1,""changed_steps"":7,""aborted"":0,""shadow_declines"":0,""errors"":0,""max_planning_ms"":71.24190000467934},""fertilizer"":{""skips"":3,""covered"":1,""capped"":2,""errors"":0},""seed_budget"":{""cut_units"":76,""saved_cost"":1520,""changed_turns"":14,""errors"":0}}}",
m11_final_response,B1,B1,herd_safe,522609241,0,113701.0,113686.0,15.0,W,kagsim,4.156615,0,0,0,0,0,0,0,0,3d5abadf277ffbf26faf5853b80f902eec0bdb2b3d07a15179f8411eccf494e5,"[{""step"":0,""shops"":[]},{""step"":72,""shops"":[""YARN_STORE""]},{""step"":144,""shops"":[""YARN_STORE"",""BRUNCH_SPOT""]},{""step"":216,""shops"":[""YARN_STORE"",""BRUNCH_SPOT"",""ICE_CREAM_SHOP""]},{""step"":288,""shops"":[""YARN_STORE"",""BRUNCH_SPOT"",""ICE_CREAM_SHOP"",""ICE_CREAM_SHOP""]},{""step"":360,""shops"":[""YARN_STORE"",""BRUNCH_SPOT"",""ICE_CREAM_SHOP"",""ICE_CREAM_SHOP"",""BRUNCH_SPOT""]},{""step"":432,""shops"":[""YARN_STORE"",""BRUNCH_SPOT"",""ICE_CREAM_SHOP"",""ICE_CREAM_SHOP"",""BRUNCH_SPOT"",""BRUNCH_SPOT""]},{""step"":504,""shops"":[""YARN_STORE"",""BRUNCH_SPOT"",""ICE_CREAM_SHOP"",""ICE_CREAM_SHOP"",""BRUNCH_SPOT"",""BRUNCH_SPOT"",""FARMERS_MARKET""]},{""step"":576,""shops"":[""YARN_STORE"",""BRUNCH_SPOT"",""ICE_CREAM_SHOP"",""ICE_CREAM_SHOP"",""BRUNCH_SPOT"",""BRUNCH_SPOT"",""FARMERS_MARKET"",""BRUNCH_SPOT""]}]",experiments/round11_execution_20260924/track_b/market_kagsim/replays/m11_final_response/B1/seed_522609241_seat_0.json.gz,356aaadc6226f31dd727961d97282bdeebe5f81a5896a55b8189ba675add3e24,a08a19f9a2852f4e27ba0d082b70ce559f78fe5173f42011fd529fb25607ae73,b6553c296c556aff5b5e2d12b75618e505fa4d852afb5338414ac6d6e039cb02,0fe077cc65622d6f6828160d90b617595a4aa7ea188e4afc67bfee8e4d290c92,"{""players"":[{""sell_dead_units"":187,""refused_buy_product"":1,""refused_buy_seed"":0,""refused_buy_animal"":0,""refused_hire"":0,""refused_buy_land"":0,""hire_paid"":5659,""sell_zero_fill"":18,""buy_zero_fill"":1,""sell_revenue"":140430.0,""total_spend"":29729.0,""shed_discarded_units"":32,""sold_units"":1549,""feed_no_wheat"":0,""feed_no_animal"":0,""feed_redundant"":0,""water_dead"":1,""harvest_dead"":4,""plant_dead"":0,""animals_escaped"":0,""escape_capital"":0.0,""escape_yield_units"":0,""escape_first_day"":-1,""animal_unfed_days"":62,""plants_dry"":1,""dry_seed_cost"":100.0,""dry_yield_units"":0,""dry_first_day"":21,""plant_unwatered_days"":385,""decay_units"":18,""plants_decayed"":18,""silent_loss_coins"":100.0,""silent_loss_units"":50,""dead_actions"":17,""move_dead"":0,""locked_dead"":0,""pickup_dead"":0,""drop_dead"":0,""place_dead"":1,""build_dead"":0,""dig_dead"":2,""fertilize_dead"":0,""collect_dead"":4,""care_dead"":5,""tile_cap_units"":9,""fertilizer_forgone"":14,""care_unfed"":58,""animal_shed_days"":0,""idle_tile_days"":62,""weed_tile_days"":1,""hand_pass_turns"":616,""farmer_pass_turns"":83,""phantom_hand_actions"":0,""sell_floor_units"":63,""hire_premium"":5377,""shed_units_now"":0,""shed_value_now"":0.0,""animals_in_shed_now"":0,""seeds_unplanted_now"":0,""seeds_unplanted_cost_now"":0.0},{""sell_dead_units"":187,""refused_buy_product"":1,""refused_buy_seed"":0,""refused_buy_animal"":0,""refused_hire"":0,""refused_buy_land"":0,""hire_paid"":5659,""sell_zero_fill"":18,""buy_zero_fill"":1,""sell_revenue"":140415.0,""total_spend"":29729.0,""shed_discarded_units"":32,""sold_units"":1549,""feed_no_wheat"":0,""feed_no_animal"":0,""feed_redundant"":0,""water_dead"":1,""harvest_dead"":4,""plant_dead"":0,""animals_escaped"":0,""escape_capital"":0.0,""escape_yield_units"":0,""escape_first_day"":-1,""animal_unfed_days"":62,""plants_dry"":1,""dry_seed_cost"":100.0,""dry_yield_units"":0,""dry_first_day"":21,""plant_unwatered_days"":385,""decay_units"":18,""plants_decayed"":18,""silent_loss_coins"":100.0,""silent_loss_units"":50,""dead_actions"":17,""move_dead"":0,""locked_dead"":0,""pickup_dead"":0,""drop_dead"":0,""place_dead"":1,""build_dead"":0,""dig_dead"":2,""fertilize_dead"":0,""collect_dead"":4,""care_dead"":5,""tile_cap_units"":9,""fertilizer_forgone"":14,""care_unfed"":58,""animal_shed_days"":0,""idle_tile_days"":62,""weed_tile_days"":1,""hand_pass_turns"":616,""farmer_pass_turns"":83,""phantom_hand_actions"":0,""sell_floor_units"":63,""hire_premium"":5377,""shed_units_now"":0,""shed_value_now"":0.0,""animals_in_shed_now"":0,""seeds_unplanted_now"":0,""seeds_unplanted_cost_now"":0.0}]}","{""calls"":719,""eligible"":87,""changes"":1,""errors"":0,""evaluations"":152,""predicted_gain"":15.0,""mode"":""final""}",
m11_final_response,B1,B1,herd_safe,522609241,1,113701.0,113686.0,15.0,W,kagsim,4.004892,0,0,0,0,0,0,0,0,3d5abadf277ffbf26faf5853b80f902eec0bdb2b3d07a15179f8411eccf494e5,"[{""step"":0,""shops"":[]},{""step"":72,""shops"":[""YARN_STORE""]},{""step"":144,""shops"":[""YARN_STORE"",""BRUNCH_SPOT""]},{""step"":216,""shops"":[""YARN_STORE"",""BRUNCH_SPOT"",""ICE_CREAM_SHOP""]},{""step"":288,""shops"":[""YARN_STORE"",""BRUNCH_SPOT"",""ICE_CREAM_SHOP"",""ICE_CREAM_SHOP""]},{""step"":360,""shops"":[""YARN_STORE"",""BRUNCH_SPOT"",""ICE_CREAM_SHOP"",""ICE_CREAM_SHOP"",""BRUNCH_SPOT""]},{""step"":432,""shops"":[""YARN_STORE"",""BRUNCH_SPOT"",""ICE_CREAM_SHOP"",""ICE_CREAM_SHOP"",""BRUNCH_SPOT"",""BRUNCH_SPOT""]},{""step"":504,""shops"":[""YARN_STORE"",""BRUNCH_SPOT"",""ICE_CREAM_SHOP"",""ICE_CREAM_SHOP"",""BRUNCH_SPOT"",""BRUNCH_SPOT"",""FARMERS_MARKET""]},{""step"":576,""shops"":[""YARN_STORE"",""BRUNCH_SPOT"",""ICE_CREAM_SHOP"",""ICE_CREAM_SHOP"",""BRUNCH_SPOT"",""BRUNCH_SPOT"",""FARMERS_MARKET"",""BRUNCH_SPOT""]}]",experiments/round11_execution_20260924/track_b/market_kagsim/replays/m11_final_response/B1/seed_522609241_seat_1.json.gz,8a25170dfe3c80835615ce4d8d26b2aa9b785d2b422fecd9a5d20239575ddde0,a08a19f9a2852f4e27ba0d082b70ce559f78fe5173f42011fd529fb25607ae73,b6553c296c556aff5b5e2d12b75618e505fa4d852afb5338414ac6d6e039cb02,0fe077cc65622d6f6828160d90b617595a4aa7ea188e4afc67bfee8e4d290c92,"{""players"":[{""sell_dead_units"":187,""refused_buy_product"":1,""refused_buy_seed"":0,""refused_buy_animal"":0,""refused_hire"":0,""refused_buy_land"":0,""hire_paid"":5659,""sell_zero_fill"":18,""buy_zero_fill"":1,""sell_revenue"":140415.0,""total_spend"":29729.0,""shed_discarded_units"":32,""sold_units"":1549,""feed_no_wheat"":0,""feed_no_animal"":0,""feed_redundant"":0,""water_dead"":1,""harvest_dead"":4,""plant_dead"":0,""animals_escaped"":0,""escape_capital"":0.0,""escape_yield_units"":0,""escape_first_day"":-1,""animal_unfed_days"":62,""plants_dry"":1,""dry_seed_cost"":100.0,""dry_yield_units"":0,""dry_first_day"":21,""plant_unwatered_days"":385,""decay_units"":18,""plants_decayed"":18,""silent_loss_coins"":100.0,""silent_loss_units"":50,""dead_actions"":17,""move_dead"":0,""locked_dead"":0,""pickup_dead"":0,""drop_dead"":0,""place_dead"":1,""build_dead"":0,""dig_dead"":2,""fertilize_dead"":0,""collect_dead"":4,""care_dead"":5,""tile_cap_units"":9,""fertilizer_forgone"":14,""care_unfed"":58,""animal_shed_days"":0,""idle_tile_days"":62,""weed_tile_days"":1,""hand_pass_turns"":616,""farmer_pass_turns"":83,""phantom_hand_actions"":0,""sell_floor_units"":63,""hire_premium"":5377,""shed_units_now"":0,""shed_value_now"":0.0,""animals_in_shed_now"":0,""seeds_unplanted_now"":0,""seeds_unplanted_cost_now"":0.0},{""sell_dead_units"":187,""refused_buy_product"":1,""refused_buy_seed"":0,""refused_buy_animal"":0,""refused_hire"":0,""refused_buy_land"":0,""hire_paid"":5659,""sell_zero_fill"":18,""buy_zero_fill"":1,""sell_revenue"":140430.0,""total_spend"":29729.0,""shed_discarded_units"":32,""sold_units"":1549,""feed_no_wheat"":0,""feed_no_animal"":0,""feed_redundant"":0,""water_dead"":1,""harvest_dead"":4,""plant_dead"":0,""animals_escaped"":0,""escape_capital"":0.0,""escape_yield_units"":0,""escape_first_day"":-1,""animal_unfed_days"":62,""plants_dry"":1,""dry_seed_cost"":100.0,""dry_yield_units"":0,""dry_first_day"":21,""plant_unwatered_days"":385,""decay_units"":18,""plants_decayed"":18,""silent_loss_coins"":100.0,""silent_loss_units"":50,""dead_actions"":17,""move_dead"":0,""locked_dead"":0,""pickup_dead"":0,""drop_dead"":0,""place_dead"":1,""build_dead"":0,""dig_dead"":2,""fertilize_dead"":0,""collect_dead"":4,""care_dead"":5,""tile_cap_units"":9,""fertilizer_forgone"":14,""care_unfed"":58,""animal_shed_days"":0,""idle_tile_days"":62,""weed_tile_days"":1,""hand_pass_turns"":616,""farmer_pass_turns"":83,""phantom_hand_actions"":0,""sell_floor_units"":63,""hire_premium"":5377,""shed_units_now"":0,""shed_value_now"":0.0,""animals_in_shed_now"":0,""seeds_unplanted_now"":0,""seeds_unplanted_cost_now"":0.0}]}","{""calls"":719,""eligible"":87,""changes"":1,""errors"":0,""evaluations"":152,""predicted_gain"":15.0,""mode"":""final""}",
m11_final_response,B1,B1,herd_safe,522609242,0,116722.0,116722.0,0.0,T,kagsim,4.674977,0,0,0,0,0,0,0,0,cd945f271e647a2f5fc263c386808ef34a28435ba33f723a6ccd7112be4b1a7c,"[{""step"":0,""shops"":[]},{""step"":72,""shops"":[""SMOOTHIE_SHOP""]},{""step"":144,""shops"":[""SMOOTHIE_SHOP"",""SMOOTHIE_SHOP""]},{""step"":216,""shops"":[""SMOOTHIE_SHOP"",""SMOOTHIE_SHOP"",""BRUNCH_SPOT""]},{""step"":288,""shops"":[""SMOOTHIE_SHOP"",""SMOOTHIE_SHOP"",""BRUNCH_SPOT"",""BAKERY""]},{""step"":360,""shops"":[""SMOOTHIE_SHOP"",""SMOOTHIE_SHOP"",""BRUNCH_SPOT"",""BAKERY"",""YARN_STORE""]},{""step"":432,""shops"":[""SMOOTHIE_SHOP"",""SMOOTHIE_SHOP"",""BRUNCH_SPOT"",""BAKERY"",""YARN_STORE"",""ICE_CREAM_SHOP""]},{""step"":504,""shops"":[""SMOOTHIE_SHOP"",""SMOOTHIE_SHOP"",""BRUNCH_SPOT"",""BAKERY"",""YARN_STORE"",""ICE_CREAM_SHOP"",""BAKERY""]},{""step"":576,""shops"":[""SMOOTHIE_SHOP"",""SMOOTHIE_SHOP"",""BRUNCH_SPOT"",""BAKERY"",""YARN_STORE"",""ICE_CREAM_SHOP"",""BAKERY"",""FARMERS_MARKET""]}]",experiments/round11_execution_20260924/track_b/market_kagsim/replays/m11_final_response/B1/seed_522609242_seat_0.json.gz,121e9bfce274d6e246f135992d60d541b7194bc262f201d6aa3060772eb70a01,a08a19f9a2852f4e27ba0d082b70ce559f78fe5173f42011fd529fb25607ae73,b6553c296c556aff5b5e2d12b75618e505fa4d852afb5338414ac6d6e039cb02,0fe077cc65622d6f6828160d90b617595a4aa7ea188e4afc67bfee8e4d290c92,"{""players"":[{""sell_dead_units"":219,""refused_buy_product"":1,""refused_buy_seed"":0,""refused_buy_animal"":0,""refused_hire"":0,""refused_buy_land"":0,""hire_paid"":4164,""sell_zero_fill"":40,""buy_zero_fill"":1,""sell_revenue"":141139.0,""total_spend"":27417.0,""shed_discarded_units"":4,""sold_units"":1595,""feed_no_wheat"":0,""feed_no_animal"":0,""feed_redundant"":0,""water_dead"":11,""harvest_dead"":4,""plant_dead"":0,""animals_escaped"":0,""escape_capital"":0.0,""escape_yield_units"":0,""escape_first_day"":-1,""animal_unfed_days"":42,""plants_dry"":1,""dry_seed_cost"":100.0,""dry_yield_units"":0,""dry_first_day"":21,""plant_unwatered_days"":392,""decay_units"":18,""plants_decayed"":18,""silent_loss_coins"":100.0,""silent_loss_units"":22,""dead_actions"":41,""move_dead"":0,""locked_dead"":0,""pickup_dead"":0,""drop_dead"":0,""place_dead"":1,""build_dead"":0,""dig_dead"":3,""fertilize_dead"":1,""collect_dead"":8,""care_dead"":13,""tile_cap_units"":19,""fertilizer_forgone"":19,""care_unfed"":37,""animal_shed_days"":1,""idle_tile_days"":63,""weed_tile_days"":1,""hand_pass_turns"":363,""farmer_pass_turns"":61,""phantom_hand_actions"":0,""sell_floor_units"":21,""hire_premium"":3898,""shed_units_now"":0,""shed_value_now"":0.0,""animals_in_shed_now"":0,""seeds_unplanted_now"":1,""seeds_unplanted_cost_now"":10.0},{""sell_dead_units"":219,""refused_buy_product"":1,""refused_buy_seed"":0,""refused_buy_animal"":0,""refused_hire"":0,""refused_buy_land"":0,""hire_paid"":4164,""sell_zero_fill"":40,""buy_zero_fill"":1,""sell_revenue"":141139.0,""total_spend"":27417.0,""shed_discarded_units"":4,""sold_units"":1595,""feed_no_wheat"":0,""feed_no_animal"":0,""feed_redundant"":0,""water_dead"":11,""harvest_dead"":4,""plant_dead"":0,""animals_escaped"":0,""escape_capital"":0.0,""escape_yield_units"":0,""escape_first_day"":-1,""animal_unfed_days"":42,""plants_dry"":1,""dry_seed_cost"":100.0,""dry_yield_units"":0,""dry_first_day"":21,""plant_unwatered_days"":392,""decay_units"":18,""plants_decayed"":18,""silent_loss_coins"":100.0,""silent_loss_units"":22,""dead_actions"":41,""move_dead"":0,""locked_dead"":0,""pickup_dead"":0,""drop_dead"":0,""place_dead"":1,""build_dead"":0,""dig_dead"":3,""fertilize_dead"":1,""collect_dead"":8,""care_dead"":13,""tile_cap_units"":19,""fertilizer_forgone"":19,""care_unfed"":37,""animal_shed_days"":1,""idle_tile_days"":63,""weed_tile_days"":1,""hand_pass_turns"":363,""farmer_pass_turns"":61,""phantom_hand_actions"":0,""sell_floor_units"":21,""hire_premium"":3898,""shed_units_now"":0,""shed_value_now"":0.0,""animals_in_shed_now"":0,""seeds_unplanted_now"":1,""seeds_unplanted_cost_now"":10.0}]}","{""calls"":719,""eligible"":125,""changes"":0,""errors"":0,""evaluations"":194,""predicted_gain"":0.0,""mode"":""final""}",
m11_final_response,B1,B1,herd_safe,522609242,1,116722.0,116722.0,0.0,T,kagsim,4.686573,0,0,0,0,0,0,0,0,cd945f271e647a2f5fc263c386808ef34a28435ba33f723a6ccd7112be4b1a7c,"[{""step"":0,""shops"":[]},{""step"":72,""shops"":[""SMOOTHIE_SHOP""]},{""step"":144,""shops"":[""SMOOTHIE_SHOP"",""SMOOTHIE_SHOP""]},{""step"":216,""shops"":[""SMOOTHIE_SHOP"",""SMOOTHIE_SHOP"",""BRUNCH_SPOT""]},{""step"":288,""shops"":[""SMOOTHIE_SHOP"",""SMOOTHIE_SHOP"",""BRUNCH_SPOT"",""BAKERY""]},{""step"":360,""shops"":[""SMOOTHIE_SHOP"",""SMOOTHIE_SHOP"",""BRUNCH_SPOT"",""BAKERY"",""YARN_STORE""]},{""step"":432,""shops"":[""SMOOTHIE_SHOP"",""SMOOTHIE_SHOP"",""BRUNCH_SPOT"",""BAKERY"",""YARN_STORE"",""ICE_CREAM_SHOP""]},{""step"":504,""shops"":[""SMOOTHIE_SHOP"",""SMOOTHIE_SHOP"",""BRUNCH_SPOT"",""BAKERY"",""YARN_STORE"",""ICE_CREAM_SHOP"",""BAKERY""]},{""step"":576,""shops"":[""SMOOTHIE_SHOP"",""SMOOTHIE_SHOP"",""BRUNCH_SPOT"",""BAKERY"",""YARN_STORE"",""ICE_CREAM_SHOP"",""BAKERY"",""FARMERS_MARKET""]}]",experiments/round11_execution_20260924/track_b/market_kagsim/replays/m11_final_response/B1/seed_522609242_seat_1.json.gz,6170b2048b6b8bf7eef63cafde92607a1d41e697d08f4bffb6ccbb885ad0b89a,a08a19f9a2852f4e27ba0d082b70ce559f78fe5173f42011fd529fb25607ae73,b6553c296c556aff5b5e2d12b75618e505fa4d852afb5338414ac6d6e039cb02,0fe077cc65622d6f6828160d90b617595a4aa7ea188e4afc67bfee8e4d290c92,"{""players"":[{""sell_dead_units"":219,""refused_buy_product"":1,""refused_buy_seed"":0,""refused_buy_animal"":0,""refused_hire"":0,""refused_buy_land"":0,""hire_paid"":4164,""sell_zero_fill"":40,""buy_zero_fill"":1,""sell_revenue"":141139.0,""total_spend"":27417.0,""shed_discarded_units"":4,""sold_units"":1595,""feed_no_wheat"":0,""feed_no_animal"":0,""feed_redundant"":0,""water_dead"":11,""harvest_dead"":4,""plant_dead"":0,""animals_escaped"":0,""escape_capital"":0.0,""escape_yield_units"":0,""escape_first_day"":-1,""animal_unfed_days"":42,""plants_dry"":1,""dry_seed_cost"":100.0,""dry_yield_units"":0,""dry_first_day"":21,""plant_unwatered_days"":392,""decay_units"":18,""plants_decayed"":18,""silent_loss_coins"":100.0,""silent_loss_units"":22,""dead_actions"":41,""move_dead"":0,""locked_dead"":0,""pickup_dead"":0,""drop_dead"":0,""place_dead"":1,""build_dead"":0,""dig_dead"":3,""fertilize_dead"":1,""collect_dead"":8,""care_dead"":13,""tile_cap_units"":19,""fertilizer_forgone"":19,""care_unfed"":37,""animal_shed_days"":1,""idle_tile_days"":63,""weed_tile_days"":1,""hand_pass_turns"":363,""farmer_pass_turns"":61,""phantom_hand_actions"":0,""sell_floor_units"":21,""hire_premium"":3898,""shed_units_now"":0,""shed_value_now"":0.0,""animals_in_shed_now"":0,""seeds_unplanted_now"":1,""seeds_unplanted_cost_now"":10.0},{""sell_dead_units"":219,""refused_buy_product"":1,""refused_buy_seed"":0,""refused_buy_animal"":0,""refused_hire"":0,""refused_buy_land"":0,""hire_paid"":4164,""sell_zero_fill"":40,""buy_zero_fill"":1,""sell_revenue"":141139.0,""total_spend"":27417.0,""shed_discarded_units"":4,""sold_units"":1595,""feed_no_wheat"":0,""feed_no_animal"":0,""feed_redundant"":0,""water_dead"":11,""harvest_dead"":4,""plant_dead"":0,""animals_escaped"":0,""escape_capital"":0.0,""escape_yield_units"":0,""escape_first_day"":-1,""animal_unfed_days"":42,""plants_dry"":1,""dry_seed_cost"":100.0,""dry_yield_units"":0,""dry_first_day"":21,""plant_unwatered_days"":392,""decay_units"":18,""plants_decayed"":18,""silent_loss_coins"":100.0,""silent_loss_units"":22,""dead_actions"":41,""move_dead"":0,""locked_dead"":0,""pickup_dead"":0,""drop_dead"":0,""place_dead"":1,""build_dead"":0,""dig_dead"":3,""fertilize_dead"":1,""collect_dead"":8,""care_dead"":13,""tile_cap_units"":19,""fertilizer_forgone"":19,""care_unfed"":37,""animal_shed_days"":1,""idle_tile_days"":63,""weed_tile_days"":1,""hand_pass_turns"":363,""farmer_pass_turns"":61,""phantom_hand_actions"":0,""sell_floor_units"":21,""hire_premium"":3898,""shed_units_now"":0,""shed_value_now"":0.0,""animals_in_shed_now"":0,""seeds_unplanted_now"":1,""seeds_unplanted_cost_now"":10.0}]}","{""calls"":719,""eligible"":125,""changes"":0,""errors"":0,""evaluations"":194,""predicted_gain"":0.0,""mode"":""final""}",
m11_final_response,B1,B1,herd_safe,522609243,0,110221.0,110216.0,5.0,W,kagsim,4.15686,0,0,0,0,0,0,0,0,1d04709202fcf76383345d9e691360d89980e8b74a1a6a0b3b3159e5c4342665,"[{""step"":0,""shops"":[]},{""step"":72,""shops"":[""BRUNCH_SPOT""]},{""step"":144,""shops"":[""BRUNCH_SPOT"",""ICE_CREAM_SHOP""]},{""step"":216,""shops"":[""BRUNCH_SPOT"",""ICE_CREAM_SHOP"",""FARMERS_MARKET""]},{""step"":288,""shops"":[""BRUNCH_SPOT"",""ICE_CREAM_SHOP"",""FARMERS_MARKET"",""ICE_CREAM_SHOP""]},{""step"":360,""shops"":[""BRUNCH_SPOT"",""ICE_CREAM_SHOP"",""FARMERS_MARKET"",""ICE_CREAM_SHOP"",""PIZZA_SHOP""]},{""step"":432,""shops"":[""BRUNCH_SPOT"",""ICE_CREAM_SHOP"",""FARMERS_MARKET"",""ICE_CREAM_SHOP"",""PIZZA_SHOP"",""FARMERS_MARKET""]},{""step"":504,""shops"":[""BRUNCH_SPOT"",""ICE_CREAM_SHOP"",""FARMERS_MARKET"",""ICE_CREAM_SHOP"",""PIZZA_SHOP"",""FARMERS_MARKET"",""BAKERY""]},{""step"":576,""shops"":[""BRUNCH_SPOT"",""ICE_CREAM_SHOP"",""FARMERS_MARKET"",""ICE_CREAM_SHOP"",""PIZZA_SHOP"",""FARMERS_MARKET"",""BAKERY"",""PIZZA_SHOP""]}]",experiments/round11_execution_20260924/track_b/market_kagsim/replays/m11_final_response/B1/seed_522609243_seat_0.json.gz,aff6f3ca7ded6cc0801a535980191d42909bfdb560d73e12876e0feca3b8134b,a08a19f9a2852f4e27ba0d082b70ce559f78fe5173f42011fd529fb25607ae73,b6553c296c556aff5b5e2d12b75618e505fa4d852afb5338414ac6d6e039cb02,0fe077cc65622d6f6828160d90b617595a4aa7ea188e4afc67bfee8e4d290c92,"{""players"":[{""sell_dead_units"":215,""refused_buy_product"":1,""refused_buy_seed"":0,""refused_buy_animal"":0,""refused_hire"":0,""refused_buy_land"":0,""hire_paid"":4397,""sell_zero_fill"":34,""buy_zero_fill"":1,""sell_revenue"":135932.0,""total_spend"":28711.0,""shed_discarded_units"":3,""sold_units"":1604,""feed_no_wheat"":0,""feed_no_animal"":0,""feed_redundant"":0,""water_dead"":10,""harvest_dead"":3,""plant_dead"":0,""animals_escaped"":0,""escape_capital"":0.0,""escape_yield_units"":0,""escape_first_day"":-1,""animal_unfed_days"":76,""plants_dry"":1,""dry_seed_cost"":100.0,""dry_yield_units"":0,""dry_first_day"":21,""plant_unwatered_days"":391,""decay_units"":18,""plants_decayed"":18,""silent_loss_coins"":100.0,""silent_loss_units"":21,""dead_actions"":40,""move_dead"":0,""locked_dead"":0,""pickup_dead"":0,""drop_dead"":0,""place_dead"":1,""build_dead"":0,""dig_dead"":4,""fertilize_dead"":1,""collect_dead"":8,""care_dead"":13,""tile_cap_units"":21,""fertilizer_forgone"":19,""care_unfed"":72,""animal_shed_days"":1,""idle_tile_days"":63,""weed_tile_days"":1,""hand_pass_turns"":397,""farmer_pass_turns"":67,""phantom_hand_actions"":0,""sell_floor_units"":54,""hire_premium"":4129,""shed_units_now"":0,""shed_value_now"":0.0,""animals_in_shed_now"":0,""seeds_unplanted_now"":1,""seeds_unplanted_cost_now"":10.0},{""sell_dead_units"":215,""refused_buy_product"":1,""refused_buy_seed"":0,""refused_buy_animal"":0,""refused_hire"":0,""refused_buy_land"":0,""hire_paid"":4397,""sell_zero_fill"":34,""buy_zero_fill"":1,""sell_revenue"":135927.0,""total_spend"":28711.0,""shed_discarded_units"":3,""sold_units"":1604,""feed_no_wheat"":0,""feed_no_animal"":0,""feed_redundant"":0,""water_dead"":10,""harvest_dead"":3,""plant_dead"":0,""animals_escaped"":0,""escape_capital"":0.0,""escape_yield_units"":0,""escape_first_day"":-1,""animal_unfed_days"":76,""plants_dry"":1,""dry_seed_cost"":100.0,""dry_yield_units"":0,""dry_first_day"":21,""plant_unwatered_days"":391,""decay_units"":18,""plants_decayed"":18,""silent_loss_coins"":100.0,""silent_loss_units"":21,""dead_actions"":40,""move_dead"":0,""locked_dead"":0,""pickup_dead"":0,""drop_dead"":0,""place_dead"":1,""build_dead"":0,""dig_dead"":4,""fertilize_dead"":1,""collect_dead"":8,""care_dead"":13,""tile_cap_units"":21,""fertilizer_forgone"":19,""care_unfed"":72,""animal_shed_days"":1,""idle_tile_days"":63,""weed_tile_days"":1,""hand_pass_turns"":397,""farmer_pass_turns"":67,""phantom_hand_actions"":0,""sell_floor_units"":54,""hire_premium"":4129,""shed_units_now"":0,""shed_value_now"":0.0,""animals_in_shed_now"":0,""seeds_unplanted_now"":1,""seeds_unplanted_cost_now"":10.0}]}","{""calls"":719,""eligible"":128,""changes"":1,""errors"":0,""evaluations"":215,""predicted_gain"":5.0,""mode"":""final""}",
m11_final_response,B1,B1,herd_safe,522609243,1,110221.0,110216.0,5.0,W,kagsim,4.217426,0,0,0,0,0,0,0,0,1d04709202fcf76383345d9e691360d89980e8b74a1a6a0b3b3159e5c4342665,"[{""step"":0,""shops"":[]},{""step"":72,""shops"":[""BRUNCH_SPOT""]},{""step"":144,""shops"":[""BRUNCH_SPOT"",""ICE_CREAM_SHOP""]},{""step"":216,""shops"":[""BRUNCH_SPOT"",""ICE_CREAM_SHOP"",""FARMERS_MARKET""]},{""step"":288,""shops"":[""BRUNCH_SPOT"",""ICE_CREAM_SHOP"",""FARMERS_MARKET"",""ICE_CREAM_SHOP""]},{""step"":360,""shops"":[""BRUNCH_SPOT"",""ICE_CREAM_SHOP"",""FARMERS_MARKET"",""ICE_CREAM_SHOP"",""PIZZA_SHOP""]},{""step"":432,""shops"":[""BRUNCH_SPOT"",""ICE_CREAM_SHOP"",""FARMERS_MARKET"",""ICE_CREAM_SHOP"",""PIZZA_SHOP"",""FARMERS_MARKET""]},{""step"":504,""shops"":[""BRUNCH_SPOT"",""ICE_CREAM_SHOP"",""FARMERS_MARKET"",""ICE_CREAM_SHOP"",""PIZZA_SHOP"",""FARMERS_MARKET"",""BAKERY""]},{""step"":576,""shops"":[""BRUNCH_SPOT"",""ICE_CREAM_SHOP"",""FARMERS_MARKET"",""ICE_CREAM_SHOP"",""PIZZA_SHOP"",""FARMERS_MARKET"",""BAKERY"",""PIZZA_SHOP""]}]",experiments/round11_execution_20260924/track_b/market_kagsim/replays/m11_final_response/B1/seed_522609243_seat_1.json.gz,affcebbd888433a5b20b7c0e1d259ce5f06a1b8f2b8e21c3cbbafdf15649d0c0,a08a19f9a2852f4e27ba0d082b70ce559f78fe5173f42011fd529fb25607ae73,b6553c296c556aff5b5e2d12b75618e505fa4d852afb5338414ac6d6e039cb02,0fe077cc65622d6f6828160d90b617595a4aa7ea188e4afc67bfee8e4d290c92,"{""players"":[{""sell_dead_units"":215,""refused_buy_product"":1,""refused_buy_seed"":0,""refused_buy_animal"":0,""refused_hire"":0,""refused_buy_land"":0,""hire_paid"":4397,""sell_zero_fill"":34,""buy_zero_fill"":1,""sell_revenue"":135927.0,""total_spend"":28711.0,""shed_discarded_units"":3,""sold_units"":1604,""feed_no_wheat"":0,""feed_no_animal"":0,""feed_redundant"":0,""water_dead"":10,""harvest_dead"":3,""plant_dead"":0,""animals_escaped"":0,""escape_capital"":0.0,""escape_yield_units"":0,""escape_first_day"":-1,""animal_unfed_days"":76,""plants_dry"":1,""dry_seed_cost"":100.0,""dry_yield_units"":0,""dry_first_day"":21,""plant_unwatered_days"":391,""decay_units"":18,""plants_decayed"":18,""silent_loss_coins"":100.0,""silent_loss_units"":21,""dead_actions"":40,""move_dead"":0,""locked_dead"":0,""pickup_dead"":0,""drop_dead"":0,""place_dead"":1,""build_dead"":0,""dig_dead"":4,""fertilize_dead"":1,""collect_dead"":8,""care_dead"":13,""tile_cap_units"":21,""fertilizer_forgone"":19,""care_unfed"":72,""animal_shed_days"":1,""idle_tile_days"":63,""weed_tile_days"":1,""hand_pass_turns"":397,""farmer_pass_turns"":67,""phantom_hand_actions"":0,""sell_floor_units"":54,""hire_premium"":4129,""shed_units_now"":0,""shed_value_now"":0.0,""animals_in_shed_now"":0,""seeds_unplanted_now"":1,""seeds_unplanted_cost_now"":10.0},{""sell_dead_units"":215,""refused_buy_product"":1,""refused_buy_seed"":0,""refused_buy_animal"":0,""refused_hire"":0,""refused_buy_land"":0,""hire_paid"":4397,""sell_zero_fill"":34,""buy_zero_fill"":1,""sell_revenue"":135932.0,""total_spend"":28711.0,""shed_discarded_units"":3,""sold_units"":1604,""feed_no_wheat"":0,""feed_no_animal"":0,""feed_redundant"":0,""water_dead"":10,""harvest_dead"":3,""plant_dead"":0,""animals_escaped"":0,""escape_capital"":0.0,""escape_yield_units"":0,""escape_first_day"":-1,""animal_unfed_days"":76,""plants_dry"":1,""dry_seed_cost"":100.0,""dry_yield_units"":0,""dry_first_day"":21,""plant_unwatered_days"":391,""decay_units"":18,""plants_decayed"":18,""silent_loss_coins"":100.0,""silent_loss_units"":21,""dead_actions"":40,""move_dead"":0,""locked_dead"":0,""pickup_dead"":0,""drop_dead"":0,""place_dead"":1,""build_dead"":0,""dig_dead"":4,""fertilize_dead"":1,""collect_dead"":8,""care_dead"":13,""tile_cap_units"":21,""fertilizer_forgone"":19,""care_unfed"":72,""animal_shed_days"":1,""idle_tile_days"":63,""weed_tile_days"":1,""hand_pass_turns"":397,""farmer_pass_turns"":67,""phantom_hand_actions"":0,""sell_floor_units"":54,""hire_premium"":4129,""shed_units_now"":0,""shed_value_now"":0.0,""animals_in_shed_now"":0,""seeds_unplanted_now"":1,""seeds_unplanted_cost_now"":10.0}]}","{""calls"":719,""eligible"":128,""changes"":1,""errors"":0,""evaluations"":215,""predicted_gain"":5.0,""mode"":""final""}",
m11_final_response,B1,B1,herd_safe,522609244,0,85106.0,85008.0,98.0,W,kagsim,4.778086,0,0,0,0,0,0,0,0,29ae70298aff5372b49961180210c77419a07c48f2304c46e4887e3408b3f36c,"[{""step"":0,""shops"":[]},{""step"":72,""shops"":[""BAKERY""]},{""step"":144,""shops"":[""BAKERY"",""FARMERS_MARKET""]},{""step"":216,""shops"":[""BAKERY"",""FARMERS_MARKET"",""BRUNCH_SPOT""]},{""step"":288,""shops"":[""BAKERY"",""FARMERS_MARKET"",""BRUNCH_SPOT"",""YARN_STORE""]},{""step"":360,""shops"":[""BAKERY"",""FARMERS_MARKET"",""BRUNCH_SPOT"",""YARN_STORE"",""FARMERS_MARKET""]},{""step"":432,""shops"":[""BAKERY"",""FARMERS_MARKET"",""BRUNCH_SPOT"",""YARN_STORE"",""FARMERS_MARKET"",""BAKERY""]},{""step"":504,""shops"":[""BAKERY"",""FARMERS_MARKET"",""BRUNCH_SPOT"",""YARN_STORE"",""FARMERS_MARKET"",""BAKERY"",""BRUNCH_SPOT""]},{""step"":576,""shops"":[""BAKERY"",""FARMERS_MARKET"",""BRUNCH_SPOT"",""YARN_STORE"",""FARMERS_MARKET"",""BAKERY"",""BRUNCH_SPOT"",""ICE_CREAM_SHOP""]}]",experiments/round11_execution_20260924/track_b/market_kagsim/replays/m11_final_response/B1/seed_522609244_seat_0.json.gz,4a5c1ee0653071a0227b84aa0164c899afbcb5a9ea55ffaed3dd5a710253cb7f,a08a19f9a2852f4e27ba0d082b70ce559f78fe5173f42011fd529fb25607ae73,b6553c296c556aff5b5e2d12b75618e505fa4d852afb5338414ac6d6e039cb02,0fe077cc65622d6f6828160d90b617595a4aa7ea188e4afc67bfee8e4d290c92,"{""players"":[{""sell_dead_units"":2280,""refused_buy_product"":5,""refused_buy_seed"":0,""refused_buy_animal"":0,""refused_hire"":0,""refused_buy_land"":0,""hire_paid"":4397,""sell_zero_fill"":47,""buy_zero_fill"":1,""sell_revenue"":127347.0,""total_spend"":45241.0,""shed_discarded_units"":11,""sold_units"":2011,""feed_no_wheat"":0,""feed_no_animal"":0,""feed_redundant"":0,""water_dead"":12,""harvest_dead"":4,""plant_dead"":0,""animals_escaped"":0,""escape_capital"":0.0,""escape_yield_units"":0,""escape_first_day"":-1,""animal_unfed_days"":78,""plants_dry"":2,""dry_seed_cost"":120.0,""dry_yield_units"":1,""dry_first_day"":21,""plant_unwatered_days"":387,""decay_units"":18,""plants_decayed"":18,""silent_loss_coins"":120.0,""silent_loss_units"":30,""dead_actions"":47,""move_dead"":0,""locked_dead"":0,""pickup_dead"":0,""drop_dead"":0,""place_dead"":1,""build_dead"":0,""dig_dead"":2,""fertilize_dead"":1,""collect_dead"":3,""care_dead"":24,""tile_cap_units"":19,""fertilizer_forgone"":22,""care_unfed"":74,""animal_shed_days"":1,""idle_tile_days"":64,""weed_tile_days"":2,""hand_pass_turns"":368,""farmer_pass_turns"":64,""phantom_hand_actions"":0,""sell_floor_units"":84,""hire_premium"":4129,""shed_units_now"":0,""shed_value_now"":0.0,""animals_in_shed_now"":0,""seeds_unplanted_now"":3,""seeds_unplanted_cost_now"":30.0},{""sell_dead_units"":2280,""refused_buy_product"":5,""refused_buy_seed"":0,""refused_buy_animal"":0,""refused_hire"":0,""refused_buy_land"":0,""hire_paid"":4397,""sell_zero_fill"":47,""buy_zero_fill"":1,""sell_revenue"":127329.0,""total_spend"":45321.0,""shed_discarded_units"":11,""sold_units"":2011,""feed_no_wheat"":0,""feed_no_animal"":0,""feed_redundant"":0,""water_dead"":13,""harvest_dead"":5,""plant_dead"":0,""animals_escaped"":0,""escape_capital"":0.0,""escape_yield_units"":0,""escape_first_day"":-1,""animal_unfed_days"":78,""plants_dry"":2,""dry_seed_cost"":120.0,""dry_yield_units"":1,""dry_first_day"":21,""plant_unwatered_days"":386,""decay_units"":18,""plants_decayed"":18,""silent_loss_coins"":120.0,""silent_loss_units"":30,""dead_actions"":49,""move_dead"":0,""locked_dead"":0,""pickup_dead"":0,""drop_dead"":0,""place_dead"":1,""build_dead"":0,""dig_dead"":2,""fertilize_dead"":1,""collect_dead"":3,""care_dead"":24,""tile_cap_units"":19,""fertilizer_forgone"":22,""care_unfed"":74,""animal_shed_days"":1,""idle_tile_days"":66,""weed_tile_days"":3,""hand_pass_turns"":369,""farmer_pass_turns"":64,""phantom_hand_actions"":0,""sell_floor_units"":86,""hire_premium"":4129,""shed_units_now"":0,""shed_value_now"":0.0,""animals_in_shed_now"":0,""seeds_unplanted_now"":4,""seeds_unplanted_cost_now"":40.0}]}","{""calls"":719,""eligible"":122,""changes"":2,""errors"":0,""evaluations"":381,""predicted_gain"":18.0,""mode"":""final""}",
m11_final_response,B1,B1,herd_safe,522609244,1,85026.0,85088.0,-62.0,L,kagsim,4.667076,0,0,0,0,0,0,0,0,29ae70298aff5372b49961180210c77419a07c48f2304c46e4887e3408b3f36c,"[{""step"":0,""shops"":[]},{""step"":72,""shops"":[""BAKERY""]},{""step"":144,""shops"":[""BAKERY"",""FARMERS_MARKET""]},{""step"":216,""shops"":[""BAKERY"",""FARMERS_MARKET"",""BRUNCH_SPOT""]},{""step"":288,""shops"":[""BAKERY"",""FARMERS_MARKET"",""BRUNCH_SPOT"",""YARN_STORE""]},{""step"":360,""shops"":[""BAKERY"",""FARMERS_MARKET"",""BRUNCH_SPOT"",""YARN_STORE"",""FARMERS_MARKET""]},{""step"":432,""shops"":[""BAKERY"",""FARMERS_MARKET"",""BRUNCH_SPOT"",""YARN_STORE"",""FARMERS_MARKET"",""BAKERY""]},{""step"":504,""shops"":[""BAKERY"",""FARMERS_MARKET"",""BRUNCH_SPOT"",""YARN_STORE"",""FARMERS_MARKET"",""BAKERY"",""BRUNCH_SPOT""]},{""step"":576,""shops"":[""BAKERY"",""FARMERS_MARKET"",""BRUNCH_SPOT"",""YARN_STORE"",""FARMERS_MARKET"",""BAKERY"",""BRUNCH_SPOT"",""ICE_CREAM_SHOP""]}]",experiments/round11_execution_20260924/track_b/market_kagsim/replays/m11_final_response/B1/seed_522609244_seat_1.json.gz,7dfd079bfb9386f0bef8bd08efcaf709d268a389a4bbe0a45c876c599d40042f,a08a19f9a2852f4e27ba0d082b70ce559f78fe5173f42011fd529fb25607ae73,b6553c296c556aff5b5e2d12b75618e505fa4d852afb5338414ac6d6e039cb02,0fe077cc65622d6f6828160d90b617595a4aa7ea188e4afc67bfee8e4d290c92,"{""players"":[{""sell_dead_units"":2280,""refused_buy_product"":5,""refused_buy_seed"":0,""refused_buy_animal"":0,""refused_hire"":0,""refused_buy_land"":0,""hire_paid"":4397,""sell_zero_fill"":47,""buy_zero_fill"":1,""sell_revenue"":127329.0,""total_spend"":45241.0,""shed_discarded_units"":11,""sold_units"":2011,""feed_no_wheat"":0,""feed_no_animal"":0,""feed_redundant"":0,""water_dead"":12,""harvest_dead"":4,""plant_dead"":0,""animals_escaped"":0,""escape_capital"":0.0,""escape_yield_units"":0,""escape_first_day"":-1,""animal_unfed_days"":78,""plants_dry"":2,""dry_seed_cost"":120.0,""dry_yield_units"":1,""dry_first_day"":21,""plant_unwatered_days"":387,""decay_units"":18,""plants_decayed"":18,""silent_loss_coins"":120.0,""silent_loss_units"":30,""dead_actions"":47,""move_dead"":0,""locked_dead"":0,""pickup_dead"":0,""drop_dead"":0,""place_dead"":1,""build_dead"":0,""dig_dead"":2,""fertilize_dead"":1,""collect_dead"":3,""care_dead"":24,""tile_cap_units"":19,""fertilizer_forgone"":22,""care_unfed"":74,""animal_shed_days"":1,""idle_tile_days"":64,""weed_tile_days"":2,""hand_pass_turns"":368,""farmer_pass_turns"":64,""phantom_hand_actions"":0,""sell_floor_units"":86,""hire_premium"":4129,""shed_units_now"":0,""shed_value_now"":0.0,""animals_in_shed_now"":0,""seeds_unplanted_now"":3,""seeds_unplanted_cost_now"":30.0},{""sell_dead_units"":2280,""refused_buy_product"":5,""refused_buy_seed"":0,""refused_buy_animal"":0,""refused_hire"":0,""refused_buy_land"":0,""hire_paid"":4397,""sell_zero_fill"":47,""buy_zero_fill"":1,""sell_revenue"":127347.0,""total_spend"":45321.0,""shed_discarded_units"":11,""sold_units"":2011,""feed_no_wheat"":0,""feed_no_animal"":0,""feed_redundant"":0,""water_dead"":13,""harvest_dead"":5,""plant_dead"":0,""animals_escaped"":0,""escape_capital"":0.0,""escape_yield_units"":0,""escape_first_day"":-1,""animal_unfed_days"":78,""plants_dry"":2,""dry_seed_cost"":120.0,""dry_yield_units"":1,""dry_first_day"":21,""plant_unwatered_days"":386,""decay_units"":18,""plants_decayed"":18,""silent_loss_coins"":120.0,""silent_loss_units"":30,""dead_actions"":49,""move_dead"":0,""locked_dead"":0,""pickup_dead"":0,""drop_dead"":0,""place_dead"":1,""build_dead"":0,""dig_dead"":2,""fertilize_dead"":1,""collect_dead"":3,""care_dead"":24,""tile_cap_units"":19,""fertilizer_forgone"":22,""care_unfed"":74,""animal_shed_days"":1,""idle_tile_days"":66,""weed_tile_days"":3,""hand_pass_turns"":369,""farmer_pass_turns"":64,""phantom_hand_actions"":0,""sell_floor_units"":84,""hire_premium"":4129,""shed_units_now"":0,""shed_value_now"":0.0,""animals_in_shed_now"":0,""seeds_unplanted_now"":4,""seeds_unplanted_cost_now"":40.0}]}","{""calls"":719,""eligible"":122,""changes"":2,""errors"":0,""evaluations"":381,""predicted_gain"":18.0,""mode"":""final""}",
m11_final_response,B1,metav4,metav4,522609241,0,113608.0,113331.0,277.0,W,kagsim,4.178027,0,0,0,0,0,0,0,0,3d5abadf277ffbf26faf5853b80f902eec0bdb2b3d07a15179f8411eccf494e5,"[{""step"":0,""shops"":[]},{""step"":72,""shops"":[""YARN_STORE""]},{""step"":144,""shops"":[""YARN_STORE"",""BRUNCH_SPOT""]},{""step"":216,""shops"":[""YARN_STORE"",""BRUNCH_SPOT"",""ICE_CREAM_SHOP""]},{""step"":288,""shops"":[""YARN_STORE"",""BRUNCH_SPOT"",""ICE_CREAM_SHOP"",""ICE_CREAM_SHOP""]},{""step"":360,""shops"":[""YARN_STORE"",""BRUNCH_SPOT"",""ICE_CREAM_SHOP"",""ICE_CREAM_SHOP"",""BRUNCH_SPOT""]},{""step"":432,""shops"":[""YARN_STORE"",""BRUNCH_SPOT"",""ICE_CREAM_SHOP"",""ICE_CREAM_SHOP"",""BRUNCH_SPOT"",""BRUNCH_SPOT""]},{""step"":504,""shops"":[""YARN_STORE"",""BRUNCH_SPOT"",""ICE_CREAM_SHOP"",""ICE_CREAM_SHOP"",""BRUNCH_SPOT"",""BRUNCH_SPOT"",""FARMERS_MARKET""]},{""step"":576,""shops"":[""YARN_STORE"",""BRUNCH_SPOT"",""ICE_CREAM_SHOP"",""ICE_CREAM_SHOP"",""BRUNCH_SPOT"",""BRUNCH_SPOT"",""FARMERS_MARKET"",""BRUNCH_SPOT""]}]",experiments/round11_execution_20260924/track_b/market_kagsim/replays/m11_final_response/metav4/seed_522609241_seat_0.json.gz,1856fd1ae24ba11d8397d25b7cdbf29031f2808be5a065de9ad8d2e5937a028b,a08a19f9a2852f4e27ba0d082b70ce559f78fe5173f42011fd529fb25607ae73,9d63494603f88219857a3101d7dc19cc750ded04e5886732ee428580326967d9,0fe077cc65622d6f6828160d90b617595a4aa7ea188e4afc67bfee8e4d290c92,"{""players"":[{""sell_dead_units"":197,""refused_buy_product"":1,""refused_buy_seed"":0,""refused_buy_animal"":0,""refused_hire"":0,""refused_buy_land"":0,""hire_paid"":5659,""sell_zero_fill"":19,""buy_zero_fill"":1,""sell_revenue"":140348.0,""total_spend"":29740.0,""shed_discarded_units"":32,""sold_units"":1549,""feed_no_wheat"":0,""feed_no_animal"":0,""feed_redundant"":0,""water_dead"":1,""harvest_dead"":4,""plant_dead"":0,""animals_escaped"":0,""escape_capital"":0.0,""escape_yield_units"":0,""escape_first_day"":-1,""animal_unfed_days"":62,""plants_dry"":1,""dry_seed_cost"":100.0,""dry_yield_units"":0,""dry_first_day"":21,""plant_unwatered_days"":385,""decay_units"":18,""plants_decayed"":18,""silent_loss_coins"":100.0,""silent_loss_units"":50,""dead_actions"":17,""move_dead"":0,""locked_dead"":0,""pickup_dead"":0,""drop_dead"":0,""place_dead"":1,""build_dead"":0,""dig_dead"":2,""fertilize_dead"":0,""collect_dead"":4,""care_dead"":5,""tile_cap_units"":9,""fertilizer_forgone"":14,""care_unfed"":58,""animal_shed_days"":0,""idle_tile_days"":62,""weed_tile_days"":1,""hand_pass_turns"":616,""farmer_pass_turns"":83,""phantom_hand_actions"":0,""sell_floor_units"":62,""hire_premium"":5377,""shed_units_now"":0,""shed_value_now"":0.0,""animals_in_shed_now"":0,""seeds_unplanted_now"":0,""seeds_unplanted_cost_now"":0.0},{""sell_dead_units"":201,""refused_buy_product"":1,""refused_buy_seed"":0,""refused_buy_animal"":0,""refused_hire"":0,""refused_buy_land"":0,""hire_paid"":5659,""sell_zero_fill"":19,""buy_zero_fill"":1,""sell_revenue"":140446.0,""total_spend"":30115.0,""shed_discarded_units"":32,""sold_units"":1557,""feed_no_wheat"":0,""feed_no_animal"":0,""feed_redundant"":0,""water_dead"":1,""harvest_dead"":6,""plant_dead"":0,""animals_escaped"":0,""escape_capital"":0.0,""escape_yield_units"":0,""escape_first_day"":-1,""animal_unfed_days"":62,""plants_dry"":1,""dry_seed_cost"":100.0,""dry_yield_units"":0,""dry_first_day"":21,""plant_unwatered_days"":385,""decay_units"":18,""plants_decayed"":18,""silent_loss_coins"":100.0,""silent_loss_units"":50,""dead_actions"":20,""move_dead"":0,""locked_dead"":0,""pickup_dead"":0,""drop_dead"":0,""place_dead"":2,""build_dead"":0,""dig_dead"":2,""fertilize_dead"":0,""collect_dead"":4,""care_dead"":5,""tile_cap_units"":9,""fertilizer_forgone"":14,""care_unfed"":58,""animal_shed_days"":0,""idle_tile_days"":63,""weed_tile_days"":1,""hand_pass_turns"":632,""farmer_pass_turns"":83,""phantom_hand_actions"":0,""sell_floor_units"":59,""hire_premium"":5377,""shed_units_now"":0,""shed_value_now"":0.0,""animals_in_shed_now"":0,""seeds_unplanted_now"":0,""seeds_unplanted_cost_now"":0.0}]}","{""calls"":719,""eligible"":88,""changes"":2,""errors"":0,""evaluations"":183,""predicted_gain"":17.0,""mode"":""final""}",
m11_final_response,B1,metav4,metav4,522609241,1,113608.0,113331.0,277.0,W,kagsim,4.032926,0,0,0,0,0,0,0,0,3d5abadf277ffbf26faf5853b80f902eec0bdb2b3d07a15179f8411eccf494e5,"[{""step"":0,""shops"":[]},{""step"":72,""shops"":[""YARN_STORE""]},{""step"":144,""shops"":[""YARN_STORE"",""BRUNCH_SPOT""]},{""step"":216,""shops"":[""YARN_STORE"",""BRUNCH_SPOT"",""ICE_CREAM_SHOP""]},{""step"":288,""shops"":[""YARN_STORE"",""BRUNCH_SPOT"",""ICE_CREAM_SHOP"",""ICE_CREAM_SHOP""]},{""step"":360,""shops"":[""YARN_STORE"",""BRUNCH_SPOT"",""ICE_CREAM_SHOP"",""ICE_CREAM_SHOP"",""BRUNCH_SPOT""]},{""step"":432,""shops"":[""YARN_STORE"",""BRUNCH_SPOT"",""ICE_CREAM_SHOP"",""ICE_CREAM_SHOP"",""BRUNCH_SPOT"",""BRUNCH_SPOT""]},{""step"":504,""shops"":[""YARN_STORE"",""BRUNCH_SPOT"",""ICE_CREAM_SHOP"",""ICE_CREAM_SHOP"",""BRUNCH_SPOT"",""BRUNCH_SPOT"",""FARMERS_MARKET""]},{""step"":576,""shops"":[""YARN_STORE"",""BRUNCH_SPOT"",""ICE_CREAM_SHOP"",""ICE_CREAM_SHOP"",""BRUNCH_SPOT"",""BRUNCH_SPOT"",""FARMERS_MARKET"",""BRUNCH_SPOT""]}]",experiments/round11_execution_20260924/track_b/market_kagsim/replays/m11_final_response/metav4/seed_522609241_seat_1.json.gz,300399e1604b1d24ff025010f434a9dc3c7d5be8db8f09926d2a059784a34be5,a08a19f9a2852f4e27ba0d082b70ce559f78fe5173f42011fd529fb25607ae73,9d63494603f88219857a3101d7dc19cc750ded04e5886732ee428580326967d9,0fe077cc65622d6f6828160d90b617595a4aa7ea188e4afc67bfee8e4d290c92,"{""players"":[{""sell_dead_units"":201,""refused_buy_product"":1,""refused_buy_seed"":0,""refused_buy_animal"":0,""refused_hire"":0,""refused_buy_land"":0,""hire_paid"":5659,""sell_zero_fill"":19,""buy_zero_fill"":1,""sell_revenue"":140446.0,""total_spend"":30115.0,""shed_discarded_units"":32,""sold_units"":1557,""feed_no_wheat"":0,""feed_no_animal"":0,""feed_redundant"":0,""water_dead"":1,""harvest_dead"":6,""plant_dead"":0,""animals_escaped"":0,""escape_capital"":0.0,""escape_yield_units"":0,""escape_first_day"":-1,""animal_unfed_days"":62,""plants_dry"":1,""dry_seed_cost"":100.0,""dry_yield_units"":0,""dry_first_day"":21,""plant_unwatered_days"":385,""decay_units"":18,""plants_decayed"":18,""silent_loss_coins"":100.0,""silent_loss_units"":50,""dead_actions"":20,""move_dead"":0,""locked_dead"":0,""pickup_dead"":0,""drop_dead"":0,""place_dead"":2,""build_dead"":0,""dig_dead"":2,""fertilize_dead"":0,""collect_dead"":4,""care_dead"":5,""tile_cap_units"":9,""fertilizer_forgone"":14,""care_unfed"":58,""animal_shed_days"":0,""idle_tile_days"":63,""weed_tile_days"":1,""hand_pass_turns"":632,""farmer_pass_turns"":83,""phantom_hand_actions"":0,""sell_floor_units"":59,""hire_premium"":5377,""shed_units_now"":0,""shed_value_now"":0.0,""animals_in_shed_now"":0,""seeds_unplanted_now"":0,""seeds_unplanted_cost_now"":0.0},{""sell_dead_units"":197,""refused_buy_product"":1,""refused_buy_seed"":0,""refused_buy_animal"":0,""refused_hire"":0,""refused_buy_land"":0,""hire_paid"":5659,""sell_zero_fill"":19,""buy_zero_fill"":1,""sell_revenue"":140348.0,""total_spend"":29740.0,""shed_discarded_units"":32,""sold_units"":1549,""feed_no_wheat"":0,""feed_no_animal"":0,""feed_redundant"":0,""water_dead"":1,""harvest_dead"":4,""plant_dead"":0,""animals_escaped"":0,""escape_capital"":0.0,""escape_yield_units"":0,""escape_first_day"":-1,""animal_unfed_days"":62,""plants_dry"":1,""dry_seed_cost"":100.0,""dry_yield_units"":0,""dry_first_day"":21,""plant_unwatered_days"":385,""decay_units"":18,""plants_decayed"":18,""silent_loss_coins"":100.0,""silent_loss_units"":50,""dead_actions"":17,""move_dead"":0,""locked_dead"":0,""pickup_dead"":0,""drop_dead"":0,""place_dead"":1,""build_dead"":0,""dig_dead"":2,""fertilize_dead"":0,""collect_dead"":4,""care_dead"":5,""tile_cap_units"":9,""fertilizer_forgone"":14,""care_unfed"":58,""animal_shed_days"":0,""idle_tile_days"":62,""weed_tile_days"":1,""hand_pass_turns"":616,""farmer_pass_turns"":83,""phantom_hand_actions"":0,""sell_floor_units"":62,""hire_premium"":5377,""shed_units_now"":0,""shed_value_now"":0.0,""animals_in_shed_now"":0,""seeds_unplanted_now"":0,""seeds_unplanted_cost_now"":0.0}]}","{""calls"":719,""eligible"":88,""changes"":2,""errors"":0,""evaluations"":183,""predicted_gain"":17.0,""mode"":""final""}",
m11_final_response,B1,metav4,metav4,522609242,0,117186.0,116295.0,891.0,W,kagsim,4.790447,0,0,0,0,0,0,0,0,cd945f271e647a2f5fc263c386808ef34a28435ba33f723a6ccd7112be4b1a7c,"[{""step"":0,""shops"":[]},{""step"":72,""shops"":[""SMOOTHIE_SHOP""]},{""step"":144,""shops"":[""SMOOTHIE_SHOP"",""SMOOTHIE_SHOP""]},{""step"":216,""shops"":[""SMOOTHIE_SHOP"",""SMOOTHIE_SHOP"",""BRUNCH_SPOT""]},{""step"":288,""shops"":[""SMOOTHIE_SHOP"",""SMOOTHIE_SHOP"",""BRUNCH_SPOT"",""BAKERY""]},{""step"":360,""shops"":[""SMOOTHIE_SHOP"",""SMOOTHIE_SHOP"",""BRUNCH_SPOT"",""BAKERY"",""YARN_STORE""]},{""step"":432,""shops"":[""SMOOTHIE_SHOP"",""SMOOTHIE_SHOP"",""BRUNCH_SPOT"",""BAKERY"",""YARN_STORE"",""ICE_CREAM_SHOP""]},{""step"":504,""shops"":[""SMOOTHIE_SHOP"",""SMOOTHIE_SHOP"",""BRUNCH_SPOT"",""BAKERY"",""YARN_STORE"",""ICE_CREAM_SHOP"",""BAKERY""]},{""step"":576,""shops"":[""SMOOTHIE_SHOP"",""SMOOTHIE_SHOP"",""BRUNCH_SPOT"",""BAKERY"",""YARN_STORE"",""ICE_CREAM_SHOP"",""BAKERY"",""FARMERS_MARKET""]}]",experiments/round11_execution_20260924/track_b/market_kagsim/replays/m11_final_response/metav4/seed_522609242_seat_0.json.gz,94ebf81c06dd674774387057ea1908a76cf450a00ae0c05c11cae2346fb0cc2e,a08a19f9a2852f4e27ba0d082b70ce559f78fe5173f42011fd529fb25607ae73,9d63494603f88219857a3101d7dc19cc750ded04e5886732ee428580326967d9,0fe077cc65622d6f6828160d90b617595a4aa7ea188e4afc67bfee8e4d290c92,"{""players"":[{""sell_dead_units"":219,""refused_buy_product"":1,""refused_buy_seed"":0,""refused_buy_animal"":0,""refused_hire"":0,""refused_buy_land"":0,""hire_paid"":4164,""sell_zero_fill"":40,""buy_zero_fill"":1,""sell_revenue"":141614.0,""total_spend"":27428.0,""shed_discarded_units"":4,""sold_units"":1595,""feed_no_wheat"":0,""feed_no_animal"":0,""feed_redundant"":0,""water_dead"":11,""harvest_dead"":4,""plant_dead"":0,""animals_escaped"":0,""escape_capital"":0.0,""escape_yield_units"":0,""escape_first_day"":-1,""animal_unfed_days"":42,""plants_dry"":1,""dry_seed_cost"":100.0,""dry_yield_units"":0,""dry_first_day"":21,""plant_unwatered_days"":392,""decay_units"":18,""plants_decayed"":18,""silent_loss_coins"":100.0,""silent_loss_units"":22,""dead_actions"":41,""move_dead"":0,""locked_dead"":0,""pickup_dead"":0,""drop_dead"":0,""place_dead"":1,""build_dead"":0,""dig_dead"":3,""fertilize_dead"":1,""collect_dead"":8,""care_dead"":13,""tile_cap_units"":19,""fertilizer_forgone"":19,""care_unfed"":37,""animal_shed_days"":1,""idle_tile_days"":63,""weed_tile_days"":1,""hand_pass_turns"":363,""farmer_pass_turns"":61,""phantom_hand_actions"":0,""sell_floor_units"":20,""hire_premium"":3898,""shed_units_now"":0,""shed_value_now"":0.0,""animals_in_shed_now"":0,""seeds_unplanted_now"":1,""seeds_unplanted_cost_now"":10.0},{""sell_dead_units"":194,""refused_buy_product"":1,""refused_buy_seed"":0,""refused_buy_animal"":0,""refused_hire"":0,""refused_buy_land"":0,""hire_paid"":4164,""sell_zero_fill"":37,""buy_zero_fill"":1,""sell_revenue"":141183.0,""total_spend"":27888.0,""shed_discarded_units"":3,""sold_units"":1604,""feed_no_wheat"":0,""feed_no_animal"":0,""feed_redundant"":0,""water_dead"":11,""harvest_dead"":4,""plant_dead"":0,""animals_escaped"":0,""escape_capital"":0.0,""escape_yield_units"":0,""escape_first_day"":-1,""animal_unfed_days"":42,""plants_dry"":1,""dry_seed_cost"":100.0,""dry_yield_units"":0,""dry_first_day"":21,""plant_unwatered_days"":392,""decay_units"":18,""plants_decayed"":18,""silent_loss_coins"":100.0,""silent_loss_units"":21,""dead_actions"":42,""move_dead"":0,""locked_dead"":0,""pickup_dead"":0,""drop_dead"":0,""place_dead"":1,""build_dead"":0,""dig_dead"":3,""fertilize_dead"":2,""collect_dead"":8,""care_dead"":13,""tile_cap_units"":20,""fertilizer_forgone"":19,""care_unfed"":37,""animal_shed_days"":1,""idle_tile_days"":64,""weed_tile_days"":1,""hand_pass_turns"":378,""farmer_pass_turns"":60,""phantom_hand_actions"":0,""sell_floor_units"":21,""hire_premium"":3898,""shed_units_now"":0,""shed_value_now"":0.0,""animals_in_shed_now"":0,""seeds_unplanted_now"":1,""seeds_unplanted_cost_now"":10.0}]}","{""calls"":719,""eligible"":124,""changes"":0,""errors"":0,""evaluations"":193,""predicted_gain"":0.0,""mode"":""final""}",
m11_final_response,B1,metav4,metav4,522609242,1,117186.0,116295.0,891.0,W,kagsim,4.740278,0,0,0,0,0,0,0,0,cd945f271e647a2f5fc263c386808ef34a28435ba33f723a6ccd7112be4b1a7c,"[{""step"":0,""shops"":[]},{""step"":72,""shops"":[""SMOOTHIE_SHOP""]},{""step"":144,""shops"":[""SMOOTHIE_SHOP"",""SMOOTHIE_SHOP""]},{""step"":216,""shops"":[""SMOOTHIE_SHOP"",""SMOOTHIE_SHOP"",""BRUNCH_SPOT""]},{""step"":288,""shops"":[""SMOOTHIE_SHOP"",""SMOOTHIE_SHOP"",""BRUNCH_SPOT"",""BAKERY""]},{""step"":360,""shops"":[""SMOOTHIE_SHOP"",""SMOOTHIE_SHOP"",""BRUNCH_SPOT"",""BAKERY"",""YARN_STORE""]},{""step"":432,""shops"":[""SMOOTHIE_SHOP"",""SMOOTHIE_SHOP"",""BRUNCH_SPOT"",""BAKERY"",""YARN_STORE"",""ICE_CREAM_SHOP""]},{""step"":504,""shops"":[""SMOOTHIE_SHOP"",""SMOOTHIE_SHOP"",""BRUNCH_SPOT"",""BAKERY"",""YARN_STORE"",""ICE_CREAM_SHOP"",""BAKERY""]},{""step"":576,""shops"":[""SMOOTHIE_SHOP"",""SMOOTHIE_SHOP"",""BRUNCH_SPOT"",""BAKERY"",""YARN_STORE"",""ICE_CREAM_SHOP"",""BAKERY"",""FARMERS_MARKET""]}]",experiments/round11_execution_20260924/track_b/market_kagsim/replays/m11_final_response/metav4/seed_522609242_seat_1.json.gz,5497bf609d664aa0f58452e962f085281288f3288cd3f5c4633757f1b7c0c775,a08a19f9a2852f4e27ba0d082b70ce559f78fe5173f42011fd529fb25607ae73,9d63494603f88219857a3101d7dc19cc750ded04e5886732ee428580326967d9,0fe077cc65622d6f6828160d90b617595a4aa7ea188e4afc67bfee8e4d290c92,"{""players"":[{""sell_dead_units"":194,""refused_buy_product"":1,""refused_buy_seed"":0,""refused_buy_animal"":0,""refused_hire"":0,""refused_buy_land"":0,""hire_paid"":4164,""sell_zero_fill"":37,""buy_zero_fill"":1,""sell_revenue"":141183.0,""total_spend"":27888.0,""shed_discarded_units"":3,""sold_units"":1604,""feed_no_wheat"":0,""feed_no_animal"":0,""feed_redundant"":0,""water_dead"":11,""harvest_dead"":4,""plant_dead"":0,""animals_escaped"":0,""escape_capital"":0.0,""escape_yield_units"":0,""escape_first_day"":-1,""animal_unfed_days"":42,""plants_dry"":1,""dry_seed_cost"":100.0,""dry_yield_units"":0,""dry_first_day"":21,""plant_unwatered_days"":392,""decay_units"":18,""plants_decayed"":18,""silent_loss_coins"":100.0,""silent_loss_units"":21,""dead_actions"":42,""move_dead"":0,""locked_dead"":0,""pickup_dead"":0,""drop_dead"":0,""place_dead"":1,""build_dead"":0,""dig_dead"":3,""fertilize_dead"":2,""collect_dead"":8,""care_dead"":13,""tile_cap_units"":20,""fertilizer_forgone"":19,""care_unfed"":37,""animal_shed_days"":1,""idle_tile_days"":64,""weed_tile_days"":1,""hand_pass_turns"":378,""farmer_pass_turns"":60,""phantom_hand_actions"":0,""sell_floor_units"":21,""hire_premium"":3898,""shed_units_now"":0,""shed_value_now"":0.0,""animals_in_shed_now"":0,""seeds_unplanted_now"":1,""seeds_unplanted_cost_now"":10.0},{""sell_dead_units"":219,""refused_buy_product"":1,""refused_buy_seed"":0,""refused_buy_animal"":0,""refused_hire"":0,""refused_buy_land"":0,""hire_paid"":4164,""sell_zero_fill"":40,""buy_zero_fill"":1,""sell_revenue"":141614.0,""total_spend"":27428.0,""shed_discarded_units"":4,""sold_units"":1595,""feed_no_wheat"":0,""feed_no_animal"":0,""feed_redundant"":0,""water_dead"":11,""harvest_dead"":4,""plant_dead"":0,""animals_escaped"":0,""escape_capital"":0.0,""escape_yield_units"":0,""escape_first_day"":-1,""animal_unfed_days"":42,""plants_dry"":1,""dry_seed_cost"":100.0,""dry_yield_units"":0,""dry_first_day"":21,""plant_unwatered_days"":392,""decay_units"":18,""plants_decayed"":18,""silent_loss_coins"":100.0,""silent_loss_units"":22,""dead_actions"":41,""move_dead"":0,""locked_dead"":0,""pickup_dead"":0,""drop_dead"":0,""place_dead"":1,""build_dead"":0,""dig_dead"":3,""fertilize_dead"":1,""collect_dead"":8,""care_dead"":13,""tile_cap_units"":19,""fertilizer_forgone"":19,""care_unfed"":37,""animal_shed_days"":1,""idle_tile_days"":63,""weed_tile_days"":1,""hand_pass_turns"":363,""farmer_pass_turns"":61,""phantom_hand_actions"":0,""sell_floor_units"":20,""hire_premium"":3898,""shed_units_now"":0,""shed_value_now"":0.0,""animals_in_shed_now"":0,""seeds_unplanted_now"":1,""seeds_unplanted_cost_now"":10.0}]}","{""calls"":719,""eligible"":124,""changes"":0,""errors"":0,""evaluations"":193,""predicted_gain"":0.0,""mode"":""final""}",
m11_final_response,B1,metav4,metav4,522609243,0,110283.0,110650.0,-367.0,L,kagsim,4.20879,0,0,0,0,0,0,0,0,499deac3e55076604cbfd1119bcc7d2b0dc4084111ee7286f71d9cd238ef4c7b,"[{""step"":0,""shops"":[]},{""step"":72,""shops"":[""BRUNCH_SPOT""]},{""step"":144,""shops"":[""BRUNCH_SPOT"",""ICE_CREAM_SHOP""]},{""step"":216,""shops"":[""BRUNCH_SPOT"",""ICE_CREAM_SHOP"",""FARMERS_MARKET""]},{""step"":288,""shops"":[""BRUNCH_SPOT"",""ICE_CREAM_SHOP"",""FARMERS_MARKET"",""ICE_CREAM_SHOP""]},{""step"":360,""shops"":[""BRUNCH_SPOT"",""ICE_CREAM_SHOP"",""FARMERS_MARKET"",""ICE_CREAM_SHOP"",""PIZZA_SHOP""]},{""step"":432,""shops"":[""BRUNCH_SPOT"",""ICE_CREAM_SHOP"",""FARMERS_MARKET"",""ICE_CREAM_SHOP"",""PIZZA_SHOP"",""FARMERS_MARKET""]},{""step"":504,""shops"":[""BRUNCH_SPOT"",""ICE_CREAM_SHOP"",""FARMERS_MARKET"",""ICE_CREAM_SHOP"",""PIZZA_SHOP"",""FARMERS_MARKET"",""BRUNCH_SPOT""]},{""step"":576,""shops"":[""BRUNCH_SPOT"",""ICE_CREAM_SHOP"",""FARMERS_MARKET"",""ICE_CREAM_SHOP"",""PIZZA_SHOP"",""FARMERS_MARKET"",""BRUNCH_SPOT"",""FARMERS_MARKET""]}]",experiments/round11_execution_20260924/track_b/market_kagsim/replays/m11_final_response/metav4/seed_522609243_seat_0.json.gz,c7a10389a34a0edc3b200f19908d9a17f34dcbe26916c863bb925d788bf3d14d,a08a19f9a2852f4e27ba0d082b70ce559f78fe5173f42011fd529fb25607ae73,9d63494603f88219857a3101d7dc19cc750ded04e5886732ee428580326967d9,0fe077cc65622d6f6828160d90b617595a4aa7ea188e4afc67bfee8e4d290c92,"{""players"":[{""sell_dead_units"":215,""refused_buy_product"":1,""refused_buy_seed"":0,""refused_buy_animal"":0,""refused_hire"":0,""refused_buy_land"":0,""hire_paid"":4397,""sell_zero_fill"":34,""buy_zero_fill"":1,""sell_revenue"":135998.0,""total_spend"":28715.0,""shed_discarded_units"":4,""sold_units"":1597,""feed_no_wheat"":0,""feed_no_animal"":0,""feed_redundant"":0,""water_dead"":10,""harvest_dead"":3,""plant_dead"":0,""animals_escaped"":0,""escape_capital"":0.0,""escape_yield_units"":0,""escape_first_day"":-1,""animal_unfed_days"":85,""plants_dry"":1,""dry_seed_cost"":100.0,""dry_yield_units"":0,""dry_first_day"":21,""plant_unwatered_days"":391,""decay_units"":18,""plants_decayed"":18,""silent_loss_coins"":100.0,""silent_loss_units"":22,""dead_actions"":40,""move_dead"":0,""locked_dead"":0,""pickup_dead"":0,""drop_dead"":0,""place_dead"":1,""build_dead"":0,""dig_dead"":4,""fertilize_dead"":1,""collect_dead"":8,""care_dead"":13,""tile_cap_units"":21,""fertilizer_forgone"":19,""care_unfed"":80,""animal_shed_days"":1,""idle_tile_days"":63,""weed_tile_days"":1,""hand_pass_turns"":406,""farmer_pass_turns"":67,""phantom_hand_actions"":0,""sell_floor_units"":56,""hire_premium"":4129,""shed_units_now"":0,""shed_value_now"":0.0,""animals_in_shed_now"":0,""seeds_unplanted_now"":1,""seeds_unplanted_cost_now"":10.0},{""sell_dead_units"":190,""refused_buy_product"":1,""refused_buy_seed"":0,""refused_buy_animal"":0,""refused_hire"":0,""refused_buy_land"":0,""hire_paid"":7557,""sell_zero_fill"":34,""buy_zero_fill"":1,""sell_revenue"":144656.0,""total_spend"":37006.0,""shed_discarded_units"":1,""sold_units"":1663,""feed_no_wheat"":0,""feed_no_animal"":0,""feed_redundant"":0,""water_dead"":10,""harvest_dead"":3,""plant_dead"":0,""animals_escaped"":0,""escape_capital"":0.0,""escape_yield_units"":0,""escape_first_day"":-1,""animal_unfed_days"":85,""plants_dry"":1,""dry_seed_cost"":100.0,""dry_yield_units"":0,""dry_first_day"":21,""plant_unwatered_days"":421,""decay_units"":18,""plants_decayed"":18,""silent_loss_coins"":100.0,""silent_loss_units"":19,""dead_actions"":41,""move_dead"":0,""locked_dead"":0,""pickup_dead"":0,""drop_dead"":0,""place_dead"":1,""build_dead"":0,""dig_dead"":4,""fertilize_dead"":2,""collect_dead"":8,""care_dead"":13,""tile_cap_units"":21,""fertilizer_forgone"":19,""care_unfed"":80,""animal_shed_days"":1,""idle_tile_days"":229,""weed_tile_days"":18,""hand_pass_turns"":505,""farmer_pass_turns"":66,""phantom_hand_actions"":0,""sell_floor_units"":57,""hire_premium"":7273,""shed_units_now"":0,""shed_value_now"":0.0,""animals_in_shed_now"":0,""seeds_unplanted_now"":1,""seeds_unplanted_cost_now"":10.0}]}","{""calls"":719,""eligible"":127,""changes"":1,""errors"":0,""evaluations"":176,""predicted_gain"":6.0,""mode"":""final""}",
m11_final_response,B1,metav4,metav4,522609243,1,110283.0,110650.0,-367.0,L,kagsim,4.342397,0,0,0,0,0,0,0,0,499deac3e55076604cbfd1119bcc7d2b0dc4084111ee7286f71d9cd238ef4c7b,"[{""step"":0,""shops"":[]},{""step"":72,""shops"":[""BRUNCH_SPOT""]},{""step"":144,""shops"":[""BRUNCH_SPOT"",""ICE_CREAM_SHOP""]},{""step"":216,""shops"":[""BRUNCH_SPOT"",""ICE_CREAM_SHOP"",""FARMERS_MARKET""]},{""step"":288,""shops"":[""BRUNCH_SPOT"",""ICE_CREAM_SHOP"",""FARMERS_MARKET"",""ICE_CREAM_SHOP""]},{""step"":360,""shops"":[""BRUNCH_SPOT"",""ICE_CREAM_SHOP"",""FARMERS_MARKET"",""ICE_CREAM_SHOP"",""PIZZA_SHOP""]},{""step"":432,""shops"":[""BRUNCH_SPOT"",""ICE_CREAM_SHOP"",""FARMERS_MARKET"",""ICE_CREAM_SHOP"",""PIZZA_SHOP"",""FARMERS_MARKET""]},{""step"":504,""shops"":[""BRUNCH_SPOT"",""ICE_CREAM_SHOP"",""FARMERS_MARKET"",""ICE_CREAM_SHOP"",""PIZZA_SHOP"",""FARMERS_MARKET"",""BRUNCH_SPOT""]},{""step"":576,""shops"":[""BRUNCH_SPOT"",""ICE_CREAM_SHOP"",""FARMERS_MARKET"",""ICE_CREAM_SHOP"",""PIZZA_SHOP"",""FARMERS_MARKET"",""BRUNCH_SPOT"",""FARMERS_MARKET""]}]",experiments/round11_execution_20260924/track_b/market_kagsim/replays/m11_final_response/metav4/seed_522609243_seat_1.json.gz,c90e1a15b6d08a7c0383d48018f8f64da51d41ce3161c0eead6b5be11d45488b,a08a19f9a2852f4e27ba0d082b70ce559f78fe5173f42011fd529fb25607ae73,9d63494603f88219857a3101d7dc19cc750ded04e5886732ee428580326967d9,0fe077cc65622d6f6828160d90b617595a4aa7ea188e4afc67bfee8e4d290c92,"{""players"":[{""sell_dead_units"":190,""refused_buy_product"":1,""refused_buy_seed"":0,""refused_buy_animal"":0,""refused_hire"":0,""refused_buy_land"":0,""hire_paid"":7557,""sell_zero_fill"":34,""buy_zero_fill"":1,""sell_revenue"":144656.0,""total_spend"":37006.0,""shed_discarded_units"":1,""sold_units"":1663,""feed_no_wheat"":0,""feed_no_animal"":0,""feed_redundant"":0,""water_dead"":10,""harvest_dead"":3,""plant_dead"":0,""animals_escaped"":0,""escape_capital"":0.0,""escape_yield_units"":0,""escape_first_day"":-1,""animal_unfed_days"":85,""plants_dry"":1,""dry_seed_cost"":100.0,""dry_yield_units"":0,""dry_first_day"":21,""plant_unwatered_days"":421,""decay_units"":18,""plants_decayed"":18,""silent_loss_coins"":100.0,""silent_loss_units"":19,""dead_actions"":41,""move_dead"":0,""locked_dead"":0,""pickup_dead"":0,""drop_dead"":0,""place_dead"":1,""build_dead"":0,""dig_dead"":4,""fertilize_dead"":2,""collect_dead"":8,""care_dead"":13,""tile_cap_units"":21,""fertilizer_forgone"":19,""care_unfed"":80,""animal_shed_days"":1,""idle_tile_days"":229,""weed_tile_days"":18,""hand_pass_turns"":505,""farmer_pass_turns"":66,""phantom_hand_actions"":0,""sell_floor_units"":57,""hire_premium"":7273,""shed_units_now"":0,""shed_value_now"":0.0,""animals_in_shed_now"":0,""seeds_unplanted_now"":1,""seeds_unplanted_cost_now"":10.0},{""sell_dead_units"":215,""refused_buy_product"":1,""refused_buy_seed"":0,""refused_buy_animal"":0,""refused_hire"":0,""refused_buy_land"":0,""hire_paid"":4397,""sell_zero_fill"":34,""buy_zero_fill"":1,""sell_revenue"":135998.0,""total_spend"":28715.0,""shed_discarded_units"":4,""sold_units"":1597,""feed_no_wheat"":0,""feed_no_animal"":0,""feed_redundant"":0,""water_dead"":10,""harvest_dead"":3,""plant_dead"":0,""animals_escaped"":0,""escape_capital"":0.0,""escape_yield_units"":0,""escape_first_day"":-1,""animal_unfed_days"":85,""plants_dry"":1,""dry_seed_cost"":100.0,""dry_yield_units"":0,""dry_first_day"":21,""plant_unwatered_days"":391,""decay_units"":18,""plants_decayed"":18,""silent_loss_coins"":100.0,""silent_loss_units"":22,""dead_actions"":40,""move_dead"":0,""locked_dead"":0,""pickup_dead"":0,""drop_dead"":0,""place_dead"":1,""build_dead"":0,""dig_dead"":4,""fertilize_dead"":1,""collect_dead"":8,""care_dead"":13,""tile_cap_units"":21,""fertilizer_forgone"":19,""care_unfed"":80,""animal_shed_days"":1,""idle_tile_days"":63,""weed_tile_days"":1,""hand_pass_turns"":406,""farmer_pass_turns"":67,""phantom_hand_actions"":0,""sell_floor_units"":56,""hire_premium"":4129,""shed_units_now"":0,""shed_value_now"":0.0,""animals_in_shed_now"":0,""seeds_unplanted_now"":1,""seeds_unplanted_cost_now"":10.0}]}","{""calls"":719,""eligible"":127,""changes"":1,""errors"":0,""evaluations"":176,""predicted_gain"":6.0,""mode"":""final""}",
m11_final_response,B1,metav4,metav4,522609244,0,85224.0,84966.0,258.0,W,kagsim,5.063079,0,0,0,0,0,0,0,0,29ae70298aff5372b49961180210c77419a07c48f2304c46e4887e3408b3f36c,"[{""step"":0,""shops"":[]},{""step"":72,""shops"":[""BAKERY""]},{""step"":144,""shops"":[""BAKERY"",""FARMERS_MARKET""]},{""step"":216,""shops"":[""BAKERY"",""FARMERS_MARKET"",""BRUNCH_SPOT""]},{""step"":288,""shops"":[""BAKERY"",""FARMERS_MARKET"",""BRUNCH_SPOT"",""YARN_STORE""]},{""step"":360,""shops"":[""BAKERY"",""FARMERS_MARKET"",""BRUNCH_SPOT"",""YARN_STORE"",""FARMERS_MARKET""]},{""step"":432,""shops"":[""BAKERY"",""FARMERS_MARKET"",""BRUNCH_SPOT"",""YARN_STORE"",""FARMERS_MARKET"",""BAKERY""]},{""step"":504,""shops"":[""BAKERY"",""FARMERS_MARKET"",""BRUNCH_SPOT"",""YARN_STORE"",""FARMERS_MARKET"",""BAKERY"",""BRUNCH_SPOT""]},{""step"":576,""shops"":[""BAKERY"",""FARMERS_MARKET"",""BRUNCH_SPOT"",""YARN_STORE"",""FARMERS_MARKET"",""BAKERY"",""BRUNCH_SPOT"",""ICE_CREAM_SHOP""]}]",experiments/round11_execution_20260924/track_b/market_kagsim/replays/m11_final_response/metav4/seed_522609244_seat_0.json.gz,6c9ef2dd84cac9a90eb46528a9b1cfd4b221f046e2b2def1e5001401d13d4bb2,a08a19f9a2852f4e27ba0d082b70ce559f78fe5173f42011fd529fb25607ae73,9d63494603f88219857a3101d7dc19cc750ded04e5886732ee428580326967d9,0fe077cc65622d6f6828160d90b617595a4aa7ea188e4afc67bfee8e4d290c92,"{""players"":[{""sell_dead_units"":2280,""refused_buy_product"":5,""refused_buy_seed"":0,""refused_buy_animal"":0,""refused_hire"":0,""refused_buy_land"":0,""hire_paid"":4397,""sell_zero_fill"":47,""buy_zero_fill"":1,""sell_revenue"":127492.0,""total_spend"":45268.0,""shed_discarded_units"":11,""sold_units"":2011,""feed_no_wheat"":0,""feed_no_animal"":0,""feed_redundant"":0,""water_dead"":12,""harvest_dead"":4,""plant_dead"":0,""animals_escaped"":0,""escape_capital"":0.0,""escape_yield_units"":0,""escape_first_day"":-1,""animal_unfed_days"":78,""plants_dry"":2,""dry_seed_cost"":120.0,""dry_yield_units"":1,""dry_first_day"":21,""plant_unwatered_days"":387,""decay_units"":18,""plants_decayed"":18,""silent_loss_coins"":120.0,""silent_loss_units"":30,""dead_actions"":47,""move_dead"":0,""locked_dead"":0,""pickup_dead"":0,""drop_dead"":0,""place_dead"":1,""build_dead"":0,""dig_dead"":2,""fertilize_dead"":1,""collect_dead"":3,""care_dead"":24,""tile_cap_units"":19,""fertilizer_forgone"":22,""care_unfed"":74,""animal_shed_days"":1,""idle_tile_days"":64,""weed_tile_days"":2,""hand_pass_turns"":368,""farmer_pass_turns"":64,""phantom_hand_actions"":0,""sell_floor_units"":84,""hire_premium"":4129,""shed_units_now"":0,""shed_value_now"":0.0,""animals_in_shed_now"":0,""seeds_unplanted_now"":3,""seeds_unplanted_cost_now"":30.0},{""sell_dead_units"":283,""refused_buy_product"":5,""refused_buy_seed"":0,""refused_buy_animal"":0,""refused_hire"":0,""refused_buy_land"":0,""hire_paid"":4397,""sell_zero_fill"":45,""buy_zero_fill"":1,""sell_revenue"":127730.0,""total_spend"":45764.0,""shed_discarded_units"":8,""sold_units"":2022,""feed_no_wheat"":0,""feed_no_animal"":0,""feed_redundant"":0,""water_dead"":13,""harvest_dead"":5,""plant_dead"":0,""animals_escaped"":0,""escape_capital"":0.0,""escape_yield_units"":0,""escape_first_day"":-1,""animal_unfed_days"":78,""plants_dry"":2,""dry_seed_cost"":120.0,""dry_yield_units"":1,""dry_first_day"":21,""plant_unwatered_days"":386,""decay_units"":18,""plants_decayed"":18,""silent_loss_coins"":120.0,""silent_loss_units"":27,""dead_actions"":50,""move_dead"":0,""locked_dead"":0,""pickup_dead"":0,""drop_dead"":0,""place_dead"":1,""build_dead"":0,""dig_dead"":2,""fertilize_dead"":2,""collect_dead"":3,""care_dead"":24,""tile_cap_units"":21,""fertilizer_forgone"":22,""care_unfed"":74,""animal_shed_days"":1,""idle_tile_days"":67,""weed_tile_days"":3,""hand_pass_turns"":383,""farmer_pass_turns"":64,""phantom_hand_actions"":0,""sell_floor_units"":86,""hire_premium"":4129,""shed_units_now"":0,""shed_value_now"":0.0,""animals_in_shed_now"":0,""seeds_unplanted_now"":2,""seeds_unplanted_cost_now"":20.0}]}","{""calls"":719,""eligible"":122,""changes"":2,""errors"":0,""evaluations"":381,""predicted_gain"":18.0,""mode"":""final""}",
m11_final_response,B1,metav4,metav4,522609244,1,85144.0,85046.0,98.0,W,kagsim,5.026693,0,0,0,0,0,0,0,0,29ae70298aff5372b49961180210c77419a07c48f2304c46e4887e3408b3f36c,"[{""step"":0,""shops"":[]},{""step"":72,""shops"":[""BAKERY""]},{""step"":144,""shops"":[""BAKERY"",""FARMERS_MARKET""]},{""step"":216,""shops"":[""BAKERY"",""FARMERS_MARKET"",""BRUNCH_SPOT""]},{""step"":288,""shops"":[""BAKERY"",""FARMERS_MARKET"",""BRUNCH_SPOT"",""YARN_STORE""]},{""step"":360,""shops"":[""BAKERY"",""FARMERS_MARKET"",""BRUNCH_SPOT"",""YARN_STORE"",""FARMERS_MARKET""]},{""step"":432,""shops"":[""BAKERY"",""FARMERS_MARKET"",""BRUNCH_SPOT"",""YARN_STORE"",""FARMERS_MARKET"",""BAKERY""]},{""step"":504,""shops"":[""BAKERY"",""FARMERS_MARKET"",""BRUNCH_SPOT"",""YARN_STORE"",""FARMERS_MARKET"",""BAKERY"",""BRUNCH_SPOT""]},{""step"":576,""shops"":[""BAKERY"",""FARMERS_MARKET"",""BRUNCH_SPOT"",""YARN_STORE"",""FARMERS_MARKET"",""BAKERY"",""BRUNCH_SPOT"",""ICE_CREAM_SHOP""]}]",experiments/round11_execution_20260924/track_b/market_kagsim/replays/m11_final_response/metav4/seed_522609244_seat_1.json.gz,d2a45ba4edd0484ed7b6b42ea79fdc5a3341f104054103cdfc3d120c699443cb,a08a19f9a2852f4e27ba0d082b70ce559f78fe5173f42011fd529fb25607ae73,9d63494603f88219857a3101d7dc19cc750ded04e5886732ee428580326967d9,0fe077cc65622d6f6828160d90b617595a4aa7ea188e4afc67bfee8e4d290c92,"{""players"":[{""sell_dead_units"":283,""refused_buy_product"":5,""refused_buy_seed"":0,""refused_buy_animal"":0,""refused_hire"":0,""refused_buy_land"":0,""hire_paid"":4397,""sell_zero_fill"":45,""buy_zero_fill"":1,""sell_revenue"":127730.0,""total_spend"":45684.0,""shed_discarded_units"":8,""sold_units"":2022,""feed_no_wheat"":0,""feed_no_animal"":0,""feed_redundant"":0,""water_dead"":12,""harvest_dead"":4,""plant_dead"":0,""animals_escaped"":0,""escape_capital"":0.0,""escape_yield_units"":0,""escape_first_day"":-1,""animal_unfed_days"":78,""plants_dry"":2,""dry_seed_cost"":120.0,""dry_yield_units"":1,""dry_first_day"":21,""plant_unwatered_days"":387,""decay_units"":18,""plants_decayed"":18,""silent_loss_coins"":120.0,""silent_loss_units"":27,""dead_actions"":48,""move_dead"":0,""locked_dead"":0,""pickup_dead"":0,""drop_dead"":0,""place_dead"":1,""build_dead"":0,""dig_dead"":2,""fertilize_dead"":2,""collect_dead"":3,""care_dead"":24,""tile_cap_units"":21,""fertilizer_forgone"":22,""care_unfed"":74,""animal_shed_days"":1,""idle_tile_days"":65,""weed_tile_days"":2,""hand_pass_turns"":382,""farmer_pass_turns"":64,""phantom_hand_actions"":0,""sell_floor_units"":86,""hire_premium"":4129,""shed_units_now"":0,""shed_value_now"":0.0,""animals_in_shed_now"":0,""seeds_unplanted_now"":1,""seeds_unplanted_cost_now"":10.0},{""sell_dead_units"":2280,""refused_buy_product"":5,""refused_buy_seed"":0,""refused_buy_animal"":0,""refused_hire"":0,""refused_buy_land"":0,""hire_paid"":4397,""sell_zero_fill"":47,""buy_zero_fill"":1,""sell_revenue"":127492.0,""total_spend"":45348.0,""shed_discarded_units"":11,""sold_units"":2011,""feed_no_wheat"":0,""feed_no_animal"":0,""feed_redundant"":0,""water_dead"":13,""harvest_dead"":5,""plant_dead"":0,""animals_escaped"":0,""escape_capital"":0.0,""escape_yield_units"":0,""escape_first_day"":-1,""animal_unfed_days"":78,""plants_dry"":2,""dry_seed_cost"":120.0,""dry_yield_units"":1,""dry_first_day"":21,""plant_unwatered_days"":386,""decay_units"":18,""plants_decayed"":18,""silent_loss_coins"":120.0,""silent_loss_units"":30,""dead_actions"":49,""move_dead"":0,""locked_dead"":0,""pickup_dead"":0,""drop_dead"":0,""place_dead"":1,""build_dead"":0,""dig_dead"":2,""fertilize_dead"":1,""collect_dead"":3,""care_dead"":24,""tile_cap_units"":19,""fertilizer_forgone"":22,""care_unfed"":74,""animal_shed_days"":1,""idle_tile_days"":66,""weed_tile_days"":3,""hand_pass_turns"":369,""farmer_pass_turns"":64,""phantom_hand_actions"":0,""sell_floor_units"":84,""hire_premium"":4129,""shed_units_now"":0,""shed_value_now"":0.0,""animals_in_shed_now"":0,""seeds_unplanted_now"":4,""seeds_unplanted_cost_now"":40.0}]}","{""calls"":719,""eligible"":122,""changes"":2,""errors"":0,""evaluations"":381,""predicted_gain"":18.0,""mode"":""final""}",
m11_final_response,B1,order_book,order_book,522609241,0,113705.0,113680.0,25.0,W,kagsim,4.314185,0,0,0,0,0,0,0,0,3d5abadf277ffbf26faf5853b80f902eec0bdb2b3d07a15179f8411eccf494e5,"[{""step"":0,""shops"":[]},{""step"":72,""shops"":[""YARN_STORE""]},{""step"":144,""shops"":[""YARN_STORE"",""BRUNCH_SPOT""]},{""step"":216,""shops"":[""YARN_STORE"",""BRUNCH_SPOT"",""ICE_CREAM_SHOP""]},{""step"":288,""shops"":[""YARN_STORE"",""BRUNCH_SPOT"",""ICE_CREAM_SHOP"",""ICE_CREAM_SHOP""]},{""step"":360,""shops"":[""YARN_STORE"",""BRUNCH_SPOT"",""ICE_CREAM_SHOP"",""ICE_CREAM_SHOP"",""BRUNCH_SPOT""]},{""step"":432,""shops"":[""YARN_STORE"",""BRUNCH_SPOT"",""ICE_CREAM_SHOP"",""ICE_CREAM_SHOP"",""BRUNCH_SPOT"",""BRUNCH_SPOT""]},{""step"":504,""shops"":[""YARN_STORE"",""BRUNCH_SPOT"",""ICE_CREAM_SHOP"",""ICE_CREAM_SHOP"",""BRUNCH_SPOT"",""BRUNCH_SPOT"",""FARMERS_MARKET""]},{""step"":576,""shops"":[""YARN_STORE"",""BRUNCH_SPOT"",""ICE_CREAM_SHOP"",""ICE_CREAM_SHOP"",""BRUNCH_SPOT"",""BRUNCH_SPOT"",""FARMERS_MARKET"",""BRUNCH_SPOT""]}]",experiments/round11_execution_20260924/track_b/market_kagsim/replays/m11_final_response/order_book/seed_522609241_seat_0.json.gz,f9f08e734e4f8fc5fd2c59dc8770bdf428ed2b9f812399fd8bc846be0536aed6,a08a19f9a2852f4e27ba0d082b70ce559f78fe5173f42011fd529fb25607ae73,a16e0e9b40c489972630a0b9d04f30e9c1cab03159fa78676db74277d84d82ab,0fe077cc65622d6f6828160d90b617595a4aa7ea188e4afc67bfee8e4d290c92,"{""players"":[{""sell_dead_units"":187,""refused_buy_product"":1,""refused_buy_seed"":0,""refused_buy_animal"":0,""refused_hire"":0,""refused_buy_land"":0,""hire_paid"":5659,""sell_zero_fill"":18,""buy_zero_fill"":1,""sell_revenue"":140434.0,""total_spend"":29729.0,""shed_discarded_units"":32,""sold_units"":1549,""feed_no_wheat"":0,""feed_no_animal"":0,""feed_redundant"":0,""water_dead"":1,""harvest_dead"":4,""plant_dead"":0,""animals_escaped"":0,""escape_capital"":0.0,""escape_yield_units"":0,""escape_first_day"":-1,""animal_unfed_days"":62,""plants_dry"":1,""dry_seed_cost"":100.0,""dry_yield_units"":0,""dry_first_day"":21,""plant_unwatered_days"":385,""decay_units"":18,""plants_decayed"":18,""silent_loss_coins"":100.0,""silent_loss_units"":50,""dead_actions"":17,""move_dead"":0,""locked_dead"":0,""pickup_dead"":0,""drop_dead"":0,""place_dead"":1,""build_dead"":0,""dig_dead"":2,""fertilize_dead"":0,""collect_dead"":4,""care_dead"":5,""tile_cap_units"":9,""fertilizer_forgone"":14,""care_unfed"":58,""animal_shed_days"":0,""idle_tile_days"":62,""weed_tile_days"":1,""hand_pass_turns"":616,""farmer_pass_turns"":83,""phantom_hand_actions"":0,""sell_floor_units"":63,""hire_premium"":5377,""shed_units_now"":0,""shed_value_now"":0.0,""animals_in_shed_now"":0,""seeds_unplanted_now"":0,""seeds_unplanted_cost_now"":0.0},{""sell_dead_units"":187,""refused_buy_product"":1,""refused_buy_seed"":0,""refused_buy_animal"":0,""refused_hire"":0,""refused_buy_land"":0,""hire_paid"":5659,""sell_zero_fill"":18,""buy_zero_fill"":1,""sell_revenue"":140765.0,""total_spend"":30085.0,""shed_discarded_units"":32,""sold_units"":1559,""feed_no_wheat"":0,""feed_no_animal"":0,""feed_redundant"":0,""water_dead"":1,""harvest_dead"":6,""plant_dead"":0,""animals_escaped"":0,""escape_capital"":0.0,""escape_yield_units"":0,""escape_first_day"":-1,""animal_unfed_days"":62,""plants_dry"":1,""dry_seed_cost"":100.0,""dry_yield_units"":0,""dry_first_day"":21,""plant_unwatered_days"":385,""decay_units"":18,""plants_decayed"":18,""silent_loss_coins"":100.0,""silent_loss_units"":50,""dead_actions"":20,""move_dead"":0,""locked_dead"":0,""pickup_dead"":0,""drop_dead"":0,""place_dead"":2,""build_dead"":0,""dig_dead"":2,""fertilize_dead"":0,""collect_dead"":4,""care_dead"":5,""tile_cap_units"":9,""fertilizer_forgone"":14,""care_unfed"":58,""animal_shed_days"":0,""idle_tile_days"":62,""weed_tile_days"":1,""hand_pass_turns"":615,""farmer_pass_turns"":83,""phantom_hand_actions"":0,""sell_floor_units"":61,""hire_premium"":5377,""shed_units_now"":0,""shed_value_now"":0.0,""animals_in_shed_now"":0,""seeds_unplanted_now"":0,""seeds_unplanted_cost_now"":0.0}]}","{""calls"":719,""eligible"":87,""changes"":1,""errors"":0,""evaluations"":152,""predicted_gain"":15.0,""mode"":""final""}",
m11_final_response,B1,order_book,order_book,522609241,1,113705.0,113680.0,25.0,W,kagsim,4.173269,0,0,0,0,0,0,0,0,3d5abadf277ffbf26faf5853b80f902eec0bdb2b3d07a15179f8411eccf494e5,"[{""step"":0,""shops"":[]},{""step"":72,""shops"":[""YARN_STORE""]},{""step"":144,""shops"":[""YARN_STORE"",""BRUNCH_SPOT""]},{""step"":216,""shops"":[""YARN_STORE"",""BRUNCH_SPOT"",""ICE_CREAM_SHOP""]},{""step"":288,""shops"":[""YARN_STORE"",""BRUNCH_SPOT"",""ICE_CREAM_SHOP"",""ICE_CREAM_SHOP""]},{""step"":360,""shops"":[""YARN_STORE"",""BRUNCH_SPOT"",""ICE_CREAM_SHOP"",""ICE_CREAM_SHOP"",""BRUNCH_SPOT""]},{""step"":432,""shops"":[""YARN_STORE"",""BRUNCH_SPOT"",""ICE_CREAM_SHOP"",""ICE_CREAM_SHOP"",""BRUNCH_SPOT"",""BRUNCH_SPOT""]},{""step"":504,""shops"":[""YARN_STORE"",""BRUNCH_SPOT"",""ICE_CREAM_SHOP"",""ICE_CREAM_SHOP"",""BRUNCH_SPOT"",""BRUNCH_SPOT"",""FARMERS_MARKET""]},{""step"":576,""shops"":[""YARN_STORE"",""BRUNCH_SPOT"",""ICE_CREAM_SHOP"",""ICE_CREAM_SHOP"",""BRUNCH_SPOT"",""BRUNCH_SPOT"",""FARMERS_MARKET"",""BRUNCH_SPOT""]}]",experiments/round11_execution_20260924/track_b/market_kagsim/replays/m11_final_response/order_book/seed_522609241_seat_1.json.gz,bdfe6c1654f705f5f17852ef972a4a742bbe9adae21604bbbefbc59583ea9f6b,a08a19f9a2852f4e27ba0d082b70ce559f78fe5173f42011fd529fb25607ae73,a16e0e9b40c489972630a0b9d04f30e9c1cab03159fa78676db74277d84d82ab,0fe077cc65622d6f6828160d90b617595a4aa7ea188e4afc67bfee8e4d290c92,"{""players"":[{""sell_dead_units"":187,""refused_buy_product"":1,""refused_buy_seed"":0,""refused_buy_animal"":0,""refused_hire"":0,""refused_buy_land"":0,""hire_paid"":5659,""sell_zero_fill"":18,""buy_zero_fill"":1,""sell_revenue"":140765.0,""total_spend"":30085.0,""shed_discarded_units"":32,""sold_units"":1559,""feed_no_wheat"":0,""feed_no_animal"":0,""feed_redundant"":0,""water_dead"":1,""harvest_dead"":6,""plant_dead"":0,""animals_escaped"":0,""escape_capital"":0.0,""escape_yield_units"":0,""escape_first_day"":-1,""animal_unfed_days"":62,""plants_dry"":1,""dry_seed_cost"":100.0,""dry_yield_units"":0,""dry_first_day"":21,""plant_unwatered_days"":385,""decay_units"":18,""plants_decayed"":18,""silent_loss_coins"":100.0,""silent_loss_units"":50,""dead_actions"":20,""move_dead"":0,""locked_dead"":0,""pickup_dead"":0,""drop_dead"":0,""place_dead"":2,""build_dead"":0,""dig_dead"":2,""fertilize_dead"":0,""collect_dead"":4,""care_dead"":5,""tile_cap_units"":9,""fertilizer_forgone"":14,""care_unfed"":58,""animal_shed_days"":0,""idle_tile_days"":62,""weed_tile_days"":1,""hand_pass_turns"":615,""farmer_pass_turns"":83,""phantom_hand_actions"":0,""sell_floor_units"":61,""hire_premium"":5377,""shed_units_now"":0,""shed_value_now"":0.0,""animals_in_shed_now"":0,""seeds_unplanted_now"":0,""seeds_unplanted_cost_now"":0.0},{""sell_dead_units"":187,""refused_buy_product"":1,""refused_buy_seed"":0,""refused_buy_animal"":0,""refused_hire"":0,""refused_buy_land"":0,""hire_paid"":5659,""sell_zero_fill"":18,""buy_zero_fill"":1,""sell_revenue"":140434.0,""total_spend"":29729.0,""shed_discarded_units"":32,""sold_units"":1549,""feed_no_wheat"":0,""feed_no_animal"":0,""feed_redundant"":0,""water_dead"":1,""harvest_dead"":4,""plant_dead"":0,""animals_escaped"":0,""escape_capital"":0.0,""escape_yield_units"":0,""escape_first_day"":-1,""animal_unfed_days"":62,""plants_dry"":1,""dry_seed_cost"":100.0,""dry_yield_units"":0,""dry_first_day"":21,""plant_unwatered_days"":385,""decay_units"":18,""plants_decayed"":18,""silent_loss_coins"":100.0,""silent_loss_units"":50,""dead_actions"":17,""move_dead"":0,""locked_dead"":0,""pickup_dead"":0,""drop_dead"":0,""place_dead"":1,""build_dead"":0,""dig_dead"":2,""fertilize_dead"":0,""collect_dead"":4,""care_dead"":5,""tile_cap_units"":9,""fertilizer_forgone"":14,""care_unfed"":58,""animal_shed_days"":0,""idle_tile_days"":62,""weed_tile_days"":1,""hand_pass_turns"":616,""farmer_pass_turns"":83,""phantom_hand_actions"":0,""sell_floor_units"":63,""hire_premium"":5377,""shed_units_now"":0,""shed_value_now"":0.0,""animals_in_shed_now"":0,""seeds_unplanted_now"":0,""seeds_unplanted_cost_now"":0.0}]}","{""calls"":719,""eligible"":87,""changes"":1,""errors"":0,""evaluations"":152,""predicted_gain"":15.0,""mode"":""final""}",
m11_final_response,B1,order_book,order_book,522609242,0,116834.0,116465.0,369.0,W,kagsim,4.908006,0,0,0,0,0,0,0,0,cd945f271e647a2f5fc263c386808ef34a28435ba33f723a6ccd7112be4b1a7c,"[{""step"":0,""shops"":[]},{""step"":72,""shops"":[""SMOOTHIE_SHOP""]},{""step"":144,""shops"":[""SMOOTHIE_SHOP"",""SMOOTHIE_SHOP""]},{""step"":216,""shops"":[""SMOOTHIE_SHOP"",""SMOOTHIE_SHOP"",""BRUNCH_SPOT""]},{""step"":288,""shops"":[""SMOOTHIE_SHOP"",""SMOOTHIE_SHOP"",""BRUNCH_SPOT"",""BAKERY""]},{""step"":360,""shops"":[""SMOOTHIE_SHOP"",""SMOOTHIE_SHOP"",""BRUNCH_SPOT"",""BAKERY"",""YARN_STORE""]},{""step"":432,""shops"":[""SMOOTHIE_SHOP"",""SMOOTHIE_SHOP"",""BRUNCH_SPOT"",""BAKERY"",""YARN_STORE"",""ICE_CREAM_SHOP""]},{""step"":504,""shops"":[""SMOOTHIE_SHOP"",""SMOOTHIE_SHOP"",""BRUNCH_SPOT"",""BAKERY"",""YARN_STORE"",""ICE_CREAM_SHOP"",""BAKERY""]},{""step"":576,""shops"":[""SMOOTHIE_SHOP"",""SMOOTHIE_SHOP"",""BRUNCH_SPOT"",""BAKERY"",""YARN_STORE"",""ICE_CREAM_SHOP"",""BAKERY"",""FARMERS_MARKET""]}]",experiments/round11_execution_20260924/track_b/market_kagsim/replays/m11_final_response/order_book/seed_522609242_seat_0.json.gz,b46591a1afc01ca85a978efb961b80e4f1b429507760bccf8ea76e999466d8b8,a08a19f9a2852f4e27ba0d082b70ce559f78fe5173f42011fd529fb25607ae73,a16e0e9b40c489972630a0b9d04f30e9c1cab03159fa78676db74277d84d82ab,0fe077cc65622d6f6828160d90b617595a4aa7ea188e4afc67bfee8e4d290c92,"{""players"":[{""sell_dead_units"":219,""refused_buy_product"":1,""refused_buy_seed"":0,""refused_buy_animal"":0,""refused_hire"":0,""refused_buy_land"":0,""hire_paid"":4164,""sell_zero_fill"":40,""buy_zero_fill"":1,""sell_revenue"":141259.0,""total_spend"":27425.0,""shed_discarded_units"":4,""sold_units"":1595,""feed_no_wheat"":0,""feed_no_animal"":0,""feed_redundant"":0,""water_dead"":11,""harvest_dead"":4,""plant_dead"":0,""animals_escaped"":0,""escape_capital"":0.0,""escape_yield_units"":0,""escape_first_day"":-1,""animal_unfed_days"":42,""plants_dry"":1,""dry_seed_cost"":100.0,""dry_yield_units"":0,""dry_first_day"":21,""plant_unwatered_days"":392,""decay_units"":18,""plants_decayed"":18,""silent_loss_coins"":100.0,""silent_loss_units"":22,""dead_actions"":41,""move_dead"":0,""locked_dead"":0,""pickup_dead"":0,""drop_dead"":0,""place_dead"":1,""build_dead"":0,""dig_dead"":3,""fertilize_dead"":1,""collect_dead"":8,""care_dead"":13,""tile_cap_units"":19,""fertilizer_forgone"":19,""care_unfed"":37,""animal_shed_days"":1,""idle_tile_days"":63,""weed_tile_days"":1,""hand_pass_turns"":363,""farmer_pass_turns"":61,""phantom_hand_actions"":0,""sell_floor_units"":21,""hire_premium"":3898,""shed_units_now"":0,""shed_value_now"":0.0,""animals_in_shed_now"":0,""seeds_unplanted_now"":1,""seeds_unplanted_cost_now"":10.0},{""sell_dead_units"":205,""refused_buy_product"":1,""refused_buy_seed"":0,""refused_buy_animal"":0,""refused_hire"":0,""refused_buy_land"":0,""hire_paid"":4164,""sell_zero_fill"":38,""buy_zero_fill"":1,""sell_revenue"":141246.0,""total_spend"":27781.0,""shed_discarded_units"":3,""sold_units"":1604,""feed_no_wheat"":0,""feed_no_animal"":0,""feed_redundant"":0,""water_dead"":11,""harvest_dead"":4,""plant_dead"":0,""animals_escaped"":0,""escape_capital"":0.0,""escape_yield_units"":0,""escape_first_day"":-1,""animal_unfed_days"":42,""plants_dry"":1,""dry_seed_cost"":100.0,""dry_yield_units"":0,""dry_first_day"":21,""plant_unwatered_days"":392,""decay_units"":18,""plants_decayed"":18,""silent_loss_coins"":100.0,""silent_loss_units"":21,""dead_actions"":42,""move_dead"":0,""locked_dead"":0,""pickup_dead"":0,""drop_dead"":0,""place_dead"":1,""build_dead"":0,""dig_dead"":3,""fertilize_dead"":2,""collect_dead"":8,""care_dead"":13,""tile_cap_units"":20,""fertilizer_forgone"":19,""care_unfed"":37,""animal_shed_days"":1,""idle_tile_days"":63,""weed_tile_days"":1,""hand_pass_turns"":361,""farmer_pass_turns"":60,""phantom_hand_actions"":0,""sell_floor_units"":21,""hire_premium"":3898,""shed_units_now"":0,""shed_value_now"":0.0,""animals_in_shed_now"":0,""seeds_unplanted_now"":1,""seeds_unplanted_cost_now"":10.0}]}","{""calls"":719,""eligible"":125,""changes"":0,""errors"":0,""evaluations"":194,""predicted_gain"":0.0,""mode"":""final""}",
m11_final_response,B1,order_book,order_book,522609242,1,116834.0,116465.0,369.0,W,kagsim,4.859139,0,0,0,0,0,0,0,0,cd945f271e647a2f5fc263c386808ef34a28435ba33f723a6ccd7112be4b1a7c,"[{""step"":0,""shops"":[]},{""step"":72,""shops"":[""SMOOTHIE_SHOP""]},{""step"":144,""shops"":[""SMOOTHIE_SHOP"",""SMOOTHIE_SHOP""]},{""step"":216,""shops"":[""SMOOTHIE_SHOP"",""SMOOTHIE_SHOP"",""BRUNCH_SPOT""]},{""step"":288,""shops"":[""SMOOTHIE_SHOP"",""SMOOTHIE_SHOP"",""BRUNCH_SPOT"",""BAKERY""]},{""step"":360,""shops"":[""SMOOTHIE_SHOP"",""SMOOTHIE_SHOP"",""BRUNCH_SPOT"",""BAKERY"",""YARN_STORE""]},{""step"":432,""shops"":[""SMOOTHIE_SHOP"",""SMOOTHIE_SHOP"",""BRUNCH_SPOT"",""BAKERY"",""YARN_STORE"",""ICE_CREAM_SHOP""]},{""step"":504,""shops"":[""SMOOTHIE_SHOP"",""SMOOTHIE_SHOP"",""BRUNCH_SPOT"",""BAKERY"",""YARN_STORE"",""ICE_CREAM_SHOP"",""BAKERY""]},{""step"":576,""shops"":[""SMOOTHIE_SHOP"",""SMOOTHIE_SHOP"",""BRUNCH_SPOT"",""BAKERY"",""YARN_STORE"",""ICE_CREAM_SHOP"",""BAKERY"",""FARMERS_MARKET""]}]",experiments/round11_execution_20260924/track_b/market_kagsim/replays/m11_final_response/order_book/seed_522609242_seat_1.json.gz,92df30f9cae74445f6e7ec2b4712d18286cd75859a2ad491955c429a8bdf7486,a08a19f9a2852f4e27ba0d082b70ce559f78fe5173f42011fd529fb25607ae73,a16e0e9b40c489972630a0b9d04f30e9c1cab03159fa78676db74277d84d82ab,0fe077cc65622d6f6828160d90b617595a4aa7ea188e4afc67bfee8e4d290c92,"{""players"":[{""sell_dead_units"":205,""refused_buy_product"":1,""refused_buy_seed"":0,""refused_buy_animal"":0,""refused_hire"":0,""refused_buy_land"":0,""hire_paid"":4164,""sell_zero_fill"":38,""buy_zero_fill"":1,""sell_revenue"":141246.0,""total_spend"":27781.0,""shed_discarded_units"":3,""sold_units"":1604,""feed_no_wheat"":0,""feed_no_animal"":0,""feed_redundant"":0,""water_dead"":11,""harvest_dead"":4,""plant_dead"":0,""animals_escaped"":0,""escape_capital"":0.0,""escape_yield_units"":0,""escape_first_day"":-1,""animal_unfed_days"":42,""plants_dry"":1,""dry_seed_cost"":100.0,""dry_yield_units"":0,""dry_first_day"":21,""plant_unwatered_days"":392,""decay_units"":18,""plants_decayed"":18,""silent_loss_coins"":100.0,""silent_loss_units"":21,""dead_actions"":42,""move_dead"":0,""locked_dead"":0,""pickup_dead"":0,""drop_dead"":0,""place_dead"":1,""build_dead"":0,""dig_dead"":3,""fertilize_dead"":2,""collect_dead"":8,""care_dead"":13,""tile_cap_units"":20,""fertilizer_forgone"":19,""care_unfed"":37,""animal_shed_days"":1,""idle_tile_days"":63,""weed_tile_days"":1,""hand_pass_turns"":361,""farmer_pass_turns"":60,""phantom_hand_actions"":0,""sell_floor_units"":21,""hire_premium"":3898,""shed_units_now"":0,""shed_value_now"":0.0,""animals_in_shed_now"":0,""seeds_unplanted_now"":1,""seeds_unplanted_cost_now"":10.0},{""sell_dead_units"":219,""refused_buy_product"":1,""refused_buy_seed"":0,""refused_buy_animal"":0,""refused_hire"":0,""refused_buy_land"":0,""hire_paid"":4164,""sell_zero_fill"":40,""buy_zero_fill"":1,""sell_revenue"":141259.0,""total_spend"":27425.0,""shed_discarded_units"":4,""sold_units"":1595,""feed_no_wheat"":0,""feed_no_animal"":0,""feed_redundant"":0,""water_dead"":11,""harvest_dead"":4,""plant_dead"":0,""animals_escaped"":0,""escape_capital"":0.0,""escape_yield_units"":0,""escape_first_day"":-1,""animal_unfed_days"":42,""plants_dry"":1,""dry_seed_cost"":100.0,""dry_yield_units"":0,""dry_first_day"":21,""plant_unwatered_days"":392,""decay_units"":18,""plants_decayed"":18,""silent_loss_coins"":100.0,""silent_loss_units"":22,""dead_actions"":41,""move_dead"":0,""locked_dead"":0,""pickup_dead"":0,""drop_dead"":0,""place_dead"":1,""build_dead"":0,""dig_dead"":3,""fertilize_dead"":1,""collect_dead"":8,""care_dead"":13,""tile_cap_units"":19,""fertilizer_forgone"":19,""care_unfed"":37,""animal_shed_days"":1,""idle_tile_days"":63,""weed_tile_days"":1,""hand_pass_turns"":363,""farmer_pass_turns"":61,""phantom_hand_actions"":0,""sell_floor_units"":21,""hire_premium"":3898,""shed_units_now"":0,""shed_value_now"":0.0,""animals_in_shed_now"":0,""seeds_unplanted_now"":1,""seeds_unplanted_cost_now"":10.0}]}","{""calls"":719,""eligible"":125,""changes"":0,""errors"":0,""evaluations"":194,""predicted_gain"":0.0,""mode"":""final""}",
m11_final_response,B1,order_book,order_book,522609243,0,110312.0,109835.0,477.0,W,kagsim,4.238824,0,0,0,0,0,0,0,0,1d04709202fcf76383345d9e691360d89980e8b74a1a6a0b3b3159e5c4342665,"[{""step"":0,""shops"":[]},{""step"":72,""shops"":[""BRUNCH_SPOT""]},{""step"":144,""shops"":[""BRUNCH_SPOT"",""ICE_CREAM_SHOP""]},{""step"":216,""shops"":[""BRUNCH_SPOT"",""ICE_CREAM_SHOP"",""FARMERS_MARKET""]},{""step"":288,""shops"":[""BRUNCH_SPOT"",""ICE_CREAM_SHOP"",""FARMERS_MARKET"",""ICE_CREAM_SHOP""]},{""step"":360,""shops"":[""BRUNCH_SPOT"",""ICE_CREAM_SHOP"",""FARMERS_MARKET"",""ICE_CREAM_SHOP"",""PIZZA_SHOP""]},{""step"":432,""shops"":[""BRUNCH_SPOT"",""ICE_CREAM_SHOP"",""FARMERS_MARKET"",""ICE_CREAM_SHOP"",""PIZZA_SHOP"",""FARMERS_MARKET""]},{""step"":504,""shops"":[""BRUNCH_SPOT"",""ICE_CREAM_SHOP"",""FARMERS_MARKET"",""ICE_CREAM_SHOP"",""PIZZA_SHOP"",""FARMERS_MARKET"",""BAKERY""]},{""step"":576,""shops"":[""BRUNCH_SPOT"",""ICE_CREAM_SHOP"",""FARMERS_MARKET"",""ICE_CREAM_SHOP"",""PIZZA_SHOP"",""FARMERS_MARKET"",""BAKERY"",""PIZZA_SHOP""]}]",experiments/round11_execution_20260924/track_b/market_kagsim/replays/m11_final_response/order_book/seed_522609243_seat_0.json.gz,ac2199a74a791d7ed2985bf233bde9f9d5eb9c791a2d11b6416e7d474621e163,a08a19f9a2852f4e27ba0d082b70ce559f78fe5173f42011fd529fb25607ae73,a16e0e9b40c489972630a0b9d04f30e9c1cab03159fa78676db74277d84d82ab,0fe077cc65622d6f6828160d90b617595a4aa7ea188e4afc67bfee8e4d290c92,"{""players"":[{""sell_dead_units"":215,""refused_buy_product"":1,""refused_buy_seed"":0,""refused_buy_animal"":0,""refused_hire"":0,""refused_buy_land"":0,""hire_paid"":4397,""sell_zero_fill"":34,""buy_zero_fill"":1,""sell_revenue"":136038.0,""total_spend"":28726.0,""shed_discarded_units"":3,""sold_units"":1604,""feed_no_wheat"":0,""feed_no_animal"":0,""feed_redundant"":0,""water_dead"":10,""harvest_dead"":3,""plant_dead"":0,""animals_escaped"":0,""escape_capital"":0.0,""escape_yield_units"":0,""escape_first_day"":-1,""animal_unfed_days"":76,""plants_dry"":1,""dry_seed_cost"":100.0,""dry_yield_units"":0,""dry_first_day"":21,""plant_unwatered_days"":391,""decay_units"":18,""plants_decayed"":18,""silent_loss_coins"":100.0,""silent_loss_units"":21,""dead_actions"":40,""move_dead"":0,""locked_dead"":0,""pickup_dead"":0,""drop_dead"":0,""place_dead"":1,""build_dead"":0,""dig_dead"":4,""fertilize_dead"":1,""collect_dead"":8,""care_dead"":13,""tile_cap_units"":21,""fertilizer_forgone"":19,""care_unfed"":72,""animal_shed_days"":1,""idle_tile_days"":63,""weed_tile_days"":1,""hand_pass_turns"":397,""farmer_pass_turns"":67,""phantom_hand_actions"":0,""sell_floor_units"":54,""hire_premium"":4129,""shed_units_now"":0,""shed_value_now"":0.0,""animals_in_shed_now"":0,""seeds_unplanted_now"":1,""seeds_unplanted_cost_now"":10.0},{""sell_dead_units"":214,""refused_buy_product"":1,""refused_buy_seed"":0,""refused_buy_animal"":0,""refused_hire"":0,""refused_buy_land"":0,""hire_paid"":4397,""sell_zero_fill"":34,""buy_zero_fill"":1,""sell_revenue"":135917.0,""total_spend"":29082.0,""shed_discarded_units"":2,""sold_units"":1612,""feed_no_wheat"":0,""feed_no_animal"":0,""feed_redundant"":0,""water_dead"":10,""harvest_dead"":3,""plant_dead"":0,""animals_escaped"":0,""escape_capital"":0.0,""escape_yield_units"":0,""escape_first_day"":-1,""animal_unfed_days"":76,""plants_dry"":1,""dry_seed_cost"":100.0,""dry_yield_units"":0,""dry_first_day"":21,""plant_unwatered_days"":391,""decay_units"":18,""plants_decayed"":18,""silent_loss_coins"":100.0,""silent_loss_units"":20,""dead_actions"":41,""move_dead"":0,""locked_dead"":0,""pickup_dead"":0,""drop_dead"":0,""place_dead"":1,""build_dead"":0,""dig_dead"":4,""fertilize_dead"":2,""collect_dead"":8,""care_dead"":13,""tile_cap_units"":22,""fertilizer_forgone"":19,""care_unfed"":72,""animal_shed_days"":1,""idle_tile_days"":63,""weed_tile_days"":1,""hand_pass_turns"":394,""farmer_pass_turns"":66,""phantom_hand_actions"":0,""sell_floor_units"":54,""hire_premium"":4129,""shed_units_now"":0,""shed_value_now"":0.0,""animals_in_shed_now"":0,""seeds_unplanted_now"":1,""seeds_unplanted_cost_now"":10.0}]}","{""calls"":719,""eligible"":128,""changes"":1,""errors"":0,""evaluations"":215,""predicted_gain"":7.0,""mode"":""final""}",
m11_final_response,B1,order_book,order_book,522609243,1,110312.0,109835.0,477.0,W,kagsim,4.276581,0,0,0,0,0,0,0,0,1d04709202fcf76383345d9e691360d89980e8b74a1a6a0b3b3159e5c4342665,"[{""step"":0,""shops"":[]},{""step"":72,""shops"":[""BRUNCH_SPOT""]},{""step"":144,""shops"":[""BRUNCH_SPOT"",""ICE_CREAM_SHOP""]},{""step"":216,""shops"":[""BRUNCH_SPOT"",""ICE_CREAM_SHOP"",""FARMERS_MARKET""]},{""step"":288,""shops"":[""BRUNCH_SPOT"",""ICE_CREAM_SHOP"",""FARMERS_MARKET"",""ICE_CREAM_SHOP""]},{""step"":360,""shops"":[""BRUNCH_SPOT"",""ICE_CREAM_SHOP"",""FARMERS_MARKET"",""ICE_CREAM_SHOP"",""PIZZA_SHOP""]},{""step"":432,""shops"":[""BRUNCH_SPOT"",""ICE_CREAM_SHOP"",""FARMERS_MARKET"",""ICE_CREAM_SHOP"",""PIZZA_SHOP"",""FARMERS_MARKET""]},{""step"":504,""shops"":[""BRUNCH_SPOT"",""ICE_CREAM_SHOP"",""FARMERS_MARKET"",""ICE_CREAM_SHOP"",""PIZZA_SHOP"",""FARMERS_MARKET"",""BAKERY""]},{""step"":576,""shops"":[""BRUNCH_SPOT"",""ICE_CREAM_SHOP"",""FARMERS_MARKET"",""ICE_CREAM_SHOP"",""PIZZA_SHOP"",""FARMERS_MARKET"",""BAKERY"",""PIZZA_SHOP""]}]",experiments/round11_execution_20260924/track_b/market_kagsim/replays/m11_final_response/order_book/seed_522609243_seat_1.json.gz,a1325159329699aa647dde106b3792b9be9e230e3ec43fb4ad695923769d4626,a08a19f9a2852f4e27ba0d082b70ce559f78fe5173f42011fd529fb25607ae73,a16e0e9b40c489972630a0b9d04f30e9c1cab03159fa78676db74277d84d82ab,0fe077cc65622d6f6828160d90b617595a4aa7ea188e4afc67bfee8e4d290c92,"{""players"":[{""sell_dead_units"":214,""refused_buy_product"":1,""refused_buy_seed"":0,""refused_buy_animal"":0,""refused_hire"":0,""refused_buy_land"":0,""hire_paid"":4397,""sell_zero_fill"":34,""buy_zero_fill"":1,""sell_revenue"":135917.0,""total_spend"":29082.0,""shed_discarded_units"":2,""sold_units"":1612,""feed_no_wheat"":0,""feed_no_animal"":0,""feed_redundant"":0,""water_dead"":10,""harvest_dead"":3,""plant_dead"":0,""animals_escaped"":0,""escape_capital"":0.0,""escape_yield_units"":0,""escape_first_day"":-1,""animal_unfed_days"":76,""plants_dry"":1,""dry_seed_cost"":100.0,""dry_yield_units"":0,""dry_first_day"":21,""plant_unwatered_days"":391,""decay_units"":18,""plants_decayed"":18,""silent_loss_coins"":100.0,""silent_loss_units"":20,""dead_actions"":41,""move_dead"":0,""locked_dead"":0,""pickup_dead"":0,""drop_dead"":0,""place_dead"":1,""build_dead"":0,""dig_dead"":4,""fertilize_dead"":2,""collect_dead"":8,""care_dead"":13,""tile_cap_units"":22,""fertilizer_forgone"":19,""care_unfed"":72,""animal_shed_days"":1,""idle_tile_days"":63,""weed_tile_days"":1,""hand_pass_turns"":394,""farmer_pass_turns"":66,""phantom_hand_actions"":0,""sell_floor_units"":54,""hire_premium"":4129,""shed_units_now"":0,""shed_value_now"":0.0,""animals_in_shed_now"":0,""seeds_unplanted_now"":1,""seeds_unplanted_cost_now"":10.0},{""sell_dead_units"":215,""refused_buy_product"":1,""refused_buy_seed"":0,""refused_buy_animal"":0,""refused_hire"":0,""refused_buy_land"":0,""hire_paid"":4397,""sell_zero_fill"":34,""buy_zero_fill"":1,""sell_revenue"":136038.0,""total_spend"":28726.0,""shed_discarded_units"":3,""sold_units"":1604,""feed_no_wheat"":0,""feed_no_animal"":0,""feed_redundant"":0,""water_dead"":10,""harvest_dead"":3,""plant_dead"":0,""animals_escaped"":0,""escape_capital"":0.0,""escape_yield_units"":0,""escape_first_day"":-1,""animal_unfed_days"":76,""plants_dry"":1,""dry_seed_cost"":100.0,""dry_yield_units"":0,""dry_first_day"":21,""plant_unwatered_days"":391,""decay_units"":18,""plants_decayed"":18,""silent_loss_coins"":100.0,""silent_loss_units"":21,""dead_actions"":40,""move_dead"":0,""locked_dead"":0,""pickup_dead"":0,""drop_dead"":0,""place_dead"":1,""build_dead"":0,""dig_dead"":4,""fertilize_dead"":1,""collect_dead"":8,""care_dead"":13,""tile_cap_units"":21,""fertilizer_forgone"":19,""care_unfed"":72,""animal_shed_days"":1,""idle_tile_days"":63,""weed_tile_days"":1,""hand_pass_turns"":397,""farmer_pass_turns"":67,""phantom_hand_actions"":0,""sell_floor_units"":54,""hire_premium"":4129,""shed_units_now"":0,""shed_value_now"":0.0,""animals_in_shed_now"":0,""seeds_unplanted_now"":1,""seeds_unplanted_cost_now"":10.0}]}","{""calls"":719,""eligible"":128,""changes"":1,""errors"":0,""evaluations"":215,""predicted_gain"":7.0,""mode"":""final""}",
m11_final_response,B1,order_book,order_book,522609244,0,85108.0,84876.0,232.0,W,kagsim,5.013938,0,0,0,0,0,0,0,0,29ae70298aff5372b49961180210c77419a07c48f2304c46e4887e3408b3f36c,"[{""step"":0,""shops"":[]},{""step"":72,""shops"":[""BAKERY""]},{""step"":144,""shops"":[""BAKERY"",""FARMERS_MARKET""]},{""step"":216,""shops"":[""BAKERY"",""FARMERS_MARKET"",""BRUNCH_SPOT""]},{""step"":288,""shops"":[""BAKERY"",""FARMERS_MARKET"",""BRUNCH_SPOT"",""YARN_STORE""]},{""step"":360,""shops"":[""BAKERY"",""FARMERS_MARKET"",""BRUNCH_SPOT"",""YARN_STORE"",""FARMERS_MARKET""]},{""step"":432,""shops"":[""BAKERY"",""FARMERS_MARKET"",""BRUNCH_SPOT"",""YARN_STORE"",""FARMERS_MARKET"",""BAKERY""]},{""step"":504,""shops"":[""BAKERY"",""FARMERS_MARKET"",""BRUNCH_SPOT"",""YARN_STORE"",""FARMERS_MARKET"",""BAKERY"",""BRUNCH_SPOT""]},{""step"":576,""shops"":[""BAKERY"",""FARMERS_MARKET"",""BRUNCH_SPOT"",""YARN_STORE"",""FARMERS_MARKET"",""BAKERY"",""BRUNCH_SPOT"",""ICE_CREAM_SHOP""]}]",experiments/round11_execution_20260924/track_b/market_kagsim/replays/m11_final_response/order_book/seed_522609244_seat_0.json.gz,cef432b92232fe03fa9dd83873b82039ae30540d5fdacd4408f211405bb48e6b,a08a19f9a2852f4e27ba0d082b70ce559f78fe5173f42011fd529fb25607ae73,a16e0e9b40c489972630a0b9d04f30e9c1cab03159fa78676db74277d84d82ab,0fe077cc65622d6f6828160d90b617595a4aa7ea188e4afc67bfee8e4d290c92,"{""players"":[{""sell_dead_units"":2280,""refused_buy_product"":5,""refused_buy_seed"":0,""refused_buy_animal"":0,""refused_hire"":0,""refused_buy_land"":0,""hire_paid"":4397,""sell_zero_fill"":47,""buy_zero_fill"":1,""sell_revenue"":127399.0,""total_spend"":45291.0,""shed_discarded_units"":11,""sold_units"":2011,""feed_no_wheat"":0,""feed_no_animal"":0,""feed_redundant"":0,""water_dead"":12,""harvest_dead"":4,""plant_dead"":0,""animals_escaped"":0,""escape_capital"":0.0,""escape_yield_units"":0,""escape_first_day"":-1,""animal_unfed_days"":78,""plants_dry"":2,""dry_seed_cost"":120.0,""dry_yield_units"":1,""dry_first_day"":21,""plant_unwatered_days"":387,""decay_units"":18,""plants_decayed"":18,""silent_loss_coins"":120.0,""silent_loss_units"":30,""dead_actions"":47,""move_dead"":0,""locked_dead"":0,""pickup_dead"":0,""drop_dead"":0,""place_dead"":1,""build_dead"":0,""dig_dead"":2,""fertilize_dead"":1,""collect_dead"":3,""care_dead"":24,""tile_cap_units"":19,""fertilizer_forgone"":22,""care_unfed"":74,""animal_shed_days"":1,""idle_tile_days"":64,""weed_tile_days"":2,""hand_pass_turns"":368,""farmer_pass_turns"":64,""phantom_hand_actions"":0,""sell_floor_units"":84,""hire_premium"":4129,""shed_units_now"":0,""shed_value_now"":0.0,""animals_in_shed_now"":0,""seeds_unplanted_now"":5,""seeds_unplanted_cost_now"":70.0},{""sell_dead_units"":1280,""refused_buy_product"":5,""refused_buy_seed"":0,""refused_buy_animal"":0,""refused_hire"":0,""refused_buy_land"":0,""hire_paid"":4397,""sell_zero_fill"":46,""buy_zero_fill"":1,""sell_revenue"":127723.0,""total_spend"":45847.0,""shed_discarded_units"":8,""sold_units"":2022,""feed_no_wheat"":0,""feed_no_animal"":0,""feed_redundant"":0,""water_dead"":13,""harvest_dead"":5,""plant_dead"":0,""animals_escaped"":0,""escape_capital"":0.0,""escape_yield_units"":0,""escape_first_day"":-1,""animal_unfed_days"":78,""plants_dry"":2,""dry_seed_cost"":120.0,""dry_yield_units"":1,""dry_first_day"":21,""plant_unwatered_days"":386,""decay_units"":18,""plants_decayed"":18,""silent_loss_coins"":120.0,""silent_loss_units"":27,""dead_actions"":50,""move_dead"":0,""locked_dead"":0,""pickup_dead"":0,""drop_dead"":0,""place_dead"":1,""build_dead"":0,""dig_dead"":2,""fertilize_dead"":2,""collect_dead"":3,""care_dead"":24,""tile_cap_units"":21,""fertilizer_forgone"":22,""care_unfed"":74,""animal_shed_days"":1,""idle_tile_days"":66,""weed_tile_days"":3,""hand_pass_turns"":366,""farmer_pass_turns"":64,""phantom_hand_actions"":0,""sell_floor_units"":86,""hire_premium"":4129,""shed_units_now"":0,""shed_value_now"":0.0,""animals_in_shed_now"":0,""seeds_unplanted_now"":12,""seeds_unplanted_cost_now"":200.0}]}","{""calls"":719,""eligible"":122,""changes"":2,""errors"":0,""evaluations"":363,""predicted_gain"":18.0,""mode"":""final""}",
m11_final_response,B1,order_book,order_book,522609244,1,85028.0,84956.0,72.0,W,kagsim,4.952718,0,0,0,0,0,0,0,0,29ae70298aff5372b49961180210c77419a07c48f2304c46e4887e3408b3f36c,"[{""step"":0,""shops"":[]},{""step"":72,""shops"":[""BAKERY""]},{""step"":144,""shops"":[""BAKERY"",""FARMERS_MARKET""]},{""step"":216,""shops"":[""BAKERY"",""FARMERS_MARKET"",""BRUNCH_SPOT""]},{""step"":288,""shops"":[""BAKERY"",""FARMERS_MARKET"",""BRUNCH_SPOT"",""YARN_STORE""]},{""step"":360,""shops"":[""BAKERY"",""FARMERS_MARKET"",""BRUNCH_SPOT"",""YARN_STORE"",""FARMERS_MARKET""]},{""step"":432,""shops"":[""BAKERY"",""FARMERS_MARKET"",""BRUNCH_SPOT"",""YARN_STORE"",""FARMERS_MARKET"",""BAKERY""]},{""step"":504,""shops"":[""BAKERY"",""FARMERS_MARKET"",""BRUNCH_SPOT"",""YARN_STORE"",""FARMERS_MARKET"",""BAKERY"",""BRUNCH_SPOT""]},{""step"":576,""shops"":[""BAKERY"",""FARMERS_MARKET"",""BRUNCH_SPOT"",""YARN_STORE"",""FARMERS_MARKET"",""BAKERY"",""BRUNCH_SPOT"",""ICE_CREAM_SHOP""]}]",experiments/round11_execution_20260924/track_b/market_kagsim/replays/m11_final_response/order_book/seed_522609244_seat_1.json.gz,3df7e5b0e8d5994a17097dc3606cbf407123779ae61ebfe1b6053f7f1e2e0d23,a08a19f9a2852f4e27ba0d082b70ce559f78fe5173f42011fd529fb25607ae73,a16e0e9b40c489972630a0b9d04f30e9c1cab03159fa78676db74277d84d82ab,0fe077cc65622d6f6828160d90b617595a4aa7ea188e4afc67bfee8e4d290c92,"{""players"":[{""sell_dead_units"":1280,""refused_buy_product"":5,""refused_buy_seed"":0,""refused_buy_animal"":0,""refused_hire"":0,""refused_buy_land"":0,""hire_paid"":4397,""sell_zero_fill"":46,""buy_zero_fill"":1,""sell_revenue"":127723.0,""total_spend"":45767.0,""shed_discarded_units"":8,""sold_units"":2022,""feed_no_wheat"":0,""feed_no_animal"":0,""feed_redundant"":0,""water_dead"":12,""harvest_dead"":4,""plant_dead"":0,""animals_escaped"":0,""escape_capital"":0.0,""escape_yield_units"":0,""escape_first_day"":-1,""animal_unfed_days"":78,""plants_dry"":2,""dry_seed_cost"":120.0,""dry_yield_units"":1,""dry_first_day"":21,""plant_unwatered_days"":387,""decay_units"":18,""plants_decayed"":18,""silent_loss_coins"":120.0,""silent_loss_units"":27,""dead_actions"":48,""move_dead"":0,""locked_dead"":0,""pickup_dead"":0,""drop_dead"":0,""place_dead"":1,""build_dead"":0,""dig_dead"":2,""fertilize_dead"":2,""collect_dead"":3,""care_dead"":24,""tile_cap_units"":21,""fertilizer_forgone"":22,""care_unfed"":74,""animal_shed_days"":1,""idle_tile_days"":64,""weed_tile_days"":2,""hand_pass_turns"":365,""farmer_pass_turns"":64,""phantom_hand_actions"":0,""sell_floor_units"":86,""hire_premium"":4129,""shed_units_now"":0,""shed_value_now"":0.0,""animals_in_shed_now"":0,""seeds_unplanted_now"":11,""seeds_unplanted_cost_now"":190.0},{""sell_dead_units"":2280,""refused_buy_product"":5,""refused_buy_seed"":0,""refused_buy_animal"":0,""refused_hire"":0,""refused_buy_land"":0,""hire_paid"":4397,""sell_zero_fill"":47,""buy_zero_fill"":1,""sell_revenue"":127399.0,""total_spend"":45371.0,""shed_discarded_units"":11,""sold_units"":2011,""feed_no_wheat"":0,""feed_no_animal"":0,""feed_redundant"":0,""water_dead"":13,""harvest_dead"":5,""plant_dead"":0,""animals_escaped"":0,""escape_capital"":0.0,""escape_yield_units"":0,""escape_first_day"":-1,""animal_unfed_days"":78,""plants_dry"":2,""dry_seed_cost"":120.0,""dry_yield_units"":1,""dry_first_day"":21,""plant_unwatered_days"":386,""decay_units"":18,""plants_decayed"":18,""silent_loss_coins"":120.0,""silent_loss_units"":30,""dead_actions"":49,""move_dead"":0,""locked_dead"":0,""pickup_dead"":0,""drop_dead"":0,""place_dead"":1,""build_dead"":0,""dig_dead"":2,""fertilize_dead"":1,""collect_dead"":3,""care_dead"":24,""tile_cap_units"":19,""fertilizer_forgone"":22,""care_unfed"":74,""animal_shed_days"":1,""idle_tile_days"":66,""weed_tile_days"":3,""hand_pass_turns"":369,""farmer_pass_turns"":64,""phantom_hand_actions"":0,""sell_floor_units"":84,""hire_premium"":4129,""shed_units_now"":0,""shed_value_now"":0.0,""animals_in_shed_now"":0,""seeds_unplanted_now"":6,""seeds_unplanted_cost_now"":80.0}]}","{""calls"":719,""eligible"":122,""changes"":2,""errors"":0,""evaluations"":363,""predicted_gain"":18.0,""mode"":""final""}",
m11_final_response,B1,v57,public_router,522609241,0,113498.0,113531.0,-33.0,L,kagsim,3.762509,0,0,0,0,0,0,0,0,3d5abadf277ffbf26faf5853b80f902eec0bdb2b3d07a15179f8411eccf494e5,"[{""step"":0,""shops"":[]},{""step"":72,""shops"":[""YARN_STORE""]},{""step"":144,""shops"":[""YARN_STORE"",""BRUNCH_SPOT""]},{""step"":216,""shops"":[""YARN_STORE"",""BRUNCH_SPOT"",""ICE_CREAM_SHOP""]},{""step"":288,""shops"":[""YARN_STORE"",""BRUNCH_SPOT"",""ICE_CREAM_SHOP"",""ICE_CREAM_SHOP""]},{""step"":360,""shops"":[""YARN_STORE"",""BRUNCH_SPOT"",""ICE_CREAM_SHOP"",""ICE_CREAM_SHOP"",""BRUNCH_SPOT""]},{""step"":432,""shops"":[""YARN_STORE"",""BRUNCH_SPOT"",""ICE_CREAM_SHOP"",""ICE_CREAM_SHOP"",""BRUNCH_SPOT"",""BRUNCH_SPOT""]},{""step"":504,""shops"":[""YARN_STORE"",""BRUNCH_SPOT"",""ICE_CREAM_SHOP"",""ICE_CREAM_SHOP"",""BRUNCH_SPOT"",""BRUNCH_SPOT"",""FARMERS_MARKET""]},{""step"":576,""shops"":[""YARN_STORE"",""BRUNCH_SPOT"",""ICE_CREAM_SHOP"",""ICE_CREAM_SHOP"",""BRUNCH_SPOT"",""BRUNCH_SPOT"",""FARMERS_MARKET"",""BRUNCH_SPOT""]}]",experiments/round11_execution_20260924/track_b/market_kagsim/replays/m11_final_response/v57/seed_522609241_seat_0.json.gz,1555d2bf5a3aecbd2e3b01f8ad95b0cd4c48f1065a830c1986c89e049a422073,a08a19f9a2852f4e27ba0d082b70ce559f78fe5173f42011fd529fb25607ae73,2ee689fdc58f38b7bf6b80b8d3f48129d19b47201dbee51fdcbd977498a5106f,0fe077cc65622d6f6828160d90b617595a4aa7ea188e4afc67bfee8e4d290c92,"{""players"":[{""sell_dead_units"":187,""refused_buy_product"":1,""refused_buy_seed"":0,""refused_buy_animal"":0,""refused_hire"":0,""refused_buy_land"":0,""hire_paid"":5659,""sell_zero_fill"":18,""buy_zero_fill"":1,""sell_revenue"":140226.0,""total_spend"":29728.0,""shed_discarded_units"":32,""sold_units"":1549,""feed_no_wheat"":0,""feed_no_animal"":0,""feed_redundant"":0,""water_dead"":1,""harvest_dead"":4,""plant_dead"":0,""animals_escaped"":0,""escape_capital"":0.0,""escape_yield_units"":0,""escape_first_day"":-1,""animal_unfed_days"":62,""plants_dry"":1,""dry_seed_cost"":100.0,""dry_yield_units"":0,""dry_first_day"":21,""plant_unwatered_days"":385,""decay_units"":18,""plants_decayed"":18,""silent_loss_coins"":100.0,""silent_loss_units"":50,""dead_actions"":17,""move_dead"":0,""locked_dead"":0,""pickup_dead"":0,""drop_dead"":0,""place_dead"":1,""build_dead"":0,""dig_dead"":2,""fertilize_dead"":0,""collect_dead"":4,""care_dead"":5,""tile_cap_units"":9,""fertilizer_forgone"":14,""care_unfed"":58,""animal_shed_days"":0,""idle_tile_days"":62,""weed_tile_days"":1,""hand_pass_turns"":616,""farmer_pass_turns"":83,""phantom_hand_actions"":0,""sell_floor_units"":63,""hire_premium"":5377,""shed_units_now"":0,""shed_value_now"":0.0,""animals_in_shed_now"":0,""seeds_unplanted_now"":0,""seeds_unplanted_cost_now"":0.0},{""sell_dead_units"":193,""refused_buy_product"":1,""refused_buy_seed"":0,""refused_buy_animal"":0,""refused_hire"":0,""refused_buy_land"":0,""hire_paid"":5659,""sell_zero_fill"":18,""buy_zero_fill"":1,""sell_revenue"":140611.0,""total_spend"":30080.0,""shed_discarded_units"":32,""sold_units"":1557,""feed_no_wheat"":0,""feed_no_animal"":0,""feed_redundant"":0,""water_dead"":1,""harvest_dead"":6,""plant_dead"":0,""animals_escaped"":0,""escape_capital"":0.0,""escape_yield_units"":0,""escape_first_day"":-1,""animal_unfed_days"":62,""plants_dry"":1,""dry_seed_cost"":100.0,""dry_yield_units"":0,""dry_first_day"":21,""plant_unwatered_days"":385,""decay_units"":18,""plants_decayed"":18,""silent_loss_coins"":100.0,""silent_loss_units"":50,""dead_actions"":20,""move_dead"":0,""locked_dead"":0,""pickup_dead"":0,""drop_dead"":0,""place_dead"":2,""build_dead"":0,""dig_dead"":2,""fertilize_dead"":0,""collect_dead"":4,""care_dead"":5,""tile_cap_units"":9,""fertilizer_forgone"":14,""care_unfed"":58,""animal_shed_days"":0,""idle_tile_days"":62,""weed_tile_days"":1,""hand_pass_turns"":615,""farmer_pass_turns"":83,""phantom_hand_actions"":0,""sell_floor_units"":58,""hire_premium"":5377,""shed_units_now"":0,""shed_value_now"":0.0,""animals_in_shed_now"":0,""seeds_unplanted_now"":0,""seeds_unplanted_cost_now"":0.0}]}","{""calls"":719,""eligible"":88,""changes"":1,""errors"":0,""evaluations"":149,""predicted_gain"":15.0,""mode"":""final""}",
m11_final_response,B1,v57,public_router,522609241,1,113498.0,113531.0,-33.0,L,kagsim,3.887802,0,0,0,0,0,0,0,0,3d5abadf277ffbf26faf5853b80f902eec0bdb2b3d07a15179f8411eccf494e5,"[{""step"":0,""shops"":[]},{""step"":72,""shops"":[""YARN_STORE""]},{""step"":144,""shops"":[""YARN_STORE"",""BRUNCH_SPOT""]},{""step"":216,""shops"":[""YARN_STORE"",""BRUNCH_SPOT"",""ICE_CREAM_SHOP""]},{""step"":288,""shops"":[""YARN_STORE"",""BRUNCH_SPOT"",""ICE_CREAM_SHOP"",""ICE_CREAM_SHOP""]},{""step"":360,""shops"":[""YARN_STORE"",""BRUNCH_SPOT"",""ICE_CREAM_SHOP"",""ICE_CREAM_SHOP"",""BRUNCH_SPOT""]},{""step"":432,""shops"":[""YARN_STORE"",""BRUNCH_SPOT"",""ICE_CREAM_SHOP"",""ICE_CREAM_SHOP"",""BRUNCH_SPOT"",""BRUNCH_SPOT""]},{""step"":504,""shops"":[""YARN_STORE"",""BRUNCH_SPOT"",""ICE_CREAM_SHOP"",""ICE_CREAM_SHOP"",""BRUNCH_SPOT"",""BRUNCH_SPOT"",""FARMERS_MARKET""]},{""step"":576,""shops"":[""YARN_STORE"",""BRUNCH_SPOT"",""ICE_CREAM_SHOP"",""ICE_CREAM_SHOP"",""BRUNCH_SPOT"",""BRUNCH_SPOT"",""FARMERS_MARKET"",""BRUNCH_SPOT""]}]",experiments/round11_execution_20260924/track_b/market_kagsim/replays/m11_final_response/v57/seed_522609241_seat_1.json.gz,434d05a04937f224512012fb81ddd19968d0fc0fb892b003df6c0d3a2dfc82dd,a08a19f9a2852f4e27ba0d082b70ce559f78fe5173f42011fd529fb25607ae73,2ee689fdc58f38b7bf6b80b8d3f48129d19b47201dbee51fdcbd977498a5106f,0fe077cc65622d6f6828160d90b617595a4aa7ea188e4afc67bfee8e4d290c92,"{""players"":[{""sell_dead_units"":193,""refused_buy_product"":1,""refused_buy_seed"":0,""refused_buy_animal"":0,""refused_hire"":0,""refused_buy_land"":0,""hire_paid"":5659,""sell_zero_fill"":18,""buy_zero_fill"":1,""sell_revenue"":140611.0,""total_spend"":30080.0,""shed_discarded_units"":32,""sold_units"":1557,""feed_no_wheat"":0,""feed_no_animal"":0,""feed_redundant"":0,""water_dead"":1,""harvest_dead"":6,""plant_dead"":0,""animals_escaped"":0,""escape_capital"":0.0,""escape_yield_units"":0,""escape_first_day"":-1,""animal_unfed_days"":62,""plants_dry"":1,""dry_seed_cost"":100.0,""dry_yield_units"":0,""dry_first_day"":21,""plant_unwatered_days"":385,""decay_units"":18,""plants_decayed"":18,""silent_loss_coins"":100.0,""silent_loss_units"":50,""dead_actions"":20,""move_dead"":0,""locked_dead"":0,""pickup_dead"":0,""drop_dead"":0,""place_dead"":2,""build_dead"":0,""dig_dead"":2,""fertilize_dead"":0,""collect_dead"":4,""care_dead"":5,""tile_cap_units"":9,""fertilizer_forgone"":14,""care_unfed"":58,""animal_shed_days"":0,""idle_tile_days"":62,""weed_tile_days"":1,""hand_pass_turns"":615,""farmer_pass_turns"":83,""phantom_hand_actions"":0,""sell_floor_units"":58,""hire_premium"":5377,""shed_units_now"":0,""shed_value_now"":0.0,""animals_in_shed_now"":0,""seeds_unplanted_now"":0,""seeds_unplanted_cost_now"":0.0},{""sell_dead_units"":187,""refused_buy_product"":1,""refused_buy_seed"":0,""refused_buy_animal"":0,""refused_hire"":0,""refused_buy_land"":0,""hire_paid"":5659,""sell_zero_fill"":18,""buy_zero_fill"":1,""sell_revenue"":140226.0,""total_spend"":29728.0,""shed_discarded_units"":32,""sold_units"":1549,""feed_no_wheat"":0,""feed_no_animal"":0,""feed_redundant"":0,""water_dead"":1,""harvest_dead"":4,""plant_dead"":0,""animals_escaped"":0,""escape_capital"":0.0,""escape_yield_units"":0,""escape_first_day"":-1,""animal_unfed_days"":62,""plants_dry"":1,""dry_seed_cost"":100.0,""dry_yield_units"":0,""dry_first_day"":21,""plant_unwatered_days"":385,""decay_units"":18,""plants_decayed"":18,""silent_loss_coins"":100.0,""silent_loss_units"":50,""dead_actions"":17,""move_dead"":0,""locked_dead"":0,""pickup_dead"":0,""drop_dead"":0,""place_dead"":1,""build_dead"":0,""dig_dead"":2,""fertilize_dead"":0,""collect_dead"":4,""care_dead"":5,""tile_cap_units"":9,""fertilizer_forgone"":14,""care_unfed"":58,""animal_shed_days"":0,""idle_tile_days"":62,""weed_tile_days"":1,""hand_pass_turns"":616,""farmer_pass_turns"":83,""phantom_hand_actions"":0,""sell_floor_units"":63,""hire_premium"":5377,""shed_units_now"":0,""shed_value_now"":0.0,""animals_in_shed_now"":0,""seeds_unplanted_now"":0,""seeds_unplanted_cost_now"":0.0}]}","{""calls"":719,""eligible"":88,""changes"":1,""errors"":0,""evaluations"":149,""predicted_gain"":15.0,""mode"":""final""}",
m11_final_response,B1,v57,public_router,522609242,0,116936.0,116634.0,302.0,W,kagsim,4.312339,0,0,0,0,0,0,0,0,cd945f271e647a2f5fc263c386808ef34a28435ba33f723a6ccd7112be4b1a7c,"[{""step"":0,""shops"":[]},{""step"":72,""shops"":[""SMOOTHIE_SHOP""]},{""step"":144,""shops"":[""SMOOTHIE_SHOP"",""SMOOTHIE_SHOP""]},{""step"":216,""shops"":[""SMOOTHIE_SHOP"",""SMOOTHIE_SHOP"",""BRUNCH_SPOT""]},{""step"":288,""shops"":[""SMOOTHIE_SHOP"",""SMOOTHIE_SHOP"",""BRUNCH_SPOT"",""BAKERY""]},{""step"":360,""shops"":[""SMOOTHIE_SHOP"",""SMOOTHIE_SHOP"",""BRUNCH_SPOT"",""BAKERY"",""YARN_STORE""]},{""step"":432,""shops"":[""SMOOTHIE_SHOP"",""SMOOTHIE_SHOP"",""BRUNCH_SPOT"",""BAKERY"",""YARN_STORE"",""ICE_CREAM_SHOP""]},{""step"":504,""shops"":[""SMOOTHIE_SHOP"",""SMOOTHIE_SHOP"",""BRUNCH_SPOT"",""BAKERY"",""YARN_STORE"",""ICE_CREAM_SHOP"",""BAKERY""]},{""step"":576,""shops"":[""SMOOTHIE_SHOP"",""SMOOTHIE_SHOP"",""BRUNCH_SPOT"",""BAKERY"",""YARN_STORE"",""ICE_CREAM_SHOP"",""BAKERY"",""FARMERS_MARKET""]}]",experiments/round11_execution_20260924/track_b/market_kagsim/replays/m11_final_response/v57/seed_522609242_seat_0.json.gz,46e4f650ad639e491a2fbbbb5d1a4fa953f1205cd1e8c1a17cbb9ec5fd616166,a08a19f9a2852f4e27ba0d082b70ce559f78fe5173f42011fd529fb25607ae73,2ee689fdc58f38b7bf6b80b8d3f48129d19b47201dbee51fdcbd977498a5106f,0fe077cc65622d6f6828160d90b617595a4aa7ea188e4afc67bfee8e4d290c92,"{""players"":[{""sell_dead_units"":219,""refused_buy_product"":1,""refused_buy_seed"":0,""refused_buy_animal"":0,""refused_hire"":0,""refused_buy_land"":0,""hire_paid"":4164,""sell_zero_fill"":40,""buy_zero_fill"":1,""sell_revenue"":141353.0,""total_spend"":27417.0,""shed_discarded_units"":4,""sold_units"":1595,""feed_no_wheat"":0,""feed_no_animal"":0,""feed_redundant"":0,""water_dead"":11,""harvest_dead"":4,""plant_dead"":0,""animals_escaped"":0,""escape_capital"":0.0,""escape_yield_units"":0,""escape_first_day"":-1,""animal_unfed_days"":42,""plants_dry"":1,""dry_seed_cost"":100.0,""dry_yield_units"":0,""dry_first_day"":21,""plant_unwatered_days"":392,""decay_units"":18,""plants_decayed"":18,""silent_loss_coins"":100.0,""silent_loss_units"":22,""dead_actions"":41,""move_dead"":0,""locked_dead"":0,""pickup_dead"":0,""drop_dead"":0,""place_dead"":1,""build_dead"":0,""dig_dead"":3,""fertilize_dead"":1,""collect_dead"":8,""care_dead"":13,""tile_cap_units"":19,""fertilizer_forgone"":19,""care_unfed"":37,""animal_shed_days"":1,""idle_tile_days"":63,""weed_tile_days"":1,""hand_pass_turns"":363,""farmer_pass_turns"":61,""phantom_hand_actions"":0,""sell_floor_units"":22,""hire_premium"":3898,""shed_units_now"":0,""shed_value_now"":0.0,""animals_in_shed_now"":0,""seeds_unplanted_now"":1,""seeds_unplanted_cost_now"":10.0},{""sell_dead_units"":221,""refused_buy_product"":1,""refused_buy_seed"":0,""refused_buy_animal"":0,""refused_hire"":0,""refused_buy_land"":0,""hire_paid"":4164,""sell_zero_fill"":40,""buy_zero_fill"":1,""sell_revenue"":141389.0,""total_spend"":27755.0,""shed_discarded_units"":4,""sold_units"":1605,""feed_no_wheat"":0,""feed_no_animal"":0,""feed_redundant"":0,""water_dead"":11,""harvest_dead"":4,""plant_dead"":0,""animals_escaped"":0,""escape_capital"":0.0,""escape_yield_units"":0,""escape_first_day"":-1,""animal_unfed_days"":42,""plants_dry"":1,""dry_seed_cost"":100.0,""dry_yield_units"":0,""dry_first_day"":21,""plant_unwatered_days"":392,""decay_units"":18,""plants_decayed"":18,""silent_loss_coins"":100.0,""silent_loss_units"":22,""dead_actions"":41,""move_dead"":0,""locked_dead"":0,""pickup_dead"":0,""drop_dead"":0,""place_dead"":1,""build_dead"":0,""dig_dead"":3,""fertilize_dead"":1,""collect_dead"":8,""care_dead"":13,""tile_cap_units"":19,""fertilizer_forgone"":19,""care_unfed"":37,""animal_shed_days"":1,""idle_tile_days"":63,""weed_tile_days"":1,""hand_pass_turns"":363,""farmer_pass_turns"":61,""phantom_hand_actions"":0,""sell_floor_units"":21,""hire_premium"":3898,""shed_units_now"":0,""shed_value_now"":0.0,""animals_in_shed_now"":0,""seeds_unplanted_now"":0,""seeds_unplanted_cost_now"":0.0}]}","{""calls"":719,""eligible"":124,""changes"":0,""errors"":0,""evaluations"":193,""predicted_gain"":0.0,""mode"":""final""}",
m11_final_response,B1,v57,public_router,522609242,1,116936.0,116634.0,302.0,W,kagsim,4.389129,0,0,0,0,0,0,0,0,cd945f271e647a2f5fc263c386808ef34a28435ba33f723a6ccd7112be4b1a7c,"[{""step"":0,""shops"":[]},{""step"":72,""shops"":[""SMOOTHIE_SHOP""]},{""step"":144,""shops"":[""SMOOTHIE_SHOP"",""SMOOTHIE_SHOP""]},{""step"":216,""shops"":[""SMOOTHIE_SHOP"",""SMOOTHIE_SHOP"",""BRUNCH_SPOT""]},{""step"":288,""shops"":[""SMOOTHIE_SHOP"",""SMOOTHIE_SHOP"",""BRUNCH_SPOT"",""BAKERY""]},{""step"":360,""shops"":[""SMOOTHIE_SHOP"",""SMOOTHIE_SHOP"",""BRUNCH_SPOT"",""BAKERY"",""YARN_STORE""]},{""step"":432,""shops"":[""SMOOTHIE_SHOP"",""SMOOTHIE_SHOP"",""BRUNCH_SPOT"",""BAKERY"",""YARN_STORE"",""ICE_CREAM_SHOP""]},{""step"":504,""shops"":[""SMOOTHIE_SHOP"",""SMOOTHIE_SHOP"",""BRUNCH_SPOT"",""BAKERY"",""YARN_STORE"",""ICE_CREAM_SHOP"",""BAKERY""]},{""step"":576,""shops"":[""SMOOTHIE_SHOP"",""SMOOTHIE_SHOP"",""BRUNCH_SPOT"",""BAKERY"",""YARN_STORE"",""ICE_CREAM_SHOP"",""BAKERY"",""FARMERS_MARKET""]}]",experiments/round11_execution_20260924/track_b/market_kagsim/replays/m11_final_response/v57/seed_522609242_seat_1.json.gz,7b905c7f148dbb606bc9207ead9623aea43c8bb142e22d8980b084ac93cd926e,a08a19f9a2852f4e27ba0d082b70ce559f78fe5173f42011fd529fb25607ae73,2ee689fdc58f38b7bf6b80b8d3f48129d19b47201dbee51fdcbd977498a5106f,0fe077cc65622d6f6828160d90b617595a4aa7ea188e4afc67bfee8e4d290c92,"{""players"":[{""sell_dead_units"":221,""refused_buy_product"":1,""refused_buy_seed"":0,""refused_buy_animal"":0,""refused_hire"":0,""refused_buy_land"":0,""hire_paid"":4164,""sell_zero_fill"":40,""buy_zero_fill"":1,""sell_revenue"":141389.0,""total_spend"":27755.0,""shed_discarded_units"":4,""sold_units"":1605,""feed_no_wheat"":0,""feed_no_animal"":0,""feed_redundant"":0,""water_dead"":11,""harvest_dead"":4,""plant_dead"":0,""animals_escaped"":0,""escape_capital"":0.0,""escape_yield_units"":0,""escape_first_day"":-1,""animal_unfed_days"":42,""plants_dry"":1,""dry_seed_cost"":100.0,""dry_yield_units"":0,""dry_first_day"":21,""plant_unwatered_days"":392,""decay_units"":18,""plants_decayed"":18,""silent_loss_coins"":100.0,""silent_loss_units"":22,""dead_actions"":41,""move_dead"":0,""locked_dead"":0,""pickup_dead"":0,""drop_dead"":0,""place_dead"":1,""build_dead"":0,""dig_dead"":3,""fertilize_dead"":1,""collect_dead"":8,""care_dead"":13,""tile_cap_units"":19,""fertilizer_forgone"":19,""care_unfed"":37,""animal_shed_days"":1,""idle_tile_days"":63,""weed_tile_days"":1,""hand_pass_turns"":363,""farmer_pass_turns"":61,""phantom_hand_actions"":0,""sell_floor_units"":21,""hire_premium"":3898,""shed_units_now"":0,""shed_value_now"":0.0,""animals_in_shed_now"":0,""seeds_unplanted_now"":0,""seeds_unplanted_cost_now"":0.0},{""sell_dead_units"":219,""refused_buy_product"":1,""refused_buy_seed"":0,""refused_buy_animal"":0,""refused_hire"":0,""refused_buy_land"":0,""hire_paid"":4164,""sell_zero_fill"":40,""buy_zero_fill"":1,""sell_revenue"":141353.0,""total_spend"":27417.0,""shed_discarded_units"":4,""sold_units"":1595,""feed_no_wheat"":0,""feed_no_animal"":0,""feed_redundant"":0,""water_dead"":11,""harvest_dead"":4,""plant_dead"":0,""animals_escaped"":0,""escape_capital"":0.0,""escape_yield_units"":0,""escape_first_day"":-1,""animal_unfed_days"":42,""plants_dry"":1,""dry_seed_cost"":100.0,""dry_yield_units"":0,""dry_first_day"":21,""plant_unwatered_days"":392,""decay_units"":18,""plants_decayed"":18,""silent_loss_coins"":100.0,""silent_loss_units"":22,""dead_actions"":41,""move_dead"":0,""locked_dead"":0,""pickup_dead"":0,""drop_dead"":0,""place_dead"":1,""build_dead"":0,""dig_dead"":3,""fertilize_dead"":1,""collect_dead"":8,""care_dead"":13,""tile_cap_units"":19,""fertilizer_forgone"":19,""care_unfed"":37,""animal_shed_days"":1,""idle_tile_days"":63,""weed_tile_days"":1,""hand_pass_turns"":363,""farmer_pass_turns"":61,""phantom_hand_actions"":0,""sell_floor_units"":22,""hire_premium"":3898,""shed_units_now"":0,""shed_value_now"":0.0,""animals_in_shed_now"":0,""seeds_unplanted_now"":1,""seeds_unplanted_cost_now"":10.0}]}","{""calls"":719,""eligible"":124,""changes"":0,""errors"":0,""evaluations"":193,""predicted_gain"":0.0,""mode"":""final""}",
m11_final_response,B1,v57,public_router,522609243,0,110199.0,111143.0,-944.0,L,kagsim,4.01481,0,0,0,0,0,0,0,0,499deac3e55076604cbfd1119bcc7d2b0dc4084111ee7286f71d9cd238ef4c7b,"[{""step"":0,""shops"":[]},{""step"":72,""shops"":[""BRUNCH_SPOT""]},{""step"":144,""shops"":[""BRUNCH_SPOT"",""ICE_CREAM_SHOP""]},{""step"":216,""shops"":[""BRUNCH_SPOT"",""ICE_CREAM_SHOP"",""FARMERS_MARKET""]},{""step"":288,""shops"":[""BRUNCH_SPOT"",""ICE_CREAM_SHOP"",""FARMERS_MARKET"",""ICE_CREAM_SHOP""]},{""step"":360,""shops"":[""BRUNCH_SPOT"",""ICE_CREAM_SHOP"",""FARMERS_MARKET"",""ICE_CREAM_SHOP"",""PIZZA_SHOP""]},{""step"":432,""shops"":[""BRUNCH_SPOT"",""ICE_CREAM_SHOP"",""FARMERS_MARKET"",""ICE_CREAM_SHOP"",""PIZZA_SHOP"",""FARMERS_MARKET""]},{""step"":504,""shops"":[""BRUNCH_SPOT"",""ICE_CREAM_SHOP"",""FARMERS_MARKET"",""ICE_CREAM_SHOP"",""PIZZA_SHOP"",""FARMERS_MARKET"",""BRUNCH_SPOT""]},{""step"":576,""shops"":[""BRUNCH_SPOT"",""ICE_CREAM_SHOP"",""FARMERS_MARKET"",""ICE_CREAM_SHOP"",""PIZZA_SHOP"",""FARMERS_MARKET"",""BRUNCH_SPOT"",""FARMERS_MARKET""]}]",experiments/round11_execution_20260924/track_b/market_kagsim/replays/m11_final_response/v57/seed_522609243_seat_0.json.gz,c4b16b5b3e65f120271e0b50606f29361d0387eff38cbf7997fa3e0c0f9bd5cc,a08a19f9a2852f4e27ba0d082b70ce559f78fe5173f42011fd529fb25607ae73,2ee689fdc58f38b7bf6b80b8d3f48129d19b47201dbee51fdcbd977498a5106f,0fe077cc65622d6f6828160d90b617595a4aa7ea188e4afc67bfee8e4d290c92,"{""players"":[{""sell_dead_units"":199,""refused_buy_product"":1,""refused_buy_seed"":0,""refused_buy_animal"":0,""refused_hire"":0,""refused_buy_land"":0,""hire_paid"":4397,""sell_zero_fill"":34,""buy_zero_fill"":1,""sell_revenue"":135900.0,""total_spend"":28701.0,""shed_discarded_units"":4,""sold_units"":1597,""feed_no_wheat"":0,""feed_no_animal"":0,""feed_redundant"":0,""water_dead"":10,""harvest_dead"":3,""plant_dead"":0,""animals_escaped"":0,""escape_capital"":0.0,""escape_yield_units"":0,""escape_first_day"":-1,""animal_unfed_days"":85,""plants_dry"":1,""dry_seed_cost"":100.0,""dry_yield_units"":0,""dry_first_day"":21,""plant_unwatered_days"":391,""decay_units"":18,""plants_decayed"":18,""silent_loss_coins"":100.0,""silent_loss_units"":22,""dead_actions"":40,""move_dead"":0,""locked_dead"":0,""pickup_dead"":0,""drop_dead"":0,""place_dead"":1,""build_dead"":0,""dig_dead"":4,""fertilize_dead"":1,""collect_dead"":8,""care_dead"":13,""tile_cap_units"":21,""fertilizer_forgone"":19,""care_unfed"":80,""animal_shed_days"":1,""idle_tile_days"":63,""weed_tile_days"":1,""hand_pass_turns"":406,""farmer_pass_turns"":67,""phantom_hand_actions"":0,""sell_floor_units"":56,""hire_premium"":4129,""shed_units_now"":0,""shed_value_now"":0.0,""animals_in_shed_now"":0,""seeds_unplanted_now"":1,""seeds_unplanted_cost_now"":10.0},{""sell_dead_units"":200,""refused_buy_product"":1,""refused_buy_seed"":0,""refused_buy_animal"":0,""refused_hire"":0,""refused_buy_land"":0,""hire_paid"":7557,""sell_zero_fill"":34,""buy_zero_fill"":1,""sell_revenue"":144992.0,""total_spend"":36849.0,""shed_discarded_units"":2,""sold_units"":1664,""feed_no_wheat"":0,""feed_no_animal"":0,""feed_redundant"":0,""water_dead"":10,""harvest_dead"":3,""plant_dead"":0,""animals_escaped"":0,""escape_capital"":0.0,""escape_yield_units"":0,""escape_first_day"":-1,""animal_unfed_days"":85,""plants_dry"":1,""dry_seed_cost"":100.0,""dry_yield_units"":0,""dry_first_day"":21,""plant_unwatered_days"":421,""decay_units"":18,""plants_decayed"":18,""silent_loss_coins"":100.0,""silent_loss_units"":20,""dead_actions"":40,""move_dead"":0,""locked_dead"":0,""pickup_dead"":0,""drop_dead"":0,""place_dead"":1,""build_dead"":0,""dig_dead"":4,""fertilize_dead"":1,""collect_dead"":8,""care_dead"":13,""tile_cap_units"":20,""fertilizer_forgone"":19,""care_unfed"":80,""animal_shed_days"":1,""idle_tile_days"":228,""weed_tile_days"":18,""hand_pass_turns"":490,""farmer_pass_turns"":67,""phantom_hand_actions"":0,""sell_floor_units"":57,""hire_premium"":7273,""shed_units_now"":0,""shed_value_now"":0.0,""animals_in_shed_now"":0,""seeds_unplanted_now"":0,""seeds_unplanted_cost_now"":0.0}]}","{""calls"":719,""eligible"":127,""changes"":2,""errors"":0,""evaluations"":176,""predicted_gain"":14.0,""mode"":""final""}",
m11_final_response,B1,v57,public_router,522609243,1,110199.0,111143.0,-944.0,L,kagsim,4.139748,0,0,0,0,0,0,0,0,499deac3e55076604cbfd1119bcc7d2b0dc4084111ee7286f71d9cd238ef4c7b,"[{""step"":0,""shops"":[]},{""step"":72,""shops"":[""BRUNCH_SPOT""]},{""step"":144,""shops"":[""BRUNCH_SPOT"",""ICE_CREAM_SHOP""]},{""step"":216,""shops"":[""BRUNCH_SPOT"",""ICE_CREAM_SHOP"",""FARMERS_MARKET""]},{""step"":288,""shops"":[""BRUNCH_SPOT"",""ICE_CREAM_SHOP"",""FARMERS_MARKET"",""ICE_CREAM_SHOP""]},{""step"":360,""shops"":[""BRUNCH_SPOT"",""ICE_CREAM_SHOP"",""FARMERS_MARKET"",""ICE_CREAM_SHOP"",""PIZZA_SHOP""]},{""step"":432,""shops"":[""BRUNCH_SPOT"",""ICE_CREAM_SHOP"",""FARMERS_MARKET"",""ICE_CREAM_SHOP"",""PIZZA_SHOP"",""FARMERS_MARKET""]},{""step"":504,""shops"":[""BRUNCH_SPOT"",""ICE_CREAM_SHOP"",""FARMERS_MARKET"",""ICE_CREAM_SHOP"",""PIZZA_SHOP"",""FARMERS_MARKET"",""BRUNCH_SPOT""]},{""step"":576,""shops"":[""BRUNCH_SPOT"",""ICE_CREAM_SHOP"",""FARMERS_MARKET"",""ICE_CREAM_SHOP"",""PIZZA_SHOP"",""FARMERS_MARKET"",""BRUNCH_SPOT"",""FARMERS_MARKET""]}]",experiments/round11_execution_20260924/track_b/market_kagsim/replays/m11_final_response/v57/seed_522609243_seat_1.json.gz,fdb5662260e170330cd54670d07431f6a4e83002f027e5acb7001a0953c67ee7,a08a19f9a2852f4e27ba0d082b70ce559f78fe5173f42011fd529fb25607ae73,2ee689fdc58f38b7bf6b80b8d3f48129d19b47201dbee51fdcbd977498a5106f,0fe077cc65622d6f6828160d90b617595a4aa7ea188e4afc67bfee8e4d290c92,"{""players"":[{""sell_dead_units"":200,""refused_buy_product"":1,""refused_buy_seed"":0,""refused_buy_animal"":0,""refused_hire"":0,""refused_buy_land"":0,""hire_paid"":7557,""sell_zero_fill"":34,""buy_zero_fill"":1,""sell_revenue"":144992.0,""total_spend"":36849.0,""shed_discarded_units"":2,""sold_units"":1664,""feed_no_wheat"":0,""feed_no_animal"":0,""feed_redundant"":0,""water_dead"":10,""harvest_dead"":3,""plant_dead"":0,""animals_escaped"":0,""escape_capital"":0.0,""escape_yield_units"":0,""escape_first_day"":-1,""animal_unfed_days"":85,""plants_dry"":1,""dry_seed_cost"":100.0,""dry_yield_units"":0,""dry_first_day"":21,""plant_unwatered_days"":421,""decay_units"":18,""plants_decayed"":18,""silent_loss_coins"":100.0,""silent_loss_units"":20,""dead_actions"":40,""move_dead"":0,""locked_dead"":0,""pickup_dead"":0,""drop_dead"":0,""place_dead"":1,""build_dead"":0,""dig_dead"":4,""fertilize_dead"":1,""collect_dead"":8,""care_dead"":13,""tile_cap_units"":20,""fertilizer_forgone"":19,""care_unfed"":80,""animal_shed_days"":1,""idle_tile_days"":228,""weed_tile_days"":18,""hand_pass_turns"":490,""farmer_pass_turns"":67,""phantom_hand_actions"":0,""sell_floor_units"":57,""hire_premium"":7273,""shed_units_now"":0,""shed_value_now"":0.0,""animals_in_shed_now"":0,""seeds_unplanted_now"":0,""seeds_unplanted_cost_now"":0.0},{""sell_dead_units"":199,""refused_buy_product"":1,""refused_buy_seed"":0,""refused_buy_animal"":0,""refused_hire"":0,""refused_buy_land"":0,""hire_paid"":4397,""sell_zero_fill"":34,""buy_zero_fill"":1,""sell_revenue"":135900.0,""total_spend"":28701.0,""shed_discarded_units"":4,""sold_units"":1597,""feed_no_wheat"":0,""feed_no_animal"":0,""feed_redundant"":0,""water_dead"":10,""harvest_dead"":3,""plant_dead"":0,""animals_escaped"":0,""escape_capital"":0.0,""escape_yield_units"":0,""escape_first_day"":-1,""animal_unfed_days"":85,""plants_dry"":1,""dry_seed_cost"":100.0,""dry_yield_units"":0,""dry_first_day"":21,""plant_unwatered_days"":391,""decay_units"":18,""plants_decayed"":18,""silent_loss_coins"":100.0,""silent_loss_units"":22,""dead_actions"":40,""move_dead"":0,""locked_dead"":0,""pickup_dead"":0,""drop_dead"":0,""place_dead"":1,""build_dead"":0,""dig_dead"":4,""fertilize_dead"":1,""collect_dead"":8,""care_dead"":13,""tile_cap_units"":21,""fertilizer_forgone"":19,""care_unfed"":80,""animal_shed_days"":1,""idle_tile_days"":63,""weed_tile_days"":1,""hand_pass_turns"":406,""farmer_pass_turns"":67,""phantom_hand_actions"":0,""sell_floor_units"":56,""hire_premium"":4129,""shed_units_now"":0,""shed_value_now"":0.0,""animals_in_shed_now"":0,""seeds_unplanted_now"":1,""seeds_unplanted_cost_now"":10.0}]}","{""calls"":719,""eligible"":127,""changes"":2,""errors"":0,""evaluations"":176,""predicted_gain"":14.0,""mode"":""final""}",
m11_final_response,B1,v57,public_router,522609244,0,85136.0,85011.0,125.0,W,kagsim,4.577985,0,0,0,0,0,0,0,0,29ae70298aff5372b49961180210c77419a07c48f2304c46e4887e3408b3f36c,"[{""step"":0,""shops"":[]},{""step"":72,""shops"":[""BAKERY""]},{""step"":144,""shops"":[""BAKERY"",""FARMERS_MARKET""]},{""step"":216,""shops"":[""BAKERY"",""FARMERS_MARKET"",""BRUNCH_SPOT""]},{""step"":288,""shops"":[""BAKERY"",""FARMERS_MARKET"",""BRUNCH_SPOT"",""YARN_STORE""]},{""step"":360,""shops"":[""BAKERY"",""FARMERS_MARKET"",""BRUNCH_SPOT"",""YARN_STORE"",""FARMERS_MARKET""]},{""step"":432,""shops"":[""BAKERY"",""FARMERS_MARKET"",""BRUNCH_SPOT"",""YARN_STORE"",""FARMERS_MARKET"",""BAKERY""]},{""step"":504,""shops"":[""BAKERY"",""FARMERS_MARKET"",""BRUNCH_SPOT"",""YARN_STORE"",""FARMERS_MARKET"",""BAKERY"",""BRUNCH_SPOT""]},{""step"":576,""shops"":[""BAKERY"",""FARMERS_MARKET"",""BRUNCH_SPOT"",""YARN_STORE"",""FARMERS_MARKET"",""BAKERY"",""BRUNCH_SPOT"",""ICE_CREAM_SHOP""]}]",experiments/round11_execution_20260924/track_b/market_kagsim/replays/m11_final_response/v57/seed_522609244_seat_0.json.gz,f3a2a6fd4cc6de70d2c658d1379a7d83c0b826e08631b4a7fbf07fc4e36df9a0,a08a19f9a2852f4e27ba0d082b70ce559f78fe5173f42011fd529fb25607ae73,2ee689fdc58f38b7bf6b80b8d3f48129d19b47201dbee51fdcbd977498a5106f,0fe077cc65622d6f6828160d90b617595a4aa7ea188e4afc67bfee8e4d290c92,"{""players"":[{""sell_dead_units"":2280,""refused_buy_product"":5,""refused_buy_seed"":0,""refused_buy_animal"":0,""refused_hire"":0,""refused_buy_land"":0,""hire_paid"":4397,""sell_zero_fill"":47,""buy_zero_fill"":1,""sell_revenue"":127376.0,""total_spend"":45240.0,""shed_discarded_units"":11,""sold_units"":2011,""feed_no_wheat"":0,""feed_no_animal"":0,""feed_redundant"":0,""water_dead"":12,""harvest_dead"":4,""plant_dead"":0,""animals_escaped"":0,""escape_capital"":0.0,""escape_yield_units"":0,""escape_first_day"":-1,""animal_unfed_days"":78,""plants_dry"":2,""dry_seed_cost"":120.0,""dry_yield_units"":1,""dry_first_day"":21,""plant_unwatered_days"":387,""decay_units"":18,""plants_decayed"":18,""silent_loss_coins"":120.0,""silent_loss_units"":30,""dead_actions"":47,""move_dead"":0,""locked_dead"":0,""pickup_dead"":0,""drop_dead"":0,""place_dead"":1,""build_dead"":0,""dig_dead"":2,""fertilize_dead"":1,""collect_dead"":3,""care_dead"":24,""tile_cap_units"":19,""fertilizer_forgone"":22,""care_unfed"":74,""animal_shed_days"":1,""idle_tile_days"":64,""weed_tile_days"":2,""hand_pass_turns"":368,""farmer_pass_turns"":64,""phantom_hand_actions"":0,""sell_floor_units"":84,""hire_premium"":4129,""shed_units_now"":0,""shed_value_now"":0.0,""animals_in_shed_now"":0,""seeds_unplanted_now"":3,""seeds_unplanted_cost_now"":30.0},{""sell_dead_units"":285,""refused_buy_product"":5,""refused_buy_seed"":0,""refused_buy_animal"":0,""refused_hire"":0,""refused_buy_land"":0,""hire_paid"":4397,""sell_zero_fill"":45,""buy_zero_fill"":1,""sell_revenue"":127599.0,""total_spend"":45588.0,""shed_discarded_units"":11,""sold_units"":2021,""feed_no_wheat"":0,""feed_no_animal"":0,""feed_redundant"":0,""water_dead"":13,""harvest_dead"":5,""plant_dead"":0,""animals_escaped"":0,""escape_capital"":0.0,""escape_yield_units"":0,""escape_first_day"":-1,""animal_unfed_days"":78,""plants_dry"":2,""dry_seed_cost"":120.0,""dry_yield_units"":1,""dry_first_day"":21,""plant_unwatered_days"":386,""decay_units"":18,""plants_decayed"":18,""silent_loss_coins"":120.0,""silent_loss_units"":30,""dead_actions"":49,""move_dead"":0,""locked_dead"":0,""pickup_dead"":0,""drop_dead"":0,""place_dead"":1,""build_dead"":0,""dig_dead"":2,""fertilize_dead"":1,""collect_dead"":3,""care_dead"":24,""tile_cap_units"":19,""fertilizer_forgone"":22,""care_unfed"":74,""animal_shed_days"":1,""idle_tile_days"":66,""weed_tile_days"":3,""hand_pass_turns"":369,""farmer_pass_turns"":64,""phantom_hand_actions"":0,""sell_floor_units"":86,""hire_premium"":4129,""shed_units_now"":0,""shed_value_now"":0.0,""animals_in_shed_now"":0,""seeds_unplanted_now"":0,""seeds_unplanted_cost_now"":0.0}]}","{""calls"":719,""eligible"":122,""changes"":2,""errors"":0,""evaluations"":381,""predicted_gain"":18.0,""mode"":""final""}",
m11_final_response,B1,v57,public_router,522609244,1,85056.0,85081.0,-25.0,L,kagsim,4.553384,0,0,0,0,0,0,0,0,29ae70298aff5372b49961180210c77419a07c48f2304c46e4887e3408b3f36c,"[{""step"":0,""shops"":[]},{""step"":72,""shops"":[""BAKERY""]},{""step"":144,""shops"":[""BAKERY"",""FARMERS_MARKET""]},{""step"":216,""shops"":[""BAKERY"",""FARMERS_MARKET"",""BRUNCH_SPOT""]},{""step"":288,""shops"":[""BAKERY"",""FARMERS_MARKET"",""BRUNCH_SPOT"",""YARN_STORE""]},{""step"":360,""shops"":[""BAKERY"",""FARMERS_MARKET"",""BRUNCH_SPOT"",""YARN_STORE"",""FARMERS_MARKET""]},{""step"":432,""shops"":[""BAKERY"",""FARMERS_MARKET"",""BRUNCH_SPOT"",""YARN_STORE"",""FARMERS_MARKET"",""BAKERY""]},{""step"":504,""shops"":[""BAKERY"",""FARMERS_MARKET"",""BRUNCH_SPOT"",""YARN_STORE"",""FARMERS_MARKET"",""BAKERY"",""BRUNCH_SPOT""]},{""step"":576,""shops"":[""BAKERY"",""FARMERS_MARKET"",""BRUNCH_SPOT"",""YARN_STORE"",""FARMERS_MARKET"",""BAKERY"",""BRUNCH_SPOT"",""ICE_CREAM_SHOP""]}]",experiments/round11_execution_20260924/track_b/market_kagsim/replays/m11_final_response/v57/seed_522609244_seat_1.json.gz,b1cce448efd53a63ef63ec7ac3969bca735dbaaf14c7d64bcd78c79c9945685d,a08a19f9a2852f4e27ba0d082b70ce559f78fe5173f42011fd529fb25607ae73,2ee689fdc58f38b7bf6b80b8d3f48129d19b47201dbee51fdcbd977498a5106f,0fe077cc65622d6f6828160d90b617595a4aa7ea188e4afc67bfee8e4d290c92,"{""players"":[{""sell_dead_units"":285,""refused_buy_product"":5,""refused_buy_seed"":0,""refused_buy_animal"":0,""refused_hire"":0,""refused_buy_land"":0,""hire_paid"":4397,""sell_zero_fill"":45,""buy_zero_fill"":1,""sell_revenue"":127599.0,""total_spend"":45518.0,""shed_discarded_units"":11,""sold_units"":2021,""feed_no_wheat"":0,""feed_no_animal"":0,""feed_redundant"":0,""water_dead"":12,""harvest_dead"":4,""plant_dead"":0,""animals_escaped"":0,""escape_capital"":0.0,""escape_yield_units"":0,""escape_first_day"":-1,""animal_unfed_days"":78,""plants_dry"":2,""dry_seed_cost"":120.0,""dry_yield_units"":1,""dry_first_day"":21,""plant_unwatered_days"":387,""decay_units"":18,""plants_decayed"":18,""silent_loss_coins"":120.0,""silent_loss_units"":30,""dead_actions"":47,""move_dead"":0,""locked_dead"":0,""pickup_dead"":0,""drop_dead"":0,""place_dead"":1,""build_dead"":0,""dig_dead"":2,""fertilize_dead"":1,""collect_dead"":3,""care_dead"":24,""tile_cap_units"":19,""fertilizer_forgone"":22,""care_unfed"":74,""animal_shed_days"":1,""idle_tile_days"":64,""weed_tile_days"":2,""hand_pass_turns"":368,""farmer_pass_turns"":64,""phantom_hand_actions"":0,""sell_floor_units"":86,""hire_premium"":4129,""shed_units_now"":0,""shed_value_now"":0.0,""animals_in_shed_now"":0,""seeds_unplanted_now"":0,""seeds_unplanted_cost_now"":0.0},{""sell_dead_units"":2280,""refused_buy_product"":5,""refused_buy_seed"":0,""refused_buy_animal"":0,""refused_hire"":0,""refused_buy_land"":0,""hire_paid"":4397,""sell_zero_fill"":47,""buy_zero_fill"":1,""sell_revenue"":127376.0,""total_spend"":45320.0,""shed_discarded_units"":11,""sold_units"":2011,""feed_no_wheat"":0,""feed_no_animal"":0,""feed_redundant"":0,""water_dead"":13,""harvest_dead"":5,""plant_dead"":0,""animals_escaped"":0,""escape_capital"":0.0,""escape_yield_units"":0,""escape_first_day"":-1,""animal_unfed_days"":78,""plants_dry"":2,""dry_seed_cost"":120.0,""dry_yield_units"":1,""dry_first_day"":21,""plant_unwatered_days"":386,""decay_units"":18,""plants_decayed"":18,""silent_loss_coins"":120.0,""silent_loss_units"":30,""dead_actions"":49,""move_dead"":0,""locked_dead"":0,""pickup_dead"":0,""drop_dead"":0,""place_dead"":1,""build_dead"":0,""dig_dead"":2,""fertilize_dead"":1,""collect_dead"":3,""care_dead"":24,""tile_cap_units"":19,""fertilizer_forgone"":22,""care_unfed"":74,""animal_shed_days"":1,""idle_tile_days"":66,""weed_tile_days"":3,""hand_pass_turns"":369,""farmer_pass_turns"":64,""phantom_hand_actions"":0,""sell_floor_units"":84,""hire_premium"":4129,""shed_units_now"":0,""shed_value_now"":0.0,""animals_in_shed_now"":0,""seeds_unplanted_now"":4,""seeds_unplanted_cost_now"":40.0}]}","{""calls"":719,""eligible"":122,""changes"":2,""errors"":0,""evaluations"":381,""predicted_gain"":18.0,""mode"":""final""}",
m11_robust_response,B1,B1,herd_safe,522609241,0,113698.0,113698.0,0.0,T,kagsim,4.319295,0,0,0,0,0,0,0,0,3d5abadf277ffbf26faf5853b80f902eec0bdb2b3d07a15179f8411eccf494e5,"[{""step"":0,""shops"":[]},{""step"":72,""shops"":[""YARN_STORE""]},{""step"":144,""shops"":[""YARN_STORE"",""BRUNCH_SPOT""]},{""step"":216,""shops"":[""YARN_STORE"",""BRUNCH_SPOT"",""ICE_CREAM_SHOP""]},{""step"":288,""shops"":[""YARN_STORE"",""BRUNCH_SPOT"",""ICE_CREAM_SHOP"",""ICE_CREAM_SHOP""]},{""step"":360,""shops"":[""YARN_STORE"",""BRUNCH_SPOT"",""ICE_CREAM_SHOP"",""ICE_CREAM_SHOP"",""BRUNCH_SPOT""]},{""step"":432,""shops"":[""YARN_STORE"",""BRUNCH_SPOT"",""ICE_CREAM_SHOP"",""ICE_CREAM_SHOP"",""BRUNCH_SPOT"",""BRUNCH_SPOT""]},{""step"":504,""shops"":[""YARN_STORE"",""BRUNCH_SPOT"",""ICE_CREAM_SHOP"",""ICE_CREAM_SHOP"",""BRUNCH_SPOT"",""BRUNCH_SPOT"",""FARMERS_MARKET""]},{""step"":576,""shops"":[""YARN_STORE"",""BRUNCH_SPOT"",""ICE_CREAM_SHOP"",""ICE_CREAM_SHOP"",""BRUNCH_SPOT"",""BRUNCH_SPOT"",""FARMERS_MARKET"",""BRUNCH_SPOT""]}]",experiments/round11_execution_20260924/track_b/market_kagsim/replays/m11_robust_response/B1/seed_522609241_seat_0.json.gz,de8a659e397829c21143338ab377dcc539b5a1960a9cd6a9ac05f6a5ce3966ed,0bea36c2040b5090be76f4b4bab54caafd424815c9d915d4b2ba40f21f28bbbd,b6553c296c556aff5b5e2d12b75618e505fa4d852afb5338414ac6d6e039cb02,0fe077cc65622d6f6828160d90b617595a4aa7ea188e4afc67bfee8e4d290c92,"{""players"":[{""sell_dead_units"":187,""refused_buy_product"":1,""refused_buy_seed"":0,""refused_buy_animal"":0,""refused_hire"":0,""refused_buy_land"":0,""hire_paid"":5659,""sell_zero_fill"":18,""buy_zero_fill"":1,""sell_revenue"":140427.0,""total_spend"":29729.0,""shed_discarded_units"":32,""sold_units"":1549,""feed_no_wheat"":0,""feed_no_animal"":0,""feed_redundant"":0,""water_dead"":1,""harvest_dead"":4,""plant_dead"":0,""animals_escaped"":0,""escape_capital"":0.0,""escape_yield_units"":0,""escape_first_day"":-1,""animal_unfed_days"":62,""plants_dry"":1,""dry_seed_cost"":100.0,""dry_yield_units"":0,""dry_first_day"":21,""plant_unwatered_days"":385,""decay_units"":18,""plants_decayed"":18,""silent_loss_coins"":100.0,""silent_loss_units"":50,""dead_actions"":17,""move_dead"":0,""locked_dead"":0,""pickup_dead"":0,""drop_dead"":0,""place_dead"":1,""build_dead"":0,""dig_dead"":2,""fertilize_dead"":0,""collect_dead"":4,""care_dead"":5,""tile_cap_units"":9,""fertilizer_forgone"":14,""care_unfed"":58,""animal_shed_days"":0,""idle_tile_days"":62,""weed_tile_days"":1,""hand_pass_turns"":616,""farmer_pass_turns"":83,""phantom_hand_actions"":0,""sell_floor_units"":63,""hire_premium"":5377,""shed_units_now"":0,""shed_value_now"":0.0,""animals_in_shed_now"":0,""seeds_unplanted_now"":0,""seeds_unplanted_cost_now"":0.0},{""sell_dead_units"":187,""refused_buy_product"":1,""refused_buy_seed"":0,""refused_buy_animal"":0,""refused_hire"":0,""refused_buy_land"":0,""hire_paid"":5659,""sell_zero_fill"":18,""buy_zero_fill"":1,""sell_revenue"":140427.0,""total_spend"":29729.0,""shed_discarded_units"":32,""sold_units"":1549,""feed_no_wheat"":0,""feed_no_animal"":0,""feed_redundant"":0,""water_dead"":1,""harvest_dead"":4,""plant_dead"":0,""animals_escaped"":0,""escape_capital"":0.0,""escape_yield_units"":0,""escape_first_day"":-1,""animal_unfed_days"":62,""plants_dry"":1,""dry_seed_cost"":100.0,""dry_yield_units"":0,""dry_first_day"":21,""plant_unwatered_days"":385,""decay_units"":18,""plants_decayed"":18,""silent_loss_coins"":100.0,""silent_loss_units"":50,""dead_actions"":17,""move_dead"":0,""locked_dead"":0,""pickup_dead"":0,""drop_dead"":0,""place_dead"":1,""build_dead"":0,""dig_dead"":2,""fertilize_dead"":0,""collect_dead"":4,""care_dead"":5,""tile_cap_units"":9,""fertilizer_forgone"":14,""care_unfed"":58,""animal_shed_days"":0,""idle_tile_days"":62,""weed_tile_days"":1,""hand_pass_turns"":616,""farmer_pass_turns"":83,""phantom_hand_actions"":0,""sell_floor_units"":63,""hire_premium"":5377,""shed_units_now"":0,""shed_value_now"":0.0,""animals_in_shed_now"":0,""seeds_unplanted_now"":0,""seeds_unplanted_cost_now"":0.0}]}","{""calls"":719,""eligible"":87,""changes"":0,""errors"":0,""evaluations"":152,""predicted_gain"":0.0,""mode"":""robust""}",
m11_robust_response,B1,B1,herd_safe,522609241,1,113698.0,113698.0,0.0,T,kagsim,4.421694,0,0,0,0,0,0,0,0,3d5abadf277ffbf26faf5853b80f902eec0bdb2b3d07a15179f8411eccf494e5,"[{""step"":0,""shops"":[]},{""step"":72,""shops"":[""YARN_STORE""]},{""step"":144,""shops"":[""YARN_STORE"",""BRUNCH_SPOT""]},{""step"":216,""shops"":[""YARN_STORE"",""BRUNCH_SPOT"",""ICE_CREAM_SHOP""]},{""step"":288,""shops"":[""YARN_STORE"",""BRUNCH_SPOT"",""ICE_CREAM_SHOP"",""ICE_CREAM_SHOP""]},{""step"":360,""shops"":[""YARN_STORE"",""BRUNCH_SPOT"",""ICE_CREAM_SHOP"",""ICE_CREAM_SHOP"",""BRUNCH_SPOT""]},{""step"":432,""shops"":[""YARN_STORE"",""BRUNCH_SPOT"",""ICE_CREAM_SHOP"",""ICE_CREAM_SHOP"",""BRUNCH_SPOT"",""BRUNCH_SPOT""]},{""step"":504,""shops"":[""YARN_STORE"",""BRUNCH_SPOT"",""ICE_CREAM_SHOP"",""ICE_CREAM_SHOP"",""BRUNCH_SPOT"",""BRUNCH_SPOT"",""FARMERS_MARKET""]},{""step"":576,""shops"":[""YARN_STORE"",""BRUNCH_SPOT"",""ICE_CREAM_SHOP"",""ICE_CREAM_SHOP"",""BRUNCH_SPOT"",""BRUNCH_SPOT"",""FARMERS_MARKET"",""BRUNCH_SPOT""]}]",experiments/round11_execution_20260924/track_b/market_kagsim/replays/m11_robust_response/B1/seed_522609241_seat_1.json.gz,6ecdc88eea653841c5b1235d5a2c0362c97b013102a3638e24f538d2caf73d25,0bea36c2040b5090be76f4b4bab54caafd424815c9d915d4b2ba40f21f28bbbd,b6553c296c556aff5b5e2d12b75618e505fa4d852afb5338414ac6d6e039cb02,0fe077cc65622d6f6828160d90b617595a4aa7ea188e4afc67bfee8e4d290c92,"{""players"":[{""sell_dead_units"":187,""refused_buy_product"":1,""refused_buy_seed"":0,""refused_buy_animal"":0,""refused_hire"":0,""refused_buy_land"":0,""hire_paid"":5659,""sell_zero_fill"":18,""buy_zero_fill"":1,""sell_revenue"":140427.0,""total_spend"":29729.0,""shed_discarded_units"":32,""sold_units"":1549,""feed_no_wheat"":0,""feed_no_animal"":0,""feed_redundant"":0,""water_dead"":1,""harvest_dead"":4,""plant_dead"":0,""animals_escaped"":0,""escape_capital"":0.0,""escape_yield_units"":0,""escape_first_day"":-1,""animal_unfed_days"":62,""plants_dry"":1,""dry_seed_cost"":100.0,""dry_yield_units"":0,""dry_first_day"":21,""plant_unwatered_days"":385,""decay_units"":18,""plants_decayed"":18,""silent_loss_coins"":100.0,""silent_loss_units"":50,""dead_actions"":17,""move_dead"":0,""locked_dead"":0,""pickup_dead"":0,""drop_dead"":0,""place_dead"":1,""build_dead"":0,""dig_dead"":2,""fertilize_dead"":0,""collect_dead"":4,""care_dead"":5,""tile_cap_units"":9,""fertilizer_forgone"":14,""care_unfed"":58,""animal_shed_days"":0,""idle_tile_days"":62,""weed_tile_days"":1,""hand_pass_turns"":616,""farmer_pass_turns"":83,""phantom_hand_actions"":0,""sell_floor_units"":63,""hire_premium"":5377,""shed_units_now"":0,""shed_value_now"":0.0,""animals_in_shed_now"":0,""seeds_unplanted_now"":0,""seeds_unplanted_cost_now"":0.0},{""sell_dead_units"":187,""refused_buy_product"":1,""refused_buy_seed"":0,""refused_buy_animal"":0,""refused_hire"":0,""refused_buy_land"":0,""hire_paid"":5659,""sell_zero_fill"":18,""buy_zero_fill"":1,""sell_revenue"":140427.0,""total_spend"":29729.0,""shed_discarded_units"":32,""sold_units"":1549,""feed_no_wheat"":0,""feed_no_animal"":0,""feed_redundant"":0,""water_dead"":1,""harvest_dead"":4,""plant_dead"":0,""animals_escaped"":0,""escape_capital"":0.0,""escape_yield_units"":0,""escape_first_day"":-1,""animal_unfed_days"":62,""plants_dry"":1,""dry_seed_cost"":100.0,""dry_yield_units"":0,""dry_first_day"":21,""plant_unwatered_days"":385,""decay_units"":18,""plants_decayed"":18,""silent_loss_coins"":100.0,""silent_loss_units"":50,""dead_actions"":17,""move_dead"":0,""locked_dead"":0,""pickup_dead"":0,""drop_dead"":0,""place_dead"":1,""build_dead"":0,""dig_dead"":2,""fertilize_dead"":0,""collect_dead"":4,""care_dead"":5,""tile_cap_units"":9,""fertilizer_forgone"":14,""care_unfed"":58,""animal_shed_days"":0,""idle_tile_days"":62,""weed_tile_days"":1,""hand_pass_turns"":616,""farmer_pass_turns"":83,""phantom_hand_actions"":0,""sell_floor_units"":63,""hire_premium"":5377,""shed_units_now"":0,""shed_value_now"":0.0,""animals_in_shed_now"":0,""seeds_unplanted_now"":0,""seeds_unplanted_cost_now"":0.0}]}","{""calls"":719,""eligible"":87,""changes"":0,""errors"":0,""evaluations"":152,""predicted_gain"":0.0,""mode"":""robust""}",
m11_robust_response,B1,B1,herd_safe,522609242,0,116722.0,116722.0,0.0,T,kagsim,5.016908,0,0,0,0,0,0,0,0,cd945f271e647a2f5fc263c386808ef34a28435ba33f723a6ccd7112be4b1a7c,"[{""step"":0,""shops"":[]},{""step"":72,""shops"":[""SMOOTHIE_SHOP""]},{""step"":144,""shops"":[""SMOOTHIE_SHOP"",""SMOOTHIE_SHOP""]},{""step"":216,""shops"":[""SMOOTHIE_SHOP"",""SMOOTHIE_SHOP"",""BRUNCH_SPOT""]},{""step"":288,""shops"":[""SMOOTHIE_SHOP"",""SMOOTHIE_SHOP"",""BRUNCH_SPOT"",""BAKERY""]},{""step"":360,""shops"":[""SMOOTHIE_SHOP"",""SMOOTHIE_SHOP"",""BRUNCH_SPOT"",""BAKERY"",""YARN_STORE""]},{""step"":432,""shops"":[""SMOOTHIE_SHOP"",""SMOOTHIE_SHOP"",""BRUNCH_SPOT"",""BAKERY"",""YARN_STORE"",""ICE_CREAM_SHOP""]},{""step"":504,""shops"":[""SMOOTHIE_SHOP"",""SMOOTHIE_SHOP"",""BRUNCH_SPOT"",""BAKERY"",""YARN_STORE"",""ICE_CREAM_SHOP"",""BAKERY""]},{""step"":576,""shops"":[""SMOOTHIE_SHOP"",""SMOOTHIE_SHOP"",""BRUNCH_SPOT"",""BAKERY"",""YARN_STORE"",""ICE_CREAM_SHOP"",""BAKERY"",""FARMERS_MARKET""]}]",experiments/round11_execution_20260924/track_b/market_kagsim/replays/m11_robust_response/B1/seed_522609242_seat_0.json.gz,dacdd8dce128ee5455b217d770fb6ca5c3019a840db0f9c9684aa91dc06458a3,0bea36c2040b5090be76f4b4bab54caafd424815c9d915d4b2ba40f21f28bbbd,b6553c296c556aff5b5e2d12b75618e505fa4d852afb5338414ac6d6e039cb02,0fe077cc65622d6f6828160d90b617595a4aa7ea188e4afc67bfee8e4d290c92,"{""players"":[{""sell_dead_units"":219,""refused_buy_product"":1,""refused_buy_seed"":0,""refused_buy_animal"":0,""refused_hire"":0,""refused_buy_land"":0,""hire_paid"":4164,""sell_zero_fill"":40,""buy_zero_fill"":1,""sell_revenue"":141139.0,""total_spend"":27417.0,""shed_discarded_units"":4,""sold_units"":1595,""feed_no_wheat"":0,""feed_no_animal"":0,""feed_redundant"":0,""water_dead"":11,""harvest_dead"":4,""plant_dead"":0,""animals_escaped"":0,""escape_capital"":0.0,""escape_yield_units"":0,""escape_first_day"":-1,""animal_unfed_days"":42,""plants_dry"":1,""dry_seed_cost"":100.0,""dry_yield_units"":0,""dry_first_day"":21,""plant_unwatered_days"":392,""decay_units"":18,""plants_decayed"":18,""silent_loss_coins"":100.0,""silent_loss_units"":22,""dead_actions"":41,""move_dead"":0,""locked_dead"":0,""pickup_dead"":0,""drop_dead"":0,""place_dead"":1,""build_dead"":0,""dig_dead"":3,""fertilize_dead"":1,""collect_dead"":8,""care_dead"":13,""tile_cap_units"":19,""fertilizer_forgone"":19,""care_unfed"":37,""animal_shed_days"":1,""idle_tile_days"":63,""weed_tile_days"":1,""hand_pass_turns"":363,""farmer_pass_turns"":61,""phantom_hand_actions"":0,""sell_floor_units"":21,""hire_premium"":3898,""shed_units_now"":0,""shed_value_now"":0.0,""animals_in_shed_now"":0,""seeds_unplanted_now"":1,""seeds_unplanted_cost_now"":10.0},{""sell_dead_units"":219,""refused_buy_product"":1,""refused_buy_seed"":0,""refused_buy_animal"":0,""refused_hire"":0,""refused_buy_land"":0,""hire_paid"":4164,""sell_zero_fill"":40,""buy_zero_fill"":1,""sell_revenue"":141139.0,""total_spend"":27417.0,""shed_discarded_units"":4,""sold_units"":1595,""feed_no_wheat"":0,""feed_no_animal"":0,""feed_redundant"":0,""water_dead"":11,""harvest_dead"":4,""plant_dead"":0,""animals_escaped"":0,""escape_capital"":0.0,""escape_yield_units"":0,""escape_first_day"":-1,""animal_unfed_days"":42,""plants_dry"":1,""dry_seed_cost"":100.0,""dry_yield_units"":0,""dry_first_day"":21,""plant_unwatered_days"":392,""decay_units"":18,""plants_decayed"":18,""silent_loss_coins"":100.0,""silent_loss_units"":22,""dead_actions"":41,""move_dead"":0,""locked_dead"":0,""pickup_dead"":0,""drop_dead"":0,""place_dead"":1,""build_dead"":0,""dig_dead"":3,""fertilize_dead"":1,""collect_dead"":8,""care_dead"":13,""tile_cap_units"":19,""fertilizer_forgone"":19,""care_unfed"":37,""animal_shed_days"":1,""idle_tile_days"":63,""weed_tile_days"":1,""hand_pass_turns"":363,""farmer_pass_turns"":61,""phantom_hand_actions"":0,""sell_floor_units"":21,""hire_premium"":3898,""shed_units_now"":0,""shed_value_now"":0.0,""animals_in_shed_now"":0,""seeds_unplanted_now"":1,""seeds_unplanted_cost_now"":10.0}]}","{""calls"":719,""eligible"":125,""changes"":0,""errors"":0,""evaluations"":194,""predicted_gain"":0.0,""mode"":""robust""}",
m11_robust_response,B1,B1,herd_safe,522609242,1,116722.0,116722.0,0.0,T,kagsim,4.951128,0,0,0,0,0,0,0,0,cd945f271e647a2f5fc263c386808ef34a28435ba33f723a6ccd7112be4b1a7c,"[{""step"":0,""shops"":[]},{""step"":72,""shops"":[""SMOOTHIE_SHOP""]},{""step"":144,""shops"":[""SMOOTHIE_SHOP"",""SMOOTHIE_SHOP""]},{""step"":216,""shops"":[""SMOOTHIE_SHOP"",""SMOOTHIE_SHOP"",""BRUNCH_SPOT""]},{""step"":288,""shops"":[""SMOOTHIE_SHOP"",""SMOOTHIE_SHOP"",""BRUNCH_SPOT"",""BAKERY""]},{""step"":360,""shops"":[""SMOOTHIE_SHOP"",""SMOOTHIE_SHOP"",""BRUNCH_SPOT"",""BAKERY"",""YARN_STORE""]},{""step"":432,""shops"":[""SMOOTHIE_SHOP"",""SMOOTHIE_SHOP"",""BRUNCH_SPOT"",""BAKERY"",""YARN_STORE"",""ICE_CREAM_SHOP""]},{""step"":504,""shops"":[""SMOOTHIE_SHOP"",""SMOOTHIE_SHOP"",""BRUNCH_SPOT"",""BAKERY"",""YARN_STORE"",""ICE_CREAM_SHOP"",""BAKERY""]},{""step"":576,""shops"":[""SMOOTHIE_SHOP"",""SMOOTHIE_SHOP"",""BRUNCH_SPOT"",""BAKERY"",""YARN_STORE"",""ICE_CREAM_SHOP"",""BAKERY"",""FARMERS_MARKET""]}]",experiments/round11_execution_20260924/track_b/market_kagsim/replays/m11_robust_response/B1/seed_522609242_seat_1.json.gz,bb982c4826bf6658dabf24a6e904c0b0e8bec2b4ca65a14d026e22edebb9d6fa,0bea36c2040b5090be76f4b4bab54caafd424815c9d915d4b2ba40f21f28bbbd,b6553c296c556aff5b5e2d12b75618e505fa4d852afb5338414ac6d6e039cb02,0fe077cc65622d6f6828160d90b617595a4aa7ea188e4afc67bfee8e4d290c92,"{""players"":[{""sell_dead_units"":219,""refused_buy_product"":1,""refused_buy_seed"":0,""refused_buy_animal"":0,""refused_hire"":0,""refused_buy_land"":0,""hire_paid"":4164,""sell_zero_fill"":40,""buy_zero_fill"":1,""sell_revenue"":141139.0,""total_spend"":27417.0,""shed_discarded_units"":4,""sold_units"":1595,""feed_no_wheat"":0,""feed_no_animal"":0,""feed_redundant"":0,""water_dead"":11,""harvest_dead"":4,""plant_dead"":0,""animals_escaped"":0,""escape_capital"":0.0,""escape_yield_units"":0,""escape_first_day"":-1,""animal_unfed_days"":42,""plants_dry"":1,""dry_seed_cost"":100.0,""dry_yield_units"":0,""dry_first_day"":21,""plant_unwatered_days"":392,""decay_units"":18,""plants_decayed"":18,""silent_loss_coins"":100.0,""silent_loss_units"":22,""dead_actions"":41,""move_dead"":0,""locked_dead"":0,""pickup_dead"":0,""drop_dead"":0,""place_dead"":1,""build_dead"":0,""dig_dead"":3,""fertilize_dead"":1,""collect_dead"":8,""care_dead"":13,""tile_cap_units"":19,""fertilizer_forgone"":19,""care_unfed"":37,""animal_shed_days"":1,""idle_tile_days"":63,""weed_tile_days"":1,""hand_pass_turns"":363,""farmer_pass_turns"":61,""phantom_hand_actions"":0,""sell_floor_units"":21,""hire_premium"":3898,""shed_units_now"":0,""shed_value_now"":0.0,""animals_in_shed_now"":0,""seeds_unplanted_now"":1,""seeds_unplanted_cost_now"":10.0},{""sell_dead_units"":219,""refused_buy_product"":1,""refused_buy_seed"":0,""refused_buy_animal"":0,""refused_hire"":0,""refused_buy_land"":0,""hire_paid"":4164,""sell_zero_fill"":40,""buy_zero_fill"":1,""sell_revenue"":141139.0,""total_spend"":27417.0,""shed_discarded_units"":4,""sold_units"":1595,""feed_no_wheat"":0,""feed_no_animal"":0,""feed_redundant"":0,""water_dead"":11,""harvest_dead"":4,""plant_dead"":0,""animals_escaped"":0,""escape_capital"":0.0,""escape_yield_units"":0,""escape_first_day"":-1,""animal_unfed_days"":42,""plants_dry"":1,""dry_seed_cost"":100.0,""dry_yield_units"":0,""dry_first_day"":21,""plant_unwatered_days"":392,""decay_units"":18,""plants_decayed"":18,""silent_loss_coins"":100.0,""silent_loss_units"":22,""dead_actions"":41,""move_dead"":0,""locked_dead"":0,""pickup_dead"":0,""drop_dead"":0,""place_dead"":1,""build_dead"":0,""dig_dead"":3,""fertilize_dead"":1,""collect_dead"":8,""care_dead"":13,""tile_cap_units"":19,""fertilizer_forgone"":19,""care_unfed"":37,""animal_shed_days"":1,""idle_tile_days"":63,""weed_tile_days"":1,""hand_pass_turns"":363,""farmer_pass_turns"":61,""phantom_hand_actions"":0,""sell_floor_units"":21,""hire_premium"":3898,""shed_units_now"":0,""shed_value_now"":0.0,""animals_in_shed_now"":0,""seeds_unplanted_now"":1,""seeds_unplanted_cost_now"":10.0}]}","{""calls"":719,""eligible"":125,""changes"":0,""errors"":0,""evaluations"":194,""predicted_gain"":0.0,""mode"":""robust""}",
m11_robust_response,B1,B1,herd_safe,522609243,0,110221.0,110221.0,0.0,T,kagsim,4.565447,0,0,0,0,0,0,0,0,1d04709202fcf76383345d9e691360d89980e8b74a1a6a0b3b3159e5c4342665,"[{""step"":0,""shops"":[]},{""step"":72,""shops"":[""BRUNCH_SPOT""]},{""step"":144,""shops"":[""BRUNCH_SPOT"",""ICE_CREAM_SHOP""]},{""step"":216,""shops"":[""BRUNCH_SPOT"",""ICE_CREAM_SHOP"",""FARMERS_MARKET""]},{""step"":288,""shops"":[""BRUNCH_SPOT"",""ICE_CREAM_SHOP"",""FARMERS_MARKET"",""ICE_CREAM_SHOP""]},{""step"":360,""shops"":[""BRUNCH_SPOT"",""ICE_CREAM_SHOP"",""FARMERS_MARKET"",""ICE_CREAM_SHOP"",""PIZZA_SHOP""]},{""step"":432,""shops"":[""BRUNCH_SPOT"",""ICE_CREAM_SHOP"",""FARMERS_MARKET"",""ICE_CREAM_SHOP"",""PIZZA_SHOP"",""FARMERS_MARKET""]},{""step"":504,""shops"":[""BRUNCH_SPOT"",""ICE_CREAM_SHOP"",""FARMERS_MARKET"",""ICE_CREAM_SHOP"",""PIZZA_SHOP"",""FARMERS_MARKET"",""BAKERY""]},{""step"":576,""shops"":[""BRUNCH_SPOT"",""ICE_CREAM_SHOP"",""FARMERS_MARKET"",""ICE_CREAM_SHOP"",""PIZZA_SHOP"",""FARMERS_MARKET"",""BAKERY"",""PIZZA_SHOP""]}]",experiments/round11_execution_20260924/track_b/market_kagsim/replays/m11_robust_response/B1/seed_522609243_seat_0.json.gz,3cec02bb1815c62a80c02fcffbf8ea2062c6fe184f8de1733ce4a47b49241c2c,0bea36c2040b5090be76f4b4bab54caafd424815c9d915d4b2ba40f21f28bbbd,b6553c296c556aff5b5e2d12b75618e505fa4d852afb5338414ac6d6e039cb02,0fe077cc65622d6f6828160d90b617595a4aa7ea188e4afc67bfee8e4d290c92,"{""players"":[{""sell_dead_units"":215,""refused_buy_product"":1,""refused_buy_seed"":0,""refused_buy_animal"":0,""refused_hire"":0,""refused_buy_land"":0,""hire_paid"":4397,""sell_zero_fill"":34,""buy_zero_fill"":1,""sell_revenue"":135932.0,""total_spend"":28711.0,""shed_discarded_units"":3,""sold_units"":1604,""feed_no_wheat"":0,""feed_no_animal"":0,""feed_redundant"":0,""water_dead"":10,""harvest_dead"":3,""plant_dead"":0,""animals_escaped"":0,""escape_capital"":0.0,""escape_yield_units"":0,""escape_first_day"":-1,""animal_unfed_days"":76,""plants_dry"":1,""dry_seed_cost"":100.0,""dry_yield_units"":0,""dry_first_day"":21,""plant_unwatered_days"":391,""decay_units"":18,""plants_decayed"":18,""silent_loss_coins"":100.0,""silent_loss_units"":21,""dead_actions"":40,""move_dead"":0,""locked_dead"":0,""pickup_dead"":0,""drop_dead"":0,""place_dead"":1,""build_dead"":0,""dig_dead"":4,""fertilize_dead"":1,""collect_dead"":8,""care_dead"":13,""tile_cap_units"":21,""fertilizer_forgone"":19,""care_unfed"":72,""animal_shed_days"":1,""idle_tile_days"":63,""weed_tile_days"":1,""hand_pass_turns"":397,""farmer_pass_turns"":67,""phantom_hand_actions"":0,""sell_floor_units"":54,""hire_premium"":4129,""shed_units_now"":0,""shed_value_now"":0.0,""animals_in_shed_now"":0,""seeds_unplanted_now"":1,""seeds_unplanted_cost_now"":10.0},{""sell_dead_units"":215,""refused_buy_product"":1,""refused_buy_seed"":0,""refused_buy_animal"":0,""refused_hire"":0,""refused_buy_land"":0,""hire_paid"":4397,""sell_zero_fill"":34,""buy_zero_fill"":1,""sell_revenue"":135932.0,""total_spend"":28711.0,""shed_discarded_units"":3,""sold_units"":1604,""feed_no_wheat"":0,""feed_no_animal"":0,""feed_redundant"":0,""water_dead"":10,""harvest_dead"":3,""plant_dead"":0,""animals_escaped"":0,""escape_capital"":0.0,""escape_yield_units"":0,""escape_first_day"":-1,""animal_unfed_days"":76,""plants_dry"":1,""dry_seed_cost"":100.0,""dry_yield_units"":0,""dry_first_day"":21,""plant_unwatered_days"":391,""decay_units"":18,""plants_decayed"":18,""silent_loss_coins"":100.0,""silent_loss_units"":21,""dead_actions"":40,""move_dead"":0,""locked_dead"":0,""pickup_dead"":0,""drop_dead"":0,""place_dead"":1,""build_dead"":0,""dig_dead"":4,""fertilize_dead"":1,""collect_dead"":8,""care_dead"":13,""tile_cap_units"":21,""fertilizer_forgone"":19,""care_unfed"":72,""animal_shed_days"":1,""idle_tile_days"":63,""weed_tile_days"":1,""hand_pass_turns"":397,""farmer_pass_turns"":67,""phantom_hand_actions"":0,""sell_floor_units"":54,""hire_premium"":4129,""shed_units_now"":0,""shed_value_now"":0.0,""animals_in_shed_now"":0,""seeds_unplanted_now"":1,""seeds_unplanted_cost_now"":10.0}]}","{""calls"":719,""eligible"":128,""changes"":0,""errors"":0,""evaluations"":215,""predicted_gain"":0.0,""mode"":""robust""}",
m11_robust_response,B1,B1,herd_safe,522609243,1,110221.0,110221.0,0.0,T,kagsim,4.399506,0,0,0,0,0,0,0,0,1d04709202fcf76383345d9e691360d89980e8b74a1a6a0b3b3159e5c4342665,"[{""step"":0,""shops"":[]},{""step"":72,""shops"":[""BRUNCH_SPOT""]},{""step"":144,""shops"":[""BRUNCH_SPOT"",""ICE_CREAM_SHOP""]},{""step"":216,""shops"":[""BRUNCH_SPOT"",""ICE_CREAM_SHOP"",""FARMERS_MARKET""]},{""step"":288,""shops"":[""BRUNCH_SPOT"",""ICE_CREAM_SHOP"",""FARMERS_MARKET"",""ICE_CREAM_SHOP""]},{""step"":360,""shops"":[""BRUNCH_SPOT"",""ICE_CREAM_SHOP"",""FARMERS_MARKET"",""ICE_CREAM_SHOP"",""PIZZA_SHOP""]},{""step"":432,""shops"":[""BRUNCH_SPOT"",""ICE_CREAM_SHOP"",""FARMERS_MARKET"",""ICE_CREAM_SHOP"",""PIZZA_SHOP"",""FARMERS_MARKET""]},{""step"":504,""shops"":[""BRUNCH_SPOT"",""ICE_CREAM_SHOP"",""FARMERS_MARKET"",""ICE_CREAM_SHOP"",""PIZZA_SHOP"",""FARMERS_MARKET"",""BAKERY""]},{""step"":576,""shops"":[""BRUNCH_SPOT"",""ICE_CREAM_SHOP"",""FARMERS_MARKET"",""ICE_CREAM_SHOP"",""PIZZA_SHOP"",""FARMERS_MARKET"",""BAKERY"",""PIZZA_SHOP""]}]",experiments/round11_execution_20260924/track_b/market_kagsim/replays/m11_robust_response/B1/seed_522609243_seat_1.json.gz,460ed57c82be21289167124413d7519afce6bcfef19ef2dac36ad51d5d5b825d,0bea36c2040b5090be76f4b4bab54caafd424815c9d915d4b2ba40f21f28bbbd,b6553c296c556aff5b5e2d12b75618e505fa4d852afb5338414ac6d6e039cb02,0fe077cc65622d6f6828160d90b617595a4aa7ea188e4afc67bfee8e4d290c92,"{""players"":[{""sell_dead_units"":215,""refused_buy_product"":1,""refused_buy_seed"":0,""refused_buy_animal"":0,""refused_hire"":0,""refused_buy_land"":0,""hire_paid"":4397,""sell_zero_fill"":34,""buy_zero_fill"":1,""sell_revenue"":135932.0,""total_spend"":28711.0,""shed_discarded_units"":3,""sold_units"":1604,""feed_no_wheat"":0,""feed_no_animal"":0,""feed_redundant"":0,""water_dead"":10,""harvest_dead"":3,""plant_dead"":0,""animals_escaped"":0,""escape_capital"":0.0,""escape_yield_units"":0,""escape_first_day"":-1,""animal_unfed_days"":76,""plants_dry"":1,""dry_seed_cost"":100.0,""dry_yield_units"":0,""dry_first_day"":21,""plant_unwatered_days"":391,""decay_units"":18,""plants_decayed"":18,""silent_loss_coins"":100.0,""silent_loss_units"":21,""dead_actions"":40,""move_dead"":0,""locked_dead"":0,""pickup_dead"":0,""drop_dead"":0,""place_dead"":1,""build_dead"":0,""dig_dead"":4,""fertilize_dead"":1,""collect_dead"":8,""care_dead"":13,""tile_cap_units"":21,""fertilizer_forgone"":19,""care_unfed"":72,""animal_shed_days"":1,""idle_tile_days"":63,""weed_tile_days"":1,""hand_pass_turns"":397,""farmer_pass_turns"":67,""phantom_hand_actions"":0,""sell_floor_units"":54,""hire_premium"":4129,""shed_units_now"":0,""shed_value_now"":0.0,""animals_in_shed_now"":0,""seeds_unplanted_now"":1,""seeds_unplanted_cost_now"":10.0},{""sell_dead_units"":215,""refused_buy_product"":1,""refused_buy_seed"":0,""refused_buy_animal"":0,""refused_hire"":0,""refused_buy_land"":0,""hire_paid"":4397,""sell_zero_fill"":34,""buy_zero_fill"":1,""sell_revenue"":135932.0,""total_spend"":28711.0,""shed_discarded_units"":3,""sold_units"":1604,""feed_no_wheat"":0,""feed_no_animal"":0,""feed_redundant"":0,""water_dead"":10,""harvest_dead"":3,""plant_dead"":0,""animals_escaped"":0,""escape_capital"":0.0,""escape_yield_units"":0,""escape_first_day"":-1,""animal_unfed_days"":76,""plants_dry"":1,""dry_seed_cost"":100.0,""dry_yield_units"":0,""dry_first_day"":21,""plant_unwatered_days"":391,""decay_units"":18,""plants_decayed"":18,""silent_loss_coins"":100.0,""silent_loss_units"":21,""dead_actions"":40,""move_dead"":0,""locked_dead"":0,""pickup_dead"":0,""drop_dead"":0,""place_dead"":1,""build_dead"":0,""dig_dead"":4,""fertilize_dead"":1,""collect_dead"":8,""care_dead"":13,""tile_cap_units"":21,""fertilizer_forgone"":19,""care_unfed"":72,""animal_shed_days"":1,""idle_tile_days"":63,""weed_tile_days"":1,""hand_pass_turns"":397,""farmer_pass_turns"":67,""phantom_hand_actions"":0,""sell_floor_units"":54,""hire_premium"":4129,""shed_units_now"":0,""shed_value_now"":0.0,""animals_in_shed_now"":0,""seeds_unplanted_now"":1,""seeds_unplanted_cost_now"":10.0}]}","{""calls"":719,""eligible"":128,""changes"":0,""errors"":0,""evaluations"":215,""predicted_gain"":0.0,""mode"":""robust""}",
m11_robust_response,B1,B1,herd_safe,522609244,0,85100.0,85020.0,80.0,W,kagsim,5.250916,0,0,0,0,0,0,0,0,29ae70298aff5372b49961180210c77419a07c48f2304c46e4887e3408b3f36c,"[{""step"":0,""shops"":[]},{""step"":72,""shops"":[""BAKERY""]},{""step"":144,""shops"":[""BAKERY"",""FARMERS_MARKET""]},{""step"":216,""shops"":[""BAKERY"",""FARMERS_MARKET"",""BRUNCH_SPOT""]},{""step"":288,""shops"":[""BAKERY"",""FARMERS_MARKET"",""BRUNCH_SPOT"",""YARN_STORE""]},{""step"":360,""shops"":[""BAKERY"",""FARMERS_MARKET"",""BRUNCH_SPOT"",""YARN_STORE"",""FARMERS_MARKET""]},{""step"":432,""shops"":[""BAKERY"",""FARMERS_MARKET"",""BRUNCH_SPOT"",""YARN_STORE"",""FARMERS_MARKET"",""BAKERY""]},{""step"":504,""shops"":[""BAKERY"",""FARMERS_MARKET"",""BRUNCH_SPOT"",""YARN_STORE"",""FARMERS_MARKET"",""BAKERY"",""BRUNCH_SPOT""]},{""step"":576,""shops"":[""BAKERY"",""FARMERS_MARKET"",""BRUNCH_SPOT"",""YARN_STORE"",""FARMERS_MARKET"",""BAKERY"",""BRUNCH_SPOT"",""ICE_CREAM_SHOP""]}]",experiments/round11_execution_20260924/track_b/market_kagsim/replays/m11_robust_response/B1/seed_522609244_seat_0.json.gz,5989222bd923e94730118418cce78d2302c65e9ededcf1681e417310d0d91d13,0bea36c2040b5090be76f4b4bab54caafd424815c9d915d4b2ba40f21f28bbbd,b6553c296c556aff5b5e2d12b75618e505fa4d852afb5338414ac6d6e039cb02,0fe077cc65622d6f6828160d90b617595a4aa7ea188e4afc67bfee8e4d290c92,"{""players"":[{""sell_dead_units"":2280,""refused_buy_product"":5,""refused_buy_seed"":0,""refused_buy_animal"":0,""refused_hire"":0,""refused_buy_land"":0,""hire_paid"":4397,""sell_zero_fill"":47,""buy_zero_fill"":1,""sell_revenue"":127341.0,""total_spend"":45241.0,""shed_discarded_units"":11,""sold_units"":2011,""feed_no_wheat"":0,""feed_no_animal"":0,""feed_redundant"":0,""water_dead"":12,""harvest_dead"":4,""plant_dead"":0,""animals_escaped"":0,""escape_capital"":0.0,""escape_yield_units"":0,""escape_first_day"":-1,""animal_unfed_days"":78,""plants_dry"":2,""dry_seed_cost"":120.0,""dry_yield_units"":1,""dry_first_day"":21,""plant_unwatered_days"":387,""decay_units"":18,""plants_decayed"":18,""silent_loss_coins"":120.0,""silent_loss_units"":30,""dead_actions"":47,""move_dead"":0,""locked_dead"":0,""pickup_dead"":0,""drop_dead"":0,""place_dead"":1,""build_dead"":0,""dig_dead"":2,""fertilize_dead"":1,""collect_dead"":3,""care_dead"":24,""tile_cap_units"":19,""fertilizer_forgone"":22,""care_unfed"":74,""animal_shed_days"":1,""idle_tile_days"":64,""weed_tile_days"":2,""hand_pass_turns"":368,""farmer_pass_turns"":64,""phantom_hand_actions"":0,""sell_floor_units"":85,""hire_premium"":4129,""shed_units_now"":0,""shed_value_now"":0.0,""animals_in_shed_now"":0,""seeds_unplanted_now"":3,""seeds_unplanted_cost_now"":30.0},{""sell_dead_units"":2280,""refused_buy_product"":5,""refused_buy_seed"":0,""refused_buy_animal"":0,""refused_hire"":0,""refused_buy_land"":0,""hire_paid"":4397,""sell_zero_fill"":47,""buy_zero_fill"":1,""sell_revenue"":127341.0,""total_spend"":45321.0,""shed_discarded_units"":11,""sold_units"":2011,""feed_no_wheat"":0,""feed_no_animal"":0,""feed_redundant"":0,""water_dead"":13,""harvest_dead"":5,""plant_dead"":0,""animals_escaped"":0,""escape_capital"":0.0,""escape_yield_units"":0,""escape_first_day"":-1,""animal_unfed_days"":78,""plants_dry"":2,""dry_seed_cost"":120.0,""dry_yield_units"":1,""dry_first_day"":21,""plant_unwatered_days"":386,""decay_units"":18,""plants_decayed"":18,""silent_loss_coins"":120.0,""silent_loss_units"":30,""dead_actions"":49,""move_dead"":0,""locked_dead"":0,""pickup_dead"":0,""drop_dead"":0,""place_dead"":1,""build_dead"":0,""dig_dead"":2,""fertilize_dead"":1,""collect_dead"":3,""care_dead"":24,""tile_cap_units"":19,""fertilizer_forgone"":22,""care_unfed"":74,""animal_shed_days"":1,""idle_tile_days"":66,""weed_tile_days"":3,""hand_pass_turns"":369,""farmer_pass_turns"":64,""phantom_hand_actions"":0,""sell_floor_units"":85,""hire_premium"":4129,""shed_units_now"":0,""shed_value_now"":0.0,""animals_in_shed_now"":0,""seeds_unplanted_now"":4,""seeds_unplanted_cost_now"":40.0}]}","{""calls"":719,""eligible"":122,""changes"":0,""errors"":0,""evaluations"":381,""predicted_gain"":0.0,""mode"":""robust""}",
m11_robust_response,B1,B1,herd_safe,522609244,1,85020.0,85100.0,-80.0,L,kagsim,5.140613,0,0,0,0,0,0,0,0,29ae70298aff5372b49961180210c77419a07c48f2304c46e4887e3408b3f36c,"[{""step"":0,""shops"":[]},{""step"":72,""shops"":[""BAKERY""]},{""step"":144,""shops"":[""BAKERY"",""FARMERS_MARKET""]},{""step"":216,""shops"":[""BAKERY"",""FARMERS_MARKET"",""BRUNCH_SPOT""]},{""step"":288,""shops"":[""BAKERY"",""FARMERS_MARKET"",""BRUNCH_SPOT"",""YARN_STORE""]},{""step"":360,""shops"":[""BAKERY"",""FARMERS_MARKET"",""BRUNCH_SPOT"",""YARN_STORE"",""FARMERS_MARKET""]},{""step"":432,""shops"":[""BAKERY"",""FARMERS_MARKET"",""BRUNCH_SPOT"",""YARN_STORE"",""FARMERS_MARKET"",""BAKERY""]},{""step"":504,""shops"":[""BAKERY"",""FARMERS_MARKET"",""BRUNCH_SPOT"",""YARN_STORE"",""FARMERS_MARKET"",""BAKERY"",""BRUNCH_SPOT""]},{""step"":576,""shops"":[""BAKERY"",""FARMERS_MARKET"",""BRUNCH_SPOT"",""YARN_STORE"",""FARMERS_MARKET"",""BAKERY"",""BRUNCH_SPOT"",""ICE_CREAM_SHOP""]}]",experiments/round11_execution_20260924/track_b/market_kagsim/replays/m11_robust_response/B1/seed_522609244_seat_1.json.gz,d75d81613d8ff845d9367174dca18ef4032fa494b69f5fb61015768363f662cd,0bea36c2040b5090be76f4b4bab54caafd424815c9d915d4b2ba40f21f28bbbd,b6553c296c556aff5b5e2d12b75618e505fa4d852afb5338414ac6d6e039cb02,0fe077cc65622d6f6828160d90b617595a4aa7ea188e4afc67bfee8e4d290c92,"{""players"":[{""sell_dead_units"":2280,""refused_buy_product"":5,""refused_buy_seed"":0,""refused_buy_animal"":0,""refused_hire"":0,""refused_buy_land"":0,""hire_paid"":4397,""sell_zero_fill"":47,""buy_zero_fill"":1,""sell_revenue"":127341.0,""total_spend"":45241.0,""shed_discarded_units"":11,""sold_units"":2011,""feed_no_wheat"":0,""feed_no_animal"":0,""feed_redundant"":0,""water_dead"":12,""harvest_dead"":4,""plant_dead"":0,""animals_escaped"":0,""escape_capital"":0.0,""escape_yield_units"":0,""escape_first_day"":-1,""animal_unfed_days"":78,""plants_dry"":2,""dry_seed_cost"":120.0,""dry_yield_units"":1,""dry_first_day"":21,""plant_unwatered_days"":387,""decay_units"":18,""plants_decayed"":18,""silent_loss_coins"":120.0,""silent_loss_units"":30,""dead_actions"":47,""move_dead"":0,""locked_dead"":0,""pickup_dead"":0,""drop_dead"":0,""place_dead"":1,""build_dead"":0,""dig_dead"":2,""fertilize_dead"":1,""collect_dead"":3,""care_dead"":24,""tile_cap_units"":19,""fertilizer_forgone"":22,""care_unfed"":74,""animal_shed_days"":1,""idle_tile_days"":64,""weed_tile_days"":2,""hand_pass_turns"":368,""farmer_pass_turns"":64,""phantom_hand_actions"":0,""sell_floor_units"":85,""hire_premium"":4129,""shed_units_now"":0,""shed_value_now"":0.0,""animals_in_shed_now"":0,""seeds_unplanted_now"":3,""seeds_unplanted_cost_now"":30.0},{""sell_dead_units"":2280,""refused_buy_product"":5,""refused_buy_seed"":0,""refused_buy_animal"":0,""refused_hire"":0,""refused_buy_land"":0,""hire_paid"":4397,""sell_zero_fill"":47,""buy_zero_fill"":1,""sell_revenue"":127341.0,""total_spend"":45321.0,""shed_discarded_units"":11,""sold_units"":2011,""feed_no_wheat"":0,""feed_no_animal"":0,""feed_redundant"":0,""water_dead"":13,""harvest_dead"":5,""plant_dead"":0,""animals_escaped"":0,""escape_capital"":0.0,""escape_yield_units"":0,""escape_first_day"":-1,""animal_unfed_days"":78,""plants_dry"":2,""dry_seed_cost"":120.0,""dry_yield_units"":1,""dry_first_day"":21,""plant_unwatered_days"":386,""decay_units"":18,""plants_decayed"":18,""silent_loss_coins"":120.0,""silent_loss_units"":30,""dead_actions"":49,""move_dead"":0,""locked_dead"":0,""pickup_dead"":0,""drop_dead"":0,""place_dead"":1,""build_dead"":0,""dig_dead"":2,""fertilize_dead"":1,""collect_dead"":3,""care_dead"":24,""tile_cap_units"":19,""fertilizer_forgone"":22,""care_unfed"":74,""animal_shed_days"":1,""idle_tile_days"":66,""weed_tile_days"":3,""hand_pass_turns"":369,""farmer_pass_turns"":64,""phantom_hand_actions"":0,""sell_floor_units"":85,""hire_premium"":4129,""shed_units_now"":0,""shed_value_now"":0.0,""animals_in_shed_now"":0,""seeds_unplanted_now"":4,""seeds_unplanted_cost_now"":40.0}]}","{""calls"":719,""eligible"":122,""changes"":0,""errors"":0,""evaluations"":381,""predicted_gain"":0.0,""mode"":""robust""}",
m11_robust_response,B1,metav4,metav4,522609241,0,113621.0,113320.0,301.0,W,kagsim,4.58075,0,0,0,0,0,0,0,0,3d5abadf277ffbf26faf5853b80f902eec0bdb2b3d07a15179f8411eccf494e5,"[{""step"":0,""shops"":[]},{""step"":72,""shops"":[""YARN_STORE""]},{""step"":144,""shops"":[""YARN_STORE"",""BRUNCH_SPOT""]},{""step"":216,""shops"":[""YARN_STORE"",""BRUNCH_SPOT"",""ICE_CREAM_SHOP""]},{""step"":288,""shops"":[""YARN_STORE"",""BRUNCH_SPOT"",""ICE_CREAM_SHOP"",""ICE_CREAM_SHOP""]},{""step"":360,""shops"":[""YARN_STORE"",""BRUNCH_SPOT"",""ICE_CREAM_SHOP"",""ICE_CREAM_SHOP"",""BRUNCH_SPOT""]},{""step"":432,""shops"":[""YARN_STORE"",""BRUNCH_SPOT"",""ICE_CREAM_SHOP"",""ICE_CREAM_SHOP"",""BRUNCH_SPOT"",""BRUNCH_SPOT""]},{""step"":504,""shops"":[""YARN_STORE"",""BRUNCH_SPOT"",""ICE_CREAM_SHOP"",""ICE_CREAM_SHOP"",""BRUNCH_SPOT"",""BRUNCH_SPOT"",""FARMERS_MARKET""]},{""step"":576,""shops"":[""YARN_STORE"",""BRUNCH_SPOT"",""ICE_CREAM_SHOP"",""ICE_CREAM_SHOP"",""BRUNCH_SPOT"",""BRUNCH_SPOT"",""FARMERS_MARKET"",""BRUNCH_SPOT""]}]",experiments/round11_execution_20260924/track_b/market_kagsim/replays/m11_robust_response/metav4/seed_522609241_seat_0.json.gz,ad02d55cfed7b9a852df047d3bbc3c3ee67465707aa43aa9c9faf68093f92bbf,0bea36c2040b5090be76f4b4bab54caafd424815c9d915d4b2ba40f21f28bbbd,9d63494603f88219857a3101d7dc19cc750ded04e5886732ee428580326967d9,0fe077cc65622d6f6828160d90b617595a4aa7ea188e4afc67bfee8e4d290c92,"{""players"":[{""sell_dead_units"":197,""refused_buy_product"":1,""refused_buy_seed"":0,""refused_buy_animal"":0,""refused_hire"":0,""refused_buy_land"":0,""hire_paid"":5659,""sell_zero_fill"":19,""buy_zero_fill"":1,""sell_revenue"":140361.0,""total_spend"":29740.0,""shed_discarded_units"":32,""sold_units"":1549,""feed_no_wheat"":0,""feed_no_animal"":0,""feed_redundant"":0,""water_dead"":1,""harvest_dead"":4,""plant_dead"":0,""animals_escaped"":0,""escape_capital"":0.0,""escape_yield_units"":0,""escape_first_day"":-1,""animal_unfed_days"":62,""plants_dry"":1,""dry_seed_cost"":100.0,""dry_yield_units"":0,""dry_first_day"":21,""plant_unwatered_days"":385,""decay_units"":18,""plants_decayed"":18,""silent_loss_coins"":100.0,""silent_loss_units"":50,""dead_actions"":17,""move_dead"":0,""locked_dead"":0,""pickup_dead"":0,""drop_dead"":0,""place_dead"":1,""build_dead"":0,""dig_dead"":2,""fertilize_dead"":0,""collect_dead"":4,""care_dead"":5,""tile_cap_units"":9,""fertilizer_forgone"":14,""care_unfed"":58,""animal_shed_days"":0,""idle_tile_days"":62,""weed_tile_days"":1,""hand_pass_turns"":616,""farmer_pass_turns"":83,""phantom_hand_actions"":0,""sell_floor_units"":62,""hire_premium"":5377,""shed_units_now"":0,""shed_value_now"":0.0,""animals_in_shed_now"":0,""seeds_unplanted_now"":0,""seeds_unplanted_cost_now"":0.0},{""sell_dead_units"":201,""refused_buy_product"":1,""refused_buy_seed"":0,""refused_buy_animal"":0,""refused_hire"":0,""refused_buy_land"":0,""hire_paid"":5659,""sell_zero_fill"":19,""buy_zero_fill"":1,""sell_revenue"":140435.0,""total_spend"":30115.0,""shed_discarded_units"":32,""sold_units"":1557,""feed_no_wheat"":0,""feed_no_animal"":0,""feed_redundant"":0,""water_dead"":1,""harvest_dead"":6,""plant_dead"":0,""animals_escaped"":0,""escape_capital"":0.0,""escape_yield_units"":0,""escape_first_day"":-1,""animal_unfed_days"":62,""plants_dry"":1,""dry_seed_cost"":100.0,""dry_yield_units"":0,""dry_first_day"":21,""plant_unwatered_days"":385,""decay_units"":18,""plants_decayed"":18,""silent_loss_coins"":100.0,""silent_loss_units"":50,""dead_actions"":20,""move_dead"":0,""locked_dead"":0,""pickup_dead"":0,""drop_dead"":0,""place_dead"":2,""build_dead"":0,""dig_dead"":2,""fertilize_dead"":0,""collect_dead"":4,""care_dead"":5,""tile_cap_units"":9,""fertilizer_forgone"":14,""care_unfed"":58,""animal_shed_days"":0,""idle_tile_days"":63,""weed_tile_days"":1,""hand_pass_turns"":632,""farmer_pass_turns"":83,""phantom_hand_actions"":0,""sell_floor_units"":59,""hire_premium"":5377,""shed_units_now"":0,""shed_value_now"":0.0,""animals_in_shed_now"":0,""seeds_unplanted_now"":0,""seeds_unplanted_cost_now"":0.0}]}","{""calls"":719,""eligible"":88,""changes"":0,""errors"":0,""evaluations"":183,""predicted_gain"":0.0,""mode"":""robust""}",
m11_robust_response,B1,metav4,metav4,522609241,1,113621.0,113320.0,301.0,W,kagsim,4.794388,0,0,0,0,0,0,0,0,3d5abadf277ffbf26faf5853b80f902eec0bdb2b3d07a15179f8411eccf494e5,"[{""step"":0,""shops"":[]},{""step"":72,""shops"":[""YARN_STORE""]},{""step"":144,""shops"":[""YARN_STORE"",""BRUNCH_SPOT""]},{""step"":216,""shops"":[""YARN_STORE"",""BRUNCH_SPOT"",""ICE_CREAM_SHOP""]},{""step"":288,""shops"":[""YARN_STORE"",""BRUNCH_SPOT"",""ICE_CREAM_SHOP"",""ICE_CREAM_SHOP""]},{""step"":360,""shops"":[""YARN_STORE"",""BRUNCH_SPOT"",""ICE_CREAM_SHOP"",""ICE_CREAM_SHOP"",""BRUNCH_SPOT""]},{""step"":432,""shops"":[""YARN_STORE"",""BRUNCH_SPOT"",""ICE_CREAM_SHOP"",""ICE_CREAM_SHOP"",""BRUNCH_SPOT"",""BRUNCH_SPOT""]},{""step"":504,""shops"":[""YARN_STORE"",""BRUNCH_SPOT"",""ICE_CREAM_SHOP"",""ICE_CREAM_SHOP"",""BRUNCH_SPOT"",""BRUNCH_SPOT"",""FARMERS_MARKET""]},{""step"":576,""shops"":[""YARN_STORE"",""BRUNCH_SPOT"",""ICE_CREAM_SHOP"",""ICE_CREAM_SHOP"",""BRUNCH_SPOT"",""BRUNCH_SPOT"",""FARMERS_MARKET"",""BRUNCH_SPOT""]}]",experiments/round11_execution_20260924/track_b/market_kagsim/replays/m11_robust_response/metav4/seed_522609241_seat_1.json.gz,6a009b0b4a6321203c29febeaa2b3921f2eb3dcf66acb5f13bf8812f1ea187c2,0bea36c2040b5090be76f4b4bab54caafd424815c9d915d4b2ba40f21f28bbbd,9d63494603f88219857a3101d7dc19cc750ded04e5886732ee428580326967d9,0fe077cc65622d6f6828160d90b617595a4aa7ea188e4afc67bfee8e4d290c92,"{""players"":[{""sell_dead_units"":201,""refused_buy_product"":1,""refused_buy_seed"":0,""refused_buy_animal"":0,""refused_hire"":0,""refused_buy_land"":0,""hire_paid"":5659,""sell_zero_fill"":19,""buy_zero_fill"":1,""sell_revenue"":140435.0,""total_spend"":30115.0,""shed_discarded_units"":32,""sold_units"":1557,""feed_no_wheat"":0,""feed_no_animal"":0,""feed_redundant"":0,""water_dead"":1,""harvest_dead"":6,""plant_dead"":0,""animals_escaped"":0,""escape_capital"":0.0,""escape_yield_units"":0,""escape_first_day"":-1,""animal_unfed_days"":62,""plants_dry"":1,""dry_seed_cost"":100.0,""dry_yield_units"":0,""dry_first_day"":21,""plant_unwatered_days"":385,""decay_units"":18,""plants_decayed"":18,""silent_loss_coins"":100.0,""silent_loss_units"":50,""dead_actions"":20,""move_dead"":0,""locked_dead"":0,""pickup_dead"":0,""drop_dead"":0,""place_dead"":2,""build_dead"":0,""dig_dead"":2,""fertilize_dead"":0,""collect_dead"":4,""care_dead"":5,""tile_cap_units"":9,""fertilizer_forgone"":14,""care_unfed"":58,""animal_shed_days"":0,""idle_tile_days"":63,""weed_tile_days"":1,""hand_pass_turns"":632,""farmer_pass_turns"":83,""phantom_hand_actions"":0,""sell_floor_units"":59,""hire_premium"":5377,""shed_units_now"":0,""shed_value_now"":0.0,""animals_in_shed_now"":0,""seeds_unplanted_now"":0,""seeds_unplanted_cost_now"":0.0},{""sell_dead_units"":197,""refused_buy_product"":1,""refused_buy_seed"":0,""refused_buy_animal"":0,""refused_hire"":0,""refused_buy_land"":0,""hire_paid"":5659,""sell_zero_fill"":19,""buy_zero_fill"":1,""sell_revenue"":140361.0,""total_spend"":29740.0,""shed_discarded_units"":32,""sold_units"":1549,""feed_no_wheat"":0,""feed_no_animal"":0,""feed_redundant"":0,""water_dead"":1,""harvest_dead"":4,""plant_dead"":0,""animals_escaped"":0,""escape_capital"":0.0,""escape_yield_units"":0,""escape_first_day"":-1,""animal_unfed_days"":62,""plants_dry"":1,""dry_seed_cost"":100.0,""dry_yield_units"":0,""dry_first_day"":21,""plant_unwatered_days"":385,""decay_units"":18,""plants_decayed"":18,""silent_loss_coins"":100.0,""silent_loss_units"":50,""dead_actions"":17,""move_dead"":0,""locked_dead"":0,""pickup_dead"":0,""drop_dead"":0,""place_dead"":1,""build_dead"":0,""dig_dead"":2,""fertilize_dead"":0,""collect_dead"":4,""care_dead"":5,""tile_cap_units"":9,""fertilizer_forgone"":14,""care_unfed"":58,""animal_shed_days"":0,""idle_tile_days"":62,""weed_tile_days"":1,""hand_pass_turns"":616,""farmer_pass_turns"":83,""phantom_hand_actions"":0,""sell_floor_units"":62,""hire_premium"":5377,""shed_units_now"":0,""shed_value_now"":0.0,""animals_in_shed_now"":0,""seeds_unplanted_now"":0,""seeds_unplanted_cost_now"":0.0}]}","{""calls"":719,""eligible"":88,""changes"":0,""errors"":0,""evaluations"":183,""predicted_gain"":0.0,""mode"":""robust""}",
m11_robust_response,B1,metav4,metav4,522609242,0,117186.0,116295.0,891.0,W,kagsim,5.344551,0,0,0,0,0,0,0,0,cd945f271e647a2f5fc263c386808ef34a28435ba33f723a6ccd7112be4b1a7c,"[{""step"":0,""shops"":[]},{""step"":72,""shops"":[""SMOOTHIE_SHOP""]},{""step"":144,""shops"":[""SMOOTHIE_SHOP"",""SMOOTHIE_SHOP""]},{""step"":216,""shops"":[""SMOOTHIE_SHOP"",""SMOOTHIE_SHOP"",""BRUNCH_SPOT""]},{""step"":288,""shops"":[""SMOOTHIE_SHOP"",""SMOOTHIE_SHOP"",""BRUNCH_SPOT"",""BAKERY""]},{""step"":360,""shops"":[""SMOOTHIE_SHOP"",""SMOOTHIE_SHOP"",""BRUNCH_SPOT"",""BAKERY"",""YARN_STORE""]},{""step"":432,""shops"":[""SMOOTHIE_SHOP"",""SMOOTHIE_SHOP"",""BRUNCH_SPOT"",""BAKERY"",""YARN_STORE"",""ICE_CREAM_SHOP""]},{""step"":504,""shops"":[""SMOOTHIE_SHOP"",""SMOOTHIE_SHOP"",""BRUNCH_SPOT"",""BAKERY"",""YARN_STORE"",""ICE_CREAM_SHOP"",""BAKERY""]},{""step"":576,""shops"":[""SMOOTHIE_SHOP"",""SMOOTHIE_SHOP"",""BRUNCH_SPOT"",""BAKERY"",""YARN_STORE"",""ICE_CREAM_SHOP"",""BAKERY"",""FARMERS_MARKET""]}]",experiments/round11_execution_20260924/track_b/market_kagsim/replays/m11_robust_response/metav4/seed_522609242_seat_0.json.gz,6e7af314526242a0fbf791c0869ee5625765b5957ee3f9a466738ff2abc9b63b,0bea36c2040b5090be76f4b4bab54caafd424815c9d915d4b2ba40f21f28bbbd,9d63494603f88219857a3101d7dc19cc750ded04e5886732ee428580326967d9,0fe077cc65622d6f6828160d90b617595a4aa7ea188e4afc67bfee8e4d290c92,"{""players"":[{""sell_dead_units"":219,""refused_buy_product"":1,""refused_buy_seed"":0,""refused_buy_animal"":0,""refused_hire"":0,""refused_buy_land"":0,""hire_paid"":4164,""sell_zero_fill"":40,""buy_zero_fill"":1,""sell_revenue"":141614.0,""total_spend"":27428.0,""shed_discarded_units"":4,""sold_units"":1595,""feed_no_wheat"":0,""feed_no_animal"":0,""feed_redundant"":0,""water_dead"":11,""harvest_dead"":4,""plant_dead"":0,""animals_escaped"":0,""escape_capital"":0.0,""escape_yield_units"":0,""escape_first_day"":-1,""animal_unfed_days"":42,""plants_dry"":1,""dry_seed_cost"":100.0,""dry_yield_units"":0,""dry_first_day"":21,""plant_unwatered_days"":392,""decay_units"":18,""plants_decayed"":18,""silent_loss_coins"":100.0,""silent_loss_units"":22,""dead_actions"":41,""move_dead"":0,""locked_dead"":0,""pickup_dead"":0,""drop_dead"":0,""place_dead"":1,""build_dead"":0,""dig_dead"":3,""fertilize_dead"":1,""collect_dead"":8,""care_dead"":13,""tile_cap_units"":19,""fertilizer_forgone"":19,""care_unfed"":37,""animal_shed_days"":1,""idle_tile_days"":63,""weed_tile_days"":1,""hand_pass_turns"":363,""farmer_pass_turns"":61,""phantom_hand_actions"":0,""sell_floor_units"":20,""hire_premium"":3898,""shed_units_now"":0,""shed_value_now"":0.0,""animals_in_shed_now"":0,""seeds_unplanted_now"":1,""seeds_unplanted_cost_now"":10.0},{""sell_dead_units"":194,""refused_buy_product"":1,""refused_buy_seed"":0,""refused_buy_animal"":0,""refused_hire"":0,""refused_buy_land"":0,""hire_paid"":4164,""sell_zero_fill"":37,""buy_zero_fill"":1,""sell_revenue"":141183.0,""total_spend"":27888.0,""shed_discarded_units"":3,""sold_units"":1604,""feed_no_wheat"":0,""feed_no_animal"":0,""feed_redundant"":0,""water_dead"":11,""harvest_dead"":4,""plant_dead"":0,""animals_escaped"":0,""escape_capital"":0.0,""escape_yield_units"":0,""escape_first_day"":-1,""animal_unfed_days"":42,""plants_dry"":1,""dry_seed_cost"":100.0,""dry_yield_units"":0,""dry_first_day"":21,""plant_unwatered_days"":392,""decay_units"":18,""plants_decayed"":18,""silent_loss_coins"":100.0,""silent_loss_units"":21,""dead_actions"":42,""move_dead"":0,""locked_dead"":0,""pickup_dead"":0,""drop_dead"":0,""place_dead"":1,""build_dead"":0,""dig_dead"":3,""fertilize_dead"":2,""collect_dead"":8,""care_dead"":13,""tile_cap_units"":20,""fertilizer_forgone"":19,""care_unfed"":37,""animal_shed_days"":1,""idle_tile_days"":64,""weed_tile_days"":1,""hand_pass_turns"":378,""farmer_pass_turns"":60,""phantom_hand_actions"":0,""sell_floor_units"":21,""hire_premium"":3898,""shed_units_now"":0,""shed_value_now"":0.0,""animals_in_shed_now"":0,""seeds_unplanted_now"":1,""seeds_unplanted_cost_now"":10.0}]}","{""calls"":719,""eligible"":124,""changes"":0,""errors"":0,""evaluations"":193,""predicted_gain"":0.0,""mode"":""robust""}",
m11_robust_response,B1,metav4,metav4,522609242,1,117186.0,116295.0,891.0,W,kagsim,5.350048,0,0,0,0,0,0,0,0,cd945f271e647a2f5fc263c386808ef34a28435ba33f723a6ccd7112be4b1a7c,"[{""step"":0,""shops"":[]},{""step"":72,""shops"":[""SMOOTHIE_SHOP""]},{""step"":144,""shops"":[""SMOOTHIE_SHOP"",""SMOOTHIE_SHOP""]},{""step"":216,""shops"":[""SMOOTHIE_SHOP"",""SMOOTHIE_SHOP"",""BRUNCH_SPOT""]},{""step"":288,""shops"":[""SMOOTHIE_SHOP"",""SMOOTHIE_SHOP"",""BRUNCH_SPOT"",""BAKERY""]},{""step"":360,""shops"":[""SMOOTHIE_SHOP"",""SMOOTHIE_SHOP"",""BRUNCH_SPOT"",""BAKERY"",""YARN_STORE""]},{""step"":432,""shops"":[""SMOOTHIE_SHOP"",""SMOOTHIE_SHOP"",""BRUNCH_SPOT"",""BAKERY"",""YARN_STORE"",""ICE_CREAM_SHOP""]},{""step"":504,""shops"":[""SMOOTHIE_SHOP"",""SMOOTHIE_SHOP"",""BRUNCH_SPOT"",""BAKERY"",""YARN_STORE"",""ICE_CREAM_SHOP"",""BAKERY""]},{""step"":576,""shops"":[""SMOOTHIE_SHOP"",""SMOOTHIE_SHOP"",""BRUNCH_SPOT"",""BAKERY"",""YARN_STORE"",""ICE_CREAM_SHOP"",""BAKERY"",""FARMERS_MARKET""]}]",experiments/round11_execution_20260924/track_b/market_kagsim/replays/m11_robust_response/metav4/seed_522609242_seat_1.json.gz,156473ef287aed7efeef8fe2dd8b7d7aa961e798ae8a71fd8c7a009e15cc79c6,0bea36c2040b5090be76f4b4bab54caafd424815c9d915d4b2ba40f21f28bbbd,9d63494603f88219857a3101d7dc19cc750ded04e5886732ee428580326967d9,0fe077cc65622d6f6828160d90b617595a4aa7ea188e4afc67bfee8e4d290c92,"{""players"":[{""sell_dead_units"":194,""refused_buy_product"":1,""refused_buy_seed"":0,""refused_buy_animal"":0,""refused_hire"":0,""refused_buy_land"":0,""hire_paid"":4164,""sell_zero_fill"":37,""buy_zero_fill"":1,""sell_revenue"":141183.0,""total_spend"":27888.0,""shed_discarded_units"":3,""sold_units"":1604,""feed_no_wheat"":0,""feed_no_animal"":0,""feed_redundant"":0,""water_dead"":11,""harvest_dead"":4,""plant_dead"":0,""animals_escaped"":0,""escape_capital"":0.0,""escape_yield_units"":0,""escape_first_day"":-1,""animal_unfed_days"":42,""plants_dry"":1,""dry_seed_cost"":100.0,""dry_yield_units"":0,""dry_first_day"":21,""plant_unwatered_days"":392,""decay_units"":18,""plants_decayed"":18,""silent_loss_coins"":100.0,""silent_loss_units"":21,""dead_actions"":42,""move_dead"":0,""locked_dead"":0,""pickup_dead"":0,""drop_dead"":0,""place_dead"":1,""build_dead"":0,""dig_dead"":3,""fertilize_dead"":2,""collect_dead"":8,""care_dead"":13,""tile_cap_units"":20,""fertilizer_forgone"":19,""care_unfed"":37,""animal_shed_days"":1,""idle_tile_days"":64,""weed_tile_days"":1,""hand_pass_turns"":378,""farmer_pass_turns"":60,""phantom_hand_actions"":0,""sell_floor_units"":21,""hire_premium"":3898,""shed_units_now"":0,""shed_value_now"":0.0,""animals_in_shed_now"":0,""seeds_unplanted_now"":1,""seeds_unplanted_cost_now"":10.0},{""sell_dead_units"":219,""refused_buy_product"":1,""refused_buy_seed"":0,""refused_buy_animal"":0,""refused_hire"":0,""refused_buy_land"":0,""hire_paid"":4164,""sell_zero_fill"":40,""buy_zero_fill"":1,""sell_revenue"":141614.0,""total_spend"":27428.0,""shed_discarded_units"":4,""sold_units"":1595,""feed_no_wheat"":0,""feed_no_animal"":0,""feed_redundant"":0,""water_dead"":11,""harvest_dead"":4,""plant_dead"":0,""animals_escaped"":0,""escape_capital"":0.0,""escape_yield_units"":0,""escape_first_day"":-1,""animal_unfed_days"":42,""plants_dry"":1,""dry_seed_cost"":100.0,""dry_yield_units"":0,""dry_first_day"":21,""plant_unwatered_days"":392,""decay_units"":18,""plants_decayed"":18,""silent_loss_coins"":100.0,""silent_loss_units"":22,""dead_actions"":41,""move_dead"":0,""locked_dead"":0,""pickup_dead"":0,""drop_dead"":0,""place_dead"":1,""build_dead"":0,""dig_dead"":3,""fertilize_dead"":1,""collect_dead"":8,""care_dead"":13,""tile_cap_units"":19,""fertilizer_forgone"":19,""care_unfed"":37,""animal_shed_days"":1,""idle_tile_days"":63,""weed_tile_days"":1,""hand_pass_turns"":363,""farmer_pass_turns"":61,""phantom_hand_actions"":0,""sell_floor_units"":20,""hire_premium"":3898,""shed_units_now"":0,""shed_value_now"":0.0,""animals_in_shed_now"":0,""seeds_unplanted_now"":1,""seeds_unplanted_cost_now"":10.0}]}","{""calls"":719,""eligible"":124,""changes"":0,""errors"":0,""evaluations"":193,""predicted_gain"":0.0,""mode"":""robust""}",
m11_robust_response,B1,metav4,metav4,522609243,0,110289.0,110646.0,-357.0,L,kagsim,4.998845,0,0,0,0,0,0,0,0,499deac3e55076604cbfd1119bcc7d2b0dc4084111ee7286f71d9cd238ef4c7b,"[{""step"":0,""shops"":[]},{""step"":72,""shops"":[""BRUNCH_SPOT""]},{""step"":144,""shops"":[""BRUNCH_SPOT"",""ICE_CREAM_SHOP""]},{""step"":216,""shops"":[""BRUNCH_SPOT"",""ICE_CREAM_SHOP"",""FARMERS_MARKET""]},{""step"":288,""shops"":[""BRUNCH_SPOT"",""ICE_CREAM_SHOP"",""FARMERS_MARKET"",""ICE_CREAM_SHOP""]},{""step"":360,""shops"":[""BRUNCH_SPOT"",""ICE_CREAM_SHOP"",""FARMERS_MARKET"",""ICE_CREAM_SHOP"",""PIZZA_SHOP""]},{""step"":432,""shops"":[""BRUNCH_SPOT"",""ICE_CREAM_SHOP"",""FARMERS_MARKET"",""ICE_CREAM_SHOP"",""PIZZA_SHOP"",""FARMERS_MARKET""]},{""step"":504,""shops"":[""BRUNCH_SPOT"",""ICE_CREAM_SHOP"",""FARMERS_MARKET"",""ICE_CREAM_SHOP"",""PIZZA_SHOP"",""FARMERS_MARKET"",""BRUNCH_SPOT""]},{""step"":576,""shops"":[""BRUNCH_SPOT"",""ICE_CREAM_SHOP"",""FARMERS_MARKET"",""ICE_CREAM_SHOP"",""PIZZA_SHOP"",""FARMERS_MARKET"",""BRUNCH_SPOT"",""FARMERS_MARKET""]}]",experiments/round11_execution_20260924/track_b/market_kagsim/replays/m11_robust_response/metav4/seed_522609243_seat_0.json.gz,7e646cb60de1add707ded1cd75d3fd78b42e82295dbb6816388922b53694f4d5,0bea36c2040b5090be76f4b4bab54caafd424815c9d915d4b2ba40f21f28bbbd,9d63494603f88219857a3101d7dc19cc750ded04e5886732ee428580326967d9,0fe077cc65622d6f6828160d90b617595a4aa7ea188e4afc67bfee8e4d290c92,"{""players"":[{""sell_dead_units"":215,""refused_buy_product"":1,""refused_buy_seed"":0,""refused_buy_animal"":0,""refused_hire"":0,""refused_buy_land"":0,""hire_paid"":4397,""sell_zero_fill"":34,""buy_zero_fill"":1,""sell_revenue"":136004.0,""total_spend"":28715.0,""shed_discarded_units"":4,""sold_units"":1597,""feed_no_wheat"":0,""feed_no_animal"":0,""feed_redundant"":0,""water_dead"":10,""harvest_dead"":3,""plant_dead"":0,""animals_escaped"":0,""escape_capital"":0.0,""escape_yield_units"":0,""escape_first_day"":-1,""animal_unfed_days"":85,""plants_dry"":1,""dry_seed_cost"":100.0,""dry_yield_units"":0,""dry_first_day"":21,""plant_unwatered_days"":391,""decay_units"":18,""plants_decayed"":18,""silent_loss_coins"":100.0,""silent_loss_units"":22,""dead_actions"":40,""move_dead"":0,""locked_dead"":0,""pickup_dead"":0,""drop_dead"":0,""place_dead"":1,""build_dead"":0,""dig_dead"":4,""fertilize_dead"":1,""collect_dead"":8,""care_dead"":13,""tile_cap_units"":21,""fertilizer_forgone"":19,""care_unfed"":80,""animal_shed_days"":1,""idle_tile_days"":63,""weed_tile_days"":1,""hand_pass_turns"":406,""farmer_pass_turns"":67,""phantom_hand_actions"":0,""sell_floor_units"":56,""hire_premium"":4129,""shed_units_now"":0,""shed_value_now"":0.0,""animals_in_shed_now"":0,""seeds_unplanted_now"":1,""seeds_unplanted_cost_now"":10.0},{""sell_dead_units"":190,""refused_buy_product"":1,""refused_buy_seed"":0,""refused_buy_animal"":0,""refused_hire"":0,""refused_buy_land"":0,""hire_paid"":7557,""sell_zero_fill"":34,""buy_zero_fill"":1,""sell_revenue"":144652.0,""total_spend"":37006.0,""shed_discarded_units"":1,""sold_units"":1663,""feed_no_wheat"":0,""feed_no_animal"":0,""feed_redundant"":0,""water_dead"":10,""harvest_dead"":3,""plant_dead"":0,""animals_escaped"":0,""escape_capital"":0.0,""escape_yield_units"":0,""escape_first_day"":-1,""animal_unfed_days"":85,""plants_dry"":1,""dry_seed_cost"":100.0,""dry_yield_units"":0,""dry_first_day"":21,""plant_unwatered_days"":421,""decay_units"":18,""plants_decayed"":18,""silent_loss_coins"":100.0,""silent_loss_units"":19,""dead_actions"":41,""move_dead"":0,""locked_dead"":0,""pickup_dead"":0,""drop_dead"":0,""place_dead"":1,""build_dead"":0,""dig_dead"":4,""fertilize_dead"":2,""collect_dead"":8,""care_dead"":13,""tile_cap_units"":21,""fertilizer_forgone"":19,""care_unfed"":80,""animal_shed_days"":1,""idle_tile_days"":229,""weed_tile_days"":18,""hand_pass_turns"":505,""farmer_pass_turns"":66,""phantom_hand_actions"":0,""sell_floor_units"":57,""hire_premium"":7273,""shed_units_now"":0,""shed_value_now"":0.0,""animals_in_shed_now"":0,""seeds_unplanted_now"":1,""seeds_unplanted_cost_now"":10.0}]}","{""calls"":719,""eligible"":127,""changes"":0,""errors"":0,""evaluations"":176,""predicted_gain"":0.0,""mode"":""robust""}",
m11_robust_response,B1,metav4,metav4,522609243,1,110289.0,110646.0,-357.0,L,kagsim,4.903808,0,0,0,0,0,0,0,0,499deac3e55076604cbfd1119bcc7d2b0dc4084111ee7286f71d9cd238ef4c7b,"[{""step"":0,""shops"":[]},{""step"":72,""shops"":[""BRUNCH_SPOT""]},{""step"":144,""shops"":[""BRUNCH_SPOT"",""ICE_CREAM_SHOP""]},{""step"":216,""shops"":[""BRUNCH_SPOT"",""ICE_CREAM_SHOP"",""FARMERS_MARKET""]},{""step"":288,""shops"":[""BRUNCH_SPOT"",""ICE_CREAM_SHOP"",""FARMERS_MARKET"",""ICE_CREAM_SHOP""]},{""step"":360,""shops"":[""BRUNCH_SPOT"",""ICE_CREAM_SHOP"",""FARMERS_MARKET"",""ICE_CREAM_SHOP"",""PIZZA_SHOP""]},{""step"":432,""shops"":[""BRUNCH_SPOT"",""ICE_CREAM_SHOP"",""FARMERS_MARKET"",""ICE_CREAM_SHOP"",""PIZZA_SHOP"",""FARMERS_MARKET""]},{""step"":504,""shops"":[""BRUNCH_SPOT"",""ICE_CREAM_SHOP"",""FARMERS_MARKET"",""ICE_CREAM_SHOP"",""PIZZA_SHOP"",""FARMERS_MARKET"",""BRUNCH_SPOT""]},{""step"":576,""shops"":[""BRUNCH_SPOT"",""ICE_CREAM_SHOP"",""FARMERS_MARKET"",""ICE_CREAM_SHOP"",""PIZZA_SHOP"",""FARMERS_MARKET"",""BRUNCH_SPOT"",""FARMERS_MARKET""]}]",experiments/round11_execution_20260924/track_b/market_kagsim/replays/m11_robust_response/metav4/seed_522609243_seat_1.json.gz,929878662570a1ccabd879ed4b1e4bcce1e40b12ef37e49598e9df8ec86a7ce3,0bea36c2040b5090be76f4b4bab54caafd424815c9d915d4b2ba40f21f28bbbd,9d63494603f88219857a3101d7dc19cc750ded04e5886732ee428580326967d9,0fe077cc65622d6f6828160d90b617595a4aa7ea188e4afc67bfee8e4d290c92,"{""players"":[{""sell_dead_units"":190,""refused_buy_product"":1,""refused_buy_seed"":0,""refused_buy_animal"":0,""refused_hire"":0,""refused_buy_land"":0,""hire_paid"":7557,""sell_zero_fill"":34,""buy_zero_fill"":1,""sell_revenue"":144652.0,""total_spend"":37006.0,""shed_discarded_units"":1,""sold_units"":1663,""feed_no_wheat"":0,""feed_no_animal"":0,""feed_redundant"":0,""water_dead"":10,""harvest_dead"":3,""plant_dead"":0,""animals_escaped"":0,""escape_capital"":0.0,""escape_yield_units"":0,""escape_first_day"":-1,""animal_unfed_days"":85,""plants_dry"":1,""dry_seed_cost"":100.0,""dry_yield_units"":0,""dry_first_day"":21,""plant_unwatered_days"":421,""decay_units"":18,""plants_decayed"":18,""silent_loss_coins"":100.0,""silent_loss_units"":19,""dead_actions"":41,""move_dead"":0,""locked_dead"":0,""pickup_dead"":0,""drop_dead"":0,""place_dead"":1,""build_dead"":0,""dig_dead"":4,""fertilize_dead"":2,""collect_dead"":8,""care_dead"":13,""tile_cap_units"":21,""fertilizer_forgone"":19,""care_unfed"":80,""animal_shed_days"":1,""idle_tile_days"":229,""weed_tile_days"":18,""hand_pass_turns"":505,""farmer_pass_turns"":66,""phantom_hand_actions"":0,""sell_floor_units"":57,""hire_premium"":7273,""shed_units_now"":0,""shed_value_now"":0.0,""animals_in_shed_now"":0,""seeds_unplanted_now"":1,""seeds_unplanted_cost_now"":10.0},{""sell_dead_units"":215,""refused_buy_product"":1,""refused_buy_seed"":0,""refused_buy_animal"":0,""refused_hire"":0,""refused_buy_land"":0,""hire_paid"":4397,""sell_zero_fill"":34,""buy_zero_fill"":1,""sell_revenue"":136004.0,""total_spend"":28715.0,""shed_discarded_units"":4,""sold_units"":1597,""feed_no_wheat"":0,""feed_no_animal"":0,""feed_redundant"":0,""water_dead"":10,""harvest_dead"":3,""plant_dead"":0,""animals_escaped"":0,""escape_capital"":0.0,""escape_yield_units"":0,""escape_first_day"":-1,""animal_unfed_days"":85,""plants_dry"":1,""dry_seed_cost"":100.0,""dry_yield_units"":0,""dry_first_day"":21,""plant_unwatered_days"":391,""decay_units"":18,""plants_decayed"":18,""silent_loss_coins"":100.0,""silent_loss_units"":22,""dead_actions"":40,""move_dead"":0,""locked_dead"":0,""pickup_dead"":0,""drop_dead"":0,""place_dead"":1,""build_dead"":0,""dig_dead"":4,""fertilize_dead"":1,""collect_dead"":8,""care_dead"":13,""tile_cap_units"":21,""fertilizer_forgone"":19,""care_unfed"":80,""animal_shed_days"":1,""idle_tile_days"":63,""weed_tile_days"":1,""hand_pass_turns"":406,""farmer_pass_turns"":67,""phantom_hand_actions"":0,""sell_floor_units"":56,""hire_premium"":4129,""shed_units_now"":0,""shed_value_now"":0.0,""animals_in_shed_now"":0,""seeds_unplanted_now"":1,""seeds_unplanted_cost_now"":10.0}]}","{""calls"":719,""eligible"":127,""changes"":0,""errors"":0,""evaluations"":176,""predicted_gain"":0.0,""mode"":""robust""}",
m11_robust_response,B1,metav4,metav4,522609244,0,85229.0,84961.0,268.0,W,kagsim,5.38096,0,0,0,0,0,0,0,0,29ae70298aff5372b49961180210c77419a07c48f2304c46e4887e3408b3f36c,"[{""step"":0,""shops"":[]},{""step"":72,""shops"":[""BAKERY""]},{""step"":144,""shops"":[""BAKERY"",""FARMERS_MARKET""]},{""step"":216,""shops"":[""BAKERY"",""FARMERS_MARKET"",""BRUNCH_SPOT""]},{""step"":288,""shops"":[""BAKERY"",""FARMERS_MARKET"",""BRUNCH_SPOT"",""YARN_STORE""]},{""step"":360,""shops"":[""BAKERY"",""FARMERS_MARKET"",""BRUNCH_SPOT"",""YARN_STORE"",""FARMERS_MARKET""]},{""step"":432,""shops"":[""BAKERY"",""FARMERS_MARKET"",""BRUNCH_SPOT"",""YARN_STORE"",""FARMERS_MARKET"",""BAKERY""]},{""step"":504,""shops"":[""BAKERY"",""FARMERS_MARKET"",""BRUNCH_SPOT"",""YARN_STORE"",""FARMERS_MARKET"",""BAKERY"",""BRUNCH_SPOT""]},{""step"":576,""shops"":[""BAKERY"",""FARMERS_MARKET"",""BRUNCH_SPOT"",""YARN_STORE"",""FARMERS_MARKET"",""BAKERY"",""BRUNCH_SPOT"",""ICE_CREAM_SHOP""]}]",experiments/round11_execution_20260924/track_b/market_kagsim/replays/m11_robust_response/metav4/seed_522609244_seat_0.json.gz,00212e49eed97d4124d4e248edec03e45b8a7d75378a86ab0fc3565870fafe28,0bea36c2040b5090be76f4b4bab54caafd424815c9d915d4b2ba40f21f28bbbd,9d63494603f88219857a3101d7dc19cc750ded04e5886732ee428580326967d9,0fe077cc65622d6f6828160d90b617595a4aa7ea188e4afc67bfee8e4d290c92,"{""players"":[{""sell_dead_units"":2280,""refused_buy_product"":5,""refused_buy_seed"":0,""refused_buy_animal"":0,""refused_hire"":0,""refused_buy_land"":0,""hire_paid"":4397,""sell_zero_fill"":47,""buy_zero_fill"":1,""sell_revenue"":127497.0,""total_spend"":45268.0,""shed_discarded_units"":11,""sold_units"":2011,""feed_no_wheat"":0,""feed_no_animal"":0,""feed_redundant"":0,""water_dead"":12,""harvest_dead"":4,""plant_dead"":0,""animals_escaped"":0,""escape_capital"":0.0,""escape_yield_units"":0,""escape_first_day"":-1,""animal_unfed_days"":78,""plants_dry"":2,""dry_seed_cost"":120.0,""dry_yield_units"":1,""dry_first_day"":21,""plant_unwatered_days"":387,""decay_units"":18,""plants_decayed"":18,""silent_loss_coins"":120.0,""silent_loss_units"":30,""dead_actions"":47,""move_dead"":0,""locked_dead"":0,""pickup_dead"":0,""drop_dead"":0,""place_dead"":1,""build_dead"":0,""dig_dead"":2,""fertilize_dead"":1,""collect_dead"":3,""care_dead"":24,""tile_cap_units"":19,""fertilizer_forgone"":22,""care_unfed"":74,""animal_shed_days"":1,""idle_tile_days"":64,""weed_tile_days"":2,""hand_pass_turns"":368,""farmer_pass_turns"":64,""phantom_hand_actions"":0,""sell_floor_units"":84,""hire_premium"":4129,""shed_units_now"":0,""shed_value_now"":0.0,""animals_in_shed_now"":0,""seeds_unplanted_now"":3,""seeds_unplanted_cost_now"":30.0},{""sell_dead_units"":283,""refused_buy_product"":5,""refused_buy_seed"":0,""refused_buy_animal"":0,""refused_hire"":0,""refused_buy_land"":0,""hire_paid"":4397,""sell_zero_fill"":45,""buy_zero_fill"":1,""sell_revenue"":127725.0,""total_spend"":45764.0,""shed_discarded_units"":8,""sold_units"":2022,""feed_no_wheat"":0,""feed_no_animal"":0,""feed_redundant"":0,""water_dead"":13,""harvest_dead"":5,""plant_dead"":0,""animals_escaped"":0,""escape_capital"":0.0,""escape_yield_units"":0,""escape_first_day"":-1,""animal_unfed_days"":78,""plants_dry"":2,""dry_seed_cost"":120.0,""dry_yield_units"":1,""dry_first_day"":21,""plant_unwatered_days"":386,""decay_units"":18,""plants_decayed"":18,""silent_loss_coins"":120.0,""silent_loss_units"":27,""dead_actions"":50,""move_dead"":0,""locked_dead"":0,""pickup_dead"":0,""drop_dead"":0,""place_dead"":1,""build_dead"":0,""dig_dead"":2,""fertilize_dead"":2,""collect_dead"":3,""care_dead"":24,""tile_cap_units"":21,""fertilizer_forgone"":22,""care_unfed"":74,""animal_shed_days"":1,""idle_tile_days"":67,""weed_tile_days"":3,""hand_pass_turns"":383,""farmer_pass_turns"":64,""phantom_hand_actions"":0,""sell_floor_units"":86,""hire_premium"":4129,""shed_units_now"":0,""shed_value_now"":0.0,""animals_in_shed_now"":0,""seeds_unplanted_now"":2,""seeds_unplanted_cost_now"":20.0}]}","{""calls"":719,""eligible"":122,""changes"":0,""errors"":0,""evaluations"":381,""predicted_gain"":0.0,""mode"":""robust""}",
m11_robust_response,B1,metav4,metav4,522609244,1,85149.0,85041.0,108.0,W,kagsim,5.413072,0,0,0,0,0,0,0,0,29ae70298aff5372b49961180210c77419a07c48f2304c46e4887e3408b3f36c,"[{""step"":0,""shops"":[]},{""step"":72,""shops"":[""BAKERY""]},{""step"":144,""shops"":[""BAKERY"",""FARMERS_MARKET""]},{""step"":216,""shops"":[""BAKERY"",""FARMERS_MARKET"",""BRUNCH_SPOT""]},{""step"":288,""shops"":[""BAKERY"",""FARMERS_MARKET"",""BRUNCH_SPOT"",""YARN_STORE""]},{""step"":360,""shops"":[""BAKERY"",""FARMERS_MARKET"",""BRUNCH_SPOT"",""YARN_STORE"",""FARMERS_MARKET""]},{""step"":432,""shops"":[""BAKERY"",""FARMERS_MARKET"",""BRUNCH_SPOT"",""YARN_STORE"",""FARMERS_MARKET"",""BAKERY""]},{""step"":504,""shops"":[""BAKERY"",""FARMERS_MARKET"",""BRUNCH_SPOT"",""YARN_STORE"",""FARMERS_MARKET"",""BAKERY"",""BRUNCH_SPOT""]},{""step"":576,""shops"":[""BAKERY"",""FARMERS_MARKET"",""BRUNCH_SPOT"",""YARN_STORE"",""FARMERS_MARKET"",""BAKERY"",""BRUNCH_SPOT"",""ICE_CREAM_SHOP""]}]",experiments/round11_execution_20260924/track_b/market_kagsim/replays/m11_robust_response/metav4/seed_522609244_seat_1.json.gz,ace7b80821e6659346ad4c2334b3be665b3f0ff62a4dda0398210c6c8fe19f7b,0bea36c2040b5090be76f4b4bab54caafd424815c9d915d4b2ba40f21f28bbbd,9d63494603f88219857a3101d7dc19cc750ded04e5886732ee428580326967d9,0fe077cc65622d6f6828160d90b617595a4aa7ea188e4afc67bfee8e4d290c92,"{""players"":[{""sell_dead_units"":283,""refused_buy_product"":5,""refused_buy_seed"":0,""refused_buy_animal"":0,""refused_hire"":0,""refused_buy_land"":0,""hire_paid"":4397,""sell_zero_fill"":45,""buy_zero_fill"":1,""sell_revenue"":127725.0,""total_spend"":45684.0,""shed_discarded_units"":8,""sold_units"":2022,""feed_no_wheat"":0,""feed_no_animal"":0,""feed_redundant"":0,""water_dead"":12,""harvest_dead"":4,""plant_dead"":0,""animals_escaped"":0,""escape_capital"":0.0,""escape_yield_units"":0,""escape_first_day"":-1,""animal_unfed_days"":78,""plants_dry"":2,""dry_seed_cost"":120.0,""dry_yield_units"":1,""dry_first_day"":21,""plant_unwatered_days"":387,""decay_units"":18,""plants_decayed"":18,""silent_loss_coins"":120.0,""silent_loss_units"":27,""dead_actions"":48,""move_dead"":0,""locked_dead"":0,""pickup_dead"":0,""drop_dead"":0,""place_dead"":1,""build_dead"":0,""dig_dead"":2,""fertilize_dead"":2,""collect_dead"":3,""care_dead"":24,""tile_cap_units"":21,""fertilizer_forgone"":22,""care_unfed"":74,""animal_shed_days"":1,""idle_tile_days"":65,""weed_tile_days"":2,""hand_pass_turns"":382,""farmer_pass_turns"":64,""phantom_hand_actions"":0,""sell_floor_units"":86,""hire_premium"":4129,""shed_units_now"":0,""shed_value_now"":0.0,""animals_in_shed_now"":0,""seeds_unplanted_now"":1,""seeds_unplanted_cost_now"":10.0},{""sell_dead_units"":2280,""refused_buy_product"":5,""refused_buy_seed"":0,""refused_buy_animal"":0,""refused_hire"":0,""refused_buy_land"":0,""hire_paid"":4397,""sell_zero_fill"":47,""buy_zero_fill"":1,""sell_revenue"":127497.0,""total_spend"":45348.0,""shed_discarded_units"":11,""sold_units"":2011,""feed_no_wheat"":0,""feed_no_animal"":0,""feed_redundant"":0,""water_dead"":13,""harvest_dead"":5,""plant_dead"":0,""animals_escaped"":0,""escape_capital"":0.0,""escape_yield_units"":0,""escape_first_day"":-1,""animal_unfed_days"":78,""plants_dry"":2,""dry_seed_cost"":120.0,""dry_yield_units"":1,""dry_first_day"":21,""plant_unwatered_days"":386,""decay_units"":18,""plants_decayed"":18,""silent_loss_coins"":120.0,""silent_loss_units"":30,""dead_actions"":49,""move_dead"":0,""locked_dead"":0,""pickup_dead"":0,""drop_dead"":0,""place_dead"":1,""build_dead"":0,""dig_dead"":2,""fertilize_dead"":1,""collect_dead"":3,""care_dead"":24,""tile_cap_units"":19,""fertilizer_forgone"":22,""care_unfed"":74,""animal_shed_days"":1,""idle_tile_days"":66,""weed_tile_days"":3,""hand_pass_turns"":369,""farmer_pass_turns"":64,""phantom_hand_actions"":0,""sell_floor_units"":84,""hire_premium"":4129,""shed_units_now"":0,""shed_value_now"":0.0,""animals_in_shed_now"":0,""seeds_unplanted_now"":4,""seeds_unplanted_cost_now"":40.0}]}","{""calls"":719,""eligible"":122,""changes"":0,""errors"":0,""evaluations"":381,""predicted_gain"":0.0,""mode"":""robust""}",
m11_robust_response,B1,order_book,order_book,522609241,0,113702.0,113692.0,10.0,W,kagsim,4.958364,0,0,0,0,0,0,0,0,3d5abadf277ffbf26faf5853b80f902eec0bdb2b3d07a15179f8411eccf494e5,"[{""step"":0,""shops"":[]},{""step"":72,""shops"":[""YARN_STORE""]},{""step"":144,""shops"":[""YARN_STORE"",""BRUNCH_SPOT""]},{""step"":216,""shops"":[""YARN_STORE"",""BRUNCH_SPOT"",""ICE_CREAM_SHOP""]},{""step"":288,""shops"":[""YARN_STORE"",""BRUNCH_SPOT"",""ICE_CREAM_SHOP"",""ICE_CREAM_SHOP""]},{""step"":360,""shops"":[""YARN_STORE"",""BRUNCH_SPOT"",""ICE_CREAM_SHOP"",""ICE_CREAM_SHOP"",""BRUNCH_SPOT""]},{""step"":432,""shops"":[""YARN_STORE"",""BRUNCH_SPOT"",""ICE_CREAM_SHOP"",""ICE_CREAM_SHOP"",""BRUNCH_SPOT"",""BRUNCH_SPOT""]},{""step"":504,""shops"":[""YARN_STORE"",""BRUNCH_SPOT"",""ICE_CREAM_SHOP"",""ICE_CREAM_SHOP"",""BRUNCH_SPOT"",""BRUNCH_SPOT"",""FARMERS_MARKET""]},{""step"":576,""shops"":[""YARN_STORE"",""BRUNCH_SPOT"",""ICE_CREAM_SHOP"",""ICE_CREAM_SHOP"",""BRUNCH_SPOT"",""BRUNCH_SPOT"",""FARMERS_MARKET"",""BRUNCH_SPOT""]}]",experiments/round11_execution_20260924/track_b/market_kagsim/replays/m11_robust_response/order_book/seed_522609241_seat_0.json.gz,e24e4628870e0ac261a7c3fa31137142d539ce1fb52b7267ff467a949fa8a39e,0bea36c2040b5090be76f4b4bab54caafd424815c9d915d4b2ba40f21f28bbbd,a16e0e9b40c489972630a0b9d04f30e9c1cab03159fa78676db74277d84d82ab,0fe077cc65622d6f6828160d90b617595a4aa7ea188e4afc67bfee8e4d290c92,"{""players"":[{""sell_dead_units"":187,""refused_buy_product"":1,""refused_buy_seed"":0,""refused_buy_animal"":0,""refused_hire"":0,""refused_buy_land"":0,""hire_paid"":5659,""sell_zero_fill"":18,""buy_zero_fill"":1,""sell_revenue"":140431.0,""total_spend"":29729.0,""shed_discarded_units"":32,""sold_units"":1549,""feed_no_wheat"":0,""feed_no_animal"":0,""feed_redundant"":0,""water_dead"":1,""harvest_dead"":4,""plant_dead"":0,""animals_escaped"":0,""escape_capital"":0.0,""escape_yield_units"":0,""escape_first_day"":-1,""animal_unfed_days"":62,""plants_dry"":1,""dry_seed_cost"":100.0,""dry_yield_units"":0,""dry_first_day"":21,""plant_unwatered_days"":385,""decay_units"":18,""plants_decayed"":18,""silent_loss_coins"":100.0,""silent_loss_units"":50,""dead_actions"":17,""move_dead"":0,""locked_dead"":0,""pickup_dead"":0,""drop_dead"":0,""place_dead"":1,""build_dead"":0,""dig_dead"":2,""fertilize_dead"":0,""collect_dead"":4,""care_dead"":5,""tile_cap_units"":9,""fertilizer_forgone"":14,""care_unfed"":58,""animal_shed_days"":0,""idle_tile_days"":62,""weed_tile_days"":1,""hand_pass_turns"":616,""farmer_pass_turns"":83,""phantom_hand_actions"":0,""sell_floor_units"":63,""hire_premium"":5377,""shed_units_now"":0,""shed_value_now"":0.0,""animals_in_shed_now"":0,""seeds_unplanted_now"":0,""seeds_unplanted_cost_now"":0.0},{""sell_dead_units"":187,""refused_buy_product"":1,""refused_buy_seed"":0,""refused_buy_animal"":0,""refused_hire"":0,""refused_buy_land"":0,""hire_paid"":5659,""sell_zero_fill"":18,""buy_zero_fill"":1,""sell_revenue"":140777.0,""total_spend"":30085.0,""shed_discarded_units"":32,""sold_units"":1559,""feed_no_wheat"":0,""feed_no_animal"":0,""feed_redundant"":0,""water_dead"":1,""harvest_dead"":6,""plant_dead"":0,""animals_escaped"":0,""escape_capital"":0.0,""escape_yield_units"":0,""escape_first_day"":-1,""animal_unfed_days"":62,""plants_dry"":1,""dry_seed_cost"":100.0,""dry_yield_units"":0,""dry_first_day"":21,""plant_unwatered_days"":385,""decay_units"":18,""plants_decayed"":18,""silent_loss_coins"":100.0,""silent_loss_units"":50,""dead_actions"":20,""move_dead"":0,""locked_dead"":0,""pickup_dead"":0,""drop_dead"":0,""place_dead"":2,""build_dead"":0,""dig_dead"":2,""fertilize_dead"":0,""collect_dead"":4,""care_dead"":5,""tile_cap_units"":9,""fertilizer_forgone"":14,""care_unfed"":58,""animal_shed_days"":0,""idle_tile_days"":62,""weed_tile_days"":1,""hand_pass_turns"":615,""farmer_pass_turns"":83,""phantom_hand_actions"":0,""sell_floor_units"":61,""hire_premium"":5377,""shed_units_now"":0,""shed_value_now"":0.0,""animals_in_shed_now"":0,""seeds_unplanted_now"":0,""seeds_unplanted_cost_now"":0.0}]}","{""calls"":719,""eligible"":87,""changes"":0,""errors"":0,""evaluations"":152,""predicted_gain"":0.0,""mode"":""robust""}",
m11_robust_response,B1,order_book,order_book,522609241,1,113702.0,113692.0,10.0,W,kagsim,4.858041,0,0,0,0,0,0,0,0,3d5abadf277ffbf26faf5853b80f902eec0bdb2b3d07a15179f8411eccf494e5,"[{""step"":0,""shops"":[]},{""step"":72,""shops"":[""YARN_STORE""]},{""step"":144,""shops"":[""YARN_STORE"",""BRUNCH_SPOT""]},{""step"":216,""shops"":[""YARN_STORE"",""BRUNCH_SPOT"",""ICE_CREAM_SHOP""]},{""step"":288,""shops"":[""YARN_STORE"",""BRUNCH_SPOT"",""ICE_CREAM_SHOP"",""ICE_CREAM_SHOP""]},{""step"":360,""shops"":[""YARN_STORE"",""BRUNCH_SPOT"",""ICE_CREAM_SHOP"",""ICE_CREAM_SHOP"",""BRUNCH_SPOT""]},{""step"":432,""shops"":[""YARN_STORE"",""BRUNCH_SPOT"",""ICE_CREAM_SHOP"",""ICE_CREAM_SHOP"",""BRUNCH_SPOT"",""BRUNCH_SPOT""]},{""step"":504,""shops"":[""YARN_STORE"",""BRUNCH_SPOT"",""ICE_CREAM_SHOP"",""ICE_CREAM_SHOP"",""BRUNCH_SPOT"",""BRUNCH_SPOT"",""FARMERS_MARKET""]},{""step"":576,""shops"":[""YARN_STORE"",""BRUNCH_SPOT"",""ICE_CREAM_SHOP"",""ICE_CREAM_SHOP"",""BRUNCH_SPOT"",""BRUNCH_SPOT"",""FARMERS_MARKET"",""BRUNCH_SPOT""]}]",experiments/round11_execution_20260924/track_b/market_kagsim/replays/m11_robust_response/order_book/seed_522609241_seat_1.json.gz,b193e92d806a7009dbd0c38fc89f5915efbeffba809b04d5e270f602314a294d,0bea36c2040b5090be76f4b4bab54caafd424815c9d915d4b2ba40f21f28bbbd,a16e0e9b40c489972630a0b9d04f30e9c1cab03159fa78676db74277d84d82ab,0fe077cc65622d6f6828160d90b617595a4aa7ea188e4afc67bfee8e4d290c92,"{""players"":[{""sell_dead_units"":187,""refused_buy_product"":1,""refused_buy_seed"":0,""refused_buy_animal"":0,""refused_hire"":0,""refused_buy_land"":0,""hire_paid"":5659,""sell_zero_fill"":18,""buy_zero_fill"":1,""sell_revenue"":140777.0,""total_spend"":30085.0,""shed_discarded_units"":32,""sold_units"":1559,""feed_no_wheat"":0,""feed_no_animal"":0,""feed_redundant"":0,""water_dead"":1,""harvest_dead"":6,""plant_dead"":0,""animals_escaped"":0,""escape_capital"":0.0,""escape_yield_units"":0,""escape_first_day"":-1,""animal_unfed_days"":62,""plants_dry"":1,""dry_seed_cost"":100.0,""dry_yield_units"":0,""dry_first_day"":21,""plant_unwatered_days"":385,""decay_units"":18,""plants_decayed"":18,""silent_loss_coins"":100.0,""silent_loss_units"":50,""dead_actions"":20,""move_dead"":0,""locked_dead"":0,""pickup_dead"":0,""drop_dead"":0,""place_dead"":2,""build_dead"":0,""dig_dead"":2,""fertilize_dead"":0,""collect_dead"":4,""care_dead"":5,""tile_cap_units"":9,""fertilizer_forgone"":14,""care_unfed"":58,""animal_shed_days"":0,""idle_tile_days"":62,""weed_tile_days"":1,""hand_pass_turns"":615,""farmer_pass_turns"":83,""phantom_hand_actions"":0,""sell_floor_units"":61,""hire_premium"":5377,""shed_units_now"":0,""shed_value_now"":0.0,""animals_in_shed_now"":0,""seeds_unplanted_now"":0,""seeds_unplanted_cost_now"":0.0},{""sell_dead_units"":187,""refused_buy_product"":1,""refused_buy_seed"":0,""refused_buy_animal"":0,""refused_hire"":0,""refused_buy_land"":0,""hire_paid"":5659,""sell_zero_fill"":18,""buy_zero_fill"":1,""sell_revenue"":140431.0,""total_spend"":29729.0,""shed_discarded_units"":32,""sold_units"":1549,""feed_no_wheat"":0,""feed_no_animal"":0,""feed_redundant"":0,""water_dead"":1,""harvest_dead"":4,""plant_dead"":0,""animals_escaped"":0,""escape_capital"":0.0,""escape_yield_units"":0,""escape_first_day"":-1,""animal_unfed_days"":62,""plants_dry"":1,""dry_seed_cost"":100.0,""dry_yield_units"":0,""dry_first_day"":21,""plant_unwatered_days"":385,""decay_units"":18,""plants_decayed"":18,""silent_loss_coins"":100.0,""silent_loss_units"":50,""dead_actions"":17,""move_dead"":0,""locked_dead"":0,""pickup_dead"":0,""drop_dead"":0,""place_dead"":1,""build_dead"":0,""dig_dead"":2,""fertilize_dead"":0,""collect_dead"":4,""care_dead"":5,""tile_cap_units"":9,""fertilizer_forgone"":14,""care_unfed"":58,""animal_shed_days"":0,""idle_tile_days"":62,""weed_tile_days"":1,""hand_pass_turns"":616,""farmer_pass_turns"":83,""phantom_hand_actions"":0,""sell_floor_units"":63,""hire_premium"":5377,""shed_units_now"":0,""shed_value_now"":0.0,""animals_in_shed_now"":0,""seeds_unplanted_now"":0,""seeds_unplanted_cost_now"":0.0}]}","{""calls"":719,""eligible"":87,""changes"":0,""errors"":0,""evaluations"":152,""predicted_gain"":0.0,""mode"":""robust""}",
m11_robust_response,B1,order_book,order_book,522609242,0,116834.0,116465.0,369.0,W,kagsim,5.099101,0,0,0,0,0,0,0,0,cd945f271e647a2f5fc263c386808ef34a28435ba33f723a6ccd7112be4b1a7c,"[{""step"":0,""shops"":[]},{""step"":72,""shops"":[""SMOOTHIE_SHOP""]},{""step"":144,""shops"":[""SMOOTHIE_SHOP"",""SMOOTHIE_SHOP""]},{""step"":216,""shops"":[""SMOOTHIE_SHOP"",""SMOOTHIE_SHOP"",""BRUNCH_SPOT""]},{""step"":288,""shops"":[""SMOOTHIE_SHOP"",""SMOOTHIE_SHOP"",""BRUNCH_SPOT"",""BAKERY""]},{""step"":360,""shops"":[""SMOOTHIE_SHOP"",""SMOOTHIE_SHOP"",""BRUNCH_SPOT"",""BAKERY"",""YARN_STORE""]},{""step"":432,""shops"":[""SMOOTHIE_SHOP"",""SMOOTHIE_SHOP"",""BRUNCH_SPOT"",""BAKERY"",""YARN_STORE"",""ICE_CREAM_SHOP""]},{""step"":504,""shops"":[""SMOOTHIE_SHOP"",""SMOOTHIE_SHOP"",""BRUNCH_SPOT"",""BAKERY"",""YARN_STORE"",""ICE_CREAM_SHOP"",""BAKERY""]},{""step"":576,""shops"":[""SMOOTHIE_SHOP"",""SMOOTHIE_SHOP"",""BRUNCH_SPOT"",""BAKERY"",""YARN_STORE"",""ICE_CREAM_SHOP"",""BAKERY"",""FARMERS_MARKET""]}]",experiments/round11_execution_20260924/track_b/market_kagsim/replays/m11_robust_response/order_book/seed_522609242_seat_0.json.gz,448d4f105a0f44c8f77d54c634842a9a531e8867167784f071f11b5bfa479e89,0bea36c2040b5090be76f4b4bab54caafd424815c9d915d4b2ba40f21f28bbbd,a16e0e9b40c489972630a0b9d04f30e9c1cab03159fa78676db74277d84d82ab,0fe077cc65622d6f6828160d90b617595a4aa7ea188e4afc67bfee8e4d290c92,"{""players"":[{""sell_dead_units"":219,""refused_buy_product"":1,""refused_buy_seed"":0,""refused_buy_animal"":0,""refused_hire"":0,""refused_buy_land"":0,""hire_paid"":4164,""sell_zero_fill"":40,""buy_zero_fill"":1,""sell_revenue"":141259.0,""total_spend"":27425.0,""shed_discarded_units"":4,""sold_units"":1595,""feed_no_wheat"":0,""feed_no_animal"":0,""feed_redundant"":0,""water_dead"":11,""harvest_dead"":4,""plant_dead"":0,""animals_escaped"":0,""escape_capital"":0.0,""escape_yield_units"":0,""escape_first_day"":-1,""animal_unfed_days"":42,""plants_dry"":1,""dry_seed_cost"":100.0,""dry_yield_units"":0,""dry_first_day"":21,""plant_unwatered_days"":392,""decay_units"":18,""plants_decayed"":18,""silent_loss_coins"":100.0,""silent_loss_units"":22,""dead_actions"":41,""move_dead"":0,""locked_dead"":0,""pickup_dead"":0,""drop_dead"":0,""place_dead"":1,""build_dead"":0,""dig_dead"":3,""fertilize_dead"":1,""collect_dead"":8,""care_dead"":13,""tile_cap_units"":19,""fertilizer_forgone"":19,""care_unfed"":37,""animal_shed_days"":1,""idle_tile_days"":63,""weed_tile_days"":1,""hand_pass_turns"":363,""farmer_pass_turns"":61,""phantom_hand_actions"":0,""sell_floor_units"":21,""hire_premium"":3898,""shed_units_now"":0,""shed_value_now"":0.0,""animals_in_shed_now"":0,""seeds_unplanted_now"":1,""seeds_unplanted_cost_now"":10.0},{""sell_dead_units"":205,""refused_buy_product"":1,""refused_buy_seed"":0,""refused_buy_animal"":0,""refused_hire"":0,""refused_buy_land"":0,""hire_paid"":4164,""sell_zero_fill"":38,""buy_zero_fill"":1,""sell_revenue"":141246.0,""total_spend"":27781.0,""shed_discarded_units"":3,""sold_units"":1604,""feed_no_wheat"":0,""feed_no_animal"":0,""feed_redundant"":0,""water_dead"":11,""harvest_dead"":4,""plant_dead"":0,""animals_escaped"":0,""escape_capital"":0.0,""escape_yield_units"":0,""escape_first_day"":-1,""animal_unfed_days"":42,""plants_dry"":1,""dry_seed_cost"":100.0,""dry_yield_units"":0,""dry_first_day"":21,""plant_unwatered_days"":392,""decay_units"":18,""plants_decayed"":18,""silent_loss_coins"":100.0,""silent_loss_units"":21,""dead_actions"":42,""move_dead"":0,""locked_dead"":0,""pickup_dead"":0,""drop_dead"":0,""place_dead"":1,""build_dead"":0,""dig_dead"":3,""fertilize_dead"":2,""collect_dead"":8,""care_dead"":13,""tile_cap_units"":20,""fertilizer_forgone"":19,""care_unfed"":37,""animal_shed_days"":1,""idle_tile_days"":63,""weed_tile_days"":1,""hand_pass_turns"":361,""farmer_pass_turns"":60,""phantom_hand_actions"":0,""sell_floor_units"":21,""hire_premium"":3898,""shed_units_now"":0,""shed_value_now"":0.0,""animals_in_shed_now"":0,""seeds_unplanted_now"":1,""seeds_unplanted_cost_now"":10.0}]}","{""calls"":719,""eligible"":125,""changes"":0,""errors"":0,""evaluations"":194,""predicted_gain"":0.0,""mode"":""robust""}",
m11_robust_response,B1,order_book,order_book,522609242,1,116834.0,116465.0,369.0,W,kagsim,5.465499,0,0,0,0,0,0,0,0,cd945f271e647a2f5fc263c386808ef34a28435ba33f723a6ccd7112be4b1a7c,"[{""step"":0,""shops"":[]},{""step"":72,""shops"":[""SMOOTHIE_SHOP""]},{""step"":144,""shops"":[""SMOOTHIE_SHOP"",""SMOOTHIE_SHOP""]},{""step"":216,""shops"":[""SMOOTHIE_SHOP"",""SMOOTHIE_SHOP"",""BRUNCH_SPOT""]},{""step"":288,""shops"":[""SMOOTHIE_SHOP"",""SMOOTHIE_SHOP"",""BRUNCH_SPOT"",""BAKERY""]},{""step"":360,""shops"":[""SMOOTHIE_SHOP"",""SMOOTHIE_SHOP"",""BRUNCH_SPOT"",""BAKERY"",""YARN_STORE""]},{""step"":432,""shops"":[""SMOOTHIE_SHOP"",""SMOOTHIE_SHOP"",""BRUNCH_SPOT"",""BAKERY"",""YARN_STORE"",""ICE_CREAM_SHOP""]},{""step"":504,""shops"":[""SMOOTHIE_SHOP"",""SMOOTHIE_SHOP"",""BRUNCH_SPOT"",""BAKERY"",""YARN_STORE"",""ICE_CREAM_SHOP"",""BAKERY""]},{""step"":576,""shops"":[""SMOOTHIE_SHOP"",""SMOOTHIE_SHOP"",""BRUNCH_SPOT"",""BAKERY"",""YARN_STORE"",""ICE_CREAM_SHOP"",""BAKERY"",""FARMERS_MARKET""]}]",experiments/round11_execution_20260924/track_b/market_kagsim/replays/m11_robust_response/order_book/seed_522609242_seat_1.json.gz,a664236916a15b7863e9113e0b8bb53e0aee9900f03451b2ee4cff45b5772968,0bea36c2040b5090be76f4b4bab54caafd424815c9d915d4b2ba40f21f28bbbd,a16e0e9b40c489972630a0b9d04f30e9c1cab03159fa78676db74277d84d82ab,0fe077cc65622d6f6828160d90b617595a4aa7ea188e4afc67bfee8e4d290c92,"{""players"":[{""sell_dead_units"":205,""refused_buy_product"":1,""refused_buy_seed"":0,""refused_buy_animal"":0,""refused_hire"":0,""refused_buy_land"":0,""hire_paid"":4164,""sell_zero_fill"":38,""buy_zero_fill"":1,""sell_revenue"":141246.0,""total_spend"":27781.0,""shed_discarded_units"":3,""sold_units"":1604,""feed_no_wheat"":0,""feed_no_animal"":0,""feed_redundant"":0,""water_dead"":11,""harvest_dead"":4,""plant_dead"":0,""animals_escaped"":0,""escape_capital"":0.0,""escape_yield_units"":0,""escape_first_day"":-1,""animal_unfed_days"":42,""plants_dry"":1,""dry_seed_cost"":100.0,""dry_yield_units"":0,""dry_first_day"":21,""plant_unwatered_days"":392,""decay_units"":18,""plants_decayed"":18,""silent_loss_coins"":100.0,""silent_loss_units"":21,""dead_actions"":42,""move_dead"":0,""locked_dead"":0,""pickup_dead"":0,""drop_dead"":0,""place_dead"":1,""build_dead"":0,""dig_dead"":3,""fertilize_dead"":2,""collect_dead"":8,""care_dead"":13,""tile_cap_units"":20,""fertilizer_forgone"":19,""care_unfed"":37,""animal_shed_days"":1,""idle_tile_days"":63,""weed_tile_days"":1,""hand_pass_turns"":361,""farmer_pass_turns"":60,""phantom_hand_actions"":0,""sell_floor_units"":21,""hire_premium"":3898,""shed_units_now"":0,""shed_value_now"":0.0,""animals_in_shed_now"":0,""seeds_unplanted_now"":1,""seeds_unplanted_cost_now"":10.0},{""sell_dead_units"":219,""refused_buy_product"":1,""refused_buy_seed"":0,""refused_buy_animal"":0,""refused_hire"":0,""refused_buy_land"":0,""hire_paid"":4164,""sell_zero_fill"":40,""buy_zero_fill"":1,""sell_revenue"":141259.0,""total_spend"":27425.0,""shed_discarded_units"":4,""sold_units"":1595,""feed_no_wheat"":0,""feed_no_animal"":0,""feed_redundant"":0,""water_dead"":11,""harvest_dead"":4,""plant_dead"":0,""animals_escaped"":0,""escape_capital"":0.0,""escape_yield_units"":0,""escape_first_day"":-1,""animal_unfed_days"":42,""plants_dry"":1,""dry_seed_cost"":100.0,""dry_yield_units"":0,""dry_first_day"":21,""plant_unwatered_days"":392,""decay_units"":18,""plants_decayed"":18,""silent_loss_coins"":100.0,""silent_loss_units"":22,""dead_actions"":41,""move_dead"":0,""locked_dead"":0,""pickup_dead"":0,""drop_dead"":0,""place_dead"":1,""build_dead"":0,""dig_dead"":3,""fertilize_dead"":1,""collect_dead"":8,""care_dead"":13,""tile_cap_units"":19,""fertilizer_forgone"":19,""care_unfed"":37,""animal_shed_days"":1,""idle_tile_days"":63,""weed_tile_days"":1,""hand_pass_turns"":363,""farmer_pass_turns"":61,""phantom_hand_actions"":0,""sell_floor_units"":21,""hire_premium"":3898,""shed_units_now"":0,""shed_value_now"":0.0,""animals_in_shed_now"":0,""seeds_unplanted_now"":1,""seeds_unplanted_cost_now"":10.0}]}","{""calls"":719,""eligible"":125,""changes"":0,""errors"":0,""evaluations"":194,""predicted_gain"":0.0,""mode"":""robust""}",
m11_robust_response,B1,order_book,order_book,522609243,0,110308.0,109842.0,466.0,W,kagsim,4.997919,0,0,0,0,0,0,0,0,1d04709202fcf76383345d9e691360d89980e8b74a1a6a0b3b3159e5c4342665,"[{""step"":0,""shops"":[]},{""step"":72,""shops"":[""BRUNCH_SPOT""]},{""step"":144,""shops"":[""BRUNCH_SPOT"",""ICE_CREAM_SHOP""]},{""step"":216,""shops"":[""BRUNCH_SPOT"",""ICE_CREAM_SHOP"",""FARMERS_MARKET""]},{""step"":288,""shops"":[""BRUNCH_SPOT"",""ICE_CREAM_SHOP"",""FARMERS_MARKET"",""ICE_CREAM_SHOP""]},{""step"":360,""shops"":[""BRUNCH_SPOT"",""ICE_CREAM_SHOP"",""FARMERS_MARKET"",""ICE_CREAM_SHOP"",""PIZZA_SHOP""]},{""step"":432,""shops"":[""BRUNCH_SPOT"",""ICE_CREAM_SHOP"",""FARMERS_MARKET"",""ICE_CREAM_SHOP"",""PIZZA_SHOP"",""FARMERS_MARKET""]},{""step"":504,""shops"":[""BRUNCH_SPOT"",""ICE_CREAM_SHOP"",""FARMERS_MARKET"",""ICE_CREAM_SHOP"",""PIZZA_SHOP"",""FARMERS_MARKET"",""BAKERY""]},{""step"":576,""shops"":[""BRUNCH_SPOT"",""ICE_CREAM_SHOP"",""FARMERS_MARKET"",""ICE_CREAM_SHOP"",""PIZZA_SHOP"",""FARMERS_MARKET"",""BAKERY"",""PIZZA_SHOP""]}]",experiments/round11_execution_20260924/track_b/market_kagsim/replays/m11_robust_response/order_book/seed_522609243_seat_0.json.gz,2dfe13abc2b4ecc0c203262c429fcc40e790f1debb1a46e13cc0a1c2a3843fcc,0bea36c2040b5090be76f4b4bab54caafd424815c9d915d4b2ba40f21f28bbbd,a16e0e9b40c489972630a0b9d04f30e9c1cab03159fa78676db74277d84d82ab,0fe077cc65622d6f6828160d90b617595a4aa7ea188e4afc67bfee8e4d290c92,"{""players"":[{""sell_dead_units"":215,""refused_buy_product"":1,""refused_buy_seed"":0,""refused_buy_animal"":0,""refused_hire"":0,""refused_buy_land"":0,""hire_paid"":4397,""sell_zero_fill"":34,""buy_zero_fill"":1,""sell_revenue"":136034.0,""total_spend"":28726.0,""shed_discarded_units"":3,""sold_units"":1604,""feed_no_wheat"":0,""feed_no_animal"":0,""feed_redundant"":0,""water_dead"":10,""harvest_dead"":3,""plant_dead"":0,""animals_escaped"":0,""escape_capital"":0.0,""escape_yield_units"":0,""escape_first_day"":-1,""animal_unfed_days"":76,""plants_dry"":1,""dry_seed_cost"":100.0,""dry_yield_units"":0,""dry_first_day"":21,""plant_unwatered_days"":391,""decay_units"":18,""plants_decayed"":18,""silent_loss_coins"":100.0,""silent_loss_units"":21,""dead_actions"":40,""move_dead"":0,""locked_dead"":0,""pickup_dead"":0,""drop_dead"":0,""place_dead"":1,""build_dead"":0,""dig_dead"":4,""fertilize_dead"":1,""collect_dead"":8,""care_dead"":13,""tile_cap_units"":21,""fertilizer_forgone"":19,""care_unfed"":72,""animal_shed_days"":1,""idle_tile_days"":63,""weed_tile_days"":1,""hand_pass_turns"":397,""farmer_pass_turns"":67,""phantom_hand_actions"":0,""sell_floor_units"":54,""hire_premium"":4129,""shed_units_now"":0,""shed_value_now"":0.0,""animals_in_shed_now"":0,""seeds_unplanted_now"":1,""seeds_unplanted_cost_now"":10.0},{""sell_dead_units"":214,""refused_buy_product"":1,""refused_buy_seed"":0,""refused_buy_animal"":0,""refused_hire"":0,""refused_buy_land"":0,""hire_paid"":4397,""sell_zero_fill"":34,""buy_zero_fill"":1,""sell_revenue"":135924.0,""total_spend"":29082.0,""shed_discarded_units"":2,""sold_units"":1612,""feed_no_wheat"":0,""feed_no_animal"":0,""feed_redundant"":0,""water_dead"":10,""harvest_dead"":3,""plant_dead"":0,""animals_escaped"":0,""escape_capital"":0.0,""escape_yield_units"":0,""escape_first_day"":-1,""animal_unfed_days"":76,""plants_dry"":1,""dry_seed_cost"":100.0,""dry_yield_units"":0,""dry_first_day"":21,""plant_unwatered_days"":391,""decay_units"":18,""plants_decayed"":18,""silent_loss_coins"":100.0,""silent_loss_units"":20,""dead_actions"":41,""move_dead"":0,""locked_dead"":0,""pickup_dead"":0,""drop_dead"":0,""place_dead"":1,""build_dead"":0,""dig_dead"":4,""fertilize_dead"":2,""collect_dead"":8,""care_dead"":13,""tile_cap_units"":22,""fertilizer_forgone"":19,""care_unfed"":72,""animal_shed_days"":1,""idle_tile_days"":63,""weed_tile_days"":1,""hand_pass_turns"":394,""farmer_pass_turns"":66,""phantom_hand_actions"":0,""sell_floor_units"":54,""hire_premium"":4129,""shed_units_now"":0,""shed_value_now"":0.0,""animals_in_shed_now"":0,""seeds_unplanted_now"":1,""seeds_unplanted_cost_now"":10.0}]}","{""calls"":719,""eligible"":128,""changes"":0,""errors"":0,""evaluations"":215,""predicted_gain"":0.0,""mode"":""robust""}",
m11_robust_response,B1,order_book,order_book,522609243,1,110308.0,109842.0,466.0,W,kagsim,5.026799,0,0,0,0,0,0,0,0,1d04709202fcf76383345d9e691360d89980e8b74a1a6a0b3b3159e5c4342665,"[{""step"":0,""shops"":[]},{""step"":72,""shops"":[""BRUNCH_SPOT""]},{""step"":144,""shops"":[""BRUNCH_SPOT"",""ICE_CREAM_SHOP""]},{""step"":216,""shops"":[""BRUNCH_SPOT"",""ICE_CREAM_SHOP"",""FARMERS_MARKET""]},{""step"":288,""shops"":[""BRUNCH_SPOT"",""ICE_CREAM_SHOP"",""FARMERS_MARKET"",""ICE_CREAM_SHOP""]},{""step"":360,""shops"":[""BRUNCH_SPOT"",""ICE_CREAM_SHOP"",""FARMERS_MARKET"",""ICE_CREAM_SHOP"",""PIZZA_SHOP""]},{""step"":432,""shops"":[""BRUNCH_SPOT"",""ICE_CREAM_SHOP"",""FARMERS_MARKET"",""ICE_CREAM_SHOP"",""PIZZA_SHOP"",""FARMERS_MARKET""]},{""step"":504,""shops"":[""BRUNCH_SPOT"",""ICE_CREAM_SHOP"",""FARMERS_MARKET"",""ICE_CREAM_SHOP"",""PIZZA_SHOP"",""FARMERS_MARKET"",""BAKERY""]},{""step"":576,""shops"":[""BRUNCH_SPOT"",""ICE_CREAM_SHOP"",""FARMERS_MARKET"",""ICE_CREAM_SHOP"",""PIZZA_SHOP"",""FARMERS_MARKET"",""BAKERY"",""PIZZA_SHOP""]}]",experiments/round11_execution_20260924/track_b/market_kagsim/replays/m11_robust_response/order_book/seed_522609243_seat_1.json.gz,00b9e964498fd5a3f4b5820dbb8fbc22fec503bc09ed524877cf2690b2210c30,0bea36c2040b5090be76f4b4bab54caafd424815c9d915d4b2ba40f21f28bbbd,a16e0e9b40c489972630a0b9d04f30e9c1cab03159fa78676db74277d84d82ab,0fe077cc65622d6f6828160d90b617595a4aa7ea188e4afc67bfee8e4d290c92,"{""players"":[{""sell_dead_units"":214,""refused_buy_product"":1,""refused_buy_seed"":0,""refused_buy_animal"":0,""refused_hire"":0,""refused_buy_land"":0,""hire_paid"":4397,""sell_zero_fill"":34,""buy_zero_fill"":1,""sell_revenue"":135924.0,""total_spend"":29082.0,""shed_discarded_units"":2,""sold_units"":1612,""feed_no_wheat"":0,""feed_no_animal"":0,""feed_redundant"":0,""water_dead"":10,""harvest_dead"":3,""plant_dead"":0,""animals_escaped"":0,""escape_capital"":0.0,""escape_yield_units"":0,""escape_first_day"":-1,""animal_unfed_days"":76,""plants_dry"":1,""dry_seed_cost"":100.0,""dry_yield_units"":0,""dry_first_day"":21,""plant_unwatered_days"":391,""decay_units"":18,""plants_decayed"":18,""silent_loss_coins"":100.0,""silent_loss_units"":20,""dead_actions"":41,""move_dead"":0,""locked_dead"":0,""pickup_dead"":0,""drop_dead"":0,""place_dead"":1,""build_dead"":0,""dig_dead"":4,""fertilize_dead"":2,""collect_dead"":8,""care_dead"":13,""tile_cap_units"":22,""fertilizer_forgone"":19,""care_unfed"":72,""animal_shed_days"":1,""idle_tile_days"":63,""weed_tile_days"":1,""hand_pass_turns"":394,""farmer_pass_turns"":66,""phantom_hand_actions"":0,""sell_floor_units"":54,""hire_premium"":4129,""shed_units_now"":0,""shed_value_now"":0.0,""animals_in_shed_now"":0,""seeds_unplanted_now"":1,""seeds_unplanted_cost_now"":10.0},{""sell_dead_units"":215,""refused_buy_product"":1,""refused_buy_seed"":0,""refused_buy_animal"":0,""refused_hire"":0,""refused_buy_land"":0,""hire_paid"":4397,""sell_zero_fill"":34,""buy_zero_fill"":1,""sell_revenue"":136034.0,""total_spend"":28726.0,""shed_discarded_units"":3,""sold_units"":1604,""feed_no_wheat"":0,""feed_no_animal"":0,""feed_redundant"":0,""water_dead"":10,""harvest_dead"":3,""plant_dead"":0,""animals_escaped"":0,""escape_capital"":0.0,""escape_yield_units"":0,""escape_first_day"":-1,""animal_unfed_days"":76,""plants_dry"":1,""dry_seed_cost"":100.0,""dry_yield_units"":0,""dry_first_day"":21,""plant_unwatered_days"":391,""decay_units"":18,""plants_decayed"":18,""silent_loss_coins"":100.0,""silent_loss_units"":21,""dead_actions"":40,""move_dead"":0,""locked_dead"":0,""pickup_dead"":0,""drop_dead"":0,""place_dead"":1,""build_dead"":0,""dig_dead"":4,""fertilize_dead"":1,""collect_dead"":8,""care_dead"":13,""tile_cap_units"":21,""fertilizer_forgone"":19,""care_unfed"":72,""animal_shed_days"":1,""idle_tile_days"":63,""weed_tile_days"":1,""hand_pass_turns"":397,""farmer_pass_turns"":67,""phantom_hand_actions"":0,""sell_floor_units"":54,""hire_premium"":4129,""shed_units_now"":0,""shed_value_now"":0.0,""animals_in_shed_now"":0,""seeds_unplanted_now"":1,""seeds_unplanted_cost_now"":10.0}]}","{""calls"":719,""eligible"":128,""changes"":0,""errors"":0,""evaluations"":215,""predicted_gain"":0.0,""mode"":""robust""}",
m11_robust_response,B1,order_book,order_book,522609244,0,85102.0,84888.0,214.0,W,kagsim,5.669746,0,0,0,0,0,0,0,0,29ae70298aff5372b49961180210c77419a07c48f2304c46e4887e3408b3f36c,"[{""step"":0,""shops"":[]},{""step"":72,""shops"":[""BAKERY""]},{""step"":144,""shops"":[""BAKERY"",""FARMERS_MARKET""]},{""step"":216,""shops"":[""BAKERY"",""FARMERS_MARKET"",""BRUNCH_SPOT""]},{""step"":288,""shops"":[""BAKERY"",""FARMERS_MARKET"",""BRUNCH_SPOT"",""YARN_STORE""]},{""step"":360,""shops"":[""BAKERY"",""FARMERS_MARKET"",""BRUNCH_SPOT"",""YARN_STORE"",""FARMERS_MARKET""]},{""step"":432,""shops"":[""BAKERY"",""FARMERS_MARKET"",""BRUNCH_SPOT"",""YARN_STORE"",""FARMERS_MARKET"",""BAKERY""]},{""step"":504,""shops"":[""BAKERY"",""FARMERS_MARKET"",""BRUNCH_SPOT"",""YARN_STORE"",""FARMERS_MARKET"",""BAKERY"",""BRUNCH_SPOT""]},{""step"":576,""shops"":[""BAKERY"",""FARMERS_MARKET"",""BRUNCH_SPOT"",""YARN_STORE"",""FARMERS_MARKET"",""BAKERY"",""BRUNCH_SPOT"",""ICE_CREAM_SHOP""]}]",experiments/round11_execution_20260924/track_b/market_kagsim/replays/m11_robust_response/order_book/seed_522609244_seat_0.json.gz,bd4dda11e219583a149249c9ff0555e6cc52a9c6ac7acc8d53a26cbbcaf655c7,0bea36c2040b5090be76f4b4bab54caafd424815c9d915d4b2ba40f21f28bbbd,a16e0e9b40c489972630a0b9d04f30e9c1cab03159fa78676db74277d84d82ab,0fe077cc65622d6f6828160d90b617595a4aa7ea188e4afc67bfee8e4d290c92,"{""players"":[{""sell_dead_units"":2280,""refused_buy_product"":5,""refused_buy_seed"":0,""refused_buy_animal"":0,""refused_hire"":0,""refused_buy_land"":0,""hire_paid"":4397,""sell_zero_fill"":47,""buy_zero_fill"":1,""sell_revenue"":127393.0,""total_spend"":45291.0,""shed_discarded_units"":11,""sold_units"":2011,""feed_no_wheat"":0,""feed_no_animal"":0,""feed_redundant"":0,""water_dead"":12,""harvest_dead"":4,""plant_dead"":0,""animals_escaped"":0,""escape_capital"":0.0,""escape_yield_units"":0,""escape_first_day"":-1,""animal_unfed_days"":78,""plants_dry"":2,""dry_seed_cost"":120.0,""dry_yield_units"":1,""dry_first_day"":21,""plant_unwatered_days"":387,""decay_units"":18,""plants_decayed"":18,""silent_loss_coins"":120.0,""silent_loss_units"":30,""dead_actions"":47,""move_dead"":0,""locked_dead"":0,""pickup_dead"":0,""drop_dead"":0,""place_dead"":1,""build_dead"":0,""dig_dead"":2,""fertilize_dead"":1,""collect_dead"":3,""care_dead"":24,""tile_cap_units"":19,""fertilizer_forgone"":22,""care_unfed"":74,""animal_shed_days"":1,""idle_tile_days"":64,""weed_tile_days"":2,""hand_pass_turns"":368,""farmer_pass_turns"":64,""phantom_hand_actions"":0,""sell_floor_units"":85,""hire_premium"":4129,""shed_units_now"":0,""shed_value_now"":0.0,""animals_in_shed_now"":0,""seeds_unplanted_now"":5,""seeds_unplanted_cost_now"":70.0},{""sell_dead_units"":1280,""refused_buy_product"":5,""refused_buy_seed"":0,""refused_buy_animal"":0,""refused_hire"":0,""refused_buy_land"":0,""hire_paid"":4397,""sell_zero_fill"":46,""buy_zero_fill"":1,""sell_revenue"":127735.0,""total_spend"":45847.0,""shed_discarded_units"":8,""sold_units"":2022,""feed_no_wheat"":0,""feed_no_animal"":0,""feed_redundant"":0,""water_dead"":13,""harvest_dead"":5,""plant_dead"":0,""animals_escaped"":0,""escape_capital"":0.0,""escape_yield_units"":0,""escape_first_day"":-1,""animal_unfed_days"":78,""plants_dry"":2,""dry_seed_cost"":120.0,""dry_yield_units"":1,""dry_first_day"":21,""plant_unwatered_days"":386,""decay_units"":18,""plants_decayed"":18,""silent_loss_coins"":120.0,""silent_loss_units"":27,""dead_actions"":50,""move_dead"":0,""locked_dead"":0,""pickup_dead"":0,""drop_dead"":0,""place_dead"":1,""build_dead"":0,""dig_dead"":2,""fertilize_dead"":2,""collect_dead"":3,""care_dead"":24,""tile_cap_units"":21,""fertilizer_forgone"":22,""care_unfed"":74,""animal_shed_days"":1,""idle_tile_days"":66,""weed_tile_days"":3,""hand_pass_turns"":366,""farmer_pass_turns"":64,""phantom_hand_actions"":0,""sell_floor_units"":85,""hire_premium"":4129,""shed_units_now"":0,""shed_value_now"":0.0,""animals_in_shed_now"":0,""seeds_unplanted_now"":12,""seeds_unplanted_cost_now"":200.0}]}","{""calls"":719,""eligible"":122,""changes"":0,""errors"":0,""evaluations"":363,""predicted_gain"":0.0,""mode"":""robust""}",
m11_robust_response,B1,order_book,order_book,522609244,1,85022.0,84968.0,54.0,W,kagsim,5.74761,0,0,0,0,0,0,0,0,29ae70298aff5372b49961180210c77419a07c48f2304c46e4887e3408b3f36c,"[{""step"":0,""shops"":[]},{""step"":72,""shops"":[""BAKERY""]},{""step"":144,""shops"":[""BAKERY"",""FARMERS_MARKET""]},{""step"":216,""shops"":[""BAKERY"",""FARMERS_MARKET"",""BRUNCH_SPOT""]},{""step"":288,""shops"":[""BAKERY"",""FARMERS_MARKET"",""BRUNCH_SPOT"",""YARN_STORE""]},{""step"":360,""shops"":[""BAKERY"",""FARMERS_MARKET"",""BRUNCH_SPOT"",""YARN_STORE"",""FARMERS_MARKET""]},{""step"":432,""shops"":[""BAKERY"",""FARMERS_MARKET"",""BRUNCH_SPOT"",""YARN_STORE"",""FARMERS_MARKET"",""BAKERY""]},{""step"":504,""shops"":[""BAKERY"",""FARMERS_MARKET"",""BRUNCH_SPOT"",""YARN_STORE"",""FARMERS_MARKET"",""BAKERY"",""BRUNCH_SPOT""]},{""step"":576,""shops"":[""BAKERY"",""FARMERS_MARKET"",""BRUNCH_SPOT"",""YARN_STORE"",""FARMERS_MARKET"",""BAKERY"",""BRUNCH_SPOT"",""ICE_CREAM_SHOP""]}]",experiments/round11_execution_20260924/track_b/market_kagsim/replays/m11_robust_response/order_book/seed_522609244_seat_1.json.gz,b821866c00bb3f213dafd632375969f75dcd58ee9ea388cffb0a25e786999b50,0bea36c2040b5090be76f4b4bab54caafd424815c9d915d4b2ba40f21f28bbbd,a16e0e9b40c489972630a0b9d04f30e9c1cab03159fa78676db74277d84d82ab,0fe077cc65622d6f6828160d90b617595a4aa7ea188e4afc67bfee8e4d290c92,"{""players"":[{""sell_dead_units"":1280,""refused_buy_product"":5,""refused_buy_seed"":0,""refused_buy_animal"":0,""refused_hire"":0,""refused_buy_land"":0,""hire_paid"":4397,""sell_zero_fill"":46,""buy_zero_fill"":1,""sell_revenue"":127735.0,""total_spend"":45767.0,""shed_discarded_units"":8,""sold_units"":2022,""feed_no_wheat"":0,""feed_no_animal"":0,""feed_redundant"":0,""water_dead"":12,""harvest_dead"":4,""plant_dead"":0,""animals_escaped"":0,""escape_capital"":0.0,""escape_yield_units"":0,""escape_first_day"":-1,""animal_unfed_days"":78,""plants_dry"":2,""dry_seed_cost"":120.0,""dry_yield_units"":1,""dry_first_day"":21,""plant_unwatered_days"":387,""decay_units"":18,""plants_decayed"":18,""silent_loss_coins"":120.0,""silent_loss_units"":27,""dead_actions"":48,""move_dead"":0,""locked_dead"":0,""pickup_dead"":0,""drop_dead"":0,""place_dead"":1,""build_dead"":0,""dig_dead"":2,""fertilize_dead"":2,""collect_dead"":3,""care_dead"":24,""tile_cap_units"":21,""fertilizer_forgone"":22,""care_unfed"":74,""animal_shed_days"":1,""idle_tile_days"":64,""weed_tile_days"":2,""hand_pass_turns"":365,""farmer_pass_turns"":64,""phantom_hand_actions"":0,""sell_floor_units"":85,""hire_premium"":4129,""shed_units_now"":0,""shed_value_now"":0.0,""animals_in_shed_now"":0,""seeds_unplanted_now"":11,""seeds_unplanted_cost_now"":190.0},{""sell_dead_units"":2280,""refused_buy_product"":5,""refused_buy_seed"":0,""refused_buy_animal"":0,""refused_hire"":0,""refused_buy_land"":0,""hire_paid"":4397,""sell_zero_fill"":47,""buy_zero_fill"":1,""sell_revenue"":127393.0,""total_spend"":45371.0,""shed_discarded_units"":11,""sold_units"":2011,""feed_no_wheat"":0,""feed_no_animal"":0,""feed_redundant"":0,""water_dead"":13,""harvest_dead"":5,""plant_dead"":0,""animals_escaped"":0,""escape_capital"":0.0,""escape_yield_units"":0,""escape_first_day"":-1,""animal_unfed_days"":78,""plants_dry"":2,""dry_seed_cost"":120.0,""dry_yield_units"":1,""dry_first_day"":21,""plant_unwatered_days"":386,""decay_units"":18,""plants_decayed"":18,""silent_loss_coins"":120.0,""silent_loss_units"":30,""dead_actions"":49,""move_dead"":0,""locked_dead"":0,""pickup_dead"":0,""drop_dead"":0,""place_dead"":1,""build_dead"":0,""dig_dead"":2,""fertilize_dead"":1,""collect_dead"":3,""care_dead"":24,""tile_cap_units"":19,""fertilizer_forgone"":22,""care_unfed"":74,""animal_shed_days"":1,""idle_tile_days"":66,""weed_tile_days"":3,""hand_pass_turns"":369,""farmer_pass_turns"":64,""phantom_hand_actions"":0,""sell_floor_units"":85,""hire_premium"":4129,""shed_units_now"":0,""shed_value_now"":0.0,""animals_in_shed_now"":0,""seeds_unplanted_now"":6,""seeds_unplanted_cost_now"":80.0}]}","{""calls"":719,""eligible"":122,""changes"":0,""errors"":0,""evaluations"":363,""predicted_gain"":0.0,""mode"":""robust""}",
m11_robust_response,B1,v57,public_router,522609241,0,113495.0,113543.0,-48.0,L,kagsim,4.402287,0,0,0,0,0,0,0,0,3d5abadf277ffbf26faf5853b80f902eec0bdb2b3d07a15179f8411eccf494e5,"[{""step"":0,""shops"":[]},{""step"":72,""shops"":[""YARN_STORE""]},{""step"":144,""shops"":[""YARN_STORE"",""BRUNCH_SPOT""]},{""step"":216,""shops"":[""YARN_STORE"",""BRUNCH_SPOT"",""ICE_CREAM_SHOP""]},{""step"":288,""shops"":[""YARN_STORE"",""BRUNCH_SPOT"",""ICE_CREAM_SHOP"",""ICE_CREAM_SHOP""]},{""step"":360,""shops"":[""YARN_STORE"",""BRUNCH_SPOT"",""ICE_CREAM_SHOP"",""ICE_CREAM_SHOP"",""BRUNCH_SPOT""]},{""step"":432,""shops"":[""YARN_STORE"",""BRUNCH_SPOT"",""ICE_CREAM_SHOP"",""ICE_CREAM_SHOP"",""BRUNCH_SPOT"",""BRUNCH_SPOT""]},{""step"":504,""shops"":[""YARN_STORE"",""BRUNCH_SPOT"",""ICE_CREAM_SHOP"",""ICE_CREAM_SHOP"",""BRUNCH_SPOT"",""BRUNCH_SPOT"",""FARMERS_MARKET""]},{""step"":576,""shops"":[""YARN_STORE"",""BRUNCH_SPOT"",""ICE_CREAM_SHOP"",""ICE_CREAM_SHOP"",""BRUNCH_SPOT"",""BRUNCH_SPOT"",""FARMERS_MARKET"",""BRUNCH_SPOT""]}]",experiments/round11_execution_20260924/track_b/market_kagsim/replays/m11_robust_response/v57/seed_522609241_seat_0.json.gz,f3450f90889434407356003178b07311573ffb5001d6158ad456b4c0a8136339,0bea36c2040b5090be76f4b4bab54caafd424815c9d915d4b2ba40f21f28bbbd,2ee689fdc58f38b7bf6b80b8d3f48129d19b47201dbee51fdcbd977498a5106f,0fe077cc65622d6f6828160d90b617595a4aa7ea188e4afc67bfee8e4d290c92,"{""players"":[{""sell_dead_units"":187,""refused_buy_product"":1,""refused_buy_seed"":0,""refused_buy_animal"":0,""refused_hire"":0,""refused_buy_land"":0,""hire_paid"":5659,""sell_zero_fill"":18,""buy_zero_fill"":1,""sell_revenue"":140223.0,""total_spend"":29728.0,""shed_discarded_units"":32,""sold_units"":1549,""feed_no_wheat"":0,""feed_no_animal"":0,""feed_redundant"":0,""water_dead"":1,""harvest_dead"":4,""plant_dead"":0,""animals_escaped"":0,""escape_capital"":0.0,""escape_yield_units"":0,""escape_first_day"":-1,""animal_unfed_days"":62,""plants_dry"":1,""dry_seed_cost"":100.0,""dry_yield_units"":0,""dry_first_day"":21,""plant_unwatered_days"":385,""decay_units"":18,""plants_decayed"":18,""silent_loss_coins"":100.0,""silent_loss_units"":50,""dead_actions"":17,""move_dead"":0,""locked_dead"":0,""pickup_dead"":0,""drop_dead"":0,""place_dead"":1,""build_dead"":0,""dig_dead"":2,""fertilize_dead"":0,""collect_dead"":4,""care_dead"":5,""tile_cap_units"":9,""fertilizer_forgone"":14,""care_unfed"":58,""animal_shed_days"":0,""idle_tile_days"":62,""weed_tile_days"":1,""hand_pass_turns"":616,""farmer_pass_turns"":83,""phantom_hand_actions"":0,""sell_floor_units"":63,""hire_premium"":5377,""shed_units_now"":0,""shed_value_now"":0.0,""animals_in_shed_now"":0,""seeds_unplanted_now"":0,""seeds_unplanted_cost_now"":0.0},{""sell_dead_units"":193,""refused_buy_product"":1,""refused_buy_seed"":0,""refused_buy_animal"":0,""refused_hire"":0,""refused_buy_land"":0,""hire_paid"":5659,""sell_zero_fill"":18,""buy_zero_fill"":1,""sell_revenue"":140623.0,""total_spend"":30080.0,""shed_discarded_units"":32,""sold_units"":1557,""feed_no_wheat"":0,""feed_no_animal"":0,""feed_redundant"":0,""water_dead"":1,""harvest_dead"":6,""plant_dead"":0,""animals_escaped"":0,""escape_capital"":0.0,""escape_yield_units"":0,""escape_first_day"":-1,""animal_unfed_days"":62,""plants_dry"":1,""dry_seed_cost"":100.0,""dry_yield_units"":0,""dry_first_day"":21,""plant_unwatered_days"":385,""decay_units"":18,""plants_decayed"":18,""silent_loss_coins"":100.0,""silent_loss_units"":50,""dead_actions"":20,""move_dead"":0,""locked_dead"":0,""pickup_dead"":0,""drop_dead"":0,""place_dead"":2,""build_dead"":0,""dig_dead"":2,""fertilize_dead"":0,""collect_dead"":4,""care_dead"":5,""tile_cap_units"":9,""fertilizer_forgone"":14,""care_unfed"":58,""animal_shed_days"":0,""idle_tile_days"":62,""weed_tile_days"":1,""hand_pass_turns"":615,""farmer_pass_turns"":83,""phantom_hand_actions"":0,""sell_floor_units"":58,""hire_premium"":5377,""shed_units_now"":0,""shed_value_now"":0.0,""animals_in_shed_now"":0,""seeds_unplanted_now"":0,""seeds_unplanted_cost_now"":0.0}]}","{""calls"":719,""eligible"":88,""changes"":0,""errors"":0,""evaluations"":149,""predicted_gain"":0.0,""mode"":""robust""}",
m11_robust_response,B1,v57,public_router,522609241,1,113495.0,113543.0,-48.0,L,kagsim,4.397609,0,0,0,0,0,0,0,0,3d5abadf277ffbf26faf5853b80f902eec0bdb2b3d07a15179f8411eccf494e5,"[{""step"":0,""shops"":[]},{""step"":72,""shops"":[""YARN_STORE""]},{""step"":144,""shops"":[""YARN_STORE"",""BRUNCH_SPOT""]},{""step"":216,""shops"":[""YARN_STORE"",""BRUNCH_SPOT"",""ICE_CREAM_SHOP""]},{""step"":288,""shops"":[""YARN_STORE"",""BRUNCH_SPOT"",""ICE_CREAM_SHOP"",""ICE_CREAM_SHOP""]},{""step"":360,""shops"":[""YARN_STORE"",""BRUNCH_SPOT"",""ICE_CREAM_SHOP"",""ICE_CREAM_SHOP"",""BRUNCH_SPOT""]},{""step"":432,""shops"":[""YARN_STORE"",""BRUNCH_SPOT"",""ICE_CREAM_SHOP"",""ICE_CREAM_SHOP"",""BRUNCH_SPOT"",""BRUNCH_SPOT""]},{""step"":504,""shops"":[""YARN_STORE"",""BRUNCH_SPOT"",""ICE_CREAM_SHOP"",""ICE_CREAM_SHOP"",""BRUNCH_SPOT"",""BRUNCH_SPOT"",""FARMERS_MARKET""]},{""step"":576,""shops"":[""YARN_STORE"",""BRUNCH_SPOT"",""ICE_CREAM_SHOP"",""ICE_CREAM_SHOP"",""BRUNCH_SPOT"",""BRUNCH_SPOT"",""FARMERS_MARKET"",""BRUNCH_SPOT""]}]",experiments/round11_execution_20260924/track_b/market_kagsim/replays/m11_robust_response/v57/seed_522609241_seat_1.json.gz,04cc5445c5aa8643b98d2ebd865db57e59c966f1217b54983c144718ae067dff,0bea36c2040b5090be76f4b4bab54caafd424815c9d915d4b2ba40f21f28bbbd,2ee689fdc58f38b7bf6b80b8d3f48129d19b47201dbee51fdcbd977498a5106f,0fe077cc65622d6f6828160d90b617595a4aa7ea188e4afc67bfee8e4d290c92,"{""players"":[{""sell_dead_units"":193,""refused_buy_product"":1,""refused_buy_seed"":0,""refused_buy_animal"":0,""refused_hire"":0,""refused_buy_land"":0,""hire_paid"":5659,""sell_zero_fill"":18,""buy_zero_fill"":1,""sell_revenue"":140623.0,""total_spend"":30080.0,""shed_discarded_units"":32,""sold_units"":1557,""feed_no_wheat"":0,""feed_no_animal"":0,""feed_redundant"":0,""water_dead"":1,""harvest_dead"":6,""plant_dead"":0,""animals_escaped"":0,""escape_capital"":0.0,""escape_yield_units"":0,""escape_first_day"":-1,""animal_unfed_days"":62,""plants_dry"":1,""dry_seed_cost"":100.0,""dry_yield_units"":0,""dry_first_day"":21,""plant_unwatered_days"":385,""decay_units"":18,""plants_decayed"":18,""silent_loss_coins"":100.0,""silent_loss_units"":50,""dead_actions"":20,""move_dead"":0,""locked_dead"":0,""pickup_dead"":0,""drop_dead"":0,""place_dead"":2,""build_dead"":0,""dig_dead"":2,""fertilize_dead"":0,""collect_dead"":4,""care_dead"":5,""tile_cap_units"":9,""fertilizer_forgone"":14,""care_unfed"":58,""animal_shed_days"":0,""idle_tile_days"":62,""weed_tile_days"":1,""hand_pass_turns"":615,""farmer_pass_turns"":83,""phantom_hand_actions"":0,""sell_floor_units"":58,""hire_premium"":5377,""shed_units_now"":0,""shed_value_now"":0.0,""animals_in_shed_now"":0,""seeds_unplanted_now"":0,""seeds_unplanted_cost_now"":0.0},{""sell_dead_units"":187,""refused_buy_product"":1,""refused_buy_seed"":0,""refused_buy_animal"":0,""refused_hire"":0,""refused_buy_land"":0,""hire_paid"":5659,""sell_zero_fill"":18,""buy_zero_fill"":1,""sell_revenue"":140223.0,""total_spend"":29728.0,""shed_discarded_units"":32,""sold_units"":1549,""feed_no_wheat"":0,""feed_no_animal"":0,""feed_redundant"":0,""water_dead"":1,""harvest_dead"":4,""plant_dead"":0,""animals_escaped"":0,""escape_capital"":0.0,""escape_yield_units"":0,""escape_first_day"":-1,""animal_unfed_days"":62,""plants_dry"":1,""dry_seed_cost"":100.0,""dry_yield_units"":0,""dry_first_day"":21,""plant_unwatered_days"":385,""decay_units"":18,""plants_decayed"":18,""silent_loss_coins"":100.0,""silent_loss_units"":50,""dead_actions"":17,""move_dead"":0,""locked_dead"":0,""pickup_dead"":0,""drop_dead"":0,""place_dead"":1,""build_dead"":0,""dig_dead"":2,""fertilize_dead"":0,""collect_dead"":4,""care_dead"":5,""tile_cap_units"":9,""fertilizer_forgone"":14,""care_unfed"":58,""animal_shed_days"":0,""idle_tile_days"":62,""weed_tile_days"":1,""hand_pass_turns"":616,""farmer_pass_turns"":83,""phantom_hand_actions"":0,""sell_floor_units"":63,""hire_premium"":5377,""shed_units_now"":0,""shed_value_now"":0.0,""animals_in_shed_now"":0,""seeds_unplanted_now"":0,""seeds_unplanted_cost_now"":0.0}]}","{""calls"":719,""eligible"":88,""changes"":0,""errors"":0,""evaluations"":149,""predicted_gain"":0.0,""mode"":""robust""}",
m11_robust_response,B1,v57,public_router,522609242,0,116936.0,116634.0,302.0,W,kagsim,5.06224,0,0,0,0,0,0,0,0,cd945f271e647a2f5fc263c386808ef34a28435ba33f723a6ccd7112be4b1a7c,"[{""step"":0,""shops"":[]},{""step"":72,""shops"":[""SMOOTHIE_SHOP""]},{""step"":144,""shops"":[""SMOOTHIE_SHOP"",""SMOOTHIE_SHOP""]},{""step"":216,""shops"":[""SMOOTHIE_SHOP"",""SMOOTHIE_SHOP"",""BRUNCH_SPOT""]},{""step"":288,""shops"":[""SMOOTHIE_SHOP"",""SMOOTHIE_SHOP"",""BRUNCH_SPOT"",""BAKERY""]},{""step"":360,""shops"":[""SMOOTHIE_SHOP"",""SMOOTHIE_SHOP"",""BRUNCH_SPOT"",""BAKERY"",""YARN_STORE""]},{""step"":432,""shops"":[""SMOOTHIE_SHOP"",""SMOOTHIE_SHOP"",""BRUNCH_SPOT"",""BAKERY"",""YARN_STORE"",""ICE_CREAM_SHOP""]},{""step"":504,""shops"":[""SMOOTHIE_SHOP"",""SMOOTHIE_SHOP"",""BRUNCH_SPOT"",""BAKERY"",""YARN_STORE"",""ICE_CREAM_SHOP"",""BAKERY""]},{""step"":576,""shops"":[""SMOOTHIE_SHOP"",""SMOOTHIE_SHOP"",""BRUNCH_SPOT"",""BAKERY"",""YARN_STORE"",""ICE_CREAM_SHOP"",""BAKERY"",""FARMERS_MARKET""]}]",experiments/round11_execution_20260924/track_b/market_kagsim/replays/m11_robust_response/v57/seed_522609242_seat_0.json.gz,c12f928d3b4b77cbbaa2ac743e812f6d92cf1fb1aff5ea52ad59998ffbfb13a1,0bea36c2040b5090be76f4b4bab54caafd424815c9d915d4b2ba40f21f28bbbd,2ee689fdc58f38b7bf6b80b8d3f48129d19b47201dbee51fdcbd977498a5106f,0fe077cc65622d6f6828160d90b617595a4aa7ea188e4afc67bfee8e4d290c92,"{""players"":[{""sell_dead_units"":219,""refused_buy_product"":1,""refused_buy_seed"":0,""refused_buy_animal"":0,""refused_hire"":0,""refused_buy_land"":0,""hire_paid"":4164,""sell_zero_fill"":40,""buy_zero_fill"":1,""sell_revenue"":141353.0,""total_spend"":27417.0,""shed_discarded_units"":4,""sold_units"":1595,""feed_no_wheat"":0,""feed_no_animal"":0,""feed_redundant"":0,""water_dead"":11,""harvest_dead"":4,""plant_dead"":0,""animals_escaped"":0,""escape_capital"":0.0,""escape_yield_units"":0,""escape_first_day"":-1,""animal_unfed_days"":42,""plants_dry"":1,""dry_seed_cost"":100.0,""dry_yield_units"":0,""dry_first_day"":21,""plant_unwatered_days"":392,""decay_units"":18,""plants_decayed"":18,""silent_loss_coins"":100.0,""silent_loss_units"":22,""dead_actions"":41,""move_dead"":0,""locked_dead"":0,""pickup_dead"":0,""drop_dead"":0,""place_dead"":1,""build_dead"":0,""dig_dead"":3,""fertilize_dead"":1,""collect_dead"":8,""care_dead"":13,""tile_cap_units"":19,""fertilizer_forgone"":19,""care_unfed"":37,""animal_shed_days"":1,""idle_tile_days"":63,""weed_tile_days"":1,""hand_pass_turns"":363,""farmer_pass_turns"":61,""phantom_hand_actions"":0,""sell_floor_units"":22,""hire_premium"":3898,""shed_units_now"":0,""shed_value_now"":0.0,""animals_in_shed_now"":0,""seeds_unplanted_now"":1,""seeds_unplanted_cost_now"":10.0},{""sell_dead_units"":221,""refused_buy_product"":1,""refused_buy_seed"":0,""refused_buy_animal"":0,""refused_hire"":0,""refused_buy_land"":0,""hire_paid"":4164,""sell_zero_fill"":40,""buy_zero_fill"":1,""sell_revenue"":141389.0,""total_spend"":27755.0,""shed_discarded_units"":4,""sold_units"":1605,""feed_no_wheat"":0,""feed_no_animal"":0,""feed_redundant"":0,""water_dead"":11,""harvest_dead"":4,""plant_dead"":0,""animals_escaped"":0,""escape_capital"":0.0,""escape_yield_units"":0,""escape_first_day"":-1,""animal_unfed_days"":42,""plants_dry"":1,""dry_seed_cost"":100.0,""dry_yield_units"":0,""dry_first_day"":21,""plant_unwatered_days"":392,""decay_units"":18,""plants_decayed"":18,""silent_loss_coins"":100.0,""silent_loss_units"":22,""dead_actions"":41,""move_dead"":0,""locked_dead"":0,""pickup_dead"":0,""drop_dead"":0,""place_dead"":1,""build_dead"":0,""dig_dead"":3,""fertilize_dead"":1,""collect_dead"":8,""care_dead"":13,""tile_cap_units"":19,""fertilizer_forgone"":19,""care_unfed"":37,""animal_shed_days"":1,""idle_tile_days"":63,""weed_tile_days"":1,""hand_pass_turns"":363,""farmer_pass_turns"":61,""phantom_hand_actions"":0,""sell_floor_units"":21,""hire_premium"":3898,""shed_units_now"":0,""shed_value_now"":0.0,""animals_in_shed_now"":0,""seeds_unplanted_now"":0,""seeds_unplanted_cost_now"":0.0}]}","{""calls"":719,""eligible"":124,""changes"":0,""errors"":0,""evaluations"":193,""predicted_gain"":0.0,""mode"":""robust""}",
m11_robust_response,B1,v57,public_router,522609242,1,116936.0,116634.0,302.0,W,kagsim,4.788361,0,0,0,0,0,0,0,0,cd945f271e647a2f5fc263c386808ef34a28435ba33f723a6ccd7112be4b1a7c,"[{""step"":0,""shops"":[]},{""step"":72,""shops"":[""SMOOTHIE_SHOP""]},{""step"":144,""shops"":[""SMOOTHIE_SHOP"",""SMOOTHIE_SHOP""]},{""step"":216,""shops"":[""SMOOTHIE_SHOP"",""SMOOTHIE_SHOP"",""BRUNCH_SPOT""]},{""step"":288,""shops"":[""SMOOTHIE_SHOP"",""SMOOTHIE_SHOP"",""BRUNCH_SPOT"",""BAKERY""]},{""step"":360,""shops"":[""SMOOTHIE_SHOP"",""SMOOTHIE_SHOP"",""BRUNCH_SPOT"",""BAKERY"",""YARN_STORE""]},{""step"":432,""shops"":[""SMOOTHIE_SHOP"",""SMOOTHIE_SHOP"",""BRUNCH_SPOT"",""BAKERY"",""YARN_STORE"",""ICE_CREAM_SHOP""]},{""step"":504,""shops"":[""SMOOTHIE_SHOP"",""SMOOTHIE_SHOP"",""BRUNCH_SPOT"",""BAKERY"",""YARN_STORE"",""ICE_CREAM_SHOP"",""BAKERY""]},{""step"":576,""shops"":[""SMOOTHIE_SHOP"",""SMOOTHIE_SHOP"",""BRUNCH_SPOT"",""BAKERY"",""YARN_STORE"",""ICE_CREAM_SHOP"",""BAKERY"",""FARMERS_MARKET""]}]",experiments/round11_execution_20260924/track_b/market_kagsim/replays/m11_robust_response/v57/seed_522609242_seat_1.json.gz,4070804b3da17b15e14c11b45a2e5f6ecbd39b169f662b11abc21f4d5cff9815,0bea36c2040b5090be76f4b4bab54caafd424815c9d915d4b2ba40f21f28bbbd,2ee689fdc58f38b7bf6b80b8d3f48129d19b47201dbee51fdcbd977498a5106f,0fe077cc65622d6f6828160d90b617595a4aa7ea188e4afc67bfee8e4d290c92,"{""players"":[{""sell_dead_units"":221,""refused_buy_product"":1,""refused_buy_seed"":0,""refused_buy_animal"":0,""refused_hire"":0,""refused_buy_land"":0,""hire_paid"":4164,""sell_zero_fill"":40,""buy_zero_fill"":1,""sell_revenue"":141389.0,""total_spend"":27755.0,""shed_discarded_units"":4,""sold_units"":1605,""feed_no_wheat"":0,""feed_no_animal"":0,""feed_redundant"":0,""water_dead"":11,""harvest_dead"":4,""plant_dead"":0,""animals_escaped"":0,""escape_capital"":0.0,""escape_yield_units"":0,""escape_first_day"":-1,""animal_unfed_days"":42,""plants_dry"":1,""dry_seed_cost"":100.0,""dry_yield_units"":0,""dry_first_day"":21,""plant_unwatered_days"":392,""decay_units"":18,""plants_decayed"":18,""silent_loss_coins"":100.0,""silent_loss_units"":22,""dead_actions"":41,""move_dead"":0,""locked_dead"":0,""pickup_dead"":0,""drop_dead"":0,""place_dead"":1,""build_dead"":0,""dig_dead"":3,""fertilize_dead"":1,""collect_dead"":8,""care_dead"":13,""tile_cap_units"":19,""fertilizer_forgone"":19,""care_unfed"":37,""animal_shed_days"":1,""idle_tile_days"":63,""weed_tile_days"":1,""hand_pass_turns"":363,""farmer_pass_turns"":61,""phantom_hand_actions"":0,""sell_floor_units"":21,""hire_premium"":3898,""shed_units_now"":0,""shed_value_now"":0.0,""animals_in_shed_now"":0,""seeds_unplanted_now"":0,""seeds_unplanted_cost_now"":0.0},{""sell_dead_units"":219,""refused_buy_product"":1,""refused_buy_seed"":0,""refused_buy_animal"":0,""refused_hire"":0,""refused_buy_land"":0,""hire_paid"":4164,""sell_zero_fill"":40,""buy_zero_fill"":1,""sell_revenue"":141353.0,""total_spend"":27417.0,""shed_discarded_units"":4,""sold_units"":1595,""feed_no_wheat"":0,""feed_no_animal"":0,""feed_redundant"":0,""water_dead"":11,""harvest_dead"":4,""plant_dead"":0,""animals_escaped"":0,""escape_capital"":0.0,""escape_yield_units"":0,""escape_first_day"":-1,""animal_unfed_days"":42,""plants_dry"":1,""dry_seed_cost"":100.0,""dry_yield_units"":0,""dry_first_day"":21,""plant_unwatered_days"":392,""decay_units"":18,""plants_decayed"":18,""silent_loss_coins"":100.0,""silent_loss_units"":22,""dead_actions"":41,""move_dead"":0,""locked_dead"":0,""pickup_dead"":0,""drop_dead"":0,""place_dead"":1,""build_dead"":0,""dig_dead"":3,""fertilize_dead"":1,""collect_dead"":8,""care_dead"":13,""tile_cap_units"":19,""fertilizer_forgone"":19,""care_unfed"":37,""animal_shed_days"":1,""idle_tile_days"":63,""weed_tile_days"":1,""hand_pass_turns"":363,""farmer_pass_turns"":61,""phantom_hand_actions"":0,""sell_floor_units"":22,""hire_premium"":3898,""shed_units_now"":0,""shed_value_now"":0.0,""animals_in_shed_now"":0,""seeds_unplanted_now"":1,""seeds_unplanted_cost_now"":10.0}]}","{""calls"":719,""eligible"":124,""changes"":0,""errors"":0,""evaluations"":193,""predicted_gain"":0.0,""mode"":""robust""}",
m11_robust_response,B1,v57,public_router,522609243,0,110206.0,111137.0,-931.0,L,kagsim,5.01442,0,0,0,0,0,0,0,0,499deac3e55076604cbfd1119bcc7d2b0dc4084111ee7286f71d9cd238ef4c7b,"[{""step"":0,""shops"":[]},{""step"":72,""shops"":[""BRUNCH_SPOT""]},{""step"":144,""shops"":[""BRUNCH_SPOT"",""ICE_CREAM_SHOP""]},{""step"":216,""shops"":[""BRUNCH_SPOT"",""ICE_CREAM_SHOP"",""FARMERS_MARKET""]},{""step"":288,""shops"":[""BRUNCH_SPOT"",""ICE_CREAM_SHOP"",""FARMERS_MARKET"",""ICE_CREAM_SHOP""]},{""step"":360,""shops"":[""BRUNCH_SPOT"",""ICE_CREAM_SHOP"",""FARMERS_MARKET"",""ICE_CREAM_SHOP"",""PIZZA_SHOP""]},{""step"":432,""shops"":[""BRUNCH_SPOT"",""ICE_CREAM_SHOP"",""FARMERS_MARKET"",""ICE_CREAM_SHOP"",""PIZZA_SHOP"",""FARMERS_MARKET""]},{""step"":504,""shops"":[""BRUNCH_SPOT"",""ICE_CREAM_SHOP"",""FARMERS_MARKET"",""ICE_CREAM_SHOP"",""PIZZA_SHOP"",""FARMERS_MARKET"",""BRUNCH_SPOT""]},{""step"":576,""shops"":[""BRUNCH_SPOT"",""ICE_CREAM_SHOP"",""FARMERS_MARKET"",""ICE_CREAM_SHOP"",""PIZZA_SHOP"",""FARMERS_MARKET"",""BRUNCH_SPOT"",""FARMERS_MARKET""]}]",experiments/round11_execution_20260924/track_b/market_kagsim/replays/m11_robust_response/v57/seed_522609243_seat_0.json.gz,f431d26cb97c0ca6b11fcd5ced83cc5dc03783e499fd0ac36beb065d65f33798,0bea36c2040b5090be76f4b4bab54caafd424815c9d915d4b2ba40f21f28bbbd,2ee689fdc58f38b7bf6b80b8d3f48129d19b47201dbee51fdcbd977498a5106f,0fe077cc65622d6f6828160d90b617595a4aa7ea188e4afc67bfee8e4d290c92,"{""players"":[{""sell_dead_units"":199,""refused_buy_product"":1,""refused_buy_seed"":0,""refused_buy_animal"":0,""refused_hire"":0,""refused_buy_land"":0,""hire_paid"":4397,""sell_zero_fill"":34,""buy_zero_fill"":1,""sell_revenue"":135907.0,""total_spend"":28701.0,""shed_discarded_units"":4,""sold_units"":1597,""feed_no_wheat"":0,""feed_no_animal"":0,""feed_redundant"":0,""water_dead"":10,""harvest_dead"":3,""plant_dead"":0,""animals_escaped"":0,""escape_capital"":0.0,""escape_yield_units"":0,""escape_first_day"":-1,""animal_unfed_days"":85,""plants_dry"":1,""dry_seed_cost"":100.0,""dry_yield_units"":0,""dry_first_day"":21,""plant_unwatered_days"":391,""decay_units"":18,""plants_decayed"":18,""silent_loss_coins"":100.0,""silent_loss_units"":22,""dead_actions"":40,""move_dead"":0,""locked_dead"":0,""pickup_dead"":0,""drop_dead"":0,""place_dead"":1,""build_dead"":0,""dig_dead"":4,""fertilize_dead"":1,""collect_dead"":8,""care_dead"":13,""tile_cap_units"":21,""fertilizer_forgone"":19,""care_unfed"":80,""animal_shed_days"":1,""idle_tile_days"":63,""weed_tile_days"":1,""hand_pass_turns"":406,""farmer_pass_turns"":67,""phantom_hand_actions"":0,""sell_floor_units"":56,""hire_premium"":4129,""shed_units_now"":0,""shed_value_now"":0.0,""animals_in_shed_now"":0,""seeds_unplanted_now"":1,""seeds_unplanted_cost_now"":10.0},{""sell_dead_units"":200,""refused_buy_product"":1,""refused_buy_seed"":0,""refused_buy_animal"":0,""refused_hire"":0,""refused_buy_land"":0,""hire_paid"":7557,""sell_zero_fill"":34,""buy_zero_fill"":1,""sell_revenue"":144986.0,""total_spend"":36849.0,""shed_discarded_units"":2,""sold_units"":1664,""feed_no_wheat"":0,""feed_no_animal"":0,""feed_redundant"":0,""water_dead"":10,""harvest_dead"":3,""plant_dead"":0,""animals_escaped"":0,""escape_capital"":0.0,""escape_yield_units"":0,""escape_first_day"":-1,""animal_unfed_days"":85,""plants_dry"":1,""dry_seed_cost"":100.0,""dry_yield_units"":0,""dry_first_day"":21,""plant_unwatered_days"":421,""decay_units"":18,""plants_decayed"":18,""silent_loss_coins"":100.0,""silent_loss_units"":20,""dead_actions"":40,""move_dead"":0,""locked_dead"":0,""pickup_dead"":0,""drop_dead"":0,""place_dead"":1,""build_dead"":0,""dig_dead"":4,""fertilize_dead"":1,""collect_dead"":8,""care_dead"":13,""tile_cap_units"":20,""fertilizer_forgone"":19,""care_unfed"":80,""animal_shed_days"":1,""idle_tile_days"":228,""weed_tile_days"":18,""hand_pass_turns"":490,""farmer_pass_turns"":67,""phantom_hand_actions"":0,""sell_floor_units"":57,""hire_premium"":7273,""shed_units_now"":0,""shed_value_now"":0.0,""animals_in_shed_now"":0,""seeds_unplanted_now"":0,""seeds_unplanted_cost_now"":0.0}]}","{""calls"":719,""eligible"":127,""changes"":0,""errors"":0,""evaluations"":176,""predicted_gain"":0.0,""mode"":""robust""}",
m11_robust_response,B1,v57,public_router,522609243,1,110206.0,111137.0,-931.0,L,kagsim,4.923026,0,0,0,0,0,0,0,0,499deac3e55076604cbfd1119bcc7d2b0dc4084111ee7286f71d9cd238ef4c7b,"[{""step"":0,""shops"":[]},{""step"":72,""shops"":[""BRUNCH_SPOT""]},{""step"":144,""shops"":[""BRUNCH_SPOT"",""ICE_CREAM_SHOP""]},{""step"":216,""shops"":[""BRUNCH_SPOT"",""ICE_CREAM_SHOP"",""FARMERS_MARKET""]},{""step"":288,""shops"":[""BRUNCH_SPOT"",""ICE_CREAM_SHOP"",""FARMERS_MARKET"",""ICE_CREAM_SHOP""]},{""step"":360,""shops"":[""BRUNCH_SPOT"",""ICE_CREAM_SHOP"",""FARMERS_MARKET"",""ICE_CREAM_SHOP"",""PIZZA_SHOP""]},{""step"":432,""shops"":[""BRUNCH_SPOT"",""ICE_CREAM_SHOP"",""FARMERS_MARKET"",""ICE_CREAM_SHOP"",""PIZZA_SHOP"",""FARMERS_MARKET""]},{""step"":504,""shops"":[""BRUNCH_SPOT"",""ICE_CREAM_SHOP"",""FARMERS_MARKET"",""ICE_CREAM_SHOP"",""PIZZA_SHOP"",""FARMERS_MARKET"",""BRUNCH_SPOT""]},{""step"":576,""shops"":[""BRUNCH_SPOT"",""ICE_CREAM_SHOP"",""FARMERS_MARKET"",""ICE_CREAM_SHOP"",""PIZZA_SHOP"",""FARMERS_MARKET"",""BRUNCH_SPOT"",""FARMERS_MARKET""]}]",experiments/round11_execution_20260924/track_b/market_kagsim/replays/m11_robust_response/v57/seed_522609243_seat_1.json.gz,6538f2719e4598a3e6ede42117809b04f584a323e7c4eab35e1ccef784ed3db3,0bea36c2040b5090be76f4b4bab54caafd424815c9d915d4b2ba40f21f28bbbd,2ee689fdc58f38b7bf6b80b8d3f48129d19b47201dbee51fdcbd977498a5106f,0fe077cc65622d6f6828160d90b617595a4aa7ea188e4afc67bfee8e4d290c92,"{""players"":[{""sell_dead_units"":200,""refused_buy_product"":1,""refused_buy_seed"":0,""refused_buy_animal"":0,""refused_hire"":0,""refused_buy_land"":0,""hire_paid"":7557,""sell_zero_fill"":34,""buy_zero_fill"":1,""sell_revenue"":144986.0,""total_spend"":36849.0,""shed_discarded_units"":2,""sold_units"":1664,""feed_no_wheat"":0,""feed_no_animal"":0,""feed_redundant"":0,""water_dead"":10,""harvest_dead"":3,""plant_dead"":0,""animals_escaped"":0,""escape_capital"":0.0,""escape_yield_units"":0,""escape_first_day"":-1,""animal_unfed_days"":85,""plants_dry"":1,""dry_seed_cost"":100.0,""dry_yield_units"":0,""dry_first_day"":21,""plant_unwatered_days"":421,""decay_units"":18,""plants_decayed"":18,""silent_loss_coins"":100.0,""silent_loss_units"":20,""dead_actions"":40,""move_dead"":0,""locked_dead"":0,""pickup_dead"":0,""drop_dead"":0,""place_dead"":1,""build_dead"":0,""dig_dead"":4,""fertilize_dead"":1,""collect_dead"":8,""care_dead"":13,""tile_cap_units"":20,""fertilizer_forgone"":19,""care_unfed"":80,""animal_shed_days"":1,""idle_tile_days"":228,""weed_tile_days"":18,""hand_pass_turns"":490,""farmer_pass_turns"":67,""phantom_hand_actions"":0,""sell_floor_units"":57,""hire_premium"":7273,""shed_units_now"":0,""shed_value_now"":0.0,""animals_in_shed_now"":0,""seeds_unplanted_now"":0,""seeds_unplanted_cost_now"":0.0},{""sell_dead_units"":199,""refused_buy_product"":1,""refused_buy_seed"":0,""refused_buy_animal"":0,""refused_hire"":0,""refused_buy_land"":0,""hire_paid"":4397,""sell_zero_fill"":34,""buy_zero_fill"":1,""sell_revenue"":135907.0,""total_spend"":28701.0,""shed_discarded_units"":4,""sold_units"":1597,""feed_no_wheat"":0,""feed_no_animal"":0,""feed_redundant"":0,""water_dead"":10,""harvest_dead"":3,""plant_dead"":0,""animals_escaped"":0,""escape_capital"":0.0,""escape_yield_units"":0,""escape_first_day"":-1,""animal_unfed_days"":85,""plants_dry"":1,""dry_seed_cost"":100.0,""dry_yield_units"":0,""dry_first_day"":21,""plant_unwatered_days"":391,""decay_units"":18,""plants_decayed"":18,""silent_loss_coins"":100.0,""silent_loss_units"":22,""dead_actions"":40,""move_dead"":0,""locked_dead"":0,""pickup_dead"":0,""drop_dead"":0,""place_dead"":1,""build_dead"":0,""dig_dead"":4,""fertilize_dead"":1,""collect_dead"":8,""care_dead"":13,""tile_cap_units"":21,""fertilizer_forgone"":19,""care_unfed"":80,""animal_shed_days"":1,""idle_tile_days"":63,""weed_tile_days"":1,""hand_pass_turns"":406,""farmer_pass_turns"":67,""phantom_hand_actions"":0,""sell_floor_units"":56,""hire_premium"":4129,""shed_units_now"":0,""shed_value_now"":0.0,""animals_in_shed_now"":0,""seeds_unplanted_now"":1,""seeds_unplanted_cost_now"":10.0}]}","{""calls"":719,""eligible"":127,""changes"":0,""errors"":0,""evaluations"":176,""predicted_gain"":0.0,""mode"":""robust""}",
m11_robust_response,B1,v57,public_router,522609244,0,85134.0,85017.0,117.0,W,kagsim,5.616822,0,0,0,0,0,0,0,0,29ae70298aff5372b49961180210c77419a07c48f2304c46e4887e3408b3f36c,"[{""step"":0,""shops"":[]},{""step"":72,""shops"":[""BAKERY""]},{""step"":144,""shops"":[""BAKERY"",""FARMERS_MARKET""]},{""step"":216,""shops"":[""BAKERY"",""FARMERS_MARKET"",""BRUNCH_SPOT""]},{""step"":288,""shops"":[""BAKERY"",""FARMERS_MARKET"",""BRUNCH_SPOT"",""YARN_STORE""]},{""step"":360,""shops"":[""BAKERY"",""FARMERS_MARKET"",""BRUNCH_SPOT"",""YARN_STORE"",""FARMERS_MARKET""]},{""step"":432,""shops"":[""BAKERY"",""FARMERS_MARKET"",""BRUNCH_SPOT"",""YARN_STORE"",""FARMERS_MARKET"",""BAKERY""]},{""step"":504,""shops"":[""BAKERY"",""FARMERS_MARKET"",""BRUNCH_SPOT"",""YARN_STORE"",""FARMERS_MARKET"",""BAKERY"",""BRUNCH_SPOT""]},{""step"":576,""shops"":[""BAKERY"",""FARMERS_MARKET"",""BRUNCH_SPOT"",""YARN_STORE"",""FARMERS_MARKET"",""BAKERY"",""BRUNCH_SPOT"",""ICE_CREAM_SHOP""]}]",experiments/round11_execution_20260924/track_b/market_kagsim/replays/m11_robust_response/v57/seed_522609244_seat_0.json.gz,db7b333f1d30ae55b99fc1c8d76bcb97cdd60584aca6f3e2ceb3f335c225c62b,0bea36c2040b5090be76f4b4bab54caafd424815c9d915d4b2ba40f21f28bbbd,2ee689fdc58f38b7bf6b80b8d3f48129d19b47201dbee51fdcbd977498a5106f,0fe077cc65622d6f6828160d90b617595a4aa7ea188e4afc67bfee8e4d290c92,"{""players"":[{""sell_dead_units"":2280,""refused_buy_product"":5,""refused_buy_seed"":0,""refused_buy_animal"":0,""refused_hire"":0,""refused_buy_land"":0,""hire_paid"":4397,""sell_zero_fill"":47,""buy_zero_fill"":1,""sell_revenue"":127374.0,""total_spend"":45240.0,""shed_discarded_units"":11,""sold_units"":2011,""feed_no_wheat"":0,""feed_no_animal"":0,""feed_redundant"":0,""water_dead"":12,""harvest_dead"":4,""plant_dead"":0,""animals_escaped"":0,""escape_capital"":0.0,""escape_yield_units"":0,""escape_first_day"":-1,""animal_unfed_days"":78,""plants_dry"":2,""dry_seed_cost"":120.0,""dry_yield_units"":1,""dry_first_day"":21,""plant_unwatered_days"":387,""decay_units"":18,""plants_decayed"":18,""silent_loss_coins"":120.0,""silent_loss_units"":30,""dead_actions"":47,""move_dead"":0,""locked_dead"":0,""pickup_dead"":0,""drop_dead"":0,""place_dead"":1,""build_dead"":0,""dig_dead"":2,""fertilize_dead"":1,""collect_dead"":3,""care_dead"":24,""tile_cap_units"":19,""fertilizer_forgone"":22,""care_unfed"":74,""animal_shed_days"":1,""idle_tile_days"":64,""weed_tile_days"":2,""hand_pass_turns"":368,""farmer_pass_turns"":64,""phantom_hand_actions"":0,""sell_floor_units"":85,""hire_premium"":4129,""shed_units_now"":0,""shed_value_now"":0.0,""animals_in_shed_now"":0,""seeds_unplanted_now"":3,""seeds_unplanted_cost_now"":30.0},{""sell_dead_units"":285,""refused_buy_product"":5,""refused_buy_seed"":0,""refused_buy_animal"":0,""refused_hire"":0,""refused_buy_land"":0,""hire_paid"":4397,""sell_zero_fill"":45,""buy_zero_fill"":1,""sell_revenue"":127605.0,""total_spend"":45588.0,""shed_discarded_units"":11,""sold_units"":2021,""feed_no_wheat"":0,""feed_no_animal"":0,""feed_redundant"":0,""water_dead"":13,""harvest_dead"":5,""plant_dead"":0,""animals_escaped"":0,""escape_capital"":0.0,""escape_yield_units"":0,""escape_first_day"":-1,""animal_unfed_days"":78,""plants_dry"":2,""dry_seed_cost"":120.0,""dry_yield_units"":1,""dry_first_day"":21,""plant_unwatered_days"":386,""decay_units"":18,""plants_decayed"":18,""silent_loss_coins"":120.0,""silent_loss_units"":30,""dead_actions"":49,""move_dead"":0,""locked_dead"":0,""pickup_dead"":0,""drop_dead"":0,""place_dead"":1,""build_dead"":0,""dig_dead"":2,""fertilize_dead"":1,""collect_dead"":3,""care_dead"":24,""tile_cap_units"":19,""fertilizer_forgone"":22,""care_unfed"":74,""animal_shed_days"":1,""idle_tile_days"":66,""weed_tile_days"":3,""hand_pass_turns"":369,""farmer_pass_turns"":64,""phantom_hand_actions"":0,""sell_floor_units"":85,""hire_premium"":4129,""shed_units_now"":0,""shed_value_now"":0.0,""animals_in_shed_now"":0,""seeds_unplanted_now"":0,""seeds_unplanted_cost_now"":0.0}]}","{""calls"":719,""eligible"":122,""changes"":0,""errors"":0,""evaluations"":381,""predicted_gain"":0.0,""mode"":""robust""}",
m11_robust_response,B1,v57,public_router,522609244,1,85054.0,85087.0,-33.0,L,kagsim,5.481211,0,0,0,0,0,0,0,0,29ae70298aff5372b49961180210c77419a07c48f2304c46e4887e3408b3f36c,"[{""step"":0,""shops"":[]},{""step"":72,""shops"":[""BAKERY""]},{""step"":144,""shops"":[""BAKERY"",""FARMERS_MARKET""]},{""step"":216,""shops"":[""BAKERY"",""FARMERS_MARKET"",""BRUNCH_SPOT""]},{""step"":288,""shops"":[""BAKERY"",""FARMERS_MARKET"",""BRUNCH_SPOT"",""YARN_STORE""]},{""step"":360,""shops"":[""BAKERY"",""FARMERS_MARKET"",""BRUNCH_SPOT"",""YARN_STORE"",""FARMERS_MARKET""]},{""step"":432,""shops"":[""BAKERY"",""FARMERS_MARKET"",""BRUNCH_SPOT"",""YARN_STORE"",""FARMERS_MARKET"",""BAKERY""]},{""step"":504,""shops"":[""BAKERY"",""FARMERS_MARKET"",""BRUNCH_SPOT"",""YARN_STORE"",""FARMERS_MARKET"",""BAKERY"",""BRUNCH_SPOT""]},{""step"":576,""shops"":[""BAKERY"",""FARMERS_MARKET"",""BRUNCH_SPOT"",""YARN_STORE"",""FARMERS_MARKET"",""BAKERY"",""BRUNCH_SPOT"",""ICE_CREAM_SHOP""]}]",experiments/round11_execution_20260924/track_b/market_kagsim/replays/m11_robust_response/v57/seed_522609244_seat_1.json.gz,98d63c6d2edfe5ce82ed921bfba88848d628771c25d398e93c782bea1f37253d,0bea36c2040b5090be76f4b4bab54caafd424815c9d915d4b2ba40f21f28bbbd,2ee689fdc58f38b7bf6b80b8d3f48129d19b47201dbee51fdcbd977498a5106f,0fe077cc65622d6f6828160d90b617595a4aa7ea188e4afc67bfee8e4d290c92,"{""players"":[{""sell_dead_units"":285,""refused_buy_product"":5,""refused_buy_seed"":0,""refused_buy_animal"":0,""refused_hire"":0,""refused_buy_land"":0,""hire_paid"":4397,""sell_zero_fill"":45,""buy_zero_fill"":1,""sell_revenue"":127605.0,""total_spend"":45518.0,""shed_discarded_units"":11,""sold_units"":2021,""feed_no_wheat"":0,""feed_no_animal"":0,""feed_redundant"":0,""water_dead"":12,""harvest_dead"":4,""plant_dead"":0,""animals_escaped"":0,""escape_capital"":0.0,""escape_yield_units"":0,""escape_first_day"":-1,""animal_unfed_days"":78,""plants_dry"":2,""dry_seed_cost"":120.0,""dry_yield_units"":1,""dry_first_day"":21,""plant_unwatered_days"":387,""decay_units"":18,""plants_decayed"":18,""silent_loss_coins"":120.0,""silent_loss_units"":30,""dead_actions"":47,""move_dead"":0,""locked_dead"":0,""pickup_dead"":0,""drop_dead"":0,""place_dead"":1,""build_dead"":0,""dig_dead"":2,""fertilize_dead"":1,""collect_dead"":3,""care_dead"":24,""tile_cap_units"":19,""fertilizer_forgone"":22,""care_unfed"":74,""animal_shed_days"":1,""idle_tile_days"":64,""weed_tile_days"":2,""hand_pass_turns"":368,""farmer_pass_turns"":64,""phantom_hand_actions"":0,""sell_floor_units"":85,""hire_premium"":4129,""shed_units_now"":0,""shed_value_now"":0.0,""animals_in_shed_now"":0,""seeds_unplanted_now"":0,""seeds_unplanted_cost_now"":0.0},{""sell_dead_units"":2280,""refused_buy_product"":5,""refused_buy_seed"":0,""refused_buy_animal"":0,""refused_hire"":0,""refused_buy_land"":0,""hire_paid"":4397,""sell_zero_fill"":47,""buy_zero_fill"":1,""sell_revenue"":127374.0,""total_spend"":45320.0,""shed_discarded_units"":11,""sold_units"":2011,""feed_no_wheat"":0,""feed_no_animal"":0,""feed_redundant"":0,""water_dead"":13,""harvest_dead"":5,""plant_dead"":0,""animals_escaped"":0,""escape_capital"":0.0,""escape_yield_units"":0,""escape_first_day"":-1,""animal_unfed_days"":78,""plants_dry"":2,""dry_seed_cost"":120.0,""dry_yield_units"":1,""dry_first_day"":21,""plant_unwatered_days"":386,""decay_units"":18,""plants_decayed"":18,""silent_loss_coins"":120.0,""silent_loss_units"":30,""dead_actions"":49,""move_dead"":0,""locked_dead"":0,""pickup_dead"":0,""drop_dead"":0,""place_dead"":1,""build_dead"":0,""dig_dead"":2,""fertilize_dead"":1,""collect_dead"":3,""care_dead"":24,""tile_cap_units"":19,""fertilizer_forgone"":22,""care_unfed"":74,""animal_shed_days"":1,""idle_tile_days"":66,""weed_tile_days"":3,""hand_pass_turns"":369,""farmer_pass_turns"":64,""phantom_hand_actions"":0,""sell_floor_units"":85,""hire_premium"":4129,""shed_units_now"":0,""shed_value_now"":0.0,""animals_in_shed_now"":0,""seeds_unplanted_now"":4,""seeds_unplanted_cost_now"":40.0}]}","{""calls"":719,""eligible"":122,""changes"":0,""errors"":0,""evaluations"":381,""predicted_gain"":0.0,""mode"":""robust""}",
m20_m11_final,B1,B1,herd_safe,522609241,0,113631.0,113229.0,402.0,W,kagsim,4.906246,0,0,0,0,0,0,0,0,3d5abadf277ffbf26faf5853b80f902eec0bdb2b3d07a15179f8411eccf494e5,"[{""step"":0,""shops"":[]},{""step"":72,""shops"":[""YARN_STORE""]},{""step"":144,""shops"":[""YARN_STORE"",""BRUNCH_SPOT""]},{""step"":216,""shops"":[""YARN_STORE"",""BRUNCH_SPOT"",""ICE_CREAM_SHOP""]},{""step"":288,""shops"":[""YARN_STORE"",""BRUNCH_SPOT"",""ICE_CREAM_SHOP"",""ICE_CREAM_SHOP""]},{""step"":360,""shops"":[""YARN_STORE"",""BRUNCH_SPOT"",""ICE_CREAM_SHOP"",""ICE_CREAM_SHOP"",""BRUNCH_SPOT""]},{""step"":432,""shops"":[""YARN_STORE"",""BRUNCH_SPOT"",""ICE_CREAM_SHOP"",""ICE_CREAM_SHOP"",""BRUNCH_SPOT"",""BRUNCH_SPOT""]},{""step"":504,""shops"":[""YARN_STORE"",""BRUNCH_SPOT"",""ICE_CREAM_SHOP"",""ICE_CREAM_SHOP"",""BRUNCH_SPOT"",""BRUNCH_SPOT"",""FARMERS_MARKET""]},{""step"":576,""shops"":[""YARN_STORE"",""BRUNCH_SPOT"",""ICE_CREAM_SHOP"",""ICE_CREAM_SHOP"",""BRUNCH_SPOT"",""BRUNCH_SPOT"",""FARMERS_MARKET"",""BRUNCH_SPOT""]}]",experiments/round11_execution_20260924/track_b/market_kagsim/replays/m20_m11_final/B1/seed_522609241_seat_0.json.gz,2381f5011b100919ce4cec2ff9b3ca5910835a3013f89082cb6d759a8c4eb56f,dd704f0a9fa9d3fa3a8eee171892ee3859d4ed3195b2168b5a88682f51558d4d,b6553c296c556aff5b5e2d12b75618e505fa4d852afb5338414ac6d6e039cb02,0fe077cc65622d6f6828160d90b617595a4aa7ea188e4afc67bfee8e4d290c92,"{""players"":[{""sell_dead_units"":194,""refused_buy_product"":1,""refused_buy_seed"":0,""refused_buy_animal"":0,""refused_hire"":0,""refused_buy_land"":0,""hire_paid"":5659,""sell_zero_fill"":18,""buy_zero_fill"":1,""sell_revenue"":140360.0,""total_spend"":29729.0,""shed_discarded_units"":32,""sold_units"":1549,""feed_no_wheat"":0,""feed_no_animal"":0,""feed_redundant"":0,""water_dead"":1,""harvest_dead"":4,""plant_dead"":0,""animals_escaped"":0,""escape_capital"":0.0,""escape_yield_units"":0,""escape_first_day"":-1,""animal_unfed_days"":62,""plants_dry"":1,""dry_seed_cost"":100.0,""dry_yield_units"":0,""dry_first_day"":21,""plant_unwatered_days"":385,""decay_units"":18,""plants_decayed"":18,""silent_loss_coins"":100.0,""silent_loss_units"":50,""dead_actions"":17,""move_dead"":0,""locked_dead"":0,""pickup_dead"":0,""drop_dead"":0,""place_dead"":1,""build_dead"":0,""dig_dead"":2,""fertilize_dead"":0,""collect_dead"":4,""care_dead"":5,""tile_cap_units"":9,""fertilizer_forgone"":14,""care_unfed"":58,""animal_shed_days"":0,""idle_tile_days"":62,""weed_tile_days"":1,""hand_pass_turns"":616,""farmer_pass_turns"":83,""phantom_hand_actions"":0,""sell_floor_units"":60,""hire_premium"":5377,""shed_units_now"":0,""shed_value_now"":0.0,""animals_in_shed_now"":0,""seeds_unplanted_now"":0,""seeds_unplanted_cost_now"":0.0},{""sell_dead_units"":187,""refused_buy_product"":1,""refused_buy_seed"":0,""refused_buy_animal"":0,""refused_hire"":0,""refused_buy_land"":0,""hire_paid"":5659,""sell_zero_fill"":18,""buy_zero_fill"":1,""sell_revenue"":139958.0,""total_spend"":29729.0,""shed_discarded_units"":32,""sold_units"":1549,""feed_no_wheat"":0,""feed_no_animal"":0,""feed_redundant"":0,""water_dead"":1,""harvest_dead"":4,""plant_dead"":0,""animals_escaped"":0,""escape_capital"":0.0,""escape_yield_units"":0,""escape_first_day"":-1,""animal_unfed_days"":62,""plants_dry"":1,""dry_seed_cost"":100.0,""dry_yield_units"":0,""dry_first_day"":21,""plant_unwatered_days"":385,""decay_units"":18,""plants_decayed"":18,""silent_loss_coins"":100.0,""silent_loss_units"":50,""dead_actions"":17,""move_dead"":0,""locked_dead"":0,""pickup_dead"":0,""drop_dead"":0,""place_dead"":1,""build_dead"":0,""dig_dead"":2,""fertilize_dead"":0,""collect_dead"":4,""care_dead"":5,""tile_cap_units"":9,""fertilizer_forgone"":14,""care_unfed"":58,""animal_shed_days"":0,""idle_tile_days"":62,""weed_tile_days"":1,""hand_pass_turns"":616,""farmer_pass_turns"":83,""phantom_hand_actions"":0,""sell_floor_units"":63,""hire_premium"":5377,""shed_units_now"":0,""shed_value_now"":0.0,""animals_in_shed_now"":0,""seeds_unplanted_now"":0,""seeds_unplanted_cost_now"":0.0}]}","{""calls"":719,""eligible"":86,""changes"":1,""errors"":0,""evaluations"":152,""predicted_gain"":15.0,""mode"":""final""}",
m20_m11_final,B1,B1,herd_safe,522609241,1,113631.0,113229.0,402.0,W,kagsim,4.928715,0,0,0,0,0,0,0,0,3d5abadf277ffbf26faf5853b80f902eec0bdb2b3d07a15179f8411eccf494e5,"[{""step"":0,""shops"":[]},{""step"":72,""shops"":[""YARN_STORE""]},{""step"":144,""shops"":[""YARN_STORE"",""BRUNCH_SPOT""]},{""step"":216,""shops"":[""YARN_STORE"",""BRUNCH_SPOT"",""ICE_CREAM_SHOP""]},{""step"":288,""shops"":[""YARN_STORE"",""BRUNCH_SPOT"",""ICE_CREAM_SHOP"",""ICE_CREAM_SHOP""]},{""step"":360,""shops"":[""YARN_STORE"",""BRUNCH_SPOT"",""ICE_CREAM_SHOP"",""ICE_CREAM_SHOP"",""BRUNCH_SPOT""]},{""step"":432,""shops"":[""YARN_STORE"",""BRUNCH_SPOT"",""ICE_CREAM_SHOP"",""ICE_CREAM_SHOP"",""BRUNCH_SPOT"",""BRUNCH_SPOT""]},{""step"":504,""shops"":[""YARN_STORE"",""BRUNCH_SPOT"",""ICE_CREAM_SHOP"",""ICE_CREAM_SHOP"",""BRUNCH_SPOT"",""BRUNCH_SPOT"",""FARMERS_MARKET""]},{""step"":576,""shops"":[""YARN_STORE"",""BRUNCH_SPOT"",""ICE_CREAM_SHOP"",""ICE_CREAM_SHOP"",""BRUNCH_SPOT"",""BRUNCH_SPOT"",""FARMERS_MARKET"",""BRUNCH_SPOT""]}]",experiments/round11_execution_20260924/track_b/market_kagsim/replays/m20_m11_final/B1/seed_522609241_seat_1.json.gz,e244ed6412013af9d3b019212bde03a0aa4e5286c388fe2ecdaf04016c3c738e,dd704f0a9fa9d3fa3a8eee171892ee3859d4ed3195b2168b5a88682f51558d4d,b6553c296c556aff5b5e2d12b75618e505fa4d852afb5338414ac6d6e039cb02,0fe077cc65622d6f6828160d90b617595a4aa7ea188e4afc67bfee8e4d290c92,"{""players"":[{""sell_dead_units"":187,""refused_buy_product"":1,""refused_buy_seed"":0,""refused_buy_animal"":0,""refused_hire"":0,""refused_buy_land"":0,""hire_paid"":5659,""sell_zero_fill"":18,""buy_zero_fill"":1,""sell_revenue"":139958.0,""total_spend"":29729.0,""shed_discarded_units"":32,""sold_units"":1549,""feed_no_wheat"":0,""feed_no_animal"":0,""feed_redundant"":0,""water_dead"":1,""harvest_dead"":4,""plant_dead"":0,""animals_escaped"":0,""escape_capital"":0.0,""escape_yield_units"":0,""escape_first_day"":-1,""animal_unfed_days"":62,""plants_dry"":1,""dry_seed_cost"":100.0,""dry_yield_units"":0,""dry_first_day"":21,""plant_unwatered_days"":385,""decay_units"":18,""plants_decayed"":18,""silent_loss_coins"":100.0,""silent_loss_units"":50,""dead_actions"":17,""move_dead"":0,""locked_dead"":0,""pickup_dead"":0,""drop_dead"":0,""place_dead"":1,""build_dead"":0,""dig_dead"":2,""fertilize_dead"":0,""collect_dead"":4,""care_dead"":5,""tile_cap_units"":9,""fertilizer_forgone"":14,""care_unfed"":58,""animal_shed_days"":0,""idle_tile_days"":62,""weed_tile_days"":1,""hand_pass_turns"":616,""farmer_pass_turns"":83,""phantom_hand_actions"":0,""sell_floor_units"":63,""hire_premium"":5377,""shed_units_now"":0,""shed_value_now"":0.0,""animals_in_shed_now"":0,""seeds_unplanted_now"":0,""seeds_unplanted_cost_now"":0.0},{""sell_dead_units"":194,""refused_buy_product"":1,""refused_buy_seed"":0,""refused_buy_animal"":0,""refused_hire"":0,""refused_buy_land"":0,""hire_paid"":5659,""sell_zero_fill"":18,""buy_zero_fill"":1,""sell_revenue"":140360.0,""total_spend"":29729.0,""shed_discarded_units"":32,""sold_units"":1549,""feed_no_wheat"":0,""feed_no_animal"":0,""feed_redundant"":0,""water_dead"":1,""harvest_dead"":4,""plant_dead"":0,""animals_escaped"":0,""escape_capital"":0.0,""escape_yield_units"":0,""escape_first_day"":-1,""animal_unfed_days"":62,""plants_dry"":1,""dry_seed_cost"":100.0,""dry_yield_units"":0,""dry_first_day"":21,""plant_unwatered_days"":385,""decay_units"":18,""plants_decayed"":18,""silent_loss_coins"":100.0,""silent_loss_units"":50,""dead_actions"":17,""move_dead"":0,""locked_dead"":0,""pickup_dead"":0,""drop_dead"":0,""place_dead"":1,""build_dead"":0,""dig_dead"":2,""fertilize_dead"":0,""collect_dead"":4,""care_dead"":5,""tile_cap_units"":9,""fertilizer_forgone"":14,""care_unfed"":58,""animal_shed_days"":0,""idle_tile_days"":62,""weed_tile_days"":1,""hand_pass_turns"":616,""farmer_pass_turns"":83,""phantom_hand_actions"":0,""sell_floor_units"":60,""hire_premium"":5377,""shed_units_now"":0,""shed_value_now"":0.0,""animals_in_shed_now"":0,""seeds_unplanted_now"":0,""seeds_unplanted_cost_now"":0.0}]}","{""calls"":719,""eligible"":86,""changes"":1,""errors"":0,""evaluations"":152,""predicted_gain"":15.0,""mode"":""final""}",
m20_m11_final,B1,B1,herd_safe,522609242,0,116720.0,116717.0,3.0,W,kagsim,5.844538,0,0,0,0,0,0,0,0,cd945f271e647a2f5fc263c386808ef34a28435ba33f723a6ccd7112be4b1a7c,"[{""step"":0,""shops"":[]},{""step"":72,""shops"":[""SMOOTHIE_SHOP""]},{""step"":144,""shops"":[""SMOOTHIE_SHOP"",""SMOOTHIE_SHOP""]},{""step"":216,""shops"":[""SMOOTHIE_SHOP"",""SMOOTHIE_SHOP"",""BRUNCH_SPOT""]},{""step"":288,""shops"":[""SMOOTHIE_SHOP"",""SMOOTHIE_SHOP"",""BRUNCH_SPOT"",""BAKERY""]},{""step"":360,""shops"":[""SMOOTHIE_SHOP"",""SMOOTHIE_SHOP"",""BRUNCH_SPOT"",""BAKERY"",""YARN_STORE""]},{""step"":432,""shops"":[""SMOOTHIE_SHOP"",""SMOOTHIE_SHOP"",""BRUNCH_SPOT"",""BAKERY"",""YARN_STORE"",""ICE_CREAM_SHOP""]},{""step"":504,""shops"":[""SMOOTHIE_SHOP"",""SMOOTHIE_SHOP"",""BRUNCH_SPOT"",""BAKERY"",""YARN_STORE"",""ICE_CREAM_SHOP"",""BAKERY""]},{""step"":576,""shops"":[""SMOOTHIE_SHOP"",""SMOOTHIE_SHOP"",""BRUNCH_SPOT"",""BAKERY"",""YARN_STORE"",""ICE_CREAM_SHOP"",""BAKERY"",""FARMERS_MARKET""]}]",experiments/round11_execution_20260924/track_b/market_kagsim/replays/m20_m11_final/B1/seed_522609242_seat_0.json.gz,9b9b8d6036e5be18a11450861e664478aff9525d9584780b6e5fc74b06bce8d7,dd704f0a9fa9d3fa3a8eee171892ee3859d4ed3195b2168b5a88682f51558d4d,b6553c296c556aff5b5e2d12b75618e505fa4d852afb5338414ac6d6e039cb02,0fe077cc65622d6f6828160d90b617595a4aa7ea188e4afc67bfee8e4d290c92,"{""players"":[{""sell_dead_units"":221,""refused_buy_product"":1,""refused_buy_seed"":0,""refused_buy_animal"":0,""refused_hire"":0,""refused_buy_land"":0,""hire_paid"":4164,""sell_zero_fill"":41,""buy_zero_fill"":1,""sell_revenue"":141137.0,""total_spend"":27417.0,""shed_discarded_units"":4,""sold_units"":1595,""feed_no_wheat"":0,""feed_no_animal"":0,""feed_redundant"":0,""water_dead"":11,""harvest_dead"":4,""plant_dead"":0,""animals_escaped"":0,""escape_capital"":0.0,""escape_yield_units"":0,""escape_first_day"":-1,""animal_unfed_days"":42,""plants_dry"":1,""dry_seed_cost"":100.0,""dry_yield_units"":0,""dry_first_day"":21,""plant_unwatered_days"":392,""decay_units"":18,""plants_decayed"":18,""silent_loss_coins"":100.0,""silent_loss_units"":22,""dead_actions"":41,""move_dead"":0,""locked_dead"":0,""pickup_dead"":0,""drop_dead"":0,""place_dead"":1,""build_dead"":0,""dig_dead"":3,""fertilize_dead"":1,""collect_dead"":8,""care_dead"":13,""tile_cap_units"":19,""fertilizer_forgone"":19,""care_unfed"":37,""animal_shed_days"":1,""idle_tile_days"":63,""weed_tile_days"":1,""hand_pass_turns"":363,""farmer_pass_turns"":61,""phantom_hand_actions"":0,""sell_floor_units"":21,""hire_premium"":3898,""shed_units_now"":0,""shed_value_now"":0.0,""animals_in_shed_now"":0,""seeds_unplanted_now"":1,""seeds_unplanted_cost_now"":10.0},{""sell_dead_units"":219,""refused_buy_product"":1,""refused_buy_seed"":0,""refused_buy_animal"":0,""refused_hire"":0,""refused_buy_land"":0,""hire_paid"":4164,""sell_zero_fill"":40,""buy_zero_fill"":1,""sell_revenue"":141134.0,""total_spend"":27417.0,""shed_discarded_units"":4,""sold_units"":1595,""feed_no_wheat"":0,""feed_no_animal"":0,""feed_redundant"":0,""water_dead"":11,""harvest_dead"":4,""plant_dead"":0,""animals_escaped"":0,""escape_capital"":0.0,""escape_yield_units"":0,""escape_first_day"":-1,""animal_unfed_days"":42,""plants_dry"":1,""dry_seed_cost"":100.0,""dry_yield_units"":0,""dry_first_day"":21,""plant_unwatered_days"":392,""decay_units"":18,""plants_decayed"":18,""silent_loss_coins"":100.0,""silent_loss_units"":22,""dead_actions"":41,""move_dead"":0,""locked_dead"":0,""pickup_dead"":0,""drop_dead"":0,""place_dead"":1,""build_dead"":0,""dig_dead"":3,""fertilize_dead"":1,""collect_dead"":8,""care_dead"":13,""tile_cap_units"":19,""fertilizer_forgone"":19,""care_unfed"":37,""animal_shed_days"":1,""idle_tile_days"":63,""weed_tile_days"":1,""hand_pass_turns"":363,""farmer_pass_turns"":61,""phantom_hand_actions"":0,""sell_floor_units"":21,""hire_premium"":3898,""shed_units_now"":0,""shed_value_now"":0.0,""animals_in_shed_now"":0,""seeds_unplanted_now"":1,""seeds_unplanted_cost_now"":10.0}]}","{""calls"":719,""eligible"":125,""changes"":0,""errors"":0,""evaluations"":194,""predicted_gain"":0.0,""mode"":""final""}",
m20_m11_final,B1,B1,herd_safe,522609242,1,116720.0,116717.0,3.0,W,kagsim,5.873942,0,0,0,0,0,0,0,0,cd945f271e647a2f5fc263c386808ef34a28435ba33f723a6ccd7112be4b1a7c,"[{""step"":0,""shops"":[]},{""step"":72,""shops"":[""SMOOTHIE_SHOP""]},{""step"":144,""shops"":[""SMOOTHIE_SHOP"",""SMOOTHIE_SHOP""]},{""step"":216,""shops"":[""SMOOTHIE_SHOP"",""SMOOTHIE_SHOP"",""BRUNCH_SPOT""]},{""step"":288,""shops"":[""SMOOTHIE_SHOP"",""SMOOTHIE_SHOP"",""BRUNCH_SPOT"",""BAKERY""]},{""step"":360,""shops"":[""SMOOTHIE_SHOP"",""SMOOTHIE_SHOP"",""BRUNCH_SPOT"",""BAKERY"",""YARN_STORE""]},{""step"":432,""shops"":[""SMOOTHIE_SHOP"",""SMOOTHIE_SHOP"",""BRUNCH_SPOT"",""BAKERY"",""YARN_STORE"",""ICE_CREAM_SHOP""]},{""step"":504,""shops"":[""SMOOTHIE_SHOP"",""SMOOTHIE_SHOP"",""BRUNCH_SPOT"",""BAKERY"",""YARN_STORE"",""ICE_CREAM_SHOP"",""BAKERY""]},{""step"":576,""shops"":[""SMOOTHIE_SHOP"",""SMOOTHIE_SHOP"",""BRUNCH_SPOT"",""BAKERY"",""YARN_STORE"",""ICE_CREAM_SHOP"",""BAKERY"",""FARMERS_MARKET""]}]",experiments/round11_execution_20260924/track_b/market_kagsim/replays/m20_m11_final/B1/seed_522609242_seat_1.json.gz,4da6214557a3d482cae144a634a138698358d72b62cf13701c60e0e7f4f7e545,dd704f0a9fa9d3fa3a8eee171892ee3859d4ed3195b2168b5a88682f51558d4d,b6553c296c556aff5b5e2d12b75618e505fa4d852afb5338414ac6d6e039cb02,0fe077cc65622d6f6828160d90b617595a4aa7ea188e4afc67bfee8e4d290c92,"{""players"":[{""sell_dead_units"":219,""refused_buy_product"":1,""refused_buy_seed"":0,""refused_buy_animal"":0,""refused_hire"":0,""refused_buy_land"":0,""hire_paid"":4164,""sell_zero_fill"":40,""buy_zero_fill"":1,""sell_revenue"":141134.0,""total_spend"":27417.0,""shed_discarded_units"":4,""sold_units"":1595,""feed_no_wheat"":0,""feed_no_animal"":0,""feed_redundant"":0,""water_dead"":11,""harvest_dead"":4,""plant_dead"":0,""animals_escaped"":0,""escape_capital"":0.0,""escape_yield_units"":0,""escape_first_day"":-1,""animal_unfed_days"":42,""plants_dry"":1,""dry_seed_cost"":100.0,""dry_yield_units"":0,""dry_first_day"":21,""plant_unwatered_days"":392,""decay_units"":18,""plants_decayed"":18,""silent_loss_coins"":100.0,""silent_loss_units"":22,""dead_actions"":41,""move_dead"":0,""locked_dead"":0,""pickup_dead"":0,""drop_dead"":0,""place_dead"":1,""build_dead"":0,""dig_dead"":3,""fertilize_dead"":1,""collect_dead"":8,""care_dead"":13,""tile_cap_units"":19,""fertilizer_forgone"":19,""care_unfed"":37,""animal_shed_days"":1,""idle_tile_days"":63,""weed_tile_days"":1,""hand_pass_turns"":363,""farmer_pass_turns"":61,""phantom_hand_actions"":0,""sell_floor_units"":21,""hire_premium"":3898,""shed_units_now"":0,""shed_value_now"":0.0,""animals_in_shed_now"":0,""seeds_unplanted_now"":1,""seeds_unplanted_cost_now"":10.0},{""sell_dead_units"":221,""refused_buy_product"":1,""refused_buy_seed"":0,""refused_buy_animal"":0,""refused_hire"":0,""refused_buy_land"":0,""hire_paid"":4164,""sell_zero_fill"":41,""buy_zero_fill"":1,""sell_revenue"":141137.0,""total_spend"":27417.0,""shed_discarded_units"":4,""sold_units"":1595,""feed_no_wheat"":0,""feed_no_animal"":0,""feed_redundant"":0,""water_dead"":11,""harvest_dead"":4,""plant_dead"":0,""animals_escaped"":0,""escape_capital"":0.0,""escape_yield_units"":0,""escape_first_day"":-1,""animal_unfed_days"":42,""plants_dry"":1,""dry_seed_cost"":100.0,""dry_yield_units"":0,""dry_first_day"":21,""plant_unwatered_days"":392,""decay_units"":18,""plants_decayed"":18,""silent_loss_coins"":100.0,""silent_loss_units"":22,""dead_actions"":41,""move_dead"":0,""locked_dead"":0,""pickup_dead"":0,""drop_dead"":0,""place_dead"":1,""build_dead"":0,""dig_dead"":3,""fertilize_dead"":1,""collect_dead"":8,""care_dead"":13,""tile_cap_units"":19,""fertilizer_forgone"":19,""care_unfed"":37,""animal_shed_days"":1,""idle_tile_days"":63,""weed_tile_days"":1,""hand_pass_turns"":363,""farmer_pass_turns"":61,""phantom_hand_actions"":0,""sell_floor_units"":21,""hire_premium"":3898,""shed_units_now"":0,""shed_value_now"":0.0,""animals_in_shed_now"":0,""seeds_unplanted_now"":1,""seeds_unplanted_cost_now"":10.0}]}","{""calls"":719,""eligible"":125,""changes"":0,""errors"":0,""evaluations"":194,""predicted_gain"":0.0,""mode"":""final""}",
m20_m11_final,B1,B1,herd_safe,522609243,0,110473.0,110714.0,-241.0,L,kagsim,5.409493,0,0,0,0,0,0,0,0,1d04709202fcf76383345d9e691360d89980e8b74a1a6a0b3b3159e5c4342665,"[{""step"":0,""shops"":[]},{""step"":72,""shops"":[""BRUNCH_SPOT""]},{""step"":144,""shops"":[""BRUNCH_SPOT"",""ICE_CREAM_SHOP""]},{""step"":216,""shops"":[""BRUNCH_SPOT"",""ICE_CREAM_SHOP"",""FARMERS_MARKET""]},{""step"":288,""shops"":[""BRUNCH_SPOT"",""ICE_CREAM_SHOP"",""FARMERS_MARKET"",""ICE_CREAM_SHOP""]},{""step"":360,""shops"":[""BRUNCH_SPOT"",""ICE_CREAM_SHOP"",""FARMERS_MARKET"",""ICE_CREAM_SHOP"",""PIZZA_SHOP""]},{""step"":432,""shops"":[""BRUNCH_SPOT"",""ICE_CREAM_SHOP"",""FARMERS_MARKET"",""ICE_CREAM_SHOP"",""PIZZA_SHOP"",""FARMERS_MARKET""]},{""step"":504,""shops"":[""BRUNCH_SPOT"",""ICE_CREAM_SHOP"",""FARMERS_MARKET"",""ICE_CREAM_SHOP"",""PIZZA_SHOP"",""FARMERS_MARKET"",""BAKERY""]},{""step"":576,""shops"":[""BRUNCH_SPOT"",""ICE_CREAM_SHOP"",""FARMERS_MARKET"",""ICE_CREAM_SHOP"",""PIZZA_SHOP"",""FARMERS_MARKET"",""BAKERY"",""PIZZA_SHOP""]}]",experiments/round11_execution_20260924/track_b/market_kagsim/replays/m20_m11_final/B1/seed_522609243_seat_0.json.gz,a4891a62fd5c43765c80d7a5e2d18288e438e7896f7b79774277484359811344,dd704f0a9fa9d3fa3a8eee171892ee3859d4ed3195b2168b5a88682f51558d4d,b6553c296c556aff5b5e2d12b75618e505fa4d852afb5338414ac6d6e039cb02,0fe077cc65622d6f6828160d90b617595a4aa7ea188e4afc67bfee8e4d290c92,"{""players"":[{""sell_dead_units"":200,""refused_buy_product"":1,""refused_buy_seed"":0,""refused_buy_animal"":0,""refused_hire"":0,""refused_buy_land"":0,""hire_paid"":4397,""sell_zero_fill"":34,""buy_zero_fill"":1,""sell_revenue"":136170.0,""total_spend"":28697.0,""shed_discarded_units"":3,""sold_units"":1603,""feed_no_wheat"":0,""feed_no_animal"":0,""feed_redundant"":0,""water_dead"":10,""harvest_dead"":3,""plant_dead"":0,""animals_escaped"":0,""escape_capital"":0.0,""escape_yield_units"":0,""escape_first_day"":-1,""animal_unfed_days"":77,""plants_dry"":1,""dry_seed_cost"":100.0,""dry_yield_units"":0,""dry_first_day"":21,""plant_unwatered_days"":391,""decay_units"":18,""plants_decayed"":18,""silent_loss_coins"":100.0,""silent_loss_units"":21,""dead_actions"":40,""move_dead"":0,""locked_dead"":0,""pickup_dead"":0,""drop_dead"":0,""place_dead"":1,""build_dead"":0,""dig_dead"":4,""fertilize_dead"":1,""collect_dead"":8,""care_dead"":13,""tile_cap_units"":23,""fertilizer_forgone"":18,""care_unfed"":73,""animal_shed_days"":1,""idle_tile_days"":63,""weed_tile_days"":1,""hand_pass_turns"":398,""farmer_pass_turns"":67,""phantom_hand_actions"":0,""sell_floor_units"":54,""hire_premium"":4129,""shed_units_now"":0,""shed_value_now"":0.0,""animals_in_shed_now"":0,""seeds_unplanted_now"":1,""seeds_unplanted_cost_now"":10.0},{""sell_dead_units"":199,""refused_buy_product"":1,""refused_buy_seed"":0,""refused_buy_animal"":0,""refused_hire"":0,""refused_buy_land"":0,""hire_paid"":4397,""sell_zero_fill"":33,""buy_zero_fill"":1,""sell_revenue"":136410.0,""total_spend"":28696.0,""shed_discarded_units"":1,""sold_units"":1605,""feed_no_wheat"":0,""feed_no_animal"":0,""feed_redundant"":0,""water_dead"":10,""harvest_dead"":3,""plant_dead"":0,""animals_escaped"":0,""escape_capital"":0.0,""escape_yield_units"":0,""escape_first_day"":-1,""animal_unfed_days"":77,""plants_dry"":1,""dry_seed_cost"":100.0,""dry_yield_units"":0,""dry_first_day"":21,""plant_unwatered_days"":391,""decay_units"":18,""plants_decayed"":18,""silent_loss_coins"":100.0,""silent_loss_units"":19,""dead_actions"":40,""move_dead"":0,""locked_dead"":0,""pickup_dead"":0,""drop_dead"":0,""place_dead"":1,""build_dead"":0,""dig_dead"":4,""fertilize_dead"":1,""collect_dead"":8,""care_dead"":13,""tile_cap_units"":23,""fertilizer_forgone"":18,""care_unfed"":73,""animal_shed_days"":1,""idle_tile_days"":63,""weed_tile_days"":1,""hand_pass_turns"":398,""farmer_pass_turns"":67,""phantom_hand_actions"":0,""sell_floor_units"":54,""hire_premium"":4129,""shed_units_now"":0,""shed_value_now"":0.0,""animals_in_shed_now"":0,""seeds_unplanted_now"":1,""seeds_unplanted_cost_now"":10.0}]}","{""calls"":719,""eligible"":125,""changes"":2,""errors"":0,""evaluations"":182,""predicted_gain"":14.0,""mode"":""final""}",
m20_m11_final,B1,B1,herd_safe,522609243,1,110473.0,110714.0,-241.0,L,kagsim,5.267834,0,0,0,0,0,0,0,0,1d04709202fcf76383345d9e691360d89980e8b74a1a6a0b3b3159e5c4342665,"[{""step"":0,""shops"":[]},{""step"":72,""shops"":[""BRUNCH_SPOT""]},{""step"":144,""shops"":[""BRUNCH_SPOT"",""ICE_CREAM_SHOP""]},{""step"":216,""shops"":[""BRUNCH_SPOT"",""ICE_CREAM_SHOP"",""FARMERS_MARKET""]},{""step"":288,""shops"":[""BRUNCH_SPOT"",""ICE_CREAM_SHOP"",""FARMERS_MARKET"",""ICE_CREAM_SHOP""]},{""step"":360,""shops"":[""BRUNCH_SPOT"",""ICE_CREAM_SHOP"",""FARMERS_MARKET"",""ICE_CREAM_SHOP"",""PIZZA_SHOP""]},{""step"":432,""shops"":[""BRUNCH_SPOT"",""ICE_CREAM_SHOP"",""FARMERS_MARKET"",""ICE_CREAM_SHOP"",""PIZZA_SHOP"",""FARMERS_MARKET""]},{""step"":504,""shops"":[""BRUNCH_SPOT"",""ICE_CREAM_SHOP"",""FARMERS_MARKET"",""ICE_CREAM_SHOP"",""PIZZA_SHOP"",""FARMERS_MARKET"",""BAKERY""]},{""step"":576,""shops"":[""BRUNCH_SPOT"",""ICE_CREAM_SHOP"",""FARMERS_MARKET"",""ICE_CREAM_SHOP"",""PIZZA_SHOP"",""FARMERS_MARKET"",""BAKERY"",""PIZZA_SHOP""]}]",experiments/round11_execution_20260924/track_b/market_kagsim/replays/m20_m11_final/B1/seed_522609243_seat_1.json.gz,6302214c4b65b3b1f61cf42f733e3d1c504f2d3189e8b5178c7c06e0f5d22da0,dd704f0a9fa9d3fa3a8eee171892ee3859d4ed3195b2168b5a88682f51558d4d,b6553c296c556aff5b5e2d12b75618e505fa4d852afb5338414ac6d6e039cb02,0fe077cc65622d6f6828160d90b617595a4aa7ea188e4afc67bfee8e4d290c92,"{""players"":[{""sell_dead_units"":199,""refused_buy_product"":1,""refused_buy_seed"":0,""refused_buy_animal"":0,""refused_hire"":0,""refused_buy_land"":0,""hire_paid"":4397,""sell_zero_fill"":33,""buy_zero_fill"":1,""sell_revenue"":136410.0,""total_spend"":28696.0,""shed_discarded_units"":1,""sold_units"":1605,""feed_no_wheat"":0,""feed_no_animal"":0,""feed_redundant"":0,""water_dead"":10,""harvest_dead"":3,""plant_dead"":0,""animals_escaped"":0,""escape_capital"":0.0,""escape_yield_units"":0,""escape_first_day"":-1,""animal_unfed_days"":77,""plants_dry"":1,""dry_seed_cost"":100.0,""dry_yield_units"":0,""dry_first_day"":21,""plant_unwatered_days"":391,""decay_units"":18,""plants_decayed"":18,""silent_loss_coins"":100.0,""silent_loss_units"":19,""dead_actions"":40,""move_dead"":0,""locked_dead"":0,""pickup_dead"":0,""drop_dead"":0,""place_dead"":1,""build_dead"":0,""dig_dead"":4,""fertilize_dead"":1,""collect_dead"":8,""care_dead"":13,""tile_cap_units"":23,""fertilizer_forgone"":18,""care_unfed"":73,""animal_shed_days"":1,""idle_tile_days"":63,""weed_tile_days"":1,""hand_pass_turns"":398,""farmer_pass_turns"":67,""phantom_hand_actions"":0,""sell_floor_units"":54,""hire_premium"":4129,""shed_units_now"":0,""shed_value_now"":0.0,""animals_in_shed_now"":0,""seeds_unplanted_now"":1,""seeds_unplanted_cost_now"":10.0},{""sell_dead_units"":200,""refused_buy_product"":1,""refused_buy_seed"":0,""refused_buy_animal"":0,""refused_hire"":0,""refused_buy_land"":0,""hire_paid"":4397,""sell_zero_fill"":34,""buy_zero_fill"":1,""sell_revenue"":136170.0,""total_spend"":28697.0,""shed_discarded_units"":3,""sold_units"":1603,""feed_no_wheat"":0,""feed_no_animal"":0,""feed_redundant"":0,""water_dead"":10,""harvest_dead"":3,""plant_dead"":0,""animals_escaped"":0,""escape_capital"":0.0,""escape_yield_units"":0,""escape_first_day"":-1,""animal_unfed_days"":77,""plants_dry"":1,""dry_seed_cost"":100.0,""dry_yield_units"":0,""dry_first_day"":21,""plant_unwatered_days"":391,""decay_units"":18,""plants_decayed"":18,""silent_loss_coins"":100.0,""silent_loss_units"":21,""dead_actions"":40,""move_dead"":0,""locked_dead"":0,""pickup_dead"":0,""drop_dead"":0,""place_dead"":1,""build_dead"":0,""dig_dead"":4,""fertilize_dead"":1,""collect_dead"":8,""care_dead"":13,""tile_cap_units"":23,""fertilizer_forgone"":18,""care_unfed"":73,""animal_shed_days"":1,""idle_tile_days"":63,""weed_tile_days"":1,""hand_pass_turns"":398,""farmer_pass_turns"":67,""phantom_hand_actions"":0,""sell_floor_units"":54,""hire_premium"":4129,""shed_units_now"":0,""shed_value_now"":0.0,""animals_in_shed_now"":0,""seeds_unplanted_now"":1,""seeds_unplanted_cost_now"":10.0}]}","{""calls"":719,""eligible"":125,""changes"":2,""errors"":0,""evaluations"":182,""predicted_gain"":14.0,""mode"":""final""}",
m20_m11_final,B1,B1,herd_safe,522609244,0,85381.0,84586.0,795.0,W,kagsim,5.926919,0,0,0,0,0,0,0,0,29ae70298aff5372b49961180210c77419a07c48f2304c46e4887e3408b3f36c,"[{""step"":0,""shops"":[]},{""step"":72,""shops"":[""BAKERY""]},{""step"":144,""shops"":[""BAKERY"",""FARMERS_MARKET""]},{""step"":216,""shops"":[""BAKERY"",""FARMERS_MARKET"",""BRUNCH_SPOT""]},{""step"":288,""shops"":[""BAKERY"",""FARMERS_MARKET"",""BRUNCH_SPOT"",""YARN_STORE""]},{""step"":360,""shops"":[""BAKERY"",""FARMERS_MARKET"",""BRUNCH_SPOT"",""YARN_STORE"",""FARMERS_MARKET""]},{""step"":432,""shops"":[""BAKERY"",""FARMERS_MARKET"",""BRUNCH_SPOT"",""YARN_STORE"",""FARMERS_MARKET"",""BAKERY""]},{""step"":504,""shops"":[""BAKERY"",""FARMERS_MARKET"",""BRUNCH_SPOT"",""YARN_STORE"",""FARMERS_MARKET"",""BAKERY"",""BRUNCH_SPOT""]},{""step"":576,""shops"":[""BAKERY"",""FARMERS_MARKET"",""BRUNCH_SPOT"",""YARN_STORE"",""FARMERS_MARKET"",""BAKERY"",""BRUNCH_SPOT"",""ICE_CREAM_SHOP""]}]",experiments/round11_execution_20260924/track_b/market_kagsim/replays/m20_m11_final/B1/seed_522609244_seat_0.json.gz,d2f22e78beeee70f416e9a5a8b24bde71b51f45d9916ce78d3fcc7436f27ad14,dd704f0a9fa9d3fa3a8eee171892ee3859d4ed3195b2168b5a88682f51558d4d,b6553c296c556aff5b5e2d12b75618e505fa4d852afb5338414ac6d6e039cb02,0fe077cc65622d6f6828160d90b617595a4aa7ea188e4afc67bfee8e4d290c92,"{""players"":[{""sell_dead_units"":2280,""refused_buy_product"":5,""refused_buy_seed"":0,""refused_buy_animal"":0,""refused_hire"":0,""refused_buy_land"":0,""hire_paid"":4397,""sell_zero_fill"":47,""buy_zero_fill"":1,""sell_revenue"":127620.0,""total_spend"":45239.0,""shed_discarded_units"":11,""sold_units"":2011,""feed_no_wheat"":0,""feed_no_animal"":0,""feed_redundant"":0,""water_dead"":12,""harvest_dead"":4,""plant_dead"":0,""animals_escaped"":0,""escape_capital"":0.0,""escape_yield_units"":0,""escape_first_day"":-1,""animal_unfed_days"":78,""plants_dry"":2,""dry_seed_cost"":120.0,""dry_yield_units"":1,""dry_first_day"":21,""plant_unwatered_days"":387,""decay_units"":18,""plants_decayed"":18,""silent_loss_coins"":120.0,""silent_loss_units"":30,""dead_actions"":47,""move_dead"":0,""locked_dead"":0,""pickup_dead"":0,""drop_dead"":0,""place_dead"":1,""build_dead"":0,""dig_dead"":2,""fertilize_dead"":1,""collect_dead"":3,""care_dead"":24,""tile_cap_units"":19,""fertilizer_forgone"":22,""care_unfed"":74,""animal_shed_days"":1,""idle_tile_days"":64,""weed_tile_days"":2,""hand_pass_turns"":368,""farmer_pass_turns"":64,""phantom_hand_actions"":0,""sell_floor_units"":83,""hire_premium"":4129,""shed_units_now"":0,""shed_value_now"":0.0,""animals_in_shed_now"":0,""seeds_unplanted_now"":3,""seeds_unplanted_cost_now"":30.0},{""sell_dead_units"":2280,""refused_buy_product"":5,""refused_buy_seed"":0,""refused_buy_animal"":0,""refused_hire"":0,""refused_buy_land"":0,""hire_paid"":4397,""sell_zero_fill"":47,""buy_zero_fill"":1,""sell_revenue"":126910.0,""total_spend"":45324.0,""shed_discarded_units"":11,""sold_units"":2011,""feed_no_wheat"":0,""feed_no_animal"":0,""feed_redundant"":0,""water_dead"":13,""harvest_dead"":5,""plant_dead"":0,""animals_escaped"":0,""escape_capital"":0.0,""escape_yield_units"":0,""escape_first_day"":-1,""animal_unfed_days"":78,""plants_dry"":2,""dry_seed_cost"":120.0,""dry_yield_units"":1,""dry_first_day"":21,""plant_unwatered_days"":386,""decay_units"":18,""plants_decayed"":18,""silent_loss_coins"":120.0,""silent_loss_units"":30,""dead_actions"":49,""move_dead"":0,""locked_dead"":0,""pickup_dead"":0,""drop_dead"":0,""place_dead"":1,""build_dead"":0,""dig_dead"":2,""fertilize_dead"":1,""collect_dead"":3,""care_dead"":24,""tile_cap_units"":19,""fertilizer_forgone"":22,""care_unfed"":74,""animal_shed_days"":1,""idle_tile_days"":66,""weed_tile_days"":3,""hand_pass_turns"":369,""farmer_pass_turns"":64,""phantom_hand_actions"":0,""sell_floor_units"":88,""hire_premium"":4129,""shed_units_now"":0,""shed_value_now"":0.0,""animals_in_shed_now"":0,""seeds_unplanted_now"":4,""seeds_unplanted_cost_now"":40.0}]}","{""calls"":719,""eligible"":121,""changes"":2,""errors"":0,""evaluations"":381,""predicted_gain"":18.0,""mode"":""final""}",
m20_m11_final,B1,B1,herd_safe,522609244,1,85301.0,84666.0,635.0,W,kagsim,5.800651,0,0,0,0,0,0,0,0,29ae70298aff5372b49961180210c77419a07c48f2304c46e4887e3408b3f36c,"[{""step"":0,""shops"":[]},{""step"":72,""shops"":[""BAKERY""]},{""step"":144,""shops"":[""BAKERY"",""FARMERS_MARKET""]},{""step"":216,""shops"":[""BAKERY"",""FARMERS_MARKET"",""BRUNCH_SPOT""]},{""step"":288,""shops"":[""BAKERY"",""FARMERS_MARKET"",""BRUNCH_SPOT"",""YARN_STORE""]},{""step"":360,""shops"":[""BAKERY"",""FARMERS_MARKET"",""BRUNCH_SPOT"",""YARN_STORE"",""FARMERS_MARKET""]},{""step"":432,""shops"":[""BAKERY"",""FARMERS_MARKET"",""BRUNCH_SPOT"",""YARN_STORE"",""FARMERS_MARKET"",""BAKERY""]},{""step"":504,""shops"":[""BAKERY"",""FARMERS_MARKET"",""BRUNCH_SPOT"",""YARN_STORE"",""FARMERS_MARKET"",""BAKERY"",""BRUNCH_SPOT""]},{""step"":576,""shops"":[""BAKERY"",""FARMERS_MARKET"",""BRUNCH_SPOT"",""YARN_STORE"",""FARMERS_MARKET"",""BAKERY"",""BRUNCH_SPOT"",""ICE_CREAM_SHOP""]}]",experiments/round11_execution_20260924/track_b/market_kagsim/replays/m20_m11_final/B1/seed_522609244_seat_1.json.gz,72bb5ba29380d74e65a72d6a5e6d0c9b028ccc884b99ec6c683ef2527449068e,dd704f0a9fa9d3fa3a8eee171892ee3859d4ed3195b2168b5a88682f51558d4d,b6553c296c556aff5b5e2d12b75618e505fa4d852afb5338414ac6d6e039cb02,0fe077cc65622d6f6828160d90b617595a4aa7ea188e4afc67bfee8e4d290c92,"{""players"":[{""sell_dead_units"":2280,""refused_buy_product"":5,""refused_buy_seed"":0,""refused_buy_animal"":0,""refused_hire"":0,""refused_buy_land"":0,""hire_paid"":4397,""sell_zero_fill"":47,""buy_zero_fill"":1,""sell_revenue"":126910.0,""total_spend"":45244.0,""shed_discarded_units"":11,""sold_units"":2011,""feed_no_wheat"":0,""feed_no_animal"":0,""feed_redundant"":0,""water_dead"":12,""harvest_dead"":4,""plant_dead"":0,""animals_escaped"":0,""escape_capital"":0.0,""escape_yield_units"":0,""escape_first_day"":-1,""animal_unfed_days"":78,""plants_dry"":2,""dry_seed_cost"":120.0,""dry_yield_units"":1,""dry_first_day"":21,""plant_unwatered_days"":387,""decay_units"":18,""plants_decayed"":18,""silent_loss_coins"":120.0,""silent_loss_units"":30,""dead_actions"":47,""move_dead"":0,""locked_dead"":0,""pickup_dead"":0,""drop_dead"":0,""place_dead"":1,""build_dead"":0,""dig_dead"":2,""fertilize_dead"":1,""collect_dead"":3,""care_dead"":24,""tile_cap_units"":19,""fertilizer_forgone"":22,""care_unfed"":74,""animal_shed_days"":1,""idle_tile_days"":64,""weed_tile_days"":2,""hand_pass_turns"":368,""farmer_pass_turns"":64,""phantom_hand_actions"":0,""sell_floor_units"":88,""hire_premium"":4129,""shed_units_now"":0,""shed_value_now"":0.0,""animals_in_shed_now"":0,""seeds_unplanted_now"":3,""seeds_unplanted_cost_now"":30.0},{""sell_dead_units"":2280,""refused_buy_product"":5,""refused_buy_seed"":0,""refused_buy_animal"":0,""refused_hire"":0,""refused_buy_land"":0,""hire_paid"":4397,""sell_zero_fill"":47,""buy_zero_fill"":1,""sell_revenue"":127620.0,""total_spend"":45319.0,""shed_discarded_units"":11,""sold_units"":2011,""feed_no_wheat"":0,""feed_no_animal"":0,""feed_redundant"":0,""water_dead"":13,""harvest_dead"":5,""plant_dead"":0,""animals_escaped"":0,""escape_capital"":0.0,""escape_yield_units"":0,""escape_first_day"":-1,""animal_unfed_days"":78,""plants_dry"":2,""dry_seed_cost"":120.0,""dry_yield_units"":1,""dry_first_day"":21,""plant_unwatered_days"":386,""decay_units"":18,""plants_decayed"":18,""silent_loss_coins"":120.0,""silent_loss_units"":30,""dead_actions"":49,""move_dead"":0,""locked_dead"":0,""pickup_dead"":0,""drop_dead"":0,""place_dead"":1,""build_dead"":0,""dig_dead"":2,""fertilize_dead"":1,""collect_dead"":3,""care_dead"":24,""tile_cap_units"":19,""fertilizer_forgone"":22,""care_unfed"":74,""animal_shed_days"":1,""idle_tile_days"":66,""weed_tile_days"":3,""hand_pass_turns"":369,""farmer_pass_turns"":64,""phantom_hand_actions"":0,""sell_floor_units"":83,""hire_premium"":4129,""shed_units_now"":0,""shed_value_now"":0.0,""animals_in_shed_now"":0,""seeds_unplanted_now"":4,""seeds_unplanted_cost_now"":40.0}]}","{""calls"":719,""eligible"":121,""changes"":2,""errors"":0,""evaluations"":381,""predicted_gain"":18.0,""mode"":""final""}",
m20_m11_final,B1,metav4,metav4,522609241,0,113783.0,113364.0,419.0,W,kagsim,5.121791,0,0,0,0,0,0,0,0,3d5abadf277ffbf26faf5853b80f902eec0bdb2b3d07a15179f8411eccf494e5,"[{""step"":0,""shops"":[]},{""step"":72,""shops"":[""YARN_STORE""]},{""step"":144,""shops"":[""YARN_STORE"",""BRUNCH_SPOT""]},{""step"":216,""shops"":[""YARN_STORE"",""BRUNCH_SPOT"",""ICE_CREAM_SHOP""]},{""step"":288,""shops"":[""YARN_STORE"",""BRUNCH_SPOT"",""ICE_CREAM_SHOP"",""ICE_CREAM_SHOP""]},{""step"":360,""shops"":[""YARN_STORE"",""BRUNCH_SPOT"",""ICE_CREAM_SHOP"",""ICE_CREAM_SHOP"",""BRUNCH_SPOT""]},{""step"":432,""shops"":[""YARN_STORE"",""BRUNCH_SPOT"",""ICE_CREAM_SHOP"",""ICE_CREAM_SHOP"",""BRUNCH_SPOT"",""BRUNCH_SPOT""]},{""step"":504,""shops"":[""YARN_STORE"",""BRUNCH_SPOT"",""ICE_CREAM_SHOP"",""ICE_CREAM_SHOP"",""BRUNCH_SPOT"",""BRUNCH_SPOT"",""FARMERS_MARKET""]},{""step"":576,""shops"":[""YARN_STORE"",""BRUNCH_SPOT"",""ICE_CREAM_SHOP"",""ICE_CREAM_SHOP"",""BRUNCH_SPOT"",""BRUNCH_SPOT"",""FARMERS_MARKET"",""BRUNCH_SPOT""]}]",experiments/round11_execution_20260924/track_b/market_kagsim/replays/m20_m11_final/metav4/seed_522609241_seat_0.json.gz,40e726bf08a961909035f8e9c42b9e0109dc528fe86f9e0f526ef4912d6c5bc7,dd704f0a9fa9d3fa3a8eee171892ee3859d4ed3195b2168b5a88682f51558d4d,9d63494603f88219857a3101d7dc19cc750ded04e5886732ee428580326967d9,0fe077cc65622d6f6828160d90b617595a4aa7ea188e4afc67bfee8e4d290c92,"{""players"":[{""sell_dead_units"":204,""refused_buy_product"":1,""refused_buy_seed"":0,""refused_buy_animal"":0,""refused_hire"":0,""refused_buy_land"":0,""hire_paid"":5659,""sell_zero_fill"":19,""buy_zero_fill"":1,""sell_revenue"":140523.0,""total_spend"":29740.0,""shed_discarded_units"":32,""sold_units"":1549,""feed_no_wheat"":0,""feed_no_animal"":0,""feed_redundant"":0,""water_dead"":1,""harvest_dead"":4,""plant_dead"":0,""animals_escaped"":0,""escape_capital"":0.0,""escape_yield_units"":0,""escape_first_day"":-1,""animal_unfed_days"":62,""plants_dry"":1,""dry_seed_cost"":100.0,""dry_yield_units"":0,""dry_first_day"":21,""plant_unwatered_days"":385,""decay_units"":18,""plants_decayed"":18,""silent_loss_coins"":100.0,""silent_loss_units"":50,""dead_actions"":17,""move_dead"":0,""locked_dead"":0,""pickup_dead"":0,""drop_dead"":0,""place_dead"":1,""build_dead"":0,""dig_dead"":2,""fertilize_dead"":0,""collect_dead"":4,""care_dead"":5,""tile_cap_units"":9,""fertilizer_forgone"":14,""care_unfed"":58,""animal_shed_days"":0,""idle_tile_days"":62,""weed_tile_days"":1,""hand_pass_turns"":616,""farmer_pass_turns"":83,""phantom_hand_actions"":0,""sell_floor_units"":62,""hire_premium"":5377,""shed_units_now"":0,""shed_value_now"":0.0,""animals_in_shed_now"":0,""seeds_unplanted_now"":0,""seeds_unplanted_cost_now"":0.0},{""sell_dead_units"":201,""refused_buy_product"":1,""refused_buy_seed"":0,""refused_buy_animal"":0,""refused_hire"":0,""refused_buy_land"":0,""hire_paid"":5659,""sell_zero_fill"":19,""buy_zero_fill"":1,""sell_revenue"":140479.0,""total_spend"":30115.0,""shed_discarded_units"":32,""sold_units"":1557,""feed_no_wheat"":0,""feed_no_animal"":0,""feed_redundant"":0,""water_dead"":1,""harvest_dead"":6,""plant_dead"":0,""animals_escaped"":0,""escape_capital"":0.0,""escape_yield_units"":0,""escape_first_day"":-1,""animal_unfed_days"":62,""plants_dry"":1,""dry_seed_cost"":100.0,""dry_yield_units"":0,""dry_first_day"":21,""plant_unwatered_days"":385,""decay_units"":18,""plants_decayed"":18,""silent_loss_coins"":100.0,""silent_loss_units"":50,""dead_actions"":20,""move_dead"":0,""locked_dead"":0,""pickup_dead"":0,""drop_dead"":0,""place_dead"":2,""build_dead"":0,""dig_dead"":2,""fertilize_dead"":0,""collect_dead"":4,""care_dead"":5,""tile_cap_units"":9,""fertilizer_forgone"":14,""care_unfed"":58,""animal_shed_days"":0,""idle_tile_days"":63,""weed_tile_days"":1,""hand_pass_turns"":632,""farmer_pass_turns"":83,""phantom_hand_actions"":0,""sell_floor_units"":62,""hire_premium"":5377,""shed_units_now"":0,""shed_value_now"":0.0,""animals_in_shed_now"":0,""seeds_unplanted_now"":0,""seeds_unplanted_cost_now"":0.0}]}","{""calls"":719,""eligible"":87,""changes"":2,""errors"":0,""evaluations"":182,""predicted_gain"":17.0,""mode"":""final""}",
m20_m11_final,B1,metav4,metav4,522609241,1,113783.0,113364.0,419.0,W,kagsim,5.194394,0,0,0,0,0,0,0,0,3d5abadf277ffbf26faf5853b80f902eec0bdb2b3d07a15179f8411eccf494e5,"[{""step"":0,""shops"":[]},{""step"":72,""shops"":[""YARN_STORE""]},{""step"":144,""shops"":[""YARN_STORE"",""BRUNCH_SPOT""]},{""step"":216,""shops"":[""YARN_STORE"",""BRUNCH_SPOT"",""ICE_CREAM_SHOP""]},{""step"":288,""shops"":[""YARN_STORE"",""BRUNCH_SPOT"",""ICE_CREAM_SHOP"",""ICE_CREAM_SHOP""]},{""step"":360,""shops"":[""YARN_STORE"",""BRUNCH_SPOT"",""ICE_CREAM_SHOP"",""ICE_CREAM_SHOP"",""BRUNCH_SPOT""]},{""step"":432,""shops"":[""YARN_STORE"",""BRUNCH_SPOT"",""ICE_CREAM_SHOP"",""ICE_CREAM_SHOP"",""BRUNCH_SPOT"",""BRUNCH_SPOT""]},{""step"":504,""shops"":[""YARN_STORE"",""BRUNCH_SPOT"",""ICE_CREAM_SHOP"",""ICE_CREAM_SHOP"",""BRUNCH_SPOT"",""BRUNCH_SPOT"",""FARMERS_MARKET""]},{""step"":576,""shops"":[""YARN_STORE"",""BRUNCH_SPOT"",""ICE_CREAM_SHOP"",""ICE_CREAM_SHOP"",""BRUNCH_SPOT"",""BRUNCH_SPOT"",""FARMERS_MARKET"",""BRUNCH_SPOT""]}]",experiments/round11_execution_20260924/track_b/market_kagsim/replays/m20_m11_final/metav4/seed_522609241_seat_1.json.gz,a208d42f4d7fc5c71721d56cb982beb4c84904287e23ed6d1ab0a7056eceaa19,dd704f0a9fa9d3fa3a8eee171892ee3859d4ed3195b2168b5a88682f51558d4d,9d63494603f88219857a3101d7dc19cc750ded04e5886732ee428580326967d9,0fe077cc65622d6f6828160d90b617595a4aa7ea188e4afc67bfee8e4d290c92,"{""players"":[{""sell_dead_units"":201,""refused_buy_product"":1,""refused_buy_seed"":0,""refused_buy_animal"":0,""refused_hire"":0,""refused_buy_land"":0,""hire_paid"":5659,""sell_zero_fill"":19,""buy_zero_fill"":1,""sell_revenue"":140479.0,""total_spend"":30115.0,""shed_discarded_units"":32,""sold_units"":1557,""feed_no_wheat"":0,""feed_no_animal"":0,""feed_redundant"":0,""water_dead"":1,""harvest_dead"":6,""plant_dead"":0,""animals_escaped"":0,""escape_capital"":0.0,""escape_yield_units"":0,""escape_first_day"":-1,""animal_unfed_days"":62,""plants_dry"":1,""dry_seed_cost"":100.0,""dry_yield_units"":0,""dry_first_day"":21,""plant_unwatered_days"":385,""decay_units"":18,""plants_decayed"":18,""silent_loss_coins"":100.0,""silent_loss_units"":50,""dead_actions"":20,""move_dead"":0,""locked_dead"":0,""pickup_dead"":0,""drop_dead"":0,""place_dead"":2,""build_dead"":0,""dig_dead"":2,""fertilize_dead"":0,""collect_dead"":4,""care_dead"":5,""tile_cap_units"":9,""fertilizer_forgone"":14,""care_unfed"":58,""animal_shed_days"":0,""idle_tile_days"":63,""weed_tile_days"":1,""hand_pass_turns"":632,""farmer_pass_turns"":83,""phantom_hand_actions"":0,""sell_floor_units"":62,""hire_premium"":5377,""shed_units_now"":0,""shed_value_now"":0.0,""animals_in_shed_now"":0,""seeds_unplanted_now"":0,""seeds_unplanted_cost_now"":0.0},{""sell_dead_units"":204,""refused_buy_product"":1,""refused_buy_seed"":0,""refused_buy_animal"":0,""refused_hire"":0,""refused_buy_land"":0,""hire_paid"":5659,""sell_zero_fill"":19,""buy_zero_fill"":1,""sell_revenue"":140523.0,""total_spend"":29740.0,""shed_discarded_units"":32,""sold_units"":1549,""feed_no_wheat"":0,""feed_no_animal"":0,""feed_redundant"":0,""water_dead"":1,""harvest_dead"":4,""plant_dead"":0,""animals_escaped"":0,""escape_capital"":0.0,""escape_yield_units"":0,""escape_first_day"":-1,""animal_unfed_days"":62,""plants_dry"":1,""dry_seed_cost"":100.0,""dry_yield_units"":0,""dry_first_day"":21,""plant_unwatered_days"":385,""decay_units"":18,""plants_decayed"":18,""silent_loss_coins"":100.0,""silent_loss_units"":50,""dead_actions"":17,""move_dead"":0,""locked_dead"":0,""pickup_dead"":0,""drop_dead"":0,""place_dead"":1,""build_dead"":0,""dig_dead"":2,""fertilize_dead"":0,""collect_dead"":4,""care_dead"":5,""tile_cap_units"":9,""fertilizer_forgone"":14,""care_unfed"":58,""animal_shed_days"":0,""idle_tile_days"":62,""weed_tile_days"":1,""hand_pass_turns"":616,""farmer_pass_turns"":83,""phantom_hand_actions"":0,""sell_floor_units"":62,""hire_premium"":5377,""shed_units_now"":0,""shed_value_now"":0.0,""animals_in_shed_now"":0,""seeds_unplanted_now"":0,""seeds_unplanted_cost_now"":0.0}]}","{""calls"":719,""eligible"":87,""changes"":2,""errors"":0,""evaluations"":182,""predicted_gain"":17.0,""mode"":""final""}",
m20_m11_final,B1,metav4,metav4,522609242,0,117184.0,116238.0,946.0,W,kagsim,5.706778,0,0,0,0,0,0,0,0,cd945f271e647a2f5fc263c386808ef34a28435ba33f723a6ccd7112be4b1a7c,"[{""step"":0,""shops"":[]},{""step"":72,""shops"":[""SMOOTHIE_SHOP""]},{""step"":144,""shops"":[""SMOOTHIE_SHOP"",""SMOOTHIE_SHOP""]},{""step"":216,""shops"":[""SMOOTHIE_SHOP"",""SMOOTHIE_SHOP"",""BRUNCH_SPOT""]},{""step"":288,""shops"":[""SMOOTHIE_SHOP"",""SMOOTHIE_SHOP"",""BRUNCH_SPOT"",""BAKERY""]},{""step"":360,""shops"":[""SMOOTHIE_SHOP"",""SMOOTHIE_SHOP"",""BRUNCH_SPOT"",""BAKERY"",""YARN_STORE""]},{""step"":432,""shops"":[""SMOOTHIE_SHOP"",""SMOOTHIE_SHOP"",""BRUNCH_SPOT"",""BAKERY"",""YARN_STORE"",""ICE_CREAM_SHOP""]},{""step"":504,""shops"":[""SMOOTHIE_SHOP"",""SMOOTHIE_SHOP"",""BRUNCH_SPOT"",""BAKERY"",""YARN_STORE"",""ICE_CREAM_SHOP"",""BAKERY""]},{""step"":576,""shops"":[""SMOOTHIE_SHOP"",""SMOOTHIE_SHOP"",""BRUNCH_SPOT"",""BAKERY"",""YARN_STORE"",""ICE_CREAM_SHOP"",""BAKERY"",""FARMERS_MARKET""]}]",experiments/round11_execution_20260924/track_b/market_kagsim/replays/m20_m11_final/metav4/seed_522609242_seat_0.json.gz,cd57a992f82929abfef6535620b9cba415b6c8d75e633c777cd3a9080569f3ea,dd704f0a9fa9d3fa3a8eee171892ee3859d4ed3195b2168b5a88682f51558d4d,9d63494603f88219857a3101d7dc19cc750ded04e5886732ee428580326967d9,0fe077cc65622d6f6828160d90b617595a4aa7ea188e4afc67bfee8e4d290c92,"{""players"":[{""sell_dead_units"":227,""refused_buy_product"":1,""refused_buy_seed"":0,""refused_buy_animal"":0,""refused_hire"":0,""refused_buy_land"":0,""hire_paid"":4164,""sell_zero_fill"":42,""buy_zero_fill"":1,""sell_revenue"":141612.0,""total_spend"":27428.0,""shed_discarded_units"":4,""sold_units"":1595,""feed_no_wheat"":0,""feed_no_animal"":0,""feed_redundant"":0,""water_dead"":11,""harvest_dead"":4,""plant_dead"":0,""animals_escaped"":0,""escape_capital"":0.0,""escape_yield_units"":0,""escape_first_day"":-1,""animal_unfed_days"":42,""plants_dry"":1,""dry_seed_cost"":100.0,""dry_yield_units"":0,""dry_first_day"":21,""plant_unwatered_days"":392,""decay_units"":18,""plants_decayed"":18,""silent_loss_coins"":100.0,""silent_loss_units"":22,""dead_actions"":41,""move_dead"":0,""locked_dead"":0,""pickup_dead"":0,""drop_dead"":0,""place_dead"":1,""build_dead"":0,""dig_dead"":3,""fertilize_dead"":1,""collect_dead"":8,""care_dead"":13,""tile_cap_units"":19,""fertilizer_forgone"":19,""care_unfed"":37,""animal_shed_days"":1,""idle_tile_days"":63,""weed_tile_days"":1,""hand_pass_turns"":363,""farmer_pass_turns"":61,""phantom_hand_actions"":0,""sell_floor_units"":20,""hire_premium"":3898,""shed_units_now"":0,""shed_value_now"":0.0,""animals_in_shed_now"":0,""seeds_unplanted_now"":1,""seeds_unplanted_cost_now"":10.0},{""sell_dead_units"":194,""refused_buy_product"":1,""refused_buy_seed"":0,""refused_buy_animal"":0,""refused_hire"":0,""refused_buy_land"":0,""hire_paid"":4164,""sell_zero_fill"":37,""buy_zero_fill"":1,""sell_revenue"":141126.0,""total_spend"":27888.0,""shed_discarded_units"":3,""sold_units"":1604,""feed_no_wheat"":0,""feed_no_animal"":0,""feed_redundant"":0,""water_dead"":11,""harvest_dead"":4,""plant_dead"":0,""animals_escaped"":0,""escape_capital"":0.0,""escape_yield_units"":0,""escape_first_day"":-1,""animal_unfed_days"":42,""plants_dry"":1,""dry_seed_cost"":100.0,""dry_yield_units"":0,""dry_first_day"":21,""plant_unwatered_days"":392,""decay_units"":18,""plants_decayed"":18,""silent_loss_coins"":100.0,""silent_loss_units"":21,""dead_actions"":42,""move_dead"":0,""locked_dead"":0,""pickup_dead"":0,""drop_dead"":0,""place_dead"":1,""build_dead"":0,""dig_dead"":3,""fertilize_dead"":2,""collect_dead"":8,""care_dead"":13,""tile_cap_units"":20,""fertilizer_forgone"":19,""care_unfed"":37,""animal_shed_days"":1,""idle_tile_days"":64,""weed_tile_days"":1,""hand_pass_turns"":378,""farmer_pass_turns"":60,""phantom_hand_actions"":0,""sell_floor_units"":21,""hire_premium"":3898,""shed_units_now"":0,""shed_value_now"":0.0,""animals_in_shed_now"":0,""seeds_unplanted_now"":1,""seeds_unplanted_cost_now"":10.0}]}","{""calls"":719,""eligible"":125,""changes"":0,""errors"":0,""evaluations"":193,""predicted_gain"":0.0,""mode"":""final""}",
m20_m11_final,B1,metav4,metav4,522609242,1,117184.0,116238.0,946.0,W,kagsim,5.658727,0,0,0,0,0,0,0,0,cd945f271e647a2f5fc263c386808ef34a28435ba33f723a6ccd7112be4b1a7c,"[{""step"":0,""shops"":[]},{""step"":72,""shops"":[""SMOOTHIE_SHOP""]},{""step"":144,""shops"":[""SMOOTHIE_SHOP"",""SMOOTHIE_SHOP""]},{""step"":216,""shops"":[""SMOOTHIE_SHOP"",""SMOOTHIE_SHOP"",""BRUNCH_SPOT""]},{""step"":288,""shops"":[""SMOOTHIE_SHOP"",""SMOOTHIE_SHOP"",""BRUNCH_SPOT"",""BAKERY""]},{""step"":360,""shops"":[""SMOOTHIE_SHOP"",""SMOOTHIE_SHOP"",""BRUNCH_SPOT"",""BAKERY"",""YARN_STORE""]},{""step"":432,""shops"":[""SMOOTHIE_SHOP"",""SMOOTHIE_SHOP"",""BRUNCH_SPOT"",""BAKERY"",""YARN_STORE"",""ICE_CREAM_SHOP""]},{""step"":504,""shops"":[""SMOOTHIE_SHOP"",""SMOOTHIE_SHOP"",""BRUNCH_SPOT"",""BAKERY"",""YARN_STORE"",""ICE_CREAM_SHOP"",""BAKERY""]},{""step"":576,""shops"":[""SMOOTHIE_SHOP"",""SMOOTHIE_SHOP"",""BRUNCH_SPOT"",""BAKERY"",""YARN_STORE"",""ICE_CREAM_SHOP"",""BAKERY"",""FARMERS_MARKET""]}]",experiments/round11_execution_20260924/track_b/market_kagsim/replays/m20_m11_final/metav4/seed_522609242_seat_1.json.gz,f0001c7a3c0ab8f3d8d7451ec4fa1949cb39fe1e341b134186b058e0226d5b44,dd704f0a9fa9d3fa3a8eee171892ee3859d4ed3195b2168b5a88682f51558d4d,9d63494603f88219857a3101d7dc19cc750ded04e5886732ee428580326967d9,0fe077cc65622d6f6828160d90b617595a4aa7ea188e4afc67bfee8e4d290c92,"{""players"":[{""sell_dead_units"":194,""refused_buy_product"":1,""refused_buy_seed"":0,""refused_buy_animal"":0,""refused_hire"":0,""refused_buy_land"":0,""hire_paid"":4164,""sell_zero_fill"":37,""buy_zero_fill"":1,""sell_revenue"":141126.0,""total_spend"":27888.0,""shed_discarded_units"":3,""sold_units"":1604,""feed_no_wheat"":0,""feed_no_animal"":0,""feed_redundant"":0,""water_dead"":11,""harvest_dead"":4,""plant_dead"":0,""animals_escaped"":0,""escape_capital"":0.0,""escape_yield_units"":0,""escape_first_day"":-1,""animal_unfed_days"":42,""plants_dry"":1,""dry_seed_cost"":100.0,""dry_yield_units"":0,""dry_first_day"":21,""plant_unwatered_days"":392,""decay_units"":18,""plants_decayed"":18,""silent_loss_coins"":100.0,""silent_loss_units"":21,""dead_actions"":42,""move_dead"":0,""locked_dead"":0,""pickup_dead"":0,""drop_dead"":0,""place_dead"":1,""build_dead"":0,""dig_dead"":3,""fertilize_dead"":2,""collect_dead"":8,""care_dead"":13,""tile_cap_units"":20,""fertilizer_forgone"":19,""care_unfed"":37,""animal_shed_days"":1,""idle_tile_days"":64,""weed_tile_days"":1,""hand_pass_turns"":378,""farmer_pass_turns"":60,""phantom_hand_actions"":0,""sell_floor_units"":21,""hire_premium"":3898,""shed_units_now"":0,""shed_value_now"":0.0,""animals_in_shed_now"":0,""seeds_unplanted_now"":1,""seeds_unplanted_cost_now"":10.0},{""sell_dead_units"":227,""refused_buy_product"":1,""refused_buy_seed"":0,""refused_buy_animal"":0,""refused_hire"":0,""refused_buy_land"":0,""hire_paid"":4164,""sell_zero_fill"":42,""buy_zero_fill"":1,""sell_revenue"":141612.0,""total_spend"":27428.0,""shed_discarded_units"":4,""sold_units"":1595,""feed_no_wheat"":0,""feed_no_animal"":0,""feed_redundant"":0,""water_dead"":11,""harvest_dead"":4,""plant_dead"":0,""animals_escaped"":0,""escape_capital"":0.0,""escape_yield_units"":0,""escape_first_day"":-1,""animal_unfed_days"":42,""plants_dry"":1,""dry_seed_cost"":100.0,""dry_yield_units"":0,""dry_first_day"":21,""plant_unwatered_days"":392,""decay_units"":18,""plants_decayed"":18,""silent_loss_coins"":100.0,""silent_loss_units"":22,""dead_actions"":41,""move_dead"":0,""locked_dead"":0,""pickup_dead"":0,""drop_dead"":0,""place_dead"":1,""build_dead"":0,""dig_dead"":3,""fertilize_dead"":1,""collect_dead"":8,""care_dead"":13,""tile_cap_units"":19,""fertilizer_forgone"":19,""care_unfed"":37,""animal_shed_days"":1,""idle_tile_days"":63,""weed_tile_days"":1,""hand_pass_turns"":363,""farmer_pass_turns"":61,""phantom_hand_actions"":0,""sell_floor_units"":20,""hire_premium"":3898,""shed_units_now"":0,""shed_value_now"":0.0,""animals_in_shed_now"":0,""seeds_unplanted_now"":1,""seeds_unplanted_cost_now"":10.0}]}","{""calls"":719,""eligible"":125,""changes"":0,""errors"":0,""evaluations"":193,""predicted_gain"":0.0,""mode"":""final""}",
m20_m11_final,B1,metav4,metav4,522609243,0,110361.0,110572.0,-211.0,L,kagsim,4.829719,0,0,0,0,0,0,0,0,499deac3e55076604cbfd1119bcc7d2b0dc4084111ee7286f71d9cd238ef4c7b,"[{""step"":0,""shops"":[]},{""step"":72,""shops"":[""BRUNCH_SPOT""]},{""step"":144,""shops"":[""BRUNCH_SPOT"",""ICE_CREAM_SHOP""]},{""step"":216,""shops"":[""BRUNCH_SPOT"",""ICE_CREAM_SHOP"",""FARMERS_MARKET""]},{""step"":288,""shops"":[""BRUNCH_SPOT"",""ICE_CREAM_SHOP"",""FARMERS_MARKET"",""ICE_CREAM_SHOP""]},{""step"":360,""shops"":[""BRUNCH_SPOT"",""ICE_CREAM_SHOP"",""FARMERS_MARKET"",""ICE_CREAM_SHOP"",""PIZZA_SHOP""]},{""step"":432,""shops"":[""BRUNCH_SPOT"",""ICE_CREAM_SHOP"",""FARMERS_MARKET"",""ICE_CREAM_SHOP"",""PIZZA_SHOP"",""FARMERS_MARKET""]},{""step"":504,""shops"":[""BRUNCH_SPOT"",""ICE_CREAM_SHOP"",""FARMERS_MARKET"",""ICE_CREAM_SHOP"",""PIZZA_SHOP"",""FARMERS_MARKET"",""BRUNCH_SPOT""]},{""step"":576,""shops"":[""BRUNCH_SPOT"",""ICE_CREAM_SHOP"",""FARMERS_MARKET"",""ICE_CREAM_SHOP"",""PIZZA_SHOP"",""FARMERS_MARKET"",""BRUNCH_SPOT"",""FARMERS_MARKET""]}]",experiments/round11_execution_20260924/track_b/market_kagsim/replays/m20_m11_final/metav4/seed_522609243_seat_0.json.gz,8fc6b99536174b9f5d53b9757679e53d347682db56f51642d7824d6f2e86ef3a,dd704f0a9fa9d3fa3a8eee171892ee3859d4ed3195b2168b5a88682f51558d4d,9d63494603f88219857a3101d7dc19cc750ded04e5886732ee428580326967d9,0fe077cc65622d6f6828160d90b617595a4aa7ea188e4afc67bfee8e4d290c92,"{""players"":[{""sell_dead_units"":215,""refused_buy_product"":1,""refused_buy_seed"":0,""refused_buy_animal"":0,""refused_hire"":0,""refused_buy_land"":0,""hire_paid"":4397,""sell_zero_fill"":34,""buy_zero_fill"":1,""sell_revenue"":136076.0,""total_spend"":28715.0,""shed_discarded_units"":4,""sold_units"":1597,""feed_no_wheat"":0,""feed_no_animal"":0,""feed_redundant"":0,""water_dead"":10,""harvest_dead"":3,""plant_dead"":0,""animals_escaped"":0,""escape_capital"":0.0,""escape_yield_units"":0,""escape_first_day"":-1,""animal_unfed_days"":85,""plants_dry"":1,""dry_seed_cost"":100.0,""dry_yield_units"":0,""dry_first_day"":21,""plant_unwatered_days"":391,""decay_units"":18,""plants_decayed"":18,""silent_loss_coins"":100.0,""silent_loss_units"":22,""dead_actions"":40,""move_dead"":0,""locked_dead"":0,""pickup_dead"":0,""drop_dead"":0,""place_dead"":1,""build_dead"":0,""dig_dead"":4,""fertilize_dead"":1,""collect_dead"":8,""care_dead"":13,""tile_cap_units"":21,""fertilizer_forgone"":19,""care_unfed"":80,""animal_shed_days"":1,""idle_tile_days"":63,""weed_tile_days"":1,""hand_pass_turns"":406,""farmer_pass_turns"":67,""phantom_hand_actions"":0,""sell_floor_units"":56,""hire_premium"":4129,""shed_units_now"":0,""shed_value_now"":0.0,""animals_in_shed_now"":0,""seeds_unplanted_now"":1,""seeds_unplanted_cost_now"":10.0},{""sell_dead_units"":190,""refused_buy_product"":1,""refused_buy_seed"":0,""refused_buy_animal"":0,""refused_hire"":0,""refused_buy_land"":0,""hire_paid"":7557,""sell_zero_fill"":34,""buy_zero_fill"":1,""sell_revenue"":144578.0,""total_spend"":37006.0,""shed_discarded_units"":1,""sold_units"":1663,""feed_no_wheat"":0,""feed_no_animal"":0,""feed_redundant"":0,""water_dead"":10,""harvest_dead"":3,""plant_dead"":0,""animals_escaped"":0,""escape_capital"":0.0,""escape_yield_units"":0,""escape_first_day"":-1,""animal_unfed_days"":85,""plants_dry"":1,""dry_seed_cost"":100.0,""dry_yield_units"":0,""dry_first_day"":21,""plant_unwatered_days"":421,""decay_units"":18,""plants_decayed"":18,""silent_loss_coins"":100.0,""silent_loss_units"":19,""dead_actions"":41,""move_dead"":0,""locked_dead"":0,""pickup_dead"":0,""drop_dead"":0,""place_dead"":1,""build_dead"":0,""dig_dead"":4,""fertilize_dead"":2,""collect_dead"":8,""care_dead"":13,""tile_cap_units"":21,""fertilizer_forgone"":19,""care_unfed"":80,""animal_shed_days"":1,""idle_tile_days"":229,""weed_tile_days"":18,""hand_pass_turns"":505,""farmer_pass_turns"":66,""phantom_hand_actions"":0,""sell_floor_units"":57,""hire_premium"":7273,""shed_units_now"":0,""shed_value_now"":0.0,""animals_in_shed_now"":0,""seeds_unplanted_now"":1,""seeds_unplanted_cost_now"":10.0}]}","{""calls"":719,""eligible"":127,""changes"":1,""errors"":0,""evaluations"":176,""predicted_gain"":6.0,""mode"":""final""}",
m20_m11_final,B1,metav4,metav4,522609243,1,110361.0,110572.0,-211.0,L,kagsim,4.706271,0,0,0,0,0,0,0,0,499deac3e55076604cbfd1119bcc7d2b0dc4084111ee7286f71d9cd238ef4c7b,"[{""step"":0,""shops"":[]},{""step"":72,""shops"":[""BRUNCH_SPOT""]},{""step"":144,""shops"":[""BRUNCH_SPOT"",""ICE_CREAM_SHOP""]},{""step"":216,""shops"":[""BRUNCH_SPOT"",""ICE_CREAM_SHOP"",""FARMERS_MARKET""]},{""step"":288,""shops"":[""BRUNCH_SPOT"",""ICE_CREAM_SHOP"",""FARMERS_MARKET"",""ICE_CREAM_SHOP""]},{""step"":360,""shops"":[""BRUNCH_SPOT"",""ICE_CREAM_SHOP"",""FARMERS_MARKET"",""ICE_CREAM_SHOP"",""PIZZA_SHOP""]},{""step"":432,""shops"":[""BRUNCH_SPOT"",""ICE_CREAM_SHOP"",""FARMERS_MARKET"",""ICE_CREAM_SHOP"",""PIZZA_SHOP"",""FARMERS_MARKET""]},{""step"":504,""shops"":[""BRUNCH_SPOT"",""ICE_CREAM_SHOP"",""FARMERS_MARKET"",""ICE_CREAM_SHOP"",""PIZZA_SHOP"",""FARMERS_MARKET"",""BRUNCH_SPOT""]},{""step"":576,""shops"":[""BRUNCH_SPOT"",""ICE_CREAM_SHOP"",""FARMERS_MARKET"",""ICE_CREAM_SHOP"",""PIZZA_SHOP"",""FARMERS_MARKET"",""BRUNCH_SPOT"",""FARMERS_MARKET""]}]",experiments/round11_execution_20260924/track_b/market_kagsim/replays/m20_m11_final/metav4/seed_522609243_seat_1.json.gz,c46df3c1ae6e3277bfeb62c49ad718f123bc9b8a0c86fc392f3628673653835c,dd704f0a9fa9d3fa3a8eee171892ee3859d4ed3195b2168b5a88682f51558d4d,9d63494603f88219857a3101d7dc19cc750ded04e5886732ee428580326967d9,0fe077cc65622d6f6828160d90b617595a4aa7ea188e4afc67bfee8e4d290c92,"{""players"":[{""sell_dead_units"":190,""refused_buy_product"":1,""refused_buy_seed"":0,""refused_buy_animal"":0,""refused_hire"":0,""refused_buy_land"":0,""hire_paid"":7557,""sell_zero_fill"":34,""buy_zero_fill"":1,""sell_revenue"":144578.0,""total_spend"":37006.0,""shed_discarded_units"":1,""sold_units"":1663,""feed_no_wheat"":0,""feed_no_animal"":0,""feed_redundant"":0,""water_dead"":10,""harvest_dead"":3,""plant_dead"":0,""animals_escaped"":0,""escape_capital"":0.0,""escape_yield_units"":0,""escape_first_day"":-1,""animal_unfed_days"":85,""plants_dry"":1,""dry_seed_cost"":100.0,""dry_yield_units"":0,""dry_first_day"":21,""plant_unwatered_days"":421,""decay_units"":18,""plants_decayed"":18,""silent_loss_coins"":100.0,""silent_loss_units"":19,""dead_actions"":41,""move_dead"":0,""locked_dead"":0,""pickup_dead"":0,""drop_dead"":0,""place_dead"":1,""build_dead"":0,""dig_dead"":4,""fertilize_dead"":2,""collect_dead"":8,""care_dead"":13,""tile_cap_units"":21,""fertilizer_forgone"":19,""care_unfed"":80,""animal_shed_days"":1,""idle_tile_days"":229,""weed_tile_days"":18,""hand_pass_turns"":505,""farmer_pass_turns"":66,""phantom_hand_actions"":0,""sell_floor_units"":57,""hire_premium"":7273,""shed_units_now"":0,""shed_value_now"":0.0,""animals_in_shed_now"":0,""seeds_unplanted_now"":1,""seeds_unplanted_cost_now"":10.0},{""sell_dead_units"":215,""refused_buy_product"":1,""refused_buy_seed"":0,""refused_buy_animal"":0,""refused_hire"":0,""refused_buy_land"":0,""hire_paid"":4397,""sell_zero_fill"":34,""buy_zero_fill"":1,""sell_revenue"":136076.0,""total_spend"":28715.0,""shed_discarded_units"":4,""sold_units"":1597,""feed_no_wheat"":0,""feed_no_animal"":0,""feed_redundant"":0,""water_dead"":10,""harvest_dead"":3,""plant_dead"":0,""animals_escaped"":0,""escape_capital"":0.0,""escape_yield_units"":0,""escape_first_day"":-1,""animal_unfed_days"":85,""plants_dry"":1,""dry_seed_cost"":100.0,""dry_yield_units"":0,""dry_first_day"":21,""plant_unwatered_days"":391,""decay_units"":18,""plants_decayed"":18,""silent_loss_coins"":100.0,""silent_loss_units"":22,""dead_actions"":40,""move_dead"":0,""locked_dead"":0,""pickup_dead"":0,""drop_dead"":0,""place_dead"":1,""build_dead"":0,""dig_dead"":4,""fertilize_dead"":1,""collect_dead"":8,""care_dead"":13,""tile_cap_units"":21,""fertilizer_forgone"":19,""care_unfed"":80,""animal_shed_days"":1,""idle_tile_days"":63,""weed_tile_days"":1,""hand_pass_turns"":406,""farmer_pass_turns"":67,""phantom_hand_actions"":0,""sell_floor_units"":56,""hire_premium"":4129,""shed_units_now"":0,""shed_value_now"":0.0,""animals_in_shed_now"":0,""seeds_unplanted_now"":1,""seeds_unplanted_cost_now"":10.0}]}","{""calls"":719,""eligible"":127,""changes"":1,""errors"":0,""evaluations"":176,""predicted_gain"":6.0,""mode"":""final""}",
m20_m11_final,B1,metav4,metav4,522609244,0,85591.0,84536.0,1055.0,W,kagsim,5.044005,0,0,0,0,0,0,0,0,29ae70298aff5372b49961180210c77419a07c48f2304c46e4887e3408b3f36c,"[{""step"":0,""shops"":[]},{""step"":72,""shops"":[""BAKERY""]},{""step"":144,""shops"":[""BAKERY"",""FARMERS_MARKET""]},{""step"":216,""shops"":[""BAKERY"",""FARMERS_MARKET"",""BRUNCH_SPOT""]},{""step"":288,""shops"":[""BAKERY"",""FARMERS_MARKET"",""BRUNCH_SPOT"",""YARN_STORE""]},{""step"":360,""shops"":[""BAKERY"",""FARMERS_MARKET"",""BRUNCH_SPOT"",""YARN_STORE"",""FARMERS_MARKET""]},{""step"":432,""shops"":[""BAKERY"",""FARMERS_MARKET"",""BRUNCH_SPOT"",""YARN_STORE"",""FARMERS_MARKET"",""BAKERY""]},{""step"":504,""shops"":[""BAKERY"",""FARMERS_MARKET"",""BRUNCH_SPOT"",""YARN_STORE"",""FARMERS_MARKET"",""BAKERY"",""BRUNCH_SPOT""]},{""step"":576,""shops"":[""BAKERY"",""FARMERS_MARKET"",""BRUNCH_SPOT"",""YARN_STORE"",""FARMERS_MARKET"",""BAKERY"",""BRUNCH_SPOT"",""ICE_CREAM_SHOP""]}]",experiments/round11_execution_20260924/track_b/market_kagsim/replays/m20_m11_final/metav4/seed_522609244_seat_0.json.gz,08fa906ec720f5967c303ca232116a7f3bf1a2e4175f19a0d859645747cbaf8a,dd704f0a9fa9d3fa3a8eee171892ee3859d4ed3195b2168b5a88682f51558d4d,9d63494603f88219857a3101d7dc19cc750ded04e5886732ee428580326967d9,0fe077cc65622d6f6828160d90b617595a4aa7ea188e4afc67bfee8e4d290c92,"{""players"":[{""sell_dead_units"":2280,""refused_buy_product"":5,""refused_buy_seed"":0,""refused_buy_animal"":0,""refused_hire"":0,""refused_buy_land"":0,""hire_paid"":4397,""sell_zero_fill"":47,""buy_zero_fill"":1,""sell_revenue"":127857.0,""total_spend"":45266.0,""shed_discarded_units"":11,""sold_units"":2011,""feed_no_wheat"":0,""feed_no_animal"":0,""feed_redundant"":0,""water_dead"":12,""harvest_dead"":4,""plant_dead"":0,""animals_escaped"":0,""escape_capital"":0.0,""escape_yield_units"":0,""escape_first_day"":-1,""animal_unfed_days"":78,""plants_dry"":2,""dry_seed_cost"":120.0,""dry_yield_units"":1,""dry_first_day"":21,""plant_unwatered_days"":387,""decay_units"":18,""plants_decayed"":18,""silent_loss_coins"":120.0,""silent_loss_units"":30,""dead_actions"":47,""move_dead"":0,""locked_dead"":0,""pickup_dead"":0,""drop_dead"":0,""place_dead"":1,""build_dead"":0,""dig_dead"":2,""fertilize_dead"":1,""collect_dead"":3,""care_dead"":24,""tile_cap_units"":19,""fertilizer_forgone"":22,""care_unfed"":74,""animal_shed_days"":1,""idle_tile_days"":64,""weed_tile_days"":2,""hand_pass_turns"":368,""farmer_pass_turns"":64,""phantom_hand_actions"":0,""sell_floor_units"":83,""hire_premium"":4129,""shed_units_now"":0,""shed_value_now"":0.0,""animals_in_shed_now"":0,""seeds_unplanted_now"":3,""seeds_unplanted_cost_now"":30.0},{""sell_dead_units"":281,""refused_buy_product"":5,""refused_buy_seed"":0,""refused_buy_animal"":0,""refused_hire"":0,""refused_buy_land"":0,""hire_paid"":4397,""sell_zero_fill"":43,""buy_zero_fill"":1,""sell_revenue"":127303.0,""total_spend"":45767.0,""shed_discarded_units"":8,""sold_units"":2022,""feed_no_wheat"":0,""feed_no_animal"":0,""feed_redundant"":0,""water_dead"":13,""harvest_dead"":5,""plant_dead"":0,""animals_escaped"":0,""escape_capital"":0.0,""escape_yield_units"":0,""escape_first_day"":-1,""animal_unfed_days"":78,""plants_dry"":2,""dry_seed_cost"":120.0,""dry_yield_units"":1,""dry_first_day"":21,""plant_unwatered_days"":386,""decay_units"":18,""plants_decayed"":18,""silent_loss_coins"":120.0,""silent_loss_units"":27,""dead_actions"":50,""move_dead"":0,""locked_dead"":0,""pickup_dead"":0,""drop_dead"":0,""place_dead"":1,""build_dead"":0,""dig_dead"":2,""fertilize_dead"":2,""collect_dead"":3,""care_dead"":24,""tile_cap_units"":21,""fertilizer_forgone"":22,""care_unfed"":74,""animal_shed_days"":1,""idle_tile_days"":67,""weed_tile_days"":3,""hand_pass_turns"":383,""farmer_pass_turns"":64,""phantom_hand_actions"":0,""sell_floor_units"":88,""hire_premium"":4129,""shed_units_now"":0,""shed_value_now"":0.0,""animals_in_shed_now"":0,""seeds_unplanted_now"":2,""seeds_unplanted_cost_now"":20.0}]}","{""calls"":719,""eligible"":121,""changes"":2,""errors"":0,""evaluations"":385,""predicted_gain"":18.0,""mode"":""final""}",
m20_m11_final,B1,metav4,metav4,522609244,1,85511.0,84616.0,895.0,W,kagsim,5.067115,0,0,0,0,0,0,0,0,29ae70298aff5372b49961180210c77419a07c48f2304c46e4887e3408b3f36c,"[{""step"":0,""shops"":[]},{""step"":72,""shops"":[""BAKERY""]},{""step"":144,""shops"":[""BAKERY"",""FARMERS_MARKET""]},{""step"":216,""shops"":[""BAKERY"",""FARMERS_MARKET"",""BRUNCH_SPOT""]},{""step"":288,""shops"":[""BAKERY"",""FARMERS_MARKET"",""BRUNCH_SPOT"",""YARN_STORE""]},{""step"":360,""shops"":[""BAKERY"",""FARMERS_MARKET"",""BRUNCH_SPOT"",""YARN_STORE"",""FARMERS_MARKET""]},{""step"":432,""shops"":[""BAKERY"",""FARMERS_MARKET"",""BRUNCH_SPOT"",""YARN_STORE"",""FARMERS_MARKET"",""BAKERY""]},{""step"":504,""shops"":[""BAKERY"",""FARMERS_MARKET"",""BRUNCH_SPOT"",""YARN_STORE"",""FARMERS_MARKET"",""BAKERY"",""BRUNCH_SPOT""]},{""step"":576,""shops"":[""BAKERY"",""FARMERS_MARKET"",""BRUNCH_SPOT"",""YARN_STORE"",""FARMERS_MARKET"",""BAKERY"",""BRUNCH_SPOT"",""ICE_CREAM_SHOP""]}]",experiments/round11_execution_20260924/track_b/market_kagsim/replays/m20_m11_final/metav4/seed_522609244_seat_1.json.gz,f3fd27cb8b3eaad22db93610dc21029d4e21912db4ab8bdf002a3afdfcbadd97,dd704f0a9fa9d3fa3a8eee171892ee3859d4ed3195b2168b5a88682f51558d4d,9d63494603f88219857a3101d7dc19cc750ded04e5886732ee428580326967d9,0fe077cc65622d6f6828160d90b617595a4aa7ea188e4afc67bfee8e4d290c92,"{""players"":[{""sell_dead_units"":281,""refused_buy_product"":5,""refused_buy_seed"":0,""refused_buy_animal"":0,""refused_hire"":0,""refused_buy_land"":0,""hire_paid"":4397,""sell_zero_fill"":43,""buy_zero_fill"":1,""sell_revenue"":127303.0,""total_spend"":45687.0,""shed_discarded_units"":8,""sold_units"":2022,""feed_no_wheat"":0,""feed_no_animal"":0,""feed_redundant"":0,""water_dead"":12,""harvest_dead"":4,""plant_dead"":0,""animals_escaped"":0,""escape_capital"":0.0,""escape_yield_units"":0,""escape_first_day"":-1,""animal_unfed_days"":78,""plants_dry"":2,""dry_seed_cost"":120.0,""dry_yield_units"":1,""dry_first_day"":21,""plant_unwatered_days"":387,""decay_units"":18,""plants_decayed"":18,""silent_loss_coins"":120.0,""silent_loss_units"":27,""dead_actions"":48,""move_dead"":0,""locked_dead"":0,""pickup_dead"":0,""drop_dead"":0,""place_dead"":1,""build_dead"":0,""dig_dead"":2,""fertilize_dead"":2,""collect_dead"":3,""care_dead"":24,""tile_cap_units"":21,""fertilizer_forgone"":22,""care_unfed"":74,""animal_shed_days"":1,""idle_tile_days"":65,""weed_tile_days"":2,""hand_pass_turns"":382,""farmer_pass_turns"":64,""phantom_hand_actions"":0,""sell_floor_units"":88,""hire_premium"":4129,""shed_units_now"":0,""shed_value_now"":0.0,""animals_in_shed_now"":0,""seeds_unplanted_now"":1,""seeds_unplanted_cost_now"":10.0},{""sell_dead_units"":2280,""refused_buy_product"":5,""refused_buy_seed"":0,""refused_buy_animal"":0,""refused_hire"":0,""refused_buy_land"":0,""hire_paid"":4397,""sell_zero_fill"":47,""buy_zero_fill"":1,""sell_revenue"":127857.0,""total_spend"":45346.0,""shed_discarded_units"":11,""sold_units"":2011,""feed_no_wheat"":0,""feed_no_animal"":0,""feed_redundant"":0,""water_dead"":13,""harvest_dead"":5,""plant_dead"":0,""animals_escaped"":0,""escape_capital"":0.0,""escape_yield_units"":0,""escape_first_day"":-1,""animal_unfed_days"":78,""plants_dry"":2,""dry_seed_cost"":120.0,""dry_yield_units"":1,""dry_first_day"":21,""plant_unwatered_days"":386,""decay_units"":18,""plants_decayed"":18,""silent_loss_coins"":120.0,""silent_loss_units"":30,""dead_actions"":49,""move_dead"":0,""locked_dead"":0,""pickup_dead"":0,""drop_dead"":0,""place_dead"":1,""build_dead"":0,""dig_dead"":2,""fertilize_dead"":1,""collect_dead"":3,""care_dead"":24,""tile_cap_units"":19,""fertilizer_forgone"":22,""care_unfed"":74,""animal_shed_days"":1,""idle_tile_days"":66,""weed_tile_days"":3,""hand_pass_turns"":369,""farmer_pass_turns"":64,""phantom_hand_actions"":0,""sell_floor_units"":83,""hire_premium"":4129,""shed_units_now"":0,""shed_value_now"":0.0,""animals_in_shed_now"":0,""seeds_unplanted_now"":4,""seeds_unplanted_cost_now"":40.0}]}","{""calls"":719,""eligible"":121,""changes"":2,""errors"":0,""evaluations"":385,""predicted_gain"":18.0,""mode"":""final""}",
m20_m11_final,B1,order_book,order_book,522609241,0,113635.0,113223.0,412.0,W,kagsim,5.257203,0,0,0,0,0,0,0,0,3d5abadf277ffbf26faf5853b80f902eec0bdb2b3d07a15179f8411eccf494e5,"[{""step"":0,""shops"":[]},{""step"":72,""shops"":[""YARN_STORE""]},{""step"":144,""shops"":[""YARN_STORE"",""BRUNCH_SPOT""]},{""step"":216,""shops"":[""YARN_STORE"",""BRUNCH_SPOT"",""ICE_CREAM_SHOP""]},{""step"":288,""shops"":[""YARN_STORE"",""BRUNCH_SPOT"",""ICE_CREAM_SHOP"",""ICE_CREAM_SHOP""]},{""step"":360,""shops"":[""YARN_STORE"",""BRUNCH_SPOT"",""ICE_CREAM_SHOP"",""ICE_CREAM_SHOP"",""BRUNCH_SPOT""]},{""step"":432,""shops"":[""YARN_STORE"",""BRUNCH_SPOT"",""ICE_CREAM_SHOP"",""ICE_CREAM_SHOP"",""BRUNCH_SPOT"",""BRUNCH_SPOT""]},{""step"":504,""shops"":[""YARN_STORE"",""BRUNCH_SPOT"",""ICE_CREAM_SHOP"",""ICE_CREAM_SHOP"",""BRUNCH_SPOT"",""BRUNCH_SPOT"",""FARMERS_MARKET""]},{""step"":576,""shops"":[""YARN_STORE"",""BRUNCH_SPOT"",""ICE_CREAM_SHOP"",""ICE_CREAM_SHOP"",""BRUNCH_SPOT"",""BRUNCH_SPOT"",""FARMERS_MARKET"",""BRUNCH_SPOT""]}]",experiments/round11_execution_20260924/track_b/market_kagsim/replays/m20_m11_final/order_book/seed_522609241_seat_0.json.gz,209ce209cc92efa3a503537596688bb81c0dc706b6d549c05820ac849aa5ddca,dd704f0a9fa9d3fa3a8eee171892ee3859d4ed3195b2168b5a88682f51558d4d,a16e0e9b40c489972630a0b9d04f30e9c1cab03159fa78676db74277d84d82ab,0fe077cc65622d6f6828160d90b617595a4aa7ea188e4afc67bfee8e4d290c92,"{""players"":[{""sell_dead_units"":194,""refused_buy_product"":1,""refused_buy_seed"":0,""refused_buy_animal"":0,""refused_hire"":0,""refused_buy_land"":0,""hire_paid"":5659,""sell_zero_fill"":18,""buy_zero_fill"":1,""sell_revenue"":140364.0,""total_spend"":29729.0,""shed_discarded_units"":32,""sold_units"":1549,""feed_no_wheat"":0,""feed_no_animal"":0,""feed_redundant"":0,""water_dead"":1,""harvest_dead"":4,""plant_dead"":0,""animals_escaped"":0,""escape_capital"":0.0,""escape_yield_units"":0,""escape_first_day"":-1,""animal_unfed_days"":62,""plants_dry"":1,""dry_seed_cost"":100.0,""dry_yield_units"":0,""dry_first_day"":21,""plant_unwatered_days"":385,""decay_units"":18,""plants_decayed"":18,""silent_loss_coins"":100.0,""silent_loss_units"":50,""dead_actions"":17,""move_dead"":0,""locked_dead"":0,""pickup_dead"":0,""drop_dead"":0,""place_dead"":1,""build_dead"":0,""dig_dead"":2,""fertilize_dead"":0,""collect_dead"":4,""care_dead"":5,""tile_cap_units"":9,""fertilizer_forgone"":14,""care_unfed"":58,""animal_shed_days"":0,""idle_tile_days"":62,""weed_tile_days"":1,""hand_pass_turns"":616,""farmer_pass_turns"":83,""phantom_hand_actions"":0,""sell_floor_units"":60,""hire_premium"":5377,""shed_units_now"":0,""shed_value_now"":0.0,""animals_in_shed_now"":0,""seeds_unplanted_now"":0,""seeds_unplanted_cost_now"":0.0},{""sell_dead_units"":187,""refused_buy_product"":1,""refused_buy_seed"":0,""refused_buy_animal"":0,""refused_hire"":0,""refused_buy_land"":0,""hire_paid"":5659,""sell_zero_fill"":18,""buy_zero_fill"":1,""sell_revenue"":140308.0,""total_spend"":30085.0,""shed_discarded_units"":32,""sold_units"":1559,""feed_no_wheat"":0,""feed_no_animal"":0,""feed_redundant"":0,""water_dead"":1,""harvest_dead"":6,""plant_dead"":0,""animals_escaped"":0,""escape_capital"":0.0,""escape_yield_units"":0,""escape_first_day"":-1,""animal_unfed_days"":62,""plants_dry"":1,""dry_seed_cost"":100.0,""dry_yield_units"":0,""dry_first_day"":21,""plant_unwatered_days"":385,""decay_units"":18,""plants_decayed"":18,""silent_loss_coins"":100.0,""silent_loss_units"":50,""dead_actions"":20,""move_dead"":0,""locked_dead"":0,""pickup_dead"":0,""drop_dead"":0,""place_dead"":2,""build_dead"":0,""dig_dead"":2,""fertilize_dead"":0,""collect_dead"":4,""care_dead"":5,""tile_cap_units"":9,""fertilizer_forgone"":14,""care_unfed"":58,""animal_shed_days"":0,""idle_tile_days"":62,""weed_tile_days"":1,""hand_pass_turns"":615,""farmer_pass_turns"":83,""phantom_hand_actions"":0,""sell_floor_units"":61,""hire_premium"":5377,""shed_units_now"":0,""shed_value_now"":0.0,""animals_in_shed_now"":0,""seeds_unplanted_now"":0,""seeds_unplanted_cost_now"":0.0}]}","{""calls"":719,""eligible"":86,""changes"":1,""errors"":0,""evaluations"":152,""predicted_gain"":15.0,""mode"":""final""}",
m20_m11_final,B1,order_book,order_book,522609241,1,113635.0,113223.0,412.0,W,kagsim,5.253504,0,0,0,0,0,0,0,0,3d5abadf277ffbf26faf5853b80f902eec0bdb2b3d07a15179f8411eccf494e5,"[{""step"":0,""shops"":[]},{""step"":72,""shops"":[""YARN_STORE""]},{""step"":144,""shops"":[""YARN_STORE"",""BRUNCH_SPOT""]},{""step"":216,""shops"":[""YARN_STORE"",""BRUNCH_SPOT"",""ICE_CREAM_SHOP""]},{""step"":288,""shops"":[""YARN_STORE"",""BRUNCH_SPOT"",""ICE_CREAM_SHOP"",""ICE_CREAM_SHOP""]},{""step"":360,""shops"":[""YARN_STORE"",""BRUNCH_SPOT"",""ICE_CREAM_SHOP"",""ICE_CREAM_SHOP"",""BRUNCH_SPOT""]},{""step"":432,""shops"":[""YARN_STORE"",""BRUNCH_SPOT"",""ICE_CREAM_SHOP"",""ICE_CREAM_SHOP"",""BRUNCH_SPOT"",""BRUNCH_SPOT""]},{""step"":504,""shops"":[""YARN_STORE"",""BRUNCH_SPOT"",""ICE_CREAM_SHOP"",""ICE_CREAM_SHOP"",""BRUNCH_SPOT"",""BRUNCH_SPOT"",""FARMERS_MARKET""]},{""step"":576,""shops"":[""YARN_STORE"",""BRUNCH_SPOT"",""ICE_CREAM_SHOP"",""ICE_CREAM_SHOP"",""BRUNCH_SPOT"",""BRUNCH_SPOT"",""FARMERS_MARKET"",""BRUNCH_SPOT""]}]",experiments/round11_execution_20260924/track_b/market_kagsim/replays/m20_m11_final/order_book/seed_522609241_seat_1.json.gz,5879976eec77ce9d6356dfbec0fcb9de2fd1e8cfa7f2bba877861489f96fcfab,dd704f0a9fa9d3fa3a8eee171892ee3859d4ed3195b2168b5a88682f51558d4d,a16e0e9b40c489972630a0b9d04f30e9c1cab03159fa78676db74277d84d82ab,0fe077cc65622d6f6828160d90b617595a4aa7ea188e4afc67bfee8e4d290c92,"{""players"":[{""sell_dead_units"":187,""refused_buy_product"":1,""refused_buy_seed"":0,""refused_buy_animal"":0,""refused_hire"":0,""refused_buy_land"":0,""hire_paid"":5659,""sell_zero_fill"":18,""buy_zero_fill"":1,""sell_revenue"":140308.0,""total_spend"":30085.0,""shed_discarded_units"":32,""sold_units"":1559,""feed_no_wheat"":0,""feed_no_animal"":0,""feed_redundant"":0,""water_dead"":1,""harvest_dead"":6,""plant_dead"":0,""animals_escaped"":0,""escape_capital"":0.0,""escape_yield_units"":0,""escape_first_day"":-1,""animal_unfed_days"":62,""plants_dry"":1,""dry_seed_cost"":100.0,""dry_yield_units"":0,""dry_first_day"":21,""plant_unwatered_days"":385,""decay_units"":18,""plants_decayed"":18,""silent_loss_coins"":100.0,""silent_loss_units"":50,""dead_actions"":20,""move_dead"":0,""locked_dead"":0,""pickup_dead"":0,""drop_dead"":0,""place_dead"":2,""build_dead"":0,""dig_dead"":2,""fertilize_dead"":0,""collect_dead"":4,""care_dead"":5,""tile_cap_units"":9,""fertilizer_forgone"":14,""care_unfed"":58,""animal_shed_days"":0,""idle_tile_days"":62,""weed_tile_days"":1,""hand_pass_turns"":615,""farmer_pass_turns"":83,""phantom_hand_actions"":0,""sell_floor_units"":61,""hire_premium"":5377,""shed_units_now"":0,""shed_value_now"":0.0,""animals_in_shed_now"":0,""seeds_unplanted_now"":0,""seeds_unplanted_cost_now"":0.0},{""sell_dead_units"":194,""refused_buy_product"":1,""refused_buy_seed"":0,""refused_buy_animal"":0,""refused_hire"":0,""refused_buy_land"":0,""hire_paid"":5659,""sell_zero_fill"":18,""buy_zero_fill"":1,""sell_revenue"":140364.0,""total_spend"":29729.0,""shed_discarded_units"":32,""sold_units"":1549,""feed_no_wheat"":0,""feed_no_animal"":0,""feed_redundant"":0,""water_dead"":1,""harvest_dead"":4,""plant_dead"":0,""animals_escaped"":0,""escape_capital"":0.0,""escape_yield_units"":0,""escape_first_day"":-1,""animal_unfed_days"":62,""plants_dry"":1,""dry_seed_cost"":100.0,""dry_yield_units"":0,""dry_first_day"":21,""plant_unwatered_days"":385,""decay_units"":18,""plants_decayed"":18,""silent_loss_coins"":100.0,""silent_loss_units"":50,""dead_actions"":17,""move_dead"":0,""locked_dead"":0,""pickup_dead"":0,""drop_dead"":0,""place_dead"":1,""build_dead"":0,""dig_dead"":2,""fertilize_dead"":0,""collect_dead"":4,""care_dead"":5,""tile_cap_units"":9,""fertilizer_forgone"":14,""care_unfed"":58,""animal_shed_days"":0,""idle_tile_days"":62,""weed_tile_days"":1,""hand_pass_turns"":616,""farmer_pass_turns"":83,""phantom_hand_actions"":0,""sell_floor_units"":60,""hire_premium"":5377,""shed_units_now"":0,""shed_value_now"":0.0,""animals_in_shed_now"":0,""seeds_unplanted_now"":0,""seeds_unplanted_cost_now"":0.0}]}","{""calls"":719,""eligible"":86,""changes"":1,""errors"":0,""evaluations"":152,""predicted_gain"":15.0,""mode"":""final""}",
m20_m11_final,B1,order_book,order_book,522609242,0,116832.0,116460.0,372.0,W,kagsim,5.944525,0,0,0,0,0,0,0,0,cd945f271e647a2f5fc263c386808ef34a28435ba33f723a6ccd7112be4b1a7c,"[{""step"":0,""shops"":[]},{""step"":72,""shops"":[""SMOOTHIE_SHOP""]},{""step"":144,""shops"":[""SMOOTHIE_SHOP"",""SMOOTHIE_SHOP""]},{""step"":216,""shops"":[""SMOOTHIE_SHOP"",""SMOOTHIE_SHOP"",""BRUNCH_SPOT""]},{""step"":288,""shops"":[""SMOOTHIE_SHOP"",""SMOOTHIE_SHOP"",""BRUNCH_SPOT"",""BAKERY""]},{""step"":360,""shops"":[""SMOOTHIE_SHOP"",""SMOOTHIE_SHOP"",""BRUNCH_SPOT"",""BAKERY"",""YARN_STORE""]},{""step"":432,""shops"":[""SMOOTHIE_SHOP"",""SMOOTHIE_SHOP"",""BRUNCH_SPOT"",""BAKERY"",""YARN_STORE"",""ICE_CREAM_SHOP""]},{""step"":504,""shops"":[""SMOOTHIE_SHOP"",""SMOOTHIE_SHOP"",""BRUNCH_SPOT"",""BAKERY"",""YARN_STORE"",""ICE_CREAM_SHOP"",""BAKERY""]},{""step"":576,""shops"":[""SMOOTHIE_SHOP"",""SMOOTHIE_SHOP"",""BRUNCH_SPOT"",""BAKERY"",""YARN_STORE"",""ICE_CREAM_SHOP"",""BAKERY"",""FARMERS_MARKET""]}]",experiments/round11_execution_20260924/track_b/market_kagsim/replays/m20_m11_final/order_book/seed_522609242_seat_0.json.gz,932f9f1c108a8a532cac8301ef30ec21e621ea283bddd017bb2f999b57ee39e4,dd704f0a9fa9d3fa3a8eee171892ee3859d4ed3195b2168b5a88682f51558d4d,a16e0e9b40c489972630a0b9d04f30e9c1cab03159fa78676db74277d84d82ab,0fe077cc65622d6f6828160d90b617595a4aa7ea188e4afc67bfee8e4d290c92,"{""players"":[{""sell_dead_units"":221,""refused_buy_product"":1,""refused_buy_seed"":0,""refused_buy_animal"":0,""refused_hire"":0,""refused_buy_land"":0,""hire_paid"":4164,""sell_zero_fill"":41,""buy_zero_fill"":1,""sell_revenue"":141257.0,""total_spend"":27425.0,""shed_discarded_units"":4,""sold_units"":1595,""feed_no_wheat"":0,""feed_no_animal"":0,""feed_redundant"":0,""water_dead"":11,""harvest_dead"":4,""plant_dead"":0,""animals_escaped"":0,""escape_capital"":0.0,""escape_yield_units"":0,""escape_first_day"":-1,""animal_unfed_days"":42,""plants_dry"":1,""dry_seed_cost"":100.0,""dry_yield_units"":0,""dry_first_day"":21,""plant_unwatered_days"":392,""decay_units"":18,""plants_decayed"":18,""silent_loss_coins"":100.0,""silent_loss_units"":22,""dead_actions"":41,""move_dead"":0,""locked_dead"":0,""pickup_dead"":0,""drop_dead"":0,""place_dead"":1,""build_dead"":0,""dig_dead"":3,""fertilize_dead"":1,""collect_dead"":8,""care_dead"":13,""tile_cap_units"":19,""fertilizer_forgone"":19,""care_unfed"":37,""animal_shed_days"":1,""idle_tile_days"":63,""weed_tile_days"":1,""hand_pass_turns"":363,""farmer_pass_turns"":61,""phantom_hand_actions"":0,""sell_floor_units"":21,""hire_premium"":3898,""shed_units_now"":0,""shed_value_now"":0.0,""animals_in_shed_now"":0,""seeds_unplanted_now"":1,""seeds_unplanted_cost_now"":10.0},{""sell_dead_units"":205,""refused_buy_product"":1,""refused_buy_seed"":0,""refused_buy_animal"":0,""refused_hire"":0,""refused_buy_land"":0,""hire_paid"":4164,""sell_zero_fill"":38,""buy_zero_fill"":1,""sell_revenue"":141241.0,""total_spend"":27781.0,""shed_discarded_units"":3,""sold_units"":1604,""feed_no_wheat"":0,""feed_no_animal"":0,""feed_redundant"":0,""water_dead"":11,""harvest_dead"":4,""plant_dead"":0,""animals_escaped"":0,""escape_capital"":0.0,""escape_yield_units"":0,""escape_first_day"":-1,""animal_unfed_days"":42,""plants_dry"":1,""dry_seed_cost"":100.0,""dry_yield_units"":0,""dry_first_day"":21,""plant_unwatered_days"":392,""decay_units"":18,""plants_decayed"":18,""silent_loss_coins"":100.0,""silent_loss_units"":21,""dead_actions"":42,""move_dead"":0,""locked_dead"":0,""pickup_dead"":0,""drop_dead"":0,""place_dead"":1,""build_dead"":0,""dig_dead"":3,""fertilize_dead"":2,""collect_dead"":8,""care_dead"":13,""tile_cap_units"":20,""fertilizer_forgone"":19,""care_unfed"":37,""animal_shed_days"":1,""idle_tile_days"":63,""weed_tile_days"":1,""hand_pass_turns"":361,""farmer_pass_turns"":60,""phantom_hand_actions"":0,""sell_floor_units"":21,""hire_premium"":3898,""shed_units_now"":0,""shed_value_now"":0.0,""animals_in_shed_now"":0,""seeds_unplanted_now"":1,""seeds_unplanted_cost_now"":10.0}]}","{""calls"":719,""eligible"":125,""changes"":0,""errors"":0,""evaluations"":194,""predicted_gain"":0.0,""mode"":""final""}",
m20_m11_final,B1,order_book,order_book,522609242,1,116832.0,116460.0,372.0,W,kagsim,5.906589,0,0,0,0,0,0,0,0,cd945f271e647a2f5fc263c386808ef34a28435ba33f723a6ccd7112be4b1a7c,"[{""step"":0,""shops"":[]},{""step"":72,""shops"":[""SMOOTHIE_SHOP""]},{""step"":144,""shops"":[""SMOOTHIE_SHOP"",""SMOOTHIE_SHOP""]},{""step"":216,""shops"":[""SMOOTHIE_SHOP"",""SMOOTHIE_SHOP"",""BRUNCH_SPOT""]},{""step"":288,""shops"":[""SMOOTHIE_SHOP"",""SMOOTHIE_SHOP"",""BRUNCH_SPOT"",""BAKERY""]},{""step"":360,""shops"":[""SMOOTHIE_SHOP"",""SMOOTHIE_SHOP"",""BRUNCH_SPOT"",""BAKERY"",""YARN_STORE""]},{""step"":432,""shops"":[""SMOOTHIE_SHOP"",""SMOOTHIE_SHOP"",""BRUNCH_SPOT"",""BAKERY"",""YARN_STORE"",""ICE_CREAM_SHOP""]},{""step"":504,""shops"":[""SMOOTHIE_SHOP"",""SMOOTHIE_SHOP"",""BRUNCH_SPOT"",""BAKERY"",""YARN_STORE"",""ICE_CREAM_SHOP"",""BAKERY""]},{""step"":576,""shops"":[""SMOOTHIE_SHOP"",""SMOOTHIE_SHOP"",""BRUNCH_SPOT"",""BAKERY"",""YARN_STORE"",""ICE_CREAM_SHOP"",""BAKERY"",""FARMERS_MARKET""]}]",experiments/round11_execution_20260924/track_b/market_kagsim/replays/m20_m11_final/order_book/seed_522609242_seat_1.json.gz,b98993b314882fb0a0f8ac68ec27c005f0dc43e5f9776a86d19a6e9e1762df91,dd704f0a9fa9d3fa3a8eee171892ee3859d4ed3195b2168b5a88682f51558d4d,a16e0e9b40c489972630a0b9d04f30e9c1cab03159fa78676db74277d84d82ab,0fe077cc65622d6f6828160d90b617595a4aa7ea188e4afc67bfee8e4d290c92,"{""players"":[{""sell_dead_units"":205,""refused_buy_product"":1,""refused_buy_seed"":0,""refused_buy_animal"":0,""refused_hire"":0,""refused_buy_land"":0,""hire_paid"":4164,""sell_zero_fill"":38,""buy_zero_fill"":1,""sell_revenue"":141241.0,""total_spend"":27781.0,""shed_discarded_units"":3,""sold_units"":1604,""feed_no_wheat"":0,""feed_no_animal"":0,""feed_redundant"":0,""water_dead"":11,""harvest_dead"":4,""plant_dead"":0,""animals_escaped"":0,""escape_capital"":0.0,""escape_yield_units"":0,""escape_first_day"":-1,""animal_unfed_days"":42,""plants_dry"":1,""dry_seed_cost"":100.0,""dry_yield_units"":0,""dry_first_day"":21,""plant_unwatered_days"":392,""decay_units"":18,""plants_decayed"":18,""silent_loss_coins"":100.0,""silent_loss_units"":21,""dead_actions"":42,""move_dead"":0,""locked_dead"":0,""pickup_dead"":0,""drop_dead"":0,""place_dead"":1,""build_dead"":0,""dig_dead"":3,""fertilize_dead"":2,""collect_dead"":8,""care_dead"":13,""tile_cap_units"":20,""fertilizer_forgone"":19,""care_unfed"":37,""animal_shed_days"":1,""idle_tile_days"":63,""weed_tile_days"":1,""hand_pass_turns"":361,""farmer_pass_turns"":60,""phantom_hand_actions"":0,""sell_floor_units"":21,""hire_premium"":3898,""shed_units_now"":0,""shed_value_now"":0.0,""animals_in_shed_now"":0,""seeds_unplanted_now"":1,""seeds_unplanted_cost_now"":10.0},{""sell_dead_units"":221,""refused_buy_product"":1,""refused_buy_seed"":0,""refused_buy_animal"":0,""refused_hire"":0,""refused_buy_land"":0,""hire_paid"":4164,""sell_zero_fill"":41,""buy_zero_fill"":1,""sell_revenue"":141257.0,""total_spend"":27425.0,""shed_discarded_units"":4,""sold_units"":1595,""feed_no_wheat"":0,""feed_no_animal"":0,""feed_redundant"":0,""water_dead"":11,""harvest_dead"":4,""plant_dead"":0,""animals_escaped"":0,""escape_capital"":0.0,""escape_yield_units"":0,""escape_first_day"":-1,""animal_unfed_days"":42,""plants_dry"":1,""dry_seed_cost"":100.0,""dry_yield_units"":0,""dry_first_day"":21,""plant_unwatered_days"":392,""decay_units"":18,""plants_decayed"":18,""silent_loss_coins"":100.0,""silent_loss_units"":22,""dead_actions"":41,""move_dead"":0,""locked_dead"":0,""pickup_dead"":0,""drop_dead"":0,""place_dead"":1,""build_dead"":0,""dig_dead"":3,""fertilize_dead"":1,""collect_dead"":8,""care_dead"":13,""tile_cap_units"":19,""fertilizer_forgone"":19,""care_unfed"":37,""animal_shed_days"":1,""idle_tile_days"":63,""weed_tile_days"":1,""hand_pass_turns"":363,""farmer_pass_turns"":61,""phantom_hand_actions"":0,""sell_floor_units"":21,""hire_premium"":3898,""shed_units_now"":0,""shed_value_now"":0.0,""animals_in_shed_now"":0,""seeds_unplanted_now"":1,""seeds_unplanted_cost_now"":10.0}]}","{""calls"":719,""eligible"":125,""changes"":0,""errors"":0,""evaluations"":194,""predicted_gain"":0.0,""mode"":""final""}",
m20_m11_final,B1,order_book,order_book,522609243,0,110570.0,110409.0,161.0,W,kagsim,5.243934,0,0,0,0,0,0,0,0,1d04709202fcf76383345d9e691360d89980e8b74a1a6a0b3b3159e5c4342665,"[{""step"":0,""shops"":[]},{""step"":72,""shops"":[""BRUNCH_SPOT""]},{""step"":144,""shops"":[""BRUNCH_SPOT"",""ICE_CREAM_SHOP""]},{""step"":216,""shops"":[""BRUNCH_SPOT"",""ICE_CREAM_SHOP"",""FARMERS_MARKET""]},{""step"":288,""shops"":[""BRUNCH_SPOT"",""ICE_CREAM_SHOP"",""FARMERS_MARKET"",""ICE_CREAM_SHOP""]},{""step"":360,""shops"":[""BRUNCH_SPOT"",""ICE_CREAM_SHOP"",""FARMERS_MARKET"",""ICE_CREAM_SHOP"",""PIZZA_SHOP""]},{""step"":432,""shops"":[""BRUNCH_SPOT"",""ICE_CREAM_SHOP"",""FARMERS_MARKET"",""ICE_CREAM_SHOP"",""PIZZA_SHOP"",""FARMERS_MARKET""]},{""step"":504,""shops"":[""BRUNCH_SPOT"",""ICE_CREAM_SHOP"",""FARMERS_MARKET"",""ICE_CREAM_SHOP"",""PIZZA_SHOP"",""FARMERS_MARKET"",""BAKERY""]},{""step"":576,""shops"":[""BRUNCH_SPOT"",""ICE_CREAM_SHOP"",""FARMERS_MARKET"",""ICE_CREAM_SHOP"",""PIZZA_SHOP"",""FARMERS_MARKET"",""BAKERY"",""PIZZA_SHOP""]}]",experiments/round11_execution_20260924/track_b/market_kagsim/replays/m20_m11_final/order_book/seed_522609243_seat_0.json.gz,e7399850c1f36e4543db33c3d264ee4d0bef64d727a12e755dac3a36b4545c06,dd704f0a9fa9d3fa3a8eee171892ee3859d4ed3195b2168b5a88682f51558d4d,a16e0e9b40c489972630a0b9d04f30e9c1cab03159fa78676db74277d84d82ab,0fe077cc65622d6f6828160d90b617595a4aa7ea188e4afc67bfee8e4d290c92,"{""players"":[{""sell_dead_units"":200,""refused_buy_product"":1,""refused_buy_seed"":0,""refused_buy_animal"":0,""refused_hire"":0,""refused_buy_land"":0,""hire_paid"":4397,""sell_zero_fill"":34,""buy_zero_fill"":1,""sell_revenue"":136292.0,""total_spend"":28722.0,""shed_discarded_units"":3,""sold_units"":1603,""feed_no_wheat"":0,""feed_no_animal"":0,""feed_redundant"":0,""water_dead"":10,""harvest_dead"":3,""plant_dead"":0,""animals_escaped"":0,""escape_capital"":0.0,""escape_yield_units"":0,""escape_first_day"":-1,""animal_unfed_days"":77,""plants_dry"":1,""dry_seed_cost"":100.0,""dry_yield_units"":0,""dry_first_day"":21,""plant_unwatered_days"":391,""decay_units"":18,""plants_decayed"":18,""silent_loss_coins"":100.0,""silent_loss_units"":21,""dead_actions"":40,""move_dead"":0,""locked_dead"":0,""pickup_dead"":0,""drop_dead"":0,""place_dead"":1,""build_dead"":0,""dig_dead"":4,""fertilize_dead"":1,""collect_dead"":8,""care_dead"":13,""tile_cap_units"":23,""fertilizer_forgone"":18,""care_unfed"":73,""animal_shed_days"":1,""idle_tile_days"":63,""weed_tile_days"":1,""hand_pass_turns"":398,""farmer_pass_turns"":67,""phantom_hand_actions"":0,""sell_floor_units"":54,""hire_premium"":4129,""shed_units_now"":0,""shed_value_now"":0.0,""animals_in_shed_now"":0,""seeds_unplanted_now"":1,""seeds_unplanted_cost_now"":10.0},{""sell_dead_units"":199,""refused_buy_product"":1,""refused_buy_seed"":0,""refused_buy_animal"":0,""refused_hire"":0,""refused_buy_land"":0,""hire_paid"":4397,""sell_zero_fill"":34,""buy_zero_fill"":1,""sell_revenue"":136489.0,""total_spend"":29080.0,""shed_discarded_units"":1,""sold_units"":1613,""feed_no_wheat"":0,""feed_no_animal"":0,""feed_redundant"":0,""water_dead"":10,""harvest_dead"":3,""plant_dead"":0,""animals_escaped"":0,""escape_capital"":0.0,""escape_yield_units"":0,""escape_first_day"":-1,""animal_unfed_days"":77,""plants_dry"":1,""dry_seed_cost"":100.0,""dry_yield_units"":0,""dry_first_day"":21,""plant_unwatered_days"":391,""decay_units"":18,""plants_decayed"":18,""silent_loss_coins"":100.0,""silent_loss_units"":19,""dead_actions"":41,""move_dead"":0,""locked_dead"":0,""pickup_dead"":0,""drop_dead"":0,""place_dead"":1,""build_dead"":0,""dig_dead"":4,""fertilize_dead"":2,""collect_dead"":8,""care_dead"":13,""tile_cap_units"":22,""fertilizer_forgone"":19,""care_unfed"":73,""animal_shed_days"":1,""idle_tile_days"":63,""weed_tile_days"":1,""hand_pass_turns"":395,""farmer_pass_turns"":66,""phantom_hand_actions"":0,""sell_floor_units"":54,""hire_premium"":4129,""shed_units_now"":0,""shed_value_now"":0.0,""animals_in_shed_now"":0,""seeds_unplanted_now"":1,""seeds_unplanted_cost_now"":10.0}]}","{""calls"":719,""eligible"":125,""changes"":2,""errors"":0,""evaluations"":182,""predicted_gain"":13.0,""mode"":""final""}",
m20_m11_final,B1,order_book,order_book,522609243,1,110570.0,110409.0,161.0,W,kagsim,5.426042,0,0,0,0,0,0,0,0,1d04709202fcf76383345d9e691360d89980e8b74a1a6a0b3b3159e5c4342665,"[{""step"":0,""shops"":[]},{""step"":72,""shops"":[""BRUNCH_SPOT""]},{""step"":144,""shops"":[""BRUNCH_SPOT"",""ICE_CREAM_SHOP""]},{""step"":216,""shops"":[""BRUNCH_SPOT"",""ICE_CREAM_SHOP"",""FARMERS_MARKET""]},{""step"":288,""shops"":[""BRUNCH_SPOT"",""ICE_CREAM_SHOP"",""FARMERS_MARKET"",""ICE_CREAM_SHOP""]},{""step"":360,""shops"":[""BRUNCH_SPOT"",""ICE_CREAM_SHOP"",""FARMERS_MARKET"",""ICE_CREAM_SHOP"",""PIZZA_SHOP""]},{""step"":432,""shops"":[""BRUNCH_SPOT"",""ICE_CREAM_SHOP"",""FARMERS_MARKET"",""ICE_CREAM_SHOP"",""PIZZA_SHOP"",""FARMERS_MARKET""]},{""step"":504,""shops"":[""BRUNCH_SPOT"",""ICE_CREAM_SHOP"",""FARMERS_MARKET"",""ICE_CREAM_SHOP"",""PIZZA_SHOP"",""FARMERS_MARKET"",""BAKERY""]},{""step"":576,""shops"":[""BRUNCH_SPOT"",""ICE_CREAM_SHOP"",""FARMERS_MARKET"",""ICE_CREAM_SHOP"",""PIZZA_SHOP"",""FARMERS_MARKET"",""BAKERY"",""PIZZA_SHOP""]}]",experiments/round11_execution_20260924/track_b/market_kagsim/replays/m20_m11_final/order_book/seed_522609243_seat_1.json.gz,ab19b04fb34b4ce49b4c8bc1bcec0c29552136f5ec4b0e3c344d889b3f820f70,dd704f0a9fa9d3fa3a8eee171892ee3859d4ed3195b2168b5a88682f51558d4d,a16e0e9b40c489972630a0b9d04f30e9c1cab03159fa78676db74277d84d82ab,0fe077cc65622d6f6828160d90b617595a4aa7ea188e4afc67bfee8e4d290c92,"{""players"":[{""sell_dead_units"":199,""refused_buy_product"":1,""refused_buy_seed"":0,""refused_buy_animal"":0,""refused_hire"":0,""refused_buy_land"":0,""hire_paid"":4397,""sell_zero_fill"":34,""buy_zero_fill"":1,""sell_revenue"":136489.0,""total_spend"":29080.0,""shed_discarded_units"":1,""sold_units"":1613,""feed_no_wheat"":0,""feed_no_animal"":0,""feed_redundant"":0,""water_dead"":10,""harvest_dead"":3,""plant_dead"":0,""animals_escaped"":0,""escape_capital"":0.0,""escape_yield_units"":0,""escape_first_day"":-1,""animal_unfed_days"":77,""plants_dry"":1,""dry_seed_cost"":100.0,""dry_yield_units"":0,""dry_first_day"":21,""plant_unwatered_days"":391,""decay_units"":18,""plants_decayed"":18,""silent_loss_coins"":100.0,""silent_loss_units"":19,""dead_actions"":41,""move_dead"":0,""locked_dead"":0,""pickup_dead"":0,""drop_dead"":0,""place_dead"":1,""build_dead"":0,""dig_dead"":4,""fertilize_dead"":2,""collect_dead"":8,""care_dead"":13,""tile_cap_units"":22,""fertilizer_forgone"":19,""care_unfed"":73,""animal_shed_days"":1,""idle_tile_days"":63,""weed_tile_days"":1,""hand_pass_turns"":395,""farmer_pass_turns"":66,""phantom_hand_actions"":0,""sell_floor_units"":54,""hire_premium"":4129,""shed_units_now"":0,""shed_value_now"":0.0,""animals_in_shed_now"":0,""seeds_unplanted_now"":1,""seeds_unplanted_cost_now"":10.0},{""sell_dead_units"":200,""refused_buy_product"":1,""refused_buy_seed"":0,""refused_buy_animal"":0,""refused_hire"":0,""refused_buy_land"":0,""hire_paid"":4397,""sell_zero_fill"":34,""buy_zero_fill"":1,""sell_revenue"":136292.0,""total_spend"":28722.0,""shed_discarded_units"":3,""sold_units"":1603,""feed_no_wheat"":0,""feed_no_animal"":0,""feed_redundant"":0,""water_dead"":10,""harvest_dead"":3,""plant_dead"":0,""animals_escaped"":0,""escape_capital"":0.0,""escape_yield_units"":0,""escape_first_day"":-1,""animal_unfed_days"":77,""plants_dry"":1,""dry_seed_cost"":100.0,""dry_yield_units"":0,""dry_first_day"":21,""plant_unwatered_days"":391,""decay_units"":18,""plants_decayed"":18,""silent_loss_coins"":100.0,""silent_loss_units"":21,""dead_actions"":40,""move_dead"":0,""locked_dead"":0,""pickup_dead"":0,""drop_dead"":0,""place_dead"":1,""build_dead"":0,""dig_dead"":4,""fertilize_dead"":1,""collect_dead"":8,""care_dead"":13,""tile_cap_units"":23,""fertilizer_forgone"":18,""care_unfed"":73,""animal_shed_days"":1,""idle_tile_days"":63,""weed_tile_days"":1,""hand_pass_turns"":398,""farmer_pass_turns"":67,""phantom_hand_actions"":0,""sell_floor_units"":54,""hire_premium"":4129,""shed_units_now"":0,""shed_value_now"":0.0,""animals_in_shed_now"":0,""seeds_unplanted_now"":1,""seeds_unplanted_cost_now"":10.0}]}","{""calls"":719,""eligible"":125,""changes"":2,""errors"":0,""evaluations"":182,""predicted_gain"":13.0,""mode"":""final""}",
m20_m11_final,B1,order_book,order_book,522609244,0,85384.0,84451.0,933.0,W,kagsim,6.121611,0,0,0,0,0,0,0,0,29ae70298aff5372b49961180210c77419a07c48f2304c46e4887e3408b3f36c,"[{""step"":0,""shops"":[]},{""step"":72,""shops"":[""BAKERY""]},{""step"":144,""shops"":[""BAKERY"",""FARMERS_MARKET""]},{""step"":216,""shops"":[""BAKERY"",""FARMERS_MARKET"",""BRUNCH_SPOT""]},{""step"":288,""shops"":[""BAKERY"",""FARMERS_MARKET"",""BRUNCH_SPOT"",""YARN_STORE""]},{""step"":360,""shops"":[""BAKERY"",""FARMERS_MARKET"",""BRUNCH_SPOT"",""YARN_STORE"",""FARMERS_MARKET""]},{""step"":432,""shops"":[""BAKERY"",""FARMERS_MARKET"",""BRUNCH_SPOT"",""YARN_STORE"",""FARMERS_MARKET"",""BAKERY""]},{""step"":504,""shops"":[""BAKERY"",""FARMERS_MARKET"",""BRUNCH_SPOT"",""YARN_STORE"",""FARMERS_MARKET"",""BAKERY"",""BRUNCH_SPOT""]},{""step"":576,""shops"":[""BAKERY"",""FARMERS_MARKET"",""BRUNCH_SPOT"",""YARN_STORE"",""FARMERS_MARKET"",""BAKERY"",""BRUNCH_SPOT"",""ICE_CREAM_SHOP""]}]",experiments/round11_execution_20260924/track_b/market_kagsim/replays/m20_m11_final/order_book/seed_522609244_seat_0.json.gz,4b3fdcecbf9c9a9c9a6cd93a573bad08f503b2c117b6e4ffa794e90923c5462c,dd704f0a9fa9d3fa3a8eee171892ee3859d4ed3195b2168b5a88682f51558d4d,a16e0e9b40c489972630a0b9d04f30e9c1cab03159fa78676db74277d84d82ab,0fe077cc65622d6f6828160d90b617595a4aa7ea188e4afc67bfee8e4d290c92,"{""players"":[{""sell_dead_units"":2280,""refused_buy_product"":5,""refused_buy_seed"":0,""refused_buy_animal"":0,""refused_hire"":0,""refused_buy_land"":0,""hire_paid"":4397,""sell_zero_fill"":47,""buy_zero_fill"":1,""sell_revenue"":127673.0,""total_spend"":45289.0,""shed_discarded_units"":11,""sold_units"":2011,""feed_no_wheat"":0,""feed_no_animal"":0,""feed_redundant"":0,""water_dead"":12,""harvest_dead"":4,""plant_dead"":0,""animals_escaped"":0,""escape_capital"":0.0,""escape_yield_units"":0,""escape_first_day"":-1,""animal_unfed_days"":78,""plants_dry"":2,""dry_seed_cost"":120.0,""dry_yield_units"":1,""dry_first_day"":21,""plant_unwatered_days"":387,""decay_units"":18,""plants_decayed"":18,""silent_loss_coins"":120.0,""silent_loss_units"":30,""dead_actions"":47,""move_dead"":0,""locked_dead"":0,""pickup_dead"":0,""drop_dead"":0,""place_dead"":1,""build_dead"":0,""dig_dead"":2,""fertilize_dead"":1,""collect_dead"":3,""care_dead"":24,""tile_cap_units"":19,""fertilizer_forgone"":22,""care_unfed"":74,""animal_shed_days"":1,""idle_tile_days"":64,""weed_tile_days"":2,""hand_pass_turns"":368,""farmer_pass_turns"":64,""phantom_hand_actions"":0,""sell_floor_units"":83,""hire_premium"":4129,""shed_units_now"":0,""shed_value_now"":0.0,""animals_in_shed_now"":0,""seeds_unplanted_now"":5,""seeds_unplanted_cost_now"":70.0},{""sell_dead_units"":1280,""refused_buy_product"":5,""refused_buy_seed"":0,""refused_buy_animal"":0,""refused_hire"":0,""refused_buy_land"":0,""hire_paid"":4397,""sell_zero_fill"":46,""buy_zero_fill"":1,""sell_revenue"":127301.0,""total_spend"":45850.0,""shed_discarded_units"":8,""sold_units"":2022,""feed_no_wheat"":0,""feed_no_animal"":0,""feed_redundant"":0,""water_dead"":13,""harvest_dead"":5,""plant_dead"":0,""animals_escaped"":0,""escape_capital"":0.0,""escape_yield_units"":0,""escape_first_day"":-1,""animal_unfed_days"":78,""plants_dry"":2,""dry_seed_cost"":120.0,""dry_yield_units"":1,""dry_first_day"":21,""plant_unwatered_days"":386,""decay_units"":18,""plants_decayed"":18,""silent_loss_coins"":120.0,""silent_loss_units"":27,""dead_actions"":50,""move_dead"":0,""locked_dead"":0,""pickup_dead"":0,""drop_dead"":0,""place_dead"":1,""build_dead"":0,""dig_dead"":2,""fertilize_dead"":2,""collect_dead"":3,""care_dead"":24,""tile_cap_units"":21,""fertilizer_forgone"":22,""care_unfed"":74,""animal_shed_days"":1,""idle_tile_days"":66,""weed_tile_days"":3,""hand_pass_turns"":366,""farmer_pass_turns"":64,""phantom_hand_actions"":0,""sell_floor_units"":88,""hire_premium"":4129,""shed_units_now"":0,""shed_value_now"":0.0,""animals_in_shed_now"":0,""seeds_unplanted_now"":12,""seeds_unplanted_cost_now"":200.0}]}","{""calls"":719,""eligible"":121,""changes"":2,""errors"":0,""evaluations"":363,""predicted_gain"":18.0,""mode"":""final""}",
m20_m11_final,B1,order_book,order_book,522609244,1,85304.0,84531.0,773.0,W,kagsim,6.160634,0,0,0,0,0,0,0,0,29ae70298aff5372b49961180210c77419a07c48f2304c46e4887e3408b3f36c,"[{""step"":0,""shops"":[]},{""step"":72,""shops"":[""BAKERY""]},{""step"":144,""shops"":[""BAKERY"",""FARMERS_MARKET""]},{""step"":216,""shops"":[""BAKERY"",""FARMERS_MARKET"",""BRUNCH_SPOT""]},{""step"":288,""shops"":[""BAKERY"",""FARMERS_MARKET"",""BRUNCH_SPOT"",""YARN_STORE""]},{""step"":360,""shops"":[""BAKERY"",""FARMERS_MARKET"",""BRUNCH_SPOT"",""YARN_STORE"",""FARMERS_MARKET""]},{""step"":432,""shops"":[""BAKERY"",""FARMERS_MARKET"",""BRUNCH_SPOT"",""YARN_STORE"",""FARMERS_MARKET"",""BAKERY""]},{""step"":504,""shops"":[""BAKERY"",""FARMERS_MARKET"",""BRUNCH_SPOT"",""YARN_STORE"",""FARMERS_MARKET"",""BAKERY"",""BRUNCH_SPOT""]},{""step"":576,""shops"":[""BAKERY"",""FARMERS_MARKET"",""BRUNCH_SPOT"",""YARN_STORE"",""FARMERS_MARKET"",""BAKERY"",""BRUNCH_SPOT"",""ICE_CREAM_SHOP""]}]",experiments/round11_execution_20260924/track_b/market_kagsim/replays/m20_m11_final/order_book/seed_522609244_seat_1.json.gz,2188ef7e0386c9cc0653f85f129a11fc28e8ccbf63644b8fc4ff2b74cb84f390,dd704f0a9fa9d3fa3a8eee171892ee3859d4ed3195b2168b5a88682f51558d4d,a16e0e9b40c489972630a0b9d04f30e9c1cab03159fa78676db74277d84d82ab,0fe077cc65622d6f6828160d90b617595a4aa7ea188e4afc67bfee8e4d290c92,"{""players"":[{""sell_dead_units"":1280,""refused_buy_product"":5,""refused_buy_seed"":0,""refused_buy_animal"":0,""refused_hire"":0,""refused_buy_land"":0,""hire_paid"":4397,""sell_zero_fill"":46,""buy_zero_fill"":1,""sell_revenue"":127301.0,""total_spend"":45770.0,""shed_discarded_units"":8,""sold_units"":2022,""feed_no_wheat"":0,""feed_no_animal"":0,""feed_redundant"":0,""water_dead"":12,""harvest_dead"":4,""plant_dead"":0,""animals_escaped"":0,""escape_capital"":0.0,""escape_yield_units"":0,""escape_first_day"":-1,""animal_unfed_days"":78,""plants_dry"":2,""dry_seed_cost"":120.0,""dry_yield_units"":1,""dry_first_day"":21,""plant_unwatered_days"":387,""decay_units"":18,""plants_decayed"":18,""silent_loss_coins"":120.0,""silent_loss_units"":27,""dead_actions"":48,""move_dead"":0,""locked_dead"":0,""pickup_dead"":0,""drop_dead"":0,""place_dead"":1,""build_dead"":0,""dig_dead"":2,""fertilize_dead"":2,""collect_dead"":3,""care_dead"":24,""tile_cap_units"":21,""fertilizer_forgone"":22,""care_unfed"":74,""animal_shed_days"":1,""idle_tile_days"":64,""weed_tile_days"":2,""hand_pass_turns"":365,""farmer_pass_turns"":64,""phantom_hand_actions"":0,""sell_floor_units"":88,""hire_premium"":4129,""shed_units_now"":0,""shed_value_now"":0.0,""animals_in_shed_now"":0,""seeds_unplanted_now"":11,""seeds_unplanted_cost_now"":190.0},{""sell_dead_units"":2280,""refused_buy_product"":5,""refused_buy_seed"":0,""refused_buy_animal"":0,""refused_hire"":0,""refused_buy_land"":0,""hire_paid"":4397,""sell_zero_fill"":47,""buy_zero_fill"":1,""sell_revenue"":127673.0,""total_spend"":45369.0,""shed_discarded_units"":11,""sold_units"":2011,""feed_no_wheat"":0,""feed_no_animal"":0,""feed_redundant"":0,""water_dead"":13,""harvest_dead"":5,""plant_dead"":0,""animals_escaped"":0,""escape_capital"":0.0,""escape_yield_units"":0,""escape_first_day"":-1,""animal_unfed_days"":78,""plants_dry"":2,""dry_seed_cost"":120.0,""dry_yield_units"":1,""dry_first_day"":21,""plant_unwatered_days"":386,""decay_units"":18,""plants_decayed"":18,""silent_loss_coins"":120.0,""silent_loss_units"":30,""dead_actions"":49,""move_dead"":0,""locked_dead"":0,""pickup_dead"":0,""drop_dead"":0,""place_dead"":1,""build_dead"":0,""dig_dead"":2,""fertilize_dead"":1,""collect_dead"":3,""care_dead"":24,""tile_cap_units"":19,""fertilizer_forgone"":22,""care_unfed"":74,""animal_shed_days"":1,""idle_tile_days"":66,""weed_tile_days"":3,""hand_pass_turns"":369,""farmer_pass_turns"":64,""phantom_hand_actions"":0,""sell_floor_units"":83,""hire_premium"":4129,""shed_units_now"":0,""shed_value_now"":0.0,""animals_in_shed_now"":0,""seeds_unplanted_now"":6,""seeds_unplanted_cost_now"":80.0}]}","{""calls"":719,""eligible"":121,""changes"":2,""errors"":0,""evaluations"":363,""predicted_gain"":18.0,""mode"":""final""}",
m20_m11_final,B1,v57,public_router,522609241,0,113722.0,113508.0,214.0,W,kagsim,4.733007,0,0,0,0,0,0,0,0,3d5abadf277ffbf26faf5853b80f902eec0bdb2b3d07a15179f8411eccf494e5,"[{""step"":0,""shops"":[]},{""step"":72,""shops"":[""YARN_STORE""]},{""step"":144,""shops"":[""YARN_STORE"",""BRUNCH_SPOT""]},{""step"":216,""shops"":[""YARN_STORE"",""BRUNCH_SPOT"",""ICE_CREAM_SHOP""]},{""step"":288,""shops"":[""YARN_STORE"",""BRUNCH_SPOT"",""ICE_CREAM_SHOP"",""ICE_CREAM_SHOP""]},{""step"":360,""shops"":[""YARN_STORE"",""BRUNCH_SPOT"",""ICE_CREAM_SHOP"",""ICE_CREAM_SHOP"",""BRUNCH_SPOT""]},{""step"":432,""shops"":[""YARN_STORE"",""BRUNCH_SPOT"",""ICE_CREAM_SHOP"",""ICE_CREAM_SHOP"",""BRUNCH_SPOT"",""BRUNCH_SPOT""]},{""step"":504,""shops"":[""YARN_STORE"",""BRUNCH_SPOT"",""ICE_CREAM_SHOP"",""ICE_CREAM_SHOP"",""BRUNCH_SPOT"",""BRUNCH_SPOT"",""FARMERS_MARKET""]},{""step"":576,""shops"":[""YARN_STORE"",""BRUNCH_SPOT"",""ICE_CREAM_SHOP"",""ICE_CREAM_SHOP"",""BRUNCH_SPOT"",""BRUNCH_SPOT"",""FARMERS_MARKET"",""BRUNCH_SPOT""]}]",experiments/round11_execution_20260924/track_b/market_kagsim/replays/m20_m11_final/v57/seed_522609241_seat_0.json.gz,a27a38c64f834b1a94bd4964144858d144f4976f60d2806ce077ae7b6b6e88d1,dd704f0a9fa9d3fa3a8eee171892ee3859d4ed3195b2168b5a88682f51558d4d,2ee689fdc58f38b7bf6b80b8d3f48129d19b47201dbee51fdcbd977498a5106f,0fe077cc65622d6f6828160d90b617595a4aa7ea188e4afc67bfee8e4d290c92,"{""players"":[{""sell_dead_units"":194,""refused_buy_product"":1,""refused_buy_seed"":0,""refused_buy_animal"":0,""refused_hire"":0,""refused_buy_land"":0,""hire_paid"":5659,""sell_zero_fill"":18,""buy_zero_fill"":1,""sell_revenue"":140450.0,""total_spend"":29728.0,""shed_discarded_units"":32,""sold_units"":1549,""feed_no_wheat"":0,""feed_no_animal"":0,""feed_redundant"":0,""water_dead"":1,""harvest_dead"":4,""plant_dead"":0,""animals_escaped"":0,""escape_capital"":0.0,""escape_yield_units"":0,""escape_first_day"":-1,""animal_unfed_days"":62,""plants_dry"":1,""dry_seed_cost"":100.0,""dry_yield_units"":0,""dry_first_day"":21,""plant_unwatered_days"":385,""decay_units"":18,""plants_decayed"":18,""silent_loss_coins"":100.0,""silent_loss_units"":50,""dead_actions"":17,""move_dead"":0,""locked_dead"":0,""pickup_dead"":0,""drop_dead"":0,""place_dead"":1,""build_dead"":0,""dig_dead"":2,""fertilize_dead"":0,""collect_dead"":4,""care_dead"":5,""tile_cap_units"":9,""fertilizer_forgone"":14,""care_unfed"":58,""animal_shed_days"":0,""idle_tile_days"":62,""weed_tile_days"":1,""hand_pass_turns"":616,""farmer_pass_turns"":83,""phantom_hand_actions"":0,""sell_floor_units"":63,""hire_premium"":5377,""shed_units_now"":0,""shed_value_now"":0.0,""animals_in_shed_now"":0,""seeds_unplanted_now"":0,""seeds_unplanted_cost_now"":0.0},{""sell_dead_units"":193,""refused_buy_product"":1,""refused_buy_seed"":0,""refused_buy_animal"":0,""refused_hire"":0,""refused_buy_land"":0,""hire_paid"":5659,""sell_zero_fill"":18,""buy_zero_fill"":1,""sell_revenue"":140588.0,""total_spend"":30080.0,""shed_discarded_units"":32,""sold_units"":1557,""feed_no_wheat"":0,""feed_no_animal"":0,""feed_redundant"":0,""water_dead"":1,""harvest_dead"":6,""plant_dead"":0,""animals_escaped"":0,""escape_capital"":0.0,""escape_yield_units"":0,""escape_first_day"":-1,""animal_unfed_days"":62,""plants_dry"":1,""dry_seed_cost"":100.0,""dry_yield_units"":0,""dry_first_day"":21,""plant_unwatered_days"":385,""decay_units"":18,""plants_decayed"":18,""silent_loss_coins"":100.0,""silent_loss_units"":50,""dead_actions"":20,""move_dead"":0,""locked_dead"":0,""pickup_dead"":0,""drop_dead"":0,""place_dead"":2,""build_dead"":0,""dig_dead"":2,""fertilize_dead"":0,""collect_dead"":4,""care_dead"":5,""tile_cap_units"":9,""fertilizer_forgone"":14,""care_unfed"":58,""animal_shed_days"":0,""idle_tile_days"":62,""weed_tile_days"":1,""hand_pass_turns"":615,""farmer_pass_turns"":83,""phantom_hand_actions"":0,""sell_floor_units"":61,""hire_premium"":5377,""shed_units_now"":0,""shed_value_now"":0.0,""animals_in_shed_now"":0,""seeds_unplanted_now"":0,""seeds_unplanted_cost_now"":0.0}]}","{""calls"":719,""eligible"":87,""changes"":1,""errors"":0,""evaluations"":148,""predicted_gain"":15.0,""mode"":""final""}",
m20_m11_final,B1,v57,public_router,522609241,1,113722.0,113508.0,214.0,W,kagsim,4.515797,0,0,0,0,0,0,0,0,3d5abadf277ffbf26faf5853b80f902eec0bdb2b3d07a15179f8411eccf494e5,"[{""step"":0,""shops"":[]},{""step"":72,""shops"":[""YARN_STORE""]},{""step"":144,""shops"":[""YARN_STORE"",""BRUNCH_SPOT""]},{""step"":216,""shops"":[""YARN_STORE"",""BRUNCH_SPOT"",""ICE_CREAM_SHOP""]},{""step"":288,""shops"":[""YARN_STORE"",""BRUNCH_SPOT"",""ICE_CREAM_SHOP"",""ICE_CREAM_SHOP""]},{""step"":360,""shops"":[""YARN_STORE"",""BRUNCH_SPOT"",""ICE_CREAM_SHOP"",""ICE_CREAM_SHOP"",""BRUNCH_SPOT""]},{""step"":432,""shops"":[""YARN_STORE"",""BRUNCH_SPOT"",""ICE_CREAM_SHOP"",""ICE_CREAM_SHOP"",""BRUNCH_SPOT"",""BRUNCH_SPOT""]},{""step"":504,""shops"":[""YARN_STORE"",""BRUNCH_SPOT"",""ICE_CREAM_SHOP"",""ICE_CREAM_SHOP"",""BRUNCH_SPOT"",""BRUNCH_SPOT"",""FARMERS_MARKET""]},{""step"":576,""shops"":[""YARN_STORE"",""BRUNCH_SPOT"",""ICE_CREAM_SHOP"",""ICE_CREAM_SHOP"",""BRUNCH_SPOT"",""BRUNCH_SPOT"",""FARMERS_MARKET"",""BRUNCH_SPOT""]}]",experiments/round11_execution_20260924/track_b/market_kagsim/replays/m20_m11_final/v57/seed_522609241_seat_1.json.gz,42a4bc51c8ea5b3e8c50ecb4be1b936f0eaa8c2e1cb7a185091b1fe2513035de,dd704f0a9fa9d3fa3a8eee171892ee3859d4ed3195b2168b5a88682f51558d4d,2ee689fdc58f38b7bf6b80b8d3f48129d19b47201dbee51fdcbd977498a5106f,0fe077cc65622d6f6828160d90b617595a4aa7ea188e4afc67bfee8e4d290c92,"{""players"":[{""sell_dead_units"":193,""refused_buy_product"":1,""refused_buy_seed"":0,""refused_buy_animal"":0,""refused_hire"":0,""refused_buy_land"":0,""hire_paid"":5659,""sell_zero_fill"":18,""buy_zero_fill"":1,""sell_revenue"":140588.0,""total_spend"":30080.0,""shed_discarded_units"":32,""sold_units"":1557,""feed_no_wheat"":0,""feed_no_animal"":0,""feed_redundant"":0,""water_dead"":1,""harvest_dead"":6,""plant_dead"":0,""animals_escaped"":0,""escape_capital"":0.0,""escape_yield_units"":0,""escape_first_day"":-1,""animal_unfed_days"":62,""plants_dry"":1,""dry_seed_cost"":100.0,""dry_yield_units"":0,""dry_first_day"":21,""plant_unwatered_days"":385,""decay_units"":18,""plants_decayed"":18,""silent_loss_coins"":100.0,""silent_loss_units"":50,""dead_actions"":20,""move_dead"":0,""locked_dead"":0,""pickup_dead"":0,""drop_dead"":0,""place_dead"":2,""build_dead"":0,""dig_dead"":2,""fertilize_dead"":0,""collect_dead"":4,""care_dead"":5,""tile_cap_units"":9,""fertilizer_forgone"":14,""care_unfed"":58,""animal_shed_days"":0,""idle_tile_days"":62,""weed_tile_days"":1,""hand_pass_turns"":615,""farmer_pass_turns"":83,""phantom_hand_actions"":0,""sell_floor_units"":61,""hire_premium"":5377,""shed_units_now"":0,""shed_value_now"":0.0,""animals_in_shed_now"":0,""seeds_unplanted_now"":0,""seeds_unplanted_cost_now"":0.0},{""sell_dead_units"":194,""refused_buy_product"":1,""refused_buy_seed"":0,""refused_buy_animal"":0,""refused_hire"":0,""refused_buy_land"":0,""hire_paid"":5659,""sell_zero_fill"":18,""buy_zero_fill"":1,""sell_revenue"":140450.0,""total_spend"":29728.0,""shed_discarded_units"":32,""sold_units"":1549,""feed_no_wheat"":0,""feed_no_animal"":0,""feed_redundant"":0,""water_dead"":1,""harvest_dead"":4,""plant_dead"":0,""animals_escaped"":0,""escape_capital"":0.0,""escape_yield_units"":0,""escape_first_day"":-1,""animal_unfed_days"":62,""plants_dry"":1,""dry_seed_cost"":100.0,""dry_yield_units"":0,""dry_first_day"":21,""plant_unwatered_days"":385,""decay_units"":18,""plants_decayed"":18,""silent_loss_coins"":100.0,""silent_loss_units"":50,""dead_actions"":17,""move_dead"":0,""locked_dead"":0,""pickup_dead"":0,""drop_dead"":0,""place_dead"":1,""build_dead"":0,""dig_dead"":2,""fertilize_dead"":0,""collect_dead"":4,""care_dead"":5,""tile_cap_units"":9,""fertilizer_forgone"":14,""care_unfed"":58,""animal_shed_days"":0,""idle_tile_days"":62,""weed_tile_days"":1,""hand_pass_turns"":616,""farmer_pass_turns"":83,""phantom_hand_actions"":0,""sell_floor_units"":63,""hire_premium"":5377,""shed_units_now"":0,""shed_value_now"":0.0,""animals_in_shed_now"":0,""seeds_unplanted_now"":0,""seeds_unplanted_cost_now"":0.0}]}","{""calls"":719,""eligible"":87,""changes"":1,""errors"":0,""evaluations"":148,""predicted_gain"":15.0,""mode"":""final""}",
m20_m11_final,B1,v57,public_router,522609242,0,116883.0,116494.0,389.0,W,kagsim,5.506483,0,0,0,0,0,0,0,0,cd945f271e647a2f5fc263c386808ef34a28435ba33f723a6ccd7112be4b1a7c,"[{""step"":0,""shops"":[]},{""step"":72,""shops"":[""SMOOTHIE_SHOP""]},{""step"":144,""shops"":[""SMOOTHIE_SHOP"",""SMOOTHIE_SHOP""]},{""step"":216,""shops"":[""SMOOTHIE_SHOP"",""SMOOTHIE_SHOP"",""BRUNCH_SPOT""]},{""step"":288,""shops"":[""SMOOTHIE_SHOP"",""SMOOTHIE_SHOP"",""BRUNCH_SPOT"",""BAKERY""]},{""step"":360,""shops"":[""SMOOTHIE_SHOP"",""SMOOTHIE_SHOP"",""BRUNCH_SPOT"",""BAKERY"",""YARN_STORE""]},{""step"":432,""shops"":[""SMOOTHIE_SHOP"",""SMOOTHIE_SHOP"",""BRUNCH_SPOT"",""BAKERY"",""YARN_STORE"",""ICE_CREAM_SHOP""]},{""step"":504,""shops"":[""SMOOTHIE_SHOP"",""SMOOTHIE_SHOP"",""BRUNCH_SPOT"",""BAKERY"",""YARN_STORE"",""ICE_CREAM_SHOP"",""BAKERY""]},{""step"":576,""shops"":[""SMOOTHIE_SHOP"",""SMOOTHIE_SHOP"",""BRUNCH_SPOT"",""BAKERY"",""YARN_STORE"",""ICE_CREAM_SHOP"",""BAKERY"",""FARMERS_MARKET""]}]",experiments/round11_execution_20260924/track_b/market_kagsim/replays/m20_m11_final/v57/seed_522609242_seat_0.json.gz,5edf115b4f8b40503f370f120aec4d924860dd16ed60157919043c3af80a036c,dd704f0a9fa9d3fa3a8eee171892ee3859d4ed3195b2168b5a88682f51558d4d,2ee689fdc58f38b7bf6b80b8d3f48129d19b47201dbee51fdcbd977498a5106f,0fe077cc65622d6f6828160d90b617595a4aa7ea188e4afc67bfee8e4d290c92,"{""players"":[{""sell_dead_units"":227,""refused_buy_product"":1,""refused_buy_seed"":0,""refused_buy_animal"":0,""refused_hire"":0,""refused_buy_land"":0,""hire_paid"":4164,""sell_zero_fill"":42,""buy_zero_fill"":1,""sell_revenue"":141300.0,""total_spend"":27417.0,""shed_discarded_units"":4,""sold_units"":1595,""feed_no_wheat"":0,""feed_no_animal"":0,""feed_redundant"":0,""water_dead"":11,""harvest_dead"":4,""plant_dead"":0,""animals_escaped"":0,""escape_capital"":0.0,""escape_yield_units"":0,""escape_first_day"":-1,""animal_unfed_days"":42,""plants_dry"":1,""dry_seed_cost"":100.0,""dry_yield_units"":0,""dry_first_day"":21,""plant_unwatered_days"":392,""decay_units"":18,""plants_decayed"":18,""silent_loss_coins"":100.0,""silent_loss_units"":22,""dead_actions"":41,""move_dead"":0,""locked_dead"":0,""pickup_dead"":0,""drop_dead"":0,""place_dead"":1,""build_dead"":0,""dig_dead"":3,""fertilize_dead"":1,""collect_dead"":8,""care_dead"":13,""tile_cap_units"":19,""fertilizer_forgone"":19,""care_unfed"":37,""animal_shed_days"":1,""idle_tile_days"":63,""weed_tile_days"":1,""hand_pass_turns"":363,""farmer_pass_turns"":61,""phantom_hand_actions"":0,""sell_floor_units"":22,""hire_premium"":3898,""shed_units_now"":0,""shed_value_now"":0.0,""animals_in_shed_now"":0,""seeds_unplanted_now"":1,""seeds_unplanted_cost_now"":10.0},{""sell_dead_units"":221,""refused_buy_product"":1,""refused_buy_seed"":0,""refused_buy_animal"":0,""refused_hire"":0,""refused_buy_land"":0,""hire_paid"":4164,""sell_zero_fill"":40,""buy_zero_fill"":1,""sell_revenue"":141249.0,""total_spend"":27755.0,""shed_discarded_units"":4,""sold_units"":1605,""feed_no_wheat"":0,""feed_no_animal"":0,""feed_redundant"":0,""water_dead"":11,""harvest_dead"":4,""plant_dead"":0,""animals_escaped"":0,""escape_capital"":0.0,""escape_yield_units"":0,""escape_first_day"":-1,""animal_unfed_days"":42,""plants_dry"":1,""dry_seed_cost"":100.0,""dry_yield_units"":0,""dry_first_day"":21,""plant_unwatered_days"":392,""decay_units"":18,""plants_decayed"":18,""silent_loss_coins"":100.0,""silent_loss_units"":22,""dead_actions"":41,""move_dead"":0,""locked_dead"":0,""pickup_dead"":0,""drop_dead"":0,""place_dead"":1,""build_dead"":0,""dig_dead"":3,""fertilize_dead"":1,""collect_dead"":8,""care_dead"":13,""tile_cap_units"":19,""fertilizer_forgone"":19,""care_unfed"":37,""animal_shed_days"":1,""idle_tile_days"":63,""weed_tile_days"":1,""hand_pass_turns"":363,""farmer_pass_turns"":61,""phantom_hand_actions"":0,""sell_floor_units"":21,""hire_premium"":3898,""shed_units_now"":0,""shed_value_now"":0.0,""animals_in_shed_now"":0,""seeds_unplanted_now"":0,""seeds_unplanted_cost_now"":0.0}]}","{""calls"":719,""eligible"":126,""changes"":0,""errors"":0,""evaluations"":194,""predicted_gain"":0.0,""mode"":""final""}",
m20_m11_final,B1,v57,public_router,522609242,1,116883.0,116494.0,389.0,W,kagsim,5.647686,0,0,0,0,0,0,0,0,cd945f271e647a2f5fc263c386808ef34a28435ba33f723a6ccd7112be4b1a7c,"[{""step"":0,""shops"":[]},{""step"":72,""shops"":[""SMOOTHIE_SHOP""]},{""step"":144,""shops"":[""SMOOTHIE_SHOP"",""SMOOTHIE_SHOP""]},{""step"":216,""shops"":[""SMOOTHIE_SHOP"",""SMOOTHIE_SHOP"",""BRUNCH_SPOT""]},{""step"":288,""shops"":[""SMOOTHIE_SHOP"",""SMOOTHIE_SHOP"",""BRUNCH_SPOT"",""BAKERY""]},{""step"":360,""shops"":[""SMOOTHIE_SHOP"",""SMOOTHIE_SHOP"",""BRUNCH_SPOT"",""BAKERY"",""YARN_STORE""]},{""step"":432,""shops"":[""SMOOTHIE_SHOP"",""SMOOTHIE_SHOP"",""BRUNCH_SPOT"",""BAKERY"",""YARN_STORE"",""ICE_CREAM_SHOP""]},{""step"":504,""shops"":[""SMOOTHIE_SHOP"",""SMOOTHIE_SHOP"",""BRUNCH_SPOT"",""BAKERY"",""YARN_STORE"",""ICE_CREAM_SHOP"",""BAKERY""]},{""step"":576,""shops"":[""SMOOTHIE_SHOP"",""SMOOTHIE_SHOP"",""BRUNCH_SPOT"",""BAKERY"",""YARN_STORE"",""ICE_CREAM_SHOP"",""BAKERY"",""FARMERS_MARKET""]}]",experiments/round11_execution_20260924/track_b/market_kagsim/replays/m20_m11_final/v57/seed_522609242_seat_1.json.gz,6445671a11f9c66279966c9366ef2b1de57b451ca491b69563c55aaff83098d8,dd704f0a9fa9d3fa3a8eee171892ee3859d4ed3195b2168b5a88682f51558d4d,2ee689fdc58f38b7bf6b80b8d3f48129d19b47201dbee51fdcbd977498a5106f,0fe077cc65622d6f6828160d90b617595a4aa7ea188e4afc67bfee8e4d290c92,"{""players"":[{""sell_dead_units"":221,""refused_buy_product"":1,""refused_buy_seed"":0,""refused_buy_animal"":0,""refused_hire"":0,""refused_buy_land"":0,""hire_paid"":4164,""sell_zero_fill"":40,""buy_zero_fill"":1,""sell_revenue"":141249.0,""total_spend"":27755.0,""shed_discarded_units"":4,""sold_units"":1605,""feed_no_wheat"":0,""feed_no_animal"":0,""feed_redundant"":0,""water_dead"":11,""harvest_dead"":4,""plant_dead"":0,""animals_escaped"":0,""escape_capital"":0.0,""escape_yield_units"":0,""escape_first_day"":-1,""animal_unfed_days"":42,""plants_dry"":1,""dry_seed_cost"":100.0,""dry_yield_units"":0,""dry_first_day"":21,""plant_unwatered_days"":392,""decay_units"":18,""plants_decayed"":18,""silent_loss_coins"":100.0,""silent_loss_units"":22,""dead_actions"":41,""move_dead"":0,""locked_dead"":0,""pickup_dead"":0,""drop_dead"":0,""place_dead"":1,""build_dead"":0,""dig_dead"":3,""fertilize_dead"":1,""collect_dead"":8,""care_dead"":13,""tile_cap_units"":19,""fertilizer_forgone"":19,""care_unfed"":37,""animal_shed_days"":1,""idle_tile_days"":63,""weed_tile_days"":1,""hand_pass_turns"":363,""farmer_pass_turns"":61,""phantom_hand_actions"":0,""sell_floor_units"":21,""hire_premium"":3898,""shed_units_now"":0,""shed_value_now"":0.0,""animals_in_shed_now"":0,""seeds_unplanted_now"":0,""seeds_unplanted_cost_now"":0.0},{""sell_dead_units"":227,""refused_buy_product"":1,""refused_buy_seed"":0,""refused_buy_animal"":0,""refused_hire"":0,""refused_buy_land"":0,""hire_paid"":4164,""sell_zero_fill"":42,""buy_zero_fill"":1,""sell_revenue"":141300.0,""total_spend"":27417.0,""shed_discarded_units"":4,""sold_units"":1595,""feed_no_wheat"":0,""feed_no_animal"":0,""feed_redundant"":0,""water_dead"":11,""harvest_dead"":4,""plant_dead"":0,""animals_escaped"":0,""escape_capital"":0.0,""escape_yield_units"":0,""escape_first_day"":-1,""animal_unfed_days"":42,""plants_dry"":1,""dry_seed_cost"":100.0,""dry_yield_units"":0,""dry_first_day"":21,""plant_unwatered_days"":392,""decay_units"":18,""plants_decayed"":18,""silent_loss_coins"":100.0,""silent_loss_units"":22,""dead_actions"":41,""move_dead"":0,""locked_dead"":0,""pickup_dead"":0,""drop_dead"":0,""place_dead"":1,""build_dead"":0,""dig_dead"":3,""fertilize_dead"":1,""collect_dead"":8,""care_dead"":13,""tile_cap_units"":19,""fertilizer_forgone"":19,""care_unfed"":37,""animal_shed_days"":1,""idle_tile_days"":63,""weed_tile_days"":1,""hand_pass_turns"":363,""farmer_pass_turns"":61,""phantom_hand_actions"":0,""sell_floor_units"":22,""hire_premium"":3898,""shed_units_now"":0,""shed_value_now"":0.0,""animals_in_shed_now"":0,""seeds_unplanted_now"":1,""seeds_unplanted_cost_now"":10.0}]}","{""calls"":719,""eligible"":126,""changes"":0,""errors"":0,""evaluations"":194,""predicted_gain"":0.0,""mode"":""final""}",
m20_m11_final,B1,v57,public_router,522609243,0,110277.0,111065.0,-788.0,L,kagsim,5.134595,0,0,0,0,0,0,0,0,499deac3e55076604cbfd1119bcc7d2b0dc4084111ee7286f71d9cd238ef4c7b,"[{""step"":0,""shops"":[]},{""step"":72,""shops"":[""BRUNCH_SPOT""]},{""step"":144,""shops"":[""BRUNCH_SPOT"",""ICE_CREAM_SHOP""]},{""step"":216,""shops"":[""BRUNCH_SPOT"",""ICE_CREAM_SHOP"",""FARMERS_MARKET""]},{""step"":288,""shops"":[""BRUNCH_SPOT"",""ICE_CREAM_SHOP"",""FARMERS_MARKET"",""ICE_CREAM_SHOP""]},{""step"":360,""shops"":[""BRUNCH_SPOT"",""ICE_CREAM_SHOP"",""FARMERS_MARKET"",""ICE_CREAM_SHOP"",""PIZZA_SHOP""]},{""step"":432,""shops"":[""BRUNCH_SPOT"",""ICE_CREAM_SHOP"",""FARMERS_MARKET"",""ICE_CREAM_SHOP"",""PIZZA_SHOP"",""FARMERS_MARKET""]},{""step"":504,""shops"":[""BRUNCH_SPOT"",""ICE_CREAM_SHOP"",""FARMERS_MARKET"",""ICE_CREAM_SHOP"",""PIZZA_SHOP"",""FARMERS_MARKET"",""BRUNCH_SPOT""]},{""step"":576,""shops"":[""BRUNCH_SPOT"",""ICE_CREAM_SHOP"",""FARMERS_MARKET"",""ICE_CREAM_SHOP"",""PIZZA_SHOP"",""FARMERS_MARKET"",""BRUNCH_SPOT"",""FARMERS_MARKET""]}]",experiments/round11_execution_20260924/track_b/market_kagsim/replays/m20_m11_final/v57/seed_522609243_seat_0.json.gz,5fc142626e6c2d541a263143d72194b49b4b8653e42e9df0e481d8679ab29cbc,dd704f0a9fa9d3fa3a8eee171892ee3859d4ed3195b2168b5a88682f51558d4d,2ee689fdc58f38b7bf6b80b8d3f48129d19b47201dbee51fdcbd977498a5106f,0fe077cc65622d6f6828160d90b617595a4aa7ea188e4afc67bfee8e4d290c92,"{""players"":[{""sell_dead_units"":199,""refused_buy_product"":1,""refused_buy_seed"":0,""refused_buy_animal"":0,""refused_hire"":0,""refused_buy_land"":0,""hire_paid"":4397,""sell_zero_fill"":34,""buy_zero_fill"":1,""sell_revenue"":135978.0,""total_spend"":28701.0,""shed_discarded_units"":4,""sold_units"":1597,""feed_no_wheat"":0,""feed_no_animal"":0,""feed_redundant"":0,""water_dead"":10,""harvest_dead"":3,""plant_dead"":0,""animals_escaped"":0,""escape_capital"":0.0,""escape_yield_units"":0,""escape_first_day"":-1,""animal_unfed_days"":85,""plants_dry"":1,""dry_seed_cost"":100.0,""dry_yield_units"":0,""dry_first_day"":21,""plant_unwatered_days"":391,""decay_units"":18,""plants_decayed"":18,""silent_loss_coins"":100.0,""silent_loss_units"":22,""dead_actions"":40,""move_dead"":0,""locked_dead"":0,""pickup_dead"":0,""drop_dead"":0,""place_dead"":1,""build_dead"":0,""dig_dead"":4,""fertilize_dead"":1,""collect_dead"":8,""care_dead"":13,""tile_cap_units"":21,""fertilizer_forgone"":19,""care_unfed"":80,""animal_shed_days"":1,""idle_tile_days"":63,""weed_tile_days"":1,""hand_pass_turns"":406,""farmer_pass_turns"":67,""phantom_hand_actions"":0,""sell_floor_units"":56,""hire_premium"":4129,""shed_units_now"":0,""shed_value_now"":0.0,""animals_in_shed_now"":0,""seeds_unplanted_now"":1,""seeds_unplanted_cost_now"":10.0},{""sell_dead_units"":200,""refused_buy_product"":1,""refused_buy_seed"":0,""refused_buy_animal"":0,""refused_hire"":0,""refused_buy_land"":0,""hire_paid"":7557,""sell_zero_fill"":34,""buy_zero_fill"":1,""sell_revenue"":144914.0,""total_spend"":36849.0,""shed_discarded_units"":2,""sold_units"":1664,""feed_no_wheat"":0,""feed_no_animal"":0,""feed_redundant"":0,""water_dead"":10,""harvest_dead"":3,""plant_dead"":0,""animals_escaped"":0,""escape_capital"":0.0,""escape_yield_units"":0,""escape_first_day"":-1,""animal_unfed_days"":85,""plants_dry"":1,""dry_seed_cost"":100.0,""dry_yield_units"":0,""dry_first_day"":21,""plant_unwatered_days"":421,""decay_units"":18,""plants_decayed"":18,""silent_loss_coins"":100.0,""silent_loss_units"":20,""dead_actions"":40,""move_dead"":0,""locked_dead"":0,""pickup_dead"":0,""drop_dead"":0,""place_dead"":1,""build_dead"":0,""dig_dead"":4,""fertilize_dead"":1,""collect_dead"":8,""care_dead"":13,""tile_cap_units"":20,""fertilizer_forgone"":19,""care_unfed"":80,""animal_shed_days"":1,""idle_tile_days"":228,""weed_tile_days"":18,""hand_pass_turns"":490,""farmer_pass_turns"":67,""phantom_hand_actions"":0,""sell_floor_units"":57,""hire_premium"":7273,""shed_units_now"":0,""shed_value_now"":0.0,""animals_in_shed_now"":0,""seeds_unplanted_now"":0,""seeds_unplanted_cost_now"":0.0}]}","{""calls"":719,""eligible"":127,""changes"":2,""errors"":0,""evaluations"":176,""predicted_gain"":14.0,""mode"":""final""}",
m20_m11_final,B1,v57,public_router,522609243,1,110277.0,111065.0,-788.0,L,kagsim,5.047443,0,0,0,0,0,0,0,0,499deac3e55076604cbfd1119bcc7d2b0dc4084111ee7286f71d9cd238ef4c7b,"[{""step"":0,""shops"":[]},{""step"":72,""shops"":[""BRUNCH_SPOT""]},{""step"":144,""shops"":[""BRUNCH_SPOT"",""ICE_CREAM_SHOP""]},{""step"":216,""shops"":[""BRUNCH_SPOT"",""ICE_CREAM_SHOP"",""FARMERS_MARKET""]},{""step"":288,""shops"":[""BRUNCH_SPOT"",""ICE_CREAM_SHOP"",""FARMERS_MARKET"",""ICE_CREAM_SHOP""]},{""step"":360,""shops"":[""BRUNCH_SPOT"",""ICE_CREAM_SHOP"",""FARMERS_MARKET"",""ICE_CREAM_SHOP"",""PIZZA_SHOP""]},{""step"":432,""shops"":[""BRUNCH_SPOT"",""ICE_CREAM_SHOP"",""FARMERS_MARKET"",""ICE_CREAM_SHOP"",""PIZZA_SHOP"",""FARMERS_MARKET""]},{""step"":504,""shops"":[""BRUNCH_SPOT"",""ICE_CREAM_SHOP"",""FARMERS_MARKET"",""ICE_CREAM_SHOP"",""PIZZA_SHOP"",""FARMERS_MARKET"",""BRUNCH_SPOT""]},{""step"":576,""shops"":[""BRUNCH_SPOT"",""ICE_CREAM_SHOP"",""FARMERS_MARKET"",""ICE_CREAM_SHOP"",""PIZZA_SHOP"",""FARMERS_MARKET"",""BRUNCH_SPOT"",""FARMERS_MARKET""]}]",experiments/round11_execution_20260924/track_b/market_kagsim/replays/m20_m11_final/v57/seed_522609243_seat_1.json.gz,bed3f683b402cf14be5905fed989b2b55e6f9603649e8449632ab24c00d272e6,dd704f0a9fa9d3fa3a8eee171892ee3859d4ed3195b2168b5a88682f51558d4d,2ee689fdc58f38b7bf6b80b8d3f48129d19b47201dbee51fdcbd977498a5106f,0fe077cc65622d6f6828160d90b617595a4aa7ea188e4afc67bfee8e4d290c92,"{""players"":[{""sell_dead_units"":200,""refused_buy_product"":1,""refused_buy_seed"":0,""refused_buy_animal"":0,""refused_hire"":0,""refused_buy_land"":0,""hire_paid"":7557,""sell_zero_fill"":34,""buy_zero_fill"":1,""sell_revenue"":144914.0,""total_spend"":36849.0,""shed_discarded_units"":2,""sold_units"":1664,""feed_no_wheat"":0,""feed_no_animal"":0,""feed_redundant"":0,""water_dead"":10,""harvest_dead"":3,""plant_dead"":0,""animals_escaped"":0,""escape_capital"":0.0,""escape_yield_units"":0,""escape_first_day"":-1,""animal_unfed_days"":85,""plants_dry"":1,""dry_seed_cost"":100.0,""dry_yield_units"":0,""dry_first_day"":21,""plant_unwatered_days"":421,""decay_units"":18,""plants_decayed"":18,""silent_loss_coins"":100.0,""silent_loss_units"":20,""dead_actions"":40,""move_dead"":0,""locked_dead"":0,""pickup_dead"":0,""drop_dead"":0,""place_dead"":1,""build_dead"":0,""dig_dead"":4,""fertilize_dead"":1,""collect_dead"":8,""care_dead"":13,""tile_cap_units"":20,""fertilizer_forgone"":19,""care_unfed"":80,""animal_shed_days"":1,""idle_tile_days"":228,""weed_tile_days"":18,""hand_pass_turns"":490,""farmer_pass_turns"":67,""phantom_hand_actions"":0,""sell_floor_units"":57,""hire_premium"":7273,""shed_units_now"":0,""shed_value_now"":0.0,""animals_in_shed_now"":0,""seeds_unplanted_now"":0,""seeds_unplanted_cost_now"":0.0},{""sell_dead_units"":199,""refused_buy_product"":1,""refused_buy_seed"":0,""refused_buy_animal"":0,""refused_hire"":0,""refused_buy_land"":0,""hire_paid"":4397,""sell_zero_fill"":34,""buy_zero_fill"":1,""sell_revenue"":135978.0,""total_spend"":28701.0,""shed_discarded_units"":4,""sold_units"":1597,""feed_no_wheat"":0,""feed_no_animal"":0,""feed_redundant"":0,""water_dead"":10,""harvest_dead"":3,""plant_dead"":0,""animals_escaped"":0,""escape_capital"":0.0,""escape_yield_units"":0,""escape_first_day"":-1,""animal_unfed_days"":85,""plants_dry"":1,""dry_seed_cost"":100.0,""dry_yield_units"":0,""dry_first_day"":21,""plant_unwatered_days"":391,""decay_units"":18,""plants_decayed"":18,""silent_loss_coins"":100.0,""silent_loss_units"":22,""dead_actions"":40,""move_dead"":0,""locked_dead"":0,""pickup_dead"":0,""drop_dead"":0,""place_dead"":1,""build_dead"":0,""dig_dead"":4,""fertilize_dead"":1,""collect_dead"":8,""care_dead"":13,""tile_cap_units"":21,""fertilizer_forgone"":19,""care_unfed"":80,""animal_shed_days"":1,""idle_tile_days"":63,""weed_tile_days"":1,""hand_pass_turns"":406,""farmer_pass_turns"":67,""phantom_hand_actions"":0,""sell_floor_units"":56,""hire_premium"":4129,""shed_units_now"":0,""shed_value_now"":0.0,""animals_in_shed_now"":0,""seeds_unplanted_now"":1,""seeds_unplanted_cost_now"":10.0}]}","{""calls"":719,""eligible"":127,""changes"":2,""errors"":0,""evaluations"":176,""predicted_gain"":14.0,""mode"":""final""}",
m20_m11_final,B1,v57,public_router,522609244,0,85502.0,84585.0,917.0,W,kagsim,5.56156,0,0,0,0,0,0,0,0,29ae70298aff5372b49961180210c77419a07c48f2304c46e4887e3408b3f36c,"[{""step"":0,""shops"":[]},{""step"":72,""shops"":[""BAKERY""]},{""step"":144,""shops"":[""BAKERY"",""FARMERS_MARKET""]},{""step"":216,""shops"":[""BAKERY"",""FARMERS_MARKET"",""BRUNCH_SPOT""]},{""step"":288,""shops"":[""BAKERY"",""FARMERS_MARKET"",""BRUNCH_SPOT"",""YARN_STORE""]},{""step"":360,""shops"":[""BAKERY"",""FARMERS_MARKET"",""BRUNCH_SPOT"",""YARN_STORE"",""FARMERS_MARKET""]},{""step"":432,""shops"":[""BAKERY"",""FARMERS_MARKET"",""BRUNCH_SPOT"",""YARN_STORE"",""FARMERS_MARKET"",""BAKERY""]},{""step"":504,""shops"":[""BAKERY"",""FARMERS_MARKET"",""BRUNCH_SPOT"",""YARN_STORE"",""FARMERS_MARKET"",""BAKERY"",""BRUNCH_SPOT""]},{""step"":576,""shops"":[""BAKERY"",""FARMERS_MARKET"",""BRUNCH_SPOT"",""YARN_STORE"",""FARMERS_MARKET"",""BAKERY"",""BRUNCH_SPOT"",""ICE_CREAM_SHOP""]}]",experiments/round11_execution_20260924/track_b/market_kagsim/replays/m20_m11_final/v57/seed_522609244_seat_0.json.gz,b34376891a7beada4ceccea84eeeb760acc048a1d3ba4c5e72e66ddf5ca4eabd,dd704f0a9fa9d3fa3a8eee171892ee3859d4ed3195b2168b5a88682f51558d4d,2ee689fdc58f38b7bf6b80b8d3f48129d19b47201dbee51fdcbd977498a5106f,0fe077cc65622d6f6828160d90b617595a4aa7ea188e4afc67bfee8e4d290c92,"{""players"":[{""sell_dead_units"":2280,""refused_buy_product"":5,""refused_buy_seed"":0,""refused_buy_animal"":0,""refused_hire"":0,""refused_buy_land"":0,""hire_paid"":4397,""sell_zero_fill"":47,""buy_zero_fill"":1,""sell_revenue"":127740.0,""total_spend"":45238.0,""shed_discarded_units"":11,""sold_units"":2011,""feed_no_wheat"":0,""feed_no_animal"":0,""feed_redundant"":0,""water_dead"":12,""harvest_dead"":4,""plant_dead"":0,""animals_escaped"":0,""escape_capital"":0.0,""escape_yield_units"":0,""escape_first_day"":-1,""animal_unfed_days"":78,""plants_dry"":2,""dry_seed_cost"":120.0,""dry_yield_units"":1,""dry_first_day"":21,""plant_unwatered_days"":387,""decay_units"":18,""plants_decayed"":18,""silent_loss_coins"":120.0,""silent_loss_units"":30,""dead_actions"":47,""move_dead"":0,""locked_dead"":0,""pickup_dead"":0,""drop_dead"":0,""place_dead"":1,""build_dead"":0,""dig_dead"":2,""fertilize_dead"":1,""collect_dead"":3,""care_dead"":24,""tile_cap_units"":19,""fertilizer_forgone"":22,""care_unfed"":74,""animal_shed_days"":1,""idle_tile_days"":64,""weed_tile_days"":2,""hand_pass_turns"":368,""farmer_pass_turns"":64,""phantom_hand_actions"":0,""sell_floor_units"":83,""hire_premium"":4129,""shed_units_now"":0,""shed_value_now"":0.0,""animals_in_shed_now"":0,""seeds_unplanted_now"":3,""seeds_unplanted_cost_now"":30.0},{""sell_dead_units"":283,""refused_buy_product"":5,""refused_buy_seed"":0,""refused_buy_animal"":0,""refused_hire"":0,""refused_buy_land"":0,""hire_paid"":4397,""sell_zero_fill"":43,""buy_zero_fill"":1,""sell_revenue"":127176.0,""total_spend"":45591.0,""shed_discarded_units"":11,""sold_units"":2021,""feed_no_wheat"":0,""feed_no_animal"":0,""feed_redundant"":0,""water_dead"":13,""harvest_dead"":5,""plant_dead"":0,""animals_escaped"":0,""escape_capital"":0.0,""escape_yield_units"":0,""escape_first_day"":-1,""animal_unfed_days"":78,""plants_dry"":2,""dry_seed_cost"":120.0,""dry_yield_units"":1,""dry_first_day"":21,""plant_unwatered_days"":386,""decay_units"":18,""plants_decayed"":18,""silent_loss_coins"":120.0,""silent_loss_units"":30,""dead_actions"":49,""move_dead"":0,""locked_dead"":0,""pickup_dead"":0,""drop_dead"":0,""place_dead"":1,""build_dead"":0,""dig_dead"":2,""fertilize_dead"":1,""collect_dead"":3,""care_dead"":24,""tile_cap_units"":19,""fertilizer_forgone"":22,""care_unfed"":74,""animal_shed_days"":1,""idle_tile_days"":66,""weed_tile_days"":3,""hand_pass_turns"":369,""farmer_pass_turns"":64,""phantom_hand_actions"":0,""sell_floor_units"":88,""hire_premium"":4129,""shed_units_now"":0,""shed_value_now"":0.0,""animals_in_shed_now"":0,""seeds_unplanted_now"":0,""seeds_unplanted_cost_now"":0.0}]}","{""calls"":719,""eligible"":121,""changes"":2,""errors"":0,""evaluations"":385,""predicted_gain"":18.0,""mode"":""final""}",
m20_m11_final,B1,v57,public_router,522609244,1,85422.0,84655.0,767.0,W,kagsim,5.505916,0,0,0,0,0,0,0,0,29ae70298aff5372b49961180210c77419a07c48f2304c46e4887e3408b3f36c,"[{""step"":0,""shops"":[]},{""step"":72,""shops"":[""BAKERY""]},{""step"":144,""shops"":[""BAKERY"",""FARMERS_MARKET""]},{""step"":216,""shops"":[""BAKERY"",""FARMERS_MARKET"",""BRUNCH_SPOT""]},{""step"":288,""shops"":[""BAKERY"",""FARMERS_MARKET"",""BRUNCH_SPOT"",""YARN_STORE""]},{""step"":360,""shops"":[""BAKERY"",""FARMERS_MARKET"",""BRUNCH_SPOT"",""YARN_STORE"",""FARMERS_MARKET""]},{""step"":432,""shops"":[""BAKERY"",""FARMERS_MARKET"",""BRUNCH_SPOT"",""YARN_STORE"",""FARMERS_MARKET"",""BAKERY""]},{""step"":504,""shops"":[""BAKERY"",""FARMERS_MARKET"",""BRUNCH_SPOT"",""YARN_STORE"",""FARMERS_MARKET"",""BAKERY"",""BRUNCH_SPOT""]},{""step"":576,""shops"":[""BAKERY"",""FARMERS_MARKET"",""BRUNCH_SPOT"",""YARN_STORE"",""FARMERS_MARKET"",""BAKERY"",""BRUNCH_SPOT"",""ICE_CREAM_SHOP""]}]",experiments/round11_execution_20260924/track_b/market_kagsim/replays/m20_m11_final/v57/seed_522609244_seat_1.json.gz,2eb77fe4a26d349e678b570344e843c5bd9b6b386c3faeff63186e8b2ca0588f,dd704f0a9fa9d3fa3a8eee171892ee3859d4ed3195b2168b5a88682f51558d4d,2ee689fdc58f38b7bf6b80b8d3f48129d19b47201dbee51fdcbd977498a5106f,0fe077cc65622d6f6828160d90b617595a4aa7ea188e4afc67bfee8e4d290c92,"{""players"":[{""sell_dead_units"":283,""refused_buy_product"":5,""refused_buy_seed"":0,""refused_buy_animal"":0,""refused_hire"":0,""refused_buy_land"":0,""hire_paid"":4397,""sell_zero_fill"":43,""buy_zero_fill"":1,""sell_revenue"":127176.0,""total_spend"":45521.0,""shed_discarded_units"":11,""sold_units"":2021,""feed_no_wheat"":0,""feed_no_animal"":0,""feed_redundant"":0,""water_dead"":12,""harvest_dead"":4,""plant_dead"":0,""animals_escaped"":0,""escape_capital"":0.0,""escape_yield_units"":0,""escape_first_day"":-1,""animal_unfed_days"":78,""plants_dry"":2,""dry_seed_cost"":120.0,""dry_yield_units"":1,""dry_first_day"":21,""plant_unwatered_days"":387,""decay_units"":18,""plants_decayed"":18,""silent_loss_coins"":120.0,""silent_loss_units"":30,""dead_actions"":47,""move_dead"":0,""locked_dead"":0,""pickup_dead"":0,""drop_dead"":0,""place_dead"":1,""build_dead"":0,""dig_dead"":2,""fertilize_dead"":1,""collect_dead"":3,""care_dead"":24,""tile_cap_units"":19,""fertilizer_forgone"":22,""care_unfed"":74,""animal_shed_days"":1,""idle_tile_days"":64,""weed_tile_days"":2,""hand_pass_turns"":368,""farmer_pass_turns"":64,""phantom_hand_actions"":0,""sell_floor_units"":88,""hire_premium"":4129,""shed_units_now"":0,""shed_value_now"":0.0,""animals_in_shed_now"":0,""seeds_unplanted_now"":0,""seeds_unplanted_cost_now"":0.0},{""sell_dead_units"":2280,""refused_buy_product"":5,""refused_buy_seed"":0,""refused_buy_animal"":0,""refused_hire"":0,""refused_buy_land"":0,""hire_paid"":4397,""sell_zero_fill"":47,""buy_zero_fill"":1,""sell_revenue"":127740.0,""total_spend"":45318.0,""shed_discarded_units"":11,""sold_units"":2011,""feed_no_wheat"":0,""feed_no_animal"":0,""feed_redundant"":0,""water_dead"":13,""harvest_dead"":5,""plant_dead"":0,""animals_escaped"":0,""escape_capital"":0.0,""escape_yield_units"":0,""escape_first_day"":-1,""animal_unfed_days"":78,""plants_dry"":2,""dry_seed_cost"":120.0,""dry_yield_units"":1,""dry_first_day"":21,""plant_unwatered_days"":386,""decay_units"":18,""plants_decayed"":18,""silent_loss_coins"":120.0,""silent_loss_units"":30,""dead_actions"":49,""move_dead"":0,""locked_dead"":0,""pickup_dead"":0,""drop_dead"":0,""place_dead"":1,""build_dead"":0,""dig_dead"":2,""fertilize_dead"":1,""collect_dead"":3,""care_dead"":24,""tile_cap_units"":19,""fertilizer_forgone"":22,""care_unfed"":74,""animal_shed_days"":1,""idle_tile_days"":66,""weed_tile_days"":3,""hand_pass_turns"":369,""farmer_pass_turns"":64,""phantom_hand_actions"":0,""sell_floor_units"":83,""hire_premium"":4129,""shed_units_now"":0,""shed_value_now"":0.0,""animals_in_shed_now"":0,""seeds_unplanted_now"":4,""seeds_unplanted_cost_now"":40.0}]}","{""calls"":719,""eligible"":121,""changes"":2,""errors"":0,""evaluations"":385,""predicted_gain"":18.0,""mode"":""final""}",
m20_multi_hypothesis,B1,B1,herd_safe,522609241,0,113628.0,113241.0,387.0,W,kagsim,3.752208,0,0,0,0,0,0,0,0,3d5abadf277ffbf26faf5853b80f902eec0bdb2b3d07a15179f8411eccf494e5,"[{""step"":0,""shops"":[]},{""step"":72,""shops"":[""YARN_STORE""]},{""step"":144,""shops"":[""YARN_STORE"",""BRUNCH_SPOT""]},{""step"":216,""shops"":[""YARN_STORE"",""BRUNCH_SPOT"",""ICE_CREAM_SHOP""]},{""step"":288,""shops"":[""YARN_STORE"",""BRUNCH_SPOT"",""ICE_CREAM_SHOP"",""ICE_CREAM_SHOP""]},{""step"":360,""shops"":[""YARN_STORE"",""BRUNCH_SPOT"",""ICE_CREAM_SHOP"",""ICE_CREAM_SHOP"",""BRUNCH_SPOT""]},{""step"":432,""shops"":[""YARN_STORE"",""BRUNCH_SPOT"",""ICE_CREAM_SHOP"",""ICE_CREAM_SHOP"",""BRUNCH_SPOT"",""BRUNCH_SPOT""]},{""step"":504,""shops"":[""YARN_STORE"",""BRUNCH_SPOT"",""ICE_CREAM_SHOP"",""ICE_CREAM_SHOP"",""BRUNCH_SPOT"",""BRUNCH_SPOT"",""FARMERS_MARKET""]},{""step"":576,""shops"":[""YARN_STORE"",""BRUNCH_SPOT"",""ICE_CREAM_SHOP"",""ICE_CREAM_SHOP"",""BRUNCH_SPOT"",""BRUNCH_SPOT"",""FARMERS_MARKET"",""BRUNCH_SPOT""]}]",experiments/round11_execution_20260924/track_b/market_kagsim/replays/m20_multi_hypothesis/B1/seed_522609241_seat_0.json.gz,ff732b7caa68c74aa402e4122bb2705986b2769798c4a46df6dd74563a7ddbb5,98d374f58f68c5b9f263eb3ed04f724e1e0b7a4fa562b581bdac90b276492c4a,b6553c296c556aff5b5e2d12b75618e505fa4d852afb5338414ac6d6e039cb02,0fe077cc65622d6f6828160d90b617595a4aa7ea188e4afc67bfee8e4d290c92,"{""players"":[{""sell_dead_units"":194,""refused_buy_product"":1,""refused_buy_seed"":0,""refused_buy_animal"":0,""refused_hire"":0,""refused_buy_land"":0,""hire_paid"":5659,""sell_zero_fill"":18,""buy_zero_fill"":1,""sell_revenue"":140357.0,""total_spend"":29729.0,""shed_discarded_units"":32,""sold_units"":1549,""feed_no_wheat"":0,""feed_no_animal"":0,""feed_redundant"":0,""water_dead"":1,""harvest_dead"":4,""plant_dead"":0,""animals_escaped"":0,""escape_capital"":0.0,""escape_yield_units"":0,""escape_first_day"":-1,""animal_unfed_days"":62,""plants_dry"":1,""dry_seed_cost"":100.0,""dry_yield_units"":0,""dry_first_day"":21,""plant_unwatered_days"":385,""decay_units"":18,""plants_decayed"":18,""silent_loss_coins"":100.0,""silent_loss_units"":50,""dead_actions"":17,""move_dead"":0,""locked_dead"":0,""pickup_dead"":0,""drop_dead"":0,""place_dead"":1,""build_dead"":0,""dig_dead"":2,""fertilize_dead"":0,""collect_dead"":4,""care_dead"":5,""tile_cap_units"":9,""fertilizer_forgone"":14,""care_unfed"":58,""animal_shed_days"":0,""idle_tile_days"":62,""weed_tile_days"":1,""hand_pass_turns"":616,""farmer_pass_turns"":83,""phantom_hand_actions"":0,""sell_floor_units"":60,""hire_premium"":5377,""shed_units_now"":0,""shed_value_now"":0.0,""animals_in_shed_now"":0,""seeds_unplanted_now"":0,""seeds_unplanted_cost_now"":0.0},{""sell_dead_units"":187,""refused_buy_product"":1,""refused_buy_seed"":0,""refused_buy_animal"":0,""refused_hire"":0,""refused_buy_land"":0,""hire_paid"":5659,""sell_zero_fill"":18,""buy_zero_fill"":1,""sell_revenue"":139970.0,""total_spend"":29729.0,""shed_discarded_units"":32,""sold_units"":1549,""feed_no_wheat"":0,""feed_no_animal"":0,""feed_redundant"":0,""water_dead"":1,""harvest_dead"":4,""plant_dead"":0,""animals_escaped"":0,""escape_capital"":0.0,""escape_yield_units"":0,""escape_first_day"":-1,""animal_unfed_days"":62,""plants_dry"":1,""dry_seed_cost"":100.0,""dry_yield_units"":0,""dry_first_day"":21,""plant_unwatered_days"":385,""decay_units"":18,""plants_decayed"":18,""silent_loss_coins"":100.0,""silent_loss_units"":50,""dead_actions"":17,""move_dead"":0,""locked_dead"":0,""pickup_dead"":0,""drop_dead"":0,""place_dead"":1,""build_dead"":0,""dig_dead"":2,""fertilize_dead"":0,""collect_dead"":4,""care_dead"":5,""tile_cap_units"":9,""fertilizer_forgone"":14,""care_unfed"":58,""animal_shed_days"":0,""idle_tile_days"":62,""weed_tile_days"":1,""hand_pass_turns"":616,""farmer_pass_turns"":83,""phantom_hand_actions"":0,""sell_floor_units"":63,""hire_premium"":5377,""shed_units_now"":0,""shed_value_now"":0.0,""animals_in_shed_now"":0,""seeds_unplanted_now"":0,""seeds_unplanted_cost_now"":0.0}]}","{""opening_calls"":1,""opening_stock_ok"":1,""parent"":{""rescue"":{""planning_calls"":1,""accepted"":1,""changed_steps"":7,""aborted"":0,""shadow_declines"":0,""errors"":0,""max_planning_ms"":84.41530000709463},""fertilizer"":{""skips"":0,""covered"":0,""capped"":0,""errors"":0},""seed_budget"":{""cut_units"":0,""saved_cost"":0,""changed_turns"":0,""errors"":0},""forecast"":{""pred_units"":102,""pred_fires"":15,""pred_errors"":0,""frontier_fires"":3,""frontier_units"":20}}}",
m20_multi_hypothesis,B1,B1,herd_safe,522609241,1,113628.0,113241.0,387.0,W,kagsim,3.826278,0,0,0,0,0,0,0,0,3d5abadf277ffbf26faf5853b80f902eec0bdb2b3d07a15179f8411eccf494e5,"[{""step"":0,""shops"":[]},{""step"":72,""shops"":[""YARN_STORE""]},{""step"":144,""shops"":[""YARN_STORE"",""BRUNCH_SPOT""]},{""step"":216,""shops"":[""YARN_STORE"",""BRUNCH_SPOT"",""ICE_CREAM_SHOP""]},{""step"":288,""shops"":[""YARN_STORE"",""BRUNCH_SPOT"",""ICE_CREAM_SHOP"",""ICE_CREAM_SHOP""]},{""step"":360,""shops"":[""YARN_STORE"",""BRUNCH_SPOT"",""ICE_CREAM_SHOP"",""ICE_CREAM_SHOP"",""BRUNCH_SPOT""]},{""step"":432,""shops"":[""YARN_STORE"",""BRUNCH_SPOT"",""ICE_CREAM_SHOP"",""ICE_CREAM_SHOP"",""BRUNCH_SPOT"",""BRUNCH_SPOT""]},{""step"":504,""shops"":[""YARN_STORE"",""BRUNCH_SPOT"",""ICE_CREAM_SHOP"",""ICE_CREAM_SHOP"",""BRUNCH_SPOT"",""BRUNCH_SPOT"",""FARMERS_MARKET""]},{""step"":576,""shops"":[""YARN_STORE"",""BRUNCH_SPOT"",""ICE_CREAM_SHOP"",""ICE_CREAM_SHOP"",""BRUNCH_SPOT"",""BRUNCH_SPOT"",""FARMERS_MARKET"",""BRUNCH_SPOT""]}]",experiments/round11_execution_20260924/track_b/market_kagsim/replays/m20_multi_hypothesis/B1/seed_522609241_seat_1.json.gz,617787b67eb0d52663f1a1d1ccc5e608d36aac9ad08bb0e98ee3c034a8efdbad,98d374f58f68c5b9f263eb3ed04f724e1e0b7a4fa562b581bdac90b276492c4a,b6553c296c556aff5b5e2d12b75618e505fa4d852afb5338414ac6d6e039cb02,0fe077cc65622d6f6828160d90b617595a4aa7ea188e4afc67bfee8e4d290c92,"{""players"":[{""sell_dead_units"":187,""refused_buy_product"":1,""refused_buy_seed"":0,""refused_buy_animal"":0,""refused_hire"":0,""refused_buy_land"":0,""hire_paid"":5659,""sell_zero_fill"":18,""buy_zero_fill"":1,""sell_revenue"":139970.0,""total_spend"":29729.0,""shed_discarded_units"":32,""sold_units"":1549,""feed_no_wheat"":0,""feed_no_animal"":0,""feed_redundant"":0,""water_dead"":1,""harvest_dead"":4,""plant_dead"":0,""animals_escaped"":0,""escape_capital"":0.0,""escape_yield_units"":0,""escape_first_day"":-1,""animal_unfed_days"":62,""plants_dry"":1,""dry_seed_cost"":100.0,""dry_yield_units"":0,""dry_first_day"":21,""plant_unwatered_days"":385,""decay_units"":18,""plants_decayed"":18,""silent_loss_coins"":100.0,""silent_loss_units"":50,""dead_actions"":17,""move_dead"":0,""locked_dead"":0,""pickup_dead"":0,""drop_dead"":0,""place_dead"":1,""build_dead"":0,""dig_dead"":2,""fertilize_dead"":0,""collect_dead"":4,""care_dead"":5,""tile_cap_units"":9,""fertilizer_forgone"":14,""care_unfed"":58,""animal_shed_days"":0,""idle_tile_days"":62,""weed_tile_days"":1,""hand_pass_turns"":616,""farmer_pass_turns"":83,""phantom_hand_actions"":0,""sell_floor_units"":63,""hire_premium"":5377,""shed_units_now"":0,""shed_value_now"":0.0,""animals_in_shed_now"":0,""seeds_unplanted_now"":0,""seeds_unplanted_cost_now"":0.0},{""sell_dead_units"":194,""refused_buy_product"":1,""refused_buy_seed"":0,""refused_buy_animal"":0,""refused_hire"":0,""refused_buy_land"":0,""hire_paid"":5659,""sell_zero_fill"":18,""buy_zero_fill"":1,""sell_revenue"":140357.0,""total_spend"":29729.0,""shed_discarded_units"":32,""sold_units"":1549,""feed_no_wheat"":0,""feed_no_animal"":0,""feed_redundant"":0,""water_dead"":1,""harvest_dead"":4,""plant_dead"":0,""animals_escaped"":0,""escape_capital"":0.0,""escape_yield_units"":0,""escape_first_day"":-1,""animal_unfed_days"":62,""plants_dry"":1,""dry_seed_cost"":100.0,""dry_yield_units"":0,""dry_first_day"":21,""plant_unwatered_days"":385,""decay_units"":18,""plants_decayed"":18,""silent_loss_coins"":100.0,""silent_loss_units"":50,""dead_actions"":17,""move_dead"":0,""locked_dead"":0,""pickup_dead"":0,""drop_dead"":0,""place_dead"":1,""build_dead"":0,""dig_dead"":2,""fertilize_dead"":0,""collect_dead"":4,""care_dead"":5,""tile_cap_units"":9,""fertilizer_forgone"":14,""care_unfed"":58,""animal_shed_days"":0,""idle_tile_days"":62,""weed_tile_days"":1,""hand_pass_turns"":616,""farmer_pass_turns"":83,""phantom_hand_actions"":0,""sell_floor_units"":60,""hire_premium"":5377,""shed_units_now"":0,""shed_value_now"":0.0,""animals_in_shed_now"":0,""seeds_unplanted_now"":0,""seeds_unplanted_cost_now"":0.0}]}","{""opening_calls"":1,""opening_stock_ok"":1,""parent"":{""rescue"":{""planning_calls"":1,""accepted"":1,""changed_steps"":7,""aborted"":0,""shadow_declines"":0,""errors"":0,""max_planning_ms"":68.9591999980621},""fertilizer"":{""skips"":0,""covered"":0,""capped"":0,""errors"":0},""seed_budget"":{""cut_units"":0,""saved_cost"":0,""changed_turns"":0,""errors"":0},""forecast"":{""pred_units"":102,""pred_fires"":15,""pred_errors"":0,""frontier_fires"":3,""frontier_units"":20}}}",
m20_multi_hypothesis,B1,B1,herd_safe,522609242,0,116720.0,116717.0,3.0,W,kagsim,4.461729,0,0,0,0,0,0,0,0,cd945f271e647a2f5fc263c386808ef34a28435ba33f723a6ccd7112be4b1a7c,"[{""step"":0,""shops"":[]},{""step"":72,""shops"":[""SMOOTHIE_SHOP""]},{""step"":144,""shops"":[""SMOOTHIE_SHOP"",""SMOOTHIE_SHOP""]},{""step"":216,""shops"":[""SMOOTHIE_SHOP"",""SMOOTHIE_SHOP"",""BRUNCH_SPOT""]},{""step"":288,""shops"":[""SMOOTHIE_SHOP"",""SMOOTHIE_SHOP"",""BRUNCH_SPOT"",""BAKERY""]},{""step"":360,""shops"":[""SMOOTHIE_SHOP"",""SMOOTHIE_SHOP"",""BRUNCH_SPOT"",""BAKERY"",""YARN_STORE""]},{""step"":432,""shops"":[""SMOOTHIE_SHOP"",""SMOOTHIE_SHOP"",""BRUNCH_SPOT"",""BAKERY"",""YARN_STORE"",""ICE_CREAM_SHOP""]},{""step"":504,""shops"":[""SMOOTHIE_SHOP"",""SMOOTHIE_SHOP"",""BRUNCH_SPOT"",""BAKERY"",""YARN_STORE"",""ICE_CREAM_SHOP"",""BAKERY""]},{""step"":576,""shops"":[""SMOOTHIE_SHOP"",""SMOOTHIE_SHOP"",""BRUNCH_SPOT"",""BAKERY"",""YARN_STORE"",""ICE_CREAM_SHOP"",""BAKERY"",""FARMERS_MARKET""]}]",experiments/round11_execution_20260924/track_b/market_kagsim/replays/m20_multi_hypothesis/B1/seed_522609242_seat_0.json.gz,aaeac361195aea48f964e3f71290ac515e5ca0d00275dfebac1f411b7e1abdae,98d374f58f68c5b9f263eb3ed04f724e1e0b7a4fa562b581bdac90b276492c4a,b6553c296c556aff5b5e2d12b75618e505fa4d852afb5338414ac6d6e039cb02,0fe077cc65622d6f6828160d90b617595a4aa7ea188e4afc67bfee8e4d290c92,"{""players"":[{""sell_dead_units"":221,""refused_buy_product"":1,""refused_buy_seed"":0,""refused_buy_animal"":0,""refused_hire"":0,""refused_buy_land"":0,""hire_paid"":4164,""sell_zero_fill"":41,""buy_zero_fill"":1,""sell_revenue"":141137.0,""total_spend"":27417.0,""shed_discarded_units"":4,""sold_units"":1595,""feed_no_wheat"":0,""feed_no_animal"":0,""feed_redundant"":0,""water_dead"":11,""harvest_dead"":4,""plant_dead"":0,""animals_escaped"":0,""escape_capital"":0.0,""escape_yield_units"":0,""escape_first_day"":-1,""animal_unfed_days"":42,""plants_dry"":1,""dry_seed_cost"":100.0,""dry_yield_units"":0,""dry_first_day"":21,""plant_unwatered_days"":392,""decay_units"":18,""plants_decayed"":18,""silent_loss_coins"":100.0,""silent_loss_units"":22,""dead_actions"":41,""move_dead"":0,""locked_dead"":0,""pickup_dead"":0,""drop_dead"":0,""place_dead"":1,""build_dead"":0,""dig_dead"":3,""fertilize_dead"":1,""collect_dead"":8,""care_dead"":13,""tile_cap_units"":19,""fertilizer_forgone"":19,""care_unfed"":37,""animal_shed_days"":1,""idle_tile_days"":63,""weed_tile_days"":1,""hand_pass_turns"":363,""farmer_pass_turns"":61,""phantom_hand_actions"":0,""sell_floor_units"":21,""hire_premium"":3898,""shed_units_now"":0,""shed_value_now"":0.0,""animals_in_shed_now"":0,""seeds_unplanted_now"":1,""seeds_unplanted_cost_now"":10.0},{""sell_dead_units"":219,""refused_buy_product"":1,""refused_buy_seed"":0,""refused_buy_animal"":0,""refused_hire"":0,""refused_buy_land"":0,""hire_paid"":4164,""sell_zero_fill"":40,""buy_zero_fill"":1,""sell_revenue"":141134.0,""total_spend"":27417.0,""shed_discarded_units"":4,""sold_units"":1595,""feed_no_wheat"":0,""feed_no_animal"":0,""feed_redundant"":0,""water_dead"":11,""harvest_dead"":4,""plant_dead"":0,""animals_escaped"":0,""escape_capital"":0.0,""escape_yield_units"":0,""escape_first_day"":-1,""animal_unfed_days"":42,""plants_dry"":1,""dry_seed_cost"":100.0,""dry_yield_units"":0,""dry_first_day"":21,""plant_unwatered_days"":392,""decay_units"":18,""plants_decayed"":18,""silent_loss_coins"":100.0,""silent_loss_units"":22,""dead_actions"":41,""move_dead"":0,""locked_dead"":0,""pickup_dead"":0,""drop_dead"":0,""place_dead"":1,""build_dead"":0,""dig_dead"":3,""fertilize_dead"":1,""collect_dead"":8,""care_dead"":13,""tile_cap_units"":19,""fertilizer_forgone"":19,""care_unfed"":37,""animal_shed_days"":1,""idle_tile_days"":63,""weed_tile_days"":1,""hand_pass_turns"":363,""farmer_pass_turns"":61,""phantom_hand_actions"":0,""sell_floor_units"":21,""hire_premium"":3898,""shed_units_now"":0,""shed_value_now"":0.0,""animals_in_shed_now"":0,""seeds_unplanted_now"":1,""seeds_unplanted_cost_now"":10.0}]}","{""opening_calls"":1,""opening_stock_ok"":1,""parent"":{""rescue"":{""planning_calls"":1,""accepted"":1,""changed_steps"":6,""aborted"":0,""shadow_declines"":0,""errors"":0,""max_planning_ms"":81.12699999765027},""fertilizer"":{""skips"":3,""covered"":2,""capped"":1,""errors"":0},""seed_budget"":{""cut_units"":0,""saved_cost"":0,""changed_turns"":0,""errors"":0},""forecast"":{""pred_units"":137,""pred_fires"":17,""pred_errors"":0,""frontier_fires"":1,""frontier_units"":2}}}",
m20_multi_hypothesis,B1,B1,herd_safe,522609242,1,116720.0,116717.0,3.0,W,kagsim,4.259875,0,0,0,0,0,0,0,0,cd945f271e647a2f5fc263c386808ef34a28435ba33f723a6ccd7112be4b1a7c,"[{""step"":0,""shops"":[]},{""step"":72,""shops"":[""SMOOTHIE_SHOP""]},{""step"":144,""shops"":[""SMOOTHIE_SHOP"",""SMOOTHIE_SHOP""]},{""step"":216,""shops"":[""SMOOTHIE_SHOP"",""SMOOTHIE_SHOP"",""BRUNCH_SPOT""]},{""step"":288,""shops"":[""SMOOTHIE_SHOP"",""SMOOTHIE_SHOP"",""BRUNCH_SPOT"",""BAKERY""]},{""step"":360,""shops"":[""SMOOTHIE_SHOP"",""SMOOTHIE_SHOP"",""BRUNCH_SPOT"",""BAKERY"",""YARN_STORE""]},{""step"":432,""shops"":[""SMOOTHIE_SHOP"",""SMOOTHIE_SHOP"",""BRUNCH_SPOT"",""BAKERY"",""YARN_STORE"",""ICE_CREAM_SHOP""]},{""step"":504,""shops"":[""SMOOTHIE_SHOP"",""SMOOTHIE_SHOP"",""BRUNCH_SPOT"",""BAKERY"",""YARN_STORE"",""ICE_CREAM_SHOP"",""BAKERY""]},{""step"":576,""shops"":[""SMOOTHIE_SHOP"",""SMOOTHIE_SHOP"",""BRUNCH_SPOT"",""BAKERY"",""YARN_STORE"",""ICE_CREAM_SHOP"",""BAKERY"",""FARMERS_MARKET""]}]",experiments/round11_execution_20260924/track_b/market_kagsim/replays/m20_multi_hypothesis/B1/seed_522609242_seat_1.json.gz,8dbc9f074a6a7e3d1dd6fb163f519491946a96143419151d71d373beb3a46191,98d374f58f68c5b9f263eb3ed04f724e1e0b7a4fa562b581bdac90b276492c4a,b6553c296c556aff5b5e2d12b75618e505fa4d852afb5338414ac6d6e039cb02,0fe077cc65622d6f6828160d90b617595a4aa7ea188e4afc67bfee8e4d290c92,"{""players"":[{""sell_dead_units"":219,""refused_buy_product"":1,""refused_buy_seed"":0,""refused_buy_animal"":0,""refused_hire"":0,""refused_buy_land"":0,""hire_paid"":4164,""sell_zero_fill"":40,""buy_zero_fill"":1,""sell_revenue"":141134.0,""total_spend"":27417.0,""shed_discarded_units"":4,""sold_units"":1595,""feed_no_wheat"":0,""feed_no_animal"":0,""feed_redundant"":0,""water_dead"":11,""harvest_dead"":4,""plant_dead"":0,""animals_escaped"":0,""escape_capital"":0.0,""escape_yield_units"":0,""escape_first_day"":-1,""animal_unfed_days"":42,""plants_dry"":1,""dry_seed_cost"":100.0,""dry_yield_units"":0,""dry_first_day"":21,""plant_unwatered_days"":392,""decay_units"":18,""plants_decayed"":18,""silent_loss_coins"":100.0,""silent_loss_units"":22,""dead_actions"":41,""move_dead"":0,""locked_dead"":0,""pickup_dead"":0,""drop_dead"":0,""place_dead"":1,""build_dead"":0,""dig_dead"":3,""fertilize_dead"":1,""collect_dead"":8,""care_dead"":13,""tile_cap_units"":19,""fertilizer_forgone"":19,""care_unfed"":37,""animal_shed_days"":1,""idle_tile_days"":63,""weed_tile_days"":1,""hand_pass_turns"":363,""farmer_pass_turns"":61,""phantom_hand_actions"":0,""sell_floor_units"":21,""hire_premium"":3898,""shed_units_now"":0,""shed_value_now"":0.0,""animals_in_shed_now"":0,""seeds_unplanted_now"":1,""seeds_unplanted_cost_now"":10.0},{""sell_dead_units"":221,""refused_buy_product"":1,""refused_buy_seed"":0,""refused_buy_animal"":0,""refused_hire"":0,""refused_buy_land"":0,""hire_paid"":4164,""sell_zero_fill"":41,""buy_zero_fill"":1,""sell_revenue"":141137.0,""total_spend"":27417.0,""shed_discarded_units"":4,""sold_units"":1595,""feed_no_wheat"":0,""feed_no_animal"":0,""feed_redundant"":0,""water_dead"":11,""harvest_dead"":4,""plant_dead"":0,""animals_escaped"":0,""escape_capital"":0.0,""escape_yield_units"":0,""escape_first_day"":-1,""animal_unfed_days"":42,""plants_dry"":1,""dry_seed_cost"":100.0,""dry_yield_units"":0,""dry_first_day"":21,""plant_unwatered_days"":392,""decay_units"":18,""plants_decayed"":18,""silent_loss_coins"":100.0,""silent_loss_units"":22,""dead_actions"":41,""move_dead"":0,""locked_dead"":0,""pickup_dead"":0,""drop_dead"":0,""place_dead"":1,""build_dead"":0,""dig_dead"":3,""fertilize_dead"":1,""collect_dead"":8,""care_dead"":13,""tile_cap_units"":19,""fertilizer_forgone"":19,""care_unfed"":37,""animal_shed_days"":1,""idle_tile_days"":63,""weed_tile_days"":1,""hand_pass_turns"":363,""farmer_pass_turns"":61,""phantom_hand_actions"":0,""sell_floor_units"":21,""hire_premium"":3898,""shed_units_now"":0,""shed_value_now"":0.0,""animals_in_shed_now"":0,""seeds_unplanted_now"":1,""seeds_unplanted_cost_now"":10.0}]}","{""opening_calls"":1,""opening_stock_ok"":1,""parent"":{""rescue"":{""planning_calls"":1,""accepted"":1,""changed_steps"":6,""aborted"":0,""shadow_declines"":0,""errors"":0,""max_planning_ms"":79.18840000638738},""fertilizer"":{""skips"":3,""covered"":2,""capped"":1,""errors"":0},""seed_budget"":{""cut_units"":0,""saved_cost"":0,""changed_turns"":0,""errors"":0},""forecast"":{""pred_units"":137,""pred_fires"":17,""pred_errors"":0,""frontier_fires"":1,""frontier_units"":2}}}",
m20_multi_hypothesis,B1,B1,herd_safe,522609243,0,110460.0,110723.0,-263.0,L,kagsim,3.930248,0,0,0,0,0,0,0,0,1d04709202fcf76383345d9e691360d89980e8b74a1a6a0b3b3159e5c4342665,"[{""step"":0,""shops"":[]},{""step"":72,""shops"":[""BRUNCH_SPOT""]},{""step"":144,""shops"":[""BRUNCH_SPOT"",""ICE_CREAM_SHOP""]},{""step"":216,""shops"":[""BRUNCH_SPOT"",""ICE_CREAM_SHOP"",""FARMERS_MARKET""]},{""step"":288,""shops"":[""BRUNCH_SPOT"",""ICE_CREAM_SHOP"",""FARMERS_MARKET"",""ICE_CREAM_SHOP""]},{""step"":360,""shops"":[""BRUNCH_SPOT"",""ICE_CREAM_SHOP"",""FARMERS_MARKET"",""ICE_CREAM_SHOP"",""PIZZA_SHOP""]},{""step"":432,""shops"":[""BRUNCH_SPOT"",""ICE_CREAM_SHOP"",""FARMERS_MARKET"",""ICE_CREAM_SHOP"",""PIZZA_SHOP"",""FARMERS_MARKET""]},{""step"":504,""shops"":[""BRUNCH_SPOT"",""ICE_CREAM_SHOP"",""FARMERS_MARKET"",""ICE_CREAM_SHOP"",""PIZZA_SHOP"",""FARMERS_MARKET"",""BAKERY""]},{""step"":576,""shops"":[""BRUNCH_SPOT"",""ICE_CREAM_SHOP"",""FARMERS_MARKET"",""ICE_CREAM_SHOP"",""PIZZA_SHOP"",""FARMERS_MARKET"",""BAKERY"",""PIZZA_SHOP""]}]",experiments/round11_execution_20260924/track_b/market_kagsim/replays/m20_multi_hypothesis/B1/seed_522609243_seat_0.json.gz,804362437ecb06d9900f283987e8d2878e1562a169fa985c927110c61a0147eb,98d374f58f68c5b9f263eb3ed04f724e1e0b7a4fa562b581bdac90b276492c4a,b6553c296c556aff5b5e2d12b75618e505fa4d852afb5338414ac6d6e039cb02,0fe077cc65622d6f6828160d90b617595a4aa7ea188e4afc67bfee8e4d290c92,"{""players"":[{""sell_dead_units"":200,""refused_buy_product"":1,""refused_buy_seed"":0,""refused_buy_animal"":0,""refused_hire"":0,""refused_buy_land"":0,""hire_paid"":4397,""sell_zero_fill"":34,""buy_zero_fill"":1,""sell_revenue"":136157.0,""total_spend"":28697.0,""shed_discarded_units"":3,""sold_units"":1603,""feed_no_wheat"":0,""feed_no_animal"":0,""feed_redundant"":0,""water_dead"":10,""harvest_dead"":3,""plant_dead"":0,""animals_escaped"":0,""escape_capital"":0.0,""escape_yield_units"":0,""escape_first_day"":-1,""animal_unfed_days"":77,""plants_dry"":1,""dry_seed_cost"":100.0,""dry_yield_units"":0,""dry_first_day"":21,""plant_unwatered_days"":391,""decay_units"":18,""plants_decayed"":18,""silent_loss_coins"":100.0,""silent_loss_units"":21,""dead_actions"":40,""move_dead"":0,""locked_dead"":0,""pickup_dead"":0,""drop_dead"":0,""place_dead"":1,""build_dead"":0,""dig_dead"":4,""fertilize_dead"":1,""collect_dead"":8,""care_dead"":13,""tile_cap_units"":23,""fertilizer_forgone"":18,""care_unfed"":73,""animal_shed_days"":1,""idle_tile_days"":63,""weed_tile_days"":1,""hand_pass_turns"":398,""farmer_pass_turns"":67,""phantom_hand_actions"":0,""sell_floor_units"":54,""hire_premium"":4129,""shed_units_now"":0,""shed_value_now"":0.0,""animals_in_shed_now"":0,""seeds_unplanted_now"":1,""seeds_unplanted_cost_now"":10.0},{""sell_dead_units"":199,""refused_buy_product"":1,""refused_buy_seed"":0,""refused_buy_animal"":0,""refused_hire"":0,""refused_buy_land"":0,""hire_paid"":4397,""sell_zero_fill"":33,""buy_zero_fill"":1,""sell_revenue"":136419.0,""total_spend"":28696.0,""shed_discarded_units"":1,""sold_units"":1605,""feed_no_wheat"":0,""feed_no_animal"":0,""feed_redundant"":0,""water_dead"":10,""harvest_dead"":3,""plant_dead"":0,""animals_escaped"":0,""escape_capital"":0.0,""escape_yield_units"":0,""escape_first_day"":-1,""animal_unfed_days"":77,""plants_dry"":1,""dry_seed_cost"":100.0,""dry_yield_units"":0,""dry_first_day"":21,""plant_unwatered_days"":391,""decay_units"":18,""plants_decayed"":18,""silent_loss_coins"":100.0,""silent_loss_units"":19,""dead_actions"":40,""move_dead"":0,""locked_dead"":0,""pickup_dead"":0,""drop_dead"":0,""place_dead"":1,""build_dead"":0,""dig_dead"":4,""fertilize_dead"":1,""collect_dead"":8,""care_dead"":13,""tile_cap_units"":23,""fertilizer_forgone"":18,""care_unfed"":73,""animal_shed_days"":1,""idle_tile_days"":63,""weed_tile_days"":1,""hand_pass_turns"":398,""farmer_pass_turns"":67,""phantom_hand_actions"":0,""sell_floor_units"":55,""hire_premium"":4129,""shed_units_now"":0,""shed_value_now"":0.0,""animals_in_shed_now"":0,""seeds_unplanted_now"":1,""seeds_unplanted_cost_now"":10.0}]}","{""opening_calls"":1,""opening_stock_ok"":1,""parent"":{""rescue"":{""planning_calls"":1,""accepted"":1,""changed_steps"":6,""aborted"":0,""shadow_declines"":0,""errors"":0,""max_planning_ms"":56.71249999431893},""fertilizer"":{""skips"":4,""covered"":3,""capped"":1,""errors"":0},""seed_budget"":{""cut_units"":0,""saved_cost"":0,""changed_turns"":0,""errors"":0},""forecast"":{""pred_units"":99,""pred_fires"":17,""pred_errors"":0,""frontier_fires"":3,""frontier_units"":8}}}",
m20_multi_hypothesis,B1,B1,herd_safe,522609243,1,110460.0,110723.0,-263.0,L,kagsim,3.788911,0,0,0,0,0,0,0,0,1d04709202fcf76383345d9e691360d89980e8b74a1a6a0b3b3159e5c4342665,"[{""step"":0,""shops"":[]},{""step"":72,""shops"":[""BRUNCH_SPOT""]},{""step"":144,""shops"":[""BRUNCH_SPOT"",""ICE_CREAM_SHOP""]},{""step"":216,""shops"":[""BRUNCH_SPOT"",""ICE_CREAM_SHOP"",""FARMERS_MARKET""]},{""step"":288,""shops"":[""BRUNCH_SPOT"",""ICE_CREAM_SHOP"",""FARMERS_MARKET"",""ICE_CREAM_SHOP""]},{""step"":360,""shops"":[""BRUNCH_SPOT"",""ICE_CREAM_SHOP"",""FARMERS_MARKET"",""ICE_CREAM_SHOP"",""PIZZA_SHOP""]},{""step"":432,""shops"":[""BRUNCH_SPOT"",""ICE_CREAM_SHOP"",""FARMERS_MARKET"",""ICE_CREAM_SHOP"",""PIZZA_SHOP"",""FARMERS_MARKET""]},{""step"":504,""shops"":[""BRUNCH_SPOT"",""ICE_CREAM_SHOP"",""FARMERS_MARKET"",""ICE_CREAM_SHOP"",""PIZZA_SHOP"",""FARMERS_MARKET"",""BAKERY""]},{""step"":576,""shops"":[""BRUNCH_SPOT"",""ICE_CREAM_SHOP"",""FARMERS_MARKET"",""ICE_CREAM_SHOP"",""PIZZA_SHOP"",""FARMERS_MARKET"",""BAKERY"",""PIZZA_SHOP""]}]",experiments/round11_execution_20260924/track_b/market_kagsim/replays/m20_multi_hypothesis/B1/seed_522609243_seat_1.json.gz,1ec70eb335399ab0aaa72db3036222212cec74f739941bd35ac4ae420bc43996,98d374f58f68c5b9f263eb3ed04f724e1e0b7a4fa562b581bdac90b276492c4a,b6553c296c556aff5b5e2d12b75618e505fa4d852afb5338414ac6d6e039cb02,0fe077cc65622d6f6828160d90b617595a4aa7ea188e4afc67bfee8e4d290c92,"{""players"":[{""sell_dead_units"":199,""refused_buy_product"":1,""refused_buy_seed"":0,""refused_buy_animal"":0,""refused_hire"":0,""refused_buy_land"":0,""hire_paid"":4397,""sell_zero_fill"":33,""buy_zero_fill"":1,""sell_revenue"":136419.0,""total_spend"":28696.0,""shed_discarded_units"":1,""sold_units"":1605,""feed_no_wheat"":0,""feed_no_animal"":0,""feed_redundant"":0,""water_dead"":10,""harvest_dead"":3,""plant_dead"":0,""animals_escaped"":0,""escape_capital"":0.0,""escape_yield_units"":0,""escape_first_day"":-1,""animal_unfed_days"":77,""plants_dry"":1,""dry_seed_cost"":100.0,""dry_yield_units"":0,""dry_first_day"":21,""plant_unwatered_days"":391,""decay_units"":18,""plants_decayed"":18,""silent_loss_coins"":100.0,""silent_loss_units"":19,""dead_actions"":40,""move_dead"":0,""locked_dead"":0,""pickup_dead"":0,""drop_dead"":0,""place_dead"":1,""build_dead"":0,""dig_dead"":4,""fertilize_dead"":1,""collect_dead"":8,""care_dead"":13,""tile_cap_units"":23,""fertilizer_forgone"":18,""care_unfed"":73,""animal_shed_days"":1,""idle_tile_days"":63,""weed_tile_days"":1,""hand_pass_turns"":398,""farmer_pass_turns"":67,""phantom_hand_actions"":0,""sell_floor_units"":55,""hire_premium"":4129,""shed_units_now"":0,""shed_value_now"":0.0,""animals_in_shed_now"":0,""seeds_unplanted_now"":1,""seeds_unplanted_cost_now"":10.0},{""sell_dead_units"":200,""refused_buy_product"":1,""refused_buy_seed"":0,""refused_buy_animal"":0,""refused_hire"":0,""refused_buy_land"":0,""hire_paid"":4397,""sell_zero_fill"":34,""buy_zero_fill"":1,""sell_revenue"":136157.0,""total_spend"":28697.0,""shed_discarded_units"":3,""sold_units"":1603,""feed_no_wheat"":0,""feed_no_animal"":0,""feed_redundant"":0,""water_dead"":10,""harvest_dead"":3,""plant_dead"":0,""animals_escaped"":0,""escape_capital"":0.0,""escape_yield_units"":0,""escape_first_day"":-1,""animal_unfed_days"":77,""plants_dry"":1,""dry_seed_cost"":100.0,""dry_yield_units"":0,""dry_first_day"":21,""plant_unwatered_days"":391,""decay_units"":18,""plants_decayed"":18,""silent_loss_coins"":100.0,""silent_loss_units"":21,""dead_actions"":40,""move_dead"":0,""locked_dead"":0,""pickup_dead"":0,""drop_dead"":0,""place_dead"":1,""build_dead"":0,""dig_dead"":4,""fertilize_dead"":1,""collect_dead"":8,""care_dead"":13,""tile_cap_units"":23,""fertilizer_forgone"":18,""care_unfed"":73,""animal_shed_days"":1,""idle_tile_days"":63,""weed_tile_days"":1,""hand_pass_turns"":398,""farmer_pass_turns"":67,""phantom_hand_actions"":0,""sell_floor_units"":54,""hire_premium"":4129,""shed_units_now"":0,""shed_value_now"":0.0,""animals_in_shed_now"":0,""seeds_unplanted_now"":1,""seeds_unplanted_cost_now"":10.0}]}","{""opening_calls"":1,""opening_stock_ok"":1,""parent"":{""rescue"":{""planning_calls"":1,""accepted"":1,""changed_steps"":6,""aborted"":0,""shadow_declines"":0,""errors"":0,""max_planning_ms"":67.3979999992298},""fertilizer"":{""skips"":4,""covered"":3,""capped"":1,""errors"":0},""seed_budget"":{""cut_units"":0,""saved_cost"":0,""changed_turns"":0,""errors"":0},""forecast"":{""pred_units"":99,""pred_fires"":17,""pred_errors"":0,""frontier_fires"":3,""frontier_units"":8}}}",
m20_multi_hypothesis,B1,B1,herd_safe,522609244,0,85375.0,84598.0,777.0,W,kagsim,4.522532,0,0,0,0,0,0,0,0,29ae70298aff5372b49961180210c77419a07c48f2304c46e4887e3408b3f36c,"[{""step"":0,""shops"":[]},{""step"":72,""shops"":[""BAKERY""]},{""step"":144,""shops"":[""BAKERY"",""FARMERS_MARKET""]},{""step"":216,""shops"":[""BAKERY"",""FARMERS_MARKET"",""BRUNCH_SPOT""]},{""step"":288,""shops"":[""BAKERY"",""FARMERS_MARKET"",""BRUNCH_SPOT"",""YARN_STORE""]},{""step"":360,""shops"":[""BAKERY"",""FARMERS_MARKET"",""BRUNCH_SPOT"",""YARN_STORE"",""FARMERS_MARKET""]},{""step"":432,""shops"":[""BAKERY"",""FARMERS_MARKET"",""BRUNCH_SPOT"",""YARN_STORE"",""FARMERS_MARKET"",""BAKERY""]},{""step"":504,""shops"":[""BAKERY"",""FARMERS_MARKET"",""BRUNCH_SPOT"",""YARN_STORE"",""FARMERS_MARKET"",""BAKERY"",""BRUNCH_SPOT""]},{""step"":576,""shops"":[""BAKERY"",""FARMERS_MARKET"",""BRUNCH_SPOT"",""YARN_STORE"",""FARMERS_MARKET"",""BAKERY"",""BRUNCH_SPOT"",""ICE_CREAM_SHOP""]}]",experiments/round11_execution_20260924/track_b/market_kagsim/replays/m20_multi_hypothesis/B1/seed_522609244_seat_0.json.gz,3fa9804b8cc69067e9e2fb66805d2708802621b840f73c52da91e01db2b96295,98d374f58f68c5b9f263eb3ed04f724e1e0b7a4fa562b581bdac90b276492c4a,b6553c296c556aff5b5e2d12b75618e505fa4d852afb5338414ac6d6e039cb02,0fe077cc65622d6f6828160d90b617595a4aa7ea188e4afc67bfee8e4d290c92,"{""players"":[{""sell_dead_units"":2280,""refused_buy_product"":5,""refused_buy_seed"":0,""refused_buy_animal"":0,""refused_hire"":0,""refused_buy_land"":0,""hire_paid"":4397,""sell_zero_fill"":47,""buy_zero_fill"":1,""sell_revenue"":127614.0,""total_spend"":45239.0,""shed_discarded_units"":11,""sold_units"":2011,""feed_no_wheat"":0,""feed_no_animal"":0,""feed_redundant"":0,""water_dead"":12,""harvest_dead"":4,""plant_dead"":0,""animals_escaped"":0,""escape_capital"":0.0,""escape_yield_units"":0,""escape_first_day"":-1,""animal_unfed_days"":78,""plants_dry"":2,""dry_seed_cost"":120.0,""dry_yield_units"":1,""dry_first_day"":21,""plant_unwatered_days"":387,""decay_units"":18,""plants_decayed"":18,""silent_loss_coins"":120.0,""silent_loss_units"":30,""dead_actions"":47,""move_dead"":0,""locked_dead"":0,""pickup_dead"":0,""drop_dead"":0,""place_dead"":1,""build_dead"":0,""dig_dead"":2,""fertilize_dead"":1,""collect_dead"":3,""care_dead"":24,""tile_cap_units"":19,""fertilizer_forgone"":22,""care_unfed"":74,""animal_shed_days"":1,""idle_tile_days"":64,""weed_tile_days"":2,""hand_pass_turns"":368,""farmer_pass_turns"":64,""phantom_hand_actions"":0,""sell_floor_units"":84,""hire_premium"":4129,""shed_units_now"":0,""shed_value_now"":0.0,""animals_in_shed_now"":0,""seeds_unplanted_now"":3,""seeds_unplanted_cost_now"":30.0},{""sell_dead_units"":2280,""refused_buy_product"":5,""refused_buy_seed"":0,""refused_buy_animal"":0,""refused_hire"":0,""refused_buy_land"":0,""hire_paid"":4397,""sell_zero_fill"":47,""buy_zero_fill"":1,""sell_revenue"":126922.0,""total_spend"":45324.0,""shed_discarded_units"":11,""sold_units"":2011,""feed_no_wheat"":0,""feed_no_animal"":0,""feed_redundant"":0,""water_dead"":13,""harvest_dead"":5,""plant_dead"":0,""animals_escaped"":0,""escape_capital"":0.0,""escape_yield_units"":0,""escape_first_day"":-1,""animal_unfed_days"":78,""plants_dry"":2,""dry_seed_cost"":120.0,""dry_yield_units"":1,""dry_first_day"":21,""plant_unwatered_days"":386,""decay_units"":18,""plants_decayed"":18,""silent_loss_coins"":120.0,""silent_loss_units"":30,""dead_actions"":49,""move_dead"":0,""locked_dead"":0,""pickup_dead"":0,""drop_dead"":0,""place_dead"":1,""build_dead"":0,""dig_dead"":2,""fertilize_dead"":1,""collect_dead"":3,""care_dead"":24,""tile_cap_units"":19,""fertilizer_forgone"":22,""care_unfed"":74,""animal_shed_days"":1,""idle_tile_days"":66,""weed_tile_days"":3,""hand_pass_turns"":369,""farmer_pass_turns"":64,""phantom_hand_actions"":0,""sell_floor_units"":87,""hire_premium"":4129,""shed_units_now"":0,""shed_value_now"":0.0,""animals_in_shed_now"":0,""seeds_unplanted_now"":4,""seeds_unplanted_cost_now"":40.0}]}","{""opening_calls"":1,""opening_stock_ok"":1,""parent"":{""rescue"":{""planning_calls"":1,""accepted"":1,""changed_steps"":7,""aborted"":0,""shadow_declines"":0,""errors"":0,""max_planning_ms"":71.70769998629112},""fertilizer"":{""skips"":3,""covered"":1,""capped"":2,""errors"":0},""seed_budget"":{""cut_units"":76,""saved_cost"":1520,""changed_turns"":14,""errors"":0},""forecast"":{""pred_units"":132,""pred_fires"":19,""pred_errors"":0,""frontier_fires"":1,""frontier_units"":21}}}",
m20_multi_hypothesis,B1,B1,herd_safe,522609244,1,85295.0,84678.0,617.0,W,kagsim,4.555101,0,0,0,0,0,0,0,0,29ae70298aff5372b49961180210c77419a07c48f2304c46e4887e3408b3f36c,"[{""step"":0,""shops"":[]},{""step"":72,""shops"":[""BAKERY""]},{""step"":144,""shops"":[""BAKERY"",""FARMERS_MARKET""]},{""step"":216,""shops"":[""BAKERY"",""FARMERS_MARKET"",""BRUNCH_SPOT""]},{""step"":288,""shops"":[""BAKERY"",""FARMERS_MARKET"",""BRUNCH_SPOT"",""YARN_STORE""]},{""step"":360,""shops"":[""BAKERY"",""FARMERS_MARKET"",""BRUNCH_SPOT"",""YARN_STORE"",""FARMERS_MARKET""]},{""step"":432,""shops"":[""BAKERY"",""FARMERS_MARKET"",""BRUNCH_SPOT"",""YARN_STORE"",""FARMERS_MARKET"",""BAKERY""]},{""step"":504,""shops"":[""BAKERY"",""FARMERS_MARKET"",""BRUNCH_SPOT"",""YARN_STORE"",""FARMERS_MARKET"",""BAKERY"",""BRUNCH_SPOT""]},{""step"":576,""shops"":[""BAKERY"",""FARMERS_MARKET"",""BRUNCH_SPOT"",""YARN_STORE"",""FARMERS_MARKET"",""BAKERY"",""BRUNCH_SPOT"",""ICE_CREAM_SHOP""]}]",experiments/round11_execution_20260924/track_b/market_kagsim/replays/m20_multi_hypothesis/B1/seed_522609244_seat_1.json.gz,1813eee1bb838099d6431a59e6e2bf0da4c7e9a3530a68506b36893f8c44e390,98d374f58f68c5b9f263eb3ed04f724e1e0b7a4fa562b581bdac90b276492c4a,b6553c296c556aff5b5e2d12b75618e505fa4d852afb5338414ac6d6e039cb02,0fe077cc65622d6f6828160d90b617595a4aa7ea188e4afc67bfee8e4d290c92,"{""players"":[{""sell_dead_units"":2280,""refused_buy_product"":5,""refused_buy_seed"":0,""refused_buy_animal"":0,""refused_hire"":0,""refused_buy_land"":0,""hire_paid"":4397,""sell_zero_fill"":47,""buy_zero_fill"":1,""sell_revenue"":126922.0,""total_spend"":45244.0,""shed_discarded_units"":11,""sold_units"":2011,""feed_no_wheat"":0,""feed_no_animal"":0,""feed_redundant"":0,""water_dead"":12,""harvest_dead"":4,""plant_dead"":0,""animals_escaped"":0,""escape_capital"":0.0,""escape_yield_units"":0,""escape_first_day"":-1,""animal_unfed_days"":78,""plants_dry"":2,""dry_seed_cost"":120.0,""dry_yield_units"":1,""dry_first_day"":21,""plant_unwatered_days"":387,""decay_units"":18,""plants_decayed"":18,""silent_loss_coins"":120.0,""silent_loss_units"":30,""dead_actions"":47,""move_dead"":0,""locked_dead"":0,""pickup_dead"":0,""drop_dead"":0,""place_dead"":1,""build_dead"":0,""dig_dead"":2,""fertilize_dead"":1,""collect_dead"":3,""care_dead"":24,""tile_cap_units"":19,""fertilizer_forgone"":22,""care_unfed"":74,""animal_shed_days"":1,""idle_tile_days"":64,""weed_tile_days"":2,""hand_pass_turns"":368,""farmer_pass_turns"":64,""phantom_hand_actions"":0,""sell_floor_units"":87,""hire_premium"":4129,""shed_units_now"":0,""shed_value_now"":0.0,""animals_in_shed_now"":0,""seeds_unplanted_now"":3,""seeds_unplanted_cost_now"":30.0},{""sell_dead_units"":2280,""refused_buy_product"":5,""refused_buy_seed"":0,""refused_buy_animal"":0,""refused_hire"":0,""refused_buy_land"":0,""hire_paid"":4397,""sell_zero_fill"":47,""buy_zero_fill"":1,""sell_revenue"":127614.0,""total_spend"":45319.0,""shed_discarded_units"":11,""sold_units"":2011,""feed_no_wheat"":0,""feed_no_animal"":0,""feed_redundant"":0,""water_dead"":13,""harvest_dead"":5,""plant_dead"":0,""animals_escaped"":0,""escape_capital"":0.0,""escape_yield_units"":0,""escape_first_day"":-1,""animal_unfed_days"":78,""plants_dry"":2,""dry_seed_cost"":120.0,""dry_yield_units"":1,""dry_first_day"":21,""plant_unwatered_days"":386,""decay_units"":18,""plants_decayed"":18,""silent_loss_coins"":120.0,""silent_loss_units"":30,""dead_actions"":49,""move_dead"":0,""locked_dead"":0,""pickup_dead"":0,""drop_dead"":0,""place_dead"":1,""build_dead"":0,""dig_dead"":2,""fertilize_dead"":1,""collect_dead"":3,""care_dead"":24,""tile_cap_units"":19,""fertilizer_forgone"":22,""care_unfed"":74,""animal_shed_days"":1,""idle_tile_days"":66,""weed_tile_days"":3,""hand_pass_turns"":369,""farmer_pass_turns"":64,""phantom_hand_actions"":0,""sell_floor_units"":84,""hire_premium"":4129,""shed_units_now"":0,""shed_value_now"":0.0,""animals_in_shed_now"":0,""seeds_unplanted_now"":4,""seeds_unplanted_cost_now"":40.0}]}","{""opening_calls"":1,""opening_stock_ok"":1,""parent"":{""rescue"":{""planning_calls"":1,""accepted"":1,""changed_steps"":7,""aborted"":0,""shadow_declines"":0,""errors"":0,""max_planning_ms"":78.7486000044737},""fertilizer"":{""skips"":3,""covered"":1,""capped"":2,""errors"":0},""seed_budget"":{""cut_units"":76,""saved_cost"":1520,""changed_turns"":14,""errors"":0},""forecast"":{""pred_units"":132,""pred_fires"":19,""pred_errors"":0,""frontier_fires"":1,""frontier_units"":21}}}",
m20_multi_hypothesis,B1,metav4,metav4,522609241,0,113796.0,113353.0,443.0,W,kagsim,3.970325,0,0,0,0,0,0,0,0,3d5abadf277ffbf26faf5853b80f902eec0bdb2b3d07a15179f8411eccf494e5,"[{""step"":0,""shops"":[]},{""step"":72,""shops"":[""YARN_STORE""]},{""step"":144,""shops"":[""YARN_STORE"",""BRUNCH_SPOT""]},{""step"":216,""shops"":[""YARN_STORE"",""BRUNCH_SPOT"",""ICE_CREAM_SHOP""]},{""step"":288,""shops"":[""YARN_STORE"",""BRUNCH_SPOT"",""ICE_CREAM_SHOP"",""ICE_CREAM_SHOP""]},{""step"":360,""shops"":[""YARN_STORE"",""BRUNCH_SPOT"",""ICE_CREAM_SHOP"",""ICE_CREAM_SHOP"",""BRUNCH_SPOT""]},{""step"":432,""shops"":[""YARN_STORE"",""BRUNCH_SPOT"",""ICE_CREAM_SHOP"",""ICE_CREAM_SHOP"",""BRUNCH_SPOT"",""BRUNCH_SPOT""]},{""step"":504,""shops"":[""YARN_STORE"",""BRUNCH_SPOT"",""ICE_CREAM_SHOP"",""ICE_CREAM_SHOP"",""BRUNCH_SPOT"",""BRUNCH_SPOT"",""FARMERS_MARKET""]},{""step"":576,""shops"":[""YARN_STORE"",""BRUNCH_SPOT"",""ICE_CREAM_SHOP"",""ICE_CREAM_SHOP"",""BRUNCH_SPOT"",""BRUNCH_SPOT"",""FARMERS_MARKET"",""BRUNCH_SPOT""]}]",experiments/round11_execution_20260924/track_b/market_kagsim/replays/m20_multi_hypothesis/metav4/seed_522609241_seat_0.json.gz,a7ebb917779ba6b556c26d16e9d4e0e3230f26abadbbb5f91d3b519bf095483f,98d374f58f68c5b9f263eb3ed04f724e1e0b7a4fa562b581bdac90b276492c4a,9d63494603f88219857a3101d7dc19cc750ded04e5886732ee428580326967d9,0fe077cc65622d6f6828160d90b617595a4aa7ea188e4afc67bfee8e4d290c92,"{""players"":[{""sell_dead_units"":204,""refused_buy_product"":1,""refused_buy_seed"":0,""refused_buy_animal"":0,""refused_hire"":0,""refused_buy_land"":0,""hire_paid"":5659,""sell_zero_fill"":19,""buy_zero_fill"":1,""sell_revenue"":140536.0,""total_spend"":29740.0,""shed_discarded_units"":32,""sold_units"":1549,""feed_no_wheat"":0,""feed_no_animal"":0,""feed_redundant"":0,""water_dead"":1,""harvest_dead"":4,""plant_dead"":0,""animals_escaped"":0,""escape_capital"":0.0,""escape_yield_units"":0,""escape_first_day"":-1,""animal_unfed_days"":62,""plants_dry"":1,""dry_seed_cost"":100.0,""dry_yield_units"":0,""dry_first_day"":21,""plant_unwatered_days"":385,""decay_units"":18,""plants_decayed"":18,""silent_loss_coins"":100.0,""silent_loss_units"":50,""dead_actions"":17,""move_dead"":0,""locked_dead"":0,""pickup_dead"":0,""drop_dead"":0,""place_dead"":1,""build_dead"":0,""dig_dead"":2,""fertilize_dead"":0,""collect_dead"":4,""care_dead"":5,""tile_cap_units"":9,""fertilizer_forgone"":14,""care_unfed"":58,""animal_shed_days"":0,""idle_tile_days"":62,""weed_tile_days"":1,""hand_pass_turns"":616,""farmer_pass_turns"":83,""phantom_hand_actions"":0,""sell_floor_units"":62,""hire_premium"":5377,""shed_units_now"":0,""shed_value_now"":0.0,""animals_in_shed_now"":0,""seeds_unplanted_now"":0,""seeds_unplanted_cost_now"":0.0},{""sell_dead_units"":201,""refused_buy_product"":1,""refused_buy_seed"":0,""refused_buy_animal"":0,""refused_hire"":0,""refused_buy_land"":0,""hire_paid"":5659,""sell_zero_fill"":19,""buy_zero_fill"":1,""sell_revenue"":140468.0,""total_spend"":30115.0,""shed_discarded_units"":32,""sold_units"":1557,""feed_no_wheat"":0,""feed_no_animal"":0,""feed_redundant"":0,""water_dead"":1,""harvest_dead"":6,""plant_dead"":0,""animals_escaped"":0,""escape_capital"":0.0,""escape_yield_units"":0,""escape_first_day"":-1,""animal_unfed_days"":62,""plants_dry"":1,""dry_seed_cost"":100.0,""dry_yield_units"":0,""dry_first_day"":21,""plant_unwatered_days"":385,""decay_units"":18,""plants_decayed"":18,""silent_loss_coins"":100.0,""silent_loss_units"":50,""dead_actions"":20,""move_dead"":0,""locked_dead"":0,""pickup_dead"":0,""drop_dead"":0,""place_dead"":2,""build_dead"":0,""dig_dead"":2,""fertilize_dead"":0,""collect_dead"":4,""care_dead"":5,""tile_cap_units"":9,""fertilizer_forgone"":14,""care_unfed"":58,""animal_shed_days"":0,""idle_tile_days"":63,""weed_tile_days"":1,""hand_pass_turns"":632,""farmer_pass_turns"":83,""phantom_hand_actions"":0,""sell_floor_units"":62,""hire_premium"":5377,""shed_units_now"":0,""shed_value_now"":0.0,""animals_in_shed_now"":0,""seeds_unplanted_now"":0,""seeds_unplanted_cost_now"":0.0}]}","{""opening_calls"":1,""opening_stock_ok"":1,""parent"":{""rescue"":{""planning_calls"":1,""accepted"":1,""changed_steps"":7,""aborted"":0,""shadow_declines"":0,""errors"":0,""max_planning_ms"":64.57019998924807},""fertilizer"":{""skips"":0,""covered"":0,""capped"":0,""errors"":0},""seed_budget"":{""cut_units"":0,""saved_cost"":0,""changed_turns"":0,""errors"":0},""forecast"":{""pred_units"":129,""pred_fires"":16,""pred_errors"":0,""frontier_fires"":4,""frontier_units"":45}}}",
m20_multi_hypothesis,B1,metav4,metav4,522609241,1,113796.0,113353.0,443.0,W,kagsim,3.970515,0,0,0,0,0,0,0,0,3d5abadf277ffbf26faf5853b80f902eec0bdb2b3d07a15179f8411eccf494e5,"[{""step"":0,""shops"":[]},{""step"":72,""shops"":[""YARN_STORE""]},{""step"":144,""shops"":[""YARN_STORE"",""BRUNCH_SPOT""]},{""step"":216,""shops"":[""YARN_STORE"",""BRUNCH_SPOT"",""ICE_CREAM_SHOP""]},{""step"":288,""shops"":[""YARN_STORE"",""BRUNCH_SPOT"",""ICE_CREAM_SHOP"",""ICE_CREAM_SHOP""]},{""step"":360,""shops"":[""YARN_STORE"",""BRUNCH_SPOT"",""ICE_CREAM_SHOP"",""ICE_CREAM_SHOP"",""BRUNCH_SPOT""]},{""step"":432,""shops"":[""YARN_STORE"",""BRUNCH_SPOT"",""ICE_CREAM_SHOP"",""ICE_CREAM_SHOP"",""BRUNCH_SPOT"",""BRUNCH_SPOT""]},{""step"":504,""shops"":[""YARN_STORE"",""BRUNCH_SPOT"",""ICE_CREAM_SHOP"",""ICE_CREAM_SHOP"",""BRUNCH_SPOT"",""BRUNCH_SPOT"",""FARMERS_MARKET""]},{""step"":576,""shops"":[""YARN_STORE"",""BRUNCH_SPOT"",""ICE_CREAM_SHOP"",""ICE_CREAM_SHOP"",""BRUNCH_SPOT"",""BRUNCH_SPOT"",""FARMERS_MARKET"",""BRUNCH_SPOT""]}]",experiments/round11_execution_20260924/track_b/market_kagsim/replays/m20_multi_hypothesis/metav4/seed_522609241_seat_1.json.gz,94c2857f65bd428819ee763579f2843d36e5a90f056a198f7c951dc0948c820e,98d374f58f68c5b9f263eb3ed04f724e1e0b7a4fa562b581bdac90b276492c4a,9d63494603f88219857a3101d7dc19cc750ded04e5886732ee428580326967d9,0fe077cc65622d6f6828160d90b617595a4aa7ea188e4afc67bfee8e4d290c92,"{""players"":[{""sell_dead_units"":201,""refused_buy_product"":1,""refused_buy_seed"":0,""refused_buy_animal"":0,""refused_hire"":0,""refused_buy_land"":0,""hire_paid"":5659,""sell_zero_fill"":19,""buy_zero_fill"":1,""sell_revenue"":140468.0,""total_spend"":30115.0,""shed_discarded_units"":32,""sold_units"":1557,""feed_no_wheat"":0,""feed_no_animal"":0,""feed_redundant"":0,""water_dead"":1,""harvest_dead"":6,""plant_dead"":0,""animals_escaped"":0,""escape_capital"":0.0,""escape_yield_units"":0,""escape_first_day"":-1,""animal_unfed_days"":62,""plants_dry"":1,""dry_seed_cost"":100.0,""dry_yield_units"":0,""dry_first_day"":21,""plant_unwatered_days"":385,""decay_units"":18,""plants_decayed"":18,""silent_loss_coins"":100.0,""silent_loss_units"":50,""dead_actions"":20,""move_dead"":0,""locked_dead"":0,""pickup_dead"":0,""drop_dead"":0,""place_dead"":2,""build_dead"":0,""dig_dead"":2,""fertilize_dead"":0,""collect_dead"":4,""care_dead"":5,""tile_cap_units"":9,""fertilizer_forgone"":14,""care_unfed"":58,""animal_shed_days"":0,""idle_tile_days"":63,""weed_tile_days"":1,""hand_pass_turns"":632,""farmer_pass_turns"":83,""phantom_hand_actions"":0,""sell_floor_units"":62,""hire_premium"":5377,""shed_units_now"":0,""shed_value_now"":0.0,""animals_in_shed_now"":0,""seeds_unplanted_now"":0,""seeds_unplanted_cost_now"":0.0},{""sell_dead_units"":204,""refused_buy_product"":1,""refused_buy_seed"":0,""refused_buy_animal"":0,""refused_hire"":0,""refused_buy_land"":0,""hire_paid"":5659,""sell_zero_fill"":19,""buy_zero_fill"":1,""sell_revenue"":140536.0,""total_spend"":29740.0,""shed_discarded_units"":32,""sold_units"":1549,""feed_no_wheat"":0,""feed_no_animal"":0,""feed_redundant"":0,""water_dead"":1,""harvest_dead"":4,""plant_dead"":0,""animals_escaped"":0,""escape_capital"":0.0,""escape_yield_units"":0,""escape_first_day"":-1,""animal_unfed_days"":62,""plants_dry"":1,""dry_seed_cost"":100.0,""dry_yield_units"":0,""dry_first_day"":21,""plant_unwatered_days"":385,""decay_units"":18,""plants_decayed"":18,""silent_loss_coins"":100.0,""silent_loss_units"":50,""dead_actions"":17,""move_dead"":0,""locked_dead"":0,""pickup_dead"":0,""drop_dead"":0,""place_dead"":1,""build_dead"":0,""dig_dead"":2,""fertilize_dead"":0,""collect_dead"":4,""care_dead"":5,""tile_cap_units"":9,""fertilizer_forgone"":14,""care_unfed"":58,""animal_shed_days"":0,""idle_tile_days"":62,""weed_tile_days"":1,""hand_pass_turns"":616,""farmer_pass_turns"":83,""phantom_hand_actions"":0,""sell_floor_units"":62,""hire_premium"":5377,""shed_units_now"":0,""shed_value_now"":0.0,""animals_in_shed_now"":0,""seeds_unplanted_now"":0,""seeds_unplanted_cost_now"":0.0}]}","{""opening_calls"":1,""opening_stock_ok"":1,""parent"":{""rescue"":{""planning_calls"":1,""accepted"":1,""changed_steps"":7,""aborted"":0,""shadow_declines"":0,""errors"":0,""max_planning_ms"":75.07649999752175},""fertilizer"":{""skips"":0,""covered"":0,""capped"":0,""errors"":0},""seed_budget"":{""cut_units"":0,""saved_cost"":0,""changed_turns"":0,""errors"":0},""forecast"":{""pred_units"":129,""pred_fires"":16,""pred_errors"":0,""frontier_fires"":4,""frontier_units"":45}}}",
m20_multi_hypothesis,B1,metav4,metav4,522609242,0,117184.0,116238.0,946.0,W,kagsim,4.494547,0,0,0,0,0,0,0,0,cd945f271e647a2f5fc263c386808ef34a28435ba33f723a6ccd7112be4b1a7c,"[{""step"":0,""shops"":[]},{""step"":72,""shops"":[""SMOOTHIE_SHOP""]},{""step"":144,""shops"":[""SMOOTHIE_SHOP"",""SMOOTHIE_SHOP""]},{""step"":216,""shops"":[""SMOOTHIE_SHOP"",""SMOOTHIE_SHOP"",""BRUNCH_SPOT""]},{""step"":288,""shops"":[""SMOOTHIE_SHOP"",""SMOOTHIE_SHOP"",""BRUNCH_SPOT"",""BAKERY""]},{""step"":360,""shops"":[""SMOOTHIE_SHOP"",""SMOOTHIE_SHOP"",""BRUNCH_SPOT"",""BAKERY"",""YARN_STORE""]},{""step"":432,""shops"":[""SMOOTHIE_SHOP"",""SMOOTHIE_SHOP"",""BRUNCH_SPOT"",""BAKERY"",""YARN_STORE"",""ICE_CREAM_SHOP""]},{""step"":504,""shops"":[""SMOOTHIE_SHOP"",""SMOOTHIE_SHOP"",""BRUNCH_SPOT"",""BAKERY"",""YARN_STORE"",""ICE_CREAM_SHOP"",""BAKERY""]},{""step"":576,""shops"":[""SMOOTHIE_SHOP"",""SMOOTHIE_SHOP"",""BRUNCH_SPOT"",""BAKERY"",""YARN_STORE"",""ICE_CREAM_SHOP"",""BAKERY"",""FARMERS_MARKET""]}]",experiments/round11_execution_20260924/track_b/market_kagsim/replays/m20_multi_hypothesis/metav4/seed_522609242_seat_0.json.gz,69561cc99fe95e2d7a08e344eb1be451309a172a9c1a1b33df585936cbb2c3b9,98d374f58f68c5b9f263eb3ed04f724e1e0b7a4fa562b581bdac90b276492c4a,9d63494603f88219857a3101d7dc19cc750ded04e5886732ee428580326967d9,0fe077cc65622d6f6828160d90b617595a4aa7ea188e4afc67bfee8e4d290c92,"{""players"":[{""sell_dead_units"":227,""refused_buy_product"":1,""refused_buy_seed"":0,""refused_buy_animal"":0,""refused_hire"":0,""refused_buy_land"":0,""hire_paid"":4164,""sell_zero_fill"":42,""buy_zero_fill"":1,""sell_revenue"":141612.0,""total_spend"":27428.0,""shed_discarded_units"":4,""sold_units"":1595,""feed_no_wheat"":0,""feed_no_animal"":0,""feed_redundant"":0,""water_dead"":11,""harvest_dead"":4,""plant_dead"":0,""animals_escaped"":0,""escape_capital"":0.0,""escape_yield_units"":0,""escape_first_day"":-1,""animal_unfed_days"":42,""plants_dry"":1,""dry_seed_cost"":100.0,""dry_yield_units"":0,""dry_first_day"":21,""plant_unwatered_days"":392,""decay_units"":18,""plants_decayed"":18,""silent_loss_coins"":100.0,""silent_loss_units"":22,""dead_actions"":41,""move_dead"":0,""locked_dead"":0,""pickup_dead"":0,""drop_dead"":0,""place_dead"":1,""build_dead"":0,""dig_dead"":3,""fertilize_dead"":1,""collect_dead"":8,""care_dead"":13,""tile_cap_units"":19,""fertilizer_forgone"":19,""care_unfed"":37,""animal_shed_days"":1,""idle_tile_days"":63,""weed_tile_days"":1,""hand_pass_turns"":363,""farmer_pass_turns"":61,""phantom_hand_actions"":0,""sell_floor_units"":20,""hire_premium"":3898,""shed_units_now"":0,""shed_value_now"":0.0,""animals_in_shed_now"":0,""seeds_unplanted_now"":1,""seeds_unplanted_cost_now"":10.0},{""sell_dead_units"":194,""refused_buy_product"":1,""refused_buy_seed"":0,""refused_buy_animal"":0,""refused_hire"":0,""refused_buy_land"":0,""hire_paid"":4164,""sell_zero_fill"":37,""buy_zero_fill"":1,""sell_revenue"":141126.0,""total_spend"":27888.0,""shed_discarded_units"":3,""sold_units"":1604,""feed_no_wheat"":0,""feed_no_animal"":0,""feed_redundant"":0,""water_dead"":11,""harvest_dead"":4,""plant_dead"":0,""animals_escaped"":0,""escape_capital"":0.0,""escape_yield_units"":0,""escape_first_day"":-1,""animal_unfed_days"":42,""plants_dry"":1,""dry_seed_cost"":100.0,""dry_yield_units"":0,""dry_first_day"":21,""plant_unwatered_days"":392,""decay_units"":18,""plants_decayed"":18,""silent_loss_coins"":100.0,""silent_loss_units"":21,""dead_actions"":42,""move_dead"":0,""locked_dead"":0,""pickup_dead"":0,""drop_dead"":0,""place_dead"":1,""build_dead"":0,""dig_dead"":3,""fertilize_dead"":2,""collect_dead"":8,""care_dead"":13,""tile_cap_units"":20,""fertilizer_forgone"":19,""care_unfed"":37,""animal_shed_days"":1,""idle_tile_days"":64,""weed_tile_days"":1,""hand_pass_turns"":378,""farmer_pass_turns"":60,""phantom_hand_actions"":0,""sell_floor_units"":21,""hire_premium"":3898,""shed_units_now"":0,""shed_value_now"":0.0,""animals_in_shed_now"":0,""seeds_unplanted_now"":1,""seeds_unplanted_cost_now"":10.0}]}","{""opening_calls"":1,""opening_stock_ok"":1,""parent"":{""rescue"":{""planning_calls"":1,""accepted"":1,""changed_steps"":6,""aborted"":0,""shadow_declines"":0,""errors"":0,""max_planning_ms"":72.50949999433942},""fertilizer"":{""skips"":3,""covered"":2,""capped"":1,""errors"":0},""seed_budget"":{""cut_units"":0,""saved_cost"":0,""changed_turns"":0,""errors"":0},""forecast"":{""pred_units"":143,""pred_fires"":18,""pred_errors"":0,""frontier_fires"":2,""frontier_units"":8}}}",
m20_multi_hypothesis,B1,metav4,metav4,522609242,1,117184.0,116238.0,946.0,W,kagsim,4.405814,0,0,0,0,0,0,0,0,cd945f271e647a2f5fc263c386808ef34a28435ba33f723a6ccd7112be4b1a7c,"[{""step"":0,""shops"":[]},{""step"":72,""shops"":[""SMOOTHIE_SHOP""]},{""step"":144,""shops"":[""SMOOTHIE_SHOP"",""SMOOTHIE_SHOP""]},{""step"":216,""shops"":[""SMOOTHIE_SHOP"",""SMOOTHIE_SHOP"",""BRUNCH_SPOT""]},{""step"":288,""shops"":[""SMOOTHIE_SHOP"",""SMOOTHIE_SHOP"",""BRUNCH_SPOT"",""BAKERY""]},{""step"":360,""shops"":[""SMOOTHIE_SHOP"",""SMOOTHIE_SHOP"",""BRUNCH_SPOT"",""BAKERY"",""YARN_STORE""]},{""step"":432,""shops"":[""SMOOTHIE_SHOP"",""SMOOTHIE_SHOP"",""BRUNCH_SPOT"",""BAKERY"",""YARN_STORE"",""ICE_CREAM_SHOP""]},{""step"":504,""shops"":[""SMOOTHIE_SHOP"",""SMOOTHIE_SHOP"",""BRUNCH_SPOT"",""BAKERY"",""YARN_STORE"",""ICE_CREAM_SHOP"",""BAKERY""]},{""step"":576,""shops"":[""SMOOTHIE_SHOP"",""SMOOTHIE_SHOP"",""BRUNCH_SPOT"",""BAKERY"",""YARN_STORE"",""ICE_CREAM_SHOP"",""BAKERY"",""FARMERS_MARKET""]}]",experiments/round11_execution_20260924/track_b/market_kagsim/replays/m20_multi_hypothesis/metav4/seed_522609242_seat_1.json.gz,a7e5a7ca7fc2c935d66f8270e273b0fad3f61b792dedf9949169843e6c2eaa81,98d374f58f68c5b9f263eb3ed04f724e1e0b7a4fa562b581bdac90b276492c4a,9d63494603f88219857a3101d7dc19cc750ded04e5886732ee428580326967d9,0fe077cc65622d6f6828160d90b617595a4aa7ea188e4afc67bfee8e4d290c92,"{""players"":[{""sell_dead_units"":194,""refused_buy_product"":1,""refused_buy_seed"":0,""refused_buy_animal"":0,""refused_hire"":0,""refused_buy_land"":0,""hire_paid"":4164,""sell_zero_fill"":37,""buy_zero_fill"":1,""sell_revenue"":141126.0,""total_spend"":27888.0,""shed_discarded_units"":3,""sold_units"":1604,""feed_no_wheat"":0,""feed_no_animal"":0,""feed_redundant"":0,""water_dead"":11,""harvest_dead"":4,""plant_dead"":0,""animals_escaped"":0,""escape_capital"":0.0,""escape_yield_units"":0,""escape_first_day"":-1,""animal_unfed_days"":42,""plants_dry"":1,""dry_seed_cost"":100.0,""dry_yield_units"":0,""dry_first_day"":21,""plant_unwatered_days"":392,""decay_units"":18,""plants_decayed"":18,""silent_loss_coins"":100.0,""silent_loss_units"":21,""dead_actions"":42,""move_dead"":0,""locked_dead"":0,""pickup_dead"":0,""drop_dead"":0,""place_dead"":1,""build_dead"":0,""dig_dead"":3,""fertilize_dead"":2,""collect_dead"":8,""care_dead"":13,""tile_cap_units"":20,""fertilizer_forgone"":19,""care_unfed"":37,""animal_shed_days"":1,""idle_tile_days"":64,""weed_tile_days"":1,""hand_pass_turns"":378,""farmer_pass_turns"":60,""phantom_hand_actions"":0,""sell_floor_units"":21,""hire_premium"":3898,""shed_units_now"":0,""shed_value_now"":0.0,""animals_in_shed_now"":0,""seeds_unplanted_now"":1,""seeds_unplanted_cost_now"":10.0},{""sell_dead_units"":227,""refused_buy_product"":1,""refused_buy_seed"":0,""refused_buy_animal"":0,""refused_hire"":0,""refused_buy_land"":0,""hire_paid"":4164,""sell_zero_fill"":42,""buy_zero_fill"":1,""sell_revenue"":141612.0,""total_spend"":27428.0,""shed_discarded_units"":4,""sold_units"":1595,""feed_no_wheat"":0,""feed_no_animal"":0,""feed_redundant"":0,""water_dead"":11,""harvest_dead"":4,""plant_dead"":0,""animals_escaped"":0,""escape_capital"":0.0,""escape_yield_units"":0,""escape_first_day"":-1,""animal_unfed_days"":42,""plants_dry"":1,""dry_seed_cost"":100.0,""dry_yield_units"":0,""dry_first_day"":21,""plant_unwatered_days"":392,""decay_units"":18,""plants_decayed"":18,""silent_loss_coins"":100.0,""silent_loss_units"":22,""dead_actions"":41,""move_dead"":0,""locked_dead"":0,""pickup_dead"":0,""drop_dead"":0,""place_dead"":1,""build_dead"":0,""dig_dead"":3,""fertilize_dead"":1,""collect_dead"":8,""care_dead"":13,""tile_cap_units"":19,""fertilizer_forgone"":19,""care_unfed"":37,""animal_shed_days"":1,""idle_tile_days"":63,""weed_tile_days"":1,""hand_pass_turns"":363,""farmer_pass_turns"":61,""phantom_hand_actions"":0,""sell_floor_units"":20,""hire_premium"":3898,""shed_units_now"":0,""shed_value_now"":0.0,""animals_in_shed_now"":0,""seeds_unplanted_now"":1,""seeds_unplanted_cost_now"":10.0}]}","{""opening_calls"":1,""opening_stock_ok"":1,""parent"":{""rescue"":{""planning_calls"":1,""accepted"":1,""changed_steps"":6,""aborted"":0,""shadow_declines"":0,""errors"":0,""max_planning_ms"":87.90850000514183},""fertilizer"":{""skips"":3,""covered"":2,""capped"":1,""errors"":0},""seed_budget"":{""cut_units"":0,""saved_cost"":0,""changed_turns"":0,""errors"":0},""forecast"":{""pred_units"":143,""pred_fires"":18,""pred_errors"":0,""frontier_fires"":2,""frontier_units"":8}}}",
m20_multi_hypothesis,B1,metav4,metav4,522609243,0,110367.0,110568.0,-201.0,L,kagsim,3.878232,0,0,0,0,0,0,0,0,499deac3e55076604cbfd1119bcc7d2b0dc4084111ee7286f71d9cd238ef4c7b,"[{""step"":0,""shops"":[]},{""step"":72,""shops"":[""BRUNCH_SPOT""]},{""step"":144,""shops"":[""BRUNCH_SPOT"",""ICE_CREAM_SHOP""]},{""step"":216,""shops"":[""BRUNCH_SPOT"",""ICE_CREAM_SHOP"",""FARMERS_MARKET""]},{""step"":288,""shops"":[""BRUNCH_SPOT"",""ICE_CREAM_SHOP"",""FARMERS_MARKET"",""ICE_CREAM_SHOP""]},{""step"":360,""shops"":[""BRUNCH_SPOT"",""ICE_CREAM_SHOP"",""FARMERS_MARKET"",""ICE_CREAM_SHOP"",""PIZZA_SHOP""]},{""step"":432,""shops"":[""BRUNCH_SPOT"",""ICE_CREAM_SHOP"",""FARMERS_MARKET"",""ICE_CREAM_SHOP"",""PIZZA_SHOP"",""FARMERS_MARKET""]},{""step"":504,""shops"":[""BRUNCH_SPOT"",""ICE_CREAM_SHOP"",""FARMERS_MARKET"",""ICE_CREAM_SHOP"",""PIZZA_SHOP"",""FARMERS_MARKET"",""BRUNCH_SPOT""]},{""step"":576,""shops"":[""BRUNCH_SPOT"",""ICE_CREAM_SHOP"",""FARMERS_MARKET"",""ICE_CREAM_SHOP"",""PIZZA_SHOP"",""FARMERS_MARKET"",""BRUNCH_SPOT"",""FARMERS_MARKET""]}]",experiments/round11_execution_20260924/track_b/market_kagsim/replays/m20_multi_hypothesis/metav4/seed_522609243_seat_0.json.gz,accb37bb815edaf6a13d0a5fe6de39cd4f100c064b7a215317249d6727f17001,98d374f58f68c5b9f263eb3ed04f724e1e0b7a4fa562b581bdac90b276492c4a,9d63494603f88219857a3101d7dc19cc750ded04e5886732ee428580326967d9,0fe077cc65622d6f6828160d90b617595a4aa7ea188e4afc67bfee8e4d290c92,"{""players"":[{""sell_dead_units"":215,""refused_buy_product"":1,""refused_buy_seed"":0,""refused_buy_animal"":0,""refused_hire"":0,""refused_buy_land"":0,""hire_paid"":4397,""sell_zero_fill"":34,""buy_zero_fill"":1,""sell_revenue"":136082.0,""total_spend"":28715.0,""shed_discarded_units"":4,""sold_units"":1597,""feed_no_wheat"":0,""feed_no_animal"":0,""feed_redundant"":0,""water_dead"":10,""harvest_dead"":3,""plant_dead"":0,""animals_escaped"":0,""escape_capital"":0.0,""escape_yield_units"":0,""escape_first_day"":-1,""animal_unfed_days"":85,""plants_dry"":1,""dry_seed_cost"":100.0,""dry_yield_units"":0,""dry_first_day"":21,""plant_unwatered_days"":391,""decay_units"":18,""plants_decayed"":18,""silent_loss_coins"":100.0,""silent_loss_units"":22,""dead_actions"":40,""move_dead"":0,""locked_dead"":0,""pickup_dead"":0,""drop_dead"":0,""place_dead"":1,""build_dead"":0,""dig_dead"":4,""fertilize_dead"":1,""collect_dead"":8,""care_dead"":13,""tile_cap_units"":21,""fertilizer_forgone"":19,""care_unfed"":80,""animal_shed_days"":1,""idle_tile_days"":63,""weed_tile_days"":1,""hand_pass_turns"":406,""farmer_pass_turns"":67,""phantom_hand_actions"":0,""sell_floor_units"":56,""hire_premium"":4129,""shed_units_now"":0,""shed_value_now"":0.0,""animals_in_shed_now"":0,""seeds_unplanted_now"":1,""seeds_unplanted_cost_now"":10.0},{""sell_dead_units"":190,""refused_buy_product"":1,""refused_buy_seed"":0,""refused_buy_animal"":0,""refused_hire"":0,""refused_buy_land"":0,""hire_paid"":7557,""sell_zero_fill"":34,""buy_zero_fill"":1,""sell_revenue"":144574.0,""total_spend"":37006.0,""shed_discarded_units"":1,""sold_units"":1663,""feed_no_wheat"":0,""feed_no_animal"":0,""feed_redundant"":0,""water_dead"":10,""harvest_dead"":3,""plant_dead"":0,""animals_escaped"":0,""escape_capital"":0.0,""escape_yield_units"":0,""escape_first_day"":-1,""animal_unfed_days"":85,""plants_dry"":1,""dry_seed_cost"":100.0,""dry_yield_units"":0,""dry_first_day"":21,""plant_unwatered_days"":421,""decay_units"":18,""plants_decayed"":18,""silent_loss_coins"":100.0,""silent_loss_units"":19,""dead_actions"":41,""move_dead"":0,""locked_dead"":0,""pickup_dead"":0,""drop_dead"":0,""place_dead"":1,""build_dead"":0,""dig_dead"":4,""fertilize_dead"":2,""collect_dead"":8,""care_dead"":13,""tile_cap_units"":21,""fertilizer_forgone"":19,""care_unfed"":80,""animal_shed_days"":1,""idle_tile_days"":229,""weed_tile_days"":18,""hand_pass_turns"":505,""farmer_pass_turns"":66,""phantom_hand_actions"":0,""sell_floor_units"":57,""hire_premium"":7273,""shed_units_now"":0,""shed_value_now"":0.0,""animals_in_shed_now"":0,""seeds_unplanted_now"":1,""seeds_unplanted_cost_now"":10.0}]}","{""opening_calls"":1,""opening_stock_ok"":1,""parent"":{""rescue"":{""planning_calls"":1,""accepted"":1,""changed_steps"":6,""aborted"":0,""shadow_declines"":0,""errors"":0,""max_planning_ms"":94.39739999652375},""fertilizer"":{""skips"":4,""covered"":3,""capped"":1,""errors"":0},""seed_budget"":{""cut_units"":0,""saved_cost"":0,""changed_turns"":0,""errors"":0},""forecast"":{""pred_units"":88,""pred_fires"":15,""pred_errors"":0,""frontier_fires"":1,""frontier_units"":6}}}",
m20_multi_hypothesis,B1,metav4,metav4,522609243,1,110367.0,110568.0,-201.0,L,kagsim,3.677762,0,0,0,0,0,0,0,0,499deac3e55076604cbfd1119bcc7d2b0dc4084111ee7286f71d9cd238ef4c7b,"[{""step"":0,""shops"":[]},{""step"":72,""shops"":[""BRUNCH_SPOT""]},{""step"":144,""shops"":[""BRUNCH_SPOT"",""ICE_CREAM_SHOP""]},{""step"":216,""shops"":[""BRUNCH_SPOT"",""ICE_CREAM_SHOP"",""FARMERS_MARKET""]},{""step"":288,""shops"":[""BRUNCH_SPOT"",""ICE_CREAM_SHOP"",""FARMERS_MARKET"",""ICE_CREAM_SHOP""]},{""step"":360,""shops"":[""BRUNCH_SPOT"",""ICE_CREAM_SHOP"",""FARMERS_MARKET"",""ICE_CREAM_SHOP"",""PIZZA_SHOP""]},{""step"":432,""shops"":[""BRUNCH_SPOT"",""ICE_CREAM_SHOP"",""FARMERS_MARKET"",""ICE_CREAM_SHOP"",""PIZZA_SHOP"",""FARMERS_MARKET""]},{""step"":504,""shops"":[""BRUNCH_SPOT"",""ICE_CREAM_SHOP"",""FARMERS_MARKET"",""ICE_CREAM_SHOP"",""PIZZA_SHOP"",""FARMERS_MARKET"",""BRUNCH_SPOT""]},{""step"":576,""shops"":[""BRUNCH_SPOT"",""ICE_CREAM_SHOP"",""FARMERS_MARKET"",""ICE_CREAM_SHOP"",""PIZZA_SHOP"",""FARMERS_MARKET"",""BRUNCH_SPOT"",""FARMERS_MARKET""]}]",experiments/round11_execution_20260924/track_b/market_kagsim/replays/m20_multi_hypothesis/metav4/seed_522609243_seat_1.json.gz,bc4b10cfab24918974427e04c5f0484eba828efc711e70514bc74809836ec5ad,98d374f58f68c5b9f263eb3ed04f724e1e0b7a4fa562b581bdac90b276492c4a,9d63494603f88219857a3101d7dc19cc750ded04e5886732ee428580326967d9,0fe077cc65622d6f6828160d90b617595a4aa7ea188e4afc67bfee8e4d290c92,"{""players"":[{""sell_dead_units"":190,""refused_buy_product"":1,""refused_buy_seed"":0,""refused_buy_animal"":0,""refused_hire"":0,""refused_buy_land"":0,""hire_paid"":7557,""sell_zero_fill"":34,""buy_zero_fill"":1,""sell_revenue"":144574.0,""total_spend"":37006.0,""shed_discarded_units"":1,""sold_units"":1663,""feed_no_wheat"":0,""feed_no_animal"":0,""feed_redundant"":0,""water_dead"":10,""harvest_dead"":3,""plant_dead"":0,""animals_escaped"":0,""escape_capital"":0.0,""escape_yield_units"":0,""escape_first_day"":-1,""animal_unfed_days"":85,""plants_dry"":1,""dry_seed_cost"":100.0,""dry_yield_units"":0,""dry_first_day"":21,""plant_unwatered_days"":421,""decay_units"":18,""plants_decayed"":18,""silent_loss_coins"":100.0,""silent_loss_units"":19,""dead_actions"":41,""move_dead"":0,""locked_dead"":0,""pickup_dead"":0,""drop_dead"":0,""place_dead"":1,""build_dead"":0,""dig_dead"":4,""fertilize_dead"":2,""collect_dead"":8,""care_dead"":13,""tile_cap_units"":21,""fertilizer_forgone"":19,""care_unfed"":80,""animal_shed_days"":1,""idle_tile_days"":229,""weed_tile_days"":18,""hand_pass_turns"":505,""farmer_pass_turns"":66,""phantom_hand_actions"":0,""sell_floor_units"":57,""hire_premium"":7273,""shed_units_now"":0,""shed_value_now"":0.0,""animals_in_shed_now"":0,""seeds_unplanted_now"":1,""seeds_unplanted_cost_now"":10.0},{""sell_dead_units"":215,""refused_buy_product"":1,""refused_buy_seed"":0,""refused_buy_animal"":0,""refused_hire"":0,""refused_buy_land"":0,""hire_paid"":4397,""sell_zero_fill"":34,""buy_zero_fill"":1,""sell_revenue"":136082.0,""total_spend"":28715.0,""shed_discarded_units"":4,""sold_units"":1597,""feed_no_wheat"":0,""feed_no_animal"":0,""feed_redundant"":0,""water_dead"":10,""harvest_dead"":3,""plant_dead"":0,""animals_escaped"":0,""escape_capital"":0.0,""escape_yield_units"":0,""escape_first_day"":-1,""animal_unfed_days"":85,""plants_dry"":1,""dry_seed_cost"":100.0,""dry_yield_units"":0,""dry_first_day"":21,""plant_unwatered_days"":391,""decay_units"":18,""plants_decayed"":18,""silent_loss_coins"":100.0,""silent_loss_units"":22,""dead_actions"":40,""move_dead"":0,""locked_dead"":0,""pickup_dead"":0,""drop_dead"":0,""place_dead"":1,""build_dead"":0,""dig_dead"":4,""fertilize_dead"":1,""collect_dead"":8,""care_dead"":13,""tile_cap_units"":21,""fertilizer_forgone"":19,""care_unfed"":80,""animal_shed_days"":1,""idle_tile_days"":63,""weed_tile_days"":1,""hand_pass_turns"":406,""farmer_pass_turns"":67,""phantom_hand_actions"":0,""sell_floor_units"":56,""hire_premium"":4129,""shed_units_now"":0,""shed_value_now"":0.0,""animals_in_shed_now"":0,""seeds_unplanted_now"":1,""seeds_unplanted_cost_now"":10.0}]}","{""opening_calls"":1,""opening_stock_ok"":1,""parent"":{""rescue"":{""planning_calls"":1,""accepted"":1,""changed_steps"":6,""aborted"":0,""shadow_declines"":0,""errors"":0,""max_planning_ms"":65.03940001130104},""fertilizer"":{""skips"":4,""covered"":3,""capped"":1,""errors"":0},""seed_budget"":{""cut_units"":0,""saved_cost"":0,""changed_turns"":0,""errors"":0},""forecast"":{""pred_units"":88,""pred_fires"":15,""pred_errors"":0,""frontier_fires"":1,""frontier_units"":6}}}",
m20_multi_hypothesis,B1,metav4,metav4,522609244,0,85596.0,84531.0,1065.0,W,kagsim,3.975975,0,0,0,0,0,0,0,0,29ae70298aff5372b49961180210c77419a07c48f2304c46e4887e3408b3f36c,"[{""step"":0,""shops"":[]},{""step"":72,""shops"":[""BAKERY""]},{""step"":144,""shops"":[""BAKERY"",""FARMERS_MARKET""]},{""step"":216,""shops"":[""BAKERY"",""FARMERS_MARKET"",""BRUNCH_SPOT""]},{""step"":288,""shops"":[""BAKERY"",""FARMERS_MARKET"",""BRUNCH_SPOT"",""YARN_STORE""]},{""step"":360,""shops"":[""BAKERY"",""FARMERS_MARKET"",""BRUNCH_SPOT"",""YARN_STORE"",""FARMERS_MARKET""]},{""step"":432,""shops"":[""BAKERY"",""FARMERS_MARKET"",""BRUNCH_SPOT"",""YARN_STORE"",""FARMERS_MARKET"",""BAKERY""]},{""step"":504,""shops"":[""BAKERY"",""FARMERS_MARKET"",""BRUNCH_SPOT"",""YARN_STORE"",""FARMERS_MARKET"",""BAKERY"",""BRUNCH_SPOT""]},{""step"":576,""shops"":[""BAKERY"",""FARMERS_MARKET"",""BRUNCH_SPOT"",""YARN_STORE"",""FARMERS_MARKET"",""BAKERY"",""BRUNCH_SPOT"",""ICE_CREAM_SHOP""]}]",experiments/round11_execution_20260924/track_b/market_kagsim/replays/m20_multi_hypothesis/metav4/seed_522609244_seat_0.json.gz,6c7472c43b49fae4b0034c1db6e094e80a4964efc0876d41caa69e0a74fa2a7d,98d374f58f68c5b9f263eb3ed04f724e1e0b7a4fa562b581bdac90b276492c4a,9d63494603f88219857a3101d7dc19cc750ded04e5886732ee428580326967d9,0fe077cc65622d6f6828160d90b617595a4aa7ea188e4afc67bfee8e4d290c92,"{""players"":[{""sell_dead_units"":2280,""refused_buy_product"":5,""refused_buy_seed"":0,""refused_buy_animal"":0,""refused_hire"":0,""refused_buy_land"":0,""hire_paid"":4397,""sell_zero_fill"":47,""buy_zero_fill"":1,""sell_revenue"":127862.0,""total_spend"":45266.0,""shed_discarded_units"":11,""sold_units"":2011,""feed_no_wheat"":0,""feed_no_animal"":0,""feed_redundant"":0,""water_dead"":12,""harvest_dead"":4,""plant_dead"":0,""animals_escaped"":0,""escape_capital"":0.0,""escape_yield_units"":0,""escape_first_day"":-1,""animal_unfed_days"":78,""plants_dry"":2,""dry_seed_cost"":120.0,""dry_yield_units"":1,""dry_first_day"":21,""plant_unwatered_days"":387,""decay_units"":18,""plants_decayed"":18,""silent_loss_coins"":120.0,""silent_loss_units"":30,""dead_actions"":47,""move_dead"":0,""locked_dead"":0,""pickup_dead"":0,""drop_dead"":0,""place_dead"":1,""build_dead"":0,""dig_dead"":2,""fertilize_dead"":1,""collect_dead"":3,""care_dead"":24,""tile_cap_units"":19,""fertilizer_forgone"":22,""care_unfed"":74,""animal_shed_days"":1,""idle_tile_days"":64,""weed_tile_days"":2,""hand_pass_turns"":368,""farmer_pass_turns"":64,""phantom_hand_actions"":0,""sell_floor_units"":83,""hire_premium"":4129,""shed_units_now"":0,""shed_value_now"":0.0,""animals_in_shed_now"":0,""seeds_unplanted_now"":3,""seeds_unplanted_cost_now"":30.0},{""sell_dead_units"":281,""refused_buy_product"":5,""refused_buy_seed"":0,""refused_buy_animal"":0,""refused_hire"":0,""refused_buy_land"":0,""hire_paid"":4397,""sell_zero_fill"":43,""buy_zero_fill"":1,""sell_revenue"":127298.0,""total_spend"":45767.0,""shed_discarded_units"":8,""sold_units"":2022,""feed_no_wheat"":0,""feed_no_animal"":0,""feed_redundant"":0,""water_dead"":13,""harvest_dead"":5,""plant_dead"":0,""animals_escaped"":0,""escape_capital"":0.0,""escape_yield_units"":0,""escape_first_day"":-1,""animal_unfed_days"":78,""plants_dry"":2,""dry_seed_cost"":120.0,""dry_yield_units"":1,""dry_first_day"":21,""plant_unwatered_days"":386,""decay_units"":18,""plants_decayed"":18,""silent_loss_coins"":120.0,""silent_loss_units"":27,""dead_actions"":50,""move_dead"":0,""locked_dead"":0,""pickup_dead"":0,""drop_dead"":0,""place_dead"":1,""build_dead"":0,""dig_dead"":2,""fertilize_dead"":2,""collect_dead"":3,""care_dead"":24,""tile_cap_units"":21,""fertilizer_forgone"":22,""care_unfed"":74,""animal_shed_days"":1,""idle_tile_days"":67,""weed_tile_days"":3,""hand_pass_turns"":383,""farmer_pass_turns"":64,""phantom_hand_actions"":0,""sell_floor_units"":88,""hire_premium"":4129,""shed_units_now"":0,""shed_value_now"":0.0,""animals_in_shed_now"":0,""seeds_unplanted_now"":2,""seeds_unplanted_cost_now"":20.0}]}","{""opening_calls"":1,""opening_stock_ok"":1,""parent"":{""rescue"":{""planning_calls"":1,""accepted"":1,""changed_steps"":7,""aborted"":0,""shadow_declines"":0,""errors"":0,""max_planning_ms"":78.56809999793768},""fertilizer"":{""skips"":3,""covered"":1,""capped"":2,""errors"":0},""seed_budget"":{""cut_units"":52,""saved_cost"":1040,""changed_turns"":10,""errors"":0},""forecast"":{""pred_units"":138,""pred_fires"":20,""pred_errors"":0,""frontier_fires"":2,""frontier_units"":25}}}",
m20_multi_hypothesis,B1,metav4,metav4,522609244,1,85516.0,84611.0,905.0,W,kagsim,4.011197,0,0,0,0,0,0,0,0,29ae70298aff5372b49961180210c77419a07c48f2304c46e4887e3408b3f36c,"[{""step"":0,""shops"":[]},{""step"":72,""shops"":[""BAKERY""]},{""step"":144,""shops"":[""BAKERY"",""FARMERS_MARKET""]},{""step"":216,""shops"":[""BAKERY"",""FARMERS_MARKET"",""BRUNCH_SPOT""]},{""step"":288,""shops"":[""BAKERY"",""FARMERS_MARKET"",""BRUNCH_SPOT"",""YARN_STORE""]},{""step"":360,""shops"":[""BAKERY"",""FARMERS_MARKET"",""BRUNCH_SPOT"",""YARN_STORE"",""FARMERS_MARKET""]},{""step"":432,""shops"":[""BAKERY"",""FARMERS_MARKET"",""BRUNCH_SPOT"",""YARN_STORE"",""FARMERS_MARKET"",""BAKERY""]},{""step"":504,""shops"":[""BAKERY"",""FARMERS_MARKET"",""BRUNCH_SPOT"",""YARN_STORE"",""FARMERS_MARKET"",""BAKERY"",""BRUNCH_SPOT""]},{""step"":576,""shops"":[""BAKERY"",""FARMERS_MARKET"",""BRUNCH_SPOT"",""YARN_STORE"",""FARMERS_MARKET"",""BAKERY"",""BRUNCH_SPOT"",""ICE_CREAM_SHOP""]}]",experiments/round11_execution_20260924/track_b/market_kagsim/replays/m20_multi_hypothesis/metav4/seed_522609244_seat_1.json.gz,e40dfe14df6ca9c53f199c5b2327ca9ba6847261d114e22a1cb0721219e1f8a1,98d374f58f68c5b9f263eb3ed04f724e1e0b7a4fa562b581bdac90b276492c4a,9d63494603f88219857a3101d7dc19cc750ded04e5886732ee428580326967d9,0fe077cc65622d6f6828160d90b617595a4aa7ea188e4afc67bfee8e4d290c92,"{""players"":[{""sell_dead_units"":281,""refused_buy_product"":5,""refused_buy_seed"":0,""refused_buy_animal"":0,""refused_hire"":0,""refused_buy_land"":0,""hire_paid"":4397,""sell_zero_fill"":43,""buy_zero_fill"":1,""sell_revenue"":127298.0,""total_spend"":45687.0,""shed_discarded_units"":8,""sold_units"":2022,""feed_no_wheat"":0,""feed_no_animal"":0,""feed_redundant"":0,""water_dead"":12,""harvest_dead"":4,""plant_dead"":0,""animals_escaped"":0,""escape_capital"":0.0,""escape_yield_units"":0,""escape_first_day"":-1,""animal_unfed_days"":78,""plants_dry"":2,""dry_seed_cost"":120.0,""dry_yield_units"":1,""dry_first_day"":21,""plant_unwatered_days"":387,""decay_units"":18,""plants_decayed"":18,""silent_loss_coins"":120.0,""silent_loss_units"":27,""dead_actions"":48,""move_dead"":0,""locked_dead"":0,""pickup_dead"":0,""drop_dead"":0,""place_dead"":1,""build_dead"":0,""dig_dead"":2,""fertilize_dead"":2,""collect_dead"":3,""care_dead"":24,""tile_cap_units"":21,""fertilizer_forgone"":22,""care_unfed"":74,""animal_shed_days"":1,""idle_tile_days"":65,""weed_tile_days"":2,""hand_pass_turns"":382,""farmer_pass_turns"":64,""phantom_hand_actions"":0,""sell_floor_units"":88,""hire_premium"":4129,""shed_units_now"":0,""shed_value_now"":0.0,""animals_in_shed_now"":0,""seeds_unplanted_now"":1,""seeds_unplanted_cost_now"":10.0},{""sell_dead_units"":2280,""refused_buy_product"":5,""refused_buy_seed"":0,""refused_buy_animal"":0,""refused_hire"":0,""refused_buy_land"":0,""hire_paid"":4397,""sell_zero_fill"":47,""buy_zero_fill"":1,""sell_revenue"":127862.0,""total_spend"":45346.0,""shed_discarded_units"":11,""sold_units"":2011,""feed_no_wheat"":0,""feed_no_animal"":0,""feed_redundant"":0,""water_dead"":13,""harvest_dead"":5,""plant_dead"":0,""animals_escaped"":0,""escape_capital"":0.0,""escape_yield_units"":0,""escape_first_day"":-1,""animal_unfed_days"":78,""plants_dry"":2,""dry_seed_cost"":120.0,""dry_yield_units"":1,""dry_first_day"":21,""plant_unwatered_days"":386,""decay_units"":18,""plants_decayed"":18,""silent_loss_coins"":120.0,""silent_loss_units"":30,""dead_actions"":49,""move_dead"":0,""locked_dead"":0,""pickup_dead"":0,""drop_dead"":0,""place_dead"":1,""build_dead"":0,""dig_dead"":2,""fertilize_dead"":1,""collect_dead"":3,""care_dead"":24,""tile_cap_units"":19,""fertilizer_forgone"":22,""care_unfed"":74,""animal_shed_days"":1,""idle_tile_days"":66,""weed_tile_days"":3,""hand_pass_turns"":369,""farmer_pass_turns"":64,""phantom_hand_actions"":0,""sell_floor_units"":83,""hire_premium"":4129,""shed_units_now"":0,""shed_value_now"":0.0,""animals_in_shed_now"":0,""seeds_unplanted_now"":4,""seeds_unplanted_cost_now"":40.0}]}","{""opening_calls"":1,""opening_stock_ok"":1,""parent"":{""rescue"":{""planning_calls"":1,""accepted"":1,""changed_steps"":7,""aborted"":0,""shadow_declines"":0,""errors"":0,""max_planning_ms"":87.34589999949094},""fertilizer"":{""skips"":3,""covered"":1,""capped"":2,""errors"":0},""seed_budget"":{""cut_units"":52,""saved_cost"":1040,""changed_turns"":10,""errors"":0},""forecast"":{""pred_units"":138,""pred_fires"":20,""pred_errors"":0,""frontier_fires"":2,""frontier_units"":25}}}",
m20_multi_hypothesis,B1,order_book,order_book,522609241,0,113632.0,113235.0,397.0,W,kagsim,3.815157,0,0,0,0,0,0,0,0,3d5abadf277ffbf26faf5853b80f902eec0bdb2b3d07a15179f8411eccf494e5,"[{""step"":0,""shops"":[]},{""step"":72,""shops"":[""YARN_STORE""]},{""step"":144,""shops"":[""YARN_STORE"",""BRUNCH_SPOT""]},{""step"":216,""shops"":[""YARN_STORE"",""BRUNCH_SPOT"",""ICE_CREAM_SHOP""]},{""step"":288,""shops"":[""YARN_STORE"",""BRUNCH_SPOT"",""ICE_CREAM_SHOP"",""ICE_CREAM_SHOP""]},{""step"":360,""shops"":[""YARN_STORE"",""BRUNCH_SPOT"",""ICE_CREAM_SHOP"",""ICE_CREAM_SHOP"",""BRUNCH_SPOT""]},{""step"":432,""shops"":[""YARN_STORE"",""BRUNCH_SPOT"",""ICE_CREAM_SHOP"",""ICE_CREAM_SHOP"",""BRUNCH_SPOT"",""BRUNCH_SPOT""]},{""step"":504,""shops"":[""YARN_STORE"",""BRUNCH_SPOT"",""ICE_CREAM_SHOP"",""ICE_CREAM_SHOP"",""BRUNCH_SPOT"",""BRUNCH_SPOT"",""FARMERS_MARKET""]},{""step"":576,""shops"":[""YARN_STORE"",""BRUNCH_SPOT"",""ICE_CREAM_SHOP"",""ICE_CREAM_SHOP"",""BRUNCH_SPOT"",""BRUNCH_SPOT"",""FARMERS_MARKET"",""BRUNCH_SPOT""]}]",experiments/round11_execution_20260924/track_b/market_kagsim/replays/m20_multi_hypothesis/order_book/seed_522609241_seat_0.json.gz,b6f09554113242e25c27df4c2afecc87774622b0350fdf71b9cd2d567372e4c8,98d374f58f68c5b9f263eb3ed04f724e1e0b7a4fa562b581bdac90b276492c4a,a16e0e9b40c489972630a0b9d04f30e9c1cab03159fa78676db74277d84d82ab,0fe077cc65622d6f6828160d90b617595a4aa7ea188e4afc67bfee8e4d290c92,"{""players"":[{""sell_dead_units"":194,""refused_buy_product"":1,""refused_buy_seed"":0,""refused_buy_animal"":0,""refused_hire"":0,""refused_buy_land"":0,""hire_paid"":5659,""sell_zero_fill"":18,""buy_zero_fill"":1,""sell_revenue"":140361.0,""total_spend"":29729.0,""shed_discarded_units"":32,""sold_units"":1549,""feed_no_wheat"":0,""feed_no_animal"":0,""feed_redundant"":0,""water_dead"":1,""harvest_dead"":4,""plant_dead"":0,""animals_escaped"":0,""escape_capital"":0.0,""escape_yield_units"":0,""escape_first_day"":-1,""animal_unfed_days"":62,""plants_dry"":1,""dry_seed_cost"":100.0,""dry_yield_units"":0,""dry_first_day"":21,""plant_unwatered_days"":385,""decay_units"":18,""plants_decayed"":18,""silent_loss_coins"":100.0,""silent_loss_units"":50,""dead_actions"":17,""move_dead"":0,""locked_dead"":0,""pickup_dead"":0,""drop_dead"":0,""place_dead"":1,""build_dead"":0,""dig_dead"":2,""fertilize_dead"":0,""collect_dead"":4,""care_dead"":5,""tile_cap_units"":9,""fertilizer_forgone"":14,""care_unfed"":58,""animal_shed_days"":0,""idle_tile_days"":62,""weed_tile_days"":1,""hand_pass_turns"":616,""farmer_pass_turns"":83,""phantom_hand_actions"":0,""sell_floor_units"":60,""hire_premium"":5377,""shed_units_now"":0,""shed_value_now"":0.0,""animals_in_shed_now"":0,""seeds_unplanted_now"":0,""seeds_unplanted_cost_now"":0.0},{""sell_dead_units"":187,""refused_buy_product"":1,""refused_buy_seed"":0,""refused_buy_animal"":0,""refused_hire"":0,""refused_buy_land"":0,""hire_paid"":5659,""sell_zero_fill"":18,""buy_zero_fill"":1,""sell_revenue"":140320.0,""total_spend"":30085.0,""shed_discarded_units"":32,""sold_units"":1559,""feed_no_wheat"":0,""feed_no_animal"":0,""feed_redundant"":0,""water_dead"":1,""harvest_dead"":6,""plant_dead"":0,""animals_escaped"":0,""escape_capital"":0.0,""escape_yield_units"":0,""escape_first_day"":-1,""animal_unfed_days"":62,""plants_dry"":1,""dry_seed_cost"":100.0,""dry_yield_units"":0,""dry_first_day"":21,""plant_unwatered_days"":385,""decay_units"":18,""plants_decayed"":18,""silent_loss_coins"":100.0,""silent_loss_units"":50,""dead_actions"":20,""move_dead"":0,""locked_dead"":0,""pickup_dead"":0,""drop_dead"":0,""place_dead"":2,""build_dead"":0,""dig_dead"":2,""fertilize_dead"":0,""collect_dead"":4,""care_dead"":5,""tile_cap_units"":9,""fertilizer_forgone"":14,""care_unfed"":58,""animal_shed_days"":0,""idle_tile_days"":62,""weed_tile_days"":1,""hand_pass_turns"":615,""farmer_pass_turns"":83,""phantom_hand_actions"":0,""sell_floor_units"":61,""hire_premium"":5377,""shed_units_now"":0,""shed_value_now"":0.0,""animals_in_shed_now"":0,""seeds_unplanted_now"":0,""seeds_unplanted_cost_now"":0.0}]}","{""opening_calls"":1,""opening_stock_ok"":1,""parent"":{""rescue"":{""planning_calls"":1,""accepted"":1,""changed_steps"":7,""aborted"":0,""shadow_declines"":0,""errors"":0,""max_planning_ms"":68.86109999322798},""fertilizer"":{""skips"":0,""covered"":0,""capped"":0,""errors"":0},""seed_budget"":{""cut_units"":0,""saved_cost"":0,""changed_turns"":0,""errors"":0},""forecast"":{""pred_units"":102,""pred_fires"":15,""pred_errors"":0,""frontier_fires"":3,""frontier_units"":20}}}",
m20_multi_hypothesis,B1,order_book,order_book,522609241,1,113632.0,113235.0,397.0,W,kagsim,3.942449,0,0,0,0,0,0,0,0,3d5abadf277ffbf26faf5853b80f902eec0bdb2b3d07a15179f8411eccf494e5,"[{""step"":0,""shops"":[]},{""step"":72,""shops"":[""YARN_STORE""]},{""step"":144,""shops"":[""YARN_STORE"",""BRUNCH_SPOT""]},{""step"":216,""shops"":[""YARN_STORE"",""BRUNCH_SPOT"",""ICE_CREAM_SHOP""]},{""step"":288,""shops"":[""YARN_STORE"",""BRUNCH_SPOT"",""ICE_CREAM_SHOP"",""ICE_CREAM_SHOP""]},{""step"":360,""shops"":[""YARN_STORE"",""BRUNCH_SPOT"",""ICE_CREAM_SHOP"",""ICE_CREAM_SHOP"",""BRUNCH_SPOT""]},{""step"":432,""shops"":[""YARN_STORE"",""BRUNCH_SPOT"",""ICE_CREAM_SHOP"",""ICE_CREAM_SHOP"",""BRUNCH_SPOT"",""BRUNCH_SPOT""]},{""step"":504,""shops"":[""YARN_STORE"",""BRUNCH_SPOT"",""ICE_CREAM_SHOP"",""ICE_CREAM_SHOP"",""BRUNCH_SPOT"",""BRUNCH_SPOT"",""FARMERS_MARKET""]},{""step"":576,""shops"":[""YARN_STORE"",""BRUNCH_SPOT"",""ICE_CREAM_SHOP"",""ICE_CREAM_SHOP"",""BRUNCH_SPOT"",""BRUNCH_SPOT"",""FARMERS_MARKET"",""BRUNCH_SPOT""]}]",experiments/round11_execution_20260924/track_b/market_kagsim/replays/m20_multi_hypothesis/order_book/seed_522609241_seat_1.json.gz,81b9650ce5688db9efceb01b66a7a1bd7a6177de982ed16a6913fcd923324870,98d374f58f68c5b9f263eb3ed04f724e1e0b7a4fa562b581bdac90b276492c4a,a16e0e9b40c489972630a0b9d04f30e9c1cab03159fa78676db74277d84d82ab,0fe077cc65622d6f6828160d90b617595a4aa7ea188e4afc67bfee8e4d290c92,"{""players"":[{""sell_dead_units"":187,""refused_buy_product"":1,""refused_buy_seed"":0,""refused_buy_animal"":0,""refused_hire"":0,""refused_buy_land"":0,""hire_paid"":5659,""sell_zero_fill"":18,""buy_zero_fill"":1,""sell_revenue"":140320.0,""total_spend"":30085.0,""shed_discarded_units"":32,""sold_units"":1559,""feed_no_wheat"":0,""feed_no_animal"":0,""feed_redundant"":0,""water_dead"":1,""harvest_dead"":6,""plant_dead"":0,""animals_escaped"":0,""escape_capital"":0.0,""escape_yield_units"":0,""escape_first_day"":-1,""animal_unfed_days"":62,""plants_dry"":1,""dry_seed_cost"":100.0,""dry_yield_units"":0,""dry_first_day"":21,""plant_unwatered_days"":385,""decay_units"":18,""plants_decayed"":18,""silent_loss_coins"":100.0,""silent_loss_units"":50,""dead_actions"":20,""move_dead"":0,""locked_dead"":0,""pickup_dead"":0,""drop_dead"":0,""place_dead"":2,""build_dead"":0,""dig_dead"":2,""fertilize_dead"":0,""collect_dead"":4,""care_dead"":5,""tile_cap_units"":9,""fertilizer_forgone"":14,""care_unfed"":58,""animal_shed_days"":0,""idle_tile_days"":62,""weed_tile_days"":1,""hand_pass_turns"":615,""farmer_pass_turns"":83,""phantom_hand_actions"":0,""sell_floor_units"":61,""hire_premium"":5377,""shed_units_now"":0,""shed_value_now"":0.0,""animals_in_shed_now"":0,""seeds_unplanted_now"":0,""seeds_unplanted_cost_now"":0.0},{""sell_dead_units"":194,""refused_buy_product"":1,""refused_buy_seed"":0,""refused_buy_animal"":0,""refused_hire"":0,""refused_buy_land"":0,""hire_paid"":5659,""sell_zero_fill"":18,""buy_zero_fill"":1,""sell_revenue"":140361.0,""total_spend"":29729.0,""shed_discarded_units"":32,""sold_units"":1549,""feed_no_wheat"":0,""feed_no_animal"":0,""feed_redundant"":0,""water_dead"":1,""harvest_dead"":4,""plant_dead"":0,""animals_escaped"":0,""escape_capital"":0.0,""escape_yield_units"":0,""escape_first_day"":-1,""animal_unfed_days"":62,""plants_dry"":1,""dry_seed_cost"":100.0,""dry_yield_units"":0,""dry_first_day"":21,""plant_unwatered_days"":385,""decay_units"":18,""plants_decayed"":18,""silent_loss_coins"":100.0,""silent_loss_units"":50,""dead_actions"":17,""move_dead"":0,""locked_dead"":0,""pickup_dead"":0,""drop_dead"":0,""place_dead"":1,""build_dead"":0,""dig_dead"":2,""fertilize_dead"":0,""collect_dead"":4,""care_dead"":5,""tile_cap_units"":9,""fertilizer_forgone"":14,""care_unfed"":58,""animal_shed_days"":0,""idle_tile_days"":62,""weed_tile_days"":1,""hand_pass_turns"":616,""farmer_pass_turns"":83,""phantom_hand_actions"":0,""sell_floor_units"":60,""hire_premium"":5377,""shed_units_now"":0,""shed_value_now"":0.0,""animals_in_shed_now"":0,""seeds_unplanted_now"":0,""seeds_unplanted_cost_now"":0.0}]}","{""opening_calls"":1,""opening_stock_ok"":1,""parent"":{""rescue"":{""planning_calls"":1,""accepted"":1,""changed_steps"":7,""aborted"":0,""shadow_declines"":0,""errors"":0,""max_planning_ms"":72.13190000038594},""fertilizer"":{""skips"":0,""covered"":0,""capped"":0,""errors"":0},""seed_budget"":{""cut_units"":0,""saved_cost"":0,""changed_turns"":0,""errors"":0},""forecast"":{""pred_units"":102,""pred_fires"":15,""pred_errors"":0,""frontier_fires"":3,""frontier_units"":20}}}",
m20_multi_hypothesis,B1,order_book,order_book,522609242,0,116832.0,116460.0,372.0,W,kagsim,4.298703,0,0,0,0,0,0,0,0,cd945f271e647a2f5fc263c386808ef34a28435ba33f723a6ccd7112be4b1a7c,"[{""step"":0,""shops"":[]},{""step"":72,""shops"":[""SMOOTHIE_SHOP""]},{""step"":144,""shops"":[""SMOOTHIE_SHOP"",""SMOOTHIE_SHOP""]},{""step"":216,""shops"":[""SMOOTHIE_SHOP"",""SMOOTHIE_SHOP"",""BRUNCH_SPOT""]},{""step"":288,""shops"":[""SMOOTHIE_SHOP"",""SMOOTHIE_SHOP"",""BRUNCH_SPOT"",""BAKERY""]},{""step"":360,""shops"":[""SMOOTHIE_SHOP"",""SMOOTHIE_SHOP"",""BRUNCH_SPOT"",""BAKERY"",""YARN_STORE""]},{""step"":432,""shops"":[""SMOOTHIE_SHOP"",""SMOOTHIE_SHOP"",""BRUNCH_SPOT"",""BAKERY"",""YARN_STORE"",""ICE_CREAM_SHOP""]},{""step"":504,""shops"":[""SMOOTHIE_SHOP"",""SMOOTHIE_SHOP"",""BRUNCH_SPOT"",""BAKERY"",""YARN_STORE"",""ICE_CREAM_SHOP"",""BAKERY""]},{""step"":576,""shops"":[""SMOOTHIE_SHOP"",""SMOOTHIE_SHOP"",""BRUNCH_SPOT"",""BAKERY"",""YARN_STORE"",""ICE_CREAM_SHOP"",""BAKERY"",""FARMERS_MARKET""]}]",experiments/round11_execution_20260924/track_b/market_kagsim/replays/m20_multi_hypothesis/order_book/seed_522609242_seat_0.json.gz,717c2753c50748a73e36ebb80d30bf711c40eb50bdb7c94394852a20b8104b4d,98d374f58f68c5b9f263eb3ed04f724e1e0b7a4fa562b581bdac90b276492c4a,a16e0e9b40c489972630a0b9d04f30e9c1cab03159fa78676db74277d84d82ab,0fe077cc65622d6f6828160d90b617595a4aa7ea188e4afc67bfee8e4d290c92,"{""players"":[{""sell_dead_units"":221,""refused_buy_product"":1,""refused_buy_seed"":0,""refused_buy_animal"":0,""refused_hire"":0,""refused_buy_land"":0,""hire_paid"":4164,""sell_zero_fill"":41,""buy_zero_fill"":1,""sell_revenue"":141257.0,""total_spend"":27425.0,""shed_discarded_units"":4,""sold_units"":1595,""feed_no_wheat"":0,""feed_no_animal"":0,""feed_redundant"":0,""water_dead"":11,""harvest_dead"":4,""plant_dead"":0,""animals_escaped"":0,""escape_capital"":0.0,""escape_yield_units"":0,""escape_first_day"":-1,""animal_unfed_days"":42,""plants_dry"":1,""dry_seed_cost"":100.0,""dry_yield_units"":0,""dry_first_day"":21,""plant_unwatered_days"":392,""decay_units"":18,""plants_decayed"":18,""silent_loss_coins"":100.0,""silent_loss_units"":22,""dead_actions"":41,""move_dead"":0,""locked_dead"":0,""pickup_dead"":0,""drop_dead"":0,""place_dead"":1,""build_dead"":0,""dig_dead"":3,""fertilize_dead"":1,""collect_dead"":8,""care_dead"":13,""tile_cap_units"":19,""fertilizer_forgone"":19,""care_unfed"":37,""animal_shed_days"":1,""idle_tile_days"":63,""weed_tile_days"":1,""hand_pass_turns"":363,""farmer_pass_turns"":61,""phantom_hand_actions"":0,""sell_floor_units"":21,""hire_premium"":3898,""shed_units_now"":0,""shed_value_now"":0.0,""animals_in_shed_now"":0,""seeds_unplanted_now"":1,""seeds_unplanted_cost_now"":10.0},{""sell_dead_units"":205,""refused_buy_product"":1,""refused_buy_seed"":0,""refused_buy_animal"":0,""refused_hire"":0,""refused_buy_land"":0,""hire_paid"":4164,""sell_zero_fill"":38,""buy_zero_fill"":1,""sell_revenue"":141241.0,""total_spend"":27781.0,""shed_discarded_units"":3,""sold_units"":1604,""feed_no_wheat"":0,""feed_no_animal"":0,""feed_redundant"":0,""water_dead"":11,""harvest_dead"":4,""plant_dead"":0,""animals_escaped"":0,""escape_capital"":0.0,""escape_yield_units"":0,""escape_first_day"":-1,""animal_unfed_days"":42,""plants_dry"":1,""dry_seed_cost"":100.0,""dry_yield_units"":0,""dry_first_day"":21,""plant_unwatered_days"":392,""decay_units"":18,""plants_decayed"":18,""silent_loss_coins"":100.0,""silent_loss_units"":21,""dead_actions"":42,""move_dead"":0,""locked_dead"":0,""pickup_dead"":0,""drop_dead"":0,""place_dead"":1,""build_dead"":0,""dig_dead"":3,""fertilize_dead"":2,""collect_dead"":8,""care_dead"":13,""tile_cap_units"":20,""fertilizer_forgone"":19,""care_unfed"":37,""animal_shed_days"":1,""idle_tile_days"":63,""weed_tile_days"":1,""hand_pass_turns"":361,""farmer_pass_turns"":60,""phantom_hand_actions"":0,""sell_floor_units"":21,""hire_premium"":3898,""shed_units_now"":0,""shed_value_now"":0.0,""animals_in_shed_now"":0,""seeds_unplanted_now"":1,""seeds_unplanted_cost_now"":10.0}]}","{""opening_calls"":1,""opening_stock_ok"":1,""parent"":{""rescue"":{""planning_calls"":1,""accepted"":1,""changed_steps"":6,""aborted"":0,""shadow_declines"":0,""errors"":0,""max_planning_ms"":68.57039999158587},""fertilizer"":{""skips"":3,""covered"":2,""capped"":1,""errors"":0},""seed_budget"":{""cut_units"":0,""saved_cost"":0,""changed_turns"":0,""errors"":0},""forecast"":{""pred_units"":137,""pred_fires"":17,""pred_errors"":0,""frontier_fires"":1,""frontier_units"":2}}}",
m20_multi_hypothesis,B1,order_book,order_book,522609242,1,116832.0,116460.0,372.0,W,kagsim,4.626426,0,0,0,0,0,0,0,0,cd945f271e647a2f5fc263c386808ef34a28435ba33f723a6ccd7112be4b1a7c,"[{""step"":0,""shops"":[]},{""step"":72,""shops"":[""SMOOTHIE_SHOP""]},{""step"":144,""shops"":[""SMOOTHIE_SHOP"",""SMOOTHIE_SHOP""]},{""step"":216,""shops"":[""SMOOTHIE_SHOP"",""SMOOTHIE_SHOP"",""BRUNCH_SPOT""]},{""step"":288,""shops"":[""SMOOTHIE_SHOP"",""SMOOTHIE_SHOP"",""BRUNCH_SPOT"",""BAKERY""]},{""step"":360,""shops"":[""SMOOTHIE_SHOP"",""SMOOTHIE_SHOP"",""BRUNCH_SPOT"",""BAKERY"",""YARN_STORE""]},{""step"":432,""shops"":[""SMOOTHIE_SHOP"",""SMOOTHIE_SHOP"",""BRUNCH_SPOT"",""BAKERY"",""YARN_STORE"",""ICE_CREAM_SHOP""]},{""step"":504,""shops"":[""SMOOTHIE_SHOP"",""SMOOTHIE_SHOP"",""BRUNCH_SPOT"",""BAKERY"",""YARN_STORE"",""ICE_CREAM_SHOP"",""BAKERY""]},{""step"":576,""shops"":[""SMOOTHIE_SHOP"",""SMOOTHIE_SHOP"",""BRUNCH_SPOT"",""BAKERY"",""YARN_STORE"",""ICE_CREAM_SHOP"",""BAKERY"",""FARMERS_MARKET""]}]",experiments/round11_execution_20260924/track_b/market_kagsim/replays/m20_multi_hypothesis/order_book/seed_522609242_seat_1.json.gz,bd263c603a616bd848e143f970dcbe97bc515d46a0a6b3892ec59c3c1f731cf3,98d374f58f68c5b9f263eb3ed04f724e1e0b7a4fa562b581bdac90b276492c4a,a16e0e9b40c489972630a0b9d04f30e9c1cab03159fa78676db74277d84d82ab,0fe077cc65622d6f6828160d90b617595a4aa7ea188e4afc67bfee8e4d290c92,"{""players"":[{""sell_dead_units"":205,""refused_buy_product"":1,""refused_buy_seed"":0,""refused_buy_animal"":0,""refused_hire"":0,""refused_buy_land"":0,""hire_paid"":4164,""sell_zero_fill"":38,""buy_zero_fill"":1,""sell_revenue"":141241.0,""total_spend"":27781.0,""shed_discarded_units"":3,""sold_units"":1604,""feed_no_wheat"":0,""feed_no_animal"":0,""feed_redundant"":0,""water_dead"":11,""harvest_dead"":4,""plant_dead"":0,""animals_escaped"":0,""escape_capital"":0.0,""escape_yield_units"":0,""escape_first_day"":-1,""animal_unfed_days"":42,""plants_dry"":1,""dry_seed_cost"":100.0,""dry_yield_units"":0,""dry_first_day"":21,""plant_unwatered_days"":392,""decay_units"":18,""plants_decayed"":18,""silent_loss_coins"":100.0,""silent_loss_units"":21,""dead_actions"":42,""move_dead"":0,""locked_dead"":0,""pickup_dead"":0,""drop_dead"":0,""place_dead"":1,""build_dead"":0,""dig_dead"":3,""fertilize_dead"":2,""collect_dead"":8,""care_dead"":13,""tile_cap_units"":20,""fertilizer_forgone"":19,""care_unfed"":37,""animal_shed_days"":1,""idle_tile_days"":63,""weed_tile_days"":1,""hand_pass_turns"":361,""farmer_pass_turns"":60,""phantom_hand_actions"":0,""sell_floor_units"":21,""hire_premium"":3898,""shed_units_now"":0,""shed_value_now"":0.0,""animals_in_shed_now"":0,""seeds_unplanted_now"":1,""seeds_unplanted_cost_now"":10.0},{""sell_dead_units"":221,""refused_buy_product"":1,""refused_buy_seed"":0,""refused_buy_animal"":0,""refused_hire"":0,""refused_buy_land"":0,""hire_paid"":4164,""sell_zero_fill"":41,""buy_zero_fill"":1,""sell_revenue"":141257.0,""total_spend"":27425.0,""shed_discarded_units"":4,""sold_units"":1595,""feed_no_wheat"":0,""feed_no_animal"":0,""feed_redundant"":0,""water_dead"":11,""harvest_dead"":4,""plant_dead"":0,""animals_escaped"":0,""escape_capital"":0.0,""escape_yield_units"":0,""escape_first_day"":-1,""animal_unfed_days"":42,""plants_dry"":1,""dry_seed_cost"":100.0,""dry_yield_units"":0,""dry_first_day"":21,""plant_unwatered_days"":392,""decay_units"":18,""plants_decayed"":18,""silent_loss_coins"":100.0,""silent_loss_units"":22,""dead_actions"":41,""move_dead"":0,""locked_dead"":0,""pickup_dead"":0,""drop_dead"":0,""place_dead"":1,""build_dead"":0,""dig_dead"":3,""fertilize_dead"":1,""collect_dead"":8,""care_dead"":13,""tile_cap_units"":19,""fertilizer_forgone"":19,""care_unfed"":37,""animal_shed_days"":1,""idle_tile_days"":63,""weed_tile_days"":1,""hand_pass_turns"":363,""farmer_pass_turns"":61,""phantom_hand_actions"":0,""sell_floor_units"":21,""hire_premium"":3898,""shed_units_now"":0,""shed_value_now"":0.0,""animals_in_shed_now"":0,""seeds_unplanted_now"":1,""seeds_unplanted_cost_now"":10.0}]}","{""opening_calls"":1,""opening_stock_ok"":1,""parent"":{""rescue"":{""planning_calls"":1,""accepted"":1,""changed_steps"":6,""aborted"":0,""shadow_declines"":0,""errors"":0,""max_planning_ms"":77.06890000554267},""fertilizer"":{""skips"":3,""covered"":2,""capped"":1,""errors"":0},""seed_budget"":{""cut_units"":0,""saved_cost"":0,""changed_turns"":0,""errors"":0},""forecast"":{""pred_units"":137,""pred_fires"":17,""pred_errors"":0,""frontier_fires"":1,""frontier_units"":2}}}",
m20_multi_hypothesis,B1,order_book,order_book,522609243,0,110557.0,110418.0,139.0,W,kagsim,4.233498,0,0,0,0,0,0,0,0,1d04709202fcf76383345d9e691360d89980e8b74a1a6a0b3b3159e5c4342665,"[{""step"":0,""shops"":[]},{""step"":72,""shops"":[""BRUNCH_SPOT""]},{""step"":144,""shops"":[""BRUNCH_SPOT"",""ICE_CREAM_SHOP""]},{""step"":216,""shops"":[""BRUNCH_SPOT"",""ICE_CREAM_SHOP"",""FARMERS_MARKET""]},{""step"":288,""shops"":[""BRUNCH_SPOT"",""ICE_CREAM_SHOP"",""FARMERS_MARKET"",""ICE_CREAM_SHOP""]},{""step"":360,""shops"":[""BRUNCH_SPOT"",""ICE_CREAM_SHOP"",""FARMERS_MARKET"",""ICE_CREAM_SHOP"",""PIZZA_SHOP""]},{""step"":432,""shops"":[""BRUNCH_SPOT"",""ICE_CREAM_SHOP"",""FARMERS_MARKET"",""ICE_CREAM_SHOP"",""PIZZA_SHOP"",""FARMERS_MARKET""]},{""step"":504,""shops"":[""BRUNCH_SPOT"",""ICE_CREAM_SHOP"",""FARMERS_MARKET"",""ICE_CREAM_SHOP"",""PIZZA_SHOP"",""FARMERS_MARKET"",""BAKERY""]},{""step"":576,""shops"":[""BRUNCH_SPOT"",""ICE_CREAM_SHOP"",""FARMERS_MARKET"",""ICE_CREAM_SHOP"",""PIZZA_SHOP"",""FARMERS_MARKET"",""BAKERY"",""PIZZA_SHOP""]}]",experiments/round11_execution_20260924/track_b/market_kagsim/replays/m20_multi_hypothesis/order_book/seed_522609243_seat_0.json.gz,0d0d2ee8063aa172860c49d94f439b52086c56890443728b6ab4e0d41b786e3f,98d374f58f68c5b9f263eb3ed04f724e1e0b7a4fa562b581bdac90b276492c4a,a16e0e9b40c489972630a0b9d04f30e9c1cab03159fa78676db74277d84d82ab,0fe077cc65622d6f6828160d90b617595a4aa7ea188e4afc67bfee8e4d290c92,"{""players"":[{""sell_dead_units"":200,""refused_buy_product"":1,""refused_buy_seed"":0,""refused_buy_animal"":0,""refused_hire"":0,""refused_buy_land"":0,""hire_paid"":4397,""sell_zero_fill"":34,""buy_zero_fill"":1,""sell_revenue"":136279.0,""total_spend"":28722.0,""shed_discarded_units"":3,""sold_units"":1603,""feed_no_wheat"":0,""feed_no_animal"":0,""feed_redundant"":0,""water_dead"":10,""harvest_dead"":3,""plant_dead"":0,""animals_escaped"":0,""escape_capital"":0.0,""escape_yield_units"":0,""escape_first_day"":-1,""animal_unfed_days"":77,""plants_dry"":1,""dry_seed_cost"":100.0,""dry_yield_units"":0,""dry_first_day"":21,""plant_unwatered_days"":391,""decay_units"":18,""plants_decayed"":18,""silent_loss_coins"":100.0,""silent_loss_units"":21,""dead_actions"":40,""move_dead"":0,""locked_dead"":0,""pickup_dead"":0,""drop_dead"":0,""place_dead"":1,""build_dead"":0,""dig_dead"":4,""fertilize_dead"":1,""collect_dead"":8,""care_dead"":13,""tile_cap_units"":23,""fertilizer_forgone"":18,""care_unfed"":73,""animal_shed_days"":1,""idle_tile_days"":63,""weed_tile_days"":1,""hand_pass_turns"":398,""farmer_pass_turns"":67,""phantom_hand_actions"":0,""sell_floor_units"":54,""hire_premium"":4129,""shed_units_now"":0,""shed_value_now"":0.0,""animals_in_shed_now"":0,""seeds_unplanted_now"":1,""seeds_unplanted_cost_now"":10.0},{""sell_dead_units"":199,""refused_buy_product"":1,""refused_buy_seed"":0,""refused_buy_animal"":0,""refused_hire"":0,""refused_buy_land"":0,""hire_paid"":4397,""sell_zero_fill"":34,""buy_zero_fill"":1,""sell_revenue"":136498.0,""total_spend"":29080.0,""shed_discarded_units"":1,""sold_units"":1613,""feed_no_wheat"":0,""feed_no_animal"":0,""feed_redundant"":0,""water_dead"":10,""harvest_dead"":3,""plant_dead"":0,""animals_escaped"":0,""escape_capital"":0.0,""escape_yield_units"":0,""escape_first_day"":-1,""animal_unfed_days"":77,""plants_dry"":1,""dry_seed_cost"":100.0,""dry_yield_units"":0,""dry_first_day"":21,""plant_unwatered_days"":391,""decay_units"":18,""plants_decayed"":18,""silent_loss_coins"":100.0,""silent_loss_units"":19,""dead_actions"":41,""move_dead"":0,""locked_dead"":0,""pickup_dead"":0,""drop_dead"":0,""place_dead"":1,""build_dead"":0,""dig_dead"":4,""fertilize_dead"":2,""collect_dead"":8,""care_dead"":13,""tile_cap_units"":22,""fertilizer_forgone"":19,""care_unfed"":73,""animal_shed_days"":1,""idle_tile_days"":63,""weed_tile_days"":1,""hand_pass_turns"":395,""farmer_pass_turns"":66,""phantom_hand_actions"":0,""sell_floor_units"":55,""hire_premium"":4129,""shed_units_now"":0,""shed_value_now"":0.0,""animals_in_shed_now"":0,""seeds_unplanted_now"":1,""seeds_unplanted_cost_now"":10.0}]}","{""opening_calls"":1,""opening_stock_ok"":1,""parent"":{""rescue"":{""planning_calls"":1,""accepted"":1,""changed_steps"":6,""aborted"":0,""shadow_declines"":0,""errors"":0,""max_planning_ms"":81.48979999532457},""fertilizer"":{""skips"":4,""covered"":3,""capped"":1,""errors"":0},""seed_budget"":{""cut_units"":0,""saved_cost"":0,""changed_turns"":0,""errors"":0},""forecast"":{""pred_units"":99,""pred_fires"":17,""pred_errors"":0,""frontier_fires"":3,""frontier_units"":8}}}",
m20_multi_hypothesis,B1,order_book,order_book,522609243,1,110557.0,110418.0,139.0,W,kagsim,4.180906,0,0,0,0,0,0,0,0,1d04709202fcf76383345d9e691360d89980e8b74a1a6a0b3b3159e5c4342665,"[{""step"":0,""shops"":[]},{""step"":72,""shops"":[""BRUNCH_SPOT""]},{""step"":144,""shops"":[""BRUNCH_SPOT"",""ICE_CREAM_SHOP""]},{""step"":216,""shops"":[""BRUNCH_SPOT"",""ICE_CREAM_SHOP"",""FARMERS_MARKET""]},{""step"":288,""shops"":[""BRUNCH_SPOT"",""ICE_CREAM_SHOP"",""FARMERS_MARKET"",""ICE_CREAM_SHOP""]},{""step"":360,""shops"":[""BRUNCH_SPOT"",""ICE_CREAM_SHOP"",""FARMERS_MARKET"",""ICE_CREAM_SHOP"",""PIZZA_SHOP""]},{""step"":432,""shops"":[""BRUNCH_SPOT"",""ICE_CREAM_SHOP"",""FARMERS_MARKET"",""ICE_CREAM_SHOP"",""PIZZA_SHOP"",""FARMERS_MARKET""]},{""step"":504,""shops"":[""BRUNCH_SPOT"",""ICE_CREAM_SHOP"",""FARMERS_MARKET"",""ICE_CREAM_SHOP"",""PIZZA_SHOP"",""FARMERS_MARKET"",""BAKERY""]},{""step"":576,""shops"":[""BRUNCH_SPOT"",""ICE_CREAM_SHOP"",""FARMERS_MARKET"",""ICE_CREAM_SHOP"",""PIZZA_SHOP"",""FARMERS_MARKET"",""BAKERY"",""PIZZA_SHOP""]}]",experiments/round11_execution_20260924/track_b/market_kagsim/replays/m20_multi_hypothesis/order_book/seed_522609243_seat_1.json.gz,beff4825d2b35b319adc851bf1d61dd08958cc69f22db4da79eb2f4decff6b67,98d374f58f68c5b9f263eb3ed04f724e1e0b7a4fa562b581bdac90b276492c4a,a16e0e9b40c489972630a0b9d04f30e9c1cab03159fa78676db74277d84d82ab,0fe077cc65622d6f6828160d90b617595a4aa7ea188e4afc67bfee8e4d290c92,"{""players"":[{""sell_dead_units"":199,""refused_buy_product"":1,""refused_buy_seed"":0,""refused_buy_animal"":0,""refused_hire"":0,""refused_buy_land"":0,""hire_paid"":4397,""sell_zero_fill"":34,""buy_zero_fill"":1,""sell_revenue"":136498.0,""total_spend"":29080.0,""shed_discarded_units"":1,""sold_units"":1613,""feed_no_wheat"":0,""feed_no_animal"":0,""feed_redundant"":0,""water_dead"":10,""harvest_dead"":3,""plant_dead"":0,""animals_escaped"":0,""escape_capital"":0.0,""escape_yield_units"":0,""escape_first_day"":-1,""animal_unfed_days"":77,""plants_dry"":1,""dry_seed_cost"":100.0,""dry_yield_units"":0,""dry_first_day"":21,""plant_unwatered_days"":391,""decay_units"":18,""plants_decayed"":18,""silent_loss_coins"":100.0,""silent_loss_units"":19,""dead_actions"":41,""move_dead"":0,""locked_dead"":0,""pickup_dead"":0,""drop_dead"":0,""place_dead"":1,""build_dead"":0,""dig_dead"":4,""fertilize_dead"":2,""collect_dead"":8,""care_dead"":13,""tile_cap_units"":22,""fertilizer_forgone"":19,""care_unfed"":73,""animal_shed_days"":1,""idle_tile_days"":63,""weed_tile_days"":1,""hand_pass_turns"":395,""farmer_pass_turns"":66,""phantom_hand_actions"":0,""sell_floor_units"":55,""hire_premium"":4129,""shed_units_now"":0,""shed_value_now"":0.0,""animals_in_shed_now"":0,""seeds_unplanted_now"":1,""seeds_unplanted_cost_now"":10.0},{""sell_dead_units"":200,""refused_buy_product"":1,""refused_buy_seed"":0,""refused_buy_animal"":0,""refused_hire"":0,""refused_buy_land"":0,""hire_paid"":4397,""sell_zero_fill"":34,""buy_zero_fill"":1,""sell_revenue"":136279.0,""total_spend"":28722.0,""shed_discarded_units"":3,""sold_units"":1603,""feed_no_wheat"":0,""feed_no_animal"":0,""feed_redundant"":0,""water_dead"":10,""harvest_dead"":3,""plant_dead"":0,""animals_escaped"":0,""escape_capital"":0.0,""escape_yield_units"":0,""escape_first_day"":-1,""animal_unfed_days"":77,""plants_dry"":1,""dry_seed_cost"":100.0,""dry_yield_units"":0,""dry_first_day"":21,""plant_unwatered_days"":391,""decay_units"":18,""plants_decayed"":18,""silent_loss_coins"":100.0,""silent_loss_units"":21,""dead_actions"":40,""move_dead"":0,""locked_dead"":0,""pickup_dead"":0,""drop_dead"":0,""place_dead"":1,""build_dead"":0,""dig_dead"":4,""fertilize_dead"":1,""collect_dead"":8,""care_dead"":13,""tile_cap_units"":23,""fertilizer_forgone"":18,""care_unfed"":73,""animal_shed_days"":1,""idle_tile_days"":63,""weed_tile_days"":1,""hand_pass_turns"":398,""farmer_pass_turns"":67,""phantom_hand_actions"":0,""sell_floor_units"":54,""hire_premium"":4129,""shed_units_now"":0,""shed_value_now"":0.0,""animals_in_shed_now"":0,""seeds_unplanted_now"":1,""seeds_unplanted_cost_now"":10.0}]}","{""opening_calls"":1,""opening_stock_ok"":1,""parent"":{""rescue"":{""planning_calls"":1,""accepted"":1,""changed_steps"":6,""aborted"":0,""shadow_declines"":0,""errors"":0,""max_planning_ms"":66.00479999906383},""fertilizer"":{""skips"":4,""covered"":3,""capped"":1,""errors"":0},""seed_budget"":{""cut_units"":0,""saved_cost"":0,""changed_turns"":0,""errors"":0},""forecast"":{""pred_units"":99,""pred_fires"":17,""pred_errors"":0,""frontier_fires"":3,""frontier_units"":8}}}",
m20_multi_hypothesis,B1,order_book,order_book,522609244,0,85378.0,84463.0,915.0,W,kagsim,4.780166,0,0,0,0,0,0,0,0,29ae70298aff5372b49961180210c77419a07c48f2304c46e4887e3408b3f36c,"[{""step"":0,""shops"":[]},{""step"":72,""shops"":[""BAKERY""]},{""step"":144,""shops"":[""BAKERY"",""FARMERS_MARKET""]},{""step"":216,""shops"":[""BAKERY"",""FARMERS_MARKET"",""BRUNCH_SPOT""]},{""step"":288,""shops"":[""BAKERY"",""FARMERS_MARKET"",""BRUNCH_SPOT"",""YARN_STORE""]},{""step"":360,""shops"":[""BAKERY"",""FARMERS_MARKET"",""BRUNCH_SPOT"",""YARN_STORE"",""FARMERS_MARKET""]},{""step"":432,""shops"":[""BAKERY"",""FARMERS_MARKET"",""BRUNCH_SPOT"",""YARN_STORE"",""FARMERS_MARKET"",""BAKERY""]},{""step"":504,""shops"":[""BAKERY"",""FARMERS_MARKET"",""BRUNCH_SPOT"",""YARN_STORE"",""FARMERS_MARKET"",""BAKERY"",""BRUNCH_SPOT""]},{""step"":576,""shops"":[""BAKERY"",""FARMERS_MARKET"",""BRUNCH_SPOT"",""YARN_STORE"",""FARMERS_MARKET"",""BAKERY"",""BRUNCH_SPOT"",""ICE_CREAM_SHOP""]}]",experiments/round11_execution_20260924/track_b/market_kagsim/replays/m20_multi_hypothesis/order_book/seed_522609244_seat_0.json.gz,d60c4d444cb086575b665ee98995f588a597aacbb42f4ac51658342aac244a40,98d374f58f68c5b9f263eb3ed04f724e1e0b7a4fa562b581bdac90b276492c4a,a16e0e9b40c489972630a0b9d04f30e9c1cab03159fa78676db74277d84d82ab,0fe077cc65622d6f6828160d90b617595a4aa7ea188e4afc67bfee8e4d290c92,"{""players"":[{""sell_dead_units"":2280,""refused_buy_product"":5,""refused_buy_seed"":0,""refused_buy_animal"":0,""refused_hire"":0,""refused_buy_land"":0,""hire_paid"":4397,""sell_zero_fill"":47,""buy_zero_fill"":1,""sell_revenue"":127667.0,""total_spend"":45289.0,""shed_discarded_units"":11,""sold_units"":2011,""feed_no_wheat"":0,""feed_no_animal"":0,""feed_redundant"":0,""water_dead"":12,""harvest_dead"":4,""plant_dead"":0,""animals_escaped"":0,""escape_capital"":0.0,""escape_yield_units"":0,""escape_first_day"":-1,""animal_unfed_days"":78,""plants_dry"":2,""dry_seed_cost"":120.0,""dry_yield_units"":1,""dry_first_day"":21,""plant_unwatered_days"":387,""decay_units"":18,""plants_decayed"":18,""silent_loss_coins"":120.0,""silent_loss_units"":30,""dead_actions"":47,""move_dead"":0,""locked_dead"":0,""pickup_dead"":0,""drop_dead"":0,""place_dead"":1,""build_dead"":0,""dig_dead"":2,""fertilize_dead"":1,""collect_dead"":3,""care_dead"":24,""tile_cap_units"":19,""fertilizer_forgone"":22,""care_unfed"":74,""animal_shed_days"":1,""idle_tile_days"":64,""weed_tile_days"":2,""hand_pass_turns"":368,""farmer_pass_turns"":64,""phantom_hand_actions"":0,""sell_floor_units"":84,""hire_premium"":4129,""shed_units_now"":0,""shed_value_now"":0.0,""animals_in_shed_now"":0,""seeds_unplanted_now"":5,""seeds_unplanted_cost_now"":70.0},{""sell_dead_units"":1280,""refused_buy_product"":5,""refused_buy_seed"":0,""refused_buy_animal"":0,""refused_hire"":0,""refused_buy_land"":0,""hire_paid"":4397,""sell_zero_fill"":46,""buy_zero_fill"":1,""sell_revenue"":127313.0,""total_spend"":45850.0,""shed_discarded_units"":8,""sold_units"":2022,""feed_no_wheat"":0,""feed_no_animal"":0,""feed_redundant"":0,""water_dead"":13,""harvest_dead"":5,""plant_dead"":0,""animals_escaped"":0,""escape_capital"":0.0,""escape_yield_units"":0,""escape_first_day"":-1,""animal_unfed_days"":78,""plants_dry"":2,""dry_seed_cost"":120.0,""dry_yield_units"":1,""dry_first_day"":21,""plant_unwatered_days"":386,""decay_units"":18,""plants_decayed"":18,""silent_loss_coins"":120.0,""silent_loss_units"":27,""dead_actions"":50,""move_dead"":0,""locked_dead"":0,""pickup_dead"":0,""drop_dead"":0,""place_dead"":1,""build_dead"":0,""dig_dead"":2,""fertilize_dead"":2,""collect_dead"":3,""care_dead"":24,""tile_cap_units"":21,""fertilizer_forgone"":22,""care_unfed"":74,""animal_shed_days"":1,""idle_tile_days"":66,""weed_tile_days"":3,""hand_pass_turns"":366,""farmer_pass_turns"":64,""phantom_hand_actions"":0,""sell_floor_units"":87,""hire_premium"":4129,""shed_units_now"":0,""shed_value_now"":0.0,""animals_in_shed_now"":0,""seeds_unplanted_now"":12,""seeds_unplanted_cost_now"":200.0}]}","{""opening_calls"":1,""opening_stock_ok"":1,""parent"":{""rescue"":{""planning_calls"":1,""accepted"":1,""changed_steps"":7,""aborted"":0,""shadow_declines"":0,""errors"":0,""max_planning_ms"":72.79019999259617},""fertilizer"":{""skips"":3,""covered"":1,""capped"":2,""errors"":0},""seed_budget"":{""cut_units"":48,""saved_cost"":960,""changed_turns"":14,""errors"":0},""forecast"":{""pred_units"":132,""pred_fires"":19,""pred_errors"":0,""frontier_fires"":1,""frontier_units"":21}}}",
m20_multi_hypothesis,B1,order_book,order_book,522609244,1,85298.0,84543.0,755.0,W,kagsim,4.637022,0,0,0,0,0,0,0,0,29ae70298aff5372b49961180210c77419a07c48f2304c46e4887e3408b3f36c,"[{""step"":0,""shops"":[]},{""step"":72,""shops"":[""BAKERY""]},{""step"":144,""shops"":[""BAKERY"",""FARMERS_MARKET""]},{""step"":216,""shops"":[""BAKERY"",""FARMERS_MARKET"",""BRUNCH_SPOT""]},{""step"":288,""shops"":[""BAKERY"",""FARMERS_MARKET"",""BRUNCH_SPOT"",""YARN_STORE""]},{""step"":360,""shops"":[""BAKERY"",""FARMERS_MARKET"",""BRUNCH_SPOT"",""YARN_STORE"",""FARMERS_MARKET""]},{""step"":432,""shops"":[""BAKERY"",""FARMERS_MARKET"",""BRUNCH_SPOT"",""YARN_STORE"",""FARMERS_MARKET"",""BAKERY""]},{""step"":504,""shops"":[""BAKERY"",""FARMERS_MARKET"",""BRUNCH_SPOT"",""YARN_STORE"",""FARMERS_MARKET"",""BAKERY"",""BRUNCH_SPOT""]},{""step"":576,""shops"":[""BAKERY"",""FARMERS_MARKET"",""BRUNCH_SPOT"",""YARN_STORE"",""FARMERS_MARKET"",""BAKERY"",""BRUNCH_SPOT"",""ICE_CREAM_SHOP""]}]",experiments/round11_execution_20260924/track_b/market_kagsim/replays/m20_multi_hypothesis/order_book/seed_522609244_seat_1.json.gz,084e74f07de975ffef8d68522bcd7796b144b89b09c4c96b88fa8e1486e9c33a,98d374f58f68c5b9f263eb3ed04f724e1e0b7a4fa562b581bdac90b276492c4a,a16e0e9b40c489972630a0b9d04f30e9c1cab03159fa78676db74277d84d82ab,0fe077cc65622d6f6828160d90b617595a4aa7ea188e4afc67bfee8e4d290c92,"{""players"":[{""sell_dead_units"":1280,""refused_buy_product"":5,""refused_buy_seed"":0,""refused_buy_animal"":0,""refused_hire"":0,""refused_buy_land"":0,""hire_paid"":4397,""sell_zero_fill"":46,""buy_zero_fill"":1,""sell_revenue"":127313.0,""total_spend"":45770.0,""shed_discarded_units"":8,""sold_units"":2022,""feed_no_wheat"":0,""feed_no_animal"":0,""feed_redundant"":0,""water_dead"":12,""harvest_dead"":4,""plant_dead"":0,""animals_escaped"":0,""escape_capital"":0.0,""escape_yield_units"":0,""escape_first_day"":-1,""animal_unfed_days"":78,""plants_dry"":2,""dry_seed_cost"":120.0,""dry_yield_units"":1,""dry_first_day"":21,""plant_unwatered_days"":387,""decay_units"":18,""plants_decayed"":18,""silent_loss_coins"":120.0,""silent_loss_units"":27,""dead_actions"":48,""move_dead"":0,""locked_dead"":0,""pickup_dead"":0,""drop_dead"":0,""place_dead"":1,""build_dead"":0,""dig_dead"":2,""fertilize_dead"":2,""collect_dead"":3,""care_dead"":24,""tile_cap_units"":21,""fertilizer_forgone"":22,""care_unfed"":74,""animal_shed_days"":1,""idle_tile_days"":64,""weed_tile_days"":2,""hand_pass_turns"":365,""farmer_pass_turns"":64,""phantom_hand_actions"":0,""sell_floor_units"":87,""hire_premium"":4129,""shed_units_now"":0,""shed_value_now"":0.0,""animals_in_shed_now"":0,""seeds_unplanted_now"":11,""seeds_unplanted_cost_now"":190.0},{""sell_dead_units"":2280,""refused_buy_product"":5,""refused_buy_seed"":0,""refused_buy_animal"":0,""refused_hire"":0,""refused_buy_land"":0,""hire_paid"":4397,""sell_zero_fill"":47,""buy_zero_fill"":1,""sell_revenue"":127667.0,""total_spend"":45369.0,""shed_discarded_units"":11,""sold_units"":2011,""feed_no_wheat"":0,""feed_no_animal"":0,""feed_redundant"":0,""water_dead"":13,""harvest_dead"":5,""plant_dead"":0,""animals_escaped"":0,""escape_capital"":0.0,""escape_yield_units"":0,""escape_first_day"":-1,""animal_unfed_days"":78,""plants_dry"":2,""dry_seed_cost"":120.0,""dry_yield_units"":1,""dry_first_day"":21,""plant_unwatered_days"":386,""decay_units"":18,""plants_decayed"":18,""silent_loss_coins"":120.0,""silent_loss_units"":30,""dead_actions"":49,""move_dead"":0,""locked_dead"":0,""pickup_dead"":0,""drop_dead"":0,""place_dead"":1,""build_dead"":0,""dig_dead"":2,""fertilize_dead"":1,""collect_dead"":3,""care_dead"":24,""tile_cap_units"":19,""fertilizer_forgone"":22,""care_unfed"":74,""animal_shed_days"":1,""idle_tile_days"":66,""weed_tile_days"":3,""hand_pass_turns"":369,""farmer_pass_turns"":64,""phantom_hand_actions"":0,""sell_floor_units"":84,""hire_premium"":4129,""shed_units_now"":0,""shed_value_now"":0.0,""animals_in_shed_now"":0,""seeds_unplanted_now"":6,""seeds_unplanted_cost_now"":80.0}]}","{""opening_calls"":1,""opening_stock_ok"":1,""parent"":{""rescue"":{""planning_calls"":1,""accepted"":1,""changed_steps"":7,""aborted"":0,""shadow_declines"":0,""errors"":0,""max_planning_ms"":176.49769999843556},""fertilizer"":{""skips"":3,""covered"":1,""capped"":2,""errors"":0},""seed_budget"":{""cut_units"":48,""saved_cost"":960,""changed_turns"":14,""errors"":0},""forecast"":{""pred_units"":132,""pred_fires"":19,""pred_errors"":0,""frontier_fires"":1,""frontier_units"":21}}}",
m20_multi_hypothesis,B1,v57,public_router,522609241,0,113719.0,113520.0,199.0,W,kagsim,3.61831,0,0,0,0,0,0,0,0,3d5abadf277ffbf26faf5853b80f902eec0bdb2b3d07a15179f8411eccf494e5,"[{""step"":0,""shops"":[]},{""step"":72,""shops"":[""YARN_STORE""]},{""step"":144,""shops"":[""YARN_STORE"",""BRUNCH_SPOT""]},{""step"":216,""shops"":[""YARN_STORE"",""BRUNCH_SPOT"",""ICE_CREAM_SHOP""]},{""step"":288,""shops"":[""YARN_STORE"",""BRUNCH_SPOT"",""ICE_CREAM_SHOP"",""ICE_CREAM_SHOP""]},{""step"":360,""shops"":[""YARN_STORE"",""BRUNCH_SPOT"",""ICE_CREAM_SHOP"",""ICE_CREAM_SHOP"",""BRUNCH_SPOT""]},{""step"":432,""shops"":[""YARN_STORE"",""BRUNCH_SPOT"",""ICE_CREAM_SHOP"",""ICE_CREAM_SHOP"",""BRUNCH_SPOT"",""BRUNCH_SPOT""]},{""step"":504,""shops"":[""YARN_STORE"",""BRUNCH_SPOT"",""ICE_CREAM_SHOP"",""ICE_CREAM_SHOP"",""BRUNCH_SPOT"",""BRUNCH_SPOT"",""FARMERS_MARKET""]},{""step"":576,""shops"":[""YARN_STORE"",""BRUNCH_SPOT"",""ICE_CREAM_SHOP"",""ICE_CREAM_SHOP"",""BRUNCH_SPOT"",""BRUNCH_SPOT"",""FARMERS_MARKET"",""BRUNCH_SPOT""]}]",experiments/round11_execution_20260924/track_b/market_kagsim/replays/m20_multi_hypothesis/v57/seed_522609241_seat_0.json.gz,88e88b5805f152095fcaeb5f7b1f6251331438eadab66ee362a732fe8a4898c9,98d374f58f68c5b9f263eb3ed04f724e1e0b7a4fa562b581bdac90b276492c4a,2ee689fdc58f38b7bf6b80b8d3f48129d19b47201dbee51fdcbd977498a5106f,0fe077cc65622d6f6828160d90b617595a4aa7ea188e4afc67bfee8e4d290c92,"{""players"":[{""sell_dead_units"":194,""refused_buy_product"":1,""refused_buy_seed"":0,""refused_buy_animal"":0,""refused_hire"":0,""refused_buy_land"":0,""hire_paid"":5659,""sell_zero_fill"":18,""buy_zero_fill"":1,""sell_revenue"":140447.0,""total_spend"":29728.0,""shed_discarded_units"":32,""sold_units"":1549,""feed_no_wheat"":0,""feed_no_animal"":0,""feed_redundant"":0,""water_dead"":1,""harvest_dead"":4,""plant_dead"":0,""animals_escaped"":0,""escape_capital"":0.0,""escape_yield_units"":0,""escape_first_day"":-1,""animal_unfed_days"":62,""plants_dry"":1,""dry_seed_cost"":100.0,""dry_yield_units"":0,""dry_first_day"":21,""plant_unwatered_days"":385,""decay_units"":18,""plants_decayed"":18,""silent_loss_coins"":100.0,""silent_loss_units"":50,""dead_actions"":17,""move_dead"":0,""locked_dead"":0,""pickup_dead"":0,""drop_dead"":0,""place_dead"":1,""build_dead"":0,""dig_dead"":2,""fertilize_dead"":0,""collect_dead"":4,""care_dead"":5,""tile_cap_units"":9,""fertilizer_forgone"":14,""care_unfed"":58,""animal_shed_days"":0,""idle_tile_days"":62,""weed_tile_days"":1,""hand_pass_turns"":616,""farmer_pass_turns"":83,""phantom_hand_actions"":0,""sell_floor_units"":63,""hire_premium"":5377,""shed_units_now"":0,""shed_value_now"":0.0,""animals_in_shed_now"":0,""seeds_unplanted_now"":0,""seeds_unplanted_cost_now"":0.0},{""sell_dead_units"":193,""refused_buy_product"":1,""refused_buy_seed"":0,""refused_buy_animal"":0,""refused_hire"":0,""refused_buy_land"":0,""hire_paid"":5659,""sell_zero_fill"":18,""buy_zero_fill"":1,""sell_revenue"":140600.0,""total_spend"":30080.0,""shed_discarded_units"":32,""sold_units"":1557,""feed_no_wheat"":0,""feed_no_animal"":0,""feed_redundant"":0,""water_dead"":1,""harvest_dead"":6,""plant_dead"":0,""animals_escaped"":0,""escape_capital"":0.0,""escape_yield_units"":0,""escape_first_day"":-1,""animal_unfed_days"":62,""plants_dry"":1,""dry_seed_cost"":100.0,""dry_yield_units"":0,""dry_first_day"":21,""plant_unwatered_days"":385,""decay_units"":18,""plants_decayed"":18,""silent_loss_coins"":100.0,""silent_loss_units"":50,""dead_actions"":20,""move_dead"":0,""locked_dead"":0,""pickup_dead"":0,""drop_dead"":0,""place_dead"":2,""build_dead"":0,""dig_dead"":2,""fertilize_dead"":0,""collect_dead"":4,""care_dead"":5,""tile_cap_units"":9,""fertilizer_forgone"":14,""care_unfed"":58,""animal_shed_days"":0,""idle_tile_days"":62,""weed_tile_days"":1,""hand_pass_turns"":615,""farmer_pass_turns"":83,""phantom_hand_actions"":0,""sell_floor_units"":61,""hire_premium"":5377,""shed_units_now"":0,""shed_value_now"":0.0,""animals_in_shed_now"":0,""seeds_unplanted_now"":0,""seeds_unplanted_cost_now"":0.0}]}","{""opening_calls"":1,""opening_stock_ok"":1,""parent"":{""rescue"":{""planning_calls"":1,""accepted"":1,""changed_steps"":7,""aborted"":0,""shadow_declines"":0,""errors"":0,""max_planning_ms"":57.098599994787946},""fertilizer"":{""skips"":0,""covered"":0,""capped"":0,""errors"":0},""seed_budget"":{""cut_units"":0,""saved_cost"":0,""changed_turns"":0,""errors"":0},""forecast"":{""pred_units"":129,""pred_fires"":16,""pred_errors"":0,""frontier_fires"":4,""frontier_units"":45}}}",
m20_multi_hypothesis,B1,v57,public_router,522609241,1,113719.0,113520.0,199.0,W,kagsim,3.617835,0,0,0,0,0,0,0,0,3d5abadf277ffbf26faf5853b80f902eec0bdb2b3d07a15179f8411eccf494e5,"[{""step"":0,""shops"":[]},{""step"":72,""shops"":[""YARN_STORE""]},{""step"":144,""shops"":[""YARN_STORE"",""BRUNCH_SPOT""]},{""step"":216,""shops"":[""YARN_STORE"",""BRUNCH_SPOT"",""ICE_CREAM_SHOP""]},{""step"":288,""shops"":[""YARN_STORE"",""BRUNCH_SPOT"",""ICE_CREAM_SHOP"",""ICE_CREAM_SHOP""]},{""step"":360,""shops"":[""YARN_STORE"",""BRUNCH_SPOT"",""ICE_CREAM_SHOP"",""ICE_CREAM_SHOP"",""BRUNCH_SPOT""]},{""step"":432,""shops"":[""YARN_STORE"",""BRUNCH_SPOT"",""ICE_CREAM_SHOP"",""ICE_CREAM_SHOP"",""BRUNCH_SPOT"",""BRUNCH_SPOT""]},{""step"":504,""shops"":[""YARN_STORE"",""BRUNCH_SPOT"",""ICE_CREAM_SHOP"",""ICE_CREAM_SHOP"",""BRUNCH_SPOT"",""BRUNCH_SPOT"",""FARMERS_MARKET""]},{""step"":576,""shops"":[""YARN_STORE"",""BRUNCH_SPOT"",""ICE_CREAM_SHOP"",""ICE_CREAM_SHOP"",""BRUNCH_SPOT"",""BRUNCH_SPOT"",""FARMERS_MARKET"",""BRUNCH_SPOT""]}]",experiments/round11_execution_20260924/track_b/market_kagsim/replays/m20_multi_hypothesis/v57/seed_522609241_seat_1.json.gz,d0a52d14a7d3c54acfc76d0a5899f837ef0bac722370542d09d1d49e9813a4b7,98d374f58f68c5b9f263eb3ed04f724e1e0b7a4fa562b581bdac90b276492c4a,2ee689fdc58f38b7bf6b80b8d3f48129d19b47201dbee51fdcbd977498a5106f,0fe077cc65622d6f6828160d90b617595a4aa7ea188e4afc67bfee8e4d290c92,"{""players"":[{""sell_dead_units"":193,""refused_buy_product"":1,""refused_buy_seed"":0,""refused_buy_animal"":0,""refused_hire"":0,""refused_buy_land"":0,""hire_paid"":5659,""sell_zero_fill"":18,""buy_zero_fill"":1,""sell_revenue"":140600.0,""total_spend"":30080.0,""shed_discarded_units"":32,""sold_units"":1557,""feed_no_wheat"":0,""feed_no_animal"":0,""feed_redundant"":0,""water_dead"":1,""harvest_dead"":6,""plant_dead"":0,""animals_escaped"":0,""escape_capital"":0.0,""escape_yield_units"":0,""escape_first_day"":-1,""animal_unfed_days"":62,""plants_dry"":1,""dry_seed_cost"":100.0,""dry_yield_units"":0,""dry_first_day"":21,""plant_unwatered_days"":385,""decay_units"":18,""plants_decayed"":18,""silent_loss_coins"":100.0,""silent_loss_units"":50,""dead_actions"":20,""move_dead"":0,""locked_dead"":0,""pickup_dead"":0,""drop_dead"":0,""place_dead"":2,""build_dead"":0,""dig_dead"":2,""fertilize_dead"":0,""collect_dead"":4,""care_dead"":5,""tile_cap_units"":9,""fertilizer_forgone"":14,""care_unfed"":58,""animal_shed_days"":0,""idle_tile_days"":62,""weed_tile_days"":1,""hand_pass_turns"":615,""farmer_pass_turns"":83,""phantom_hand_actions"":0,""sell_floor_units"":61,""hire_premium"":5377,""shed_units_now"":0,""shed_value_now"":0.0,""animals_in_shed_now"":0,""seeds_unplanted_now"":0,""seeds_unplanted_cost_now"":0.0},{""sell_dead_units"":194,""refused_buy_product"":1,""refused_buy_seed"":0,""refused_buy_animal"":0,""refused_hire"":0,""refused_buy_land"":0,""hire_paid"":5659,""sell_zero_fill"":18,""buy_zero_fill"":1,""sell_revenue"":140447.0,""total_spend"":29728.0,""shed_discarded_units"":32,""sold_units"":1549,""feed_no_wheat"":0,""feed_no_animal"":0,""feed_redundant"":0,""water_dead"":1,""harvest_dead"":4,""plant_dead"":0,""animals_escaped"":0,""escape_capital"":0.0,""escape_yield_units"":0,""escape_first_day"":-1,""animal_unfed_days"":62,""plants_dry"":1,""dry_seed_cost"":100.0,""dry_yield_units"":0,""dry_first_day"":21,""plant_unwatered_days"":385,""decay_units"":18,""plants_decayed"":18,""silent_loss_coins"":100.0,""silent_loss_units"":50,""dead_actions"":17,""move_dead"":0,""locked_dead"":0,""pickup_dead"":0,""drop_dead"":0,""place_dead"":1,""build_dead"":0,""dig_dead"":2,""fertilize_dead"":0,""collect_dead"":4,""care_dead"":5,""tile_cap_units"":9,""fertilizer_forgone"":14,""care_unfed"":58,""animal_shed_days"":0,""idle_tile_days"":62,""weed_tile_days"":1,""hand_pass_turns"":616,""farmer_pass_turns"":83,""phantom_hand_actions"":0,""sell_floor_units"":63,""hire_premium"":5377,""shed_units_now"":0,""shed_value_now"":0.0,""animals_in_shed_now"":0,""seeds_unplanted_now"":0,""seeds_unplanted_cost_now"":0.0}]}","{""opening_calls"":1,""opening_stock_ok"":1,""parent"":{""rescue"":{""planning_calls"":1,""accepted"":1,""changed_steps"":7,""aborted"":0,""shadow_declines"":0,""errors"":0,""max_planning_ms"":62.10039999859873},""fertilizer"":{""skips"":0,""covered"":0,""capped"":0,""errors"":0},""seed_budget"":{""cut_units"":0,""saved_cost"":0,""changed_turns"":0,""errors"":0},""forecast"":{""pred_units"":129,""pred_fires"":16,""pred_errors"":0,""frontier_fires"":4,""frontier_units"":45}}}",
m20_multi_hypothesis,B1,v57,public_router,522609242,0,116883.0,116494.0,389.0,W,kagsim,4.125128,0,0,0,0,0,0,0,0,cd945f271e647a2f5fc263c386808ef34a28435ba33f723a6ccd7112be4b1a7c,"[{""step"":0,""shops"":[]},{""step"":72,""shops"":[""SMOOTHIE_SHOP""]},{""step"":144,""shops"":[""SMOOTHIE_SHOP"",""SMOOTHIE_SHOP""]},{""step"":216,""shops"":[""SMOOTHIE_SHOP"",""SMOOTHIE_SHOP"",""BRUNCH_SPOT""]},{""step"":288,""shops"":[""SMOOTHIE_SHOP"",""SMOOTHIE_SHOP"",""BRUNCH_SPOT"",""BAKERY""]},{""step"":360,""shops"":[""SMOOTHIE_SHOP"",""SMOOTHIE_SHOP"",""BRUNCH_SPOT"",""BAKERY"",""YARN_STORE""]},{""step"":432,""shops"":[""SMOOTHIE_SHOP"",""SMOOTHIE_SHOP"",""BRUNCH_SPOT"",""BAKERY"",""YARN_STORE"",""ICE_CREAM_SHOP""]},{""step"":504,""shops"":[""SMOOTHIE_SHOP"",""SMOOTHIE_SHOP"",""BRUNCH_SPOT"",""BAKERY"",""YARN_STORE"",""ICE_CREAM_SHOP"",""BAKERY""]},{""step"":576,""shops"":[""SMOOTHIE_SHOP"",""SMOOTHIE_SHOP"",""BRUNCH_SPOT"",""BAKERY"",""YARN_STORE"",""ICE_CREAM_SHOP"",""BAKERY"",""FARMERS_MARKET""]}]",experiments/round11_execution_20260924/track_b/market_kagsim/replays/m20_multi_hypothesis/v57/seed_522609242_seat_0.json.gz,e4e2b0f6b3845f2e4672b83f75929eb750f6603ae83afd9d0b8bee544ccc80a4,98d374f58f68c5b9f263eb3ed04f724e1e0b7a4fa562b581bdac90b276492c4a,2ee689fdc58f38b7bf6b80b8d3f48129d19b47201dbee51fdcbd977498a5106f,0fe077cc65622d6f6828160d90b617595a4aa7ea188e4afc67bfee8e4d290c92,"{""players"":[{""sell_dead_units"":227,""refused_buy_product"":1,""refused_buy_seed"":0,""refused_buy_animal"":0,""refused_hire"":0,""refused_buy_land"":0,""hire_paid"":4164,""sell_zero_fill"":42,""buy_zero_fill"":1,""sell_revenue"":141300.0,""total_spend"":27417.0,""shed_discarded_units"":4,""sold_units"":1595,""feed_no_wheat"":0,""feed_no_animal"":0,""feed_redundant"":0,""water_dead"":11,""harvest_dead"":4,""plant_dead"":0,""animals_escaped"":0,""escape_capital"":0.0,""escape_yield_units"":0,""escape_first_day"":-1,""animal_unfed_days"":42,""plants_dry"":1,""dry_seed_cost"":100.0,""dry_yield_units"":0,""dry_first_day"":21,""plant_unwatered_days"":392,""decay_units"":18,""plants_decayed"":18,""silent_loss_coins"":100.0,""silent_loss_units"":22,""dead_actions"":41,""move_dead"":0,""locked_dead"":0,""pickup_dead"":0,""drop_dead"":0,""place_dead"":1,""build_dead"":0,""dig_dead"":3,""fertilize_dead"":1,""collect_dead"":8,""care_dead"":13,""tile_cap_units"":19,""fertilizer_forgone"":19,""care_unfed"":37,""animal_shed_days"":1,""idle_tile_days"":63,""weed_tile_days"":1,""hand_pass_turns"":363,""farmer_pass_turns"":61,""phantom_hand_actions"":0,""sell_floor_units"":22,""hire_premium"":3898,""shed_units_now"":0,""shed_value_now"":0.0,""animals_in_shed_now"":0,""seeds_unplanted_now"":1,""seeds_unplanted_cost_now"":10.0},{""sell_dead_units"":221,""refused_buy_product"":1,""refused_buy_seed"":0,""refused_buy_animal"":0,""refused_hire"":0,""refused_buy_land"":0,""hire_paid"":4164,""sell_zero_fill"":40,""buy_zero_fill"":1,""sell_revenue"":141249.0,""total_spend"":27755.0,""shed_discarded_units"":4,""sold_units"":1605,""feed_no_wheat"":0,""feed_no_animal"":0,""feed_redundant"":0,""water_dead"":11,""harvest_dead"":4,""plant_dead"":0,""animals_escaped"":0,""escape_capital"":0.0,""escape_yield_units"":0,""escape_first_day"":-1,""animal_unfed_days"":42,""plants_dry"":1,""dry_seed_cost"":100.0,""dry_yield_units"":0,""dry_first_day"":21,""plant_unwatered_days"":392,""decay_units"":18,""plants_decayed"":18,""silent_loss_coins"":100.0,""silent_loss_units"":22,""dead_actions"":41,""move_dead"":0,""locked_dead"":0,""pickup_dead"":0,""drop_dead"":0,""place_dead"":1,""build_dead"":0,""dig_dead"":3,""fertilize_dead"":1,""collect_dead"":8,""care_dead"":13,""tile_cap_units"":19,""fertilizer_forgone"":19,""care_unfed"":37,""animal_shed_days"":1,""idle_tile_days"":63,""weed_tile_days"":1,""hand_pass_turns"":363,""farmer_pass_turns"":61,""phantom_hand_actions"":0,""sell_floor_units"":21,""hire_premium"":3898,""shed_units_now"":0,""shed_value_now"":0.0,""animals_in_shed_now"":0,""seeds_unplanted_now"":0,""seeds_unplanted_cost_now"":0.0}]}","{""opening_calls"":1,""opening_stock_ok"":1,""parent"":{""rescue"":{""planning_calls"":1,""accepted"":1,""changed_steps"":6,""aborted"":0,""shadow_declines"":0,""errors"":0,""max_planning_ms"":79.67419999476988},""fertilizer"":{""skips"":3,""covered"":2,""capped"":1,""errors"":0},""seed_budget"":{""cut_units"":0,""saved_cost"":0,""changed_turns"":0,""errors"":0},""forecast"":{""pred_units"":143,""pred_fires"":18,""pred_errors"":0,""frontier_fires"":3,""frontier_units"":14}}}",
m20_multi_hypothesis,B1,v57,public_router,522609242,1,116883.0,116494.0,389.0,W,kagsim,3.900309,0,0,0,0,0,0,0,0,cd945f271e647a2f5fc263c386808ef34a28435ba33f723a6ccd7112be4b1a7c,"[{""step"":0,""shops"":[]},{""step"":72,""shops"":[""SMOOTHIE_SHOP""]},{""step"":144,""shops"":[""SMOOTHIE_SHOP"",""SMOOTHIE_SHOP""]},{""step"":216,""shops"":[""SMOOTHIE_SHOP"",""SMOOTHIE_SHOP"",""BRUNCH_SPOT""]},{""step"":288,""shops"":[""SMOOTHIE_SHOP"",""SMOOTHIE_SHOP"",""BRUNCH_SPOT"",""BAKERY""]},{""step"":360,""shops"":[""SMOOTHIE_SHOP"",""SMOOTHIE_SHOP"",""BRUNCH_SPOT"",""BAKERY"",""YARN_STORE""]},{""step"":432,""shops"":[""SMOOTHIE_SHOP"",""SMOOTHIE_SHOP"",""BRUNCH_SPOT"",""BAKERY"",""YARN_STORE"",""ICE_CREAM_SHOP""]},{""step"":504,""shops"":[""SMOOTHIE_SHOP"",""SMOOTHIE_SHOP"",""BRUNCH_SPOT"",""BAKERY"",""YARN_STORE"",""ICE_CREAM_SHOP"",""BAKERY""]},{""step"":576,""shops"":[""SMOOTHIE_SHOP"",""SMOOTHIE_SHOP"",""BRUNCH_SPOT"",""BAKERY"",""YARN_STORE"",""ICE_CREAM_SHOP"",""BAKERY"",""FARMERS_MARKET""]}]",experiments/round11_execution_20260924/track_b/market_kagsim/replays/m20_multi_hypothesis/v57/seed_522609242_seat_1.json.gz,22b6d1c48899fe511933734b7ecd7bdfb474719ef189c6a12f49cc469e69af7d,98d374f58f68c5b9f263eb3ed04f724e1e0b7a4fa562b581bdac90b276492c4a,2ee689fdc58f38b7bf6b80b8d3f48129d19b47201dbee51fdcbd977498a5106f,0fe077cc65622d6f6828160d90b617595a4aa7ea188e4afc67bfee8e4d290c92,"{""players"":[{""sell_dead_units"":221,""refused_buy_product"":1,""refused_buy_seed"":0,""refused_buy_animal"":0,""refused_hire"":0,""refused_buy_land"":0,""hire_paid"":4164,""sell_zero_fill"":40,""buy_zero_fill"":1,""sell_revenue"":141249.0,""total_spend"":27755.0,""shed_discarded_units"":4,""sold_units"":1605,""feed_no_wheat"":0,""feed_no_animal"":0,""feed_redundant"":0,""water_dead"":11,""harvest_dead"":4,""plant_dead"":0,""animals_escaped"":0,""escape_capital"":0.0,""escape_yield_units"":0,""escape_first_day"":-1,""animal_unfed_days"":42,""plants_dry"":1,""dry_seed_cost"":100.0,""dry_yield_units"":0,""dry_first_day"":21,""plant_unwatered_days"":392,""decay_units"":18,""plants_decayed"":18,""silent_loss_coins"":100.0,""silent_loss_units"":22,""dead_actions"":41,""move_dead"":0,""locked_dead"":0,""pickup_dead"":0,""drop_dead"":0,""place_dead"":1,""build_dead"":0,""dig_dead"":3,""fertilize_dead"":1,""collect_dead"":8,""care_dead"":13,""tile_cap_units"":19,""fertilizer_forgone"":19,""care_unfed"":37,""animal_shed_days"":1,""idle_tile_days"":63,""weed_tile_days"":1,""hand_pass_turns"":363,""farmer_pass_turns"":61,""phantom_hand_actions"":0,""sell_floor_units"":21,""hire_premium"":3898,""shed_units_now"":0,""shed_value_now"":0.0,""animals_in_shed_now"":0,""seeds_unplanted_now"":0,""seeds_unplanted_cost_now"":0.0},{""sell_dead_units"":227,""refused_buy_product"":1,""refused_buy_seed"":0,""refused_buy_animal"":0,""refused_hire"":0,""refused_buy_land"":0,""hire_paid"":4164,""sell_zero_fill"":42,""buy_zero_fill"":1,""sell_revenue"":141300.0,""total_spend"":27417.0,""shed_discarded_units"":4,""sold_units"":1595,""feed_no_wheat"":0,""feed_no_animal"":0,""feed_redundant"":0,""water_dead"":11,""harvest_dead"":4,""plant_dead"":0,""animals_escaped"":0,""escape_capital"":0.0,""escape_yield_units"":0,""escape_first_day"":-1,""animal_unfed_days"":42,""plants_dry"":1,""dry_seed_cost"":100.0,""dry_yield_units"":0,""dry_first_day"":21,""plant_unwatered_days"":392,""decay_units"":18,""plants_decayed"":18,""silent_loss_coins"":100.0,""silent_loss_units"":22,""dead_actions"":41,""move_dead"":0,""locked_dead"":0,""pickup_dead"":0,""drop_dead"":0,""place_dead"":1,""build_dead"":0,""dig_dead"":3,""fertilize_dead"":1,""collect_dead"":8,""care_dead"":13,""tile_cap_units"":19,""fertilizer_forgone"":19,""care_unfed"":37,""animal_shed_days"":1,""idle_tile_days"":63,""weed_tile_days"":1,""hand_pass_turns"":363,""farmer_pass_turns"":61,""phantom_hand_actions"":0,""sell_floor_units"":22,""hire_premium"":3898,""shed_units_now"":0,""shed_value_now"":0.0,""animals_in_shed_now"":0,""seeds_unplanted_now"":1,""seeds_unplanted_cost_now"":10.0}]}","{""opening_calls"":1,""opening_stock_ok"":1,""parent"":{""rescue"":{""planning_calls"":1,""accepted"":1,""changed_steps"":6,""aborted"":0,""shadow_declines"":0,""errors"":0,""max_planning_ms"":60.713300001225434},""fertilizer"":{""skips"":3,""covered"":2,""capped"":1,""errors"":0},""seed_budget"":{""cut_units"":0,""saved_cost"":0,""changed_turns"":0,""errors"":0},""forecast"":{""pred_units"":143,""pred_fires"":18,""pred_errors"":0,""frontier_fires"":3,""frontier_units"":14}}}",
m20_multi_hypothesis,B1,v57,public_router,522609243,0,110284.0,111059.0,-775.0,L,kagsim,3.738566,0,0,0,0,0,0,0,0,499deac3e55076604cbfd1119bcc7d2b0dc4084111ee7286f71d9cd238ef4c7b,"[{""step"":0,""shops"":[]},{""step"":72,""shops"":[""BRUNCH_SPOT""]},{""step"":144,""shops"":[""BRUNCH_SPOT"",""ICE_CREAM_SHOP""]},{""step"":216,""shops"":[""BRUNCH_SPOT"",""ICE_CREAM_SHOP"",""FARMERS_MARKET""]},{""step"":288,""shops"":[""BRUNCH_SPOT"",""ICE_CREAM_SHOP"",""FARMERS_MARKET"",""ICE_CREAM_SHOP""]},{""step"":360,""shops"":[""BRUNCH_SPOT"",""ICE_CREAM_SHOP"",""FARMERS_MARKET"",""ICE_CREAM_SHOP"",""PIZZA_SHOP""]},{""step"":432,""shops"":[""BRUNCH_SPOT"",""ICE_CREAM_SHOP"",""FARMERS_MARKET"",""ICE_CREAM_SHOP"",""PIZZA_SHOP"",""FARMERS_MARKET""]},{""step"":504,""shops"":[""BRUNCH_SPOT"",""ICE_CREAM_SHOP"",""FARMERS_MARKET"",""ICE_CREAM_SHOP"",""PIZZA_SHOP"",""FARMERS_MARKET"",""BRUNCH_SPOT""]},{""step"":576,""shops"":[""BRUNCH_SPOT"",""ICE_CREAM_SHOP"",""FARMERS_MARKET"",""ICE_CREAM_SHOP"",""PIZZA_SHOP"",""FARMERS_MARKET"",""BRUNCH_SPOT"",""FARMERS_MARKET""]}]",experiments/round11_execution_20260924/track_b/market_kagsim/replays/m20_multi_hypothesis/v57/seed_522609243_seat_0.json.gz,505b6f08265c921c2cb93c748860c497922fd8325ac2b6582716d96d32bf831f,98d374f58f68c5b9f263eb3ed04f724e1e0b7a4fa562b581bdac90b276492c4a,2ee689fdc58f38b7bf6b80b8d3f48129d19b47201dbee51fdcbd977498a5106f,0fe077cc65622d6f6828160d90b617595a4aa7ea188e4afc67bfee8e4d290c92,"{""players"":[{""sell_dead_units"":199,""refused_buy_product"":1,""refused_buy_seed"":0,""refused_buy_animal"":0,""refused_hire"":0,""refused_buy_land"":0,""hire_paid"":4397,""sell_zero_fill"":34,""buy_zero_fill"":1,""sell_revenue"":135985.0,""total_spend"":28701.0,""shed_discarded_units"":4,""sold_units"":1597,""feed_no_wheat"":0,""feed_no_animal"":0,""feed_redundant"":0,""water_dead"":10,""harvest_dead"":3,""plant_dead"":0,""animals_escaped"":0,""escape_capital"":0.0,""escape_yield_units"":0,""escape_first_day"":-1,""animal_unfed_days"":85,""plants_dry"":1,""dry_seed_cost"":100.0,""dry_yield_units"":0,""dry_first_day"":21,""plant_unwatered_days"":391,""decay_units"":18,""plants_decayed"":18,""silent_loss_coins"":100.0,""silent_loss_units"":22,""dead_actions"":40,""move_dead"":0,""locked_dead"":0,""pickup_dead"":0,""drop_dead"":0,""place_dead"":1,""build_dead"":0,""dig_dead"":4,""fertilize_dead"":1,""collect_dead"":8,""care_dead"":13,""tile_cap_units"":21,""fertilizer_forgone"":19,""care_unfed"":80,""animal_shed_days"":1,""idle_tile_days"":63,""weed_tile_days"":1,""hand_pass_turns"":406,""farmer_pass_turns"":67,""phantom_hand_actions"":0,""sell_floor_units"":56,""hire_premium"":4129,""shed_units_now"":0,""shed_value_now"":0.0,""animals_in_shed_now"":0,""seeds_unplanted_now"":1,""seeds_unplanted_cost_now"":10.0},{""sell_dead_units"":200,""refused_buy_product"":1,""refused_buy_seed"":0,""refused_buy_animal"":0,""refused_hire"":0,""refused_buy_land"":0,""hire_paid"":7557,""sell_zero_fill"":34,""buy_zero_fill"":1,""sell_revenue"":144908.0,""total_spend"":36849.0,""shed_discarded_units"":2,""sold_units"":1664,""feed_no_wheat"":0,""feed_no_animal"":0,""feed_redundant"":0,""water_dead"":10,""harvest_dead"":3,""plant_dead"":0,""animals_escaped"":0,""escape_capital"":0.0,""escape_yield_units"":0,""escape_first_day"":-1,""animal_unfed_days"":85,""plants_dry"":1,""dry_seed_cost"":100.0,""dry_yield_units"":0,""dry_first_day"":21,""plant_unwatered_days"":421,""decay_units"":18,""plants_decayed"":18,""silent_loss_coins"":100.0,""silent_loss_units"":20,""dead_actions"":40,""move_dead"":0,""locked_dead"":0,""pickup_dead"":0,""drop_dead"":0,""place_dead"":1,""build_dead"":0,""dig_dead"":4,""fertilize_dead"":1,""collect_dead"":8,""care_dead"":13,""tile_cap_units"":20,""fertilizer_forgone"":19,""care_unfed"":80,""animal_shed_days"":1,""idle_tile_days"":228,""weed_tile_days"":18,""hand_pass_turns"":490,""farmer_pass_turns"":67,""phantom_hand_actions"":0,""sell_floor_units"":57,""hire_premium"":7273,""shed_units_now"":0,""shed_value_now"":0.0,""animals_in_shed_now"":0,""seeds_unplanted_now"":0,""seeds_unplanted_cost_now"":0.0}]}","{""opening_calls"":1,""opening_stock_ok"":1,""parent"":{""rescue"":{""planning_calls"":1,""accepted"":1,""changed_steps"":6,""aborted"":0,""shadow_declines"":0,""errors"":0,""max_planning_ms"":154.640400010976},""fertilizer"":{""skips"":4,""covered"":3,""capped"":1,""errors"":0},""seed_budget"":{""cut_units"":0,""saved_cost"":0,""changed_turns"":0,""errors"":0},""forecast"":{""pred_units"":88,""pred_fires"":15,""pred_errors"":0,""frontier_fires"":1,""frontier_units"":6}}}",
m20_multi_hypothesis,B1,v57,public_router,522609243,1,110284.0,111059.0,-775.0,L,kagsim,3.792353,0,0,0,0,0,0,0,0,499deac3e55076604cbfd1119bcc7d2b0dc4084111ee7286f71d9cd238ef4c7b,"[{""step"":0,""shops"":[]},{""step"":72,""shops"":[""BRUNCH_SPOT""]},{""step"":144,""shops"":[""BRUNCH_SPOT"",""ICE_CREAM_SHOP""]},{""step"":216,""shops"":[""BRUNCH_SPOT"",""ICE_CREAM_SHOP"",""FARMERS_MARKET""]},{""step"":288,""shops"":[""BRUNCH_SPOT"",""ICE_CREAM_SHOP"",""FARMERS_MARKET"",""ICE_CREAM_SHOP""]},{""step"":360,""shops"":[""BRUNCH_SPOT"",""ICE_CREAM_SHOP"",""FARMERS_MARKET"",""ICE_CREAM_SHOP"",""PIZZA_SHOP""]},{""step"":432,""shops"":[""BRUNCH_SPOT"",""ICE_CREAM_SHOP"",""FARMERS_MARKET"",""ICE_CREAM_SHOP"",""PIZZA_SHOP"",""FARMERS_MARKET""]},{""step"":504,""shops"":[""BRUNCH_SPOT"",""ICE_CREAM_SHOP"",""FARMERS_MARKET"",""ICE_CREAM_SHOP"",""PIZZA_SHOP"",""FARMERS_MARKET"",""BRUNCH_SPOT""]},{""step"":576,""shops"":[""BRUNCH_SPOT"",""ICE_CREAM_SHOP"",""FARMERS_MARKET"",""ICE_CREAM_SHOP"",""PIZZA_SHOP"",""FARMERS_MARKET"",""BRUNCH_SPOT"",""FARMERS_MARKET""]}]",experiments/round11_execution_20260924/track_b/market_kagsim/replays/m20_multi_hypothesis/v57/seed_522609243_seat_1.json.gz,b2c805adbd2cc0301ee956b827c69132f2b47f9bbc4371cafc83cd0bdf310c59,98d374f58f68c5b9f263eb3ed04f724e1e0b7a4fa562b581bdac90b276492c4a,2ee689fdc58f38b7bf6b80b8d3f48129d19b47201dbee51fdcbd977498a5106f,0fe077cc65622d6f6828160d90b617595a4aa7ea188e4afc67bfee8e4d290c92,"{""players"":[{""sell_dead_units"":200,""refused_buy_product"":1,""refused_buy_seed"":0,""refused_buy_animal"":0,""refused_hire"":0,""refused_buy_land"":0,""hire_paid"":7557,""sell_zero_fill"":34,""buy_zero_fill"":1,""sell_revenue"":144908.0,""total_spend"":36849.0,""shed_discarded_units"":2,""sold_units"":1664,""feed_no_wheat"":0,""feed_no_animal"":0,""feed_redundant"":0,""water_dead"":10,""harvest_dead"":3,""plant_dead"":0,""animals_escaped"":0,""escape_capital"":0.0,""escape_yield_units"":0,""escape_first_day"":-1,""animal_unfed_days"":85,""plants_dry"":1,""dry_seed_cost"":100.0,""dry_yield_units"":0,""dry_first_day"":21,""plant_unwatered_days"":421,""decay_units"":18,""plants_decayed"":18,""silent_loss_coins"":100.0,""silent_loss_units"":20,""dead_actions"":40,""move_dead"":0,""locked_dead"":0,""pickup_dead"":0,""drop_dead"":0,""place_dead"":1,""build_dead"":0,""dig_dead"":4,""fertilize_dead"":1,""collect_dead"":8,""care_dead"":13,""tile_cap_units"":20,""fertilizer_forgone"":19,""care_unfed"":80,""animal_shed_days"":1,""idle_tile_days"":228,""weed_tile_days"":18,""hand_pass_turns"":490,""farmer_pass_turns"":67,""phantom_hand_actions"":0,""sell_floor_units"":57,""hire_premium"":7273,""shed_units_now"":0,""shed_value_now"":0.0,""animals_in_shed_now"":0,""seeds_unplanted_now"":0,""seeds_unplanted_cost_now"":0.0},{""sell_dead_units"":199,""refused_buy_product"":1,""refused_buy_seed"":0,""refused_buy_animal"":0,""refused_hire"":0,""refused_buy_land"":0,""hire_paid"":4397,""sell_zero_fill"":34,""buy_zero_fill"":1,""sell_revenue"":135985.0,""total_spend"":28701.0,""shed_discarded_units"":4,""sold_units"":1597,""feed_no_wheat"":0,""feed_no_animal"":0,""feed_redundant"":0,""water_dead"":10,""harvest_dead"":3,""plant_dead"":0,""animals_escaped"":0,""escape_capital"":0.0,""escape_yield_units"":0,""escape_first_day"":-1,""animal_unfed_days"":85,""plants_dry"":1,""dry_seed_cost"":100.0,""dry_yield_units"":0,""dry_first_day"":21,""plant_unwatered_days"":391,""decay_units"":18,""plants_decayed"":18,""silent_loss_coins"":100.0,""silent_loss_units"":22,""dead_actions"":40,""move_dead"":0,""locked_dead"":0,""pickup_dead"":0,""drop_dead"":0,""place_dead"":1,""build_dead"":0,""dig_dead"":4,""fertilize_dead"":1,""collect_dead"":8,""care_dead"":13,""tile_cap_units"":21,""fertilizer_forgone"":19,""care_unfed"":80,""animal_shed_days"":1,""idle_tile_days"":63,""weed_tile_days"":1,""hand_pass_turns"":406,""farmer_pass_turns"":67,""phantom_hand_actions"":0,""sell_floor_units"":56,""hire_premium"":4129,""shed_units_now"":0,""shed_value_now"":0.0,""animals_in_shed_now"":0,""seeds_unplanted_now"":1,""seeds_unplanted_cost_now"":10.0}]}","{""opening_calls"":1,""opening_stock_ok"":1,""parent"":{""rescue"":{""planning_calls"":1,""accepted"":1,""changed_steps"":6,""aborted"":0,""shadow_declines"":0,""errors"":0,""max_planning_ms"":65.33820000186097},""fertilizer"":{""skips"":4,""covered"":3,""capped"":1,""errors"":0},""seed_budget"":{""cut_units"":0,""saved_cost"":0,""changed_turns"":0,""errors"":0},""forecast"":{""pred_units"":88,""pred_fires"":15,""pred_errors"":0,""frontier_fires"":1,""frontier_units"":6}}}",
m20_multi_hypothesis,B1,v57,public_router,522609244,0,85500.0,84591.0,909.0,W,kagsim,4.051618,0,0,0,0,0,0,0,0,29ae70298aff5372b49961180210c77419a07c48f2304c46e4887e3408b3f36c,"[{""step"":0,""shops"":[]},{""step"":72,""shops"":[""BAKERY""]},{""step"":144,""shops"":[""BAKERY"",""FARMERS_MARKET""]},{""step"":216,""shops"":[""BAKERY"",""FARMERS_MARKET"",""BRUNCH_SPOT""]},{""step"":288,""shops"":[""BAKERY"",""FARMERS_MARKET"",""BRUNCH_SPOT"",""YARN_STORE""]},{""step"":360,""shops"":[""BAKERY"",""FARMERS_MARKET"",""BRUNCH_SPOT"",""YARN_STORE"",""FARMERS_MARKET""]},{""step"":432,""shops"":[""BAKERY"",""FARMERS_MARKET"",""BRUNCH_SPOT"",""YARN_STORE"",""FARMERS_MARKET"",""BAKERY""]},{""step"":504,""shops"":[""BAKERY"",""FARMERS_MARKET"",""BRUNCH_SPOT"",""YARN_STORE"",""FARMERS_MARKET"",""BAKERY"",""BRUNCH_SPOT""]},{""step"":576,""shops"":[""BAKERY"",""FARMERS_MARKET"",""BRUNCH_SPOT"",""YARN_STORE"",""FARMERS_MARKET"",""BAKERY"",""BRUNCH_SPOT"",""ICE_CREAM_SHOP""]}]",experiments/round11_execution_20260924/track_b/market_kagsim/replays/m20_multi_hypothesis/v57/seed_522609244_seat_0.json.gz,e50745943728a463cbe9aecf572a1177bbddfebe1ecc60659e72663ce15ef98f,98d374f58f68c5b9f263eb3ed04f724e1e0b7a4fa562b581bdac90b276492c4a,2ee689fdc58f38b7bf6b80b8d3f48129d19b47201dbee51fdcbd977498a5106f,0fe077cc65622d6f6828160d90b617595a4aa7ea188e4afc67bfee8e4d290c92,"{""players"":[{""sell_dead_units"":2280,""refused_buy_product"":5,""refused_buy_seed"":0,""refused_buy_animal"":0,""refused_hire"":0,""refused_buy_land"":0,""hire_paid"":4397,""sell_zero_fill"":47,""buy_zero_fill"":1,""sell_revenue"":127738.0,""total_spend"":45238.0,""shed_discarded_units"":11,""sold_units"":2011,""feed_no_wheat"":0,""feed_no_animal"":0,""feed_redundant"":0,""water_dead"":12,""harvest_dead"":4,""plant_dead"":0,""animals_escaped"":0,""escape_capital"":0.0,""escape_yield_units"":0,""escape_first_day"":-1,""animal_unfed_days"":78,""plants_dry"":2,""dry_seed_cost"":120.0,""dry_yield_units"":1,""dry_first_day"":21,""plant_unwatered_days"":387,""decay_units"":18,""plants_decayed"":18,""silent_loss_coins"":120.0,""silent_loss_units"":30,""dead_actions"":47,""move_dead"":0,""locked_dead"":0,""pickup_dead"":0,""drop_dead"":0,""place_dead"":1,""build_dead"":0,""dig_dead"":2,""fertilize_dead"":1,""collect_dead"":3,""care_dead"":24,""tile_cap_units"":19,""fertilizer_forgone"":22,""care_unfed"":74,""animal_shed_days"":1,""idle_tile_days"":64,""weed_tile_days"":2,""hand_pass_turns"":368,""farmer_pass_turns"":64,""phantom_hand_actions"":0,""sell_floor_units"":84,""hire_premium"":4129,""shed_units_now"":0,""shed_value_now"":0.0,""animals_in_shed_now"":0,""seeds_unplanted_now"":3,""seeds_unplanted_cost_now"":30.0},{""sell_dead_units"":283,""refused_buy_product"":5,""refused_buy_seed"":0,""refused_buy_animal"":0,""refused_hire"":0,""refused_buy_land"":0,""hire_paid"":4397,""sell_zero_fill"":43,""buy_zero_fill"":1,""sell_revenue"":127182.0,""total_spend"":45591.0,""shed_discarded_units"":11,""sold_units"":2021,""feed_no_wheat"":0,""feed_no_animal"":0,""feed_redundant"":0,""water_dead"":13,""harvest_dead"":5,""plant_dead"":0,""animals_escaped"":0,""escape_capital"":0.0,""escape_yield_units"":0,""escape_first_day"":-1,""animal_unfed_days"":78,""plants_dry"":2,""dry_seed_cost"":120.0,""dry_yield_units"":1,""dry_first_day"":21,""plant_unwatered_days"":386,""decay_units"":18,""plants_decayed"":18,""silent_loss_coins"":120.0,""silent_loss_units"":30,""dead_actions"":49,""move_dead"":0,""locked_dead"":0,""pickup_dead"":0,""drop_dead"":0,""place_dead"":1,""build_dead"":0,""dig_dead"":2,""fertilize_dead"":1,""collect_dead"":3,""care_dead"":24,""tile_cap_units"":19,""fertilizer_forgone"":22,""care_unfed"":74,""animal_shed_days"":1,""idle_tile_days"":66,""weed_tile_days"":3,""hand_pass_turns"":369,""farmer_pass_turns"":64,""phantom_hand_actions"":0,""sell_floor_units"":87,""hire_premium"":4129,""shed_units_now"":0,""shed_value_now"":0.0,""animals_in_shed_now"":0,""seeds_unplanted_now"":0,""seeds_unplanted_cost_now"":0.0}]}","{""opening_calls"":1,""opening_stock_ok"":1,""parent"":{""rescue"":{""planning_calls"":1,""accepted"":1,""changed_steps"":7,""aborted"":0,""shadow_declines"":0,""errors"":0,""max_planning_ms"":74.49050000286661},""fertilizer"":{""skips"":3,""covered"":1,""capped"":2,""errors"":0},""seed_budget"":{""cut_units"":76,""saved_cost"":1520,""changed_turns"":14,""errors"":0},""forecast"":{""pred_units"":138,""pred_fires"":20,""pred_errors"":0,""frontier_fires"":2,""frontier_units"":25}}}",
m20_multi_hypothesis,B1,v57,public_router,522609244,1,85420.0,84661.0,759.0,W,kagsim,4.09573,0,0,0,0,0,0,0,0,29ae70298aff5372b49961180210c77419a07c48f2304c46e4887e3408b3f36c,"[{""step"":0,""shops"":[]},{""step"":72,""shops"":[""BAKERY""]},{""step"":144,""shops"":[""BAKERY"",""FARMERS_MARKET""]},{""step"":216,""shops"":[""BAKERY"",""FARMERS_MARKET"",""BRUNCH_SPOT""]},{""step"":288,""shops"":[""BAKERY"",""FARMERS_MARKET"",""BRUNCH_SPOT"",""YARN_STORE""]},{""step"":360,""shops"":[""BAKERY"",""FARMERS_MARKET"",""BRUNCH_SPOT"",""YARN_STORE"",""FARMERS_MARKET""]},{""step"":432,""shops"":[""BAKERY"",""FARMERS_MARKET"",""BRUNCH_SPOT"",""YARN_STORE"",""FARMERS_MARKET"",""BAKERY""]},{""step"":504,""shops"":[""BAKERY"",""FARMERS_MARKET"",""BRUNCH_SPOT"",""YARN_STORE"",""FARMERS_MARKET"",""BAKERY"",""BRUNCH_SPOT""]},{""step"":576,""shops"":[""BAKERY"",""FARMERS_MARKET"",""BRUNCH_SPOT"",""YARN_STORE"",""FARMERS_MARKET"",""BAKERY"",""BRUNCH_SPOT"",""ICE_CREAM_SHOP""]}]",experiments/round11_execution_20260924/track_b/market_kagsim/replays/m20_multi_hypothesis/v57/seed_522609244_seat_1.json.gz,fe7831d2996d95d794d6570fe3f1fc817566b2598b7abc42560fd32e8cff5055,98d374f58f68c5b9f263eb3ed04f724e1e0b7a4fa562b581bdac90b276492c4a,2ee689fdc58f38b7bf6b80b8d3f48129d19b47201dbee51fdcbd977498a5106f,0fe077cc65622d6f6828160d90b617595a4aa7ea188e4afc67bfee8e4d290c92,"{""players"":[{""sell_dead_units"":283,""refused_buy_product"":5,""refused_buy_seed"":0,""refused_buy_animal"":0,""refused_hire"":0,""refused_buy_land"":0,""hire_paid"":4397,""sell_zero_fill"":43,""buy_zero_fill"":1,""sell_revenue"":127182.0,""total_spend"":45521.0,""shed_discarded_units"":11,""sold_units"":2021,""feed_no_wheat"":0,""feed_no_animal"":0,""feed_redundant"":0,""water_dead"":12,""harvest_dead"":4,""plant_dead"":0,""animals_escaped"":0,""escape_capital"":0.0,""escape_yield_units"":0,""escape_first_day"":-1,""animal_unfed_days"":78,""plants_dry"":2,""dry_seed_cost"":120.0,""dry_yield_units"":1,""dry_first_day"":21,""plant_unwatered_days"":387,""decay_units"":18,""plants_decayed"":18,""silent_loss_coins"":120.0,""silent_loss_units"":30,""dead_actions"":47,""move_dead"":0,""locked_dead"":0,""pickup_dead"":0,""drop_dead"":0,""place_dead"":1,""build_dead"":0,""dig_dead"":2,""fertilize_dead"":1,""collect_dead"":3,""care_dead"":24,""tile_cap_units"":19,""fertilizer_forgone"":22,""care_unfed"":74,""animal_shed_days"":1,""idle_tile_days"":64,""weed_tile_days"":2,""hand_pass_turns"":368,""farmer_pass_turns"":64,""phantom_hand_actions"":0,""sell_floor_units"":87,""hire_premium"":4129,""shed_units_now"":0,""shed_value_now"":0.0,""animals_in_shed_now"":0,""seeds_unplanted_now"":0,""seeds_unplanted_cost_now"":0.0},{""sell_dead_units"":2280,""refused_buy_product"":5,""refused_buy_seed"":0,""refused_buy_animal"":0,""refused_hire"":0,""refused_buy_land"":0,""hire_paid"":4397,""sell_zero_fill"":47,""buy_zero_fill"":1,""sell_revenue"":127738.0,""total_spend"":45318.0,""shed_discarded_units"":11,""sold_units"":2011,""feed_no_wheat"":0,""feed_no_animal"":0,""feed_redundant"":0,""water_dead"":13,""harvest_dead"":5,""plant_dead"":0,""animals_escaped"":0,""escape_capital"":0.0,""escape_yield_units"":0,""escape_first_day"":-1,""animal_unfed_days"":78,""plants_dry"":2,""dry_seed_cost"":120.0,""dry_yield_units"":1,""dry_first_day"":21,""plant_unwatered_days"":386,""decay_units"":18,""plants_decayed"":18,""silent_loss_coins"":120.0,""silent_loss_units"":30,""dead_actions"":49,""move_dead"":0,""locked_dead"":0,""pickup_dead"":0,""drop_dead"":0,""place_dead"":1,""build_dead"":0,""dig_dead"":2,""fertilize_dead"":1,""collect_dead"":3,""care_dead"":24,""tile_cap_units"":19,""fertilizer_forgone"":22,""care_unfed"":74,""animal_shed_days"":1,""idle_tile_days"":66,""weed_tile_days"":3,""hand_pass_turns"":369,""farmer_pass_turns"":64,""phantom_hand_actions"":0,""sell_floor_units"":84,""hire_premium"":4129,""shed_units_now"":0,""shed_value_now"":0.0,""animals_in_shed_now"":0,""seeds_unplanted_now"":4,""seeds_unplanted_cost_now"":40.0}]}","{""opening_calls"":1,""opening_stock_ok"":1,""parent"":{""rescue"":{""planning_calls"":1,""accepted"":1,""changed_steps"":7,""aborted"":0,""shadow_declines"":0,""errors"":0,""max_planning_ms"":171.65740000200458},""fertilizer"":{""skips"":3,""covered"":1,""capped"":2,""errors"":0},""seed_budget"":{""cut_units"":76,""saved_cost"":1520,""changed_turns"":14,""errors"":0},""forecast"":{""pred_units"":138,""pred_fires"":20,""pred_errors"":0,""frontier_fires"":2,""frontier_units"":25}}}",
