arm,baseline_id,opponent_id,opponent_family,seed,seat,self_final_cash,opp_final_cash,margin,result,engine,elapsed_seconds,model_loaded,model_calls,model_selected_tasks,model_changed_final_actions,rule_overrides,planned_retirements,unplanned_losses,contract_failures,shop_sequence_hash,shop_events_json,replay,replay_sha256,agent_sha256,opponent_sha256,engine_sha256,telemetry_json,diagnostics_json,error
ahmed_v57,public_candidate,ahmed_v57,ahmed_route,2026092405,0,124425.0,124425.0,0.0,T,kagsim,6.258504,0,0,0,0,0,0,0,0,0729bebb66ade57fcb6dff845d6bfae4e139625a294bf1994420529d925a5402,"[{""step"":0,""shops"":[]},{""step"":72,""shops"":[""SMOOTHIE_SHOP""]},{""step"":144,""shops"":[""SMOOTHIE_SHOP"",""SMOOTHIE_SHOP""]},{""step"":216,""shops"":[""SMOOTHIE_SHOP"",""SMOOTHIE_SHOP"",""BRUNCH_SPOT""]},{""step"":288,""shops"":[""SMOOTHIE_SHOP"",""SMOOTHIE_SHOP"",""BRUNCH_SPOT"",""BRUNCH_SPOT""]},{""step"":360,""shops"":[""SMOOTHIE_SHOP"",""SMOOTHIE_SHOP"",""BRUNCH_SPOT"",""BRUNCH_SPOT"",""YARN_STORE""]},{""step"":432,""shops"":[""SMOOTHIE_SHOP"",""SMOOTHIE_SHOP"",""BRUNCH_SPOT"",""BRUNCH_SPOT"",""YARN_STORE"",""YARN_STORE""]},{""step"":504,""shops"":[""SMOOTHIE_SHOP"",""SMOOTHIE_SHOP"",""BRUNCH_SPOT"",""BRUNCH_SPOT"",""YARN_STORE"",""YARN_STORE"",""YARN_STORE""]},{""step"":576,""shops"":[""SMOOTHIE_SHOP"",""SMOOTHIE_SHOP"",""BRUNCH_SPOT"",""BRUNCH_SPOT"",""YARN_STORE"",""YARN_STORE"",""YARN_STORE"",""BRUNCH_SPOT""]}]",experiments/round10_public_learning_20260924/evaluations/public_candidate_selection/replays/ahmed_v57/ahmed_v57/seed_2026092405_seat_0.json.gz,aec81bb77af1cde737907037f927032cd6eb03418b25ef57e80c0d5cd22dd1ef,2ee689fdc58f38b7bf6b80b8d3f48129d19b47201dbee51fdcbd977498a5106f,2ee689fdc58f38b7bf6b80b8d3f48129d19b47201dbee51fdcbd977498a5106f,0fe077cc65622d6f6828160d90b617595a4aa7ea188e4afc67bfee8e4d290c92,"{""players"":[{""sell_dead_units"":2231,""refused_buy_product"":1,""refused_buy_seed"":0,""refused_buy_animal"":0,""refused_hire"":0,""refused_buy_land"":0,""hire_paid"":4075,""sell_zero_fill"":42,""buy_zero_fill"":1,""sell_revenue"":149172.0,""total_spend"":27747.0,""shed_discarded_units"":2,""sold_units"":1594,""feed_no_wheat"":0,""feed_no_animal"":0,""feed_redundant"":0,""water_dead"":11,""harvest_dead"":4,""plant_dead"":0,""animals_escaped"":0,""escape_capital"":0.0,""escape_yield_units"":0,""escape_first_day"":-1,""animal_unfed_days"":52,""plants_dry"":1,""dry_seed_cost"":100.0,""dry_yield_units"":0,""dry_first_day"":21,""plant_unwatered_days"":392,""decay_units"":18,""plants_decayed"":18,""silent_loss_coins"":100.0,""silent_loss_units"":20,""dead_actions"":41,""move_dead"":0,""locked_dead"":0,""pickup_dead"":0,""drop_dead"":0,""place_dead"":1,""build_dead"":0,""dig_dead"":3,""fertilize_dead"":1,""collect_dead"":8,""care_dead"":13,""tile_cap_units"":20,""fertilizer_forgone"":19,""care_unfed"":48,""animal_shed_days"":1,""idle_tile_days"":63,""weed_tile_days"":1,""hand_pass_turns"":369,""farmer_pass_turns"":63,""phantom_hand_actions"":0,""sell_floor_units"":50,""hire_premium"":3810,""shed_units_now"":0,""shed_value_now"":0.0,""animals_in_shed_now"":0,""seeds_unplanted_now"":4,""seeds_unplanted_cost_now"":40.0},{""sell_dead_units"":2231,""refused_buy_product"":1,""refused_buy_seed"":0,""refused_buy_animal"":0,""refused_hire"":0,""refused_buy_land"":0,""hire_paid"":4075,""sell_zero_fill"":42,""buy_zero_fill"":1,""sell_revenue"":149172.0,""total_spend"":27747.0,""shed_discarded_units"":2,""sold_units"":1594,""feed_no_wheat"":0,""feed_no_animal"":0,""feed_redundant"":0,""water_dead"":11,""harvest_dead"":4,""plant_dead"":0,""animals_escaped"":0,""escape_capital"":0.0,""escape_yield_units"":0,""escape_first_day"":-1,""animal_unfed_days"":52,""plants_dry"":1,""dry_seed_cost"":100.0,""dry_yield_units"":0,""dry_first_day"":21,""plant_unwatered_days"":392,""decay_units"":18,""plants_decayed"":18,""silent_loss_coins"":100.0,""silent_loss_units"":20,""dead_actions"":41,""move_dead"":0,""locked_dead"":0,""pickup_dead"":0,""drop_dead"":0,""place_dead"":1,""build_dead"":0,""dig_dead"":3,""fertilize_dead"":1,""collect_dead"":8,""care_dead"":13,""tile_cap_units"":20,""fertilizer_forgone"":19,""care_unfed"":48,""animal_shed_days"":1,""idle_tile_days"":63,""weed_tile_days"":1,""hand_pass_turns"":369,""farmer_pass_turns"":63,""phantom_hand_actions"":0,""sell_floor_units"":50,""hire_premium"":3810,""shed_units_now"":0,""shed_value_now"":0.0,""animals_in_shed_now"":0,""seeds_unplanted_now"":4,""seeds_unplanted_cost_now"":40.0}]}",{},
ahmed_v57,public_candidate,ahmed_v57,ahmed_route,2026092405,1,124425.0,124425.0,0.0,T,kagsim,6.605466,0,0,0,0,0,0,0,0,0729bebb66ade57fcb6dff845d6bfae4e139625a294bf1994420529d925a5402,"[{""step"":0,""shops"":[]},{""step"":72,""shops"":[""SMOOTHIE_SHOP""]},{""step"":144,""shops"":[""SMOOTHIE_SHOP"",""SMOOTHIE_SHOP""]},{""step"":216,""shops"":[""SMOOTHIE_SHOP"",""SMOOTHIE_SHOP"",""BRUNCH_SPOT""]},{""step"":288,""shops"":[""SMOOTHIE_SHOP"",""SMOOTHIE_SHOP"",""BRUNCH_SPOT"",""BRUNCH_SPOT""]},{""step"":360,""shops"":[""SMOOTHIE_SHOP"",""SMOOTHIE_SHOP"",""BRUNCH_SPOT"",""BRUNCH_SPOT"",""YARN_STORE""]},{""step"":432,""shops"":[""SMOOTHIE_SHOP"",""SMOOTHIE_SHOP"",""BRUNCH_SPOT"",""BRUNCH_SPOT"",""YARN_STORE"",""YARN_STORE""]},{""step"":504,""shops"":[""SMOOTHIE_SHOP"",""SMOOTHIE_SHOP"",""BRUNCH_SPOT"",""BRUNCH_SPOT"",""YARN_STORE"",""YARN_STORE"",""YARN_STORE""]},{""step"":576,""shops"":[""SMOOTHIE_SHOP"",""SMOOTHIE_SHOP"",""BRUNCH_SPOT"",""BRUNCH_SPOT"",""YARN_STORE"",""YARN_STORE"",""YARN_STORE"",""BRUNCH_SPOT""]}]",experiments/round10_public_learning_20260924/evaluations/public_candidate_selection/replays/ahmed_v57/ahmed_v57/seed_2026092405_seat_1.json.gz,9a1e639057ef5e5205d1c799cab392c5aea787f8b2a7d5e71185fbe4d658a010,2ee689fdc58f38b7bf6b80b8d3f48129d19b47201dbee51fdcbd977498a5106f,2ee689fdc58f38b7bf6b80b8d3f48129d19b47201dbee51fdcbd977498a5106f,0fe077cc65622d6f6828160d90b617595a4aa7ea188e4afc67bfee8e4d290c92,"{""players"":[{""sell_dead_units"":2231,""refused_buy_product"":1,""refused_buy_seed"":0,""refused_buy_animal"":0,""refused_hire"":0,""refused_buy_land"":0,""hire_paid"":4075,""sell_zero_fill"":42,""buy_zero_fill"":1,""sell_revenue"":149172.0,""total_spend"":27747.0,""shed_discarded_units"":2,""sold_units"":1594,""feed_no_wheat"":0,""feed_no_animal"":0,""feed_redundant"":0,""water_dead"":11,""harvest_dead"":4,""plant_dead"":0,""animals_escaped"":0,""escape_capital"":0.0,""escape_yield_units"":0,""escape_first_day"":-1,""animal_unfed_days"":52,""plants_dry"":1,""dry_seed_cost"":100.0,""dry_yield_units"":0,""dry_first_day"":21,""plant_unwatered_days"":392,""decay_units"":18,""plants_decayed"":18,""silent_loss_coins"":100.0,""silent_loss_units"":20,""dead_actions"":41,""move_dead"":0,""locked_dead"":0,""pickup_dead"":0,""drop_dead"":0,""place_dead"":1,""build_dead"":0,""dig_dead"":3,""fertilize_dead"":1,""collect_dead"":8,""care_dead"":13,""tile_cap_units"":20,""fertilizer_forgone"":19,""care_unfed"":48,""animal_shed_days"":1,""idle_tile_days"":63,""weed_tile_days"":1,""hand_pass_turns"":369,""farmer_pass_turns"":63,""phantom_hand_actions"":0,""sell_floor_units"":50,""hire_premium"":3810,""shed_units_now"":0,""shed_value_now"":0.0,""animals_in_shed_now"":0,""seeds_unplanted_now"":4,""seeds_unplanted_cost_now"":40.0},{""sell_dead_units"":2231,""refused_buy_product"":1,""refused_buy_seed"":0,""refused_buy_animal"":0,""refused_hire"":0,""refused_buy_land"":0,""hire_paid"":4075,""sell_zero_fill"":42,""buy_zero_fill"":1,""sell_revenue"":149172.0,""total_spend"":27747.0,""shed_discarded_units"":2,""sold_units"":1594,""feed_no_wheat"":0,""feed_no_animal"":0,""feed_redundant"":0,""water_dead"":11,""harvest_dead"":4,""plant_dead"":0,""animals_escaped"":0,""escape_capital"":0.0,""escape_yield_units"":0,""escape_first_day"":-1,""animal_unfed_days"":52,""plants_dry"":1,""dry_seed_cost"":100.0,""dry_yield_units"":0,""dry_first_day"":21,""plant_unwatered_days"":392,""decay_units"":18,""plants_decayed"":18,""silent_loss_coins"":100.0,""silent_loss_units"":20,""dead_actions"":41,""move_dead"":0,""locked_dead"":0,""pickup_dead"":0,""drop_dead"":0,""place_dead"":1,""build_dead"":0,""dig_dead"":3,""fertilize_dead"":1,""collect_dead"":8,""care_dead"":13,""tile_cap_units"":20,""fertilizer_forgone"":19,""care_unfed"":48,""animal_shed_days"":1,""idle_tile_days"":63,""weed_tile_days"":1,""hand_pass_turns"":369,""farmer_pass_turns"":63,""phantom_hand_actions"":0,""sell_floor_units"":50,""hire_premium"":3810,""shed_units_now"":0,""shed_value_now"":0.0,""animals_in_shed_now"":0,""seeds_unplanted_now"":4,""seeds_unplanted_cost_now"":40.0}]}",{},
ahmed_v57,public_candidate,ahmed_v57,ahmed_route,2026092406,0,76786.0,76786.0,0.0,T,kagsim,6.405549,0,0,0,0,0,0,0,0,123c15caaac8b39a3589302bb7e21c0d3bad74fd0808c6fc78b42c810fe61e15,"[{""step"":0,""shops"":[]},{""step"":72,""shops"":[""YARN_STORE""]},{""step"":144,""shops"":[""YARN_STORE"",""BAKERY""]},{""step"":216,""shops"":[""YARN_STORE"",""BAKERY"",""ICE_CREAM_SHOP""]},{""step"":288,""shops"":[""YARN_STORE"",""BAKERY"",""ICE_CREAM_SHOP"",""BRUNCH_SPOT""]},{""step"":360,""shops"":[""YARN_STORE"",""BAKERY"",""ICE_CREAM_SHOP"",""BRUNCH_SPOT"",""PET_CAFE""]},{""step"":432,""shops"":[""YARN_STORE"",""BAKERY"",""ICE_CREAM_SHOP"",""BRUNCH_SPOT"",""PET_CAFE"",""BAKERY""]},{""step"":504,""shops"":[""YARN_STORE"",""BAKERY"",""ICE_CREAM_SHOP"",""BRUNCH_SPOT"",""PET_CAFE"",""BAKERY"",""BRUNCH_SPOT""]},{""step"":576,""shops"":[""YARN_STORE"",""BAKERY"",""ICE_CREAM_SHOP"",""BRUNCH_SPOT"",""PET_CAFE"",""BAKERY"",""BRUNCH_SPOT"",""FARMERS_MARKET""]}]",experiments/round10_public_learning_20260924/evaluations/public_candidate_selection/replays/ahmed_v57/ahmed_v57/seed_2026092406_seat_0.json.gz,d7fa004818534409248f998fe0f11469288f342105e427247f13cb2df9855e20,2ee689fdc58f38b7bf6b80b8d3f48129d19b47201dbee51fdcbd977498a5106f,2ee689fdc58f38b7bf6b80b8d3f48129d19b47201dbee51fdcbd977498a5106f,0fe077cc65622d6f6828160d90b617595a4aa7ea188e4afc67bfee8e4d290c92,"{""players"":[{""sell_dead_units"":246,""refused_buy_product"":1,""refused_buy_seed"":0,""refused_buy_animal"":0,""refused_hire"":0,""refused_buy_land"":0,""hire_paid"":5659,""sell_zero_fill"":24,""buy_zero_fill"":1,""sell_revenue"":103746.0,""total_spend"":29960.0,""shed_discarded_units"":33,""sold_units"":1555,""feed_no_wheat"":0,""feed_no_animal"":0,""feed_redundant"":0,""water_dead"":1,""harvest_dead"":6,""plant_dead"":0,""animals_escaped"":0,""escape_capital"":0.0,""escape_yield_units"":0,""escape_first_day"":-1,""animal_unfed_days"":76,""plants_dry"":1,""dry_seed_cost"":100.0,""dry_yield_units"":0,""dry_first_day"":21,""plant_unwatered_days"":385,""decay_units"":18,""plants_decayed"":18,""silent_loss_coins"":100.0,""silent_loss_units"":51,""dead_actions"":20,""move_dead"":0,""locked_dead"":0,""pickup_dead"":0,""drop_dead"":0,""place_dead"":2,""build_dead"":0,""dig_dead"":2,""fertilize_dead"":0,""collect_dead"":4,""care_dead"":5,""tile_cap_units"":9,""fertilizer_forgone"":14,""care_unfed"":72,""animal_shed_days"":0,""idle_tile_days"":62,""weed_tile_days"":3,""hand_pass_turns"":629,""farmer_pass_turns"":84,""phantom_hand_actions"":0,""sell_floor_units"":152,""hire_premium"":5377,""shed_units_now"":0,""shed_value_now"":0.0,""animals_in_shed_now"":0,""seeds_unplanted_now"":0,""seeds_unplanted_cost_now"":0.0},{""sell_dead_units"":246,""refused_buy_product"":1,""refused_buy_seed"":0,""refused_buy_animal"":0,""refused_hire"":0,""refused_buy_land"":0,""hire_paid"":5659,""sell_zero_fill"":24,""buy_zero_fill"":1,""sell_revenue"":103746.0,""total_spend"":29960.0,""shed_discarded_units"":33,""sold_units"":1555,""feed_no_wheat"":0,""feed_no_animal"":0,""feed_redundant"":0,""water_dead"":1,""harvest_dead"":6,""plant_dead"":0,""animals_escaped"":0,""escape_capital"":0.0,""escape_yield_units"":0,""escape_first_day"":-1,""animal_unfed_days"":76,""plants_dry"":1,""dry_seed_cost"":100.0,""dry_yield_units"":0,""dry_first_day"":21,""plant_unwatered_days"":385,""decay_units"":18,""plants_decayed"":18,""silent_loss_coins"":100.0,""silent_loss_units"":51,""dead_actions"":20,""move_dead"":0,""locked_dead"":0,""pickup_dead"":0,""drop_dead"":0,""place_dead"":2,""build_dead"":0,""dig_dead"":2,""fertilize_dead"":0,""collect_dead"":4,""care_dead"":5,""tile_cap_units"":9,""fertilizer_forgone"":14,""care_unfed"":72,""animal_shed_days"":0,""idle_tile_days"":62,""weed_tile_days"":3,""hand_pass_turns"":629,""farmer_pass_turns"":84,""phantom_hand_actions"":0,""sell_floor_units"":152,""hire_premium"":5377,""shed_units_now"":0,""shed_value_now"":0.0,""animals_in_shed_now"":0,""seeds_unplanted_now"":0,""seeds_unplanted_cost_now"":0.0}]}",{},
ahmed_v57,public_candidate,ahmed_v57,ahmed_route,2026092406,1,76786.0,76786.0,0.0,T,kagsim,6.463354,0,0,0,0,0,0,0,0,123c15caaac8b39a3589302bb7e21c0d3bad74fd0808c6fc78b42c810fe61e15,"[{""step"":0,""shops"":[]},{""step"":72,""shops"":[""YARN_STORE""]},{""step"":144,""shops"":[""YARN_STORE"",""BAKERY""]},{""step"":216,""shops"":[""YARN_STORE"",""BAKERY"",""ICE_CREAM_SHOP""]},{""step"":288,""shops"":[""YARN_STORE"",""BAKERY"",""ICE_CREAM_SHOP"",""BRUNCH_SPOT""]},{""step"":360,""shops"":[""YARN_STORE"",""BAKERY"",""ICE_CREAM_SHOP"",""BRUNCH_SPOT"",""PET_CAFE""]},{""step"":432,""shops"":[""YARN_STORE"",""BAKERY"",""ICE_CREAM_SHOP"",""BRUNCH_SPOT"",""PET_CAFE"",""BAKERY""]},{""step"":504,""shops"":[""YARN_STORE"",""BAKERY"",""ICE_CREAM_SHOP"",""BRUNCH_SPOT"",""PET_CAFE"",""BAKERY"",""BRUNCH_SPOT""]},{""step"":576,""shops"":[""YARN_STORE"",""BAKERY"",""ICE_CREAM_SHOP"",""BRUNCH_SPOT"",""PET_CAFE"",""BAKERY"",""BRUNCH_SPOT"",""FARMERS_MARKET""]}]",experiments/round10_public_learning_20260924/evaluations/public_candidate_selection/replays/ahmed_v57/ahmed_v57/seed_2026092406_seat_1.json.gz,e0eb416300b5c08b85d0a3240638f5b375f7269740a5093e1dd5d322d064b593,2ee689fdc58f38b7bf6b80b8d3f48129d19b47201dbee51fdcbd977498a5106f,2ee689fdc58f38b7bf6b80b8d3f48129d19b47201dbee51fdcbd977498a5106f,0fe077cc65622d6f6828160d90b617595a4aa7ea188e4afc67bfee8e4d290c92,"{""players"":[{""sell_dead_units"":246,""refused_buy_product"":1,""refused_buy_seed"":0,""refused_buy_animal"":0,""refused_hire"":0,""refused_buy_land"":0,""hire_paid"":5659,""sell_zero_fill"":24,""buy_zero_fill"":1,""sell_revenue"":103746.0,""total_spend"":29960.0,""shed_discarded_units"":33,""sold_units"":1555,""feed_no_wheat"":0,""feed_no_animal"":0,""feed_redundant"":0,""water_dead"":1,""harvest_dead"":6,""plant_dead"":0,""animals_escaped"":0,""escape_capital"":0.0,""escape_yield_units"":0,""escape_first_day"":-1,""animal_unfed_days"":76,""plants_dry"":1,""dry_seed_cost"":100.0,""dry_yield_units"":0,""dry_first_day"":21,""plant_unwatered_days"":385,""decay_units"":18,""plants_decayed"":18,""silent_loss_coins"":100.0,""silent_loss_units"":51,""dead_actions"":20,""move_dead"":0,""locked_dead"":0,""pickup_dead"":0,""drop_dead"":0,""place_dead"":2,""build_dead"":0,""dig_dead"":2,""fertilize_dead"":0,""collect_dead"":4,""care_dead"":5,""tile_cap_units"":9,""fertilizer_forgone"":14,""care_unfed"":72,""animal_shed_days"":0,""idle_tile_days"":62,""weed_tile_days"":3,""hand_pass_turns"":629,""farmer_pass_turns"":84,""phantom_hand_actions"":0,""sell_floor_units"":152,""hire_premium"":5377,""shed_units_now"":0,""shed_value_now"":0.0,""animals_in_shed_now"":0,""seeds_unplanted_now"":0,""seeds_unplanted_cost_now"":0.0},{""sell_dead_units"":246,""refused_buy_product"":1,""refused_buy_seed"":0,""refused_buy_animal"":0,""refused_hire"":0,""refused_buy_land"":0,""hire_paid"":5659,""sell_zero_fill"":24,""buy_zero_fill"":1,""sell_revenue"":103746.0,""total_spend"":29960.0,""shed_discarded_units"":33,""sold_units"":1555,""feed_no_wheat"":0,""feed_no_animal"":0,""feed_redundant"":0,""water_dead"":1,""harvest_dead"":6,""plant_dead"":0,""animals_escaped"":0,""escape_capital"":0.0,""escape_yield_units"":0,""escape_first_day"":-1,""animal_unfed_days"":76,""plants_dry"":1,""dry_seed_cost"":100.0,""dry_yield_units"":0,""dry_first_day"":21,""plant_unwatered_days"":385,""decay_units"":18,""plants_decayed"":18,""silent_loss_coins"":100.0,""silent_loss_units"":51,""dead_actions"":20,""move_dead"":0,""locked_dead"":0,""pickup_dead"":0,""drop_dead"":0,""place_dead"":2,""build_dead"":0,""dig_dead"":2,""fertilize_dead"":0,""collect_dead"":4,""care_dead"":5,""tile_cap_units"":9,""fertilizer_forgone"":14,""care_unfed"":72,""animal_shed_days"":0,""idle_tile_days"":62,""weed_tile_days"":3,""hand_pass_turns"":629,""farmer_pass_turns"":84,""phantom_hand_actions"":0,""sell_floor_units"":152,""hire_premium"":5377,""shed_units_now"":0,""shed_value_now"":0.0,""animals_in_shed_now"":0,""seeds_unplanted_now"":0,""seeds_unplanted_cost_now"":0.0}]}",{},
ahmed_v57,public_candidate,herd_safe,herd_safe,2026092405,0,123851.0,124389.0,-538.0,L,kagsim,6.68232,0,0,0,0,0,0,0,0,0729bebb66ade57fcb6dff845d6bfae4e139625a294bf1994420529d925a5402,"[{""step"":0,""shops"":[]},{""step"":72,""shops"":[""SMOOTHIE_SHOP""]},{""step"":144,""shops"":[""SMOOTHIE_SHOP"",""SMOOTHIE_SHOP""]},{""step"":216,""shops"":[""SMOOTHIE_SHOP"",""SMOOTHIE_SHOP"",""BRUNCH_SPOT""]},{""step"":288,""shops"":[""SMOOTHIE_SHOP"",""SMOOTHIE_SHOP"",""BRUNCH_SPOT"",""BRUNCH_SPOT""]},{""step"":360,""shops"":[""SMOOTHIE_SHOP"",""SMOOTHIE_SHOP"",""BRUNCH_SPOT"",""BRUNCH_SPOT"",""YARN_STORE""]},{""step"":432,""shops"":[""SMOOTHIE_SHOP"",""SMOOTHIE_SHOP"",""BRUNCH_SPOT"",""BRUNCH_SPOT"",""YARN_STORE"",""YARN_STORE""]},{""step"":504,""shops"":[""SMOOTHIE_SHOP"",""SMOOTHIE_SHOP"",""BRUNCH_SPOT"",""BRUNCH_SPOT"",""YARN_STORE"",""YARN_STORE"",""YARN_STORE""]},{""step"":576,""shops"":[""SMOOTHIE_SHOP"",""SMOOTHIE_SHOP"",""BRUNCH_SPOT"",""BRUNCH_SPOT"",""YARN_STORE"",""YARN_STORE"",""YARN_STORE"",""BRUNCH_SPOT""]}]",experiments/round10_public_learning_20260924/evaluations/public_candidate_selection/replays/ahmed_v57/herd_safe/seed_2026092405_seat_0.json.gz,41e3543d4e4c757bf1bef2951418a2170c2f2b6ee49fb320e59290fd9f0c7517,2ee689fdc58f38b7bf6b80b8d3f48129d19b47201dbee51fdcbd977498a5106f,b6553c296c556aff5b5e2d12b75618e505fa4d852afb5338414ac6d6e039cb02,0fe077cc65622d6f6828160d90b617595a4aa7ea188e4afc67bfee8e4d290c92,"{""players"":[{""sell_dead_units"":2221,""refused_buy_product"":1,""refused_buy_seed"":0,""refused_buy_animal"":0,""refused_hire"":0,""refused_buy_land"":0,""hire_paid"":4075,""sell_zero_fill"":38,""buy_zero_fill"":1,""sell_revenue"":148591.0,""total_spend"":27740.0,""shed_discarded_units"":2,""sold_units"":1601,""feed_no_wheat"":0,""feed_no_animal"":0,""feed_redundant"":0,""water_dead"":11,""harvest_dead"":4,""plant_dead"":0,""animals_escaped"":0,""escape_capital"":0.0,""escape_yield_units"":0,""escape_first_day"":-1,""animal_unfed_days"":58,""plants_dry"":1,""dry_seed_cost"":100.0,""dry_yield_units"":0,""dry_first_day"":21,""plant_unwatered_days"":392,""decay_units"":18,""plants_decayed"":18,""silent_loss_coins"":100.0,""silent_loss_units"":20,""dead_actions"":41,""move_dead"":0,""locked_dead"":0,""pickup_dead"":0,""drop_dead"":0,""place_dead"":1,""build_dead"":0,""dig_dead"":3,""fertilize_dead"":1,""collect_dead"":8,""care_dead"":13,""tile_cap_units"":20,""fertilizer_forgone"":19,""care_unfed"":54,""animal_shed_days"":1,""idle_tile_days"":63,""weed_tile_days"":1,""hand_pass_turns"":375,""farmer_pass_turns"":63,""phantom_hand_actions"":0,""sell_floor_units"":44,""hire_premium"":3810,""shed_units_now"":0,""shed_value_now"":0.0,""animals_in_shed_now"":0,""seeds_unplanted_now"":4,""seeds_unplanted_cost_now"":40.0},{""sell_dead_units"":2232,""refused_buy_product"":1,""refused_buy_seed"":0,""refused_buy_animal"":0,""refused_hire"":0,""refused_buy_land"":0,""hire_paid"":4075,""sell_zero_fill"":44,""buy_zero_fill"":1,""sell_revenue"":148799.0,""total_spend"":27410.0,""shed_discarded_units"":2,""sold_units"":1591,""feed_no_wheat"":0,""feed_no_animal"":0,""feed_redundant"":0,""water_dead"":11,""harvest_dead"":4,""plant_dead"":0,""animals_escaped"":0,""escape_capital"":0.0,""escape_yield_units"":0,""escape_first_day"":-1,""animal_unfed_days"":58,""plants_dry"":1,""dry_seed_cost"":100.0,""dry_yield_units"":0,""dry_first_day"":21,""plant_unwatered_days"":392,""decay_units"":18,""plants_decayed"":18,""silent_loss_coins"":100.0,""silent_loss_units"":20,""dead_actions"":42,""move_dead"":0,""locked_dead"":0,""pickup_dead"":0,""drop_dead"":0,""place_dead"":2,""build_dead"":0,""dig_dead"":3,""fertilize_dead"":1,""collect_dead"":8,""care_dead"":13,""tile_cap_units"":20,""fertilizer_forgone"":19,""care_unfed"":54,""animal_shed_days"":1,""idle_tile_days"":63,""weed_tile_days"":1,""hand_pass_turns"":375,""farmer_pass_turns"":63,""phantom_hand_actions"":0,""sell_floor_units"":57,""hire_premium"":3810,""shed_units_now"":0,""shed_value_now"":0.0,""animals_in_shed_now"":0,""seeds_unplanted_now"":5,""seeds_unplanted_cost_now"":50.0}]}",{},
ahmed_v57,public_candidate,herd_safe,herd_safe,2026092405,1,123851.0,124389.0,-538.0,L,kagsim,6.519939,0,0,0,0,0,0,0,0,0729bebb66ade57fcb6dff845d6bfae4e139625a294bf1994420529d925a5402,"[{""step"":0,""shops"":[]},{""step"":72,""shops"":[""SMOOTHIE_SHOP""]},{""step"":144,""shops"":[""SMOOTHIE_SHOP"",""SMOOTHIE_SHOP""]},{""step"":216,""shops"":[""SMOOTHIE_SHOP"",""SMOOTHIE_SHOP"",""BRUNCH_SPOT""]},{""step"":288,""shops"":[""SMOOTHIE_SHOP"",""SMOOTHIE_SHOP"",""BRUNCH_SPOT"",""BRUNCH_SPOT""]},{""step"":360,""shops"":[""SMOOTHIE_SHOP"",""SMOOTHIE_SHOP"",""BRUNCH_SPOT"",""BRUNCH_SPOT"",""YARN_STORE""]},{""step"":432,""shops"":[""SMOOTHIE_SHOP"",""SMOOTHIE_SHOP"",""BRUNCH_SPOT"",""BRUNCH_SPOT"",""YARN_STORE"",""YARN_STORE""]},{""step"":504,""shops"":[""SMOOTHIE_SHOP"",""SMOOTHIE_SHOP"",""BRUNCH_SPOT"",""BRUNCH_SPOT"",""YARN_STORE"",""YARN_STORE"",""YARN_STORE""]},{""step"":576,""shops"":[""SMOOTHIE_SHOP"",""SMOOTHIE_SHOP"",""BRUNCH_SPOT"",""BRUNCH_SPOT"",""YARN_STORE"",""YARN_STORE"",""YARN_STORE"",""BRUNCH_SPOT""]}]",experiments/round10_public_learning_20260924/evaluations/public_candidate_selection/replays/ahmed_v57/herd_safe/seed_2026092405_seat_1.json.gz,8aad1c5a304f8637ca02f28f4fd92d98c2ea31c01cae5c4ef61c8ee5b2bece89,2ee689fdc58f38b7bf6b80b8d3f48129d19b47201dbee51fdcbd977498a5106f,b6553c296c556aff5b5e2d12b75618e505fa4d852afb5338414ac6d6e039cb02,0fe077cc65622d6f6828160d90b617595a4aa7ea188e4afc67bfee8e4d290c92,"{""players"":[{""sell_dead_units"":2232,""refused_buy_product"":1,""refused_buy_seed"":0,""refused_buy_animal"":0,""refused_hire"":0,""refused_buy_land"":0,""hire_paid"":4075,""sell_zero_fill"":44,""buy_zero_fill"":1,""sell_revenue"":148799.0,""total_spend"":27410.0,""shed_discarded_units"":2,""sold_units"":1591,""feed_no_wheat"":0,""feed_no_animal"":0,""feed_redundant"":0,""water_dead"":11,""harvest_dead"":4,""plant_dead"":0,""animals_escaped"":0,""escape_capital"":0.0,""escape_yield_units"":0,""escape_first_day"":-1,""animal_unfed_days"":58,""plants_dry"":1,""dry_seed_cost"":100.0,""dry_yield_units"":0,""dry_first_day"":21,""plant_unwatered_days"":392,""decay_units"":18,""plants_decayed"":18,""silent_loss_coins"":100.0,""silent_loss_units"":20,""dead_actions"":42,""move_dead"":0,""locked_dead"":0,""pickup_dead"":0,""drop_dead"":0,""place_dead"":2,""build_dead"":0,""dig_dead"":3,""fertilize_dead"":1,""collect_dead"":8,""care_dead"":13,""tile_cap_units"":20,""fertilizer_forgone"":19,""care_unfed"":54,""animal_shed_days"":1,""idle_tile_days"":63,""weed_tile_days"":1,""hand_pass_turns"":375,""farmer_pass_turns"":63,""phantom_hand_actions"":0,""sell_floor_units"":57,""hire_premium"":3810,""shed_units_now"":0,""shed_value_now"":0.0,""animals_in_shed_now"":0,""seeds_unplanted_now"":5,""seeds_unplanted_cost_now"":50.0},{""sell_dead_units"":2221,""refused_buy_product"":1,""refused_buy_seed"":0,""refused_buy_animal"":0,""refused_hire"":0,""refused_buy_land"":0,""hire_paid"":4075,""sell_zero_fill"":38,""buy_zero_fill"":1,""sell_revenue"":148591.0,""total_spend"":27740.0,""shed_discarded_units"":2,""sold_units"":1601,""feed_no_wheat"":0,""feed_no_animal"":0,""feed_redundant"":0,""water_dead"":11,""harvest_dead"":4,""plant_dead"":0,""animals_escaped"":0,""escape_capital"":0.0,""escape_yield_units"":0,""escape_first_day"":-1,""animal_unfed_days"":58,""plants_dry"":1,""dry_seed_cost"":100.0,""dry_yield_units"":0,""dry_first_day"":21,""plant_unwatered_days"":392,""decay_units"":18,""plants_decayed"":18,""silent_loss_coins"":100.0,""silent_loss_units"":20,""dead_actions"":41,""move_dead"":0,""locked_dead"":0,""pickup_dead"":0,""drop_dead"":0,""place_dead"":1,""build_dead"":0,""dig_dead"":3,""fertilize_dead"":1,""collect_dead"":8,""care_dead"":13,""tile_cap_units"":20,""fertilizer_forgone"":19,""care_unfed"":54,""animal_shed_days"":1,""idle_tile_days"":63,""weed_tile_days"":1,""hand_pass_turns"":375,""farmer_pass_turns"":63,""phantom_hand_actions"":0,""sell_floor_units"":44,""hire_premium"":3810,""shed_units_now"":0,""shed_value_now"":0.0,""animals_in_shed_now"":0,""seeds_unplanted_now"":4,""seeds_unplanted_cost_now"":40.0}]}",{},
ahmed_v57,public_candidate,herd_safe,herd_safe,2026092406,0,76046.0,77238.0,-1192.0,L,kagsim,6.695289,0,0,0,0,0,0,0,0,123c15caaac8b39a3589302bb7e21c0d3bad74fd0808c6fc78b42c810fe61e15,"[{""step"":0,""shops"":[]},{""step"":72,""shops"":[""YARN_STORE""]},{""step"":144,""shops"":[""YARN_STORE"",""BAKERY""]},{""step"":216,""shops"":[""YARN_STORE"",""BAKERY"",""ICE_CREAM_SHOP""]},{""step"":288,""shops"":[""YARN_STORE"",""BAKERY"",""ICE_CREAM_SHOP"",""BRUNCH_SPOT""]},{""step"":360,""shops"":[""YARN_STORE"",""BAKERY"",""ICE_CREAM_SHOP"",""BRUNCH_SPOT"",""PET_CAFE""]},{""step"":432,""shops"":[""YARN_STORE"",""BAKERY"",""ICE_CREAM_SHOP"",""BRUNCH_SPOT"",""PET_CAFE"",""BAKERY""]},{""step"":504,""shops"":[""YARN_STORE"",""BAKERY"",""ICE_CREAM_SHOP"",""BRUNCH_SPOT"",""PET_CAFE"",""BAKERY"",""BRUNCH_SPOT""]},{""step"":576,""shops"":[""YARN_STORE"",""BAKERY"",""ICE_CREAM_SHOP"",""BRUNCH_SPOT"",""PET_CAFE"",""BAKERY"",""BRUNCH_SPOT"",""FARMERS_MARKET""]}]",experiments/round10_public_learning_20260924/evaluations/public_candidate_selection/replays/ahmed_v57/herd_safe/seed_2026092406_seat_0.json.gz,2be7808da36671d2c4fc7bd5d79819adad16c0b759c361d86653c7dbf5466e05,2ee689fdc58f38b7bf6b80b8d3f48129d19b47201dbee51fdcbd977498a5106f,b6553c296c556aff5b5e2d12b75618e505fa4d852afb5338414ac6d6e039cb02,0fe077cc65622d6f6828160d90b617595a4aa7ea188e4afc67bfee8e4d290c92,"{""players"":[{""sell_dead_units"":237,""refused_buy_product"":1,""refused_buy_seed"":0,""refused_buy_animal"":0,""refused_hire"":0,""refused_buy_land"":0,""hire_paid"":5659,""sell_zero_fill"":23,""buy_zero_fill"":1,""sell_revenue"":102960.0,""total_spend"":29914.0,""shed_discarded_units"":18,""sold_units"":1573,""feed_no_wheat"":0,""feed_no_animal"":0,""feed_redundant"":0,""water_dead"":1,""harvest_dead"":6,""plant_dead"":0,""animals_escaped"":0,""escape_capital"":0.0,""escape_yield_units"":0,""escape_first_day"":-1,""animal_unfed_days"":78,""plants_dry"":1,""dry_seed_cost"":100.0,""dry_yield_units"":0,""dry_first_day"":21,""plant_unwatered_days"":385,""decay_units"":18,""plants_decayed"":18,""silent_loss_coins"":100.0,""silent_loss_units"":36,""dead_actions"":20,""move_dead"":0,""locked_dead"":0,""pickup_dead"":0,""drop_dead"":0,""place_dead"":2,""build_dead"":0,""dig_dead"":2,""fertilize_dead"":0,""collect_dead"":4,""care_dead"":5,""tile_cap_units"":12,""fertilizer_forgone"":14,""care_unfed"":74,""animal_shed_days"":0,""idle_tile_days"":62,""weed_tile_days"":3,""hand_pass_turns"":633,""farmer_pass_turns"":84,""phantom_hand_actions"":0,""sell_floor_units"":163,""hire_premium"":5377,""shed_units_now"":0,""shed_value_now"":0.0,""animals_in_shed_now"":0,""seeds_unplanted_now"":0,""seeds_unplanted_cost_now"":0.0},{""sell_dead_units"":2221,""refused_buy_product"":1,""refused_buy_seed"":0,""refused_buy_animal"":0,""refused_hire"":0,""refused_buy_land"":0,""hire_paid"":5659,""sell_zero_fill"":24,""buy_zero_fill"":1,""sell_revenue"":103849.0,""total_spend"":29611.0,""shed_discarded_units"":18,""sold_units"":1565,""feed_no_wheat"":0,""feed_no_animal"":0,""feed_redundant"":0,""water_dead"":1,""harvest_dead"":4,""plant_dead"":0,""animals_escaped"":0,""escape_capital"":0.0,""escape_yield_units"":0,""escape_first_day"":-1,""animal_unfed_days"":78,""plants_dry"":1,""dry_seed_cost"":100.0,""dry_yield_units"":0,""dry_first_day"":21,""plant_unwatered_days"":385,""decay_units"":18,""plants_decayed"":18,""silent_loss_coins"":100.0,""silent_loss_units"":36,""dead_actions"":17,""move_dead"":0,""locked_dead"":0,""pickup_dead"":0,""drop_dead"":0,""place_dead"":1,""build_dead"":0,""dig_dead"":2,""fertilize_dead"":0,""collect_dead"":4,""care_dead"":5,""tile_cap_units"":12,""fertilizer_forgone"":14,""care_unfed"":74,""animal_shed_days"":0,""idle_tile_days"":62,""weed_tile_days"":3,""hand_pass_turns"":634,""farmer_pass_turns"":84,""phantom_hand_actions"":0,""sell_floor_units"":153,""hire_premium"":5377,""shed_units_now"":0,""shed_value_now"":0.0,""animals_in_shed_now"":0,""seeds_unplanted_now"":2,""seeds_unplanted_cost_now"":20.0}]}",{},
ahmed_v57,public_candidate,herd_safe,herd_safe,2026092406,1,76046.0,77238.0,-1192.0,L,kagsim,6.643972,0,0,0,0,0,0,0,0,123c15caaac8b39a3589302bb7e21c0d3bad74fd0808c6fc78b42c810fe61e15,"[{""step"":0,""shops"":[]},{""step"":72,""shops"":[""YARN_STORE""]},{""step"":144,""shops"":[""YARN_STORE"",""BAKERY""]},{""step"":216,""shops"":[""YARN_STORE"",""BAKERY"",""ICE_CREAM_SHOP""]},{""step"":288,""shops"":[""YARN_STORE"",""BAKERY"",""ICE_CREAM_SHOP"",""BRUNCH_SPOT""]},{""step"":360,""shops"":[""YARN_STORE"",""BAKERY"",""ICE_CREAM_SHOP"",""BRUNCH_SPOT"",""PET_CAFE""]},{""step"":432,""shops"":[""YARN_STORE"",""BAKERY"",""ICE_CREAM_SHOP"",""BRUNCH_SPOT"",""PET_CAFE"",""BAKERY""]},{""step"":504,""shops"":[""YARN_STORE"",""BAKERY"",""ICE_CREAM_SHOP"",""BRUNCH_SPOT"",""PET_CAFE"",""BAKERY"",""BRUNCH_SPOT""]},{""step"":576,""shops"":[""YARN_STORE"",""BAKERY"",""ICE_CREAM_SHOP"",""BRUNCH_SPOT"",""PET_CAFE"",""BAKERY"",""BRUNCH_SPOT"",""FARMERS_MARKET""]}]",experiments/round10_public_learning_20260924/evaluations/public_candidate_selection/replays/ahmed_v57/herd_safe/seed_2026092406_seat_1.json.gz,ec99438135de25231c80cb345ac2d18bfd98466c990e772cf18324ed02545bf4,2ee689fdc58f38b7bf6b80b8d3f48129d19b47201dbee51fdcbd977498a5106f,b6553c296c556aff5b5e2d12b75618e505fa4d852afb5338414ac6d6e039cb02,0fe077cc65622d6f6828160d90b617595a4aa7ea188e4afc67bfee8e4d290c92,"{""players"":[{""sell_dead_units"":2221,""refused_buy_product"":1,""refused_buy_seed"":0,""refused_buy_animal"":0,""refused_hire"":0,""refused_buy_land"":0,""hire_paid"":5659,""sell_zero_fill"":24,""buy_zero_fill"":1,""sell_revenue"":103849.0,""total_spend"":29611.0,""shed_discarded_units"":18,""sold_units"":1565,""feed_no_wheat"":0,""feed_no_animal"":0,""feed_redundant"":0,""water_dead"":1,""harvest_dead"":4,""plant_dead"":0,""animals_escaped"":0,""escape_capital"":0.0,""escape_yield_units"":0,""escape_first_day"":-1,""animal_unfed_days"":78,""plants_dry"":1,""dry_seed_cost"":100.0,""dry_yield_units"":0,""dry_first_day"":21,""plant_unwatered_days"":385,""decay_units"":18,""plants_decayed"":18,""silent_loss_coins"":100.0,""silent_loss_units"":36,""dead_actions"":17,""move_dead"":0,""locked_dead"":0,""pickup_dead"":0,""drop_dead"":0,""place_dead"":1,""build_dead"":0,""dig_dead"":2,""fertilize_dead"":0,""collect_dead"":4,""care_dead"":5,""tile_cap_units"":12,""fertilizer_forgone"":14,""care_unfed"":74,""animal_shed_days"":0,""idle_tile_days"":62,""weed_tile_days"":3,""hand_pass_turns"":634,""farmer_pass_turns"":84,""phantom_hand_actions"":0,""sell_floor_units"":153,""hire_premium"":5377,""shed_units_now"":0,""shed_value_now"":0.0,""animals_in_shed_now"":0,""seeds_unplanted_now"":2,""seeds_unplanted_cost_now"":20.0},{""sell_dead_units"":237,""refused_buy_product"":1,""refused_buy_seed"":0,""refused_buy_animal"":0,""refused_hire"":0,""refused_buy_land"":0,""hire_paid"":5659,""sell_zero_fill"":23,""buy_zero_fill"":1,""sell_revenue"":102960.0,""total_spend"":29914.0,""shed_discarded_units"":18,""sold_units"":1573,""feed_no_wheat"":0,""feed_no_animal"":0,""feed_redundant"":0,""water_dead"":1,""harvest_dead"":6,""plant_dead"":0,""animals_escaped"":0,""escape_capital"":0.0,""escape_yield_units"":0,""escape_first_day"":-1,""animal_unfed_days"":78,""plants_dry"":1,""dry_seed_cost"":100.0,""dry_yield_units"":0,""dry_first_day"":21,""plant_unwatered_days"":385,""decay_units"":18,""plants_decayed"":18,""silent_loss_coins"":100.0,""silent_loss_units"":36,""dead_actions"":20,""move_dead"":0,""locked_dead"":0,""pickup_dead"":0,""drop_dead"":0,""place_dead"":2,""build_dead"":0,""dig_dead"":2,""fertilize_dead"":0,""collect_dead"":4,""care_dead"":5,""tile_cap_units"":12,""fertilizer_forgone"":14,""care_unfed"":74,""animal_shed_days"":0,""idle_tile_days"":62,""weed_tile_days"":3,""hand_pass_turns"":633,""farmer_pass_turns"":84,""phantom_hand_actions"":0,""sell_floor_units"":163,""hire_premium"":5377,""shed_units_now"":0,""shed_value_now"":0.0,""animals_in_shed_now"":0,""seeds_unplanted_now"":0,""seeds_unplanted_cost_now"":0.0}]}",{},
ahmed_v57,public_candidate,melon_threshold,melon_threshold,2026092405,0,138371.0,162257.0,-23886.0,L,kagsim,4.784259,0,0,0,0,0,0,0,0,6658c21e143354202444ce787ec2b6ef222976dca7cbfcb4c39738c43d906f1e,"[{""step"":0,""shops"":[]},{""step"":72,""shops"":[""SMOOTHIE_SHOP""]},{""step"":144,""shops"":[""SMOOTHIE_SHOP"",""SMOOTHIE_SHOP""]},{""step"":216,""shops"":[""SMOOTHIE_SHOP"",""SMOOTHIE_SHOP"",""ICE_CREAM_SHOP""]},{""step"":288,""shops"":[""SMOOTHIE_SHOP"",""SMOOTHIE_SHOP"",""ICE_CREAM_SHOP"",""ICE_CREAM_SHOP""]},{""step"":360,""shops"":[""SMOOTHIE_SHOP"",""SMOOTHIE_SHOP"",""ICE_CREAM_SHOP"",""ICE_CREAM_SHOP"",""BRUNCH_SPOT""]},{""step"":432,""shops"":[""SMOOTHIE_SHOP"",""SMOOTHIE_SHOP"",""ICE_CREAM_SHOP"",""ICE_CREAM_SHOP"",""BRUNCH_SPOT"",""ICE_CREAM_SHOP""]},{""step"":504,""shops"":[""SMOOTHIE_SHOP"",""SMOOTHIE_SHOP"",""ICE_CREAM_SHOP"",""ICE_CREAM_SHOP"",""BRUNCH_SPOT"",""ICE_CREAM_SHOP"",""PIZZA_SHOP""]},{""step"":576,""shops"":[""SMOOTHIE_SHOP"",""SMOOTHIE_SHOP"",""ICE_CREAM_SHOP"",""ICE_CREAM_SHOP"",""BRUNCH_SPOT"",""ICE_CREAM_SHOP"",""PIZZA_SHOP"",""PIZZA_SHOP""]}]",experiments/round10_public_learning_20260924/evaluations/public_candidate_selection/replays/ahmed_v57/melon_threshold/seed_2026092405_seat_0.json.gz,f3651fcf7b184eb615c060bfd947a7a18562a41c2db5a012f2b5c5f89294bcb3,2ee689fdc58f38b7bf6b80b8d3f48129d19b47201dbee51fdcbd977498a5106f,26e21e006e1d87042709a658c44fd44878f7a6415add558cbd2c71f4f8772b12,0fe077cc65622d6f6828160d90b617595a4aa7ea188e4afc67bfee8e4d290c92,"{""players"":[{""sell_dead_units"":316,""refused_buy_product"":11,""refused_buy_seed"":3,""refused_buy_animal"":3,""refused_hire"":2,""refused_buy_land"":0,""hire_paid"":3894,""sell_zero_fill"":58,""buy_zero_fill"":10,""sell_revenue"":161227.0,""total_spend"":25856.0,""shed_discarded_units"":0,""sold_units"":1364,""feed_no_wheat"":0,""feed_no_animal"":88,""feed_redundant"":0,""water_dead"":45,""harvest_dead"":66,""plant_dead"":6,""animals_escaped"":1,""escape_capital"":400.0,""escape_yield_units"":0,""escape_first_day"":1,""animal_unfed_days"":53,""plants_dry"":1,""dry_seed_cost"":100.0,""dry_yield_units"":0,""dry_first_day"":21,""plant_unwatered_days"":375,""decay_units"":15,""plants_decayed"":15,""silent_loss_coins"":500.0,""silent_loss_units"":15,""dead_actions"":455,""move_dead"":0,""locked_dead"":0,""pickup_dead"":5,""drop_dead"":0,""place_dead"":18,""build_dead"":0,""dig_dead"":5,""fertilize_dead"":14,""collect_dead"":99,""care_dead"":109,""tile_cap_units"":20,""fertilizer_forgone"":14,""care_unfed"":47,""animal_shed_days"":1,""idle_tile_days"":148,""weed_tile_days"":3,""hand_pass_turns"":361,""farmer_pass_turns"":63,""phantom_hand_actions"":0,""sell_floor_units"":28,""hire_premium"":3633,""shed_units_now"":0,""shed_value_now"":0.0,""animals_in_shed_now"":0,""seeds_unplanted_now"":1,""seeds_unplanted_cost_now"":100.0},{""sell_dead_units"":84184,""refused_buy_product"":0,""refused_buy_seed"":0,""refused_buy_animal"":0,""refused_hire"":0,""refused_buy_land"":0,""hire_paid"":3897,""sell_zero_fill"":130,""buy_zero_fill"":0,""sell_revenue"":189470.0,""total_spend"":30213.0,""shed_discarded_units"":2,""sold_units"":1635,""feed_no_wheat"":0,""feed_no_animal"":0,""feed_redundant"":0,""water_dead"":12,""harvest_dead"":4,""plant_dead"":0,""animals_escaped"":0,""escape_capital"":0.0,""escape_yield_units"":0,""escape_first_day"":-1,""animal_unfed_days"":63,""plants_dry"":1,""dry_seed_cost"":100.0,""dry_yield_units"":0,""dry_first_day"":21,""plant_unwatered_days"":387,""decay_units"":18,""plants_decayed"":18,""silent_loss_coins"":100.0,""silent_loss_units"":20,""dead_actions"":41,""move_dead"":0,""locked_dead"":0,""pickup_dead"":0,""drop_dead"":0,""place_dead"":1,""build_dead"":0,""dig_dead"":3,""fertilize_dead"":0,""collect_dead"":8,""care_dead"":13,""tile_cap_units"":22,""fertilizer_forgone"":15,""care_unfed"":59,""animal_shed_days"":1,""idle_tile_days"":64,""weed_tile_days"":1,""hand_pass_turns"":389,""farmer_pass_turns"":63,""phantom_hand_actions"":0,""sell_floor_units"":40,""hire_premium"":3634,""shed_units_now"":0,""shed_value_now"":0.0,""animals_in_shed_now"":0,""seeds_unplanted_now"":1,""seeds_unplanted_cost_now"":10.0}]}",{},
ahmed_v57,public_candidate,melon_threshold,melon_threshold,2026092405,1,138371.0,162257.0,-23886.0,L,kagsim,4.737611,0,0,0,0,0,0,0,0,6658c21e143354202444ce787ec2b6ef222976dca7cbfcb4c39738c43d906f1e,"[{""step"":0,""shops"":[]},{""step"":72,""shops"":[""SMOOTHIE_SHOP""]},{""step"":144,""shops"":[""SMOOTHIE_SHOP"",""SMOOTHIE_SHOP""]},{""step"":216,""shops"":[""SMOOTHIE_SHOP"",""SMOOTHIE_SHOP"",""ICE_CREAM_SHOP""]},{""step"":288,""shops"":[""SMOOTHIE_SHOP"",""SMOOTHIE_SHOP"",""ICE_CREAM_SHOP"",""ICE_CREAM_SHOP""]},{""step"":360,""shops"":[""SMOOTHIE_SHOP"",""SMOOTHIE_SHOP"",""ICE_CREAM_SHOP"",""ICE_CREAM_SHOP"",""BRUNCH_SPOT""]},{""step"":432,""shops"":[""SMOOTHIE_SHOP"",""SMOOTHIE_SHOP"",""ICE_CREAM_SHOP"",""ICE_CREAM_SHOP"",""BRUNCH_SPOT"",""ICE_CREAM_SHOP""]},{""step"":504,""shops"":[""SMOOTHIE_SHOP"",""SMOOTHIE_SHOP"",""ICE_CREAM_SHOP"",""ICE_CREAM_SHOP"",""BRUNCH_SPOT"",""ICE_CREAM_SHOP"",""PIZZA_SHOP""]},{""step"":576,""shops"":[""SMOOTHIE_SHOP"",""SMOOTHIE_SHOP"",""ICE_CREAM_SHOP"",""ICE_CREAM_SHOP"",""BRUNCH_SPOT"",""ICE_CREAM_SHOP"",""PIZZA_SHOP"",""PIZZA_SHOP""]}]",experiments/round10_public_learning_20260924/evaluations/public_candidate_selection/replays/ahmed_v57/melon_threshold/seed_2026092405_seat_1.json.gz,146ec6c6fbba4aa36a24631b0a7fe0036431a3460e0d411b5ab44ef034d8712d,2ee689fdc58f38b7bf6b80b8d3f48129d19b47201dbee51fdcbd977498a5106f,26e21e006e1d87042709a658c44fd44878f7a6415add558cbd2c71f4f8772b12,0fe077cc65622d6f6828160d90b617595a4aa7ea188e4afc67bfee8e4d290c92,"{""players"":[{""sell_dead_units"":84184,""refused_buy_product"":0,""refused_buy_seed"":0,""refused_buy_animal"":0,""refused_hire"":0,""refused_buy_land"":0,""hire_paid"":3897,""sell_zero_fill"":130,""buy_zero_fill"":0,""sell_revenue"":189470.0,""total_spend"":30213.0,""shed_discarded_units"":2,""sold_units"":1635,""feed_no_wheat"":0,""feed_no_animal"":0,""feed_redundant"":0,""water_dead"":12,""harvest_dead"":4,""plant_dead"":0,""animals_escaped"":0,""escape_capital"":0.0,""escape_yield_units"":0,""escape_first_day"":-1,""animal_unfed_days"":63,""plants_dry"":1,""dry_seed_cost"":100.0,""dry_yield_units"":0,""dry_first_day"":21,""plant_unwatered_days"":387,""decay_units"":18,""plants_decayed"":18,""silent_loss_coins"":100.0,""silent_loss_units"":20,""dead_actions"":41,""move_dead"":0,""locked_dead"":0,""pickup_dead"":0,""drop_dead"":0,""place_dead"":1,""build_dead"":0,""dig_dead"":3,""fertilize_dead"":0,""collect_dead"":8,""care_dead"":13,""tile_cap_units"":22,""fertilizer_forgone"":15,""care_unfed"":59,""animal_shed_days"":1,""idle_tile_days"":64,""weed_tile_days"":1,""hand_pass_turns"":389,""farmer_pass_turns"":63,""phantom_hand_actions"":0,""sell_floor_units"":40,""hire_premium"":3634,""shed_units_now"":0,""shed_value_now"":0.0,""animals_in_shed_now"":0,""seeds_unplanted_now"":1,""seeds_unplanted_cost_now"":10.0},{""sell_dead_units"":316,""refused_buy_product"":11,""refused_buy_seed"":3,""refused_buy_animal"":3,""refused_hire"":2,""refused_buy_land"":0,""hire_paid"":3894,""sell_zero_fill"":58,""buy_zero_fill"":10,""sell_revenue"":161227.0,""total_spend"":25856.0,""shed_discarded_units"":0,""sold_units"":1364,""feed_no_wheat"":0,""feed_no_animal"":88,""feed_redundant"":0,""water_dead"":45,""harvest_dead"":66,""plant_dead"":6,""animals_escaped"":1,""escape_capital"":400.0,""escape_yield_units"":0,""escape_first_day"":1,""animal_unfed_days"":53,""plants_dry"":1,""dry_seed_cost"":100.0,""dry_yield_units"":0,""dry_first_day"":21,""plant_unwatered_days"":375,""decay_units"":15,""plants_decayed"":15,""silent_loss_coins"":500.0,""silent_loss_units"":15,""dead_actions"":455,""move_dead"":0,""locked_dead"":0,""pickup_dead"":5,""drop_dead"":0,""place_dead"":18,""build_dead"":0,""dig_dead"":5,""fertilize_dead"":14,""collect_dead"":99,""care_dead"":109,""tile_cap_units"":20,""fertilizer_forgone"":14,""care_unfed"":47,""animal_shed_days"":1,""idle_tile_days"":148,""weed_tile_days"":3,""hand_pass_turns"":361,""farmer_pass_turns"":63,""phantom_hand_actions"":0,""sell_floor_units"":28,""hire_premium"":3633,""shed_units_now"":0,""shed_value_now"":0.0,""animals_in_shed_now"":0,""seeds_unplanted_now"":1,""seeds_unplanted_cost_now"":100.0}]}",{},
ahmed_v57,public_candidate,melon_threshold,melon_threshold,2026092406,0,87658.0,100876.0,-13218.0,L,kagsim,4.611276,0,0,0,0,0,0,0,0,5c295e808bf8c6cc88b06351dedfa48f256662fa6e2b45819c71ceafc69d84db,"[{""step"":0,""shops"":[]},{""step"":72,""shops"":[""SMOOTHIE_SHOP""]},{""step"":144,""shops"":[""SMOOTHIE_SHOP"",""BAKERY""]},{""step"":216,""shops"":[""SMOOTHIE_SHOP"",""BAKERY"",""BRUNCH_SPOT""]},{""step"":288,""shops"":[""SMOOTHIE_SHOP"",""BAKERY"",""BRUNCH_SPOT"",""FARMERS_MARKET""]},{""step"":360,""shops"":[""SMOOTHIE_SHOP"",""BAKERY"",""BRUNCH_SPOT"",""FARMERS_MARKET"",""BAKERY""]},{""step"":432,""shops"":[""SMOOTHIE_SHOP"",""BAKERY"",""BRUNCH_SPOT"",""FARMERS_MARKET"",""BAKERY"",""SMOOTHIE_SHOP""]},{""step"":504,""shops"":[""SMOOTHIE_SHOP"",""BAKERY"",""BRUNCH_SPOT"",""FARMERS_MARKET"",""BAKERY"",""SMOOTHIE_SHOP"",""PET_CAFE""]},{""step"":576,""shops"":[""SMOOTHIE_SHOP"",""BAKERY"",""BRUNCH_SPOT"",""FARMERS_MARKET"",""BAKERY"",""SMOOTHIE_SHOP"",""PET_CAFE"",""FARMERS_MARKET""]}]",experiments/round10_public_learning_20260924/evaluations/public_candidate_selection/replays/ahmed_v57/melon_threshold/seed_2026092406_seat_0.json.gz,0dcf8e57f98f81321f05865c17f5ba27110c1d76d564844090f88505f4eb885a,2ee689fdc58f38b7bf6b80b8d3f48129d19b47201dbee51fdcbd977498a5106f,26e21e006e1d87042709a658c44fd44878f7a6415add558cbd2c71f4f8772b12,0fe077cc65622d6f6828160d90b617595a4aa7ea188e4afc67bfee8e4d290c92,"{""players"":[{""sell_dead_units"":2308,""refused_buy_product"":9,""refused_buy_seed"":2,""refused_buy_animal"":3,""refused_hire"":2,""refused_buy_land"":0,""hire_paid"":3983,""sell_zero_fill"":57,""buy_zero_fill"":8,""sell_revenue"":110669.0,""total_spend"":26011.0,""shed_discarded_units"":0,""sold_units"":1404,""feed_no_wheat"":0,""feed_no_animal"":88,""feed_redundant"":0,""water_dead"":38,""harvest_dead"":48,""plant_dead"":3,""animals_escaped"":1,""escape_capital"":400.0,""escape_yield_units"":0,""escape_first_day"":1,""animal_unfed_days"":72,""plants_dry"":1,""dry_seed_cost"":100.0,""dry_yield_units"":0,""dry_first_day"":21,""plant_unwatered_days"":376,""decay_units"":15,""plants_decayed"":15,""silent_loss_coins"":500.0,""silent_loss_units"":15,""dead_actions"":424,""move_dead"":0,""locked_dead"":0,""pickup_dead"":6,""drop_dead"":0,""place_dead"":13,""build_dead"":0,""dig_dead"":6,""fertilize_dead"":14,""collect_dead"":99,""care_dead"":109,""tile_cap_units"":16,""fertilizer_forgone"":17,""care_unfed"":66,""animal_shed_days"":1,""idle_tile_days"":142,""weed_tile_days"":3,""hand_pass_turns"":383,""farmer_pass_turns"":65,""phantom_hand_actions"":0,""sell_floor_units"":47,""hire_premium"":3721,""shed_units_now"":0,""shed_value_now"":0.0,""animals_in_shed_now"":0,""seeds_unplanted_now"":5,""seeds_unplanted_cost_now"":140.0},{""sell_dead_units"":84199,""refused_buy_product"":0,""refused_buy_seed"":0,""refused_buy_animal"":0,""refused_hire"":0,""refused_buy_land"":0,""hire_paid"":3986,""sell_zero_fill"":139,""buy_zero_fill"":0,""sell_revenue"":128636.0,""total_spend"":30760.0,""shed_discarded_units"":0,""sold_units"":1644,""feed_no_wheat"":0,""feed_no_animal"":0,""feed_redundant"":0,""water_dead"":11,""harvest_dead"":3,""plant_dead"":0,""animals_escaped"":0,""escape_capital"":0.0,""escape_yield_units"":0,""escape_first_day"":-1,""animal_unfed_days"":94,""plants_dry"":1,""dry_seed_cost"":100.0,""dry_yield_units"":0,""dry_first_day"":21,""plant_unwatered_days"":387,""decay_units"":18,""plants_decayed"":18,""silent_loss_coins"":100.0,""silent_loss_units"":18,""dead_actions"":40,""move_dead"":0,""locked_dead"":0,""pickup_dead"":0,""drop_dead"":0,""place_dead"":1,""build_dead"":0,""dig_dead"":4,""fertilize_dead"":0,""collect_dead"":8,""care_dead"":13,""tile_cap_units"":22,""fertilizer_forgone"":15,""care_unfed"":90,""animal_shed_days"":1,""idle_tile_days"":65,""weed_tile_days"":2,""hand_pass_turns"":417,""farmer_pass_turns"":69,""phantom_hand_actions"":0,""sell_floor_units"":59,""hire_premium"":3722,""shed_units_now"":0,""shed_value_now"":0.0,""animals_in_shed_now"":0,""seeds_unplanted_now"":1,""seeds_unplanted_cost_now"":10.0}]}",{},
ahmed_v57,public_candidate,melon_threshold,melon_threshold,2026092406,1,87658.0,100876.0,-13218.0,L,kagsim,4.358395,0,0,0,0,0,0,0,0,5c295e808bf8c6cc88b06351dedfa48f256662fa6e2b45819c71ceafc69d84db,"[{""step"":0,""shops"":[]},{""step"":72,""shops"":[""SMOOTHIE_SHOP""]},{""step"":144,""shops"":[""SMOOTHIE_SHOP"",""BAKERY""]},{""step"":216,""shops"":[""SMOOTHIE_SHOP"",""BAKERY"",""BRUNCH_SPOT""]},{""step"":288,""shops"":[""SMOOTHIE_SHOP"",""BAKERY"",""BRUNCH_SPOT"",""FARMERS_MARKET""]},{""step"":360,""shops"":[""SMOOTHIE_SHOP"",""BAKERY"",""BRUNCH_SPOT"",""FARMERS_MARKET"",""BAKERY""]},{""step"":432,""shops"":[""SMOOTHIE_SHOP"",""BAKERY"",""BRUNCH_SPOT"",""FARMERS_MARKET"",""BAKERY"",""SMOOTHIE_SHOP""]},{""step"":504,""shops"":[""SMOOTHIE_SHOP"",""BAKERY"",""BRUNCH_SPOT"",""FARMERS_MARKET"",""BAKERY"",""SMOOTHIE_SHOP"",""PET_CAFE""]},{""step"":576,""shops"":[""SMOOTHIE_SHOP"",""BAKERY"",""BRUNCH_SPOT"",""FARMERS_MARKET"",""BAKERY"",""SMOOTHIE_SHOP"",""PET_CAFE"",""FARMERS_MARKET""]}]",experiments/round10_public_learning_20260924/evaluations/public_candidate_selection/replays/ahmed_v57/melon_threshold/seed_2026092406_seat_1.json.gz,4aae37a4584f85b84e3f542c33076ffdc34f187fa39cefeacfcf86b6542068bf,2ee689fdc58f38b7bf6b80b8d3f48129d19b47201dbee51fdcbd977498a5106f,26e21e006e1d87042709a658c44fd44878f7a6415add558cbd2c71f4f8772b12,0fe077cc65622d6f6828160d90b617595a4aa7ea188e4afc67bfee8e4d290c92,"{""players"":[{""sell_dead_units"":84199,""refused_buy_product"":0,""refused_buy_seed"":0,""refused_buy_animal"":0,""refused_hire"":0,""refused_buy_land"":0,""hire_paid"":3986,""sell_zero_fill"":139,""buy_zero_fill"":0,""sell_revenue"":128636.0,""total_spend"":30760.0,""shed_discarded_units"":0,""sold_units"":1644,""feed_no_wheat"":0,""feed_no_animal"":0,""feed_redundant"":0,""water_dead"":11,""harvest_dead"":3,""plant_dead"":0,""animals_escaped"":0,""escape_capital"":0.0,""escape_yield_units"":0,""escape_first_day"":-1,""animal_unfed_days"":94,""plants_dry"":1,""dry_seed_cost"":100.0,""dry_yield_units"":0,""dry_first_day"":21,""plant_unwatered_days"":387,""decay_units"":18,""plants_decayed"":18,""silent_loss_coins"":100.0,""silent_loss_units"":18,""dead_actions"":40,""move_dead"":0,""locked_dead"":0,""pickup_dead"":0,""drop_dead"":0,""place_dead"":1,""build_dead"":0,""dig_dead"":4,""fertilize_dead"":0,""collect_dead"":8,""care_dead"":13,""tile_cap_units"":22,""fertilizer_forgone"":15,""care_unfed"":90,""animal_shed_days"":1,""idle_tile_days"":64,""weed_tile_days"":3,""hand_pass_turns"":417,""farmer_pass_turns"":69,""phantom_hand_actions"":0,""sell_floor_units"":59,""hire_premium"":3722,""shed_units_now"":0,""shed_value_now"":0.0,""animals_in_shed_now"":0,""seeds_unplanted_now"":1,""seeds_unplanted_cost_now"":10.0},{""sell_dead_units"":2308,""refused_buy_product"":9,""refused_buy_seed"":2,""refused_buy_animal"":3,""refused_hire"":2,""refused_buy_land"":0,""hire_paid"":3983,""sell_zero_fill"":57,""buy_zero_fill"":8,""sell_revenue"":110669.0,""total_spend"":26011.0,""shed_discarded_units"":0,""sold_units"":1404,""feed_no_wheat"":0,""feed_no_animal"":88,""feed_redundant"":0,""water_dead"":38,""harvest_dead"":48,""plant_dead"":3,""animals_escaped"":1,""escape_capital"":400.0,""escape_yield_units"":0,""escape_first_day"":1,""animal_unfed_days"":72,""plants_dry"":1,""dry_seed_cost"":100.0,""dry_yield_units"":0,""dry_first_day"":21,""plant_unwatered_days"":376,""decay_units"":15,""plants_decayed"":15,""silent_loss_coins"":500.0,""silent_loss_units"":15,""dead_actions"":424,""move_dead"":0,""locked_dead"":0,""pickup_dead"":6,""drop_dead"":0,""place_dead"":13,""build_dead"":0,""dig_dead"":6,""fertilize_dead"":14,""collect_dead"":99,""care_dead"":109,""tile_cap_units"":16,""fertilizer_forgone"":17,""care_unfed"":66,""animal_shed_days"":1,""idle_tile_days"":143,""weed_tile_days"":2,""hand_pass_turns"":383,""farmer_pass_turns"":65,""phantom_hand_actions"":0,""sell_floor_units"":47,""hire_premium"":3721,""shed_units_now"":0,""shed_value_now"":0.0,""animals_in_shed_now"":0,""seeds_unplanted_now"":5,""seeds_unplanted_cost_now"":140.0}]}",{},
ahmed_v57,public_candidate,metav4,metav4,2026092405,0,124631.0,123840.0,791.0,W,kagsim,6.526415,0,0,0,0,0,0,0,0,0729bebb66ade57fcb6dff845d6bfae4e139625a294bf1994420529d925a5402,"[{""step"":0,""shops"":[]},{""step"":72,""shops"":[""SMOOTHIE_SHOP""]},{""step"":144,""shops"":[""SMOOTHIE_SHOP"",""SMOOTHIE_SHOP""]},{""step"":216,""shops"":[""SMOOTHIE_SHOP"",""SMOOTHIE_SHOP"",""BRUNCH_SPOT""]},{""step"":288,""shops"":[""SMOOTHIE_SHOP"",""SMOOTHIE_SHOP"",""BRUNCH_SPOT"",""BRUNCH_SPOT""]},{""step"":360,""shops"":[""SMOOTHIE_SHOP"",""SMOOTHIE_SHOP"",""BRUNCH_SPOT"",""BRUNCH_SPOT"",""YARN_STORE""]},{""step"":432,""shops"":[""SMOOTHIE_SHOP"",""SMOOTHIE_SHOP"",""BRUNCH_SPOT"",""BRUNCH_SPOT"",""YARN_STORE"",""YARN_STORE""]},{""step"":504,""shops"":[""SMOOTHIE_SHOP"",""SMOOTHIE_SHOP"",""BRUNCH_SPOT"",""BRUNCH_SPOT"",""YARN_STORE"",""YARN_STORE"",""YARN_STORE""]},{""step"":576,""shops"":[""SMOOTHIE_SHOP"",""SMOOTHIE_SHOP"",""BRUNCH_SPOT"",""BRUNCH_SPOT"",""YARN_STORE"",""YARN_STORE"",""YARN_STORE"",""BRUNCH_SPOT""]}]",experiments/round10_public_learning_20260924/evaluations/public_candidate_selection/replays/ahmed_v57/metav4/seed_2026092405_seat_0.json.gz,31c653402ca2cf4bd42371e537b7ee4c201fc7106848650d94880cedcb1eb930,2ee689fdc58f38b7bf6b80b8d3f48129d19b47201dbee51fdcbd977498a5106f,9d63494603f88219857a3101d7dc19cc750ded04e5886732ee428580326967d9,0fe077cc65622d6f6828160d90b617595a4aa7ea188e4afc67bfee8e4d290c92,"{""players"":[{""sell_dead_units"":2228,""refused_buy_product"":1,""refused_buy_seed"":0,""refused_buy_animal"":0,""refused_hire"":0,""refused_buy_land"":0,""hire_paid"":4075,""sell_zero_fill"":40,""buy_zero_fill"":1,""sell_revenue"":149388.0,""total_spend"":27757.0,""shed_discarded_units"":2,""sold_units"":1594,""feed_no_wheat"":0,""feed_no_animal"":0,""feed_redundant"":0,""water_dead"":11,""harvest_dead"":4,""plant_dead"":0,""animals_escaped"":0,""escape_capital"":0.0,""escape_yield_units"":0,""escape_first_day"":-1,""animal_unfed_days"":52,""plants_dry"":1,""dry_seed_cost"":100.0,""dry_yield_units"":0,""dry_first_day"":21,""plant_unwatered_days"":392,""decay_units"":18,""plants_decayed"":18,""silent_loss_coins"":100.0,""silent_loss_units"":20,""dead_actions"":41,""move_dead"":0,""locked_dead"":0,""pickup_dead"":0,""drop_dead"":0,""place_dead"":1,""build_dead"":0,""dig_dead"":3,""fertilize_dead"":1,""collect_dead"":8,""care_dead"":13,""tile_cap_units"":20,""fertilizer_forgone"":19,""care_unfed"":48,""animal_shed_days"":1,""idle_tile_days"":63,""weed_tile_days"":1,""hand_pass_turns"":369,""farmer_pass_turns"":63,""phantom_hand_actions"":0,""sell_floor_units"":49,""hire_premium"":3810,""shed_units_now"":0,""shed_value_now"":0.0,""animals_in_shed_now"":0,""seeds_unplanted_now"":4,""seeds_unplanted_cost_now"":40.0},{""sell_dead_units"":1193,""refused_buy_product"":0,""refused_buy_seed"":0,""refused_buy_animal"":0,""refused_hire"":0,""refused_buy_land"":0,""hire_paid"":4075,""sell_zero_fill"":34,""buy_zero_fill"":0,""sell_revenue"":148904.0,""total_spend"":28064.0,""shed_discarded_units"":1,""sold_units"":1594,""feed_no_wheat"":0,""feed_no_animal"":0,""feed_redundant"":0,""water_dead"":11,""harvest_dead"":4,""plant_dead"":0,""animals_escaped"":0,""escape_capital"":0.0,""escape_yield_units"":0,""escape_first_day"":-1,""animal_unfed_days"":52,""plants_dry"":1,""dry_seed_cost"":100.0,""dry_yield_units"":0,""dry_first_day"":21,""plant_unwatered_days"":392,""decay_units"":18,""plants_decayed"":18,""silent_loss_coins"":100.0,""silent_loss_units"":19,""dead_actions"":42,""move_dead"":0,""locked_dead"":0,""pickup_dead"":0,""drop_dead"":0,""place_dead"":1,""build_dead"":0,""dig_dead"":3,""fertilize_dead"":2,""collect_dead"":8,""care_dead"":13,""tile_cap_units"":21,""fertilizer_forgone"":19,""care_unfed"":48,""animal_shed_days"":1,""idle_tile_days"":64,""weed_tile_days"":1,""hand_pass_turns"":384,""farmer_pass_turns"":62,""phantom_hand_actions"":0,""sell_floor_units"":51,""hire_premium"":3810,""shed_units_now"":0,""shed_value_now"":0.0,""animals_in_shed_now"":0,""seeds_unplanted_now"":13,""seeds_unplanted_cost_now"":210.0}]}",{},
ahmed_v57,public_candidate,metav4,metav4,2026092405,1,124631.0,123840.0,791.0,W,kagsim,5.89614,0,0,0,0,0,0,0,0,0729bebb66ade57fcb6dff845d6bfae4e139625a294bf1994420529d925a5402,"[{""step"":0,""shops"":[]},{""step"":72,""shops"":[""SMOOTHIE_SHOP""]},{""step"":144,""shops"":[""SMOOTHIE_SHOP"",""SMOOTHIE_SHOP""]},{""step"":216,""shops"":[""SMOOTHIE_SHOP"",""SMOOTHIE_SHOP"",""BRUNCH_SPOT""]},{""step"":288,""shops"":[""SMOOTHIE_SHOP"",""SMOOTHIE_SHOP"",""BRUNCH_SPOT"",""BRUNCH_SPOT""]},{""step"":360,""shops"":[""SMOOTHIE_SHOP"",""SMOOTHIE_SHOP"",""BRUNCH_SPOT"",""BRUNCH_SPOT"",""YARN_STORE""]},{""step"":432,""shops"":[""SMOOTHIE_SHOP"",""SMOOTHIE_SHOP"",""BRUNCH_SPOT"",""BRUNCH_SPOT"",""YARN_STORE"",""YARN_STORE""]},{""step"":504,""shops"":[""SMOOTHIE_SHOP"",""SMOOTHIE_SHOP"",""BRUNCH_SPOT"",""BRUNCH_SPOT"",""YARN_STORE"",""YARN_STORE"",""YARN_STORE""]},{""step"":576,""shops"":[""SMOOTHIE_SHOP"",""SMOOTHIE_SHOP"",""BRUNCH_SPOT"",""BRUNCH_SPOT"",""YARN_STORE"",""YARN_STORE"",""YARN_STORE"",""BRUNCH_SPOT""]}]",experiments/round10_public_learning_20260924/evaluations/public_candidate_selection/replays/ahmed_v57/metav4/seed_2026092405_seat_1.json.gz,222a93a4f722667a709442e3f142209e1c6bb15b65802bb0d82fd01eccc6d8e1,2ee689fdc58f38b7bf6b80b8d3f48129d19b47201dbee51fdcbd977498a5106f,9d63494603f88219857a3101d7dc19cc750ded04e5886732ee428580326967d9,0fe077cc65622d6f6828160d90b617595a4aa7ea188e4afc67bfee8e4d290c92,"{""players"":[{""sell_dead_units"":1193,""refused_buy_product"":0,""refused_buy_seed"":0,""refused_buy_animal"":0,""refused_hire"":0,""refused_buy_land"":0,""hire_paid"":4075,""sell_zero_fill"":34,""buy_zero_fill"":0,""sell_revenue"":148904.0,""total_spend"":28064.0,""shed_discarded_units"":1,""sold_units"":1594,""feed_no_wheat"":0,""feed_no_animal"":0,""feed_redundant"":0,""water_dead"":11,""harvest_dead"":4,""plant_dead"":0,""animals_escaped"":0,""escape_capital"":0.0,""escape_yield_units"":0,""escape_first_day"":-1,""animal_unfed_days"":52,""plants_dry"":1,""dry_seed_cost"":100.0,""dry_yield_units"":0,""dry_first_day"":21,""plant_unwatered_days"":392,""decay_units"":18,""plants_decayed"":18,""silent_loss_coins"":100.0,""silent_loss_units"":19,""dead_actions"":42,""move_dead"":0,""locked_dead"":0,""pickup_dead"":0,""drop_dead"":0,""place_dead"":1,""build_dead"":0,""dig_dead"":3,""fertilize_dead"":2,""collect_dead"":8,""care_dead"":13,""tile_cap_units"":21,""fertilizer_forgone"":19,""care_unfed"":48,""animal_shed_days"":1,""idle_tile_days"":64,""weed_tile_days"":1,""hand_pass_turns"":384,""farmer_pass_turns"":62,""phantom_hand_actions"":0,""sell_floor_units"":51,""hire_premium"":3810,""shed_units_now"":0,""shed_value_now"":0.0,""animals_in_shed_now"":0,""seeds_unplanted_now"":13,""seeds_unplanted_cost_now"":210.0},{""sell_dead_units"":2228,""refused_buy_product"":1,""refused_buy_seed"":0,""refused_buy_animal"":0,""refused_hire"":0,""refused_buy_land"":0,""hire_paid"":4075,""sell_zero_fill"":40,""buy_zero_fill"":1,""sell_revenue"":149388.0,""total_spend"":27757.0,""shed_discarded_units"":2,""sold_units"":1594,""feed_no_wheat"":0,""feed_no_animal"":0,""feed_redundant"":0,""water_dead"":11,""harvest_dead"":4,""plant_dead"":0,""animals_escaped"":0,""escape_capital"":0.0,""escape_yield_units"":0,""escape_first_day"":-1,""animal_unfed_days"":52,""plants_dry"":1,""dry_seed_cost"":100.0,""dry_yield_units"":0,""dry_first_day"":21,""plant_unwatered_days"":392,""decay_units"":18,""plants_decayed"":18,""silent_loss_coins"":100.0,""silent_loss_units"":20,""dead_actions"":41,""move_dead"":0,""locked_dead"":0,""pickup_dead"":0,""drop_dead"":0,""place_dead"":1,""build_dead"":0,""dig_dead"":3,""fertilize_dead"":1,""collect_dead"":8,""care_dead"":13,""tile_cap_units"":20,""fertilizer_forgone"":19,""care_unfed"":48,""animal_shed_days"":1,""idle_tile_days"":63,""weed_tile_days"":1,""hand_pass_turns"":369,""farmer_pass_turns"":63,""phantom_hand_actions"":0,""sell_floor_units"":49,""hire_premium"":3810,""shed_units_now"":0,""shed_value_now"":0.0,""animals_in_shed_now"":0,""seeds_unplanted_now"":4,""seeds_unplanted_cost_now"":40.0}]}",{},
ahmed_v57,public_candidate,metav4,metav4,2026092406,0,76606.0,76315.0,291.0,W,kagsim,5.843297,0,0,0,0,0,0,0,0,123c15caaac8b39a3589302bb7e21c0d3bad74fd0808c6fc78b42c810fe61e15,"[{""step"":0,""shops"":[]},{""step"":72,""shops"":[""YARN_STORE""]},{""step"":144,""shops"":[""YARN_STORE"",""BAKERY""]},{""step"":216,""shops"":[""YARN_STORE"",""BAKERY"",""ICE_CREAM_SHOP""]},{""step"":288,""shops"":[""YARN_STORE"",""BAKERY"",""ICE_CREAM_SHOP"",""BRUNCH_SPOT""]},{""step"":360,""shops"":[""YARN_STORE"",""BAKERY"",""ICE_CREAM_SHOP"",""BRUNCH_SPOT"",""PET_CAFE""]},{""step"":432,""shops"":[""YARN_STORE"",""BAKERY"",""ICE_CREAM_SHOP"",""BRUNCH_SPOT"",""PET_CAFE"",""BAKERY""]},{""step"":504,""shops"":[""YARN_STORE"",""BAKERY"",""ICE_CREAM_SHOP"",""BRUNCH_SPOT"",""PET_CAFE"",""BAKERY"",""BRUNCH_SPOT""]},{""step"":576,""shops"":[""YARN_STORE"",""BAKERY"",""ICE_CREAM_SHOP"",""BRUNCH_SPOT"",""PET_CAFE"",""BAKERY"",""BRUNCH_SPOT"",""FARMERS_MARKET""]}]",experiments/round10_public_learning_20260924/evaluations/public_candidate_selection/replays/ahmed_v57/metav4/seed_2026092406_seat_0.json.gz,d40451b2d2ed567b481fc5bd044cc1f77e1612f0a6e0f12428284a9f247b9edb,2ee689fdc58f38b7bf6b80b8d3f48129d19b47201dbee51fdcbd977498a5106f,9d63494603f88219857a3101d7dc19cc750ded04e5886732ee428580326967d9,0fe077cc65622d6f6828160d90b617595a4aa7ea188e4afc67bfee8e4d290c92,"{""players"":[{""sell_dead_units"":240,""refused_buy_product"":1,""refused_buy_seed"":0,""refused_buy_animal"":0,""refused_hire"":0,""refused_buy_land"":0,""hire_paid"":5659,""sell_zero_fill"":23,""buy_zero_fill"":1,""sell_revenue"":103538.0,""total_spend"":29932.0,""shed_discarded_units"":18,""sold_units"":1573,""feed_no_wheat"":0,""feed_no_animal"":0,""feed_redundant"":0,""water_dead"":1,""harvest_dead"":6,""plant_dead"":0,""animals_escaped"":0,""escape_capital"":0.0,""escape_yield_units"":0,""escape_first_day"":-1,""animal_unfed_days"":78,""plants_dry"":1,""dry_seed_cost"":100.0,""dry_yield_units"":0,""dry_first_day"":21,""plant_unwatered_days"":385,""decay_units"":18,""plants_decayed"":18,""silent_loss_coins"":100.0,""silent_loss_units"":36,""dead_actions"":20,""move_dead"":0,""locked_dead"":0,""pickup_dead"":0,""drop_dead"":0,""place_dead"":2,""build_dead"":0,""dig_dead"":2,""fertilize_dead"":0,""collect_dead"":4,""care_dead"":5,""tile_cap_units"":12,""fertilizer_forgone"":14,""care_unfed"":74,""animal_shed_days"":0,""idle_tile_days"":62,""weed_tile_days"":3,""hand_pass_turns"":633,""farmer_pass_turns"":84,""phantom_hand_actions"":0,""sell_floor_units"":159,""hire_premium"":5377,""shed_units_now"":0,""shed_value_now"":0.0,""animals_in_shed_now"":0,""seeds_unplanted_now"":0,""seeds_unplanted_cost_now"":0.0},{""sell_dead_units"":211,""refused_buy_product"":0,""refused_buy_seed"":0,""refused_buy_animal"":0,""refused_hire"":0,""refused_buy_land"":0,""hire_paid"":5659,""sell_zero_fill"":20,""buy_zero_fill"":0,""sell_revenue"":103298.0,""total_spend"":29983.0,""shed_discarded_units"":18,""sold_units"":1574,""feed_no_wheat"":0,""feed_no_animal"":0,""feed_redundant"":0,""water_dead"":1,""harvest_dead"":6,""plant_dead"":0,""animals_escaped"":0,""escape_capital"":0.0,""escape_yield_units"":0,""escape_first_day"":-1,""animal_unfed_days"":78,""plants_dry"":1,""dry_seed_cost"":100.0,""dry_yield_units"":0,""dry_first_day"":21,""plant_unwatered_days"":385,""decay_units"":18,""plants_decayed"":18,""silent_loss_coins"":100.0,""silent_loss_units"":36,""dead_actions"":20,""move_dead"":0,""locked_dead"":0,""pickup_dead"":0,""drop_dead"":0,""place_dead"":2,""build_dead"":0,""dig_dead"":2,""fertilize_dead"":0,""collect_dead"":4,""care_dead"":5,""tile_cap_units"":12,""fertilizer_forgone"":14,""care_unfed"":74,""animal_shed_days"":0,""idle_tile_days"":63,""weed_tile_days"":3,""hand_pass_turns"":650,""farmer_pass_turns"":84,""phantom_hand_actions"":0,""sell_floor_units"":159,""hire_premium"":5377,""shed_units_now"":0,""shed_value_now"":0.0,""animals_in_shed_now"":0,""seeds_unplanted_now"":0,""seeds_unplanted_cost_now"":0.0}]}",{},
ahmed_v57,public_candidate,metav4,metav4,2026092406,1,76606.0,76315.0,291.0,W,kagsim,5.793981,0,0,0,0,0,0,0,0,123c15caaac8b39a3589302bb7e21c0d3bad74fd0808c6fc78b42c810fe61e15,"[{""step"":0,""shops"":[]},{""step"":72,""shops"":[""YARN_STORE""]},{""step"":144,""shops"":[""YARN_STORE"",""BAKERY""]},{""step"":216,""shops"":[""YARN_STORE"",""BAKERY"",""ICE_CREAM_SHOP""]},{""step"":288,""shops"":[""YARN_STORE"",""BAKERY"",""ICE_CREAM_SHOP"",""BRUNCH_SPOT""]},{""step"":360,""shops"":[""YARN_STORE"",""BAKERY"",""ICE_CREAM_SHOP"",""BRUNCH_SPOT"",""PET_CAFE""]},{""step"":432,""shops"":[""YARN_STORE"",""BAKERY"",""ICE_CREAM_SHOP"",""BRUNCH_SPOT"",""PET_CAFE"",""BAKERY""]},{""step"":504,""shops"":[""YARN_STORE"",""BAKERY"",""ICE_CREAM_SHOP"",""BRUNCH_SPOT"",""PET_CAFE"",""BAKERY"",""BRUNCH_SPOT""]},{""step"":576,""shops"":[""YARN_STORE"",""BAKERY"",""ICE_CREAM_SHOP"",""BRUNCH_SPOT"",""PET_CAFE"",""BAKERY"",""BRUNCH_SPOT"",""FARMERS_MARKET""]}]",experiments/round10_public_learning_20260924/evaluations/public_candidate_selection/replays/ahmed_v57/metav4/seed_2026092406_seat_1.json.gz,e49e50ac9a35dd5769cefdb0fe9203a593309ed09f7efb433a45d4d4e4656fb3,2ee689fdc58f38b7bf6b80b8d3f48129d19b47201dbee51fdcbd977498a5106f,9d63494603f88219857a3101d7dc19cc750ded04e5886732ee428580326967d9,0fe077cc65622d6f6828160d90b617595a4aa7ea188e4afc67bfee8e4d290c92,"{""players"":[{""sell_dead_units"":211,""refused_buy_product"":0,""refused_buy_seed"":0,""refused_buy_animal"":0,""refused_hire"":0,""refused_buy_land"":0,""hire_paid"":5659,""sell_zero_fill"":20,""buy_zero_fill"":0,""sell_revenue"":103298.0,""total_spend"":29983.0,""shed_discarded_units"":18,""sold_units"":1574,""feed_no_wheat"":0,""feed_no_animal"":0,""feed_redundant"":0,""water_dead"":1,""harvest_dead"":6,""plant_dead"":0,""animals_escaped"":0,""escape_capital"":0.0,""escape_yield_units"":0,""escape_first_day"":-1,""animal_unfed_days"":78,""plants_dry"":1,""dry_seed_cost"":100.0,""dry_yield_units"":0,""dry_first_day"":21,""plant_unwatered_days"":385,""decay_units"":18,""plants_decayed"":18,""silent_loss_coins"":100.0,""silent_loss_units"":36,""dead_actions"":20,""move_dead"":0,""locked_dead"":0,""pickup_dead"":0,""drop_dead"":0,""place_dead"":2,""build_dead"":0,""dig_dead"":2,""fertilize_dead"":0,""collect_dead"":4,""care_dead"":5,""tile_cap_units"":12,""fertilizer_forgone"":14,""care_unfed"":74,""animal_shed_days"":0,""idle_tile_days"":63,""weed_tile_days"":3,""hand_pass_turns"":650,""farmer_pass_turns"":84,""phantom_hand_actions"":0,""sell_floor_units"":159,""hire_premium"":5377,""shed_units_now"":0,""shed_value_now"":0.0,""animals_in_shed_now"":0,""seeds_unplanted_now"":0,""seeds_unplanted_cost_now"":0.0},{""sell_dead_units"":240,""refused_buy_product"":1,""refused_buy_seed"":0,""refused_buy_animal"":0,""refused_hire"":0,""refused_buy_land"":0,""hire_paid"":5659,""sell_zero_fill"":23,""buy_zero_fill"":1,""sell_revenue"":103538.0,""total_spend"":29932.0,""shed_discarded_units"":18,""sold_units"":1573,""feed_no_wheat"":0,""feed_no_animal"":0,""feed_redundant"":0,""water_dead"":1,""harvest_dead"":6,""plant_dead"":0,""animals_escaped"":0,""escape_capital"":0.0,""escape_yield_units"":0,""escape_first_day"":-1,""animal_unfed_days"":78,""plants_dry"":1,""dry_seed_cost"":100.0,""dry_yield_units"":0,""dry_first_day"":21,""plant_unwatered_days"":385,""decay_units"":18,""plants_decayed"":18,""silent_loss_coins"":100.0,""silent_loss_units"":36,""dead_actions"":20,""move_dead"":0,""locked_dead"":0,""pickup_dead"":0,""drop_dead"":0,""place_dead"":2,""build_dead"":0,""dig_dead"":2,""fertilize_dead"":0,""collect_dead"":4,""care_dead"":5,""tile_cap_units"":12,""fertilizer_forgone"":14,""care_unfed"":74,""animal_shed_days"":0,""idle_tile_days"":62,""weed_tile_days"":3,""hand_pass_turns"":633,""farmer_pass_turns"":84,""phantom_hand_actions"":0,""sell_floor_units"":159,""hire_premium"":5377,""shed_units_now"":0,""shed_value_now"":0.0,""animals_in_shed_now"":0,""seeds_unplanted_now"":0,""seeds_unplanted_cost_now"":0.0}]}",{},
ahmed_v57,public_candidate,order_book,order_book,2026092405,0,123936.0,123913.0,23.0,W,kagsim,7.169124,0,0,0,0,0,0,0,0,0729bebb66ade57fcb6dff845d6bfae4e139625a294bf1994420529d925a5402,"[{""step"":0,""shops"":[]},{""step"":72,""shops"":[""SMOOTHIE_SHOP""]},{""step"":144,""shops"":[""SMOOTHIE_SHOP"",""SMOOTHIE_SHOP""]},{""step"":216,""shops"":[""SMOOTHIE_SHOP"",""SMOOTHIE_SHOP"",""BRUNCH_SPOT""]},{""step"":288,""shops"":[""SMOOTHIE_SHOP"",""SMOOTHIE_SHOP"",""BRUNCH_SPOT"",""BRUNCH_SPOT""]},{""step"":360,""shops"":[""SMOOTHIE_SHOP"",""SMOOTHIE_SHOP"",""BRUNCH_SPOT"",""BRUNCH_SPOT"",""YARN_STORE""]},{""step"":432,""shops"":[""SMOOTHIE_SHOP"",""SMOOTHIE_SHOP"",""BRUNCH_SPOT"",""BRUNCH_SPOT"",""YARN_STORE"",""YARN_STORE""]},{""step"":504,""shops"":[""SMOOTHIE_SHOP"",""SMOOTHIE_SHOP"",""BRUNCH_SPOT"",""BRUNCH_SPOT"",""YARN_STORE"",""YARN_STORE"",""YARN_STORE""]},{""step"":576,""shops"":[""SMOOTHIE_SHOP"",""SMOOTHIE_SHOP"",""BRUNCH_SPOT"",""BRUNCH_SPOT"",""YARN_STORE"",""YARN_STORE"",""YARN_STORE"",""BRUNCH_SPOT""]}]",experiments/round10_public_learning_20260924/evaluations/public_candidate_selection/replays/ahmed_v57/order_book/seed_2026092405_seat_0.json.gz,c40343f51cf98560a663e789ade3e19b3400bbebb0e82b4cb21ef234bce87453,2ee689fdc58f38b7bf6b80b8d3f48129d19b47201dbee51fdcbd977498a5106f,a16e0e9b40c489972630a0b9d04f30e9c1cab03159fa78676db74277d84d82ab,0fe077cc65622d6f6828160d90b617595a4aa7ea188e4afc67bfee8e4d290c92,"{""players"":[{""sell_dead_units"":2221,""refused_buy_product"":1,""refused_buy_seed"":0,""refused_buy_animal"":0,""refused_hire"":0,""refused_buy_land"":0,""hire_paid"":4075,""sell_zero_fill"":38,""buy_zero_fill"":1,""sell_revenue"":148690.0,""total_spend"":27754.0,""shed_discarded_units"":2,""sold_units"":1601,""feed_no_wheat"":0,""feed_no_animal"":0,""feed_redundant"":0,""water_dead"":11,""harvest_dead"":4,""plant_dead"":0,""animals_escaped"":0,""escape_capital"":0.0,""escape_yield_units"":0,""escape_first_day"":-1,""animal_unfed_days"":58,""plants_dry"":1,""dry_seed_cost"":100.0,""dry_yield_units"":0,""dry_first_day"":21,""plant_unwatered_days"":392,""decay_units"":18,""plants_decayed"":18,""silent_loss_coins"":100.0,""silent_loss_units"":20,""dead_actions"":41,""move_dead"":0,""locked_dead"":0,""pickup_dead"":0,""drop_dead"":0,""place_dead"":1,""build_dead"":0,""dig_dead"":3,""fertilize_dead"":1,""collect_dead"":8,""care_dead"":13,""tile_cap_units"":20,""fertilizer_forgone"":19,""care_unfed"":54,""animal_shed_days"":1,""idle_tile_days"":63,""weed_tile_days"":1,""hand_pass_turns"":375,""farmer_pass_turns"":63,""phantom_hand_actions"":0,""sell_floor_units"":44,""hire_premium"":3810,""shed_units_now"":0,""shed_value_now"":0.0,""animals_in_shed_now"":0,""seeds_unplanted_now"":4,""seeds_unplanted_cost_now"":40.0},{""sell_dead_units"":1218,""refused_buy_product"":1,""refused_buy_seed"":0,""refused_buy_animal"":0,""refused_hire"":0,""refused_buy_land"":0,""hire_paid"":4075,""sell_zero_fill"":41,""buy_zero_fill"":1,""sell_revenue"":148853.0,""total_spend"":27940.0,""shed_discarded_units"":1,""sold_units"":1600,""feed_no_wheat"":0,""feed_no_animal"":0,""feed_redundant"":0,""water_dead"":11,""harvest_dead"":4,""plant_dead"":0,""animals_escaped"":0,""escape_capital"":0.0,""escape_yield_units"":0,""escape_first_day"":-1,""animal_unfed_days"":58,""plants_dry"":1,""dry_seed_cost"":100.0,""dry_yield_units"":0,""dry_first_day"":21,""plant_unwatered_days"":392,""decay_units"":18,""plants_decayed"":18,""silent_loss_coins"":100.0,""silent_loss_units"":19,""dead_actions"":43,""move_dead"":0,""locked_dead"":0,""pickup_dead"":0,""drop_dead"":0,""place_dead"":2,""build_dead"":0,""dig_dead"":3,""fertilize_dead"":2,""collect_dead"":8,""care_dead"":13,""tile_cap_units"":21,""fertilizer_forgone"":19,""care_unfed"":54,""animal_shed_days"":1,""idle_tile_days"":63,""weed_tile_days"":1,""hand_pass_turns"":373,""farmer_pass_turns"":62,""phantom_hand_actions"":0,""sell_floor_units"":57,""hire_premium"":3810,""shed_units_now"":0,""shed_value_now"":0.0,""animals_in_shed_now"":0,""seeds_unplanted_now"":13,""seeds_unplanted_cost_now"":210.0}]}",{},
ahmed_v57,public_candidate,order_book,order_book,2026092405,1,123936.0,123913.0,23.0,W,kagsim,7.310632,0,0,0,0,0,0,0,0,0729bebb66ade57fcb6dff845d6bfae4e139625a294bf1994420529d925a5402,"[{""step"":0,""shops"":[]},{""step"":72,""shops"":[""SMOOTHIE_SHOP""]},{""step"":144,""shops"":[""SMOOTHIE_SHOP"",""SMOOTHIE_SHOP""]},{""step"":216,""shops"":[""SMOOTHIE_SHOP"",""SMOOTHIE_SHOP"",""BRUNCH_SPOT""]},{""step"":288,""shops"":[""SMOOTHIE_SHOP"",""SMOOTHIE_SHOP"",""BRUNCH_SPOT"",""BRUNCH_SPOT""]},{""step"":360,""shops"":[""SMOOTHIE_SHOP"",""SMOOTHIE_SHOP"",""BRUNCH_SPOT"",""BRUNCH_SPOT"",""YARN_STORE""]},{""step"":432,""shops"":[""SMOOTHIE_SHOP"",""SMOOTHIE_SHOP"",""BRUNCH_SPOT"",""BRUNCH_SPOT"",""YARN_STORE"",""YARN_STORE""]},{""step"":504,""shops"":[""SMOOTHIE_SHOP"",""SMOOTHIE_SHOP"",""BRUNCH_SPOT"",""BRUNCH_SPOT"",""YARN_STORE"",""YARN_STORE"",""YARN_STORE""]},{""step"":576,""shops"":[""SMOOTHIE_SHOP"",""SMOOTHIE_SHOP"",""BRUNCH_SPOT"",""BRUNCH_SPOT"",""YARN_STORE"",""YARN_STORE"",""YARN_STORE"",""BRUNCH_SPOT""]}]",experiments/round10_public_learning_20260924/evaluations/public_candidate_selection/replays/ahmed_v57/order_book/seed_2026092405_seat_1.json.gz,a2d3d49a66c307fea643536ff9284c82483b6dd3517dcf0c7bd24e1c73c993be,2ee689fdc58f38b7bf6b80b8d3f48129d19b47201dbee51fdcbd977498a5106f,a16e0e9b40c489972630a0b9d04f30e9c1cab03159fa78676db74277d84d82ab,0fe077cc65622d6f6828160d90b617595a4aa7ea188e4afc67bfee8e4d290c92,"{""players"":[{""sell_dead_units"":1218,""refused_buy_product"":1,""refused_buy_seed"":0,""refused_buy_animal"":0,""refused_hire"":0,""refused_buy_land"":0,""hire_paid"":4075,""sell_zero_fill"":41,""buy_zero_fill"":1,""sell_revenue"":148853.0,""total_spend"":27940.0,""shed_discarded_units"":1,""sold_units"":1600,""feed_no_wheat"":0,""feed_no_animal"":0,""feed_redundant"":0,""water_dead"":11,""harvest_dead"":4,""plant_dead"":0,""animals_escaped"":0,""escape_capital"":0.0,""escape_yield_units"":0,""escape_first_day"":-1,""animal_unfed_days"":58,""plants_dry"":1,""dry_seed_cost"":100.0,""dry_yield_units"":0,""dry_first_day"":21,""plant_unwatered_days"":392,""decay_units"":18,""plants_decayed"":18,""silent_loss_coins"":100.0,""silent_loss_units"":19,""dead_actions"":43,""move_dead"":0,""locked_dead"":0,""pickup_dead"":0,""drop_dead"":0,""place_dead"":2,""build_dead"":0,""dig_dead"":3,""fertilize_dead"":2,""collect_dead"":8,""care_dead"":13,""tile_cap_units"":21,""fertilizer_forgone"":19,""care_unfed"":54,""animal_shed_days"":1,""idle_tile_days"":63,""weed_tile_days"":1,""hand_pass_turns"":373,""farmer_pass_turns"":62,""phantom_hand_actions"":0,""sell_floor_units"":57,""hire_premium"":3810,""shed_units_now"":0,""shed_value_now"":0.0,""animals_in_shed_now"":0,""seeds_unplanted_now"":13,""seeds_unplanted_cost_now"":210.0},{""sell_dead_units"":2221,""refused_buy_product"":1,""refused_buy_seed"":0,""refused_buy_animal"":0,""refused_hire"":0,""refused_buy_land"":0,""hire_paid"":4075,""sell_zero_fill"":38,""buy_zero_fill"":1,""sell_revenue"":148690.0,""total_spend"":27754.0,""shed_discarded_units"":2,""sold_units"":1601,""feed_no_wheat"":0,""feed_no_animal"":0,""feed_redundant"":0,""water_dead"":11,""harvest_dead"":4,""plant_dead"":0,""animals_escaped"":0,""escape_capital"":0.0,""escape_yield_units"":0,""escape_first_day"":-1,""animal_unfed_days"":58,""plants_dry"":1,""dry_seed_cost"":100.0,""dry_yield_units"":0,""dry_first_day"":21,""plant_unwatered_days"":392,""decay_units"":18,""plants_decayed"":18,""silent_loss_coins"":100.0,""silent_loss_units"":20,""dead_actions"":41,""move_dead"":0,""locked_dead"":0,""pickup_dead"":0,""drop_dead"":0,""place_dead"":1,""build_dead"":0,""dig_dead"":3,""fertilize_dead"":1,""collect_dead"":8,""care_dead"":13,""tile_cap_units"":20,""fertilizer_forgone"":19,""care_unfed"":54,""animal_shed_days"":1,""idle_tile_days"":63,""weed_tile_days"":1,""hand_pass_turns"":375,""farmer_pass_turns"":63,""phantom_hand_actions"":0,""sell_floor_units"":44,""hire_premium"":3810,""shed_units_now"":0,""shed_value_now"":0.0,""animals_in_shed_now"":0,""seeds_unplanted_now"":4,""seeds_unplanted_cost_now"":40.0}]}",{},
ahmed_v57,public_candidate,order_book,order_book,2026092406,0,76050.0,77072.0,-1022.0,L,kagsim,7.785994,0,0,0,0,0,0,0,0,123c15caaac8b39a3589302bb7e21c0d3bad74fd0808c6fc78b42c810fe61e15,"[{""step"":0,""shops"":[]},{""step"":72,""shops"":[""YARN_STORE""]},{""step"":144,""shops"":[""YARN_STORE"",""BAKERY""]},{""step"":216,""shops"":[""YARN_STORE"",""BAKERY"",""ICE_CREAM_SHOP""]},{""step"":288,""shops"":[""YARN_STORE"",""BAKERY"",""ICE_CREAM_SHOP"",""BRUNCH_SPOT""]},{""step"":360,""shops"":[""YARN_STORE"",""BAKERY"",""ICE_CREAM_SHOP"",""BRUNCH_SPOT"",""PET_CAFE""]},{""step"":432,""shops"":[""YARN_STORE"",""BAKERY"",""ICE_CREAM_SHOP"",""BRUNCH_SPOT"",""PET_CAFE"",""BAKERY""]},{""step"":504,""shops"":[""YARN_STORE"",""BAKERY"",""ICE_CREAM_SHOP"",""BRUNCH_SPOT"",""PET_CAFE"",""BAKERY"",""BRUNCH_SPOT""]},{""step"":576,""shops"":[""YARN_STORE"",""BAKERY"",""ICE_CREAM_SHOP"",""BRUNCH_SPOT"",""PET_CAFE"",""BAKERY"",""BRUNCH_SPOT"",""FARMERS_MARKET""]}]",experiments/round10_public_learning_20260924/evaluations/public_candidate_selection/replays/ahmed_v57/order_book/seed_2026092406_seat_0.json.gz,a41889b82fb0fa891d087bba59c45240172b763b903abe01c20dfa8555a0fbaf,2ee689fdc58f38b7bf6b80b8d3f48129d19b47201dbee51fdcbd977498a5106f,a16e0e9b40c489972630a0b9d04f30e9c1cab03159fa78676db74277d84d82ab,0fe077cc65622d6f6828160d90b617595a4aa7ea188e4afc67bfee8e4d290c92,"{""players"":[{""sell_dead_units"":237,""refused_buy_product"":1,""refused_buy_seed"":0,""refused_buy_animal"":0,""refused_hire"":0,""refused_buy_land"":0,""hire_paid"":5659,""sell_zero_fill"":23,""buy_zero_fill"":1,""sell_revenue"":102971.0,""total_spend"":29921.0,""shed_discarded_units"":18,""sold_units"":1573,""feed_no_wheat"":0,""feed_no_animal"":0,""feed_redundant"":0,""water_dead"":1,""harvest_dead"":6,""plant_dead"":0,""animals_escaped"":0,""escape_capital"":0.0,""escape_yield_units"":0,""escape_first_day"":-1,""animal_unfed_days"":78,""plants_dry"":1,""dry_seed_cost"":100.0,""dry_yield_units"":0,""dry_first_day"":21,""plant_unwatered_days"":385,""decay_units"":18,""plants_decayed"":18,""silent_loss_coins"":100.0,""silent_loss_units"":36,""dead_actions"":20,""move_dead"":0,""locked_dead"":0,""pickup_dead"":0,""drop_dead"":0,""place_dead"":2,""build_dead"":0,""dig_dead"":2,""fertilize_dead"":0,""collect_dead"":4,""care_dead"":5,""tile_cap_units"":12,""fertilizer_forgone"":14,""care_unfed"":74,""animal_shed_days"":0,""idle_tile_days"":62,""weed_tile_days"":3,""hand_pass_turns"":633,""farmer_pass_turns"":84,""phantom_hand_actions"":0,""sell_floor_units"":163,""hire_premium"":5377,""shed_units_now"":0,""shed_value_now"":0.0,""animals_in_shed_now"":0,""seeds_unplanted_now"":0,""seeds_unplanted_cost_now"":0.0},{""sell_dead_units"":1221,""refused_buy_product"":1,""refused_buy_seed"":0,""refused_buy_animal"":0,""refused_hire"":0,""refused_buy_land"":0,""hire_paid"":5659,""sell_zero_fill"":23,""buy_zero_fill"":1,""sell_revenue"":104206.0,""total_spend"":30134.0,""shed_discarded_units"":18,""sold_units"":1575,""feed_no_wheat"":0,""feed_no_animal"":0,""feed_redundant"":0,""water_dead"":1,""harvest_dead"":6,""plant_dead"":0,""animals_escaped"":0,""escape_capital"":0.0,""escape_yield_units"":0,""escape_first_day"":-1,""animal_unfed_days"":78,""plants_dry"":1,""dry_seed_cost"":100.0,""dry_yield_units"":0,""dry_first_day"":21,""plant_unwatered_days"":385,""decay_units"":18,""plants_decayed"":18,""silent_loss_coins"":100.0,""silent_loss_units"":36,""dead_actions"":20,""move_dead"":0,""locked_dead"":0,""pickup_dead"":0,""drop_dead"":0,""place_dead"":2,""build_dead"":0,""dig_dead"":2,""fertilize_dead"":0,""collect_dead"":4,""care_dead"":5,""tile_cap_units"":12,""fertilizer_forgone"":14,""care_unfed"":74,""animal_shed_days"":0,""idle_tile_days"":62,""weed_tile_days"":3,""hand_pass_turns"":633,""farmer_pass_turns"":84,""phantom_hand_actions"":0,""sell_floor_units"":151,""hire_premium"":5377,""shed_units_now"":0,""shed_value_now"":0.0,""animals_in_shed_now"":0,""seeds_unplanted_now"":10,""seeds_unplanted_cost_now"":180.0}]}",{},
ahmed_v57,public_candidate,order_book,order_book,2026092406,1,76050.0,77072.0,-1022.0,L,kagsim,7.770528,0,0,0,0,0,0,0,0,123c15caaac8b39a3589302bb7e21c0d3bad74fd0808c6fc78b42c810fe61e15,"[{""step"":0,""shops"":[]},{""step"":72,""shops"":[""YARN_STORE""]},{""step"":144,""shops"":[""YARN_STORE"",""BAKERY""]},{""step"":216,""shops"":[""YARN_STORE"",""BAKERY"",""ICE_CREAM_SHOP""]},{""step"":288,""shops"":[""YARN_STORE"",""BAKERY"",""ICE_CREAM_SHOP"",""BRUNCH_SPOT""]},{""step"":360,""shops"":[""YARN_STORE"",""BAKERY"",""ICE_CREAM_SHOP"",""BRUNCH_SPOT"",""PET_CAFE""]},{""step"":432,""shops"":[""YARN_STORE"",""BAKERY"",""ICE_CREAM_SHOP"",""BRUNCH_SPOT"",""PET_CAFE"",""BAKERY""]},{""step"":504,""shops"":[""YARN_STORE"",""BAKERY"",""ICE_CREAM_SHOP"",""BRUNCH_SPOT"",""PET_CAFE"",""BAKERY"",""BRUNCH_SPOT""]},{""step"":576,""shops"":[""YARN_STORE"",""BAKERY"",""ICE_CREAM_SHOP"",""BRUNCH_SPOT"",""PET_CAFE"",""BAKERY"",""BRUNCH_SPOT"",""FARMERS_MARKET""]}]",experiments/round10_public_learning_20260924/evaluations/public_candidate_selection/replays/ahmed_v57/order_book/seed_2026092406_seat_1.json.gz,c3ec3a32d8da936494e35f5cfac1d72fb474be4d863fe785d5d5a421f9aa73ec,2ee689fdc58f38b7bf6b80b8d3f48129d19b47201dbee51fdcbd977498a5106f,a16e0e9b40c489972630a0b9d04f30e9c1cab03159fa78676db74277d84d82ab,0fe077cc65622d6f6828160d90b617595a4aa7ea188e4afc67bfee8e4d290c92,"{""players"":[{""sell_dead_units"":1221,""refused_buy_product"":1,""refused_buy_seed"":0,""refused_buy_animal"":0,""refused_hire"":0,""refused_buy_land"":0,""hire_paid"":5659,""sell_zero_fill"":23,""buy_zero_fill"":1,""sell_revenue"":104206.0,""total_spend"":30134.0,""shed_discarded_units"":18,""sold_units"":1575,""feed_no_wheat"":0,""feed_no_animal"":0,""feed_redundant"":0,""water_dead"":1,""harvest_dead"":6,""plant_dead"":0,""animals_escaped"":0,""escape_capital"":0.0,""escape_yield_units"":0,""escape_first_day"":-1,""animal_unfed_days"":78,""plants_dry"":1,""dry_seed_cost"":100.0,""dry_yield_units"":0,""dry_first_day"":21,""plant_unwatered_days"":385,""decay_units"":18,""plants_decayed"":18,""silent_loss_coins"":100.0,""silent_loss_units"":36,""dead_actions"":20,""move_dead"":0,""locked_dead"":0,""pickup_dead"":0,""drop_dead"":0,""place_dead"":2,""build_dead"":0,""dig_dead"":2,""fertilize_dead"":0,""collect_dead"":4,""care_dead"":5,""tile_cap_units"":12,""fertilizer_forgone"":14,""care_unfed"":74,""animal_shed_days"":0,""idle_tile_days"":62,""weed_tile_days"":3,""hand_pass_turns"":633,""farmer_pass_turns"":84,""phantom_hand_actions"":0,""sell_floor_units"":151,""hire_premium"":5377,""shed_units_now"":0,""shed_value_now"":0.0,""animals_in_shed_now"":0,""seeds_unplanted_now"":10,""seeds_unplanted_cost_now"":180.0},{""sell_dead_units"":237,""refused_buy_product"":1,""refused_buy_seed"":0,""refused_buy_animal"":0,""refused_hire"":0,""refused_buy_land"":0,""hire_paid"":5659,""sell_zero_fill"":23,""buy_zero_fill"":1,""sell_revenue"":102971.0,""total_spend"":29921.0,""shed_discarded_units"":18,""sold_units"":1573,""feed_no_wheat"":0,""feed_no_animal"":0,""feed_redundant"":0,""water_dead"":1,""harvest_dead"":6,""plant_dead"":0,""animals_escaped"":0,""escape_capital"":0.0,""escape_yield_units"":0,""escape_first_day"":-1,""animal_unfed_days"":78,""plants_dry"":1,""dry_seed_cost"":100.0,""dry_yield_units"":0,""dry_first_day"":21,""plant_unwatered_days"":385,""decay_units"":18,""plants_decayed"":18,""silent_loss_coins"":100.0,""silent_loss_units"":36,""dead_actions"":20,""move_dead"":0,""locked_dead"":0,""pickup_dead"":0,""drop_dead"":0,""place_dead"":2,""build_dead"":0,""dig_dead"":2,""fertilize_dead"":0,""collect_dead"":4,""care_dead"":5,""tile_cap_units"":12,""fertilizer_forgone"":14,""care_unfed"":74,""animal_shed_days"":0,""idle_tile_days"":62,""weed_tile_days"":3,""hand_pass_turns"":633,""farmer_pass_turns"":84,""phantom_hand_actions"":0,""sell_floor_units"":163,""hire_premium"":5377,""shed_units_now"":0,""shed_value_now"":0.0,""animals_in_shed_now"":0,""seeds_unplanted_now"":0,""seeds_unplanted_cost_now"":0.0}]}",{},
melon_threshold,public_candidate,ahmed_v57,ahmed_route,2026092405,0,162257.0,138371.0,23886.0,W,kagsim,4.563405,0,0,0,0,0,0,0,0,6658c21e143354202444ce787ec2b6ef222976dca7cbfcb4c39738c43d906f1e,"[{""step"":0,""shops"":[]},{""step"":72,""shops"":[""SMOOTHIE_SHOP""]},{""step"":144,""shops"":[""SMOOTHIE_SHOP"",""SMOOTHIE_SHOP""]},{""step"":216,""shops"":[""SMOOTHIE_SHOP"",""SMOOTHIE_SHOP"",""ICE_CREAM_SHOP""]},{""step"":288,""shops"":[""SMOOTHIE_SHOP"",""SMOOTHIE_SHOP"",""ICE_CREAM_SHOP"",""ICE_CREAM_SHOP""]},{""step"":360,""shops"":[""SMOOTHIE_SHOP"",""SMOOTHIE_SHOP"",""ICE_CREAM_SHOP"",""ICE_CREAM_SHOP"",""BRUNCH_SPOT""]},{""step"":432,""shops"":[""SMOOTHIE_SHOP"",""SMOOTHIE_SHOP"",""ICE_CREAM_SHOP"",""ICE_CREAM_SHOP"",""BRUNCH_SPOT"",""ICE_CREAM_SHOP""]},{""step"":504,""shops"":[""SMOOTHIE_SHOP"",""SMOOTHIE_SHOP"",""ICE_CREAM_SHOP"",""ICE_CREAM_SHOP"",""BRUNCH_SPOT"",""ICE_CREAM_SHOP"",""PIZZA_SHOP""]},{""step"":576,""shops"":[""SMOOTHIE_SHOP"",""SMOOTHIE_SHOP"",""ICE_CREAM_SHOP"",""ICE_CREAM_SHOP"",""BRUNCH_SPOT"",""ICE_CREAM_SHOP"",""PIZZA_SHOP"",""PIZZA_SHOP""]}]",experiments/round10_public_learning_20260924/evaluations/public_candidate_selection/replays/melon_threshold/ahmed_v57/seed_2026092405_seat_0.json.gz,620d36c92af54e0769223140459736c7c28290237af213d068775545eed3b158,26e21e006e1d87042709a658c44fd44878f7a6415add558cbd2c71f4f8772b12,2ee689fdc58f38b7bf6b80b8d3f48129d19b47201dbee51fdcbd977498a5106f,0fe077cc65622d6f6828160d90b617595a4aa7ea188e4afc67bfee8e4d290c92,"{""players"":[{""sell_dead_units"":84184,""refused_buy_product"":0,""refused_buy_seed"":0,""refused_buy_animal"":0,""refused_hire"":0,""refused_buy_land"":0,""hire_paid"":3897,""sell_zero_fill"":130,""buy_zero_fill"":0,""sell_revenue"":189470.0,""total_spend"":30213.0,""shed_discarded_units"":2,""sold_units"":1635,""feed_no_wheat"":0,""feed_no_animal"":0,""feed_redundant"":0,""water_dead"":12,""harvest_dead"":4,""plant_dead"":0,""animals_escaped"":0,""escape_capital"":0.0,""escape_yield_units"":0,""escape_first_day"":-1,""animal_unfed_days"":63,""plants_dry"":1,""dry_seed_cost"":100.0,""dry_yield_units"":0,""dry_first_day"":21,""plant_unwatered_days"":387,""decay_units"":18,""plants_decayed"":18,""silent_loss_coins"":100.0,""silent_loss_units"":20,""dead_actions"":41,""move_dead"":0,""locked_dead"":0,""pickup_dead"":0,""drop_dead"":0,""place_dead"":1,""build_dead"":0,""dig_dead"":3,""fertilize_dead"":0,""collect_dead"":8,""care_dead"":13,""tile_cap_units"":22,""fertilizer_forgone"":15,""care_unfed"":59,""animal_shed_days"":1,""idle_tile_days"":64,""weed_tile_days"":1,""hand_pass_turns"":389,""farmer_pass_turns"":63,""phantom_hand_actions"":0,""sell_floor_units"":40,""hire_premium"":3634,""shed_units_now"":0,""shed_value_now"":0.0,""animals_in_shed_now"":0,""seeds_unplanted_now"":1,""seeds_unplanted_cost_now"":10.0},{""sell_dead_units"":316,""refused_buy_product"":11,""refused_buy_seed"":3,""refused_buy_animal"":3,""refused_hire"":2,""refused_buy_land"":0,""hire_paid"":3894,""sell_zero_fill"":58,""buy_zero_fill"":10,""sell_revenue"":161227.0,""total_spend"":25856.0,""shed_discarded_units"":0,""sold_units"":1364,""feed_no_wheat"":0,""feed_no_animal"":88,""feed_redundant"":0,""water_dead"":45,""harvest_dead"":66,""plant_dead"":6,""animals_escaped"":1,""escape_capital"":400.0,""escape_yield_units"":0,""escape_first_day"":1,""animal_unfed_days"":53,""plants_dry"":1,""dry_seed_cost"":100.0,""dry_yield_units"":0,""dry_first_day"":21,""plant_unwatered_days"":375,""decay_units"":15,""plants_decayed"":15,""silent_loss_coins"":500.0,""silent_loss_units"":15,""dead_actions"":455,""move_dead"":0,""locked_dead"":0,""pickup_dead"":5,""drop_dead"":0,""place_dead"":18,""build_dead"":0,""dig_dead"":5,""fertilize_dead"":14,""collect_dead"":99,""care_dead"":109,""tile_cap_units"":20,""fertilizer_forgone"":14,""care_unfed"":47,""animal_shed_days"":1,""idle_tile_days"":148,""weed_tile_days"":3,""hand_pass_turns"":361,""farmer_pass_turns"":63,""phantom_hand_actions"":0,""sell_floor_units"":28,""hire_premium"":3633,""shed_units_now"":0,""shed_value_now"":0.0,""animals_in_shed_now"":0,""seeds_unplanted_now"":1,""seeds_unplanted_cost_now"":100.0}]}",{},
melon_threshold,public_candidate,ahmed_v57,ahmed_route,2026092405,1,162257.0,138371.0,23886.0,W,kagsim,4.509921,0,0,0,0,0,0,0,0,6658c21e143354202444ce787ec2b6ef222976dca7cbfcb4c39738c43d906f1e,"[{""step"":0,""shops"":[]},{""step"":72,""shops"":[""SMOOTHIE_SHOP""]},{""step"":144,""shops"":[""SMOOTHIE_SHOP"",""SMOOTHIE_SHOP""]},{""step"":216,""shops"":[""SMOOTHIE_SHOP"",""SMOOTHIE_SHOP"",""ICE_CREAM_SHOP""]},{""step"":288,""shops"":[""SMOOTHIE_SHOP"",""SMOOTHIE_SHOP"",""ICE_CREAM_SHOP"",""ICE_CREAM_SHOP""]},{""step"":360,""shops"":[""SMOOTHIE_SHOP"",""SMOOTHIE_SHOP"",""ICE_CREAM_SHOP"",""ICE_CREAM_SHOP"",""BRUNCH_SPOT""]},{""step"":432,""shops"":[""SMOOTHIE_SHOP"",""SMOOTHIE_SHOP"",""ICE_CREAM_SHOP"",""ICE_CREAM_SHOP"",""BRUNCH_SPOT"",""ICE_CREAM_SHOP""]},{""step"":504,""shops"":[""SMOOTHIE_SHOP"",""SMOOTHIE_SHOP"",""ICE_CREAM_SHOP"",""ICE_CREAM_SHOP"",""BRUNCH_SPOT"",""ICE_CREAM_SHOP"",""PIZZA_SHOP""]},{""step"":576,""shops"":[""SMOOTHIE_SHOP"",""SMOOTHIE_SHOP"",""ICE_CREAM_SHOP"",""ICE_CREAM_SHOP"",""BRUNCH_SPOT"",""ICE_CREAM_SHOP"",""PIZZA_SHOP"",""PIZZA_SHOP""]}]",experiments/round10_public_learning_20260924/evaluations/public_candidate_selection/replays/melon_threshold/ahmed_v57/seed_2026092405_seat_1.json.gz,07002638d795f24719e235c6bbdba8ce2f1ccd01e68da6269c0848aacad05944,26e21e006e1d87042709a658c44fd44878f7a6415add558cbd2c71f4f8772b12,2ee689fdc58f38b7bf6b80b8d3f48129d19b47201dbee51fdcbd977498a5106f,0fe077cc65622d6f6828160d90b617595a4aa7ea188e4afc67bfee8e4d290c92,"{""players"":[{""sell_dead_units"":316,""refused_buy_product"":11,""refused_buy_seed"":3,""refused_buy_animal"":3,""refused_hire"":2,""refused_buy_land"":0,""hire_paid"":3894,""sell_zero_fill"":58,""buy_zero_fill"":10,""sell_revenue"":161227.0,""total_spend"":25856.0,""shed_discarded_units"":0,""sold_units"":1364,""feed_no_wheat"":0,""feed_no_animal"":88,""feed_redundant"":0,""water_dead"":45,""harvest_dead"":66,""plant_dead"":6,""animals_escaped"":1,""escape_capital"":400.0,""escape_yield_units"":0,""escape_first_day"":1,""animal_unfed_days"":53,""plants_dry"":1,""dry_seed_cost"":100.0,""dry_yield_units"":0,""dry_first_day"":21,""plant_unwatered_days"":375,""decay_units"":15,""plants_decayed"":15,""silent_loss_coins"":500.0,""silent_loss_units"":15,""dead_actions"":455,""move_dead"":0,""locked_dead"":0,""pickup_dead"":5,""drop_dead"":0,""place_dead"":18,""build_dead"":0,""dig_dead"":5,""fertilize_dead"":14,""collect_dead"":99,""care_dead"":109,""tile_cap_units"":20,""fertilizer_forgone"":14,""care_unfed"":47,""animal_shed_days"":1,""idle_tile_days"":148,""weed_tile_days"":3,""hand_pass_turns"":361,""farmer_pass_turns"":63,""phantom_hand_actions"":0,""sell_floor_units"":28,""hire_premium"":3633,""shed_units_now"":0,""shed_value_now"":0.0,""animals_in_shed_now"":0,""seeds_unplanted_now"":1,""seeds_unplanted_cost_now"":100.0},{""sell_dead_units"":84184,""refused_buy_product"":0,""refused_buy_seed"":0,""refused_buy_animal"":0,""refused_hire"":0,""refused_buy_land"":0,""hire_paid"":3897,""sell_zero_fill"":130,""buy_zero_fill"":0,""sell_revenue"":189470.0,""total_spend"":30213.0,""shed_discarded_units"":2,""sold_units"":1635,""feed_no_wheat"":0,""feed_no_animal"":0,""feed_redundant"":0,""water_dead"":12,""harvest_dead"":4,""plant_dead"":0,""animals_escaped"":0,""escape_capital"":0.0,""escape_yield_units"":0,""escape_first_day"":-1,""animal_unfed_days"":63,""plants_dry"":1,""dry_seed_cost"":100.0,""dry_yield_units"":0,""dry_first_day"":21,""plant_unwatered_days"":387,""decay_units"":18,""plants_decayed"":18,""silent_loss_coins"":100.0,""silent_loss_units"":20,""dead_actions"":41,""move_dead"":0,""locked_dead"":0,""pickup_dead"":0,""drop_dead"":0,""place_dead"":1,""build_dead"":0,""dig_dead"":3,""fertilize_dead"":0,""collect_dead"":8,""care_dead"":13,""tile_cap_units"":22,""fertilizer_forgone"":15,""care_unfed"":59,""animal_shed_days"":1,""idle_tile_days"":64,""weed_tile_days"":1,""hand_pass_turns"":389,""farmer_pass_turns"":63,""phantom_hand_actions"":0,""sell_floor_units"":40,""hire_premium"":3634,""shed_units_now"":0,""shed_value_now"":0.0,""animals_in_shed_now"":0,""seeds_unplanted_now"":1,""seeds_unplanted_cost_now"":10.0}]}",{},
melon_threshold,public_candidate,ahmed_v57,ahmed_route,2026092406,0,100876.0,87658.0,13218.0,W,kagsim,4.394953,0,0,0,0,0,0,0,0,5c295e808bf8c6cc88b06351dedfa48f256662fa6e2b45819c71ceafc69d84db,"[{""step"":0,""shops"":[]},{""step"":72,""shops"":[""SMOOTHIE_SHOP""]},{""step"":144,""shops"":[""SMOOTHIE_SHOP"",""BAKERY""]},{""step"":216,""shops"":[""SMOOTHIE_SHOP"",""BAKERY"",""BRUNCH_SPOT""]},{""step"":288,""shops"":[""SMOOTHIE_SHOP"",""BAKERY"",""BRUNCH_SPOT"",""FARMERS_MARKET""]},{""step"":360,""shops"":[""SMOOTHIE_SHOP"",""BAKERY"",""BRUNCH_SPOT"",""FARMERS_MARKET"",""BAKERY""]},{""step"":432,""shops"":[""SMOOTHIE_SHOP"",""BAKERY"",""BRUNCH_SPOT"",""FARMERS_MARKET"",""BAKERY"",""SMOOTHIE_SHOP""]},{""step"":504,""shops"":[""SMOOTHIE_SHOP"",""BAKERY"",""BRUNCH_SPOT"",""FARMERS_MARKET"",""BAKERY"",""SMOOTHIE_SHOP"",""PET_CAFE""]},{""step"":576,""shops"":[""SMOOTHIE_SHOP"",""BAKERY"",""BRUNCH_SPOT"",""FARMERS_MARKET"",""BAKERY"",""SMOOTHIE_SHOP"",""PET_CAFE"",""FARMERS_MARKET""]}]",experiments/round10_public_learning_20260924/evaluations/public_candidate_selection/replays/melon_threshold/ahmed_v57/seed_2026092406_seat_0.json.gz,a9c4e76fdb16798c5286669eb8459d461233254e72324876f59360befb57f65b,26e21e006e1d87042709a658c44fd44878f7a6415add558cbd2c71f4f8772b12,2ee689fdc58f38b7bf6b80b8d3f48129d19b47201dbee51fdcbd977498a5106f,0fe077cc65622d6f6828160d90b617595a4aa7ea188e4afc67bfee8e4d290c92,"{""players"":[{""sell_dead_units"":84199,""refused_buy_product"":0,""refused_buy_seed"":0,""refused_buy_animal"":0,""refused_hire"":0,""refused_buy_land"":0,""hire_paid"":3986,""sell_zero_fill"":139,""buy_zero_fill"":0,""sell_revenue"":128636.0,""total_spend"":30760.0,""shed_discarded_units"":0,""sold_units"":1644,""feed_no_wheat"":0,""feed_no_animal"":0,""feed_redundant"":0,""water_dead"":11,""harvest_dead"":3,""plant_dead"":0,""animals_escaped"":0,""escape_capital"":0.0,""escape_yield_units"":0,""escape_first_day"":-1,""animal_unfed_days"":94,""plants_dry"":1,""dry_seed_cost"":100.0,""dry_yield_units"":0,""dry_first_day"":21,""plant_unwatered_days"":387,""decay_units"":18,""plants_decayed"":18,""silent_loss_coins"":100.0,""silent_loss_units"":18,""dead_actions"":40,""move_dead"":0,""locked_dead"":0,""pickup_dead"":0,""drop_dead"":0,""place_dead"":1,""build_dead"":0,""dig_dead"":4,""fertilize_dead"":0,""collect_dead"":8,""care_dead"":13,""tile_cap_units"":22,""fertilizer_forgone"":15,""care_unfed"":90,""animal_shed_days"":1,""idle_tile_days"":64,""weed_tile_days"":3,""hand_pass_turns"":417,""farmer_pass_turns"":69,""phantom_hand_actions"":0,""sell_floor_units"":59,""hire_premium"":3722,""shed_units_now"":0,""shed_value_now"":0.0,""animals_in_shed_now"":0,""seeds_unplanted_now"":1,""seeds_unplanted_cost_now"":10.0},{""sell_dead_units"":2308,""refused_buy_product"":9,""refused_buy_seed"":2,""refused_buy_animal"":3,""refused_hire"":2,""refused_buy_land"":0,""hire_paid"":3983,""sell_zero_fill"":57,""buy_zero_fill"":8,""sell_revenue"":110669.0,""total_spend"":26011.0,""shed_discarded_units"":0,""sold_units"":1404,""feed_no_wheat"":0,""feed_no_animal"":88,""feed_redundant"":0,""water_dead"":38,""harvest_dead"":48,""plant_dead"":3,""animals_escaped"":1,""escape_capital"":400.0,""escape_yield_units"":0,""escape_first_day"":1,""animal_unfed_days"":72,""plants_dry"":1,""dry_seed_cost"":100.0,""dry_yield_units"":0,""dry_first_day"":21,""plant_unwatered_days"":376,""decay_units"":15,""plants_decayed"":15,""silent_loss_coins"":500.0,""silent_loss_units"":15,""dead_actions"":424,""move_dead"":0,""locked_dead"":0,""pickup_dead"":6,""drop_dead"":0,""place_dead"":13,""build_dead"":0,""dig_dead"":6,""fertilize_dead"":14,""collect_dead"":99,""care_dead"":109,""tile_cap_units"":16,""fertilizer_forgone"":17,""care_unfed"":66,""animal_shed_days"":1,""idle_tile_days"":143,""weed_tile_days"":2,""hand_pass_turns"":383,""farmer_pass_turns"":65,""phantom_hand_actions"":0,""sell_floor_units"":47,""hire_premium"":3721,""shed_units_now"":0,""shed_value_now"":0.0,""animals_in_shed_now"":0,""seeds_unplanted_now"":5,""seeds_unplanted_cost_now"":140.0}]}",{},
melon_threshold,public_candidate,ahmed_v57,ahmed_route,2026092406,1,100876.0,87658.0,13218.0,W,kagsim,4.477847,0,0,0,0,0,0,0,0,5c295e808bf8c6cc88b06351dedfa48f256662fa6e2b45819c71ceafc69d84db,"[{""step"":0,""shops"":[]},{""step"":72,""shops"":[""SMOOTHIE_SHOP""]},{""step"":144,""shops"":[""SMOOTHIE_SHOP"",""BAKERY""]},{""step"":216,""shops"":[""SMOOTHIE_SHOP"",""BAKERY"",""BRUNCH_SPOT""]},{""step"":288,""shops"":[""SMOOTHIE_SHOP"",""BAKERY"",""BRUNCH_SPOT"",""FARMERS_MARKET""]},{""step"":360,""shops"":[""SMOOTHIE_SHOP"",""BAKERY"",""BRUNCH_SPOT"",""FARMERS_MARKET"",""BAKERY""]},{""step"":432,""shops"":[""SMOOTHIE_SHOP"",""BAKERY"",""BRUNCH_SPOT"",""FARMERS_MARKET"",""BAKERY"",""SMOOTHIE_SHOP""]},{""step"":504,""shops"":[""SMOOTHIE_SHOP"",""BAKERY"",""BRUNCH_SPOT"",""FARMERS_MARKET"",""BAKERY"",""SMOOTHIE_SHOP"",""PET_CAFE""]},{""step"":576,""shops"":[""SMOOTHIE_SHOP"",""BAKERY"",""BRUNCH_SPOT"",""FARMERS_MARKET"",""BAKERY"",""SMOOTHIE_SHOP"",""PET_CAFE"",""FARMERS_MARKET""]}]",experiments/round10_public_learning_20260924/evaluations/public_candidate_selection/replays/melon_threshold/ahmed_v57/seed_2026092406_seat_1.json.gz,84d8fb3e3e52768f70269afd5ef5ab6cea3fc2b18d76ecd2d4cf18b92010cbd4,26e21e006e1d87042709a658c44fd44878f7a6415add558cbd2c71f4f8772b12,2ee689fdc58f38b7bf6b80b8d3f48129d19b47201dbee51fdcbd977498a5106f,0fe077cc65622d6f6828160d90b617595a4aa7ea188e4afc67bfee8e4d290c92,"{""players"":[{""sell_dead_units"":2308,""refused_buy_product"":9,""refused_buy_seed"":2,""refused_buy_animal"":3,""refused_hire"":2,""refused_buy_land"":0,""hire_paid"":3983,""sell_zero_fill"":57,""buy_zero_fill"":8,""sell_revenue"":110669.0,""total_spend"":26011.0,""shed_discarded_units"":0,""sold_units"":1404,""feed_no_wheat"":0,""feed_no_animal"":88,""feed_redundant"":0,""water_dead"":38,""harvest_dead"":48,""plant_dead"":3,""animals_escaped"":1,""escape_capital"":400.0,""escape_yield_units"":0,""escape_first_day"":1,""animal_unfed_days"":72,""plants_dry"":1,""dry_seed_cost"":100.0,""dry_yield_units"":0,""dry_first_day"":21,""plant_unwatered_days"":376,""decay_units"":15,""plants_decayed"":15,""silent_loss_coins"":500.0,""silent_loss_units"":15,""dead_actions"":424,""move_dead"":0,""locked_dead"":0,""pickup_dead"":6,""drop_dead"":0,""place_dead"":13,""build_dead"":0,""dig_dead"":6,""fertilize_dead"":14,""collect_dead"":99,""care_dead"":109,""tile_cap_units"":16,""fertilizer_forgone"":17,""care_unfed"":66,""animal_shed_days"":1,""idle_tile_days"":142,""weed_tile_days"":3,""hand_pass_turns"":383,""farmer_pass_turns"":65,""phantom_hand_actions"":0,""sell_floor_units"":47,""hire_premium"":3721,""shed_units_now"":0,""shed_value_now"":0.0,""animals_in_shed_now"":0,""seeds_unplanted_now"":5,""seeds_unplanted_cost_now"":140.0},{""sell_dead_units"":84199,""refused_buy_product"":0,""refused_buy_seed"":0,""refused_buy_animal"":0,""refused_hire"":0,""refused_buy_land"":0,""hire_paid"":3986,""sell_zero_fill"":139,""buy_zero_fill"":0,""sell_revenue"":128636.0,""total_spend"":30760.0,""shed_discarded_units"":0,""sold_units"":1644,""feed_no_wheat"":0,""feed_no_animal"":0,""feed_redundant"":0,""water_dead"":11,""harvest_dead"":3,""plant_dead"":0,""animals_escaped"":0,""escape_capital"":0.0,""escape_yield_units"":0,""escape_first_day"":-1,""animal_unfed_days"":94,""plants_dry"":1,""dry_seed_cost"":100.0,""dry_yield_units"":0,""dry_first_day"":21,""plant_unwatered_days"":387,""decay_units"":18,""plants_decayed"":18,""silent_loss_coins"":100.0,""silent_loss_units"":18,""dead_actions"":40,""move_dead"":0,""locked_dead"":0,""pickup_dead"":0,""drop_dead"":0,""place_dead"":1,""build_dead"":0,""dig_dead"":4,""fertilize_dead"":0,""collect_dead"":8,""care_dead"":13,""tile_cap_units"":22,""fertilizer_forgone"":15,""care_unfed"":90,""animal_shed_days"":1,""idle_tile_days"":65,""weed_tile_days"":2,""hand_pass_turns"":417,""farmer_pass_turns"":69,""phantom_hand_actions"":0,""sell_floor_units"":59,""hire_premium"":3722,""shed_units_now"":0,""shed_value_now"":0.0,""animals_in_shed_now"":0,""seeds_unplanted_now"":1,""seeds_unplanted_cost_now"":10.0}]}",{},
melon_threshold,public_candidate,herd_safe,herd_safe,2026092405,0,123294.0,124414.0,-1120.0,L,kagsim,5.395241,0,0,0,0,0,0,0,0,0729bebb66ade57fcb6dff845d6bfae4e139625a294bf1994420529d925a5402,"[{""step"":0,""shops"":[]},{""step"":72,""shops"":[""SMOOTHIE_SHOP""]},{""step"":144,""shops"":[""SMOOTHIE_SHOP"",""SMOOTHIE_SHOP""]},{""step"":216,""shops"":[""SMOOTHIE_SHOP"",""SMOOTHIE_SHOP"",""BRUNCH_SPOT""]},{""step"":288,""shops"":[""SMOOTHIE_SHOP"",""SMOOTHIE_SHOP"",""BRUNCH_SPOT"",""BRUNCH_SPOT""]},{""step"":360,""shops"":[""SMOOTHIE_SHOP"",""SMOOTHIE_SHOP"",""BRUNCH_SPOT"",""BRUNCH_SPOT"",""YARN_STORE""]},{""step"":432,""shops"":[""SMOOTHIE_SHOP"",""SMOOTHIE_SHOP"",""BRUNCH_SPOT"",""BRUNCH_SPOT"",""YARN_STORE"",""YARN_STORE""]},{""step"":504,""shops"":[""SMOOTHIE_SHOP"",""SMOOTHIE_SHOP"",""BRUNCH_SPOT"",""BRUNCH_SPOT"",""YARN_STORE"",""YARN_STORE"",""YARN_STORE""]},{""step"":576,""shops"":[""SMOOTHIE_SHOP"",""SMOOTHIE_SHOP"",""BRUNCH_SPOT"",""BRUNCH_SPOT"",""YARN_STORE"",""YARN_STORE"",""YARN_STORE"",""BRUNCH_SPOT""]}]",experiments/round10_public_learning_20260924/evaluations/public_candidate_selection/replays/melon_threshold/herd_safe/seed_2026092405_seat_0.json.gz,98a06927690d5e1d358201aec428214aa7ef8e1fb0a5ae3f6cbd27b59f01662c,26e21e006e1d87042709a658c44fd44878f7a6415add558cbd2c71f4f8772b12,b6553c296c556aff5b5e2d12b75618e505fa4d852afb5338414ac6d6e039cb02,0fe077cc65622d6f6828160d90b617595a4aa7ea188e4afc67bfee8e4d290c92,"{""players"":[{""sell_dead_units"":84168,""refused_buy_product"":0,""refused_buy_seed"":0,""refused_buy_animal"":0,""refused_hire"":0,""refused_buy_land"":0,""hire_paid"":4075,""sell_zero_fill"":131,""buy_zero_fill"":0,""sell_revenue"":150540.0,""total_spend"":30246.0,""shed_discarded_units"":3,""sold_units"":1676,""feed_no_wheat"":0,""feed_no_animal"":0,""feed_redundant"":0,""water_dead"":12,""harvest_dead"":4,""plant_dead"":0,""animals_escaped"":0,""escape_capital"":0.0,""escape_yield_units"":0,""escape_first_day"":-1,""animal_unfed_days"":61,""plants_dry"":1,""dry_seed_cost"":100.0,""dry_yield_units"":0,""dry_first_day"":21,""plant_unwatered_days"":387,""decay_units"":18,""plants_decayed"":18,""silent_loss_coins"":100.0,""silent_loss_units"":21,""dead_actions"":41,""move_dead"":0,""locked_dead"":0,""pickup_dead"":0,""drop_dead"":0,""place_dead"":1,""build_dead"":0,""dig_dead"":3,""fertilize_dead"":0,""collect_dead"":8,""care_dead"":13,""tile_cap_units"":24,""fertilizer_forgone"":15,""care_unfed"":57,""animal_shed_days"":1,""idle_tile_days"":64,""weed_tile_days"":1,""hand_pass_turns"":393,""farmer_pass_turns"":62,""phantom_hand_actions"":0,""sell_floor_units"":52,""hire_premium"":3810,""shed_units_now"":0,""shed_value_now"":0.0,""animals_in_shed_now"":0,""seeds_unplanted_now"":1,""seeds_unplanted_cost_now"":10.0},{""sell_dead_units"":2208,""refused_buy_product"":1,""refused_buy_seed"":0,""refused_buy_animal"":0,""refused_hire"":0,""refused_buy_land"":0,""hire_paid"":4075,""sell_zero_fill"":36,""buy_zero_fill"":1,""sell_revenue"":148828.0,""total_spend"":27414.0,""shed_discarded_units"":2,""sold_units"":1591,""feed_no_wheat"":0,""feed_no_animal"":0,""feed_redundant"":0,""water_dead"":11,""harvest_dead"":4,""plant_dead"":0,""animals_escaped"":0,""escape_capital"":0.0,""escape_yield_units"":0,""escape_first_day"":-1,""animal_unfed_days"":61,""plants_dry"":1,""dry_seed_cost"":100.0,""dry_yield_units"":0,""dry_first_day"":21,""plant_unwatered_days"":392,""decay_units"":18,""plants_decayed"":18,""silent_loss_coins"":100.0,""silent_loss_units"":20,""dead_actions"":41,""move_dead"":0,""locked_dead"":0,""pickup_dead"":0,""drop_dead"":0,""place_dead"":1,""build_dead"":0,""dig_dead"":3,""fertilize_dead"":1,""collect_dead"":8,""care_dead"":13,""tile_cap_units"":20,""fertilizer_forgone"":19,""care_unfed"":57,""animal_shed_days"":1,""idle_tile_days"":63,""weed_tile_days"":1,""hand_pass_turns"":378,""farmer_pass_turns"":63,""phantom_hand_actions"":0,""sell_floor_units"":52,""hire_premium"":3810,""shed_units_now"":0,""shed_value_now"":0.0,""animals_in_shed_now"":0,""seeds_unplanted_now"":5,""seeds_unplanted_cost_now"":50.0}]}",{},
melon_threshold,public_candidate,herd_safe,herd_safe,2026092405,1,123294.0,124414.0,-1120.0,L,kagsim,5.476632,0,0,0,0,0,0,0,0,0729bebb66ade57fcb6dff845d6bfae4e139625a294bf1994420529d925a5402,"[{""step"":0,""shops"":[]},{""step"":72,""shops"":[""SMOOTHIE_SHOP""]},{""step"":144,""shops"":[""SMOOTHIE_SHOP"",""SMOOTHIE_SHOP""]},{""step"":216,""shops"":[""SMOOTHIE_SHOP"",""SMOOTHIE_SHOP"",""BRUNCH_SPOT""]},{""step"":288,""shops"":[""SMOOTHIE_SHOP"",""SMOOTHIE_SHOP"",""BRUNCH_SPOT"",""BRUNCH_SPOT""]},{""step"":360,""shops"":[""SMOOTHIE_SHOP"",""SMOOTHIE_SHOP"",""BRUNCH_SPOT"",""BRUNCH_SPOT"",""YARN_STORE""]},{""step"":432,""shops"":[""SMOOTHIE_SHOP"",""SMOOTHIE_SHOP"",""BRUNCH_SPOT"",""BRUNCH_SPOT"",""YARN_STORE"",""YARN_STORE""]},{""step"":504,""shops"":[""SMOOTHIE_SHOP"",""SMOOTHIE_SHOP"",""BRUNCH_SPOT"",""BRUNCH_SPOT"",""YARN_STORE"",""YARN_STORE"",""YARN_STORE""]},{""step"":576,""shops"":[""SMOOTHIE_SHOP"",""SMOOTHIE_SHOP"",""BRUNCH_SPOT"",""BRUNCH_SPOT"",""YARN_STORE"",""YARN_STORE"",""YARN_STORE"",""BRUNCH_SPOT""]}]",experiments/round10_public_learning_20260924/evaluations/public_candidate_selection/replays/melon_threshold/herd_safe/seed_2026092405_seat_1.json.gz,befd4b8560e203d1c46a0e2d268e6ab44bc6d06548a2d0c9f42dc8503db4dda6,26e21e006e1d87042709a658c44fd44878f7a6415add558cbd2c71f4f8772b12,b6553c296c556aff5b5e2d12b75618e505fa4d852afb5338414ac6d6e039cb02,0fe077cc65622d6f6828160d90b617595a4aa7ea188e4afc67bfee8e4d290c92,"{""players"":[{""sell_dead_units"":2208,""refused_buy_product"":1,""refused_buy_seed"":0,""refused_buy_animal"":0,""refused_hire"":0,""refused_buy_land"":0,""hire_paid"":4075,""sell_zero_fill"":36,""buy_zero_fill"":1,""sell_revenue"":148828.0,""total_spend"":27414.0,""shed_discarded_units"":2,""sold_units"":1591,""feed_no_wheat"":0,""feed_no_animal"":0,""feed_redundant"":0,""water_dead"":11,""harvest_dead"":4,""plant_dead"":0,""animals_escaped"":0,""escape_capital"":0.0,""escape_yield_units"":0,""escape_first_day"":-1,""animal_unfed_days"":61,""plants_dry"":1,""dry_seed_cost"":100.0,""dry_yield_units"":0,""dry_first_day"":21,""plant_unwatered_days"":392,""decay_units"":18,""plants_decayed"":18,""silent_loss_coins"":100.0,""silent_loss_units"":20,""dead_actions"":41,""move_dead"":0,""locked_dead"":0,""pickup_dead"":0,""drop_dead"":0,""place_dead"":1,""build_dead"":0,""dig_dead"":3,""fertilize_dead"":1,""collect_dead"":8,""care_dead"":13,""tile_cap_units"":20,""fertilizer_forgone"":19,""care_unfed"":57,""animal_shed_days"":1,""idle_tile_days"":63,""weed_tile_days"":1,""hand_pass_turns"":378,""farmer_pass_turns"":63,""phantom_hand_actions"":0,""sell_floor_units"":52,""hire_premium"":3810,""shed_units_now"":0,""shed_value_now"":0.0,""animals_in_shed_now"":0,""seeds_unplanted_now"":5,""seeds_unplanted_cost_now"":50.0},{""sell_dead_units"":84168,""refused_buy_product"":0,""refused_buy_seed"":0,""refused_buy_animal"":0,""refused_hire"":0,""refused_buy_land"":0,""hire_paid"":4075,""sell_zero_fill"":131,""buy_zero_fill"":0,""sell_revenue"":150540.0,""total_spend"":30246.0,""shed_discarded_units"":3,""sold_units"":1676,""feed_no_wheat"":0,""feed_no_animal"":0,""feed_redundant"":0,""water_dead"":12,""harvest_dead"":4,""plant_dead"":0,""animals_escaped"":0,""escape_capital"":0.0,""escape_yield_units"":0,""escape_first_day"":-1,""animal_unfed_days"":61,""plants_dry"":1,""dry_seed_cost"":100.0,""dry_yield_units"":0,""dry_first_day"":21,""plant_unwatered_days"":387,""decay_units"":18,""plants_decayed"":18,""silent_loss_coins"":100.0,""silent_loss_units"":21,""dead_actions"":41,""move_dead"":0,""locked_dead"":0,""pickup_dead"":0,""drop_dead"":0,""place_dead"":1,""build_dead"":0,""dig_dead"":3,""fertilize_dead"":0,""collect_dead"":8,""care_dead"":13,""tile_cap_units"":24,""fertilizer_forgone"":15,""care_unfed"":57,""animal_shed_days"":1,""idle_tile_days"":64,""weed_tile_days"":1,""hand_pass_turns"":393,""farmer_pass_turns"":62,""phantom_hand_actions"":0,""sell_floor_units"":52,""hire_premium"":3810,""shed_units_now"":0,""shed_value_now"":0.0,""animals_in_shed_now"":0,""seeds_unplanted_now"":1,""seeds_unplanted_cost_now"":10.0}]}",{},
melon_threshold,public_candidate,herd_safe,herd_safe,2026092406,0,74197.0,77480.0,-3283.0,L,kagsim,5.425462,0,0,0,0,0,0,0,0,123c15caaac8b39a3589302bb7e21c0d3bad74fd0808c6fc78b42c810fe61e15,"[{""step"":0,""shops"":[]},{""step"":72,""shops"":[""YARN_STORE""]},{""step"":144,""shops"":[""YARN_STORE"",""BAKERY""]},{""step"":216,""shops"":[""YARN_STORE"",""BAKERY"",""ICE_CREAM_SHOP""]},{""step"":288,""shops"":[""YARN_STORE"",""BAKERY"",""ICE_CREAM_SHOP"",""BRUNCH_SPOT""]},{""step"":360,""shops"":[""YARN_STORE"",""BAKERY"",""ICE_CREAM_SHOP"",""BRUNCH_SPOT"",""PET_CAFE""]},{""step"":432,""shops"":[""YARN_STORE"",""BAKERY"",""ICE_CREAM_SHOP"",""BRUNCH_SPOT"",""PET_CAFE"",""BAKERY""]},{""step"":504,""shops"":[""YARN_STORE"",""BAKERY"",""ICE_CREAM_SHOP"",""BRUNCH_SPOT"",""PET_CAFE"",""BAKERY"",""BRUNCH_SPOT""]},{""step"":576,""shops"":[""YARN_STORE"",""BAKERY"",""ICE_CREAM_SHOP"",""BRUNCH_SPOT"",""PET_CAFE"",""BAKERY"",""BRUNCH_SPOT"",""FARMERS_MARKET""]}]",experiments/round10_public_learning_20260924/evaluations/public_candidate_selection/replays/melon_threshold/herd_safe/seed_2026092406_seat_0.json.gz,db1efb98e793631162274fe5a35657c6f7e77ec454cff6bcfab89af1e0015be4,26e21e006e1d87042709a658c44fd44878f7a6415add558cbd2c71f4f8772b12,b6553c296c556aff5b5e2d12b75618e505fa4d852afb5338414ac6d6e039cb02,0fe077cc65622d6f6828160d90b617595a4aa7ea188e4afc67bfee8e4d290c92,"{""players"":[{""sell_dead_units"":84084,""refused_buy_product"":0,""refused_buy_seed"":0,""refused_buy_animal"":0,""refused_hire"":0,""refused_buy_land"":0,""hire_paid"":5659,""sell_zero_fill"":110,""buy_zero_fill"":0,""sell_revenue"":103901.0,""total_spend"":32704.0,""shed_discarded_units"":37,""sold_units"":1629,""feed_no_wheat"":0,""feed_no_animal"":0,""feed_redundant"":0,""water_dead"":2,""harvest_dead"":6,""plant_dead"":0,""animals_escaped"":0,""escape_capital"":0.0,""escape_yield_units"":0,""escape_first_day"":-1,""animal_unfed_days"":75,""plants_dry"":1,""dry_seed_cost"":100.0,""dry_yield_units"":0,""dry_first_day"":21,""plant_unwatered_days"":377,""decay_units"":18,""plants_decayed"":18,""silent_loss_coins"":100.0,""silent_loss_units"":55,""dead_actions"":21,""move_dead"":0,""locked_dead"":0,""pickup_dead"":0,""drop_dead"":0,""place_dead"":2,""build_dead"":0,""dig_dead"":2,""fertilize_dead"":0,""collect_dead"":4,""care_dead"":5,""tile_cap_units"":6,""fertilizer_forgone"":14,""care_unfed"":71,""animal_shed_days"":0,""idle_tile_days"":63,""weed_tile_days"":3,""hand_pass_turns"":664,""farmer_pass_turns"":84,""phantom_hand_actions"":0,""sell_floor_units"":163,""hire_premium"":5377,""shed_units_now"":0,""shed_value_now"":0.0,""animals_in_shed_now"":0,""seeds_unplanted_now"":0,""seeds_unplanted_cost_now"":0.0},{""sell_dead_units"":179,""refused_buy_product"":1,""refused_buy_seed"":0,""refused_buy_animal"":0,""refused_hire"":0,""refused_buy_land"":0,""hire_paid"":5659,""sell_zero_fill"":17,""buy_zero_fill"":1,""sell_revenue"":104080.0,""total_spend"":29600.0,""shed_discarded_units"":33,""sold_units"":1543,""feed_no_wheat"":0,""feed_no_animal"":0,""feed_redundant"":0,""water_dead"":1,""harvest_dead"":4,""plant_dead"":0,""animals_escaped"":0,""escape_capital"":0.0,""escape_yield_units"":0,""escape_first_day"":-1,""animal_unfed_days"":75,""plants_dry"":1,""dry_seed_cost"":100.0,""dry_yield_units"":0,""dry_first_day"":21,""plant_unwatered_days"":385,""decay_units"":18,""plants_decayed"":18,""silent_loss_coins"":100.0,""silent_loss_units"":51,""dead_actions"":17,""move_dead"":0,""locked_dead"":0,""pickup_dead"":0,""drop_dead"":0,""place_dead"":1,""build_dead"":0,""dig_dead"":2,""fertilize_dead"":0,""collect_dead"":4,""care_dead"":5,""tile_cap_units"":9,""fertilizer_forgone"":14,""care_unfed"":71,""animal_shed_days"":0,""idle_tile_days"":62,""weed_tile_days"":3,""hand_pass_turns"":629,""farmer_pass_turns"":84,""phantom_hand_actions"":0,""sell_floor_units"":144,""hire_premium"":5377,""shed_units_now"":0,""shed_value_now"":0.0,""animals_in_shed_now"":0,""seeds_unplanted_now"":0,""seeds_unplanted_cost_now"":0.0}]}",{},
melon_threshold,public_candidate,herd_safe,herd_safe,2026092406,1,74197.0,77480.0,-3283.0,L,kagsim,5.194917,0,0,0,0,0,0,0,0,123c15caaac8b39a3589302bb7e21c0d3bad74fd0808c6fc78b42c810fe61e15,"[{""step"":0,""shops"":[]},{""step"":72,""shops"":[""YARN_STORE""]},{""step"":144,""shops"":[""YARN_STORE"",""BAKERY""]},{""step"":216,""shops"":[""YARN_STORE"",""BAKERY"",""ICE_CREAM_SHOP""]},{""step"":288,""shops"":[""YARN_STORE"",""BAKERY"",""ICE_CREAM_SHOP"",""BRUNCH_SPOT""]},{""step"":360,""shops"":[""YARN_STORE"",""BAKERY"",""ICE_CREAM_SHOP"",""BRUNCH_SPOT"",""PET_CAFE""]},{""step"":432,""shops"":[""YARN_STORE"",""BAKERY"",""ICE_CREAM_SHOP"",""BRUNCH_SPOT"",""PET_CAFE"",""BAKERY""]},{""step"":504,""shops"":[""YARN_STORE"",""BAKERY"",""ICE_CREAM_SHOP"",""BRUNCH_SPOT"",""PET_CAFE"",""BAKERY"",""BRUNCH_SPOT""]},{""step"":576,""shops"":[""YARN_STORE"",""BAKERY"",""ICE_CREAM_SHOP"",""BRUNCH_SPOT"",""PET_CAFE"",""BAKERY"",""BRUNCH_SPOT"",""FARMERS_MARKET""]}]",experiments/round10_public_learning_20260924/evaluations/public_candidate_selection/replays/melon_threshold/herd_safe/seed_2026092406_seat_1.json.gz,b334f11ac0c440e15cfc65b901d6ac114c2f2d4888a4bc8af94b287ea00f65e5,26e21e006e1d87042709a658c44fd44878f7a6415add558cbd2c71f4f8772b12,b6553c296c556aff5b5e2d12b75618e505fa4d852afb5338414ac6d6e039cb02,0fe077cc65622d6f6828160d90b617595a4aa7ea188e4afc67bfee8e4d290c92,"{""players"":[{""sell_dead_units"":179,""refused_buy_product"":1,""refused_buy_seed"":0,""refused_buy_animal"":0,""refused_hire"":0,""refused_buy_land"":0,""hire_paid"":5659,""sell_zero_fill"":17,""buy_zero_fill"":1,""sell_revenue"":104080.0,""total_spend"":29600.0,""shed_discarded_units"":33,""sold_units"":1543,""feed_no_wheat"":0,""feed_no_animal"":0,""feed_redundant"":0,""water_dead"":1,""harvest_dead"":4,""plant_dead"":0,""animals_escaped"":0,""escape_capital"":0.0,""escape_yield_units"":0,""escape_first_day"":-1,""animal_unfed_days"":75,""plants_dry"":1,""dry_seed_cost"":100.0,""dry_yield_units"":0,""dry_first_day"":21,""plant_unwatered_days"":385,""decay_units"":18,""plants_decayed"":18,""silent_loss_coins"":100.0,""silent_loss_units"":51,""dead_actions"":17,""move_dead"":0,""locked_dead"":0,""pickup_dead"":0,""drop_dead"":0,""place_dead"":1,""build_dead"":0,""dig_dead"":2,""fertilize_dead"":0,""collect_dead"":4,""care_dead"":5,""tile_cap_units"":9,""fertilizer_forgone"":14,""care_unfed"":71,""animal_shed_days"":0,""idle_tile_days"":62,""weed_tile_days"":3,""hand_pass_turns"":629,""farmer_pass_turns"":84,""phantom_hand_actions"":0,""sell_floor_units"":144,""hire_premium"":5377,""shed_units_now"":0,""shed_value_now"":0.0,""animals_in_shed_now"":0,""seeds_unplanted_now"":0,""seeds_unplanted_cost_now"":0.0},{""sell_dead_units"":84084,""refused_buy_product"":0,""refused_buy_seed"":0,""refused_buy_animal"":0,""refused_hire"":0,""refused_buy_land"":0,""hire_paid"":5659,""sell_zero_fill"":110,""buy_zero_fill"":0,""sell_revenue"":103901.0,""total_spend"":32704.0,""shed_discarded_units"":37,""sold_units"":1629,""feed_no_wheat"":0,""feed_no_animal"":0,""feed_redundant"":0,""water_dead"":2,""harvest_dead"":6,""plant_dead"":0,""animals_escaped"":0,""escape_capital"":0.0,""escape_yield_units"":0,""escape_first_day"":-1,""animal_unfed_days"":75,""plants_dry"":1,""dry_seed_cost"":100.0,""dry_yield_units"":0,""dry_first_day"":21,""plant_unwatered_days"":377,""decay_units"":18,""plants_decayed"":18,""silent_loss_coins"":100.0,""silent_loss_units"":55,""dead_actions"":21,""move_dead"":0,""locked_dead"":0,""pickup_dead"":0,""drop_dead"":0,""place_dead"":2,""build_dead"":0,""dig_dead"":2,""fertilize_dead"":0,""collect_dead"":4,""care_dead"":5,""tile_cap_units"":6,""fertilizer_forgone"":14,""care_unfed"":71,""animal_shed_days"":0,""idle_tile_days"":63,""weed_tile_days"":3,""hand_pass_turns"":664,""farmer_pass_turns"":84,""phantom_hand_actions"":0,""sell_floor_units"":163,""hire_premium"":5377,""shed_units_now"":0,""shed_value_now"":0.0,""animals_in_shed_now"":0,""seeds_unplanted_now"":0,""seeds_unplanted_cost_now"":0.0}]}",{},
melon_threshold,public_candidate,melon_threshold,melon_threshold,2026092405,0,124366.0,124366.0,0.0,T,kagsim,3.469421,0,0,0,0,0,0,0,0,0729bebb66ade57fcb6dff845d6bfae4e139625a294bf1994420529d925a5402,"[{""step"":0,""shops"":[]},{""step"":72,""shops"":[""SMOOTHIE_SHOP""]},{""step"":144,""shops"":[""SMOOTHIE_SHOP"",""SMOOTHIE_SHOP""]},{""step"":216,""shops"":[""SMOOTHIE_SHOP"",""SMOOTHIE_SHOP"",""BRUNCH_SPOT""]},{""step"":288,""shops"":[""SMOOTHIE_SHOP"",""SMOOTHIE_SHOP"",""BRUNCH_SPOT"",""BRUNCH_SPOT""]},{""step"":360,""shops"":[""SMOOTHIE_SHOP"",""SMOOTHIE_SHOP"",""BRUNCH_SPOT"",""BRUNCH_SPOT"",""YARN_STORE""]},{""step"":432,""shops"":[""SMOOTHIE_SHOP"",""SMOOTHIE_SHOP"",""BRUNCH_SPOT"",""BRUNCH_SPOT"",""YARN_STORE"",""YARN_STORE""]},{""step"":504,""shops"":[""SMOOTHIE_SHOP"",""SMOOTHIE_SHOP"",""BRUNCH_SPOT"",""BRUNCH_SPOT"",""YARN_STORE"",""YARN_STORE"",""YARN_STORE""]},{""step"":576,""shops"":[""SMOOTHIE_SHOP"",""SMOOTHIE_SHOP"",""BRUNCH_SPOT"",""BRUNCH_SPOT"",""YARN_STORE"",""YARN_STORE"",""YARN_STORE"",""BRUNCH_SPOT""]}]",experiments/round10_public_learning_20260924/evaluations/public_candidate_selection/replays/melon_threshold/melon_threshold/seed_2026092405_seat_0.json.gz,80502fcb455f686a660cc1f90704ddec2dade39af32ee309286d1f03fd9fba2f,26e21e006e1d87042709a658c44fd44878f7a6415add558cbd2c71f4f8772b12,26e21e006e1d87042709a658c44fd44878f7a6415add558cbd2c71f4f8772b12,0fe077cc65622d6f6828160d90b617595a4aa7ea188e4afc67bfee8e4d290c92,"{""players"":[{""sell_dead_units"":84172,""refused_buy_product"":2,""refused_buy_seed"":0,""refused_buy_animal"":0,""refused_hire"":0,""refused_buy_land"":0,""hire_paid"":4075,""sell_zero_fill"":133,""buy_zero_fill"":0,""sell_revenue"":151713.0,""total_spend"":30347.0,""shed_discarded_units"":1,""sold_units"":1673,""feed_no_wheat"":0,""feed_no_animal"":0,""feed_redundant"":0,""water_dead"":12,""harvest_dead"":4,""plant_dead"":0,""animals_escaped"":0,""escape_capital"":0.0,""escape_yield_units"":0,""escape_first_day"":-1,""animal_unfed_days"":62,""plants_dry"":1,""dry_seed_cost"":100.0,""dry_yield_units"":0,""dry_first_day"":21,""plant_unwatered_days"":387,""decay_units"":18,""plants_decayed"":18,""silent_loss_coins"":100.0,""silent_loss_units"":19,""dead_actions"":41,""move_dead"":0,""locked_dead"":0,""pickup_dead"":0,""drop_dead"":0,""place_dead"":1,""build_dead"":0,""dig_dead"":3,""fertilize_dead"":0,""collect_dead"":8,""care_dead"":13,""tile_cap_units"":24,""fertilizer_forgone"":15,""care_unfed"":58,""animal_shed_days"":1,""idle_tile_days"":64,""weed_tile_days"":1,""hand_pass_turns"":394,""farmer_pass_turns"":62,""phantom_hand_actions"":0,""sell_floor_units"":51,""hire_premium"":3810,""shed_units_now"":0,""shed_value_now"":0.0,""animals_in_shed_now"":0,""seeds_unplanted_now"":1,""seeds_unplanted_cost_now"":10.0},{""sell_dead_units"":84172,""refused_buy_product"":2,""refused_buy_seed"":0,""refused_buy_animal"":0,""refused_hire"":0,""refused_buy_land"":0,""hire_paid"":4075,""sell_zero_fill"":133,""buy_zero_fill"":0,""sell_revenue"":151713.0,""total_spend"":30347.0,""shed_discarded_units"":1,""sold_units"":1673,""feed_no_wheat"":0,""feed_no_animal"":0,""feed_redundant"":0,""water_dead"":12,""harvest_dead"":4,""plant_dead"":0,""animals_escaped"":0,""escape_capital"":0.0,""escape_yield_units"":0,""escape_first_day"":-1,""animal_unfed_days"":62,""plants_dry"":1,""dry_seed_cost"":100.0,""dry_yield_units"":0,""dry_first_day"":21,""plant_unwatered_days"":387,""decay_units"":18,""plants_decayed"":18,""silent_loss_coins"":100.0,""silent_loss_units"":19,""dead_actions"":41,""move_dead"":0,""locked_dead"":0,""pickup_dead"":0,""drop_dead"":0,""place_dead"":1,""build_dead"":0,""dig_dead"":3,""fertilize_dead"":0,""collect_dead"":8,""care_dead"":13,""tile_cap_units"":24,""fertilizer_forgone"":15,""care_unfed"":58,""animal_shed_days"":1,""idle_tile_days"":64,""weed_tile_days"":1,""hand_pass_turns"":394,""farmer_pass_turns"":62,""phantom_hand_actions"":0,""sell_floor_units"":51,""hire_premium"":3810,""shed_units_now"":0,""shed_value_now"":0.0,""animals_in_shed_now"":0,""seeds_unplanted_now"":1,""seeds_unplanted_cost_now"":10.0}]}",{},
melon_threshold,public_candidate,melon_threshold,melon_threshold,2026092405,1,124366.0,124366.0,0.0,T,kagsim,3.507975,0,0,0,0,0,0,0,0,0729bebb66ade57fcb6dff845d6bfae4e139625a294bf1994420529d925a5402,"[{""step"":0,""shops"":[]},{""step"":72,""shops"":[""SMOOTHIE_SHOP""]},{""step"":144,""shops"":[""SMOOTHIE_SHOP"",""SMOOTHIE_SHOP""]},{""step"":216,""shops"":[""SMOOTHIE_SHOP"",""SMOOTHIE_SHOP"",""BRUNCH_SPOT""]},{""step"":288,""shops"":[""SMOOTHIE_SHOP"",""SMOOTHIE_SHOP"",""BRUNCH_SPOT"",""BRUNCH_SPOT""]},{""step"":360,""shops"":[""SMOOTHIE_SHOP"",""SMOOTHIE_SHOP"",""BRUNCH_SPOT"",""BRUNCH_SPOT"",""YARN_STORE""]},{""step"":432,""shops"":[""SMOOTHIE_SHOP"",""SMOOTHIE_SHOP"",""BRUNCH_SPOT"",""BRUNCH_SPOT"",""YARN_STORE"",""YARN_STORE""]},{""step"":504,""shops"":[""SMOOTHIE_SHOP"",""SMOOTHIE_SHOP"",""BRUNCH_SPOT"",""BRUNCH_SPOT"",""YARN_STORE"",""YARN_STORE"",""YARN_STORE""]},{""step"":576,""shops"":[""SMOOTHIE_SHOP"",""SMOOTHIE_SHOP"",""BRUNCH_SPOT"",""BRUNCH_SPOT"",""YARN_STORE"",""YARN_STORE"",""YARN_STORE"",""BRUNCH_SPOT""]}]",experiments/round10_public_learning_20260924/evaluations/public_candidate_selection/replays/melon_threshold/melon_threshold/seed_2026092405_seat_1.json.gz,4edbc3016ef5d7cd14c3ab3dc2069fe0edb5a9440e3ec9d0918ed18d3759a6ce,26e21e006e1d87042709a658c44fd44878f7a6415add558cbd2c71f4f8772b12,26e21e006e1d87042709a658c44fd44878f7a6415add558cbd2c71f4f8772b12,0fe077cc65622d6f6828160d90b617595a4aa7ea188e4afc67bfee8e4d290c92,"{""players"":[{""sell_dead_units"":84172,""refused_buy_product"":2,""refused_buy_seed"":0,""refused_buy_animal"":0,""refused_hire"":0,""refused_buy_land"":0,""hire_paid"":4075,""sell_zero_fill"":133,""buy_zero_fill"":0,""sell_revenue"":151713.0,""total_spend"":30347.0,""shed_discarded_units"":1,""sold_units"":1673,""feed_no_wheat"":0,""feed_no_animal"":0,""feed_redundant"":0,""water_dead"":12,""harvest_dead"":4,""plant_dead"":0,""animals_escaped"":0,""escape_capital"":0.0,""escape_yield_units"":0,""escape_first_day"":-1,""animal_unfed_days"":62,""plants_dry"":1,""dry_seed_cost"":100.0,""dry_yield_units"":0,""dry_first_day"":21,""plant_unwatered_days"":387,""decay_units"":18,""plants_decayed"":18,""silent_loss_coins"":100.0,""silent_loss_units"":19,""dead_actions"":41,""move_dead"":0,""locked_dead"":0,""pickup_dead"":0,""drop_dead"":0,""place_dead"":1,""build_dead"":0,""dig_dead"":3,""fertilize_dead"":0,""collect_dead"":8,""care_dead"":13,""tile_cap_units"":24,""fertilizer_forgone"":15,""care_unfed"":58,""animal_shed_days"":1,""idle_tile_days"":64,""weed_tile_days"":1,""hand_pass_turns"":394,""farmer_pass_turns"":62,""phantom_hand_actions"":0,""sell_floor_units"":51,""hire_premium"":3810,""shed_units_now"":0,""shed_value_now"":0.0,""animals_in_shed_now"":0,""seeds_unplanted_now"":1,""seeds_unplanted_cost_now"":10.0},{""sell_dead_units"":84172,""refused_buy_product"":2,""refused_buy_seed"":0,""refused_buy_animal"":0,""refused_hire"":0,""refused_buy_land"":0,""hire_paid"":4075,""sell_zero_fill"":133,""buy_zero_fill"":0,""sell_revenue"":151713.0,""total_spend"":30347.0,""shed_discarded_units"":1,""sold_units"":1673,""feed_no_wheat"":0,""feed_no_animal"":0,""feed_redundant"":0,""water_dead"":12,""harvest_dead"":4,""plant_dead"":0,""animals_escaped"":0,""escape_capital"":0.0,""escape_yield_units"":0,""escape_first_day"":-1,""animal_unfed_days"":62,""plants_dry"":1,""dry_seed_cost"":100.0,""dry_yield_units"":0,""dry_first_day"":21,""plant_unwatered_days"":387,""decay_units"":18,""plants_decayed"":18,""silent_loss_coins"":100.0,""silent_loss_units"":19,""dead_actions"":41,""move_dead"":0,""locked_dead"":0,""pickup_dead"":0,""drop_dead"":0,""place_dead"":1,""build_dead"":0,""dig_dead"":3,""fertilize_dead"":0,""collect_dead"":8,""care_dead"":13,""tile_cap_units"":24,""fertilizer_forgone"":15,""care_unfed"":58,""animal_shed_days"":1,""idle_tile_days"":64,""weed_tile_days"":1,""hand_pass_turns"":394,""farmer_pass_turns"":62,""phantom_hand_actions"":0,""sell_floor_units"":51,""hire_premium"":3810,""shed_units_now"":0,""shed_value_now"":0.0,""animals_in_shed_now"":0,""seeds_unplanted_now"":1,""seeds_unplanted_cost_now"":10.0}]}",{},
melon_threshold,public_candidate,melon_threshold,melon_threshold,2026092406,0,76996.0,76996.0,0.0,T,kagsim,3.421209,0,0,0,0,0,0,0,0,123c15caaac8b39a3589302bb7e21c0d3bad74fd0808c6fc78b42c810fe61e15,"[{""step"":0,""shops"":[]},{""step"":72,""shops"":[""YARN_STORE""]},{""step"":144,""shops"":[""YARN_STORE"",""BAKERY""]},{""step"":216,""shops"":[""YARN_STORE"",""BAKERY"",""ICE_CREAM_SHOP""]},{""step"":288,""shops"":[""YARN_STORE"",""BAKERY"",""ICE_CREAM_SHOP"",""BRUNCH_SPOT""]},{""step"":360,""shops"":[""YARN_STORE"",""BAKERY"",""ICE_CREAM_SHOP"",""BRUNCH_SPOT"",""PET_CAFE""]},{""step"":432,""shops"":[""YARN_STORE"",""BAKERY"",""ICE_CREAM_SHOP"",""BRUNCH_SPOT"",""PET_CAFE"",""BAKERY""]},{""step"":504,""shops"":[""YARN_STORE"",""BAKERY"",""ICE_CREAM_SHOP"",""BRUNCH_SPOT"",""PET_CAFE"",""BAKERY"",""BRUNCH_SPOT""]},{""step"":576,""shops"":[""YARN_STORE"",""BAKERY"",""ICE_CREAM_SHOP"",""BRUNCH_SPOT"",""PET_CAFE"",""BAKERY"",""BRUNCH_SPOT"",""FARMERS_MARKET""]}]",experiments/round10_public_learning_20260924/evaluations/public_candidate_selection/replays/melon_threshold/melon_threshold/seed_2026092406_seat_0.json.gz,c0ff3112cfc6ac1074b755d278595daa9c9431303cf89dd3927a636a8641e15e,26e21e006e1d87042709a658c44fd44878f7a6415add558cbd2c71f4f8772b12,26e21e006e1d87042709a658c44fd44878f7a6415add558cbd2c71f4f8772b12,0fe077cc65622d6f6828160d90b617595a4aa7ea188e4afc67bfee8e4d290c92,"{""players"":[{""sell_dead_units"":84086,""refused_buy_product"":2,""refused_buy_seed"":0,""refused_buy_animal"":0,""refused_hire"":0,""refused_buy_land"":0,""hire_paid"":5659,""sell_zero_fill"":110,""buy_zero_fill"":0,""sell_revenue"":106809.0,""total_spend"":32813.0,""shed_discarded_units"":37,""sold_units"":1627,""feed_no_wheat"":0,""feed_no_animal"":0,""feed_redundant"":0,""water_dead"":2,""harvest_dead"":6,""plant_dead"":0,""animals_escaped"":0,""escape_capital"":0.0,""escape_yield_units"":0,""escape_first_day"":-1,""animal_unfed_days"":75,""plants_dry"":1,""dry_seed_cost"":100.0,""dry_yield_units"":0,""dry_first_day"":21,""plant_unwatered_days"":377,""decay_units"":18,""plants_decayed"":18,""silent_loss_coins"":100.0,""silent_loss_units"":55,""dead_actions"":21,""move_dead"":0,""locked_dead"":0,""pickup_dead"":0,""drop_dead"":0,""place_dead"":2,""build_dead"":0,""dig_dead"":2,""fertilize_dead"":0,""collect_dead"":4,""care_dead"":5,""tile_cap_units"":6,""fertilizer_forgone"":14,""care_unfed"":71,""animal_shed_days"":0,""idle_tile_days"":63,""weed_tile_days"":3,""hand_pass_turns"":664,""farmer_pass_turns"":84,""phantom_hand_actions"":0,""sell_floor_units"":165,""hire_premium"":5377,""shed_units_now"":0,""shed_value_now"":0.0,""animals_in_shed_now"":0,""seeds_unplanted_now"":0,""seeds_unplanted_cost_now"":0.0},{""sell_dead_units"":84086,""refused_buy_product"":2,""refused_buy_seed"":0,""refused_buy_animal"":0,""refused_hire"":0,""refused_buy_land"":0,""hire_paid"":5659,""sell_zero_fill"":110,""buy_zero_fill"":0,""sell_revenue"":106809.0,""total_spend"":32813.0,""shed_discarded_units"":37,""sold_units"":1627,""feed_no_wheat"":0,""feed_no_animal"":0,""feed_redundant"":0,""water_dead"":2,""harvest_dead"":6,""plant_dead"":0,""animals_escaped"":0,""escape_capital"":0.0,""escape_yield_units"":0,""escape_first_day"":-1,""animal_unfed_days"":75,""plants_dry"":1,""dry_seed_cost"":100.0,""dry_yield_units"":0,""dry_first_day"":21,""plant_unwatered_days"":377,""decay_units"":18,""plants_decayed"":18,""silent_loss_coins"":100.0,""silent_loss_units"":55,""dead_actions"":21,""move_dead"":0,""locked_dead"":0,""pickup_dead"":0,""drop_dead"":0,""place_dead"":2,""build_dead"":0,""dig_dead"":2,""fertilize_dead"":0,""collect_dead"":4,""care_dead"":5,""tile_cap_units"":6,""fertilizer_forgone"":14,""care_unfed"":71,""animal_shed_days"":0,""idle_tile_days"":63,""weed_tile_days"":3,""hand_pass_turns"":664,""farmer_pass_turns"":84,""phantom_hand_actions"":0,""sell_floor_units"":165,""hire_premium"":5377,""shed_units_now"":0,""shed_value_now"":0.0,""animals_in_shed_now"":0,""seeds_unplanted_now"":0,""seeds_unplanted_cost_now"":0.0}]}",{},
melon_threshold,public_candidate,melon_threshold,melon_threshold,2026092406,1,76996.0,76996.0,0.0,T,kagsim,3.569767,0,0,0,0,0,0,0,0,123c15caaac8b39a3589302bb7e21c0d3bad74fd0808c6fc78b42c810fe61e15,"[{""step"":0,""shops"":[]},{""step"":72,""shops"":[""YARN_STORE""]},{""step"":144,""shops"":[""YARN_STORE"",""BAKERY""]},{""step"":216,""shops"":[""YARN_STORE"",""BAKERY"",""ICE_CREAM_SHOP""]},{""step"":288,""shops"":[""YARN_STORE"",""BAKERY"",""ICE_CREAM_SHOP"",""BRUNCH_SPOT""]},{""step"":360,""shops"":[""YARN_STORE"",""BAKERY"",""ICE_CREAM_SHOP"",""BRUNCH_SPOT"",""PET_CAFE""]},{""step"":432,""shops"":[""YARN_STORE"",""BAKERY"",""ICE_CREAM_SHOP"",""BRUNCH_SPOT"",""PET_CAFE"",""BAKERY""]},{""step"":504,""shops"":[""YARN_STORE"",""BAKERY"",""ICE_CREAM_SHOP"",""BRUNCH_SPOT"",""PET_CAFE"",""BAKERY"",""BRUNCH_SPOT""]},{""step"":576,""shops"":[""YARN_STORE"",""BAKERY"",""ICE_CREAM_SHOP"",""BRUNCH_SPOT"",""PET_CAFE"",""BAKERY"",""BRUNCH_SPOT"",""FARMERS_MARKET""]}]",experiments/round10_public_learning_20260924/evaluations/public_candidate_selection/replays/melon_threshold/melon_threshold/seed_2026092406_seat_1.json.gz,40f8f8ebbef581ee9723e0bf80babf55ec74b0783d257dedfee3bf25bbcc9ae6,26e21e006e1d87042709a658c44fd44878f7a6415add558cbd2c71f4f8772b12,26e21e006e1d87042709a658c44fd44878f7a6415add558cbd2c71f4f8772b12,0fe077cc65622d6f6828160d90b617595a4aa7ea188e4afc67bfee8e4d290c92,"{""players"":[{""sell_dead_units"":84086,""refused_buy_product"":2,""refused_buy_seed"":0,""refused_buy_animal"":0,""refused_hire"":0,""refused_buy_land"":0,""hire_paid"":5659,""sell_zero_fill"":110,""buy_zero_fill"":0,""sell_revenue"":106809.0,""total_spend"":32813.0,""shed_discarded_units"":37,""sold_units"":1627,""feed_no_wheat"":0,""feed_no_animal"":0,""feed_redundant"":0,""water_dead"":2,""harvest_dead"":6,""plant_dead"":0,""animals_escaped"":0,""escape_capital"":0.0,""escape_yield_units"":0,""escape_first_day"":-1,""animal_unfed_days"":75,""plants_dry"":1,""dry_seed_cost"":100.0,""dry_yield_units"":0,""dry_first_day"":21,""plant_unwatered_days"":377,""decay_units"":18,""plants_decayed"":18,""silent_loss_coins"":100.0,""silent_loss_units"":55,""dead_actions"":21,""move_dead"":0,""locked_dead"":0,""pickup_dead"":0,""drop_dead"":0,""place_dead"":2,""build_dead"":0,""dig_dead"":2,""fertilize_dead"":0,""collect_dead"":4,""care_dead"":5,""tile_cap_units"":6,""fertilizer_forgone"":14,""care_unfed"":71,""animal_shed_days"":0,""idle_tile_days"":63,""weed_tile_days"":3,""hand_pass_turns"":664,""farmer_pass_turns"":84,""phantom_hand_actions"":0,""sell_floor_units"":165,""hire_premium"":5377,""shed_units_now"":0,""shed_value_now"":0.0,""animals_in_shed_now"":0,""seeds_unplanted_now"":0,""seeds_unplanted_cost_now"":0.0},{""sell_dead_units"":84086,""refused_buy_product"":2,""refused_buy_seed"":0,""refused_buy_animal"":0,""refused_hire"":0,""refused_buy_land"":0,""hire_paid"":5659,""sell_zero_fill"":110,""buy_zero_fill"":0,""sell_revenue"":106809.0,""total_spend"":32813.0,""shed_discarded_units"":37,""sold_units"":1627,""feed_no_wheat"":0,""feed_no_animal"":0,""feed_redundant"":0,""water_dead"":2,""harvest_dead"":6,""plant_dead"":0,""animals_escaped"":0,""escape_capital"":0.0,""escape_yield_units"":0,""escape_first_day"":-1,""animal_unfed_days"":75,""plants_dry"":1,""dry_seed_cost"":100.0,""dry_yield_units"":0,""dry_first_day"":21,""plant_unwatered_days"":377,""decay_units"":18,""plants_decayed"":18,""silent_loss_coins"":100.0,""silent_loss_units"":55,""dead_actions"":21,""move_dead"":0,""locked_dead"":0,""pickup_dead"":0,""drop_dead"":0,""place_dead"":2,""build_dead"":0,""dig_dead"":2,""fertilize_dead"":0,""collect_dead"":4,""care_dead"":5,""tile_cap_units"":6,""fertilizer_forgone"":14,""care_unfed"":71,""animal_shed_days"":0,""idle_tile_days"":63,""weed_tile_days"":3,""hand_pass_turns"":664,""farmer_pass_turns"":84,""phantom_hand_actions"":0,""sell_floor_units"":165,""hire_premium"":5377,""shed_units_now"":0,""shed_value_now"":0.0,""animals_in_shed_now"":0,""seeds_unplanted_now"":0,""seeds_unplanted_cost_now"":0.0}]}",{},
melon_threshold,public_candidate,metav4,metav4,2026092405,0,123445.0,123873.0,-428.0,L,kagsim,5.274781,0,0,0,0,0,0,0,0,0729bebb66ade57fcb6dff845d6bfae4e139625a294bf1994420529d925a5402,"[{""step"":0,""shops"":[]},{""step"":72,""shops"":[""SMOOTHIE_SHOP""]},{""step"":144,""shops"":[""SMOOTHIE_SHOP"",""SMOOTHIE_SHOP""]},{""step"":216,""shops"":[""SMOOTHIE_SHOP"",""SMOOTHIE_SHOP"",""BRUNCH_SPOT""]},{""step"":288,""shops"":[""SMOOTHIE_SHOP"",""SMOOTHIE_SHOP"",""BRUNCH_SPOT"",""BRUNCH_SPOT""]},{""step"":360,""shops"":[""SMOOTHIE_SHOP"",""SMOOTHIE_SHOP"",""BRUNCH_SPOT"",""BRUNCH_SPOT"",""YARN_STORE""]},{""step"":432,""shops"":[""SMOOTHIE_SHOP"",""SMOOTHIE_SHOP"",""BRUNCH_SPOT"",""BRUNCH_SPOT"",""YARN_STORE"",""YARN_STORE""]},{""step"":504,""shops"":[""SMOOTHIE_SHOP"",""SMOOTHIE_SHOP"",""BRUNCH_SPOT"",""BRUNCH_SPOT"",""YARN_STORE"",""YARN_STORE"",""YARN_STORE""]},{""step"":576,""shops"":[""SMOOTHIE_SHOP"",""SMOOTHIE_SHOP"",""BRUNCH_SPOT"",""BRUNCH_SPOT"",""YARN_STORE"",""YARN_STORE"",""YARN_STORE"",""BRUNCH_SPOT""]}]",experiments/round10_public_learning_20260924/evaluations/public_candidate_selection/replays/melon_threshold/metav4/seed_2026092405_seat_0.json.gz,cbb2a9313ec3e545ebe35fc2a684eae5c96be1a64902dd4abc5ca888f34156de,26e21e006e1d87042709a658c44fd44878f7a6415add558cbd2c71f4f8772b12,9d63494603f88219857a3101d7dc19cc750ded04e5886732ee428580326967d9,0fe077cc65622d6f6828160d90b617595a4aa7ea188e4afc67bfee8e4d290c92,"{""players"":[{""sell_dead_units"":84168,""refused_buy_product"":0,""refused_buy_seed"":0,""refused_buy_animal"":0,""refused_hire"":0,""refused_buy_land"":0,""hire_paid"":4075,""sell_zero_fill"":131,""buy_zero_fill"":0,""sell_revenue"":150701.0,""total_spend"":30256.0,""shed_discarded_units"":3,""sold_units"":1676,""feed_no_wheat"":0,""feed_no_animal"":0,""feed_redundant"":0,""water_dead"":12,""harvest_dead"":4,""plant_dead"":0,""animals_escaped"":0,""escape_capital"":0.0,""escape_yield_units"":0,""escape_first_day"":-1,""animal_unfed_days"":61,""plants_dry"":1,""dry_seed_cost"":100.0,""dry_yield_units"":0,""dry_first_day"":21,""plant_unwatered_days"":387,""decay_units"":18,""plants_decayed"":18,""silent_loss_coins"":100.0,""silent_loss_units"":21,""dead_actions"":41,""move_dead"":0,""locked_dead"":0,""pickup_dead"":0,""drop_dead"":0,""place_dead"":1,""build_dead"":0,""dig_dead"":3,""fertilize_dead"":0,""collect_dead"":8,""care_dead"":13,""tile_cap_units"":24,""fertilizer_forgone"":15,""care_unfed"":57,""animal_shed_days"":1,""idle_tile_days"":64,""weed_tile_days"":1,""hand_pass_turns"":393,""farmer_pass_turns"":62,""phantom_hand_actions"":0,""sell_floor_units"":52,""hire_premium"":3810,""shed_units_now"":0,""shed_value_now"":0.0,""animals_in_shed_now"":0,""seeds_unplanted_now"":1,""seeds_unplanted_cost_now"":10.0},{""sell_dead_units"":1185,""refused_buy_product"":1,""refused_buy_seed"":0,""refused_buy_animal"":0,""refused_hire"":0,""refused_buy_land"":0,""hire_paid"":4075,""sell_zero_fill"":34,""buy_zero_fill"":1,""sell_revenue"":148918.0,""total_spend"":28045.0,""shed_discarded_units"":1,""sold_units"":1600,""feed_no_wheat"":0,""feed_no_animal"":0,""feed_redundant"":0,""water_dead"":11,""harvest_dead"":4,""plant_dead"":0,""animals_escaped"":0,""escape_capital"":0.0,""escape_yield_units"":0,""escape_first_day"":-1,""animal_unfed_days"":61,""plants_dry"":1,""dry_seed_cost"":100.0,""dry_yield_units"":0,""dry_first_day"":21,""plant_unwatered_days"":392,""decay_units"":18,""plants_decayed"":18,""silent_loss_coins"":100.0,""silent_loss_units"":19,""dead_actions"":42,""move_dead"":0,""locked_dead"":0,""pickup_dead"":0,""drop_dead"":0,""place_dead"":1,""build_dead"":0,""dig_dead"":3,""fertilize_dead"":2,""collect_dead"":8,""care_dead"":13,""tile_cap_units"":21,""fertilizer_forgone"":19,""care_unfed"":57,""animal_shed_days"":1,""idle_tile_days"":64,""weed_tile_days"":1,""hand_pass_turns"":393,""farmer_pass_turns"":62,""phantom_hand_actions"":0,""sell_floor_units"":51,""hire_premium"":3810,""shed_units_now"":0,""shed_value_now"":0.0,""animals_in_shed_now"":0,""seeds_unplanted_now"":13,""seeds_unplanted_cost_now"":210.0}]}",{},
melon_threshold,public_candidate,metav4,metav4,2026092405,1,123445.0,123873.0,-428.0,L,kagsim,5.242229,0,0,0,0,0,0,0,0,0729bebb66ade57fcb6dff845d6bfae4e139625a294bf1994420529d925a5402,"[{""step"":0,""shops"":[]},{""step"":72,""shops"":[""SMOOTHIE_SHOP""]},{""step"":144,""shops"":[""SMOOTHIE_SHOP"",""SMOOTHIE_SHOP""]},{""step"":216,""shops"":[""SMOOTHIE_SHOP"",""SMOOTHIE_SHOP"",""BRUNCH_SPOT""]},{""step"":288,""shops"":[""SMOOTHIE_SHOP"",""SMOOTHIE_SHOP"",""BRUNCH_SPOT"",""BRUNCH_SPOT""]},{""step"":360,""shops"":[""SMOOTHIE_SHOP"",""SMOOTHIE_SHOP"",""BRUNCH_SPOT"",""BRUNCH_SPOT"",""YARN_STORE""]},{""step"":432,""shops"":[""SMOOTHIE_SHOP"",""SMOOTHIE_SHOP"",""BRUNCH_SPOT"",""BRUNCH_SPOT"",""YARN_STORE"",""YARN_STORE""]},{""step"":504,""shops"":[""SMOOTHIE_SHOP"",""SMOOTHIE_SHOP"",""BRUNCH_SPOT"",""BRUNCH_SPOT"",""YARN_STORE"",""YARN_STORE"",""YARN_STORE""]},{""step"":576,""shops"":[""SMOOTHIE_SHOP"",""SMOOTHIE_SHOP"",""BRUNCH_SPOT"",""BRUNCH_SPOT"",""YARN_STORE"",""YARN_STORE"",""YARN_STORE"",""BRUNCH_SPOT""]}]",experiments/round10_public_learning_20260924/evaluations/public_candidate_selection/replays/melon_threshold/metav4/seed_2026092405_seat_1.json.gz,d82ae50bc3eab7874dad1bdf42a028de9a717d3305fa9f1a5551488f6cd58bfc,26e21e006e1d87042709a658c44fd44878f7a6415add558cbd2c71f4f8772b12,9d63494603f88219857a3101d7dc19cc750ded04e5886732ee428580326967d9,0fe077cc65622d6f6828160d90b617595a4aa7ea188e4afc67bfee8e4d290c92,"{""players"":[{""sell_dead_units"":1185,""refused_buy_product"":1,""refused_buy_seed"":0,""refused_buy_animal"":0,""refused_hire"":0,""refused_buy_land"":0,""hire_paid"":4075,""sell_zero_fill"":34,""buy_zero_fill"":1,""sell_revenue"":148918.0,""total_spend"":28045.0,""shed_discarded_units"":1,""sold_units"":1600,""feed_no_wheat"":0,""feed_no_animal"":0,""feed_redundant"":0,""water_dead"":11,""harvest_dead"":4,""plant_dead"":0,""animals_escaped"":0,""escape_capital"":0.0,""escape_yield_units"":0,""escape_first_day"":-1,""animal_unfed_days"":61,""plants_dry"":1,""dry_seed_cost"":100.0,""dry_yield_units"":0,""dry_first_day"":21,""plant_unwatered_days"":392,""decay_units"":18,""plants_decayed"":18,""silent_loss_coins"":100.0,""silent_loss_units"":19,""dead_actions"":42,""move_dead"":0,""locked_dead"":0,""pickup_dead"":0,""drop_dead"":0,""place_dead"":1,""build_dead"":0,""dig_dead"":3,""fertilize_dead"":2,""collect_dead"":8,""care_dead"":13,""tile_cap_units"":21,""fertilizer_forgone"":19,""care_unfed"":57,""animal_shed_days"":1,""idle_tile_days"":64,""weed_tile_days"":1,""hand_pass_turns"":393,""farmer_pass_turns"":62,""phantom_hand_actions"":0,""sell_floor_units"":51,""hire_premium"":3810,""shed_units_now"":0,""shed_value_now"":0.0,""animals_in_shed_now"":0,""seeds_unplanted_now"":13,""seeds_unplanted_cost_now"":210.0},{""sell_dead_units"":84168,""refused_buy_product"":0,""refused_buy_seed"":0,""refused_buy_animal"":0,""refused_hire"":0,""refused_buy_land"":0,""hire_paid"":4075,""sell_zero_fill"":131,""buy_zero_fill"":0,""sell_revenue"":150701.0,""total_spend"":30256.0,""shed_discarded_units"":3,""sold_units"":1676,""feed_no_wheat"":0,""feed_no_animal"":0,""feed_redundant"":0,""water_dead"":12,""harvest_dead"":4,""plant_dead"":0,""animals_escaped"":0,""escape_capital"":0.0,""escape_yield_units"":0,""escape_first_day"":-1,""animal_unfed_days"":61,""plants_dry"":1,""dry_seed_cost"":100.0,""dry_yield_units"":0,""dry_first_day"":21,""plant_unwatered_days"":387,""decay_units"":18,""plants_decayed"":18,""silent_loss_coins"":100.0,""silent_loss_units"":21,""dead_actions"":41,""move_dead"":0,""locked_dead"":0,""pickup_dead"":0,""drop_dead"":0,""place_dead"":1,""build_dead"":0,""dig_dead"":3,""fertilize_dead"":0,""collect_dead"":8,""care_dead"":13,""tile_cap_units"":24,""fertilizer_forgone"":15,""care_unfed"":57,""animal_shed_days"":1,""idle_tile_days"":64,""weed_tile_days"":1,""hand_pass_turns"":393,""farmer_pass_turns"":62,""phantom_hand_actions"":0,""sell_floor_units"":52,""hire_premium"":3810,""shed_units_now"":0,""shed_value_now"":0.0,""animals_in_shed_now"":0,""seeds_unplanted_now"":1,""seeds_unplanted_cost_now"":10.0}]}",{},
melon_threshold,public_candidate,metav4,metav4,2026092406,0,74291.0,77351.0,-3060.0,L,kagsim,5.262848,0,0,0,0,0,0,0,0,123c15caaac8b39a3589302bb7e21c0d3bad74fd0808c6fc78b42c810fe61e15,"[{""step"":0,""shops"":[]},{""step"":72,""shops"":[""YARN_STORE""]},{""step"":144,""shops"":[""YARN_STORE"",""BAKERY""]},{""step"":216,""shops"":[""YARN_STORE"",""BAKERY"",""ICE_CREAM_SHOP""]},{""step"":288,""shops"":[""YARN_STORE"",""BAKERY"",""ICE_CREAM_SHOP"",""BRUNCH_SPOT""]},{""step"":360,""shops"":[""YARN_STORE"",""BAKERY"",""ICE_CREAM_SHOP"",""BRUNCH_SPOT"",""PET_CAFE""]},{""step"":432,""shops"":[""YARN_STORE"",""BAKERY"",""ICE_CREAM_SHOP"",""BRUNCH_SPOT"",""PET_CAFE"",""BAKERY""]},{""step"":504,""shops"":[""YARN_STORE"",""BAKERY"",""ICE_CREAM_SHOP"",""BRUNCH_SPOT"",""PET_CAFE"",""BAKERY"",""BRUNCH_SPOT""]},{""step"":576,""shops"":[""YARN_STORE"",""BAKERY"",""ICE_CREAM_SHOP"",""BRUNCH_SPOT"",""PET_CAFE"",""BAKERY"",""BRUNCH_SPOT"",""FARMERS_MARKET""]}]",experiments/round10_public_learning_20260924/evaluations/public_candidate_selection/replays/melon_threshold/metav4/seed_2026092406_seat_0.json.gz,348a5ba9af9ca9a921a2b338703b7668634a5967fbc701d4d4cb48304648e07e,26e21e006e1d87042709a658c44fd44878f7a6415add558cbd2c71f4f8772b12,9d63494603f88219857a3101d7dc19cc750ded04e5886732ee428580326967d9,0fe077cc65622d6f6828160d90b617595a4aa7ea188e4afc67bfee8e4d290c92,"{""players"":[{""sell_dead_units"":84084,""refused_buy_product"":0,""refused_buy_seed"":0,""refused_buy_animal"":0,""refused_hire"":0,""refused_buy_land"":0,""hire_paid"":5659,""sell_zero_fill"":110,""buy_zero_fill"":0,""sell_revenue"":104012.0,""total_spend"":32721.0,""shed_discarded_units"":37,""sold_units"":1629,""feed_no_wheat"":0,""feed_no_animal"":0,""feed_redundant"":0,""water_dead"":2,""harvest_dead"":6,""plant_dead"":0,""animals_escaped"":0,""escape_capital"":0.0,""escape_yield_units"":0,""escape_first_day"":-1,""animal_unfed_days"":75,""plants_dry"":1,""dry_seed_cost"":100.0,""dry_yield_units"":0,""dry_first_day"":21,""plant_unwatered_days"":377,""decay_units"":18,""plants_decayed"":18,""silent_loss_coins"":100.0,""silent_loss_units"":55,""dead_actions"":21,""move_dead"":0,""locked_dead"":0,""pickup_dead"":0,""drop_dead"":0,""place_dead"":2,""build_dead"":0,""dig_dead"":2,""fertilize_dead"":0,""collect_dead"":4,""care_dead"":5,""tile_cap_units"":6,""fertilizer_forgone"":14,""care_unfed"":71,""animal_shed_days"":0,""idle_tile_days"":63,""weed_tile_days"":3,""hand_pass_turns"":664,""farmer_pass_turns"":84,""phantom_hand_actions"":0,""sell_floor_units"":168,""hire_premium"":5377,""shed_units_now"":0,""shed_value_now"":0.0,""animals_in_shed_now"":0,""seeds_unplanted_now"":0,""seeds_unplanted_cost_now"":0.0},{""sell_dead_units"":184,""refused_buy_product"":1,""refused_buy_seed"":0,""refused_buy_animal"":0,""refused_hire"":0,""refused_buy_land"":0,""hire_paid"":5659,""sell_zero_fill"":17,""buy_zero_fill"":1,""sell_revenue"":104336.0,""total_spend"":29985.0,""shed_discarded_units"":33,""sold_units"":1551,""feed_no_wheat"":0,""feed_no_animal"":0,""feed_redundant"":0,""water_dead"":1,""harvest_dead"":6,""plant_dead"":0,""animals_escaped"":0,""escape_capital"":0.0,""escape_yield_units"":0,""escape_first_day"":-1,""animal_unfed_days"":75,""plants_dry"":1,""dry_seed_cost"":100.0,""dry_yield_units"":0,""dry_first_day"":21,""plant_unwatered_days"":385,""decay_units"":18,""plants_decayed"":18,""silent_loss_coins"":100.0,""silent_loss_units"":51,""dead_actions"":20,""move_dead"":0,""locked_dead"":0,""pickup_dead"":0,""drop_dead"":0,""place_dead"":2,""build_dead"":0,""dig_dead"":2,""fertilize_dead"":0,""collect_dead"":4,""care_dead"":5,""tile_cap_units"":9,""fertilizer_forgone"":14,""care_unfed"":71,""animal_shed_days"":0,""idle_tile_days"":63,""weed_tile_days"":3,""hand_pass_turns"":645,""farmer_pass_turns"":84,""phantom_hand_actions"":0,""sell_floor_units"":137,""hire_premium"":5377,""shed_units_now"":0,""shed_value_now"":0.0,""animals_in_shed_now"":0,""seeds_unplanted_now"":0,""seeds_unplanted_cost_now"":0.0}]}",{},
melon_threshold,public_candidate,metav4,metav4,2026092406,1,74291.0,77351.0,-3060.0,L,kagsim,5.111375,0,0,0,0,0,0,0,0,123c15caaac8b39a3589302bb7e21c0d3bad74fd0808c6fc78b42c810fe61e15,"[{""step"":0,""shops"":[]},{""step"":72,""shops"":[""YARN_STORE""]},{""step"":144,""shops"":[""YARN_STORE"",""BAKERY""]},{""step"":216,""shops"":[""YARN_STORE"",""BAKERY"",""ICE_CREAM_SHOP""]},{""step"":288,""shops"":[""YARN_STORE"",""BAKERY"",""ICE_CREAM_SHOP"",""BRUNCH_SPOT""]},{""step"":360,""shops"":[""YARN_STORE"",""BAKERY"",""ICE_CREAM_SHOP"",""BRUNCH_SPOT"",""PET_CAFE""]},{""step"":432,""shops"":[""YARN_STORE"",""BAKERY"",""ICE_CREAM_SHOP"",""BRUNCH_SPOT"",""PET_CAFE"",""BAKERY""]},{""step"":504,""shops"":[""YARN_STORE"",""BAKERY"",""ICE_CREAM_SHOP"",""BRUNCH_SPOT"",""PET_CAFE"",""BAKERY"",""BRUNCH_SPOT""]},{""step"":576,""shops"":[""YARN_STORE"",""BAKERY"",""ICE_CREAM_SHOP"",""BRUNCH_SPOT"",""PET_CAFE"",""BAKERY"",""BRUNCH_SPOT"",""FARMERS_MARKET""]}]",experiments/round10_public_learning_20260924/evaluations/public_candidate_selection/replays/melon_threshold/metav4/seed_2026092406_seat_1.json.gz,fd9f976d2cddae0a9abc8cc487653f0b0991f34312154423d284c7f86c13ef26,26e21e006e1d87042709a658c44fd44878f7a6415add558cbd2c71f4f8772b12,9d63494603f88219857a3101d7dc19cc750ded04e5886732ee428580326967d9,0fe077cc65622d6f6828160d90b617595a4aa7ea188e4afc67bfee8e4d290c92,"{""players"":[{""sell_dead_units"":184,""refused_buy_product"":1,""refused_buy_seed"":0,""refused_buy_animal"":0,""refused_hire"":0,""refused_buy_land"":0,""hire_paid"":5659,""sell_zero_fill"":17,""buy_zero_fill"":1,""sell_revenue"":104336.0,""total_spend"":29985.0,""shed_discarded_units"":33,""sold_units"":1551,""feed_no_wheat"":0,""feed_no_animal"":0,""feed_redundant"":0,""water_dead"":1,""harvest_dead"":6,""plant_dead"":0,""animals_escaped"":0,""escape_capital"":0.0,""escape_yield_units"":0,""escape_first_day"":-1,""animal_unfed_days"":75,""plants_dry"":1,""dry_seed_cost"":100.0,""dry_yield_units"":0,""dry_first_day"":21,""plant_unwatered_days"":385,""decay_units"":18,""plants_decayed"":18,""silent_loss_coins"":100.0,""silent_loss_units"":51,""dead_actions"":20,""move_dead"":0,""locked_dead"":0,""pickup_dead"":0,""drop_dead"":0,""place_dead"":2,""build_dead"":0,""dig_dead"":2,""fertilize_dead"":0,""collect_dead"":4,""care_dead"":5,""tile_cap_units"":9,""fertilizer_forgone"":14,""care_unfed"":71,""animal_shed_days"":0,""idle_tile_days"":63,""weed_tile_days"":3,""hand_pass_turns"":645,""farmer_pass_turns"":84,""phantom_hand_actions"":0,""sell_floor_units"":137,""hire_premium"":5377,""shed_units_now"":0,""shed_value_now"":0.0,""animals_in_shed_now"":0,""seeds_unplanted_now"":0,""seeds_unplanted_cost_now"":0.0},{""sell_dead_units"":84084,""refused_buy_product"":0,""refused_buy_seed"":0,""refused_buy_animal"":0,""refused_hire"":0,""refused_buy_land"":0,""hire_paid"":5659,""sell_zero_fill"":110,""buy_zero_fill"":0,""sell_revenue"":104012.0,""total_spend"":32721.0,""shed_discarded_units"":37,""sold_units"":1629,""feed_no_wheat"":0,""feed_no_animal"":0,""feed_redundant"":0,""water_dead"":2,""harvest_dead"":6,""plant_dead"":0,""animals_escaped"":0,""escape_capital"":0.0,""escape_yield_units"":0,""escape_first_day"":-1,""animal_unfed_days"":75,""plants_dry"":1,""dry_seed_cost"":100.0,""dry_yield_units"":0,""dry_first_day"":21,""plant_unwatered_days"":377,""decay_units"":18,""plants_decayed"":18,""silent_loss_coins"":100.0,""silent_loss_units"":55,""dead_actions"":21,""move_dead"":0,""locked_dead"":0,""pickup_dead"":0,""drop_dead"":0,""place_dead"":2,""build_dead"":0,""dig_dead"":2,""fertilize_dead"":0,""collect_dead"":4,""care_dead"":5,""tile_cap_units"":6,""fertilizer_forgone"":14,""care_unfed"":71,""animal_shed_days"":0,""idle_tile_days"":63,""weed_tile_days"":3,""hand_pass_turns"":664,""farmer_pass_turns"":84,""phantom_hand_actions"":0,""sell_floor_units"":168,""hire_premium"":5377,""shed_units_now"":0,""shed_value_now"":0.0,""animals_in_shed_now"":0,""seeds_unplanted_now"":0,""seeds_unplanted_cost_now"":0.0}]}",{},
melon_threshold,public_candidate,order_book,order_book,2026092405,0,162200.0,138393.0,23807.0,W,kagsim,5.200954,0,0,0,0,0,0,0,0,6658c21e143354202444ce787ec2b6ef222976dca7cbfcb4c39738c43d906f1e,"[{""step"":0,""shops"":[]},{""step"":72,""shops"":[""SMOOTHIE_SHOP""]},{""step"":144,""shops"":[""SMOOTHIE_SHOP"",""SMOOTHIE_SHOP""]},{""step"":216,""shops"":[""SMOOTHIE_SHOP"",""SMOOTHIE_SHOP"",""ICE_CREAM_SHOP""]},{""step"":288,""shops"":[""SMOOTHIE_SHOP"",""SMOOTHIE_SHOP"",""ICE_CREAM_SHOP"",""ICE_CREAM_SHOP""]},{""step"":360,""shops"":[""SMOOTHIE_SHOP"",""SMOOTHIE_SHOP"",""ICE_CREAM_SHOP"",""ICE_CREAM_SHOP"",""BRUNCH_SPOT""]},{""step"":432,""shops"":[""SMOOTHIE_SHOP"",""SMOOTHIE_SHOP"",""ICE_CREAM_SHOP"",""ICE_CREAM_SHOP"",""BRUNCH_SPOT"",""ICE_CREAM_SHOP""]},{""step"":504,""shops"":[""SMOOTHIE_SHOP"",""SMOOTHIE_SHOP"",""ICE_CREAM_SHOP"",""ICE_CREAM_SHOP"",""BRUNCH_SPOT"",""ICE_CREAM_SHOP"",""PIZZA_SHOP""]},{""step"":576,""shops"":[""SMOOTHIE_SHOP"",""SMOOTHIE_SHOP"",""ICE_CREAM_SHOP"",""ICE_CREAM_SHOP"",""BRUNCH_SPOT"",""ICE_CREAM_SHOP"",""PIZZA_SHOP"",""PIZZA_SHOP""]}]",experiments/round10_public_learning_20260924/evaluations/public_candidate_selection/replays/melon_threshold/order_book/seed_2026092405_seat_0.json.gz,44b7b73a66cbff815019e9ab2e76f8982b9fddfb598cbf6961e9bc381e0d7084,26e21e006e1d87042709a658c44fd44878f7a6415add558cbd2c71f4f8772b12,a16e0e9b40c489972630a0b9d04f30e9c1cab03159fa78676db74277d84d82ab,0fe077cc65622d6f6828160d90b617595a4aa7ea188e4afc67bfee8e4d290c92,"{""players"":[{""sell_dead_units"":84184,""refused_buy_product"":0,""refused_buy_seed"":0,""refused_buy_animal"":0,""refused_hire"":0,""refused_buy_land"":0,""hire_paid"":3897,""sell_zero_fill"":130,""buy_zero_fill"":0,""sell_revenue"":189423.0,""total_spend"":30223.0,""shed_discarded_units"":2,""sold_units"":1635,""feed_no_wheat"":0,""feed_no_animal"":0,""feed_redundant"":0,""water_dead"":12,""harvest_dead"":4,""plant_dead"":0,""animals_escaped"":0,""escape_capital"":0.0,""escape_yield_units"":0,""escape_first_day"":-1,""animal_unfed_days"":63,""plants_dry"":1,""dry_seed_cost"":100.0,""dry_yield_units"":0,""dry_first_day"":21,""plant_unwatered_days"":387,""decay_units"":18,""plants_decayed"":18,""silent_loss_coins"":100.0,""silent_loss_units"":20,""dead_actions"":41,""move_dead"":0,""locked_dead"":0,""pickup_dead"":0,""drop_dead"":0,""place_dead"":1,""build_dead"":0,""dig_dead"":3,""fertilize_dead"":0,""collect_dead"":8,""care_dead"":13,""tile_cap_units"":22,""fertilizer_forgone"":15,""care_unfed"":59,""animal_shed_days"":1,""idle_tile_days"":64,""weed_tile_days"":1,""hand_pass_turns"":389,""farmer_pass_turns"":63,""phantom_hand_actions"":0,""sell_floor_units"":40,""hire_premium"":3634,""shed_units_now"":0,""shed_value_now"":0.0,""animals_in_shed_now"":0,""seeds_unplanted_now"":1,""seeds_unplanted_cost_now"":10.0},{""sell_dead_units"":316,""refused_buy_product"":11,""refused_buy_seed"":3,""refused_buy_animal"":3,""refused_hire"":2,""refused_buy_land"":0,""hire_paid"":3894,""sell_zero_fill"":59,""buy_zero_fill"":10,""sell_revenue"":161308.0,""total_spend"":25915.0,""shed_discarded_units"":0,""sold_units"":1364,""feed_no_wheat"":0,""feed_no_animal"":88,""feed_redundant"":0,""water_dead"":45,""harvest_dead"":66,""plant_dead"":6,""animals_escaped"":1,""escape_capital"":400.0,""escape_yield_units"":0,""escape_first_day"":1,""animal_unfed_days"":53,""plants_dry"":1,""dry_seed_cost"":100.0,""dry_yield_units"":0,""dry_first_day"":21,""plant_unwatered_days"":375,""decay_units"":15,""plants_decayed"":15,""silent_loss_coins"":500.0,""silent_loss_units"":15,""dead_actions"":455,""move_dead"":0,""locked_dead"":0,""pickup_dead"":5,""drop_dead"":0,""place_dead"":18,""build_dead"":0,""dig_dead"":5,""fertilize_dead"":14,""collect_dead"":99,""care_dead"":109,""tile_cap_units"":21,""fertilizer_forgone"":14,""care_unfed"":47,""animal_shed_days"":1,""idle_tile_days"":148,""weed_tile_days"":3,""hand_pass_turns"":359,""farmer_pass_turns"":63,""phantom_hand_actions"":0,""sell_floor_units"":28,""hire_premium"":3633,""shed_units_now"":0,""shed_value_now"":0.0,""animals_in_shed_now"":0,""seeds_unplanted_now"":4,""seeds_unplanted_cost_now"":130.0}]}",{},
melon_threshold,public_candidate,order_book,order_book,2026092405,1,162200.0,138393.0,23807.0,W,kagsim,5.288224,0,0,0,0,0,0,0,0,6658c21e143354202444ce787ec2b6ef222976dca7cbfcb4c39738c43d906f1e,"[{""step"":0,""shops"":[]},{""step"":72,""shops"":[""SMOOTHIE_SHOP""]},{""step"":144,""shops"":[""SMOOTHIE_SHOP"",""SMOOTHIE_SHOP""]},{""step"":216,""shops"":[""SMOOTHIE_SHOP"",""SMOOTHIE_SHOP"",""ICE_CREAM_SHOP""]},{""step"":288,""shops"":[""SMOOTHIE_SHOP"",""SMOOTHIE_SHOP"",""ICE_CREAM_SHOP"",""ICE_CREAM_SHOP""]},{""step"":360,""shops"":[""SMOOTHIE_SHOP"",""SMOOTHIE_SHOP"",""ICE_CREAM_SHOP"",""ICE_CREAM_SHOP"",""BRUNCH_SPOT""]},{""step"":432,""shops"":[""SMOOTHIE_SHOP"",""SMOOTHIE_SHOP"",""ICE_CREAM_SHOP"",""ICE_CREAM_SHOP"",""BRUNCH_SPOT"",""ICE_CREAM_SHOP""]},{""step"":504,""shops"":[""SMOOTHIE_SHOP"",""SMOOTHIE_SHOP"",""ICE_CREAM_SHOP"",""ICE_CREAM_SHOP"",""BRUNCH_SPOT"",""ICE_CREAM_SHOP"",""PIZZA_SHOP""]},{""step"":576,""shops"":[""SMOOTHIE_SHOP"",""SMOOTHIE_SHOP"",""ICE_CREAM_SHOP"",""ICE_CREAM_SHOP"",""BRUNCH_SPOT"",""ICE_CREAM_SHOP"",""PIZZA_SHOP"",""PIZZA_SHOP""]}]",experiments/round10_public_learning_20260924/evaluations/public_candidate_selection/replays/melon_threshold/order_book/seed_2026092405_seat_1.json.gz,284acf75d80c06be41f992665e05ea263989db73b416130de9682f7805acddb4,26e21e006e1d87042709a658c44fd44878f7a6415add558cbd2c71f4f8772b12,a16e0e9b40c489972630a0b9d04f30e9c1cab03159fa78676db74277d84d82ab,0fe077cc65622d6f6828160d90b617595a4aa7ea188e4afc67bfee8e4d290c92,"{""players"":[{""sell_dead_units"":316,""refused_buy_product"":11,""refused_buy_seed"":3,""refused_buy_animal"":3,""refused_hire"":2,""refused_buy_land"":0,""hire_paid"":3894,""sell_zero_fill"":59,""buy_zero_fill"":10,""sell_revenue"":161308.0,""total_spend"":25915.0,""shed_discarded_units"":0,""sold_units"":1364,""feed_no_wheat"":0,""feed_no_animal"":88,""feed_redundant"":0,""water_dead"":45,""harvest_dead"":66,""plant_dead"":6,""animals_escaped"":1,""escape_capital"":400.0,""escape_yield_units"":0,""escape_first_day"":1,""animal_unfed_days"":53,""plants_dry"":1,""dry_seed_cost"":100.0,""dry_yield_units"":0,""dry_first_day"":21,""plant_unwatered_days"":375,""decay_units"":15,""plants_decayed"":15,""silent_loss_coins"":500.0,""silent_loss_units"":15,""dead_actions"":455,""move_dead"":0,""locked_dead"":0,""pickup_dead"":5,""drop_dead"":0,""place_dead"":18,""build_dead"":0,""dig_dead"":5,""fertilize_dead"":14,""collect_dead"":99,""care_dead"":109,""tile_cap_units"":21,""fertilizer_forgone"":14,""care_unfed"":47,""animal_shed_days"":1,""idle_tile_days"":148,""weed_tile_days"":3,""hand_pass_turns"":359,""farmer_pass_turns"":63,""phantom_hand_actions"":0,""sell_floor_units"":28,""hire_premium"":3633,""shed_units_now"":0,""shed_value_now"":0.0,""animals_in_shed_now"":0,""seeds_unplanted_now"":4,""seeds_unplanted_cost_now"":130.0},{""sell_dead_units"":84184,""refused_buy_product"":0,""refused_buy_seed"":0,""refused_buy_animal"":0,""refused_hire"":0,""refused_buy_land"":0,""hire_paid"":3897,""sell_zero_fill"":130,""buy_zero_fill"":0,""sell_revenue"":189423.0,""total_spend"":30223.0,""shed_discarded_units"":2,""sold_units"":1635,""feed_no_wheat"":0,""feed_no_animal"":0,""feed_redundant"":0,""water_dead"":12,""harvest_dead"":4,""plant_dead"":0,""animals_escaped"":0,""escape_capital"":0.0,""escape_yield_units"":0,""escape_first_day"":-1,""animal_unfed_days"":63,""plants_dry"":1,""dry_seed_cost"":100.0,""dry_yield_units"":0,""dry_first_day"":21,""plant_unwatered_days"":387,""decay_units"":18,""plants_decayed"":18,""silent_loss_coins"":100.0,""silent_loss_units"":20,""dead_actions"":41,""move_dead"":0,""locked_dead"":0,""pickup_dead"":0,""drop_dead"":0,""place_dead"":1,""build_dead"":0,""dig_dead"":3,""fertilize_dead"":0,""collect_dead"":8,""care_dead"":13,""tile_cap_units"":22,""fertilizer_forgone"":15,""care_unfed"":59,""animal_shed_days"":1,""idle_tile_days"":64,""weed_tile_days"":1,""hand_pass_turns"":389,""farmer_pass_turns"":63,""phantom_hand_actions"":0,""sell_floor_units"":40,""hire_premium"":3634,""shed_units_now"":0,""shed_value_now"":0.0,""animals_in_shed_now"":0,""seeds_unplanted_now"":1,""seeds_unplanted_cost_now"":10.0}]}",{},
melon_threshold,public_candidate,order_book,order_book,2026092406,0,100874.0,87439.0,13435.0,W,kagsim,4.991694,0,0,0,0,0,0,0,0,5c295e808bf8c6cc88b06351dedfa48f256662fa6e2b45819c71ceafc69d84db,"[{""step"":0,""shops"":[]},{""step"":72,""shops"":[""SMOOTHIE_SHOP""]},{""step"":144,""shops"":[""SMOOTHIE_SHOP"",""BAKERY""]},{""step"":216,""shops"":[""SMOOTHIE_SHOP"",""BAKERY"",""BRUNCH_SPOT""]},{""step"":288,""shops"":[""SMOOTHIE_SHOP"",""BAKERY"",""BRUNCH_SPOT"",""FARMERS_MARKET""]},{""step"":360,""shops"":[""SMOOTHIE_SHOP"",""BAKERY"",""BRUNCH_SPOT"",""FARMERS_MARKET"",""BAKERY""]},{""step"":432,""shops"":[""SMOOTHIE_SHOP"",""BAKERY"",""BRUNCH_SPOT"",""FARMERS_MARKET"",""BAKERY"",""SMOOTHIE_SHOP""]},{""step"":504,""shops"":[""SMOOTHIE_SHOP"",""BAKERY"",""BRUNCH_SPOT"",""FARMERS_MARKET"",""BAKERY"",""SMOOTHIE_SHOP"",""PET_CAFE""]},{""step"":576,""shops"":[""SMOOTHIE_SHOP"",""BAKERY"",""BRUNCH_SPOT"",""FARMERS_MARKET"",""BAKERY"",""SMOOTHIE_SHOP"",""PET_CAFE"",""FARMERS_MARKET""]}]",experiments/round10_public_learning_20260924/evaluations/public_candidate_selection/replays/melon_threshold/order_book/seed_2026092406_seat_0.json.gz,438828f03fc3b9713d38dba4c705d4f6e37736e15d55e41b61a642a3374e504a,26e21e006e1d87042709a658c44fd44878f7a6415add558cbd2c71f4f8772b12,a16e0e9b40c489972630a0b9d04f30e9c1cab03159fa78676db74277d84d82ab,0fe077cc65622d6f6828160d90b617595a4aa7ea188e4afc67bfee8e4d290c92,"{""players"":[{""sell_dead_units"":84199,""refused_buy_product"":0,""refused_buy_seed"":0,""refused_buy_animal"":0,""refused_hire"":0,""refused_buy_land"":0,""hire_paid"":3986,""sell_zero_fill"":139,""buy_zero_fill"":0,""sell_revenue"":128642.0,""total_spend"":30768.0,""shed_discarded_units"":0,""sold_units"":1644,""feed_no_wheat"":0,""feed_no_animal"":0,""feed_redundant"":0,""water_dead"":11,""harvest_dead"":3,""plant_dead"":0,""animals_escaped"":0,""escape_capital"":0.0,""escape_yield_units"":0,""escape_first_day"":-1,""animal_unfed_days"":94,""plants_dry"":1,""dry_seed_cost"":100.0,""dry_yield_units"":0,""dry_first_day"":21,""plant_unwatered_days"":387,""decay_units"":18,""plants_decayed"":18,""silent_loss_coins"":100.0,""silent_loss_units"":18,""dead_actions"":40,""move_dead"":0,""locked_dead"":0,""pickup_dead"":0,""drop_dead"":0,""place_dead"":1,""build_dead"":0,""dig_dead"":4,""fertilize_dead"":0,""collect_dead"":8,""care_dead"":13,""tile_cap_units"":22,""fertilizer_forgone"":15,""care_unfed"":90,""animal_shed_days"":1,""idle_tile_days"":64,""weed_tile_days"":3,""hand_pass_turns"":417,""farmer_pass_turns"":69,""phantom_hand_actions"":0,""sell_floor_units"":59,""hire_premium"":3722,""shed_units_now"":0,""shed_value_now"":0.0,""animals_in_shed_now"":0,""seeds_unplanted_now"":1,""seeds_unplanted_cost_now"":10.0},{""sell_dead_units"":1295,""refused_buy_product"":9,""refused_buy_seed"":2,""refused_buy_animal"":3,""refused_hire"":2,""refused_buy_land"":0,""hire_paid"":3983,""sell_zero_fill"":54,""buy_zero_fill"":8,""sell_revenue"":110653.0,""total_spend"":26214.0,""shed_discarded_units"":0,""sold_units"":1404,""feed_no_wheat"":0,""feed_no_animal"":88,""feed_redundant"":0,""water_dead"":38,""harvest_dead"":48,""plant_dead"":3,""animals_escaped"":1,""escape_capital"":400.0,""escape_yield_units"":0,""escape_first_day"":1,""animal_unfed_days"":72,""plants_dry"":1,""dry_seed_cost"":100.0,""dry_yield_units"":0,""dry_first_day"":21,""plant_unwatered_days"":376,""decay_units"":15,""plants_decayed"":15,""silent_loss_coins"":500.0,""silent_loss_units"":15,""dead_actions"":424,""move_dead"":0,""locked_dead"":0,""pickup_dead"":6,""drop_dead"":0,""place_dead"":13,""build_dead"":0,""dig_dead"":6,""fertilize_dead"":14,""collect_dead"":99,""care_dead"":109,""tile_cap_units"":17,""fertilizer_forgone"":17,""care_unfed"":66,""animal_shed_days"":1,""idle_tile_days"":143,""weed_tile_days"":2,""hand_pass_turns"":381,""farmer_pass_turns"":65,""phantom_hand_actions"":0,""sell_floor_units"":47,""hire_premium"":3721,""shed_units_now"":0,""shed_value_now"":0.0,""animals_in_shed_now"":0,""seeds_unplanted_now"":14,""seeds_unplanted_cost_now"":310.0}]}",{},
melon_threshold,public_candidate,order_book,order_book,2026092406,1,100874.0,87439.0,13435.0,W,kagsim,5.031183,0,0,0,0,0,0,0,0,5c295e808bf8c6cc88b06351dedfa48f256662fa6e2b45819c71ceafc69d84db,"[{""step"":0,""shops"":[]},{""step"":72,""shops"":[""SMOOTHIE_SHOP""]},{""step"":144,""shops"":[""SMOOTHIE_SHOP"",""BAKERY""]},{""step"":216,""shops"":[""SMOOTHIE_SHOP"",""BAKERY"",""BRUNCH_SPOT""]},{""step"":288,""shops"":[""SMOOTHIE_SHOP"",""BAKERY"",""BRUNCH_SPOT"",""FARMERS_MARKET""]},{""step"":360,""shops"":[""SMOOTHIE_SHOP"",""BAKERY"",""BRUNCH_SPOT"",""FARMERS_MARKET"",""BAKERY""]},{""step"":432,""shops"":[""SMOOTHIE_SHOP"",""BAKERY"",""BRUNCH_SPOT"",""FARMERS_MARKET"",""BAKERY"",""SMOOTHIE_SHOP""]},{""step"":504,""shops"":[""SMOOTHIE_SHOP"",""BAKERY"",""BRUNCH_SPOT"",""FARMERS_MARKET"",""BAKERY"",""SMOOTHIE_SHOP"",""PET_CAFE""]},{""step"":576,""shops"":[""SMOOTHIE_SHOP"",""BAKERY"",""BRUNCH_SPOT"",""FARMERS_MARKET"",""BAKERY"",""SMOOTHIE_SHOP"",""PET_CAFE"",""FARMERS_MARKET""]}]",experiments/round10_public_learning_20260924/evaluations/public_candidate_selection/replays/melon_threshold/order_book/seed_2026092406_seat_1.json.gz,426d45fccd8780b44e328c8e3cd4ed97a2f3c69245fe81f6e2351fc942269114,26e21e006e1d87042709a658c44fd44878f7a6415add558cbd2c71f4f8772b12,a16e0e9b40c489972630a0b9d04f30e9c1cab03159fa78676db74277d84d82ab,0fe077cc65622d6f6828160d90b617595a4aa7ea188e4afc67bfee8e4d290c92,"{""players"":[{""sell_dead_units"":1295,""refused_buy_product"":9,""refused_buy_seed"":2,""refused_buy_animal"":3,""refused_hire"":2,""refused_buy_land"":0,""hire_paid"":3983,""sell_zero_fill"":54,""buy_zero_fill"":8,""sell_revenue"":110653.0,""total_spend"":26214.0,""shed_discarded_units"":0,""sold_units"":1404,""feed_no_wheat"":0,""feed_no_animal"":88,""feed_redundant"":0,""water_dead"":38,""harvest_dead"":48,""plant_dead"":3,""animals_escaped"":1,""escape_capital"":400.0,""escape_yield_units"":0,""escape_first_day"":1,""animal_unfed_days"":72,""plants_dry"":1,""dry_seed_cost"":100.0,""dry_yield_units"":0,""dry_first_day"":21,""plant_unwatered_days"":376,""decay_units"":15,""plants_decayed"":15,""silent_loss_coins"":500.0,""silent_loss_units"":15,""dead_actions"":424,""move_dead"":0,""locked_dead"":0,""pickup_dead"":6,""drop_dead"":0,""place_dead"":13,""build_dead"":0,""dig_dead"":6,""fertilize_dead"":14,""collect_dead"":99,""care_dead"":109,""tile_cap_units"":17,""fertilizer_forgone"":17,""care_unfed"":66,""animal_shed_days"":1,""idle_tile_days"":142,""weed_tile_days"":3,""hand_pass_turns"":381,""farmer_pass_turns"":65,""phantom_hand_actions"":0,""sell_floor_units"":47,""hire_premium"":3721,""shed_units_now"":0,""shed_value_now"":0.0,""animals_in_shed_now"":0,""seeds_unplanted_now"":14,""seeds_unplanted_cost_now"":310.0},{""sell_dead_units"":84199,""refused_buy_product"":0,""refused_buy_seed"":0,""refused_buy_animal"":0,""refused_hire"":0,""refused_buy_land"":0,""hire_paid"":3986,""sell_zero_fill"":139,""buy_zero_fill"":0,""sell_revenue"":128642.0,""total_spend"":30768.0,""shed_discarded_units"":0,""sold_units"":1644,""feed_no_wheat"":0,""feed_no_animal"":0,""feed_redundant"":0,""water_dead"":11,""harvest_dead"":3,""plant_dead"":0,""animals_escaped"":0,""escape_capital"":0.0,""escape_yield_units"":0,""escape_first_day"":-1,""animal_unfed_days"":94,""plants_dry"":1,""dry_seed_cost"":100.0,""dry_yield_units"":0,""dry_first_day"":21,""plant_unwatered_days"":387,""decay_units"":18,""plants_decayed"":18,""silent_loss_coins"":100.0,""silent_loss_units"":18,""dead_actions"":40,""move_dead"":0,""locked_dead"":0,""pickup_dead"":0,""drop_dead"":0,""place_dead"":1,""build_dead"":0,""dig_dead"":4,""fertilize_dead"":0,""collect_dead"":8,""care_dead"":13,""tile_cap_units"":22,""fertilizer_forgone"":15,""care_unfed"":90,""animal_shed_days"":1,""idle_tile_days"":65,""weed_tile_days"":2,""hand_pass_turns"":417,""farmer_pass_turns"":69,""phantom_hand_actions"":0,""sell_floor_units"":59,""hire_premium"":3722,""shed_units_now"":0,""shed_value_now"":0.0,""animals_in_shed_now"":0,""seeds_unplanted_now"":1,""seeds_unplanted_cost_now"":10.0}]}",{},
metav4,public_candidate,ahmed_v57,ahmed_route,2026092405,0,123840.0,124631.0,-791.0,L,kagsim,5.584523,0,0,0,0,0,0,0,0,0729bebb66ade57fcb6dff845d6bfae4e139625a294bf1994420529d925a5402,"[{""step"":0,""shops"":[]},{""step"":72,""shops"":[""SMOOTHIE_SHOP""]},{""step"":144,""shops"":[""SMOOTHIE_SHOP"",""SMOOTHIE_SHOP""]},{""step"":216,""shops"":[""SMOOTHIE_SHOP"",""SMOOTHIE_SHOP"",""BRUNCH_SPOT""]},{""step"":288,""shops"":[""SMOOTHIE_SHOP"",""SMOOTHIE_SHOP"",""BRUNCH_SPOT"",""BRUNCH_SPOT""]},{""step"":360,""shops"":[""SMOOTHIE_SHOP"",""SMOOTHIE_SHOP"",""BRUNCH_SPOT"",""BRUNCH_SPOT"",""YARN_STORE""]},{""step"":432,""shops"":[""SMOOTHIE_SHOP"",""SMOOTHIE_SHOP"",""BRUNCH_SPOT"",""BRUNCH_SPOT"",""YARN_STORE"",""YARN_STORE""]},{""step"":504,""shops"":[""SMOOTHIE_SHOP"",""SMOOTHIE_SHOP"",""BRUNCH_SPOT"",""BRUNCH_SPOT"",""YARN_STORE"",""YARN_STORE"",""YARN_STORE""]},{""step"":576,""shops"":[""SMOOTHIE_SHOP"",""SMOOTHIE_SHOP"",""BRUNCH_SPOT"",""BRUNCH_SPOT"",""YARN_STORE"",""YARN_STORE"",""YARN_STORE"",""BRUNCH_SPOT""]}]",experiments/round10_public_learning_20260924/evaluations/public_candidate_selection/replays/metav4/ahmed_v57/seed_2026092405_seat_0.json.gz,fc6bbda4625b9ac2aaae1d1bf44f13a2b3397e12eea811c2d13dc794f5200344,9d63494603f88219857a3101d7dc19cc750ded04e5886732ee428580326967d9,2ee689fdc58f38b7bf6b80b8d3f48129d19b47201dbee51fdcbd977498a5106f,0fe077cc65622d6f6828160d90b617595a4aa7ea188e4afc67bfee8e4d290c92,"{""players"":[{""sell_dead_units"":1193,""refused_buy_product"":0,""refused_buy_seed"":0,""refused_buy_animal"":0,""refused_hire"":0,""refused_buy_land"":0,""hire_paid"":4075,""sell_zero_fill"":34,""buy_zero_fill"":0,""sell_revenue"":148904.0,""total_spend"":28064.0,""shed_discarded_units"":1,""sold_units"":1594,""feed_no_wheat"":0,""feed_no_animal"":0,""feed_redundant"":0,""water_dead"":11,""harvest_dead"":4,""plant_dead"":0,""animals_escaped"":0,""escape_capital"":0.0,""escape_yield_units"":0,""escape_first_day"":-1,""animal_unfed_days"":52,""plants_dry"":1,""dry_seed_cost"":100.0,""dry_yield_units"":0,""dry_first_day"":21,""plant_unwatered_days"":392,""decay_units"":18,""plants_decayed"":18,""silent_loss_coins"":100.0,""silent_loss_units"":19,""dead_actions"":42,""move_dead"":0,""locked_dead"":0,""pickup_dead"":0,""drop_dead"":0,""place_dead"":1,""build_dead"":0,""dig_dead"":3,""fertilize_dead"":2,""collect_dead"":8,""care_dead"":13,""tile_cap_units"":21,""fertilizer_forgone"":19,""care_unfed"":48,""animal_shed_days"":1,""idle_tile_days"":64,""weed_tile_days"":1,""hand_pass_turns"":384,""farmer_pass_turns"":62,""phantom_hand_actions"":0,""sell_floor_units"":51,""hire_premium"":3810,""shed_units_now"":0,""shed_value_now"":0.0,""animals_in_shed_now"":0,""seeds_unplanted_now"":13,""seeds_unplanted_cost_now"":210.0},{""sell_dead_units"":2228,""refused_buy_product"":1,""refused_buy_seed"":0,""refused_buy_animal"":0,""refused_hire"":0,""refused_buy_land"":0,""hire_paid"":4075,""sell_zero_fill"":40,""buy_zero_fill"":1,""sell_revenue"":149388.0,""total_spend"":27757.0,""shed_discarded_units"":2,""sold_units"":1594,""feed_no_wheat"":0,""feed_no_animal"":0,""feed_redundant"":0,""water_dead"":11,""harvest_dead"":4,""plant_dead"":0,""animals_escaped"":0,""escape_capital"":0.0,""escape_yield_units"":0,""escape_first_day"":-1,""animal_unfed_days"":52,""plants_dry"":1,""dry_seed_cost"":100.0,""dry_yield_units"":0,""dry_first_day"":21,""plant_unwatered_days"":392,""decay_units"":18,""plants_decayed"":18,""silent_loss_coins"":100.0,""silent_loss_units"":20,""dead_actions"":41,""move_dead"":0,""locked_dead"":0,""pickup_dead"":0,""drop_dead"":0,""place_dead"":1,""build_dead"":0,""dig_dead"":3,""fertilize_dead"":1,""collect_dead"":8,""care_dead"":13,""tile_cap_units"":20,""fertilizer_forgone"":19,""care_unfed"":48,""animal_shed_days"":1,""idle_tile_days"":63,""weed_tile_days"":1,""hand_pass_turns"":369,""farmer_pass_turns"":63,""phantom_hand_actions"":0,""sell_floor_units"":49,""hire_premium"":3810,""shed_units_now"":0,""shed_value_now"":0.0,""animals_in_shed_now"":0,""seeds_unplanted_now"":4,""seeds_unplanted_cost_now"":40.0}]}",{},
metav4,public_candidate,ahmed_v57,ahmed_route,2026092405,1,123840.0,124631.0,-791.0,L,kagsim,5.676766,0,0,0,0,0,0,0,0,0729bebb66ade57fcb6dff845d6bfae4e139625a294bf1994420529d925a5402,"[{""step"":0,""shops"":[]},{""step"":72,""shops"":[""SMOOTHIE_SHOP""]},{""step"":144,""shops"":[""SMOOTHIE_SHOP"",""SMOOTHIE_SHOP""]},{""step"":216,""shops"":[""SMOOTHIE_SHOP"",""SMOOTHIE_SHOP"",""BRUNCH_SPOT""]},{""step"":288,""shops"":[""SMOOTHIE_SHOP"",""SMOOTHIE_SHOP"",""BRUNCH_SPOT"",""BRUNCH_SPOT""]},{""step"":360,""shops"":[""SMOOTHIE_SHOP"",""SMOOTHIE_SHOP"",""BRUNCH_SPOT"",""BRUNCH_SPOT"",""YARN_STORE""]},{""step"":432,""shops"":[""SMOOTHIE_SHOP"",""SMOOTHIE_SHOP"",""BRUNCH_SPOT"",""BRUNCH_SPOT"",""YARN_STORE"",""YARN_STORE""]},{""step"":504,""shops"":[""SMOOTHIE_SHOP"",""SMOOTHIE_SHOP"",""BRUNCH_SPOT"",""BRUNCH_SPOT"",""YARN_STORE"",""YARN_STORE"",""YARN_STORE""]},{""step"":576,""shops"":[""SMOOTHIE_SHOP"",""SMOOTHIE_SHOP"",""BRUNCH_SPOT"",""BRUNCH_SPOT"",""YARN_STORE"",""YARN_STORE"",""YARN_STORE"",""BRUNCH_SPOT""]}]",experiments/round10_public_learning_20260924/evaluations/public_candidate_selection/replays/metav4/ahmed_v57/seed_2026092405_seat_1.json.gz,5d5d07721051766498f1321cc86b8d42bcc6f78a2a895a4b741944c60002d7e7,9d63494603f88219857a3101d7dc19cc750ded04e5886732ee428580326967d9,2ee689fdc58f38b7bf6b80b8d3f48129d19b47201dbee51fdcbd977498a5106f,0fe077cc65622d6f6828160d90b617595a4aa7ea188e4afc67bfee8e4d290c92,"{""players"":[{""sell_dead_units"":2228,""refused_buy_product"":1,""refused_buy_seed"":0,""refused_buy_animal"":0,""refused_hire"":0,""refused_buy_land"":0,""hire_paid"":4075,""sell_zero_fill"":40,""buy_zero_fill"":1,""sell_revenue"":149388.0,""total_spend"":27757.0,""shed_discarded_units"":2,""sold_units"":1594,""feed_no_wheat"":0,""feed_no_animal"":0,""feed_redundant"":0,""water_dead"":11,""harvest_dead"":4,""plant_dead"":0,""animals_escaped"":0,""escape_capital"":0.0,""escape_yield_units"":0,""escape_first_day"":-1,""animal_unfed_days"":52,""plants_dry"":1,""dry_seed_cost"":100.0,""dry_yield_units"":0,""dry_first_day"":21,""plant_unwatered_days"":392,""decay_units"":18,""plants_decayed"":18,""silent_loss_coins"":100.0,""silent_loss_units"":20,""dead_actions"":41,""move_dead"":0,""locked_dead"":0,""pickup_dead"":0,""drop_dead"":0,""place_dead"":1,""build_dead"":0,""dig_dead"":3,""fertilize_dead"":1,""collect_dead"":8,""care_dead"":13,""tile_cap_units"":20,""fertilizer_forgone"":19,""care_unfed"":48,""animal_shed_days"":1,""idle_tile_days"":63,""weed_tile_days"":1,""hand_pass_turns"":369,""farmer_pass_turns"":63,""phantom_hand_actions"":0,""sell_floor_units"":49,""hire_premium"":3810,""shed_units_now"":0,""shed_value_now"":0.0,""animals_in_shed_now"":0,""seeds_unplanted_now"":4,""seeds_unplanted_cost_now"":40.0},{""sell_dead_units"":1193,""refused_buy_product"":0,""refused_buy_seed"":0,""refused_buy_animal"":0,""refused_hire"":0,""refused_buy_land"":0,""hire_paid"":4075,""sell_zero_fill"":34,""buy_zero_fill"":0,""sell_revenue"":148904.0,""total_spend"":28064.0,""shed_discarded_units"":1,""sold_units"":1594,""feed_no_wheat"":0,""feed_no_animal"":0,""feed_redundant"":0,""water_dead"":11,""harvest_dead"":4,""plant_dead"":0,""animals_escaped"":0,""escape_capital"":0.0,""escape_yield_units"":0,""escape_first_day"":-1,""animal_unfed_days"":52,""plants_dry"":1,""dry_seed_cost"":100.0,""dry_yield_units"":0,""dry_first_day"":21,""plant_unwatered_days"":392,""decay_units"":18,""plants_decayed"":18,""silent_loss_coins"":100.0,""silent_loss_units"":19,""dead_actions"":42,""move_dead"":0,""locked_dead"":0,""pickup_dead"":0,""drop_dead"":0,""place_dead"":1,""build_dead"":0,""dig_dead"":3,""fertilize_dead"":2,""collect_dead"":8,""care_dead"":13,""tile_cap_units"":21,""fertilizer_forgone"":19,""care_unfed"":48,""animal_shed_days"":1,""idle_tile_days"":64,""weed_tile_days"":1,""hand_pass_turns"":384,""farmer_pass_turns"":62,""phantom_hand_actions"":0,""sell_floor_units"":51,""hire_premium"":3810,""shed_units_now"":0,""shed_value_now"":0.0,""animals_in_shed_now"":0,""seeds_unplanted_now"":13,""seeds_unplanted_cost_now"":210.0}]}",{},
metav4,public_candidate,ahmed_v57,ahmed_route,2026092406,0,76315.0,76606.0,-291.0,L,kagsim,5.080012,0,0,0,0,0,0,0,0,123c15caaac8b39a3589302bb7e21c0d3bad74fd0808c6fc78b42c810fe61e15,"[{""step"":0,""shops"":[]},{""step"":72,""shops"":[""YARN_STORE""]},{""step"":144,""shops"":[""YARN_STORE"",""BAKERY""]},{""step"":216,""shops"":[""YARN_STORE"",""BAKERY"",""ICE_CREAM_SHOP""]},{""step"":288,""shops"":[""YARN_STORE"",""BAKERY"",""ICE_CREAM_SHOP"",""BRUNCH_SPOT""]},{""step"":360,""shops"":[""YARN_STORE"",""BAKERY"",""ICE_CREAM_SHOP"",""BRUNCH_SPOT"",""PET_CAFE""]},{""step"":432,""shops"":[""YARN_STORE"",""BAKERY"",""ICE_CREAM_SHOP"",""BRUNCH_SPOT"",""PET_CAFE"",""BAKERY""]},{""step"":504,""shops"":[""YARN_STORE"",""BAKERY"",""ICE_CREAM_SHOP"",""BRUNCH_SPOT"",""PET_CAFE"",""BAKERY"",""BRUNCH_SPOT""]},{""step"":576,""shops"":[""YARN_STORE"",""BAKERY"",""ICE_CREAM_SHOP"",""BRUNCH_SPOT"",""PET_CAFE"",""BAKERY"",""BRUNCH_SPOT"",""FARMERS_MARKET""]}]",experiments/round10_public_learning_20260924/evaluations/public_candidate_selection/replays/metav4/ahmed_v57/seed_2026092406_seat_0.json.gz,3f4275c3a97d447a245ff31d5512f9b46da29d05e106226cca38164b46a90417,9d63494603f88219857a3101d7dc19cc750ded04e5886732ee428580326967d9,2ee689fdc58f38b7bf6b80b8d3f48129d19b47201dbee51fdcbd977498a5106f,0fe077cc65622d6f6828160d90b617595a4aa7ea188e4afc67bfee8e4d290c92,"{""players"":[{""sell_dead_units"":211,""refused_buy_product"":0,""refused_buy_seed"":0,""refused_buy_animal"":0,""refused_hire"":0,""refused_buy_land"":0,""hire_paid"":5659,""sell_zero_fill"":20,""buy_zero_fill"":0,""sell_revenue"":103298.0,""total_spend"":29983.0,""shed_discarded_units"":18,""sold_units"":1574,""feed_no_wheat"":0,""feed_no_animal"":0,""feed_redundant"":0,""water_dead"":1,""harvest_dead"":6,""plant_dead"":0,""animals_escaped"":0,""escape_capital"":0.0,""escape_yield_units"":0,""escape_first_day"":-1,""animal_unfed_days"":78,""plants_dry"":1,""dry_seed_cost"":100.0,""dry_yield_units"":0,""dry_first_day"":21,""plant_unwatered_days"":385,""decay_units"":18,""plants_decayed"":18,""silent_loss_coins"":100.0,""silent_loss_units"":36,""dead_actions"":20,""move_dead"":0,""locked_dead"":0,""pickup_dead"":0,""drop_dead"":0,""place_dead"":2,""build_dead"":0,""dig_dead"":2,""fertilize_dead"":0,""collect_dead"":4,""care_dead"":5,""tile_cap_units"":12,""fertilizer_forgone"":14,""care_unfed"":74,""animal_shed_days"":0,""idle_tile_days"":63,""weed_tile_days"":3,""hand_pass_turns"":650,""farmer_pass_turns"":84,""phantom_hand_actions"":0,""sell_floor_units"":159,""hire_premium"":5377,""shed_units_now"":0,""shed_value_now"":0.0,""animals_in_shed_now"":0,""seeds_unplanted_now"":0,""seeds_unplanted_cost_now"":0.0},{""sell_dead_units"":240,""refused_buy_product"":1,""refused_buy_seed"":0,""refused_buy_animal"":0,""refused_hire"":0,""refused_buy_land"":0,""hire_paid"":5659,""sell_zero_fill"":23,""buy_zero_fill"":1,""sell_revenue"":103538.0,""total_spend"":29932.0,""shed_discarded_units"":18,""sold_units"":1573,""feed_no_wheat"":0,""feed_no_animal"":0,""feed_redundant"":0,""water_dead"":1,""harvest_dead"":6,""plant_dead"":0,""animals_escaped"":0,""escape_capital"":0.0,""escape_yield_units"":0,""escape_first_day"":-1,""animal_unfed_days"":78,""plants_dry"":1,""dry_seed_cost"":100.0,""dry_yield_units"":0,""dry_first_day"":21,""plant_unwatered_days"":385,""decay_units"":18,""plants_decayed"":18,""silent_loss_coins"":100.0,""silent_loss_units"":36,""dead_actions"":20,""move_dead"":0,""locked_dead"":0,""pickup_dead"":0,""drop_dead"":0,""place_dead"":2,""build_dead"":0,""dig_dead"":2,""fertilize_dead"":0,""collect_dead"":4,""care_dead"":5,""tile_cap_units"":12,""fertilizer_forgone"":14,""care_unfed"":74,""animal_shed_days"":0,""idle_tile_days"":62,""weed_tile_days"":3,""hand_pass_turns"":633,""farmer_pass_turns"":84,""phantom_hand_actions"":0,""sell_floor_units"":159,""hire_premium"":5377,""shed_units_now"":0,""shed_value_now"":0.0,""animals_in_shed_now"":0,""seeds_unplanted_now"":0,""seeds_unplanted_cost_now"":0.0}]}",{},
metav4,public_candidate,ahmed_v57,ahmed_route,2026092406,1,76315.0,76606.0,-291.0,L,kagsim,5.420662,0,0,0,0,0,0,0,0,123c15caaac8b39a3589302bb7e21c0d3bad74fd0808c6fc78b42c810fe61e15,"[{""step"":0,""shops"":[]},{""step"":72,""shops"":[""YARN_STORE""]},{""step"":144,""shops"":[""YARN_STORE"",""BAKERY""]},{""step"":216,""shops"":[""YARN_STORE"",""BAKERY"",""ICE_CREAM_SHOP""]},{""step"":288,""shops"":[""YARN_STORE"",""BAKERY"",""ICE_CREAM_SHOP"",""BRUNCH_SPOT""]},{""step"":360,""shops"":[""YARN_STORE"",""BAKERY"",""ICE_CREAM_SHOP"",""BRUNCH_SPOT"",""PET_CAFE""]},{""step"":432,""shops"":[""YARN_STORE"",""BAKERY"",""ICE_CREAM_SHOP"",""BRUNCH_SPOT"",""PET_CAFE"",""BAKERY""]},{""step"":504,""shops"":[""YARN_STORE"",""BAKERY"",""ICE_CREAM_SHOP"",""BRUNCH_SPOT"",""PET_CAFE"",""BAKERY"",""BRUNCH_SPOT""]},{""step"":576,""shops"":[""YARN_STORE"",""BAKERY"",""ICE_CREAM_SHOP"",""BRUNCH_SPOT"",""PET_CAFE"",""BAKERY"",""BRUNCH_SPOT"",""FARMERS_MARKET""]}]",experiments/round10_public_learning_20260924/evaluations/public_candidate_selection/replays/metav4/ahmed_v57/seed_2026092406_seat_1.json.gz,549e8537a125b4abb0a50b83888109466cecf763a09a4e0d0e26d8c85b02d00e,9d63494603f88219857a3101d7dc19cc750ded04e5886732ee428580326967d9,2ee689fdc58f38b7bf6b80b8d3f48129d19b47201dbee51fdcbd977498a5106f,0fe077cc65622d6f6828160d90b617595a4aa7ea188e4afc67bfee8e4d290c92,"{""players"":[{""sell_dead_units"":240,""refused_buy_product"":1,""refused_buy_seed"":0,""refused_buy_animal"":0,""refused_hire"":0,""refused_buy_land"":0,""hire_paid"":5659,""sell_zero_fill"":23,""buy_zero_fill"":1,""sell_revenue"":103538.0,""total_spend"":29932.0,""shed_discarded_units"":18,""sold_units"":1573,""feed_no_wheat"":0,""feed_no_animal"":0,""feed_redundant"":0,""water_dead"":1,""harvest_dead"":6,""plant_dead"":0,""animals_escaped"":0,""escape_capital"":0.0,""escape_yield_units"":0,""escape_first_day"":-1,""animal_unfed_days"":78,""plants_dry"":1,""dry_seed_cost"":100.0,""dry_yield_units"":0,""dry_first_day"":21,""plant_unwatered_days"":385,""decay_units"":18,""plants_decayed"":18,""silent_loss_coins"":100.0,""silent_loss_units"":36,""dead_actions"":20,""move_dead"":0,""locked_dead"":0,""pickup_dead"":0,""drop_dead"":0,""place_dead"":2,""build_dead"":0,""dig_dead"":2,""fertilize_dead"":0,""collect_dead"":4,""care_dead"":5,""tile_cap_units"":12,""fertilizer_forgone"":14,""care_unfed"":74,""animal_shed_days"":0,""idle_tile_days"":62,""weed_tile_days"":3,""hand_pass_turns"":633,""farmer_pass_turns"":84,""phantom_hand_actions"":0,""sell_floor_units"":159,""hire_premium"":5377,""shed_units_now"":0,""shed_value_now"":0.0,""animals_in_shed_now"":0,""seeds_unplanted_now"":0,""seeds_unplanted_cost_now"":0.0},{""sell_dead_units"":211,""refused_buy_product"":0,""refused_buy_seed"":0,""refused_buy_animal"":0,""refused_hire"":0,""refused_buy_land"":0,""hire_paid"":5659,""sell_zero_fill"":20,""buy_zero_fill"":0,""sell_revenue"":103298.0,""total_spend"":29983.0,""shed_discarded_units"":18,""sold_units"":1574,""feed_no_wheat"":0,""feed_no_animal"":0,""feed_redundant"":0,""water_dead"":1,""harvest_dead"":6,""plant_dead"":0,""animals_escaped"":0,""escape_capital"":0.0,""escape_yield_units"":0,""escape_first_day"":-1,""animal_unfed_days"":78,""plants_dry"":1,""dry_seed_cost"":100.0,""dry_yield_units"":0,""dry_first_day"":21,""plant_unwatered_days"":385,""decay_units"":18,""plants_decayed"":18,""silent_loss_coins"":100.0,""silent_loss_units"":36,""dead_actions"":20,""move_dead"":0,""locked_dead"":0,""pickup_dead"":0,""drop_dead"":0,""place_dead"":2,""build_dead"":0,""dig_dead"":2,""fertilize_dead"":0,""collect_dead"":4,""care_dead"":5,""tile_cap_units"":12,""fertilizer_forgone"":14,""care_unfed"":74,""animal_shed_days"":0,""idle_tile_days"":63,""weed_tile_days"":3,""hand_pass_turns"":650,""farmer_pass_turns"":84,""phantom_hand_actions"":0,""sell_floor_units"":159,""hire_premium"":5377,""shed_units_now"":0,""shed_value_now"":0.0,""animals_in_shed_now"":0,""seeds_unplanted_now"":0,""seeds_unplanted_cost_now"":0.0}]}",{},
metav4,public_candidate,herd_safe,herd_safe,2026092405,0,123385.0,124498.0,-1113.0,L,kagsim,6.999171,0,0,0,0,0,0,0,0,0729bebb66ade57fcb6dff845d6bfae4e139625a294bf1994420529d925a5402,"[{""step"":0,""shops"":[]},{""step"":72,""shops"":[""SMOOTHIE_SHOP""]},{""step"":144,""shops"":[""SMOOTHIE_SHOP"",""SMOOTHIE_SHOP""]},{""step"":216,""shops"":[""SMOOTHIE_SHOP"",""SMOOTHIE_SHOP"",""BRUNCH_SPOT""]},{""step"":288,""shops"":[""SMOOTHIE_SHOP"",""SMOOTHIE_SHOP"",""BRUNCH_SPOT"",""BRUNCH_SPOT""]},{""step"":360,""shops"":[""SMOOTHIE_SHOP"",""SMOOTHIE_SHOP"",""BRUNCH_SPOT"",""BRUNCH_SPOT"",""YARN_STORE""]},{""step"":432,""shops"":[""SMOOTHIE_SHOP"",""SMOOTHIE_SHOP"",""BRUNCH_SPOT"",""BRUNCH_SPOT"",""YARN_STORE"",""YARN_STORE""]},{""step"":504,""shops"":[""SMOOTHIE_SHOP"",""SMOOTHIE_SHOP"",""BRUNCH_SPOT"",""BRUNCH_SPOT"",""YARN_STORE"",""YARN_STORE"",""YARN_STORE""]},{""step"":576,""shops"":[""SMOOTHIE_SHOP"",""SMOOTHIE_SHOP"",""BRUNCH_SPOT"",""BRUNCH_SPOT"",""YARN_STORE"",""YARN_STORE"",""YARN_STORE"",""BRUNCH_SPOT""]}]",experiments/round10_public_learning_20260924/evaluations/public_candidate_selection/replays/metav4/herd_safe/seed_2026092405_seat_0.json.gz,726adb975e187302ccdf2fb6d9687f91c5b9d797f303c7cb0b83208794a93840,9d63494603f88219857a3101d7dc19cc750ded04e5886732ee428580326967d9,b6553c296c556aff5b5e2d12b75618e505fa4d852afb5338414ac6d6e039cb02,0fe077cc65622d6f6828160d90b617595a4aa7ea188e4afc67bfee8e4d290c92,"{""players"":[{""sell_dead_units"":1191,""refused_buy_product"":1,""refused_buy_seed"":0,""refused_buy_animal"":0,""refused_hire"":0,""refused_buy_land"":0,""hire_paid"":4075,""sell_zero_fill"":34,""buy_zero_fill"":1,""sell_revenue"":148413.0,""total_spend"":28028.0,""shed_discarded_units"":1,""sold_units"":1600,""feed_no_wheat"":0,""feed_no_animal"":0,""feed_redundant"":0,""water_dead"":11,""harvest_dead"":4,""plant_dead"":0,""animals_escaped"":0,""escape_capital"":0.0,""escape_yield_units"":0,""escape_first_day"":-1,""animal_unfed_days"":58,""plants_dry"":1,""dry_seed_cost"":100.0,""dry_yield_units"":0,""dry_first_day"":21,""plant_unwatered_days"":392,""decay_units"":18,""plants_decayed"":18,""silent_loss_coins"":100.0,""silent_loss_units"":19,""dead_actions"":42,""move_dead"":0,""locked_dead"":0,""pickup_dead"":0,""drop_dead"":0,""place_dead"":1,""build_dead"":0,""dig_dead"":3,""fertilize_dead"":2,""collect_dead"":8,""care_dead"":13,""tile_cap_units"":21,""fertilizer_forgone"":19,""care_unfed"":54,""animal_shed_days"":1,""idle_tile_days"":64,""weed_tile_days"":1,""hand_pass_turns"":390,""farmer_pass_turns"":62,""phantom_hand_actions"":0,""sell_floor_units"":45,""hire_premium"":3810,""shed_units_now"":0,""shed_value_now"":0.0,""animals_in_shed_now"":0,""seeds_unplanted_now"":13,""seeds_unplanted_cost_now"":210.0},{""sell_dead_units"":2232,""refused_buy_product"":1,""refused_buy_seed"":0,""refused_buy_animal"":0,""refused_hire"":0,""refused_buy_land"":0,""hire_paid"":4075,""sell_zero_fill"":44,""buy_zero_fill"":1,""sell_revenue"":148918.0,""total_spend"":27420.0,""shed_discarded_units"":2,""sold_units"":1591,""feed_no_wheat"":0,""feed_no_animal"":0,""feed_redundant"":0,""water_dead"":11,""harvest_dead"":4,""plant_dead"":0,""animals_escaped"":0,""escape_capital"":0.0,""escape_yield_units"":0,""escape_first_day"":-1,""animal_unfed_days"":58,""plants_dry"":1,""dry_seed_cost"":100.0,""dry_yield_units"":0,""dry_first_day"":21,""plant_unwatered_days"":392,""decay_units"":18,""plants_decayed"":18,""silent_loss_coins"":100.0,""silent_loss_units"":20,""dead_actions"":42,""move_dead"":0,""locked_dead"":0,""pickup_dead"":0,""drop_dead"":0,""place_dead"":2,""build_dead"":0,""dig_dead"":3,""fertilize_dead"":1,""collect_dead"":8,""care_dead"":13,""tile_cap_units"":20,""fertilizer_forgone"":19,""care_unfed"":54,""animal_shed_days"":1,""idle_tile_days"":63,""weed_tile_days"":1,""hand_pass_turns"":375,""farmer_pass_turns"":63,""phantom_hand_actions"":0,""sell_floor_units"":56,""hire_premium"":3810,""shed_units_now"":0,""shed_value_now"":0.0,""animals_in_shed_now"":0,""seeds_unplanted_now"":5,""seeds_unplanted_cost_now"":50.0}]}",{},
metav4,public_candidate,herd_safe,herd_safe,2026092405,1,123385.0,124498.0,-1113.0,L,kagsim,7.126814,0,0,0,0,0,0,0,0,0729bebb66ade57fcb6dff845d6bfae4e139625a294bf1994420529d925a5402,"[{""step"":0,""shops"":[]},{""step"":72,""shops"":[""SMOOTHIE_SHOP""]},{""step"":144,""shops"":[""SMOOTHIE_SHOP"",""SMOOTHIE_SHOP""]},{""step"":216,""shops"":[""SMOOTHIE_SHOP"",""SMOOTHIE_SHOP"",""BRUNCH_SPOT""]},{""step"":288,""shops"":[""SMOOTHIE_SHOP"",""SMOOTHIE_SHOP"",""BRUNCH_SPOT"",""BRUNCH_SPOT""]},{""step"":360,""shops"":[""SMOOTHIE_SHOP"",""SMOOTHIE_SHOP"",""BRUNCH_SPOT"",""BRUNCH_SPOT"",""YARN_STORE""]},{""step"":432,""shops"":[""SMOOTHIE_SHOP"",""SMOOTHIE_SHOP"",""BRUNCH_SPOT"",""BRUNCH_SPOT"",""YARN_STORE"",""YARN_STORE""]},{""step"":504,""shops"":[""SMOOTHIE_SHOP"",""SMOOTHIE_SHOP"",""BRUNCH_SPOT"",""BRUNCH_SPOT"",""YARN_STORE"",""YARN_STORE"",""YARN_STORE""]},{""step"":576,""shops"":[""SMOOTHIE_SHOP"",""SMOOTHIE_SHOP"",""BRUNCH_SPOT"",""BRUNCH_SPOT"",""YARN_STORE"",""YARN_STORE"",""YARN_STORE"",""BRUNCH_SPOT""]}]",experiments/round10_public_learning_20260924/evaluations/public_candidate_selection/replays/metav4/herd_safe/seed_2026092405_seat_1.json.gz,837375ffd3e97293ede226eb13a162b0a2ed719a17fcf8fccc43837e887edea5,9d63494603f88219857a3101d7dc19cc750ded04e5886732ee428580326967d9,b6553c296c556aff5b5e2d12b75618e505fa4d852afb5338414ac6d6e039cb02,0fe077cc65622d6f6828160d90b617595a4aa7ea188e4afc67bfee8e4d290c92,"{""players"":[{""sell_dead_units"":2232,""refused_buy_product"":1,""refused_buy_seed"":0,""refused_buy_animal"":0,""refused_hire"":0,""refused_buy_land"":0,""hire_paid"":4075,""sell_zero_fill"":44,""buy_zero_fill"":1,""sell_revenue"":148918.0,""total_spend"":27420.0,""shed_discarded_units"":2,""sold_units"":1591,""feed_no_wheat"":0,""feed_no_animal"":0,""feed_redundant"":0,""water_dead"":11,""harvest_dead"":4,""plant_dead"":0,""animals_escaped"":0,""escape_capital"":0.0,""escape_yield_units"":0,""escape_first_day"":-1,""animal_unfed_days"":58,""plants_dry"":1,""dry_seed_cost"":100.0,""dry_yield_units"":0,""dry_first_day"":21,""plant_unwatered_days"":392,""decay_units"":18,""plants_decayed"":18,""silent_loss_coins"":100.0,""silent_loss_units"":20,""dead_actions"":42,""move_dead"":0,""locked_dead"":0,""pickup_dead"":0,""drop_dead"":0,""place_dead"":2,""build_dead"":0,""dig_dead"":3,""fertilize_dead"":1,""collect_dead"":8,""care_dead"":13,""tile_cap_units"":20,""fertilizer_forgone"":19,""care_unfed"":54,""animal_shed_days"":1,""idle_tile_days"":63,""weed_tile_days"":1,""hand_pass_turns"":375,""farmer_pass_turns"":63,""phantom_hand_actions"":0,""sell_floor_units"":56,""hire_premium"":3810,""shed_units_now"":0,""shed_value_now"":0.0,""animals_in_shed_now"":0,""seeds_unplanted_now"":5,""seeds_unplanted_cost_now"":50.0},{""sell_dead_units"":1191,""refused_buy_product"":1,""refused_buy_seed"":0,""refused_buy_animal"":0,""refused_hire"":0,""refused_buy_land"":0,""hire_paid"":4075,""sell_zero_fill"":34,""buy_zero_fill"":1,""sell_revenue"":148413.0,""total_spend"":28028.0,""shed_discarded_units"":1,""sold_units"":1600,""feed_no_wheat"":0,""feed_no_animal"":0,""feed_redundant"":0,""water_dead"":11,""harvest_dead"":4,""plant_dead"":0,""animals_escaped"":0,""escape_capital"":0.0,""escape_yield_units"":0,""escape_first_day"":-1,""animal_unfed_days"":58,""plants_dry"":1,""dry_seed_cost"":100.0,""dry_yield_units"":0,""dry_first_day"":21,""plant_unwatered_days"":392,""decay_units"":18,""plants_decayed"":18,""silent_loss_coins"":100.0,""silent_loss_units"":19,""dead_actions"":42,""move_dead"":0,""locked_dead"":0,""pickup_dead"":0,""drop_dead"":0,""place_dead"":1,""build_dead"":0,""dig_dead"":3,""fertilize_dead"":2,""collect_dead"":8,""care_dead"":13,""tile_cap_units"":21,""fertilizer_forgone"":19,""care_unfed"":54,""animal_shed_days"":1,""idle_tile_days"":64,""weed_tile_days"":1,""hand_pass_turns"":390,""farmer_pass_turns"":62,""phantom_hand_actions"":0,""sell_floor_units"":45,""hire_premium"":3810,""shed_units_now"":0,""shed_value_now"":0.0,""animals_in_shed_now"":0,""seeds_unplanted_now"":13,""seeds_unplanted_cost_now"":210.0}]}",{},
metav4,public_candidate,herd_safe,herd_safe,2026092406,0,76703.0,77010.0,-307.0,L,kagsim,7.203765,0,0,0,0,0,0,0,0,123c15caaac8b39a3589302bb7e21c0d3bad74fd0808c6fc78b42c810fe61e15,"[{""step"":0,""shops"":[]},{""step"":72,""shops"":[""YARN_STORE""]},{""step"":144,""shops"":[""YARN_STORE"",""BAKERY""]},{""step"":216,""shops"":[""YARN_STORE"",""BAKERY"",""ICE_CREAM_SHOP""]},{""step"":288,""shops"":[""YARN_STORE"",""BAKERY"",""ICE_CREAM_SHOP"",""BRUNCH_SPOT""]},{""step"":360,""shops"":[""YARN_STORE"",""BAKERY"",""ICE_CREAM_SHOP"",""BRUNCH_SPOT"",""PET_CAFE""]},{""step"":432,""shops"":[""YARN_STORE"",""BAKERY"",""ICE_CREAM_SHOP"",""BRUNCH_SPOT"",""PET_CAFE"",""BAKERY""]},{""step"":504,""shops"":[""YARN_STORE"",""BAKERY"",""ICE_CREAM_SHOP"",""BRUNCH_SPOT"",""PET_CAFE"",""BAKERY"",""BRUNCH_SPOT""]},{""step"":576,""shops"":[""YARN_STORE"",""BAKERY"",""ICE_CREAM_SHOP"",""BRUNCH_SPOT"",""PET_CAFE"",""BAKERY"",""BRUNCH_SPOT"",""FARMERS_MARKET""]}]",experiments/round10_public_learning_20260924/evaluations/public_candidate_selection/replays/metav4/herd_safe/seed_2026092406_seat_0.json.gz,0bc6c97de3ae4bd5e648c28ad728ade96451256e69f73308c9f9de8ba57a266a,9d63494603f88219857a3101d7dc19cc750ded04e5886732ee428580326967d9,b6553c296c556aff5b5e2d12b75618e505fa4d852afb5338414ac6d6e039cb02,0fe077cc65622d6f6828160d90b617595a4aa7ea188e4afc67bfee8e4d290c92,"{""players"":[{""sell_dead_units"":236,""refused_buy_product"":1,""refused_buy_seed"":0,""refused_buy_animal"":0,""refused_hire"":0,""refused_buy_land"":0,""hire_paid"":5659,""sell_zero_fill"":22,""buy_zero_fill"":1,""sell_revenue"":103694.0,""total_spend"":29991.0,""shed_discarded_units"":34,""sold_units"":1558,""feed_no_wheat"":0,""feed_no_animal"":0,""feed_redundant"":0,""water_dead"":1,""harvest_dead"":6,""plant_dead"":0,""animals_escaped"":0,""escape_capital"":0.0,""escape_yield_units"":0,""escape_first_day"":-1,""animal_unfed_days"":78,""plants_dry"":1,""dry_seed_cost"":100.0,""dry_yield_units"":0,""dry_first_day"":21,""plant_unwatered_days"":385,""decay_units"":18,""plants_decayed"":18,""silent_loss_coins"":100.0,""silent_loss_units"":52,""dead_actions"":20,""move_dead"":0,""locked_dead"":0,""pickup_dead"":0,""drop_dead"":0,""place_dead"":2,""build_dead"":0,""dig_dead"":2,""fertilize_dead"":0,""collect_dead"":4,""care_dead"":5,""tile_cap_units"":9,""fertilizer_forgone"":14,""care_unfed"":74,""animal_shed_days"":0,""idle_tile_days"":63,""weed_tile_days"":3,""hand_pass_turns"":649,""farmer_pass_turns"":83,""phantom_hand_actions"":0,""sell_floor_units"":152,""hire_premium"":5377,""shed_units_now"":0,""shed_value_now"":0.0,""animals_in_shed_now"":0,""seeds_unplanted_now"":0,""seeds_unplanted_cost_now"":0.0},{""sell_dead_units"":2228,""refused_buy_product"":1,""refused_buy_seed"":0,""refused_buy_animal"":0,""refused_hire"":0,""refused_buy_land"":0,""hire_paid"":5659,""sell_zero_fill"":24,""buy_zero_fill"":1,""sell_revenue"":103626.0,""total_spend"":29616.0,""shed_discarded_units"":34,""sold_units"":1550,""feed_no_wheat"":0,""feed_no_animal"":0,""feed_redundant"":0,""water_dead"":1,""harvest_dead"":4,""plant_dead"":0,""animals_escaped"":0,""escape_capital"":0.0,""escape_yield_units"":0,""escape_first_day"":-1,""animal_unfed_days"":78,""plants_dry"":1,""dry_seed_cost"":100.0,""dry_yield_units"":0,""dry_first_day"":21,""plant_unwatered_days"":385,""decay_units"":18,""plants_decayed"":18,""silent_loss_coins"":100.0,""silent_loss_units"":52,""dead_actions"":17,""move_dead"":0,""locked_dead"":0,""pickup_dead"":0,""drop_dead"":0,""place_dead"":1,""build_dead"":0,""dig_dead"":2,""fertilize_dead"":0,""collect_dead"":4,""care_dead"":5,""tile_cap_units"":9,""fertilizer_forgone"":14,""care_unfed"":74,""animal_shed_days"":0,""idle_tile_days"":62,""weed_tile_days"":3,""hand_pass_turns"":633,""farmer_pass_turns"":83,""phantom_hand_actions"":0,""sell_floor_units"":154,""hire_premium"":5377,""shed_units_now"":0,""shed_value_now"":0.0,""animals_in_shed_now"":0,""seeds_unplanted_now"":0,""seeds_unplanted_cost_now"":0.0}]}",{},
metav4,public_candidate,herd_safe,herd_safe,2026092406,1,76703.0,77010.0,-307.0,L,kagsim,7.179936,0,0,0,0,0,0,0,0,123c15caaac8b39a3589302bb7e21c0d3bad74fd0808c6fc78b42c810fe61e15,"[{""step"":0,""shops"":[]},{""step"":72,""shops"":[""YARN_STORE""]},{""step"":144,""shops"":[""YARN_STORE"",""BAKERY""]},{""step"":216,""shops"":[""YARN_STORE"",""BAKERY"",""ICE_CREAM_SHOP""]},{""step"":288,""shops"":[""YARN_STORE"",""BAKERY"",""ICE_CREAM_SHOP"",""BRUNCH_SPOT""]},{""step"":360,""shops"":[""YARN_STORE"",""BAKERY"",""ICE_CREAM_SHOP"",""BRUNCH_SPOT"",""PET_CAFE""]},{""step"":432,""shops"":[""YARN_STORE"",""BAKERY"",""ICE_CREAM_SHOP"",""BRUNCH_SPOT"",""PET_CAFE"",""BAKERY""]},{""step"":504,""shops"":[""YARN_STORE"",""BAKERY"",""ICE_CREAM_SHOP"",""BRUNCH_SPOT"",""PET_CAFE"",""BAKERY"",""BRUNCH_SPOT""]},{""step"":576,""shops"":[""YARN_STORE"",""BAKERY"",""ICE_CREAM_SHOP"",""BRUNCH_SPOT"",""PET_CAFE"",""BAKERY"",""BRUNCH_SPOT"",""FARMERS_MARKET""]}]",experiments/round10_public_learning_20260924/evaluations/public_candidate_selection/replays/metav4/herd_safe/seed_2026092406_seat_1.json.gz,57599cb0e030622f7c531989c015e36dfd66e98ef22ea52ed48766ea3454b397,9d63494603f88219857a3101d7dc19cc750ded04e5886732ee428580326967d9,b6553c296c556aff5b5e2d12b75618e505fa4d852afb5338414ac6d6e039cb02,0fe077cc65622d6f6828160d90b617595a4aa7ea188e4afc67bfee8e4d290c92,"{""players"":[{""sell_dead_units"":2228,""refused_buy_product"":1,""refused_buy_seed"":0,""refused_buy_animal"":0,""refused_hire"":0,""refused_buy_land"":0,""hire_paid"":5659,""sell_zero_fill"":24,""buy_zero_fill"":1,""sell_revenue"":103626.0,""total_spend"":29616.0,""shed_discarded_units"":34,""sold_units"":1550,""feed_no_wheat"":0,""feed_no_animal"":0,""feed_redundant"":0,""water_dead"":1,""harvest_dead"":4,""plant_dead"":0,""animals_escaped"":0,""escape_capital"":0.0,""escape_yield_units"":0,""escape_first_day"":-1,""animal_unfed_days"":78,""plants_dry"":1,""dry_seed_cost"":100.0,""dry_yield_units"":0,""dry_first_day"":21,""plant_unwatered_days"":385,""decay_units"":18,""plants_decayed"":18,""silent_loss_coins"":100.0,""silent_loss_units"":52,""dead_actions"":17,""move_dead"":0,""locked_dead"":0,""pickup_dead"":0,""drop_dead"":0,""place_dead"":1,""build_dead"":0,""dig_dead"":2,""fertilize_dead"":0,""collect_dead"":4,""care_dead"":5,""tile_cap_units"":9,""fertilizer_forgone"":14,""care_unfed"":74,""animal_shed_days"":0,""idle_tile_days"":62,""weed_tile_days"":3,""hand_pass_turns"":633,""farmer_pass_turns"":83,""phantom_hand_actions"":0,""sell_floor_units"":154,""hire_premium"":5377,""shed_units_now"":0,""shed_value_now"":0.0,""animals_in_shed_now"":0,""seeds_unplanted_now"":0,""seeds_unplanted_cost_now"":0.0},{""sell_dead_units"":236,""refused_buy_product"":1,""refused_buy_seed"":0,""refused_buy_animal"":0,""refused_hire"":0,""refused_buy_land"":0,""hire_paid"":5659,""sell_zero_fill"":22,""buy_zero_fill"":1,""sell_revenue"":103694.0,""total_spend"":29991.0,""shed_discarded_units"":34,""sold_units"":1558,""feed_no_wheat"":0,""feed_no_animal"":0,""feed_redundant"":0,""water_dead"":1,""harvest_dead"":6,""plant_dead"":0,""animals_escaped"":0,""escape_capital"":0.0,""escape_yield_units"":0,""escape_first_day"":-1,""animal_unfed_days"":78,""plants_dry"":1,""dry_seed_cost"":100.0,""dry_yield_units"":0,""dry_first_day"":21,""plant_unwatered_days"":385,""decay_units"":18,""plants_decayed"":18,""silent_loss_coins"":100.0,""silent_loss_units"":52,""dead_actions"":20,""move_dead"":0,""locked_dead"":0,""pickup_dead"":0,""drop_dead"":0,""place_dead"":2,""build_dead"":0,""dig_dead"":2,""fertilize_dead"":0,""collect_dead"":4,""care_dead"":5,""tile_cap_units"":9,""fertilizer_forgone"":14,""care_unfed"":74,""animal_shed_days"":0,""idle_tile_days"":63,""weed_tile_days"":3,""hand_pass_turns"":649,""farmer_pass_turns"":83,""phantom_hand_actions"":0,""sell_floor_units"":152,""hire_premium"":5377,""shed_units_now"":0,""shed_value_now"":0.0,""animals_in_shed_now"":0,""seeds_unplanted_now"":0,""seeds_unplanted_cost_now"":0.0}]}",{},
metav4,public_candidate,melon_threshold,melon_threshold,2026092405,0,123873.0,123445.0,428.0,W,kagsim,5.475894,0,0,0,0,0,0,0,0,0729bebb66ade57fcb6dff845d6bfae4e139625a294bf1994420529d925a5402,"[{""step"":0,""shops"":[]},{""step"":72,""shops"":[""SMOOTHIE_SHOP""]},{""step"":144,""shops"":[""SMOOTHIE_SHOP"",""SMOOTHIE_SHOP""]},{""step"":216,""shops"":[""SMOOTHIE_SHOP"",""SMOOTHIE_SHOP"",""BRUNCH_SPOT""]},{""step"":288,""shops"":[""SMOOTHIE_SHOP"",""SMOOTHIE_SHOP"",""BRUNCH_SPOT"",""BRUNCH_SPOT""]},{""step"":360,""shops"":[""SMOOTHIE_SHOP"",""SMOOTHIE_SHOP"",""BRUNCH_SPOT"",""BRUNCH_SPOT"",""YARN_STORE""]},{""step"":432,""shops"":[""SMOOTHIE_SHOP"",""SMOOTHIE_SHOP"",""BRUNCH_SPOT"",""BRUNCH_SPOT"",""YARN_STORE"",""YARN_STORE""]},{""step"":504,""shops"":[""SMOOTHIE_SHOP"",""SMOOTHIE_SHOP"",""BRUNCH_SPOT"",""BRUNCH_SPOT"",""YARN_STORE"",""YARN_STORE"",""YARN_STORE""]},{""step"":576,""shops"":[""SMOOTHIE_SHOP"",""SMOOTHIE_SHOP"",""BRUNCH_SPOT"",""BRUNCH_SPOT"",""YARN_STORE"",""YARN_STORE"",""YARN_STORE"",""BRUNCH_SPOT""]}]",experiments/round10_public_learning_20260924/evaluations/public_candidate_selection/replays/metav4/melon_threshold/seed_2026092405_seat_0.json.gz,7354193adea54f257e86f6c9a9ec986f2d86a13ca9c0f1dc80e7e35d2b2c86ca,9d63494603f88219857a3101d7dc19cc750ded04e5886732ee428580326967d9,26e21e006e1d87042709a658c44fd44878f7a6415add558cbd2c71f4f8772b12,0fe077cc65622d6f6828160d90b617595a4aa7ea188e4afc67bfee8e4d290c92,"{""players"":[{""sell_dead_units"":1185,""refused_buy_product"":1,""refused_buy_seed"":0,""refused_buy_animal"":0,""refused_hire"":0,""refused_buy_land"":0,""hire_paid"":4075,""sell_zero_fill"":34,""buy_zero_fill"":1,""sell_revenue"":148918.0,""total_spend"":28045.0,""shed_discarded_units"":1,""sold_units"":1600,""feed_no_wheat"":0,""feed_no_animal"":0,""feed_redundant"":0,""water_dead"":11,""harvest_dead"":4,""plant_dead"":0,""animals_escaped"":0,""escape_capital"":0.0,""escape_yield_units"":0,""escape_first_day"":-1,""animal_unfed_days"":61,""plants_dry"":1,""dry_seed_cost"":100.0,""dry_yield_units"":0,""dry_first_day"":21,""plant_unwatered_days"":392,""decay_units"":18,""plants_decayed"":18,""silent_loss_coins"":100.0,""silent_loss_units"":19,""dead_actions"":42,""move_dead"":0,""locked_dead"":0,""pickup_dead"":0,""drop_dead"":0,""place_dead"":1,""build_dead"":0,""dig_dead"":3,""fertilize_dead"":2,""collect_dead"":8,""care_dead"":13,""tile_cap_units"":21,""fertilizer_forgone"":19,""care_unfed"":57,""animal_shed_days"":1,""idle_tile_days"":64,""weed_tile_days"":1,""hand_pass_turns"":393,""farmer_pass_turns"":62,""phantom_hand_actions"":0,""sell_floor_units"":51,""hire_premium"":3810,""shed_units_now"":0,""shed_value_now"":0.0,""animals_in_shed_now"":0,""seeds_unplanted_now"":13,""seeds_unplanted_cost_now"":210.0},{""sell_dead_units"":84168,""refused_buy_product"":0,""refused_buy_seed"":0,""refused_buy_animal"":0,""refused_hire"":0,""refused_buy_land"":0,""hire_paid"":4075,""sell_zero_fill"":131,""buy_zero_fill"":0,""sell_revenue"":150701.0,""total_spend"":30256.0,""shed_discarded_units"":3,""sold_units"":1676,""feed_no_wheat"":0,""feed_no_animal"":0,""feed_redundant"":0,""water_dead"":12,""harvest_dead"":4,""plant_dead"":0,""animals_escaped"":0,""escape_capital"":0.0,""escape_yield_units"":0,""escape_first_day"":-1,""animal_unfed_days"":61,""plants_dry"":1,""dry_seed_cost"":100.0,""dry_yield_units"":0,""dry_first_day"":21,""plant_unwatered_days"":387,""decay_units"":18,""plants_decayed"":18,""silent_loss_coins"":100.0,""silent_loss_units"":21,""dead_actions"":41,""move_dead"":0,""locked_dead"":0,""pickup_dead"":0,""drop_dead"":0,""place_dead"":1,""build_dead"":0,""dig_dead"":3,""fertilize_dead"":0,""collect_dead"":8,""care_dead"":13,""tile_cap_units"":24,""fertilizer_forgone"":15,""care_unfed"":57,""animal_shed_days"":1,""idle_tile_days"":64,""weed_tile_days"":1,""hand_pass_turns"":393,""farmer_pass_turns"":62,""phantom_hand_actions"":0,""sell_floor_units"":52,""hire_premium"":3810,""shed_units_now"":0,""shed_value_now"":0.0,""animals_in_shed_now"":0,""seeds_unplanted_now"":1,""seeds_unplanted_cost_now"":10.0}]}",{},
metav4,public_candidate,melon_threshold,melon_threshold,2026092405,1,123873.0,123445.0,428.0,W,kagsim,5.155242,0,0,0,0,0,0,0,0,0729bebb66ade57fcb6dff845d6bfae4e139625a294bf1994420529d925a5402,"[{""step"":0,""shops"":[]},{""step"":72,""shops"":[""SMOOTHIE_SHOP""]},{""step"":144,""shops"":[""SMOOTHIE_SHOP"",""SMOOTHIE_SHOP""]},{""step"":216,""shops"":[""SMOOTHIE_SHOP"",""SMOOTHIE_SHOP"",""BRUNCH_SPOT""]},{""step"":288,""shops"":[""SMOOTHIE_SHOP"",""SMOOTHIE_SHOP"",""BRUNCH_SPOT"",""BRUNCH_SPOT""]},{""step"":360,""shops"":[""SMOOTHIE_SHOP"",""SMOOTHIE_SHOP"",""BRUNCH_SPOT"",""BRUNCH_SPOT"",""YARN_STORE""]},{""step"":432,""shops"":[""SMOOTHIE_SHOP"",""SMOOTHIE_SHOP"",""BRUNCH_SPOT"",""BRUNCH_SPOT"",""YARN_STORE"",""YARN_STORE""]},{""step"":504,""shops"":[""SMOOTHIE_SHOP"",""SMOOTHIE_SHOP"",""BRUNCH_SPOT"",""BRUNCH_SPOT"",""YARN_STORE"",""YARN_STORE"",""YARN_STORE""]},{""step"":576,""shops"":[""SMOOTHIE_SHOP"",""SMOOTHIE_SHOP"",""BRUNCH_SPOT"",""BRUNCH_SPOT"",""YARN_STORE"",""YARN_STORE"",""YARN_STORE"",""BRUNCH_SPOT""]}]",experiments/round10_public_learning_20260924/evaluations/public_candidate_selection/replays/metav4/melon_threshold/seed_2026092405_seat_1.json.gz,d627bdc158bb79783463abbf50c48c415ca644ae4f340731d47d63d2583dbceb,9d63494603f88219857a3101d7dc19cc750ded04e5886732ee428580326967d9,26e21e006e1d87042709a658c44fd44878f7a6415add558cbd2c71f4f8772b12,0fe077cc65622d6f6828160d90b617595a4aa7ea188e4afc67bfee8e4d290c92,"{""players"":[{""sell_dead_units"":84168,""refused_buy_product"":0,""refused_buy_seed"":0,""refused_buy_animal"":0,""refused_hire"":0,""refused_buy_land"":0,""hire_paid"":4075,""sell_zero_fill"":131,""buy_zero_fill"":0,""sell_revenue"":150701.0,""total_spend"":30256.0,""shed_discarded_units"":3,""sold_units"":1676,""feed_no_wheat"":0,""feed_no_animal"":0,""feed_redundant"":0,""water_dead"":12,""harvest_dead"":4,""plant_dead"":0,""animals_escaped"":0,""escape_capital"":0.0,""escape_yield_units"":0,""escape_first_day"":-1,""animal_unfed_days"":61,""plants_dry"":1,""dry_seed_cost"":100.0,""dry_yield_units"":0,""dry_first_day"":21,""plant_unwatered_days"":387,""decay_units"":18,""plants_decayed"":18,""silent_loss_coins"":100.0,""silent_loss_units"":21,""dead_actions"":41,""move_dead"":0,""locked_dead"":0,""pickup_dead"":0,""drop_dead"":0,""place_dead"":1,""build_dead"":0,""dig_dead"":3,""fertilize_dead"":0,""collect_dead"":8,""care_dead"":13,""tile_cap_units"":24,""fertilizer_forgone"":15,""care_unfed"":57,""animal_shed_days"":1,""idle_tile_days"":64,""weed_tile_days"":1,""hand_pass_turns"":393,""farmer_pass_turns"":62,""phantom_hand_actions"":0,""sell_floor_units"":52,""hire_premium"":3810,""shed_units_now"":0,""shed_value_now"":0.0,""animals_in_shed_now"":0,""seeds_unplanted_now"":1,""seeds_unplanted_cost_now"":10.0},{""sell_dead_units"":1185,""refused_buy_product"":1,""refused_buy_seed"":0,""refused_buy_animal"":0,""refused_hire"":0,""refused_buy_land"":0,""hire_paid"":4075,""sell_zero_fill"":34,""buy_zero_fill"":1,""sell_revenue"":148918.0,""total_spend"":28045.0,""shed_discarded_units"":1,""sold_units"":1600,""feed_no_wheat"":0,""feed_no_animal"":0,""feed_redundant"":0,""water_dead"":11,""harvest_dead"":4,""plant_dead"":0,""animals_escaped"":0,""escape_capital"":0.0,""escape_yield_units"":0,""escape_first_day"":-1,""animal_unfed_days"":61,""plants_dry"":1,""dry_seed_cost"":100.0,""dry_yield_units"":0,""dry_first_day"":21,""plant_unwatered_days"":392,""decay_units"":18,""plants_decayed"":18,""silent_loss_coins"":100.0,""silent_loss_units"":19,""dead_actions"":42,""move_dead"":0,""locked_dead"":0,""pickup_dead"":0,""drop_dead"":0,""place_dead"":1,""build_dead"":0,""dig_dead"":3,""fertilize_dead"":2,""collect_dead"":8,""care_dead"":13,""tile_cap_units"":21,""fertilizer_forgone"":19,""care_unfed"":57,""animal_shed_days"":1,""idle_tile_days"":64,""weed_tile_days"":1,""hand_pass_turns"":393,""farmer_pass_turns"":62,""phantom_hand_actions"":0,""sell_floor_units"":51,""hire_premium"":3810,""shed_units_now"":0,""shed_value_now"":0.0,""animals_in_shed_now"":0,""seeds_unplanted_now"":13,""seeds_unplanted_cost_now"":210.0}]}",{},
metav4,public_candidate,melon_threshold,melon_threshold,2026092406,0,77351.0,74291.0,3060.0,W,kagsim,5.041267,0,0,0,0,0,0,0,0,123c15caaac8b39a3589302bb7e21c0d3bad74fd0808c6fc78b42c810fe61e15,"[{""step"":0,""shops"":[]},{""step"":72,""shops"":[""YARN_STORE""]},{""step"":144,""shops"":[""YARN_STORE"",""BAKERY""]},{""step"":216,""shops"":[""YARN_STORE"",""BAKERY"",""ICE_CREAM_SHOP""]},{""step"":288,""shops"":[""YARN_STORE"",""BAKERY"",""ICE_CREAM_SHOP"",""BRUNCH_SPOT""]},{""step"":360,""shops"":[""YARN_STORE"",""BAKERY"",""ICE_CREAM_SHOP"",""BRUNCH_SPOT"",""PET_CAFE""]},{""step"":432,""shops"":[""YARN_STORE"",""BAKERY"",""ICE_CREAM_SHOP"",""BRUNCH_SPOT"",""PET_CAFE"",""BAKERY""]},{""step"":504,""shops"":[""YARN_STORE"",""BAKERY"",""ICE_CREAM_SHOP"",""BRUNCH_SPOT"",""PET_CAFE"",""BAKERY"",""BRUNCH_SPOT""]},{""step"":576,""shops"":[""YARN_STORE"",""BAKERY"",""ICE_CREAM_SHOP"",""BRUNCH_SPOT"",""PET_CAFE"",""BAKERY"",""BRUNCH_SPOT"",""FARMERS_MARKET""]}]",experiments/round10_public_learning_20260924/evaluations/public_candidate_selection/replays/metav4/melon_threshold/seed_2026092406_seat_0.json.gz,5582bde9895a8996891e32c4bfc0980e9b16702248ac2ea5f1dff3a9d9ebf051,9d63494603f88219857a3101d7dc19cc750ded04e5886732ee428580326967d9,26e21e006e1d87042709a658c44fd44878f7a6415add558cbd2c71f4f8772b12,0fe077cc65622d6f6828160d90b617595a4aa7ea188e4afc67bfee8e4d290c92,"{""players"":[{""sell_dead_units"":184,""refused_buy_product"":1,""refused_buy_seed"":0,""refused_buy_animal"":0,""refused_hire"":0,""refused_buy_land"":0,""hire_paid"":5659,""sell_zero_fill"":17,""buy_zero_fill"":1,""sell_revenue"":104336.0,""total_spend"":29985.0,""shed_discarded_units"":33,""sold_units"":1551,""feed_no_wheat"":0,""feed_no_animal"":0,""feed_redundant"":0,""water_dead"":1,""harvest_dead"":6,""plant_dead"":0,""animals_escaped"":0,""escape_capital"":0.0,""escape_yield_units"":0,""escape_first_day"":-1,""animal_unfed_days"":75,""plants_dry"":1,""dry_seed_cost"":100.0,""dry_yield_units"":0,""dry_first_day"":21,""plant_unwatered_days"":385,""decay_units"":18,""plants_decayed"":18,""silent_loss_coins"":100.0,""silent_loss_units"":51,""dead_actions"":20,""move_dead"":0,""locked_dead"":0,""pickup_dead"":0,""drop_dead"":0,""place_dead"":2,""build_dead"":0,""dig_dead"":2,""fertilize_dead"":0,""collect_dead"":4,""care_dead"":5,""tile_cap_units"":9,""fertilizer_forgone"":14,""care_unfed"":71,""animal_shed_days"":0,""idle_tile_days"":63,""weed_tile_days"":3,""hand_pass_turns"":645,""farmer_pass_turns"":84,""phantom_hand_actions"":0,""sell_floor_units"":137,""hire_premium"":5377,""shed_units_now"":0,""shed_value_now"":0.0,""animals_in_shed_now"":0,""seeds_unplanted_now"":0,""seeds_unplanted_cost_now"":0.0},{""sell_dead_units"":84084,""refused_buy_product"":0,""refused_buy_seed"":0,""refused_buy_animal"":0,""refused_hire"":0,""refused_buy_land"":0,""hire_paid"":5659,""sell_zero_fill"":110,""buy_zero_fill"":0,""sell_revenue"":104012.0,""total_spend"":32721.0,""shed_discarded_units"":37,""sold_units"":1629,""feed_no_wheat"":0,""feed_no_animal"":0,""feed_redundant"":0,""water_dead"":2,""harvest_dead"":6,""plant_dead"":0,""animals_escaped"":0,""escape_capital"":0.0,""escape_yield_units"":0,""escape_first_day"":-1,""animal_unfed_days"":75,""plants_dry"":1,""dry_seed_cost"":100.0,""dry_yield_units"":0,""dry_first_day"":21,""plant_unwatered_days"":377,""decay_units"":18,""plants_decayed"":18,""silent_loss_coins"":100.0,""silent_loss_units"":55,""dead_actions"":21,""move_dead"":0,""locked_dead"":0,""pickup_dead"":0,""drop_dead"":0,""place_dead"":2,""build_dead"":0,""dig_dead"":2,""fertilize_dead"":0,""collect_dead"":4,""care_dead"":5,""tile_cap_units"":6,""fertilizer_forgone"":14,""care_unfed"":71,""animal_shed_days"":0,""idle_tile_days"":63,""weed_tile_days"":3,""hand_pass_turns"":664,""farmer_pass_turns"":84,""phantom_hand_actions"":0,""sell_floor_units"":168,""hire_premium"":5377,""shed_units_now"":0,""shed_value_now"":0.0,""animals_in_shed_now"":0,""seeds_unplanted_now"":0,""seeds_unplanted_cost_now"":0.0}]}",{},
metav4,public_candidate,melon_threshold,melon_threshold,2026092406,1,77351.0,74291.0,3060.0,W,kagsim,5.30343,0,0,0,0,0,0,0,0,123c15caaac8b39a3589302bb7e21c0d3bad74fd0808c6fc78b42c810fe61e15,"[{""step"":0,""shops"":[]},{""step"":72,""shops"":[""YARN_STORE""]},{""step"":144,""shops"":[""YARN_STORE"",""BAKERY""]},{""step"":216,""shops"":[""YARN_STORE"",""BAKERY"",""ICE_CREAM_SHOP""]},{""step"":288,""shops"":[""YARN_STORE"",""BAKERY"",""ICE_CREAM_SHOP"",""BRUNCH_SPOT""]},{""step"":360,""shops"":[""YARN_STORE"",""BAKERY"",""ICE_CREAM_SHOP"",""BRUNCH_SPOT"",""PET_CAFE""]},{""step"":432,""shops"":[""YARN_STORE"",""BAKERY"",""ICE_CREAM_SHOP"",""BRUNCH_SPOT"",""PET_CAFE"",""BAKERY""]},{""step"":504,""shops"":[""YARN_STORE"",""BAKERY"",""ICE_CREAM_SHOP"",""BRUNCH_SPOT"",""PET_CAFE"",""BAKERY"",""BRUNCH_SPOT""]},{""step"":576,""shops"":[""YARN_STORE"",""BAKERY"",""ICE_CREAM_SHOP"",""BRUNCH_SPOT"",""PET_CAFE"",""BAKERY"",""BRUNCH_SPOT"",""FARMERS_MARKET""]}]",experiments/round10_public_learning_20260924/evaluations/public_candidate_selection/replays/metav4/melon_threshold/seed_2026092406_seat_1.json.gz,7efe04fba59a315ea4976f3fd84df7bc16450f6242fa36825bb5729fcb32dc8d,9d63494603f88219857a3101d7dc19cc750ded04e5886732ee428580326967d9,26e21e006e1d87042709a658c44fd44878f7a6415add558cbd2c71f4f8772b12,0fe077cc65622d6f6828160d90b617595a4aa7ea188e4afc67bfee8e4d290c92,"{""players"":[{""sell_dead_units"":84084,""refused_buy_product"":0,""refused_buy_seed"":0,""refused_buy_animal"":0,""refused_hire"":0,""refused_buy_land"":0,""hire_paid"":5659,""sell_zero_fill"":110,""buy_zero_fill"":0,""sell_revenue"":104012.0,""total_spend"":32721.0,""shed_discarded_units"":37,""sold_units"":1629,""feed_no_wheat"":0,""feed_no_animal"":0,""feed_redundant"":0,""water_dead"":2,""harvest_dead"":6,""plant_dead"":0,""animals_escaped"":0,""escape_capital"":0.0,""escape_yield_units"":0,""escape_first_day"":-1,""animal_unfed_days"":75,""plants_dry"":1,""dry_seed_cost"":100.0,""dry_yield_units"":0,""dry_first_day"":21,""plant_unwatered_days"":377,""decay_units"":18,""plants_decayed"":18,""silent_loss_coins"":100.0,""silent_loss_units"":55,""dead_actions"":21,""move_dead"":0,""locked_dead"":0,""pickup_dead"":0,""drop_dead"":0,""place_dead"":2,""build_dead"":0,""dig_dead"":2,""fertilize_dead"":0,""collect_dead"":4,""care_dead"":5,""tile_cap_units"":6,""fertilizer_forgone"":14,""care_unfed"":71,""animal_shed_days"":0,""idle_tile_days"":63,""weed_tile_days"":3,""hand_pass_turns"":664,""farmer_pass_turns"":84,""phantom_hand_actions"":0,""sell_floor_units"":168,""hire_premium"":5377,""shed_units_now"":0,""shed_value_now"":0.0,""animals_in_shed_now"":0,""seeds_unplanted_now"":0,""seeds_unplanted_cost_now"":0.0},{""sell_dead_units"":184,""refused_buy_product"":1,""refused_buy_seed"":0,""refused_buy_animal"":0,""refused_hire"":0,""refused_buy_land"":0,""hire_paid"":5659,""sell_zero_fill"":17,""buy_zero_fill"":1,""sell_revenue"":104336.0,""total_spend"":29985.0,""shed_discarded_units"":33,""sold_units"":1551,""feed_no_wheat"":0,""feed_no_animal"":0,""feed_redundant"":0,""water_dead"":1,""harvest_dead"":6,""plant_dead"":0,""animals_escaped"":0,""escape_capital"":0.0,""escape_yield_units"":0,""escape_first_day"":-1,""animal_unfed_days"":75,""plants_dry"":1,""dry_seed_cost"":100.0,""dry_yield_units"":0,""dry_first_day"":21,""plant_unwatered_days"":385,""decay_units"":18,""plants_decayed"":18,""silent_loss_coins"":100.0,""silent_loss_units"":51,""dead_actions"":20,""move_dead"":0,""locked_dead"":0,""pickup_dead"":0,""drop_dead"":0,""place_dead"":2,""build_dead"":0,""dig_dead"":2,""fertilize_dead"":0,""collect_dead"":4,""care_dead"":5,""tile_cap_units"":9,""fertilizer_forgone"":14,""care_unfed"":71,""animal_shed_days"":0,""idle_tile_days"":63,""weed_tile_days"":3,""hand_pass_turns"":645,""farmer_pass_turns"":84,""phantom_hand_actions"":0,""sell_floor_units"":137,""hire_premium"":5377,""shed_units_now"":0,""shed_value_now"":0.0,""animals_in_shed_now"":0,""seeds_unplanted_now"":0,""seeds_unplanted_cost_now"":0.0}]}",{},
metav4,public_candidate,metav4,metav4,2026092405,0,124055.0,124055.0,0.0,T,kagsim,6.138261,0,0,0,0,0,0,0,0,0729bebb66ade57fcb6dff845d6bfae4e139625a294bf1994420529d925a5402,"[{""step"":0,""shops"":[]},{""step"":72,""shops"":[""SMOOTHIE_SHOP""]},{""step"":144,""shops"":[""SMOOTHIE_SHOP"",""SMOOTHIE_SHOP""]},{""step"":216,""shops"":[""SMOOTHIE_SHOP"",""SMOOTHIE_SHOP"",""BRUNCH_SPOT""]},{""step"":288,""shops"":[""SMOOTHIE_SHOP"",""SMOOTHIE_SHOP"",""BRUNCH_SPOT"",""BRUNCH_SPOT""]},{""step"":360,""shops"":[""SMOOTHIE_SHOP"",""SMOOTHIE_SHOP"",""BRUNCH_SPOT"",""BRUNCH_SPOT"",""YARN_STORE""]},{""step"":432,""shops"":[""SMOOTHIE_SHOP"",""SMOOTHIE_SHOP"",""BRUNCH_SPOT"",""BRUNCH_SPOT"",""YARN_STORE"",""YARN_STORE""]},{""step"":504,""shops"":[""SMOOTHIE_SHOP"",""SMOOTHIE_SHOP"",""BRUNCH_SPOT"",""BRUNCH_SPOT"",""YARN_STORE"",""YARN_STORE"",""YARN_STORE""]},{""step"":576,""shops"":[""SMOOTHIE_SHOP"",""SMOOTHIE_SHOP"",""BRUNCH_SPOT"",""BRUNCH_SPOT"",""YARN_STORE"",""YARN_STORE"",""YARN_STORE"",""BRUNCH_SPOT""]}]",experiments/round10_public_learning_20260924/evaluations/public_candidate_selection/replays/metav4/metav4/seed_2026092405_seat_0.json.gz,3f2c28687dfc859ccf096806f875139682471ba19e7daeee56d979f65518d726,9d63494603f88219857a3101d7dc19cc750ded04e5886732ee428580326967d9,9d63494603f88219857a3101d7dc19cc750ded04e5886732ee428580326967d9,0fe077cc65622d6f6828160d90b617595a4aa7ea188e4afc67bfee8e4d290c92,"{""players"":[{""sell_dead_units"":1196,""refused_buy_product"":0,""refused_buy_seed"":0,""refused_buy_animal"":0,""refused_hire"":0,""refused_buy_land"":0,""hire_paid"":4075,""sell_zero_fill"":36,""buy_zero_fill"":0,""sell_revenue"":149130.0,""total_spend"":28075.0,""shed_discarded_units"":1,""sold_units"":1594,""feed_no_wheat"":0,""feed_no_animal"":0,""feed_redundant"":0,""water_dead"":11,""harvest_dead"":4,""plant_dead"":0,""animals_escaped"":0,""escape_capital"":0.0,""escape_yield_units"":0,""escape_first_day"":-1,""animal_unfed_days"":52,""plants_dry"":1,""dry_seed_cost"":100.0,""dry_yield_units"":0,""dry_first_day"":21,""plant_unwatered_days"":392,""decay_units"":18,""plants_decayed"":18,""silent_loss_coins"":100.0,""silent_loss_units"":19,""dead_actions"":42,""move_dead"":0,""locked_dead"":0,""pickup_dead"":0,""drop_dead"":0,""place_dead"":1,""build_dead"":0,""dig_dead"":3,""fertilize_dead"":2,""collect_dead"":8,""care_dead"":13,""tile_cap_units"":21,""fertilizer_forgone"":19,""care_unfed"":48,""animal_shed_days"":1,""idle_tile_days"":64,""weed_tile_days"":1,""hand_pass_turns"":384,""farmer_pass_turns"":62,""phantom_hand_actions"":0,""sell_floor_units"":49,""hire_premium"":3810,""shed_units_now"":0,""shed_value_now"":0.0,""animals_in_shed_now"":0,""seeds_unplanted_now"":13,""seeds_unplanted_cost_now"":210.0},{""sell_dead_units"":1196,""refused_buy_product"":0,""refused_buy_seed"":0,""refused_buy_animal"":0,""refused_hire"":0,""refused_buy_land"":0,""hire_paid"":4075,""sell_zero_fill"":36,""buy_zero_fill"":0,""sell_revenue"":149130.0,""total_spend"":28075.0,""shed_discarded_units"":1,""sold_units"":1594,""feed_no_wheat"":0,""feed_no_animal"":0,""feed_redundant"":0,""water_dead"":11,""harvest_dead"":4,""plant_dead"":0,""animals_escaped"":0,""escape_capital"":0.0,""escape_yield_units"":0,""escape_first_day"":-1,""animal_unfed_days"":52,""plants_dry"":1,""dry_seed_cost"":100.0,""dry_yield_units"":0,""dry_first_day"":21,""plant_unwatered_days"":392,""decay_units"":18,""plants_decayed"":18,""silent_loss_coins"":100.0,""silent_loss_units"":19,""dead_actions"":42,""move_dead"":0,""locked_dead"":0,""pickup_dead"":0,""drop_dead"":0,""place_dead"":1,""build_dead"":0,""dig_dead"":3,""fertilize_dead"":2,""collect_dead"":8,""care_dead"":13,""tile_cap_units"":21,""fertilizer_forgone"":19,""care_unfed"":48,""animal_shed_days"":1,""idle_tile_days"":64,""weed_tile_days"":1,""hand_pass_turns"":384,""farmer_pass_turns"":62,""phantom_hand_actions"":0,""sell_floor_units"":49,""hire_premium"":3810,""shed_units_now"":0,""shed_value_now"":0.0,""animals_in_shed_now"":0,""seeds_unplanted_now"":13,""seeds_unplanted_cost_now"":210.0}]}",{},
metav4,public_candidate,metav4,metav4,2026092405,1,124055.0,124055.0,0.0,T,kagsim,5.835987,0,0,0,0,0,0,0,0,0729bebb66ade57fcb6dff845d6bfae4e139625a294bf1994420529d925a5402,"[{""step"":0,""shops"":[]},{""step"":72,""shops"":[""SMOOTHIE_SHOP""]},{""step"":144,""shops"":[""SMOOTHIE_SHOP"",""SMOOTHIE_SHOP""]},{""step"":216,""shops"":[""SMOOTHIE_SHOP"",""SMOOTHIE_SHOP"",""BRUNCH_SPOT""]},{""step"":288,""shops"":[""SMOOTHIE_SHOP"",""SMOOTHIE_SHOP"",""BRUNCH_SPOT"",""BRUNCH_SPOT""]},{""step"":360,""shops"":[""SMOOTHIE_SHOP"",""SMOOTHIE_SHOP"",""BRUNCH_SPOT"",""BRUNCH_SPOT"",""YARN_STORE""]},{""step"":432,""shops"":[""SMOOTHIE_SHOP"",""SMOOTHIE_SHOP"",""BRUNCH_SPOT"",""BRUNCH_SPOT"",""YARN_STORE"",""YARN_STORE""]},{""step"":504,""shops"":[""SMOOTHIE_SHOP"",""SMOOTHIE_SHOP"",""BRUNCH_SPOT"",""BRUNCH_SPOT"",""YARN_STORE"",""YARN_STORE"",""YARN_STORE""]},{""step"":576,""shops"":[""SMOOTHIE_SHOP"",""SMOOTHIE_SHOP"",""BRUNCH_SPOT"",""BRUNCH_SPOT"",""YARN_STORE"",""YARN_STORE"",""YARN_STORE"",""BRUNCH_SPOT""]}]",experiments/round10_public_learning_20260924/evaluations/public_candidate_selection/replays/metav4/metav4/seed_2026092405_seat_1.json.gz,f8dfaf040fea920138e7430985fdfe332e81d5420993b902c45cdb5f0765f5f3,9d63494603f88219857a3101d7dc19cc750ded04e5886732ee428580326967d9,9d63494603f88219857a3101d7dc19cc750ded04e5886732ee428580326967d9,0fe077cc65622d6f6828160d90b617595a4aa7ea188e4afc67bfee8e4d290c92,"{""players"":[{""sell_dead_units"":1196,""refused_buy_product"":0,""refused_buy_seed"":0,""refused_buy_animal"":0,""refused_hire"":0,""refused_buy_land"":0,""hire_paid"":4075,""sell_zero_fill"":36,""buy_zero_fill"":0,""sell_revenue"":149130.0,""total_spend"":28075.0,""shed_discarded_units"":1,""sold_units"":1594,""feed_no_wheat"":0,""feed_no_animal"":0,""feed_redundant"":0,""water_dead"":11,""harvest_dead"":4,""plant_dead"":0,""animals_escaped"":0,""escape_capital"":0.0,""escape_yield_units"":0,""escape_first_day"":-1,""animal_unfed_days"":52,""plants_dry"":1,""dry_seed_cost"":100.0,""dry_yield_units"":0,""dry_first_day"":21,""plant_unwatered_days"":392,""decay_units"":18,""plants_decayed"":18,""silent_loss_coins"":100.0,""silent_loss_units"":19,""dead_actions"":42,""move_dead"":0,""locked_dead"":0,""pickup_dead"":0,""drop_dead"":0,""place_dead"":1,""build_dead"":0,""dig_dead"":3,""fertilize_dead"":2,""collect_dead"":8,""care_dead"":13,""tile_cap_units"":21,""fertilizer_forgone"":19,""care_unfed"":48,""animal_shed_days"":1,""idle_tile_days"":64,""weed_tile_days"":1,""hand_pass_turns"":384,""farmer_pass_turns"":62,""phantom_hand_actions"":0,""sell_floor_units"":49,""hire_premium"":3810,""shed_units_now"":0,""shed_value_now"":0.0,""animals_in_shed_now"":0,""seeds_unplanted_now"":13,""seeds_unplanted_cost_now"":210.0},{""sell_dead_units"":1196,""refused_buy_product"":0,""refused_buy_seed"":0,""refused_buy_animal"":0,""refused_hire"":0,""refused_buy_land"":0,""hire_paid"":4075,""sell_zero_fill"":36,""buy_zero_fill"":0,""sell_revenue"":149130.0,""total_spend"":28075.0,""shed_discarded_units"":1,""sold_units"":1594,""feed_no_wheat"":0,""feed_no_animal"":0,""feed_redundant"":0,""water_dead"":11,""harvest_dead"":4,""plant_dead"":0,""animals_escaped"":0,""escape_capital"":0.0,""escape_yield_units"":0,""escape_first_day"":-1,""animal_unfed_days"":52,""plants_dry"":1,""dry_seed_cost"":100.0,""dry_yield_units"":0,""dry_first_day"":21,""plant_unwatered_days"":392,""decay_units"":18,""plants_decayed"":18,""silent_loss_coins"":100.0,""silent_loss_units"":19,""dead_actions"":42,""move_dead"":0,""locked_dead"":0,""pickup_dead"":0,""drop_dead"":0,""place_dead"":1,""build_dead"":0,""dig_dead"":3,""fertilize_dead"":2,""collect_dead"":8,""care_dead"":13,""tile_cap_units"":21,""fertilizer_forgone"":19,""care_unfed"":48,""animal_shed_days"":1,""idle_tile_days"":64,""weed_tile_days"":1,""hand_pass_turns"":384,""farmer_pass_turns"":62,""phantom_hand_actions"":0,""sell_floor_units"":49,""hire_premium"":3810,""shed_units_now"":0,""shed_value_now"":0.0,""animals_in_shed_now"":0,""seeds_unplanted_now"":13,""seeds_unplanted_cost_now"":210.0}]}",{},
metav4,public_candidate,metav4,metav4,2026092406,0,76873.0,76873.0,0.0,T,kagsim,5.651348,0,0,0,0,0,0,0,0,123c15caaac8b39a3589302bb7e21c0d3bad74fd0808c6fc78b42c810fe61e15,"[{""step"":0,""shops"":[]},{""step"":72,""shops"":[""YARN_STORE""]},{""step"":144,""shops"":[""YARN_STORE"",""BAKERY""]},{""step"":216,""shops"":[""YARN_STORE"",""BAKERY"",""ICE_CREAM_SHOP""]},{""step"":288,""shops"":[""YARN_STORE"",""BAKERY"",""ICE_CREAM_SHOP"",""BRUNCH_SPOT""]},{""step"":360,""shops"":[""YARN_STORE"",""BAKERY"",""ICE_CREAM_SHOP"",""BRUNCH_SPOT"",""PET_CAFE""]},{""step"":432,""shops"":[""YARN_STORE"",""BAKERY"",""ICE_CREAM_SHOP"",""BRUNCH_SPOT"",""PET_CAFE"",""BAKERY""]},{""step"":504,""shops"":[""YARN_STORE"",""BAKERY"",""ICE_CREAM_SHOP"",""BRUNCH_SPOT"",""PET_CAFE"",""BAKERY"",""BRUNCH_SPOT""]},{""step"":576,""shops"":[""YARN_STORE"",""BAKERY"",""ICE_CREAM_SHOP"",""BRUNCH_SPOT"",""PET_CAFE"",""BAKERY"",""BRUNCH_SPOT"",""FARMERS_MARKET""]}]",experiments/round10_public_learning_20260924/evaluations/public_candidate_selection/replays/metav4/metav4/seed_2026092406_seat_0.json.gz,65b7015fd3c520a804198d7dc99500929b33d4b3ee2e6f66c8fb7526cb47da10,9d63494603f88219857a3101d7dc19cc750ded04e5886732ee428580326967d9,9d63494603f88219857a3101d7dc19cc750ded04e5886732ee428580326967d9,0fe077cc65622d6f6828160d90b617595a4aa7ea188e4afc67bfee8e4d290c92,"{""players"":[{""sell_dead_units"":235,""refused_buy_product"":0,""refused_buy_seed"":0,""refused_buy_animal"":0,""refused_hire"":0,""refused_buy_land"":0,""hire_paid"":5659,""sell_zero_fill"":21,""buy_zero_fill"":0,""sell_revenue"":103907.0,""total_spend"":30034.0,""shed_discarded_units"":34,""sold_units"":1559,""feed_no_wheat"":0,""feed_no_animal"":0,""feed_redundant"":0,""water_dead"":1,""harvest_dead"":6,""plant_dead"":0,""animals_escaped"":0,""escape_capital"":0.0,""escape_yield_units"":0,""escape_first_day"":-1,""animal_unfed_days"":78,""plants_dry"":1,""dry_seed_cost"":100.0,""dry_yield_units"":0,""dry_first_day"":21,""plant_unwatered_days"":385,""decay_units"":18,""plants_decayed"":18,""silent_loss_coins"":100.0,""silent_loss_units"":52,""dead_actions"":20,""move_dead"":0,""locked_dead"":0,""pickup_dead"":0,""drop_dead"":0,""place_dead"":2,""build_dead"":0,""dig_dead"":2,""fertilize_dead"":0,""collect_dead"":4,""care_dead"":5,""tile_cap_units"":9,""fertilizer_forgone"":14,""care_unfed"":74,""animal_shed_days"":0,""idle_tile_days"":63,""weed_tile_days"":3,""hand_pass_turns"":649,""farmer_pass_turns"":83,""phantom_hand_actions"":0,""sell_floor_units"":152,""hire_premium"":5377,""shed_units_now"":0,""shed_value_now"":0.0,""animals_in_shed_now"":0,""seeds_unplanted_now"":0,""seeds_unplanted_cost_now"":0.0},{""sell_dead_units"":235,""refused_buy_product"":0,""refused_buy_seed"":0,""refused_buy_animal"":0,""refused_hire"":0,""refused_buy_land"":0,""hire_paid"":5659,""sell_zero_fill"":21,""buy_zero_fill"":0,""sell_revenue"":103907.0,""total_spend"":30034.0,""shed_discarded_units"":34,""sold_units"":1559,""feed_no_wheat"":0,""feed_no_animal"":0,""feed_redundant"":0,""water_dead"":1,""harvest_dead"":6,""plant_dead"":0,""animals_escaped"":0,""escape_capital"":0.0,""escape_yield_units"":0,""escape_first_day"":-1,""animal_unfed_days"":78,""plants_dry"":1,""dry_seed_cost"":100.0,""dry_yield_units"":0,""dry_first_day"":21,""plant_unwatered_days"":385,""decay_units"":18,""plants_decayed"":18,""silent_loss_coins"":100.0,""silent_loss_units"":52,""dead_actions"":20,""move_dead"":0,""locked_dead"":0,""pickup_dead"":0,""drop_dead"":0,""place_dead"":2,""build_dead"":0,""dig_dead"":2,""fertilize_dead"":0,""collect_dead"":4,""care_dead"":5,""tile_cap_units"":9,""fertilizer_forgone"":14,""care_unfed"":74,""animal_shed_days"":0,""idle_tile_days"":63,""weed_tile_days"":3,""hand_pass_turns"":649,""farmer_pass_turns"":83,""phantom_hand_actions"":0,""sell_floor_units"":152,""hire_premium"":5377,""shed_units_now"":0,""shed_value_now"":0.0,""animals_in_shed_now"":0,""seeds_unplanted_now"":0,""seeds_unplanted_cost_now"":0.0}]}",{},
metav4,public_candidate,metav4,metav4,2026092406,1,76873.0,76873.0,0.0,T,kagsim,6.55146,0,0,0,0,0,0,0,0,123c15caaac8b39a3589302bb7e21c0d3bad74fd0808c6fc78b42c810fe61e15,"[{""step"":0,""shops"":[]},{""step"":72,""shops"":[""YARN_STORE""]},{""step"":144,""shops"":[""YARN_STORE"",""BAKERY""]},{""step"":216,""shops"":[""YARN_STORE"",""BAKERY"",""ICE_CREAM_SHOP""]},{""step"":288,""shops"":[""YARN_STORE"",""BAKERY"",""ICE_CREAM_SHOP"",""BRUNCH_SPOT""]},{""step"":360,""shops"":[""YARN_STORE"",""BAKERY"",""ICE_CREAM_SHOP"",""BRUNCH_SPOT"",""PET_CAFE""]},{""step"":432,""shops"":[""YARN_STORE"",""BAKERY"",""ICE_CREAM_SHOP"",""BRUNCH_SPOT"",""PET_CAFE"",""BAKERY""]},{""step"":504,""shops"":[""YARN_STORE"",""BAKERY"",""ICE_CREAM_SHOP"",""BRUNCH_SPOT"",""PET_CAFE"",""BAKERY"",""BRUNCH_SPOT""]},{""step"":576,""shops"":[""YARN_STORE"",""BAKERY"",""ICE_CREAM_SHOP"",""BRUNCH_SPOT"",""PET_CAFE"",""BAKERY"",""BRUNCH_SPOT"",""FARMERS_MARKET""]}]",experiments/round10_public_learning_20260924/evaluations/public_candidate_selection/replays/metav4/metav4/seed_2026092406_seat_1.json.gz,f3d3b429276fbb4451de7eb2ef3af3d5d032b87c05e9a758450ca0dc1c60a101,9d63494603f88219857a3101d7dc19cc750ded04e5886732ee428580326967d9,9d63494603f88219857a3101d7dc19cc750ded04e5886732ee428580326967d9,0fe077cc65622d6f6828160d90b617595a4aa7ea188e4afc67bfee8e4d290c92,"{""players"":[{""sell_dead_units"":235,""refused_buy_product"":0,""refused_buy_seed"":0,""refused_buy_animal"":0,""refused_hire"":0,""refused_buy_land"":0,""hire_paid"":5659,""sell_zero_fill"":21,""buy_zero_fill"":0,""sell_revenue"":103907.0,""total_spend"":30034.0,""shed_discarded_units"":34,""sold_units"":1559,""feed_no_wheat"":0,""feed_no_animal"":0,""feed_redundant"":0,""water_dead"":1,""harvest_dead"":6,""plant_dead"":0,""animals_escaped"":0,""escape_capital"":0.0,""escape_yield_units"":0,""escape_first_day"":-1,""animal_unfed_days"":78,""plants_dry"":1,""dry_seed_cost"":100.0,""dry_yield_units"":0,""dry_first_day"":21,""plant_unwatered_days"":385,""decay_units"":18,""plants_decayed"":18,""silent_loss_coins"":100.0,""silent_loss_units"":52,""dead_actions"":20,""move_dead"":0,""locked_dead"":0,""pickup_dead"":0,""drop_dead"":0,""place_dead"":2,""build_dead"":0,""dig_dead"":2,""fertilize_dead"":0,""collect_dead"":4,""care_dead"":5,""tile_cap_units"":9,""fertilizer_forgone"":14,""care_unfed"":74,""animal_shed_days"":0,""idle_tile_days"":63,""weed_tile_days"":3,""hand_pass_turns"":649,""farmer_pass_turns"":83,""phantom_hand_actions"":0,""sell_floor_units"":152,""hire_premium"":5377,""shed_units_now"":0,""shed_value_now"":0.0,""animals_in_shed_now"":0,""seeds_unplanted_now"":0,""seeds_unplanted_cost_now"":0.0},{""sell_dead_units"":235,""refused_buy_product"":0,""refused_buy_seed"":0,""refused_buy_animal"":0,""refused_hire"":0,""refused_buy_land"":0,""hire_paid"":5659,""sell_zero_fill"":21,""buy_zero_fill"":0,""sell_revenue"":103907.0,""total_spend"":30034.0,""shed_discarded_units"":34,""sold_units"":1559,""feed_no_wheat"":0,""feed_no_animal"":0,""feed_redundant"":0,""water_dead"":1,""harvest_dead"":6,""plant_dead"":0,""animals_escaped"":0,""escape_capital"":0.0,""escape_yield_units"":0,""escape_first_day"":-1,""animal_unfed_days"":78,""plants_dry"":1,""dry_seed_cost"":100.0,""dry_yield_units"":0,""dry_first_day"":21,""plant_unwatered_days"":385,""decay_units"":18,""plants_decayed"":18,""silent_loss_coins"":100.0,""silent_loss_units"":52,""dead_actions"":20,""move_dead"":0,""locked_dead"":0,""pickup_dead"":0,""drop_dead"":0,""place_dead"":2,""build_dead"":0,""dig_dead"":2,""fertilize_dead"":0,""collect_dead"":4,""care_dead"":5,""tile_cap_units"":9,""fertilizer_forgone"":14,""care_unfed"":74,""animal_shed_days"":0,""idle_tile_days"":63,""weed_tile_days"":3,""hand_pass_turns"":649,""farmer_pass_turns"":83,""phantom_hand_actions"":0,""sell_floor_units"":152,""hire_premium"":5377,""shed_units_now"":0,""shed_value_now"":0.0,""animals_in_shed_now"":0,""seeds_unplanted_now"":0,""seeds_unplanted_cost_now"":0.0}]}",{},
metav4,public_candidate,order_book,order_book,2026092405,0,123451.0,124019.0,-568.0,L,kagsim,6.365267,0,0,0,0,0,0,0,0,0729bebb66ade57fcb6dff845d6bfae4e139625a294bf1994420529d925a5402,"[{""step"":0,""shops"":[]},{""step"":72,""shops"":[""SMOOTHIE_SHOP""]},{""step"":144,""shops"":[""SMOOTHIE_SHOP"",""SMOOTHIE_SHOP""]},{""step"":216,""shops"":[""SMOOTHIE_SHOP"",""SMOOTHIE_SHOP"",""BRUNCH_SPOT""]},{""step"":288,""shops"":[""SMOOTHIE_SHOP"",""SMOOTHIE_SHOP"",""BRUNCH_SPOT"",""BRUNCH_SPOT""]},{""step"":360,""shops"":[""SMOOTHIE_SHOP"",""SMOOTHIE_SHOP"",""BRUNCH_SPOT"",""BRUNCH_SPOT"",""YARN_STORE""]},{""step"":432,""shops"":[""SMOOTHIE_SHOP"",""SMOOTHIE_SHOP"",""BRUNCH_SPOT"",""BRUNCH_SPOT"",""YARN_STORE"",""YARN_STORE""]},{""step"":504,""shops"":[""SMOOTHIE_SHOP"",""SMOOTHIE_SHOP"",""BRUNCH_SPOT"",""BRUNCH_SPOT"",""YARN_STORE"",""YARN_STORE"",""YARN_STORE""]},{""step"":576,""shops"":[""SMOOTHIE_SHOP"",""SMOOTHIE_SHOP"",""BRUNCH_SPOT"",""BRUNCH_SPOT"",""YARN_STORE"",""YARN_STORE"",""YARN_STORE"",""BRUNCH_SPOT""]}]",experiments/round10_public_learning_20260924/evaluations/public_candidate_selection/replays/metav4/order_book/seed_2026092405_seat_0.json.gz,daa93090dd2418b347f6f11ad9762ed02d61b595149d167107d9cde6b7747576,9d63494603f88219857a3101d7dc19cc750ded04e5886732ee428580326967d9,a16e0e9b40c489972630a0b9d04f30e9c1cab03159fa78676db74277d84d82ab,0fe077cc65622d6f6828160d90b617595a4aa7ea188e4afc67bfee8e4d290c92,"{""players"":[{""sell_dead_units"":1190,""refused_buy_product"":0,""refused_buy_seed"":0,""refused_buy_animal"":0,""refused_hire"":0,""refused_buy_land"":0,""hire_paid"":4075,""sell_zero_fill"":33,""buy_zero_fill"":0,""sell_revenue"":148522.0,""total_spend"":28071.0,""shed_discarded_units"":1,""sold_units"":1601,""feed_no_wheat"":0,""feed_no_animal"":0,""feed_redundant"":0,""water_dead"":11,""harvest_dead"":4,""plant_dead"":0,""animals_escaped"":0,""escape_capital"":0.0,""escape_yield_units"":0,""escape_first_day"":-1,""animal_unfed_days"":58,""plants_dry"":1,""dry_seed_cost"":100.0,""dry_yield_units"":0,""dry_first_day"":21,""plant_unwatered_days"":392,""decay_units"":18,""plants_decayed"":18,""silent_loss_coins"":100.0,""silent_loss_units"":19,""dead_actions"":42,""move_dead"":0,""locked_dead"":0,""pickup_dead"":0,""drop_dead"":0,""place_dead"":1,""build_dead"":0,""dig_dead"":3,""fertilize_dead"":2,""collect_dead"":8,""care_dead"":13,""tile_cap_units"":21,""fertilizer_forgone"":19,""care_unfed"":54,""animal_shed_days"":1,""idle_tile_days"":64,""weed_tile_days"":1,""hand_pass_turns"":390,""farmer_pass_turns"":62,""phantom_hand_actions"":0,""sell_floor_units"":44,""hire_premium"":3810,""shed_units_now"":0,""shed_value_now"":0.0,""animals_in_shed_now"":0,""seeds_unplanted_now"":13,""seeds_unplanted_cost_now"":210.0},{""sell_dead_units"":1218,""refused_buy_product"":1,""refused_buy_seed"":0,""refused_buy_animal"":0,""refused_hire"":0,""refused_buy_land"":0,""hire_paid"":4075,""sell_zero_fill"":41,""buy_zero_fill"":1,""sell_revenue"":148968.0,""total_spend"":27949.0,""shed_discarded_units"":1,""sold_units"":1600,""feed_no_wheat"":0,""feed_no_animal"":0,""feed_redundant"":0,""water_dead"":11,""harvest_dead"":4,""plant_dead"":0,""animals_escaped"":0,""escape_capital"":0.0,""escape_yield_units"":0,""escape_first_day"":-1,""animal_unfed_days"":58,""plants_dry"":1,""dry_seed_cost"":100.0,""dry_yield_units"":0,""dry_first_day"":21,""plant_unwatered_days"":392,""decay_units"":18,""plants_decayed"":18,""silent_loss_coins"":100.0,""silent_loss_units"":19,""dead_actions"":43,""move_dead"":0,""locked_dead"":0,""pickup_dead"":0,""drop_dead"":0,""place_dead"":2,""build_dead"":0,""dig_dead"":3,""fertilize_dead"":2,""collect_dead"":8,""care_dead"":13,""tile_cap_units"":21,""fertilizer_forgone"":19,""care_unfed"":54,""animal_shed_days"":1,""idle_tile_days"":63,""weed_tile_days"":1,""hand_pass_turns"":373,""farmer_pass_turns"":62,""phantom_hand_actions"":0,""sell_floor_units"":55,""hire_premium"":3810,""shed_units_now"":0,""shed_value_now"":0.0,""animals_in_shed_now"":0,""seeds_unplanted_now"":13,""seeds_unplanted_cost_now"":210.0}]}",{},
metav4,public_candidate,order_book,order_book,2026092405,1,123451.0,124019.0,-568.0,L,kagsim,6.285081,0,0,0,0,0,0,0,0,0729bebb66ade57fcb6dff845d6bfae4e139625a294bf1994420529d925a5402,"[{""step"":0,""shops"":[]},{""step"":72,""shops"":[""SMOOTHIE_SHOP""]},{""step"":144,""shops"":[""SMOOTHIE_SHOP"",""SMOOTHIE_SHOP""]},{""step"":216,""shops"":[""SMOOTHIE_SHOP"",""SMOOTHIE_SHOP"",""BRUNCH_SPOT""]},{""step"":288,""shops"":[""SMOOTHIE_SHOP"",""SMOOTHIE_SHOP"",""BRUNCH_SPOT"",""BRUNCH_SPOT""]},{""step"":360,""shops"":[""SMOOTHIE_SHOP"",""SMOOTHIE_SHOP"",""BRUNCH_SPOT"",""BRUNCH_SPOT"",""YARN_STORE""]},{""step"":432,""shops"":[""SMOOTHIE_SHOP"",""SMOOTHIE_SHOP"",""BRUNCH_SPOT"",""BRUNCH_SPOT"",""YARN_STORE"",""YARN_STORE""]},{""step"":504,""shops"":[""SMOOTHIE_SHOP"",""SMOOTHIE_SHOP"",""BRUNCH_SPOT"",""BRUNCH_SPOT"",""YARN_STORE"",""YARN_STORE"",""YARN_STORE""]},{""step"":576,""shops"":[""SMOOTHIE_SHOP"",""SMOOTHIE_SHOP"",""BRUNCH_SPOT"",""BRUNCH_SPOT"",""YARN_STORE"",""YARN_STORE"",""YARN_STORE"",""BRUNCH_SPOT""]}]",experiments/round10_public_learning_20260924/evaluations/public_candidate_selection/replays/metav4/order_book/seed_2026092405_seat_1.json.gz,f46ff6bec1a842919ecc70a26d9eea35917bc871cc00ebc28bd530f95a15a051,9d63494603f88219857a3101d7dc19cc750ded04e5886732ee428580326967d9,a16e0e9b40c489972630a0b9d04f30e9c1cab03159fa78676db74277d84d82ab,0fe077cc65622d6f6828160d90b617595a4aa7ea188e4afc67bfee8e4d290c92,"{""players"":[{""sell_dead_units"":1218,""refused_buy_product"":1,""refused_buy_seed"":0,""refused_buy_animal"":0,""refused_hire"":0,""refused_buy_land"":0,""hire_paid"":4075,""sell_zero_fill"":41,""buy_zero_fill"":1,""sell_revenue"":148968.0,""total_spend"":27949.0,""shed_discarded_units"":1,""sold_units"":1600,""feed_no_wheat"":0,""feed_no_animal"":0,""feed_redundant"":0,""water_dead"":11,""harvest_dead"":4,""plant_dead"":0,""animals_escaped"":0,""escape_capital"":0.0,""escape_yield_units"":0,""escape_first_day"":-1,""animal_unfed_days"":58,""plants_dry"":1,""dry_seed_cost"":100.0,""dry_yield_units"":0,""dry_first_day"":21,""plant_unwatered_days"":392,""decay_units"":18,""plants_decayed"":18,""silent_loss_coins"":100.0,""silent_loss_units"":19,""dead_actions"":43,""move_dead"":0,""locked_dead"":0,""pickup_dead"":0,""drop_dead"":0,""place_dead"":2,""build_dead"":0,""dig_dead"":3,""fertilize_dead"":2,""collect_dead"":8,""care_dead"":13,""tile_cap_units"":21,""fertilizer_forgone"":19,""care_unfed"":54,""animal_shed_days"":1,""idle_tile_days"":63,""weed_tile_days"":1,""hand_pass_turns"":373,""farmer_pass_turns"":62,""phantom_hand_actions"":0,""sell_floor_units"":55,""hire_premium"":3810,""shed_units_now"":0,""shed_value_now"":0.0,""animals_in_shed_now"":0,""seeds_unplanted_now"":13,""seeds_unplanted_cost_now"":210.0},{""sell_dead_units"":1190,""refused_buy_product"":0,""refused_buy_seed"":0,""refused_buy_animal"":0,""refused_hire"":0,""refused_buy_land"":0,""hire_paid"":4075,""sell_zero_fill"":33,""buy_zero_fill"":0,""sell_revenue"":148522.0,""total_spend"":28071.0,""shed_discarded_units"":1,""sold_units"":1601,""feed_no_wheat"":0,""feed_no_animal"":0,""feed_redundant"":0,""water_dead"":11,""harvest_dead"":4,""plant_dead"":0,""animals_escaped"":0,""escape_capital"":0.0,""escape_yield_units"":0,""escape_first_day"":-1,""animal_unfed_days"":58,""plants_dry"":1,""dry_seed_cost"":100.0,""dry_yield_units"":0,""dry_first_day"":21,""plant_unwatered_days"":392,""decay_units"":18,""plants_decayed"":18,""silent_loss_coins"":100.0,""silent_loss_units"":19,""dead_actions"":42,""move_dead"":0,""locked_dead"":0,""pickup_dead"":0,""drop_dead"":0,""place_dead"":1,""build_dead"":0,""dig_dead"":3,""fertilize_dead"":2,""collect_dead"":8,""care_dead"":13,""tile_cap_units"":21,""fertilizer_forgone"":19,""care_unfed"":54,""animal_shed_days"":1,""idle_tile_days"":64,""weed_tile_days"":1,""hand_pass_turns"":390,""farmer_pass_turns"":62,""phantom_hand_actions"":0,""sell_floor_units"":44,""hire_premium"":3810,""shed_units_now"":0,""shed_value_now"":0.0,""animals_in_shed_now"":0,""seeds_unplanted_now"":13,""seeds_unplanted_cost_now"":210.0}]}",{},
metav4,public_candidate,order_book,order_book,2026092406,0,76708.0,76845.0,-137.0,L,kagsim,6.037256,0,0,0,0,0,0,0,0,123c15caaac8b39a3589302bb7e21c0d3bad74fd0808c6fc78b42c810fe61e15,"[{""step"":0,""shops"":[]},{""step"":72,""shops"":[""YARN_STORE""]},{""step"":144,""shops"":[""YARN_STORE"",""BAKERY""]},{""step"":216,""shops"":[""YARN_STORE"",""BAKERY"",""ICE_CREAM_SHOP""]},{""step"":288,""shops"":[""YARN_STORE"",""BAKERY"",""ICE_CREAM_SHOP"",""BRUNCH_SPOT""]},{""step"":360,""shops"":[""YARN_STORE"",""BAKERY"",""ICE_CREAM_SHOP"",""BRUNCH_SPOT"",""PET_CAFE""]},{""step"":432,""shops"":[""YARN_STORE"",""BAKERY"",""ICE_CREAM_SHOP"",""BRUNCH_SPOT"",""PET_CAFE"",""BAKERY""]},{""step"":504,""shops"":[""YARN_STORE"",""BAKERY"",""ICE_CREAM_SHOP"",""BRUNCH_SPOT"",""PET_CAFE"",""BAKERY"",""BRUNCH_SPOT""]},{""step"":576,""shops"":[""YARN_STORE"",""BAKERY"",""ICE_CREAM_SHOP"",""BRUNCH_SPOT"",""PET_CAFE"",""BAKERY"",""BRUNCH_SPOT"",""FARMERS_MARKET""]}]",experiments/round10_public_learning_20260924/evaluations/public_candidate_selection/replays/metav4/order_book/seed_2026092406_seat_0.json.gz,81c27971c4d88a263b2a08b775a86188319c3e207ce1857512ad4d3035960c54,9d63494603f88219857a3101d7dc19cc750ded04e5886732ee428580326967d9,a16e0e9b40c489972630a0b9d04f30e9c1cab03159fa78676db74277d84d82ab,0fe077cc65622d6f6828160d90b617595a4aa7ea188e4afc67bfee8e4d290c92,"{""players"":[{""sell_dead_units"":235,""refused_buy_product"":0,""refused_buy_seed"":0,""refused_buy_animal"":0,""refused_hire"":0,""refused_buy_land"":0,""hire_paid"":5659,""sell_zero_fill"":21,""buy_zero_fill"":0,""sell_revenue"":103735.0,""total_spend"":30027.0,""shed_discarded_units"":34,""sold_units"":1559,""feed_no_wheat"":0,""feed_no_animal"":0,""feed_redundant"":0,""water_dead"":1,""harvest_dead"":6,""plant_dead"":0,""animals_escaped"":0,""escape_capital"":0.0,""escape_yield_units"":0,""escape_first_day"":-1,""animal_unfed_days"":78,""plants_dry"":1,""dry_seed_cost"":100.0,""dry_yield_units"":0,""dry_first_day"":21,""plant_unwatered_days"":385,""decay_units"":18,""plants_decayed"":18,""silent_loss_coins"":100.0,""silent_loss_units"":52,""dead_actions"":20,""move_dead"":0,""locked_dead"":0,""pickup_dead"":0,""drop_dead"":0,""place_dead"":2,""build_dead"":0,""dig_dead"":2,""fertilize_dead"":0,""collect_dead"":4,""care_dead"":5,""tile_cap_units"":9,""fertilizer_forgone"":14,""care_unfed"":74,""animal_shed_days"":0,""idle_tile_days"":63,""weed_tile_days"":3,""hand_pass_turns"":649,""farmer_pass_turns"":83,""phantom_hand_actions"":0,""sell_floor_units"":152,""hire_premium"":5377,""shed_units_now"":0,""shed_value_now"":0.0,""animals_in_shed_now"":0,""seeds_unplanted_now"":0,""seeds_unplanted_cost_now"":0.0},{""sell_dead_units"":1228,""refused_buy_product"":1,""refused_buy_seed"":0,""refused_buy_animal"":0,""refused_hire"":0,""refused_buy_land"":0,""hire_paid"":5659,""sell_zero_fill"":23,""buy_zero_fill"":1,""sell_revenue"":103984.0,""total_spend"":30139.0,""shed_discarded_units"":34,""sold_units"":1560,""feed_no_wheat"":0,""feed_no_animal"":0,""feed_redundant"":0,""water_dead"":1,""harvest_dead"":6,""plant_dead"":0,""animals_escaped"":0,""escape_capital"":0.0,""escape_yield_units"":0,""escape_first_day"":-1,""animal_unfed_days"":78,""plants_dry"":1,""dry_seed_cost"":100.0,""dry_yield_units"":0,""dry_first_day"":21,""plant_unwatered_days"":385,""decay_units"":18,""plants_decayed"":18,""silent_loss_coins"":100.0,""silent_loss_units"":52,""dead_actions"":20,""move_dead"":0,""locked_dead"":0,""pickup_dead"":0,""drop_dead"":0,""place_dead"":2,""build_dead"":0,""dig_dead"":2,""fertilize_dead"":0,""collect_dead"":4,""care_dead"":5,""tile_cap_units"":9,""fertilizer_forgone"":14,""care_unfed"":74,""animal_shed_days"":0,""idle_tile_days"":62,""weed_tile_days"":3,""hand_pass_turns"":632,""farmer_pass_turns"":83,""phantom_hand_actions"":0,""sell_floor_units"":152,""hire_premium"":5377,""shed_units_now"":0,""shed_value_now"":0.0,""animals_in_shed_now"":0,""seeds_unplanted_now"":8,""seeds_unplanted_cost_now"":160.0}]}",{},
metav4,public_candidate,order_book,order_book,2026092406,1,76708.0,76845.0,-137.0,L,kagsim,6.532604,0,0,0,0,0,0,0,0,123c15caaac8b39a3589302bb7e21c0d3bad74fd0808c6fc78b42c810fe61e15,"[{""step"":0,""shops"":[]},{""step"":72,""shops"":[""YARN_STORE""]},{""step"":144,""shops"":[""YARN_STORE"",""BAKERY""]},{""step"":216,""shops"":[""YARN_STORE"",""BAKERY"",""ICE_CREAM_SHOP""]},{""step"":288,""shops"":[""YARN_STORE"",""BAKERY"",""ICE_CREAM_SHOP"",""BRUNCH_SPOT""]},{""step"":360,""shops"":[""YARN_STORE"",""BAKERY"",""ICE_CREAM_SHOP"",""BRUNCH_SPOT"",""PET_CAFE""]},{""step"":432,""shops"":[""YARN_STORE"",""BAKERY"",""ICE_CREAM_SHOP"",""BRUNCH_SPOT"",""PET_CAFE"",""BAKERY""]},{""step"":504,""shops"":[""YARN_STORE"",""BAKERY"",""ICE_CREAM_SHOP"",""BRUNCH_SPOT"",""PET_CAFE"",""BAKERY"",""BRUNCH_SPOT""]},{""step"":576,""shops"":[""YARN_STORE"",""BAKERY"",""ICE_CREAM_SHOP"",""BRUNCH_SPOT"",""PET_CAFE"",""BAKERY"",""BRUNCH_SPOT"",""FARMERS_MARKET""]}]",experiments/round10_public_learning_20260924/evaluations/public_candidate_selection/replays/metav4/order_book/seed_2026092406_seat_1.json.gz,878ac12c4b72ed57adb938bf6ebf9a9784445e716f035d4908fff1d297e4dbc7,9d63494603f88219857a3101d7dc19cc750ded04e5886732ee428580326967d9,a16e0e9b40c489972630a0b9d04f30e9c1cab03159fa78676db74277d84d82ab,0fe077cc65622d6f6828160d90b617595a4aa7ea188e4afc67bfee8e4d290c92,"{""players"":[{""sell_dead_units"":1228,""refused_buy_product"":1,""refused_buy_seed"":0,""refused_buy_animal"":0,""refused_hire"":0,""refused_buy_land"":0,""hire_paid"":5659,""sell_zero_fill"":23,""buy_zero_fill"":1,""sell_revenue"":103984.0,""total_spend"":30139.0,""shed_discarded_units"":34,""sold_units"":1560,""feed_no_wheat"":0,""feed_no_animal"":0,""feed_redundant"":0,""water_dead"":1,""harvest_dead"":6,""plant_dead"":0,""animals_escaped"":0,""escape_capital"":0.0,""escape_yield_units"":0,""escape_first_day"":-1,""animal_unfed_days"":78,""plants_dry"":1,""dry_seed_cost"":100.0,""dry_yield_units"":0,""dry_first_day"":21,""plant_unwatered_days"":385,""decay_units"":18,""plants_decayed"":18,""silent_loss_coins"":100.0,""silent_loss_units"":52,""dead_actions"":20,""move_dead"":0,""locked_dead"":0,""pickup_dead"":0,""drop_dead"":0,""place_dead"":2,""build_dead"":0,""dig_dead"":2,""fertilize_dead"":0,""collect_dead"":4,""care_dead"":5,""tile_cap_units"":9,""fertilizer_forgone"":14,""care_unfed"":74,""animal_shed_days"":0,""idle_tile_days"":62,""weed_tile_days"":3,""hand_pass_turns"":632,""farmer_pass_turns"":83,""phantom_hand_actions"":0,""sell_floor_units"":152,""hire_premium"":5377,""shed_units_now"":0,""shed_value_now"":0.0,""animals_in_shed_now"":0,""seeds_unplanted_now"":8,""seeds_unplanted_cost_now"":160.0},{""sell_dead_units"":235,""refused_buy_product"":0,""refused_buy_seed"":0,""refused_buy_animal"":0,""refused_hire"":0,""refused_buy_land"":0,""hire_paid"":5659,""sell_zero_fill"":21,""buy_zero_fill"":0,""sell_revenue"":103735.0,""total_spend"":30027.0,""shed_discarded_units"":34,""sold_units"":1559,""feed_no_wheat"":0,""feed_no_animal"":0,""feed_redundant"":0,""water_dead"":1,""harvest_dead"":6,""plant_dead"":0,""animals_escaped"":0,""escape_capital"":0.0,""escape_yield_units"":0,""escape_first_day"":-1,""animal_unfed_days"":78,""plants_dry"":1,""dry_seed_cost"":100.0,""dry_yield_units"":0,""dry_first_day"":21,""plant_unwatered_days"":385,""decay_units"":18,""plants_decayed"":18,""silent_loss_coins"":100.0,""silent_loss_units"":52,""dead_actions"":20,""move_dead"":0,""locked_dead"":0,""pickup_dead"":0,""drop_dead"":0,""place_dead"":2,""build_dead"":0,""dig_dead"":2,""fertilize_dead"":0,""collect_dead"":4,""care_dead"":5,""tile_cap_units"":9,""fertilizer_forgone"":14,""care_unfed"":74,""animal_shed_days"":0,""idle_tile_days"":63,""weed_tile_days"":3,""hand_pass_turns"":649,""farmer_pass_turns"":83,""phantom_hand_actions"":0,""sell_floor_units"":152,""hire_premium"":5377,""shed_units_now"":0,""shed_value_now"":0.0,""animals_in_shed_now"":0,""seeds_unplanted_now"":0,""seeds_unplanted_cost_now"":0.0}]}",{},
