arm,anchor,seed,seat,side,step,cash,land,hands,animals,crops,weeds,seed_book_cost,seed_units
round5_learned,v122,2026102201,0,learner,0,3000.0,1,0,0,0,0,0,0
round5_learned,v122,2026102201,0,learner,24,2169.0,1,0,0,8,0,170,10
round5_learned,v122,2026102201,0,learner,48,2165.0,1,0,0,18,0,0,0
round5_learned,v122,2026102201,0,learner,72,513.0,1,0,0,24,0,1000,11
round5_learned,v122,2026102201,0,learner,96,477.0,1,0,0,24,1,760,8
round5_learned,v122,2026102201,0,learner,120,536.0,1,0,0,18,7,680,7
round5_learned,v122,2026102201,0,learner,144,76.0,1,0,0,16,8,660,7
round5_learned,v122,2026102201,0,learner,168,379.0,1,0,0,15,9,660,7
round5_learned,v122,2026102201,0,learner,192,436.0,1,0,0,12,12,660,7
round5_learned,v122,2026102201,0,learner,216,569.0,1,0,0,13,11,480,5
round5_learned,v122,2026102201,0,learner,240,312.0,1,0,0,15,7,390,5
round5_learned,v122,2026102201,0,learner,264,46.0,1,0,0,17,5,390,14
round5_learned,v122,2026102201,0,learner,288,9.0,1,0,0,20,2,440,19
round5_learned,v122,2026102201,0,learner,312,215.0,1,0,0,20,4,1020,23
round5_learned,v122,2026102201,0,learner,336,2.0,1,0,0,21,3,680,25
round5_learned,v122,2026102201,0,learner,360,6324.0,1,0,0,20,4,590,25
round5_learned,v122,2026102201,0,learner,384,5375.0,1,0,0,19,5,1570,42
round5_learned,v122,2026102201,0,learner,408,4283.0,1,0,0,22,3,2290,60
round5_learned,v122,2026102201,0,learner,432,3323.0,1,0,0,22,3,3180,77
round5_learned,v122,2026102201,0,learner,456,4433.0,1,0,0,23,2,3590,91
round5_learned,v122,2026102201,0,learner,480,3895.0,1,0,0,25,0,3960,107
round5_learned,v122,2026102201,0,learner,504,4526.0,1,0,0,23,2,4170,119
round5_learned,v122,2026102201,0,learner,528,4821.0,1,0,0,22,3,4290,131
round5_learned,v122,2026102201,0,learner,552,5397.0,1,0,0,22,3,4320,143
round5_learned,v122,2026102201,0,learner,576,6049.0,1,0,0,22,3,4330,153
round5_learned,v122,2026102201,0,learner,600,6560.0,1,0,0,21,4,4450,165
round5_learned,v122,2026102201,0,learner,624,8152.0,1,0,0,18,7,4540,174
round5_learned,v122,2026102201,0,learner,648,8466.0,1,0,0,14,11,4570,177
round5_learned,v122,2026102201,0,learner,672,10398.0,1,0,0,15,10,4300,177
round5_learned,v122,2026102201,0,learner,696,11743.0,1,0,0,14,11,4300,177
round5_learned,v122,2026102201,0,learner,719,11787.0,1,8,0,13,12,4200,176
round5_learned,v122,2026102201,0,opponent,0,3000.0,1,0,0,0,0,0,0
round5_learned,v122,2026102201,0,opponent,24,30.0,1,0,4,19,0,0,0
round5_learned,v122,2026102201,0,opponent,48,96.0,1,0,4,19,0,0,0
round5_learned,v122,2026102201,0,opponent,72,214.0,1,0,5,19,0,0,0
round5_learned,v122,2026102201,0,opponent,96,304.0,1,0,6,19,0,0,0
round5_learned,v122,2026102201,0,opponent,120,727.0,1,0,6,19,0,0,0
round5_learned,v122,2026102201,0,opponent,144,862.0,1,0,6,19,0,0,0
round5_learned,v122,2026102201,0,opponent,168,1301.0,2,0,8,29,0,0,0
round5_learned,v122,2026102201,0,opponent,192,775.0,2,0,10,37,0,0,0
round5_learned,v122,2026102201,0,opponent,216,1577.0,2,0,12,37,0,0,0
round5_learned,v122,2026102201,0,opponent,240,2663.0,2,0,13,37,0,0,0
round5_learned,v122,2026102201,0,opponent,264,16531.0,2,0,16,32,0,0,0
round5_learned,v122,2026102201,0,opponent,288,17183.0,3,0,17,53,0,0,0
round5_learned,v122,2026102201,0,opponent,312,20345.0,3,0,17,57,0,0,0
round5_learned,v122,2026102201,0,opponent,336,23302.0,3,0,17,57,0,0,0
round5_learned,v122,2026102201,0,opponent,360,27773.0,3,0,17,57,0,0,0
round5_learned,v122,2026102201,0,opponent,384,32317.0,3,0,17,57,1,0,0
round5_learned,v122,2026102201,0,opponent,408,39464.0,3,0,17,58,0,0,0
round5_learned,v122,2026102201,0,opponent,432,44145.0,3,0,17,58,0,0,0
round5_learned,v122,2026102201,0,opponent,456,49637.0,3,0,17,58,0,0,0
round5_learned,v122,2026102201,0,opponent,480,54316.0,3,0,17,58,0,0,0
round5_learned,v122,2026102201,0,opponent,504,60165.0,3,0,17,58,0,0,0
round5_learned,v122,2026102201,0,opponent,528,67645.0,3,0,17,57,1,0,0
round5_learned,v122,2026102201,0,opponent,552,72679.0,3,0,17,58,0,0,0
round5_learned,v122,2026102201,0,opponent,576,78685.0,3,0,17,58,0,0,0
round5_learned,v122,2026102201,0,opponent,600,84225.0,3,0,17,58,0,0,0
round5_learned,v122,2026102201,0,opponent,624,88436.0,3,0,17,58,0,0,0
round5_learned,v122,2026102201,0,opponent,648,90570.0,3,0,17,58,0,0,0
round5_learned,v122,2026102201,0,opponent,672,98040.0,3,0,17,46,0,0,0
round5_learned,v122,2026102201,0,opponent,696,102005.0,3,0,17,21,0,0,0
round5_learned,v122,2026102201,0,opponent,719,112746.0,3,11,17,0,0,0,0
round5_learned,v122,2026102201,1,learner,0,3000.0,1,0,0,0,0,0,0
round5_learned,v122,2026102201,1,learner,24,2309.0,1,0,0,8,0,100,10
round5_learned,v122,2026102201,1,learner,48,2381.0,1,0,0,18,0,0,0
round5_learned,v122,2026102201,1,learner,72,887.0,1,0,0,19,1,1080,12
round5_learned,v122,2026102201,1,learner,96,913.0,1,0,0,24,0,380,4
round5_learned,v122,2026102201,1,learner,120,664.0,1,0,0,22,2,100,1
round5_learned,v122,2026102201,1,learner,144,861.0,1,0,0,22,2,0,0
round5_learned,v122,2026102201,1,learner,168,17.0,1,0,0,24,1,860,11
round5_learned,v122,2026102201,1,learner,192,65.0,1,0,0,24,1,860,11
round5_learned,v122,2026102201,1,learner,216,11.0,1,0,0,22,3,860,11
round5_learned,v122,2026102201,1,learner,240,4.0,1,0,0,22,3,760,10
round5_learned,v122,2026102201,1,learner,264,0.0,1,0,0,22,2,680,9
round5_learned,v122,2026102201,1,learner,288,4.0,2,0,0,29,2,230,9
round5_learned,v122,2026102201,1,learner,312,0.0,2,0,0,30,1,200,6
round5_learned,v122,2026102201,1,learner,336,353.0,2,0,0,17,14,1050,19
round5_learned,v122,2026102201,1,learner,360,86.0,2,0,0,22,10,320,16
round5_learned,v122,2026102201,1,learner,384,1.0,2,0,0,31,5,250,9
round5_learned,v122,2026102201,1,learner,408,397.0,2,0,0,28,8,1080,29
round5_learned,v122,2026102201,1,learner,432,3482.0,2,0,0,28,7,680,34
round5_learned,v122,2026102201,1,learner,456,3958.0,2,0,0,30,5,1000,54
round5_learned,v122,2026102201,1,learner,480,3705.0,2,0,0,33,4,1210,67
round5_learned,v122,2026102201,1,learner,504,3722.0,2,0,0,32,6,1340,78
round5_learned,v122,2026102201,1,learner,528,5844.0,2,0,0,35,6,1320,82
round5_learned,v122,2026102201,1,learner,552,6690.0,2,0,0,30,13,2190,131
round5_learned,v122,2026102201,1,learner,576,5848.0,2,0,0,21,24,3300,189
round5_learned,v122,2026102201,1,learner,600,5259.0,2,0,0,21,27,4230,241
round5_learned,v122,2026102201,1,learner,624,5008.0,2,0,0,22,28,4610,262
round5_learned,v122,2026102201,1,learner,648,5547.0,2,0,0,18,32,5620,317
round5_learned,v122,2026102201,1,learner,672,5346.0,2,0,0,8,42,6740,378
round5_learned,v122,2026102201,1,learner,696,5223.0,2,0,0,13,36,7360,412
round5_learned,v122,2026102201,1,learner,719,5984.0,2,7,0,13,36,7300,409
round5_learned,v122,2026102201,1,opponent,0,3000.0,1,0,0,0,0,0,0
round5_learned,v122,2026102201,1,opponent,24,30.0,1,0,4,19,0,0,0
round5_learned,v122,2026102201,1,opponent,48,99.0,1,0,4,19,0,0,0
round5_learned,v122,2026102201,1,opponent,72,215.0,1,0,5,19,0,0,0
round5_learned,v122,2026102201,1,opponent,96,301.0,1,0,6,19,0,0,0
round5_learned,v122,2026102201,1,opponent,120,726.0,1,0,6,19,0,0,0
round5_learned,v122,2026102201,1,opponent,144,859.0,1,0,6,19,0,0,0
round5_learned,v122,2026102201,1,opponent,168,1301.0,2,0,8,29,0,0,0
round5_learned,v122,2026102201,1,opponent,192,775.0,2,0,10,37,0,0,0
round5_learned,v122,2026102201,1,opponent,216,1601.0,2,0,12,37,0,0,0
round5_learned,v122,2026102201,1,opponent,240,2704.0,2,0,13,37,0,0,0
round5_learned,v122,2026102201,1,opponent,264,16607.0,2,0,16,32,0,0,0
round5_learned,v122,2026102201,1,opponent,288,17210.0,3,0,17,53,0,0,0
round5_learned,v122,2026102201,1,opponent,312,21077.0,3,0,17,57,0,0,0
round5_learned,v122,2026102201,1,opponent,336,23299.0,3,0,17,57,0,0,0
round5_learned,v122,2026102201,1,opponent,360,27755.0,3,0,17,57,0,0,0
round5_learned,v122,2026102201,1,opponent,384,32399.0,3,0,17,57,1,0,0
round5_learned,v122,2026102201,1,opponent,408,39710.0,3,0,17,58,0,0,0
round5_learned,v122,2026102201,1,opponent,432,44487.0,3,0,17,58,0,0,0
round5_learned,v122,2026102201,1,opponent,456,51059.0,3,0,17,58,0,0,0
round5_learned,v122,2026102201,1,opponent,480,55364.0,3,0,17,58,0,0,0
round5_learned,v122,2026102201,1,opponent,504,62741.0,3,0,17,58,0,0,0
round5_learned,v122,2026102201,1,opponent,528,71812.0,3,0,17,57,1,0,0
round5_learned,v122,2026102201,1,opponent,552,78773.0,3,0,17,58,0,0,0
round5_learned,v122,2026102201,1,opponent,576,86402.0,3,0,17,58,0,0,0
round5_learned,v122,2026102201,1,opponent,600,93568.0,3,0,17,58,0,0,0
round5_learned,v122,2026102201,1,opponent,624,99114.0,3,0,17,58,0,0,0
round5_learned,v122,2026102201,1,opponent,648,102201.0,3,0,17,58,0,0,0
round5_learned,v122,2026102201,1,opponent,672,111307.0,3,0,17,46,0,0,0
round5_learned,v122,2026102201,1,opponent,696,117141.0,3,0,17,21,0,0,0
round5_learned,v122,2026102201,1,opponent,719,130307.0,3,11,17,0,0,0,0
round5_learned,v122,2026102202,0,learner,0,3000.0,1,0,0,0,0,0,0
round5_learned,v122,2026102202,0,learner,24,2169.0,1,0,0,8,0,170,10
round5_learned,v122,2026102202,0,learner,48,2165.0,1,0,0,18,0,0,0
round5_learned,v122,2026102202,0,learner,72,513.0,1,0,0,24,0,1000,11
round5_learned,v122,2026102202,0,learner,96,67.0,1,0,0,23,1,1260,13
round5_learned,v122,2026102202,0,learner,120,112.0,1,0,0,18,6,980,10
round5_learned,v122,2026102202,0,learner,144,63.0,1,0,0,14,11,900,9
round5_learned,v122,2026102202,0,learner,168,85.0,1,0,0,14,11,1000,10
round5_learned,v122,2026102202,0,learner,192,206.0,1,0,0,12,13,1000,10
round5_learned,v122,2026102202,0,learner,216,12.0,1,0,0,12,13,900,9
round5_learned,v122,2026102202,0,learner,240,164.0,1,0,0,14,10,700,7
round5_learned,v122,2026102202,0,learner,264,36.0,1,0,0,16,9,480,12
round5_learned,v122,2026102202,0,learner,288,7.0,1,0,0,16,9,510,15
round5_learned,v122,2026102202,0,learner,312,673.0,1,0,0,18,7,590,14
round5_learned,v122,2026102202,0,learner,336,85.0,1,0,0,21,3,690,15
round5_learned,v122,2026102202,0,learner,360,4207.0,1,0,0,23,1,1890,27
round5_learned,v122,2026102202,0,learner,384,3064.0,1,0,0,24,1,2680,34
round5_learned,v122,2026102202,0,learner,408,1716.0,1,0,0,24,1,3680,44
round5_learned,v122,2026102202,0,learner,432,273.0,1,0,0,24,1,4680,54
round5_learned,v122,2026102202,0,learner,456,35.0,1,0,0,24,1,4740,56
round5_learned,v122,2026102202,0,learner,480,331.0,2,0,0,34,3,4110,56
round5_learned,v122,2026102202,0,learner,504,1000.0,2,0,0,43,1,3630,62
round5_learned,v122,2026102202,0,learner,528,1860.0,2,0,0,42,2,3720,71
round5_learned,v122,2026102202,0,learner,552,1026.0,2,0,0,45,2,4410,86
round5_learned,v122,2026102202,0,learner,576,1906.0,2,0,0,47,1,4500,95
round5_learned,v122,2026102202,0,learner,600,2051.0,2,0,0,48,1,4770,105
round5_learned,v122,2026102202,0,learner,624,3512.0,2,0,0,46,3,5020,112
round5_learned,v122,2026102202,0,learner,648,4399.0,2,0,0,49,1,4430,107
round5_learned,v122,2026102202,0,learner,672,6649.0,2,0,0,48,2,4130,104
round5_learned,v122,2026102202,0,learner,696,7483.0,2,0,0,45,5,4130,104
round5_learned,v122,2026102202,0,learner,719,8393.0,2,12,0,50,0,3340,97
round5_learned,v122,2026102202,0,opponent,0,3000.0,1,0,0,0,0,0,0
round5_learned,v122,2026102202,0,opponent,24,30.0,1,0,4,19,0,0,0
round5_learned,v122,2026102202,0,opponent,48,96.0,1,0,4,19,0,0,0
round5_learned,v122,2026102202,0,opponent,72,214.0,1,0,5,19,0,0,0
round5_learned,v122,2026102202,0,opponent,96,299.0,1,0,6,19,0,0,0
round5_learned,v122,2026102202,0,opponent,120,729.0,1,0,6,19,0,0,0
round5_learned,v122,2026102202,0,opponent,144,860.0,1,0,6,19,0,0,0
round5_learned,v122,2026102202,0,opponent,168,846.0,2,0,8,29,0,0,0
round5_learned,v122,2026102202,0,opponent,192,719.0,2,0,10,37,0,0,0
round5_learned,v122,2026102202,0,opponent,216,2087.0,2,0,12,37,0,0,0
round5_learned,v122,2026102202,0,opponent,240,3328.0,2,0,13,37,0,0,0
round5_learned,v122,2026102202,0,opponent,264,19431.0,2,0,16,32,0,0,0
round5_learned,v122,2026102202,0,opponent,288,20324.0,3,0,17,53,0,0,0
round5_learned,v122,2026102202,0,opponent,312,24790.0,3,0,17,57,0,0,0
round5_learned,v122,2026102202,0,opponent,336,28128.0,3,0,17,57,0,0,0
round5_learned,v122,2026102202,0,opponent,360,33961.0,3,0,17,57,0,0,0
round5_learned,v122,2026102202,0,opponent,384,42946.0,3,0,17,57,0,10,1
round5_learned,v122,2026102202,0,opponent,408,52577.0,3,0,17,58,0,10,1
round5_learned,v122,2026102202,0,opponent,432,57773.0,3,0,17,58,0,10,1
round5_learned,v122,2026102202,0,opponent,456,66800.0,3,0,17,58,0,10,1
round5_learned,v122,2026102202,0,opponent,480,76502.0,3,0,17,58,0,10,1
round5_learned,v122,2026102202,0,opponent,504,84352.0,3,0,17,58,0,10,1
round5_learned,v122,2026102202,0,opponent,528,95161.0,3,0,17,57,1,10,1
round5_learned,v122,2026102202,0,opponent,552,105583.0,3,0,17,58,0,10,1
round5_learned,v122,2026102202,0,opponent,576,115660.0,3,0,17,58,0,10,1
round5_learned,v122,2026102202,0,opponent,600,124427.0,3,0,17,58,0,10,1
round5_learned,v122,2026102202,0,opponent,624,134833.0,3,0,17,58,0,10,1
round5_learned,v122,2026102202,0,opponent,648,143716.0,3,0,17,58,0,10,1
round5_learned,v122,2026102202,0,opponent,672,152484.0,3,0,17,46,0,10,1
round5_learned,v122,2026102202,0,opponent,696,166932.0,3,0,17,21,1,10,1
round5_learned,v122,2026102202,0,opponent,719,179106.0,3,11,17,0,1,10,1
round5_learned,v122,2026102202,1,learner,0,3000.0,1,0,0,0,0,0,0
round5_learned,v122,2026102202,1,learner,24,2309.0,1,0,0,8,0,100,10
round5_learned,v122,2026102202,1,learner,48,2381.0,1,0,0,18,0,0,0
round5_learned,v122,2026102202,1,learner,72,887.0,1,0,0,19,1,1080,12
round5_learned,v122,2026102202,1,learner,96,293.0,1,0,0,22,1,980,10
round5_learned,v122,2026102202,1,learner,120,44.0,1,0,0,19,6,800,8
round5_learned,v122,2026102202,1,learner,144,177.0,1,0,0,20,4,200,2
round5_learned,v122,2026102202,1,learner,168,49.0,1,0,0,20,3,460,5
round5_learned,v122,2026102202,1,learner,192,82.0,1,0,0,22,2,200,2
round5_learned,v122,2026102202,1,learner,216,28.0,1,0,0,24,0,0,0
round5_learned,v122,2026102202,1,learner,240,46.0,1,0,0,23,1,110,2
round5_learned,v122,2026102202,1,learner,264,3.0,1,0,0,24,1,10,1
round5_learned,v122,2026102202,1,learner,288,5.0,1,0,0,23,2,70,7
round5_learned,v122,2026102202,1,learner,312,1.0,1,0,0,18,7,60,6
round5_learned,v122,2026102202,1,learner,336,635.0,1,0,0,19,5,640,10
round5_learned,v122,2026102202,1,learner,360,177.0,1,0,0,22,3,560,11
round5_learned,v122,2026102202,1,learner,384,872.0,3,0,0,32,2,480,14
round5_learned,v122,2026102202,1,learner,408,3419.0,3,0,0,36,1,500,20
round5_learned,v122,2026102202,1,learner,432,4299.0,3,0,0,37,4,470,21
round5_learned,v122,2026102202,1,learner,456,7806.0,3,0,0,40,2,530,27
round5_learned,v122,2026102202,1,learner,480,8665.0,3,0,0,43,2,640,32
round5_learned,v122,2026102202,1,learner,504,9631.0,3,0,0,47,5,590,31
round5_learned,v122,2026102202,1,learner,528,9748.0,3,0,0,51,3,600,30
round5_learned,v122,2026102202,1,learner,552,10502.0,3,0,0,46,7,1400,73
round5_learned,v122,2026102202,1,learner,576,11150.0,3,0,0,49,8,1600,82
round5_learned,v122,2026102202,1,learner,600,10568.0,3,0,0,49,9,2260,120
round5_learned,v122,2026102202,1,learner,624,10613.0,3,0,0,52,10,2720,145
round5_learned,v122,2026102202,1,learner,648,10478.0,3,0,0,49,13,3580,191
round5_learned,v122,2026102202,1,learner,672,11326.0,3,0,0,45,22,3850,208
round5_learned,v122,2026102202,1,learner,696,11563.0,3,0,0,41,28,4280,233
round5_learned,v122,2026102202,1,learner,719,12724.0,3,8,0,41,29,4330,219
round5_learned,v122,2026102202,1,opponent,0,3000.0,1,0,0,0,0,0,0
round5_learned,v122,2026102202,1,opponent,24,30.0,1,0,4,19,0,0,0
round5_learned,v122,2026102202,1,opponent,48,99.0,1,0,4,19,0,0,0
round5_learned,v122,2026102202,1,opponent,72,215.0,1,0,5,19,0,0,0
round5_learned,v122,2026102202,1,opponent,96,301.0,1,0,6,19,0,0,0
round5_learned,v122,2026102202,1,opponent,120,731.0,1,0,6,19,0,0,0
round5_learned,v122,2026102202,1,opponent,144,862.0,1,0,6,19,0,0,0
round5_learned,v122,2026102202,1,opponent,168,1138.0,2,0,8,29,0,0,0
round5_learned,v122,2026102202,1,opponent,192,766.0,2,0,10,36,1,0,0
round5_learned,v122,2026102202,1,opponent,216,1631.0,2,0,12,36,1,30,3
round5_learned,v122,2026102202,1,opponent,240,4495.0,2,0,13,37,0,30,3
round5_learned,v122,2026102202,1,opponent,264,5913.0,2,0,13,33,2,80,8
round5_learned,v122,2026102202,1,opponent,288,5872.0,3,0,9,55,2,80,8
round5_learned,v122,2026102202,1,opponent,312,9962.0,3,0,9,56,4,80,8
round5_learned,v122,2026102202,1,opponent,336,13036.0,3,0,9,54,6,80,8
round5_learned,v122,2026102202,1,opponent,360,16975.0,3,0,9,54,6,80,8
round5_learned,v122,2026102202,1,opponent,384,19201.0,3,0,9,54,5,90,9
round5_learned,v122,2026102202,1,opponent,408,25468.0,3,0,9,55,5,90,9
round5_learned,v122,2026102202,1,opponent,432,28553.0,3,0,9,55,5,90,9
round5_learned,v122,2026102202,1,opponent,456,34653.0,3,0,9,55,5,90,9
round5_learned,v122,2026102202,1,opponent,480,38118.0,3,0,9,56,4,90,9
round5_learned,v122,2026102202,1,opponent,504,42610.0,3,0,9,56,4,90,9
round5_learned,v122,2026102202,1,opponent,528,48244.0,3,0,9,56,4,90,9
round5_learned,v122,2026102202,1,opponent,552,53157.0,3,0,9,57,3,90,9
round5_learned,v122,2026102202,1,opponent,576,56705.0,3,0,9,58,2,160,16
round5_learned,v122,2026102202,1,opponent,600,63653.0,3,0,9,58,2,160,16
round5_learned,v122,2026102202,1,opponent,624,67849.0,3,0,9,58,2,160,16
round5_learned,v122,2026102202,1,opponent,648,70011.0,3,0,9,58,2,160,16
round5_learned,v122,2026102202,1,opponent,672,75938.0,3,0,9,46,2,160,16
round5_learned,v122,2026102202,1,opponent,696,84419.0,3,0,9,21,3,160,16
round5_learned,v122,2026102202,1,opponent,719,96109.0,3,11,9,0,3,160,16
round5_learned,v122,2026102203,0,learner,0,3000.0,1,0,0,0,0,0,0
round5_learned,v122,2026102203,0,learner,24,2169.0,1,0,0,8,0,170,10
round5_learned,v122,2026102203,0,learner,48,2165.0,1,0,0,18,0,0,0
round5_learned,v122,2026102203,0,learner,72,513.0,1,0,0,24,0,1000,11
round5_learned,v122,2026102203,0,learner,96,67.0,1,0,0,23,1,1260,13
round5_learned,v122,2026102203,0,learner,120,112.0,1,0,0,18,6,980,10
round5_learned,v122,2026102203,0,learner,144,63.0,1,0,0,14,11,900,9
round5_learned,v122,2026102203,0,learner,168,185.0,1,0,0,14,11,900,9
round5_learned,v122,2026102203,0,learner,192,231.0,1,0,0,11,14,900,9
round5_learned,v122,2026102203,0,learner,216,189.0,1,0,0,10,15,900,9
round5_learned,v122,2026102203,0,learner,240,60.0,1,0,0,12,12,700,7
round5_learned,v122,2026102203,0,learner,264,1.0,1,0,0,15,9,380,11
round5_learned,v122,2026102203,0,learner,288,4.0,1,0,0,15,9,520,16
round5_learned,v122,2026102203,0,learner,312,673.0,1,0,0,14,10,700,16
round5_learned,v122,2026102203,0,learner,336,7.0,1,0,0,21,4,680,14
round5_learned,v122,2026102203,0,learner,360,3257.0,1,0,0,21,4,1780,25
round5_learned,v122,2026102203,0,learner,384,2469.0,1,0,0,21,4,2280,30
round5_learned,v122,2026102203,0,learner,408,1163.0,1,0,0,21,4,3220,43
round5_learned,v122,2026102203,0,learner,432,367.0,1,0,0,20,5,3990,57
round5_learned,v122,2026102203,0,learner,456,7.0,1,0,0,21,3,4020,60
round5_learned,v122,2026102203,0,learner,480,418.0,1,0,0,22,2,4680,72
round5_learned,v122,2026102203,0,learner,504,919.0,1,0,0,23,2,4750,80
round5_learned,v122,2026102203,0,learner,528,1542.0,1,0,0,25,0,4530,85
round5_learned,v122,2026102203,0,learner,552,2148.0,1,0,0,25,0,5300,99
round5_learned,v122,2026102203,0,learner,576,3041.0,1,0,0,23,2,5360,105
round5_learned,v122,2026102203,0,learner,600,2595.0,1,0,0,22,2,5430,112
round5_learned,v122,2026102203,0,learner,624,2130.0,1,0,0,25,0,5070,112
round5_learned,v122,2026102203,0,learner,648,1622.0,1,0,0,25,0,4970,111
round5_learned,v122,2026102203,0,learner,672,4747.0,1,0,0,25,0,4870,110
round5_learned,v122,2026102203,0,learner,696,5306.0,1,0,0,25,0,4880,111
round5_learned,v122,2026102203,0,learner,719,6143.0,1,15,0,24,1,4680,109
round5_learned,v122,2026102203,0,opponent,0,3000.0,1,0,0,0,0,0,0
round5_learned,v122,2026102203,0,opponent,24,30.0,1,0,4,19,0,0,0
round5_learned,v122,2026102203,0,opponent,48,96.0,1,0,4,19,0,0,0
round5_learned,v122,2026102203,0,opponent,72,214.0,1,0,5,19,0,0,0
round5_learned,v122,2026102203,0,opponent,96,299.0,1,0,6,19,0,0,0
round5_learned,v122,2026102203,0,opponent,120,729.0,1,0,6,19,0,0,0
round5_learned,v122,2026102203,0,opponent,144,860.0,1,0,6,19,0,0,0
round5_learned,v122,2026102203,0,opponent,168,1302.0,2,0,8,29,0,0,0
round5_learned,v122,2026102203,0,opponent,192,776.0,2,0,10,37,0,0,0
round5_learned,v122,2026102203,0,opponent,216,2076.0,2,0,12,37,0,0,0
round5_learned,v122,2026102203,0,opponent,240,3202.0,2,0,13,37,0,0,0
round5_learned,v122,2026102203,0,opponent,264,17748.0,2,0,16,32,0,0,0
round5_learned,v122,2026102203,0,opponent,288,19145.0,3,0,17,53,1,0,0
round5_learned,v122,2026102203,0,opponent,312,22037.0,3,0,17,57,0,0,0
round5_learned,v122,2026102203,0,opponent,336,26206.0,3,0,17,57,0,0,0
round5_learned,v122,2026102203,0,opponent,360,32247.0,3,0,17,57,0,0,0
round5_learned,v122,2026102203,0,opponent,384,40584.0,3,0,17,57,1,0,0
round5_learned,v122,2026102203,0,opponent,408,50220.0,3,0,17,58,0,0,0
round5_learned,v122,2026102203,0,opponent,432,55875.0,3,0,17,58,0,0,0
round5_learned,v122,2026102203,0,opponent,456,64690.0,3,0,17,58,0,0,0
round5_learned,v122,2026102203,0,opponent,480,71339.0,3,0,17,58,0,0,0
round5_learned,v122,2026102203,0,opponent,504,80172.0,3,0,17,58,0,0,0
round5_learned,v122,2026102203,0,opponent,528,90646.0,3,0,17,57,1,0,0
round5_learned,v122,2026102203,0,opponent,552,99747.0,3,0,17,58,0,0,0
round5_learned,v122,2026102203,0,opponent,576,108486.0,3,0,17,58,0,0,0
round5_learned,v122,2026102203,0,opponent,600,116638.0,3,0,17,58,0,0,0
round5_learned,v122,2026102203,0,opponent,624,124746.0,3,0,17,58,0,0,0
round5_learned,v122,2026102203,0,opponent,648,128743.0,3,0,17,58,0,0,0
round5_learned,v122,2026102203,0,opponent,672,141099.0,3,0,17,46,0,0,0
round5_learned,v122,2026102203,0,opponent,696,146668.0,3,0,17,21,0,0,0
round5_learned,v122,2026102203,0,opponent,719,165366.0,3,11,17,0,0,0,0
round5_learned,v122,2026102203,1,learner,0,3000.0,1,0,0,0,0,0,0
round5_learned,v122,2026102203,1,learner,24,2309.0,1,0,0,8,0,100,10
round5_learned,v122,2026102203,1,learner,48,2381.0,1,0,0,18,0,0,0
round5_learned,v122,2026102203,1,learner,72,887.0,1,0,0,19,1,1080,12
round5_learned,v122,2026102203,1,learner,96,293.0,1,0,0,22,2,980,10
round5_learned,v122,2026102203,1,learner,120,44.0,1,0,0,19,6,800,8
round5_learned,v122,2026102203,1,learner,144,177.0,1,0,0,20,5,200,2
round5_learned,v122,2026102203,1,learner,168,177.0,1,0,0,21,4,510,6
round5_learned,v122,2026102203,1,learner,192,73.0,1,0,0,18,7,410,5
round5_learned,v122,2026102203,1,learner,216,19.0,1,0,0,17,8,310,4
round5_learned,v122,2026102203,1,learner,240,7.0,1,0,0,17,8,310,4
round5_learned,v122,2026102203,1,learner,264,2.0,1,0,0,17,8,400,9
round5_learned,v122,2026102203,1,learner,288,0.0,1,0,0,18,7,300,8
round5_learned,v122,2026102203,1,learner,312,439.0,1,0,0,16,9,1140,20
round5_learned,v122,2026102203,1,learner,336,11.0,1,0,0,21,4,370,15
round5_learned,v122,2026102203,1,learner,360,3867.0,1,0,0,23,1,820,24
round5_learned,v122,2026102203,1,learner,384,2984.0,1,0,0,24,1,1260,33
round5_learned,v122,2026102203,1,learner,408,1024.0,2,0,0,30,0,1470,47
round5_learned,v122,2026102203,1,learner,432,2269.0,2,0,0,31,1,1670,60
round5_learned,v122,2026102203,1,learner,456,2606.0,2,0,0,25,7,1830,72
round5_learned,v122,2026102203,1,learner,480,3225.0,2,0,0,26,6,1890,82
round5_learned,v122,2026102203,1,learner,504,4510.0,2,0,0,24,10,1960,93
round5_learned,v122,2026102203,1,learner,528,5060.0,2,0,0,26,10,1850,99
round5_learned,v122,2026102203,1,learner,552,5956.0,2,0,0,24,12,1910,109
round5_learned,v122,2026102203,1,learner,576,6673.0,2,0,0,18,18,2380,138
round5_learned,v122,2026102203,1,learner,600,6271.0,2,0,0,19,23,3060,179
round5_learned,v122,2026102203,1,learner,624,6346.0,2,0,0,20,23,3590,210
round5_learned,v122,2026102203,1,learner,648,6949.0,2,0,0,21,22,3960,233
round5_learned,v122,2026102203,1,learner,672,6923.0,2,0,0,19,24,4330,255
round5_learned,v122,2026102203,1,learner,696,7496.0,2,0,0,17,26,4930,289
round5_learned,v122,2026102203,1,learner,719,8916.0,2,9,0,18,25,4860,287
round5_learned,v122,2026102203,1,opponent,0,3000.0,1,0,0,0,0,0,0
round5_learned,v122,2026102203,1,opponent,24,30.0,1,0,4,19,0,0,0
round5_learned,v122,2026102203,1,opponent,48,99.0,1,0,4,19,0,0,0
round5_learned,v122,2026102203,1,opponent,72,215.0,1,0,5,19,0,0,0
round5_learned,v122,2026102203,1,opponent,96,301.0,1,0,6,19,0,0,0
round5_learned,v122,2026102203,1,opponent,120,731.0,1,0,6,19,0,0,0
round5_learned,v122,2026102203,1,opponent,144,862.0,1,0,6,19,0,0,0
round5_learned,v122,2026102203,1,opponent,168,1139.0,2,0,8,29,0,0,0
round5_learned,v122,2026102203,1,opponent,192,767.0,2,0,10,37,0,0,0
round5_learned,v122,2026102203,1,opponent,216,1692.0,2,0,12,37,0,0,0
round5_learned,v122,2026102203,1,opponent,240,4581.0,2,0,13,37,0,0,0
round5_learned,v122,2026102203,1,opponent,264,19345.0,2,0,15,32,0,0,0
round5_learned,v122,2026102203,1,opponent,288,19067.0,3,0,16,53,1,0,0
round5_learned,v122,2026102203,1,opponent,312,22321.0,3,0,16,57,0,0,0
round5_learned,v122,2026102203,1,opponent,336,24683.0,3,0,16,57,0,0,0
round5_learned,v122,2026102203,1,opponent,360,28848.0,3,0,16,57,0,0,0
round5_learned,v122,2026102203,1,opponent,384,38532.0,3,0,16,57,1,0,0
round5_learned,v122,2026102203,1,opponent,408,45790.0,3,0,16,58,0,0,0
round5_learned,v122,2026102203,1,opponent,432,54573.0,3,0,16,58,0,0,0
round5_learned,v122,2026102203,1,opponent,456,63042.0,3,0,16,58,0,0,0
round5_learned,v122,2026102203,1,opponent,480,70554.0,3,0,16,58,0,0,0
round5_learned,v122,2026102203,1,opponent,504,79793.0,3,0,16,58,0,0,0
round5_learned,v122,2026102203,1,opponent,528,91080.0,3,0,16,57,1,0,0
round5_learned,v122,2026102203,1,opponent,552,98925.0,3,0,16,58,0,0,0
round5_learned,v122,2026102203,1,opponent,576,107994.0,3,0,16,58,0,0,0
round5_learned,v122,2026102203,1,opponent,600,119067.0,3,0,16,58,0,0,0
round5_learned,v122,2026102203,1,opponent,624,128034.0,3,0,16,58,0,0,0
round5_learned,v122,2026102203,1,opponent,648,133867.0,3,0,16,58,0,0,0
round5_learned,v122,2026102203,1,opponent,672,142228.0,3,0,16,46,0,0,0
round5_learned,v122,2026102203,1,opponent,696,149677.0,3,0,16,21,0,0,0
round5_learned,v122,2026102203,1,opponent,719,167297.0,3,11,16,0,0,0,0
round5_learned,v122,2026102204,0,learner,0,3000.0,1,0,0,0,0,0,0
round5_learned,v122,2026102204,0,learner,24,2169.0,1,0,0,8,0,170,10
round5_learned,v122,2026102204,0,learner,48,2165.0,1,0,0,18,0,0,0
round5_learned,v122,2026102204,0,learner,72,513.0,1,0,0,24,0,1000,11
round5_learned,v122,2026102204,0,learner,96,56.0,1,0,0,23,2,920,10
round5_learned,v122,2026102204,0,learner,120,102.0,1,0,0,20,5,660,7
round5_learned,v122,2026102204,0,learner,144,200.0,1,0,0,19,6,680,7
round5_learned,v122,2026102204,0,learner,168,396.0,1,0,0,15,10,680,7
round5_learned,v122,2026102204,0,learner,192,297.0,1,0,0,13,11,680,7
round5_learned,v122,2026102204,0,learner,216,170.0,1,0,0,15,8,480,5
round5_learned,v122,2026102204,0,learner,240,39.0,1,0,0,16,8,380,4
round5_learned,v122,2026102204,0,learner,264,281.0,1,0,0,23,1,200,8
round5_learned,v122,2026102204,0,learner,288,4.0,1,0,0,24,0,320,11
round5_learned,v122,2026102204,0,learner,312,87.0,1,0,0,22,1,850,14
round5_learned,v122,2026102204,0,learner,336,4453.0,2,0,0,30,0,940,14
round5_learned,v122,2026102204,0,learner,360,6269.0,2,0,0,34,0,1250,18
round5_learned,v122,2026102204,0,learner,384,6.0,4,0,0,40,1,670,14
round5_learned,v122,2026102204,0,learner,408,1684.0,4,0,0,41,1,850,23
round5_learned,v122,2026102204,0,learner,432,1290.0,4,0,0,38,5,1360,38
round5_learned,v122,2026102204,0,learner,456,1140.0,4,0,0,45,3,1310,42
round5_learned,v122,2026102204,0,learner,480,1031.0,4,0,0,37,12,1540,56
round5_learned,v122,2026102204,0,learner,504,553.0,4,0,0,47,20,1560,49
round5_learned,v122,2026102204,0,learner,528,194.0,4,0,0,64,7,1130,45
round5_learned,v122,2026102204,0,learner,552,9.0,4,0,0,64,8,1090,41
round5_learned,v122,2026102204,0,learner,576,771.0,4,0,0,69,7,1470,62
round5_learned,v122,2026102204,0,learner,600,1767.0,4,0,0,74,5,1230,59
round5_learned,v122,2026102204,0,learner,624,1772.0,4,0,0,77,7,1360,64
round5_learned,v122,2026102204,0,learner,648,3296.0,4,0,0,78,5,1030,44
round5_learned,v122,2026102204,0,learner,672,4197.0,4,0,0,74,13,680,21
round5_learned,v122,2026102204,0,learner,696,5150.0,4,0,0,69,16,530,9
round5_learned,v122,2026102204,0,learner,719,6284.0,4,15,0,56,18,630,15
round5_learned,v122,2026102204,0,opponent,0,3000.0,1,0,0,0,0,0,0
round5_learned,v122,2026102204,0,opponent,24,30.0,1,0,4,19,0,0,0
round5_learned,v122,2026102204,0,opponent,48,96.0,1,0,4,19,0,0,0
round5_learned,v122,2026102204,0,opponent,72,214.0,1,0,5,19,0,0,0
round5_learned,v122,2026102204,0,opponent,96,303.0,1,0,6,19,0,0,0
round5_learned,v122,2026102204,0,opponent,120,731.0,1,0,6,19,0,0,0
round5_learned,v122,2026102204,0,opponent,144,863.0,1,0,6,19,0,0,0
round5_learned,v122,2026102204,0,opponent,168,907.0,2,0,8,29,0,0,0
round5_learned,v122,2026102204,0,opponent,192,980.0,2,0,10,37,0,0,0
round5_learned,v122,2026102204,0,opponent,216,1819.0,2,0,12,37,0,0,0
round5_learned,v122,2026102204,0,opponent,240,3036.0,2,0,12,37,0,0,0
round5_learned,v122,2026102204,0,opponent,264,18070.0,2,0,15,32,0,0,0
round5_learned,v122,2026102204,0,opponent,288,17949.0,3,0,16,53,0,0,0
round5_learned,v122,2026102204,0,opponent,312,22125.0,3,0,16,57,0,0,0
round5_learned,v122,2026102204,0,opponent,336,24718.0,3,0,16,57,0,0,0
round5_learned,v122,2026102204,0,opponent,360,30901.0,3,0,16,57,0,0,0
round5_learned,v122,2026102204,0,opponent,384,35841.0,3,0,16,57,0,10,1
round5_learned,v122,2026102204,0,opponent,408,44483.0,3,0,16,58,0,10,1
round5_learned,v122,2026102204,0,opponent,432,49870.0,3,0,16,58,0,10,1
round5_learned,v122,2026102204,0,opponent,456,56837.0,3,0,16,58,0,10,1
round5_learned,v122,2026102204,0,opponent,480,63492.0,3,0,16,58,0,10,1
round5_learned,v122,2026102204,0,opponent,504,70702.0,3,0,16,58,0,10,1
round5_learned,v122,2026102204,0,opponent,528,80797.0,3,0,16,57,1,10,1
round5_learned,v122,2026102204,0,opponent,552,88869.0,3,0,16,58,0,10,1
round5_learned,v122,2026102204,0,opponent,576,97228.0,3,0,16,58,0,10,1
round5_learned,v122,2026102204,0,opponent,600,105924.0,3,0,16,58,0,10,1
round5_learned,v122,2026102204,0,opponent,624,112754.0,3,0,16,58,0,10,1
round5_learned,v122,2026102204,0,opponent,648,119873.0,3,0,16,58,0,10,1
round5_learned,v122,2026102204,0,opponent,672,126690.0,3,0,16,46,0,10,1
round5_learned,v122,2026102204,0,opponent,696,139448.0,3,0,16,21,0,10,1
round5_learned,v122,2026102204,0,opponent,719,150137.0,3,11,16,0,0,10,1
round5_learned,v122,2026102204,1,learner,0,3000.0,1,0,0,0,0,0,0
round5_learned,v122,2026102204,1,learner,24,2309.0,1,0,0,8,0,100,10
round5_learned,v122,2026102204,1,learner,48,2381.0,1,0,0,18,0,0,0
round5_learned,v122,2026102204,1,learner,72,887.0,1,0,0,19,1,1080,12
round5_learned,v122,2026102204,1,learner,96,913.0,1,0,0,23,0,580,6
round5_learned,v122,2026102204,1,learner,120,567.0,1,0,0,22,3,500,5
round5_learned,v122,2026102204,1,learner,144,20.0,1,0,0,22,3,600,6
round5_learned,v122,2026102204,1,learner,168,0.0,1,0,0,22,3,900,9
round5_learned,v122,2026102204,1,learner,192,175.0,1,0,0,21,4,1000,10
round5_learned,v122,2026102204,1,learner,216,70.0,1,0,0,13,12,1000,10
round5_learned,v122,2026102204,1,learner,240,1.0,1,0,0,14,11,1000,10
round5_learned,v122,2026102204,1,learner,264,56.0,1,0,0,18,7,670,9
round5_learned,v122,2026102204,1,learner,288,2.0,1,0,0,20,5,470,7
round5_learned,v122,2026102204,1,learner,312,0.0,1,0,0,21,4,270,5
round5_learned,v122,2026102204,1,learner,336,6.0,2,0,0,18,7,320,10
round5_learned,v122,2026102204,1,learner,360,184.0,2,0,0,15,12,570,17
round5_learned,v122,2026102204,1,learner,384,0.0,2,0,0,28,0,140,5
round5_learned,v122,2026102204,1,learner,408,386.0,2,0,0,30,1,980,17
round5_learned,v122,2026102204,1,learner,432,126.0,2,0,0,34,0,120,12
round5_learned,v122,2026102204,1,learner,456,44.0,2,0,0,35,0,270,18
round5_learned,v122,2026102204,1,learner,480,37.0,2,0,0,35,1,290,20
round5_learned,v122,2026102204,1,learner,504,3162.0,2,0,0,35,3,750,30
round5_learned,v122,2026102204,1,learner,528,2571.0,2,0,0,34,4,690,33
round5_learned,v122,2026102204,1,learner,552,2541.0,2,0,0,36,4,930,39
round5_learned,v122,2026102204,1,learner,576,2332.0,2,0,0,36,3,880,43
round5_learned,v122,2026102204,1,learner,600,1764.0,2,0,0,36,4,1070,44
round5_learned,v122,2026102204,1,learner,624,1308.0,2,0,0,40,4,1050,42
round5_learned,v122,2026102204,1,learner,648,6356.0,2,0,0,37,6,910,37
round5_learned,v122,2026102204,1,learner,672,8519.0,2,0,0,29,14,1120,40
round5_learned,v122,2026102204,1,learner,696,7746.0,2,0,0,37,8,1110,30
round5_learned,v122,2026102204,1,learner,719,7007.0,2,14,0,43,5,830,20
round5_learned,v122,2026102204,1,opponent,0,3000.0,1,0,0,0,0,0,0
round5_learned,v122,2026102204,1,opponent,24,30.0,1,0,4,19,0,0,0
round5_learned,v122,2026102204,1,opponent,48,99.0,1,0,4,19,0,0,0
round5_learned,v122,2026102204,1,opponent,72,215.0,1,0,5,19,0,0,0
round5_learned,v122,2026102204,1,opponent,96,302.0,1,0,6,19,0,0,0
round5_learned,v122,2026102204,1,opponent,120,727.0,1,0,6,19,0,0,0
round5_learned,v122,2026102204,1,opponent,144,860.0,1,0,6,19,0,0,0
round5_learned,v122,2026102204,1,opponent,168,1300.0,2,0,8,29,0,0,0
round5_learned,v122,2026102204,1,opponent,192,774.0,2,0,10,37,0,0,0
round5_learned,v122,2026102204,1,opponent,216,2054.0,2,0,12,37,0,0,0
round5_learned,v122,2026102204,1,opponent,240,3154.0,2,0,13,37,0,0,0
round5_learned,v122,2026102204,1,opponent,264,17794.0,2,0,16,32,0,0,0
round5_learned,v122,2026102204,1,opponent,288,19169.0,3,0,17,53,0,0,0
round5_learned,v122,2026102204,1,opponent,312,22322.0,3,0,17,57,0,0,0
round5_learned,v122,2026102204,1,opponent,336,26712.0,3,0,17,57,0,0,0
round5_learned,v122,2026102204,1,opponent,360,32922.0,3,0,17,57,0,0,0
round5_learned,v122,2026102204,1,opponent,384,41994.0,3,0,17,57,1,0,0
round5_learned,v122,2026102204,1,opponent,408,52018.0,3,0,17,58,0,0,0
round5_learned,v122,2026102204,1,opponent,432,57674.0,3,0,17,58,0,0,0
round5_learned,v122,2026102204,1,opponent,456,67372.0,3,0,17,58,0,0,0
round5_learned,v122,2026102204,1,opponent,480,75227.0,3,0,17,58,0,0,0
round5_learned,v122,2026102204,1,opponent,504,84051.0,3,0,17,58,0,0,0
round5_learned,v122,2026102204,1,opponent,528,95162.0,3,0,17,57,1,0,0
round5_learned,v122,2026102204,1,opponent,552,105413.0,3,0,17,58,0,0,0
round5_learned,v122,2026102204,1,opponent,576,114845.0,3,0,17,58,0,0,0
round5_learned,v122,2026102204,1,opponent,600,123815.0,3,0,17,58,0,0,0
round5_learned,v122,2026102204,1,opponent,624,133783.0,3,0,17,58,0,0,0
round5_learned,v122,2026102204,1,opponent,648,142268.0,3,0,17,58,0,0,0
round5_learned,v122,2026102204,1,opponent,672,151908.0,3,0,17,46,0,0,0
round5_learned,v122,2026102204,1,opponent,696,159283.0,3,0,17,21,0,0,0
round5_learned,v122,2026102204,1,opponent,719,176285.0,3,11,17,0,0,0,0
round5_learned,v122,2026102205,0,learner,0,3000.0,1,0,0,0,0,0,0
round5_learned,v122,2026102205,0,learner,24,2169.0,1,0,0,8,0,170,10
round5_learned,v122,2026102205,0,learner,48,2165.0,1,0,0,18,0,0,0
round5_learned,v122,2026102205,0,learner,72,513.0,1,0,0,24,0,1000,11
round5_learned,v122,2026102205,0,learner,96,477.0,1,0,0,24,1,760,8
round5_learned,v122,2026102205,0,learner,120,33.0,1,0,0,17,8,1080,11
round5_learned,v122,2026102205,0,learner,144,83.0,1,0,0,14,11,800,8
round5_learned,v122,2026102205,0,learner,168,373.0,1,0,0,14,11,700,7
round5_learned,v122,2026102205,0,learner,192,260.0,1,0,0,15,9,500,5
round5_learned,v122,2026102205,0,learner,216,317.0,1,0,0,14,9,400,4
round5_learned,v122,2026102205,0,learner,240,228.0,1,0,0,15,9,230,5
round5_learned,v122,2026102205,0,learner,264,3.0,1,0,0,20,4,220,13
round5_learned,v122,2026102205,0,learner,288,1.0,1,0,0,20,4,220,13
round5_learned,v122,2026102205,0,learner,312,52.0,1,0,0,17,5,1120,22
round5_learned,v122,2026102205,0,learner,336,9.0,1,0,0,20,5,620,17
round5_learned,v122,2026102205,0,learner,360,3478.0,1,0,0,21,4,1700,35
round5_learned,v122,2026102205,0,learner,384,2633.0,1,0,0,25,0,1640,38
round5_learned,v122,2026102205,0,learner,408,4281.0,1,0,0,25,0,2290,49
round5_learned,v122,2026102205,0,learner,432,3245.0,1,0,0,24,1,3070,64
round5_learned,v122,2026102205,0,learner,456,2117.0,1,0,0,23,2,3890,83
round5_learned,v122,2026102205,0,learner,480,1082.0,1,0,0,25,0,4370,95
round5_learned,v122,2026102205,0,learner,504,1568.0,1,0,0,25,0,4660,106
round5_learned,v122,2026102205,0,learner,528,4041.0,1,0,0,24,1,4730,113
round5_learned,v122,2026102205,0,learner,552,5780.0,1,0,0,22,3,4730,122
round5_learned,v122,2026102205,0,learner,576,4975.0,1,0,0,23,1,4730,134
round5_learned,v122,2026102205,0,learner,600,8028.0,1,0,0,23,2,4670,138
round5_learned,v122,2026102205,0,learner,624,8586.0,1,0,0,17,8,4740,145
round5_learned,v122,2026102205,0,learner,648,10095.0,1,0,0,18,7,4450,143
round5_learned,v122,2026102205,0,learner,672,10460.0,1,0,0,20,5,3860,138
round5_learned,v122,2026102205,0,learner,696,12138.0,1,0,0,21,4,3760,137
round5_learned,v122,2026102205,0,learner,719,12304.0,1,14,0,21,4,3660,136
round5_learned,v122,2026102205,0,opponent,0,3000.0,1,0,0,0,0,0,0
round5_learned,v122,2026102205,0,opponent,24,30.0,1,0,4,19,0,0,0
round5_learned,v122,2026102205,0,opponent,48,96.0,1,0,4,19,0,0,0
round5_learned,v122,2026102205,0,opponent,72,214.0,1,0,5,19,0,0,0
round5_learned,v122,2026102205,0,opponent,96,303.0,1,0,6,19,0,0,0
round5_learned,v122,2026102205,0,opponent,120,728.0,1,0,6,19,0,0,0
round5_learned,v122,2026102205,0,opponent,144,861.0,1,0,6,19,0,0,0
round5_learned,v122,2026102205,0,opponent,168,902.0,2,0,8,29,0,0,0
round5_learned,v122,2026102205,0,opponent,192,775.0,2,0,10,37,0,0,0
round5_learned,v122,2026102205,0,opponent,216,1597.0,2,0,12,37,0,0,0
round5_learned,v122,2026102205,0,opponent,240,2698.0,2,0,13,37,0,0,0
round5_learned,v122,2026102205,0,opponent,264,16615.0,2,0,16,32,0,0,0
round5_learned,v122,2026102205,0,opponent,288,17286.0,3,0,17,53,0,0,0
round5_learned,v122,2026102205,0,opponent,312,21144.0,3,0,17,57,0,0,0
round5_learned,v122,2026102205,0,opponent,336,23365.0,3,0,17,57,0,0,0
round5_learned,v122,2026102205,0,opponent,360,27818.0,3,0,17,57,0,0,0
round5_learned,v122,2026102205,0,opponent,384,32633.0,3,0,17,57,1,0,0
round5_learned,v122,2026102205,0,opponent,408,39046.0,3,0,17,58,0,0,0
round5_learned,v122,2026102205,0,opponent,432,45546.0,3,0,17,58,0,0,0
round5_learned,v122,2026102205,0,opponent,456,51899.0,3,0,17,58,0,0,0
round5_learned,v122,2026102205,0,opponent,480,57242.0,3,0,17,58,0,0,0
round5_learned,v122,2026102205,0,opponent,504,63994.0,3,0,17,58,0,0,0
round5_learned,v122,2026102205,0,opponent,528,72701.0,3,0,17,57,1,0,0
round5_learned,v122,2026102205,0,opponent,552,79078.0,3,0,17,58,0,0,0
round5_learned,v122,2026102205,0,opponent,576,86008.0,3,0,17,58,0,0,0
round5_learned,v122,2026102205,0,opponent,600,92599.0,3,0,17,58,0,0,0
round5_learned,v122,2026102205,0,opponent,624,97656.0,3,0,17,58,0,0,0
round5_learned,v122,2026102205,0,opponent,648,99654.0,3,0,17,58,0,0,0
round5_learned,v122,2026102205,0,opponent,672,109244.0,3,0,17,46,0,0,0
round5_learned,v122,2026102205,0,opponent,696,113134.0,3,0,17,21,1,0,0
round5_learned,v122,2026102205,0,opponent,719,126023.0,3,11,17,0,1,0,0
round5_learned,v122,2026102205,1,learner,0,3000.0,1,0,0,0,0,0,0
round5_learned,v122,2026102205,1,learner,24,2309.0,1,0,0,8,0,100,10
round5_learned,v122,2026102205,1,learner,48,2381.0,1,0,0,18,0,0,0
round5_learned,v122,2026102205,1,learner,72,887.0,1,0,0,19,1,1080,12
round5_learned,v122,2026102205,1,learner,96,913.0,1,0,0,24,0,380,4
round5_learned,v122,2026102205,1,learner,120,664.0,1,0,0,22,2,100,1
round5_learned,v122,2026102205,1,learner,144,861.0,1,0,0,22,2,0,0
round5_learned,v122,2026102205,1,learner,168,9.0,1,0,0,22,1,1040,13
round5_learned,v122,2026102205,1,learner,192,61.0,1,0,0,22,1,1040,13
round5_learned,v122,2026102205,1,learner,216,7.0,1,0,0,23,0,960,12
round5_learned,v122,2026102205,1,learner,240,0.0,1,0,0,21,2,960,12
round5_learned,v122,2026102205,1,learner,264,151.0,1,0,0,16,6,960,12
round5_learned,v122,2026102205,1,learner,288,3.0,1,0,0,20,4,610,13
round5_learned,v122,2026102205,1,learner,312,1.0,1,0,0,20,4,510,12
round5_learned,v122,2026102205,1,learner,336,3.0,2,0,0,17,10,180,11
round5_learned,v122,2026102205,1,learner,360,44.0,2,0,0,27,3,650,22
round5_learned,v122,2026102205,1,learner,384,1.0,2,0,0,32,2,240,17
round5_learned,v122,2026102205,1,learner,408,5002.0,2,0,0,32,2,700,31
round5_learned,v122,2026102205,1,learner,432,5038.0,2,0,0,24,10,760,41
round5_learned,v122,2026102205,1,learner,456,4702.0,2,0,0,26,9,720,45
round5_learned,v122,2026102205,1,learner,480,5106.0,2,0,0,23,13,860,59
round5_learned,v122,2026102205,1,learner,504,5163.0,2,0,0,16,20,930,66
round5_learned,v122,2026102205,1,learner,528,5834.0,2,0,0,15,21,1060,79
round5_learned,v122,2026102205,1,learner,552,5876.0,2,0,0,15,21,1160,89
round5_learned,v122,2026102205,1,learner,576,6429.0,2,0,0,15,21,1300,103
round5_learned,v122,2026102205,1,learner,600,6969.0,2,0,0,15,21,1430,116
round5_learned,v122,2026102205,1,learner,624,7287.0,2,0,0,18,17,1510,124
round5_learned,v122,2026102205,1,learner,648,7142.0,2,0,0,20,15,1600,133
round5_learned,v122,2026102205,1,learner,672,6571.0,2,0,0,19,16,1650,138
round5_learned,v122,2026102205,1,learner,696,6976.0,2,0,0,16,19,1840,151
round5_learned,v122,2026102205,1,learner,719,7530.0,2,9,0,19,18,1770,149
round5_learned,v122,2026102205,1,opponent,0,3000.0,1,0,0,0,0,0,0
round5_learned,v122,2026102205,1,opponent,24,30.0,1,0,4,19,0,0,0
round5_learned,v122,2026102205,1,opponent,48,99.0,1,0,4,19,0,0,0
round5_learned,v122,2026102205,1,opponent,72,215.0,1,0,5,19,0,0,0
round5_learned,v122,2026102205,1,opponent,96,301.0,1,0,6,19,0,0,0
round5_learned,v122,2026102205,1,opponent,120,726.0,1,0,6,19,0,0,0
round5_learned,v122,2026102205,1,opponent,144,859.0,1,0,6,19,0,0,0
round5_learned,v122,2026102205,1,opponent,168,1241.0,2,0,8,29,0,0,0
round5_learned,v122,2026102205,1,opponent,192,715.0,2,0,10,37,0,0,0
round5_learned,v122,2026102205,1,opponent,216,1736.0,2,0,12,37,0,0,0
round5_learned,v122,2026102205,1,opponent,240,2835.0,2,0,13,37,0,0,0
round5_learned,v122,2026102205,1,opponent,264,17193.0,2,0,16,32,0,0,0
round5_learned,v122,2026102205,1,opponent,288,18435.0,3,0,17,53,0,0,0
round5_learned,v122,2026102205,1,opponent,312,21510.0,3,0,17,57,0,0,0
round5_learned,v122,2026102205,1,opponent,336,25526.0,3,0,17,57,0,0,0
round5_learned,v122,2026102205,1,opponent,360,30350.0,3,0,17,57,0,0,0
round5_learned,v122,2026102205,1,opponent,384,38523.0,3,0,17,57,1,0,0
round5_learned,v122,2026102205,1,opponent,408,47704.0,3,0,17,58,0,0,0
round5_learned,v122,2026102205,1,opponent,432,52640.0,3,0,17,58,0,0,0
round5_learned,v122,2026102205,1,opponent,456,55798.0,4,0,17,68,0,0,0
round5_learned,v122,2026102205,1,opponent,480,61585.0,4,0,17,68,0,0,0
round5_learned,v122,2026102205,1,opponent,504,68846.0,4,0,17,68,0,0,0
round5_learned,v122,2026102205,1,opponent,528,77243.0,4,0,17,67,2,0,0
round5_learned,v122,2026102205,1,opponent,552,84724.0,4,0,17,68,1,0,0
round5_learned,v122,2026102205,1,opponent,576,91579.0,4,0,17,68,1,0,0
round5_learned,v122,2026102205,1,opponent,600,96957.0,4,0,17,68,1,0,0
round5_learned,v122,2026102205,1,opponent,624,103245.0,4,0,17,68,1,0,0
round5_learned,v122,2026102205,1,opponent,648,114503.0,4,0,17,68,1,0,0
round5_learned,v122,2026102205,1,opponent,672,124409.0,4,0,17,56,1,0,0
round5_learned,v122,2026102205,1,opponent,696,133656.0,4,0,17,31,2,0,0
round5_learned,v122,2026102205,1,opponent,719,154502.0,4,13,17,10,2,0,0
round5_learned,v122,2026102206,0,learner,0,3000.0,1,0,0,0,0,0,0
round5_learned,v122,2026102206,0,learner,24,2169.0,1,0,0,8,0,170,10
round5_learned,v122,2026102206,0,learner,48,2165.0,1,0,0,18,0,0,0
round5_learned,v122,2026102206,0,learner,72,513.0,1,0,0,24,0,1000,11
round5_learned,v122,2026102206,0,learner,96,477.0,1,0,0,23,2,760,8
round5_learned,v122,2026102206,0,learner,120,443.0,1,0,0,16,9,580,6
round5_learned,v122,2026102206,0,learner,144,196.0,1,0,0,12,13,860,9
round5_learned,v122,2026102206,0,learner,168,251.0,1,0,0,12,13,780,8
round5_learned,v122,2026102206,0,learner,192,212.0,1,0,0,10,15,780,8
round5_learned,v122,2026102206,0,learner,216,275.0,1,0,0,10,15,700,7
round5_learned,v122,2026102206,0,learner,240,218.0,1,0,0,11,14,700,7
round5_learned,v122,2026102206,0,learner,264,153.0,1,0,0,14,10,470,11
round5_learned,v122,2026102206,0,learner,288,0.0,1,0,0,18,7,170,8
round5_learned,v122,2026102206,0,learner,312,134.0,1,0,0,20,5,890,17
round5_learned,v122,2026102206,0,learner,336,6.0,1,0,0,22,1,330,15
round5_learned,v122,2026102206,0,learner,360,3364.0,1,0,0,23,1,1520,26
round5_learned,v122,2026102206,0,learner,384,5154.0,1,0,0,21,3,2320,34
round5_learned,v122,2026102206,0,learner,408,1134.0,3,0,0,33,7,1800,36
round5_learned,v122,2026102206,0,learner,432,572.0,3,0,0,43,10,2310,42
round5_learned,v122,2026102206,0,learner,456,3.0,3,0,0,48,7,2110,49
round5_learned,v122,2026102206,0,learner,480,216.0,3,0,0,44,12,2640,57
round5_learned,v122,2026102206,0,learner,504,8.0,3,0,0,43,14,1670,50
round5_learned,v122,2026102206,0,learner,528,1280.0,3,0,0,45,12,1820,65
round5_learned,v122,2026102206,0,learner,552,1374.0,3,0,0,48,10,1640,70
round5_learned,v122,2026102206,0,learner,576,3367.0,3,0,0,65,3,1240,62
round5_learned,v122,2026102206,0,learner,600,4444.0,3,0,0,67,5,1360,66
round5_learned,v122,2026102206,0,learner,624,5992.0,3,0,0,63,6,1350,65
round5_learned,v122,2026102206,0,learner,648,6153.0,3,0,0,63,8,1110,59
round5_learned,v122,2026102206,0,learner,672,8609.0,3,0,0,63,8,1100,53
round5_learned,v122,2026102206,0,learner,696,8042.0,3,0,0,65,9,950,43
round5_learned,v122,2026102206,0,learner,719,10757.0,3,16,0,61,13,850,33
round5_learned,v122,2026102206,0,opponent,0,3000.0,1,0,0,0,0,0,0
round5_learned,v122,2026102206,0,opponent,24,30.0,1,0,4,19,0,0,0
round5_learned,v122,2026102206,0,opponent,48,96.0,1,0,4,19,0,0,0
round5_learned,v122,2026102206,0,opponent,72,214.0,1,0,5,19,0,0,0
round5_learned,v122,2026102206,0,opponent,96,304.0,1,0,6,19,0,0,0
round5_learned,v122,2026102206,0,opponent,120,727.0,1,0,6,19,0,0,0
round5_learned,v122,2026102206,0,opponent,144,862.0,1,0,6,19,0,0,0
round5_learned,v122,2026102206,0,opponent,168,905.0,2,0,8,29,0,0,0
round5_learned,v122,2026102206,0,opponent,192,778.0,2,0,10,37,0,0,0
round5_learned,v122,2026102206,0,opponent,216,1579.0,2,0,12,37,0,0,0
round5_learned,v122,2026102206,0,opponent,240,2665.0,2,0,13,37,0,0,0
round5_learned,v122,2026102206,0,opponent,264,18026.0,2,0,16,32,0,0,0
round5_learned,v122,2026102206,0,opponent,288,18463.0,3,0,17,53,0,0,0
round5_learned,v122,2026102206,0,opponent,312,22564.0,3,0,17,57,0,0,0
round5_learned,v122,2026102206,0,opponent,336,25364.0,3,0,17,57,0,0,0
round5_learned,v122,2026102206,0,opponent,360,31106.0,3,0,17,57,0,0,0
round5_learned,v122,2026102206,0,opponent,384,37220.0,3,0,17,57,1,0,0
round5_learned,v122,2026102206,0,opponent,408,47426.0,3,0,17,58,0,0,0
round5_learned,v122,2026102206,0,opponent,432,52980.0,3,0,17,58,0,0,0
round5_learned,v122,2026102206,0,opponent,456,62449.0,3,0,17,58,0,0,0
round5_learned,v122,2026102206,0,opponent,480,69225.0,3,0,17,58,0,0,0
round5_learned,v122,2026102206,0,opponent,504,79744.0,3,0,17,58,0,0,0
round5_learned,v122,2026102206,0,opponent,528,92029.0,3,0,17,57,1,0,0
round5_learned,v122,2026102206,0,opponent,552,102758.0,3,0,17,58,0,0,0
round5_learned,v122,2026102206,0,opponent,576,113470.0,3,0,17,58,0,0,0
round5_learned,v122,2026102206,0,opponent,600,123689.0,3,0,17,58,0,0,0
round5_learned,v122,2026102206,0,opponent,624,132995.0,3,0,17,58,0,0,0
round5_learned,v122,2026102206,0,opponent,648,138713.0,3,0,17,58,0,0,0
round5_learned,v122,2026102206,0,opponent,672,152935.0,3,0,17,46,0,0,0
round5_learned,v122,2026102206,0,opponent,696,161994.0,3,0,17,21,0,0,0
round5_learned,v122,2026102206,0,opponent,719,180137.0,3,11,17,0,0,0,0
round5_learned,v122,2026102206,1,learner,0,3000.0,1,0,0,0,0,0,0
round5_learned,v122,2026102206,1,learner,24,2309.0,1,0,0,8,0,100,10
round5_learned,v122,2026102206,1,learner,48,2381.0,1,0,0,18,0,0,0
round5_learned,v122,2026102206,1,learner,72,887.0,1,0,0,19,1,1080,12
round5_learned,v122,2026102206,1,learner,96,913.0,1,0,0,24,0,380,4
round5_learned,v122,2026102206,1,learner,120,664.0,1,0,0,22,2,100,1
round5_learned,v122,2026102206,1,learner,144,861.0,1,0,0,22,2,0,0
round5_learned,v122,2026102206,1,learner,168,85.0,1,0,0,23,1,890,10
round5_learned,v122,2026102206,1,learner,192,20.0,1,0,0,23,1,890,10
round5_learned,v122,2026102206,1,learner,216,0.0,1,0,0,23,1,890,10
round5_learned,v122,2026102206,1,learner,240,238.0,1,0,0,20,4,890,10
round5_learned,v122,2026102206,1,learner,264,19.0,1,0,0,11,13,790,9
round5_learned,v122,2026102206,1,learner,288,7.0,1,0,0,14,10,490,6
round5_learned,v122,2026102206,1,learner,312,0.0,1,0,0,15,8,210,3
round5_learned,v122,2026102206,1,learner,336,6.0,1,0,0,16,7,150,2
round5_learned,v122,2026102206,1,learner,360,2.0,1,0,0,16,7,0,0
round5_learned,v122,2026102206,1,learner,384,2849.0,1,0,0,22,1,490,15
round5_learned,v122,2026102206,1,learner,408,1098.0,1,0,0,23,1,2540,45
round5_learned,v122,2026102206,1,learner,432,1267.0,2,0,0,30,0,2490,56
round5_learned,v122,2026102206,1,learner,456,1591.0,2,0,0,33,0,2460,65
round5_learned,v122,2026102206,1,learner,480,1971.0,2,0,0,36,1,2890,79
round5_learned,v122,2026102206,1,learner,504,1553.0,2,0,0,32,5,3460,91
round5_learned,v122,2026102206,1,learner,528,2397.0,2,0,0,20,17,3450,99
round5_learned,v122,2026102206,1,learner,552,2109.0,2,0,0,4,33,3740,110
round5_learned,v122,2026102206,1,learner,576,1871.0,2,0,0,6,33,3640,122
round5_learned,v122,2026102206,1,learner,600,1370.0,2,0,0,10,29,3660,142
round5_learned,v122,2026102206,1,learner,624,1321.0,2,0,0,17,28,3050,142
round5_learned,v122,2026102206,1,learner,648,889.0,2,0,0,16,29,3160,157
round5_learned,v122,2026102206,1,learner,672,701.0,2,0,0,16,29,2990,160
round5_learned,v122,2026102206,1,learner,696,616.0,2,0,0,20,25,3010,165
round5_learned,v122,2026102206,1,learner,719,838.0,2,8,0,23,25,2830,160
round5_learned,v122,2026102206,1,opponent,0,3000.0,1,0,0,0,0,0,0
round5_learned,v122,2026102206,1,opponent,24,30.0,1,0,4,19,0,0,0
round5_learned,v122,2026102206,1,opponent,48,99.0,1,0,4,19,0,0,0
round5_learned,v122,2026102206,1,opponent,72,215.0,1,0,5,19,0,0,0
round5_learned,v122,2026102206,1,opponent,96,301.0,1,0,6,19,0,0,0
round5_learned,v122,2026102206,1,opponent,120,726.0,1,0,6,19,0,0,0
round5_learned,v122,2026102206,1,opponent,144,859.0,1,0,6,19,0,0,0
round5_learned,v122,2026102206,1,opponent,168,903.0,2,0,8,29,0,0,0
round5_learned,v122,2026102206,1,opponent,192,683.0,2,0,10,37,0,0,0
round5_learned,v122,2026102206,1,opponent,216,1601.0,2,0,12,37,0,0,0
round5_learned,v122,2026102206,1,opponent,240,2701.0,2,0,13,37,0,0,0
round5_learned,v122,2026102206,1,opponent,264,17084.0,2,0,16,32,0,0,0
round5_learned,v122,2026102206,1,opponent,288,17691.0,3,0,17,53,0,0,0
round5_learned,v122,2026102206,1,opponent,312,21609.0,3,0,17,57,0,0,0
round5_learned,v122,2026102206,1,opponent,336,24364.0,3,0,17,57,0,0,0
round5_learned,v122,2026102206,1,opponent,360,28995.0,3,0,17,57,0,0,0
round5_learned,v122,2026102206,1,opponent,384,33879.0,3,0,17,57,0,10,1
round5_learned,v122,2026102206,1,opponent,408,41899.0,3,0,17,58,0,10,1
round5_learned,v122,2026102206,1,opponent,432,46061.0,3,0,17,58,0,10,1
round5_learned,v122,2026102206,1,opponent,456,52263.0,3,0,17,58,0,10,1
round5_learned,v122,2026102206,1,opponent,480,58209.0,3,0,17,58,0,10,1
round5_learned,v122,2026102206,1,opponent,504,64268.0,3,0,17,58,0,10,1
round5_learned,v122,2026102206,1,opponent,528,72284.0,3,0,17,57,1,10,1
round5_learned,v122,2026102206,1,opponent,552,79066.0,3,0,17,58,0,10,1
round5_learned,v122,2026102206,1,opponent,576,85860.0,3,0,17,58,0,10,1
round5_learned,v122,2026102206,1,opponent,600,92145.0,3,0,17,58,0,10,1
round5_learned,v122,2026102206,1,opponent,624,97352.0,3,0,17,58,0,10,1
round5_learned,v122,2026102206,1,opponent,648,101572.0,3,0,17,58,0,10,1
round5_learned,v122,2026102206,1,opponent,672,110127.0,3,0,17,46,0,10,1
round5_learned,v122,2026102206,1,opponent,696,117243.0,3,0,17,21,0,10,1
round5_learned,v122,2026102206,1,opponent,719,133803.0,3,11,17,0,0,10,1
round5_learned,v122,2026102207,0,learner,0,3000.0,1,0,0,0,0,0,0
round5_learned,v122,2026102207,0,learner,24,2169.0,1,0,0,8,1,170,10
round5_learned,v122,2026102207,0,learner,48,2165.0,1,0,0,18,1,0,0
round5_learned,v122,2026102207,0,learner,72,413.0,1,0,0,24,0,1180,13
round5_learned,v122,2026102207,0,learner,96,319.0,1,0,0,22,3,940,10
round5_learned,v122,2026102207,0,learner,120,285.0,1,0,0,16,9,760,8
round5_learned,v122,2026102207,0,learner,144,498.0,1,0,0,14,10,500,5
round5_learned,v122,2026102207,0,learner,168,568.0,1,0,0,14,10,540,9
round5_learned,v122,2026102207,0,learner,192,602.0,1,0,0,13,11,560,11
round5_learned,v122,2026102207,0,learner,216,736.0,1,0,0,11,13,560,11
round5_learned,v122,2026102207,0,learner,240,766.0,1,0,0,13,10,360,9
round5_learned,v122,2026102207,0,learner,264,3.0,1,0,0,18,6,610,16
round5_learned,v122,2026102207,0,learner,288,1.0,1,0,0,18,6,610,16
round5_learned,v122,2026102207,0,learner,312,52.0,1,0,0,13,11,1410,24
round5_learned,v122,2026102207,0,learner,336,9.0,1,0,0,15,9,1020,21
round5_learned,v122,2026102207,0,learner,360,468.0,2,0,0,27,6,1060,25
round5_learned,v122,2026102207,0,learner,384,7.0,2,0,0,35,0,500,23
round5_learned,v122,2026102207,0,learner,408,2839.0,2,0,0,35,0,1770,42
round5_learned,v122,2026102207,0,learner,432,129.0,3,0,0,40,3,1490,50
round5_learned,v122,2026102207,0,learner,456,177.0,3,0,0,51,2,1540,56
round5_learned,v122,2026102207,0,learner,480,120.0,3,0,0,53,6,1600,62
round5_learned,v122,2026102207,0,learner,504,180.0,3,0,0,58,6,1450,65
round5_learned,v122,2026102207,0,learner,528,985.0,3,0,0,55,7,1500,79
round5_learned,v122,2026102207,0,learner,552,1805.0,3,0,0,51,10,1590,88
round5_learned,v122,2026102207,0,learner,576,3325.0,3,0,0,65,1,1500,79
round5_learned,v122,2026102207,0,learner,600,4268.0,3,0,0,67,1,1670,84
round5_learned,v122,2026102207,0,learner,624,7751.0,3,0,0,68,3,1500,85
round5_learned,v122,2026102207,0,learner,648,10369.0,3,0,0,60,11,1470,82
round5_learned,v122,2026102207,0,learner,672,12976.0,3,0,0,64,8,1340,71
round5_learned,v122,2026102207,0,learner,696,15375.0,3,0,0,69,2,1150,54
round5_learned,v122,2026102207,0,learner,719,17939.0,3,14,0,71,4,940,33
round5_learned,v122,2026102207,0,opponent,0,3000.0,1,0,0,0,0,0,0
round5_learned,v122,2026102207,0,opponent,24,30.0,1,0,4,19,0,0,0
round5_learned,v122,2026102207,0,opponent,48,96.0,1,0,4,19,0,0,0
round5_learned,v122,2026102207,0,opponent,72,214.0,1,0,5,19,0,0,0
round5_learned,v122,2026102207,0,opponent,96,304.0,1,0,6,19,0,0,0
round5_learned,v122,2026102207,0,opponent,120,725.0,1,0,6,19,0,0,0
round5_learned,v122,2026102207,0,opponent,144,860.0,1,0,6,19,0,0,0
round5_learned,v122,2026102207,0,opponent,168,903.0,2,0,8,29,0,0,0
round5_learned,v122,2026102207,0,opponent,192,683.0,2,0,10,37,0,0,0
round5_learned,v122,2026102207,0,opponent,216,1580.0,2,0,12,37,0,0,0
round5_learned,v122,2026102207,0,opponent,240,2665.0,2,0,13,37,0,0,0
round5_learned,v122,2026102207,0,opponent,264,16816.0,2,0,16,32,0,0,0
round5_learned,v122,2026102207,0,opponent,288,17767.0,3,0,17,53,0,0,0
round5_learned,v122,2026102207,0,opponent,312,20847.0,3,0,17,57,0,0,0
round5_learned,v122,2026102207,0,opponent,336,24767.0,3,0,17,57,0,0,0
round5_learned,v122,2026102207,0,opponent,360,30562.0,3,0,17,57,0,0,0
round5_learned,v122,2026102207,0,opponent,384,37860.0,3,0,17,57,1,0,0
round5_learned,v122,2026102207,0,opponent,408,47988.0,3,0,17,58,0,0,0
round5_learned,v122,2026102207,0,opponent,432,53659.0,3,0,17,58,0,0,0
round5_learned,v122,2026102207,0,opponent,456,62899.0,3,0,17,58,0,0,0
round5_learned,v122,2026102207,0,opponent,480,70025.0,3,0,17,58,0,0,0
round5_learned,v122,2026102207,0,opponent,504,79815.0,3,0,17,58,0,0,0
round5_learned,v122,2026102207,0,opponent,528,91586.0,3,0,17,57,1,0,0
round5_learned,v122,2026102207,0,opponent,552,101958.0,3,0,17,58,0,0,0
round5_learned,v122,2026102207,0,opponent,576,112275.0,3,0,17,58,0,0,0
round5_learned,v122,2026102207,0,opponent,600,121959.0,3,0,17,58,0,0,0
round5_learned,v122,2026102207,0,opponent,624,131564.0,3,0,17,58,0,0,0
round5_learned,v122,2026102207,0,opponent,648,137370.0,3,0,17,58,0,0,0
round5_learned,v122,2026102207,0,opponent,672,150425.0,3,0,17,46,0,0,0
round5_learned,v122,2026102207,0,opponent,696,157802.0,3,0,17,21,1,0,0
round5_learned,v122,2026102207,0,opponent,719,177406.0,3,11,17,0,1,0,0
round5_learned,v122,2026102207,1,learner,0,3000.0,1,0,0,0,0,0,0
round5_learned,v122,2026102207,1,learner,24,2309.0,1,0,0,8,1,100,10
round5_learned,v122,2026102207,1,learner,48,2381.0,1,0,0,18,1,0,0
round5_learned,v122,2026102207,1,learner,72,887.0,1,0,0,20,0,1160,13
round5_learned,v122,2026102207,1,learner,96,227.0,1,0,0,20,0,1740,19
round5_learned,v122,2026102207,1,learner,120,347.0,1,0,0,11,12,1400,15
round5_learned,v122,2026102207,1,learner,144,150.0,1,0,0,15,8,780,8
round5_learned,v122,2026102207,1,learner,168,5.0,1,0,0,17,8,780,8
round5_learned,v122,2026102207,1,learner,192,161.0,1,0,0,14,11,780,8
round5_learned,v122,2026102207,1,learner,216,52.0,1,0,0,15,10,500,5
round5_learned,v122,2026102207,1,learner,240,199.0,1,0,0,16,9,400,4
round5_learned,v122,2026102207,1,learner,264,7.0,1,0,0,18,7,250,7
round5_learned,v122,2026102207,1,learner,288,0.0,1,0,0,18,7,250,7
round5_learned,v122,2026102207,1,learner,312,226.0,1,0,0,17,8,1450,19
round5_learned,v122,2026102207,1,learner,336,86.0,1,0,0,20,5,1050,15
round5_learned,v122,2026102207,1,learner,360,2.0,1,0,0,24,1,480,12
round5_learned,v122,2026102207,1,learner,384,137.0,1,0,0,24,1,1380,25
round5_learned,v122,2026102207,1,learner,408,9.0,1,0,0,24,1,1420,29
round5_learned,v122,2026102207,1,learner,432,204.0,2,0,0,32,1,1540,41
round5_learned,v122,2026102207,1,learner,456,1695.0,2,0,0,30,5,1990,55
round5_learned,v122,2026102207,1,learner,480,1300.0,2,0,0,31,5,2020,67
round5_learned,v122,2026102207,1,learner,504,2619.0,2,0,0,22,13,2030,77
round5_learned,v122,2026102207,1,learner,528,4444.0,2,0,0,16,19,2250,93
round5_learned,v122,2026102207,1,learner,552,5365.0,2,0,0,13,24,2340,102
round5_learned,v122,2026102207,1,learner,576,5404.0,2,0,0,12,27,2400,108
round5_learned,v122,2026102207,1,learner,600,5594.0,2,0,0,10,29,2510,119
round5_learned,v122,2026102207,1,learner,624,5913.0,2,0,0,7,32,2590,127
round5_learned,v122,2026102207,1,learner,648,6304.0,2,0,0,7,32,2670,135
round5_learned,v122,2026102207,1,learner,672,6562.0,2,0,0,8,31,2690,137
round5_learned,v122,2026102207,1,learner,696,6800.0,2,0,0,9,29,2740,142
round5_learned,v122,2026102207,1,learner,719,7311.0,2,10,0,13,28,2680,136
round5_learned,v122,2026102207,1,opponent,0,3000.0,1,0,0,0,0,0,0
round5_learned,v122,2026102207,1,opponent,24,30.0,1,0,4,19,0,0,0
round5_learned,v122,2026102207,1,opponent,48,99.0,1,0,4,19,0,0,0
round5_learned,v122,2026102207,1,opponent,72,215.0,1,0,5,19,0,0,0
round5_learned,v122,2026102207,1,opponent,96,300.0,1,0,6,19,0,0,0
round5_learned,v122,2026102207,1,opponent,120,725.0,1,0,6,19,0,0,0
round5_learned,v122,2026102207,1,opponent,144,860.0,1,0,6,19,0,0,0
round5_learned,v122,2026102207,1,opponent,168,903.0,2,0,8,29,0,0,0
round5_learned,v122,2026102207,1,opponent,192,683.0,2,0,10,37,0,0,0
round5_learned,v122,2026102207,1,opponent,216,1581.0,2,0,12,37,0,0,0
round5_learned,v122,2026102207,1,opponent,240,2667.0,2,0,13,37,0,0,0
round5_learned,v122,2026102207,1,opponent,264,16536.0,2,0,16,32,0,0,0
round5_learned,v122,2026102207,1,opponent,288,17187.0,3,0,17,53,0,0,0
round5_learned,v122,2026102207,1,opponent,312,20267.0,3,0,17,57,0,0,0
round5_learned,v122,2026102207,1,opponent,336,23475.0,3,0,17,57,0,0,0
round5_learned,v122,2026102207,1,opponent,360,27386.0,3,0,17,57,0,0,0
round5_learned,v122,2026102207,1,opponent,384,33716.0,3,0,17,57,1,0,0
round5_learned,v122,2026102207,1,opponent,408,41850.0,3,0,17,58,0,0,0
round5_learned,v122,2026102207,1,opponent,432,47052.0,3,0,17,58,0,0,0
round5_learned,v122,2026102207,1,opponent,456,49650.0,4,0,17,68,0,0,0
round5_learned,v122,2026102207,1,opponent,480,54619.0,4,0,17,68,0,0,0
round5_learned,v122,2026102207,1,opponent,504,62631.0,4,0,17,68,0,0,0
round5_learned,v122,2026102207,1,opponent,528,72457.0,4,0,17,67,1,0,0
round5_learned,v122,2026102207,1,opponent,552,80177.0,4,0,17,68,0,0,0
round5_learned,v122,2026102207,1,opponent,576,88351.0,4,0,17,68,0,0,0
round5_learned,v122,2026102207,1,opponent,600,95457.0,4,0,17,68,0,0,0
round5_learned,v122,2026102207,1,opponent,624,101253.0,4,0,17,68,0,0,0
round5_learned,v122,2026102207,1,opponent,648,107435.0,4,0,17,68,0,0,0
round5_learned,v122,2026102207,1,opponent,672,119525.0,4,0,17,56,0,0,0
round5_learned,v122,2026102207,1,opponent,696,128117.0,4,0,17,31,1,0,0
round5_learned,v122,2026102207,1,opponent,719,144831.0,4,13,17,10,1,0,0
round5_learned,v122,2026102208,0,learner,0,3000.0,1,0,0,0,0,0,0
round5_learned,v122,2026102208,0,learner,24,2169.0,1,0,0,8,0,170,10
round5_learned,v122,2026102208,0,learner,48,2165.0,1,0,0,18,0,0,0
round5_learned,v122,2026102208,0,learner,72,513.0,1,0,0,24,0,1000,11
round5_learned,v122,2026102208,0,learner,96,477.0,1,0,0,23,2,760,8
round5_learned,v122,2026102208,0,learner,120,443.0,1,0,0,16,9,580,6
round5_learned,v122,2026102208,0,learner,144,196.0,1,0,0,12,13,860,9
round5_learned,v122,2026102208,0,learner,168,151.0,1,0,0,13,12,800,8
round5_learned,v122,2026102208,0,learner,192,201.0,1,0,0,12,13,700,7
round5_learned,v122,2026102208,0,learner,216,251.0,1,0,0,13,12,600,6
round5_learned,v122,2026102208,0,learner,240,192.0,1,0,0,14,11,500,5
round5_learned,v122,2026102208,0,learner,264,188.0,1,0,0,17,8,280,10
round5_learned,v122,2026102208,0,learner,288,3.0,1,0,0,18,6,330,15
round5_learned,v122,2026102208,0,learner,312,163.0,1,0,0,20,4,1000,19
round5_learned,v122,2026102208,0,learner,336,75.0,1,0,0,23,1,690,15
round5_learned,v122,2026102208,0,learner,360,3530.0,1,0,0,25,0,1180,19
round5_learned,v122,2026102208,0,learner,384,5008.0,1,0,0,24,1,2180,29
round5_learned,v122,2026102208,0,learner,408,797.0,3,0,0,34,1,1790,35
round5_learned,v122,2026102208,0,learner,432,214.0,3,0,0,37,3,1890,45
round5_learned,v122,2026102208,0,learner,456,42.0,3,0,0,40,3,1760,50
round5_learned,v122,2026102208,0,learner,480,7.0,3,0,0,45,5,1830,53
round5_learned,v122,2026102208,0,learner,504,1556.0,3,0,0,50,10,1890,59
round5_learned,v122,2026102208,0,learner,528,1950.0,3,0,0,56,7,1500,65
round5_learned,v122,2026102208,0,learner,552,2317.0,3,0,0,52,15,1500,74
round5_learned,v122,2026102208,0,learner,576,2781.0,3,0,0,66,5,1260,72
round5_learned,v122,2026102208,0,learner,600,3405.0,3,0,0,73,1,1770,100
round5_learned,v122,2026102208,0,learner,624,4316.0,3,0,0,70,2,2050,114
round5_learned,v122,2026102208,0,learner,648,3633.0,3,0,0,71,4,2160,122
round5_learned,v122,2026102208,0,learner,672,5574.0,3,0,0,54,20,2620,143
round5_learned,v122,2026102208,0,learner,696,6597.0,3,0,0,56,18,2260,125
round5_learned,v122,2026102208,0,learner,719,9224.0,3,15,0,59,14,1930,108
round5_learned,v122,2026102208,0,opponent,0,3000.0,1,0,0,0,0,0,0
round5_learned,v122,2026102208,0,opponent,24,30.0,1,0,4,19,0,0,0
round5_learned,v122,2026102208,0,opponent,48,96.0,1,0,4,19,0,0,0
round5_learned,v122,2026102208,0,opponent,72,214.0,1,0,5,19,0,0,0
round5_learned,v122,2026102208,0,opponent,96,304.0,1,0,6,19,0,0,0
round5_learned,v122,2026102208,0,opponent,120,727.0,1,0,6,19,0,0,0
round5_learned,v122,2026102208,0,opponent,144,862.0,1,0,6,19,0,0,0
round5_learned,v122,2026102208,0,opponent,168,1302.0,2,0,8,29,0,0,0
round5_learned,v122,2026102208,0,opponent,192,776.0,2,0,10,37,0,0,0
round5_learned,v122,2026102208,0,opponent,216,1859.0,2,0,12,37,0,0,0
round5_learned,v122,2026102208,0,opponent,240,3062.0,2,0,13,37,0,0,0
round5_learned,v122,2026102208,0,opponent,264,18606.0,2,0,16,32,0,0,0
round5_learned,v122,2026102208,0,opponent,288,19272.0,3,0,17,53,0,0,0
round5_learned,v122,2026102208,0,opponent,312,23530.0,3,0,17,57,0,0,0
round5_learned,v122,2026102208,0,opponent,336,26685.0,3,0,17,57,0,0,0
round5_learned,v122,2026102208,0,opponent,360,32685.0,3,0,17,57,0,0,0
round5_learned,v122,2026102208,0,opponent,384,40094.0,3,0,17,57,0,10,1
round5_learned,v122,2026102208,0,opponent,408,48943.0,3,0,17,58,0,10,1
round5_learned,v122,2026102208,0,opponent,432,53998.0,3,0,17,58,0,10,1
round5_learned,v122,2026102208,0,opponent,456,62634.0,3,0,17,58,0,10,1
round5_learned,v122,2026102208,0,opponent,480,71645.0,3,0,17,58,0,10,1
round5_learned,v122,2026102208,0,opponent,504,79304.0,3,0,17,58,0,10,1
round5_learned,v122,2026102208,0,opponent,528,89942.0,3,0,17,57,1,10,1
round5_learned,v122,2026102208,0,opponent,552,100054.0,3,0,17,58,0,10,1
round5_learned,v122,2026102208,0,opponent,576,109562.0,3,0,17,58,0,10,1
round5_learned,v122,2026102208,0,opponent,600,117715.0,3,0,17,58,0,10,1
round5_learned,v122,2026102208,0,opponent,624,125897.0,3,0,17,58,0,10,1
round5_learned,v122,2026102208,0,opponent,648,133784.0,3,0,17,58,0,10,1
round5_learned,v122,2026102208,0,opponent,672,140997.0,3,0,17,46,0,10,1
round5_learned,v122,2026102208,0,opponent,696,154047.0,3,0,17,21,0,10,1
round5_learned,v122,2026102208,0,opponent,719,167384.0,3,11,17,0,0,10,1
round5_learned,v122,2026102208,1,learner,0,3000.0,1,0,0,0,0,0,0
round5_learned,v122,2026102208,1,learner,24,2309.0,1,0,0,8,0,100,10
round5_learned,v122,2026102208,1,learner,48,2381.0,1,0,0,18,0,0,0
round5_learned,v122,2026102208,1,learner,72,887.0,1,0,0,19,1,1080,12
round5_learned,v122,2026102208,1,learner,96,913.0,1,0,0,24,0,380,4
round5_learned,v122,2026102208,1,learner,120,664.0,1,0,0,22,2,100,1
round5_learned,v122,2026102208,1,learner,144,861.0,1,0,0,22,2,0,0
round5_learned,v122,2026102208,1,learner,168,17.0,1,0,0,24,1,860,11
round5_learned,v122,2026102208,1,learner,192,65.0,1,0,0,24,1,860,11
round5_learned,v122,2026102208,1,learner,216,11.0,1,0,0,22,3,860,11
round5_learned,v122,2026102208,1,learner,240,4.0,1,0,0,22,3,760,10
round5_learned,v122,2026102208,1,learner,264,0.0,1,0,0,22,2,680,9
round5_learned,v122,2026102208,1,learner,288,4.0,2,0,0,29,3,230,9
round5_learned,v122,2026102208,1,learner,312,0.0,2,0,0,31,2,200,6
round5_learned,v122,2026102208,1,learner,336,283.0,2,0,0,17,15,1120,17
round5_learned,v122,2026102208,1,learner,360,9.0,2,0,0,19,11,270,9
round5_learned,v122,2026102208,1,learner,384,6.0,2,0,0,26,7,270,9
round5_learned,v122,2026102208,1,learner,408,3942.0,2,0,0,29,6,600,20
round5_learned,v122,2026102208,1,learner,432,5828.0,2,0,0,34,5,420,24
round5_learned,v122,2026102208,1,learner,456,5442.0,2,0,0,35,4,720,43
round5_learned,v122,2026102208,1,learner,480,4630.0,2,0,0,31,9,1600,92
round5_learned,v122,2026102208,1,learner,504,5025.0,2,0,0,26,14,1620,98
round5_learned,v122,2026102208,1,learner,528,5003.0,2,0,0,24,16,1660,107
round5_learned,v122,2026102208,1,learner,552,6716.0,2,0,0,23,18,1960,129
round5_learned,v122,2026102208,1,learner,576,6314.0,2,0,0,17,24,2730,174
round5_learned,v122,2026102208,1,learner,600,6302.0,2,0,0,17,24,3610,224
round5_learned,v122,2026102208,1,learner,624,5866.0,2,0,0,13,27,4440,270
round5_learned,v122,2026102208,1,learner,648,4918.0,2,0,0,11,29,5940,350
round5_learned,v122,2026102208,1,learner,672,4176.0,2,0,0,9,32,7250,419
round5_learned,v122,2026102208,1,learner,696,3453.0,2,0,0,10,31,8330,477
round5_learned,v122,2026102208,1,learner,719,3741.0,2,8,0,14,28,8380,479
round5_learned,v122,2026102208,1,opponent,0,3000.0,1,0,0,0,0,0,0
round5_learned,v122,2026102208,1,opponent,24,30.0,1,0,4,19,0,0,0
round5_learned,v122,2026102208,1,opponent,48,99.0,1,0,4,19,0,0,0
round5_learned,v122,2026102208,1,opponent,72,215.0,1,0,5,19,0,0,0
round5_learned,v122,2026102208,1,opponent,96,301.0,1,0,6,19,0,0,0
round5_learned,v122,2026102208,1,opponent,120,726.0,1,0,6,19,0,0,0
round5_learned,v122,2026102208,1,opponent,144,859.0,1,0,6,19,0,0,0
round5_learned,v122,2026102208,1,opponent,168,1301.0,2,0,8,29,0,0,0
round5_learned,v122,2026102208,1,opponent,192,775.0,2,0,10,37,0,0,0
round5_learned,v122,2026102208,1,opponent,216,1601.0,2,0,12,37,0,0,0
round5_learned,v122,2026102208,1,opponent,240,2704.0,2,0,13,37,0,0,0
round5_learned,v122,2026102208,1,opponent,264,16607.0,2,0,16,32,0,0,0
round5_learned,v122,2026102208,1,opponent,288,17210.0,3,0,17,53,0,0,0
round5_learned,v122,2026102208,1,opponent,312,21154.0,3,0,17,57,0,0,0
round5_learned,v122,2026102208,1,opponent,336,23476.0,3,0,17,57,0,0,0
round5_learned,v122,2026102208,1,opponent,360,28606.0,3,0,17,57,0,0,0
round5_learned,v122,2026102208,1,opponent,384,33801.0,3,0,17,57,1,0,0
round5_learned,v122,2026102208,1,opponent,408,41595.0,3,0,17,58,0,0,0
round5_learned,v122,2026102208,1,opponent,432,46475.0,3,0,17,58,0,0,0
round5_learned,v122,2026102208,1,opponent,456,53043.0,3,0,17,58,0,0,0
round5_learned,v122,2026102208,1,opponent,480,57817.0,3,0,17,58,0,0,0
round5_learned,v122,2026102208,1,opponent,504,64976.0,3,0,17,58,0,0,0
round5_learned,v122,2026102208,1,opponent,528,73656.0,3,0,17,57,1,0,0
round5_learned,v122,2026102208,1,opponent,552,80405.0,3,0,17,58,0,0,0
round5_learned,v122,2026102208,1,opponent,576,87483.0,3,0,17,58,0,0,0
round5_learned,v122,2026102208,1,opponent,600,94195.0,3,0,17,58,0,0,0
round5_learned,v122,2026102208,1,opponent,624,100536.0,3,0,17,58,0,0,0
round5_learned,v122,2026102208,1,opponent,648,104417.0,3,0,17,58,0,0,0
round5_learned,v122,2026102208,1,opponent,672,114094.0,3,0,17,46,0,0,0
round5_learned,v122,2026102208,1,opponent,696,120902.0,3,0,17,21,0,0,0
round5_learned,v122,2026102208,1,opponent,719,135039.0,3,11,17,0,0,0,0
round5_learned,v123,2026102201,0,learner,0,3000.0,1,0,0,0,0,0,0
round5_learned,v123,2026102201,0,learner,24,2169.0,1,0,0,8,0,170,10
round5_learned,v123,2026102201,0,learner,48,2165.0,1,0,0,18,0,0,0
round5_learned,v123,2026102201,0,learner,72,513.0,1,0,0,24,0,1000,11
round5_learned,v123,2026102201,0,learner,96,477.0,1,0,0,24,1,760,8
round5_learned,v123,2026102201,0,learner,120,536.0,1,0,0,18,7,680,7
round5_learned,v123,2026102201,0,learner,144,76.0,1,0,0,16,8,660,7
round5_learned,v123,2026102201,0,learner,168,379.0,1,0,0,15,9,660,7
round5_learned,v123,2026102201,0,learner,192,436.0,1,0,0,12,12,660,7
round5_learned,v123,2026102201,0,learner,216,569.0,1,0,0,13,11,480,5
round5_learned,v123,2026102201,0,learner,240,312.0,1,0,0,15,7,390,5
round5_learned,v123,2026102201,0,learner,264,46.0,1,0,0,17,5,390,14
round5_learned,v123,2026102201,0,learner,288,9.0,1,0,0,20,2,440,19
round5_learned,v123,2026102201,0,learner,312,215.0,1,0,0,20,4,1020,23
round5_learned,v123,2026102201,0,learner,336,2.0,1,0,0,21,3,680,25
round5_learned,v123,2026102201,0,learner,360,6324.0,1,0,0,20,4,590,25
round5_learned,v123,2026102201,0,learner,384,5375.0,1,0,0,19,5,1570,42
round5_learned,v123,2026102201,0,learner,408,4283.0,1,0,0,22,3,2290,60
round5_learned,v123,2026102201,0,learner,432,3323.0,1,0,0,22,3,3180,77
round5_learned,v123,2026102201,0,learner,456,4433.0,1,0,0,23,2,3590,91
round5_learned,v123,2026102201,0,learner,480,3895.0,1,0,0,25,0,3960,107
round5_learned,v123,2026102201,0,learner,504,4526.0,1,0,0,23,2,4170,119
round5_learned,v123,2026102201,0,learner,528,4821.0,1,0,0,22,3,4290,131
round5_learned,v123,2026102201,0,learner,552,5397.0,1,0,0,22,3,4320,143
round5_learned,v123,2026102201,0,learner,576,6049.0,1,0,0,22,3,4330,153
round5_learned,v123,2026102201,0,learner,600,6560.0,1,0,0,21,4,4450,165
round5_learned,v123,2026102201,0,learner,624,8152.0,1,0,0,18,7,4540,174
round5_learned,v123,2026102201,0,learner,648,8466.0,1,0,0,14,11,4570,177
round5_learned,v123,2026102201,0,learner,672,10398.0,1,0,0,15,10,4300,177
round5_learned,v123,2026102201,0,learner,696,11743.0,1,0,0,14,11,4300,177
round5_learned,v123,2026102201,0,learner,719,11787.0,1,8,0,13,12,4200,176
round5_learned,v123,2026102201,0,opponent,0,3000.0,1,0,0,0,0,0,0
round5_learned,v123,2026102201,0,opponent,24,30.0,1,0,4,19,0,0,0
round5_learned,v123,2026102201,0,opponent,48,96.0,1,0,4,19,0,0,0
round5_learned,v123,2026102201,0,opponent,72,214.0,1,0,5,19,0,0,0
round5_learned,v123,2026102201,0,opponent,96,304.0,1,0,6,19,0,0,0
round5_learned,v123,2026102201,0,opponent,120,727.0,1,0,6,19,0,0,0
round5_learned,v123,2026102201,0,opponent,144,862.0,1,0,6,19,0,0,0
round5_learned,v123,2026102201,0,opponent,168,1301.0,2,0,8,29,0,0,0
round5_learned,v123,2026102201,0,opponent,192,775.0,2,0,10,37,0,0,0
round5_learned,v123,2026102201,0,opponent,216,1577.0,2,0,12,37,0,0,0
round5_learned,v123,2026102201,0,opponent,240,2663.0,2,0,13,37,0,0,0
round5_learned,v123,2026102201,0,opponent,264,16531.0,2,0,16,32,0,0,0
round5_learned,v123,2026102201,0,opponent,288,17183.0,3,0,17,53,0,0,0
round5_learned,v123,2026102201,0,opponent,312,20345.0,3,0,17,57,0,0,0
round5_learned,v123,2026102201,0,opponent,336,23302.0,3,0,17,57,0,0,0
round5_learned,v123,2026102201,0,opponent,360,27773.0,3,0,17,57,0,0,0
round5_learned,v123,2026102201,0,opponent,384,32317.0,3,0,17,57,1,0,0
round5_learned,v123,2026102201,0,opponent,408,39464.0,3,0,17,58,0,0,0
round5_learned,v123,2026102201,0,opponent,432,44145.0,3,0,17,58,0,0,0
round5_learned,v123,2026102201,0,opponent,456,49637.0,3,0,17,58,0,0,0
round5_learned,v123,2026102201,0,opponent,480,54316.0,3,0,17,58,0,0,0
round5_learned,v123,2026102201,0,opponent,504,60165.0,3,0,17,58,0,0,0
round5_learned,v123,2026102201,0,opponent,528,67645.0,3,0,17,57,1,0,0
round5_learned,v123,2026102201,0,opponent,552,72679.0,3,0,17,58,0,0,0
round5_learned,v123,2026102201,0,opponent,576,78685.0,3,0,17,58,0,0,0
round5_learned,v123,2026102201,0,opponent,600,84225.0,3,0,17,58,0,0,0
round5_learned,v123,2026102201,0,opponent,624,88436.0,3,0,17,58,0,0,0
round5_learned,v123,2026102201,0,opponent,648,90570.0,3,0,17,58,0,0,0
round5_learned,v123,2026102201,0,opponent,672,98040.0,3,0,17,46,0,0,0
round5_learned,v123,2026102201,0,opponent,696,102005.0,3,0,17,21,0,0,0
round5_learned,v123,2026102201,0,opponent,719,112746.0,3,11,17,0,0,0,0
round5_learned,v123,2026102201,1,learner,0,3000.0,1,0,0,0,0,0,0
round5_learned,v123,2026102201,1,learner,24,2309.0,1,0,0,8,0,100,10
round5_learned,v123,2026102201,1,learner,48,2381.0,1,0,0,18,0,0,0
round5_learned,v123,2026102201,1,learner,72,887.0,1,0,0,19,1,1080,12
round5_learned,v123,2026102201,1,learner,96,913.0,1,0,0,24,0,380,4
round5_learned,v123,2026102201,1,learner,120,664.0,1,0,0,22,2,100,1
round5_learned,v123,2026102201,1,learner,144,861.0,1,0,0,22,2,0,0
round5_learned,v123,2026102201,1,learner,168,17.0,1,0,0,24,1,860,11
round5_learned,v123,2026102201,1,learner,192,65.0,1,0,0,24,1,860,11
round5_learned,v123,2026102201,1,learner,216,11.0,1,0,0,22,3,860,11
round5_learned,v123,2026102201,1,learner,240,4.0,1,0,0,22,3,760,10
round5_learned,v123,2026102201,1,learner,264,0.0,1,0,0,22,2,680,9
round5_learned,v123,2026102201,1,learner,288,4.0,2,0,0,29,2,230,9
round5_learned,v123,2026102201,1,learner,312,0.0,2,0,0,30,1,200,6
round5_learned,v123,2026102201,1,learner,336,353.0,2,0,0,17,14,1050,19
round5_learned,v123,2026102201,1,learner,360,86.0,2,0,0,22,10,320,16
round5_learned,v123,2026102201,1,learner,384,1.0,2,0,0,31,5,250,9
round5_learned,v123,2026102201,1,learner,408,397.0,2,0,0,28,8,1080,29
round5_learned,v123,2026102201,1,learner,432,3482.0,2,0,0,28,7,680,34
round5_learned,v123,2026102201,1,learner,456,3958.0,2,0,0,30,5,1000,54
round5_learned,v123,2026102201,1,learner,480,3705.0,2,0,0,33,4,1210,67
round5_learned,v123,2026102201,1,learner,504,3722.0,2,0,0,32,6,1340,78
round5_learned,v123,2026102201,1,learner,528,5844.0,2,0,0,35,6,1320,82
round5_learned,v123,2026102201,1,learner,552,6690.0,2,0,0,30,13,2190,131
round5_learned,v123,2026102201,1,learner,576,5848.0,2,0,0,21,24,3300,189
round5_learned,v123,2026102201,1,learner,600,5259.0,2,0,0,21,27,4230,241
round5_learned,v123,2026102201,1,learner,624,5008.0,2,0,0,22,28,4610,262
round5_learned,v123,2026102201,1,learner,648,5547.0,2,0,0,18,32,5620,317
round5_learned,v123,2026102201,1,learner,672,5346.0,2,0,0,8,42,6740,378
round5_learned,v123,2026102201,1,learner,696,5223.0,2,0,0,13,36,7360,412
round5_learned,v123,2026102201,1,learner,719,5984.0,2,7,0,13,36,7300,409
round5_learned,v123,2026102201,1,opponent,0,3000.0,1,0,0,0,0,0,0
round5_learned,v123,2026102201,1,opponent,24,30.0,1,0,4,19,0,0,0
round5_learned,v123,2026102201,1,opponent,48,99.0,1,0,4,19,0,0,0
round5_learned,v123,2026102201,1,opponent,72,215.0,1,0,5,19,0,0,0
round5_learned,v123,2026102201,1,opponent,96,301.0,1,0,6,19,0,0,0
round5_learned,v123,2026102201,1,opponent,120,726.0,1,0,6,19,0,0,0
round5_learned,v123,2026102201,1,opponent,144,859.0,1,0,6,19,0,0,0
round5_learned,v123,2026102201,1,opponent,168,1301.0,2,0,8,29,0,0,0
round5_learned,v123,2026102201,1,opponent,192,775.0,2,0,10,37,0,0,0
round5_learned,v123,2026102201,1,opponent,216,1601.0,2,0,12,37,0,0,0
round5_learned,v123,2026102201,1,opponent,240,2704.0,2,0,13,37,0,0,0
round5_learned,v123,2026102201,1,opponent,264,16607.0,2,0,16,32,0,0,0
round5_learned,v123,2026102201,1,opponent,288,17210.0,3,0,17,53,0,0,0
round5_learned,v123,2026102201,1,opponent,312,21077.0,3,0,17,57,0,0,0
round5_learned,v123,2026102201,1,opponent,336,23299.0,3,0,17,57,0,0,0
round5_learned,v123,2026102201,1,opponent,360,27755.0,3,0,17,57,0,0,0
round5_learned,v123,2026102201,1,opponent,384,32399.0,3,0,17,57,1,0,0
round5_learned,v123,2026102201,1,opponent,408,39710.0,3,0,17,58,0,0,0
round5_learned,v123,2026102201,1,opponent,432,44487.0,3,0,17,58,0,0,0
round5_learned,v123,2026102201,1,opponent,456,51059.0,3,0,17,58,0,0,0
round5_learned,v123,2026102201,1,opponent,480,55364.0,3,0,17,58,0,0,0
round5_learned,v123,2026102201,1,opponent,504,62741.0,3,0,17,58,0,0,0
round5_learned,v123,2026102201,1,opponent,528,71812.0,3,0,17,57,1,0,0
round5_learned,v123,2026102201,1,opponent,552,78773.0,3,0,17,58,0,0,0
round5_learned,v123,2026102201,1,opponent,576,86402.0,3,0,17,58,0,0,0
round5_learned,v123,2026102201,1,opponent,600,93568.0,3,0,17,58,0,0,0
round5_learned,v123,2026102201,1,opponent,624,99114.0,3,0,17,58,0,0,0
round5_learned,v123,2026102201,1,opponent,648,102201.0,3,0,17,58,0,0,0
round5_learned,v123,2026102201,1,opponent,672,111307.0,3,0,17,46,0,0,0
round5_learned,v123,2026102201,1,opponent,696,117141.0,3,0,17,21,0,0,0
round5_learned,v123,2026102201,1,opponent,719,130307.0,3,11,17,0,0,0,0
round5_learned,v123,2026102202,0,learner,0,3000.0,1,0,0,0,0,0,0
round5_learned,v123,2026102202,0,learner,24,2169.0,1,0,0,8,0,170,10
round5_learned,v123,2026102202,0,learner,48,2165.0,1,0,0,18,0,0,0
round5_learned,v123,2026102202,0,learner,72,513.0,1,0,0,24,0,1000,11
round5_learned,v123,2026102202,0,learner,96,67.0,1,0,0,23,1,1260,13
round5_learned,v123,2026102202,0,learner,120,112.0,1,0,0,18,6,980,10
round5_learned,v123,2026102202,0,learner,144,63.0,1,0,0,14,11,900,9
round5_learned,v123,2026102202,0,learner,168,85.0,1,0,0,14,11,1000,10
round5_learned,v123,2026102202,0,learner,192,206.0,1,0,0,12,13,1000,10
round5_learned,v123,2026102202,0,learner,216,12.0,1,0,0,12,13,900,9
round5_learned,v123,2026102202,0,learner,240,164.0,1,0,0,14,10,700,7
round5_learned,v123,2026102202,0,learner,264,36.0,1,0,0,16,9,480,12
round5_learned,v123,2026102202,0,learner,288,7.0,1,0,0,16,9,510,15
round5_learned,v123,2026102202,0,learner,312,673.0,1,0,0,18,7,590,14
round5_learned,v123,2026102202,0,learner,336,85.0,1,0,0,21,3,690,15
round5_learned,v123,2026102202,0,learner,360,4207.0,1,0,0,23,1,1890,27
round5_learned,v123,2026102202,0,learner,384,3064.0,1,0,0,24,1,2680,34
round5_learned,v123,2026102202,0,learner,408,1716.0,1,0,0,24,1,3680,44
round5_learned,v123,2026102202,0,learner,432,273.0,1,0,0,24,1,4680,54
round5_learned,v123,2026102202,0,learner,456,35.0,1,0,0,24,1,4740,56
round5_learned,v123,2026102202,0,learner,480,331.0,2,0,0,34,3,4110,56
round5_learned,v123,2026102202,0,learner,504,1000.0,2,0,0,43,1,3630,62
round5_learned,v123,2026102202,0,learner,528,1860.0,2,0,0,42,2,3720,71
round5_learned,v123,2026102202,0,learner,552,1026.0,2,0,0,45,2,4410,86
round5_learned,v123,2026102202,0,learner,576,1906.0,2,0,0,47,1,4500,95
round5_learned,v123,2026102202,0,learner,600,2051.0,2,0,0,48,1,4770,105
round5_learned,v123,2026102202,0,learner,624,3512.0,2,0,0,46,3,5020,112
round5_learned,v123,2026102202,0,learner,648,4399.0,2,0,0,49,1,4430,107
round5_learned,v123,2026102202,0,learner,672,6649.0,2,0,0,48,2,4130,104
round5_learned,v123,2026102202,0,learner,696,7483.0,2,0,0,45,5,4130,104
round5_learned,v123,2026102202,0,learner,719,8393.0,2,12,0,50,0,3340,97
round5_learned,v123,2026102202,0,opponent,0,3000.0,1,0,0,0,0,0,0
round5_learned,v123,2026102202,0,opponent,24,30.0,1,0,4,19,0,0,0
round5_learned,v123,2026102202,0,opponent,48,96.0,1,0,4,19,0,0,0
round5_learned,v123,2026102202,0,opponent,72,214.0,1,0,5,19,0,0,0
round5_learned,v123,2026102202,0,opponent,96,299.0,1,0,6,19,0,0,0
round5_learned,v123,2026102202,0,opponent,120,729.0,1,0,6,19,0,0,0
round5_learned,v123,2026102202,0,opponent,144,860.0,1,0,6,19,0,0,0
round5_learned,v123,2026102202,0,opponent,168,846.0,2,0,8,29,0,0,0
round5_learned,v123,2026102202,0,opponent,192,719.0,2,0,10,37,0,0,0
round5_learned,v123,2026102202,0,opponent,216,2087.0,2,0,12,37,0,0,0
round5_learned,v123,2026102202,0,opponent,240,3328.0,2,0,13,37,0,0,0
round5_learned,v123,2026102202,0,opponent,264,19431.0,2,0,16,32,0,0,0
round5_learned,v123,2026102202,0,opponent,288,20324.0,3,0,17,53,0,0,0
round5_learned,v123,2026102202,0,opponent,312,24790.0,3,0,17,57,0,0,0
round5_learned,v123,2026102202,0,opponent,336,28128.0,3,0,17,57,0,0,0
round5_learned,v123,2026102202,0,opponent,360,33961.0,3,0,17,57,0,0,0
round5_learned,v123,2026102202,0,opponent,384,42946.0,3,0,17,57,0,10,1
round5_learned,v123,2026102202,0,opponent,408,52577.0,3,0,17,58,0,10,1
round5_learned,v123,2026102202,0,opponent,432,57773.0,3,0,17,58,0,10,1
round5_learned,v123,2026102202,0,opponent,456,66800.0,3,0,17,58,0,10,1
round5_learned,v123,2026102202,0,opponent,480,76502.0,3,0,17,58,0,10,1
round5_learned,v123,2026102202,0,opponent,504,84352.0,3,0,17,58,0,10,1
round5_learned,v123,2026102202,0,opponent,528,95161.0,3,0,17,57,1,10,1
round5_learned,v123,2026102202,0,opponent,552,105583.0,3,0,17,58,0,10,1
round5_learned,v123,2026102202,0,opponent,576,115660.0,3,0,17,58,0,10,1
round5_learned,v123,2026102202,0,opponent,600,124427.0,3,0,17,58,0,10,1
round5_learned,v123,2026102202,0,opponent,624,134833.0,3,0,17,58,0,10,1
round5_learned,v123,2026102202,0,opponent,648,143716.0,3,0,17,58,0,10,1
round5_learned,v123,2026102202,0,opponent,672,152484.0,3,0,17,46,0,10,1
round5_learned,v123,2026102202,0,opponent,696,166932.0,3,0,17,21,1,10,1
round5_learned,v123,2026102202,0,opponent,719,179106.0,3,11,17,0,1,10,1
round5_learned,v123,2026102202,1,learner,0,3000.0,1,0,0,0,0,0,0
round5_learned,v123,2026102202,1,learner,24,2309.0,1,0,0,8,0,100,10
round5_learned,v123,2026102202,1,learner,48,2381.0,1,0,0,18,0,0,0
round5_learned,v123,2026102202,1,learner,72,887.0,1,0,0,19,1,1080,12
round5_learned,v123,2026102202,1,learner,96,293.0,1,0,0,22,1,980,10
round5_learned,v123,2026102202,1,learner,120,44.0,1,0,0,19,6,800,8
round5_learned,v123,2026102202,1,learner,144,177.0,1,0,0,20,4,200,2
round5_learned,v123,2026102202,1,learner,168,49.0,1,0,0,20,3,460,5
round5_learned,v123,2026102202,1,learner,192,82.0,1,0,0,22,2,200,2
round5_learned,v123,2026102202,1,learner,216,28.0,1,0,0,24,0,0,0
round5_learned,v123,2026102202,1,learner,240,46.0,1,0,0,23,1,110,2
round5_learned,v123,2026102202,1,learner,264,3.0,1,0,0,24,1,10,1
round5_learned,v123,2026102202,1,learner,288,5.0,1,0,0,23,2,70,7
round5_learned,v123,2026102202,1,learner,312,1.0,1,0,0,18,7,60,6
round5_learned,v123,2026102202,1,learner,336,635.0,1,0,0,19,5,640,10
round5_learned,v123,2026102202,1,learner,360,177.0,1,0,0,22,3,560,11
round5_learned,v123,2026102202,1,learner,384,872.0,3,0,0,32,2,480,14
round5_learned,v123,2026102202,1,learner,408,3419.0,3,0,0,36,1,500,20
round5_learned,v123,2026102202,1,learner,432,4299.0,3,0,0,37,4,470,21
round5_learned,v123,2026102202,1,learner,456,7806.0,3,0,0,40,2,530,27
round5_learned,v123,2026102202,1,learner,480,8665.0,3,0,0,43,2,640,32
round5_learned,v123,2026102202,1,learner,504,9631.0,3,0,0,47,5,590,31
round5_learned,v123,2026102202,1,learner,528,9748.0,3,0,0,51,3,600,30
round5_learned,v123,2026102202,1,learner,552,10502.0,3,0,0,46,7,1400,73
round5_learned,v123,2026102202,1,learner,576,11150.0,3,0,0,49,8,1600,82
round5_learned,v123,2026102202,1,learner,600,10568.0,3,0,0,49,9,2260,120
round5_learned,v123,2026102202,1,learner,624,10613.0,3,0,0,52,10,2720,145
round5_learned,v123,2026102202,1,learner,648,10478.0,3,0,0,49,13,3580,191
round5_learned,v123,2026102202,1,learner,672,11326.0,3,0,0,45,22,3850,208
round5_learned,v123,2026102202,1,learner,696,11563.0,3,0,0,41,28,4280,233
round5_learned,v123,2026102202,1,learner,719,12724.0,3,8,0,41,29,4330,219
round5_learned,v123,2026102202,1,opponent,0,3000.0,1,0,0,0,0,0,0
round5_learned,v123,2026102202,1,opponent,24,30.0,1,0,4,19,0,0,0
round5_learned,v123,2026102202,1,opponent,48,99.0,1,0,4,19,0,0,0
round5_learned,v123,2026102202,1,opponent,72,215.0,1,0,5,19,0,0,0
round5_learned,v123,2026102202,1,opponent,96,301.0,1,0,6,19,0,0,0
round5_learned,v123,2026102202,1,opponent,120,731.0,1,0,6,19,0,0,0
round5_learned,v123,2026102202,1,opponent,144,862.0,1,0,6,19,0,0,0
round5_learned,v123,2026102202,1,opponent,168,1138.0,2,0,8,29,0,0,0
round5_learned,v123,2026102202,1,opponent,192,766.0,2,0,10,36,1,0,0
round5_learned,v123,2026102202,1,opponent,216,1631.0,2,0,12,36,1,30,3
round5_learned,v123,2026102202,1,opponent,240,4495.0,2,0,13,37,0,30,3
round5_learned,v123,2026102202,1,opponent,264,5913.0,2,0,13,33,2,80,8
round5_learned,v123,2026102202,1,opponent,288,5872.0,3,0,9,55,2,80,8
round5_learned,v123,2026102202,1,opponent,312,9962.0,3,0,9,56,4,80,8
round5_learned,v123,2026102202,1,opponent,336,13036.0,3,0,9,54,6,80,8
round5_learned,v123,2026102202,1,opponent,360,16975.0,3,0,9,54,6,80,8
round5_learned,v123,2026102202,1,opponent,384,19201.0,3,0,9,54,5,90,9
round5_learned,v123,2026102202,1,opponent,408,25468.0,3,0,9,55,5,90,9
round5_learned,v123,2026102202,1,opponent,432,28553.0,3,0,9,55,5,90,9
round5_learned,v123,2026102202,1,opponent,456,34653.0,3,0,9,55,5,90,9
round5_learned,v123,2026102202,1,opponent,480,38118.0,3,0,9,56,4,90,9
round5_learned,v123,2026102202,1,opponent,504,42610.0,3,0,9,56,4,90,9
round5_learned,v123,2026102202,1,opponent,528,48244.0,3,0,9,56,4,90,9
round5_learned,v123,2026102202,1,opponent,552,53157.0,3,0,9,57,3,90,9
round5_learned,v123,2026102202,1,opponent,576,56705.0,3,0,9,58,2,160,16
round5_learned,v123,2026102202,1,opponent,600,63653.0,3,0,9,58,2,160,16
round5_learned,v123,2026102202,1,opponent,624,67849.0,3,0,9,58,2,160,16
round5_learned,v123,2026102202,1,opponent,648,70011.0,3,0,9,58,2,160,16
round5_learned,v123,2026102202,1,opponent,672,75938.0,3,0,9,46,2,160,16
round5_learned,v123,2026102202,1,opponent,696,84419.0,3,0,9,21,3,160,16
round5_learned,v123,2026102202,1,opponent,719,96109.0,3,11,9,0,3,160,16
round5_learned,v123,2026102203,0,learner,0,3000.0,1,0,0,0,0,0,0
round5_learned,v123,2026102203,0,learner,24,2169.0,1,0,0,8,0,170,10
round5_learned,v123,2026102203,0,learner,48,2165.0,1,0,0,18,0,0,0
round5_learned,v123,2026102203,0,learner,72,513.0,1,0,0,24,0,1000,11
round5_learned,v123,2026102203,0,learner,96,67.0,1,0,0,23,1,1260,13
round5_learned,v123,2026102203,0,learner,120,112.0,1,0,0,18,6,980,10
round5_learned,v123,2026102203,0,learner,144,63.0,1,0,0,14,11,900,9
round5_learned,v123,2026102203,0,learner,168,185.0,1,0,0,14,11,900,9
round5_learned,v123,2026102203,0,learner,192,231.0,1,0,0,11,14,900,9
round5_learned,v123,2026102203,0,learner,216,189.0,1,0,0,10,15,900,9
round5_learned,v123,2026102203,0,learner,240,60.0,1,0,0,12,12,700,7
round5_learned,v123,2026102203,0,learner,264,1.0,1,0,0,15,9,380,11
round5_learned,v123,2026102203,0,learner,288,4.0,1,0,0,15,9,520,16
round5_learned,v123,2026102203,0,learner,312,673.0,1,0,0,14,10,700,16
round5_learned,v123,2026102203,0,learner,336,7.0,1,0,0,21,4,680,14
round5_learned,v123,2026102203,0,learner,360,3257.0,1,0,0,21,4,1780,25
round5_learned,v123,2026102203,0,learner,384,2469.0,1,0,0,21,4,2280,30
round5_learned,v123,2026102203,0,learner,408,1163.0,1,0,0,21,4,3220,43
round5_learned,v123,2026102203,0,learner,432,367.0,1,0,0,20,5,3990,57
round5_learned,v123,2026102203,0,learner,456,7.0,1,0,0,21,3,4020,60
round5_learned,v123,2026102203,0,learner,480,418.0,1,0,0,22,2,4680,72
round5_learned,v123,2026102203,0,learner,504,919.0,1,0,0,23,2,4750,80
round5_learned,v123,2026102203,0,learner,528,1542.0,1,0,0,25,0,4530,85
round5_learned,v123,2026102203,0,learner,552,2148.0,1,0,0,25,0,5300,99
round5_learned,v123,2026102203,0,learner,576,3041.0,1,0,0,23,2,5360,105
round5_learned,v123,2026102203,0,learner,600,2595.0,1,0,0,22,2,5430,112
round5_learned,v123,2026102203,0,learner,624,2130.0,1,0,0,25,0,5070,112
round5_learned,v123,2026102203,0,learner,648,1622.0,1,0,0,25,0,4970,111
round5_learned,v123,2026102203,0,learner,672,4747.0,1,0,0,25,0,4870,110
round5_learned,v123,2026102203,0,learner,696,5306.0,1,0,0,25,0,4880,111
round5_learned,v123,2026102203,0,learner,719,6143.0,1,15,0,24,1,4680,109
round5_learned,v123,2026102203,0,opponent,0,3000.0,1,0,0,0,0,0,0
round5_learned,v123,2026102203,0,opponent,24,30.0,1,0,4,19,0,0,0
round5_learned,v123,2026102203,0,opponent,48,96.0,1,0,4,19,0,0,0
round5_learned,v123,2026102203,0,opponent,72,214.0,1,0,5,19,0,0,0
round5_learned,v123,2026102203,0,opponent,96,299.0,1,0,6,19,0,0,0
round5_learned,v123,2026102203,0,opponent,120,729.0,1,0,6,19,0,0,0
round5_learned,v123,2026102203,0,opponent,144,860.0,1,0,6,19,0,0,0
round5_learned,v123,2026102203,0,opponent,168,1302.0,2,0,8,29,0,0,0
round5_learned,v123,2026102203,0,opponent,192,776.0,2,0,10,37,0,0,0
round5_learned,v123,2026102203,0,opponent,216,2076.0,2,0,12,37,0,0,0
round5_learned,v123,2026102203,0,opponent,240,3202.0,2,0,13,37,0,0,0
round5_learned,v123,2026102203,0,opponent,264,17748.0,2,0,16,32,0,0,0
round5_learned,v123,2026102203,0,opponent,288,19145.0,3,0,17,53,1,0,0
round5_learned,v123,2026102203,0,opponent,312,22037.0,3,0,17,57,0,0,0
round5_learned,v123,2026102203,0,opponent,336,26206.0,3,0,17,57,0,0,0
round5_learned,v123,2026102203,0,opponent,360,32247.0,3,0,17,57,0,0,0
round5_learned,v123,2026102203,0,opponent,384,40584.0,3,0,17,57,1,0,0
round5_learned,v123,2026102203,0,opponent,408,50220.0,3,0,17,58,0,0,0
round5_learned,v123,2026102203,0,opponent,432,55875.0,3,0,17,58,0,0,0
round5_learned,v123,2026102203,0,opponent,456,64690.0,3,0,17,58,0,0,0
round5_learned,v123,2026102203,0,opponent,480,71339.0,3,0,17,58,0,0,0
round5_learned,v123,2026102203,0,opponent,504,80172.0,3,0,17,58,0,0,0
round5_learned,v123,2026102203,0,opponent,528,90646.0,3,0,17,57,1,0,0
round5_learned,v123,2026102203,0,opponent,552,99747.0,3,0,17,58,0,0,0
round5_learned,v123,2026102203,0,opponent,576,108486.0,3,0,17,58,0,0,0
round5_learned,v123,2026102203,0,opponent,600,116638.0,3,0,17,58,0,0,0
round5_learned,v123,2026102203,0,opponent,624,124746.0,3,0,17,58,0,0,0
round5_learned,v123,2026102203,0,opponent,648,128743.0,3,0,17,58,0,0,0
round5_learned,v123,2026102203,0,opponent,672,141099.0,3,0,17,46,0,0,0
round5_learned,v123,2026102203,0,opponent,696,146668.0,3,0,17,21,0,0,0
round5_learned,v123,2026102203,0,opponent,719,165366.0,3,11,17,0,0,0,0
round5_learned,v123,2026102203,1,learner,0,3000.0,1,0,0,0,0,0,0
round5_learned,v123,2026102203,1,learner,24,2309.0,1,0,0,8,0,100,10
round5_learned,v123,2026102203,1,learner,48,2381.0,1,0,0,18,0,0,0
round5_learned,v123,2026102203,1,learner,72,887.0,1,0,0,19,1,1080,12
round5_learned,v123,2026102203,1,learner,96,293.0,1,0,0,22,2,980,10
round5_learned,v123,2026102203,1,learner,120,44.0,1,0,0,19,6,800,8
round5_learned,v123,2026102203,1,learner,144,177.0,1,0,0,20,5,200,2
round5_learned,v123,2026102203,1,learner,168,177.0,1,0,0,21,4,510,6
round5_learned,v123,2026102203,1,learner,192,73.0,1,0,0,18,7,410,5
round5_learned,v123,2026102203,1,learner,216,19.0,1,0,0,17,8,310,4
round5_learned,v123,2026102203,1,learner,240,7.0,1,0,0,17,8,310,4
round5_learned,v123,2026102203,1,learner,264,2.0,1,0,0,17,8,400,9
round5_learned,v123,2026102203,1,learner,288,0.0,1,0,0,18,7,300,8
round5_learned,v123,2026102203,1,learner,312,439.0,1,0,0,16,9,1140,20
round5_learned,v123,2026102203,1,learner,336,11.0,1,0,0,21,4,370,15
round5_learned,v123,2026102203,1,learner,360,3867.0,1,0,0,23,1,820,24
round5_learned,v123,2026102203,1,learner,384,2984.0,1,0,0,24,1,1260,33
round5_learned,v123,2026102203,1,learner,408,1024.0,2,0,0,30,0,1470,47
round5_learned,v123,2026102203,1,learner,432,2269.0,2,0,0,31,1,1670,60
round5_learned,v123,2026102203,1,learner,456,2606.0,2,0,0,25,7,1830,72
round5_learned,v123,2026102203,1,learner,480,3225.0,2,0,0,26,6,1890,82
round5_learned,v123,2026102203,1,learner,504,4510.0,2,0,0,24,10,1960,93
round5_learned,v123,2026102203,1,learner,528,5060.0,2,0,0,26,10,1850,99
round5_learned,v123,2026102203,1,learner,552,5956.0,2,0,0,24,12,1910,109
round5_learned,v123,2026102203,1,learner,576,6673.0,2,0,0,18,18,2380,138
round5_learned,v123,2026102203,1,learner,600,6271.0,2,0,0,19,23,3060,179
round5_learned,v123,2026102203,1,learner,624,6346.0,2,0,0,20,23,3590,210
round5_learned,v123,2026102203,1,learner,648,6949.0,2,0,0,21,22,3960,233
round5_learned,v123,2026102203,1,learner,672,6923.0,2,0,0,19,24,4330,255
round5_learned,v123,2026102203,1,learner,696,7496.0,2,0,0,17,26,4930,289
round5_learned,v123,2026102203,1,learner,719,8916.0,2,9,0,18,25,4860,287
round5_learned,v123,2026102203,1,opponent,0,3000.0,1,0,0,0,0,0,0
round5_learned,v123,2026102203,1,opponent,24,30.0,1,0,4,19,0,0,0
round5_learned,v123,2026102203,1,opponent,48,99.0,1,0,4,19,0,0,0
round5_learned,v123,2026102203,1,opponent,72,215.0,1,0,5,19,0,0,0
round5_learned,v123,2026102203,1,opponent,96,301.0,1,0,6,19,0,0,0
round5_learned,v123,2026102203,1,opponent,120,731.0,1,0,6,19,0,0,0
round5_learned,v123,2026102203,1,opponent,144,862.0,1,0,6,19,0,0,0
round5_learned,v123,2026102203,1,opponent,168,1139.0,2,0,8,29,0,0,0
round5_learned,v123,2026102203,1,opponent,192,767.0,2,0,10,37,0,0,0
round5_learned,v123,2026102203,1,opponent,216,1692.0,2,0,12,37,0,0,0
round5_learned,v123,2026102203,1,opponent,240,4581.0,2,0,13,37,0,0,0
round5_learned,v123,2026102203,1,opponent,264,19345.0,2,0,15,32,0,0,0
round5_learned,v123,2026102203,1,opponent,288,19067.0,3,0,16,53,1,0,0
round5_learned,v123,2026102203,1,opponent,312,22321.0,3,0,16,57,0,0,0
round5_learned,v123,2026102203,1,opponent,336,24683.0,3,0,16,57,0,0,0
round5_learned,v123,2026102203,1,opponent,360,28848.0,3,0,16,57,0,0,0
round5_learned,v123,2026102203,1,opponent,384,38532.0,3,0,16,57,1,0,0
round5_learned,v123,2026102203,1,opponent,408,45790.0,3,0,16,58,0,0,0
round5_learned,v123,2026102203,1,opponent,432,54573.0,3,0,16,58,0,0,0
round5_learned,v123,2026102203,1,opponent,456,63042.0,3,0,16,58,0,0,0
round5_learned,v123,2026102203,1,opponent,480,70554.0,3,0,16,58,0,0,0
round5_learned,v123,2026102203,1,opponent,504,79793.0,3,0,16,58,0,0,0
round5_learned,v123,2026102203,1,opponent,528,91080.0,3,0,16,57,1,0,0
round5_learned,v123,2026102203,1,opponent,552,98925.0,3,0,16,58,0,0,0
round5_learned,v123,2026102203,1,opponent,576,107994.0,3,0,16,58,0,0,0
round5_learned,v123,2026102203,1,opponent,600,119067.0,3,0,16,58,0,0,0
round5_learned,v123,2026102203,1,opponent,624,128034.0,3,0,16,58,0,0,0
round5_learned,v123,2026102203,1,opponent,648,133867.0,3,0,16,58,0,0,0
round5_learned,v123,2026102203,1,opponent,672,142228.0,3,0,16,46,0,0,0
round5_learned,v123,2026102203,1,opponent,696,149677.0,3,0,16,21,0,0,0
round5_learned,v123,2026102203,1,opponent,719,167297.0,3,11,16,0,0,0,0
round5_learned,v123,2026102204,0,learner,0,3000.0,1,0,0,0,0,0,0
round5_learned,v123,2026102204,0,learner,24,2169.0,1,0,0,8,0,170,10
round5_learned,v123,2026102204,0,learner,48,2165.0,1,0,0,18,0,0,0
round5_learned,v123,2026102204,0,learner,72,513.0,1,0,0,24,0,1000,11
round5_learned,v123,2026102204,0,learner,96,56.0,1,0,0,23,2,920,10
round5_learned,v123,2026102204,0,learner,120,102.0,1,0,0,20,5,660,7
round5_learned,v123,2026102204,0,learner,144,200.0,1,0,0,19,6,680,7
round5_learned,v123,2026102204,0,learner,168,396.0,1,0,0,15,10,680,7
round5_learned,v123,2026102204,0,learner,192,297.0,1,0,0,13,11,680,7
round5_learned,v123,2026102204,0,learner,216,170.0,1,0,0,15,8,480,5
round5_learned,v123,2026102204,0,learner,240,39.0,1,0,0,16,8,380,4
round5_learned,v123,2026102204,0,learner,264,281.0,1,0,0,23,1,200,8
round5_learned,v123,2026102204,0,learner,288,4.0,1,0,0,24,0,320,11
round5_learned,v123,2026102204,0,learner,312,87.0,1,0,0,22,1,850,14
round5_learned,v123,2026102204,0,learner,336,4453.0,2,0,0,30,0,940,14
round5_learned,v123,2026102204,0,learner,360,6269.0,2,0,0,34,0,1250,18
round5_learned,v123,2026102204,0,learner,384,6.0,4,0,0,40,1,670,14
round5_learned,v123,2026102204,0,learner,408,1684.0,4,0,0,41,1,850,23
round5_learned,v123,2026102204,0,learner,432,1290.0,4,0,0,38,5,1360,38
round5_learned,v123,2026102204,0,learner,456,1140.0,4,0,0,45,3,1310,42
round5_learned,v123,2026102204,0,learner,480,1031.0,4,0,0,37,12,1540,56
round5_learned,v123,2026102204,0,learner,504,553.0,4,0,0,47,20,1560,49
round5_learned,v123,2026102204,0,learner,528,194.0,4,0,0,64,7,1130,45
round5_learned,v123,2026102204,0,learner,552,9.0,4,0,0,64,8,1090,41
round5_learned,v123,2026102204,0,learner,576,771.0,4,0,0,69,7,1470,62
round5_learned,v123,2026102204,0,learner,600,1767.0,4,0,0,74,5,1230,59
round5_learned,v123,2026102204,0,learner,624,1772.0,4,0,0,77,7,1360,64
round5_learned,v123,2026102204,0,learner,648,3296.0,4,0,0,78,5,1030,44
round5_learned,v123,2026102204,0,learner,672,4197.0,4,0,0,74,13,680,21
round5_learned,v123,2026102204,0,learner,696,5150.0,4,0,0,69,16,530,9
round5_learned,v123,2026102204,0,learner,719,6284.0,4,15,0,56,18,630,15
round5_learned,v123,2026102204,0,opponent,0,3000.0,1,0,0,0,0,0,0
round5_learned,v123,2026102204,0,opponent,24,30.0,1,0,4,19,0,0,0
round5_learned,v123,2026102204,0,opponent,48,96.0,1,0,4,19,0,0,0
round5_learned,v123,2026102204,0,opponent,72,214.0,1,0,5,19,0,0,0
round5_learned,v123,2026102204,0,opponent,96,303.0,1,0,6,19,0,0,0
round5_learned,v123,2026102204,0,opponent,120,731.0,1,0,6,19,0,0,0
round5_learned,v123,2026102204,0,opponent,144,863.0,1,0,6,19,0,0,0
round5_learned,v123,2026102204,0,opponent,168,907.0,2,0,8,29,0,0,0
round5_learned,v123,2026102204,0,opponent,192,980.0,2,0,10,37,0,0,0
round5_learned,v123,2026102204,0,opponent,216,1819.0,2,0,12,37,0,0,0
round5_learned,v123,2026102204,0,opponent,240,3036.0,2,0,12,37,0,0,0
round5_learned,v123,2026102204,0,opponent,264,18070.0,2,0,15,32,0,0,0
round5_learned,v123,2026102204,0,opponent,288,17949.0,3,0,16,53,0,0,0
round5_learned,v123,2026102204,0,opponent,312,22125.0,3,0,16,57,0,0,0
round5_learned,v123,2026102204,0,opponent,336,24718.0,3,0,16,57,0,0,0
round5_learned,v123,2026102204,0,opponent,360,30901.0,3,0,16,57,0,0,0
round5_learned,v123,2026102204,0,opponent,384,35841.0,3,0,16,57,0,10,1
round5_learned,v123,2026102204,0,opponent,408,44483.0,3,0,16,58,0,10,1
round5_learned,v123,2026102204,0,opponent,432,49870.0,3,0,16,58,0,10,1
round5_learned,v123,2026102204,0,opponent,456,56837.0,3,0,16,58,0,10,1
round5_learned,v123,2026102204,0,opponent,480,63492.0,3,0,16,58,0,10,1
round5_learned,v123,2026102204,0,opponent,504,70702.0,3,0,16,58,0,10,1
round5_learned,v123,2026102204,0,opponent,528,80797.0,3,0,16,57,1,10,1
round5_learned,v123,2026102204,0,opponent,552,88869.0,3,0,16,58,0,10,1
round5_learned,v123,2026102204,0,opponent,576,97228.0,3,0,16,58,0,10,1
round5_learned,v123,2026102204,0,opponent,600,105924.0,3,0,16,58,0,10,1
round5_learned,v123,2026102204,0,opponent,624,112754.0,3,0,16,58,0,10,1
round5_learned,v123,2026102204,0,opponent,648,119873.0,3,0,16,58,0,10,1
round5_learned,v123,2026102204,0,opponent,672,126690.0,3,0,16,46,0,10,1
round5_learned,v123,2026102204,0,opponent,696,139448.0,3,0,16,21,0,10,1
round5_learned,v123,2026102204,0,opponent,719,150137.0,3,11,16,0,0,10,1
round5_learned,v123,2026102204,1,learner,0,3000.0,1,0,0,0,0,0,0
round5_learned,v123,2026102204,1,learner,24,2309.0,1,0,0,8,0,100,10
round5_learned,v123,2026102204,1,learner,48,2381.0,1,0,0,18,0,0,0
round5_learned,v123,2026102204,1,learner,72,887.0,1,0,0,19,1,1080,12
round5_learned,v123,2026102204,1,learner,96,913.0,1,0,0,23,0,580,6
round5_learned,v123,2026102204,1,learner,120,567.0,1,0,0,22,3,500,5
round5_learned,v123,2026102204,1,learner,144,20.0,1,0,0,22,3,600,6
round5_learned,v123,2026102204,1,learner,168,0.0,1,0,0,22,3,900,9
round5_learned,v123,2026102204,1,learner,192,175.0,1,0,0,21,4,1000,10
round5_learned,v123,2026102204,1,learner,216,70.0,1,0,0,13,12,1000,10
round5_learned,v123,2026102204,1,learner,240,1.0,1,0,0,14,11,1000,10
round5_learned,v123,2026102204,1,learner,264,56.0,1,0,0,18,7,670,9
round5_learned,v123,2026102204,1,learner,288,2.0,1,0,0,20,5,470,7
round5_learned,v123,2026102204,1,learner,312,0.0,1,0,0,21,4,270,5
round5_learned,v123,2026102204,1,learner,336,6.0,2,0,0,18,7,320,10
round5_learned,v123,2026102204,1,learner,360,184.0,2,0,0,15,12,570,17
round5_learned,v123,2026102204,1,learner,384,0.0,2,0,0,28,0,140,5
round5_learned,v123,2026102204,1,learner,408,386.0,2,0,0,30,1,980,17
round5_learned,v123,2026102204,1,learner,432,126.0,2,0,0,34,0,120,12
round5_learned,v123,2026102204,1,learner,456,44.0,2,0,0,35,0,270,18
round5_learned,v123,2026102204,1,learner,480,37.0,2,0,0,35,1,290,20
round5_learned,v123,2026102204,1,learner,504,3162.0,2,0,0,35,3,750,30
round5_learned,v123,2026102204,1,learner,528,2571.0,2,0,0,34,4,690,33
round5_learned,v123,2026102204,1,learner,552,2541.0,2,0,0,36,4,930,39
round5_learned,v123,2026102204,1,learner,576,2332.0,2,0,0,36,3,880,43
round5_learned,v123,2026102204,1,learner,600,1764.0,2,0,0,36,4,1070,44
round5_learned,v123,2026102204,1,learner,624,1308.0,2,0,0,40,4,1050,42
round5_learned,v123,2026102204,1,learner,648,6356.0,2,0,0,37,6,910,37
round5_learned,v123,2026102204,1,learner,672,8519.0,2,0,0,29,14,1120,40
round5_learned,v123,2026102204,1,learner,696,7746.0,2,0,0,37,8,1110,30
round5_learned,v123,2026102204,1,learner,719,7007.0,2,14,0,43,5,830,20
round5_learned,v123,2026102204,1,opponent,0,3000.0,1,0,0,0,0,0,0
round5_learned,v123,2026102204,1,opponent,24,30.0,1,0,4,19,0,0,0
round5_learned,v123,2026102204,1,opponent,48,99.0,1,0,4,19,0,0,0
round5_learned,v123,2026102204,1,opponent,72,215.0,1,0,5,19,0,0,0
round5_learned,v123,2026102204,1,opponent,96,302.0,1,0,6,19,0,0,0
round5_learned,v123,2026102204,1,opponent,120,727.0,1,0,6,19,0,0,0
round5_learned,v123,2026102204,1,opponent,144,860.0,1,0,6,19,0,0,0
round5_learned,v123,2026102204,1,opponent,168,1300.0,2,0,8,29,0,0,0
round5_learned,v123,2026102204,1,opponent,192,774.0,2,0,10,37,0,0,0
round5_learned,v123,2026102204,1,opponent,216,2054.0,2,0,12,37,0,0,0
round5_learned,v123,2026102204,1,opponent,240,3154.0,2,0,13,37,0,0,0
round5_learned,v123,2026102204,1,opponent,264,17794.0,2,0,16,32,0,0,0
round5_learned,v123,2026102204,1,opponent,288,19169.0,3,0,17,53,0,0,0
round5_learned,v123,2026102204,1,opponent,312,22322.0,3,0,17,57,0,0,0
round5_learned,v123,2026102204,1,opponent,336,26712.0,3,0,17,57,0,0,0
round5_learned,v123,2026102204,1,opponent,360,32922.0,3,0,17,57,0,0,0
round5_learned,v123,2026102204,1,opponent,384,41994.0,3,0,17,57,1,0,0
round5_learned,v123,2026102204,1,opponent,408,52018.0,3,0,17,58,0,0,0
round5_learned,v123,2026102204,1,opponent,432,57674.0,3,0,17,58,0,0,0
round5_learned,v123,2026102204,1,opponent,456,67372.0,3,0,17,58,0,0,0
round5_learned,v123,2026102204,1,opponent,480,75227.0,3,0,17,58,0,0,0
round5_learned,v123,2026102204,1,opponent,504,84051.0,3,0,17,58,0,0,0
round5_learned,v123,2026102204,1,opponent,528,95162.0,3,0,17,57,1,0,0
round5_learned,v123,2026102204,1,opponent,552,105413.0,3,0,17,58,0,0,0
round5_learned,v123,2026102204,1,opponent,576,114845.0,3,0,17,58,0,0,0
round5_learned,v123,2026102204,1,opponent,600,123815.0,3,0,17,58,0,0,0
round5_learned,v123,2026102204,1,opponent,624,133783.0,3,0,17,58,0,0,0
round5_learned,v123,2026102204,1,opponent,648,142268.0,3,0,17,58,0,0,0
round5_learned,v123,2026102204,1,opponent,672,151908.0,3,0,17,46,0,0,0
round5_learned,v123,2026102204,1,opponent,696,159283.0,3,0,17,21,0,0,0
round5_learned,v123,2026102204,1,opponent,719,176285.0,3,11,17,0,0,0,0
round5_learned,v123,2026102205,0,learner,0,3000.0,1,0,0,0,0,0,0
round5_learned,v123,2026102205,0,learner,24,2169.0,1,0,0,8,0,170,10
round5_learned,v123,2026102205,0,learner,48,2165.0,1,0,0,18,0,0,0
round5_learned,v123,2026102205,0,learner,72,513.0,1,0,0,24,0,1000,11
round5_learned,v123,2026102205,0,learner,96,477.0,1,0,0,24,1,760,8
round5_learned,v123,2026102205,0,learner,120,33.0,1,0,0,17,8,1080,11
round5_learned,v123,2026102205,0,learner,144,83.0,1,0,0,14,11,800,8
round5_learned,v123,2026102205,0,learner,168,373.0,1,0,0,14,11,700,7
round5_learned,v123,2026102205,0,learner,192,260.0,1,0,0,15,9,500,5
round5_learned,v123,2026102205,0,learner,216,317.0,1,0,0,14,9,400,4
round5_learned,v123,2026102205,0,learner,240,228.0,1,0,0,15,9,230,5
round5_learned,v123,2026102205,0,learner,264,3.0,1,0,0,20,4,220,13
round5_learned,v123,2026102205,0,learner,288,1.0,1,0,0,20,4,220,13
round5_learned,v123,2026102205,0,learner,312,52.0,1,0,0,17,5,1120,22
round5_learned,v123,2026102205,0,learner,336,9.0,1,0,0,20,5,620,17
round5_learned,v123,2026102205,0,learner,360,3478.0,1,0,0,21,4,1700,35
round5_learned,v123,2026102205,0,learner,384,2633.0,1,0,0,25,0,1640,38
round5_learned,v123,2026102205,0,learner,408,4281.0,1,0,0,25,0,2290,49
round5_learned,v123,2026102205,0,learner,432,3245.0,1,0,0,24,1,3070,64
round5_learned,v123,2026102205,0,learner,456,2117.0,1,0,0,23,2,3890,83
round5_learned,v123,2026102205,0,learner,480,1082.0,1,0,0,25,0,4370,95
round5_learned,v123,2026102205,0,learner,504,1568.0,1,0,0,25,0,4660,106
round5_learned,v123,2026102205,0,learner,528,4041.0,1,0,0,24,1,4730,113
round5_learned,v123,2026102205,0,learner,552,5780.0,1,0,0,22,3,4730,122
round5_learned,v123,2026102205,0,learner,576,4975.0,1,0,0,23,1,4730,134
round5_learned,v123,2026102205,0,learner,600,8028.0,1,0,0,23,2,4670,138
round5_learned,v123,2026102205,0,learner,624,8586.0,1,0,0,17,8,4740,145
round5_learned,v123,2026102205,0,learner,648,10095.0,1,0,0,18,7,4450,143
round5_learned,v123,2026102205,0,learner,672,10460.0,1,0,0,20,5,3860,138
round5_learned,v123,2026102205,0,learner,696,12138.0,1,0,0,21,4,3760,137
round5_learned,v123,2026102205,0,learner,719,12304.0,1,14,0,21,4,3660,136
round5_learned,v123,2026102205,0,opponent,0,3000.0,1,0,0,0,0,0,0
round5_learned,v123,2026102205,0,opponent,24,30.0,1,0,4,19,0,0,0
round5_learned,v123,2026102205,0,opponent,48,96.0,1,0,4,19,0,0,0
round5_learned,v123,2026102205,0,opponent,72,214.0,1,0,5,19,0,0,0
round5_learned,v123,2026102205,0,opponent,96,303.0,1,0,6,19,0,0,0
round5_learned,v123,2026102205,0,opponent,120,728.0,1,0,6,19,0,0,0
round5_learned,v123,2026102205,0,opponent,144,861.0,1,0,6,19,0,0,0
round5_learned,v123,2026102205,0,opponent,168,902.0,2,0,8,29,0,0,0
round5_learned,v123,2026102205,0,opponent,192,775.0,2,0,10,37,0,0,0
round5_learned,v123,2026102205,0,opponent,216,1597.0,2,0,12,37,0,0,0
round5_learned,v123,2026102205,0,opponent,240,2698.0,2,0,13,37,0,0,0
round5_learned,v123,2026102205,0,opponent,264,16615.0,2,0,16,32,0,0,0
round5_learned,v123,2026102205,0,opponent,288,17286.0,3,0,17,53,0,0,0
round5_learned,v123,2026102205,0,opponent,312,21144.0,3,0,17,57,0,0,0
round5_learned,v123,2026102205,0,opponent,336,23365.0,3,0,17,57,0,0,0
round5_learned,v123,2026102205,0,opponent,360,27818.0,3,0,17,57,0,0,0
round5_learned,v123,2026102205,0,opponent,384,32633.0,3,0,17,57,1,0,0
round5_learned,v123,2026102205,0,opponent,408,39046.0,3,0,17,58,0,0,0
round5_learned,v123,2026102205,0,opponent,432,45546.0,3,0,17,58,0,0,0
round5_learned,v123,2026102205,0,opponent,456,51899.0,3,0,17,58,0,0,0
round5_learned,v123,2026102205,0,opponent,480,57242.0,3,0,17,58,0,0,0
round5_learned,v123,2026102205,0,opponent,504,63994.0,3,0,17,58,0,0,0
round5_learned,v123,2026102205,0,opponent,528,72701.0,3,0,17,57,1,0,0
round5_learned,v123,2026102205,0,opponent,552,79078.0,3,0,17,58,0,0,0
round5_learned,v123,2026102205,0,opponent,576,86008.0,3,0,17,58,0,0,0
round5_learned,v123,2026102205,0,opponent,600,92599.0,3,0,17,58,0,0,0
round5_learned,v123,2026102205,0,opponent,624,97656.0,3,0,17,58,0,0,0
round5_learned,v123,2026102205,0,opponent,648,99654.0,3,0,17,58,0,0,0
round5_learned,v123,2026102205,0,opponent,672,109244.0,3,0,17,46,0,0,0
round5_learned,v123,2026102205,0,opponent,696,113134.0,3,0,17,21,1,0,0
round5_learned,v123,2026102205,0,opponent,719,126023.0,3,11,17,0,1,0,0
round5_learned,v123,2026102205,1,learner,0,3000.0,1,0,0,0,0,0,0
round5_learned,v123,2026102205,1,learner,24,2309.0,1,0,0,8,0,100,10
round5_learned,v123,2026102205,1,learner,48,2381.0,1,0,0,18,0,0,0
round5_learned,v123,2026102205,1,learner,72,887.0,1,0,0,19,1,1080,12
round5_learned,v123,2026102205,1,learner,96,913.0,1,0,0,24,0,380,4
round5_learned,v123,2026102205,1,learner,120,664.0,1,0,0,22,2,100,1
round5_learned,v123,2026102205,1,learner,144,861.0,1,0,0,22,2,0,0
round5_learned,v123,2026102205,1,learner,168,9.0,1,0,0,22,1,1040,13
round5_learned,v123,2026102205,1,learner,192,61.0,1,0,0,22,1,1040,13
round5_learned,v123,2026102205,1,learner,216,7.0,1,0,0,23,0,960,12
round5_learned,v123,2026102205,1,learner,240,0.0,1,0,0,21,2,960,12
round5_learned,v123,2026102205,1,learner,264,151.0,1,0,0,16,6,960,12
round5_learned,v123,2026102205,1,learner,288,3.0,1,0,0,20,4,610,13
round5_learned,v123,2026102205,1,learner,312,1.0,1,0,0,20,4,510,12
round5_learned,v123,2026102205,1,learner,336,3.0,2,0,0,17,10,180,11
round5_learned,v123,2026102205,1,learner,360,44.0,2,0,0,27,3,650,22
round5_learned,v123,2026102205,1,learner,384,1.0,2,0,0,32,2,240,17
round5_learned,v123,2026102205,1,learner,408,5002.0,2,0,0,32,2,700,31
round5_learned,v123,2026102205,1,learner,432,5038.0,2,0,0,24,10,760,41
round5_learned,v123,2026102205,1,learner,456,4702.0,2,0,0,26,9,720,45
round5_learned,v123,2026102205,1,learner,480,5106.0,2,0,0,23,13,860,59
round5_learned,v123,2026102205,1,learner,504,5163.0,2,0,0,16,20,930,66
round5_learned,v123,2026102205,1,learner,528,5834.0,2,0,0,15,21,1060,79
round5_learned,v123,2026102205,1,learner,552,5876.0,2,0,0,15,21,1160,89
round5_learned,v123,2026102205,1,learner,576,6429.0,2,0,0,15,21,1300,103
round5_learned,v123,2026102205,1,learner,600,6969.0,2,0,0,15,21,1430,116
round5_learned,v123,2026102205,1,learner,624,7287.0,2,0,0,18,17,1510,124
round5_learned,v123,2026102205,1,learner,648,7142.0,2,0,0,20,15,1600,133
round5_learned,v123,2026102205,1,learner,672,6571.0,2,0,0,19,16,1650,138
round5_learned,v123,2026102205,1,learner,696,6976.0,2,0,0,16,19,1840,151
round5_learned,v123,2026102205,1,learner,719,7530.0,2,9,0,19,18,1770,149
round5_learned,v123,2026102205,1,opponent,0,3000.0,1,0,0,0,0,0,0
round5_learned,v123,2026102205,1,opponent,24,30.0,1,0,4,19,0,0,0
round5_learned,v123,2026102205,1,opponent,48,99.0,1,0,4,19,0,0,0
round5_learned,v123,2026102205,1,opponent,72,215.0,1,0,5,19,0,0,0
round5_learned,v123,2026102205,1,opponent,96,301.0,1,0,6,19,0,0,0
round5_learned,v123,2026102205,1,opponent,120,726.0,1,0,6,19,0,0,0
round5_learned,v123,2026102205,1,opponent,144,859.0,1,0,6,19,0,0,0
round5_learned,v123,2026102205,1,opponent,168,1241.0,2,0,8,29,0,0,0
round5_learned,v123,2026102205,1,opponent,192,715.0,2,0,10,37,0,0,0
round5_learned,v123,2026102205,1,opponent,216,1736.0,2,0,12,37,0,0,0
round5_learned,v123,2026102205,1,opponent,240,2835.0,2,0,13,37,0,0,0
round5_learned,v123,2026102205,1,opponent,264,17193.0,2,0,16,32,0,0,0
round5_learned,v123,2026102205,1,opponent,288,18435.0,3,0,17,53,0,0,0
round5_learned,v123,2026102205,1,opponent,312,21510.0,3,0,17,57,0,0,0
round5_learned,v123,2026102205,1,opponent,336,25526.0,3,0,17,57,0,0,0
round5_learned,v123,2026102205,1,opponent,360,30350.0,3,0,17,57,0,0,0
round5_learned,v123,2026102205,1,opponent,384,38523.0,3,0,17,57,1,0,0
round5_learned,v123,2026102205,1,opponent,408,47704.0,3,0,17,58,0,0,0
round5_learned,v123,2026102205,1,opponent,432,52640.0,3,0,17,58,0,0,0
round5_learned,v123,2026102205,1,opponent,456,55798.0,4,0,17,68,0,0,0
round5_learned,v123,2026102205,1,opponent,480,61585.0,4,0,17,68,0,0,0
round5_learned,v123,2026102205,1,opponent,504,68846.0,4,0,17,68,0,0,0
round5_learned,v123,2026102205,1,opponent,528,77243.0,4,0,17,67,2,0,0
round5_learned,v123,2026102205,1,opponent,552,84724.0,4,0,17,68,1,0,0
round5_learned,v123,2026102205,1,opponent,576,91579.0,4,0,17,68,1,0,0
round5_learned,v123,2026102205,1,opponent,600,96957.0,4,0,17,68,1,0,0
round5_learned,v123,2026102205,1,opponent,624,103245.0,4,0,17,68,1,0,0
round5_learned,v123,2026102205,1,opponent,648,114503.0,4,0,17,68,1,0,0
round5_learned,v123,2026102205,1,opponent,672,124409.0,4,0,17,56,1,0,0
round5_learned,v123,2026102205,1,opponent,696,133656.0,4,0,17,31,2,0,0
round5_learned,v123,2026102205,1,opponent,719,154502.0,4,13,17,10,2,0,0
round5_learned,v123,2026102206,0,learner,0,3000.0,1,0,0,0,0,0,0
round5_learned,v123,2026102206,0,learner,24,2169.0,1,0,0,8,0,170,10
round5_learned,v123,2026102206,0,learner,48,2165.0,1,0,0,18,0,0,0
round5_learned,v123,2026102206,0,learner,72,513.0,1,0,0,24,0,1000,11
round5_learned,v123,2026102206,0,learner,96,477.0,1,0,0,23,2,760,8
round5_learned,v123,2026102206,0,learner,120,443.0,1,0,0,16,9,580,6
round5_learned,v123,2026102206,0,learner,144,196.0,1,0,0,12,13,860,9
round5_learned,v123,2026102206,0,learner,168,251.0,1,0,0,12,13,780,8
round5_learned,v123,2026102206,0,learner,192,212.0,1,0,0,10,15,780,8
round5_learned,v123,2026102206,0,learner,216,275.0,1,0,0,10,15,700,7
round5_learned,v123,2026102206,0,learner,240,218.0,1,0,0,11,14,700,7
round5_learned,v123,2026102206,0,learner,264,153.0,1,0,0,14,10,470,11
round5_learned,v123,2026102206,0,learner,288,0.0,1,0,0,18,7,170,8
round5_learned,v123,2026102206,0,learner,312,134.0,1,0,0,20,5,890,17
round5_learned,v123,2026102206,0,learner,336,6.0,1,0,0,22,1,330,15
round5_learned,v123,2026102206,0,learner,360,3364.0,1,0,0,23,1,1520,26
round5_learned,v123,2026102206,0,learner,384,5154.0,1,0,0,21,3,2320,34
round5_learned,v123,2026102206,0,learner,408,1134.0,3,0,0,33,7,1800,36
round5_learned,v123,2026102206,0,learner,432,572.0,3,0,0,43,10,2310,42
round5_learned,v123,2026102206,0,learner,456,3.0,3,0,0,48,7,2110,49
round5_learned,v123,2026102206,0,learner,480,216.0,3,0,0,44,12,2640,57
round5_learned,v123,2026102206,0,learner,504,8.0,3,0,0,43,14,1670,50
round5_learned,v123,2026102206,0,learner,528,1280.0,3,0,0,45,12,1820,65
round5_learned,v123,2026102206,0,learner,552,1374.0,3,0,0,48,10,1640,70
round5_learned,v123,2026102206,0,learner,576,3367.0,3,0,0,65,3,1240,62
round5_learned,v123,2026102206,0,learner,600,4444.0,3,0,0,67,5,1360,66
round5_learned,v123,2026102206,0,learner,624,5992.0,3,0,0,63,6,1350,65
round5_learned,v123,2026102206,0,learner,648,6153.0,3,0,0,63,8,1110,59
round5_learned,v123,2026102206,0,learner,672,8609.0,3,0,0,63,8,1100,53
round5_learned,v123,2026102206,0,learner,696,8042.0,3,0,0,65,9,950,43
round5_learned,v123,2026102206,0,learner,719,10757.0,3,16,0,61,13,850,33
round5_learned,v123,2026102206,0,opponent,0,3000.0,1,0,0,0,0,0,0
round5_learned,v123,2026102206,0,opponent,24,30.0,1,0,4,19,0,0,0
round5_learned,v123,2026102206,0,opponent,48,96.0,1,0,4,19,0,0,0
round5_learned,v123,2026102206,0,opponent,72,214.0,1,0,5,19,0,0,0
round5_learned,v123,2026102206,0,opponent,96,304.0,1,0,6,19,0,0,0
round5_learned,v123,2026102206,0,opponent,120,727.0,1,0,6,19,0,0,0
round5_learned,v123,2026102206,0,opponent,144,862.0,1,0,6,19,0,0,0
round5_learned,v123,2026102206,0,opponent,168,905.0,2,0,8,29,0,0,0
round5_learned,v123,2026102206,0,opponent,192,778.0,2,0,10,37,0,0,0
round5_learned,v123,2026102206,0,opponent,216,1579.0,2,0,12,37,0,0,0
round5_learned,v123,2026102206,0,opponent,240,2665.0,2,0,13,37,0,0,0
round5_learned,v123,2026102206,0,opponent,264,18026.0,2,0,16,32,0,0,0
round5_learned,v123,2026102206,0,opponent,288,18463.0,3,0,17,53,0,0,0
round5_learned,v123,2026102206,0,opponent,312,22564.0,3,0,17,57,0,0,0
round5_learned,v123,2026102206,0,opponent,336,25364.0,3,0,17,57,0,0,0
round5_learned,v123,2026102206,0,opponent,360,31106.0,3,0,17,57,0,0,0
round5_learned,v123,2026102206,0,opponent,384,37220.0,3,0,17,57,1,0,0
round5_learned,v123,2026102206,0,opponent,408,47426.0,3,0,17,58,0,0,0
round5_learned,v123,2026102206,0,opponent,432,52980.0,3,0,17,58,0,0,0
round5_learned,v123,2026102206,0,opponent,456,62449.0,3,0,17,58,0,0,0
round5_learned,v123,2026102206,0,opponent,480,69225.0,3,0,17,58,0,0,0
round5_learned,v123,2026102206,0,opponent,504,79744.0,3,0,17,58,0,0,0
round5_learned,v123,2026102206,0,opponent,528,92029.0,3,0,17,57,1,0,0
round5_learned,v123,2026102206,0,opponent,552,102758.0,3,0,17,58,0,0,0
round5_learned,v123,2026102206,0,opponent,576,113470.0,3,0,17,58,0,0,0
round5_learned,v123,2026102206,0,opponent,600,123689.0,3,0,17,58,0,0,0
round5_learned,v123,2026102206,0,opponent,624,132995.0,3,0,17,58,0,0,0
round5_learned,v123,2026102206,0,opponent,648,138713.0,3,0,17,58,0,0,0
round5_learned,v123,2026102206,0,opponent,672,152935.0,3,0,17,46,0,0,0
round5_learned,v123,2026102206,0,opponent,696,161994.0,3,0,17,21,0,0,0
round5_learned,v123,2026102206,0,opponent,719,180137.0,3,11,17,0,0,0,0
round5_learned,v123,2026102206,1,learner,0,3000.0,1,0,0,0,0,0,0
round5_learned,v123,2026102206,1,learner,24,2309.0,1,0,0,8,0,100,10
round5_learned,v123,2026102206,1,learner,48,2381.0,1,0,0,18,0,0,0
round5_learned,v123,2026102206,1,learner,72,887.0,1,0,0,19,1,1080,12
round5_learned,v123,2026102206,1,learner,96,913.0,1,0,0,24,0,380,4
round5_learned,v123,2026102206,1,learner,120,664.0,1,0,0,22,2,100,1
round5_learned,v123,2026102206,1,learner,144,861.0,1,0,0,22,2,0,0
round5_learned,v123,2026102206,1,learner,168,85.0,1,0,0,23,1,890,10
round5_learned,v123,2026102206,1,learner,192,20.0,1,0,0,23,1,890,10
round5_learned,v123,2026102206,1,learner,216,0.0,1,0,0,23,1,890,10
round5_learned,v123,2026102206,1,learner,240,238.0,1,0,0,20,4,890,10
round5_learned,v123,2026102206,1,learner,264,19.0,1,0,0,11,13,790,9
round5_learned,v123,2026102206,1,learner,288,7.0,1,0,0,14,10,490,6
round5_learned,v123,2026102206,1,learner,312,0.0,1,0,0,15,8,210,3
round5_learned,v123,2026102206,1,learner,336,6.0,1,0,0,16,7,150,2
round5_learned,v123,2026102206,1,learner,360,2.0,1,0,0,16,7,0,0
round5_learned,v123,2026102206,1,learner,384,2849.0,1,0,0,22,1,490,15
round5_learned,v123,2026102206,1,learner,408,1098.0,1,0,0,23,1,2540,45
round5_learned,v123,2026102206,1,learner,432,1267.0,2,0,0,30,0,2490,56
round5_learned,v123,2026102206,1,learner,456,1591.0,2,0,0,33,0,2460,65
round5_learned,v123,2026102206,1,learner,480,1971.0,2,0,0,36,1,2890,79
round5_learned,v123,2026102206,1,learner,504,1553.0,2,0,0,32,5,3460,91
round5_learned,v123,2026102206,1,learner,528,2397.0,2,0,0,20,17,3450,99
round5_learned,v123,2026102206,1,learner,552,2109.0,2,0,0,4,33,3740,110
round5_learned,v123,2026102206,1,learner,576,1871.0,2,0,0,6,33,3640,122
round5_learned,v123,2026102206,1,learner,600,1370.0,2,0,0,10,29,3660,142
round5_learned,v123,2026102206,1,learner,624,1321.0,2,0,0,17,28,3050,142
round5_learned,v123,2026102206,1,learner,648,889.0,2,0,0,16,29,3160,157
round5_learned,v123,2026102206,1,learner,672,701.0,2,0,0,16,29,2990,160
round5_learned,v123,2026102206,1,learner,696,616.0,2,0,0,20,25,3010,165
round5_learned,v123,2026102206,1,learner,719,838.0,2,8,0,23,25,2830,160
round5_learned,v123,2026102206,1,opponent,0,3000.0,1,0,0,0,0,0,0
round5_learned,v123,2026102206,1,opponent,24,30.0,1,0,4,19,0,0,0
round5_learned,v123,2026102206,1,opponent,48,99.0,1,0,4,19,0,0,0
round5_learned,v123,2026102206,1,opponent,72,215.0,1,0,5,19,0,0,0
round5_learned,v123,2026102206,1,opponent,96,301.0,1,0,6,19,0,0,0
round5_learned,v123,2026102206,1,opponent,120,726.0,1,0,6,19,0,0,0
round5_learned,v123,2026102206,1,opponent,144,859.0,1,0,6,19,0,0,0
round5_learned,v123,2026102206,1,opponent,168,903.0,2,0,8,29,0,0,0
round5_learned,v123,2026102206,1,opponent,192,683.0,2,0,10,37,0,0,0
round5_learned,v123,2026102206,1,opponent,216,1601.0,2,0,12,37,0,0,0
round5_learned,v123,2026102206,1,opponent,240,2701.0,2,0,13,37,0,0,0
round5_learned,v123,2026102206,1,opponent,264,17084.0,2,0,16,32,0,0,0
round5_learned,v123,2026102206,1,opponent,288,17691.0,3,0,17,53,0,0,0
round5_learned,v123,2026102206,1,opponent,312,21609.0,3,0,17,57,0,0,0
round5_learned,v123,2026102206,1,opponent,336,24364.0,3,0,17,57,0,0,0
round5_learned,v123,2026102206,1,opponent,360,28995.0,3,0,17,57,0,0,0
round5_learned,v123,2026102206,1,opponent,384,33879.0,3,0,17,57,0,10,1
round5_learned,v123,2026102206,1,opponent,408,41899.0,3,0,17,58,0,10,1
round5_learned,v123,2026102206,1,opponent,432,46061.0,3,0,17,58,0,10,1
round5_learned,v123,2026102206,1,opponent,456,52263.0,3,0,17,58,0,10,1
round5_learned,v123,2026102206,1,opponent,480,58209.0,3,0,17,58,0,10,1
round5_learned,v123,2026102206,1,opponent,504,64268.0,3,0,17,58,0,10,1
round5_learned,v123,2026102206,1,opponent,528,72284.0,3,0,17,57,1,10,1
round5_learned,v123,2026102206,1,opponent,552,79066.0,3,0,17,58,0,10,1
round5_learned,v123,2026102206,1,opponent,576,85860.0,3,0,17,58,0,10,1
round5_learned,v123,2026102206,1,opponent,600,92145.0,3,0,17,58,0,10,1
round5_learned,v123,2026102206,1,opponent,624,97352.0,3,0,17,58,0,10,1
round5_learned,v123,2026102206,1,opponent,648,101572.0,3,0,17,58,0,10,1
round5_learned,v123,2026102206,1,opponent,672,110127.0,3,0,17,46,0,10,1
round5_learned,v123,2026102206,1,opponent,696,117243.0,3,0,17,21,0,10,1
round5_learned,v123,2026102206,1,opponent,719,133803.0,3,11,17,0,0,10,1
round5_learned,v123,2026102207,0,learner,0,3000.0,1,0,0,0,0,0,0
round5_learned,v123,2026102207,0,learner,24,2169.0,1,0,0,8,1,170,10
round5_learned,v123,2026102207,0,learner,48,2165.0,1,0,0,18,1,0,0
round5_learned,v123,2026102207,0,learner,72,413.0,1,0,0,24,0,1180,13
round5_learned,v123,2026102207,0,learner,96,319.0,1,0,0,22,3,940,10
round5_learned,v123,2026102207,0,learner,120,285.0,1,0,0,16,9,760,8
round5_learned,v123,2026102207,0,learner,144,498.0,1,0,0,14,10,500,5
round5_learned,v123,2026102207,0,learner,168,568.0,1,0,0,14,10,540,9
round5_learned,v123,2026102207,0,learner,192,602.0,1,0,0,13,11,560,11
round5_learned,v123,2026102207,0,learner,216,736.0,1,0,0,11,13,560,11
round5_learned,v123,2026102207,0,learner,240,766.0,1,0,0,13,10,360,9
round5_learned,v123,2026102207,0,learner,264,3.0,1,0,0,18,6,610,16
round5_learned,v123,2026102207,0,learner,288,1.0,1,0,0,18,6,610,16
round5_learned,v123,2026102207,0,learner,312,52.0,1,0,0,13,11,1410,24
round5_learned,v123,2026102207,0,learner,336,9.0,1,0,0,15,9,1020,21
round5_learned,v123,2026102207,0,learner,360,468.0,2,0,0,27,6,1060,25
round5_learned,v123,2026102207,0,learner,384,7.0,2,0,0,35,0,500,23
round5_learned,v123,2026102207,0,learner,408,2839.0,2,0,0,35,0,1770,42
round5_learned,v123,2026102207,0,learner,432,129.0,3,0,0,40,3,1490,50
round5_learned,v123,2026102207,0,learner,456,177.0,3,0,0,51,2,1540,56
round5_learned,v123,2026102207,0,learner,480,120.0,3,0,0,53,6,1600,62
round5_learned,v123,2026102207,0,learner,504,180.0,3,0,0,58,6,1450,65
round5_learned,v123,2026102207,0,learner,528,985.0,3,0,0,55,7,1500,79
round5_learned,v123,2026102207,0,learner,552,1805.0,3,0,0,51,10,1590,88
round5_learned,v123,2026102207,0,learner,576,3325.0,3,0,0,65,1,1500,79
round5_learned,v123,2026102207,0,learner,600,4268.0,3,0,0,67,1,1670,84
round5_learned,v123,2026102207,0,learner,624,7751.0,3,0,0,68,3,1500,85
round5_learned,v123,2026102207,0,learner,648,10369.0,3,0,0,60,11,1470,82
round5_learned,v123,2026102207,0,learner,672,12976.0,3,0,0,64,8,1340,71
round5_learned,v123,2026102207,0,learner,696,15375.0,3,0,0,69,2,1150,54
round5_learned,v123,2026102207,0,learner,719,17939.0,3,14,0,71,4,940,33
round5_learned,v123,2026102207,0,opponent,0,3000.0,1,0,0,0,0,0,0
round5_learned,v123,2026102207,0,opponent,24,30.0,1,0,4,19,0,0,0
round5_learned,v123,2026102207,0,opponent,48,96.0,1,0,4,19,0,0,0
round5_learned,v123,2026102207,0,opponent,72,214.0,1,0,5,19,0,0,0
round5_learned,v123,2026102207,0,opponent,96,304.0,1,0,6,19,0,0,0
round5_learned,v123,2026102207,0,opponent,120,725.0,1,0,6,19,0,0,0
round5_learned,v123,2026102207,0,opponent,144,860.0,1,0,6,19,0,0,0
round5_learned,v123,2026102207,0,opponent,168,903.0,2,0,8,29,0,0,0
round5_learned,v123,2026102207,0,opponent,192,683.0,2,0,10,37,0,0,0
round5_learned,v123,2026102207,0,opponent,216,1580.0,2,0,12,37,0,0,0
round5_learned,v123,2026102207,0,opponent,240,2665.0,2,0,13,37,0,0,0
round5_learned,v123,2026102207,0,opponent,264,16816.0,2,0,16,32,0,0,0
round5_learned,v123,2026102207,0,opponent,288,17767.0,3,0,17,53,0,0,0
round5_learned,v123,2026102207,0,opponent,312,20847.0,3,0,17,57,0,0,0
round5_learned,v123,2026102207,0,opponent,336,24767.0,3,0,17,57,0,0,0
round5_learned,v123,2026102207,0,opponent,360,30562.0,3,0,17,57,0,0,0
round5_learned,v123,2026102207,0,opponent,384,37860.0,3,0,17,57,1,0,0
round5_learned,v123,2026102207,0,opponent,408,47988.0,3,0,17,58,0,0,0
round5_learned,v123,2026102207,0,opponent,432,53659.0,3,0,17,58,0,0,0
round5_learned,v123,2026102207,0,opponent,456,62899.0,3,0,17,58,0,0,0
round5_learned,v123,2026102207,0,opponent,480,70025.0,3,0,17,58,0,0,0
round5_learned,v123,2026102207,0,opponent,504,79815.0,3,0,17,58,0,0,0
round5_learned,v123,2026102207,0,opponent,528,91586.0,3,0,17,57,1,0,0
round5_learned,v123,2026102207,0,opponent,552,101958.0,3,0,17,58,0,0,0
round5_learned,v123,2026102207,0,opponent,576,112275.0,3,0,17,58,0,0,0
round5_learned,v123,2026102207,0,opponent,600,121959.0,3,0,17,58,0,0,0
round5_learned,v123,2026102207,0,opponent,624,131564.0,3,0,17,58,0,0,0
round5_learned,v123,2026102207,0,opponent,648,137370.0,3,0,17,58,0,0,0
round5_learned,v123,2026102207,0,opponent,672,150425.0,3,0,17,46,0,0,0
round5_learned,v123,2026102207,0,opponent,696,157802.0,3,0,17,21,1,0,0
round5_learned,v123,2026102207,0,opponent,719,177406.0,3,11,17,0,1,0,0
round5_learned,v123,2026102207,1,learner,0,3000.0,1,0,0,0,0,0,0
round5_learned,v123,2026102207,1,learner,24,2309.0,1,0,0,8,1,100,10
round5_learned,v123,2026102207,1,learner,48,2381.0,1,0,0,18,1,0,0
round5_learned,v123,2026102207,1,learner,72,887.0,1,0,0,20,0,1160,13
round5_learned,v123,2026102207,1,learner,96,227.0,1,0,0,20,0,1740,19
round5_learned,v123,2026102207,1,learner,120,347.0,1,0,0,11,12,1400,15
round5_learned,v123,2026102207,1,learner,144,150.0,1,0,0,15,8,780,8
round5_learned,v123,2026102207,1,learner,168,5.0,1,0,0,17,8,780,8
round5_learned,v123,2026102207,1,learner,192,161.0,1,0,0,14,11,780,8
round5_learned,v123,2026102207,1,learner,216,52.0,1,0,0,15,10,500,5
round5_learned,v123,2026102207,1,learner,240,199.0,1,0,0,16,9,400,4
round5_learned,v123,2026102207,1,learner,264,7.0,1,0,0,18,7,250,7
round5_learned,v123,2026102207,1,learner,288,0.0,1,0,0,18,7,250,7
round5_learned,v123,2026102207,1,learner,312,226.0,1,0,0,17,8,1450,19
round5_learned,v123,2026102207,1,learner,336,86.0,1,0,0,20,5,1050,15
round5_learned,v123,2026102207,1,learner,360,2.0,1,0,0,24,1,480,12
round5_learned,v123,2026102207,1,learner,384,137.0,1,0,0,24,1,1380,25
round5_learned,v123,2026102207,1,learner,408,9.0,1,0,0,24,1,1420,29
round5_learned,v123,2026102207,1,learner,432,204.0,2,0,0,32,1,1540,41
round5_learned,v123,2026102207,1,learner,456,1695.0,2,0,0,30,5,1990,55
round5_learned,v123,2026102207,1,learner,480,1300.0,2,0,0,31,5,2020,67
round5_learned,v123,2026102207,1,learner,504,2619.0,2,0,0,22,13,2030,77
round5_learned,v123,2026102207,1,learner,528,4444.0,2,0,0,16,19,2250,93
round5_learned,v123,2026102207,1,learner,552,5365.0,2,0,0,13,24,2340,102
round5_learned,v123,2026102207,1,learner,576,5404.0,2,0,0,12,27,2400,108
round5_learned,v123,2026102207,1,learner,600,5594.0,2,0,0,10,29,2510,119
round5_learned,v123,2026102207,1,learner,624,5913.0,2,0,0,7,32,2590,127
round5_learned,v123,2026102207,1,learner,648,6304.0,2,0,0,7,32,2670,135
round5_learned,v123,2026102207,1,learner,672,6562.0,2,0,0,8,31,2690,137
round5_learned,v123,2026102207,1,learner,696,6800.0,2,0,0,9,29,2740,142
round5_learned,v123,2026102207,1,learner,719,7311.0,2,10,0,13,28,2680,136
round5_learned,v123,2026102207,1,opponent,0,3000.0,1,0,0,0,0,0,0
round5_learned,v123,2026102207,1,opponent,24,30.0,1,0,4,19,0,0,0
round5_learned,v123,2026102207,1,opponent,48,99.0,1,0,4,19,0,0,0
round5_learned,v123,2026102207,1,opponent,72,215.0,1,0,5,19,0,0,0
round5_learned,v123,2026102207,1,opponent,96,300.0,1,0,6,19,0,0,0
round5_learned,v123,2026102207,1,opponent,120,725.0,1,0,6,19,0,0,0
round5_learned,v123,2026102207,1,opponent,144,860.0,1,0,6,19,0,0,0
round5_learned,v123,2026102207,1,opponent,168,903.0,2,0,8,29,0,0,0
round5_learned,v123,2026102207,1,opponent,192,683.0,2,0,10,37,0,0,0
round5_learned,v123,2026102207,1,opponent,216,1581.0,2,0,12,37,0,0,0
round5_learned,v123,2026102207,1,opponent,240,2667.0,2,0,13,37,0,0,0
round5_learned,v123,2026102207,1,opponent,264,16536.0,2,0,16,32,0,0,0
round5_learned,v123,2026102207,1,opponent,288,17187.0,3,0,17,53,0,0,0
round5_learned,v123,2026102207,1,opponent,312,20267.0,3,0,17,57,0,0,0
round5_learned,v123,2026102207,1,opponent,336,23475.0,3,0,17,57,0,0,0
round5_learned,v123,2026102207,1,opponent,360,27386.0,3,0,17,57,0,0,0
round5_learned,v123,2026102207,1,opponent,384,33716.0,3,0,17,57,1,0,0
round5_learned,v123,2026102207,1,opponent,408,41850.0,3,0,17,58,0,0,0
round5_learned,v123,2026102207,1,opponent,432,47052.0,3,0,17,58,0,0,0
round5_learned,v123,2026102207,1,opponent,456,49650.0,4,0,17,68,0,0,0
round5_learned,v123,2026102207,1,opponent,480,54619.0,4,0,17,68,0,0,0
round5_learned,v123,2026102207,1,opponent,504,62631.0,4,0,17,68,0,0,0
round5_learned,v123,2026102207,1,opponent,528,72457.0,4,0,17,67,1,0,0
round5_learned,v123,2026102207,1,opponent,552,80177.0,4,0,17,68,0,0,0
round5_learned,v123,2026102207,1,opponent,576,88351.0,4,0,17,68,0,0,0
round5_learned,v123,2026102207,1,opponent,600,95457.0,4,0,17,68,0,0,0
round5_learned,v123,2026102207,1,opponent,624,101253.0,4,0,17,68,0,0,0
round5_learned,v123,2026102207,1,opponent,648,107435.0,4,0,17,68,0,0,0
round5_learned,v123,2026102207,1,opponent,672,119525.0,4,0,17,56,0,0,0
round5_learned,v123,2026102207,1,opponent,696,128117.0,4,0,17,31,1,0,0
round5_learned,v123,2026102207,1,opponent,719,144831.0,4,13,17,10,1,0,0
round5_learned,v123,2026102208,0,learner,0,3000.0,1,0,0,0,0,0,0
round5_learned,v123,2026102208,0,learner,24,2169.0,1,0,0,8,0,170,10
round5_learned,v123,2026102208,0,learner,48,2165.0,1,0,0,18,0,0,0
round5_learned,v123,2026102208,0,learner,72,513.0,1,0,0,24,0,1000,11
round5_learned,v123,2026102208,0,learner,96,477.0,1,0,0,23,2,760,8
round5_learned,v123,2026102208,0,learner,120,443.0,1,0,0,16,9,580,6
round5_learned,v123,2026102208,0,learner,144,196.0,1,0,0,12,13,860,9
round5_learned,v123,2026102208,0,learner,168,151.0,1,0,0,13,12,800,8
round5_learned,v123,2026102208,0,learner,192,201.0,1,0,0,12,13,700,7
round5_learned,v123,2026102208,0,learner,216,251.0,1,0,0,13,12,600,6
round5_learned,v123,2026102208,0,learner,240,192.0,1,0,0,14,11,500,5
round5_learned,v123,2026102208,0,learner,264,188.0,1,0,0,17,8,280,10
round5_learned,v123,2026102208,0,learner,288,3.0,1,0,0,18,6,330,15
round5_learned,v123,2026102208,0,learner,312,163.0,1,0,0,20,4,1000,19
round5_learned,v123,2026102208,0,learner,336,75.0,1,0,0,23,1,690,15
round5_learned,v123,2026102208,0,learner,360,3530.0,1,0,0,25,0,1180,19
round5_learned,v123,2026102208,0,learner,384,5008.0,1,0,0,24,1,2180,29
round5_learned,v123,2026102208,0,learner,408,797.0,3,0,0,34,1,1790,35
round5_learned,v123,2026102208,0,learner,432,214.0,3,0,0,37,3,1890,45
round5_learned,v123,2026102208,0,learner,456,42.0,3,0,0,40,3,1760,50
round5_learned,v123,2026102208,0,learner,480,7.0,3,0,0,45,5,1830,53
round5_learned,v123,2026102208,0,learner,504,1556.0,3,0,0,50,10,1890,59
round5_learned,v123,2026102208,0,learner,528,1950.0,3,0,0,56,7,1500,65
round5_learned,v123,2026102208,0,learner,552,2317.0,3,0,0,52,15,1500,74
round5_learned,v123,2026102208,0,learner,576,2781.0,3,0,0,66,5,1260,72
round5_learned,v123,2026102208,0,learner,600,3405.0,3,0,0,73,1,1770,100
round5_learned,v123,2026102208,0,learner,624,4316.0,3,0,0,70,2,2050,114
round5_learned,v123,2026102208,0,learner,648,3633.0,3,0,0,71,4,2160,122
round5_learned,v123,2026102208,0,learner,672,5574.0,3,0,0,54,20,2620,143
round5_learned,v123,2026102208,0,learner,696,6597.0,3,0,0,56,18,2260,125
round5_learned,v123,2026102208,0,learner,719,9224.0,3,15,0,59,14,1930,108
round5_learned,v123,2026102208,0,opponent,0,3000.0,1,0,0,0,0,0,0
round5_learned,v123,2026102208,0,opponent,24,30.0,1,0,4,19,0,0,0
round5_learned,v123,2026102208,0,opponent,48,96.0,1,0,4,19,0,0,0
round5_learned,v123,2026102208,0,opponent,72,214.0,1,0,5,19,0,0,0
round5_learned,v123,2026102208,0,opponent,96,304.0,1,0,6,19,0,0,0
round5_learned,v123,2026102208,0,opponent,120,727.0,1,0,6,19,0,0,0
round5_learned,v123,2026102208,0,opponent,144,862.0,1,0,6,19,0,0,0
round5_learned,v123,2026102208,0,opponent,168,1302.0,2,0,8,29,0,0,0
round5_learned,v123,2026102208,0,opponent,192,776.0,2,0,10,37,0,0,0
round5_learned,v123,2026102208,0,opponent,216,1859.0,2,0,12,37,0,0,0
round5_learned,v123,2026102208,0,opponent,240,3062.0,2,0,13,37,0,0,0
round5_learned,v123,2026102208,0,opponent,264,18606.0,2,0,16,32,0,0,0
round5_learned,v123,2026102208,0,opponent,288,19272.0,3,0,17,53,0,0,0
round5_learned,v123,2026102208,0,opponent,312,23530.0,3,0,17,57,0,0,0
round5_learned,v123,2026102208,0,opponent,336,26685.0,3,0,17,57,0,0,0
round5_learned,v123,2026102208,0,opponent,360,32685.0,3,0,17,57,0,0,0
round5_learned,v123,2026102208,0,opponent,384,40094.0,3,0,17,57,0,10,1
round5_learned,v123,2026102208,0,opponent,408,48943.0,3,0,17,58,0,10,1
round5_learned,v123,2026102208,0,opponent,432,53998.0,3,0,17,58,0,10,1
round5_learned,v123,2026102208,0,opponent,456,62634.0,3,0,17,58,0,10,1
round5_learned,v123,2026102208,0,opponent,480,71645.0,3,0,17,58,0,10,1
round5_learned,v123,2026102208,0,opponent,504,79304.0,3,0,17,58,0,10,1
round5_learned,v123,2026102208,0,opponent,528,89942.0,3,0,17,57,1,10,1
round5_learned,v123,2026102208,0,opponent,552,100054.0,3,0,17,58,0,10,1
round5_learned,v123,2026102208,0,opponent,576,109562.0,3,0,17,58,0,10,1
round5_learned,v123,2026102208,0,opponent,600,117715.0,3,0,17,58,0,10,1
round5_learned,v123,2026102208,0,opponent,624,125897.0,3,0,17,58,0,10,1
round5_learned,v123,2026102208,0,opponent,648,133784.0,3,0,17,58,0,10,1
round5_learned,v123,2026102208,0,opponent,672,140997.0,3,0,17,46,0,10,1
round5_learned,v123,2026102208,0,opponent,696,154047.0,3,0,17,21,0,10,1
round5_learned,v123,2026102208,0,opponent,719,167384.0,3,11,17,0,0,10,1
round5_learned,v123,2026102208,1,learner,0,3000.0,1,0,0,0,0,0,0
round5_learned,v123,2026102208,1,learner,24,2309.0,1,0,0,8,0,100,10
round5_learned,v123,2026102208,1,learner,48,2381.0,1,0,0,18,0,0,0
round5_learned,v123,2026102208,1,learner,72,887.0,1,0,0,19,1,1080,12
round5_learned,v123,2026102208,1,learner,96,913.0,1,0,0,24,0,380,4
round5_learned,v123,2026102208,1,learner,120,664.0,1,0,0,22,2,100,1
round5_learned,v123,2026102208,1,learner,144,861.0,1,0,0,22,2,0,0
round5_learned,v123,2026102208,1,learner,168,17.0,1,0,0,24,1,860,11
round5_learned,v123,2026102208,1,learner,192,65.0,1,0,0,24,1,860,11
round5_learned,v123,2026102208,1,learner,216,11.0,1,0,0,22,3,860,11
round5_learned,v123,2026102208,1,learner,240,4.0,1,0,0,22,3,760,10
round5_learned,v123,2026102208,1,learner,264,0.0,1,0,0,22,2,680,9
round5_learned,v123,2026102208,1,learner,288,4.0,2,0,0,29,3,230,9
round5_learned,v123,2026102208,1,learner,312,0.0,2,0,0,31,2,200,6
round5_learned,v123,2026102208,1,learner,336,283.0,2,0,0,17,15,1120,17
round5_learned,v123,2026102208,1,learner,360,9.0,2,0,0,19,11,270,9
round5_learned,v123,2026102208,1,learner,384,6.0,2,0,0,26,7,270,9
round5_learned,v123,2026102208,1,learner,408,3942.0,2,0,0,29,6,600,20
round5_learned,v123,2026102208,1,learner,432,5828.0,2,0,0,34,5,420,24
round5_learned,v123,2026102208,1,learner,456,5442.0,2,0,0,35,4,720,43
round5_learned,v123,2026102208,1,learner,480,4630.0,2,0,0,31,9,1600,92
round5_learned,v123,2026102208,1,learner,504,5025.0,2,0,0,26,14,1620,98
round5_learned,v123,2026102208,1,learner,528,5003.0,2,0,0,24,16,1660,107
round5_learned,v123,2026102208,1,learner,552,6716.0,2,0,0,23,18,1960,129
round5_learned,v123,2026102208,1,learner,576,6314.0,2,0,0,17,24,2730,174
round5_learned,v123,2026102208,1,learner,600,6302.0,2,0,0,17,24,3610,224
round5_learned,v123,2026102208,1,learner,624,5866.0,2,0,0,13,27,4440,270
round5_learned,v123,2026102208,1,learner,648,4918.0,2,0,0,11,29,5940,350
round5_learned,v123,2026102208,1,learner,672,4176.0,2,0,0,9,32,7250,419
round5_learned,v123,2026102208,1,learner,696,3453.0,2,0,0,10,31,8330,477
round5_learned,v123,2026102208,1,learner,719,3741.0,2,8,0,14,28,8380,479
round5_learned,v123,2026102208,1,opponent,0,3000.0,1,0,0,0,0,0,0
round5_learned,v123,2026102208,1,opponent,24,30.0,1,0,4,19,0,0,0
round5_learned,v123,2026102208,1,opponent,48,99.0,1,0,4,19,0,0,0
round5_learned,v123,2026102208,1,opponent,72,215.0,1,0,5,19,0,0,0
round5_learned,v123,2026102208,1,opponent,96,301.0,1,0,6,19,0,0,0
round5_learned,v123,2026102208,1,opponent,120,726.0,1,0,6,19,0,0,0
round5_learned,v123,2026102208,1,opponent,144,859.0,1,0,6,19,0,0,0
round5_learned,v123,2026102208,1,opponent,168,1301.0,2,0,8,29,0,0,0
round5_learned,v123,2026102208,1,opponent,192,775.0,2,0,10,37,0,0,0
round5_learned,v123,2026102208,1,opponent,216,1601.0,2,0,12,37,0,0,0
round5_learned,v123,2026102208,1,opponent,240,2704.0,2,0,13,37,0,0,0
round5_learned,v123,2026102208,1,opponent,264,16607.0,2,0,16,32,0,0,0
round5_learned,v123,2026102208,1,opponent,288,17210.0,3,0,17,53,0,0,0
round5_learned,v123,2026102208,1,opponent,312,21154.0,3,0,17,57,0,0,0
round5_learned,v123,2026102208,1,opponent,336,23476.0,3,0,17,57,0,0,0
round5_learned,v123,2026102208,1,opponent,360,28606.0,3,0,17,57,0,0,0
round5_learned,v123,2026102208,1,opponent,384,33801.0,3,0,17,57,1,0,0
round5_learned,v123,2026102208,1,opponent,408,41595.0,3,0,17,58,0,0,0
round5_learned,v123,2026102208,1,opponent,432,46475.0,3,0,17,58,0,0,0
round5_learned,v123,2026102208,1,opponent,456,53043.0,3,0,17,58,0,0,0
round5_learned,v123,2026102208,1,opponent,480,57817.0,3,0,17,58,0,0,0
round5_learned,v123,2026102208,1,opponent,504,64976.0,3,0,17,58,0,0,0
round5_learned,v123,2026102208,1,opponent,528,73656.0,3,0,17,57,1,0,0
round5_learned,v123,2026102208,1,opponent,552,80405.0,3,0,17,58,0,0,0
round5_learned,v123,2026102208,1,opponent,576,87483.0,3,0,17,58,0,0,0
round5_learned,v123,2026102208,1,opponent,600,94195.0,3,0,17,58,0,0,0
round5_learned,v123,2026102208,1,opponent,624,100536.0,3,0,17,58,0,0,0
round5_learned,v123,2026102208,1,opponent,648,104417.0,3,0,17,58,0,0,0
round5_learned,v123,2026102208,1,opponent,672,114094.0,3,0,17,46,0,0,0
round5_learned,v123,2026102208,1,opponent,696,120902.0,3,0,17,21,0,0,0
round5_learned,v123,2026102208,1,opponent,719,135039.0,3,11,17,0,0,0,0
round5_learned,v124,2026102201,0,learner,0,3000.0,1,0,0,0,0,0,0
round5_learned,v124,2026102201,0,learner,24,2169.0,1,0,0,8,0,170,10
round5_learned,v124,2026102201,0,learner,48,2165.0,1,0,0,18,0,0,0
round5_learned,v124,2026102201,0,learner,72,513.0,1,0,0,24,0,1000,11
round5_learned,v124,2026102201,0,learner,96,477.0,1,0,0,24,1,760,8
round5_learned,v124,2026102201,0,learner,120,536.0,1,0,0,18,7,680,7
round5_learned,v124,2026102201,0,learner,144,76.0,1,0,0,16,8,660,7
round5_learned,v124,2026102201,0,learner,168,379.0,1,0,0,15,9,660,7
round5_learned,v124,2026102201,0,learner,192,436.0,1,0,0,12,12,660,7
round5_learned,v124,2026102201,0,learner,216,569.0,1,0,0,13,11,480,5
round5_learned,v124,2026102201,0,learner,240,312.0,1,0,0,15,7,390,5
round5_learned,v124,2026102201,0,learner,264,46.0,1,0,0,17,5,390,14
round5_learned,v124,2026102201,0,learner,288,9.0,1,0,0,20,2,440,19
round5_learned,v124,2026102201,0,learner,312,165.0,1,0,0,20,4,1190,26
round5_learned,v124,2026102201,0,learner,336,2.0,1,0,0,21,2,720,22
round5_learned,v124,2026102201,0,learner,360,6047.0,1,0,0,22,2,800,26
round5_learned,v124,2026102201,0,learner,384,3249.0,3,0,0,36,6,970,34
round5_learned,v124,2026102201,0,learner,408,2867.0,3,0,0,58,5,1240,34
round5_learned,v124,2026102201,0,learner,432,2625.0,3,0,0,56,7,1670,50
round5_learned,v124,2026102201,0,learner,456,2012.0,3,0,0,41,23,1990,64
round5_learned,v124,2026102201,0,learner,480,2444.0,3,0,0,47,20,2260,73
round5_learned,v124,2026102201,0,learner,504,2566.0,3,0,0,30,36,2120,77
round5_learned,v124,2026102201,0,learner,528,2972.0,3,0,0,40,26,1880,71
round5_learned,v124,2026102201,0,learner,552,3772.0,3,0,0,45,24,1910,74
round5_learned,v124,2026102201,0,learner,576,4028.0,3,0,0,51,19,1860,69
round5_learned,v124,2026102201,0,learner,600,4585.0,3,0,0,50,20,2050,84
round5_learned,v124,2026102201,0,learner,624,4943.0,3,0,0,46,23,1970,78
round5_learned,v124,2026102201,0,learner,648,5134.0,3,0,0,44,25,2690,114
round5_learned,v124,2026102201,0,learner,672,5670.0,3,0,0,34,35,3020,132
round5_learned,v124,2026102201,0,learner,696,6993.0,3,0,0,29,39,2890,125
round5_learned,v124,2026102201,0,learner,719,8180.0,3,9,0,29,39,2850,123
round5_learned,v124,2026102201,0,opponent,0,3000.0,1,0,0,0,0,0,0
round5_learned,v124,2026102201,0,opponent,24,30.0,1,0,4,19,0,0,0
round5_learned,v124,2026102201,0,opponent,48,96.0,1,0,4,19,0,0,0
round5_learned,v124,2026102201,0,opponent,72,214.0,1,0,5,19,0,0,0
round5_learned,v124,2026102201,0,opponent,96,304.0,1,0,6,19,0,0,0
round5_learned,v124,2026102201,0,opponent,120,727.0,1,0,6,19,0,0,0
round5_learned,v124,2026102201,0,opponent,144,862.0,1,0,6,19,0,0,0
round5_learned,v124,2026102201,0,opponent,168,1301.0,2,0,8,29,0,0,0
round5_learned,v124,2026102201,0,opponent,192,775.0,2,0,10,37,0,0,0
round5_learned,v124,2026102201,0,opponent,216,1577.0,2,0,12,37,0,0,0
round5_learned,v124,2026102201,0,opponent,240,2663.0,2,0,13,37,0,0,0
round5_learned,v124,2026102201,0,opponent,264,16531.0,2,0,16,32,0,0,0
round5_learned,v124,2026102201,0,opponent,288,17183.0,3,0,17,53,0,0,0
round5_learned,v124,2026102201,0,opponent,312,20820.0,3,0,17,57,0,0,0
round5_learned,v124,2026102201,0,opponent,336,23085.0,3,0,17,57,0,0,0
round5_learned,v124,2026102201,0,opponent,360,27612.0,3,0,17,57,0,0,0
round5_learned,v124,2026102201,0,opponent,384,32652.0,3,0,17,57,0,10,1
round5_learned,v124,2026102201,0,opponent,408,39956.0,3,0,17,58,0,10,1
round5_learned,v124,2026102201,0,opponent,432,45194.0,3,0,17,58,0,10,1
round5_learned,v124,2026102201,0,opponent,456,50167.0,3,0,17,58,0,10,1
round5_learned,v124,2026102201,0,opponent,480,54088.0,3,0,17,58,0,10,1
round5_learned,v124,2026102201,0,opponent,504,60250.0,3,0,17,58,0,10,1
round5_learned,v124,2026102201,0,opponent,528,68096.0,3,0,17,57,1,10,1
round5_learned,v124,2026102201,0,opponent,552,73159.0,3,0,17,58,0,10,1
round5_learned,v124,2026102201,0,opponent,576,79205.0,3,0,17,58,0,10,1
round5_learned,v124,2026102201,0,opponent,600,84719.0,3,0,17,58,0,10,1
round5_learned,v124,2026102201,0,opponent,624,88028.0,3,0,17,58,0,10,1
round5_learned,v124,2026102201,0,opponent,648,90405.0,3,0,17,58,0,10,1
round5_learned,v124,2026102201,0,opponent,672,98523.0,3,0,17,46,0,10,1
round5_learned,v124,2026102201,0,opponent,696,103275.0,3,0,17,21,0,10,1
round5_learned,v124,2026102201,0,opponent,719,115047.0,3,11,17,0,0,10,1
round5_learned,v124,2026102201,1,learner,0,3000.0,1,0,0,0,0,0,0
round5_learned,v124,2026102201,1,learner,24,2309.0,1,0,0,8,0,100,10
round5_learned,v124,2026102201,1,learner,48,2381.0,1,0,0,18,0,0,0
round5_learned,v124,2026102201,1,learner,72,887.0,1,0,0,19,1,1080,12
round5_learned,v124,2026102201,1,learner,96,913.0,1,0,0,24,0,380,4
round5_learned,v124,2026102201,1,learner,120,664.0,1,0,0,22,2,100,1
round5_learned,v124,2026102201,1,learner,144,861.0,1,0,0,22,2,0,0
round5_learned,v124,2026102201,1,learner,168,17.0,1,0,0,24,1,860,11
round5_learned,v124,2026102201,1,learner,192,65.0,1,0,0,24,1,860,11
round5_learned,v124,2026102201,1,learner,216,11.0,1,0,0,22,3,860,11
round5_learned,v124,2026102201,1,learner,240,4.0,1,0,0,22,3,760,10
round5_learned,v124,2026102201,1,learner,264,0.0,1,0,0,22,2,680,9
round5_learned,v124,2026102201,1,learner,288,4.0,2,0,0,29,2,230,9
round5_learned,v124,2026102201,1,learner,312,0.0,2,0,0,30,1,200,6
round5_learned,v124,2026102201,1,learner,336,1198.0,2,0,0,17,14,1150,20
round5_learned,v124,2026102201,1,learner,360,1.0,2,0,0,23,10,640,23
round5_learned,v124,2026102201,1,learner,384,1438.0,2,0,0,30,3,1150,38
round5_learned,v124,2026102201,1,learner,408,329.0,3,0,0,44,3,1100,42
round5_learned,v124,2026102201,1,learner,432,4.0,3,0,0,59,4,1070,42
round5_learned,v124,2026102201,1,learner,456,159.0,3,0,0,58,5,1140,49
round5_learned,v124,2026102201,1,learner,480,361.0,3,0,0,40,25,1550,72
round5_learned,v124,2026102201,1,learner,504,895.0,3,0,0,31,34,1850,93
round5_learned,v124,2026102201,1,learner,528,1432.0,3,0,0,38,33,1730,88
round5_learned,v124,2026102201,1,learner,552,3432.0,3,0,0,42,31,1770,92
round5_learned,v124,2026102201,1,learner,576,3018.0,3,0,0,42,30,2480,130
round5_learned,v124,2026102201,1,learner,600,3313.0,3,0,0,39,33,3310,177
round5_learned,v124,2026102201,1,learner,624,2925.0,3,0,0,34,39,3950,214
round5_learned,v124,2026102201,1,learner,648,3317.0,3,0,0,34,39,4960,269
round5_learned,v124,2026102201,1,learner,672,4288.0,3,0,0,29,44,5750,314
round5_learned,v124,2026102201,1,learner,696,4995.0,3,0,0,29,44,6360,348
round5_learned,v124,2026102201,1,learner,719,7136.0,3,6,0,35,38,6020,332
round5_learned,v124,2026102201,1,opponent,0,3000.0,1,0,0,0,0,0,0
round5_learned,v124,2026102201,1,opponent,24,30.0,1,0,4,19,0,0,0
round5_learned,v124,2026102201,1,opponent,48,99.0,1,0,4,19,0,0,0
round5_learned,v124,2026102201,1,opponent,72,215.0,1,0,5,19,0,0,0
round5_learned,v124,2026102201,1,opponent,96,301.0,1,0,6,19,0,0,0
round5_learned,v124,2026102201,1,opponent,120,726.0,1,0,6,19,0,0,0
round5_learned,v124,2026102201,1,opponent,144,859.0,1,0,6,19,0,0,0
round5_learned,v124,2026102201,1,opponent,168,1301.0,2,0,8,29,0,0,0
round5_learned,v124,2026102201,1,opponent,192,775.0,2,0,10,37,0,0,0
round5_learned,v124,2026102201,1,opponent,216,1601.0,2,0,12,37,0,0,0
round5_learned,v124,2026102201,1,opponent,240,2704.0,2,0,13,37,0,0,0
round5_learned,v124,2026102201,1,opponent,264,16607.0,2,0,16,32,0,0,0
round5_learned,v124,2026102201,1,opponent,288,17210.0,3,0,17,53,0,0,0
round5_learned,v124,2026102201,1,opponent,312,21001.0,3,0,17,57,0,0,0
round5_learned,v124,2026102201,1,opponent,336,23250.0,3,0,17,57,0,0,0
round5_learned,v124,2026102201,1,opponent,360,27604.0,3,0,17,57,0,0,0
round5_learned,v124,2026102201,1,opponent,384,32726.0,3,0,17,57,0,10,1
round5_learned,v124,2026102201,1,opponent,408,40250.0,3,0,17,58,0,10,1
round5_learned,v124,2026102201,1,opponent,432,45508.0,3,0,17,58,0,10,1
round5_learned,v124,2026102201,1,opponent,456,50782.0,3,0,17,58,0,10,1
round5_learned,v124,2026102201,1,opponent,480,55074.0,3,0,17,58,0,10,1
round5_learned,v124,2026102201,1,opponent,504,61458.0,3,0,17,58,0,10,1
round5_learned,v124,2026102201,1,opponent,528,70122.0,3,0,17,57,1,10,1
round5_learned,v124,2026102201,1,opponent,552,76872.0,3,0,17,58,0,10,1
round5_learned,v124,2026102201,1,opponent,576,84528.0,3,0,17,58,0,10,1
round5_learned,v124,2026102201,1,opponent,600,91788.0,3,0,17,58,0,10,1
round5_learned,v124,2026102201,1,opponent,624,97650.0,3,0,17,58,0,10,1
round5_learned,v124,2026102201,1,opponent,648,101795.0,3,0,17,58,0,10,1
round5_learned,v124,2026102201,1,opponent,672,112303.0,3,0,17,46,0,10,1
round5_learned,v124,2026102201,1,opponent,696,118616.0,3,0,17,21,0,10,1
round5_learned,v124,2026102201,1,opponent,719,133965.0,3,11,17,0,0,10,1
round5_learned,v124,2026102202,0,learner,0,3000.0,1,0,0,0,0,0,0
round5_learned,v124,2026102202,0,learner,24,2169.0,1,0,0,8,0,170,10
round5_learned,v124,2026102202,0,learner,48,2165.0,1,0,0,18,0,0,0
round5_learned,v124,2026102202,0,learner,72,513.0,1,0,0,24,0,1000,11
round5_learned,v124,2026102202,0,learner,96,67.0,1,0,0,23,1,1260,13
round5_learned,v124,2026102202,0,learner,120,112.0,1,0,0,18,6,980,10
round5_learned,v124,2026102202,0,learner,144,63.0,1,0,0,14,11,900,9
round5_learned,v124,2026102202,0,learner,168,85.0,1,0,0,14,11,1000,10
round5_learned,v124,2026102202,0,learner,192,206.0,1,0,0,12,13,1000,10
round5_learned,v124,2026102202,0,learner,216,12.0,1,0,0,12,13,900,9
round5_learned,v124,2026102202,0,learner,240,164.0,1,0,0,14,10,700,7
round5_learned,v124,2026102202,0,learner,264,36.0,1,0,0,16,9,480,12
round5_learned,v124,2026102202,0,learner,288,7.0,1,0,0,16,9,510,15
round5_learned,v124,2026102202,0,learner,312,413.0,1,0,0,18,7,850,17
round5_learned,v124,2026102202,0,learner,336,1480.0,1,0,0,16,8,1650,25
round5_learned,v124,2026102202,0,learner,360,3066.0,1,0,0,21,3,2370,32
round5_learned,v124,2026102202,0,learner,384,970.0,2,0,0,36,1,1570,24
round5_learned,v124,2026102202,0,learner,408,213.0,2,0,0,42,0,1880,28
round5_learned,v124,2026102202,0,learner,432,1519.0,2,0,0,45,0,2660,43
round5_learned,v124,2026102202,0,learner,456,703.0,2,0,0,42,4,3380,57
round5_learned,v124,2026102202,0,learner,480,141.0,2,0,0,37,9,3960,70
round5_learned,v124,2026102202,0,learner,504,708.0,2,0,0,37,10,4160,81
round5_learned,v124,2026102202,0,learner,528,1309.0,2,0,0,37,9,4060,89
round5_learned,v124,2026102202,0,learner,552,604.0,2,0,0,34,11,4800,109
round5_learned,v124,2026102202,0,learner,576,1569.0,2,0,0,39,6,4500,115
round5_learned,v124,2026102202,0,learner,600,688.0,2,0,0,47,0,4530,127
round5_learned,v124,2026102202,0,learner,624,1752.0,2,0,0,49,1,4360,128
round5_learned,v124,2026102202,0,learner,648,2104.0,2,0,0,48,2,4170,127
round5_learned,v124,2026102202,0,learner,672,3004.0,2,0,0,42,8,3980,126
round5_learned,v124,2026102202,0,learner,696,3955.0,2,0,0,45,5,3480,121
round5_learned,v124,2026102202,0,learner,719,7160.0,2,12,0,48,2,3000,118
round5_learned,v124,2026102202,0,opponent,0,3000.0,1,0,0,0,0,0,0
round5_learned,v124,2026102202,0,opponent,24,30.0,1,0,4,19,0,0,0
round5_learned,v124,2026102202,0,opponent,48,96.0,1,0,4,19,0,0,0
round5_learned,v124,2026102202,0,opponent,72,214.0,1,0,5,19,0,0,0
round5_learned,v124,2026102202,0,opponent,96,299.0,1,0,6,19,0,0,0
round5_learned,v124,2026102202,0,opponent,120,729.0,1,0,6,19,0,0,0
round5_learned,v124,2026102202,0,opponent,144,860.0,1,0,6,19,0,0,0
round5_learned,v124,2026102202,0,opponent,168,846.0,2,0,8,29,0,0,0
round5_learned,v124,2026102202,0,opponent,192,719.0,2,0,10,37,0,0,0
round5_learned,v124,2026102202,0,opponent,216,2087.0,2,0,12,37,0,0,0
round5_learned,v124,2026102202,0,opponent,240,3328.0,2,0,13,37,0,0,0
round5_learned,v124,2026102202,0,opponent,264,19431.0,2,0,16,32,0,0,0
round5_learned,v124,2026102202,0,opponent,288,20324.0,3,0,17,53,0,0,0
round5_learned,v124,2026102202,0,opponent,312,24781.0,3,0,17,57,0,0,0
round5_learned,v124,2026102202,0,opponent,336,28126.0,3,0,17,57,0,0,0
round5_learned,v124,2026102202,0,opponent,360,34692.0,3,0,17,57,0,0,0
round5_learned,v124,2026102202,0,opponent,384,43090.0,3,0,17,57,0,10,1
round5_learned,v124,2026102202,0,opponent,408,52319.0,3,0,17,58,0,10,1
round5_learned,v124,2026102202,0,opponent,432,57569.0,3,0,17,58,0,10,1
round5_learned,v124,2026102202,0,opponent,456,66519.0,3,0,17,58,0,10,1
round5_learned,v124,2026102202,0,opponent,480,75351.0,3,0,17,58,0,10,1
round5_learned,v124,2026102202,0,opponent,504,85497.0,3,0,17,58,0,10,1
round5_learned,v124,2026102202,0,opponent,528,94800.0,3,0,17,57,1,10,1
round5_learned,v124,2026102202,0,opponent,552,104855.0,3,0,17,58,0,10,1
round5_learned,v124,2026102202,0,opponent,576,114446.0,3,0,17,58,0,200,12
round5_learned,v124,2026102202,0,opponent,600,122996.0,3,0,17,58,0,180,10
round5_learned,v124,2026102202,0,opponent,624,132992.0,3,0,17,58,0,180,10
round5_learned,v124,2026102202,0,opponent,648,141399.0,3,0,16,58,0,180,10
round5_learned,v124,2026102202,0,opponent,672,148926.0,3,0,16,45,0,210,13
round5_learned,v124,2026102202,0,opponent,696,161703.0,3,0,16,21,1,210,13
round5_learned,v124,2026102202,0,opponent,719,173063.0,3,11,16,0,1,210,13
round5_learned,v124,2026102202,1,learner,0,3000.0,1,0,0,0,0,0,0
round5_learned,v124,2026102202,1,learner,24,2309.0,1,0,0,8,0,100,10
round5_learned,v124,2026102202,1,learner,48,2381.0,1,0,0,18,0,0,0
round5_learned,v124,2026102202,1,learner,72,887.0,1,0,0,19,1,1080,12
round5_learned,v124,2026102202,1,learner,96,293.0,1,0,0,22,1,980,10
round5_learned,v124,2026102202,1,learner,120,44.0,1,0,0,19,6,800,8
round5_learned,v124,2026102202,1,learner,144,177.0,1,0,0,20,4,200,2
round5_learned,v124,2026102202,1,learner,168,49.0,1,0,0,20,3,460,5
round5_learned,v124,2026102202,1,learner,192,82.0,1,0,0,22,2,200,2
round5_learned,v124,2026102202,1,learner,216,28.0,1,0,0,24,0,0,0
round5_learned,v124,2026102202,1,learner,240,46.0,1,0,0,23,1,110,2
round5_learned,v124,2026102202,1,learner,264,3.0,1,0,0,24,1,10,1
round5_learned,v124,2026102202,1,learner,288,5.0,1,0,0,23,2,70,7
round5_learned,v124,2026102202,1,learner,312,1.0,1,0,0,18,7,60,6
round5_learned,v124,2026102202,1,learner,336,713.0,1,0,0,18,3,650,11
round5_learned,v124,2026102202,1,learner,360,150.0,1,0,0,21,2,840,12
round5_learned,v124,2026102202,1,learner,384,4183.0,1,0,0,24,1,1380,23
round5_learned,v124,2026102202,1,learner,408,3916.0,3,0,0,33,1,630,20
round5_learned,v124,2026102202,1,learner,432,4465.0,3,0,0,42,1,560,21
round5_learned,v124,2026102202,1,learner,456,5719.0,3,0,0,42,2,540,28
round5_learned,v124,2026102202,1,learner,480,6378.0,3,0,0,46,4,550,29
round5_learned,v124,2026102202,1,learner,504,9177.0,3,0,0,49,3,590,33
round5_learned,v124,2026102202,1,learner,528,9484.0,3,0,0,50,7,510,29
round5_learned,v124,2026102202,1,learner,552,10805.0,3,0,0,49,6,560,34
round5_learned,v124,2026102202,1,learner,576,10969.0,3,0,0,45,11,900,50
round5_learned,v124,2026102202,1,learner,600,11086.0,3,0,0,46,9,970,55
round5_learned,v124,2026102202,1,learner,624,11846.0,3,0,0,54,8,1270,67
round5_learned,v124,2026102202,1,learner,648,11088.0,3,0,0,49,16,2320,125
round5_learned,v124,2026102202,1,learner,672,11882.0,3,0,0,52,14,2730,149
round5_learned,v124,2026102202,1,learner,696,12681.0,3,0,0,47,16,2660,148
round5_learned,v124,2026102202,1,learner,719,14568.0,3,9,0,55,15,2580,127
round5_learned,v124,2026102202,1,opponent,0,3000.0,1,0,0,0,0,0,0
round5_learned,v124,2026102202,1,opponent,24,30.0,1,0,4,19,0,0,0
round5_learned,v124,2026102202,1,opponent,48,99.0,1,0,4,19,0,0,0
round5_learned,v124,2026102202,1,opponent,72,215.0,1,0,5,19,0,0,0
round5_learned,v124,2026102202,1,opponent,96,301.0,1,0,6,19,0,0,0
round5_learned,v124,2026102202,1,opponent,120,731.0,1,0,6,19,0,0,0
round5_learned,v124,2026102202,1,opponent,144,862.0,1,0,6,19,0,0,0
round5_learned,v124,2026102202,1,opponent,168,1138.0,2,0,8,29,0,0,0
round5_learned,v124,2026102202,1,opponent,192,766.0,2,0,10,36,1,0,0
round5_learned,v124,2026102202,1,opponent,216,1631.0,2,0,12,36,1,30,3
round5_learned,v124,2026102202,1,opponent,240,4495.0,2,0,13,37,0,30,3
round5_learned,v124,2026102202,1,opponent,264,5913.0,2,0,13,33,2,80,8
round5_learned,v124,2026102202,1,opponent,288,5872.0,3,0,9,55,2,80,8
round5_learned,v124,2026102202,1,opponent,312,8325.0,3,0,9,56,4,80,8
round5_learned,v124,2026102202,1,opponent,336,11813.0,3,0,9,54,6,80,8
round5_learned,v124,2026102202,1,opponent,360,16512.0,3,0,9,54,6,80,8
round5_learned,v124,2026102202,1,opponent,384,20449.0,3,0,9,54,5,90,9
round5_learned,v124,2026102202,1,opponent,408,27841.0,3,0,9,55,5,90,9
round5_learned,v124,2026102202,1,opponent,432,32772.0,3,0,9,55,5,90,9
round5_learned,v124,2026102202,1,opponent,456,37628.0,3,0,9,55,5,90,9
round5_learned,v124,2026102202,1,opponent,480,42511.0,3,0,9,56,4,90,9
round5_learned,v124,2026102202,1,opponent,504,47242.0,3,0,9,56,4,90,9
round5_learned,v124,2026102202,1,opponent,528,54715.0,3,0,9,56,4,90,9
round5_learned,v124,2026102202,1,opponent,552,60180.0,3,0,9,57,3,90,9
round5_learned,v124,2026102202,1,opponent,576,64728.0,3,0,9,58,2,90,9
round5_learned,v124,2026102202,1,opponent,600,70084.0,3,0,9,58,2,90,9
round5_learned,v124,2026102202,1,opponent,624,75270.0,3,0,9,58,2,90,9
round5_learned,v124,2026102202,1,opponent,648,77871.0,3,0,9,58,2,90,9
round5_learned,v124,2026102202,1,opponent,672,84541.0,3,0,9,46,2,90,9
round5_learned,v124,2026102202,1,opponent,696,91160.0,3,0,9,21,3,90,9
round5_learned,v124,2026102202,1,opponent,719,105811.0,3,11,9,0,3,90,9
round5_learned,v124,2026102203,0,learner,0,3000.0,1,0,0,0,0,0,0
round5_learned,v124,2026102203,0,learner,24,2169.0,1,0,0,8,0,170,10
round5_learned,v124,2026102203,0,learner,48,2165.0,1,0,0,18,0,0,0
round5_learned,v124,2026102203,0,learner,72,513.0,1,0,0,24,0,1000,11
round5_learned,v124,2026102203,0,learner,96,67.0,1,0,0,23,1,1260,13
round5_learned,v124,2026102203,0,learner,120,112.0,1,0,0,18,6,980,10
round5_learned,v124,2026102203,0,learner,144,63.0,1,0,0,14,11,900,9
round5_learned,v124,2026102203,0,learner,168,185.0,1,0,0,14,11,900,9
round5_learned,v124,2026102203,0,learner,192,231.0,1,0,0,11,14,900,9
round5_learned,v124,2026102203,0,learner,216,189.0,1,0,0,10,15,900,9
round5_learned,v124,2026102203,0,learner,240,60.0,1,0,0,12,12,700,7
round5_learned,v124,2026102203,0,learner,264,1.0,1,0,0,15,9,380,11
round5_learned,v124,2026102203,0,learner,288,4.0,1,0,0,15,9,520,16
round5_learned,v124,2026102203,0,learner,312,0.0,1,0,0,13,7,210,12
round5_learned,v124,2026102203,0,learner,336,249.0,2,0,0,23,7,770,14
round5_learned,v124,2026102203,0,learner,360,7.0,2,0,0,34,2,150,6
round5_learned,v124,2026102203,0,learner,384,1791.0,2,0,0,34,2,1210,18
round5_learned,v124,2026102203,0,learner,408,3481.0,2,0,0,36,2,1550,29
round5_learned,v124,2026102203,0,learner,432,2755.0,2,0,0,39,1,1840,40
round5_learned,v124,2026102203,0,learner,456,2761.0,2,0,0,42,0,2220,51
round5_learned,v124,2026102203,0,learner,480,1734.0,2,0,0,43,0,3130,70
round5_learned,v124,2026102203,0,learner,504,1931.0,2,0,0,43,1,4180,94
round5_learned,v124,2026102203,0,learner,528,2678.0,2,0,0,44,1,4070,101
round5_learned,v124,2026102203,0,learner,552,3473.0,2,0,0,45,1,4290,114
round5_learned,v124,2026102203,0,learner,576,3623.0,2,0,0,46,3,4320,126
round5_learned,v124,2026102203,0,learner,600,6048.0,2,0,0,47,3,4380,132
round5_learned,v124,2026102203,0,learner,624,6720.0,2,0,0,38,12,4680,144
round5_learned,v124,2026102203,0,learner,648,8113.0,2,0,0,41,8,4760,158
round5_learned,v124,2026102203,0,learner,672,10843.0,2,0,0,38,11,4720,166
round5_learned,v124,2026102203,0,learner,696,11935.0,2,0,0,32,17,4550,167
round5_learned,v124,2026102203,0,learner,719,13380.0,2,15,0,33,16,4510,165
round5_learned,v124,2026102203,0,opponent,0,3000.0,1,0,0,0,0,0,0
round5_learned,v124,2026102203,0,opponent,24,30.0,1,0,4,19,0,0,0
round5_learned,v124,2026102203,0,opponent,48,96.0,1,0,4,19,0,0,0
round5_learned,v124,2026102203,0,opponent,72,214.0,1,0,5,19,0,0,0
round5_learned,v124,2026102203,0,opponent,96,299.0,1,0,6,19,0,0,0
round5_learned,v124,2026102203,0,opponent,120,729.0,1,0,6,19,0,0,0
round5_learned,v124,2026102203,0,opponent,144,860.0,1,0,6,19,0,0,0
round5_learned,v124,2026102203,0,opponent,168,1302.0,2,0,8,29,0,0,0
round5_learned,v124,2026102203,0,opponent,192,776.0,2,0,10,37,0,0,0
round5_learned,v124,2026102203,0,opponent,216,2076.0,2,0,12,37,0,0,0
round5_learned,v124,2026102203,0,opponent,240,3202.0,2,0,13,37,0,0,0
round5_learned,v124,2026102203,0,opponent,264,17748.0,2,0,16,32,0,0,0
round5_learned,v124,2026102203,0,opponent,288,19145.0,3,0,17,53,1,0,0
round5_learned,v124,2026102203,0,opponent,312,23489.0,3,0,17,57,0,0,0
round5_learned,v124,2026102203,0,opponent,336,26350.0,3,0,17,57,0,0,0
round5_learned,v124,2026102203,0,opponent,360,32125.0,3,0,17,57,0,0,0
round5_learned,v124,2026102203,0,opponent,384,40863.0,3,0,17,57,0,10,1
round5_learned,v124,2026102203,0,opponent,408,50728.0,3,0,17,58,0,10,1
round5_learned,v124,2026102203,0,opponent,432,56970.0,3,0,17,58,0,10,1
round5_learned,v124,2026102203,0,opponent,456,59181.0,4,0,17,68,0,10,1
round5_learned,v124,2026102203,0,opponent,480,65380.0,4,0,17,68,0,10,1
round5_learned,v124,2026102203,0,opponent,504,73931.0,4,0,17,68,1,10,1
round5_learned,v124,2026102203,0,opponent,528,84655.0,4,0,17,67,2,10,1
round5_learned,v124,2026102203,0,opponent,552,93894.0,4,0,17,68,1,10,1
round5_learned,v124,2026102203,0,opponent,576,102655.0,4,0,17,68,1,10,1
round5_learned,v124,2026102203,0,opponent,600,110184.0,4,0,17,68,1,10,1
round5_learned,v124,2026102203,0,opponent,624,118062.0,4,0,17,68,1,10,1
round5_learned,v124,2026102203,0,opponent,648,125273.0,4,0,17,68,1,10,1
round5_learned,v124,2026102203,0,opponent,672,140098.0,4,0,17,56,1,10,1
round5_learned,v124,2026102203,0,opponent,696,148587.0,4,0,17,31,1,10,1
round5_learned,v124,2026102203,0,opponent,719,170453.0,4,13,17,10,1,10,1
round5_learned,v124,2026102203,1,learner,0,3000.0,1,0,0,0,0,0,0
round5_learned,v124,2026102203,1,learner,24,2309.0,1,0,0,8,0,100,10
round5_learned,v124,2026102203,1,learner,48,2381.0,1,0,0,18,0,0,0
round5_learned,v124,2026102203,1,learner,72,887.0,1,0,0,19,1,1080,12
round5_learned,v124,2026102203,1,learner,96,293.0,1,0,0,22,2,980,10
round5_learned,v124,2026102203,1,learner,120,44.0,1,0,0,19,6,800,8
round5_learned,v124,2026102203,1,learner,144,177.0,1,0,0,20,5,200,2
round5_learned,v124,2026102203,1,learner,168,177.0,1,0,0,21,4,510,6
round5_learned,v124,2026102203,1,learner,192,73.0,1,0,0,18,7,410,5
round5_learned,v124,2026102203,1,learner,216,19.0,1,0,0,17,8,310,4
round5_learned,v124,2026102203,1,learner,240,7.0,1,0,0,17,8,310,4
round5_learned,v124,2026102203,1,learner,264,2.0,1,0,0,17,8,400,9
round5_learned,v124,2026102203,1,learner,288,0.0,1,0,0,18,7,300,8
round5_learned,v124,2026102203,1,learner,312,439.0,1,0,0,16,9,1140,20
round5_learned,v124,2026102203,1,learner,336,11.0,1,0,0,21,4,370,15
round5_learned,v124,2026102203,1,learner,360,3867.0,1,0,0,22,2,920,25
round5_learned,v124,2026102203,1,learner,384,2734.0,1,0,0,24,1,1510,36
round5_learned,v124,2026102203,1,learner,408,885.0,2,0,0,33,1,1360,46
round5_learned,v124,2026102203,1,learner,432,1728.0,2,0,0,32,3,1720,62
round5_learned,v124,2026102203,1,learner,456,1923.0,2,0,0,27,8,2010,75
round5_learned,v124,2026102203,1,learner,480,2760.0,2,0,0,26,9,2120,86
round5_learned,v124,2026102203,1,learner,504,2952.0,2,0,0,23,14,2190,97
round5_learned,v124,2026102203,1,learner,528,3718.0,2,0,0,23,14,2130,106
round5_learned,v124,2026102203,1,learner,552,4400.0,2,0,0,24,13,2130,118
round5_learned,v124,2026102203,1,learner,576,6652.0,2,0,0,23,14,2360,135
round5_learned,v124,2026102203,1,learner,600,7105.0,2,0,0,29,10,2520,156
round5_learned,v124,2026102203,1,learner,624,7341.0,2,0,0,32,10,3020,187
round5_learned,v124,2026102203,1,learner,648,7709.0,2,0,0,30,15,3200,193
round5_learned,v124,2026102203,1,learner,672,8227.0,2,0,0,22,22,3600,201
round5_learned,v124,2026102203,1,learner,696,8633.0,2,0,0,24,21,3960,208
round5_learned,v124,2026102203,1,learner,719,9000.0,2,14,0,24,21,4080,211
round5_learned,v124,2026102203,1,opponent,0,3000.0,1,0,0,0,0,0,0
round5_learned,v124,2026102203,1,opponent,24,30.0,1,0,4,19,0,0,0
round5_learned,v124,2026102203,1,opponent,48,99.0,1,0,4,19,0,0,0
round5_learned,v124,2026102203,1,opponent,72,215.0,1,0,5,19,0,0,0
round5_learned,v124,2026102203,1,opponent,96,301.0,1,0,6,19,0,0,0
round5_learned,v124,2026102203,1,opponent,120,731.0,1,0,6,19,0,0,0
round5_learned,v124,2026102203,1,opponent,144,862.0,1,0,6,19,0,0,0
round5_learned,v124,2026102203,1,opponent,168,1139.0,2,0,8,29,0,0,0
round5_learned,v124,2026102203,1,opponent,192,767.0,2,0,10,37,0,0,0
round5_learned,v124,2026102203,1,opponent,216,1692.0,2,0,12,37,0,0,0
round5_learned,v124,2026102203,1,opponent,240,4581.0,2,0,13,37,0,0,0
round5_learned,v124,2026102203,1,opponent,264,19345.0,2,0,15,32,0,0,0
round5_learned,v124,2026102203,1,opponent,288,19067.0,3,0,16,53,1,0,0
round5_learned,v124,2026102203,1,opponent,312,22321.0,3,0,16,57,0,0,0
round5_learned,v124,2026102203,1,opponent,336,24683.0,3,0,16,57,0,0,0
round5_learned,v124,2026102203,1,opponent,360,28848.0,3,0,16,57,0,0,0
round5_learned,v124,2026102203,1,opponent,384,38646.0,3,0,16,57,0,10,1
round5_learned,v124,2026102203,1,opponent,408,46896.0,3,0,16,58,0,10,1
round5_learned,v124,2026102203,1,opponent,432,54585.0,3,0,16,58,0,10,1
round5_learned,v124,2026102203,1,opponent,456,62852.0,3,0,16,58,0,10,1
round5_learned,v124,2026102203,1,opponent,480,70172.0,3,0,16,58,0,10,1
round5_learned,v124,2026102203,1,opponent,504,79408.0,3,0,16,58,0,10,1
round5_learned,v124,2026102203,1,opponent,528,91035.0,3,0,16,57,1,10,1
round5_learned,v124,2026102203,1,opponent,552,99396.0,3,0,16,58,0,10,1
round5_learned,v124,2026102203,1,opponent,576,109003.0,3,0,16,58,0,10,1
round5_learned,v124,2026102203,1,opponent,600,119979.0,3,0,16,58,0,10,1
round5_learned,v124,2026102203,1,opponent,624,131202.0,3,0,16,58,0,10,1
round5_learned,v124,2026102203,1,opponent,648,137488.0,3,0,16,58,0,10,1
round5_learned,v124,2026102203,1,opponent,672,146473.0,3,0,16,46,0,10,1
round5_learned,v124,2026102203,1,opponent,696,154859.0,3,0,16,21,0,10,1
round5_learned,v124,2026102203,1,opponent,719,174675.0,3,11,16,0,0,10,1
round5_learned,v124,2026102204,0,learner,0,3000.0,1,0,0,0,0,0,0
round5_learned,v124,2026102204,0,learner,24,2169.0,1,0,0,8,0,170,10
round5_learned,v124,2026102204,0,learner,48,2165.0,1,0,0,18,0,0,0
round5_learned,v124,2026102204,0,learner,72,513.0,1,0,0,24,0,1000,11
round5_learned,v124,2026102204,0,learner,96,56.0,1,0,0,23,2,920,10
round5_learned,v124,2026102204,0,learner,120,102.0,1,0,0,20,5,660,7
round5_learned,v124,2026102204,0,learner,144,200.0,1,0,0,19,6,680,7
round5_learned,v124,2026102204,0,learner,168,396.0,1,0,0,15,10,680,7
round5_learned,v124,2026102204,0,learner,192,297.0,1,0,0,13,11,680,7
round5_learned,v124,2026102204,0,learner,216,170.0,1,0,0,15,8,480,5
round5_learned,v124,2026102204,0,learner,240,39.0,1,0,0,16,8,380,4
round5_learned,v124,2026102204,0,learner,264,281.0,1,0,0,23,1,200,8
round5_learned,v124,2026102204,0,learner,288,4.0,1,0,0,24,0,320,11
round5_learned,v124,2026102204,0,learner,312,195.0,1,0,0,22,1,850,14
round5_learned,v124,2026102204,0,learner,336,5511.0,2,0,0,31,1,670,14
round5_learned,v124,2026102204,0,learner,360,4890.0,2,0,0,34,0,1650,26
round5_learned,v124,2026102204,0,learner,384,2677.0,3,0,0,39,0,1880,31
round5_learned,v124,2026102204,0,learner,408,2832.0,3,0,0,40,0,2370,44
round5_learned,v124,2026102204,0,learner,432,2691.0,3,0,0,36,5,2700,50
round5_learned,v124,2026102204,0,learner,456,3579.0,3,0,0,41,4,1990,51
round5_learned,v124,2026102204,0,learner,480,3789.0,3,0,0,40,5,2200,63
round5_learned,v124,2026102204,0,learner,504,3775.0,3,0,0,44,14,1910,61
round5_learned,v124,2026102204,0,learner,528,3703.0,3,0,0,57,9,1800,59
round5_learned,v124,2026102204,0,learner,552,3335.0,3,0,0,56,13,1710,59
round5_learned,v124,2026102204,0,learner,576,3667.0,3,0,0,56,14,1970,74
round5_learned,v124,2026102204,0,learner,600,4777.0,3,0,0,54,16,1750,72
round5_learned,v124,2026102204,0,learner,624,5445.0,3,0,0,50,20,2170,97
round5_learned,v124,2026102204,0,learner,648,5569.0,3,0,0,48,21,2110,93
round5_learned,v124,2026102204,0,learner,672,4966.0,3,0,0,51,19,1900,82
round5_learned,v124,2026102204,0,learner,696,2937.0,3,0,0,50,17,1630,68
round5_learned,v124,2026102204,0,learner,719,3881.0,3,16,0,56,11,1410,47
round5_learned,v124,2026102204,0,opponent,0,3000.0,1,0,0,0,0,0,0
round5_learned,v124,2026102204,0,opponent,24,30.0,1,0,4,19,0,0,0
round5_learned,v124,2026102204,0,opponent,48,96.0,1,0,4,19,0,0,0
round5_learned,v124,2026102204,0,opponent,72,214.0,1,0,5,19,0,0,0
round5_learned,v124,2026102204,0,opponent,96,303.0,1,0,6,19,0,0,0
round5_learned,v124,2026102204,0,opponent,120,731.0,1,0,6,19,0,0,0
round5_learned,v124,2026102204,0,opponent,144,863.0,1,0,6,19,0,0,0
round5_learned,v124,2026102204,0,opponent,168,907.0,2,0,8,29,0,0,0
round5_learned,v124,2026102204,0,opponent,192,980.0,2,0,10,37,0,0,0
round5_learned,v124,2026102204,0,opponent,216,1819.0,2,0,12,37,0,0,0
round5_learned,v124,2026102204,0,opponent,240,3036.0,2,0,12,37,0,0,0
round5_learned,v124,2026102204,0,opponent,264,18070.0,2,0,15,32,0,0,0
round5_learned,v124,2026102204,0,opponent,288,17949.0,3,0,16,53,0,0,0
round5_learned,v124,2026102204,0,opponent,312,22125.0,3,0,16,57,0,0,0
round5_learned,v124,2026102204,0,opponent,336,24733.0,3,0,16,57,0,0,0
round5_learned,v124,2026102204,0,opponent,360,30075.0,3,0,16,57,0,0,0
round5_learned,v124,2026102204,0,opponent,384,35962.0,3,0,16,57,0,10,1
round5_learned,v124,2026102204,0,opponent,408,44696.0,3,0,16,58,0,10,1
round5_learned,v124,2026102204,0,opponent,432,50884.0,3,0,16,58,0,10,1
round5_learned,v124,2026102204,0,opponent,456,52347.0,4,0,16,68,0,10,1
round5_learned,v124,2026102204,0,opponent,480,58010.0,4,0,16,68,1,10,1
round5_learned,v124,2026102204,0,opponent,504,65610.0,4,0,16,68,1,10,1
round5_learned,v124,2026102204,0,opponent,528,74906.0,4,0,16,67,2,10,1
round5_learned,v124,2026102204,0,opponent,552,82769.0,4,0,16,68,1,10,1
round5_learned,v124,2026102204,0,opponent,576,89735.0,4,0,16,68,1,10,1
round5_learned,v124,2026102204,0,opponent,600,95339.0,4,0,16,68,1,10,1
round5_learned,v124,2026102204,0,opponent,624,101892.0,4,0,16,68,1,10,1
round5_learned,v124,2026102204,0,opponent,648,110605.0,4,0,16,68,1,10,1
round5_learned,v124,2026102204,0,opponent,672,119218.0,4,0,16,56,1,10,1
round5_learned,v124,2026102204,0,opponent,696,131253.0,4,0,16,31,1,10,1
round5_learned,v124,2026102204,0,opponent,719,146626.0,4,13,16,10,1,10,1
round5_learned,v124,2026102204,1,learner,0,3000.0,1,0,0,0,0,0,0
round5_learned,v124,2026102204,1,learner,24,2309.0,1,0,0,8,0,100,10
round5_learned,v124,2026102204,1,learner,48,2381.0,1,0,0,18,0,0,0
round5_learned,v124,2026102204,1,learner,72,887.0,1,0,0,19,1,1080,12
round5_learned,v124,2026102204,1,learner,96,913.0,1,0,0,23,0,580,6
round5_learned,v124,2026102204,1,learner,120,567.0,1,0,0,22,3,500,5
round5_learned,v124,2026102204,1,learner,144,20.0,1,0,0,22,3,600,6
round5_learned,v124,2026102204,1,learner,168,0.0,1,0,0,22,3,900,9
round5_learned,v124,2026102204,1,learner,192,175.0,1,0,0,21,4,1000,10
round5_learned,v124,2026102204,1,learner,216,70.0,1,0,0,13,12,1000,10
round5_learned,v124,2026102204,1,learner,240,1.0,1,0,0,14,11,1000,10
round5_learned,v124,2026102204,1,learner,264,56.0,1,0,0,18,7,670,9
round5_learned,v124,2026102204,1,learner,288,2.0,1,0,0,20,5,470,7
round5_learned,v124,2026102204,1,learner,312,0.0,1,0,0,21,4,270,5
round5_learned,v124,2026102204,1,learner,336,1038.0,2,0,0,15,10,320,10
round5_learned,v124,2026102204,1,learner,360,5.0,2,0,0,21,5,210,12
round5_learned,v124,2026102204,1,learner,384,2641.0,2,0,0,29,2,480,17
round5_learned,v124,2026102204,1,learner,408,2119.0,3,0,0,36,0,530,17
round5_learned,v124,2026102204,1,learner,432,1600.0,3,0,0,43,0,460,19
round5_learned,v124,2026102204,1,learner,456,1674.0,3,0,0,50,0,370,19
round5_learned,v124,2026102204,1,learner,480,2187.0,3,0,0,50,5,450,27
round5_learned,v124,2026102204,1,learner,504,2330.0,3,0,0,50,8,410,23
round5_learned,v124,2026102204,1,learner,528,3996.0,3,0,0,58,5,390,21
round5_learned,v124,2026102204,1,learner,552,5044.0,3,0,0,57,9,380,20
round5_learned,v124,2026102204,1,learner,576,6423.0,3,0,0,45,21,400,22
round5_learned,v124,2026102204,1,learner,600,7904.0,3,0,0,44,20,350,17
round5_learned,v124,2026102204,1,learner,624,10040.0,3,0,0,44,22,320,14
round5_learned,v124,2026102204,1,learner,648,11320.0,3,0,0,47,21,510,25
round5_learned,v124,2026102204,1,learner,672,12709.0,3,0,0,53,16,420,17
round5_learned,v124,2026102204,1,learner,696,11875.0,3,0,0,54,17,390,16
round5_learned,v124,2026102204,1,learner,719,9850.0,3,17,0,53,15,220,3
round5_learned,v124,2026102204,1,opponent,0,3000.0,1,0,0,0,0,0,0
round5_learned,v124,2026102204,1,opponent,24,30.0,1,0,4,19,0,0,0
round5_learned,v124,2026102204,1,opponent,48,99.0,1,0,4,19,0,0,0
round5_learned,v124,2026102204,1,opponent,72,215.0,1,0,5,19,0,0,0
round5_learned,v124,2026102204,1,opponent,96,302.0,1,0,6,19,0,0,0
round5_learned,v124,2026102204,1,opponent,120,727.0,1,0,6,19,0,0,0
round5_learned,v124,2026102204,1,opponent,144,860.0,1,0,6,19,0,0,0
round5_learned,v124,2026102204,1,opponent,168,1300.0,2,0,8,29,0,0,0
round5_learned,v124,2026102204,1,opponent,192,774.0,2,0,10,37,0,0,0
round5_learned,v124,2026102204,1,opponent,216,2054.0,2,0,12,37,0,0,0
round5_learned,v124,2026102204,1,opponent,240,3154.0,2,0,13,37,0,0,0
round5_learned,v124,2026102204,1,opponent,264,17794.0,2,0,16,32,0,0,0
round5_learned,v124,2026102204,1,opponent,288,19169.0,3,0,17,53,0,0,0
round5_learned,v124,2026102204,1,opponent,312,23625.0,3,0,17,57,0,0,0
round5_learned,v124,2026102204,1,opponent,336,26630.0,3,0,17,57,0,0,0
round5_learned,v124,2026102204,1,opponent,360,32735.0,3,0,17,57,0,0,0
round5_learned,v124,2026102204,1,opponent,384,42213.0,3,0,17,57,0,10,1
round5_learned,v124,2026102204,1,opponent,408,52327.0,3,0,17,58,0,10,1
round5_learned,v124,2026102204,1,opponent,432,58406.0,3,0,17,58,0,10,1
round5_learned,v124,2026102204,1,opponent,456,60706.0,4,0,17,68,0,10,1
round5_learned,v124,2026102204,1,opponent,480,67027.0,4,0,17,68,0,10,1
round5_learned,v124,2026102204,1,opponent,504,75321.0,4,0,17,68,0,10,1
round5_learned,v124,2026102204,1,opponent,528,86049.0,4,0,17,67,2,10,1
round5_learned,v124,2026102204,1,opponent,552,95522.0,4,0,17,68,1,10,1
round5_learned,v124,2026102204,1,opponent,576,104536.0,4,0,17,68,1,10,1
round5_learned,v124,2026102204,1,opponent,600,112795.0,4,0,17,68,1,10,1
round5_learned,v124,2026102204,1,opponent,624,121432.0,4,0,17,68,1,10,1
round5_learned,v124,2026102204,1,opponent,648,128995.0,4,0,17,68,1,10,1
round5_learned,v124,2026102204,1,opponent,672,143642.0,4,0,17,56,1,10,1
round5_learned,v124,2026102204,1,opponent,696,154511.0,4,0,17,31,1,10,1
round5_learned,v124,2026102204,1,opponent,719,177130.0,4,13,17,10,1,10,1
round5_learned,v124,2026102205,0,learner,0,3000.0,1,0,0,0,0,0,0
round5_learned,v124,2026102205,0,learner,24,2169.0,1,0,0,8,0,170,10
round5_learned,v124,2026102205,0,learner,48,2165.0,1,0,0,18,0,0,0
round5_learned,v124,2026102205,0,learner,72,513.0,1,0,0,24,0,1000,11
round5_learned,v124,2026102205,0,learner,96,477.0,1,0,0,24,1,760,8
round5_learned,v124,2026102205,0,learner,120,33.0,1,0,0,17,8,1080,11
round5_learned,v124,2026102205,0,learner,144,83.0,1,0,0,14,11,800,8
round5_learned,v124,2026102205,0,learner,168,373.0,1,0,0,14,11,700,7
round5_learned,v124,2026102205,0,learner,192,260.0,1,0,0,15,9,500,5
round5_learned,v124,2026102205,0,learner,216,317.0,1,0,0,14,9,400,4
round5_learned,v124,2026102205,0,learner,240,228.0,1,0,0,15,9,230,5
round5_learned,v124,2026102205,0,learner,264,3.0,1,0,0,20,4,220,13
round5_learned,v124,2026102205,0,learner,288,1.0,1,0,0,20,4,220,13
round5_learned,v124,2026102205,0,learner,312,52.0,1,0,0,17,5,1120,22
round5_learned,v124,2026102205,0,learner,336,323.0,1,0,0,21,3,1430,26
round5_learned,v124,2026102205,0,learner,360,4288.0,1,0,0,21,3,1740,30
round5_learned,v124,2026102205,0,learner,384,1696.0,3,0,0,35,3,1600,34
round5_learned,v124,2026102205,0,learner,408,185.0,3,0,0,45,1,2170,50
round5_learned,v124,2026102205,0,learner,432,11.0,3,0,0,50,1,2280,61
round5_learned,v124,2026102205,0,learner,456,4.0,3,0,0,51,1,2200,62
round5_learned,v124,2026102205,0,learner,480,6.0,3,0,0,43,15,2130,64
round5_learned,v124,2026102205,0,learner,504,1902.0,3,0,0,44,15,2430,79
round5_learned,v124,2026102205,0,learner,528,1518.0,3,0,0,43,24,1150,69
round5_learned,v124,2026102205,0,learner,552,1807.0,3,0,0,46,24,1720,100
round5_learned,v124,2026102205,0,learner,576,610.0,3,0,0,42,29,2700,152
round5_learned,v124,2026102205,0,learner,600,1270.0,3,0,0,43,29,2820,160
round5_learned,v124,2026102205,0,learner,624,1140.0,3,0,0,43,30,2580,148
round5_learned,v124,2026102205,0,learner,648,1497.0,3,0,0,37,35,2600,149
round5_learned,v124,2026102205,0,learner,672,2776.0,3,0,0,35,36,2750,157
round5_learned,v124,2026102205,0,learner,696,3961.0,3,0,0,36,36,2750,157
round5_learned,v124,2026102205,0,learner,719,5161.0,3,9,0,37,34,2780,159
round5_learned,v124,2026102205,0,opponent,0,3000.0,1,0,0,0,0,0,0
round5_learned,v124,2026102205,0,opponent,24,30.0,1,0,4,19,0,0,0
round5_learned,v124,2026102205,0,opponent,48,96.0,1,0,4,19,0,0,0
round5_learned,v124,2026102205,0,opponent,72,214.0,1,0,5,19,0,0,0
round5_learned,v124,2026102205,0,opponent,96,303.0,1,0,6,19,0,0,0
round5_learned,v124,2026102205,0,opponent,120,728.0,1,0,6,19,0,0,0
round5_learned,v124,2026102205,0,opponent,144,861.0,1,0,6,19,0,0,0
round5_learned,v124,2026102205,0,opponent,168,902.0,2,0,8,29,0,0,0
round5_learned,v124,2026102205,0,opponent,192,775.0,2,0,10,37,0,0,0
round5_learned,v124,2026102205,0,opponent,216,1597.0,2,0,12,37,0,0,0
round5_learned,v124,2026102205,0,opponent,240,2698.0,2,0,13,37,0,0,0
round5_learned,v124,2026102205,0,opponent,264,16615.0,2,0,16,32,0,0,0
round5_learned,v124,2026102205,0,opponent,288,17286.0,3,0,17,53,0,0,0
round5_learned,v124,2026102205,0,opponent,312,21144.0,3,0,17,57,0,0,0
round5_learned,v124,2026102205,0,opponent,336,23384.0,3,0,17,57,0,0,0
round5_learned,v124,2026102205,0,opponent,360,27650.0,3,0,17,57,0,0,0
round5_learned,v124,2026102205,0,opponent,384,32932.0,3,0,17,57,0,10,1
round5_learned,v124,2026102205,0,opponent,408,40815.0,3,0,17,58,0,10,1
round5_learned,v124,2026102205,0,opponent,432,46461.0,3,0,17,58,0,10,1
round5_learned,v124,2026102205,0,opponent,456,52179.0,3,0,17,58,0,10,1
round5_learned,v124,2026102205,0,opponent,480,56986.0,3,0,17,58,0,10,1
round5_learned,v124,2026102205,0,opponent,504,64218.0,3,0,17,58,0,10,1
round5_learned,v124,2026102205,0,opponent,528,73719.0,3,0,17,57,1,10,1
round5_learned,v124,2026102205,0,opponent,552,80923.0,3,0,17,58,0,10,1
round5_learned,v124,2026102205,0,opponent,576,88982.0,3,0,17,58,0,10,1
round5_learned,v124,2026102205,0,opponent,600,96668.0,3,0,17,58,0,10,1
round5_learned,v124,2026102205,0,opponent,624,102417.0,3,0,17,58,0,10,1
round5_learned,v124,2026102205,0,opponent,648,106046.0,3,0,17,58,0,10,1
round5_learned,v124,2026102205,0,opponent,672,117945.0,3,0,17,46,0,10,1
round5_learned,v124,2026102205,0,opponent,696,122576.0,3,0,17,21,1,10,1
round5_learned,v124,2026102205,0,opponent,719,139651.0,3,11,17,0,1,10,1
round5_learned,v124,2026102205,1,learner,0,3000.0,1,0,0,0,0,0,0
round5_learned,v124,2026102205,1,learner,24,2309.0,1,0,0,8,0,100,10
round5_learned,v124,2026102205,1,learner,48,2381.0,1,0,0,18,0,0,0
round5_learned,v124,2026102205,1,learner,72,887.0,1,0,0,19,1,1080,12
round5_learned,v124,2026102205,1,learner,96,913.0,1,0,0,24,0,380,4
round5_learned,v124,2026102205,1,learner,120,664.0,1,0,0,22,2,100,1
round5_learned,v124,2026102205,1,learner,144,861.0,1,0,0,22,2,0,0
round5_learned,v124,2026102205,1,learner,168,9.0,1,0,0,22,1,1040,13
round5_learned,v124,2026102205,1,learner,192,61.0,1,0,0,22,1,1040,13
round5_learned,v124,2026102205,1,learner,216,7.0,1,0,0,23,0,960,12
round5_learned,v124,2026102205,1,learner,240,0.0,1,0,0,21,2,960,12
round5_learned,v124,2026102205,1,learner,264,151.0,1,0,0,16,6,960,12
round5_learned,v124,2026102205,1,learner,288,3.0,1,0,0,20,4,610,13
round5_learned,v124,2026102205,1,learner,312,1.0,1,0,0,18,4,610,13
round5_learned,v124,2026102205,1,learner,336,957.0,2,0,0,12,15,480,14
round5_learned,v124,2026102205,1,learner,360,78.0,2,0,0,26,5,320,16
round5_learned,v124,2026102205,1,learner,384,4.0,2,0,0,31,2,280,12
round5_learned,v124,2026102205,1,learner,408,4085.0,2,0,0,29,3,630,27
round5_learned,v124,2026102205,1,learner,432,4432.0,2,0,0,24,10,680,31
round5_learned,v124,2026102205,1,learner,456,4796.0,2,0,0,26,8,710,38
round5_learned,v124,2026102205,1,learner,480,4977.0,2,0,0,24,9,790,46
round5_learned,v124,2026102205,1,learner,504,5341.0,2,0,0,24,9,880,55
round5_learned,v124,2026102205,1,learner,528,5588.0,2,0,0,20,13,980,65
round5_learned,v124,2026102205,1,learner,552,5955.0,2,0,0,19,15,1080,75
round5_learned,v124,2026102205,1,learner,576,6178.0,2,0,0,16,17,1160,83
round5_learned,v124,2026102205,1,learner,600,6629.0,2,0,0,16,15,1260,93
round5_learned,v124,2026102205,1,learner,624,7076.0,2,0,0,16,15,1350,102
round5_learned,v124,2026102205,1,learner,648,8371.0,2,0,0,19,14,1360,103
round5_learned,v124,2026102205,1,learner,672,7782.0,2,0,0,21,14,1400,107
round5_learned,v124,2026102205,1,learner,696,7485.0,2,0,0,20,14,1390,106
round5_learned,v124,2026102205,1,learner,719,5562.0,2,16,0,30,12,1280,95
round5_learned,v124,2026102205,1,opponent,0,3000.0,1,0,0,0,0,0,0
round5_learned,v124,2026102205,1,opponent,24,30.0,1,0,4,19,0,0,0
round5_learned,v124,2026102205,1,opponent,48,99.0,1,0,4,19,0,0,0
round5_learned,v124,2026102205,1,opponent,72,215.0,1,0,5,19,0,0,0
round5_learned,v124,2026102205,1,opponent,96,301.0,1,0,6,19,0,0,0
round5_learned,v124,2026102205,1,opponent,120,726.0,1,0,6,19,0,0,0
round5_learned,v124,2026102205,1,opponent,144,859.0,1,0,6,19,0,0,0
round5_learned,v124,2026102205,1,opponent,168,1241.0,2,0,8,29,0,0,0
round5_learned,v124,2026102205,1,opponent,192,715.0,2,0,10,37,0,0,0
round5_learned,v124,2026102205,1,opponent,216,1736.0,2,0,12,37,0,0,0
round5_learned,v124,2026102205,1,opponent,240,2835.0,2,0,13,37,0,0,0
round5_learned,v124,2026102205,1,opponent,264,17193.0,2,0,16,32,0,0,0
round5_learned,v124,2026102205,1,opponent,288,18435.0,3,0,17,53,0,0,0
round5_learned,v124,2026102205,1,opponent,312,22795.0,3,0,17,57,0,0,0
round5_learned,v124,2026102205,1,opponent,336,25589.0,3,0,17,57,0,0,0
round5_learned,v124,2026102205,1,opponent,360,31121.0,3,0,17,57,0,0,0
round5_learned,v124,2026102205,1,opponent,384,39156.0,3,0,17,57,0,10,1
round5_learned,v124,2026102205,1,opponent,408,48278.0,3,0,17,58,0,10,1
round5_learned,v124,2026102205,1,opponent,432,53830.0,3,0,17,58,0,10,1
round5_learned,v124,2026102205,1,opponent,456,55169.0,4,0,17,68,0,10,1
round5_learned,v124,2026102205,1,opponent,480,60469.0,4,0,17,68,0,10,1
round5_learned,v124,2026102205,1,opponent,504,67400.0,4,0,17,68,0,10,1
round5_learned,v124,2026102205,1,opponent,528,76039.0,4,0,17,67,2,10,1
round5_learned,v124,2026102205,1,opponent,552,83170.0,4,0,17,68,1,10,1
round5_learned,v124,2026102205,1,opponent,576,89801.0,4,0,17,68,1,10,1
round5_learned,v124,2026102205,1,opponent,600,95456.0,4,0,17,68,1,10,1
round5_learned,v124,2026102205,1,opponent,624,102093.0,4,0,17,68,1,10,1
round5_learned,v124,2026102205,1,opponent,648,110057.0,4,0,17,68,1,10,1
round5_learned,v124,2026102205,1,opponent,672,123587.0,4,0,17,56,1,10,1
round5_learned,v124,2026102205,1,opponent,696,133442.0,4,0,17,31,2,10,1
round5_learned,v124,2026102205,1,opponent,719,154553.0,4,13,17,10,2,10,1
round5_learned,v124,2026102206,0,learner,0,3000.0,1,0,0,0,0,0,0
round5_learned,v124,2026102206,0,learner,24,2169.0,1,0,0,8,0,170,10
round5_learned,v124,2026102206,0,learner,48,2165.0,1,0,0,18,0,0,0
round5_learned,v124,2026102206,0,learner,72,513.0,1,0,0,24,0,1000,11
round5_learned,v124,2026102206,0,learner,96,477.0,1,0,0,23,2,760,8
round5_learned,v124,2026102206,0,learner,120,443.0,1,0,0,16,9,580,6
round5_learned,v124,2026102206,0,learner,144,196.0,1,0,0,12,13,860,9
round5_learned,v124,2026102206,0,learner,168,251.0,1,0,0,12,13,780,8
round5_learned,v124,2026102206,0,learner,192,212.0,1,0,0,10,15,780,8
round5_learned,v124,2026102206,0,learner,216,275.0,1,0,0,10,15,700,7
round5_learned,v124,2026102206,0,learner,240,218.0,1,0,0,11,14,700,7
round5_learned,v124,2026102206,0,learner,264,153.0,1,0,0,14,10,470,11
round5_learned,v124,2026102206,0,learner,288,0.0,1,0,0,18,7,170,8
round5_learned,v124,2026102206,0,learner,312,134.0,1,0,0,20,5,890,17
round5_learned,v124,2026102206,0,learner,336,6.0,1,0,0,22,2,330,15
round5_learned,v124,2026102206,0,learner,360,3451.0,1,0,0,22,2,1440,27
round5_learned,v124,2026102206,0,learner,384,4447.0,1,0,0,20,4,2340,36
round5_learned,v124,2026102206,0,learner,408,259.0,3,0,0,37,3,1640,38
round5_learned,v124,2026102206,0,learner,432,700.0,3,0,0,43,3,1570,40
round5_learned,v124,2026102206,0,learner,456,177.0,3,0,0,46,5,1520,44
round5_learned,v124,2026102206,0,learner,480,3.0,3,0,0,51,6,1450,37
round5_learned,v124,2026102206,0,learner,504,2.0,3,0,0,51,9,1660,40
round5_learned,v124,2026102206,0,learner,528,157.0,3,0,0,44,17,2380,58
round5_learned,v124,2026102206,0,learner,552,116.0,3,0,0,49,16,1750,54
round5_learned,v124,2026102206,0,learner,576,3762.0,3,0,0,67,4,1100,43
round5_learned,v124,2026102206,0,learner,600,3360.0,3,0,0,71,2,1300,57
round5_learned,v124,2026102206,0,learner,624,4544.0,3,0,0,69,4,1000,50
round5_learned,v124,2026102206,0,learner,648,6129.0,3,0,0,69,5,860,46
round5_learned,v124,2026102206,0,learner,672,8828.0,3,0,0,72,2,880,44
round5_learned,v124,2026102206,0,learner,696,10636.0,3,0,0,69,5,770,35
round5_learned,v124,2026102206,0,learner,719,14920.0,3,13,0,70,4,680,27
round5_learned,v124,2026102206,0,opponent,0,3000.0,1,0,0,0,0,0,0
round5_learned,v124,2026102206,0,opponent,24,30.0,1,0,4,19,0,0,0
round5_learned,v124,2026102206,0,opponent,48,96.0,1,0,4,19,0,0,0
round5_learned,v124,2026102206,0,opponent,72,214.0,1,0,5,19,0,0,0
round5_learned,v124,2026102206,0,opponent,96,304.0,1,0,6,19,0,0,0
round5_learned,v124,2026102206,0,opponent,120,727.0,1,0,6,19,0,0,0
round5_learned,v124,2026102206,0,opponent,144,862.0,1,0,6,19,0,0,0
round5_learned,v124,2026102206,0,opponent,168,905.0,2,0,8,29,0,0,0
round5_learned,v124,2026102206,0,opponent,192,778.0,2,0,10,37,0,0,0
round5_learned,v124,2026102206,0,opponent,216,1579.0,2,0,12,37,0,0,0
round5_learned,v124,2026102206,0,opponent,240,2665.0,2,0,13,37,0,0,0
round5_learned,v124,2026102206,0,opponent,264,18026.0,2,0,16,32,0,0,0
round5_learned,v124,2026102206,0,opponent,288,18463.0,3,0,17,53,0,0,0
round5_learned,v124,2026102206,0,opponent,312,22572.0,3,0,17,57,0,0,0
round5_learned,v124,2026102206,0,opponent,336,25160.0,3,0,17,57,0,0,0
round5_learned,v124,2026102206,0,opponent,360,30424.0,3,0,17,57,0,0,0
round5_learned,v124,2026102206,0,opponent,384,37557.0,3,0,17,57,0,10,1
round5_learned,v124,2026102206,0,opponent,408,48534.0,3,0,17,58,0,10,1
round5_learned,v124,2026102206,0,opponent,432,55305.0,3,0,17,58,0,10,1
round5_learned,v124,2026102206,0,opponent,456,63209.0,3,0,17,58,0,10,1
round5_learned,v124,2026102206,0,opponent,480,70174.0,3,0,17,58,0,10,1
round5_learned,v124,2026102206,0,opponent,504,80108.0,3,0,17,58,0,10,1
round5_learned,v124,2026102206,0,opponent,528,92662.0,3,0,17,57,1,10,1
round5_learned,v124,2026102206,0,opponent,552,103425.0,3,0,17,58,0,10,1
round5_learned,v124,2026102206,0,opponent,576,114287.0,3,0,17,58,0,10,1
round5_learned,v124,2026102206,0,opponent,600,124816.0,3,0,17,58,0,10,1
round5_learned,v124,2026102206,0,opponent,624,133419.0,3,0,17,58,0,10,1
round5_learned,v124,2026102206,0,opponent,648,139252.0,3,0,17,58,0,10,1
round5_learned,v124,2026102206,0,opponent,672,153670.0,3,0,17,46,0,10,1
round5_learned,v124,2026102206,0,opponent,696,160972.0,3,0,17,21,0,10,1
round5_learned,v124,2026102206,0,opponent,719,181512.0,3,11,17,0,0,10,1
round5_learned,v124,2026102206,1,learner,0,3000.0,1,0,0,0,0,0,0
round5_learned,v124,2026102206,1,learner,24,2309.0,1,0,0,8,0,100,10
round5_learned,v124,2026102206,1,learner,48,2381.0,1,0,0,18,0,0,0
round5_learned,v124,2026102206,1,learner,72,887.0,1,0,0,19,1,1080,12
round5_learned,v124,2026102206,1,learner,96,913.0,1,0,0,24,0,380,4
round5_learned,v124,2026102206,1,learner,120,664.0,1,0,0,22,2,100,1
round5_learned,v124,2026102206,1,learner,144,861.0,1,0,0,22,2,0,0
round5_learned,v124,2026102206,1,learner,168,85.0,1,0,0,23,1,890,10
round5_learned,v124,2026102206,1,learner,192,20.0,1,0,0,23,1,890,10
round5_learned,v124,2026102206,1,learner,216,0.0,1,0,0,23,1,890,10
round5_learned,v124,2026102206,1,learner,240,238.0,1,0,0,20,4,890,10
round5_learned,v124,2026102206,1,learner,264,19.0,1,0,0,11,13,790,9
round5_learned,v124,2026102206,1,learner,288,7.0,1,0,0,14,10,490,6
round5_learned,v124,2026102206,1,learner,312,0.0,1,0,0,14,10,290,4
round5_learned,v124,2026102206,1,learner,336,6.0,1,0,0,15,8,50,1
round5_learned,v124,2026102206,1,learner,360,2.0,1,0,0,15,6,50,1
round5_learned,v124,2026102206,1,learner,384,2863.0,1,0,0,22,3,800,20
round5_learned,v124,2026102206,1,learner,408,3261.0,1,0,0,25,0,2040,39
round5_learned,v124,2026102206,1,learner,432,3405.0,2,0,0,31,0,1880,48
round5_learned,v124,2026102206,1,learner,456,3615.0,2,0,0,30,1,1910,60
round5_learned,v124,2026102206,1,learner,480,4332.0,2,0,0,22,10,2030,72
round5_learned,v124,2026102206,1,learner,504,4295.0,2,0,0,16,15,2150,84
round5_learned,v124,2026102206,1,learner,528,4111.0,2,0,0,19,12,2090,92
round5_learned,v124,2026102206,1,learner,552,4253.0,2,0,0,19,12,2210,104
round5_learned,v124,2026102206,1,learner,576,4118.0,2,0,0,16,17,2290,112
round5_learned,v124,2026102206,1,learner,600,4052.0,2,0,0,16,18,2460,132
round5_learned,v124,2026102206,1,learner,624,4092.0,2,0,0,10,24,2560,142
round5_learned,v124,2026102206,1,learner,648,3960.0,2,0,0,9,25,3190,177
round5_learned,v124,2026102206,1,learner,672,4205.0,2,0,0,7,27,3190,187
round5_learned,v124,2026102206,1,learner,696,4107.0,2,0,0,9,26,3140,197
round5_learned,v124,2026102206,1,learner,719,4182.0,2,6,0,10,26,3040,196
round5_learned,v124,2026102206,1,opponent,0,3000.0,1,0,0,0,0,0,0
round5_learned,v124,2026102206,1,opponent,24,30.0,1,0,4,19,0,0,0
round5_learned,v124,2026102206,1,opponent,48,99.0,1,0,4,19,0,0,0
round5_learned,v124,2026102206,1,opponent,72,215.0,1,0,5,19,0,0,0
round5_learned,v124,2026102206,1,opponent,96,301.0,1,0,6,19,0,0,0
round5_learned,v124,2026102206,1,opponent,120,726.0,1,0,6,19,0,0,0
round5_learned,v124,2026102206,1,opponent,144,859.0,1,0,6,19,0,0,0
round5_learned,v124,2026102206,1,opponent,168,903.0,2,0,8,29,0,0,0
round5_learned,v124,2026102206,1,opponent,192,683.0,2,0,10,37,0,0,0
round5_learned,v124,2026102206,1,opponent,216,1601.0,2,0,12,37,0,0,0
round5_learned,v124,2026102206,1,opponent,240,2701.0,2,0,13,37,0,0,0
round5_learned,v124,2026102206,1,opponent,264,17084.0,2,0,16,32,0,0,0
round5_learned,v124,2026102206,1,opponent,288,17691.0,3,0,17,53,0,0,0
round5_learned,v124,2026102206,1,opponent,312,21530.0,3,0,17,57,0,0,0
round5_learned,v124,2026102206,1,opponent,336,23887.0,3,0,17,57,0,0,0
round5_learned,v124,2026102206,1,opponent,360,28576.0,3,0,17,57,0,0,0
round5_learned,v124,2026102206,1,opponent,384,34249.0,3,0,17,57,0,10,1
round5_learned,v124,2026102206,1,opponent,408,41927.0,3,0,17,58,0,10,1
round5_learned,v124,2026102206,1,opponent,432,46754.0,3,0,17,58,0,10,1
round5_learned,v124,2026102206,1,opponent,456,51964.0,3,0,17,58,0,10,1
round5_learned,v124,2026102206,1,opponent,480,56054.0,3,0,17,58,0,10,1
round5_learned,v124,2026102206,1,opponent,504,62022.0,3,0,17,58,0,10,1
round5_learned,v124,2026102206,1,opponent,528,68822.0,3,0,17,57,1,10,1
round5_learned,v124,2026102206,1,opponent,552,73330.0,3,0,17,58,0,10,1
round5_learned,v124,2026102206,1,opponent,576,78027.0,3,0,17,58,0,10,1
round5_learned,v124,2026102206,1,opponent,600,81819.0,3,0,17,58,0,10,1
round5_learned,v124,2026102206,1,opponent,624,86007.0,3,0,17,58,0,10,1
round5_learned,v124,2026102206,1,opponent,648,89553.0,3,0,17,58,0,10,1
round5_learned,v124,2026102206,1,opponent,672,93978.0,3,0,17,46,0,10,1
round5_learned,v124,2026102206,1,opponent,696,99148.0,3,0,17,21,0,10,1
round5_learned,v124,2026102206,1,opponent,719,108376.0,3,11,17,0,0,10,1
round5_learned,v124,2026102207,0,learner,0,3000.0,1,0,0,0,0,0,0
round5_learned,v124,2026102207,0,learner,24,2169.0,1,0,0,8,1,170,10
round5_learned,v124,2026102207,0,learner,48,2165.0,1,0,0,18,1,0,0
round5_learned,v124,2026102207,0,learner,72,413.0,1,0,0,24,0,1180,13
round5_learned,v124,2026102207,0,learner,96,319.0,1,0,0,22,3,940,10
round5_learned,v124,2026102207,0,learner,120,285.0,1,0,0,16,9,760,8
round5_learned,v124,2026102207,0,learner,144,498.0,1,0,0,14,10,500,5
round5_learned,v124,2026102207,0,learner,168,568.0,1,0,0,14,10,540,9
round5_learned,v124,2026102207,0,learner,192,602.0,1,0,0,13,11,560,11
round5_learned,v124,2026102207,0,learner,216,736.0,1,0,0,11,13,560,11
round5_learned,v124,2026102207,0,learner,240,766.0,1,0,0,13,10,360,9
round5_learned,v124,2026102207,0,learner,264,3.0,1,0,0,18,6,610,16
round5_learned,v124,2026102207,0,learner,288,1.0,1,0,0,18,6,610,16
round5_learned,v124,2026102207,0,learner,312,732.0,2,0,0,14,12,850,22
round5_learned,v124,2026102207,0,learner,336,8.0,2,0,0,30,8,190,10
round5_learned,v124,2026102207,0,learner,360,1995.0,2,0,0,32,7,1500,24
round5_learned,v124,2026102207,0,learner,384,16.0,3,0,0,30,9,1370,29
round5_learned,v124,2026102207,0,learner,408,5.0,3,0,0,45,6,840,26
round5_learned,v124,2026102207,0,learner,432,24.0,3,0,0,47,8,1850,46
round5_learned,v124,2026102207,0,learner,456,1.0,3,0,0,44,13,1590,47
round5_learned,v124,2026102207,0,learner,480,48.0,3,0,0,40,18,2100,62
round5_learned,v124,2026102207,0,learner,504,3.0,3,0,0,43,25,1310,55
round5_learned,v124,2026102207,0,learner,528,622.0,3,0,0,45,24,1350,59
round5_learned,v124,2026102207,0,learner,552,994.0,3,0,0,48,21,1420,66
round5_learned,v124,2026102207,0,learner,576,1481.0,3,0,0,54,18,1400,64
round5_learned,v124,2026102207,0,learner,600,2098.0,3,0,0,49,23,1460,70
round5_learned,v124,2026102207,0,learner,624,3325.0,3,0,0,58,16,1390,63
round5_learned,v124,2026102207,0,learner,648,4255.0,3,0,0,59,14,1820,89
round5_learned,v124,2026102207,0,learner,672,4074.0,3,0,0,62,12,1520,71
round5_learned,v124,2026102207,0,learner,696,3581.0,3,0,0,63,12,1360,60
round5_learned,v124,2026102207,0,learner,719,3769.0,3,16,0,62,12,1200,44
round5_learned,v124,2026102207,0,opponent,0,3000.0,1,0,0,0,0,0,0
round5_learned,v124,2026102207,0,opponent,24,30.0,1,0,4,19,0,0,0
round5_learned,v124,2026102207,0,opponent,48,96.0,1,0,4,19,0,0,0
round5_learned,v124,2026102207,0,opponent,72,214.0,1,0,5,19,0,0,0
round5_learned,v124,2026102207,0,opponent,96,304.0,1,0,6,19,0,0,0
round5_learned,v124,2026102207,0,opponent,120,725.0,1,0,6,19,0,0,0
round5_learned,v124,2026102207,0,opponent,144,860.0,1,0,6,19,0,0,0
round5_learned,v124,2026102207,0,opponent,168,903.0,2,0,8,29,0,0,0
round5_learned,v124,2026102207,0,opponent,192,683.0,2,0,10,37,0,0,0
round5_learned,v124,2026102207,0,opponent,216,1580.0,2,0,12,37,0,0,0
round5_learned,v124,2026102207,0,opponent,240,2665.0,2,0,13,37,0,0,0
round5_learned,v124,2026102207,0,opponent,264,16816.0,2,0,16,32,0,0,0
round5_learned,v124,2026102207,0,opponent,288,17767.0,3,0,17,53,0,0,0
round5_learned,v124,2026102207,0,opponent,312,21922.0,3,0,17,57,0,0,0
round5_learned,v124,2026102207,0,opponent,336,24650.0,3,0,17,57,0,0,0
round5_learned,v124,2026102207,0,opponent,360,30188.0,3,0,17,57,0,0,0
round5_learned,v124,2026102207,0,opponent,384,38551.0,3,0,17,57,0,10,1
round5_learned,v124,2026102207,0,opponent,408,48310.0,3,0,17,58,0,10,1
round5_learned,v124,2026102207,0,opponent,432,54567.0,3,0,17,58,0,10,1
round5_learned,v124,2026102207,0,opponent,456,56800.0,4,0,17,68,0,10,1
round5_learned,v124,2026102207,0,opponent,480,63023.0,4,0,17,68,1,10,1
round5_learned,v124,2026102207,0,opponent,504,71583.0,4,0,17,68,1,10,1
round5_learned,v124,2026102207,0,opponent,528,82610.0,4,0,17,67,2,10,1
round5_learned,v124,2026102207,0,opponent,552,91982.0,4,0,17,68,1,10,1
round5_learned,v124,2026102207,0,opponent,576,101180.0,4,0,17,68,1,10,1
round5_learned,v124,2026102207,0,opponent,600,109642.0,4,0,17,68,1,10,1
round5_learned,v124,2026102207,0,opponent,624,117857.0,4,0,17,68,1,10,1
round5_learned,v124,2026102207,0,opponent,648,126387.0,4,0,17,68,1,10,1
round5_learned,v124,2026102207,0,opponent,672,142774.0,4,0,17,56,1,10,1
round5_learned,v124,2026102207,0,opponent,696,155303.0,4,0,17,31,2,10,1
round5_learned,v124,2026102207,0,opponent,719,179919.0,4,13,17,10,2,10,1
round5_learned,v124,2026102207,1,learner,0,3000.0,1,0,0,0,0,0,0
round5_learned,v124,2026102207,1,learner,24,2309.0,1,0,0,8,1,100,10
round5_learned,v124,2026102207,1,learner,48,2381.0,1,0,0,18,1,0,0
round5_learned,v124,2026102207,1,learner,72,887.0,1,0,0,20,0,1160,13
round5_learned,v124,2026102207,1,learner,96,227.0,1,0,0,20,0,1740,19
round5_learned,v124,2026102207,1,learner,120,347.0,1,0,0,11,12,1400,15
round5_learned,v124,2026102207,1,learner,144,150.0,1,0,0,15,8,780,8
round5_learned,v124,2026102207,1,learner,168,5.0,1,0,0,17,8,780,8
round5_learned,v124,2026102207,1,learner,192,161.0,1,0,0,14,11,780,8
round5_learned,v124,2026102207,1,learner,216,52.0,1,0,0,15,10,500,5
round5_learned,v124,2026102207,1,learner,240,199.0,1,0,0,16,9,400,4
round5_learned,v124,2026102207,1,learner,264,7.0,1,0,0,18,7,250,7
round5_learned,v124,2026102207,1,learner,288,0.0,1,0,0,18,7,250,7
round5_learned,v124,2026102207,1,learner,312,4.0,2,0,0,19,8,470,11
round5_learned,v124,2026102207,1,learner,336,0.0,2,0,0,21,9,250,7
round5_learned,v124,2026102207,1,learner,360,372.0,2,0,0,24,10,490,13
round5_learned,v124,2026102207,1,learner,384,6.0,2,0,0,26,9,140,5
round5_learned,v124,2026102207,1,learner,408,3512.0,2,0,0,26,8,590,19
round5_learned,v124,2026102207,1,learner,432,3351.0,2,0,0,28,6,630,23
round5_learned,v124,2026102207,1,learner,456,3839.0,2,0,0,25,8,680,37
round5_learned,v124,2026102207,1,learner,480,4960.0,2,0,0,26,6,740,43
round5_learned,v124,2026102207,1,learner,504,5774.0,2,0,0,26,7,870,56
round5_learned,v124,2026102207,1,learner,528,6558.0,2,0,0,26,7,960,65
round5_learned,v124,2026102207,1,learner,552,7133.0,2,0,0,24,8,1070,76
round5_learned,v124,2026102207,1,learner,576,7913.0,2,0,0,27,6,1100,79
round5_learned,v124,2026102207,1,learner,600,8384.0,2,0,0,26,7,1340,97
round5_learned,v124,2026102207,1,learner,624,9016.0,2,0,0,25,10,1380,101
round5_learned,v124,2026102207,1,learner,648,9628.0,2,0,0,23,13,1970,136
round5_learned,v124,2026102207,1,learner,672,10217.0,2,0,0,24,14,2020,143
round5_learned,v124,2026102207,1,learner,696,11363.0,2,0,0,26,13,1990,144
round5_learned,v124,2026102207,1,learner,719,11309.0,2,15,0,30,13,1800,134
round5_learned,v124,2026102207,1,opponent,0,3000.0,1,0,0,0,0,0,0
round5_learned,v124,2026102207,1,opponent,24,30.0,1,0,4,19,0,0,0
round5_learned,v124,2026102207,1,opponent,48,99.0,1,0,4,19,0,0,0
round5_learned,v124,2026102207,1,opponent,72,215.0,1,0,5,19,0,0,0
round5_learned,v124,2026102207,1,opponent,96,300.0,1,0,6,19,0,0,0
round5_learned,v124,2026102207,1,opponent,120,725.0,1,0,6,19,0,0,0
round5_learned,v124,2026102207,1,opponent,144,860.0,1,0,6,19,0,0,0
round5_learned,v124,2026102207,1,opponent,168,903.0,2,0,8,29,0,0,0
round5_learned,v124,2026102207,1,opponent,192,683.0,2,0,10,37,0,0,0
round5_learned,v124,2026102207,1,opponent,216,1581.0,2,0,12,37,0,0,0
round5_learned,v124,2026102207,1,opponent,240,2667.0,2,0,13,37,0,0,0
round5_learned,v124,2026102207,1,opponent,264,16536.0,2,0,16,32,0,0,0
round5_learned,v124,2026102207,1,opponent,288,17187.0,3,0,17,53,0,0,0
round5_learned,v124,2026102207,1,opponent,312,21027.0,3,0,17,57,0,0,0
round5_learned,v124,2026102207,1,opponent,336,23385.0,3,0,17,57,0,0,0
round5_learned,v124,2026102207,1,opponent,360,28083.0,3,0,17,57,0,0,0
round5_learned,v124,2026102207,1,opponent,384,34264.0,3,0,17,57,0,10,1
round5_learned,v124,2026102207,1,opponent,408,42498.0,3,0,17,58,0,10,1
round5_learned,v124,2026102207,1,opponent,432,48090.0,3,0,17,58,0,10,1
round5_learned,v124,2026102207,1,opponent,456,53880.0,3,0,17,58,0,10,1
round5_learned,v124,2026102207,1,opponent,480,58693.0,3,0,17,58,0,10,1
round5_learned,v124,2026102207,1,opponent,504,65545.0,3,0,17,58,0,10,1
round5_learned,v124,2026102207,1,opponent,528,74541.0,3,0,17,57,1,10,1
round5_learned,v124,2026102207,1,opponent,552,81593.0,3,0,17,58,0,10,1
round5_learned,v124,2026102207,1,opponent,576,89318.0,3,0,17,58,0,10,1
round5_learned,v124,2026102207,1,opponent,600,96514.0,3,0,17,58,0,10,1
round5_learned,v124,2026102207,1,opponent,624,102624.0,3,0,17,58,0,10,1
round5_learned,v124,2026102207,1,opponent,648,106669.0,3,0,17,58,0,10,1
round5_learned,v124,2026102207,1,opponent,672,117804.0,3,0,17,46,0,10,1
round5_learned,v124,2026102207,1,opponent,696,122431.0,3,0,17,21,1,10,1
round5_learned,v124,2026102207,1,opponent,719,139400.0,3,11,17,0,1,10,1
round5_learned,v124,2026102208,0,learner,0,3000.0,1,0,0,0,0,0,0
round5_learned,v124,2026102208,0,learner,24,2169.0,1,0,0,8,0,170,10
round5_learned,v124,2026102208,0,learner,48,2165.0,1,0,0,18,0,0,0
round5_learned,v124,2026102208,0,learner,72,513.0,1,0,0,24,0,1000,11
round5_learned,v124,2026102208,0,learner,96,477.0,1,0,0,23,2,760,8
round5_learned,v124,2026102208,0,learner,120,443.0,1,0,0,16,9,580,6
round5_learned,v124,2026102208,0,learner,144,196.0,1,0,0,12,13,860,9
round5_learned,v124,2026102208,0,learner,168,151.0,1,0,0,13,12,800,8
round5_learned,v124,2026102208,0,learner,192,201.0,1,0,0,12,13,700,7
round5_learned,v124,2026102208,0,learner,216,251.0,1,0,0,13,12,600,6
round5_learned,v124,2026102208,0,learner,240,192.0,1,0,0,14,11,500,5
round5_learned,v124,2026102208,0,learner,264,188.0,1,0,0,17,8,280,10
round5_learned,v124,2026102208,0,learner,288,3.0,1,0,0,18,6,330,15
round5_learned,v124,2026102208,0,learner,312,163.0,1,0,0,20,4,1000,19
round5_learned,v124,2026102208,0,learner,336,75.0,1,0,0,23,1,690,15
round5_learned,v124,2026102208,0,learner,360,3430.0,1,0,0,25,0,1280,20
round5_learned,v124,2026102208,0,learner,384,4808.0,1,0,0,25,0,2380,31
round5_learned,v124,2026102208,0,learner,408,787.0,3,0,0,36,0,1700,35
round5_learned,v124,2026102208,0,learner,432,218.0,3,0,0,37,1,2420,53
round5_learned,v124,2026102208,0,learner,456,388.0,3,0,0,40,4,2440,64
round5_learned,v124,2026102208,0,learner,480,173.0,3,0,0,46,3,2250,72
round5_learned,v124,2026102208,0,learner,504,163.0,3,0,0,51,5,2310,78
round5_learned,v124,2026102208,0,learner,528,1015.0,3,0,0,53,5,2150,85
round5_learned,v124,2026102208,0,learner,552,982.0,3,0,0,56,6,1950,92
round5_learned,v124,2026102208,0,learner,576,2766.0,3,0,0,66,3,1690,96
round5_learned,v124,2026102208,0,learner,600,3189.0,3,0,0,68,5,1890,109
round5_learned,v124,2026102208,0,learner,624,5207.0,3,0,0,70,3,1960,120
round5_learned,v124,2026102208,0,learner,648,5902.0,3,0,0,71,4,1840,114
round5_learned,v124,2026102208,0,learner,672,6501.0,3,0,0,66,8,1650,101
round5_learned,v124,2026102208,0,learner,696,6968.0,3,0,0,67,6,1510,93
round5_learned,v124,2026102208,0,learner,719,11850.0,3,15,0,69,3,1390,85
round5_learned,v124,2026102208,0,opponent,0,3000.0,1,0,0,0,0,0,0
round5_learned,v124,2026102208,0,opponent,24,30.0,1,0,4,19,0,0,0
round5_learned,v124,2026102208,0,opponent,48,96.0,1,0,4,19,0,0,0
round5_learned,v124,2026102208,0,opponent,72,214.0,1,0,5,19,0,0,0
round5_learned,v124,2026102208,0,opponent,96,304.0,1,0,6,19,0,0,0
round5_learned,v124,2026102208,0,opponent,120,727.0,1,0,6,19,0,0,0
round5_learned,v124,2026102208,0,opponent,144,862.0,1,0,6,19,0,0,0
round5_learned,v124,2026102208,0,opponent,168,1302.0,2,0,8,29,0,0,0
round5_learned,v124,2026102208,0,opponent,192,776.0,2,0,10,37,0,0,0
round5_learned,v124,2026102208,0,opponent,216,1859.0,2,0,12,37,0,0,0
round5_learned,v124,2026102208,0,opponent,240,3062.0,2,0,13,37,0,0,0
round5_learned,v124,2026102208,0,opponent,264,18606.0,2,0,16,32,0,0,0
round5_learned,v124,2026102208,0,opponent,288,19272.0,3,0,17,53,0,0,0
round5_learned,v124,2026102208,0,opponent,312,23530.0,3,0,17,57,0,0,0
round5_learned,v124,2026102208,0,opponent,336,26687.0,3,0,17,57,0,0,0
round5_learned,v124,2026102208,0,opponent,360,32671.0,3,0,17,57,0,0,0
round5_learned,v124,2026102208,0,opponent,384,40208.0,3,0,17,57,0,10,1
round5_learned,v124,2026102208,0,opponent,408,48970.0,3,0,17,58,0,10,1
round5_learned,v124,2026102208,0,opponent,432,54178.0,3,0,17,58,0,10,1
round5_learned,v124,2026102208,0,opponent,456,63089.0,3,0,17,58,0,10,1
round5_learned,v124,2026102208,0,opponent,480,71267.0,3,0,17,58,0,10,1
round5_learned,v124,2026102208,0,opponent,504,80296.0,3,0,17,58,0,10,1
round5_learned,v124,2026102208,0,opponent,528,91335.0,3,0,17,57,1,10,1
round5_learned,v124,2026102208,0,opponent,552,101234.0,3,0,17,58,0,10,1
round5_learned,v124,2026102208,0,opponent,576,111607.0,3,0,17,58,0,10,1
round5_learned,v124,2026102208,0,opponent,600,120188.0,3,0,17,58,0,10,1
round5_learned,v124,2026102208,0,opponent,624,129001.0,3,0,17,58,0,10,1
round5_learned,v124,2026102208,0,opponent,648,135106.0,3,0,17,58,0,10,1
round5_learned,v124,2026102208,0,opponent,672,147532.0,3,0,17,46,0,10,1
round5_learned,v124,2026102208,0,opponent,696,157304.0,3,0,17,21,0,10,1
round5_learned,v124,2026102208,0,opponent,719,175959.0,3,11,17,0,0,10,1
round5_learned,v124,2026102208,1,learner,0,3000.0,1,0,0,0,0,0,0
round5_learned,v124,2026102208,1,learner,24,2309.0,1,0,0,8,0,100,10
round5_learned,v124,2026102208,1,learner,48,2381.0,1,0,0,18,0,0,0
round5_learned,v124,2026102208,1,learner,72,887.0,1,0,0,19,1,1080,12
round5_learned,v124,2026102208,1,learner,96,913.0,1,0,0,24,0,380,4
round5_learned,v124,2026102208,1,learner,120,664.0,1,0,0,22,2,100,1
round5_learned,v124,2026102208,1,learner,144,861.0,1,0,0,22,2,0,0
round5_learned,v124,2026102208,1,learner,168,17.0,1,0,0,24,1,860,11
round5_learned,v124,2026102208,1,learner,192,65.0,1,0,0,24,1,860,11
round5_learned,v124,2026102208,1,learner,216,11.0,1,0,0,22,3,860,11
round5_learned,v124,2026102208,1,learner,240,4.0,1,0,0,22,3,760,10
round5_learned,v124,2026102208,1,learner,264,0.0,1,0,0,22,2,680,9
round5_learned,v124,2026102208,1,learner,288,4.0,2,0,0,29,3,230,9
round5_learned,v124,2026102208,1,learner,312,0.0,2,0,0,30,2,200,6
round5_learned,v124,2026102208,1,learner,336,1108.0,2,0,0,17,15,1240,20
round5_learned,v124,2026102208,1,learner,360,1.0,2,0,0,25,9,460,21
round5_learned,v124,2026102208,1,learner,384,1566.0,2,0,0,30,4,1320,39
round5_learned,v124,2026102208,1,learner,408,1779.0,3,0,0,41,3,1100,44
round5_learned,v124,2026102208,1,learner,432,1267.0,3,0,0,56,4,910,46
round5_learned,v124,2026102208,1,learner,456,854.0,3,0,0,58,7,910,46
round5_learned,v124,2026102208,1,learner,480,1126.0,3,0,0,50,17,980,53
round5_learned,v124,2026102208,1,learner,504,1171.0,3,0,0,48,18,1420,79
round5_learned,v124,2026102208,1,learner,528,3012.0,3,0,0,47,24,1330,77
round5_learned,v124,2026102208,1,learner,552,4113.0,3,0,0,43,28,2020,114
round5_learned,v124,2026102208,1,learner,576,4685.0,3,0,0,40,32,2710,152
round5_learned,v124,2026102208,1,learner,600,4558.0,3,0,0,37,34,3840,215
round5_learned,v124,2026102208,1,learner,624,4739.0,3,0,0,37,35,3990,228
round5_learned,v124,2026102208,1,learner,648,5054.0,3,0,0,36,36,4220,244
round5_learned,v124,2026102208,1,learner,672,7025.0,3,0,0,36,36,4720,273
round5_learned,v124,2026102208,1,learner,696,8484.0,3,0,0,35,36,5190,302
round5_learned,v124,2026102208,1,learner,719,11079.0,3,8,0,38,33,4870,286
round5_learned,v124,2026102208,1,opponent,0,3000.0,1,0,0,0,0,0,0
round5_learned,v124,2026102208,1,opponent,24,30.0,1,0,4,19,0,0,0
round5_learned,v124,2026102208,1,opponent,48,99.0,1,0,4,19,0,0,0
round5_learned,v124,2026102208,1,opponent,72,215.0,1,0,5,19,0,0,0
round5_learned,v124,2026102208,1,opponent,96,301.0,1,0,6,19,0,0,0
round5_learned,v124,2026102208,1,opponent,120,726.0,1,0,6,19,0,0,0
round5_learned,v124,2026102208,1,opponent,144,859.0,1,0,6,19,0,0,0
round5_learned,v124,2026102208,1,opponent,168,1301.0,2,0,8,29,0,0,0
round5_learned,v124,2026102208,1,opponent,192,775.0,2,0,10,37,0,0,0
round5_learned,v124,2026102208,1,opponent,216,1601.0,2,0,12,37,0,0,0
round5_learned,v124,2026102208,1,opponent,240,2704.0,2,0,13,37,0,0,0
round5_learned,v124,2026102208,1,opponent,264,16607.0,2,0,16,32,0,0,0
round5_learned,v124,2026102208,1,opponent,288,17210.0,3,0,17,53,0,0,0
round5_learned,v124,2026102208,1,opponent,312,21039.0,3,0,17,57,0,0,0
round5_learned,v124,2026102208,1,opponent,336,23388.0,3,0,17,57,0,0,0
round5_learned,v124,2026102208,1,opponent,360,28071.0,3,0,17,57,0,0,0
round5_learned,v124,2026102208,1,opponent,384,34092.0,3,0,17,57,0,10,1
round5_learned,v124,2026102208,1,opponent,408,42074.0,3,0,17,58,0,10,1
round5_learned,v124,2026102208,1,opponent,432,47453.0,3,0,17,58,0,10,1
round5_learned,v124,2026102208,1,opponent,456,53065.0,3,0,17,58,0,10,1
round5_learned,v124,2026102208,1,opponent,480,57779.0,3,0,17,58,0,10,1
round5_learned,v124,2026102208,1,opponent,504,64554.0,3,0,17,58,0,10,1
round5_learned,v124,2026102208,1,opponent,528,73822.0,3,0,17,57,1,10,1
round5_learned,v124,2026102208,1,opponent,552,81305.0,3,0,17,58,0,10,1
round5_learned,v124,2026102208,1,opponent,576,89593.0,3,0,17,58,0,10,1
round5_learned,v124,2026102208,1,opponent,600,97357.0,3,0,17,58,0,10,1
round5_learned,v124,2026102208,1,opponent,624,103469.0,3,0,17,58,0,10,1
round5_learned,v124,2026102208,1,opponent,648,107627.0,3,0,17,58,0,10,1
round5_learned,v124,2026102208,1,opponent,672,118952.0,3,0,17,46,0,10,1
round5_learned,v124,2026102208,1,opponent,696,124713.0,3,0,17,21,0,10,1
round5_learned,v124,2026102208,1,opponent,719,140675.0,3,11,17,0,0,10,1
round6_full_action_bc,v122,2026102201,0,learner,0,3000.0,1,0,0,0,0,0,0
round6_full_action_bc,v122,2026102201,0,learner,24,1209.0,1,0,2,0,0,580,16
round6_full_action_bc,v122,2026102201,0,learner,48,701.0,1,0,1,2,0,570,22
round6_full_action_bc,v122,2026102201,0,learner,72,49.0,1,0,1,9,0,320,18
round6_full_action_bc,v122,2026102201,0,learner,96,36.0,1,0,2,10,1,330,17
round6_full_action_bc,v122,2026102201,0,learner,120,3.0,1,0,0,15,1,200,11
round6_full_action_bc,v122,2026102201,0,learner,144,56.0,1,0,0,17,1,190,10
round6_full_action_bc,v122,2026102201,0,learner,168,23.0,1,0,0,13,5,60,6
round6_full_action_bc,v122,2026102201,0,learner,192,3.0,1,0,0,15,4,20,2
round6_full_action_bc,v122,2026102201,0,learner,216,71.0,1,0,0,11,8,110,2
round6_full_action_bc,v122,2026102201,0,learner,240,17.0,1,0,0,9,9,0,0
round6_full_action_bc,v122,2026102201,0,learner,264,0.0,1,0,0,9,7,90,2
round6_full_action_bc,v122,2026102201,0,learner,288,8.0,1,0,0,9,7,240,8
round6_full_action_bc,v122,2026102201,0,learner,312,1.0,1,0,0,8,9,220,6
round6_full_action_bc,v122,2026102201,0,learner,336,195.0,1,0,0,5,12,220,6
round6_full_action_bc,v122,2026102201,0,learner,360,8.0,1,0,0,12,5,80,1
round6_full_action_bc,v122,2026102201,0,learner,384,123.0,1,0,0,15,3,100,3
round6_full_action_bc,v122,2026102201,0,learner,408,5.0,1,0,0,16,1,0,0
round6_full_action_bc,v122,2026102201,0,learner,432,2.0,1,0,0,15,3,310,9
round6_full_action_bc,v122,2026102201,0,learner,456,8.0,1,0,0,15,3,720,23
round6_full_action_bc,v122,2026102201,0,learner,480,113.0,1,0,0,14,4,1250,40
round6_full_action_bc,v122,2026102201,0,learner,504,4.0,1,0,0,15,4,980,39
round6_full_action_bc,v122,2026102201,0,learner,528,873.0,1,0,0,15,4,1710,71
round6_full_action_bc,v122,2026102201,0,learner,552,229.0,1,0,0,4,15,2400,92
round6_full_action_bc,v122,2026102201,0,learner,576,125.0,1,0,0,1,17,2900,124
round6_full_action_bc,v122,2026102201,0,learner,600,7.0,1,0,0,1,17,3150,143
round6_full_action_bc,v122,2026102201,0,learner,624,4.0,1,0,0,0,18,3200,148
round6_full_action_bc,v122,2026102201,0,learner,648,0.0,1,0,0,0,18,3200,148
round6_full_action_bc,v122,2026102201,0,learner,672,0.0,1,0,0,0,18,3200,148
round6_full_action_bc,v122,2026102201,0,learner,696,0.0,1,0,0,0,18,3200,148
round6_full_action_bc,v122,2026102201,0,learner,719,0.0,1,0,0,0,18,3200,148
round6_full_action_bc,v122,2026102201,0,opponent,0,3000.0,1,0,0,0,0,0,0
round6_full_action_bc,v122,2026102201,0,opponent,24,35.0,1,0,4,19,0,0,0
round6_full_action_bc,v122,2026102201,0,opponent,48,103.0,1,0,4,19,0,0,0
round6_full_action_bc,v122,2026102201,0,opponent,72,218.0,1,0,5,19,0,0,0
round6_full_action_bc,v122,2026102201,0,opponent,96,303.0,1,0,6,19,0,0,0
round6_full_action_bc,v122,2026102201,0,opponent,120,726.0,1,0,6,19,0,0,0
round6_full_action_bc,v122,2026102201,0,opponent,144,857.0,1,0,6,19,0,0,0
round6_full_action_bc,v122,2026102201,0,opponent,168,1296.0,2,0,8,29,0,0,0
round6_full_action_bc,v122,2026102201,0,opponent,192,766.0,2,0,10,37,0,0,0
round6_full_action_bc,v122,2026102201,0,opponent,216,1567.0,2,0,12,37,0,0,0
round6_full_action_bc,v122,2026102201,0,opponent,240,2655.0,2,0,13,37,0,0,0
round6_full_action_bc,v122,2026102201,0,opponent,264,16539.0,2,0,16,32,0,0,0
round6_full_action_bc,v122,2026102201,0,opponent,288,17193.0,3,0,17,53,0,0,0
round6_full_action_bc,v122,2026102201,0,opponent,312,21054.0,3,0,17,57,0,0,0
round6_full_action_bc,v122,2026102201,0,opponent,336,23269.0,3,0,17,57,0,0,0
round6_full_action_bc,v122,2026102201,0,opponent,360,27720.0,3,0,17,57,0,0,0
round6_full_action_bc,v122,2026102201,0,opponent,384,32227.0,3,0,17,57,1,0,0
round6_full_action_bc,v122,2026102201,0,opponent,408,39139.0,3,0,17,58,0,0,0
round6_full_action_bc,v122,2026102201,0,opponent,432,43986.0,3,0,17,58,0,0,0
round6_full_action_bc,v122,2026102201,0,opponent,456,49447.0,3,0,17,58,0,0,0
round6_full_action_bc,v122,2026102201,0,opponent,480,54074.0,3,0,17,58,0,0,0
round6_full_action_bc,v122,2026102201,0,opponent,504,59850.0,3,0,17,58,0,0,0
round6_full_action_bc,v122,2026102201,0,opponent,528,67264.0,3,0,17,57,1,0,0
round6_full_action_bc,v122,2026102201,0,opponent,552,72275.0,3,0,17,58,0,0,0
round6_full_action_bc,v122,2026102201,0,opponent,576,78211.0,3,0,17,58,0,0,0
round6_full_action_bc,v122,2026102201,0,opponent,600,83669.0,3,0,17,58,0,0,0
round6_full_action_bc,v122,2026102201,0,opponent,624,87803.0,3,0,17,58,0,0,0
round6_full_action_bc,v122,2026102201,0,opponent,648,89704.0,3,0,17,58,0,0,0
round6_full_action_bc,v122,2026102201,0,opponent,672,97341.0,3,0,17,46,0,0,0
round6_full_action_bc,v122,2026102201,0,opponent,696,101193.0,3,0,17,21,0,0,0
round6_full_action_bc,v122,2026102201,0,opponent,719,112640.0,3,11,17,0,0,0,0
round6_full_action_bc,v122,2026102201,1,learner,0,3000.0,1,0,0,0,0,0,0
round6_full_action_bc,v122,2026102201,1,learner,24,1209.0,1,0,2,0,0,580,16
round6_full_action_bc,v122,2026102201,1,learner,48,1144.0,1,0,1,5,0,350,14
round6_full_action_bc,v122,2026102201,1,learner,72,20.0,1,0,1,12,0,610,15
round6_full_action_bc,v122,2026102201,1,learner,96,109.0,1,0,2,20,0,160,7
round6_full_action_bc,v122,2026102201,1,learner,120,10.0,1,0,1,21,0,160,7
round6_full_action_bc,v122,2026102201,1,learner,144,99.0,1,0,1,16,5,50,5
round6_full_action_bc,v122,2026102201,1,learner,168,39.0,1,0,1,13,7,50,5
round6_full_action_bc,v122,2026102201,1,learner,192,49.0,1,0,1,13,7,100,6
round6_full_action_bc,v122,2026102201,1,learner,216,7.0,1,0,1,10,10,190,6
round6_full_action_bc,v122,2026102201,1,learner,240,147.0,1,0,1,12,7,170,4
round6_full_action_bc,v122,2026102201,1,learner,264,4.0,1,0,0,14,7,150,2
round6_full_action_bc,v122,2026102201,1,learner,288,194.0,1,0,0,15,6,120,4
round6_full_action_bc,v122,2026102201,1,learner,312,7.0,1,0,0,16,3,0,0
round6_full_action_bc,v122,2026102201,1,learner,336,600.0,1,0,0,14,5,370,10
round6_full_action_bc,v122,2026102201,1,learner,360,197.0,1,0,0,17,2,390,12
round6_full_action_bc,v122,2026102201,1,learner,384,356.0,1,0,0,18,1,1610,33
round6_full_action_bc,v122,2026102201,1,learner,408,6.0,1,0,0,19,1,1390,29
round6_full_action_bc,v122,2026102201,1,learner,432,2180.0,2,0,0,25,1,1260,53
round6_full_action_bc,v122,2026102201,1,learner,456,3419.0,2,0,0,18,10,1370,64
round6_full_action_bc,v122,2026102201,1,learner,480,2968.0,2,0,0,11,17,1860,95
round6_full_action_bc,v122,2026102201,1,learner,504,2692.0,2,0,0,8,21,2160,120
round6_full_action_bc,v122,2026102201,1,learner,528,2519.0,2,0,0,5,25,2410,140
round6_full_action_bc,v122,2026102201,1,learner,552,2399.0,2,0,0,3,27,2680,161
round6_full_action_bc,v122,2026102201,1,learner,576,1619.0,2,0,0,4,27,3460,213
round6_full_action_bc,v122,2026102201,1,learner,600,1273.0,2,0,0,6,26,3950,245
round6_full_action_bc,v122,2026102201,1,learner,624,131.0,2,0,0,8,25,5060,307
round6_full_action_bc,v122,2026102201,1,learner,648,8.0,2,0,0,7,26,5450,330
round6_full_action_bc,v122,2026102201,1,learner,672,0.0,2,0,0,3,31,5510,337
round6_full_action_bc,v122,2026102201,1,learner,696,18.0,2,0,0,3,31,5700,351
round6_full_action_bc,v122,2026102201,1,learner,719,110.0,2,5,0,3,31,5690,351
round6_full_action_bc,v122,2026102201,1,opponent,0,3000.0,1,0,0,0,0,0,0
round6_full_action_bc,v122,2026102201,1,opponent,24,35.0,1,0,4,19,0,0,0
round6_full_action_bc,v122,2026102201,1,opponent,48,98.0,1,0,4,19,0,0,0
round6_full_action_bc,v122,2026102201,1,opponent,72,213.0,1,0,5,19,0,0,0
round6_full_action_bc,v122,2026102201,1,opponent,96,300.0,1,0,6,19,0,0,0
round6_full_action_bc,v122,2026102201,1,opponent,120,720.0,1,0,6,19,0,0,0
round6_full_action_bc,v122,2026102201,1,opponent,144,851.0,1,0,6,19,0,0,0
round6_full_action_bc,v122,2026102201,1,opponent,168,885.0,2,0,8,29,0,0,0
round6_full_action_bc,v122,2026102201,1,opponent,192,748.0,2,0,10,37,0,0,0
round6_full_action_bc,v122,2026102201,1,opponent,216,1547.0,2,0,12,37,0,0,0
round6_full_action_bc,v122,2026102201,1,opponent,240,2624.0,2,0,13,37,0,0,0
round6_full_action_bc,v122,2026102201,1,opponent,264,16604.0,2,0,16,32,0,0,0
round6_full_action_bc,v122,2026102201,1,opponent,288,17156.0,3,0,17,53,0,0,0
round6_full_action_bc,v122,2026102201,1,opponent,312,20279.0,3,0,17,57,0,0,0
round6_full_action_bc,v122,2026102201,1,opponent,336,23196.0,3,0,17,57,0,0,0
round6_full_action_bc,v122,2026102201,1,opponent,360,27629.0,3,0,17,57,0,0,0
round6_full_action_bc,v122,2026102201,1,opponent,384,31723.0,3,0,17,57,0,10,1
round6_full_action_bc,v122,2026102201,1,opponent,408,38036.0,3,0,17,58,0,10,1
round6_full_action_bc,v122,2026102201,1,opponent,432,41475.0,3,0,17,58,0,10,1
round6_full_action_bc,v122,2026102201,1,opponent,456,44859.0,3,0,17,58,0,10,1
round6_full_action_bc,v122,2026102201,1,opponent,480,46963.0,3,0,17,58,0,10,1
round6_full_action_bc,v122,2026102201,1,opponent,504,49590.0,3,0,17,58,0,10,1
round6_full_action_bc,v122,2026102201,1,opponent,528,51871.0,3,0,17,57,1,10,1
round6_full_action_bc,v122,2026102201,1,opponent,552,52936.0,3,0,17,58,0,10,1
round6_full_action_bc,v122,2026102201,1,opponent,576,54782.0,3,0,17,58,0,10,1
round6_full_action_bc,v122,2026102201,1,opponent,600,56211.0,3,0,17,58,0,10,1
round6_full_action_bc,v122,2026102201,1,opponent,624,58249.0,3,0,17,58,0,10,1
round6_full_action_bc,v122,2026102201,1,opponent,648,59904.0,3,0,17,58,0,10,1
round6_full_action_bc,v122,2026102201,1,opponent,672,62658.0,3,0,17,46,0,10,1
round6_full_action_bc,v122,2026102201,1,opponent,696,65774.0,3,0,17,21,0,10,1
round6_full_action_bc,v122,2026102201,1,opponent,719,74089.0,3,11,17,0,0,10,1
round6_full_action_bc,v122,2026102202,0,learner,0,3000.0,1,0,0,0,0,0,0
round6_full_action_bc,v122,2026102202,0,learner,24,1209.0,1,0,2,0,0,580,16
round6_full_action_bc,v122,2026102202,0,learner,48,701.0,1,0,1,2,0,570,22
round6_full_action_bc,v122,2026102202,0,learner,72,49.0,1,0,1,9,1,320,18
round6_full_action_bc,v122,2026102202,0,learner,96,36.0,1,0,2,10,2,330,17
round6_full_action_bc,v122,2026102202,0,learner,120,3.0,1,0,0,17,2,170,8
round6_full_action_bc,v122,2026102202,0,learner,144,93.0,1,0,0,18,1,160,7
round6_full_action_bc,v122,2026102202,0,learner,168,50.0,1,0,0,14,5,60,6
round6_full_action_bc,v122,2026102202,0,learner,192,17.0,1,0,0,14,5,30,3
round6_full_action_bc,v122,2026102202,0,learner,216,153.0,1,0,0,12,7,170,4
round6_full_action_bc,v122,2026102202,0,learner,240,8.0,1,0,0,14,5,50,1
round6_full_action_bc,v122,2026102202,0,learner,264,1.0,1,0,0,13,5,160,8
round6_full_action_bc,v122,2026102202,0,learner,288,375.0,1,0,0,8,10,270,10
round6_full_action_bc,v122,2026102202,0,learner,312,0.0,1,0,0,13,3,180,9
round6_full_action_bc,v122,2026102202,0,learner,336,5.0,1,0,0,15,1,200,11
round6_full_action_bc,v122,2026102202,0,learner,360,1.0,1,0,0,11,5,190,10
round6_full_action_bc,v122,2026102202,0,learner,384,339.0,1,0,0,16,2,710,17
round6_full_action_bc,v122,2026102202,0,learner,408,3.0,1,0,0,18,1,820,19
round6_full_action_bc,v122,2026102202,0,learner,432,8.0,1,0,0,15,4,960,24
round6_full_action_bc,v122,2026102202,0,learner,456,1.0,1,0,0,15,4,750,21
round6_full_action_bc,v122,2026102202,0,learner,480,6.0,1,0,0,14,5,1050,36
round6_full_action_bc,v122,2026102202,0,learner,504,4.0,1,0,0,15,3,1440,52
round6_full_action_bc,v122,2026102202,0,learner,528,106.0,1,0,0,15,4,1480,68
round6_full_action_bc,v122,2026102202,0,learner,552,2.0,1,0,0,16,3,1470,80
round6_full_action_bc,v122,2026102202,0,learner,576,2.0,1,0,0,13,6,1280,79
round6_full_action_bc,v122,2026102202,0,learner,600,123.0,1,0,0,15,4,1260,78
round6_full_action_bc,v122,2026102202,0,learner,624,5.0,1,0,0,16,3,1260,79
round6_full_action_bc,v122,2026102202,0,learner,648,241.0,1,0,0,16,3,1300,83
round6_full_action_bc,v122,2026102202,0,learner,672,123.0,1,0,0,14,5,1310,84
round6_full_action_bc,v122,2026102202,0,learner,696,191.0,1,0,0,15,4,1640,105
round6_full_action_bc,v122,2026102202,0,learner,719,343.0,1,9,0,15,4,1660,109
round6_full_action_bc,v122,2026102202,0,opponent,0,3000.0,1,0,0,0,0,0,0
round6_full_action_bc,v122,2026102202,0,opponent,24,35.0,1,0,4,19,0,0,0
round6_full_action_bc,v122,2026102202,0,opponent,48,103.0,1,0,4,19,0,0,0
round6_full_action_bc,v122,2026102202,0,opponent,72,218.0,1,0,5,19,0,0,0
round6_full_action_bc,v122,2026102202,0,opponent,96,302.0,1,0,6,19,0,0,0
round6_full_action_bc,v122,2026102202,0,opponent,120,730.0,1,0,6,19,0,0,0
round6_full_action_bc,v122,2026102202,0,opponent,144,858.0,1,0,6,19,0,0,0
round6_full_action_bc,v122,2026102202,0,opponent,168,1295.0,2,0,8,29,0,0,0
round6_full_action_bc,v122,2026102202,0,opponent,192,763.0,2,0,10,37,0,0,0
round6_full_action_bc,v122,2026102202,0,opponent,216,1884.0,2,0,12,37,0,0,0
round6_full_action_bc,v122,2026102202,0,opponent,240,3124.0,2,0,13,37,0,0,0
round6_full_action_bc,v122,2026102202,0,opponent,264,18718.0,2,0,16,32,0,0,0
round6_full_action_bc,v122,2026102202,0,opponent,288,19391.0,3,0,17,53,0,0,0
round6_full_action_bc,v122,2026102202,0,opponent,312,23611.0,3,0,17,57,0,0,0
round6_full_action_bc,v122,2026102202,0,opponent,336,26665.0,3,0,17,57,0,0,0
round6_full_action_bc,v122,2026102202,0,opponent,360,31892.0,3,0,17,57,0,0,0
round6_full_action_bc,v122,2026102202,0,opponent,384,39176.0,3,0,17,57,0,10,1
round6_full_action_bc,v122,2026102202,0,opponent,408,47602.0,3,0,17,58,0,10,1
round6_full_action_bc,v122,2026102202,0,opponent,432,52228.0,3,0,17,58,0,10,1
round6_full_action_bc,v122,2026102202,0,opponent,456,59812.0,3,0,17,58,0,10,1
round6_full_action_bc,v122,2026102202,0,opponent,480,67609.0,3,0,17,58,0,10,1
round6_full_action_bc,v122,2026102202,0,opponent,504,74254.0,3,0,17,58,0,10,1
round6_full_action_bc,v122,2026102202,0,opponent,528,83799.0,3,0,17,57,1,10,1
round6_full_action_bc,v122,2026102202,0,opponent,552,92610.0,3,0,17,58,0,10,1
round6_full_action_bc,v122,2026102202,0,opponent,576,101110.0,3,0,17,58,0,10,1
round6_full_action_bc,v122,2026102202,0,opponent,600,108659.0,3,0,17,58,0,10,1
round6_full_action_bc,v122,2026102202,0,opponent,624,116722.0,3,0,17,58,0,10,1
round6_full_action_bc,v122,2026102202,0,opponent,648,124469.0,3,0,17,55,0,60,4
round6_full_action_bc,v122,2026102202,0,opponent,672,131511.0,3,0,17,43,0,60,4
round6_full_action_bc,v122,2026102202,0,opponent,696,143669.0,3,0,17,18,1,60,4
round6_full_action_bc,v122,2026102202,0,opponent,719,155584.0,3,11,17,0,1,60,4
round6_full_action_bc,v122,2026102202,1,learner,0,3000.0,1,0,0,0,0,0,0
round6_full_action_bc,v122,2026102202,1,learner,24,1209.0,1,0,2,0,0,580,16
round6_full_action_bc,v122,2026102202,1,learner,48,1144.0,1,0,1,5,0,350,14
round6_full_action_bc,v122,2026102202,1,learner,72,20.0,1,0,1,12,1,610,15
round6_full_action_bc,v122,2026102202,1,learner,96,111.0,1,0,2,17,0,190,10
round6_full_action_bc,v122,2026102202,1,learner,120,12.0,1,0,2,17,1,190,10
round6_full_action_bc,v122,2026102202,1,learner,144,246.0,1,0,2,17,1,70,7
round6_full_action_bc,v122,2026102202,1,learner,168,8.0,1,0,1,20,1,70,7
round6_full_action_bc,v122,2026102202,1,learner,192,44.0,1,0,1,14,7,120,8
round6_full_action_bc,v122,2026102202,1,learner,216,91.0,1,0,1,15,6,170,8
round6_full_action_bc,v122,2026102202,1,learner,240,183.0,1,0,1,16,5,70,7
round6_full_action_bc,v122,2026102202,1,learner,264,94.0,1,0,0,13,8,170,8
round6_full_action_bc,v122,2026102202,1,learner,288,6.0,1,0,0,14,7,150,6
round6_full_action_bc,v122,2026102202,1,learner,312,2.0,1,0,0,13,8,140,5
round6_full_action_bc,v122,2026102202,1,learner,336,0.0,1,0,0,8,12,120,3
round6_full_action_bc,v122,2026102202,1,learner,360,175.0,1,0,0,18,3,350,14
round6_full_action_bc,v122,2026102202,1,learner,384,2.0,1,0,0,20,1,300,13
round6_full_action_bc,v122,2026102202,1,learner,408,962.0,1,0,0,19,2,580,21
round6_full_action_bc,v122,2026102202,1,learner,432,1701.0,1,0,0,18,3,590,26
round6_full_action_bc,v122,2026102202,1,learner,456,1334.0,1,0,0,20,1,530,28
round6_full_action_bc,v122,2026102202,1,learner,480,3523.0,1,0,0,20,1,620,37
round6_full_action_bc,v122,2026102202,1,learner,504,4987.0,1,0,0,16,5,690,44
round6_full_action_bc,v122,2026102202,1,learner,528,5094.0,1,0,0,16,4,770,52
round6_full_action_bc,v122,2026102202,1,learner,552,5860.0,1,0,0,16,4,840,59
round6_full_action_bc,v122,2026102202,1,learner,576,5981.0,1,0,0,17,4,870,62
round6_full_action_bc,v122,2026102202,1,learner,600,6431.0,1,0,0,17,4,950,70
round6_full_action_bc,v122,2026102202,1,learner,624,6930.0,1,0,0,14,7,1040,79
round6_full_action_bc,v122,2026102202,1,learner,648,6353.0,1,0,0,16,5,1080,83
round6_full_action_bc,v122,2026102202,1,learner,672,7598.0,1,0,0,17,4,1160,91
round6_full_action_bc,v122,2026102202,1,learner,696,7809.0,1,0,0,16,6,1140,89
round6_full_action_bc,v122,2026102202,1,learner,719,7831.0,1,9,0,16,6,1320,101
round6_full_action_bc,v122,2026102202,1,opponent,0,3000.0,1,0,0,0,0,0,0
round6_full_action_bc,v122,2026102202,1,opponent,24,35.0,1,0,4,19,0,0,0
round6_full_action_bc,v122,2026102202,1,opponent,48,98.0,1,0,4,19,0,0,0
round6_full_action_bc,v122,2026102202,1,opponent,72,213.0,1,0,5,19,0,0,0
round6_full_action_bc,v122,2026102202,1,opponent,96,300.0,1,0,6,19,0,0,0
round6_full_action_bc,v122,2026102202,1,opponent,120,720.0,1,0,6,19,0,0,0
round6_full_action_bc,v122,2026102202,1,opponent,144,851.0,1,0,6,19,0,0,0
round6_full_action_bc,v122,2026102202,1,opponent,168,1281.0,2,0,8,29,0,0,0
round6_full_action_bc,v122,2026102202,1,opponent,192,742.0,2,0,10,37,0,0,0
round6_full_action_bc,v122,2026102202,1,opponent,216,1788.0,2,0,12,37,0,0,0
round6_full_action_bc,v122,2026102202,1,opponent,240,2845.0,2,0,13,37,0,0,0
round6_full_action_bc,v122,2026102202,1,opponent,264,17175.0,2,0,16,32,0,0,0
round6_full_action_bc,v122,2026102202,1,opponent,288,18383.0,3,0,17,53,0,0,0
round6_full_action_bc,v122,2026102202,1,opponent,312,21431.0,3,0,17,57,0,0,0
round6_full_action_bc,v122,2026102202,1,opponent,336,25515.0,3,0,17,57,0,0,0
round6_full_action_bc,v122,2026102202,1,opponent,360,30465.0,3,0,17,57,0,0,0
round6_full_action_bc,v122,2026102202,1,opponent,384,39171.0,3,0,17,57,1,0,0
round6_full_action_bc,v122,2026102202,1,opponent,408,48619.0,3,0,17,58,0,0,0
round6_full_action_bc,v122,2026102202,1,opponent,432,53792.0,3,0,17,58,0,0,0
round6_full_action_bc,v122,2026102202,1,opponent,456,57365.0,4,0,17,68,0,0,0
round6_full_action_bc,v122,2026102202,1,opponent,480,63445.0,4,0,17,68,0,0,0
round6_full_action_bc,v122,2026102202,1,opponent,504,70788.0,4,0,17,68,0,0,0
round6_full_action_bc,v122,2026102202,1,opponent,528,79236.0,4,0,17,67,1,0,0
round6_full_action_bc,v122,2026102202,1,opponent,552,86297.0,4,0,17,68,0,0,0
round6_full_action_bc,v122,2026102202,1,opponent,576,92654.0,4,0,17,68,0,0,0
round6_full_action_bc,v122,2026102202,1,opponent,600,98161.0,4,0,17,68,0,0,0
round6_full_action_bc,v122,2026102202,1,opponent,624,104533.0,4,0,17,68,0,0,0
round6_full_action_bc,v122,2026102202,1,opponent,648,111481.0,4,0,17,68,0,0,0
round6_full_action_bc,v122,2026102202,1,opponent,672,123753.0,4,0,17,56,1,0,0
round6_full_action_bc,v122,2026102202,1,opponent,696,131168.0,4,0,17,31,2,0,0
round6_full_action_bc,v122,2026102202,1,opponent,719,150226.0,4,13,17,10,2,0,0
round6_full_action_bc,v122,2026102203,0,learner,0,3000.0,1,0,0,0,0,0,0
round6_full_action_bc,v122,2026102203,0,learner,24,1209.0,1,0,2,0,0,580,16
round6_full_action_bc,v122,2026102203,0,learner,48,701.0,1,0,1,2,0,570,22
round6_full_action_bc,v122,2026102203,0,learner,72,49.0,1,0,1,9,0,320,18
round6_full_action_bc,v122,2026102203,0,learner,96,36.0,1,0,2,10,2,330,17
round6_full_action_bc,v122,2026102203,0,learner,120,3.0,1,0,0,16,1,90,9
round6_full_action_bc,v122,2026102203,0,learner,144,128.0,1,0,0,14,3,90,9
round6_full_action_bc,v122,2026102203,0,learner,168,15.0,1,0,0,15,4,30,3
round6_full_action_bc,v122,2026102203,0,learner,192,63.0,1,0,0,15,4,120,3
round6_full_action_bc,v122,2026102203,0,learner,216,30.0,1,0,0,12,7,100,1
round6_full_action_bc,v122,2026102203,0,learner,240,0.0,1,0,0,10,7,0,0
round6_full_action_bc,v122,2026102203,0,learner,264,185.0,1,0,0,5,13,530,9
round6_full_action_bc,v122,2026102203,0,learner,288,2.0,1,0,0,9,8,310,9
round6_full_action_bc,v122,2026102203,0,learner,312,0.0,1,0,0,10,7,180,5
round6_full_action_bc,v122,2026102203,0,learner,336,290.0,1,0,0,5,12,280,6
round6_full_action_bc,v122,2026102203,0,learner,360,3.0,1,0,0,8,9,250,7
round6_full_action_bc,v122,2026102203,0,learner,384,1.0,1,0,0,8,9,440,17
round6_full_action_bc,v122,2026102203,0,learner,408,11.0,1,0,0,11,8,570,21
round6_full_action_bc,v122,2026102203,0,learner,432,4.0,1,0,0,13,6,430,16
round6_full_action_bc,v122,2026102203,0,learner,456,4.0,1,0,0,14,5,470,20
round6_full_action_bc,v122,2026102203,0,learner,480,4.0,1,0,0,12,7,660,30
round6_full_action_bc,v122,2026102203,0,learner,504,0.0,1,0,0,11,8,630,27
round6_full_action_bc,v122,2026102203,0,learner,528,3.0,1,0,0,11,8,1040,45
round6_full_action_bc,v122,2026102203,0,learner,552,64.0,1,0,0,11,8,1450,60
round6_full_action_bc,v122,2026102203,0,learner,576,74.0,1,0,0,11,8,1570,72
round6_full_action_bc,v122,2026102203,0,learner,600,5.0,1,0,0,11,8,1710,82
round6_full_action_bc,v122,2026102203,0,learner,624,7.0,1,0,0,4,15,1780,89
round6_full_action_bc,v122,2026102203,0,learner,648,58.0,1,0,0,7,12,1800,94
round6_full_action_bc,v122,2026102203,0,learner,672,4.0,1,0,0,8,11,1760,91
round6_full_action_bc,v122,2026102203,0,learner,696,86.0,1,0,0,8,11,1730,89
round6_full_action_bc,v122,2026102203,0,learner,719,160.0,1,11,0,8,11,1820,94
round6_full_action_bc,v122,2026102203,0,opponent,0,3000.0,1,0,0,0,0,0,0
round6_full_action_bc,v122,2026102203,0,opponent,24,35.0,1,0,4,19,0,0,0
round6_full_action_bc,v122,2026102203,0,opponent,48,103.0,1,0,4,19,0,0,0
round6_full_action_bc,v122,2026102203,0,opponent,72,218.0,1,0,5,19,0,0,0
round6_full_action_bc,v122,2026102203,0,opponent,96,303.0,1,0,6,19,0,0,0
round6_full_action_bc,v122,2026102203,0,opponent,120,726.0,1,0,6,19,0,0,0
round6_full_action_bc,v122,2026102203,0,opponent,144,857.0,1,0,6,19,0,0,0
round6_full_action_bc,v122,2026102203,0,opponent,168,896.0,2,0,8,29,0,0,0
round6_full_action_bc,v122,2026102203,0,opponent,192,673.0,2,0,10,37,0,0,0
round6_full_action_bc,v122,2026102203,0,opponent,216,1567.0,2,0,12,37,0,0,0
round6_full_action_bc,v122,2026102203,0,opponent,240,2648.0,2,0,13,37,0,0,0
round6_full_action_bc,v122,2026102203,0,opponent,264,17654.0,2,0,16,32,0,0,0
round6_full_action_bc,v122,2026102203,0,opponent,288,17892.0,3,0,17,53,1,0,0
round6_full_action_bc,v122,2026102203,0,opponent,312,21668.0,3,0,17,57,0,0,0
round6_full_action_bc,v122,2026102203,0,opponent,336,24117.0,3,0,17,57,0,0,0
round6_full_action_bc,v122,2026102203,0,opponent,360,28327.0,3,0,17,57,0,0,0
round6_full_action_bc,v122,2026102203,0,opponent,384,32824.0,3,0,17,57,0,10,1
round6_full_action_bc,v122,2026102203,0,opponent,408,40390.0,3,0,17,58,0,10,1
round6_full_action_bc,v122,2026102203,0,opponent,432,45683.0,3,0,17,58,0,10,1
round6_full_action_bc,v122,2026102203,0,opponent,456,47355.0,4,0,17,68,0,10,1
round6_full_action_bc,v122,2026102203,0,opponent,480,53162.0,4,0,17,68,0,10,1
round6_full_action_bc,v122,2026102203,0,opponent,504,60507.0,4,0,17,68,2,10,1
round6_full_action_bc,v122,2026102203,0,opponent,528,70465.0,4,0,17,67,3,10,1
round6_full_action_bc,v122,2026102203,0,opponent,552,76930.0,4,0,17,68,2,10,1
round6_full_action_bc,v122,2026102203,0,opponent,576,84200.0,4,0,17,68,2,10,1
round6_full_action_bc,v122,2026102203,0,opponent,600,90416.0,4,0,17,68,2,10,1
round6_full_action_bc,v122,2026102203,0,opponent,624,94519.0,4,0,17,68,2,10,1
round6_full_action_bc,v122,2026102203,0,opponent,648,107332.0,4,0,17,68,2,10,1
round6_full_action_bc,v122,2026102203,0,opponent,672,116148.0,4,0,17,56,2,10,1
round6_full_action_bc,v122,2026102203,0,opponent,696,124561.0,4,0,17,31,2,10,1
round6_full_action_bc,v122,2026102203,0,opponent,719,143366.0,4,13,17,10,2,10,1
round6_full_action_bc,v122,2026102203,1,learner,0,3000.0,1,0,0,0,0,0,0
round6_full_action_bc,v122,2026102203,1,learner,24,1209.0,1,0,2,0,0,580,16
round6_full_action_bc,v122,2026102203,1,learner,48,1144.0,1,0,1,5,0,350,14
round6_full_action_bc,v122,2026102203,1,learner,72,20.0,1,0,1,12,0,610,15
round6_full_action_bc,v122,2026102203,1,learner,96,9.0,1,0,2,20,0,170,8
round6_full_action_bc,v122,2026102203,1,learner,120,129.0,1,0,1,20,1,70,7
round6_full_action_bc,v122,2026102203,1,learner,144,16.0,1,0,1,17,4,70,7
round6_full_action_bc,v122,2026102203,1,learner,168,98.0,1,0,1,13,8,50,5
round6_full_action_bc,v122,2026102203,1,learner,192,37.0,1,0,1,11,10,50,5
round6_full_action_bc,v122,2026102203,1,learner,216,95.0,1,0,1,11,10,40,4
round6_full_action_bc,v122,2026102203,1,learner,240,123.0,1,0,1,11,9,40,4
round6_full_action_bc,v122,2026102203,1,learner,264,21.0,1,0,1,13,8,30,3
round6_full_action_bc,v122,2026102203,1,learner,288,27.0,1,0,0,12,9,80,4
round6_full_action_bc,v122,2026102203,1,learner,312,7.0,1,0,0,12,7,0,0
round6_full_action_bc,v122,2026102203,1,learner,336,0.0,1,0,0,7,5,0,0
round6_full_action_bc,v122,2026102203,1,learner,360,550.0,1,0,0,15,1,170,8
round6_full_action_bc,v122,2026102203,1,learner,384,3.0,1,0,0,18,1,410,10
round6_full_action_bc,v122,2026102203,1,learner,408,484.0,1,0,0,18,1,1130,19
round6_full_action_bc,v122,2026102203,1,learner,432,129.0,1,0,0,19,1,830,16
round6_full_action_bc,v122,2026102203,1,learner,456,135.0,1,0,0,19,1,1420,30
round6_full_action_bc,v122,2026102203,1,learner,480,763.0,2,0,1,27,2,1060,30
round6_full_action_bc,v122,2026102203,1,learner,504,1211.0,2,0,1,29,2,810,32
round6_full_action_bc,v122,2026102203,1,learner,528,3075.0,2,0,1,27,4,880,39
round6_full_action_bc,v122,2026102203,1,learner,552,3792.0,2,0,1,23,8,990,50
round6_full_action_bc,v122,2026102203,1,learner,576,3622.0,2,0,1,17,20,970,48
round6_full_action_bc,v122,2026102203,1,learner,600,3338.0,2,0,1,20,18,1020,53
round6_full_action_bc,v122,2026102203,1,learner,624,3706.0,2,0,1,18,22,1000,51
round6_full_action_bc,v122,2026102203,1,learner,648,3753.0,2,0,1,19,22,1000,51
round6_full_action_bc,v122,2026102203,1,learner,672,4119.0,2,0,1,25,19,900,41
round6_full_action_bc,v122,2026102203,1,learner,696,4055.0,2,0,1,24,21,880,39
round6_full_action_bc,v122,2026102203,1,learner,719,3166.0,2,15,1,25,20,750,26
round6_full_action_bc,v122,2026102203,1,opponent,0,3000.0,1,0,0,0,0,0,0
round6_full_action_bc,v122,2026102203,1,opponent,24,35.0,1,0,4,19,0,0,0
round6_full_action_bc,v122,2026102203,1,opponent,48,98.0,1,0,4,19,0,0,0
round6_full_action_bc,v122,2026102203,1,opponent,72,213.0,1,0,5,19,0,0,0
round6_full_action_bc,v122,2026102203,1,opponent,96,300.0,1,0,6,19,0,0,0
round6_full_action_bc,v122,2026102203,1,opponent,120,721.0,1,0,6,19,0,0,0
round6_full_action_bc,v122,2026102203,1,opponent,144,852.0,1,0,6,19,0,0,0
round6_full_action_bc,v122,2026102203,1,opponent,168,821.0,2,0,8,29,0,0,0
round6_full_action_bc,v122,2026102203,1,opponent,192,681.0,2,0,10,37,0,0,0
round6_full_action_bc,v122,2026102203,1,opponent,216,1844.0,2,0,12,37,0,0,0
round6_full_action_bc,v122,2026102203,1,opponent,240,2904.0,2,0,13,37,0,0,0
round6_full_action_bc,v122,2026102203,1,opponent,264,18720.0,2,0,16,32,0,0,0
round6_full_action_bc,v122,2026102203,1,opponent,288,19419.0,3,0,17,53,1,0,0
round6_full_action_bc,v122,2026102203,1,opponent,312,22464.0,3,0,17,57,0,0,0
round6_full_action_bc,v122,2026102203,1,opponent,336,25343.0,3,0,17,57,0,0,0
round6_full_action_bc,v122,2026102203,1,opponent,360,31368.0,3,0,17,57,0,0,0
round6_full_action_bc,v122,2026102203,1,opponent,384,39816.0,3,0,17,57,1,0,0
round6_full_action_bc,v122,2026102203,1,opponent,408,49825.0,3,0,17,58,0,0,0
round6_full_action_bc,v122,2026102203,1,opponent,432,56943.0,3,0,17,58,0,0,0
round6_full_action_bc,v122,2026102203,1,opponent,456,61352.0,4,0,17,68,0,0,0
round6_full_action_bc,v122,2026102203,1,opponent,480,68468.0,4,0,17,68,0,0,0
round6_full_action_bc,v122,2026102203,1,opponent,504,77727.0,4,0,17,68,2,0,0
round6_full_action_bc,v122,2026102203,1,opponent,528,88514.0,4,0,17,67,3,0,0
round6_full_action_bc,v122,2026102203,1,opponent,552,98201.0,4,0,17,68,2,0,0
round6_full_action_bc,v122,2026102203,1,opponent,576,107326.0,4,0,17,68,2,0,0
round6_full_action_bc,v122,2026102203,1,opponent,600,115198.0,4,0,17,68,2,0,0
round6_full_action_bc,v122,2026102203,1,opponent,624,123722.0,4,0,17,68,2,0,0
round6_full_action_bc,v122,2026102203,1,opponent,648,131456.0,4,0,17,68,2,0,0
round6_full_action_bc,v122,2026102203,1,opponent,672,146828.0,4,0,17,56,2,0,0
round6_full_action_bc,v122,2026102203,1,opponent,696,154734.0,4,0,17,31,2,0,0
round6_full_action_bc,v122,2026102203,1,opponent,719,177027.0,4,13,17,10,2,0,0
round6_full_action_bc,v122,2026102204,0,learner,0,3000.0,1,0,0,0,0,0,0
round6_full_action_bc,v122,2026102204,0,learner,24,1209.0,1,0,2,0,0,580,16
round6_full_action_bc,v122,2026102204,0,learner,48,701.0,1,0,1,2,0,570,22
round6_full_action_bc,v122,2026102204,0,learner,72,49.0,1,0,1,9,0,320,18
round6_full_action_bc,v122,2026102204,0,learner,96,36.0,1,0,2,10,1,330,17
round6_full_action_bc,v122,2026102204,0,learner,120,3.0,1,0,0,15,1,200,11
round6_full_action_bc,v122,2026102204,0,learner,144,56.0,1,0,0,17,1,190,10
round6_full_action_bc,v122,2026102204,0,learner,168,23.0,1,0,0,12,6,160,7
round6_full_action_bc,v122,2026102204,0,learner,192,3.0,1,0,0,12,7,130,4
round6_full_action_bc,v122,2026102204,0,learner,216,171.0,1,0,0,9,10,120,3
round6_full_action_bc,v122,2026102204,0,learner,240,16.0,1,0,0,9,10,120,3
round6_full_action_bc,v122,2026102204,0,learner,264,4.0,1,0,0,8,11,100,1
round6_full_action_bc,v122,2026102204,0,learner,288,70.0,1,0,0,7,12,220,4
round6_full_action_bc,v122,2026102204,0,learner,312,25.0,1,0,0,7,12,120,3
round6_full_action_bc,v122,2026102204,0,learner,336,65.0,1,0,0,10,6,130,4
round6_full_action_bc,v122,2026102204,0,learner,360,2.0,1,0,0,12,3,150,6
round6_full_action_bc,v122,2026102204,0,learner,384,0.0,1,0,0,11,4,340,7
round6_full_action_bc,v122,2026102204,0,learner,408,3.0,1,0,0,2,13,460,10
round6_full_action_bc,v122,2026102204,0,learner,432,1.0,1,0,0,5,11,420,6
round6_full_action_bc,v122,2026102204,0,learner,456,0.0,1,0,0,6,10,410,5
round6_full_action_bc,v122,2026102204,0,learner,480,2.0,1,0,0,12,4,0,0
round6_full_action_bc,v122,2026102204,0,learner,504,0.0,1,0,0,9,5,0,0
round6_full_action_bc,v122,2026102204,0,learner,528,0.0,1,0,0,11,4,0,0
round6_full_action_bc,v122,2026102204,0,learner,552,7.0,1,0,0,16,2,170,8
round6_full_action_bc,v122,2026102204,0,learner,576,0.0,1,0,0,16,2,140,5
round6_full_action_bc,v122,2026102204,0,learner,600,5.0,1,0,0,12,6,320,14
round6_full_action_bc,v122,2026102204,0,learner,624,1.0,1,0,0,12,6,290,11
round6_full_action_bc,v122,2026102204,0,learner,648,282.0,1,0,0,13,5,410,23
round6_full_action_bc,v122,2026102204,0,learner,672,0.0,1,0,0,14,4,390,21
round6_full_action_bc,v122,2026102204,0,learner,696,1572.0,1,0,0,15,4,460,28
round6_full_action_bc,v122,2026102204,0,learner,719,777.0,1,14,0,13,5,490,31
round6_full_action_bc,v122,2026102204,0,opponent,0,3000.0,1,0,0,0,0,0,0
round6_full_action_bc,v122,2026102204,0,opponent,24,35.0,1,0,4,19,0,0,0
round6_full_action_bc,v122,2026102204,0,opponent,48,103.0,1,0,4,19,0,0,0
round6_full_action_bc,v122,2026102204,0,opponent,72,218.0,1,0,5,19,0,0,0
round6_full_action_bc,v122,2026102204,0,opponent,96,303.0,1,0,6,19,0,0,0
round6_full_action_bc,v122,2026102204,0,opponent,120,726.0,1,0,6,19,0,0,0
round6_full_action_bc,v122,2026102204,0,opponent,144,857.0,1,0,6,19,0,0,0
round6_full_action_bc,v122,2026102204,0,opponent,168,898.0,2,0,8,29,0,0,0
round6_full_action_bc,v122,2026102204,0,opponent,192,675.0,2,0,10,37,0,0,0
round6_full_action_bc,v122,2026102204,0,opponent,216,1568.0,2,0,12,37,0,0,0
round6_full_action_bc,v122,2026102204,0,opponent,240,2650.0,2,0,13,37,0,0,0
round6_full_action_bc,v122,2026102204,0,opponent,264,16918.0,2,0,16,32,0,0,0
round6_full_action_bc,v122,2026102204,0,opponent,288,17773.0,3,0,17,53,0,0,0
round6_full_action_bc,v122,2026102204,0,opponent,312,22057.0,3,0,17,57,0,0,0
round6_full_action_bc,v122,2026102204,0,opponent,336,24749.0,3,0,17,57,0,0,0
round6_full_action_bc,v122,2026102204,0,opponent,360,30955.0,3,0,17,57,0,0,0
round6_full_action_bc,v122,2026102204,0,opponent,384,38325.0,3,0,17,57,1,0,0
round6_full_action_bc,v122,2026102204,0,opponent,408,47599.0,3,0,17,58,0,0,0
round6_full_action_bc,v122,2026102204,0,opponent,432,52950.0,3,0,17,58,0,0,0
round6_full_action_bc,v122,2026102204,0,opponent,456,61546.0,3,0,17,58,0,0,0
round6_full_action_bc,v122,2026102204,0,opponent,480,68480.0,3,0,17,58,0,0,0
round6_full_action_bc,v122,2026102204,0,opponent,504,76524.0,3,0,17,58,0,0,0
round6_full_action_bc,v122,2026102204,0,opponent,528,86744.0,3,0,17,57,1,0,0
round6_full_action_bc,v122,2026102204,0,opponent,552,95834.0,3,0,17,58,0,0,0
round6_full_action_bc,v122,2026102204,0,opponent,576,104564.0,3,0,17,58,0,0,0
round6_full_action_bc,v122,2026102204,0,opponent,600,112712.0,3,0,17,58,0,0,0
round6_full_action_bc,v122,2026102204,0,opponent,624,121045.0,3,0,17,58,0,0,0
round6_full_action_bc,v122,2026102204,0,opponent,648,125334.0,3,0,17,58,0,0,0
round6_full_action_bc,v122,2026102204,0,opponent,672,137762.0,3,0,17,46,0,0,0
round6_full_action_bc,v122,2026102204,0,opponent,696,142627.0,3,0,17,21,0,0,0
round6_full_action_bc,v122,2026102204,0,opponent,719,160961.0,3,11,17,0,0,0,0
round6_full_action_bc,v122,2026102204,1,learner,0,3000.0,1,0,0,0,0,0,0
round6_full_action_bc,v122,2026102204,1,learner,24,1209.0,1,0,2,0,0,580,16
round6_full_action_bc,v122,2026102204,1,learner,48,1144.0,1,0,1,5,0,350,14
round6_full_action_bc,v122,2026102204,1,learner,72,20.0,1,0,1,12,0,610,15
round6_full_action_bc,v122,2026102204,1,learner,96,9.0,1,0,2,20,0,170,8
round6_full_action_bc,v122,2026102204,1,learner,120,129.0,1,0,1,20,1,70,7
round6_full_action_bc,v122,2026102204,1,learner,144,16.0,1,0,1,17,4,70,7
round6_full_action_bc,v122,2026102204,1,learner,168,98.0,1,0,1,13,8,50,5
round6_full_action_bc,v122,2026102204,1,learner,192,37.0,1,0,1,11,10,50,5
round6_full_action_bc,v122,2026102204,1,learner,216,95.0,1,0,1,11,10,40,4
round6_full_action_bc,v122,2026102204,1,learner,240,123.0,1,0,1,11,10,40,4
round6_full_action_bc,v122,2026102204,1,learner,264,11.0,1,0,1,12,9,40,4
round6_full_action_bc,v122,2026102204,1,learner,288,42.0,1,0,0,12,9,40,4
round6_full_action_bc,v122,2026102204,1,learner,312,9.0,1,0,0,11,9,10,1
round6_full_action_bc,v122,2026102204,1,learner,336,2.0,1,0,0,9,7,0,0
round6_full_action_bc,v122,2026102204,1,learner,360,74.0,1,0,0,14,4,400,4
round6_full_action_bc,v122,2026102204,1,learner,384,0.0,1,0,0,17,2,120,3
round6_full_action_bc,v122,2026102204,1,learner,408,685.0,1,0,0,17,2,830,11
round6_full_action_bc,v122,2026102204,1,learner,432,134.0,1,0,0,17,4,1130,14
round6_full_action_bc,v122,2026102204,1,learner,456,2355.0,1,0,0,16,5,1080,18
round6_full_action_bc,v122,2026102204,1,learner,480,1322.0,1,0,0,19,1,1450,28
round6_full_action_bc,v122,2026102204,1,learner,504,654.0,1,0,0,19,1,2010,39
round6_full_action_bc,v122,2026102204,1,learner,528,354.0,1,0,0,13,7,2170,46
round6_full_action_bc,v122,2026102204,1,learner,552,1754.0,1,0,0,18,3,1950,51
round6_full_action_bc,v122,2026102204,1,learner,576,1485.0,1,0,0,19,2,1890,54
round6_full_action_bc,v122,2026102204,1,learner,600,1646.0,1,0,0,19,2,2130,60
round6_full_action_bc,v122,2026102204,1,learner,624,2498.0,1,0,0,19,2,2040,60
round6_full_action_bc,v122,2026102204,1,learner,648,2806.0,1,0,0,20,1,1950,60
round6_full_action_bc,v122,2026102204,1,learner,672,2991.0,1,0,0,20,1,1940,59
round6_full_action_bc,v122,2026102204,1,learner,696,1765.0,1,0,1,20,1,1940,59
round6_full_action_bc,v122,2026102204,1,learner,719,145.0,1,9,1,20,1,1940,59
round6_full_action_bc,v122,2026102204,1,opponent,0,3000.0,1,0,0,0,0,0,0
round6_full_action_bc,v122,2026102204,1,opponent,24,35.0,1,0,4,19,0,0,0
round6_full_action_bc,v122,2026102204,1,opponent,48,98.0,1,0,4,19,0,0,0
round6_full_action_bc,v122,2026102204,1,opponent,72,213.0,1,0,5,19,0,0,0
round6_full_action_bc,v122,2026102204,1,opponent,96,300.0,1,0,6,19,0,0,0
round6_full_action_bc,v122,2026102204,1,opponent,120,721.0,1,0,6,19,0,0,0
round6_full_action_bc,v122,2026102204,1,opponent,144,852.0,1,0,6,19,0,0,0
round6_full_action_bc,v122,2026102204,1,opponent,168,821.0,2,0,8,29,0,0,0
round6_full_action_bc,v122,2026102204,1,opponent,192,681.0,2,0,10,37,0,0,0
round6_full_action_bc,v122,2026102204,1,opponent,216,1844.0,2,0,12,37,0,0,0
round6_full_action_bc,v122,2026102204,1,opponent,240,2904.0,2,0,13,37,0,0,0
round6_full_action_bc,v122,2026102204,1,opponent,264,18805.0,2,0,16,32,0,0,0
round6_full_action_bc,v122,2026102204,1,opponent,288,19560.0,3,0,17,53,0,0,0
round6_full_action_bc,v122,2026102204,1,opponent,312,22605.0,3,0,17,57,0,0,0
round6_full_action_bc,v122,2026102204,1,opponent,336,27001.0,3,0,17,57,0,0,0
round6_full_action_bc,v122,2026102204,1,opponent,360,33189.0,3,0,17,57,0,0,0
round6_full_action_bc,v122,2026102204,1,opponent,384,42129.0,3,0,17,57,1,0,0
round6_full_action_bc,v122,2026102204,1,opponent,408,52487.0,3,0,17,58,0,0,0
round6_full_action_bc,v122,2026102204,1,opponent,432,58463.0,3,0,17,58,0,0,0
round6_full_action_bc,v122,2026102204,1,opponent,456,63488.0,4,0,17,68,0,0,0
round6_full_action_bc,v122,2026102204,1,opponent,480,71102.0,4,0,17,68,0,0,0
round6_full_action_bc,v122,2026102204,1,opponent,504,80781.0,4,0,17,68,0,0,0
round6_full_action_bc,v122,2026102204,1,opponent,528,92054.0,4,0,17,67,2,0,0
round6_full_action_bc,v122,2026102204,1,opponent,552,102456.0,4,0,17,68,1,0,0
round6_full_action_bc,v122,2026102204,1,opponent,576,112109.0,4,0,17,68,1,0,0
round6_full_action_bc,v122,2026102204,1,opponent,600,120535.0,4,0,17,68,1,0,0
round6_full_action_bc,v122,2026102204,1,opponent,624,129878.0,4,0,17,68,1,0,0
round6_full_action_bc,v122,2026102204,1,opponent,648,136946.0,4,0,17,68,1,0,0
round6_full_action_bc,v122,2026102204,1,opponent,672,152300.0,4,0,17,56,1,0,0
round6_full_action_bc,v122,2026102204,1,opponent,696,159290.0,4,0,17,31,1,0,0
round6_full_action_bc,v122,2026102204,1,opponent,719,181402.0,4,13,17,10,1,0,0
round6_full_action_bc,v122,2026102205,0,learner,0,3000.0,1,0,0,0,0,0,0
round6_full_action_bc,v122,2026102205,0,learner,24,1209.0,1,0,2,0,0,580,16
round6_full_action_bc,v122,2026102205,0,learner,48,701.0,1,0,1,2,0,570,22
round6_full_action_bc,v122,2026102205,0,learner,72,49.0,1,0,1,9,0,320,18
round6_full_action_bc,v122,2026102205,0,learner,96,36.0,1,0,2,10,1,330,17
round6_full_action_bc,v122,2026102205,0,learner,120,3.0,1,0,0,14,1,110,11
round6_full_action_bc,v122,2026102205,0,learner,144,24.0,1,0,0,17,1,180,9
round6_full_action_bc,v122,2026102205,0,learner,168,4.0,1,0,0,15,4,80,8
round6_full_action_bc,v122,2026102205,0,learner,192,0.0,1,0,0,15,4,60,6
round6_full_action_bc,v122,2026102205,0,learner,216,232.0,1,0,0,7,12,150,6
round6_full_action_bc,v122,2026102205,0,learner,240,47.0,1,0,0,7,12,170,8
round6_full_action_bc,v122,2026102205,0,learner,264,29.0,1,0,0,8,11,320,14
round6_full_action_bc,v122,2026102205,0,learner,288,7.0,1,0,0,9,8,320,14
round6_full_action_bc,v122,2026102205,0,learner,312,0.0,1,0,0,9,8,300,12
round6_full_action_bc,v122,2026102205,0,learner,336,407.0,1,0,0,8,9,390,12
round6_full_action_bc,v122,2026102205,0,learner,360,40.0,1,0,0,8,10,480,12
round6_full_action_bc,v122,2026102205,0,learner,384,7.0,1,0,0,15,4,200,11
round6_full_action_bc,v122,2026102205,0,learner,408,1.0,1,0,0,17,2,190,10
round6_full_action_bc,v122,2026102205,0,learner,432,4.0,1,0,0,18,1,180,9
round6_full_action_bc,v122,2026102205,0,learner,456,0.0,1,0,0,16,3,150,6
round6_full_action_bc,v122,2026102205,0,learner,480,4.0,1,0,0,15,4,380,11
round6_full_action_bc,v122,2026102205,0,learner,504,5.0,1,0,0,15,4,500,14
round6_full_action_bc,v122,2026102205,0,learner,528,3.0,1,0,0,17,2,270,9
round6_full_action_bc,v122,2026102205,0,learner,552,8.0,1,0,0,15,4,520,16
round6_full_action_bc,v122,2026102205,0,learner,576,810.0,1,0,0,13,6,800,31
round6_full_action_bc,v122,2026102205,0,learner,600,619.0,1,0,0,15,4,860,37
round6_full_action_bc,v122,2026102205,0,learner,624,8.0,1,0,0,15,4,840,44
round6_full_action_bc,v122,2026102205,0,learner,648,136.0,1,0,0,17,2,880,48
round6_full_action_bc,v122,2026102205,0,learner,672,1202.0,1,0,0,16,3,970,57
round6_full_action_bc,v122,2026102205,0,learner,696,738.0,1,0,0,14,5,1000,60
round6_full_action_bc,v122,2026102205,0,learner,719,809.0,1,13,0,15,5,1010,61
round6_full_action_bc,v122,2026102205,0,opponent,0,3000.0,1,0,0,0,0,0,0
round6_full_action_bc,v122,2026102205,0,opponent,24,35.0,1,0,4,19,0,0,0
round6_full_action_bc,v122,2026102205,0,opponent,48,103.0,1,0,4,19,0,0,0
round6_full_action_bc,v122,2026102205,0,opponent,72,218.0,1,0,5,19,0,0,0
round6_full_action_bc,v122,2026102205,0,opponent,96,303.0,1,0,6,19,0,0,0
round6_full_action_bc,v122,2026102205,0,opponent,120,726.0,1,0,6,19,0,0,0
round6_full_action_bc,v122,2026102205,0,opponent,144,856.0,1,0,6,19,0,0,0
round6_full_action_bc,v122,2026102205,0,opponent,168,1294.0,2,0,8,29,0,0,0
round6_full_action_bc,v122,2026102205,0,opponent,192,762.0,2,0,10,37,0,0,0
round6_full_action_bc,v122,2026102205,0,opponent,216,1826.0,2,0,12,37,0,0,0
round6_full_action_bc,v122,2026102205,0,opponent,240,2911.0,2,0,13,37,0,0,0
round6_full_action_bc,v122,2026102205,0,opponent,264,18573.0,2,0,16,32,0,0,0
round6_full_action_bc,v122,2026102205,0,opponent,288,19210.0,3,0,17,53,0,0,0
round6_full_action_bc,v122,2026102205,0,opponent,312,23460.0,3,0,17,57,0,0,0
round6_full_action_bc,v122,2026102205,0,opponent,336,26445.0,3,0,17,57,0,0,0
round6_full_action_bc,v122,2026102205,0,opponent,360,32245.0,3,0,17,57,0,0,0
round6_full_action_bc,v122,2026102205,0,opponent,384,39119.0,3,0,17,57,0,10,1
round6_full_action_bc,v122,2026102205,0,opponent,408,48735.0,3,0,17,58,0,10,1
round6_full_action_bc,v122,2026102205,0,opponent,432,53809.0,3,0,17,58,0,10,1
round6_full_action_bc,v122,2026102205,0,opponent,456,61056.0,3,0,17,58,0,10,1
round6_full_action_bc,v122,2026102205,0,opponent,480,67794.0,3,0,17,58,0,10,1
round6_full_action_bc,v122,2026102205,0,opponent,504,75395.0,3,0,17,58,0,10,1
round6_full_action_bc,v122,2026102205,0,opponent,528,84665.0,3,0,17,57,1,10,1
round6_full_action_bc,v122,2026102205,0,opponent,552,92434.0,3,0,17,58,0,10,1
round6_full_action_bc,v122,2026102205,0,opponent,576,99364.0,3,0,17,58,0,10,1
round6_full_action_bc,v122,2026102205,0,opponent,600,107427.0,3,0,17,58,0,10,1
round6_full_action_bc,v122,2026102205,0,opponent,624,115864.0,3,0,17,58,0,10,1
round6_full_action_bc,v122,2026102205,0,opponent,648,119491.0,3,0,17,58,0,10,1
round6_full_action_bc,v122,2026102205,0,opponent,672,132120.0,3,0,17,46,0,10,1
round6_full_action_bc,v122,2026102205,0,opponent,696,137574.0,3,0,17,21,1,10,1
round6_full_action_bc,v122,2026102205,0,opponent,719,155005.0,3,11,17,0,1,10,1
round6_full_action_bc,v122,2026102205,1,learner,0,3000.0,1,0,0,0,0,0,0
round6_full_action_bc,v122,2026102205,1,learner,24,1209.0,1,0,2,0,0,580,16
round6_full_action_bc,v122,2026102205,1,learner,48,1144.0,1,0,1,5,0,350,14
round6_full_action_bc,v122,2026102205,1,learner,72,20.0,1,0,1,12,0,610,15
round6_full_action_bc,v122,2026102205,1,learner,96,105.0,1,0,2,20,0,160,7
round6_full_action_bc,v122,2026102205,1,learner,120,8.0,1,0,2,21,0,160,7
round6_full_action_bc,v122,2026102205,1,learner,144,92.0,1,0,2,18,3,60,6
round6_full_action_bc,v122,2026102205,1,learner,168,32.0,1,0,1,14,6,60,6
round6_full_action_bc,v122,2026102205,1,learner,192,5.0,1,0,1,13,8,60,6
round6_full_action_bc,v122,2026102205,1,learner,216,45.0,1,0,1,12,8,110,7
round6_full_action_bc,v122,2026102205,1,learner,240,108.0,1,0,1,12,8,250,8
round6_full_action_bc,v122,2026102205,1,learner,264,121.0,1,0,0,13,6,150,6
round6_full_action_bc,v122,2026102205,1,learner,288,7.0,1,0,0,17,3,130,4
round6_full_action_bc,v122,2026102205,1,learner,312,0.0,1,0,0,15,3,110,2
round6_full_action_bc,v122,2026102205,1,learner,336,4.0,2,0,0,18,3,760,14
round6_full_action_bc,v122,2026102205,1,learner,360,0.0,2,0,1,13,8,360,10
round6_full_action_bc,v122,2026102205,1,learner,384,4.0,3,0,1,17,13,320,13
round6_full_action_bc,v122,2026102205,1,learner,408,74.0,3,0,1,23,13,1320,63
round6_full_action_bc,v122,2026102205,1,learner,432,89.0,3,0,1,27,16,1230,69
round6_full_action_bc,v122,2026102205,1,learner,456,7.0,3,0,1,34,16,1120,66
round6_full_action_bc,v122,2026102205,1,learner,480,9.0,3,0,1,26,24,1500,88
round6_full_action_bc,v122,2026102205,1,learner,504,1.0,3,0,1,14,37,1640,96
round6_full_action_bc,v122,2026102205,1,learner,528,437.0,3,0,1,29,30,1380,87
round6_full_action_bc,v122,2026102205,1,learner,552,440.0,3,0,1,35,25,1690,108
round6_full_action_bc,v122,2026102205,1,learner,576,120.0,3,0,1,30,30,1860,119
round6_full_action_bc,v122,2026102205,1,learner,600,311.0,3,0,1,35,25,2560,158
round6_full_action_bc,v122,2026102205,1,learner,624,426.0,3,0,1,31,29,3010,184
round6_full_action_bc,v122,2026102205,1,learner,648,903.0,3,0,1,27,33,2900,179
round6_full_action_bc,v122,2026102205,1,learner,672,1477.0,3,0,1,31,29,3200,197
round6_full_action_bc,v122,2026102205,1,learner,696,2179.0,3,0,1,26,35,3340,207
round6_full_action_bc,v122,2026102205,1,learner,719,3573.0,3,9,1,29,33,3070,194
round6_full_action_bc,v122,2026102205,1,opponent,0,3000.0,1,0,0,0,0,0,0
round6_full_action_bc,v122,2026102205,1,opponent,24,35.0,1,0,4,19,0,0,0
round6_full_action_bc,v122,2026102205,1,opponent,48,98.0,1,0,4,19,0,0,0
round6_full_action_bc,v122,2026102205,1,opponent,72,213.0,1,0,5,19,0,0,0
round6_full_action_bc,v122,2026102205,1,opponent,96,298.0,1,0,6,19,0,0,0
round6_full_action_bc,v122,2026102205,1,opponent,120,723.0,1,0,6,19,0,0,0
round6_full_action_bc,v122,2026102205,1,opponent,144,852.0,1,0,6,19,0,0,0
round6_full_action_bc,v122,2026102205,1,opponent,168,1117.0,2,0,8,29,0,0,0
round6_full_action_bc,v122,2026102205,1,opponent,192,735.0,2,0,10,36,1,0,0
round6_full_action_bc,v122,2026102205,1,opponent,216,1544.0,2,0,12,36,1,30,3
round6_full_action_bc,v122,2026102205,1,opponent,240,2619.0,2,0,13,37,0,150,6
round6_full_action_bc,v122,2026102205,1,opponent,264,17024.0,2,0,16,28,1,110,2
round6_full_action_bc,v122,2026102205,1,opponent,288,16747.0,3,0,17,49,1,110,2
round6_full_action_bc,v122,2026102205,1,opponent,312,20133.0,3,0,17,53,1,110,2
round6_full_action_bc,v122,2026102205,1,opponent,336,23040.0,3,0,17,56,1,110,2
round6_full_action_bc,v122,2026102205,1,opponent,360,26558.0,3,0,17,56,1,110,2
round6_full_action_bc,v122,2026102205,1,opponent,384,36059.0,3,0,17,56,2,110,2
round6_full_action_bc,v122,2026102205,1,opponent,408,42247.0,3,0,17,57,1,110,2
round6_full_action_bc,v122,2026102205,1,opponent,432,51920.0,3,0,17,57,1,110,2
round6_full_action_bc,v122,2026102205,1,opponent,456,59406.0,3,0,17,57,1,110,2
round6_full_action_bc,v122,2026102205,1,opponent,480,66213.0,3,0,17,57,1,110,2
round6_full_action_bc,v122,2026102205,1,opponent,504,75265.0,3,0,17,57,1,110,2
round6_full_action_bc,v122,2026102205,1,opponent,528,85590.0,3,0,17,56,2,110,2
round6_full_action_bc,v122,2026102205,1,opponent,552,92857.0,3,0,17,57,1,110,2
round6_full_action_bc,v122,2026102205,1,opponent,576,103141.0,3,0,17,57,1,110,2
round6_full_action_bc,v122,2026102205,1,opponent,600,113939.0,3,0,17,58,0,110,2
round6_full_action_bc,v122,2026102205,1,opponent,624,122691.0,3,0,17,58,0,110,2
round6_full_action_bc,v122,2026102205,1,opponent,648,126498.0,3,0,17,58,0,110,2
round6_full_action_bc,v122,2026102205,1,opponent,672,138047.0,3,0,17,46,0,110,2
round6_full_action_bc,v122,2026102205,1,opponent,696,147744.0,3,0,17,21,1,110,2
round6_full_action_bc,v122,2026102205,1,opponent,719,166469.0,3,11,17,0,1,110,2
round6_full_action_bc,v122,2026102206,0,learner,0,3000.0,1,0,0,0,0,0,0
round6_full_action_bc,v122,2026102206,0,learner,24,1209.0,1,0,2,0,0,580,16
round6_full_action_bc,v122,2026102206,0,learner,48,701.0,1,0,1,2,0,570,22
round6_full_action_bc,v122,2026102206,0,learner,72,49.0,1,0,1,9,1,320,18
round6_full_action_bc,v122,2026102206,0,learner,96,36.0,1,0,2,10,2,330,17
round6_full_action_bc,v122,2026102206,0,learner,120,3.0,1,0,0,16,3,180,9
round6_full_action_bc,v122,2026102206,0,learner,144,93.0,1,0,0,16,3,270,9
round6_full_action_bc,v122,2026102206,0,learner,168,60.0,1,0,0,13,5,160,7
round6_full_action_bc,v122,2026102206,0,learner,192,27.0,1,0,0,13,5,120,3
round6_full_action_bc,v122,2026102206,0,learner,216,71.0,1,0,0,11,7,110,2
round6_full_action_bc,v122,2026102206,0,learner,240,17.0,1,0,0,11,7,100,1
round6_full_action_bc,v122,2026102206,0,learner,264,1.0,1,0,0,10,5,130,5
round6_full_action_bc,v122,2026102206,0,learner,288,166.0,1,0,0,8,8,440,9
round6_full_action_bc,v122,2026102206,0,learner,312,5.0,1,0,0,12,7,210,3
round6_full_action_bc,v122,2026102206,0,learner,336,96.0,1,0,0,12,7,310,4
round6_full_action_bc,v122,2026102206,0,learner,360,42.0,1,0,0,11,7,100,1
round6_full_action_bc,v122,2026102206,0,learner,384,9.0,1,0,0,11,7,0,0
round6_full_action_bc,v122,2026102206,0,learner,408,2.0,1,0,0,12,5,50,1
round6_full_action_bc,v122,2026102206,0,learner,432,0.0,1,0,0,11,7,180,5
round6_full_action_bc,v122,2026102206,0,learner,456,715.0,1,0,0,16,1,580,19
round6_full_action_bc,v122,2026102206,0,learner,480,291.0,1,0,0,16,1,1310,34
round6_full_action_bc,v122,2026102206,0,learner,504,0.0,1,0,0,19,0,910,30
round6_full_action_bc,v122,2026102206,0,learner,528,515.0,1,0,0,19,0,980,42
round6_full_action_bc,v122,2026102206,0,learner,552,1.0,1,0,0,19,0,1290,51
round6_full_action_bc,v122,2026102206,0,learner,576,2.0,1,0,0,19,0,1750,67
round6_full_action_bc,v122,2026102206,0,learner,600,2.0,1,0,1,17,2,1800,72
round6_full_action_bc,v122,2026102206,0,learner,624,346.0,1,0,1,19,1,1710,81
round6_full_action_bc,v122,2026102206,0,learner,648,93.0,1,0,1,19,1,2040,92
round6_full_action_bc,v122,2026102206,0,learner,672,143.0,1,0,1,15,5,2250,95
round6_full_action_bc,v122,2026102206,0,learner,696,305.0,1,0,1,13,7,2040,92
round6_full_action_bc,v122,2026102206,0,learner,719,344.0,1,11,1,14,6,2030,91
round6_full_action_bc,v122,2026102206,0,opponent,0,3000.0,1,0,0,0,0,0,0
round6_full_action_bc,v122,2026102206,0,opponent,24,35.0,1,0,4,19,0,0,0
round6_full_action_bc,v122,2026102206,0,opponent,48,103.0,1,0,4,19,0,0,0
round6_full_action_bc,v122,2026102206,0,opponent,72,218.0,1,0,5,19,0,0,0
round6_full_action_bc,v122,2026102206,0,opponent,96,303.0,1,0,6,19,0,0,0
round6_full_action_bc,v122,2026102206,0,opponent,120,726.0,1,0,6,19,0,0,0
round6_full_action_bc,v122,2026102206,0,opponent,144,858.0,1,0,6,19,0,0,0
round6_full_action_bc,v122,2026102206,0,opponent,168,1296.0,2,0,8,29,0,0,0
round6_full_action_bc,v122,2026102206,0,opponent,192,764.0,2,0,10,37,0,0,0
round6_full_action_bc,v122,2026102206,0,opponent,216,2021.0,2,0,12,37,0,0,0
round6_full_action_bc,v122,2026102206,0,opponent,240,3102.0,2,0,13,37,0,0,0
round6_full_action_bc,v122,2026102206,0,opponent,264,18077.0,2,0,16,32,0,0,0
round6_full_action_bc,v122,2026102206,0,opponent,288,19393.0,3,0,17,53,0,0,0
round6_full_action_bc,v122,2026102206,0,opponent,312,23837.0,3,0,17,57,0,0,0
round6_full_action_bc,v122,2026102206,0,opponent,336,26708.0,3,0,17,57,0,0,0
round6_full_action_bc,v122,2026102206,0,opponent,360,32637.0,3,0,17,57,0,0,0
round6_full_action_bc,v122,2026102206,0,opponent,384,40654.0,3,0,17,57,1,0,0
round6_full_action_bc,v122,2026102206,0,opponent,408,49806.0,3,0,17,58,0,0,0
round6_full_action_bc,v122,2026102206,0,opponent,432,55098.0,3,0,17,58,0,0,0
round6_full_action_bc,v122,2026102206,0,opponent,456,64002.0,3,0,17,58,0,0,0
round6_full_action_bc,v122,2026102206,0,opponent,480,70756.0,3,0,17,58,0,0,0
round6_full_action_bc,v122,2026102206,0,opponent,504,79303.0,3,0,17,58,0,0,0
round6_full_action_bc,v122,2026102206,0,opponent,528,89097.0,3,0,17,57,1,0,0
round6_full_action_bc,v122,2026102206,0,opponent,552,97966.0,3,0,17,58,0,0,0
round6_full_action_bc,v122,2026102206,0,opponent,576,106158.0,3,0,17,58,0,0,0
round6_full_action_bc,v122,2026102206,0,opponent,600,113733.0,3,0,17,58,0,0,0
round6_full_action_bc,v122,2026102206,0,opponent,624,122359.0,3,0,17,58,0,0,0
round6_full_action_bc,v122,2026102206,0,opponent,648,126726.0,3,0,17,58,0,0,0
round6_full_action_bc,v122,2026102206,0,opponent,672,138187.0,3,0,17,46,0,0,0
round6_full_action_bc,v122,2026102206,0,opponent,696,144650.0,3,0,17,21,0,0,0
round6_full_action_bc,v122,2026102206,0,opponent,719,160970.0,3,11,17,0,0,0,0
round6_full_action_bc,v122,2026102206,1,learner,0,3000.0,1,0,0,0,0,0,0
round6_full_action_bc,v122,2026102206,1,learner,24,1209.0,1,0,2,0,0,580,16
round6_full_action_bc,v122,2026102206,1,learner,48,1144.0,1,0,1,5,0,350,14
round6_full_action_bc,v122,2026102206,1,learner,72,20.0,1,0,1,12,1,610,15
round6_full_action_bc,v122,2026102206,1,learner,96,105.0,1,0,2,19,0,80,8
round6_full_action_bc,v122,2026102206,1,learner,120,102.0,1,0,2,20,0,80,8
round6_full_action_bc,v122,2026102206,1,learner,144,171.0,1,0,2,20,0,160,7
round6_full_action_bc,v122,2026102206,1,learner,168,38.0,1,0,1,20,1,160,7
round6_full_action_bc,v122,2026102206,1,learner,192,98.0,1,0,1,14,7,160,7
round6_full_action_bc,v122,2026102206,1,learner,216,90.0,1,0,1,14,7,160,7
round6_full_action_bc,v122,2026102206,1,learner,240,182.0,1,0,1,17,4,40,4
round6_full_action_bc,v122,2026102206,1,learner,264,20.0,1,0,1,17,4,40,4
round6_full_action_bc,v122,2026102206,1,learner,288,83.0,1,0,0,14,6,40,4
round6_full_action_bc,v122,2026102206,1,learner,312,9.0,1,0,0,15,4,0,0
round6_full_action_bc,v122,2026102206,1,learner,336,2.0,1,0,0,14,1,0,0
round6_full_action_bc,v122,2026102206,1,learner,360,122.0,1,0,0,16,1,510,6
round6_full_action_bc,v122,2026102206,1,learner,384,4.0,1,0,0,14,5,330,6
round6_full_action_bc,v122,2026102206,1,learner,408,1936.0,1,0,0,17,4,1750,27
round6_full_action_bc,v122,2026102206,1,learner,432,209.0,2,0,0,28,1,1060,24
round6_full_action_bc,v122,2026102206,1,learner,456,235.0,2,0,0,28,1,1070,30
round6_full_action_bc,v122,2026102206,1,learner,480,9.0,2,0,0,24,5,1150,38
round6_full_action_bc,v122,2026102206,1,learner,504,990.0,2,0,0,19,9,1340,48
round6_full_action_bc,v122,2026102206,1,learner,528,996.0,2,0,0,13,16,1410,55
round6_full_action_bc,v122,2026102206,1,learner,552,344.0,2,0,0,14,16,1470,61
round6_full_action_bc,v122,2026102206,1,learner,576,1629.0,2,0,1,12,18,1570,71
round6_full_action_bc,v122,2026102206,1,learner,600,963.0,2,0,1,11,20,1620,76
round6_full_action_bc,v122,2026102206,1,learner,624,854.0,2,0,1,8,25,1620,76
round6_full_action_bc,v122,2026102206,1,learner,648,614.0,2,0,2,6,27,2050,83
round6_full_action_bc,v122,2026102206,1,learner,672,5.0,2,0,1,5,28,2320,92
round6_full_action_bc,v122,2026102206,1,learner,696,6.0,2,0,2,2,30,2350,95
round6_full_action_bc,v122,2026102206,1,learner,719,8.0,2,6,2,3,30,2290,96
round6_full_action_bc,v122,2026102206,1,opponent,0,3000.0,1,0,0,0,0,0,0
round6_full_action_bc,v122,2026102206,1,opponent,24,35.0,1,0,4,19,0,0,0
round6_full_action_bc,v122,2026102206,1,opponent,48,98.0,1,0,4,19,0,0,0
round6_full_action_bc,v122,2026102206,1,opponent,72,213.0,1,0,5,19,0,0,0
round6_full_action_bc,v122,2026102206,1,opponent,96,300.0,1,0,6,19,0,0,0
round6_full_action_bc,v122,2026102206,1,opponent,120,720.0,1,0,6,19,0,0,0
round6_full_action_bc,v122,2026102206,1,opponent,144,850.0,1,0,6,19,0,0,0
round6_full_action_bc,v122,2026102206,1,opponent,168,1281.0,2,0,8,29,0,0,0
round6_full_action_bc,v122,2026102206,1,opponent,192,741.0,2,0,10,37,0,0,0
round6_full_action_bc,v122,2026102206,1,opponent,216,1972.0,2,0,12,37,0,0,0
round6_full_action_bc,v122,2026102206,1,opponent,240,3027.0,2,0,13,37,0,0,0
round6_full_action_bc,v122,2026102206,1,opponent,264,16258.0,2,0,16,32,0,0,0
round6_full_action_bc,v122,2026102206,1,opponent,288,17669.0,3,0,17,53,0,0,0
round6_full_action_bc,v122,2026102206,1,opponent,312,20793.0,3,0,17,57,0,0,0
round6_full_action_bc,v122,2026102206,1,opponent,336,25146.0,3,0,17,57,0,0,0
round6_full_action_bc,v122,2026102206,1,opponent,360,31322.0,3,0,17,57,0,0,0
round6_full_action_bc,v122,2026102206,1,opponent,384,40233.0,3,0,17,57,1,0,0
round6_full_action_bc,v122,2026102206,1,opponent,408,49961.0,3,0,17,58,0,0,0
round6_full_action_bc,v122,2026102206,1,opponent,432,55276.0,3,0,17,58,0,0,0
round6_full_action_bc,v122,2026102206,1,opponent,456,59570.0,4,0,17,68,0,0,0
round6_full_action_bc,v122,2026102206,1,opponent,480,66382.0,4,0,17,68,0,0,0
round6_full_action_bc,v122,2026102206,1,opponent,504,74718.0,4,0,17,68,0,0,0
round6_full_action_bc,v122,2026102206,1,opponent,528,84820.0,4,0,17,67,1,0,0
round6_full_action_bc,v122,2026102206,1,opponent,552,94492.0,4,0,17,68,0,0,0
round6_full_action_bc,v122,2026102206,1,opponent,576,102579.0,4,0,17,68,0,0,0
round6_full_action_bc,v122,2026102206,1,opponent,600,110743.0,4,0,17,68,0,0,0
round6_full_action_bc,v122,2026102206,1,opponent,624,118979.0,4,0,17,68,0,0,0
round6_full_action_bc,v122,2026102206,1,opponent,648,133279.0,4,0,17,68,0,0,0
round6_full_action_bc,v122,2026102206,1,opponent,672,146425.0,4,0,17,56,0,0,0
round6_full_action_bc,v122,2026102206,1,opponent,696,156652.0,4,0,17,31,1,0,0
round6_full_action_bc,v122,2026102206,1,opponent,719,181493.0,4,13,17,10,1,0,0
round6_full_action_bc,v122,2026102207,0,learner,0,3000.0,1,0,0,0,0,0,0
round6_full_action_bc,v122,2026102207,0,learner,24,1209.0,1,0,2,0,1,580,16
round6_full_action_bc,v122,2026102207,0,learner,48,827.0,1,0,1,2,0,420,14
round6_full_action_bc,v122,2026102207,0,learner,72,234.0,1,0,3,9,0,270,13
round6_full_action_bc,v122,2026102207,0,learner,96,36.0,1,0,3,12,1,280,12
round6_full_action_bc,v122,2026102207,0,learner,120,23.0,1,0,3,14,2,90,9
round6_full_action_bc,v122,2026102207,0,learner,144,89.0,1,0,3,17,1,60,6
round6_full_action_bc,v122,2026102207,0,learner,168,35.0,1,0,3,19,1,160,7
round6_full_action_bc,v122,2026102207,0,learner,192,76.0,1,0,2,20,1,60,6
round6_full_action_bc,v122,2026102207,0,learner,216,89.0,1,0,2,18,3,60,6
round6_full_action_bc,v122,2026102207,0,learner,240,259.0,1,0,2,19,2,50,5
round6_full_action_bc,v122,2026102207,0,learner,264,542.0,1,0,2,18,3,150,6
round6_full_action_bc,v122,2026102207,0,learner,288,211.0,1,0,0,17,3,140,5
round6_full_action_bc,v122,2026102207,0,learner,312,8.0,1,0,0,19,2,20,2
round6_full_action_bc,v122,2026102207,0,learner,336,54.0,1,0,0,12,9,90,5
round6_full_action_bc,v122,2026102207,0,learner,360,5.0,1,0,0,14,6,100,6
round6_full_action_bc,v122,2026102207,0,learner,384,2703.0,1,0,0,17,4,790,21
round6_full_action_bc,v122,2026102207,0,learner,408,1834.0,1,0,0,18,3,1380,35
round6_full_action_bc,v122,2026102207,0,learner,432,931.0,1,0,0,18,3,1780,48
round6_full_action_bc,v122,2026102207,0,learner,456,535.0,1,0,0,17,4,2030,55
round6_full_action_bc,v122,2026102207,0,learner,480,0.0,1,0,0,16,5,2310,65
round6_full_action_bc,v122,2026102207,0,learner,504,1754.0,1,0,0,18,3,2110,72
round6_full_action_bc,v122,2026102207,0,learner,528,1556.0,1,0,0,18,3,2110,81
round6_full_action_bc,v122,2026102207,0,learner,552,1817.0,1,0,0,18,3,2050,93
round6_full_action_bc,v122,2026102207,0,learner,576,1488.0,1,0,0,18,3,2220,106
round6_full_action_bc,v122,2026102207,0,learner,600,1551.0,1,0,0,18,3,2320,116
round6_full_action_bc,v122,2026102207,0,learner,624,414.0,1,0,0,18,3,2400,124
round6_full_action_bc,v122,2026102207,0,learner,648,180.0,1,0,0,16,5,2480,128
round6_full_action_bc,v122,2026102207,0,learner,672,1158.0,1,0,0,14,7,2420,131
round6_full_action_bc,v122,2026102207,0,learner,696,2410.0,1,0,0,13,8,2480,137
round6_full_action_bc,v122,2026102207,0,learner,719,3046.0,1,10,0,12,9,2480,137
round6_full_action_bc,v122,2026102207,0,opponent,0,3000.0,1,0,0,0,0,0,0
round6_full_action_bc,v122,2026102207,0,opponent,24,35.0,1,0,4,19,0,0,0
round6_full_action_bc,v122,2026102207,0,opponent,48,98.0,1,0,4,19,0,0,0
round6_full_action_bc,v122,2026102207,0,opponent,72,214.0,1,0,5,19,0,0,0
round6_full_action_bc,v122,2026102207,0,opponent,96,301.0,1,0,6,19,0,0,0
round6_full_action_bc,v122,2026102207,0,opponent,120,715.0,1,0,6,19,0,0,0
round6_full_action_bc,v122,2026102207,0,opponent,144,841.0,1,0,6,19,0,0,0
round6_full_action_bc,v122,2026102207,0,opponent,168,867.0,2,0,8,29,0,0,0
round6_full_action_bc,v122,2026102207,0,opponent,192,625.0,2,0,10,37,0,0,0
round6_full_action_bc,v122,2026102207,0,opponent,216,1467.0,2,0,12,37,0,0,0
round6_full_action_bc,v122,2026102207,0,opponent,240,2487.0,2,0,13,37,0,0,0
round6_full_action_bc,v122,2026102207,0,opponent,264,16332.0,2,0,16,32,0,0,0
round6_full_action_bc,v122,2026102207,0,opponent,288,16917.0,3,0,17,53,0,0,0
round6_full_action_bc,v122,2026102207,0,opponent,312,19766.0,3,0,17,57,0,0,0
round6_full_action_bc,v122,2026102207,0,opponent,336,22843.0,3,0,17,57,0,0,0
round6_full_action_bc,v122,2026102207,0,opponent,360,27726.0,3,0,17,57,0,0,0
round6_full_action_bc,v122,2026102207,0,opponent,384,33469.0,3,0,17,57,1,0,0
round6_full_action_bc,v122,2026102207,0,opponent,408,41476.0,3,0,17,58,0,0,0
round6_full_action_bc,v122,2026102207,0,opponent,432,46680.0,3,0,17,58,0,0,0
round6_full_action_bc,v122,2026102207,0,opponent,456,53473.0,3,0,17,58,0,0,0
round6_full_action_bc,v122,2026102207,0,opponent,480,59319.0,3,0,17,58,0,0,0
round6_full_action_bc,v122,2026102207,0,opponent,504,66478.0,3,0,17,58,0,0,0
round6_full_action_bc,v122,2026102207,0,opponent,528,75566.0,3,0,17,57,1,0,0
round6_full_action_bc,v122,2026102207,0,opponent,552,83106.0,3,0,17,58,0,0,0
round6_full_action_bc,v122,2026102207,0,opponent,576,90763.0,3,0,17,58,0,0,0
round6_full_action_bc,v122,2026102207,0,opponent,600,98464.0,3,0,17,58,0,0,0
round6_full_action_bc,v122,2026102207,0,opponent,624,106256.0,3,0,17,58,0,0,0
round6_full_action_bc,v122,2026102207,0,opponent,648,109902.0,3,0,17,58,0,0,0
round6_full_action_bc,v122,2026102207,0,opponent,672,121684.0,3,0,17,46,0,0,0
round6_full_action_bc,v122,2026102207,0,opponent,696,126553.0,3,0,17,21,1,0,0
round6_full_action_bc,v122,2026102207,0,opponent,719,142604.0,3,11,17,0,1,0,0
round6_full_action_bc,v122,2026102207,1,learner,0,3000.0,1,0,0,0,0,0,0
round6_full_action_bc,v122,2026102207,1,learner,24,1209.0,1,0,2,0,1,580,16
round6_full_action_bc,v122,2026102207,1,learner,48,1307.0,1,0,1,5,1,190,12
round6_full_action_bc,v122,2026102207,1,learner,72,133.0,1,0,0,9,1,780,18
round6_full_action_bc,v122,2026102207,1,learner,96,89.0,1,0,1,9,4,640,16
round6_full_action_bc,v122,2026102207,1,learner,120,56.0,1,0,0,14,4,180,9
round6_full_action_bc,v122,2026102207,1,learner,144,36.0,1,0,0,16,3,160,7
round6_full_action_bc,v122,2026102207,1,learner,168,3.0,1,0,0,17,2,130,4
round6_full_action_bc,v122,2026102207,1,learner,192,1.0,1,0,0,17,2,130,4
round6_full_action_bc,v122,2026102207,1,learner,216,138.0,1,0,0,6,13,110,2
round6_full_action_bc,v122,2026102207,1,learner,240,87.0,1,0,0,7,10,100,1
round6_full_action_bc,v122,2026102207,1,learner,264,3.0,1,0,0,9,3,0,0
round6_full_action_bc,v122,2026102207,1,learner,288,5.0,1,0,0,10,3,50,5
round6_full_action_bc,v122,2026102207,1,learner,312,1.0,1,0,0,11,5,0,0
round6_full_action_bc,v122,2026102207,1,learner,336,54.0,1,0,0,10,5,110,2
round6_full_action_bc,v122,2026102207,1,learner,360,0.0,1,0,0,5,4,0,0
round6_full_action_bc,v122,2026102207,1,learner,384,4.0,1,0,0,12,1,0,0
round6_full_action_bc,v122,2026102207,1,learner,408,3.0,1,0,0,15,1,0,0
round6_full_action_bc,v122,2026102207,1,learner,432,4.0,1,0,0,18,0,0,0
round6_full_action_bc,v122,2026102207,1,learner,456,1.0,1,0,0,19,0,120,3
round6_full_action_bc,v122,2026102207,1,learner,480,706.0,1,0,0,16,3,890,22
round6_full_action_bc,v122,2026102207,1,learner,504,210.0,1,0,0,18,2,750,26
round6_full_action_bc,v122,2026102207,1,learner,528,2441.0,1,0,0,21,0,840,31
round6_full_action_bc,v122,2026102207,1,learner,552,2337.0,1,0,0,21,0,1150,47
round6_full_action_bc,v122,2026102207,1,learner,576,1999.0,1,0,0,18,3,1780,86
round6_full_action_bc,v122,2026102207,1,learner,600,1287.0,1,0,0,10,11,2440,124
round6_full_action_bc,v122,2026102207,1,learner,624,968.0,1,0,0,5,16,2490,130
round6_full_action_bc,v122,2026102207,1,learner,648,424.0,1,0,0,5,16,3140,167
round6_full_action_bc,v122,2026102207,1,learner,672,0.0,1,0,0,6,15,3140,169
round6_full_action_bc,v122,2026102207,1,learner,696,49.0,1,0,0,4,17,3690,200
round6_full_action_bc,v122,2026102207,1,learner,719,5.0,1,7,0,4,17,3840,206
round6_full_action_bc,v122,2026102207,1,opponent,0,3000.0,1,0,0,0,0,0,0
round6_full_action_bc,v122,2026102207,1,opponent,24,35.0,1,0,4,19,0,0,0
round6_full_action_bc,v122,2026102207,1,opponent,48,95.0,1,0,4,19,0,0,0
round6_full_action_bc,v122,2026102207,1,opponent,72,209.0,1,0,5,19,0,0,0
round6_full_action_bc,v122,2026102207,1,opponent,96,295.0,1,0,6,19,0,0,0
round6_full_action_bc,v122,2026102207,1,opponent,120,716.0,1,0,6,19,0,0,0
round6_full_action_bc,v122,2026102207,1,opponent,144,846.0,1,0,6,19,0,0,0
round6_full_action_bc,v122,2026102207,1,opponent,168,886.0,2,0,8,29,0,0,0
round6_full_action_bc,v122,2026102207,1,opponent,192,661.0,2,0,10,37,0,0,0
round6_full_action_bc,v122,2026102207,1,opponent,216,1550.0,2,0,12,37,0,0,0
round6_full_action_bc,v122,2026102207,1,opponent,240,2627.0,2,0,13,37,0,0,0
round6_full_action_bc,v122,2026102207,1,opponent,264,16488.0,2,0,16,32,0,0,0
round6_full_action_bc,v122,2026102207,1,opponent,288,17130.0,3,0,17,53,0,0,0
round6_full_action_bc,v122,2026102207,1,opponent,312,20283.0,3,0,17,57,0,0,0
round6_full_action_bc,v122,2026102207,1,opponent,336,23229.0,3,0,17,57,0,0,0
round6_full_action_bc,v122,2026102207,1,opponent,360,27693.0,3,0,17,57,0,0,0
round6_full_action_bc,v122,2026102207,1,opponent,384,32660.0,3,0,17,57,1,0,0
round6_full_action_bc,v122,2026102207,1,opponent,408,40677.0,3,0,17,58,0,0,0
round6_full_action_bc,v122,2026102207,1,opponent,432,46150.0,3,0,17,58,0,0,0
round6_full_action_bc,v122,2026102207,1,opponent,456,48624.0,4,0,17,68,0,0,0
round6_full_action_bc,v122,2026102207,1,opponent,480,53639.0,4,0,17,68,0,0,0
round6_full_action_bc,v122,2026102207,1,opponent,504,62264.0,4,0,17,68,0,0,0
round6_full_action_bc,v122,2026102207,1,opponent,528,73034.0,4,0,17,67,1,0,0
round6_full_action_bc,v122,2026102207,1,opponent,552,81359.0,4,0,17,68,0,0,0
round6_full_action_bc,v122,2026102207,1,opponent,576,90315.0,4,0,17,68,0,0,0
round6_full_action_bc,v122,2026102207,1,opponent,600,98223.0,4,0,17,68,0,0,0
round6_full_action_bc,v122,2026102207,1,opponent,624,104993.0,4,0,17,68,0,0,0
round6_full_action_bc,v122,2026102207,1,opponent,648,112944.0,4,0,17,68,0,0,0
round6_full_action_bc,v122,2026102207,1,opponent,672,128279.0,4,0,17,56,0,0,0
round6_full_action_bc,v122,2026102207,1,opponent,696,139028.0,4,0,17,31,1,0,0
round6_full_action_bc,v122,2026102207,1,opponent,719,159401.0,4,13,17,10,1,0,0
round6_full_action_bc,v122,2026102208,0,learner,0,3000.0,1,0,0,0,0,0,0
round6_full_action_bc,v122,2026102208,0,learner,24,1209.0,1,0,2,0,0,580,16
round6_full_action_bc,v122,2026102208,0,learner,48,701.0,1,0,1,2,0,570,22
round6_full_action_bc,v122,2026102208,0,learner,72,49.0,1,0,1,9,0,320,18
round6_full_action_bc,v122,2026102208,0,learner,96,36.0,1,0,2,11,0,330,17
round6_full_action_bc,v122,2026102208,0,learner,120,3.0,1,0,0,16,0,200,11
round6_full_action_bc,v122,2026102208,0,learner,144,97.0,1,0,0,17,1,90,9
round6_full_action_bc,v122,2026102208,0,learner,168,64.0,1,0,0,12,6,70,7
round6_full_action_bc,v122,2026102208,0,learner,192,21.0,1,0,0,13,6,40,4
round6_full_action_bc,v122,2026102208,0,learner,216,65.0,1,0,0,13,6,130,4
round6_full_action_bc,v122,2026102208,0,learner,240,1.0,1,0,0,14,5,0,0
round6_full_action_bc,v122,2026102208,0,learner,264,350.0,1,0,0,10,9,20,2
round6_full_action_bc,v122,2026102208,0,learner,288,8.0,1,0,0,10,8,0,0
round6_full_action_bc,v122,2026102208,0,learner,312,1.0,1,0,0,12,6,60,6
round6_full_action_bc,v122,2026102208,0,learner,336,312.0,1,0,0,10,8,50,5
round6_full_action_bc,v122,2026102208,0,learner,360,1.0,1,0,0,9,8,140,5
round6_full_action_bc,v122,2026102208,0,learner,384,6.0,1,0,0,14,4,130,4
round6_full_action_bc,v122,2026102208,0,learner,408,9.0,1,0,0,16,3,110,2
round6_full_action_bc,v122,2026102208,0,learner,432,2.0,1,0,0,12,7,120,3
round6_full_action_bc,v122,2026102208,0,learner,456,249.0,1,0,0,14,5,190,11
round6_full_action_bc,v122,2026102208,0,learner,480,17.0,1,0,0,14,5,400,20
round6_full_action_bc,v122,2026102208,0,learner,504,1227.0,1,0,0,17,2,620,27
round6_full_action_bc,v122,2026102208,0,learner,528,1263.0,1,0,0,17,2,650,30
round6_full_action_bc,v122,2026102208,0,learner,552,1339.0,1,0,0,17,2,760,41
round6_full_action_bc,v122,2026102208,0,learner,576,1330.0,1,0,0,17,2,890,50
round6_full_action_bc,v122,2026102208,0,learner,600,1116.0,1,0,0,18,1,1030,63
round6_full_action_bc,v122,2026102208,0,learner,624,493.0,1,0,0,18,1,1330,80
round6_full_action_bc,v122,2026102208,0,learner,648,304.0,1,0,0,17,2,1380,85
round6_full_action_bc,v122,2026102208,0,learner,672,127.0,1,0,0,13,6,1600,98
round6_full_action_bc,v122,2026102208,0,learner,696,1.0,1,0,0,12,7,1630,100
round6_full_action_bc,v122,2026102208,0,learner,719,655.0,1,8,1,12,7,2130,128
round6_full_action_bc,v122,2026102208,0,opponent,0,3000.0,1,0,0,0,0,0,0
round6_full_action_bc,v122,2026102208,0,opponent,24,35.0,1,0,4,19,0,0,0
round6_full_action_bc,v122,2026102208,0,opponent,48,103.0,1,0,4,19,0,0,0
round6_full_action_bc,v122,2026102208,0,opponent,72,218.0,1,0,5,19,0,0,0
round6_full_action_bc,v122,2026102208,0,opponent,96,303.0,1,0,6,19,0,0,0
round6_full_action_bc,v122,2026102208,0,opponent,120,726.0,1,0,6,19,0,0,0
round6_full_action_bc,v122,2026102208,0,opponent,144,857.0,1,0,6,19,0,0,0
round6_full_action_bc,v122,2026102208,0,opponent,168,898.0,2,0,8,29,0,0,0
round6_full_action_bc,v122,2026102208,0,opponent,192,675.0,2,0,10,37,0,0,0
round6_full_action_bc,v122,2026102208,0,opponent,216,2022.0,2,0,12,37,0,0,0
round6_full_action_bc,v122,2026102208,0,opponent,240,3107.0,2,0,13,37,0,0,0
round6_full_action_bc,v122,2026102208,0,opponent,264,17590.0,2,0,16,32,0,0,0
round6_full_action_bc,v122,2026102208,0,opponent,288,18879.0,3,0,17,53,0,0,0
round6_full_action_bc,v122,2026102208,0,opponent,312,22029.0,3,0,17,57,0,0,0
round6_full_action_bc,v122,2026102208,0,opponent,336,26235.0,3,0,17,57,0,0,0
round6_full_action_bc,v122,2026102208,0,opponent,360,32222.0,3,0,17,57,0,0,0
round6_full_action_bc,v122,2026102208,0,opponent,384,40890.0,3,0,17,57,1,0,0
round6_full_action_bc,v122,2026102208,0,opponent,408,50712.0,3,0,17,58,0,0,0
round6_full_action_bc,v122,2026102208,0,opponent,432,56325.0,3,0,17,58,0,0,0
round6_full_action_bc,v122,2026102208,0,opponent,456,65541.0,3,0,17,58,0,0,0
round6_full_action_bc,v122,2026102208,0,opponent,480,72514.0,3,0,17,58,0,0,0
round6_full_action_bc,v122,2026102208,0,opponent,504,81321.0,3,0,17,58,0,0,0
round6_full_action_bc,v122,2026102208,0,opponent,528,91635.0,3,0,17,57,1,0,0
round6_full_action_bc,v122,2026102208,0,opponent,552,100952.0,3,0,17,58,0,0,0
round6_full_action_bc,v122,2026102208,0,opponent,576,109544.0,3,0,17,58,0,0,0
round6_full_action_bc,v122,2026102208,0,opponent,600,117772.0,3,0,17,58,0,0,0
round6_full_action_bc,v122,2026102208,0,opponent,624,126883.0,3,0,17,58,0,0,0
round6_full_action_bc,v122,2026102208,0,opponent,648,131828.0,3,0,17,58,0,0,0
round6_full_action_bc,v122,2026102208,0,opponent,672,144289.0,3,0,17,46,0,0,0
round6_full_action_bc,v122,2026102208,0,opponent,696,151865.0,3,0,17,21,0,0,0
round6_full_action_bc,v122,2026102208,0,opponent,719,170389.0,3,11,17,0,0,0,0
round6_full_action_bc,v122,2026102208,1,learner,0,3000.0,1,0,0,0,0,0,0
round6_full_action_bc,v122,2026102208,1,learner,24,1209.0,1,0,2,0,0,580,16
round6_full_action_bc,v122,2026102208,1,learner,48,1144.0,1,0,1,5,0,350,14
round6_full_action_bc,v122,2026102208,1,learner,72,20.0,1,0,1,12,0,610,15
round6_full_action_bc,v122,2026102208,1,learner,96,111.0,1,0,2,18,0,160,9
round6_full_action_bc,v122,2026102208,1,learner,120,12.0,1,0,2,18,0,160,9
round6_full_action_bc,v122,2026102208,1,learner,144,91.0,1,0,2,14,4,80,8
round6_full_action_bc,v122,2026102208,1,learner,168,46.0,1,0,1,17,3,70,7
round6_full_action_bc,v122,2026102208,1,learner,192,98.0,1,0,1,17,4,160,7
round6_full_action_bc,v122,2026102208,1,learner,216,35.0,1,0,1,16,5,160,7
round6_full_action_bc,v122,2026102208,1,learner,240,91.0,1,0,1,15,6,150,6
round6_full_action_bc,v122,2026102208,1,learner,264,254.0,1,0,0,13,7,100,6
round6_full_action_bc,v122,2026102208,1,learner,288,6.0,1,0,0,16,4,220,9
round6_full_action_bc,v122,2026102208,1,learner,312,2.0,1,0,0,15,4,190,6
round6_full_action_bc,v122,2026102208,1,learner,336,2.0,2,0,0,12,5,320,10
round6_full_action_bc,v122,2026102208,1,learner,360,2.0,2,0,1,18,4,350,19
round6_full_action_bc,v122,2026102208,1,learner,384,1092.0,2,0,1,13,12,360,20
round6_full_action_bc,v122,2026102208,1,learner,408,1423.0,2,0,1,13,13,600,32
round6_full_action_bc,v122,2026102208,1,learner,432,1328.0,2,0,0,12,18,530,37
round6_full_action_bc,v122,2026102208,1,learner,456,1181.0,2,0,1,16,18,780,50
round6_full_action_bc,v122,2026102208,1,learner,480,1201.0,2,0,0,13,21,970,61
round6_full_action_bc,v122,2026102208,1,learner,504,1055.0,2,0,1,0,34,1200,68
round6_full_action_bc,v122,2026102208,1,learner,528,458.0,2,0,0,8,31,980,74
round6_full_action_bc,v122,2026102208,1,learner,552,155.0,2,0,1,9,30,1160,88
round6_full_action_bc,v122,2026102208,1,learner,576,226.0,2,0,1,4,35,1170,93
round6_full_action_bc,v122,2026102208,1,learner,600,137.0,2,0,1,10,29,1040,96
round6_full_action_bc,v122,2026102208,1,learner,624,3.0,2,0,0,12,28,1100,102
round6_full_action_bc,v122,2026102208,1,learner,648,8.0,2,0,1,11,29,1130,105
round6_full_action_bc,v122,2026102208,1,learner,672,1.0,2,0,0,6,34,1120,104
round6_full_action_bc,v122,2026102208,1,learner,696,4.0,2,0,1,11,29,1170,106
round6_full_action_bc,v122,2026102208,1,learner,719,1.0,2,3,1,12,28,1270,107
round6_full_action_bc,v122,2026102208,1,opponent,0,3000.0,1,0,0,0,0,0,0
round6_full_action_bc,v122,2026102208,1,opponent,24,35.0,1,0,4,19,0,0,0
round6_full_action_bc,v122,2026102208,1,opponent,48,98.0,1,0,4,19,0,0,0
round6_full_action_bc,v122,2026102208,1,opponent,72,213.0,1,0,5,19,0,0,0
round6_full_action_bc,v122,2026102208,1,opponent,96,300.0,1,0,6,19,0,0,0
round6_full_action_bc,v122,2026102208,1,opponent,120,720.0,1,0,6,19,0,0,0
round6_full_action_bc,v122,2026102208,1,opponent,144,851.0,1,0,6,19,0,0,0
round6_full_action_bc,v122,2026102208,1,opponent,168,1281.0,2,0,8,29,0,0,0
round6_full_action_bc,v122,2026102208,1,opponent,192,741.0,2,0,10,37,0,0,0
round6_full_action_bc,v122,2026102208,1,opponent,216,1784.0,2,0,12,37,0,0,0
round6_full_action_bc,v122,2026102208,1,opponent,240,2839.0,2,0,13,37,0,0,0
round6_full_action_bc,v122,2026102208,1,opponent,264,17265.0,2,0,16,32,0,0,0
round6_full_action_bc,v122,2026102208,1,opponent,288,18385.0,3,0,17,53,0,0,0
round6_full_action_bc,v122,2026102208,1,opponent,312,22736.0,3,0,17,57,0,0,0
round6_full_action_bc,v122,2026102208,1,opponent,336,25504.0,3,0,17,57,0,0,0
round6_full_action_bc,v122,2026102208,1,opponent,360,31319.0,3,0,17,57,0,0,0
round6_full_action_bc,v122,2026102208,1,opponent,384,39342.0,3,0,17,57,1,0,0
round6_full_action_bc,v122,2026102208,1,opponent,408,47840.0,3,0,17,58,0,0,0
round6_full_action_bc,v122,2026102208,1,opponent,432,53421.0,3,0,17,58,0,0,0
round6_full_action_bc,v122,2026102208,1,opponent,456,63149.0,3,0,17,58,0,0,0
round6_full_action_bc,v122,2026102208,1,opponent,480,70458.0,3,0,17,58,0,0,0
round6_full_action_bc,v122,2026102208,1,opponent,504,78745.0,3,0,17,58,0,0,0
round6_full_action_bc,v122,2026102208,1,opponent,528,88747.0,3,0,17,57,1,0,0
round6_full_action_bc,v122,2026102208,1,opponent,552,97285.0,3,0,16,58,0,0,0
round6_full_action_bc,v122,2026102208,1,opponent,576,105650.0,3,0,16,58,0,0,0
round6_full_action_bc,v122,2026102208,1,opponent,600,113839.0,3,0,15,58,0,0,0
round6_full_action_bc,v122,2026102208,1,opponent,624,120702.0,3,0,15,58,0,0,0
round6_full_action_bc,v122,2026102208,1,opponent,648,126296.0,3,0,15,58,0,0,0
round6_full_action_bc,v122,2026102208,1,opponent,672,133817.0,3,0,15,46,0,0,0
round6_full_action_bc,v122,2026102208,1,opponent,696,146019.0,3,0,15,21,0,0,0
round6_full_action_bc,v122,2026102208,1,opponent,719,157847.0,3,11,15,1,0,0,0
round6_full_action_bc,v123,2026102201,0,learner,0,3000.0,1,0,0,0,0,0,0
round6_full_action_bc,v123,2026102201,0,learner,24,1209.0,1,0,2,0,0,580,16
round6_full_action_bc,v123,2026102201,0,learner,48,701.0,1,0,1,2,0,570,22
round6_full_action_bc,v123,2026102201,0,learner,72,49.0,1,0,1,9,0,320,18
round6_full_action_bc,v123,2026102201,0,learner,96,36.0,1,0,2,10,1,330,17
round6_full_action_bc,v123,2026102201,0,learner,120,3.0,1,0,0,15,1,200,11
round6_full_action_bc,v123,2026102201,0,learner,144,56.0,1,0,0,17,1,190,10
round6_full_action_bc,v123,2026102201,0,learner,168,23.0,1,0,0,13,5,60,6
round6_full_action_bc,v123,2026102201,0,learner,192,3.0,1,0,0,15,4,20,2
round6_full_action_bc,v123,2026102201,0,learner,216,71.0,1,0,0,11,8,110,2
round6_full_action_bc,v123,2026102201,0,learner,240,17.0,1,0,0,9,9,0,0
round6_full_action_bc,v123,2026102201,0,learner,264,0.0,1,0,0,9,7,90,2
round6_full_action_bc,v123,2026102201,0,learner,288,8.0,1,0,0,9,7,240,8
round6_full_action_bc,v123,2026102201,0,learner,312,1.0,1,0,0,8,9,220,6
round6_full_action_bc,v123,2026102201,0,learner,336,195.0,1,0,0,5,12,220,6
round6_full_action_bc,v123,2026102201,0,learner,360,8.0,1,0,0,12,5,80,1
round6_full_action_bc,v123,2026102201,0,learner,384,123.0,1,0,0,15,3,100,3
round6_full_action_bc,v123,2026102201,0,learner,408,5.0,1,0,0,16,1,0,0
round6_full_action_bc,v123,2026102201,0,learner,432,2.0,1,0,0,15,3,310,9
round6_full_action_bc,v123,2026102201,0,learner,456,8.0,1,0,0,15,3,720,23
round6_full_action_bc,v123,2026102201,0,learner,480,113.0,1,0,0,14,4,1250,40
round6_full_action_bc,v123,2026102201,0,learner,504,4.0,1,0,0,15,4,980,39
round6_full_action_bc,v123,2026102201,0,learner,528,873.0,1,0,0,15,4,1710,71
round6_full_action_bc,v123,2026102201,0,learner,552,229.0,1,0,0,4,15,2400,92
round6_full_action_bc,v123,2026102201,0,learner,576,125.0,1,0,0,1,17,2900,124
round6_full_action_bc,v123,2026102201,0,learner,600,7.0,1,0,0,1,17,3150,143
round6_full_action_bc,v123,2026102201,0,learner,624,4.0,1,0,0,0,18,3200,148
round6_full_action_bc,v123,2026102201,0,learner,648,0.0,1,0,0,0,18,3200,148
round6_full_action_bc,v123,2026102201,0,learner,672,0.0,1,0,0,0,18,3200,148
round6_full_action_bc,v123,2026102201,0,learner,696,0.0,1,0,0,0,18,3200,148
round6_full_action_bc,v123,2026102201,0,learner,719,0.0,1,0,0,0,18,3200,148
round6_full_action_bc,v123,2026102201,0,opponent,0,3000.0,1,0,0,0,0,0,0
round6_full_action_bc,v123,2026102201,0,opponent,24,35.0,1,0,4,19,0,0,0
round6_full_action_bc,v123,2026102201,0,opponent,48,103.0,1,0,4,19,0,0,0
round6_full_action_bc,v123,2026102201,0,opponent,72,218.0,1,0,5,19,0,0,0
round6_full_action_bc,v123,2026102201,0,opponent,96,303.0,1,0,6,19,0,0,0
round6_full_action_bc,v123,2026102201,0,opponent,120,726.0,1,0,6,19,0,0,0
round6_full_action_bc,v123,2026102201,0,opponent,144,857.0,1,0,6,19,0,0,0
round6_full_action_bc,v123,2026102201,0,opponent,168,1296.0,2,0,8,29,0,0,0
round6_full_action_bc,v123,2026102201,0,opponent,192,766.0,2,0,10,37,0,0,0
round6_full_action_bc,v123,2026102201,0,opponent,216,1567.0,2,0,12,37,0,0,0
round6_full_action_bc,v123,2026102201,0,opponent,240,2655.0,2,0,13,37,0,0,0
round6_full_action_bc,v123,2026102201,0,opponent,264,16539.0,2,0,16,32,0,0,0
round6_full_action_bc,v123,2026102201,0,opponent,288,17193.0,3,0,17,53,0,0,0
round6_full_action_bc,v123,2026102201,0,opponent,312,21054.0,3,0,17,57,0,0,0
round6_full_action_bc,v123,2026102201,0,opponent,336,23269.0,3,0,17,57,0,0,0
round6_full_action_bc,v123,2026102201,0,opponent,360,27720.0,3,0,17,57,0,0,0
round6_full_action_bc,v123,2026102201,0,opponent,384,32227.0,3,0,17,57,1,0,0
round6_full_action_bc,v123,2026102201,0,opponent,408,39139.0,3,0,17,58,0,0,0
round6_full_action_bc,v123,2026102201,0,opponent,432,43986.0,3,0,17,58,0,0,0
round6_full_action_bc,v123,2026102201,0,opponent,456,49447.0,3,0,17,58,0,0,0
round6_full_action_bc,v123,2026102201,0,opponent,480,54074.0,3,0,17,58,0,0,0
round6_full_action_bc,v123,2026102201,0,opponent,504,59850.0,3,0,17,58,0,0,0
round6_full_action_bc,v123,2026102201,0,opponent,528,67264.0,3,0,17,57,1,0,0
round6_full_action_bc,v123,2026102201,0,opponent,552,72275.0,3,0,17,58,0,0,0
round6_full_action_bc,v123,2026102201,0,opponent,576,78211.0,3,0,17,58,0,0,0
round6_full_action_bc,v123,2026102201,0,opponent,600,83669.0,3,0,17,58,0,0,0
round6_full_action_bc,v123,2026102201,0,opponent,624,87803.0,3,0,17,58,0,0,0
round6_full_action_bc,v123,2026102201,0,opponent,648,89704.0,3,0,17,58,0,0,0
round6_full_action_bc,v123,2026102201,0,opponent,672,97341.0,3,0,17,46,0,0,0
round6_full_action_bc,v123,2026102201,0,opponent,696,101193.0,3,0,17,21,0,0,0
round6_full_action_bc,v123,2026102201,0,opponent,719,112640.0,3,11,17,0,0,0,0
round6_full_action_bc,v123,2026102201,1,learner,0,3000.0,1,0,0,0,0,0,0
round6_full_action_bc,v123,2026102201,1,learner,24,1209.0,1,0,2,0,0,580,16
round6_full_action_bc,v123,2026102201,1,learner,48,1144.0,1,0,1,5,0,350,14
round6_full_action_bc,v123,2026102201,1,learner,72,20.0,1,0,1,12,0,610,15
round6_full_action_bc,v123,2026102201,1,learner,96,109.0,1,0,2,20,0,160,7
round6_full_action_bc,v123,2026102201,1,learner,120,10.0,1,0,1,21,0,160,7
round6_full_action_bc,v123,2026102201,1,learner,144,99.0,1,0,1,16,5,50,5
round6_full_action_bc,v123,2026102201,1,learner,168,39.0,1,0,1,13,7,50,5
round6_full_action_bc,v123,2026102201,1,learner,192,49.0,1,0,1,13,7,100,6
round6_full_action_bc,v123,2026102201,1,learner,216,7.0,1,0,1,10,10,190,6
round6_full_action_bc,v123,2026102201,1,learner,240,147.0,1,0,1,12,7,170,4
round6_full_action_bc,v123,2026102201,1,learner,264,4.0,1,0,0,14,7,150,2
round6_full_action_bc,v123,2026102201,1,learner,288,194.0,1,0,0,15,6,120,4
round6_full_action_bc,v123,2026102201,1,learner,312,7.0,1,0,0,16,3,0,0
round6_full_action_bc,v123,2026102201,1,learner,336,600.0,1,0,0,14,5,370,10
round6_full_action_bc,v123,2026102201,1,learner,360,197.0,1,0,0,17,2,390,12
round6_full_action_bc,v123,2026102201,1,learner,384,356.0,1,0,0,18,1,1610,33
round6_full_action_bc,v123,2026102201,1,learner,408,6.0,1,0,0,19,1,1390,29
round6_full_action_bc,v123,2026102201,1,learner,432,2180.0,2,0,0,25,1,1260,53
round6_full_action_bc,v123,2026102201,1,learner,456,3419.0,2,0,0,18,10,1370,64
round6_full_action_bc,v123,2026102201,1,learner,480,2968.0,2,0,0,11,17,1860,95
round6_full_action_bc,v123,2026102201,1,learner,504,2692.0,2,0,0,8,21,2160,120
round6_full_action_bc,v123,2026102201,1,learner,528,2519.0,2,0,0,5,25,2410,140
round6_full_action_bc,v123,2026102201,1,learner,552,2399.0,2,0,0,3,27,2680,161
round6_full_action_bc,v123,2026102201,1,learner,576,1619.0,2,0,0,4,27,3460,213
round6_full_action_bc,v123,2026102201,1,learner,600,1273.0,2,0,0,6,26,3950,245
round6_full_action_bc,v123,2026102201,1,learner,624,131.0,2,0,0,8,25,5060,307
round6_full_action_bc,v123,2026102201,1,learner,648,8.0,2,0,0,7,26,5450,330
round6_full_action_bc,v123,2026102201,1,learner,672,0.0,2,0,0,3,31,5510,337
round6_full_action_bc,v123,2026102201,1,learner,696,18.0,2,0,0,3,31,5700,351
round6_full_action_bc,v123,2026102201,1,learner,719,110.0,2,5,0,3,31,5690,351
round6_full_action_bc,v123,2026102201,1,opponent,0,3000.0,1,0,0,0,0,0,0
round6_full_action_bc,v123,2026102201,1,opponent,24,35.0,1,0,4,19,0,0,0
round6_full_action_bc,v123,2026102201,1,opponent,48,98.0,1,0,4,19,0,0,0
round6_full_action_bc,v123,2026102201,1,opponent,72,213.0,1,0,5,19,0,0,0
round6_full_action_bc,v123,2026102201,1,opponent,96,300.0,1,0,6,19,0,0,0
round6_full_action_bc,v123,2026102201,1,opponent,120,720.0,1,0,6,19,0,0,0
round6_full_action_bc,v123,2026102201,1,opponent,144,851.0,1,0,6,19,0,0,0
round6_full_action_bc,v123,2026102201,1,opponent,168,885.0,2,0,8,29,0,0,0
round6_full_action_bc,v123,2026102201,1,opponent,192,748.0,2,0,10,37,0,0,0
round6_full_action_bc,v123,2026102201,1,opponent,216,1547.0,2,0,12,37,0,0,0
round6_full_action_bc,v123,2026102201,1,opponent,240,2624.0,2,0,13,37,0,0,0
round6_full_action_bc,v123,2026102201,1,opponent,264,16604.0,2,0,16,32,0,0,0
round6_full_action_bc,v123,2026102201,1,opponent,288,17156.0,3,0,17,53,0,0,0
round6_full_action_bc,v123,2026102201,1,opponent,312,20279.0,3,0,17,57,0,0,0
round6_full_action_bc,v123,2026102201,1,opponent,336,23196.0,3,0,17,57,0,0,0
round6_full_action_bc,v123,2026102201,1,opponent,360,27629.0,3,0,17,57,0,0,0
round6_full_action_bc,v123,2026102201,1,opponent,384,31723.0,3,0,17,57,0,10,1
round6_full_action_bc,v123,2026102201,1,opponent,408,38036.0,3,0,17,58,0,10,1
round6_full_action_bc,v123,2026102201,1,opponent,432,41475.0,3,0,17,58,0,10,1
round6_full_action_bc,v123,2026102201,1,opponent,456,44859.0,3,0,17,58,0,10,1
round6_full_action_bc,v123,2026102201,1,opponent,480,46963.0,3,0,17,58,0,10,1
round6_full_action_bc,v123,2026102201,1,opponent,504,49590.0,3,0,17,58,0,10,1
round6_full_action_bc,v123,2026102201,1,opponent,528,51871.0,3,0,17,57,1,10,1
round6_full_action_bc,v123,2026102201,1,opponent,552,52936.0,3,0,17,58,0,10,1
round6_full_action_bc,v123,2026102201,1,opponent,576,54782.0,3,0,17,58,0,10,1
round6_full_action_bc,v123,2026102201,1,opponent,600,56211.0,3,0,17,58,0,10,1
round6_full_action_bc,v123,2026102201,1,opponent,624,58249.0,3,0,17,58,0,10,1
round6_full_action_bc,v123,2026102201,1,opponent,648,59904.0,3,0,17,58,0,10,1
round6_full_action_bc,v123,2026102201,1,opponent,672,62658.0,3,0,17,46,0,10,1
round6_full_action_bc,v123,2026102201,1,opponent,696,65774.0,3,0,17,21,0,10,1
round6_full_action_bc,v123,2026102201,1,opponent,719,74089.0,3,11,17,0,0,10,1
round6_full_action_bc,v123,2026102202,0,learner,0,3000.0,1,0,0,0,0,0,0
round6_full_action_bc,v123,2026102202,0,learner,24,1209.0,1,0,2,0,0,580,16
round6_full_action_bc,v123,2026102202,0,learner,48,701.0,1,0,1,2,0,570,22
round6_full_action_bc,v123,2026102202,0,learner,72,49.0,1,0,1,9,1,320,18
round6_full_action_bc,v123,2026102202,0,learner,96,36.0,1,0,2,10,2,330,17
round6_full_action_bc,v123,2026102202,0,learner,120,3.0,1,0,0,17,2,170,8
round6_full_action_bc,v123,2026102202,0,learner,144,93.0,1,0,0,18,1,160,7
round6_full_action_bc,v123,2026102202,0,learner,168,50.0,1,0,0,14,5,60,6
round6_full_action_bc,v123,2026102202,0,learner,192,17.0,1,0,0,14,5,30,3
round6_full_action_bc,v123,2026102202,0,learner,216,153.0,1,0,0,12,7,170,4
round6_full_action_bc,v123,2026102202,0,learner,240,8.0,1,0,0,14,5,50,1
round6_full_action_bc,v123,2026102202,0,learner,264,1.0,1,0,0,13,5,160,8
round6_full_action_bc,v123,2026102202,0,learner,288,375.0,1,0,0,8,10,270,10
round6_full_action_bc,v123,2026102202,0,learner,312,0.0,1,0,0,13,3,180,9
round6_full_action_bc,v123,2026102202,0,learner,336,5.0,1,0,0,15,1,200,11
round6_full_action_bc,v123,2026102202,0,learner,360,1.0,1,0,0,11,5,190,10
round6_full_action_bc,v123,2026102202,0,learner,384,339.0,1,0,0,16,2,710,17
round6_full_action_bc,v123,2026102202,0,learner,408,3.0,1,0,0,18,1,820,19
round6_full_action_bc,v123,2026102202,0,learner,432,8.0,1,0,0,15,4,960,24
round6_full_action_bc,v123,2026102202,0,learner,456,1.0,1,0,0,15,4,750,21
round6_full_action_bc,v123,2026102202,0,learner,480,6.0,1,0,0,14,5,1050,36
round6_full_action_bc,v123,2026102202,0,learner,504,4.0,1,0,0,15,3,1440,52
round6_full_action_bc,v123,2026102202,0,learner,528,106.0,1,0,0,15,4,1480,68
round6_full_action_bc,v123,2026102202,0,learner,552,2.0,1,0,0,16,3,1470,80
round6_full_action_bc,v123,2026102202,0,learner,576,2.0,1,0,0,13,6,1280,79
round6_full_action_bc,v123,2026102202,0,learner,600,123.0,1,0,0,15,4,1260,78
round6_full_action_bc,v123,2026102202,0,learner,624,5.0,1,0,0,16,3,1260,79
round6_full_action_bc,v123,2026102202,0,learner,648,241.0,1,0,0,16,3,1300,83
round6_full_action_bc,v123,2026102202,0,learner,672,123.0,1,0,0,14,5,1310,84
round6_full_action_bc,v123,2026102202,0,learner,696,191.0,1,0,0,15,4,1640,105
round6_full_action_bc,v123,2026102202,0,learner,719,343.0,1,9,0,15,4,1660,109
round6_full_action_bc,v123,2026102202,0,opponent,0,3000.0,1,0,0,0,0,0,0
round6_full_action_bc,v123,2026102202,0,opponent,24,35.0,1,0,4,19,0,0,0
round6_full_action_bc,v123,2026102202,0,opponent,48,103.0,1,0,4,19,0,0,0
round6_full_action_bc,v123,2026102202,0,opponent,72,218.0,1,0,5,19,0,0,0
round6_full_action_bc,v123,2026102202,0,opponent,96,302.0,1,0,6,19,0,0,0
round6_full_action_bc,v123,2026102202,0,opponent,120,730.0,1,0,6,19,0,0,0
round6_full_action_bc,v123,2026102202,0,opponent,144,858.0,1,0,6,19,0,0,0
round6_full_action_bc,v123,2026102202,0,opponent,168,1295.0,2,0,8,29,0,0,0
round6_full_action_bc,v123,2026102202,0,opponent,192,763.0,2,0,10,37,0,0,0
round6_full_action_bc,v123,2026102202,0,opponent,216,1884.0,2,0,12,37,0,0,0
round6_full_action_bc,v123,2026102202,0,opponent,240,3124.0,2,0,13,37,0,0,0
round6_full_action_bc,v123,2026102202,0,opponent,264,18718.0,2,0,16,32,0,0,0
round6_full_action_bc,v123,2026102202,0,opponent,288,19391.0,3,0,17,53,0,0,0
round6_full_action_bc,v123,2026102202,0,opponent,312,23611.0,3,0,17,57,0,0,0
round6_full_action_bc,v123,2026102202,0,opponent,336,26665.0,3,0,17,57,0,0,0
round6_full_action_bc,v123,2026102202,0,opponent,360,31892.0,3,0,17,57,0,0,0
round6_full_action_bc,v123,2026102202,0,opponent,384,39176.0,3,0,17,57,0,10,1
round6_full_action_bc,v123,2026102202,0,opponent,408,47602.0,3,0,17,58,0,10,1
round6_full_action_bc,v123,2026102202,0,opponent,432,52228.0,3,0,17,58,0,10,1
round6_full_action_bc,v123,2026102202,0,opponent,456,59812.0,3,0,17,58,0,10,1
round6_full_action_bc,v123,2026102202,0,opponent,480,67609.0,3,0,17,58,0,10,1
round6_full_action_bc,v123,2026102202,0,opponent,504,74254.0,3,0,17,58,0,10,1
round6_full_action_bc,v123,2026102202,0,opponent,528,83799.0,3,0,17,57,1,10,1
round6_full_action_bc,v123,2026102202,0,opponent,552,92610.0,3,0,17,58,0,10,1
round6_full_action_bc,v123,2026102202,0,opponent,576,101110.0,3,0,17,58,0,10,1
round6_full_action_bc,v123,2026102202,0,opponent,600,108659.0,3,0,17,58,0,10,1
round6_full_action_bc,v123,2026102202,0,opponent,624,116722.0,3,0,17,58,0,10,1
round6_full_action_bc,v123,2026102202,0,opponent,648,124469.0,3,0,17,55,0,60,4
round6_full_action_bc,v123,2026102202,0,opponent,672,131511.0,3,0,17,43,0,60,4
round6_full_action_bc,v123,2026102202,0,opponent,696,143669.0,3,0,17,18,1,60,4
round6_full_action_bc,v123,2026102202,0,opponent,719,155584.0,3,11,17,0,1,60,4
round6_full_action_bc,v123,2026102202,1,learner,0,3000.0,1,0,0,0,0,0,0
round6_full_action_bc,v123,2026102202,1,learner,24,1209.0,1,0,2,0,0,580,16
round6_full_action_bc,v123,2026102202,1,learner,48,1144.0,1,0,1,5,0,350,14
round6_full_action_bc,v123,2026102202,1,learner,72,20.0,1,0,1,12,1,610,15
round6_full_action_bc,v123,2026102202,1,learner,96,111.0,1,0,2,17,0,190,10
round6_full_action_bc,v123,2026102202,1,learner,120,12.0,1,0,2,17,1,190,10
round6_full_action_bc,v123,2026102202,1,learner,144,246.0,1,0,2,17,1,70,7
round6_full_action_bc,v123,2026102202,1,learner,168,8.0,1,0,1,20,1,70,7
round6_full_action_bc,v123,2026102202,1,learner,192,44.0,1,0,1,14,7,120,8
round6_full_action_bc,v123,2026102202,1,learner,216,91.0,1,0,1,15,6,170,8
round6_full_action_bc,v123,2026102202,1,learner,240,183.0,1,0,1,16,5,70,7
round6_full_action_bc,v123,2026102202,1,learner,264,94.0,1,0,0,13,8,170,8
round6_full_action_bc,v123,2026102202,1,learner,288,6.0,1,0,0,14,7,150,6
round6_full_action_bc,v123,2026102202,1,learner,312,2.0,1,0,0,13,8,140,5
round6_full_action_bc,v123,2026102202,1,learner,336,0.0,1,0,0,8,12,120,3
round6_full_action_bc,v123,2026102202,1,learner,360,175.0,1,0,0,18,3,350,14
round6_full_action_bc,v123,2026102202,1,learner,384,2.0,1,0,0,20,1,300,13
round6_full_action_bc,v123,2026102202,1,learner,408,962.0,1,0,0,19,2,580,21
round6_full_action_bc,v123,2026102202,1,learner,432,1701.0,1,0,0,18,3,590,26
round6_full_action_bc,v123,2026102202,1,learner,456,1334.0,1,0,0,20,1,530,28
round6_full_action_bc,v123,2026102202,1,learner,480,3523.0,1,0,0,20,1,620,37
round6_full_action_bc,v123,2026102202,1,learner,504,4987.0,1,0,0,16,5,690,44
round6_full_action_bc,v123,2026102202,1,learner,528,5094.0,1,0,0,16,4,770,52
round6_full_action_bc,v123,2026102202,1,learner,552,5860.0,1,0,0,16,4,840,59
round6_full_action_bc,v123,2026102202,1,learner,576,5981.0,1,0,0,17,4,870,62
round6_full_action_bc,v123,2026102202,1,learner,600,6431.0,1,0,0,17,4,950,70
round6_full_action_bc,v123,2026102202,1,learner,624,6930.0,1,0,0,14,7,1040,79
round6_full_action_bc,v123,2026102202,1,learner,648,6353.0,1,0,0,16,5,1080,83
round6_full_action_bc,v123,2026102202,1,learner,672,7598.0,1,0,0,17,4,1160,91
round6_full_action_bc,v123,2026102202,1,learner,696,7809.0,1,0,0,16,6,1140,89
round6_full_action_bc,v123,2026102202,1,learner,719,7831.0,1,9,0,16,6,1320,101
round6_full_action_bc,v123,2026102202,1,opponent,0,3000.0,1,0,0,0,0,0,0
round6_full_action_bc,v123,2026102202,1,opponent,24,35.0,1,0,4,19,0,0,0
round6_full_action_bc,v123,2026102202,1,opponent,48,98.0,1,0,4,19,0,0,0
round6_full_action_bc,v123,2026102202,1,opponent,72,213.0,1,0,5,19,0,0,0
round6_full_action_bc,v123,2026102202,1,opponent,96,300.0,1,0,6,19,0,0,0
round6_full_action_bc,v123,2026102202,1,opponent,120,720.0,1,0,6,19,0,0,0
round6_full_action_bc,v123,2026102202,1,opponent,144,851.0,1,0,6,19,0,0,0
round6_full_action_bc,v123,2026102202,1,opponent,168,1281.0,2,0,8,29,0,0,0
round6_full_action_bc,v123,2026102202,1,opponent,192,742.0,2,0,10,37,0,0,0
round6_full_action_bc,v123,2026102202,1,opponent,216,1788.0,2,0,12,37,0,0,0
round6_full_action_bc,v123,2026102202,1,opponent,240,2845.0,2,0,13,37,0,0,0
round6_full_action_bc,v123,2026102202,1,opponent,264,17175.0,2,0,16,32,0,0,0
round6_full_action_bc,v123,2026102202,1,opponent,288,18383.0,3,0,17,53,0,0,0
round6_full_action_bc,v123,2026102202,1,opponent,312,21431.0,3,0,17,57,0,0,0
round6_full_action_bc,v123,2026102202,1,opponent,336,25515.0,3,0,17,57,0,0,0
round6_full_action_bc,v123,2026102202,1,opponent,360,30465.0,3,0,17,57,0,0,0
round6_full_action_bc,v123,2026102202,1,opponent,384,39171.0,3,0,17,57,1,0,0
round6_full_action_bc,v123,2026102202,1,opponent,408,48619.0,3,0,17,58,0,0,0
round6_full_action_bc,v123,2026102202,1,opponent,432,53792.0,3,0,17,58,0,0,0
round6_full_action_bc,v123,2026102202,1,opponent,456,57365.0,4,0,17,68,0,0,0
round6_full_action_bc,v123,2026102202,1,opponent,480,63445.0,4,0,17,68,0,0,0
round6_full_action_bc,v123,2026102202,1,opponent,504,70788.0,4,0,17,68,0,0,0
round6_full_action_bc,v123,2026102202,1,opponent,528,79236.0,4,0,17,67,1,0,0
round6_full_action_bc,v123,2026102202,1,opponent,552,86297.0,4,0,17,68,0,0,0
round6_full_action_bc,v123,2026102202,1,opponent,576,92654.0,4,0,17,68,0,0,0
round6_full_action_bc,v123,2026102202,1,opponent,600,98161.0,4,0,17,68,0,0,0
round6_full_action_bc,v123,2026102202,1,opponent,624,104533.0,4,0,17,68,0,0,0
round6_full_action_bc,v123,2026102202,1,opponent,648,111481.0,4,0,17,68,0,0,0
round6_full_action_bc,v123,2026102202,1,opponent,672,123753.0,4,0,17,56,1,0,0
round6_full_action_bc,v123,2026102202,1,opponent,696,131168.0,4,0,17,31,2,0,0
round6_full_action_bc,v123,2026102202,1,opponent,719,150226.0,4,13,17,10,2,0,0
round6_full_action_bc,v123,2026102203,0,learner,0,3000.0,1,0,0,0,0,0,0
round6_full_action_bc,v123,2026102203,0,learner,24,1209.0,1,0,2,0,0,580,16
round6_full_action_bc,v123,2026102203,0,learner,48,701.0,1,0,1,2,0,570,22
round6_full_action_bc,v123,2026102203,0,learner,72,49.0,1,0,1,9,0,320,18
round6_full_action_bc,v123,2026102203,0,learner,96,36.0,1,0,2,10,2,330,17
round6_full_action_bc,v123,2026102203,0,learner,120,3.0,1,0,0,16,1,90,9
round6_full_action_bc,v123,2026102203,0,learner,144,128.0,1,0,0,14,3,90,9
round6_full_action_bc,v123,2026102203,0,learner,168,15.0,1,0,0,15,4,30,3
round6_full_action_bc,v123,2026102203,0,learner,192,63.0,1,0,0,15,4,120,3
round6_full_action_bc,v123,2026102203,0,learner,216,30.0,1,0,0,12,7,100,1
round6_full_action_bc,v123,2026102203,0,learner,240,0.0,1,0,0,10,7,0,0
round6_full_action_bc,v123,2026102203,0,learner,264,185.0,1,0,0,5,13,530,9
round6_full_action_bc,v123,2026102203,0,learner,288,2.0,1,0,0,9,8,310,9
round6_full_action_bc,v123,2026102203,0,learner,312,0.0,1,0,0,10,7,180,5
round6_full_action_bc,v123,2026102203,0,learner,336,290.0,1,0,0,5,12,280,6
round6_full_action_bc,v123,2026102203,0,learner,360,3.0,1,0,0,8,9,250,7
round6_full_action_bc,v123,2026102203,0,learner,384,1.0,1,0,0,8,9,440,17
round6_full_action_bc,v123,2026102203,0,learner,408,11.0,1,0,0,11,8,570,21
round6_full_action_bc,v123,2026102203,0,learner,432,4.0,1,0,0,13,6,430,16
round6_full_action_bc,v123,2026102203,0,learner,456,4.0,1,0,0,14,5,470,20
round6_full_action_bc,v123,2026102203,0,learner,480,4.0,1,0,0,12,7,660,30
round6_full_action_bc,v123,2026102203,0,learner,504,0.0,1,0,0,11,8,630,27
round6_full_action_bc,v123,2026102203,0,learner,528,3.0,1,0,0,11,8,1040,45
round6_full_action_bc,v123,2026102203,0,learner,552,64.0,1,0,0,11,8,1450,60
round6_full_action_bc,v123,2026102203,0,learner,576,74.0,1,0,0,11,8,1570,72
round6_full_action_bc,v123,2026102203,0,learner,600,5.0,1,0,0,11,8,1710,82
round6_full_action_bc,v123,2026102203,0,learner,624,7.0,1,0,0,4,15,1780,89
round6_full_action_bc,v123,2026102203,0,learner,648,58.0,1,0,0,7,12,1800,94
round6_full_action_bc,v123,2026102203,0,learner,672,4.0,1,0,0,8,11,1760,91
round6_full_action_bc,v123,2026102203,0,learner,696,86.0,1,0,0,8,11,1730,89
round6_full_action_bc,v123,2026102203,0,learner,719,160.0,1,11,0,8,11,1820,94
round6_full_action_bc,v123,2026102203,0,opponent,0,3000.0,1,0,0,0,0,0,0
round6_full_action_bc,v123,2026102203,0,opponent,24,35.0,1,0,4,19,0,0,0
round6_full_action_bc,v123,2026102203,0,opponent,48,103.0,1,0,4,19,0,0,0
round6_full_action_bc,v123,2026102203,0,opponent,72,218.0,1,0,5,19,0,0,0
round6_full_action_bc,v123,2026102203,0,opponent,96,303.0,1,0,6,19,0,0,0
round6_full_action_bc,v123,2026102203,0,opponent,120,726.0,1,0,6,19,0,0,0
round6_full_action_bc,v123,2026102203,0,opponent,144,857.0,1,0,6,19,0,0,0
round6_full_action_bc,v123,2026102203,0,opponent,168,896.0,2,0,8,29,0,0,0
round6_full_action_bc,v123,2026102203,0,opponent,192,673.0,2,0,10,37,0,0,0
round6_full_action_bc,v123,2026102203,0,opponent,216,1567.0,2,0,12,37,0,0,0
round6_full_action_bc,v123,2026102203,0,opponent,240,2648.0,2,0,13,37,0,0,0
round6_full_action_bc,v123,2026102203,0,opponent,264,17654.0,2,0,16,32,0,0,0
round6_full_action_bc,v123,2026102203,0,opponent,288,17892.0,3,0,17,53,1,0,0
round6_full_action_bc,v123,2026102203,0,opponent,312,21668.0,3,0,17,57,0,0,0
round6_full_action_bc,v123,2026102203,0,opponent,336,24117.0,3,0,17,57,0,0,0
round6_full_action_bc,v123,2026102203,0,opponent,360,28327.0,3,0,17,57,0,0,0
round6_full_action_bc,v123,2026102203,0,opponent,384,32824.0,3,0,17,57,0,10,1
round6_full_action_bc,v123,2026102203,0,opponent,408,40390.0,3,0,17,58,0,10,1
round6_full_action_bc,v123,2026102203,0,opponent,432,45683.0,3,0,17,58,0,10,1
round6_full_action_bc,v123,2026102203,0,opponent,456,47355.0,4,0,17,68,0,10,1
round6_full_action_bc,v123,2026102203,0,opponent,480,53162.0,4,0,17,68,0,10,1
round6_full_action_bc,v123,2026102203,0,opponent,504,60507.0,4,0,17,68,2,10,1
round6_full_action_bc,v123,2026102203,0,opponent,528,70465.0,4,0,17,67,3,10,1
round6_full_action_bc,v123,2026102203,0,opponent,552,76930.0,4,0,17,68,2,10,1
round6_full_action_bc,v123,2026102203,0,opponent,576,84200.0,4,0,17,68,2,10,1
round6_full_action_bc,v123,2026102203,0,opponent,600,90416.0,4,0,17,68,2,10,1
round6_full_action_bc,v123,2026102203,0,opponent,624,94519.0,4,0,17,68,2,10,1
round6_full_action_bc,v123,2026102203,0,opponent,648,107332.0,4,0,17,68,2,10,1
round6_full_action_bc,v123,2026102203,0,opponent,672,116148.0,4,0,17,56,2,10,1
round6_full_action_bc,v123,2026102203,0,opponent,696,124561.0,4,0,17,31,2,10,1
round6_full_action_bc,v123,2026102203,0,opponent,719,143366.0,4,13,17,10,2,10,1
round6_full_action_bc,v123,2026102203,1,learner,0,3000.0,1,0,0,0,0,0,0
round6_full_action_bc,v123,2026102203,1,learner,24,1209.0,1,0,2,0,0,580,16
round6_full_action_bc,v123,2026102203,1,learner,48,1144.0,1,0,1,5,0,350,14
round6_full_action_bc,v123,2026102203,1,learner,72,20.0,1,0,1,12,0,610,15
round6_full_action_bc,v123,2026102203,1,learner,96,9.0,1,0,2,20,0,170,8
round6_full_action_bc,v123,2026102203,1,learner,120,129.0,1,0,1,20,1,70,7
round6_full_action_bc,v123,2026102203,1,learner,144,16.0,1,0,1,17,4,70,7
round6_full_action_bc,v123,2026102203,1,learner,168,98.0,1,0,1,13,8,50,5
round6_full_action_bc,v123,2026102203,1,learner,192,37.0,1,0,1,11,10,50,5
round6_full_action_bc,v123,2026102203,1,learner,216,95.0,1,0,1,11,10,40,4
round6_full_action_bc,v123,2026102203,1,learner,240,123.0,1,0,1,11,9,40,4
round6_full_action_bc,v123,2026102203,1,learner,264,21.0,1,0,1,13,8,30,3
round6_full_action_bc,v123,2026102203,1,learner,288,27.0,1,0,0,12,9,80,4
round6_full_action_bc,v123,2026102203,1,learner,312,7.0,1,0,0,12,7,0,0
round6_full_action_bc,v123,2026102203,1,learner,336,0.0,1,0,0,7,5,0,0
round6_full_action_bc,v123,2026102203,1,learner,360,550.0,1,0,0,15,1,170,8
round6_full_action_bc,v123,2026102203,1,learner,384,3.0,1,0,0,18,1,410,10
round6_full_action_bc,v123,2026102203,1,learner,408,484.0,1,0,0,18,1,1130,19
round6_full_action_bc,v123,2026102203,1,learner,432,129.0,1,0,0,19,1,830,16
round6_full_action_bc,v123,2026102203,1,learner,456,135.0,1,0,0,19,1,1420,30
round6_full_action_bc,v123,2026102203,1,learner,480,763.0,2,0,1,27,2,1060,30
round6_full_action_bc,v123,2026102203,1,learner,504,1211.0,2,0,1,29,2,810,32
round6_full_action_bc,v123,2026102203,1,learner,528,3075.0,2,0,1,27,4,880,39
round6_full_action_bc,v123,2026102203,1,learner,552,3792.0,2,0,1,23,8,990,50
round6_full_action_bc,v123,2026102203,1,learner,576,3622.0,2,0,1,17,20,970,48
round6_full_action_bc,v123,2026102203,1,learner,600,3338.0,2,0,1,20,18,1020,53
round6_full_action_bc,v123,2026102203,1,learner,624,3706.0,2,0,1,18,22,1000,51
round6_full_action_bc,v123,2026102203,1,learner,648,3753.0,2,0,1,19,22,1000,51
round6_full_action_bc,v123,2026102203,1,learner,672,4119.0,2,0,1,25,19,900,41
round6_full_action_bc,v123,2026102203,1,learner,696,4055.0,2,0,1,24,21,880,39
round6_full_action_bc,v123,2026102203,1,learner,719,3166.0,2,15,1,25,20,750,26
round6_full_action_bc,v123,2026102203,1,opponent,0,3000.0,1,0,0,0,0,0,0
round6_full_action_bc,v123,2026102203,1,opponent,24,35.0,1,0,4,19,0,0,0
round6_full_action_bc,v123,2026102203,1,opponent,48,98.0,1,0,4,19,0,0,0
round6_full_action_bc,v123,2026102203,1,opponent,72,213.0,1,0,5,19,0,0,0
round6_full_action_bc,v123,2026102203,1,opponent,96,300.0,1,0,6,19,0,0,0
round6_full_action_bc,v123,2026102203,1,opponent,120,721.0,1,0,6,19,0,0,0
round6_full_action_bc,v123,2026102203,1,opponent,144,852.0,1,0,6,19,0,0,0
round6_full_action_bc,v123,2026102203,1,opponent,168,821.0,2,0,8,29,0,0,0
round6_full_action_bc,v123,2026102203,1,opponent,192,681.0,2,0,10,37,0,0,0
round6_full_action_bc,v123,2026102203,1,opponent,216,1844.0,2,0,12,37,0,0,0
round6_full_action_bc,v123,2026102203,1,opponent,240,2904.0,2,0,13,37,0,0,0
round6_full_action_bc,v123,2026102203,1,opponent,264,18720.0,2,0,16,32,0,0,0
round6_full_action_bc,v123,2026102203,1,opponent,288,19419.0,3,0,17,53,1,0,0
round6_full_action_bc,v123,2026102203,1,opponent,312,22464.0,3,0,17,57,0,0,0
round6_full_action_bc,v123,2026102203,1,opponent,336,25343.0,3,0,17,57,0,0,0
round6_full_action_bc,v123,2026102203,1,opponent,360,31368.0,3,0,17,57,0,0,0
round6_full_action_bc,v123,2026102203,1,opponent,384,39816.0,3,0,17,57,1,0,0
round6_full_action_bc,v123,2026102203,1,opponent,408,49825.0,3,0,17,58,0,0,0
round6_full_action_bc,v123,2026102203,1,opponent,432,56943.0,3,0,17,58,0,0,0
round6_full_action_bc,v123,2026102203,1,opponent,456,61352.0,4,0,17,68,0,0,0
round6_full_action_bc,v123,2026102203,1,opponent,480,68468.0,4,0,17,68,0,0,0
round6_full_action_bc,v123,2026102203,1,opponent,504,77727.0,4,0,17,68,2,0,0
round6_full_action_bc,v123,2026102203,1,opponent,528,88514.0,4,0,17,67,3,0,0
round6_full_action_bc,v123,2026102203,1,opponent,552,98201.0,4,0,17,68,2,0,0
round6_full_action_bc,v123,2026102203,1,opponent,576,107326.0,4,0,17,68,2,0,0
round6_full_action_bc,v123,2026102203,1,opponent,600,115198.0,4,0,17,68,2,0,0
round6_full_action_bc,v123,2026102203,1,opponent,624,123722.0,4,0,17,68,2,0,0
round6_full_action_bc,v123,2026102203,1,opponent,648,131456.0,4,0,17,68,2,0,0
round6_full_action_bc,v123,2026102203,1,opponent,672,146828.0,4,0,17,56,2,0,0
round6_full_action_bc,v123,2026102203,1,opponent,696,154734.0,4,0,17,31,2,0,0
round6_full_action_bc,v123,2026102203,1,opponent,719,177027.0,4,13,17,10,2,0,0
round6_full_action_bc,v123,2026102204,0,learner,0,3000.0,1,0,0,0,0,0,0
round6_full_action_bc,v123,2026102204,0,learner,24,1209.0,1,0,2,0,0,580,16
round6_full_action_bc,v123,2026102204,0,learner,48,701.0,1,0,1,2,0,570,22
round6_full_action_bc,v123,2026102204,0,learner,72,49.0,1,0,1,9,0,320,18
round6_full_action_bc,v123,2026102204,0,learner,96,36.0,1,0,2,10,1,330,17
round6_full_action_bc,v123,2026102204,0,learner,120,3.0,1,0,0,15,1,200,11
round6_full_action_bc,v123,2026102204,0,learner,144,56.0,1,0,0,17,1,190,10
round6_full_action_bc,v123,2026102204,0,learner,168,23.0,1,0,0,12,6,160,7
round6_full_action_bc,v123,2026102204,0,learner,192,3.0,1,0,0,12,7,130,4
round6_full_action_bc,v123,2026102204,0,learner,216,171.0,1,0,0,9,10,120,3
round6_full_action_bc,v123,2026102204,0,learner,240,16.0,1,0,0,9,10,120,3
round6_full_action_bc,v123,2026102204,0,learner,264,4.0,1,0,0,8,11,100,1
round6_full_action_bc,v123,2026102204,0,learner,288,70.0,1,0,0,7,12,220,4
round6_full_action_bc,v123,2026102204,0,learner,312,25.0,1,0,0,7,12,120,3
round6_full_action_bc,v123,2026102204,0,learner,336,65.0,1,0,0,10,6,130,4
round6_full_action_bc,v123,2026102204,0,learner,360,2.0,1,0,0,12,3,150,6
round6_full_action_bc,v123,2026102204,0,learner,384,0.0,1,0,0,11,4,340,7
round6_full_action_bc,v123,2026102204,0,learner,408,3.0,1,0,0,2,13,460,10
round6_full_action_bc,v123,2026102204,0,learner,432,1.0,1,0,0,5,11,420,6
round6_full_action_bc,v123,2026102204,0,learner,456,0.0,1,0,0,6,10,410,5
round6_full_action_bc,v123,2026102204,0,learner,480,2.0,1,0,0,12,4,0,0
round6_full_action_bc,v123,2026102204,0,learner,504,0.0,1,0,0,9,5,0,0
round6_full_action_bc,v123,2026102204,0,learner,528,0.0,1,0,0,11,4,0,0
round6_full_action_bc,v123,2026102204,0,learner,552,7.0,1,0,0,16,2,170,8
round6_full_action_bc,v123,2026102204,0,learner,576,0.0,1,0,0,16,2,140,5
round6_full_action_bc,v123,2026102204,0,learner,600,5.0,1,0,0,12,6,320,14
round6_full_action_bc,v123,2026102204,0,learner,624,1.0,1,0,0,12,6,290,11
round6_full_action_bc,v123,2026102204,0,learner,648,282.0,1,0,0,13,5,410,23
round6_full_action_bc,v123,2026102204,0,learner,672,0.0,1,0,0,14,4,390,21
round6_full_action_bc,v123,2026102204,0,learner,696,1572.0,1,0,0,15,4,460,28
round6_full_action_bc,v123,2026102204,0,learner,719,777.0,1,14,0,13,5,490,31
round6_full_action_bc,v123,2026102204,0,opponent,0,3000.0,1,0,0,0,0,0,0
round6_full_action_bc,v123,2026102204,0,opponent,24,35.0,1,0,4,19,0,0,0
round6_full_action_bc,v123,2026102204,0,opponent,48,103.0,1,0,4,19,0,0,0
round6_full_action_bc,v123,2026102204,0,opponent,72,218.0,1,0,5,19,0,0,0
round6_full_action_bc,v123,2026102204,0,opponent,96,303.0,1,0,6,19,0,0,0
round6_full_action_bc,v123,2026102204,0,opponent,120,726.0,1,0,6,19,0,0,0
round6_full_action_bc,v123,2026102204,0,opponent,144,857.0,1,0,6,19,0,0,0
round6_full_action_bc,v123,2026102204,0,opponent,168,898.0,2,0,8,29,0,0,0
round6_full_action_bc,v123,2026102204,0,opponent,192,675.0,2,0,10,37,0,0,0
round6_full_action_bc,v123,2026102204,0,opponent,216,1568.0,2,0,12,37,0,0,0
round6_full_action_bc,v123,2026102204,0,opponent,240,2650.0,2,0,13,37,0,0,0
round6_full_action_bc,v123,2026102204,0,opponent,264,16918.0,2,0,16,32,0,0,0
round6_full_action_bc,v123,2026102204,0,opponent,288,17773.0,3,0,17,53,0,0,0
round6_full_action_bc,v123,2026102204,0,opponent,312,22057.0,3,0,17,57,0,0,0
round6_full_action_bc,v123,2026102204,0,opponent,336,24749.0,3,0,17,57,0,0,0
round6_full_action_bc,v123,2026102204,0,opponent,360,30955.0,3,0,17,57,0,0,0
round6_full_action_bc,v123,2026102204,0,opponent,384,38325.0,3,0,17,57,1,0,0
round6_full_action_bc,v123,2026102204,0,opponent,408,47599.0,3,0,17,58,0,0,0
round6_full_action_bc,v123,2026102204,0,opponent,432,52950.0,3,0,17,58,0,0,0
round6_full_action_bc,v123,2026102204,0,opponent,456,61546.0,3,0,17,58,0,0,0
round6_full_action_bc,v123,2026102204,0,opponent,480,68480.0,3,0,17,58,0,0,0
round6_full_action_bc,v123,2026102204,0,opponent,504,76524.0,3,0,17,58,0,0,0
round6_full_action_bc,v123,2026102204,0,opponent,528,86744.0,3,0,17,57,1,0,0
round6_full_action_bc,v123,2026102204,0,opponent,552,95834.0,3,0,17,58,0,0,0
round6_full_action_bc,v123,2026102204,0,opponent,576,104564.0,3,0,17,58,0,0,0
round6_full_action_bc,v123,2026102204,0,opponent,600,112712.0,3,0,17,58,0,0,0
round6_full_action_bc,v123,2026102204,0,opponent,624,121045.0,3,0,17,58,0,0,0
round6_full_action_bc,v123,2026102204,0,opponent,648,125334.0,3,0,17,58,0,0,0
round6_full_action_bc,v123,2026102204,0,opponent,672,137762.0,3,0,17,46,0,0,0
round6_full_action_bc,v123,2026102204,0,opponent,696,142627.0,3,0,17,21,0,0,0
round6_full_action_bc,v123,2026102204,0,opponent,719,160961.0,3,11,17,0,0,0,0
round6_full_action_bc,v123,2026102204,1,learner,0,3000.0,1,0,0,0,0,0,0
round6_full_action_bc,v123,2026102204,1,learner,24,1209.0,1,0,2,0,0,580,16
round6_full_action_bc,v123,2026102204,1,learner,48,1144.0,1,0,1,5,0,350,14
round6_full_action_bc,v123,2026102204,1,learner,72,20.0,1,0,1,12,0,610,15
round6_full_action_bc,v123,2026102204,1,learner,96,9.0,1,0,2,20,0,170,8
round6_full_action_bc,v123,2026102204,1,learner,120,129.0,1,0,1,20,1,70,7
round6_full_action_bc,v123,2026102204,1,learner,144,16.0,1,0,1,17,4,70,7
round6_full_action_bc,v123,2026102204,1,learner,168,98.0,1,0,1,13,8,50,5
round6_full_action_bc,v123,2026102204,1,learner,192,37.0,1,0,1,11,10,50,5
round6_full_action_bc,v123,2026102204,1,learner,216,95.0,1,0,1,11,10,40,4
round6_full_action_bc,v123,2026102204,1,learner,240,123.0,1,0,1,11,10,40,4
round6_full_action_bc,v123,2026102204,1,learner,264,11.0,1,0,1,12,9,40,4
round6_full_action_bc,v123,2026102204,1,learner,288,42.0,1,0,0,12,9,40,4
round6_full_action_bc,v123,2026102204,1,learner,312,9.0,1,0,0,11,9,10,1
round6_full_action_bc,v123,2026102204,1,learner,336,2.0,1,0,0,9,7,0,0
round6_full_action_bc,v123,2026102204,1,learner,360,74.0,1,0,0,14,4,400,4
round6_full_action_bc,v123,2026102204,1,learner,384,0.0,1,0,0,17,2,120,3
round6_full_action_bc,v123,2026102204,1,learner,408,685.0,1,0,0,17,2,830,11
round6_full_action_bc,v123,2026102204,1,learner,432,134.0,1,0,0,17,4,1130,14
round6_full_action_bc,v123,2026102204,1,learner,456,2355.0,1,0,0,16,5,1080,18
round6_full_action_bc,v123,2026102204,1,learner,480,1322.0,1,0,0,19,1,1450,28
round6_full_action_bc,v123,2026102204,1,learner,504,654.0,1,0,0,19,1,2010,39
round6_full_action_bc,v123,2026102204,1,learner,528,354.0,1,0,0,13,7,2170,46
round6_full_action_bc,v123,2026102204,1,learner,552,1754.0,1,0,0,18,3,1950,51
round6_full_action_bc,v123,2026102204,1,learner,576,1485.0,1,0,0,19,2,1890,54
round6_full_action_bc,v123,2026102204,1,learner,600,1646.0,1,0,0,19,2,2130,60
round6_full_action_bc,v123,2026102204,1,learner,624,2498.0,1,0,0,19,2,2040,60
round6_full_action_bc,v123,2026102204,1,learner,648,2806.0,1,0,0,20,1,1950,60
round6_full_action_bc,v123,2026102204,1,learner,672,2991.0,1,0,0,20,1,1940,59
round6_full_action_bc,v123,2026102204,1,learner,696,1765.0,1,0,1,20,1,1940,59
round6_full_action_bc,v123,2026102204,1,learner,719,145.0,1,9,1,20,1,1940,59
round6_full_action_bc,v123,2026102204,1,opponent,0,3000.0,1,0,0,0,0,0,0
round6_full_action_bc,v123,2026102204,1,opponent,24,35.0,1,0,4,19,0,0,0
round6_full_action_bc,v123,2026102204,1,opponent,48,98.0,1,0,4,19,0,0,0
round6_full_action_bc,v123,2026102204,1,opponent,72,213.0,1,0,5,19,0,0,0
round6_full_action_bc,v123,2026102204,1,opponent,96,300.0,1,0,6,19,0,0,0
round6_full_action_bc,v123,2026102204,1,opponent,120,721.0,1,0,6,19,0,0,0
round6_full_action_bc,v123,2026102204,1,opponent,144,852.0,1,0,6,19,0,0,0
round6_full_action_bc,v123,2026102204,1,opponent,168,821.0,2,0,8,29,0,0,0
round6_full_action_bc,v123,2026102204,1,opponent,192,681.0,2,0,10,37,0,0,0
round6_full_action_bc,v123,2026102204,1,opponent,216,1844.0,2,0,12,37,0,0,0
round6_full_action_bc,v123,2026102204,1,opponent,240,2904.0,2,0,13,37,0,0,0
round6_full_action_bc,v123,2026102204,1,opponent,264,18805.0,2,0,16,32,0,0,0
round6_full_action_bc,v123,2026102204,1,opponent,288,19560.0,3,0,17,53,0,0,0
round6_full_action_bc,v123,2026102204,1,opponent,312,22605.0,3,0,17,57,0,0,0
round6_full_action_bc,v123,2026102204,1,opponent,336,27001.0,3,0,17,57,0,0,0
round6_full_action_bc,v123,2026102204,1,opponent,360,33189.0,3,0,17,57,0,0,0
round6_full_action_bc,v123,2026102204,1,opponent,384,42129.0,3,0,17,57,1,0,0
round6_full_action_bc,v123,2026102204,1,opponent,408,52487.0,3,0,17,58,0,0,0
round6_full_action_bc,v123,2026102204,1,opponent,432,58463.0,3,0,17,58,0,0,0
round6_full_action_bc,v123,2026102204,1,opponent,456,63488.0,4,0,17,68,0,0,0
round6_full_action_bc,v123,2026102204,1,opponent,480,71102.0,4,0,17,68,0,0,0
round6_full_action_bc,v123,2026102204,1,opponent,504,80781.0,4,0,17,68,0,0,0
round6_full_action_bc,v123,2026102204,1,opponent,528,92054.0,4,0,17,67,2,0,0
round6_full_action_bc,v123,2026102204,1,opponent,552,102456.0,4,0,17,68,1,0,0
round6_full_action_bc,v123,2026102204,1,opponent,576,112109.0,4,0,17,68,1,0,0
round6_full_action_bc,v123,2026102204,1,opponent,600,120535.0,4,0,17,68,1,0,0
round6_full_action_bc,v123,2026102204,1,opponent,624,129878.0,4,0,17,68,1,0,0
round6_full_action_bc,v123,2026102204,1,opponent,648,136946.0,4,0,17,68,1,0,0
round6_full_action_bc,v123,2026102204,1,opponent,672,152300.0,4,0,17,56,1,0,0
round6_full_action_bc,v123,2026102204,1,opponent,696,159290.0,4,0,17,31,1,0,0
round6_full_action_bc,v123,2026102204,1,opponent,719,181402.0,4,13,17,10,1,0,0
round6_full_action_bc,v123,2026102205,0,learner,0,3000.0,1,0,0,0,0,0,0
round6_full_action_bc,v123,2026102205,0,learner,24,1209.0,1,0,2,0,0,580,16
round6_full_action_bc,v123,2026102205,0,learner,48,701.0,1,0,1,2,0,570,22
round6_full_action_bc,v123,2026102205,0,learner,72,49.0,1,0,1,9,0,320,18
round6_full_action_bc,v123,2026102205,0,learner,96,36.0,1,0,2,10,1,330,17
round6_full_action_bc,v123,2026102205,0,learner,120,3.0,1,0,0,14,1,110,11
round6_full_action_bc,v123,2026102205,0,learner,144,24.0,1,0,0,17,1,180,9
round6_full_action_bc,v123,2026102205,0,learner,168,4.0,1,0,0,15,4,80,8
round6_full_action_bc,v123,2026102205,0,learner,192,0.0,1,0,0,15,4,60,6
round6_full_action_bc,v123,2026102205,0,learner,216,232.0,1,0,0,7,12,150,6
round6_full_action_bc,v123,2026102205,0,learner,240,47.0,1,0,0,7,12,170,8
round6_full_action_bc,v123,2026102205,0,learner,264,29.0,1,0,0,8,11,320,14
round6_full_action_bc,v123,2026102205,0,learner,288,7.0,1,0,0,9,8,320,14
round6_full_action_bc,v123,2026102205,0,learner,312,0.0,1,0,0,9,8,300,12
round6_full_action_bc,v123,2026102205,0,learner,336,407.0,1,0,0,8,9,390,12
round6_full_action_bc,v123,2026102205,0,learner,360,40.0,1,0,0,8,10,480,12
round6_full_action_bc,v123,2026102205,0,learner,384,7.0,1,0,0,15,4,200,11
round6_full_action_bc,v123,2026102205,0,learner,408,1.0,1,0,0,17,2,190,10
round6_full_action_bc,v123,2026102205,0,learner,432,4.0,1,0,0,18,1,180,9
round6_full_action_bc,v123,2026102205,0,learner,456,0.0,1,0,0,16,3,150,6
round6_full_action_bc,v123,2026102205,0,learner,480,4.0,1,0,0,15,4,380,11
round6_full_action_bc,v123,2026102205,0,learner,504,5.0,1,0,0,15,4,500,14
round6_full_action_bc,v123,2026102205,0,learner,528,3.0,1,0,0,17,2,270,9
round6_full_action_bc,v123,2026102205,0,learner,552,8.0,1,0,0,15,4,520,16
round6_full_action_bc,v123,2026102205,0,learner,576,810.0,1,0,0,13,6,800,31
round6_full_action_bc,v123,2026102205,0,learner,600,619.0,1,0,0,15,4,860,37
round6_full_action_bc,v123,2026102205,0,learner,624,8.0,1,0,0,15,4,840,44
round6_full_action_bc,v123,2026102205,0,learner,648,136.0,1,0,0,17,2,880,48
round6_full_action_bc,v123,2026102205,0,learner,672,1202.0,1,0,0,16,3,970,57
round6_full_action_bc,v123,2026102205,0,learner,696,738.0,1,0,0,14,5,1000,60
round6_full_action_bc,v123,2026102205,0,learner,719,809.0,1,13,0,15,5,1010,61
round6_full_action_bc,v123,2026102205,0,opponent,0,3000.0,1,0,0,0,0,0,0
round6_full_action_bc,v123,2026102205,0,opponent,24,35.0,1,0,4,19,0,0,0
round6_full_action_bc,v123,2026102205,0,opponent,48,103.0,1,0,4,19,0,0,0
round6_full_action_bc,v123,2026102205,0,opponent,72,218.0,1,0,5,19,0,0,0
round6_full_action_bc,v123,2026102205,0,opponent,96,303.0,1,0,6,19,0,0,0
round6_full_action_bc,v123,2026102205,0,opponent,120,726.0,1,0,6,19,0,0,0
round6_full_action_bc,v123,2026102205,0,opponent,144,856.0,1,0,6,19,0,0,0
round6_full_action_bc,v123,2026102205,0,opponent,168,1294.0,2,0,8,29,0,0,0
round6_full_action_bc,v123,2026102205,0,opponent,192,762.0,2,0,10,37,0,0,0
round6_full_action_bc,v123,2026102205,0,opponent,216,1826.0,2,0,12,37,0,0,0
round6_full_action_bc,v123,2026102205,0,opponent,240,2911.0,2,0,13,37,0,0,0
round6_full_action_bc,v123,2026102205,0,opponent,264,18573.0,2,0,16,32,0,0,0
round6_full_action_bc,v123,2026102205,0,opponent,288,19210.0,3,0,17,53,0,0,0
round6_full_action_bc,v123,2026102205,0,opponent,312,23460.0,3,0,17,57,0,0,0
round6_full_action_bc,v123,2026102205,0,opponent,336,26445.0,3,0,17,57,0,0,0
round6_full_action_bc,v123,2026102205,0,opponent,360,32245.0,3,0,17,57,0,0,0
round6_full_action_bc,v123,2026102205,0,opponent,384,39119.0,3,0,17,57,0,10,1
round6_full_action_bc,v123,2026102205,0,opponent,408,48735.0,3,0,17,58,0,10,1
round6_full_action_bc,v123,2026102205,0,opponent,432,53809.0,3,0,17,58,0,10,1
round6_full_action_bc,v123,2026102205,0,opponent,456,61056.0,3,0,17,58,0,10,1
round6_full_action_bc,v123,2026102205,0,opponent,480,67794.0,3,0,17,58,0,10,1
round6_full_action_bc,v123,2026102205,0,opponent,504,75395.0,3,0,17,58,0,10,1
round6_full_action_bc,v123,2026102205,0,opponent,528,84665.0,3,0,17,57,1,10,1
round6_full_action_bc,v123,2026102205,0,opponent,552,92434.0,3,0,17,58,0,10,1
round6_full_action_bc,v123,2026102205,0,opponent,576,99364.0,3,0,17,58,0,10,1
round6_full_action_bc,v123,2026102205,0,opponent,600,107427.0,3,0,17,58,0,10,1
round6_full_action_bc,v123,2026102205,0,opponent,624,115864.0,3,0,17,58,0,10,1
round6_full_action_bc,v123,2026102205,0,opponent,648,119491.0,3,0,17,58,0,10,1
round6_full_action_bc,v123,2026102205,0,opponent,672,132120.0,3,0,17,46,0,10,1
round6_full_action_bc,v123,2026102205,0,opponent,696,137574.0,3,0,17,21,1,10,1
round6_full_action_bc,v123,2026102205,0,opponent,719,155005.0,3,11,17,0,1,10,1
round6_full_action_bc,v123,2026102205,1,learner,0,3000.0,1,0,0,0,0,0,0
round6_full_action_bc,v123,2026102205,1,learner,24,1209.0,1,0,2,0,0,580,16
round6_full_action_bc,v123,2026102205,1,learner,48,1144.0,1,0,1,5,0,350,14
round6_full_action_bc,v123,2026102205,1,learner,72,20.0,1,0,1,12,0,610,15
round6_full_action_bc,v123,2026102205,1,learner,96,105.0,1,0,2,20,0,160,7
round6_full_action_bc,v123,2026102205,1,learner,120,8.0,1,0,2,21,0,160,7
round6_full_action_bc,v123,2026102205,1,learner,144,92.0,1,0,2,18,3,60,6
round6_full_action_bc,v123,2026102205,1,learner,168,32.0,1,0,1,14,6,60,6
round6_full_action_bc,v123,2026102205,1,learner,192,5.0,1,0,1,13,8,60,6
round6_full_action_bc,v123,2026102205,1,learner,216,45.0,1,0,1,12,8,110,7
round6_full_action_bc,v123,2026102205,1,learner,240,108.0,1,0,1,12,8,250,8
round6_full_action_bc,v123,2026102205,1,learner,264,121.0,1,0,0,13,6,150,6
round6_full_action_bc,v123,2026102205,1,learner,288,7.0,1,0,0,17,3,130,4
round6_full_action_bc,v123,2026102205,1,learner,312,0.0,1,0,0,15,3,110,2
round6_full_action_bc,v123,2026102205,1,learner,336,4.0,2,0,0,18,3,760,14
round6_full_action_bc,v123,2026102205,1,learner,360,0.0,2,0,1,13,8,360,10
round6_full_action_bc,v123,2026102205,1,learner,384,4.0,3,0,1,17,13,320,13
round6_full_action_bc,v123,2026102205,1,learner,408,74.0,3,0,1,23,13,1320,63
round6_full_action_bc,v123,2026102205,1,learner,432,89.0,3,0,1,27,16,1230,69
round6_full_action_bc,v123,2026102205,1,learner,456,7.0,3,0,1,34,16,1120,66
round6_full_action_bc,v123,2026102205,1,learner,480,9.0,3,0,1,26,24,1500,88
round6_full_action_bc,v123,2026102205,1,learner,504,1.0,3,0,1,14,37,1640,96
round6_full_action_bc,v123,2026102205,1,learner,528,437.0,3,0,1,29,30,1380,87
round6_full_action_bc,v123,2026102205,1,learner,552,440.0,3,0,1,35,25,1690,108
round6_full_action_bc,v123,2026102205,1,learner,576,120.0,3,0,1,30,30,1860,119
round6_full_action_bc,v123,2026102205,1,learner,600,311.0,3,0,1,35,25,2560,158
round6_full_action_bc,v123,2026102205,1,learner,624,426.0,3,0,1,31,29,3010,184
round6_full_action_bc,v123,2026102205,1,learner,648,903.0,3,0,1,27,33,2900,179
round6_full_action_bc,v123,2026102205,1,learner,672,1477.0,3,0,1,31,29,3200,197
round6_full_action_bc,v123,2026102205,1,learner,696,2179.0,3,0,1,26,35,3340,207
round6_full_action_bc,v123,2026102205,1,learner,719,3573.0,3,9,1,29,33,3070,194
round6_full_action_bc,v123,2026102205,1,opponent,0,3000.0,1,0,0,0,0,0,0
round6_full_action_bc,v123,2026102205,1,opponent,24,35.0,1,0,4,19,0,0,0
round6_full_action_bc,v123,2026102205,1,opponent,48,98.0,1,0,4,19,0,0,0
round6_full_action_bc,v123,2026102205,1,opponent,72,213.0,1,0,5,19,0,0,0
round6_full_action_bc,v123,2026102205,1,opponent,96,298.0,1,0,6,19,0,0,0
round6_full_action_bc,v123,2026102205,1,opponent,120,723.0,1,0,6,19,0,0,0
round6_full_action_bc,v123,2026102205,1,opponent,144,852.0,1,0,6,19,0,0,0
round6_full_action_bc,v123,2026102205,1,opponent,168,1117.0,2,0,8,29,0,0,0
round6_full_action_bc,v123,2026102205,1,opponent,192,735.0,2,0,10,36,1,0,0
round6_full_action_bc,v123,2026102205,1,opponent,216,1544.0,2,0,12,36,1,30,3
round6_full_action_bc,v123,2026102205,1,opponent,240,2619.0,2,0,13,37,0,150,6
round6_full_action_bc,v123,2026102205,1,opponent,264,17024.0,2,0,16,28,1,110,2
round6_full_action_bc,v123,2026102205,1,opponent,288,16747.0,3,0,17,49,1,110,2
round6_full_action_bc,v123,2026102205,1,opponent,312,20133.0,3,0,17,53,1,110,2
round6_full_action_bc,v123,2026102205,1,opponent,336,23040.0,3,0,17,56,1,110,2
round6_full_action_bc,v123,2026102205,1,opponent,360,26558.0,3,0,17,56,1,110,2
round6_full_action_bc,v123,2026102205,1,opponent,384,36059.0,3,0,17,56,2,110,2
round6_full_action_bc,v123,2026102205,1,opponent,408,42247.0,3,0,17,57,1,110,2
round6_full_action_bc,v123,2026102205,1,opponent,432,51920.0,3,0,17,57,1,110,2
round6_full_action_bc,v123,2026102205,1,opponent,456,59406.0,3,0,17,57,1,110,2
round6_full_action_bc,v123,2026102205,1,opponent,480,66213.0,3,0,17,57,1,110,2
round6_full_action_bc,v123,2026102205,1,opponent,504,75265.0,3,0,17,57,1,110,2
round6_full_action_bc,v123,2026102205,1,opponent,528,85590.0,3,0,17,56,2,110,2
round6_full_action_bc,v123,2026102205,1,opponent,552,92857.0,3,0,17,57,1,110,2
round6_full_action_bc,v123,2026102205,1,opponent,576,103141.0,3,0,17,57,1,110,2
round6_full_action_bc,v123,2026102205,1,opponent,600,113939.0,3,0,17,58,0,110,2
round6_full_action_bc,v123,2026102205,1,opponent,624,122691.0,3,0,17,58,0,110,2
round6_full_action_bc,v123,2026102205,1,opponent,648,126498.0,3,0,17,58,0,110,2
round6_full_action_bc,v123,2026102205,1,opponent,672,138047.0,3,0,17,46,0,110,2
round6_full_action_bc,v123,2026102205,1,opponent,696,147744.0,3,0,17,21,1,110,2
round6_full_action_bc,v123,2026102205,1,opponent,719,166469.0,3,11,17,0,1,110,2
round6_full_action_bc,v123,2026102206,0,learner,0,3000.0,1,0,0,0,0,0,0
round6_full_action_bc,v123,2026102206,0,learner,24,1209.0,1,0,2,0,0,580,16
round6_full_action_bc,v123,2026102206,0,learner,48,701.0,1,0,1,2,0,570,22
round6_full_action_bc,v123,2026102206,0,learner,72,49.0,1,0,1,9,1,320,18
round6_full_action_bc,v123,2026102206,0,learner,96,36.0,1,0,2,10,2,330,17
round6_full_action_bc,v123,2026102206,0,learner,120,3.0,1,0,0,16,3,180,9
round6_full_action_bc,v123,2026102206,0,learner,144,93.0,1,0,0,16,3,270,9
round6_full_action_bc,v123,2026102206,0,learner,168,60.0,1,0,0,13,5,160,7
round6_full_action_bc,v123,2026102206,0,learner,192,27.0,1,0,0,13,5,120,3
round6_full_action_bc,v123,2026102206,0,learner,216,71.0,1,0,0,11,7,110,2
round6_full_action_bc,v123,2026102206,0,learner,240,17.0,1,0,0,11,7,100,1
round6_full_action_bc,v123,2026102206,0,learner,264,1.0,1,0,0,10,5,130,5
round6_full_action_bc,v123,2026102206,0,learner,288,166.0,1,0,0,8,8,440,9
round6_full_action_bc,v123,2026102206,0,learner,312,5.0,1,0,0,12,7,210,3
round6_full_action_bc,v123,2026102206,0,learner,336,96.0,1,0,0,12,7,310,4
round6_full_action_bc,v123,2026102206,0,learner,360,42.0,1,0,0,11,7,100,1
round6_full_action_bc,v123,2026102206,0,learner,384,9.0,1,0,0,11,7,0,0
round6_full_action_bc,v123,2026102206,0,learner,408,2.0,1,0,0,12,5,50,1
round6_full_action_bc,v123,2026102206,0,learner,432,0.0,1,0,0,11,7,180,5
round6_full_action_bc,v123,2026102206,0,learner,456,715.0,1,0,0,16,1,580,19
round6_full_action_bc,v123,2026102206,0,learner,480,291.0,1,0,0,16,1,1310,34
round6_full_action_bc,v123,2026102206,0,learner,504,0.0,1,0,0,19,0,910,30
round6_full_action_bc,v123,2026102206,0,learner,528,515.0,1,0,0,19,0,980,42
round6_full_action_bc,v123,2026102206,0,learner,552,1.0,1,0,0,19,0,1290,51
round6_full_action_bc,v123,2026102206,0,learner,576,2.0,1,0,0,19,0,1750,67
round6_full_action_bc,v123,2026102206,0,learner,600,2.0,1,0,1,17,2,1800,72
round6_full_action_bc,v123,2026102206,0,learner,624,346.0,1,0,1,19,1,1710,81
round6_full_action_bc,v123,2026102206,0,learner,648,93.0,1,0,1,19,1,2040,92
round6_full_action_bc,v123,2026102206,0,learner,672,143.0,1,0,1,15,5,2250,95
round6_full_action_bc,v123,2026102206,0,learner,696,305.0,1,0,1,13,7,2040,92
round6_full_action_bc,v123,2026102206,0,learner,719,344.0,1,11,1,14,6,2030,91
round6_full_action_bc,v123,2026102206,0,opponent,0,3000.0,1,0,0,0,0,0,0
round6_full_action_bc,v123,2026102206,0,opponent,24,35.0,1,0,4,19,0,0,0
round6_full_action_bc,v123,2026102206,0,opponent,48,103.0,1,0,4,19,0,0,0
round6_full_action_bc,v123,2026102206,0,opponent,72,218.0,1,0,5,19,0,0,0
round6_full_action_bc,v123,2026102206,0,opponent,96,303.0,1,0,6,19,0,0,0
round6_full_action_bc,v123,2026102206,0,opponent,120,726.0,1,0,6,19,0,0,0
round6_full_action_bc,v123,2026102206,0,opponent,144,858.0,1,0,6,19,0,0,0
round6_full_action_bc,v123,2026102206,0,opponent,168,1296.0,2,0,8,29,0,0,0
round6_full_action_bc,v123,2026102206,0,opponent,192,764.0,2,0,10,37,0,0,0
round6_full_action_bc,v123,2026102206,0,opponent,216,2021.0,2,0,12,37,0,0,0
round6_full_action_bc,v123,2026102206,0,opponent,240,3102.0,2,0,13,37,0,0,0
round6_full_action_bc,v123,2026102206,0,opponent,264,18077.0,2,0,16,32,0,0,0
round6_full_action_bc,v123,2026102206,0,opponent,288,19393.0,3,0,17,53,0,0,0
round6_full_action_bc,v123,2026102206,0,opponent,312,23837.0,3,0,17,57,0,0,0
round6_full_action_bc,v123,2026102206,0,opponent,336,26708.0,3,0,17,57,0,0,0
round6_full_action_bc,v123,2026102206,0,opponent,360,32637.0,3,0,17,57,0,0,0
round6_full_action_bc,v123,2026102206,0,opponent,384,40654.0,3,0,17,57,1,0,0
round6_full_action_bc,v123,2026102206,0,opponent,408,49806.0,3,0,17,58,0,0,0
round6_full_action_bc,v123,2026102206,0,opponent,432,55098.0,3,0,17,58,0,0,0
round6_full_action_bc,v123,2026102206,0,opponent,456,64002.0,3,0,17,58,0,0,0
round6_full_action_bc,v123,2026102206,0,opponent,480,70756.0,3,0,17,58,0,0,0
round6_full_action_bc,v123,2026102206,0,opponent,504,79303.0,3,0,17,58,0,0,0
round6_full_action_bc,v123,2026102206,0,opponent,528,89097.0,3,0,17,57,1,0,0
round6_full_action_bc,v123,2026102206,0,opponent,552,97966.0,3,0,17,58,0,0,0
round6_full_action_bc,v123,2026102206,0,opponent,576,106158.0,3,0,17,58,0,0,0
round6_full_action_bc,v123,2026102206,0,opponent,600,113733.0,3,0,17,58,0,0,0
round6_full_action_bc,v123,2026102206,0,opponent,624,122359.0,3,0,17,58,0,0,0
round6_full_action_bc,v123,2026102206,0,opponent,648,126726.0,3,0,17,58,0,0,0
round6_full_action_bc,v123,2026102206,0,opponent,672,138187.0,3,0,17,46,0,0,0
round6_full_action_bc,v123,2026102206,0,opponent,696,144650.0,3,0,17,21,0,0,0
round6_full_action_bc,v123,2026102206,0,opponent,719,160970.0,3,11,17,0,0,0,0
round6_full_action_bc,v123,2026102206,1,learner,0,3000.0,1,0,0,0,0,0,0
round6_full_action_bc,v123,2026102206,1,learner,24,1209.0,1,0,2,0,0,580,16
round6_full_action_bc,v123,2026102206,1,learner,48,1144.0,1,0,1,5,0,350,14
round6_full_action_bc,v123,2026102206,1,learner,72,20.0,1,0,1,12,1,610,15
round6_full_action_bc,v123,2026102206,1,learner,96,105.0,1,0,2,19,0,80,8
round6_full_action_bc,v123,2026102206,1,learner,120,102.0,1,0,2,20,0,80,8
round6_full_action_bc,v123,2026102206,1,learner,144,171.0,1,0,2,20,0,160,7
round6_full_action_bc,v123,2026102206,1,learner,168,38.0,1,0,1,20,1,160,7
round6_full_action_bc,v123,2026102206,1,learner,192,98.0,1,0,1,14,7,160,7
round6_full_action_bc,v123,2026102206,1,learner,216,90.0,1,0,1,14,7,160,7
round6_full_action_bc,v123,2026102206,1,learner,240,182.0,1,0,1,17,4,40,4
round6_full_action_bc,v123,2026102206,1,learner,264,20.0,1,0,1,17,4,40,4
round6_full_action_bc,v123,2026102206,1,learner,288,83.0,1,0,0,14,6,40,4
round6_full_action_bc,v123,2026102206,1,learner,312,9.0,1,0,0,15,4,0,0
round6_full_action_bc,v123,2026102206,1,learner,336,2.0,1,0,0,14,1,0,0
round6_full_action_bc,v123,2026102206,1,learner,360,122.0,1,0,0,16,1,510,6
round6_full_action_bc,v123,2026102206,1,learner,384,4.0,1,0,0,14,5,330,6
round6_full_action_bc,v123,2026102206,1,learner,408,1936.0,1,0,0,17,4,1750,27
round6_full_action_bc,v123,2026102206,1,learner,432,209.0,2,0,0,28,1,1060,24
round6_full_action_bc,v123,2026102206,1,learner,456,235.0,2,0,0,28,1,1070,30
round6_full_action_bc,v123,2026102206,1,learner,480,9.0,2,0,0,24,5,1150,38
round6_full_action_bc,v123,2026102206,1,learner,504,990.0,2,0,0,19,9,1340,48
round6_full_action_bc,v123,2026102206,1,learner,528,996.0,2,0,0,13,16,1410,55
round6_full_action_bc,v123,2026102206,1,learner,552,344.0,2,0,0,14,16,1470,61
round6_full_action_bc,v123,2026102206,1,learner,576,1629.0,2,0,1,12,18,1570,71
round6_full_action_bc,v123,2026102206,1,learner,600,963.0,2,0,1,11,20,1620,76
round6_full_action_bc,v123,2026102206,1,learner,624,854.0,2,0,1,8,25,1620,76
round6_full_action_bc,v123,2026102206,1,learner,648,614.0,2,0,2,6,27,2050,83
round6_full_action_bc,v123,2026102206,1,learner,672,5.0,2,0,1,5,28,2320,92
round6_full_action_bc,v123,2026102206,1,learner,696,6.0,2,0,2,2,30,2350,95
round6_full_action_bc,v123,2026102206,1,learner,719,8.0,2,6,2,3,30,2290,96
round6_full_action_bc,v123,2026102206,1,opponent,0,3000.0,1,0,0,0,0,0,0
round6_full_action_bc,v123,2026102206,1,opponent,24,35.0,1,0,4,19,0,0,0
round6_full_action_bc,v123,2026102206,1,opponent,48,98.0,1,0,4,19,0,0,0
round6_full_action_bc,v123,2026102206,1,opponent,72,213.0,1,0,5,19,0,0,0
round6_full_action_bc,v123,2026102206,1,opponent,96,300.0,1,0,6,19,0,0,0
round6_full_action_bc,v123,2026102206,1,opponent,120,720.0,1,0,6,19,0,0,0
round6_full_action_bc,v123,2026102206,1,opponent,144,850.0,1,0,6,19,0,0,0
round6_full_action_bc,v123,2026102206,1,opponent,168,1281.0,2,0,8,29,0,0,0
round6_full_action_bc,v123,2026102206,1,opponent,192,741.0,2,0,10,37,0,0,0
round6_full_action_bc,v123,2026102206,1,opponent,216,1972.0,2,0,12,37,0,0,0
round6_full_action_bc,v123,2026102206,1,opponent,240,3027.0,2,0,13,37,0,0,0
round6_full_action_bc,v123,2026102206,1,opponent,264,16258.0,2,0,16,32,0,0,0
round6_full_action_bc,v123,2026102206,1,opponent,288,17669.0,3,0,17,53,0,0,0
round6_full_action_bc,v123,2026102206,1,opponent,312,20793.0,3,0,17,57,0,0,0
round6_full_action_bc,v123,2026102206,1,opponent,336,25146.0,3,0,17,57,0,0,0
round6_full_action_bc,v123,2026102206,1,opponent,360,31322.0,3,0,17,57,0,0,0
round6_full_action_bc,v123,2026102206,1,opponent,384,40233.0,3,0,17,57,1,0,0
round6_full_action_bc,v123,2026102206,1,opponent,408,49961.0,3,0,17,58,0,0,0
round6_full_action_bc,v123,2026102206,1,opponent,432,55276.0,3,0,17,58,0,0,0
round6_full_action_bc,v123,2026102206,1,opponent,456,59570.0,4,0,17,68,0,0,0
round6_full_action_bc,v123,2026102206,1,opponent,480,66382.0,4,0,17,68,0,0,0
round6_full_action_bc,v123,2026102206,1,opponent,504,74718.0,4,0,17,68,0,0,0
round6_full_action_bc,v123,2026102206,1,opponent,528,84820.0,4,0,17,67,1,0,0
round6_full_action_bc,v123,2026102206,1,opponent,552,94492.0,4,0,17,68,0,0,0
round6_full_action_bc,v123,2026102206,1,opponent,576,102579.0,4,0,17,68,0,0,0
round6_full_action_bc,v123,2026102206,1,opponent,600,110743.0,4,0,17,68,0,0,0
round6_full_action_bc,v123,2026102206,1,opponent,624,118979.0,4,0,17,68,0,0,0
round6_full_action_bc,v123,2026102206,1,opponent,648,133279.0,4,0,17,68,0,0,0
round6_full_action_bc,v123,2026102206,1,opponent,672,146425.0,4,0,17,56,0,0,0
round6_full_action_bc,v123,2026102206,1,opponent,696,156652.0,4,0,17,31,1,0,0
round6_full_action_bc,v123,2026102206,1,opponent,719,181493.0,4,13,17,10,1,0,0
round6_full_action_bc,v123,2026102207,0,learner,0,3000.0,1,0,0,0,0,0,0
round6_full_action_bc,v123,2026102207,0,learner,24,1209.0,1,0,2,0,1,580,16
round6_full_action_bc,v123,2026102207,0,learner,48,827.0,1,0,1,2,0,420,14
round6_full_action_bc,v123,2026102207,0,learner,72,234.0,1,0,3,9,0,270,13
round6_full_action_bc,v123,2026102207,0,learner,96,36.0,1,0,3,12,1,280,12
round6_full_action_bc,v123,2026102207,0,learner,120,23.0,1,0,3,14,2,90,9
round6_full_action_bc,v123,2026102207,0,learner,144,89.0,1,0,3,17,1,60,6
round6_full_action_bc,v123,2026102207,0,learner,168,35.0,1,0,3,19,1,160,7
round6_full_action_bc,v123,2026102207,0,learner,192,76.0,1,0,2,20,1,60,6
round6_full_action_bc,v123,2026102207,0,learner,216,89.0,1,0,2,18,3,60,6
round6_full_action_bc,v123,2026102207,0,learner,240,259.0,1,0,2,19,2,50,5
round6_full_action_bc,v123,2026102207,0,learner,264,542.0,1,0,2,18,3,150,6
round6_full_action_bc,v123,2026102207,0,learner,288,211.0,1,0,0,17,3,140,5
round6_full_action_bc,v123,2026102207,0,learner,312,8.0,1,0,0,19,2,20,2
round6_full_action_bc,v123,2026102207,0,learner,336,54.0,1,0,0,12,9,90,5
round6_full_action_bc,v123,2026102207,0,learner,360,5.0,1,0,0,14,6,100,6
round6_full_action_bc,v123,2026102207,0,learner,384,2703.0,1,0,0,17,4,790,21
round6_full_action_bc,v123,2026102207,0,learner,408,1834.0,1,0,0,18,3,1380,35
round6_full_action_bc,v123,2026102207,0,learner,432,931.0,1,0,0,18,3,1780,48
round6_full_action_bc,v123,2026102207,0,learner,456,535.0,1,0,0,17,4,2030,55
round6_full_action_bc,v123,2026102207,0,learner,480,0.0,1,0,0,16,5,2310,65
round6_full_action_bc,v123,2026102207,0,learner,504,1754.0,1,0,0,18,3,2110,72
round6_full_action_bc,v123,2026102207,0,learner,528,1556.0,1,0,0,18,3,2110,81
round6_full_action_bc,v123,2026102207,0,learner,552,1817.0,1,0,0,18,3,2050,93
round6_full_action_bc,v123,2026102207,0,learner,576,1488.0,1,0,0,18,3,2220,106
round6_full_action_bc,v123,2026102207,0,learner,600,1551.0,1,0,0,18,3,2320,116
round6_full_action_bc,v123,2026102207,0,learner,624,414.0,1,0,0,18,3,2400,124
round6_full_action_bc,v123,2026102207,0,learner,648,180.0,1,0,0,16,5,2480,128
round6_full_action_bc,v123,2026102207,0,learner,672,1158.0,1,0,0,14,7,2420,131
round6_full_action_bc,v123,2026102207,0,learner,696,2410.0,1,0,0,13,8,2480,137
round6_full_action_bc,v123,2026102207,0,learner,719,3046.0,1,10,0,12,9,2480,137
round6_full_action_bc,v123,2026102207,0,opponent,0,3000.0,1,0,0,0,0,0,0
round6_full_action_bc,v123,2026102207,0,opponent,24,35.0,1,0,4,19,0,0,0
round6_full_action_bc,v123,2026102207,0,opponent,48,98.0,1,0,4,19,0,0,0
round6_full_action_bc,v123,2026102207,0,opponent,72,214.0,1,0,5,19,0,0,0
round6_full_action_bc,v123,2026102207,0,opponent,96,301.0,1,0,6,19,0,0,0
round6_full_action_bc,v123,2026102207,0,opponent,120,715.0,1,0,6,19,0,0,0
round6_full_action_bc,v123,2026102207,0,opponent,144,841.0,1,0,6,19,0,0,0
round6_full_action_bc,v123,2026102207,0,opponent,168,867.0,2,0,8,29,0,0,0
round6_full_action_bc,v123,2026102207,0,opponent,192,625.0,2,0,10,37,0,0,0
round6_full_action_bc,v123,2026102207,0,opponent,216,1467.0,2,0,12,37,0,0,0
round6_full_action_bc,v123,2026102207,0,opponent,240,2487.0,2,0,13,37,0,0,0
round6_full_action_bc,v123,2026102207,0,opponent,264,16332.0,2,0,16,32,0,0,0
round6_full_action_bc,v123,2026102207,0,opponent,288,16917.0,3,0,17,53,0,0,0
round6_full_action_bc,v123,2026102207,0,opponent,312,19766.0,3,0,17,57,0,0,0
round6_full_action_bc,v123,2026102207,0,opponent,336,22843.0,3,0,17,57,0,0,0
round6_full_action_bc,v123,2026102207,0,opponent,360,27726.0,3,0,17,57,0,0,0
round6_full_action_bc,v123,2026102207,0,opponent,384,33469.0,3,0,17,57,1,0,0
round6_full_action_bc,v123,2026102207,0,opponent,408,41476.0,3,0,17,58,0,0,0
round6_full_action_bc,v123,2026102207,0,opponent,432,46680.0,3,0,17,58,0,0,0
round6_full_action_bc,v123,2026102207,0,opponent,456,53473.0,3,0,17,58,0,0,0
round6_full_action_bc,v123,2026102207,0,opponent,480,59319.0,3,0,17,58,0,0,0
round6_full_action_bc,v123,2026102207,0,opponent,504,66478.0,3,0,17,58,0,0,0
round6_full_action_bc,v123,2026102207,0,opponent,528,75566.0,3,0,17,57,1,0,0
round6_full_action_bc,v123,2026102207,0,opponent,552,83106.0,3,0,17,58,0,0,0
round6_full_action_bc,v123,2026102207,0,opponent,576,90763.0,3,0,17,58,0,0,0
round6_full_action_bc,v123,2026102207,0,opponent,600,98464.0,3,0,17,58,0,0,0
round6_full_action_bc,v123,2026102207,0,opponent,624,106256.0,3,0,17,58,0,0,0
round6_full_action_bc,v123,2026102207,0,opponent,648,109902.0,3,0,17,58,0,0,0
round6_full_action_bc,v123,2026102207,0,opponent,672,121684.0,3,0,17,46,0,0,0
round6_full_action_bc,v123,2026102207,0,opponent,696,126553.0,3,0,17,21,1,0,0
round6_full_action_bc,v123,2026102207,0,opponent,719,142604.0,3,11,17,0,1,0,0
round6_full_action_bc,v123,2026102207,1,learner,0,3000.0,1,0,0,0,0,0,0
round6_full_action_bc,v123,2026102207,1,learner,24,1209.0,1,0,2,0,1,580,16
round6_full_action_bc,v123,2026102207,1,learner,48,1307.0,1,0,1,5,1,190,12
round6_full_action_bc,v123,2026102207,1,learner,72,133.0,1,0,0,9,1,780,18
round6_full_action_bc,v123,2026102207,1,learner,96,89.0,1,0,1,9,4,640,16
round6_full_action_bc,v123,2026102207,1,learner,120,56.0,1,0,0,14,4,180,9
round6_full_action_bc,v123,2026102207,1,learner,144,36.0,1,0,0,16,3,160,7
round6_full_action_bc,v123,2026102207,1,learner,168,3.0,1,0,0,17,2,130,4
round6_full_action_bc,v123,2026102207,1,learner,192,1.0,1,0,0,17,2,130,4
round6_full_action_bc,v123,2026102207,1,learner,216,138.0,1,0,0,6,13,110,2
round6_full_action_bc,v123,2026102207,1,learner,240,87.0,1,0,0,7,10,100,1
round6_full_action_bc,v123,2026102207,1,learner,264,3.0,1,0,0,9,3,0,0
round6_full_action_bc,v123,2026102207,1,learner,288,5.0,1,0,0,10,3,50,5
round6_full_action_bc,v123,2026102207,1,learner,312,1.0,1,0,0,11,5,0,0
round6_full_action_bc,v123,2026102207,1,learner,336,54.0,1,0,0,10,5,110,2
round6_full_action_bc,v123,2026102207,1,learner,360,0.0,1,0,0,5,4,0,0
round6_full_action_bc,v123,2026102207,1,learner,384,4.0,1,0,0,12,1,0,0
round6_full_action_bc,v123,2026102207,1,learner,408,3.0,1,0,0,15,1,0,0
round6_full_action_bc,v123,2026102207,1,learner,432,4.0,1,0,0,18,0,0,0
round6_full_action_bc,v123,2026102207,1,learner,456,1.0,1,0,0,19,0,120,3
round6_full_action_bc,v123,2026102207,1,learner,480,706.0,1,0,0,16,3,890,22
round6_full_action_bc,v123,2026102207,1,learner,504,210.0,1,0,0,18,2,750,26
round6_full_action_bc,v123,2026102207,1,learner,528,2441.0,1,0,0,21,0,840,31
round6_full_action_bc,v123,2026102207,1,learner,552,2337.0,1,0,0,21,0,1150,47
round6_full_action_bc,v123,2026102207,1,learner,576,1999.0,1,0,0,18,3,1780,86
round6_full_action_bc,v123,2026102207,1,learner,600,1287.0,1,0,0,10,11,2440,124
round6_full_action_bc,v123,2026102207,1,learner,624,968.0,1,0,0,5,16,2490,130
round6_full_action_bc,v123,2026102207,1,learner,648,424.0,1,0,0,5,16,3140,167
round6_full_action_bc,v123,2026102207,1,learner,672,0.0,1,0,0,6,15,3140,169
round6_full_action_bc,v123,2026102207,1,learner,696,49.0,1,0,0,4,17,3690,200
round6_full_action_bc,v123,2026102207,1,learner,719,5.0,1,7,0,4,17,3840,206
round6_full_action_bc,v123,2026102207,1,opponent,0,3000.0,1,0,0,0,0,0,0
round6_full_action_bc,v123,2026102207,1,opponent,24,35.0,1,0,4,19,0,0,0
round6_full_action_bc,v123,2026102207,1,opponent,48,95.0,1,0,4,19,0,0,0
round6_full_action_bc,v123,2026102207,1,opponent,72,209.0,1,0,5,19,0,0,0
round6_full_action_bc,v123,2026102207,1,opponent,96,295.0,1,0,6,19,0,0,0
round6_full_action_bc,v123,2026102207,1,opponent,120,716.0,1,0,6,19,0,0,0
round6_full_action_bc,v123,2026102207,1,opponent,144,846.0,1,0,6,19,0,0,0
round6_full_action_bc,v123,2026102207,1,opponent,168,886.0,2,0,8,29,0,0,0
round6_full_action_bc,v123,2026102207,1,opponent,192,661.0,2,0,10,37,0,0,0
round6_full_action_bc,v123,2026102207,1,opponent,216,1550.0,2,0,12,37,0,0,0
round6_full_action_bc,v123,2026102207,1,opponent,240,2627.0,2,0,13,37,0,0,0
round6_full_action_bc,v123,2026102207,1,opponent,264,16488.0,2,0,16,32,0,0,0
round6_full_action_bc,v123,2026102207,1,opponent,288,17130.0,3,0,17,53,0,0,0
round6_full_action_bc,v123,2026102207,1,opponent,312,20283.0,3,0,17,57,0,0,0
round6_full_action_bc,v123,2026102207,1,opponent,336,23229.0,3,0,17,57,0,0,0
round6_full_action_bc,v123,2026102207,1,opponent,360,27693.0,3,0,17,57,0,0,0
round6_full_action_bc,v123,2026102207,1,opponent,384,32660.0,3,0,17,57,1,0,0
round6_full_action_bc,v123,2026102207,1,opponent,408,40677.0,3,0,17,58,0,0,0
round6_full_action_bc,v123,2026102207,1,opponent,432,46150.0,3,0,17,58,0,0,0
round6_full_action_bc,v123,2026102207,1,opponent,456,48624.0,4,0,17,68,0,0,0
round6_full_action_bc,v123,2026102207,1,opponent,480,53639.0,4,0,17,68,0,0,0
round6_full_action_bc,v123,2026102207,1,opponent,504,62264.0,4,0,17,68,0,0,0
round6_full_action_bc,v123,2026102207,1,opponent,528,73034.0,4,0,17,67,1,0,0
round6_full_action_bc,v123,2026102207,1,opponent,552,81359.0,4,0,17,68,0,0,0
round6_full_action_bc,v123,2026102207,1,opponent,576,90315.0,4,0,17,68,0,0,0
round6_full_action_bc,v123,2026102207,1,opponent,600,98223.0,4,0,17,68,0,0,0
round6_full_action_bc,v123,2026102207,1,opponent,624,104993.0,4,0,17,68,0,0,0
round6_full_action_bc,v123,2026102207,1,opponent,648,112944.0,4,0,17,68,0,0,0
round6_full_action_bc,v123,2026102207,1,opponent,672,128279.0,4,0,17,56,0,0,0
round6_full_action_bc,v123,2026102207,1,opponent,696,139028.0,4,0,17,31,1,0,0
round6_full_action_bc,v123,2026102207,1,opponent,719,159401.0,4,13,17,10,1,0,0
round6_full_action_bc,v123,2026102208,0,learner,0,3000.0,1,0,0,0,0,0,0
round6_full_action_bc,v123,2026102208,0,learner,24,1209.0,1,0,2,0,0,580,16
round6_full_action_bc,v123,2026102208,0,learner,48,701.0,1,0,1,2,0,570,22
round6_full_action_bc,v123,2026102208,0,learner,72,49.0,1,0,1,9,0,320,18
round6_full_action_bc,v123,2026102208,0,learner,96,36.0,1,0,2,11,0,330,17
round6_full_action_bc,v123,2026102208,0,learner,120,3.0,1,0,0,16,0,200,11
round6_full_action_bc,v123,2026102208,0,learner,144,97.0,1,0,0,17,1,90,9
round6_full_action_bc,v123,2026102208,0,learner,168,64.0,1,0,0,12,6,70,7
round6_full_action_bc,v123,2026102208,0,learner,192,21.0,1,0,0,13,6,40,4
round6_full_action_bc,v123,2026102208,0,learner,216,65.0,1,0,0,13,6,130,4
round6_full_action_bc,v123,2026102208,0,learner,240,1.0,1,0,0,14,5,0,0
round6_full_action_bc,v123,2026102208,0,learner,264,350.0,1,0,0,10,9,20,2
round6_full_action_bc,v123,2026102208,0,learner,288,8.0,1,0,0,10,8,0,0
round6_full_action_bc,v123,2026102208,0,learner,312,1.0,1,0,0,12,6,60,6
round6_full_action_bc,v123,2026102208,0,learner,336,312.0,1,0,0,10,8,50,5
round6_full_action_bc,v123,2026102208,0,learner,360,1.0,1,0,0,9,8,140,5
round6_full_action_bc,v123,2026102208,0,learner,384,6.0,1,0,0,14,4,130,4
round6_full_action_bc,v123,2026102208,0,learner,408,9.0,1,0,0,16,3,110,2
round6_full_action_bc,v123,2026102208,0,learner,432,2.0,1,0,0,12,7,120,3
round6_full_action_bc,v123,2026102208,0,learner,456,249.0,1,0,0,14,5,190,11
round6_full_action_bc,v123,2026102208,0,learner,480,17.0,1,0,0,14,5,400,20
round6_full_action_bc,v123,2026102208,0,learner,504,1227.0,1,0,0,17,2,620,27
round6_full_action_bc,v123,2026102208,0,learner,528,1263.0,1,0,0,17,2,650,30
round6_full_action_bc,v123,2026102208,0,learner,552,1339.0,1,0,0,17,2,760,41
round6_full_action_bc,v123,2026102208,0,learner,576,1330.0,1,0,0,17,2,890,50
round6_full_action_bc,v123,2026102208,0,learner,600,1116.0,1,0,0,18,1,1030,63
round6_full_action_bc,v123,2026102208,0,learner,624,493.0,1,0,0,18,1,1330,80
round6_full_action_bc,v123,2026102208,0,learner,648,304.0,1,0,0,17,2,1380,85
round6_full_action_bc,v123,2026102208,0,learner,672,127.0,1,0,0,13,6,1600,98
round6_full_action_bc,v123,2026102208,0,learner,696,1.0,1,0,0,12,7,1630,100
round6_full_action_bc,v123,2026102208,0,learner,719,655.0,1,8,1,12,7,2130,128
round6_full_action_bc,v123,2026102208,0,opponent,0,3000.0,1,0,0,0,0,0,0
round6_full_action_bc,v123,2026102208,0,opponent,24,35.0,1,0,4,19,0,0,0
round6_full_action_bc,v123,2026102208,0,opponent,48,103.0,1,0,4,19,0,0,0
round6_full_action_bc,v123,2026102208,0,opponent,72,218.0,1,0,5,19,0,0,0
round6_full_action_bc,v123,2026102208,0,opponent,96,303.0,1,0,6,19,0,0,0
round6_full_action_bc,v123,2026102208,0,opponent,120,726.0,1,0,6,19,0,0,0
round6_full_action_bc,v123,2026102208,0,opponent,144,857.0,1,0,6,19,0,0,0
round6_full_action_bc,v123,2026102208,0,opponent,168,898.0,2,0,8,29,0,0,0
round6_full_action_bc,v123,2026102208,0,opponent,192,675.0,2,0,10,37,0,0,0
round6_full_action_bc,v123,2026102208,0,opponent,216,2022.0,2,0,12,37,0,0,0
round6_full_action_bc,v123,2026102208,0,opponent,240,3107.0,2,0,13,37,0,0,0
round6_full_action_bc,v123,2026102208,0,opponent,264,17590.0,2,0,16,32,0,0,0
round6_full_action_bc,v123,2026102208,0,opponent,288,18879.0,3,0,17,53,0,0,0
round6_full_action_bc,v123,2026102208,0,opponent,312,22029.0,3,0,17,57,0,0,0
round6_full_action_bc,v123,2026102208,0,opponent,336,26235.0,3,0,17,57,0,0,0
round6_full_action_bc,v123,2026102208,0,opponent,360,32222.0,3,0,17,57,0,0,0
round6_full_action_bc,v123,2026102208,0,opponent,384,40890.0,3,0,17,57,1,0,0
round6_full_action_bc,v123,2026102208,0,opponent,408,50712.0,3,0,17,58,0,0,0
round6_full_action_bc,v123,2026102208,0,opponent,432,56325.0,3,0,17,58,0,0,0
round6_full_action_bc,v123,2026102208,0,opponent,456,65541.0,3,0,17,58,0,0,0
round6_full_action_bc,v123,2026102208,0,opponent,480,72514.0,3,0,17,58,0,0,0
round6_full_action_bc,v123,2026102208,0,opponent,504,81321.0,3,0,17,58,0,0,0
round6_full_action_bc,v123,2026102208,0,opponent,528,91635.0,3,0,17,57,1,0,0
round6_full_action_bc,v123,2026102208,0,opponent,552,100952.0,3,0,17,58,0,0,0
round6_full_action_bc,v123,2026102208,0,opponent,576,109544.0,3,0,17,58,0,0,0
round6_full_action_bc,v123,2026102208,0,opponent,600,117772.0,3,0,17,58,0,0,0
round6_full_action_bc,v123,2026102208,0,opponent,624,126883.0,3,0,17,58,0,0,0
round6_full_action_bc,v123,2026102208,0,opponent,648,131828.0,3,0,17,58,0,0,0
round6_full_action_bc,v123,2026102208,0,opponent,672,144289.0,3,0,17,46,0,0,0
round6_full_action_bc,v123,2026102208,0,opponent,696,151865.0,3,0,17,21,0,0,0
round6_full_action_bc,v123,2026102208,0,opponent,719,170389.0,3,11,17,0,0,0,0
round6_full_action_bc,v123,2026102208,1,learner,0,3000.0,1,0,0,0,0,0,0
round6_full_action_bc,v123,2026102208,1,learner,24,1209.0,1,0,2,0,0,580,16
round6_full_action_bc,v123,2026102208,1,learner,48,1144.0,1,0,1,5,0,350,14
round6_full_action_bc,v123,2026102208,1,learner,72,20.0,1,0,1,12,0,610,15
round6_full_action_bc,v123,2026102208,1,learner,96,111.0,1,0,2,18,0,160,9
round6_full_action_bc,v123,2026102208,1,learner,120,12.0,1,0,2,18,0,160,9
round6_full_action_bc,v123,2026102208,1,learner,144,91.0,1,0,2,14,4,80,8
round6_full_action_bc,v123,2026102208,1,learner,168,46.0,1,0,1,17,3,70,7
round6_full_action_bc,v123,2026102208,1,learner,192,98.0,1,0,1,17,4,160,7
round6_full_action_bc,v123,2026102208,1,learner,216,35.0,1,0,1,16,5,160,7
round6_full_action_bc,v123,2026102208,1,learner,240,91.0,1,0,1,15,6,150,6
round6_full_action_bc,v123,2026102208,1,learner,264,254.0,1,0,0,13,7,100,6
round6_full_action_bc,v123,2026102208,1,learner,288,6.0,1,0,0,16,4,220,9
round6_full_action_bc,v123,2026102208,1,learner,312,2.0,1,0,0,15,4,190,6
round6_full_action_bc,v123,2026102208,1,learner,336,2.0,2,0,0,12,5,320,10
round6_full_action_bc,v123,2026102208,1,learner,360,2.0,2,0,1,18,4,350,19
round6_full_action_bc,v123,2026102208,1,learner,384,1092.0,2,0,1,13,12,360,20
round6_full_action_bc,v123,2026102208,1,learner,408,1423.0,2,0,1,13,13,600,32
round6_full_action_bc,v123,2026102208,1,learner,432,1328.0,2,0,0,12,18,530,37
round6_full_action_bc,v123,2026102208,1,learner,456,1181.0,2,0,1,16,18,780,50
round6_full_action_bc,v123,2026102208,1,learner,480,1201.0,2,0,0,13,21,970,61
round6_full_action_bc,v123,2026102208,1,learner,504,1055.0,2,0,1,0,34,1200,68
round6_full_action_bc,v123,2026102208,1,learner,528,458.0,2,0,0,8,31,980,74
round6_full_action_bc,v123,2026102208,1,learner,552,155.0,2,0,1,9,30,1160,88
round6_full_action_bc,v123,2026102208,1,learner,576,226.0,2,0,1,4,35,1170,93
round6_full_action_bc,v123,2026102208,1,learner,600,137.0,2,0,1,10,29,1040,96
round6_full_action_bc,v123,2026102208,1,learner,624,3.0,2,0,0,12,28,1100,102
round6_full_action_bc,v123,2026102208,1,learner,648,8.0,2,0,1,11,29,1130,105
round6_full_action_bc,v123,2026102208,1,learner,672,1.0,2,0,0,6,34,1120,104
round6_full_action_bc,v123,2026102208,1,learner,696,4.0,2,0,1,11,29,1170,106
round6_full_action_bc,v123,2026102208,1,learner,719,1.0,2,3,1,12,28,1270,107
round6_full_action_bc,v123,2026102208,1,opponent,0,3000.0,1,0,0,0,0,0,0
round6_full_action_bc,v123,2026102208,1,opponent,24,35.0,1,0,4,19,0,0,0
round6_full_action_bc,v123,2026102208,1,opponent,48,98.0,1,0,4,19,0,0,0
round6_full_action_bc,v123,2026102208,1,opponent,72,213.0,1,0,5,19,0,0,0
round6_full_action_bc,v123,2026102208,1,opponent,96,300.0,1,0,6,19,0,0,0
round6_full_action_bc,v123,2026102208,1,opponent,120,720.0,1,0,6,19,0,0,0
round6_full_action_bc,v123,2026102208,1,opponent,144,851.0,1,0,6,19,0,0,0
round6_full_action_bc,v123,2026102208,1,opponent,168,1281.0,2,0,8,29,0,0,0
round6_full_action_bc,v123,2026102208,1,opponent,192,741.0,2,0,10,37,0,0,0
round6_full_action_bc,v123,2026102208,1,opponent,216,1784.0,2,0,12,37,0,0,0
round6_full_action_bc,v123,2026102208,1,opponent,240,2839.0,2,0,13,37,0,0,0
round6_full_action_bc,v123,2026102208,1,opponent,264,17265.0,2,0,16,32,0,0,0
round6_full_action_bc,v123,2026102208,1,opponent,288,18385.0,3,0,17,53,0,0,0
round6_full_action_bc,v123,2026102208,1,opponent,312,22736.0,3,0,17,57,0,0,0
round6_full_action_bc,v123,2026102208,1,opponent,336,25504.0,3,0,17,57,0,0,0
round6_full_action_bc,v123,2026102208,1,opponent,360,31319.0,3,0,17,57,0,0,0
round6_full_action_bc,v123,2026102208,1,opponent,384,39342.0,3,0,17,57,1,0,0
round6_full_action_bc,v123,2026102208,1,opponent,408,47840.0,3,0,17,58,0,0,0
round6_full_action_bc,v123,2026102208,1,opponent,432,53421.0,3,0,17,58,0,0,0
round6_full_action_bc,v123,2026102208,1,opponent,456,63149.0,3,0,17,58,0,0,0
round6_full_action_bc,v123,2026102208,1,opponent,480,70458.0,3,0,17,58,0,0,0
round6_full_action_bc,v123,2026102208,1,opponent,504,78745.0,3,0,17,58,0,0,0
round6_full_action_bc,v123,2026102208,1,opponent,528,88747.0,3,0,17,57,1,0,0
round6_full_action_bc,v123,2026102208,1,opponent,552,97285.0,3,0,16,58,0,0,0
round6_full_action_bc,v123,2026102208,1,opponent,576,105650.0,3,0,16,58,0,0,0
round6_full_action_bc,v123,2026102208,1,opponent,600,113839.0,3,0,15,58,0,0,0
round6_full_action_bc,v123,2026102208,1,opponent,624,120702.0,3,0,15,58,0,0,0
round6_full_action_bc,v123,2026102208,1,opponent,648,126296.0,3,0,15,58,0,0,0
round6_full_action_bc,v123,2026102208,1,opponent,672,133817.0,3,0,15,46,0,0,0
round6_full_action_bc,v123,2026102208,1,opponent,696,146019.0,3,0,15,21,0,0,0
round6_full_action_bc,v123,2026102208,1,opponent,719,157847.0,3,11,15,1,0,0,0
round6_full_action_bc,v124,2026102201,0,learner,0,3000.0,1,0,0,0,0,0,0
round6_full_action_bc,v124,2026102201,0,learner,24,1209.0,1,0,2,0,0,580,16
round6_full_action_bc,v124,2026102201,0,learner,48,701.0,1,0,1,2,0,570,22
round6_full_action_bc,v124,2026102201,0,learner,72,49.0,1,0,1,9,0,320,18
round6_full_action_bc,v124,2026102201,0,learner,96,36.0,1,0,2,10,1,330,17
round6_full_action_bc,v124,2026102201,0,learner,120,3.0,1,0,0,15,1,200,11
round6_full_action_bc,v124,2026102201,0,learner,144,56.0,1,0,0,17,1,190,10
round6_full_action_bc,v124,2026102201,0,learner,168,23.0,1,0,0,13,5,60,6
round6_full_action_bc,v124,2026102201,0,learner,192,3.0,1,0,0,15,4,20,2
round6_full_action_bc,v124,2026102201,0,learner,216,71.0,1,0,0,11,8,110,2
round6_full_action_bc,v124,2026102201,0,learner,240,17.0,1,0,0,9,9,0,0
round6_full_action_bc,v124,2026102201,0,learner,264,0.0,1,0,0,9,7,90,2
round6_full_action_bc,v124,2026102201,0,learner,288,8.0,1,0,0,9,7,240,8
round6_full_action_bc,v124,2026102201,0,learner,312,1.0,1,0,0,8,9,220,6
round6_full_action_bc,v124,2026102201,0,learner,336,55.0,1,0,0,7,10,360,11
round6_full_action_bc,v124,2026102201,0,learner,360,127.0,1,0,0,10,8,380,13
round6_full_action_bc,v124,2026102201,0,learner,384,8.0,1,0,0,11,7,550,19
round6_full_action_bc,v124,2026102201,0,learner,408,21.0,1,0,0,14,3,470,16
round6_full_action_bc,v124,2026102201,0,learner,432,9.0,1,0,0,18,1,320,19
round6_full_action_bc,v124,2026102201,0,learner,456,103.0,1,0,0,16,3,690,30
round6_full_action_bc,v124,2026102201,0,learner,480,5.0,1,0,0,14,5,810,38
round6_full_action_bc,v124,2026102201,0,learner,504,465.0,1,0,0,16,4,810,47
round6_full_action_bc,v124,2026102201,0,learner,528,1550.0,1,0,0,17,3,870,57
round6_full_action_bc,v124,2026102201,0,learner,552,1724.0,1,0,0,18,3,970,67
round6_full_action_bc,v124,2026102201,0,learner,576,1387.0,1,0,0,14,7,1220,86
round6_full_action_bc,v124,2026102201,0,learner,600,861.0,1,0,0,13,8,1980,132
round6_full_action_bc,v124,2026102201,0,learner,624,308.0,1,0,0,5,16,2340,155
round6_full_action_bc,v124,2026102201,0,learner,648,70.0,1,0,0,5,16,2650,174
round6_full_action_bc,v124,2026102201,0,learner,672,56.0,1,0,0,2,19,2840,187
round6_full_action_bc,v124,2026102201,0,learner,696,10.0,1,0,0,3,18,2830,189
round6_full_action_bc,v124,2026102201,0,learner,719,11.0,1,4,0,3,18,3070,199
round6_full_action_bc,v124,2026102201,0,opponent,0,3000.0,1,0,0,0,0,0,0
round6_full_action_bc,v124,2026102201,0,opponent,24,35.0,1,0,4,19,0,0,0
round6_full_action_bc,v124,2026102201,0,opponent,48,103.0,1,0,4,19,0,0,0
round6_full_action_bc,v124,2026102201,0,opponent,72,218.0,1,0,5,19,0,0,0
round6_full_action_bc,v124,2026102201,0,opponent,96,303.0,1,0,6,19,0,0,0
round6_full_action_bc,v124,2026102201,0,opponent,120,726.0,1,0,6,19,0,0,0
round6_full_action_bc,v124,2026102201,0,opponent,144,857.0,1,0,6,19,0,0,0
round6_full_action_bc,v124,2026102201,0,opponent,168,1296.0,2,0,8,29,0,0,0
round6_full_action_bc,v124,2026102201,0,opponent,192,766.0,2,0,10,37,0,0,0
round6_full_action_bc,v124,2026102201,0,opponent,216,1567.0,2,0,12,37,0,0,0
round6_full_action_bc,v124,2026102201,0,opponent,240,2655.0,2,0,13,37,0,0,0
round6_full_action_bc,v124,2026102201,0,opponent,264,16539.0,2,0,16,32,0,0,0
round6_full_action_bc,v124,2026102201,0,opponent,288,17193.0,3,0,17,53,0,0,0
round6_full_action_bc,v124,2026102201,0,opponent,312,20981.0,3,0,17,57,0,0,0
round6_full_action_bc,v124,2026102201,0,opponent,336,23208.0,3,0,17,57,0,0,0
round6_full_action_bc,v124,2026102201,0,opponent,360,27546.0,3,0,17,57,0,0,0
round6_full_action_bc,v124,2026102201,0,opponent,384,32531.0,3,0,17,57,0,10,1
round6_full_action_bc,v124,2026102201,0,opponent,408,39794.0,3,0,17,58,0,10,1
round6_full_action_bc,v124,2026102201,0,opponent,432,44984.0,3,0,17,58,0,10,1
round6_full_action_bc,v124,2026102201,0,opponent,456,49891.0,3,0,17,58,0,10,1
round6_full_action_bc,v124,2026102201,0,opponent,480,53769.0,3,0,17,58,0,10,1
round6_full_action_bc,v124,2026102201,0,opponent,504,59797.0,3,0,17,58,0,10,1
round6_full_action_bc,v124,2026102201,0,opponent,528,67466.0,3,0,17,57,1,10,1
round6_full_action_bc,v124,2026102201,0,opponent,552,72420.0,3,0,17,58,0,10,1
round6_full_action_bc,v124,2026102201,0,opponent,576,78410.0,3,0,17,58,0,10,1
round6_full_action_bc,v124,2026102201,0,opponent,600,83775.0,3,0,17,58,0,10,1
round6_full_action_bc,v124,2026102201,0,opponent,624,86756.0,3,0,17,58,0,10,1
round6_full_action_bc,v124,2026102201,0,opponent,648,88592.0,3,0,17,58,0,10,1
round6_full_action_bc,v124,2026102201,0,opponent,672,96336.0,3,0,17,46,0,10,1
round6_full_action_bc,v124,2026102201,0,opponent,696,99998.0,3,0,17,21,0,10,1
round6_full_action_bc,v124,2026102201,0,opponent,719,111238.0,3,11,17,0,0,10,1
round6_full_action_bc,v124,2026102201,1,learner,0,3000.0,1,0,0,0,0,0,0
round6_full_action_bc,v124,2026102201,1,learner,24,1209.0,1,0,2,0,0,580,16
round6_full_action_bc,v124,2026102201,1,learner,48,1144.0,1,0,1,5,0,350,14
round6_full_action_bc,v124,2026102201,1,learner,72,20.0,1,0,1,12,0,610,15
round6_full_action_bc,v124,2026102201,1,learner,96,109.0,1,0,2,20,0,160,7
round6_full_action_bc,v124,2026102201,1,learner,120,10.0,1,0,1,21,0,160,7
round6_full_action_bc,v124,2026102201,1,learner,144,99.0,1,0,1,16,5,50,5
round6_full_action_bc,v124,2026102201,1,learner,168,39.0,1,0,1,13,7,50,5
round6_full_action_bc,v124,2026102201,1,learner,192,49.0,1,0,1,13,7,100,6
round6_full_action_bc,v124,2026102201,1,learner,216,7.0,1,0,1,10,10,190,6
round6_full_action_bc,v124,2026102201,1,learner,240,147.0,1,0,1,12,7,170,4
round6_full_action_bc,v124,2026102201,1,learner,264,4.0,1,0,0,14,7,150,2
round6_full_action_bc,v124,2026102201,1,learner,288,194.0,1,0,0,15,6,120,4
round6_full_action_bc,v124,2026102201,1,learner,312,7.0,1,0,0,17,3,0,0
round6_full_action_bc,v124,2026102201,1,learner,336,6.0,1,0,0,13,5,130,4
round6_full_action_bc,v124,2026102201,1,learner,360,4494.0,1,0,0,15,4,310,14
round6_full_action_bc,v124,2026102201,1,learner,384,3903.0,1,0,0,20,1,510,22
round6_full_action_bc,v124,2026102201,1,learner,408,3489.0,1,0,0,21,0,620,33
round6_full_action_bc,v124,2026102201,1,learner,432,3077.0,1,0,0,20,1,780,41
round6_full_action_bc,v124,2026102201,1,learner,456,3922.0,1,0,0,20,1,800,51
round6_full_action_bc,v124,2026102201,1,learner,480,5038.0,1,0,0,20,1,1000,65
round6_full_action_bc,v124,2026102201,1,learner,504,4873.0,1,0,0,11,10,1350,88
round6_full_action_bc,v124,2026102201,1,learner,528,4898.0,1,0,0,9,12,1310,96
round6_full_action_bc,v124,2026102201,1,learner,552,5030.0,1,0,0,5,16,1420,107
round6_full_action_bc,v124,2026102201,1,learner,576,5116.0,1,0,0,9,14,1470,114
round6_full_action_bc,v124,2026102201,1,learner,600,5052.0,1,0,0,11,12,1590,126
round6_full_action_bc,v124,2026102201,1,learner,624,4899.0,1,0,0,10,13,1740,137
round6_full_action_bc,v124,2026102201,1,learner,648,4406.0,1,0,0,10,13,2260,166
round6_full_action_bc,v124,2026102201,1,learner,672,4055.0,1,0,0,3,20,2650,188
round6_full_action_bc,v124,2026102201,1,learner,696,4455.0,1,0,0,3,20,2670,191
round6_full_action_bc,v124,2026102201,1,learner,719,4248.0,1,7,0,3,20,2670,192
round6_full_action_bc,v124,2026102201,1,opponent,0,3000.0,1,0,0,0,0,0,0
round6_full_action_bc,v124,2026102201,1,opponent,24,35.0,1,0,4,19,0,0,0
round6_full_action_bc,v124,2026102201,1,opponent,48,98.0,1,0,4,19,0,0,0
round6_full_action_bc,v124,2026102201,1,opponent,72,213.0,1,0,5,19,0,0,0
round6_full_action_bc,v124,2026102201,1,opponent,96,300.0,1,0,6,19,0,0,0
round6_full_action_bc,v124,2026102201,1,opponent,120,720.0,1,0,6,19,0,0,0
round6_full_action_bc,v124,2026102201,1,opponent,144,851.0,1,0,6,19,0,0,0
round6_full_action_bc,v124,2026102201,1,opponent,168,885.0,2,0,8,29,0,0,0
round6_full_action_bc,v124,2026102201,1,opponent,192,748.0,2,0,10,37,0,0,0
round6_full_action_bc,v124,2026102201,1,opponent,216,1547.0,2,0,12,37,0,0,0
round6_full_action_bc,v124,2026102201,1,opponent,240,2624.0,2,0,13,37,0,0,0
round6_full_action_bc,v124,2026102201,1,opponent,264,16604.0,2,0,16,32,0,0,0
round6_full_action_bc,v124,2026102201,1,opponent,288,17156.0,3,0,17,53,0,0,0
round6_full_action_bc,v124,2026102201,1,opponent,312,20921.0,3,0,17,57,0,0,0
round6_full_action_bc,v124,2026102201,1,opponent,336,23133.0,3,0,17,57,0,0,0
round6_full_action_bc,v124,2026102201,1,opponent,360,27448.0,3,0,17,57,0,0,0
round6_full_action_bc,v124,2026102201,1,opponent,384,32030.0,3,0,17,57,0,10,1
round6_full_action_bc,v124,2026102201,1,opponent,408,38368.0,3,0,17,58,0,10,1
round6_full_action_bc,v124,2026102201,1,opponent,432,42357.0,3,0,17,58,0,10,1
round6_full_action_bc,v124,2026102201,1,opponent,456,45598.0,3,0,17,58,0,10,1
round6_full_action_bc,v124,2026102201,1,opponent,480,47536.0,3,0,17,58,0,10,1
round6_full_action_bc,v124,2026102201,1,opponent,504,49739.0,3,0,17,58,0,10,1
round6_full_action_bc,v124,2026102201,1,opponent,528,51906.0,3,0,17,57,1,10,1
round6_full_action_bc,v124,2026102201,1,opponent,552,52755.0,3,0,17,58,0,10,1
round6_full_action_bc,v124,2026102201,1,opponent,576,54603.0,3,0,17,58,0,10,1
round6_full_action_bc,v124,2026102201,1,opponent,600,55849.0,3,0,17,58,0,10,1
round6_full_action_bc,v124,2026102201,1,opponent,624,57867.0,3,0,17,58,0,10,1
round6_full_action_bc,v124,2026102201,1,opponent,648,59768.0,3,0,17,58,0,10,1
round6_full_action_bc,v124,2026102201,1,opponent,672,61989.0,3,0,17,46,0,10,1
round6_full_action_bc,v124,2026102201,1,opponent,696,65048.0,3,0,17,21,0,10,1
round6_full_action_bc,v124,2026102201,1,opponent,719,73289.0,3,11,17,0,0,10,1
round6_full_action_bc,v124,2026102202,0,learner,0,3000.0,1,0,0,0,0,0,0
round6_full_action_bc,v124,2026102202,0,learner,24,1209.0,1,0,2,0,0,580,16
round6_full_action_bc,v124,2026102202,0,learner,48,701.0,1,0,1,2,0,570,22
round6_full_action_bc,v124,2026102202,0,learner,72,49.0,1,0,1,9,1,320,18
round6_full_action_bc,v124,2026102202,0,learner,96,36.0,1,0,2,10,2,330,17
round6_full_action_bc,v124,2026102202,0,learner,120,3.0,1,0,0,17,2,170,8
round6_full_action_bc,v124,2026102202,0,learner,144,93.0,1,0,0,18,1,160,7
round6_full_action_bc,v124,2026102202,0,learner,168,50.0,1,0,0,14,5,60,6
round6_full_action_bc,v124,2026102202,0,learner,192,17.0,1,0,0,14,5,30,3
round6_full_action_bc,v124,2026102202,0,learner,216,153.0,1,0,0,12,7,170,4
round6_full_action_bc,v124,2026102202,0,learner,240,8.0,1,0,0,14,5,50,1
round6_full_action_bc,v124,2026102202,0,learner,264,1.0,1,0,0,13,5,160,8
round6_full_action_bc,v124,2026102202,0,learner,288,375.0,1,0,0,8,10,270,10
round6_full_action_bc,v124,2026102202,0,learner,312,0.0,1,0,0,13,3,180,9
round6_full_action_bc,v124,2026102202,0,learner,336,5.0,1,0,0,15,2,200,11
round6_full_action_bc,v124,2026102202,0,learner,360,1.0,1,0,0,10,7,190,10
round6_full_action_bc,v124,2026102202,0,learner,384,113.0,1,0,0,7,11,170,8
round6_full_action_bc,v124,2026102202,0,learner,408,5.0,1,0,0,16,2,0,0
round6_full_action_bc,v124,2026102202,0,learner,432,9.0,1,0,0,16,2,80,4
round6_full_action_bc,v124,2026102202,0,learner,456,8.0,1,0,0,17,2,0,0
round6_full_action_bc,v124,2026102202,0,learner,480,5.0,1,0,0,15,4,360,10
round6_full_action_bc,v124,2026102202,0,learner,504,303.0,1,0,0,17,2,410,16
round6_full_action_bc,v124,2026102202,0,learner,528,204.0,1,0,0,19,0,620,29
round6_full_action_bc,v124,2026102202,0,learner,552,396.0,1,0,0,19,0,890,44
round6_full_action_bc,v124,2026102202,0,learner,576,1142.0,1,0,0,19,0,1080,55
round6_full_action_bc,v124,2026102202,0,learner,600,1387.0,1,0,0,19,0,1260,65
round6_full_action_bc,v124,2026102202,0,learner,624,1167.0,1,0,0,19,0,1340,77
round6_full_action_bc,v124,2026102202,0,learner,648,1018.0,1,0,0,16,3,1400,83
round6_full_action_bc,v124,2026102202,0,learner,672,791.0,1,0,0,15,4,1340,91
round6_full_action_bc,v124,2026102202,0,learner,696,1106.0,1,0,0,14,5,1320,90
round6_full_action_bc,v124,2026102202,0,learner,719,1450.0,1,11,0,15,4,1380,92
round6_full_action_bc,v124,2026102202,0,opponent,0,3000.0,1,0,0,0,0,0,0
round6_full_action_bc,v124,2026102202,0,opponent,24,35.0,1,0,4,19,0,0,0
round6_full_action_bc,v124,2026102202,0,opponent,48,103.0,1,0,4,19,0,0,0
round6_full_action_bc,v124,2026102202,0,opponent,72,218.0,1,0,5,19,0,0,0
round6_full_action_bc,v124,2026102202,0,opponent,96,302.0,1,0,6,19,0,0,0
round6_full_action_bc,v124,2026102202,0,opponent,120,730.0,1,0,6,19,0,0,0
round6_full_action_bc,v124,2026102202,0,opponent,144,858.0,1,0,6,19,0,0,0
round6_full_action_bc,v124,2026102202,0,opponent,168,1295.0,2,0,8,29,0,0,0
round6_full_action_bc,v124,2026102202,0,opponent,192,763.0,2,0,10,37,0,0,0
round6_full_action_bc,v124,2026102202,0,opponent,216,1884.0,2,0,12,37,0,0,0
round6_full_action_bc,v124,2026102202,0,opponent,240,3124.0,2,0,13,37,0,0,0
round6_full_action_bc,v124,2026102202,0,opponent,264,18718.0,2,0,16,32,0,0,0
round6_full_action_bc,v124,2026102202,0,opponent,288,19391.0,3,0,17,53,0,0,0
round6_full_action_bc,v124,2026102202,0,opponent,312,23605.0,3,0,17,57,0,0,0
round6_full_action_bc,v124,2026102202,0,opponent,336,26660.0,3,0,17,57,0,0,0
round6_full_action_bc,v124,2026102202,0,opponent,360,32451.0,3,0,17,57,0,0,0
round6_full_action_bc,v124,2026102202,0,opponent,384,39333.0,3,0,17,57,0,10,1
round6_full_action_bc,v124,2026102202,0,opponent,408,47355.0,3,0,17,58,0,10,1
round6_full_action_bc,v124,2026102202,0,opponent,432,52042.0,3,0,17,58,0,10,1
round6_full_action_bc,v124,2026102202,0,opponent,456,59573.0,3,0,17,58,0,10,1
round6_full_action_bc,v124,2026102202,0,opponent,480,66983.0,3,0,17,58,0,10,1
round6_full_action_bc,v124,2026102202,0,opponent,504,75416.0,3,0,17,58,0,10,1
round6_full_action_bc,v124,2026102202,0,opponent,528,83850.0,3,0,17,57,1,10,1
round6_full_action_bc,v124,2026102202,0,opponent,552,92353.0,3,0,17,58,0,10,1
round6_full_action_bc,v124,2026102202,0,opponent,576,100393.0,3,0,17,58,0,200,12
round6_full_action_bc,v124,2026102202,0,opponent,600,107897.0,3,0,17,58,0,180,10
round6_full_action_bc,v124,2026102202,0,opponent,624,115998.0,3,0,17,58,0,180,10
round6_full_action_bc,v124,2026102202,0,opponent,648,123386.0,3,0,16,58,0,180,10
round6_full_action_bc,v124,2026102202,0,opponent,672,130068.0,3,0,16,45,0,210,13
round6_full_action_bc,v124,2026102202,0,opponent,696,141816.0,3,0,16,21,1,210,13
round6_full_action_bc,v124,2026102202,0,opponent,719,154683.0,3,11,16,0,1,210,13
round6_full_action_bc,v124,2026102202,1,learner,0,3000.0,1,0,0,0,0,0,0
round6_full_action_bc,v124,2026102202,1,learner,24,1209.0,1,0,2,0,0,580,16
round6_full_action_bc,v124,2026102202,1,learner,48,1144.0,1,0,1,5,0,350,14
round6_full_action_bc,v124,2026102202,1,learner,72,20.0,1,0,1,12,1,610,15
round6_full_action_bc,v124,2026102202,1,learner,96,111.0,1,0,2,17,0,190,10
round6_full_action_bc,v124,2026102202,1,learner,120,12.0,1,0,2,17,1,190,10
round6_full_action_bc,v124,2026102202,1,learner,144,246.0,1,0,2,17,1,70,7
round6_full_action_bc,v124,2026102202,1,learner,168,8.0,1,0,1,20,1,70,7
round6_full_action_bc,v124,2026102202,1,learner,192,44.0,1,0,1,14,7,120,8
round6_full_action_bc,v124,2026102202,1,learner,216,91.0,1,0,1,15,6,170,8
round6_full_action_bc,v124,2026102202,1,learner,240,183.0,1,0,1,16,5,70,7
round6_full_action_bc,v124,2026102202,1,learner,264,94.0,1,0,0,13,8,170,8
round6_full_action_bc,v124,2026102202,1,learner,288,6.0,1,0,0,14,7,150,6
round6_full_action_bc,v124,2026102202,1,learner,312,2.0,1,0,0,15,5,30,3
round6_full_action_bc,v124,2026102202,1,learner,336,1280.0,1,0,0,11,10,0,0
round6_full_action_bc,v124,2026102202,1,learner,360,73.0,1,0,0,12,8,900,13
round6_full_action_bc,v124,2026102202,1,learner,384,9.0,1,0,0,15,5,490,8
round6_full_action_bc,v124,2026102202,1,learner,408,2838.0,1,0,0,20,0,510,17
round6_full_action_bc,v124,2026102202,1,learner,432,2213.0,1,0,0,21,0,530,19
round6_full_action_bc,v124,2026102202,1,learner,456,2861.0,1,0,0,19,2,630,29
round6_full_action_bc,v124,2026102202,1,learner,480,2767.0,1,0,0,21,0,760,38
round6_full_action_bc,v124,2026102202,1,learner,504,3752.0,1,0,0,21,0,850,47
round6_full_action_bc,v124,2026102202,1,learner,528,4035.0,1,0,0,21,0,890,55
round6_full_action_bc,v124,2026102202,1,learner,552,4117.0,1,0,0,19,2,1010,67
round6_full_action_bc,v124,2026102202,1,learner,576,4541.0,1,0,0,19,2,1060,72
round6_full_action_bc,v124,2026102202,1,learner,600,4662.0,1,0,0,20,1,1150,81
round6_full_action_bc,v124,2026102202,1,learner,624,5025.0,1,0,0,20,1,1240,90
round6_full_action_bc,v124,2026102202,1,learner,648,4787.0,1,0,0,17,4,1310,97
round6_full_action_bc,v124,2026102202,1,learner,672,4611.0,1,0,0,19,2,1350,101
round6_full_action_bc,v124,2026102202,1,learner,696,4807.0,1,0,0,19,2,1400,106
round6_full_action_bc,v124,2026102202,1,learner,719,5903.0,1,13,0,18,3,1380,104
round6_full_action_bc,v124,2026102202,1,opponent,0,3000.0,1,0,0,0,0,0,0
round6_full_action_bc,v124,2026102202,1,opponent,24,35.0,1,0,4,19,0,0,0
round6_full_action_bc,v124,2026102202,1,opponent,48,98.0,1,0,4,19,0,0,0
round6_full_action_bc,v124,2026102202,1,opponent,72,213.0,1,0,5,19,0,0,0
round6_full_action_bc,v124,2026102202,1,opponent,96,300.0,1,0,6,19,0,0,0
round6_full_action_bc,v124,2026102202,1,opponent,120,720.0,1,0,6,19,0,0,0
round6_full_action_bc,v124,2026102202,1,opponent,144,851.0,1,0,6,19,0,0,0
round6_full_action_bc,v124,2026102202,1,opponent,168,1281.0,2,0,8,29,0,0,0
round6_full_action_bc,v124,2026102202,1,opponent,192,742.0,2,0,10,37,0,0,0
round6_full_action_bc,v124,2026102202,1,opponent,216,1788.0,2,0,12,37,0,0,0
round6_full_action_bc,v124,2026102202,1,opponent,240,2845.0,2,0,13,37,0,0,0
round6_full_action_bc,v124,2026102202,1,opponent,264,17175.0,2,0,16,32,0,0,0
round6_full_action_bc,v124,2026102202,1,opponent,288,18383.0,3,0,17,53,0,0,0
round6_full_action_bc,v124,2026102202,1,opponent,312,22739.0,3,0,17,57,0,0,0
round6_full_action_bc,v124,2026102202,1,opponent,336,25538.0,3,0,17,57,0,0,0
round6_full_action_bc,v124,2026102202,1,opponent,360,31178.0,3,0,17,57,0,0,0
round6_full_action_bc,v124,2026102202,1,opponent,384,39757.0,3,0,17,57,0,10,1
round6_full_action_bc,v124,2026102202,1,opponent,408,49160.0,3,0,17,58,0,10,1
round6_full_action_bc,v124,2026102202,1,opponent,432,54697.0,3,0,17,58,0,10,1
round6_full_action_bc,v124,2026102202,1,opponent,456,56171.0,4,0,17,68,0,10,1
round6_full_action_bc,v124,2026102202,1,opponent,480,61643.0,4,0,17,68,0,10,1
round6_full_action_bc,v124,2026102202,1,opponent,504,68570.0,4,0,17,68,0,10,1
round6_full_action_bc,v124,2026102202,1,opponent,528,77115.0,4,0,17,67,1,10,1
round6_full_action_bc,v124,2026102202,1,opponent,552,84235.0,4,0,17,68,0,10,1
round6_full_action_bc,v124,2026102202,1,opponent,576,90651.0,4,0,17,68,0,10,1
round6_full_action_bc,v124,2026102202,1,opponent,600,96184.0,4,0,17,68,0,10,1
round6_full_action_bc,v124,2026102202,1,opponent,624,102992.0,4,0,17,68,0,10,1
round6_full_action_bc,v124,2026102202,1,opponent,648,109493.0,4,0,17,68,0,10,1
round6_full_action_bc,v124,2026102202,1,opponent,672,121671.0,4,0,17,56,1,10,1
round6_full_action_bc,v124,2026102202,1,opponent,696,129613.0,4,0,17,31,2,10,1
round6_full_action_bc,v124,2026102202,1,opponent,719,148814.0,4,13,17,10,2,10,1
round6_full_action_bc,v124,2026102203,0,learner,0,3000.0,1,0,0,0,0,0,0
round6_full_action_bc,v124,2026102203,0,learner,24,1209.0,1,0,2,0,0,580,16
round6_full_action_bc,v124,2026102203,0,learner,48,701.0,1,0,1,2,0,570,22
round6_full_action_bc,v124,2026102203,0,learner,72,49.0,1,0,1,9,0,320,18
round6_full_action_bc,v124,2026102203,0,learner,96,36.0,1,0,2,10,2,330,17
round6_full_action_bc,v124,2026102203,0,learner,120,3.0,1,0,0,16,1,90,9
round6_full_action_bc,v124,2026102203,0,learner,144,128.0,1,0,0,14,3,90,9
round6_full_action_bc,v124,2026102203,0,learner,168,15.0,1,0,0,15,4,30,3
round6_full_action_bc,v124,2026102203,0,learner,192,63.0,1,0,0,15,4,120,3
round6_full_action_bc,v124,2026102203,0,learner,216,30.0,1,0,0,12,7,100,1
round6_full_action_bc,v124,2026102203,0,learner,240,0.0,1,0,0,10,7,0,0
round6_full_action_bc,v124,2026102203,0,learner,264,185.0,1,0,0,5,13,530,9
round6_full_action_bc,v124,2026102203,0,learner,288,2.0,1,0,0,9,8,310,9
round6_full_action_bc,v124,2026102203,0,learner,312,0.0,1,0,0,10,7,180,5
round6_full_action_bc,v124,2026102203,0,learner,336,65.0,1,0,0,6,11,310,9
round6_full_action_bc,v124,2026102203,0,learner,360,100.0,1,0,0,11,7,180,5
round6_full_action_bc,v124,2026102203,0,learner,384,7.0,1,0,0,13,5,190,10
round6_full_action_bc,v124,2026102203,0,learner,408,0.0,1,0,0,14,4,140,5
round6_full_action_bc,v124,2026102203,0,learner,432,6.0,1,0,0,17,2,220,4
round6_full_action_bc,v124,2026102203,0,learner,456,2.0,1,0,0,16,3,420,15
round6_full_action_bc,v124,2026102203,0,learner,480,0.0,1,0,0,6,13,410,14
round6_full_action_bc,v124,2026102203,0,learner,504,171.0,1,0,0,10,9,690,24
round6_full_action_bc,v124,2026102203,0,learner,528,8.0,1,0,0,14,5,650,20
round6_full_action_bc,v124,2026102203,0,learner,552,336.0,1,0,0,14,5,700,21
round6_full_action_bc,v124,2026102203,0,learner,576,6.0,1,0,0,13,6,760,30
round6_full_action_bc,v124,2026102203,0,learner,600,270.0,1,0,0,8,11,1190,57
round6_full_action_bc,v124,2026102203,0,learner,624,0.0,1,0,0,6,13,1900,95
round6_full_action_bc,v124,2026102203,0,learner,648,6.0,1,0,0,4,15,1880,94
round6_full_action_bc,v124,2026102203,0,learner,672,9.0,1,0,0,4,15,1860,93
round6_full_action_bc,v124,2026102203,0,learner,696,2.0,1,0,0,4,15,1820,91
round6_full_action_bc,v124,2026102203,0,learner,719,0.0,1,10,0,5,14,1810,90
round6_full_action_bc,v124,2026102203,0,opponent,0,3000.0,1,0,0,0,0,0,0
round6_full_action_bc,v124,2026102203,0,opponent,24,35.0,1,0,4,19,0,0,0
round6_full_action_bc,v124,2026102203,0,opponent,48,103.0,1,0,4,19,0,0,0
round6_full_action_bc,v124,2026102203,0,opponent,72,218.0,1,0,5,19,0,0,0
round6_full_action_bc,v124,2026102203,0,opponent,96,303.0,1,0,6,19,0,0,0
round6_full_action_bc,v124,2026102203,0,opponent,120,726.0,1,0,6,19,0,0,0
round6_full_action_bc,v124,2026102203,0,opponent,144,857.0,1,0,6,19,0,0,0
round6_full_action_bc,v124,2026102203,0,opponent,168,896.0,2,0,8,29,0,0,0
round6_full_action_bc,v124,2026102203,0,opponent,192,673.0,2,0,10,37,0,0,0
round6_full_action_bc,v124,2026102203,0,opponent,216,1567.0,2,0,12,37,0,0,0
round6_full_action_bc,v124,2026102203,0,opponent,240,2648.0,2,0,13,37,0,0,0
round6_full_action_bc,v124,2026102203,0,opponent,264,17654.0,2,0,16,32,0,0,0
round6_full_action_bc,v124,2026102203,0,opponent,288,17892.0,3,0,17,53,1,0,0
round6_full_action_bc,v124,2026102203,0,opponent,312,21679.0,3,0,17,57,0,0,0
round6_full_action_bc,v124,2026102203,0,opponent,336,23918.0,3,0,17,57,0,0,0
round6_full_action_bc,v124,2026102203,0,opponent,360,28031.0,3,0,17,57,0,0,0
round6_full_action_bc,v124,2026102203,0,opponent,384,33055.0,3,0,17,57,0,10,1
round6_full_action_bc,v124,2026102203,0,opponent,408,40990.0,3,0,17,58,0,10,1
round6_full_action_bc,v124,2026102203,0,opponent,432,46767.0,3,0,17,58,0,10,1
round6_full_action_bc,v124,2026102203,0,opponent,456,47626.0,4,0,17,68,0,10,1
round6_full_action_bc,v124,2026102203,0,opponent,480,52308.0,4,0,17,68,0,10,1
round6_full_action_bc,v124,2026102203,0,opponent,504,59918.0,4,0,17,68,2,10,1
round6_full_action_bc,v124,2026102203,0,opponent,528,69405.0,4,0,17,67,3,10,1
round6_full_action_bc,v124,2026102203,0,opponent,552,75380.0,4,0,17,68,2,10,1
round6_full_action_bc,v124,2026102203,0,opponent,576,82360.0,4,0,17,68,2,10,1
round6_full_action_bc,v124,2026102203,0,opponent,600,88639.0,4,0,17,68,2,10,1
round6_full_action_bc,v124,2026102203,0,opponent,624,91974.0,4,0,17,68,2,10,1
round6_full_action_bc,v124,2026102203,0,opponent,648,97277.0,4,0,17,68,2,10,1
round6_full_action_bc,v124,2026102203,0,opponent,672,110372.0,4,0,17,56,2,10,1
round6_full_action_bc,v124,2026102203,0,opponent,696,118793.0,4,0,17,31,2,10,1
round6_full_action_bc,v124,2026102203,0,opponent,719,136776.0,4,13,17,10,2,10,1
round6_full_action_bc,v124,2026102203,1,learner,0,3000.0,1,0,0,0,0,0,0
round6_full_action_bc,v124,2026102203,1,learner,24,1209.0,1,0,2,0,0,580,16
round6_full_action_bc,v124,2026102203,1,learner,48,1144.0,1,0,1,5,0,350,14
round6_full_action_bc,v124,2026102203,1,learner,72,20.0,1,0,1,12,0,610,15
round6_full_action_bc,v124,2026102203,1,learner,96,9.0,1,0,2,20,0,170,8
round6_full_action_bc,v124,2026102203,1,learner,120,129.0,1,0,1,20,1,70,7
round6_full_action_bc,v124,2026102203,1,learner,144,16.0,1,0,1,17,4,70,7
round6_full_action_bc,v124,2026102203,1,learner,168,98.0,1,0,1,13,8,50,5
round6_full_action_bc,v124,2026102203,1,learner,192,37.0,1,0,1,11,10,50,5
round6_full_action_bc,v124,2026102203,1,learner,216,95.0,1,0,1,11,10,40,4
round6_full_action_bc,v124,2026102203,1,learner,240,123.0,1,0,1,11,9,40,4
round6_full_action_bc,v124,2026102203,1,learner,264,21.0,1,0,1,13,8,30,3
round6_full_action_bc,v124,2026102203,1,learner,288,27.0,1,0,0,12,9,80,4
round6_full_action_bc,v124,2026102203,1,learner,312,7.0,1,0,0,12,7,0,0
round6_full_action_bc,v124,2026102203,1,learner,336,0.0,1,0,0,7,9,0,0
round6_full_action_bc,v124,2026102203,1,learner,360,138.0,1,0,0,15,4,490,8
round6_full_action_bc,v124,2026102203,1,learner,384,0.0,1,0,0,16,2,430,11
round6_full_action_bc,v124,2026102203,1,learner,408,7.0,2,0,0,20,1,640,17
round6_full_action_bc,v124,2026102203,1,learner,432,1337.0,2,0,0,20,2,1410,31
round6_full_action_bc,v124,2026102203,1,learner,456,1873.0,2,0,1,11,12,1400,39
round6_full_action_bc,v124,2026102203,1,learner,480,1614.0,2,0,1,8,16,1370,45
round6_full_action_bc,v124,2026102203,1,learner,504,1892.0,2,0,1,6,18,1450,53
round6_full_action_bc,v124,2026102203,1,learner,528,1834.0,2,0,1,5,19,1410,58
round6_full_action_bc,v124,2026102203,1,learner,552,2040.0,2,0,1,3,21,1480,65
round6_full_action_bc,v124,2026102203,1,learner,576,2267.0,2,0,1,1,23,1490,66
round6_full_action_bc,v124,2026102203,1,learner,600,2519.0,2,0,1,1,23,1520,69
round6_full_action_bc,v124,2026102203,1,learner,624,2607.0,2,0,0,0,24,1530,70
round6_full_action_bc,v124,2026102203,1,learner,648,1518.0,2,0,1,0,24,2440,89
round6_full_action_bc,v124,2026102203,1,learner,672,427.0,2,0,0,1,23,2710,98
round6_full_action_bc,v124,2026102203,1,learner,696,128.0,2,0,1,1,23,2960,114
round6_full_action_bc,v124,2026102203,1,learner,719,42.0,2,9,3,0,23,3040,122
round6_full_action_bc,v124,2026102203,1,opponent,0,3000.0,1,0,0,0,0,0,0
round6_full_action_bc,v124,2026102203,1,opponent,24,35.0,1,0,4,19,0,0,0
round6_full_action_bc,v124,2026102203,1,opponent,48,98.0,1,0,4,19,0,0,0
round6_full_action_bc,v124,2026102203,1,opponent,72,213.0,1,0,5,19,0,0,0
round6_full_action_bc,v124,2026102203,1,opponent,96,300.0,1,0,6,19,0,0,0
round6_full_action_bc,v124,2026102203,1,opponent,120,721.0,1,0,6,19,0,0,0
round6_full_action_bc,v124,2026102203,1,opponent,144,852.0,1,0,6,19,0,0,0
round6_full_action_bc,v124,2026102203,1,opponent,168,821.0,2,0,8,29,0,0,0
round6_full_action_bc,v124,2026102203,1,opponent,192,681.0,2,0,10,37,0,0,0
round6_full_action_bc,v124,2026102203,1,opponent,216,1844.0,2,0,12,37,0,0,0
round6_full_action_bc,v124,2026102203,1,opponent,240,2904.0,2,0,13,37,0,0,0
round6_full_action_bc,v124,2026102203,1,opponent,264,18720.0,2,0,16,32,0,0,0
round6_full_action_bc,v124,2026102203,1,opponent,288,19419.0,3,0,17,53,1,0,0
round6_full_action_bc,v124,2026102203,1,opponent,312,23764.0,3,0,17,57,0,0,0
round6_full_action_bc,v124,2026102203,1,opponent,336,26645.0,3,0,17,57,0,0,0
round6_full_action_bc,v124,2026102203,1,opponent,360,32431.0,3,0,17,57,0,0,0
round6_full_action_bc,v124,2026102203,1,opponent,384,41252.0,3,0,17,57,0,10,1
round6_full_action_bc,v124,2026102203,1,opponent,408,51378.0,3,0,17,58,0,10,1
round6_full_action_bc,v124,2026102203,1,opponent,432,57580.0,3,0,17,58,0,10,1
round6_full_action_bc,v124,2026102203,1,opponent,456,59972.0,4,0,17,68,0,10,1
round6_full_action_bc,v124,2026102203,1,opponent,480,66357.0,4,0,17,68,0,10,1
round6_full_action_bc,v124,2026102203,1,opponent,504,74972.0,4,0,17,68,2,10,1
round6_full_action_bc,v124,2026102203,1,opponent,528,85810.0,4,0,17,67,3,10,1
round6_full_action_bc,v124,2026102203,1,opponent,552,95354.0,4,0,17,68,2,10,1
round6_full_action_bc,v124,2026102203,1,opponent,576,104335.0,4,0,17,68,2,10,1
round6_full_action_bc,v124,2026102203,1,opponent,600,112192.0,4,0,17,68,2,10,1
round6_full_action_bc,v124,2026102203,1,opponent,624,120632.0,4,0,17,68,2,10,1
round6_full_action_bc,v124,2026102203,1,opponent,648,130826.0,4,0,17,68,2,10,1
round6_full_action_bc,v124,2026102203,1,opponent,672,148865.0,4,0,17,56,2,10,1
round6_full_action_bc,v124,2026102203,1,opponent,696,159883.0,4,0,17,31,2,10,1
round6_full_action_bc,v124,2026102203,1,opponent,719,184983.0,4,13,17,10,2,10,1
round6_full_action_bc,v124,2026102204,0,learner,0,3000.0,1,0,0,0,0,0,0
round6_full_action_bc,v124,2026102204,0,learner,24,1209.0,1,0,2,0,0,580,16
round6_full_action_bc,v124,2026102204,0,learner,48,701.0,1,0,1,2,0,570,22
round6_full_action_bc,v124,2026102204,0,learner,72,49.0,1,0,1,9,0,320,18
round6_full_action_bc,v124,2026102204,0,learner,96,36.0,1,0,2,10,1,330,17
round6_full_action_bc,v124,2026102204,0,learner,120,3.0,1,0,0,15,1,200,11
round6_full_action_bc,v124,2026102204,0,learner,144,56.0,1,0,0,17,1,190,10
round6_full_action_bc,v124,2026102204,0,learner,168,23.0,1,0,0,12,6,160,7
round6_full_action_bc,v124,2026102204,0,learner,192,3.0,1,0,0,12,7,130,4
round6_full_action_bc,v124,2026102204,0,learner,216,171.0,1,0,0,9,10,120,3
round6_full_action_bc,v124,2026102204,0,learner,240,16.0,1,0,0,9,10,120,3
round6_full_action_bc,v124,2026102204,0,learner,264,4.0,1,0,0,8,11,100,1
round6_full_action_bc,v124,2026102204,0,learner,288,70.0,1,0,0,7,12,220,4
round6_full_action_bc,v124,2026102204,0,learner,312,35.0,1,0,0,4,12,320,5
round6_full_action_bc,v124,2026102204,0,learner,336,5.0,1,0,0,10,7,110,2
round6_full_action_bc,v124,2026102204,0,learner,360,1.0,1,0,0,9,8,310,4
round6_full_action_bc,v124,2026102204,0,learner,384,0.0,1,0,0,8,9,250,7
round6_full_action_bc,v124,2026102204,0,learner,408,9.0,1,0,0,9,9,290,11
round6_full_action_bc,v124,2026102204,0,learner,432,2.0,1,0,0,11,7,180,9
round6_full_action_bc,v124,2026102204,0,learner,456,0.0,1,0,0,10,8,170,8
round6_full_action_bc,v124,2026102204,0,learner,480,0.0,1,0,0,12,6,150,6
round6_full_action_bc,v124,2026102204,0,learner,504,1.0,1,0,0,14,4,160,7
round6_full_action_bc,v124,2026102204,0,learner,528,1.0,1,0,0,14,4,130,4
round6_full_action_bc,v124,2026102204,0,learner,552,1.0,1,0,0,14,4,0,0
round6_full_action_bc,v124,2026102204,0,learner,576,3.0,1,0,0,14,3,240,6
round6_full_action_bc,v124,2026102204,0,learner,600,1.0,1,0,0,16,2,200,2
round6_full_action_bc,v124,2026102204,0,learner,624,8.0,1,0,0,16,2,250,7
round6_full_action_bc,v124,2026102204,0,learner,648,1.0,1,0,0,16,2,230,5
round6_full_action_bc,v124,2026102204,0,learner,672,35.0,1,0,0,15,3,260,8
round6_full_action_bc,v124,2026102204,0,learner,696,4976.0,1,0,0,15,3,280,10
round6_full_action_bc,v124,2026102204,0,learner,719,4088.0,1,14,0,13,4,300,12
round6_full_action_bc,v124,2026102204,0,opponent,0,3000.0,1,0,0,0,0,0,0
round6_full_action_bc,v124,2026102204,0,opponent,24,35.0,1,0,4,19,0,0,0
round6_full_action_bc,v124,2026102204,0,opponent,48,103.0,1,0,4,19,0,0,0
round6_full_action_bc,v124,2026102204,0,opponent,72,218.0,1,0,5,19,0,0,0
round6_full_action_bc,v124,2026102204,0,opponent,96,303.0,1,0,6,19,0,0,0
round6_full_action_bc,v124,2026102204,0,opponent,120,726.0,1,0,6,19,0,0,0
round6_full_action_bc,v124,2026102204,0,opponent,144,857.0,1,0,6,19,0,0,0
round6_full_action_bc,v124,2026102204,0,opponent,168,898.0,2,0,8,29,0,0,0
round6_full_action_bc,v124,2026102204,0,opponent,192,675.0,2,0,10,37,0,0,0
round6_full_action_bc,v124,2026102204,0,opponent,216,1568.0,2,0,12,37,0,0,0
round6_full_action_bc,v124,2026102204,0,opponent,240,2650.0,2,0,13,37,0,0,0
round6_full_action_bc,v124,2026102204,0,opponent,264,16918.0,2,0,16,32,0,0,0
round6_full_action_bc,v124,2026102204,0,opponent,288,17773.0,3,0,17,53,0,0,0
round6_full_action_bc,v124,2026102204,0,opponent,312,21922.0,3,0,17,57,0,0,0
round6_full_action_bc,v124,2026102204,0,opponent,336,24642.0,3,0,17,57,0,0,0
round6_full_action_bc,v124,2026102204,0,opponent,360,30165.0,3,0,17,57,0,0,0
round6_full_action_bc,v124,2026102204,0,opponent,384,38470.0,3,0,17,57,0,10,1
round6_full_action_bc,v124,2026102204,0,opponent,408,48106.0,3,0,17,58,0,10,1
round6_full_action_bc,v124,2026102204,0,opponent,432,54102.0,3,0,17,58,0,10,1
round6_full_action_bc,v124,2026102204,0,opponent,456,61089.0,3,0,17,58,0,10,1
round6_full_action_bc,v124,2026102204,0,opponent,480,67345.0,3,0,17,58,0,10,1
round6_full_action_bc,v124,2026102204,0,opponent,504,75275.0,3,0,17,58,0,10,1
round6_full_action_bc,v124,2026102204,0,opponent,528,85857.0,3,0,17,57,1,10,1
round6_full_action_bc,v124,2026102204,0,opponent,552,94806.0,3,0,17,58,0,10,1
round6_full_action_bc,v124,2026102204,0,opponent,576,103966.0,3,0,17,58,0,10,1
round6_full_action_bc,v124,2026102204,0,opponent,600,112579.0,3,0,17,58,0,10,1
round6_full_action_bc,v124,2026102204,0,opponent,624,119815.0,3,0,17,58,0,10,1
round6_full_action_bc,v124,2026102204,0,opponent,648,124453.0,3,0,17,58,0,10,1
round6_full_action_bc,v124,2026102204,0,opponent,672,137763.0,3,0,17,46,0,10,1
round6_full_action_bc,v124,2026102204,0,opponent,696,142635.0,3,0,17,21,0,10,1
round6_full_action_bc,v124,2026102204,0,opponent,719,161357.0,3,11,17,0,0,10,1
round6_full_action_bc,v124,2026102204,1,learner,0,3000.0,1,0,0,0,0,0,0
round6_full_action_bc,v124,2026102204,1,learner,24,1209.0,1,0,2,0,0,580,16
round6_full_action_bc,v124,2026102204,1,learner,48,1144.0,1,0,1,5,0,350,14
round6_full_action_bc,v124,2026102204,1,learner,72,20.0,1,0,1,12,0,610,15
round6_full_action_bc,v124,2026102204,1,learner,96,9.0,1,0,2,20,0,170,8
round6_full_action_bc,v124,2026102204,1,learner,120,129.0,1,0,1,20,1,70,7
round6_full_action_bc,v124,2026102204,1,learner,144,16.0,1,0,1,17,4,70,7
round6_full_action_bc,v124,2026102204,1,learner,168,98.0,1,0,1,13,8,50,5
round6_full_action_bc,v124,2026102204,1,learner,192,37.0,1,0,1,11,10,50,5
round6_full_action_bc,v124,2026102204,1,learner,216,95.0,1,0,1,11,10,40,4
round6_full_action_bc,v124,2026102204,1,learner,240,123.0,1,0,1,11,10,40,4
round6_full_action_bc,v124,2026102204,1,learner,264,11.0,1,0,1,12,9,40,4
round6_full_action_bc,v124,2026102204,1,learner,288,42.0,1,0,0,12,9,40,4
round6_full_action_bc,v124,2026102204,1,learner,312,9.0,1,0,0,12,9,0,0
round6_full_action_bc,v124,2026102204,1,learner,336,2.0,1,0,0,10,6,0,0
round6_full_action_bc,v124,2026102204,1,learner,360,8.0,1,0,0,16,1,400,4
round6_full_action_bc,v124,2026102204,1,learner,384,875.0,3,0,0,29,2,210,3
round6_full_action_bc,v124,2026102204,1,learner,408,31.0,3,0,1,34,4,360,9
round6_full_action_bc,v124,2026102204,1,learner,432,235.0,3,0,1,41,8,220,9
round6_full_action_bc,v124,2026102204,1,learner,456,168.0,3,0,1,42,10,220,9
round6_full_action_bc,v124,2026102204,1,learner,480,235.0,3,0,1,42,14,320,10
round6_full_action_bc,v124,2026102204,1,learner,504,648.0,3,0,1,42,18,300,12
round6_full_action_bc,v124,2026102204,1,learner,528,1045.0,3,0,1,42,20,350,17
round6_full_action_bc,v124,2026102204,1,learner,552,2616.0,3,0,1,30,33,470,20
round6_full_action_bc,v124,2026102204,1,learner,576,3172.0,3,0,1,26,37,510,24
round6_full_action_bc,v124,2026102204,1,learner,600,3780.0,3,0,1,31,32,510,24
round6_full_action_bc,v124,2026102204,1,learner,624,4210.0,3,0,1,33,30,510,24
round6_full_action_bc,v124,2026102204,1,learner,648,5305.0,3,0,0,40,24,550,26
round6_full_action_bc,v124,2026102204,1,learner,672,5746.0,3,0,1,36,29,650,31
round6_full_action_bc,v124,2026102204,1,learner,696,5094.0,3,0,1,36,28,590,27
round6_full_action_bc,v124,2026102204,1,learner,719,6530.0,3,15,1,37,28,440,14
round6_full_action_bc,v124,2026102204,1,opponent,0,3000.0,1,0,0,0,0,0,0
round6_full_action_bc,v124,2026102204,1,opponent,24,35.0,1,0,4,19,0,0,0
round6_full_action_bc,v124,2026102204,1,opponent,48,98.0,1,0,4,19,0,0,0
round6_full_action_bc,v124,2026102204,1,opponent,72,213.0,1,0,5,19,0,0,0
round6_full_action_bc,v124,2026102204,1,opponent,96,300.0,1,0,6,19,0,0,0
round6_full_action_bc,v124,2026102204,1,opponent,120,721.0,1,0,6,19,0,0,0
round6_full_action_bc,v124,2026102204,1,opponent,144,852.0,1,0,6,19,0,0,0
round6_full_action_bc,v124,2026102204,1,opponent,168,821.0,2,0,8,29,0,0,0
round6_full_action_bc,v124,2026102204,1,opponent,192,681.0,2,0,10,37,0,0,0
round6_full_action_bc,v124,2026102204,1,opponent,216,1844.0,2,0,12,37,0,0,0
round6_full_action_bc,v124,2026102204,1,opponent,240,2904.0,2,0,13,37,0,0,0
round6_full_action_bc,v124,2026102204,1,opponent,264,18805.0,2,0,16,32,0,0,0
round6_full_action_bc,v124,2026102204,1,opponent,288,19560.0,3,0,17,53,0,0,0
round6_full_action_bc,v124,2026102204,1,opponent,312,23982.0,3,0,17,57,0,0,0
round6_full_action_bc,v124,2026102204,1,opponent,336,26952.0,3,0,17,57,0,0,0
round6_full_action_bc,v124,2026102204,1,opponent,360,32950.0,3,0,17,57,0,0,0
round6_full_action_bc,v124,2026102204,1,opponent,384,42324.0,3,0,17,57,0,10,1
round6_full_action_bc,v124,2026102204,1,opponent,408,52833.0,3,0,17,58,0,10,1
round6_full_action_bc,v124,2026102204,1,opponent,432,59200.0,3,0,17,58,0,10,1
round6_full_action_bc,v124,2026102204,1,opponent,456,66776.0,3,0,17,58,0,10,1
round6_full_action_bc,v124,2026102204,1,opponent,480,73621.0,3,0,17,58,0,10,1
round6_full_action_bc,v124,2026102204,1,opponent,504,82084.0,3,0,17,58,0,10,1
round6_full_action_bc,v124,2026102204,1,opponent,528,93262.0,3,0,17,57,1,10,1
round6_full_action_bc,v124,2026102204,1,opponent,552,102812.0,3,0,17,58,0,10,1
round6_full_action_bc,v124,2026102204,1,opponent,576,112335.0,3,0,17,58,0,10,1
round6_full_action_bc,v124,2026102204,1,opponent,600,121495.0,3,0,17,58,0,10,1
round6_full_action_bc,v124,2026102204,1,opponent,624,129554.0,3,0,17,58,0,10,1
round6_full_action_bc,v124,2026102204,1,opponent,648,134919.0,3,0,17,58,0,10,1
round6_full_action_bc,v124,2026102204,1,opponent,672,149057.0,3,0,17,46,0,10,1
round6_full_action_bc,v124,2026102204,1,opponent,696,155108.0,3,0,17,21,0,10,1
round6_full_action_bc,v124,2026102204,1,opponent,719,175306.0,3,11,17,0,0,10,1
round6_full_action_bc,v124,2026102205,0,learner,0,3000.0,1,0,0,0,0,0,0
round6_full_action_bc,v124,2026102205,0,learner,24,1209.0,1,0,2,0,0,580,16
round6_full_action_bc,v124,2026102205,0,learner,48,701.0,1,0,1,2,0,570,22
round6_full_action_bc,v124,2026102205,0,learner,72,49.0,1,0,1,9,0,320,18
round6_full_action_bc,v124,2026102205,0,learner,96,36.0,1,0,2,10,1,330,17
round6_full_action_bc,v124,2026102205,0,learner,120,3.0,1,0,0,14,1,110,11
round6_full_action_bc,v124,2026102205,0,learner,144,24.0,1,0,0,17,1,180,9
round6_full_action_bc,v124,2026102205,0,learner,168,4.0,1,0,0,15,4,80,8
round6_full_action_bc,v124,2026102205,0,learner,192,0.0,1,0,0,15,4,60,6
round6_full_action_bc,v124,2026102205,0,learner,216,232.0,1,0,0,7,12,150,6
round6_full_action_bc,v124,2026102205,0,learner,240,47.0,1,0,0,7,12,170,8
round6_full_action_bc,v124,2026102205,0,learner,264,29.0,1,0,0,8,11,320,14
round6_full_action_bc,v124,2026102205,0,learner,288,7.0,1,0,0,9,8,320,14
round6_full_action_bc,v124,2026102205,0,learner,312,0.0,1,0,0,9,8,300,12
round6_full_action_bc,v124,2026102205,0,learner,336,412.0,1,0,0,8,9,390,12
round6_full_action_bc,v124,2026102205,0,learner,360,55.0,1,0,0,5,12,580,13
round6_full_action_bc,v124,2026102205,0,learner,384,72.0,1,0,0,12,6,370,10
round6_full_action_bc,v124,2026102205,0,learner,408,8.0,1,0,0,14,5,240,6
round6_full_action_bc,v124,2026102205,0,learner,432,4.0,1,0,0,13,6,310,13
round6_full_action_bc,v124,2026102205,0,learner,456,5.0,1,0,0,14,5,400,13
round6_full_action_bc,v124,2026102205,0,learner,480,7.0,1,0,0,17,2,360,9
round6_full_action_bc,v124,2026102205,0,learner,504,3.0,1,0,0,17,2,350,8
round6_full_action_bc,v124,2026102205,0,learner,528,110.0,1,0,0,15,4,510,15
round6_full_action_bc,v124,2026102205,0,learner,552,3.0,1,0,0,18,1,430,16
round6_full_action_bc,v124,2026102205,0,learner,576,18.0,1,0,0,18,1,990,31
round6_full_action_bc,v124,2026102205,0,learner,600,8.0,1,0,0,14,5,1000,37
round6_full_action_bc,v124,2026102205,0,learner,624,40.0,1,0,0,9,10,1350,54
round6_full_action_bc,v124,2026102205,0,learner,648,388.0,1,0,0,10,9,1500,65
round6_full_action_bc,v124,2026102205,0,learner,672,2.0,1,0,0,14,5,1460,70
round6_full_action_bc,v124,2026102205,0,learner,696,3.0,1,0,0,13,4,1720,78
round6_full_action_bc,v124,2026102205,0,learner,719,138.0,1,10,0,12,4,1640,79
round6_full_action_bc,v124,2026102205,0,opponent,0,3000.0,1,0,0,0,0,0,0
round6_full_action_bc,v124,2026102205,0,opponent,24,35.0,1,0,4,19,0,0,0
round6_full_action_bc,v124,2026102205,0,opponent,48,103.0,1,0,4,19,0,0,0
round6_full_action_bc,v124,2026102205,0,opponent,72,218.0,1,0,5,19,0,0,0
round6_full_action_bc,v124,2026102205,0,opponent,96,303.0,1,0,6,19,0,0,0
round6_full_action_bc,v124,2026102205,0,opponent,120,726.0,1,0,6,19,0,0,0
round6_full_action_bc,v124,2026102205,0,opponent,144,856.0,1,0,6,19,0,0,0
round6_full_action_bc,v124,2026102205,0,opponent,168,1294.0,2,0,8,29,0,0,0
round6_full_action_bc,v124,2026102205,0,opponent,192,762.0,2,0,10,37,0,0,0
round6_full_action_bc,v124,2026102205,0,opponent,216,1826.0,2,0,12,37,0,0,0
round6_full_action_bc,v124,2026102205,0,opponent,240,2911.0,2,0,13,37,0,0,0
round6_full_action_bc,v124,2026102205,0,opponent,264,18573.0,2,0,16,32,0,0,0
round6_full_action_bc,v124,2026102205,0,opponent,288,19210.0,3,0,17,53,0,0,0
round6_full_action_bc,v124,2026102205,0,opponent,312,23476.0,3,0,17,57,0,0,0
round6_full_action_bc,v124,2026102205,0,opponent,336,26251.0,3,0,17,57,0,0,0
round6_full_action_bc,v124,2026102205,0,opponent,360,31604.0,3,0,17,57,0,0,0
round6_full_action_bc,v124,2026102205,0,opponent,384,39598.0,3,0,17,57,0,10,1
round6_full_action_bc,v124,2026102205,0,opponent,408,49187.0,3,0,17,58,0,10,1
round6_full_action_bc,v124,2026102205,0,opponent,432,55166.0,3,0,17,58,0,10,1
round6_full_action_bc,v124,2026102205,0,opponent,456,62099.0,3,0,17,58,0,10,1
round6_full_action_bc,v124,2026102205,0,opponent,480,68258.0,3,0,17,58,0,10,1
round6_full_action_bc,v124,2026102205,0,opponent,504,76244.0,3,0,17,58,0,10,1
round6_full_action_bc,v124,2026102205,0,opponent,528,86827.0,3,0,17,57,1,10,1
round6_full_action_bc,v124,2026102205,0,opponent,552,95573.0,3,0,17,58,0,10,1
round6_full_action_bc,v124,2026102205,0,opponent,576,104639.0,3,0,17,58,0,10,1
round6_full_action_bc,v124,2026102205,0,opponent,600,113118.0,3,0,17,58,0,10,1
round6_full_action_bc,v124,2026102205,0,opponent,624,119865.0,3,0,17,58,0,10,1
round6_full_action_bc,v124,2026102205,0,opponent,648,124112.0,3,0,17,58,0,10,1
round6_full_action_bc,v124,2026102205,0,opponent,672,136921.0,3,0,17,46,0,10,1
round6_full_action_bc,v124,2026102205,0,opponent,696,141559.0,3,0,17,21,1,10,1
round6_full_action_bc,v124,2026102205,0,opponent,719,159018.0,3,11,17,0,1,10,1
round6_full_action_bc,v124,2026102205,1,learner,0,3000.0,1,0,0,0,0,0,0
round6_full_action_bc,v124,2026102205,1,learner,24,1209.0,1,0,2,0,0,580,16
round6_full_action_bc,v124,2026102205,1,learner,48,1144.0,1,0,1,5,0,350,14
round6_full_action_bc,v124,2026102205,1,learner,72,20.0,1,0,1,12,0,610,15
round6_full_action_bc,v124,2026102205,1,learner,96,105.0,1,0,2,20,0,160,7
round6_full_action_bc,v124,2026102205,1,learner,120,8.0,1,0,2,21,0,160,7
round6_full_action_bc,v124,2026102205,1,learner,144,92.0,1,0,2,18,3,60,6
round6_full_action_bc,v124,2026102205,1,learner,168,32.0,1,0,1,14,6,60,6
round6_full_action_bc,v124,2026102205,1,learner,192,5.0,1,0,1,13,8,60,6
round6_full_action_bc,v124,2026102205,1,learner,216,45.0,1,0,1,12,8,110,7
round6_full_action_bc,v124,2026102205,1,learner,240,108.0,1,0,1,12,8,250,8
round6_full_action_bc,v124,2026102205,1,learner,264,121.0,1,0,0,13,6,150,6
round6_full_action_bc,v124,2026102205,1,learner,288,7.0,1,0,0,17,3,130,4
round6_full_action_bc,v124,2026102205,1,learner,312,0.0,1,0,0,15,3,110,2
round6_full_action_bc,v124,2026102205,1,learner,336,304.0,2,0,0,19,3,300,12
round6_full_action_bc,v124,2026102205,1,learner,360,89.0,2,0,1,18,6,190,10
round6_full_action_bc,v124,2026102205,1,learner,384,991.0,2,0,1,23,3,480,17
round6_full_action_bc,v124,2026102205,1,learner,408,2217.0,2,0,1,29,1,320,14
round6_full_action_bc,v124,2026102205,1,learner,432,2031.0,2,0,1,31,1,860,49
round6_full_action_bc,v124,2026102205,1,learner,456,1049.0,2,0,1,30,5,1520,84
round6_full_action_bc,v124,2026102205,1,learner,480,826.0,2,0,1,21,15,1910,108
round6_full_action_bc,v124,2026102205,1,learner,504,822.0,2,0,1,8,26,2170,125
round6_full_action_bc,v124,2026102205,1,learner,528,1015.0,2,0,1,10,28,2180,131
round6_full_action_bc,v124,2026102205,1,learner,552,1102.0,2,0,1,6,32,2290,143
round6_full_action_bc,v124,2026102205,1,learner,576,1193.0,2,0,1,3,35,2370,153
round6_full_action_bc,v124,2026102205,1,learner,600,1382.0,2,0,1,6,32,2410,161
round6_full_action_bc,v124,2026102205,1,learner,624,777.0,2,0,1,9,31,3030,197
round6_full_action_bc,v124,2026102205,1,learner,648,301.0,2,0,1,12,28,3700,234
round6_full_action_bc,v124,2026102205,1,learner,672,261.0,2,0,1,9,31,4100,257
round6_full_action_bc,v124,2026102205,1,learner,696,5.0,2,0,1,6,34,4350,274
round6_full_action_bc,v124,2026102205,1,learner,719,492.0,2,6,1,8,32,4290,271
round6_full_action_bc,v124,2026102205,1,opponent,0,3000.0,1,0,0,0,0,0,0
round6_full_action_bc,v124,2026102205,1,opponent,24,35.0,1,0,4,19,0,0,0
round6_full_action_bc,v124,2026102205,1,opponent,48,98.0,1,0,4,19,0,0,0
round6_full_action_bc,v124,2026102205,1,opponent,72,213.0,1,0,5,19,0,0,0
round6_full_action_bc,v124,2026102205,1,opponent,96,298.0,1,0,6,19,0,0,0
round6_full_action_bc,v124,2026102205,1,opponent,120,723.0,1,0,6,19,0,0,0
round6_full_action_bc,v124,2026102205,1,opponent,144,852.0,1,0,6,19,0,0,0
round6_full_action_bc,v124,2026102205,1,opponent,168,1117.0,2,0,8,29,0,0,0
round6_full_action_bc,v124,2026102205,1,opponent,192,735.0,2,0,10,36,1,0,0
round6_full_action_bc,v124,2026102205,1,opponent,216,1544.0,2,0,12,36,1,30,3
round6_full_action_bc,v124,2026102205,1,opponent,240,2619.0,2,0,13,37,0,150,6
round6_full_action_bc,v124,2026102205,1,opponent,264,17024.0,2,0,16,28,1,110,2
round6_full_action_bc,v124,2026102205,1,opponent,288,16747.0,3,0,17,49,1,110,2
round6_full_action_bc,v124,2026102205,1,opponent,312,20133.0,3,0,17,53,1,110,2
round6_full_action_bc,v124,2026102205,1,opponent,336,23356.0,3,0,17,56,1,110,2
round6_full_action_bc,v124,2026102205,1,opponent,360,26551.0,3,0,17,56,1,110,2
round6_full_action_bc,v124,2026102205,1,opponent,384,36006.0,3,0,17,56,2,110,2
round6_full_action_bc,v124,2026102205,1,opponent,408,41967.0,3,0,17,57,1,110,2
round6_full_action_bc,v124,2026102205,1,opponent,432,51481.0,3,0,17,57,1,110,2
round6_full_action_bc,v124,2026102205,1,opponent,456,58883.0,3,0,17,57,1,110,2
round6_full_action_bc,v124,2026102205,1,opponent,480,65239.0,3,0,17,57,1,110,2
round6_full_action_bc,v124,2026102205,1,opponent,504,73156.0,3,0,17,57,1,110,2
round6_full_action_bc,v124,2026102205,1,opponent,528,80780.0,3,0,17,56,2,110,2
round6_full_action_bc,v124,2026102205,1,opponent,552,84447.0,3,0,17,57,1,110,2
round6_full_action_bc,v124,2026102205,1,opponent,576,90899.0,3,0,17,57,1,110,2
round6_full_action_bc,v124,2026102205,1,opponent,600,94281.0,3,0,17,58,0,110,2
round6_full_action_bc,v124,2026102205,1,opponent,624,103552.0,3,0,17,58,0,110,2
round6_full_action_bc,v124,2026102205,1,opponent,648,109218.0,3,0,17,58,0,110,2
round6_full_action_bc,v124,2026102205,1,opponent,672,114768.0,3,0,17,46,0,110,2
round6_full_action_bc,v124,2026102205,1,opponent,696,120697.0,3,0,17,21,1,110,2
round6_full_action_bc,v124,2026102205,1,opponent,719,134014.0,3,11,17,0,1,110,2
round6_full_action_bc,v124,2026102206,0,learner,0,3000.0,1,0,0,0,0,0,0
round6_full_action_bc,v124,2026102206,0,learner,24,1209.0,1,0,2,0,0,580,16
round6_full_action_bc,v124,2026102206,0,learner,48,701.0,1,0,1,2,0,570,22
round6_full_action_bc,v124,2026102206,0,learner,72,49.0,1,0,1,9,1,320,18
round6_full_action_bc,v124,2026102206,0,learner,96,36.0,1,0,2,10,2,330,17
round6_full_action_bc,v124,2026102206,0,learner,120,3.0,1,0,0,16,3,180,9
round6_full_action_bc,v124,2026102206,0,learner,144,93.0,1,0,0,16,3,270,9
round6_full_action_bc,v124,2026102206,0,learner,168,60.0,1,0,0,13,5,160,7
round6_full_action_bc,v124,2026102206,0,learner,192,27.0,1,0,0,13,5,120,3
round6_full_action_bc,v124,2026102206,0,learner,216,71.0,1,0,0,11,7,110,2
round6_full_action_bc,v124,2026102206,0,learner,240,17.0,1,0,0,11,7,100,1
round6_full_action_bc,v124,2026102206,0,learner,264,1.0,1,0,0,10,5,130,5
round6_full_action_bc,v124,2026102206,0,learner,288,166.0,1,0,0,8,8,440,9
round6_full_action_bc,v124,2026102206,0,learner,312,5.0,1,0,0,13,6,160,3
round6_full_action_bc,v124,2026102206,0,learner,336,46.0,1,0,0,12,6,300,8
round6_full_action_bc,v124,2026102206,0,learner,360,3.0,1,0,0,14,4,80,4
round6_full_action_bc,v124,2026102206,0,learner,384,81.0,1,0,0,14,4,1260,18
round6_full_action_bc,v124,2026102206,0,learner,408,7.0,1,0,0,16,2,980,17
round6_full_action_bc,v124,2026102206,0,learner,432,8.0,2,0,0,26,2,200,9
round6_full_action_bc,v124,2026102206,0,learner,456,9.0,2,0,0,27,5,320,12
round6_full_action_bc,v124,2026102206,0,learner,480,336.0,2,0,0,28,4,470,14
round6_full_action_bc,v124,2026102206,0,learner,504,40.0,2,0,0,32,2,640,22
round6_full_action_bc,v124,2026102206,0,learner,528,8.0,2,0,0,32,3,760,25
round6_full_action_bc,v124,2026102206,0,learner,552,95.0,2,0,0,28,8,1240,42
round6_full_action_bc,v124,2026102206,0,learner,576,434.0,2,0,0,31,10,1200,47
round6_full_action_bc,v124,2026102206,0,learner,600,111.0,2,0,0,32,9,1730,68
round6_full_action_bc,v124,2026102206,0,learner,624,186.0,2,0,0,31,12,1590,73
round6_full_action_bc,v124,2026102206,0,learner,648,4.0,2,0,0,27,15,1830,89
round6_full_action_bc,v124,2026102206,0,learner,672,139.0,2,0,0,27,16,2300,116
round6_full_action_bc,v124,2026102206,0,learner,696,27.0,2,0,0,26,19,2470,128
round6_full_action_bc,v124,2026102206,0,learner,719,1673.0,2,13,0,27,17,2370,124
round6_full_action_bc,v124,2026102206,0,opponent,0,3000.0,1,0,0,0,0,0,0
round6_full_action_bc,v124,2026102206,0,opponent,24,35.0,1,0,4,19,0,0,0
round6_full_action_bc,v124,2026102206,0,opponent,48,103.0,1,0,4,19,0,0,0
round6_full_action_bc,v124,2026102206,0,opponent,72,218.0,1,0,5,19,0,0,0
round6_full_action_bc,v124,2026102206,0,opponent,96,303.0,1,0,6,19,0,0,0
round6_full_action_bc,v124,2026102206,0,opponent,120,726.0,1,0,6,19,0,0,0
round6_full_action_bc,v124,2026102206,0,opponent,144,858.0,1,0,6,19,0,0,0
round6_full_action_bc,v124,2026102206,0,opponent,168,1296.0,2,0,8,29,0,0,0
round6_full_action_bc,v124,2026102206,0,opponent,192,764.0,2,0,10,37,0,0,0
round6_full_action_bc,v124,2026102206,0,opponent,216,2021.0,2,0,12,37,0,0,0
round6_full_action_bc,v124,2026102206,0,opponent,240,3102.0,2,0,13,37,0,0,0
round6_full_action_bc,v124,2026102206,0,opponent,264,18077.0,2,0,16,32,0,0,0
round6_full_action_bc,v124,2026102206,0,opponent,288,19393.0,3,0,17,53,0,0,0
round6_full_action_bc,v124,2026102206,0,opponent,312,23757.0,3,0,17,57,0,0,0
round6_full_action_bc,v124,2026102206,0,opponent,336,26650.0,3,0,17,57,0,0,0
round6_full_action_bc,v124,2026102206,0,opponent,360,32524.0,3,0,17,57,0,0,0
round6_full_action_bc,v124,2026102206,0,opponent,384,41156.0,3,0,17,57,0,10,1
round6_full_action_bc,v124,2026102206,0,opponent,408,50815.0,3,0,17,58,0,10,1
round6_full_action_bc,v124,2026102206,0,opponent,432,56472.0,3,0,17,58,0,10,1
round6_full_action_bc,v124,2026102206,0,opponent,456,63252.0,3,0,17,58,0,10,1
round6_full_action_bc,v124,2026102206,0,opponent,480,69254.0,3,0,17,58,0,10,1
round6_full_action_bc,v124,2026102206,0,opponent,504,76448.0,3,0,17,58,0,10,1
round6_full_action_bc,v124,2026102206,0,opponent,528,86054.0,3,0,17,57,1,10,1
round6_full_action_bc,v124,2026102206,0,opponent,552,94347.0,3,0,17,58,0,10,1
round6_full_action_bc,v124,2026102206,0,opponent,576,102623.0,3,0,17,58,0,10,1
round6_full_action_bc,v124,2026102206,0,opponent,600,110314.0,3,0,17,58,0,10,1
round6_full_action_bc,v124,2026102206,0,opponent,624,117261.0,3,0,17,58,0,10,1
round6_full_action_bc,v124,2026102206,0,opponent,648,121779.0,3,0,17,58,0,10,1
round6_full_action_bc,v124,2026102206,0,opponent,672,133828.0,3,0,17,46,0,10,1
round6_full_action_bc,v124,2026102206,0,opponent,696,138591.0,3,0,17,21,0,10,1
round6_full_action_bc,v124,2026102206,0,opponent,719,156721.0,3,11,17,0,0,10,1
round6_full_action_bc,v124,2026102206,1,learner,0,3000.0,1,0,0,0,0,0,0
round6_full_action_bc,v124,2026102206,1,learner,24,1209.0,1,0,2,0,0,580,16
round6_full_action_bc,v124,2026102206,1,learner,48,1144.0,1,0,1,5,0,350,14
round6_full_action_bc,v124,2026102206,1,learner,72,20.0,1,0,1,12,1,610,15
round6_full_action_bc,v124,2026102206,1,learner,96,105.0,1,0,2,19,0,80,8
round6_full_action_bc,v124,2026102206,1,learner,120,102.0,1,0,2,20,0,80,8
round6_full_action_bc,v124,2026102206,1,learner,144,171.0,1,0,2,20,0,160,7
round6_full_action_bc,v124,2026102206,1,learner,168,38.0,1,0,1,20,1,160,7
round6_full_action_bc,v124,2026102206,1,learner,192,98.0,1,0,1,14,7,160,7
round6_full_action_bc,v124,2026102206,1,learner,216,90.0,1,0,1,14,7,160,7
round6_full_action_bc,v124,2026102206,1,learner,240,182.0,1,0,1,17,4,40,4
round6_full_action_bc,v124,2026102206,1,learner,264,20.0,1,0,1,17,4,40,4
round6_full_action_bc,v124,2026102206,1,learner,288,83.0,1,0,0,14,6,40,4
round6_full_action_bc,v124,2026102206,1,learner,312,9.0,1,0,0,15,3,0,0
round6_full_action_bc,v124,2026102206,1,learner,336,2.0,1,0,0,14,2,0,0
round6_full_action_bc,v124,2026102206,1,learner,360,2.0,1,0,0,19,1,360,4
round6_full_action_bc,v124,2026102206,1,learner,384,2149.0,2,0,0,16,5,1580,18
round6_full_action_bc,v124,2026102206,1,learner,408,401.0,3,0,2,30,6,430,16
round6_full_action_bc,v124,2026102206,1,learner,432,478.0,3,0,3,48,7,390,7
round6_full_action_bc,v124,2026102206,1,learner,456,745.0,3,0,3,46,9,490,17
round6_full_action_bc,v124,2026102206,1,learner,480,8.0,3,0,3,38,18,470,15
round6_full_action_bc,v124,2026102206,1,learner,504,224.0,3,0,4,22,37,530,21
round6_full_action_bc,v124,2026102206,1,learner,528,6.0,3,0,3,20,40,530,21
round6_full_action_bc,v124,2026102206,1,learner,552,352.0,3,0,3,21,40,540,22
round6_full_action_bc,v124,2026102206,1,learner,576,515.0,3,0,3,20,42,550,23
round6_full_action_bc,v124,2026102206,1,learner,600,446.0,3,0,3,24,39,560,24
round6_full_action_bc,v124,2026102206,1,learner,624,1738.0,3,0,3,23,40,580,26
round6_full_action_bc,v124,2026102206,1,learner,648,1343.0,3,0,1,24,40,660,34
round6_full_action_bc,v124,2026102206,1,learner,672,1324.0,3,0,2,24,40,740,41
round6_full_action_bc,v124,2026102206,1,learner,696,1068.0,3,0,3,26,40,770,45
round6_full_action_bc,v124,2026102206,1,learner,719,1298.0,3,8,4,27,38,760,44
round6_full_action_bc,v124,2026102206,1,opponent,0,3000.0,1,0,0,0,0,0,0
round6_full_action_bc,v124,2026102206,1,opponent,24,35.0,1,0,4,19,0,0,0
round6_full_action_bc,v124,2026102206,1,opponent,48,98.0,1,0,4,19,0,0,0
round6_full_action_bc,v124,2026102206,1,opponent,72,213.0,1,0,5,19,0,0,0
round6_full_action_bc,v124,2026102206,1,opponent,96,300.0,1,0,6,19,0,0,0
round6_full_action_bc,v124,2026102206,1,opponent,120,720.0,1,0,6,19,0,0,0
round6_full_action_bc,v124,2026102206,1,opponent,144,850.0,1,0,6,19,0,0,0
round6_full_action_bc,v124,2026102206,1,opponent,168,1281.0,2,0,8,29,0,0,0
round6_full_action_bc,v124,2026102206,1,opponent,192,741.0,2,0,10,37,0,0,0
round6_full_action_bc,v124,2026102206,1,opponent,216,1972.0,2,0,12,37,0,0,0
round6_full_action_bc,v124,2026102206,1,opponent,240,3027.0,2,0,13,37,0,0,0
round6_full_action_bc,v124,2026102206,1,opponent,264,16258.0,2,0,16,32,0,0,0
round6_full_action_bc,v124,2026102206,1,opponent,288,17669.0,3,0,17,53,0,0,0
round6_full_action_bc,v124,2026102206,1,opponent,312,22166.0,3,0,17,57,0,0,0
round6_full_action_bc,v124,2026102206,1,opponent,336,25130.0,3,0,17,57,0,0,0
round6_full_action_bc,v124,2026102206,1,opponent,360,31187.0,3,0,17,57,0,0,0
round6_full_action_bc,v124,2026102206,1,opponent,384,40594.0,3,0,17,57,0,10,1
round6_full_action_bc,v124,2026102206,1,opponent,408,50694.0,3,0,17,58,0,10,1
round6_full_action_bc,v124,2026102206,1,opponent,432,56697.0,3,0,17,58,0,10,1
round6_full_action_bc,v124,2026102206,1,opponent,456,58849.0,4,0,17,68,0,10,1
round6_full_action_bc,v124,2026102206,1,opponent,480,65048.0,4,0,17,68,0,10,1
round6_full_action_bc,v124,2026102206,1,opponent,504,73028.0,4,0,17,68,0,10,1
round6_full_action_bc,v124,2026102206,1,opponent,528,82958.0,4,0,17,67,1,10,1
round6_full_action_bc,v124,2026102206,1,opponent,552,92325.0,4,0,17,68,0,10,1
round6_full_action_bc,v124,2026102206,1,opponent,576,100784.0,4,0,17,68,0,10,1
round6_full_action_bc,v124,2026102206,1,opponent,600,108156.0,4,0,17,68,0,10,1
round6_full_action_bc,v124,2026102206,1,opponent,624,116344.0,4,0,17,68,0,10,1
round6_full_action_bc,v124,2026102206,1,opponent,648,125500.0,4,0,17,68,0,10,1
round6_full_action_bc,v124,2026102206,1,opponent,672,141659.0,4,0,17,56,0,10,1
round6_full_action_bc,v124,2026102206,1,opponent,696,150756.0,4,0,17,31,1,10,1
round6_full_action_bc,v124,2026102206,1,opponent,719,174740.0,4,13,17,10,1,10,1
round6_full_action_bc,v124,2026102207,0,learner,0,3000.0,1,0,0,0,0,0,0
round6_full_action_bc,v124,2026102207,0,learner,24,1209.0,1,0,2,0,1,580,16
round6_full_action_bc,v124,2026102207,0,learner,48,827.0,1,0,1,2,0,420,14
round6_full_action_bc,v124,2026102207,0,learner,72,234.0,1,0,3,9,0,270,13
round6_full_action_bc,v124,2026102207,0,learner,96,36.0,1,0,3,12,1,280,12
round6_full_action_bc,v124,2026102207,0,learner,120,23.0,1,0,3,14,2,90,9
round6_full_action_bc,v124,2026102207,0,learner,144,89.0,1,0,3,17,1,60,6
round6_full_action_bc,v124,2026102207,0,learner,168,35.0,1,0,3,19,1,160,7
round6_full_action_bc,v124,2026102207,0,learner,192,76.0,1,0,2,20,1,60,6
round6_full_action_bc,v124,2026102207,0,learner,216,89.0,1,0,2,18,3,60,6
round6_full_action_bc,v124,2026102207,0,learner,240,259.0,1,0,2,19,2,50,5
round6_full_action_bc,v124,2026102207,0,learner,264,542.0,1,0,2,18,3,150,6
round6_full_action_bc,v124,2026102207,0,learner,288,211.0,1,0,0,17,3,140,5
round6_full_action_bc,v124,2026102207,0,learner,312,8.0,1,0,0,18,0,140,5
round6_full_action_bc,v124,2026102207,0,learner,336,1.0,1,0,0,16,2,40,4
round6_full_action_bc,v124,2026102207,0,learner,360,4349.0,1,0,0,16,3,590,14
round6_full_action_bc,v124,2026102207,0,learner,384,2999.0,1,0,0,20,1,1370,29
round6_full_action_bc,v124,2026102207,0,learner,408,405.0,2,0,0,31,1,1650,43
round6_full_action_bc,v124,2026102207,0,learner,432,4.0,3,0,0,41,6,900,31
round6_full_action_bc,v124,2026102207,0,learner,456,7.0,3,0,0,35,18,960,35
round6_full_action_bc,v124,2026102207,0,learner,480,9.0,3,0,0,41,17,970,27
round6_full_action_bc,v124,2026102207,0,learner,504,14.0,3,0,0,26,32,1170,38
round6_full_action_bc,v124,2026102207,0,learner,528,42.0,3,0,0,25,35,1170,38
round6_full_action_bc,v124,2026102207,0,learner,552,489.0,3,0,0,24,36,1350,47
round6_full_action_bc,v124,2026102207,0,learner,576,550.0,3,0,0,25,37,1360,48
round6_full_action_bc,v124,2026102207,0,learner,600,733.0,3,0,0,24,36,1530,60
round6_full_action_bc,v124,2026102207,0,learner,624,981.0,3,0,0,23,38,1540,62
round6_full_action_bc,v124,2026102207,0,learner,648,635.0,3,0,0,20,40,1550,65
round6_full_action_bc,v124,2026102207,0,learner,672,990.0,3,0,0,19,39,1540,64
round6_full_action_bc,v124,2026102207,0,learner,696,1834.0,3,0,0,13,45,1480,59
round6_full_action_bc,v124,2026102207,0,learner,719,1724.0,3,13,0,9,45,1460,57
round6_full_action_bc,v124,2026102207,0,opponent,0,3000.0,1,0,0,0,0,0,0
round6_full_action_bc,v124,2026102207,0,opponent,24,35.0,1,0,4,19,0,0,0
round6_full_action_bc,v124,2026102207,0,opponent,48,98.0,1,0,4,19,0,0,0
round6_full_action_bc,v124,2026102207,0,opponent,72,214.0,1,0,5,19,0,0,0
round6_full_action_bc,v124,2026102207,0,opponent,96,301.0,1,0,6,19,0,0,0
round6_full_action_bc,v124,2026102207,0,opponent,120,715.0,1,0,6,19,0,0,0
round6_full_action_bc,v124,2026102207,0,opponent,144,841.0,1,0,6,19,0,0,0
round6_full_action_bc,v124,2026102207,0,opponent,168,867.0,2,0,8,29,0,0,0
round6_full_action_bc,v124,2026102207,0,opponent,192,625.0,2,0,10,37,0,0,0
round6_full_action_bc,v124,2026102207,0,opponent,216,1467.0,2,0,12,37,0,0,0
round6_full_action_bc,v124,2026102207,0,opponent,240,2487.0,2,0,13,37,0,0,0
round6_full_action_bc,v124,2026102207,0,opponent,264,16332.0,2,0,16,32,0,0,0
round6_full_action_bc,v124,2026102207,0,opponent,288,16917.0,3,0,17,53,0,0,0
round6_full_action_bc,v124,2026102207,0,opponent,312,20772.0,3,0,17,57,0,0,0
round6_full_action_bc,v124,2026102207,0,opponent,336,23040.0,3,0,17,57,0,0,0
round6_full_action_bc,v124,2026102207,0,opponent,360,27568.0,3,0,17,57,0,0,0
round6_full_action_bc,v124,2026102207,0,opponent,384,33752.0,3,0,17,57,0,10,1
round6_full_action_bc,v124,2026102207,0,opponent,408,42032.0,3,0,17,58,0,10,1
round6_full_action_bc,v124,2026102207,0,opponent,432,47698.0,3,0,17,58,0,10,1
round6_full_action_bc,v124,2026102207,0,opponent,456,53534.0,3,0,17,58,0,10,1
round6_full_action_bc,v124,2026102207,0,opponent,480,58496.0,3,0,17,58,0,10,1
round6_full_action_bc,v124,2026102207,0,opponent,504,65750.0,3,0,17,58,0,10,1
round6_full_action_bc,v124,2026102207,0,opponent,528,75309.0,3,0,17,57,1,10,1
round6_full_action_bc,v124,2026102207,0,opponent,552,82757.0,3,0,17,58,0,10,1
round6_full_action_bc,v124,2026102207,0,opponent,576,91097.0,3,0,17,58,0,10,1
round6_full_action_bc,v124,2026102207,0,opponent,600,99049.0,3,0,17,58,0,10,1
round6_full_action_bc,v124,2026102207,0,opponent,624,105348.0,3,0,17,58,0,10,1
round6_full_action_bc,v124,2026102207,0,opponent,648,109476.0,3,0,17,58,0,10,1
round6_full_action_bc,v124,2026102207,0,opponent,672,121732.0,3,0,17,46,0,10,1
round6_full_action_bc,v124,2026102207,0,opponent,696,126220.0,3,0,17,21,1,10,1
round6_full_action_bc,v124,2026102207,0,opponent,719,142745.0,3,11,17,0,1,10,1
round6_full_action_bc,v124,2026102207,1,learner,0,3000.0,1,0,0,0,0,0,0
round6_full_action_bc,v124,2026102207,1,learner,24,1209.0,1,0,2,0,1,580,16
round6_full_action_bc,v124,2026102207,1,learner,48,1307.0,1,0,1,5,1,190,12
round6_full_action_bc,v124,2026102207,1,learner,72,133.0,1,0,0,9,1,780,18
round6_full_action_bc,v124,2026102207,1,learner,96,89.0,1,0,1,9,4,640,16
round6_full_action_bc,v124,2026102207,1,learner,120,56.0,1,0,0,14,4,180,9
round6_full_action_bc,v124,2026102207,1,learner,144,36.0,1,0,0,16,3,160,7
round6_full_action_bc,v124,2026102207,1,learner,168,3.0,1,0,0,17,2,130,4
round6_full_action_bc,v124,2026102207,1,learner,192,1.0,1,0,0,17,2,130,4
round6_full_action_bc,v124,2026102207,1,learner,216,138.0,1,0,0,6,13,110,2
round6_full_action_bc,v124,2026102207,1,learner,240,87.0,1,0,0,7,10,100,1
round6_full_action_bc,v124,2026102207,1,learner,264,3.0,1,0,0,9,3,0,0
round6_full_action_bc,v124,2026102207,1,learner,288,5.0,1,0,0,10,3,50,5
round6_full_action_bc,v124,2026102207,1,learner,312,1.0,1,0,0,11,5,0,0
round6_full_action_bc,v124,2026102207,1,learner,336,68.0,1,0,0,11,5,100,1
round6_full_action_bc,v124,2026102207,1,learner,360,4.0,1,0,0,6,6,0,0
round6_full_action_bc,v124,2026102207,1,learner,384,5.0,1,0,0,11,4,0,0
round6_full_action_bc,v124,2026102207,1,learner,408,7.0,1,0,0,15,4,10,1
round6_full_action_bc,v124,2026102207,1,learner,432,0.0,1,0,0,14,3,0,0
round6_full_action_bc,v124,2026102207,1,learner,456,4.0,1,0,0,13,6,130,4
round6_full_action_bc,v124,2026102207,1,learner,480,7.0,1,0,0,13,8,120,3
round6_full_action_bc,v124,2026102207,1,learner,504,5.0,1,0,0,16,5,130,4
round6_full_action_bc,v124,2026102207,1,learner,528,2511.0,1,0,0,16,5,300,12
round6_full_action_bc,v124,2026102207,1,learner,552,2120.0,1,0,0,17,4,900,27
round6_full_action_bc,v124,2026102207,1,learner,576,1741.0,1,0,0,17,4,1700,47
round6_full_action_bc,v124,2026102207,1,learner,600,1399.0,1,0,0,14,7,1970,71
round6_full_action_bc,v124,2026102207,1,learner,624,71.0,1,0,0,12,9,2460,88
round6_full_action_bc,v124,2026102207,1,learner,648,159.0,1,0,0,12,9,2380,91
round6_full_action_bc,v124,2026102207,1,learner,672,3.0,1,0,0,10,11,2380,92
round6_full_action_bc,v124,2026102207,1,learner,696,1651.0,1,0,0,9,12,2400,95
round6_full_action_bc,v124,2026102207,1,learner,719,205.0,1,14,0,9,12,2650,109
round6_full_action_bc,v124,2026102207,1,opponent,0,3000.0,1,0,0,0,0,0,0
round6_full_action_bc,v124,2026102207,1,opponent,24,35.0,1,0,4,19,0,0,0
round6_full_action_bc,v124,2026102207,1,opponent,48,95.0,1,0,4,19,0,0,0
round6_full_action_bc,v124,2026102207,1,opponent,72,209.0,1,0,5,19,0,0,0
round6_full_action_bc,v124,2026102207,1,opponent,96,295.0,1,0,6,19,0,0,0
round6_full_action_bc,v124,2026102207,1,opponent,120,716.0,1,0,6,19,0,0,0
round6_full_action_bc,v124,2026102207,1,opponent,144,846.0,1,0,6,19,0,0,0
round6_full_action_bc,v124,2026102207,1,opponent,168,886.0,2,0,8,29,0,0,0
round6_full_action_bc,v124,2026102207,1,opponent,192,661.0,2,0,10,37,0,0,0
round6_full_action_bc,v124,2026102207,1,opponent,216,1550.0,2,0,12,37,0,0,0
round6_full_action_bc,v124,2026102207,1,opponent,240,2627.0,2,0,13,37,0,0,0
round6_full_action_bc,v124,2026102207,1,opponent,264,16488.0,2,0,16,32,0,0,0
round6_full_action_bc,v124,2026102207,1,opponent,288,17130.0,3,0,17,53,0,0,0
round6_full_action_bc,v124,2026102207,1,opponent,312,20927.0,3,0,17,57,0,0,0
round6_full_action_bc,v124,2026102207,1,opponent,336,23167.0,3,0,17,57,0,0,0
round6_full_action_bc,v124,2026102207,1,opponent,360,27525.0,3,0,17,57,0,0,0
round6_full_action_bc,v124,2026102207,1,opponent,384,32834.0,3,0,17,57,0,10,1
round6_full_action_bc,v124,2026102207,1,opponent,408,40776.0,3,0,17,58,0,10,1
round6_full_action_bc,v124,2026102207,1,opponent,432,46682.0,3,0,17,58,0,10,1
round6_full_action_bc,v124,2026102207,1,opponent,456,47546.0,4,0,17,68,0,10,1
round6_full_action_bc,v124,2026102207,1,opponent,480,52230.0,4,0,17,68,0,10,1
round6_full_action_bc,v124,2026102207,1,opponent,504,59848.0,4,0,17,68,0,10,1
round6_full_action_bc,v124,2026102207,1,opponent,528,69456.0,4,0,17,67,1,10,1
round6_full_action_bc,v124,2026102207,1,opponent,552,75687.0,4,0,17,68,0,10,1
round6_full_action_bc,v124,2026102207,1,opponent,576,82902.0,4,0,17,68,0,10,1
round6_full_action_bc,v124,2026102207,1,opponent,600,89482.0,4,0,17,68,0,10,1
round6_full_action_bc,v124,2026102207,1,opponent,624,92870.0,4,0,17,68,0,10,1
round6_full_action_bc,v124,2026102207,1,opponent,648,97846.0,4,0,17,68,0,10,1
round6_full_action_bc,v124,2026102207,1,opponent,672,110852.0,4,0,17,56,0,10,1
round6_full_action_bc,v124,2026102207,1,opponent,696,118435.0,4,0,17,31,1,10,1
round6_full_action_bc,v124,2026102207,1,opponent,719,135565.0,4,13,17,10,1,10,1
round6_full_action_bc,v124,2026102208,0,learner,0,3000.0,1,0,0,0,0,0,0
round6_full_action_bc,v124,2026102208,0,learner,24,1209.0,1,0,2,0,0,580,16
round6_full_action_bc,v124,2026102208,0,learner,48,701.0,1,0,1,2,0,570,22
round6_full_action_bc,v124,2026102208,0,learner,72,49.0,1,0,1,9,0,320,18
round6_full_action_bc,v124,2026102208,0,learner,96,36.0,1,0,2,11,0,330,17
round6_full_action_bc,v124,2026102208,0,learner,120,3.0,1,0,0,16,0,200,11
round6_full_action_bc,v124,2026102208,0,learner,144,97.0,1,0,0,17,1,90,9
round6_full_action_bc,v124,2026102208,0,learner,168,64.0,1,0,0,12,6,70,7
round6_full_action_bc,v124,2026102208,0,learner,192,21.0,1,0,0,13,6,40,4
round6_full_action_bc,v124,2026102208,0,learner,216,65.0,1,0,0,13,6,130,4
round6_full_action_bc,v124,2026102208,0,learner,240,1.0,1,0,0,14,5,0,0
round6_full_action_bc,v124,2026102208,0,learner,264,350.0,1,0,0,10,9,20,2
round6_full_action_bc,v124,2026102208,0,learner,288,8.0,1,0,0,10,8,0,0
round6_full_action_bc,v124,2026102208,0,learner,312,1.0,1,0,0,12,5,60,6
round6_full_action_bc,v124,2026102208,0,learner,336,202.0,1,0,0,11,5,170,8
round6_full_action_bc,v124,2026102208,0,learner,360,2.0,1,0,0,10,5,170,8
round6_full_action_bc,v124,2026102208,0,learner,384,8.0,1,0,0,16,2,260,9
round6_full_action_bc,v124,2026102208,0,learner,408,3.0,2,0,0,19,4,340,12
round6_full_action_bc,v124,2026102208,0,learner,432,3.0,2,0,0,27,2,220,9
round6_full_action_bc,v124,2026102208,0,learner,456,1.0,2,0,0,26,1,170,4
round6_full_action_bc,v124,2026102208,0,learner,480,9.0,2,0,0,29,0,100,1
round6_full_action_bc,v124,2026102208,0,learner,504,409.0,2,0,0,30,3,350,9
round6_full_action_bc,v124,2026102208,0,learner,528,357.0,2,0,0,27,5,500,20
round6_full_action_bc,v124,2026102208,0,learner,552,1844.0,2,0,0,25,8,550,29
round6_full_action_bc,v124,2026102208,0,learner,576,780.0,2,0,0,32,5,530,27
round6_full_action_bc,v124,2026102208,0,learner,600,308.0,2,0,0,31,6,780,43
round6_full_action_bc,v124,2026102208,0,learner,624,296.0,2,0,0,30,8,880,51
round6_full_action_bc,v124,2026102208,0,learner,648,476.0,2,0,0,26,12,1320,74
round6_full_action_bc,v124,2026102208,0,learner,672,525.0,2,0,0,24,14,1390,78
round6_full_action_bc,v124,2026102208,0,learner,696,1148.0,2,0,1,16,18,1260,71
round6_full_action_bc,v124,2026102208,0,learner,719,1503.0,2,14,1,23,15,1040,61
round6_full_action_bc,v124,2026102208,0,opponent,0,3000.0,1,0,0,0,0,0,0
round6_full_action_bc,v124,2026102208,0,opponent,24,35.0,1,0,4,19,0,0,0
round6_full_action_bc,v124,2026102208,0,opponent,48,103.0,1,0,4,19,0,0,0
round6_full_action_bc,v124,2026102208,0,opponent,72,218.0,1,0,5,19,0,0,0
round6_full_action_bc,v124,2026102208,0,opponent,96,303.0,1,0,6,19,0,0,0
round6_full_action_bc,v124,2026102208,0,opponent,120,726.0,1,0,6,19,0,0,0
round6_full_action_bc,v124,2026102208,0,opponent,144,857.0,1,0,6,19,0,0,0
round6_full_action_bc,v124,2026102208,0,opponent,168,898.0,2,0,8,29,0,0,0
round6_full_action_bc,v124,2026102208,0,opponent,192,675.0,2,0,10,37,0,0,0
round6_full_action_bc,v124,2026102208,0,opponent,216,2022.0,2,0,12,37,0,0,0
round6_full_action_bc,v124,2026102208,0,opponent,240,3107.0,2,0,13,37,0,0,0
round6_full_action_bc,v124,2026102208,0,opponent,264,17590.0,2,0,16,32,0,0,0
round6_full_action_bc,v124,2026102208,0,opponent,288,18879.0,3,0,17,53,0,0,0
round6_full_action_bc,v124,2026102208,0,opponent,312,23245.0,3,0,17,57,0,0,0
round6_full_action_bc,v124,2026102208,0,opponent,336,26145.0,3,0,17,57,0,0,0
round6_full_action_bc,v124,2026102208,0,opponent,360,32098.0,3,0,17,57,0,0,0
round6_full_action_bc,v124,2026102208,0,opponent,384,41102.0,3,0,17,57,0,10,1
round6_full_action_bc,v124,2026102208,0,opponent,408,51840.0,3,0,17,58,0,10,1
round6_full_action_bc,v124,2026102208,0,opponent,432,58426.0,3,0,17,58,0,10,1
round6_full_action_bc,v124,2026102208,0,opponent,456,66177.0,3,0,17,58,0,10,1
round6_full_action_bc,v124,2026102208,0,opponent,480,72977.0,3,0,17,58,0,10,1
round6_full_action_bc,v124,2026102208,0,opponent,504,82117.0,3,0,17,58,0,10,1
round6_full_action_bc,v124,2026102208,0,opponent,528,93866.0,3,0,17,57,1,10,1
round6_full_action_bc,v124,2026102208,0,opponent,552,104222.0,3,0,17,58,0,10,1
round6_full_action_bc,v124,2026102208,0,opponent,576,114580.0,3,0,17,58,0,10,1
round6_full_action_bc,v124,2026102208,0,opponent,600,124574.0,3,0,17,58,0,10,1
round6_full_action_bc,v124,2026102208,0,opponent,624,133429.0,3,0,17,58,0,10,1
round6_full_action_bc,v124,2026102208,0,opponent,648,139556.0,3,0,17,58,0,10,1
round6_full_action_bc,v124,2026102208,0,opponent,672,153542.0,3,0,17,46,0,10,1
round6_full_action_bc,v124,2026102208,0,opponent,696,160759.0,3,0,17,21,0,10,1
round6_full_action_bc,v124,2026102208,0,opponent,719,181315.0,3,11,17,0,0,10,1
round6_full_action_bc,v124,2026102208,1,learner,0,3000.0,1,0,0,0,0,0,0
round6_full_action_bc,v124,2026102208,1,learner,24,1209.0,1,0,2,0,0,580,16
round6_full_action_bc,v124,2026102208,1,learner,48,1144.0,1,0,1,5,0,350,14
round6_full_action_bc,v124,2026102208,1,learner,72,20.0,1,0,1,12,0,610,15
round6_full_action_bc,v124,2026102208,1,learner,96,111.0,1,0,2,18,0,160,9
round6_full_action_bc,v124,2026102208,1,learner,120,12.0,1,0,2,18,0,160,9
round6_full_action_bc,v124,2026102208,1,learner,144,91.0,1,0,2,14,4,80,8
round6_full_action_bc,v124,2026102208,1,learner,168,46.0,1,0,1,17,3,70,7
round6_full_action_bc,v124,2026102208,1,learner,192,98.0,1,0,1,17,4,160,7
round6_full_action_bc,v124,2026102208,1,learner,216,35.0,1,0,1,16,5,160,7
round6_full_action_bc,v124,2026102208,1,learner,240,91.0,1,0,1,15,6,150,6
round6_full_action_bc,v124,2026102208,1,learner,264,254.0,1,0,0,13,7,100,6
round6_full_action_bc,v124,2026102208,1,learner,288,6.0,1,0,0,16,4,220,9
round6_full_action_bc,v124,2026102208,1,learner,312,2.0,1,0,0,15,4,100,6
round6_full_action_bc,v124,2026102208,1,learner,336,641.0,1,0,0,17,2,340,7
round6_full_action_bc,v124,2026102208,1,learner,360,87.0,1,0,0,19,0,420,11
round6_full_action_bc,v124,2026102208,1,learner,384,46.0,3,0,0,31,4,0,0
round6_full_action_bc,v124,2026102208,1,learner,408,1304.0,3,0,1,33,5,300,13
round6_full_action_bc,v124,2026102208,1,learner,432,1378.0,3,0,1,30,12,400,14
round6_full_action_bc,v124,2026102208,1,learner,456,1279.0,3,0,1,37,15,400,14
round6_full_action_bc,v124,2026102208,1,learner,480,1818.0,3,0,1,34,18,480,22
round6_full_action_bc,v124,2026102208,1,learner,504,1984.0,3,0,1,30,23,470,21
round6_full_action_bc,v124,2026102208,1,learner,528,3051.0,3,0,1,40,21,470,21
round6_full_action_bc,v124,2026102208,1,learner,552,3327.0,3,0,1,42,22,500,24
round6_full_action_bc,v124,2026102208,1,learner,576,4281.0,3,0,1,30,36,600,34
round6_full_action_bc,v124,2026102208,1,learner,600,4893.0,3,0,1,36,33,550,29
round6_full_action_bc,v124,2026102208,1,learner,624,5861.0,3,0,1,37,32,610,35
round6_full_action_bc,v124,2026102208,1,learner,648,6413.0,3,0,1,34,34,620,36
round6_full_action_bc,v124,2026102208,1,learner,672,6140.0,3,0,1,36,33,470,21
round6_full_action_bc,v124,2026102208,1,learner,696,4817.0,3,0,1,38,33,310,5
round6_full_action_bc,v124,2026102208,1,learner,719,4149.0,3,16,1,24,34,300,4
round6_full_action_bc,v124,2026102208,1,opponent,0,3000.0,1,0,0,0,0,0,0
round6_full_action_bc,v124,2026102208,1,opponent,24,35.0,1,0,4,19,0,0,0
round6_full_action_bc,v124,2026102208,1,opponent,48,98.0,1,0,4,19,0,0,0
round6_full_action_bc,v124,2026102208,1,opponent,72,213.0,1,0,5,19,0,0,0
round6_full_action_bc,v124,2026102208,1,opponent,96,300.0,1,0,6,19,0,0,0
round6_full_action_bc,v124,2026102208,1,opponent,120,720.0,1,0,6,19,0,0,0
round6_full_action_bc,v124,2026102208,1,opponent,144,851.0,1,0,6,19,0,0,0
round6_full_action_bc,v124,2026102208,1,opponent,168,1281.0,2,0,8,29,0,0,0
round6_full_action_bc,v124,2026102208,1,opponent,192,741.0,2,0,10,37,0,0,0
round6_full_action_bc,v124,2026102208,1,opponent,216,1784.0,2,0,12,37,0,0,0
round6_full_action_bc,v124,2026102208,1,opponent,240,2839.0,2,0,13,37,0,0,0
round6_full_action_bc,v124,2026102208,1,opponent,264,17265.0,2,0,16,32,0,0,0
round6_full_action_bc,v124,2026102208,1,opponent,288,18385.0,3,0,17,53,0,0,0
round6_full_action_bc,v124,2026102208,1,opponent,312,22638.0,3,0,17,57,0,0,0
round6_full_action_bc,v124,2026102208,1,opponent,336,25431.0,3,0,17,57,0,0,0
round6_full_action_bc,v124,2026102208,1,opponent,360,31125.0,3,0,17,57,0,0,0
round6_full_action_bc,v124,2026102208,1,opponent,384,39676.0,3,0,17,57,0,10,1
round6_full_action_bc,v124,2026102208,1,opponent,408,49087.0,3,0,17,58,0,10,1
round6_full_action_bc,v124,2026102208,1,opponent,432,54689.0,3,0,17,58,0,10,1
round6_full_action_bc,v124,2026102208,1,opponent,456,56316.0,4,0,17,68,0,10,1
round6_full_action_bc,v124,2026102208,1,opponent,480,61959.0,4,0,17,68,0,10,1
round6_full_action_bc,v124,2026102208,1,opponent,504,69225.0,4,0,17,68,0,10,1
round6_full_action_bc,v124,2026102208,1,opponent,528,78341.0,4,0,17,67,1,10,1
round6_full_action_bc,v124,2026102208,1,opponent,552,86729.0,4,0,17,68,0,10,1
round6_full_action_bc,v124,2026102208,1,opponent,576,94367.0,4,0,17,68,0,10,1
round6_full_action_bc,v124,2026102208,1,opponent,600,100897.0,4,0,17,68,0,10,1
round6_full_action_bc,v124,2026102208,1,opponent,624,108840.0,4,0,17,68,0,10,1
round6_full_action_bc,v124,2026102208,1,opponent,648,116163.0,4,0,17,68,0,10,1
round6_full_action_bc,v124,2026102208,1,opponent,672,129622.0,4,0,17,56,0,10,1
round6_full_action_bc,v124,2026102208,1,opponent,696,137424.0,4,0,17,31,0,10,1
round6_full_action_bc,v124,2026102208,1,opponent,719,158436.0,4,13,17,10,0,10,1
round6_sequence_bc_v1,v122,2026102201,0,learner,0,3000.0,1,0,0,0,0,0,0
round6_sequence_bc_v1,v122,2026102201,0,learner,24,1570.0,1,0,2,5,0,300,16
round6_sequence_bc_v1,v122,2026102201,0,learner,48,1344.0,1,0,2,22,0,40,4
round6_sequence_bc_v1,v122,2026102201,0,learner,72,1004.0,1,0,2,23,0,420,8
round6_sequence_bc_v1,v122,2026102201,0,learner,96,510.0,1,0,2,19,4,800,12
round6_sequence_bc_v1,v122,2026102201,0,learner,120,43.0,1,0,2,21,2,700,11
round6_sequence_bc_v1,v122,2026102201,0,learner,144,91.0,1,0,2,20,3,900,13
round6_sequence_bc_v1,v122,2026102201,0,learner,168,82.0,1,0,2,21,2,840,16
round6_sequence_bc_v1,v122,2026102201,0,learner,192,31.0,1,0,2,21,2,1080,22
round6_sequence_bc_v1,v122,2026102201,0,learner,216,110.0,1,0,2,19,4,1080,22
round6_sequence_bc_v1,v122,2026102201,0,learner,240,2.0,1,0,0,18,5,1000,23
round6_sequence_bc_v1,v122,2026102201,0,learner,264,438.0,1,0,1,18,5,1070,30
round6_sequence_bc_v1,v122,2026102201,0,learner,288,5.0,1,0,1,19,4,740,33
round6_sequence_bc_v1,v122,2026102201,0,learner,312,1688.0,1,0,1,19,4,800,39
round6_sequence_bc_v1,v122,2026102201,0,learner,336,2019.0,1,0,1,16,5,740,40
round6_sequence_bc_v1,v122,2026102201,0,learner,360,3160.0,1,0,1,23,0,650,41
round6_sequence_bc_v1,v122,2026102201,0,learner,384,1728.0,1,0,1,22,1,1490,83
round6_sequence_bc_v1,v122,2026102201,0,learner,408,1259.0,1,0,1,18,5,1630,94
round6_sequence_bc_v1,v122,2026102201,0,learner,432,693.0,1,0,0,10,13,1870,106
round6_sequence_bc_v1,v122,2026102201,0,learner,456,449.0,1,0,3,12,10,2320,128
round6_sequence_bc_v1,v122,2026102201,0,learner,480,136.0,1,0,0,17,5,2240,123
round6_sequence_bc_v1,v122,2026102201,0,learner,504,165.0,1,0,1,20,2,2140,118
round6_sequence_bc_v1,v122,2026102201,0,learner,528,81.0,1,0,0,20,2,1980,114
round6_sequence_bc_v1,v122,2026102201,0,learner,552,98.0,1,0,1,22,0,1940,116
round6_sequence_bc_v1,v122,2026102201,0,learner,576,708.0,1,0,0,23,0,1840,111
round6_sequence_bc_v1,v122,2026102201,0,learner,600,1006.0,1,0,0,24,0,1640,101
round6_sequence_bc_v1,v122,2026102201,0,learner,624,1277.0,1,0,0,25,0,1530,95
round6_sequence_bc_v1,v122,2026102201,0,learner,648,1990.0,1,0,0,24,0,1390,88
round6_sequence_bc_v1,v122,2026102201,0,learner,672,3143.0,1,0,0,23,1,1250,81
round6_sequence_bc_v1,v122,2026102201,0,learner,696,4719.0,1,0,0,23,1,990,68
round6_sequence_bc_v1,v122,2026102201,0,learner,719,6149.0,1,12,0,25,0,850,61
round6_sequence_bc_v1,v122,2026102201,0,opponent,0,3000.0,1,0,0,0,0,0,0
round6_sequence_bc_v1,v122,2026102201,0,opponent,24,26.0,1,0,4,19,0,0,0
round6_sequence_bc_v1,v122,2026102201,0,opponent,48,90.0,1,0,4,19,0,0,0
round6_sequence_bc_v1,v122,2026102201,0,opponent,72,202.0,1,0,5,19,0,0,0
round6_sequence_bc_v1,v122,2026102201,0,opponent,96,288.0,1,0,6,19,0,0,0
round6_sequence_bc_v1,v122,2026102201,0,opponent,120,699.0,1,0,6,19,0,0,0
round6_sequence_bc_v1,v122,2026102201,0,opponent,144,825.0,1,0,6,19,0,0,0
round6_sequence_bc_v1,v122,2026102201,0,opponent,168,1248.0,2,0,8,29,0,0,0
round6_sequence_bc_v1,v122,2026102201,0,opponent,192,701.0,2,0,10,37,0,0,0
round6_sequence_bc_v1,v122,2026102201,0,opponent,216,1959.0,2,0,12,37,0,0,0
round6_sequence_bc_v1,v122,2026102201,0,opponent,240,3039.0,2,0,13,37,0,0,0
round6_sequence_bc_v1,v122,2026102201,0,opponent,264,18701.0,2,0,16,32,0,0,0
round6_sequence_bc_v1,v122,2026102201,0,opponent,288,19346.0,3,0,17,53,0,0,0
round6_sequence_bc_v1,v122,2026102201,0,opponent,312,23635.0,3,0,17,57,0,0,0
round6_sequence_bc_v1,v122,2026102201,0,opponent,336,26788.0,3,0,17,57,0,0,0
round6_sequence_bc_v1,v122,2026102201,0,opponent,360,32789.0,3,0,17,57,0,0,0
round6_sequence_bc_v1,v122,2026102201,0,opponent,384,39467.0,3,0,17,57,0,10,1
round6_sequence_bc_v1,v122,2026102201,0,opponent,408,47486.0,3,0,17,58,0,10,1
round6_sequence_bc_v1,v122,2026102201,0,opponent,432,50455.0,3,0,17,58,0,10,1
round6_sequence_bc_v1,v122,2026102201,0,opponent,456,55693.0,3,0,15,58,0,10,1
round6_sequence_bc_v1,v122,2026102201,0,opponent,480,58941.0,3,0,15,58,0,10,1
round6_sequence_bc_v1,v122,2026102201,0,opponent,504,61217.0,3,0,15,58,0,10,1
round6_sequence_bc_v1,v122,2026102201,0,opponent,528,64500.0,3,0,15,57,1,10,1
round6_sequence_bc_v1,v122,2026102201,0,opponent,552,68027.0,3,0,15,58,0,10,1
round6_sequence_bc_v1,v122,2026102201,0,opponent,576,71323.0,3,0,15,58,0,10,1
round6_sequence_bc_v1,v122,2026102201,0,opponent,600,74255.0,3,0,15,58,0,10,1
round6_sequence_bc_v1,v122,2026102201,0,opponent,624,78946.0,3,0,15,58,0,10,1
round6_sequence_bc_v1,v122,2026102201,0,opponent,648,82378.0,3,0,15,58,0,10,1
round6_sequence_bc_v1,v122,2026102201,0,opponent,672,87014.0,3,0,15,46,0,10,1
round6_sequence_bc_v1,v122,2026102201,0,opponent,696,92591.0,3,0,15,21,0,10,1
round6_sequence_bc_v1,v122,2026102201,0,opponent,719,108426.0,3,11,15,0,0,10,1
round6_sequence_bc_v1,v122,2026102201,1,learner,0,3000.0,1,0,0,0,0,0,0
round6_sequence_bc_v1,v122,2026102201,1,learner,24,1332.0,1,0,2,5,0,440,23
round6_sequence_bc_v1,v122,2026102201,1,learner,48,1014.0,1,0,0,20,0,140,14
round6_sequence_bc_v1,v122,2026102201,1,learner,72,1101.0,1,0,0,20,1,130,13
round6_sequence_bc_v1,v122,2026102201,1,learner,96,1081.0,1,0,0,17,4,130,13
round6_sequence_bc_v1,v122,2026102201,1,learner,120,460.0,1,0,0,17,3,420,15
round6_sequence_bc_v1,v122,2026102201,1,learner,144,754.0,1,0,0,16,4,320,14
round6_sequence_bc_v1,v122,2026102201,1,learner,168,205.0,1,0,0,13,8,510,15
round6_sequence_bc_v1,v122,2026102201,1,learner,192,63.0,1,0,1,12,9,410,14
round6_sequence_bc_v1,v122,2026102201,1,learner,216,208.0,1,0,0,16,5,170,8
round6_sequence_bc_v1,v122,2026102201,1,learner,240,182.0,1,0,0,20,2,140,5
round6_sequence_bc_v1,v122,2026102201,1,learner,264,109.0,1,0,0,17,4,110,11
round6_sequence_bc_v1,v122,2026102201,1,learner,288,1141.0,1,0,0,16,5,210,12
round6_sequence_bc_v1,v122,2026102201,1,learner,312,2572.0,1,0,1,19,2,280,19
round6_sequence_bc_v1,v122,2026102201,1,learner,336,3538.0,1,0,1,20,1,310,22
round6_sequence_bc_v1,v122,2026102201,1,learner,360,5077.0,1,0,1,20,1,390,31
round6_sequence_bc_v1,v122,2026102201,1,learner,384,6785.0,1,0,1,22,0,380,26
round6_sequence_bc_v1,v122,2026102201,1,learner,408,6701.0,1,0,1,22,0,510,34
round6_sequence_bc_v1,v122,2026102201,1,learner,432,7569.0,1,0,1,17,5,470,34
round6_sequence_bc_v1,v122,2026102201,1,learner,456,7769.0,1,0,0,19,3,390,30
round6_sequence_bc_v1,v122,2026102201,1,learner,480,7570.0,1,0,0,22,0,400,32
round6_sequence_bc_v1,v122,2026102201,1,learner,504,7467.0,1,0,0,22,0,490,41
round6_sequence_bc_v1,v122,2026102201,1,learner,528,7489.0,1,0,0,21,2,560,48
round6_sequence_bc_v1,v122,2026102201,1,learner,552,8093.0,1,0,0,23,0,560,49
round6_sequence_bc_v1,v122,2026102201,1,learner,576,8517.0,1,0,0,23,0,570,50
round6_sequence_bc_v1,v122,2026102201,1,learner,600,9221.0,1,0,0,23,0,580,52
round6_sequence_bc_v1,v122,2026102201,1,learner,624,9534.0,1,0,0,21,3,510,45
round6_sequence_bc_v1,v122,2026102201,1,learner,648,9244.0,1,0,0,23,2,380,37
round6_sequence_bc_v1,v122,2026102201,1,learner,672,10486.0,1,0,0,24,1,300,30
round6_sequence_bc_v1,v122,2026102201,1,learner,696,10879.0,1,0,0,23,2,220,22
round6_sequence_bc_v1,v122,2026102201,1,learner,719,12532.0,1,8,0,24,1,100,10
round6_sequence_bc_v1,v122,2026102201,1,opponent,0,3000.0,1,0,0,0,0,0,0
round6_sequence_bc_v1,v122,2026102201,1,opponent,24,26.0,1,0,4,19,0,0,0
round6_sequence_bc_v1,v122,2026102201,1,opponent,48,89.0,1,0,4,19,0,0,0
round6_sequence_bc_v1,v122,2026102201,1,opponent,72,203.0,1,0,5,19,0,0,0
round6_sequence_bc_v1,v122,2026102201,1,opponent,96,287.0,1,0,6,19,0,0,0
round6_sequence_bc_v1,v122,2026102201,1,opponent,120,708.0,1,0,6,19,0,0,0
round6_sequence_bc_v1,v122,2026102201,1,opponent,144,839.0,1,0,6,19,0,0,0
round6_sequence_bc_v1,v122,2026102201,1,opponent,168,879.0,2,0,8,29,0,0,0
round6_sequence_bc_v1,v122,2026102201,1,opponent,192,748.0,2,0,10,37,0,0,0
round6_sequence_bc_v1,v122,2026102201,1,opponent,216,1573.0,2,0,12,37,0,0,0
round6_sequence_bc_v1,v122,2026102201,1,opponent,240,2682.0,2,0,13,37,0,0,0
round6_sequence_bc_v1,v122,2026102201,1,opponent,264,16688.0,2,0,16,32,0,0,0
round6_sequence_bc_v1,v122,2026102201,1,opponent,288,17264.0,3,0,17,53,0,0,0
round6_sequence_bc_v1,v122,2026102201,1,opponent,312,21162.0,3,0,17,57,0,0,0
round6_sequence_bc_v1,v122,2026102201,1,opponent,336,24056.0,3,0,17,57,0,0,0
round6_sequence_bc_v1,v122,2026102201,1,opponent,360,28987.0,3,0,17,57,0,0,0
round6_sequence_bc_v1,v122,2026102201,1,opponent,384,33436.0,3,0,17,57,0,10,1
round6_sequence_bc_v1,v122,2026102201,1,opponent,408,40412.0,3,0,17,58,0,10,1
round6_sequence_bc_v1,v122,2026102201,1,opponent,432,44020.0,3,0,17,58,0,10,1
round6_sequence_bc_v1,v122,2026102201,1,opponent,456,48404.0,3,0,17,58,0,10,1
round6_sequence_bc_v1,v122,2026102201,1,opponent,480,50988.0,3,0,17,58,0,10,1
round6_sequence_bc_v1,v122,2026102201,1,opponent,504,53940.0,3,0,17,58,0,10,1
round6_sequence_bc_v1,v122,2026102201,1,opponent,528,56889.0,3,0,17,57,1,10,1
round6_sequence_bc_v1,v122,2026102201,1,opponent,552,59165.0,3,0,17,58,0,10,1
round6_sequence_bc_v1,v122,2026102201,1,opponent,576,61737.0,3,0,17,58,0,10,1
round6_sequence_bc_v1,v122,2026102201,1,opponent,600,63880.0,3,0,17,58,0,10,1
round6_sequence_bc_v1,v122,2026102201,1,opponent,624,67482.0,3,0,17,58,0,10,1
round6_sequence_bc_v1,v122,2026102201,1,opponent,648,70176.0,3,0,17,58,0,10,1
round6_sequence_bc_v1,v122,2026102201,1,opponent,672,74298.0,3,0,17,46,0,10,1
round6_sequence_bc_v1,v122,2026102201,1,opponent,696,77893.0,3,0,17,21,0,10,1
round6_sequence_bc_v1,v122,2026102201,1,opponent,719,89692.0,3,11,17,0,0,10,1
round6_sequence_bc_v1,v122,2026102202,0,learner,0,3000.0,1,0,0,0,0,0,0
round6_sequence_bc_v1,v122,2026102202,0,learner,24,1570.0,1,0,2,5,0,300,16
round6_sequence_bc_v1,v122,2026102202,0,learner,48,1344.0,1,0,2,22,0,40,4
round6_sequence_bc_v1,v122,2026102202,0,learner,72,1004.0,1,0,2,23,0,420,8
round6_sequence_bc_v1,v122,2026102202,0,learner,96,520.0,1,0,2,19,4,720,11
round6_sequence_bc_v1,v122,2026102202,0,learner,120,164.0,1,0,2,17,6,920,13
round6_sequence_bc_v1,v122,2026102202,0,learner,144,601.0,1,0,2,15,8,820,12
round6_sequence_bc_v1,v122,2026102202,0,learner,168,186.0,1,0,2,18,5,720,11
round6_sequence_bc_v1,v122,2026102202,0,learner,192,23.0,1,0,2,21,2,620,10
round6_sequence_bc_v1,v122,2026102202,0,learner,216,93.0,1,0,2,19,4,520,9
round6_sequence_bc_v1,v122,2026102202,0,learner,240,6.0,1,0,0,12,11,540,11
round6_sequence_bc_v1,v122,2026102202,0,learner,264,3.0,1,0,1,12,11,600,17
round6_sequence_bc_v1,v122,2026102202,0,learner,288,944.0,1,0,0,13,10,410,25
round6_sequence_bc_v1,v122,2026102202,0,learner,312,1453.0,1,0,0,22,0,350,26
round6_sequence_bc_v1,v122,2026102202,0,learner,336,2601.0,1,0,0,23,0,440,35
round6_sequence_bc_v1,v122,2026102202,0,learner,360,2629.0,1,0,0,22,1,450,45
round6_sequence_bc_v1,v122,2026102202,0,learner,384,2619.0,1,0,0,23,0,640,52
round6_sequence_bc_v1,v122,2026102202,0,learner,408,2456.0,1,0,0,23,0,720,60
round6_sequence_bc_v1,v122,2026102202,0,learner,432,3123.0,1,0,0,22,1,830,71
round6_sequence_bc_v1,v122,2026102202,0,learner,456,4307.0,1,0,0,23,0,840,76
round6_sequence_bc_v1,v122,2026102202,0,learner,480,4709.0,1,0,0,23,0,980,86
round6_sequence_bc_v1,v122,2026102202,0,learner,504,5323.0,1,0,0,19,4,1080,96
round6_sequence_bc_v1,v122,2026102202,0,learner,528,5260.0,1,0,0,21,2,1150,103
round6_sequence_bc_v1,v122,2026102202,0,learner,552,5574.0,1,0,0,19,4,1230,111
round6_sequence_bc_v1,v122,2026102202,0,learner,576,6620.0,1,0,0,18,5,1390,123
round6_sequence_bc_v1,v122,2026102202,0,learner,600,7508.0,1,0,0,21,3,1350,127
round6_sequence_bc_v1,v122,2026102202,0,learner,624,7420.0,1,0,0,24,0,1400,132
round6_sequence_bc_v1,v122,2026102202,0,learner,648,8709.0,1,0,0,22,2,1400,132
round6_sequence_bc_v1,v122,2026102202,0,learner,672,9438.0,1,0,0,17,8,1440,136
round6_sequence_bc_v1,v122,2026102202,0,learner,696,9012.0,1,0,0,21,4,1330,125
round6_sequence_bc_v1,v122,2026102202,0,learner,719,10323.0,1,13,0,20,5,1320,124
round6_sequence_bc_v1,v122,2026102202,0,opponent,0,3000.0,1,0,0,0,0,0,0
round6_sequence_bc_v1,v122,2026102202,0,opponent,24,26.0,1,0,4,19,0,0,0
round6_sequence_bc_v1,v122,2026102202,0,opponent,48,90.0,1,0,4,19,0,0,0
round6_sequence_bc_v1,v122,2026102202,0,opponent,72,202.0,1,0,5,19,0,0,0
round6_sequence_bc_v1,v122,2026102202,0,opponent,96,288.0,1,0,6,19,0,0,0
round6_sequence_bc_v1,v122,2026102202,0,opponent,120,699.0,1,0,6,19,0,0,0
round6_sequence_bc_v1,v122,2026102202,0,opponent,144,825.0,1,0,6,19,0,0,0
round6_sequence_bc_v1,v122,2026102202,0,opponent,168,851.0,2,0,8,29,0,0,0
round6_sequence_bc_v1,v122,2026102202,0,opponent,192,615.0,2,0,10,37,0,0,0
round6_sequence_bc_v1,v122,2026102202,0,opponent,216,1772.0,2,0,12,37,0,0,0
round6_sequence_bc_v1,v122,2026102202,0,opponent,240,2845.0,2,0,13,37,0,0,0
round6_sequence_bc_v1,v122,2026102202,0,opponent,264,17228.0,2,0,16,32,0,0,0
round6_sequence_bc_v1,v122,2026102202,0,opponent,288,18436.0,3,0,17,53,0,0,0
round6_sequence_bc_v1,v122,2026102202,0,opponent,312,21535.0,3,0,17,57,0,0,0
round6_sequence_bc_v1,v122,2026102202,0,opponent,336,25539.0,3,0,17,57,0,0,0
round6_sequence_bc_v1,v122,2026102202,0,opponent,360,31338.0,3,0,17,57,0,0,0
round6_sequence_bc_v1,v122,2026102202,0,opponent,384,39585.0,3,0,17,57,1,0,0
round6_sequence_bc_v1,v122,2026102202,0,opponent,408,49194.0,3,0,17,58,0,0,0
round6_sequence_bc_v1,v122,2026102202,0,opponent,432,54678.0,3,0,17,58,0,0,0
round6_sequence_bc_v1,v122,2026102202,0,opponent,456,63582.0,3,0,17,58,0,0,0
round6_sequence_bc_v1,v122,2026102202,0,opponent,480,70352.0,3,0,17,58,0,0,0
round6_sequence_bc_v1,v122,2026102202,0,opponent,504,78809.0,3,0,17,58,0,0,0
round6_sequence_bc_v1,v122,2026102202,0,opponent,528,88778.0,3,0,17,57,1,0,0
round6_sequence_bc_v1,v122,2026102202,0,opponent,552,97725.0,3,0,17,58,0,0,0
round6_sequence_bc_v1,v122,2026102202,0,opponent,576,106072.0,3,0,17,58,0,0,0
round6_sequence_bc_v1,v122,2026102202,0,opponent,600,113810.0,3,0,17,58,0,0,0
round6_sequence_bc_v1,v122,2026102202,0,opponent,624,122478.0,3,0,17,58,0,0,0
round6_sequence_bc_v1,v122,2026102202,0,opponent,648,126620.0,3,0,17,58,0,0,0
round6_sequence_bc_v1,v122,2026102202,0,opponent,672,138198.0,3,0,17,46,0,0,0
round6_sequence_bc_v1,v122,2026102202,0,opponent,696,142917.0,3,0,17,21,1,0,0
round6_sequence_bc_v1,v122,2026102202,0,opponent,719,159272.0,3,11,17,0,1,0,0
round6_sequence_bc_v1,v122,2026102202,1,learner,0,3000.0,1,0,0,0,0,0,0
round6_sequence_bc_v1,v122,2026102202,1,learner,24,1332.0,1,0,2,5,0,440,23
round6_sequence_bc_v1,v122,2026102202,1,learner,48,1014.0,1,0,0,20,0,140,14
round6_sequence_bc_v1,v122,2026102202,1,learner,72,1101.0,1,0,0,20,1,130,13
round6_sequence_bc_v1,v122,2026102202,1,learner,96,981.0,1,0,0,17,4,230,14
round6_sequence_bc_v1,v122,2026102202,1,learner,120,600.0,1,0,0,16,5,230,14
round6_sequence_bc_v1,v122,2026102202,1,learner,144,329.0,1,0,0,16,4,430,16
round6_sequence_bc_v1,v122,2026102202,1,learner,168,71.0,1,0,0,16,5,730,19
round6_sequence_bc_v1,v122,2026102202,1,learner,192,83.0,1,0,0,10,11,630,18
round6_sequence_bc_v1,v122,2026102202,1,learner,216,99.0,1,0,0,8,13,630,18
round6_sequence_bc_v1,v122,2026102202,1,learner,240,66.0,1,0,0,12,8,590,14
round6_sequence_bc_v1,v122,2026102202,1,learner,264,12.0,1,0,0,11,9,490,13
round6_sequence_bc_v1,v122,2026102202,1,learner,288,66.0,1,0,0,16,5,290,11
round6_sequence_bc_v1,v122,2026102202,1,learner,312,2093.0,1,0,1,22,0,140,14
round6_sequence_bc_v1,v122,2026102202,1,learner,336,1135.0,2,0,1,26,1,180,18
round6_sequence_bc_v1,v122,2026102202,1,learner,360,1349.0,2,0,1,29,0,250,25
round6_sequence_bc_v1,v122,2026102202,1,learner,384,1383.0,2,0,1,31,0,270,27
round6_sequence_bc_v1,v122,2026102202,1,learner,408,1405.0,2,0,1,38,0,190,19
round6_sequence_bc_v1,v122,2026102202,1,learner,432,2085.0,2,0,1,39,2,310,23
round6_sequence_bc_v1,v122,2026102202,1,learner,456,2803.0,2,0,1,34,7,180,18
round6_sequence_bc_v1,v122,2026102202,1,learner,480,4217.0,2,0,1,26,15,140,14
round6_sequence_bc_v1,v122,2026102202,1,learner,504,5804.0,2,0,1,31,11,260,18
round6_sequence_bc_v1,v122,2026102202,1,learner,528,5941.0,2,0,1,31,12,180,10
round6_sequence_bc_v1,v122,2026102202,1,learner,552,7237.0,2,0,1,37,11,380,20
round6_sequence_bc_v1,v122,2026102202,1,learner,576,8083.0,2,0,0,34,15,250,13
round6_sequence_bc_v1,v122,2026102202,1,learner,600,8487.0,2,0,0,24,25,240,13
round6_sequence_bc_v1,v122,2026102202,1,learner,624,8837.0,2,0,0,20,28,150,7
round6_sequence_bc_v1,v122,2026102202,1,learner,648,9842.0,2,0,0,14,31,200,10
round6_sequence_bc_v1,v122,2026102202,1,learner,672,10214.0,2,0,0,11,32,180,9
round6_sequence_bc_v1,v122,2026102202,1,learner,696,10679.0,2,0,0,7,34,120,6
round6_sequence_bc_v1,v122,2026102202,1,learner,719,13551.0,2,8,0,5,28,100,5
round6_sequence_bc_v1,v122,2026102202,1,opponent,0,3000.0,1,0,0,0,0,0,0
round6_sequence_bc_v1,v122,2026102202,1,opponent,24,26.0,1,0,4,19,0,0,0
round6_sequence_bc_v1,v122,2026102202,1,opponent,48,89.0,1,0,4,19,0,0,0
round6_sequence_bc_v1,v122,2026102202,1,opponent,72,203.0,1,0,5,19,0,0,0
round6_sequence_bc_v1,v122,2026102202,1,opponent,96,287.0,1,0,6,19,0,0,0
round6_sequence_bc_v1,v122,2026102202,1,opponent,120,708.0,1,0,6,19,0,0,0
round6_sequence_bc_v1,v122,2026102202,1,opponent,144,839.0,1,0,6,19,0,0,0
round6_sequence_bc_v1,v122,2026102202,1,opponent,168,1277.0,2,0,8,29,0,0,0
round6_sequence_bc_v1,v122,2026102202,1,opponent,192,747.0,2,0,10,37,0,0,0
round6_sequence_bc_v1,v122,2026102202,1,opponent,216,1825.0,2,0,12,37,0,0,0
round6_sequence_bc_v1,v122,2026102202,1,opponent,240,2920.0,2,0,13,37,0,0,0
round6_sequence_bc_v1,v122,2026102202,1,opponent,264,17379.0,2,0,16,32,0,0,0
round6_sequence_bc_v1,v122,2026102202,1,opponent,288,18530.0,3,0,17,53,0,0,0
round6_sequence_bc_v1,v122,2026102202,1,opponent,312,21677.0,3,0,17,57,0,0,0
round6_sequence_bc_v1,v122,2026102202,1,opponent,336,25726.0,3,0,17,57,0,0,0
round6_sequence_bc_v1,v122,2026102202,1,opponent,360,31556.0,3,0,17,57,0,0,0
round6_sequence_bc_v1,v122,2026102202,1,opponent,384,39687.0,3,0,17,57,1,0,0
round6_sequence_bc_v1,v122,2026102202,1,opponent,408,49062.0,3,0,17,58,0,0,0
round6_sequence_bc_v1,v122,2026102202,1,opponent,432,54409.0,3,0,17,58,0,0,0
round6_sequence_bc_v1,v122,2026102202,1,opponent,456,63056.0,3,0,17,58,0,0,0
round6_sequence_bc_v1,v122,2026102202,1,opponent,480,69561.0,3,0,17,58,0,0,0
round6_sequence_bc_v1,v122,2026102202,1,opponent,504,77926.0,3,0,17,58,0,0,0
round6_sequence_bc_v1,v122,2026102202,1,opponent,528,87768.0,3,0,17,57,1,0,0
round6_sequence_bc_v1,v122,2026102202,1,opponent,552,96479.0,3,0,17,58,0,0,0
round6_sequence_bc_v1,v122,2026102202,1,opponent,576,104669.0,3,0,17,58,0,0,0
round6_sequence_bc_v1,v122,2026102202,1,opponent,600,112287.0,3,0,17,58,0,0,0
round6_sequence_bc_v1,v122,2026102202,1,opponent,624,120126.0,3,0,17,58,0,0,0
round6_sequence_bc_v1,v122,2026102202,1,opponent,648,124387.0,3,0,17,58,0,0,0
round6_sequence_bc_v1,v122,2026102202,1,opponent,672,135967.0,3,0,17,46,0,0,0
round6_sequence_bc_v1,v122,2026102202,1,opponent,696,140531.0,3,0,17,21,1,0,0
round6_sequence_bc_v1,v122,2026102202,1,opponent,719,158110.0,3,11,17,0,1,0,0
round6_sequence_bc_v1,v122,2026102203,0,learner,0,3000.0,1,0,0,0,0,0,0
round6_sequence_bc_v1,v122,2026102203,0,learner,24,1570.0,1,0,2,5,0,300,16
round6_sequence_bc_v1,v122,2026102203,0,learner,48,1344.0,1,0,2,22,0,40,4
round6_sequence_bc_v1,v122,2026102203,0,learner,72,1004.0,1,0,2,23,0,420,8
round6_sequence_bc_v1,v122,2026102203,0,learner,96,720.0,1,0,2,20,3,720,11
round6_sequence_bc_v1,v122,2026102203,0,learner,120,124.0,1,0,2,23,0,420,8
round6_sequence_bc_v1,v122,2026102203,0,learner,144,424.0,1,0,2,20,3,620,10
round6_sequence_bc_v1,v122,2026102203,0,learner,168,34.0,1,0,2,19,4,740,13
round6_sequence_bc_v1,v122,2026102203,0,learner,192,75.0,1,0,2,21,2,750,14
round6_sequence_bc_v1,v122,2026102203,0,learner,216,12.0,1,0,1,21,2,750,14
round6_sequence_bc_v1,v122,2026102203,0,learner,240,43.0,1,0,1,10,13,860,16
round6_sequence_bc_v1,v122,2026102203,0,learner,264,34.0,1,0,1,10,13,610,18
round6_sequence_bc_v1,v122,2026102203,0,learner,288,8.0,1,0,1,19,4,260,19
round6_sequence_bc_v1,v122,2026102203,0,learner,312,0.0,1,0,1,18,5,300,23
round6_sequence_bc_v1,v122,2026102203,0,learner,336,3.0,1,0,1,8,15,360,25
round6_sequence_bc_v1,v122,2026102203,0,learner,360,79.0,1,0,1,13,10,530,34
round6_sequence_bc_v1,v122,2026102203,0,learner,384,4.0,1,0,0,18,5,410,34
round6_sequence_bc_v1,v122,2026102203,0,learner,408,91.0,1,0,2,19,4,800,52
round6_sequence_bc_v1,v122,2026102203,0,learner,432,948.0,1,0,1,19,4,910,63
round6_sequence_bc_v1,v122,2026102203,0,learner,456,476.0,1,0,1,22,1,910,71
round6_sequence_bc_v1,v122,2026102203,0,learner,480,727.0,1,0,1,21,2,1050,81
round6_sequence_bc_v1,v122,2026102203,0,learner,504,846.0,1,0,1,20,3,1120,92
round6_sequence_bc_v1,v122,2026102203,0,learner,528,954.0,1,0,1,20,3,1030,93
round6_sequence_bc_v1,v122,2026102203,0,learner,552,1098.0,1,0,1,23,0,960,91
round6_sequence_bc_v1,v122,2026102203,0,learner,576,499.0,1,0,1,21,2,1320,109
round6_sequence_bc_v1,v122,2026102203,0,learner,600,2224.0,1,0,1,23,0,1230,104
round6_sequence_bc_v1,v122,2026102203,0,learner,624,2781.0,1,0,0,22,1,1160,100
round6_sequence_bc_v1,v122,2026102203,0,learner,648,3651.0,1,0,0,20,2,1070,95
round6_sequence_bc_v1,v122,2026102203,0,learner,672,6226.0,1,0,0,24,0,930,86
round6_sequence_bc_v1,v122,2026102203,0,learner,696,7377.0,1,0,0,23,1,830,80
round6_sequence_bc_v1,v122,2026102203,0,learner,719,10640.0,1,9,0,22,2,720,70
round6_sequence_bc_v1,v122,2026102203,0,opponent,0,3000.0,1,0,0,0,0,0,0
round6_sequence_bc_v1,v122,2026102203,0,opponent,24,26.0,1,0,4,19,0,0,0
round6_sequence_bc_v1,v122,2026102203,0,opponent,48,90.0,1,0,4,19,0,0,0
round6_sequence_bc_v1,v122,2026102203,0,opponent,72,202.0,1,0,5,19,0,0,0
round6_sequence_bc_v1,v122,2026102203,0,opponent,96,288.0,1,0,6,19,0,0,0
round6_sequence_bc_v1,v122,2026102203,0,opponent,120,699.0,1,0,6,19,0,0,0
round6_sequence_bc_v1,v122,2026102203,0,opponent,144,825.0,1,0,6,19,0,0,0
round6_sequence_bc_v1,v122,2026102203,0,opponent,168,851.0,2,0,8,29,0,0,0
round6_sequence_bc_v1,v122,2026102203,0,opponent,192,612.0,2,0,10,37,0,0,0
round6_sequence_bc_v1,v122,2026102203,0,opponent,216,1493.0,2,0,12,37,0,0,0
round6_sequence_bc_v1,v122,2026102203,0,opponent,240,2549.0,2,0,13,37,0,0,0
round6_sequence_bc_v1,v122,2026102203,0,opponent,264,16924.0,2,0,16,32,0,0,0
round6_sequence_bc_v1,v122,2026102203,0,opponent,288,17468.0,3,0,17,53,1,0,0
round6_sequence_bc_v1,v122,2026102203,0,opponent,312,20491.0,3,0,17,57,0,0,0
round6_sequence_bc_v1,v122,2026102203,0,opponent,336,23580.0,3,0,17,57,0,0,0
round6_sequence_bc_v1,v122,2026102203,0,opponent,360,28331.0,3,0,17,57,0,0,0
round6_sequence_bc_v1,v122,2026102203,0,opponent,384,33674.0,3,0,17,57,1,0,0
round6_sequence_bc_v1,v122,2026102203,0,opponent,408,41459.0,3,0,17,58,0,0,0
round6_sequence_bc_v1,v122,2026102203,0,opponent,432,46233.0,3,0,17,58,0,0,0
round6_sequence_bc_v1,v122,2026102203,0,opponent,456,47700.0,4,0,17,68,0,0,0
round6_sequence_bc_v1,v122,2026102203,0,opponent,480,52218.0,4,0,17,68,0,0,0
round6_sequence_bc_v1,v122,2026102203,0,opponent,504,58886.0,4,0,17,68,2,0,0
round6_sequence_bc_v1,v122,2026102203,0,opponent,528,66716.0,4,0,17,67,3,0,0
round6_sequence_bc_v1,v122,2026102203,0,opponent,552,72929.0,4,0,17,68,2,0,0
round6_sequence_bc_v1,v122,2026102203,0,opponent,576,79414.0,4,0,17,68,2,0,0
round6_sequence_bc_v1,v122,2026102203,0,opponent,600,84788.0,4,0,17,68,2,0,0
round6_sequence_bc_v1,v122,2026102203,0,opponent,624,90606.0,4,0,17,68,2,0,0
round6_sequence_bc_v1,v122,2026102203,0,opponent,648,97225.0,4,0,17,68,2,0,0
round6_sequence_bc_v1,v122,2026102203,0,opponent,672,109366.0,4,0,17,56,2,0,0
round6_sequence_bc_v1,v122,2026102203,0,opponent,696,116826.0,4,0,17,31,2,0,0
round6_sequence_bc_v1,v122,2026102203,0,opponent,719,136738.0,4,13,17,10,2,0,0
round6_sequence_bc_v1,v122,2026102203,1,learner,0,3000.0,1,0,0,0,0,0,0
round6_sequence_bc_v1,v122,2026102203,1,learner,24,1332.0,1,0,2,5,0,440,23
round6_sequence_bc_v1,v122,2026102203,1,learner,48,1014.0,1,0,0,20,0,140,14
round6_sequence_bc_v1,v122,2026102203,1,learner,72,1101.0,1,0,0,20,1,130,13
round6_sequence_bc_v1,v122,2026102203,1,learner,96,981.0,1,0,0,17,5,230,14
round6_sequence_bc_v1,v122,2026102203,1,learner,120,600.0,1,0,0,16,6,230,14
round6_sequence_bc_v1,v122,2026102203,1,learner,144,329.0,1,0,0,16,5,430,16
round6_sequence_bc_v1,v122,2026102203,1,learner,168,102.0,1,0,0,14,7,430,16
round6_sequence_bc_v1,v122,2026102203,1,learner,192,70.0,1,0,1,18,4,200,11
round6_sequence_bc_v1,v122,2026102203,1,learner,216,98.0,1,0,0,16,5,180,9
round6_sequence_bc_v1,v122,2026102203,1,learner,240,116.0,1,0,0,17,4,60,6
round6_sequence_bc_v1,v122,2026102203,1,learner,264,86.0,1,0,1,16,5,360,9
round6_sequence_bc_v1,v122,2026102203,1,learner,288,7.0,1,0,1,16,5,70,7
round6_sequence_bc_v1,v122,2026102203,1,learner,312,127.0,2,0,1,21,7,1020,21
round6_sequence_bc_v1,v122,2026102203,1,learner,336,92.0,2,0,1,28,13,720,18
round6_sequence_bc_v1,v122,2026102203,1,learner,360,606.0,2,0,3,31,11,460,19
round6_sequence_bc_v1,v122,2026102203,1,learner,384,447.0,2,0,3,30,14,400,22
round6_sequence_bc_v1,v122,2026102203,1,learner,408,673.0,2,0,3,31,14,320,23
round6_sequence_bc_v1,v122,2026102203,1,learner,432,687.0,2,0,2,31,14,190,19
round6_sequence_bc_v1,v122,2026102203,1,learner,456,587.0,2,0,2,34,11,70,7
round6_sequence_bc_v1,v122,2026102203,1,learner,480,553.0,2,0,2,29,16,70,7
round6_sequence_bc_v1,v122,2026102203,1,learner,504,674.0,2,0,2,29,16,90,9
round6_sequence_bc_v1,v122,2026102203,1,learner,528,1546.0,2,0,2,28,17,50,5
round6_sequence_bc_v1,v122,2026102203,1,learner,552,1969.0,2,0,2,34,11,10,1
round6_sequence_bc_v1,v122,2026102203,1,learner,576,2608.0,2,0,1,33,9,20,2
round6_sequence_bc_v1,v122,2026102203,1,learner,600,2347.0,2,0,1,29,15,30,3
round6_sequence_bc_v1,v122,2026102203,1,learner,624,2393.0,2,0,1,28,13,0,0
round6_sequence_bc_v1,v122,2026102203,1,learner,648,3465.0,2,0,0,18,13,0,0
round6_sequence_bc_v1,v122,2026102203,1,learner,672,4356.0,2,0,0,15,11,0,0
round6_sequence_bc_v1,v122,2026102203,1,learner,696,6727.0,2,0,0,7,14,0,0
round6_sequence_bc_v1,v122,2026102203,1,learner,719,7810.0,2,8,0,8,12,0,0
round6_sequence_bc_v1,v122,2026102203,1,opponent,0,3000.0,1,0,0,0,0,0,0
round6_sequence_bc_v1,v122,2026102203,1,opponent,24,26.0,1,0,4,19,0,0,0
round6_sequence_bc_v1,v122,2026102203,1,opponent,48,89.0,1,0,4,19,0,0,0
round6_sequence_bc_v1,v122,2026102203,1,opponent,72,203.0,1,0,5,19,0,0,0
round6_sequence_bc_v1,v122,2026102203,1,opponent,96,287.0,1,0,6,19,0,0,0
round6_sequence_bc_v1,v122,2026102203,1,opponent,120,708.0,1,0,6,19,0,0,0
round6_sequence_bc_v1,v122,2026102203,1,opponent,144,839.0,1,0,6,19,0,0,0
round6_sequence_bc_v1,v122,2026102203,1,opponent,168,879.0,2,0,8,29,0,0,0
round6_sequence_bc_v1,v122,2026102203,1,opponent,192,656.0,2,0,10,37,0,0,0
round6_sequence_bc_v1,v122,2026102203,1,opponent,216,1561.0,2,0,12,37,0,0,0
round6_sequence_bc_v1,v122,2026102203,1,opponent,240,2653.0,2,0,13,37,0,0,0
round6_sequence_bc_v1,v122,2026102203,1,opponent,264,16691.0,2,0,16,32,0,0,0
round6_sequence_bc_v1,v122,2026102203,1,opponent,288,17549.0,3,0,17,53,1,0,0
round6_sequence_bc_v1,v122,2026102203,1,opponent,312,21751.0,3,0,17,57,0,0,0
round6_sequence_bc_v1,v122,2026102203,1,opponent,336,24327.0,3,0,17,57,0,0,0
round6_sequence_bc_v1,v122,2026102203,1,opponent,360,28712.0,3,0,17,57,0,0,0
round6_sequence_bc_v1,v122,2026102203,1,opponent,384,36347.0,3,0,17,57,1,0,0
round6_sequence_bc_v1,v122,2026102203,1,opponent,408,45634.0,3,0,17,58,0,0,0
round6_sequence_bc_v1,v122,2026102203,1,opponent,432,51600.0,3,0,17,58,0,0,0
round6_sequence_bc_v1,v122,2026102203,1,opponent,456,60146.0,3,0,17,58,0,0,0
round6_sequence_bc_v1,v122,2026102203,1,opponent,480,67295.0,3,0,17,58,0,0,0
round6_sequence_bc_v1,v122,2026102203,1,opponent,504,76150.0,3,0,17,58,0,0,0
round6_sequence_bc_v1,v122,2026102203,1,opponent,528,87440.0,3,0,17,57,1,0,0
round6_sequence_bc_v1,v122,2026102203,1,opponent,552,97039.0,3,0,17,58,0,0,0
round6_sequence_bc_v1,v122,2026102203,1,opponent,576,106384.0,3,0,17,58,0,0,0
round6_sequence_bc_v1,v122,2026102203,1,opponent,600,115450.0,3,0,17,58,0,0,0
round6_sequence_bc_v1,v122,2026102203,1,opponent,624,124361.0,3,0,17,58,0,0,0
round6_sequence_bc_v1,v122,2026102203,1,opponent,648,132613.0,3,0,17,58,0,0,0
round6_sequence_bc_v1,v122,2026102203,1,opponent,672,141452.0,3,0,17,46,0,0,0
round6_sequence_bc_v1,v122,2026102203,1,opponent,696,147808.0,3,0,17,21,0,0,0
round6_sequence_bc_v1,v122,2026102203,1,opponent,719,163401.0,3,11,17,0,0,0,0
round6_sequence_bc_v1,v122,2026102204,0,learner,0,3000.0,1,0,0,0,0,0,0
round6_sequence_bc_v1,v122,2026102204,0,learner,24,1570.0,1,0,2,5,0,300,16
round6_sequence_bc_v1,v122,2026102204,0,learner,48,1344.0,1,0,2,22,0,40,4
round6_sequence_bc_v1,v122,2026102204,0,learner,72,1004.0,1,0,2,23,0,420,8
round6_sequence_bc_v1,v122,2026102204,0,learner,96,410.0,1,0,1,20,3,900,13
round6_sequence_bc_v1,v122,2026102204,0,learner,120,58.0,1,0,1,20,3,700,11
round6_sequence_bc_v1,v122,2026102204,0,learner,144,304.0,1,0,1,19,4,700,11
round6_sequence_bc_v1,v122,2026102204,0,learner,168,85.0,1,0,1,20,3,510,10
round6_sequence_bc_v1,v122,2026102204,0,learner,192,32.0,1,0,1,21,2,440,12
round6_sequence_bc_v1,v122,2026102204,0,learner,216,12.0,1,0,1,20,3,440,12
round6_sequence_bc_v1,v122,2026102204,0,learner,240,47.0,1,0,0,18,5,590,18
round6_sequence_bc_v1,v122,2026102204,0,learner,264,4.0,1,0,1,9,14,500,18
round6_sequence_bc_v1,v122,2026102204,0,learner,288,905.0,1,0,0,13,9,350,26
round6_sequence_bc_v1,v122,2026102204,0,learner,312,14.0,1,0,0,18,5,560,38
round6_sequence_bc_v1,v122,2026102204,0,learner,336,81.0,1,0,0,19,4,640,46
round6_sequence_bc_v1,v122,2026102204,0,learner,360,750.0,1,0,0,19,4,950,59
round6_sequence_bc_v1,v122,2026102204,0,learner,384,284.0,1,0,0,23,0,920,65
round6_sequence_bc_v1,v122,2026102204,0,learner,408,128.0,1,0,0,23,0,1080,72
round6_sequence_bc_v1,v122,2026102204,0,learner,432,517.0,1,0,0,22,1,1170,81
round6_sequence_bc_v1,v122,2026102204,0,learner,456,231.0,1,0,0,22,2,1150,88
round6_sequence_bc_v1,v122,2026102204,0,learner,480,1062.0,1,0,0,22,2,1270,100
round6_sequence_bc_v1,v122,2026102204,0,learner,504,3077.0,1,0,0,21,3,1400,113
round6_sequence_bc_v1,v122,2026102204,0,learner,528,3660.0,1,0,0,21,3,1240,115
round6_sequence_bc_v1,v122,2026102204,0,learner,552,3737.0,1,0,0,20,4,1260,126
round6_sequence_bc_v1,v122,2026102204,0,learner,576,4335.0,1,0,0,22,3,1380,138
round6_sequence_bc_v1,v122,2026102204,0,learner,600,5180.0,1,0,0,22,2,1490,149
round6_sequence_bc_v1,v122,2026102204,0,learner,624,7327.0,1,0,0,22,3,1590,159
round6_sequence_bc_v1,v122,2026102204,0,learner,648,7425.0,1,0,0,23,2,1590,159
round6_sequence_bc_v1,v122,2026102204,0,learner,672,7589.0,1,0,0,23,2,1570,157
round6_sequence_bc_v1,v122,2026102204,0,learner,696,7690.0,1,0,0,21,4,1540,154
round6_sequence_bc_v1,v122,2026102204,0,learner,719,12921.0,1,10,0,22,3,1480,148
round6_sequence_bc_v1,v122,2026102204,0,opponent,0,3000.0,1,0,0,0,0,0,0
round6_sequence_bc_v1,v122,2026102204,0,opponent,24,26.0,1,0,4,19,0,0,0
round6_sequence_bc_v1,v122,2026102204,0,opponent,48,90.0,1,0,4,19,0,0,0
round6_sequence_bc_v1,v122,2026102204,0,opponent,72,202.0,1,0,5,19,0,0,0
round6_sequence_bc_v1,v122,2026102204,0,opponent,96,288.0,1,0,6,19,0,0,0
round6_sequence_bc_v1,v122,2026102204,0,opponent,120,700.0,1,0,6,19,0,0,0
round6_sequence_bc_v1,v122,2026102204,0,opponent,144,827.0,1,0,6,19,0,0,0
round6_sequence_bc_v1,v122,2026102204,0,opponent,168,858.0,2,0,8,29,0,0,0
round6_sequence_bc_v1,v122,2026102204,0,opponent,192,715.0,2,0,10,37,0,0,0
round6_sequence_bc_v1,v122,2026102204,0,opponent,216,1508.0,2,0,12,37,0,0,0
round6_sequence_bc_v1,v122,2026102204,0,opponent,240,2572.0,2,0,13,37,0,0,0
round6_sequence_bc_v1,v122,2026102204,0,opponent,264,17932.0,2,0,16,32,0,0,0
round6_sequence_bc_v1,v122,2026102204,0,opponent,288,18331.0,3,0,17,53,0,0,0
round6_sequence_bc_v1,v122,2026102204,0,opponent,312,22433.0,3,0,17,57,0,0,0
round6_sequence_bc_v1,v122,2026102204,0,opponent,336,25330.0,3,0,17,57,0,0,0
round6_sequence_bc_v1,v122,2026102204,0,opponent,360,31034.0,3,0,17,57,0,0,0
round6_sequence_bc_v1,v122,2026102204,0,opponent,384,37571.0,3,0,17,57,1,0,0
round6_sequence_bc_v1,v122,2026102204,0,opponent,408,47063.0,3,0,17,58,0,0,0
round6_sequence_bc_v1,v122,2026102204,0,opponent,432,52964.0,3,0,17,58,0,0,0
round6_sequence_bc_v1,v122,2026102204,0,opponent,456,57467.0,4,0,17,68,0,0,0
round6_sequence_bc_v1,v122,2026102204,0,opponent,480,64737.0,4,0,17,68,0,0,0
round6_sequence_bc_v1,v122,2026102204,0,opponent,504,74479.0,4,0,17,68,0,0,0
round6_sequence_bc_v1,v122,2026102204,0,opponent,528,85831.0,4,0,17,67,2,0,0
round6_sequence_bc_v1,v122,2026102204,0,opponent,552,95723.0,4,0,17,68,1,0,0
round6_sequence_bc_v1,v122,2026102204,0,opponent,576,105155.0,4,0,17,68,1,0,0
round6_sequence_bc_v1,v122,2026102204,0,opponent,600,113512.0,4,0,17,68,1,0,0
round6_sequence_bc_v1,v122,2026102204,0,opponent,624,121373.0,4,0,17,68,1,0,0
round6_sequence_bc_v1,v122,2026102204,0,opponent,648,129623.0,4,0,17,68,1,0,0
round6_sequence_bc_v1,v122,2026102204,0,opponent,672,146722.0,4,0,17,56,1,0,0
round6_sequence_bc_v1,v122,2026102204,0,opponent,696,155536.0,4,0,17,31,1,0,0
round6_sequence_bc_v1,v122,2026102204,0,opponent,719,179342.0,4,13,17,10,1,0,0
round6_sequence_bc_v1,v122,2026102204,1,learner,0,3000.0,1,0,0,0,0,0,0
round6_sequence_bc_v1,v122,2026102204,1,learner,24,1332.0,1,0,2,5,0,440,23
round6_sequence_bc_v1,v122,2026102204,1,learner,48,1014.0,1,0,0,20,0,140,14
round6_sequence_bc_v1,v122,2026102204,1,learner,72,1101.0,1,0,0,20,1,130,13
round6_sequence_bc_v1,v122,2026102204,1,learner,96,989.0,1,0,0,17,4,230,14
round6_sequence_bc_v1,v122,2026102204,1,learner,120,578.0,1,0,0,16,4,430,16
round6_sequence_bc_v1,v122,2026102204,1,learner,144,642.0,1,0,0,17,3,230,14
round6_sequence_bc_v1,v122,2026102204,1,learner,168,82.0,1,0,0,18,4,390,12
round6_sequence_bc_v1,v122,2026102204,1,learner,192,91.0,1,0,1,17,5,180,9
round6_sequence_bc_v1,v122,2026102204,1,learner,216,88.0,1,0,1,15,7,70,7
round6_sequence_bc_v1,v122,2026102204,1,learner,240,55.0,1,0,1,8,14,170,8
round6_sequence_bc_v1,v122,2026102204,1,learner,264,12.0,1,0,1,8,14,370,10
round6_sequence_bc_v1,v122,2026102204,1,learner,288,2318.0,1,0,1,12,10,80,8
round6_sequence_bc_v1,v122,2026102204,1,learner,312,2225.0,1,0,1,20,1,20,2
round6_sequence_bc_v1,v122,2026102204,1,learner,336,451.0,2,0,1,22,1,310,4
round6_sequence_bc_v1,v122,2026102204,1,learner,360,710.0,2,0,1,25,1,280,10
round6_sequence_bc_v1,v122,2026102204,1,learner,384,486.0,2,0,1,31,1,90,9
round6_sequence_bc_v1,v122,2026102204,1,learner,408,4.0,2,0,2,34,2,430,11
round6_sequence_bc_v1,v122,2026102204,1,learner,432,348.0,2,0,1,29,7,400,17
round6_sequence_bc_v1,v122,2026102204,1,learner,456,874.0,2,0,1,29,8,300,16
round6_sequence_bc_v1,v122,2026102204,1,learner,480,1116.0,2,0,1,28,9,310,17
round6_sequence_bc_v1,v122,2026102204,1,learner,504,1026.0,2,0,1,29,8,320,18
round6_sequence_bc_v1,v122,2026102204,1,learner,528,1144.0,2,0,1,31,10,270,13
round6_sequence_bc_v1,v122,2026102204,1,learner,552,1791.0,2,0,1,30,11,260,12
round6_sequence_bc_v1,v122,2026102204,1,learner,576,2021.0,2,0,1,30,12,160,2
round6_sequence_bc_v1,v122,2026102204,1,learner,600,2279.0,2,0,1,28,11,10,1
round6_sequence_bc_v1,v122,2026102204,1,learner,624,4256.0,2,0,1,23,11,0,0
round6_sequence_bc_v1,v122,2026102204,1,learner,648,6616.0,2,0,0,16,11,0,0
round6_sequence_bc_v1,v122,2026102204,1,learner,672,9498.0,2,0,0,9,14,0,0
round6_sequence_bc_v1,v122,2026102204,1,learner,696,9735.0,2,0,0,7,15,0,0
round6_sequence_bc_v1,v122,2026102204,1,learner,719,9443.0,2,6,0,8,6,0,0
round6_sequence_bc_v1,v122,2026102204,1,opponent,0,3000.0,1,0,0,0,0,0,0
round6_sequence_bc_v1,v122,2026102204,1,opponent,24,26.0,1,0,4,19,0,0,0
round6_sequence_bc_v1,v122,2026102204,1,opponent,48,89.0,1,0,4,19,0,0,0
round6_sequence_bc_v1,v122,2026102204,1,opponent,72,203.0,1,0,5,19,0,0,0
round6_sequence_bc_v1,v122,2026102204,1,opponent,96,286.0,1,0,6,19,0,0,0
round6_sequence_bc_v1,v122,2026102204,1,opponent,120,713.0,1,0,6,19,0,0,0
round6_sequence_bc_v1,v122,2026102204,1,opponent,144,842.0,1,0,6,19,0,0,0
round6_sequence_bc_v1,v122,2026102204,1,opponent,168,881.0,2,0,8,29,0,0,0
round6_sequence_bc_v1,v122,2026102204,1,opponent,192,950.0,2,0,10,37,0,0,0
round6_sequence_bc_v1,v122,2026102204,1,opponent,216,1799.0,2,0,12,37,0,0,0
round6_sequence_bc_v1,v122,2026102204,1,opponent,240,2917.0,2,0,13,37,0,0,0
round6_sequence_bc_v1,v122,2026102204,1,opponent,264,18182.0,2,0,16,32,0,0,0
round6_sequence_bc_v1,v122,2026102204,1,opponent,288,18541.0,3,0,17,53,0,0,0
round6_sequence_bc_v1,v122,2026102204,1,opponent,312,22747.0,3,0,17,57,0,0,0
round6_sequence_bc_v1,v122,2026102204,1,opponent,336,25744.0,3,0,17,57,0,0,0
round6_sequence_bc_v1,v122,2026102204,1,opponent,360,31461.0,3,0,17,57,0,0,0
round6_sequence_bc_v1,v122,2026102204,1,opponent,384,36170.0,3,0,17,57,1,0,0
round6_sequence_bc_v1,v122,2026102204,1,opponent,408,45582.0,3,0,17,58,0,0,0
round6_sequence_bc_v1,v122,2026102204,1,opponent,432,51078.0,3,0,17,58,0,0,0
round6_sequence_bc_v1,v122,2026102204,1,opponent,456,58811.0,3,0,17,58,0,0,0
round6_sequence_bc_v1,v122,2026102204,1,opponent,480,65561.0,3,0,17,58,0,0,0
round6_sequence_bc_v1,v122,2026102204,1,opponent,504,73430.0,3,0,17,58,0,0,0
round6_sequence_bc_v1,v122,2026102204,1,opponent,528,84200.0,3,0,17,57,1,0,0
round6_sequence_bc_v1,v122,2026102204,1,opponent,552,92320.0,3,0,17,58,0,0,0
round6_sequence_bc_v1,v122,2026102204,1,opponent,576,99891.0,3,0,17,58,0,0,0
round6_sequence_bc_v1,v122,2026102204,1,opponent,600,106384.0,3,0,17,58,0,0,0
round6_sequence_bc_v1,v122,2026102204,1,opponent,624,111785.0,3,0,16,58,0,0,0
round6_sequence_bc_v1,v122,2026102204,1,opponent,648,117534.0,3,0,16,58,0,0,0
round6_sequence_bc_v1,v122,2026102204,1,opponent,672,125106.0,3,0,16,46,0,0,0
round6_sequence_bc_v1,v122,2026102204,1,opponent,696,133349.0,3,0,16,21,0,0,0
round6_sequence_bc_v1,v122,2026102204,1,opponent,719,145487.0,3,11,16,0,0,0,0
round6_sequence_bc_v1,v122,2026102205,0,learner,0,3000.0,1,0,0,0,0,0,0
round6_sequence_bc_v1,v122,2026102205,0,learner,24,1570.0,1,0,2,5,0,300,16
round6_sequence_bc_v1,v122,2026102205,0,learner,48,1344.0,1,0,2,22,0,40,4
round6_sequence_bc_v1,v122,2026102205,0,learner,72,1004.0,1,0,2,23,0,420,8
round6_sequence_bc_v1,v122,2026102205,0,learner,96,538.0,1,0,1,18,5,800,12
round6_sequence_bc_v1,v122,2026102205,0,learner,120,57.0,1,0,1,20,3,520,9
round6_sequence_bc_v1,v122,2026102205,0,learner,144,410.0,1,0,1,18,5,520,9
round6_sequence_bc_v1,v122,2026102205,0,learner,168,70.0,1,0,1,16,7,520,9
round6_sequence_bc_v1,v122,2026102205,0,learner,192,111.0,1,0,1,20,3,350,8
round6_sequence_bc_v1,v122,2026102205,0,learner,216,8.0,1,0,0,22,1,240,6
round6_sequence_bc_v1,v122,2026102205,0,learner,240,140.0,1,0,1,19,4,350,8
round6_sequence_bc_v1,v122,2026102205,0,learner,264,22.0,1,0,0,16,7,680,14
round6_sequence_bc_v1,v122,2026102205,0,learner,288,2.0,1,0,1,19,4,260,8
round6_sequence_bc_v1,v122,2026102205,0,learner,312,0.0,1,0,1,20,3,540,18
round6_sequence_bc_v1,v122,2026102205,0,learner,336,2.0,1,0,1,7,16,650,20
round6_sequence_bc_v1,v122,2026102205,0,learner,360,76.0,1,0,1,5,18,630,18
round6_sequence_bc_v1,v122,2026102205,0,learner,384,5.0,1,0,1,11,12,190,19
round6_sequence_bc_v1,v122,2026102205,0,learner,408,9.0,1,0,1,13,10,170,17
round6_sequence_bc_v1,v122,2026102205,0,learner,432,8.0,1,0,1,10,12,230,23
round6_sequence_bc_v1,v122,2026102205,0,learner,456,6.0,1,0,1,17,3,240,24
round6_sequence_bc_v1,v122,2026102205,0,learner,480,2.0,1,0,1,15,4,240,24
round6_sequence_bc_v1,v122,2026102205,0,learner,504,65.0,1,0,1,10,10,330,24
round6_sequence_bc_v1,v122,2026102205,0,learner,528,1.0,1,0,1,15,4,170,17
round6_sequence_bc_v1,v122,2026102205,0,learner,552,34.0,1,0,1,16,3,330,24
round6_sequence_bc_v1,v122,2026102205,0,learner,576,5.0,1,0,0,15,5,250,25
round6_sequence_bc_v1,v122,2026102205,0,learner,600,34.0,1,0,1,14,6,340,34
round6_sequence_bc_v1,v122,2026102205,0,learner,624,18.0,1,0,0,13,7,340,34
round6_sequence_bc_v1,v122,2026102205,0,learner,648,98.0,1,0,1,21,0,260,26
round6_sequence_bc_v1,v122,2026102205,0,learner,672,509.0,1,0,1,23,0,240,24
round6_sequence_bc_v1,v122,2026102205,0,learner,696,193.0,1,0,1,23,0,300,21
round6_sequence_bc_v1,v122,2026102205,0,learner,719,1709.0,1,9,1,23,0,260,17
round6_sequence_bc_v1,v122,2026102205,0,opponent,0,3000.0,1,0,0,0,0,0,0
round6_sequence_bc_v1,v122,2026102205,0,opponent,24,26.0,1,0,4,19,0,0,0
round6_sequence_bc_v1,v122,2026102205,0,opponent,48,90.0,1,0,4,19,0,0,0
round6_sequence_bc_v1,v122,2026102205,0,opponent,72,202.0,1,0,5,19,0,0,0
round6_sequence_bc_v1,v122,2026102205,0,opponent,96,287.0,1,0,6,19,0,0,0
round6_sequence_bc_v1,v122,2026102205,0,opponent,120,704.0,1,0,6,19,0,0,0
round6_sequence_bc_v1,v122,2026102205,0,opponent,144,829.0,1,0,6,19,0,0,0
round6_sequence_bc_v1,v122,2026102205,0,opponent,168,1259.0,2,0,8,29,0,0,0
round6_sequence_bc_v1,v122,2026102205,0,opponent,192,718.0,2,0,10,37,0,0,0
round6_sequence_bc_v1,v122,2026102205,0,opponent,216,2041.0,2,0,12,37,0,0,0
round6_sequence_bc_v1,v122,2026102205,0,opponent,240,3272.0,2,0,13,37,0,0,0
round6_sequence_bc_v1,v122,2026102205,0,opponent,264,18970.0,2,0,16,32,0,0,0
round6_sequence_bc_v1,v122,2026102205,0,opponent,288,19630.0,3,0,17,53,0,0,0
round6_sequence_bc_v1,v122,2026102205,0,opponent,312,23919.0,3,0,17,57,0,0,0
round6_sequence_bc_v1,v122,2026102205,0,opponent,336,27050.0,3,0,17,57,0,0,0
round6_sequence_bc_v1,v122,2026102205,0,opponent,360,32441.0,3,0,17,57,0,0,0
round6_sequence_bc_v1,v122,2026102205,0,opponent,384,40382.0,3,0,17,57,0,10,1
round6_sequence_bc_v1,v122,2026102205,0,opponent,408,49487.0,3,0,17,58,0,10,1
round6_sequence_bc_v1,v122,2026102205,0,opponent,432,54672.0,3,0,17,58,0,10,1
round6_sequence_bc_v1,v122,2026102205,0,opponent,456,63063.0,3,0,17,58,0,10,1
round6_sequence_bc_v1,v122,2026102205,0,opponent,480,72051.0,3,0,17,58,0,10,1
round6_sequence_bc_v1,v122,2026102205,0,opponent,504,79986.0,3,0,17,58,0,10,1
round6_sequence_bc_v1,v122,2026102205,0,opponent,528,91097.0,3,0,17,57,1,10,1
round6_sequence_bc_v1,v122,2026102205,0,opponent,552,101304.0,3,0,17,58,0,10,1
round6_sequence_bc_v1,v122,2026102205,0,opponent,576,111152.0,3,0,17,58,0,10,1
round6_sequence_bc_v1,v122,2026102205,0,opponent,600,119977.0,3,0,17,58,0,10,1
round6_sequence_bc_v1,v122,2026102205,0,opponent,624,129443.0,3,0,17,58,0,10,1
round6_sequence_bc_v1,v122,2026102205,0,opponent,648,138406.0,3,0,17,58,0,10,1
round6_sequence_bc_v1,v122,2026102205,0,opponent,672,145800.0,3,0,17,46,0,10,1
round6_sequence_bc_v1,v122,2026102205,0,opponent,696,159489.0,3,0,17,21,1,10,1
round6_sequence_bc_v1,v122,2026102205,0,opponent,719,172285.0,3,11,17,0,1,10,1
round6_sequence_bc_v1,v122,2026102205,1,learner,0,3000.0,1,0,0,0,0,0,0
round6_sequence_bc_v1,v122,2026102205,1,learner,24,1332.0,1,0,2,5,0,440,23
round6_sequence_bc_v1,v122,2026102205,1,learner,48,1014.0,1,0,0,20,0,140,14
round6_sequence_bc_v1,v122,2026102205,1,learner,72,1101.0,1,0,0,20,1,130,13
round6_sequence_bc_v1,v122,2026102205,1,learner,96,981.0,1,0,0,17,4,230,14
round6_sequence_bc_v1,v122,2026102205,1,learner,120,600.0,1,0,0,16,5,230,14
round6_sequence_bc_v1,v122,2026102205,1,learner,144,329.0,1,0,0,16,4,430,16
round6_sequence_bc_v1,v122,2026102205,1,learner,168,31.0,1,0,0,15,6,520,16
round6_sequence_bc_v1,v122,2026102205,1,learner,192,11.0,1,0,1,16,6,310,13
round6_sequence_bc_v1,v122,2026102205,1,learner,216,34.0,1,0,0,12,10,300,12
round6_sequence_bc_v1,v122,2026102205,1,learner,240,73.0,1,0,0,12,10,200,11
round6_sequence_bc_v1,v122,2026102205,1,learner,264,80.0,1,0,0,15,6,480,12
round6_sequence_bc_v1,v122,2026102205,1,learner,288,7.0,1,0,1,16,6,310,13
round6_sequence_bc_v1,v122,2026102205,1,learner,312,188.0,1,0,1,12,10,1340,26
round6_sequence_bc_v1,v122,2026102205,1,learner,336,88.0,1,0,1,7,14,1440,27
round6_sequence_bc_v1,v122,2026102205,1,learner,360,228.0,1,0,2,9,11,940,31
round6_sequence_bc_v1,v122,2026102205,1,learner,384,140.0,1,0,2,14,5,530,35
round6_sequence_bc_v1,v122,2026102205,1,learner,408,159.0,1,0,2,16,1,490,40
round6_sequence_bc_v1,v122,2026102205,1,learner,432,933.0,1,0,1,16,1,610,52
round6_sequence_bc_v1,v122,2026102205,1,learner,456,115.0,1,0,2,14,2,810,63
round6_sequence_bc_v1,v122,2026102205,1,learner,480,71.0,1,0,2,12,4,820,64
round6_sequence_bc_v1,v122,2026102205,1,learner,504,0.0,1,0,2,15,1,870,69
round6_sequence_bc_v1,v122,2026102205,1,learner,528,454.0,1,0,2,15,2,940,85
round6_sequence_bc_v1,v122,2026102205,1,learner,552,11.0,1,0,1,10,8,920,83
round6_sequence_bc_v1,v122,2026102205,1,learner,576,1106.0,1,0,0,6,12,930,84
round6_sequence_bc_v1,v122,2026102205,1,learner,600,18.0,2,0,3,21,6,750,66
round6_sequence_bc_v1,v122,2026102205,1,learner,624,6.0,2,0,1,28,8,570,57
round6_sequence_bc_v1,v122,2026102205,1,learner,648,96.0,2,0,0,24,12,520,52
round6_sequence_bc_v1,v122,2026102205,1,learner,672,42.0,2,0,0,25,14,390,39
round6_sequence_bc_v1,v122,2026102205,1,learner,696,680.0,2,0,0,26,13,310,31
round6_sequence_bc_v1,v122,2026102205,1,learner,719,1808.0,2,7,0,26,13,260,26
round6_sequence_bc_v1,v122,2026102205,1,opponent,0,3000.0,1,0,0,0,0,0,0
round6_sequence_bc_v1,v122,2026102205,1,opponent,24,26.0,1,0,4,19,0,0,0
round6_sequence_bc_v1,v122,2026102205,1,opponent,48,89.0,1,0,4,19,0,0,0
round6_sequence_bc_v1,v122,2026102205,1,opponent,72,203.0,1,0,5,19,0,0,0
round6_sequence_bc_v1,v122,2026102205,1,opponent,96,287.0,1,0,6,19,0,0,0
round6_sequence_bc_v1,v122,2026102205,1,opponent,120,708.0,1,0,6,19,0,0,0
round6_sequence_bc_v1,v122,2026102205,1,opponent,144,839.0,1,0,6,19,0,0,0
round6_sequence_bc_v1,v122,2026102205,1,opponent,168,880.0,2,0,8,29,0,0,0
round6_sequence_bc_v1,v122,2026102205,1,opponent,192,657.0,2,0,10,37,0,0,0
round6_sequence_bc_v1,v122,2026102205,1,opponent,216,1563.0,2,0,12,37,0,0,0
round6_sequence_bc_v1,v122,2026102205,1,opponent,240,2654.0,2,0,13,37,0,0,0
round6_sequence_bc_v1,v122,2026102205,1,opponent,264,16410.0,2,0,16,32,0,0,0
round6_sequence_bc_v1,v122,2026102205,1,opponent,288,16970.0,3,0,17,53,0,0,0
round6_sequence_bc_v1,v122,2026102205,1,opponent,312,20041.0,3,0,17,57,0,0,0
round6_sequence_bc_v1,v122,2026102205,1,opponent,336,23074.0,3,0,17,57,0,0,0
round6_sequence_bc_v1,v122,2026102205,1,opponent,360,26646.0,3,0,17,57,0,0,0
round6_sequence_bc_v1,v122,2026102205,1,opponent,384,32211.0,3,0,17,57,1,0,0
round6_sequence_bc_v1,v122,2026102205,1,opponent,408,40447.0,3,0,17,58,0,0,0
round6_sequence_bc_v1,v122,2026102205,1,opponent,432,45940.0,3,0,17,58,0,0,0
round6_sequence_bc_v1,v122,2026102205,1,opponent,456,52630.0,3,0,17,58,0,0,0
round6_sequence_bc_v1,v122,2026102205,1,opponent,480,58373.0,3,0,17,58,0,0,0
round6_sequence_bc_v1,v122,2026102205,1,opponent,504,65682.0,3,0,17,58,0,0,0
round6_sequence_bc_v1,v122,2026102205,1,opponent,528,75187.0,3,0,17,57,1,0,0
round6_sequence_bc_v1,v122,2026102205,1,opponent,552,81986.0,3,0,17,58,0,0,0
round6_sequence_bc_v1,v122,2026102205,1,opponent,576,89766.0,3,0,17,58,0,0,0
round6_sequence_bc_v1,v122,2026102205,1,opponent,600,97083.0,3,0,17,58,0,0,0
round6_sequence_bc_v1,v122,2026102205,1,opponent,624,102517.0,3,0,17,58,0,0,0
round6_sequence_bc_v1,v122,2026102205,1,opponent,648,104543.0,3,0,17,58,0,0,0
round6_sequence_bc_v1,v122,2026102205,1,opponent,672,114995.0,3,0,17,46,0,0,0
round6_sequence_bc_v1,v122,2026102205,1,opponent,696,118828.0,3,0,17,21,1,0,0
round6_sequence_bc_v1,v122,2026102205,1,opponent,719,131794.0,3,11,17,0,1,0,0
round6_sequence_bc_v1,v122,2026102206,0,learner,0,3000.0,1,0,0,0,0,0,0
round6_sequence_bc_v1,v122,2026102206,0,learner,24,1570.0,1,0,2,5,0,300,16
round6_sequence_bc_v1,v122,2026102206,0,learner,48,1344.0,1,0,2,22,0,40,4
round6_sequence_bc_v1,v122,2026102206,0,learner,72,1004.0,1,0,2,23,0,420,8
round6_sequence_bc_v1,v122,2026102206,0,learner,96,410.0,1,0,1,20,3,900,13
round6_sequence_bc_v1,v122,2026102206,0,learner,120,58.0,1,0,1,20,3,700,11
round6_sequence_bc_v1,v122,2026102206,0,learner,144,304.0,1,0,1,19,4,700,11
round6_sequence_bc_v1,v122,2026102206,0,learner,168,85.0,1,0,1,20,3,510,10
round6_sequence_bc_v1,v122,2026102206,0,learner,192,32.0,1,0,1,21,2,440,12
round6_sequence_bc_v1,v122,2026102206,0,learner,216,12.0,1,0,1,20,3,440,12
round6_sequence_bc_v1,v122,2026102206,0,learner,240,45.0,1,0,0,18,5,590,18
round6_sequence_bc_v1,v122,2026102206,0,learner,264,1869.0,1,0,1,18,3,640,23
round6_sequence_bc_v1,v122,2026102206,0,learner,288,598.0,1,0,1,23,0,1060,27
round6_sequence_bc_v1,v122,2026102206,0,learner,312,3035.0,1,0,1,23,0,1230,35
round6_sequence_bc_v1,v122,2026102206,0,learner,336,3837.0,1,0,1,22,1,1270,39
round6_sequence_bc_v1,v122,2026102206,0,learner,360,3582.0,1,0,1,18,5,1270,39
round6_sequence_bc_v1,v122,2026102206,0,learner,384,3230.0,1,0,0,15,8,1070,37
round6_sequence_bc_v1,v122,2026102206,0,learner,408,3369.0,1,0,1,14,9,1000,39
round6_sequence_bc_v1,v122,2026102206,0,learner,432,3755.0,1,0,1,15,8,900,38
round6_sequence_bc_v1,v122,2026102206,0,learner,456,3007.0,1,0,1,15,8,940,42
round6_sequence_bc_v1,v122,2026102206,0,learner,480,3874.0,1,0,1,10,13,960,44
round6_sequence_bc_v1,v122,2026102206,0,learner,504,3868.0,1,0,1,9,14,1010,49
round6_sequence_bc_v1,v122,2026102206,0,learner,528,4662.0,1,0,1,9,14,1050,56
round6_sequence_bc_v1,v122,2026102206,0,learner,552,5794.0,1,0,1,12,11,910,51
round6_sequence_bc_v1,v122,2026102206,0,learner,576,6097.0,1,0,0,13,10,1020,56
round6_sequence_bc_v1,v122,2026102206,0,learner,600,5863.0,1,0,0,17,7,710,53
round6_sequence_bc_v1,v122,2026102206,0,learner,624,5913.0,1,0,0,16,8,710,53
round6_sequence_bc_v1,v122,2026102206,0,learner,648,8664.0,1,0,0,16,8,700,52
round6_sequence_bc_v1,v122,2026102206,0,learner,672,8860.0,1,0,0,16,8,670,50
round6_sequence_bc_v1,v122,2026102206,0,learner,696,8986.0,1,0,1,14,8,600,44
round6_sequence_bc_v1,v122,2026102206,0,learner,719,10454.0,1,6,1,17,6,510,36
round6_sequence_bc_v1,v122,2026102206,0,opponent,0,3000.0,1,0,0,0,0,0,0
round6_sequence_bc_v1,v122,2026102206,0,opponent,24,26.0,1,0,4,19,0,0,0
round6_sequence_bc_v1,v122,2026102206,0,opponent,48,90.0,1,0,4,19,0,0,0
round6_sequence_bc_v1,v122,2026102206,0,opponent,72,202.0,1,0,5,19,0,0,0
round6_sequence_bc_v1,v122,2026102206,0,opponent,96,288.0,1,0,6,19,0,0,0
round6_sequence_bc_v1,v122,2026102206,0,opponent,120,700.0,1,0,6,19,0,0,0
round6_sequence_bc_v1,v122,2026102206,0,opponent,144,827.0,1,0,6,19,0,0,0
round6_sequence_bc_v1,v122,2026102206,0,opponent,168,858.0,2,0,8,29,0,0,0
round6_sequence_bc_v1,v122,2026102206,0,opponent,192,715.0,2,0,10,37,0,0,0
round6_sequence_bc_v1,v122,2026102206,0,opponent,216,1508.0,2,0,12,37,0,0,0
round6_sequence_bc_v1,v122,2026102206,0,opponent,240,2575.0,2,0,13,37,0,0,0
round6_sequence_bc_v1,v122,2026102206,0,opponent,264,17808.0,2,0,16,32,0,0,0
round6_sequence_bc_v1,v122,2026102206,0,opponent,288,18040.0,3,0,17,53,0,0,0
round6_sequence_bc_v1,v122,2026102206,0,opponent,312,22116.0,3,0,17,57,0,0,0
round6_sequence_bc_v1,v122,2026102206,0,opponent,336,24889.0,3,0,17,57,0,0,0
round6_sequence_bc_v1,v122,2026102206,0,opponent,360,30597.0,3,0,17,57,0,0,0
round6_sequence_bc_v1,v122,2026102206,0,opponent,384,36476.0,3,0,17,57,1,0,0
round6_sequence_bc_v1,v122,2026102206,0,opponent,408,46317.0,3,0,17,58,0,0,0
round6_sequence_bc_v1,v122,2026102206,0,opponent,432,51700.0,3,0,17,58,0,0,0
round6_sequence_bc_v1,v122,2026102206,0,opponent,456,60407.0,3,0,17,58,0,0,0
round6_sequence_bc_v1,v122,2026102206,0,opponent,480,66415.0,3,0,17,58,0,0,0
round6_sequence_bc_v1,v122,2026102206,0,opponent,504,75916.0,3,0,17,58,0,0,0
round6_sequence_bc_v1,v122,2026102206,0,opponent,528,86978.0,3,0,17,57,1,0,0
round6_sequence_bc_v1,v122,2026102206,0,opponent,552,95981.0,3,0,17,58,0,0,0
round6_sequence_bc_v1,v122,2026102206,0,opponent,576,104984.0,3,0,17,58,0,0,0
round6_sequence_bc_v1,v122,2026102206,0,opponent,600,113658.0,3,0,17,58,0,0,0
round6_sequence_bc_v1,v122,2026102206,0,opponent,624,121689.0,3,0,17,58,0,0,0
round6_sequence_bc_v1,v122,2026102206,0,opponent,648,125175.0,3,0,17,58,0,0,0
round6_sequence_bc_v1,v122,2026102206,0,opponent,672,135929.0,3,0,17,46,0,0,0
round6_sequence_bc_v1,v122,2026102206,0,opponent,696,144457.0,3,0,17,21,0,0,0
round6_sequence_bc_v1,v122,2026102206,0,opponent,719,158838.0,3,11,17,0,0,0,0
round6_sequence_bc_v1,v122,2026102206,1,learner,0,3000.0,1,0,0,0,0,0,0
round6_sequence_bc_v1,v122,2026102206,1,learner,24,1332.0,1,0,2,5,0,440,23
round6_sequence_bc_v1,v122,2026102206,1,learner,48,1014.0,1,0,0,20,0,140,14
round6_sequence_bc_v1,v122,2026102206,1,learner,72,1101.0,1,0,0,20,1,130,13
round6_sequence_bc_v1,v122,2026102206,1,learner,96,1109.0,1,0,0,17,3,130,13
round6_sequence_bc_v1,v122,2026102206,1,learner,120,466.0,1,0,0,18,3,490,15
round6_sequence_bc_v1,v122,2026102206,1,learner,144,656.0,1,0,0,19,1,210,12
round6_sequence_bc_v1,v122,2026102206,1,learner,168,52.0,1,0,0,19,2,310,13
round6_sequence_bc_v1,v122,2026102206,1,learner,192,77.0,1,0,1,19,3,200,11
round6_sequence_bc_v1,v122,2026102206,1,learner,216,123.0,1,0,1,21,1,180,9
round6_sequence_bc_v1,v122,2026102206,1,learner,240,66.0,1,0,1,18,4,180,9
round6_sequence_bc_v1,v122,2026102206,1,learner,264,506.0,1,0,1,15,7,310,13
round6_sequence_bc_v1,v122,2026102206,1,learner,288,1.0,1,0,1,18,5,190,10
round6_sequence_bc_v1,v122,2026102206,1,learner,312,1293.0,1,0,0,17,6,370,17
round6_sequence_bc_v1,v122,2026102206,1,learner,336,360.0,1,0,0,14,8,170,17
round6_sequence_bc_v1,v122,2026102206,1,learner,360,1698.0,1,0,2,20,2,210,21
round6_sequence_bc_v1,v122,2026102206,1,learner,384,4054.0,1,0,2,19,3,300,26
round6_sequence_bc_v1,v122,2026102206,1,learner,408,4248.0,1,0,2,15,7,330,29
round6_sequence_bc_v1,v122,2026102206,1,learner,432,4363.0,1,0,2,20,2,400,28
round6_sequence_bc_v1,v122,2026102206,1,learner,456,4136.0,1,0,2,20,2,450,33
round6_sequence_bc_v1,v122,2026102206,1,learner,480,4680.0,1,0,2,16,5,410,29
round6_sequence_bc_v1,v122,2026102206,1,learner,504,5419.0,1,0,2,16,5,410,33
round6_sequence_bc_v1,v122,2026102206,1,learner,528,5620.0,1,0,2,19,3,380,30
round6_sequence_bc_v1,v122,2026102206,1,learner,552,6317.0,1,0,2,22,1,360,28
round6_sequence_bc_v1,v122,2026102206,1,learner,576,5819.0,1,0,0,23,0,390,31
round6_sequence_bc_v1,v122,2026102206,1,learner,600,6276.0,1,0,0,22,1,460,38
round6_sequence_bc_v1,v122,2026102206,1,learner,624,6911.0,1,0,0,22,3,300,26
round6_sequence_bc_v1,v122,2026102206,1,learner,648,8431.0,1,0,0,22,3,270,23
round6_sequence_bc_v1,v122,2026102206,1,learner,672,8788.0,1,0,0,24,1,220,18
round6_sequence_bc_v1,v122,2026102206,1,learner,696,9280.0,1,0,0,24,1,100,6
round6_sequence_bc_v1,v122,2026102206,1,learner,719,10534.0,1,7,0,22,1,0,0
round6_sequence_bc_v1,v122,2026102206,1,opponent,0,3000.0,1,0,0,0,0,0,0
round6_sequence_bc_v1,v122,2026102206,1,opponent,24,26.0,1,0,4,19,0,0,0
round6_sequence_bc_v1,v122,2026102206,1,opponent,48,89.0,1,0,4,19,0,0,0
round6_sequence_bc_v1,v122,2026102206,1,opponent,72,203.0,1,0,5,19,0,0,0
round6_sequence_bc_v1,v122,2026102206,1,opponent,96,286.0,1,0,6,19,0,0,0
round6_sequence_bc_v1,v122,2026102206,1,opponent,120,713.0,1,0,6,19,0,0,0
round6_sequence_bc_v1,v122,2026102206,1,opponent,144,842.0,1,0,6,19,0,0,0
round6_sequence_bc_v1,v122,2026102206,1,opponent,168,1114.0,2,0,8,29,0,0,0
round6_sequence_bc_v1,v122,2026102206,1,opponent,192,739.0,2,0,10,37,0,0,0
round6_sequence_bc_v1,v122,2026102206,1,opponent,216,1656.0,2,0,12,37,0,0,0
round6_sequence_bc_v1,v122,2026102206,1,opponent,240,4534.0,2,0,13,37,0,0,0
round6_sequence_bc_v1,v122,2026102206,1,opponent,264,19248.0,2,0,15,32,0,0,0
round6_sequence_bc_v1,v122,2026102206,1,opponent,288,18862.0,3,0,16,53,0,0,0
round6_sequence_bc_v1,v122,2026102206,1,opponent,312,22098.0,3,0,16,57,0,0,0
round6_sequence_bc_v1,v122,2026102206,1,opponent,336,24545.0,3,0,16,57,0,0,0
round6_sequence_bc_v1,v122,2026102206,1,opponent,360,28189.0,3,0,16,57,0,0,0
round6_sequence_bc_v1,v122,2026102206,1,opponent,384,36703.0,3,0,16,57,1,0,0
round6_sequence_bc_v1,v122,2026102206,1,opponent,408,42110.0,3,0,16,58,0,0,0
round6_sequence_bc_v1,v122,2026102206,1,opponent,432,50246.0,3,0,16,58,0,0,0
round6_sequence_bc_v1,v122,2026102206,1,opponent,456,57571.0,3,0,16,58,0,0,0
round6_sequence_bc_v1,v122,2026102206,1,opponent,480,63779.0,3,0,16,58,0,0,0
round6_sequence_bc_v1,v122,2026102206,1,opponent,504,70971.0,3,0,16,58,0,0,0
round6_sequence_bc_v1,v122,2026102206,1,opponent,528,78750.0,3,0,16,57,1,0,0
round6_sequence_bc_v1,v122,2026102206,1,opponent,552,83197.0,3,0,16,58,0,0,0
round6_sequence_bc_v1,v122,2026102206,1,opponent,576,88770.0,3,0,16,58,0,0,0
round6_sequence_bc_v1,v122,2026102206,1,opponent,600,96651.0,3,0,16,58,0,0,0
round6_sequence_bc_v1,v122,2026102206,1,opponent,624,102587.0,3,0,16,58,0,0,0
round6_sequence_bc_v1,v122,2026102206,1,opponent,648,108056.0,3,0,16,58,0,0,0
round6_sequence_bc_v1,v122,2026102206,1,opponent,672,111210.0,3,0,16,46,0,0,0
round6_sequence_bc_v1,v122,2026102206,1,opponent,696,117256.0,3,0,16,21,0,0,0
round6_sequence_bc_v1,v122,2026102206,1,opponent,719,129474.0,3,11,16,0,0,0,0
round6_sequence_bc_v1,v122,2026102207,0,learner,0,3000.0,1,0,0,0,0,0,0
round6_sequence_bc_v1,v122,2026102207,0,learner,24,1570.0,1,0,2,5,1,300,16
round6_sequence_bc_v1,v122,2026102207,0,learner,48,1132.0,1,0,0,21,0,80,8
round6_sequence_bc_v1,v122,2026102207,0,learner,72,1219.0,1,0,0,22,1,60,6
round6_sequence_bc_v1,v122,2026102207,0,learner,96,848.0,1,0,0,19,4,330,8
round6_sequence_bc_v1,v122,2026102207,0,learner,120,141.0,1,0,0,19,4,610,11
round6_sequence_bc_v1,v122,2026102207,0,learner,144,209.0,1,0,0,18,5,510,10
round6_sequence_bc_v1,v122,2026102207,0,learner,168,490.0,1,0,0,17,6,540,11
round6_sequence_bc_v1,v122,2026102207,0,learner,192,232.0,1,0,0,22,1,290,11
round6_sequence_bc_v1,v122,2026102207,0,learner,216,161.0,1,0,0,22,1,280,10
round6_sequence_bc_v1,v122,2026102207,0,learner,240,48.0,1,0,0,19,4,200,11
round6_sequence_bc_v1,v122,2026102207,0,learner,264,4.0,1,0,0,18,5,240,15
round6_sequence_bc_v1,v122,2026102207,0,learner,288,301.0,1,0,0,21,2,300,21
round6_sequence_bc_v1,v122,2026102207,0,learner,312,2768.0,1,0,0,19,3,370,28
round6_sequence_bc_v1,v122,2026102207,0,learner,336,4122.0,1,0,0,19,3,440,35
round6_sequence_bc_v1,v122,2026102207,0,learner,360,4110.0,1,0,0,21,2,520,43
round6_sequence_bc_v1,v122,2026102207,0,learner,384,3837.0,1,0,0,21,2,920,53
round6_sequence_bc_v1,v122,2026102207,0,learner,408,5682.0,1,0,0,19,4,890,59
round6_sequence_bc_v1,v122,2026102207,0,learner,432,5869.0,1,0,0,21,2,980,65
round6_sequence_bc_v1,v122,2026102207,0,learner,456,7011.0,1,0,0,21,2,1050,72
round6_sequence_bc_v1,v122,2026102207,0,learner,480,7245.0,1,0,0,24,1,1120,75
round6_sequence_bc_v1,v122,2026102207,0,learner,504,8222.0,1,0,0,25,0,1230,86
round6_sequence_bc_v1,v122,2026102207,0,learner,528,7976.0,1,0,0,24,1,1310,94
round6_sequence_bc_v1,v122,2026102207,0,learner,552,8274.0,1,0,0,24,0,1270,98
round6_sequence_bc_v1,v122,2026102207,0,learner,576,9172.0,1,0,0,24,0,1380,109
round6_sequence_bc_v1,v122,2026102207,0,learner,600,11171.0,1,0,0,24,1,1440,115
round6_sequence_bc_v1,v122,2026102207,0,learner,624,10668.0,1,0,0,24,1,1390,114
round6_sequence_bc_v1,v122,2026102207,0,learner,648,11534.0,1,0,0,24,1,1410,116
round6_sequence_bc_v1,v122,2026102207,0,learner,672,11793.0,1,0,0,24,1,1390,118
round6_sequence_bc_v1,v122,2026102207,0,learner,696,12521.0,1,0,0,24,1,1280,107
round6_sequence_bc_v1,v122,2026102207,0,learner,719,14445.0,1,11,0,25,0,1190,102
round6_sequence_bc_v1,v122,2026102207,0,opponent,0,3000.0,1,0,0,0,0,0,0
round6_sequence_bc_v1,v122,2026102207,0,opponent,24,26.0,1,0,4,19,0,0,0
round6_sequence_bc_v1,v122,2026102207,0,opponent,48,91.0,1,0,4,19,0,0,0
round6_sequence_bc_v1,v122,2026102207,0,opponent,72,205.0,1,0,5,19,0,0,0
round6_sequence_bc_v1,v122,2026102207,0,opponent,96,289.0,1,0,6,19,0,0,0
round6_sequence_bc_v1,v122,2026102207,0,opponent,120,715.0,1,0,6,19,0,0,0
round6_sequence_bc_v1,v122,2026102207,0,opponent,144,846.0,1,0,6,19,0,0,0
round6_sequence_bc_v1,v122,2026102207,0,opponent,168,957.0,2,0,8,29,0,0,0
round6_sequence_bc_v1,v122,2026102207,0,opponent,192,562.0,2,0,10,37,0,0,0
round6_sequence_bc_v1,v122,2026102207,0,opponent,216,1475.0,2,0,12,37,0,0,0
round6_sequence_bc_v1,v122,2026102207,0,opponent,240,4313.0,2,0,13,37,0,0,0
round6_sequence_bc_v1,v122,2026102207,0,opponent,264,19076.0,2,0,15,32,0,0,0
round6_sequence_bc_v1,v122,2026102207,0,opponent,288,18778.0,3,0,16,53,0,0,0
round6_sequence_bc_v1,v122,2026102207,0,opponent,312,22008.0,3,0,16,57,0,0,0
round6_sequence_bc_v1,v122,2026102207,0,opponent,336,24352.0,3,0,16,57,0,0,0
round6_sequence_bc_v1,v122,2026102207,0,opponent,360,28486.0,3,0,16,57,0,0,0
round6_sequence_bc_v1,v122,2026102207,0,opponent,384,38050.0,3,0,16,57,1,0,0
round6_sequence_bc_v1,v122,2026102207,0,opponent,408,45746.0,3,0,16,58,0,0,0
round6_sequence_bc_v1,v122,2026102207,0,opponent,432,53667.0,3,0,16,58,0,0,0
round6_sequence_bc_v1,v122,2026102207,0,opponent,456,61651.0,3,0,16,58,0,0,0
round6_sequence_bc_v1,v122,2026102207,0,opponent,480,68759.0,3,0,16,58,0,0,0
round6_sequence_bc_v1,v122,2026102207,0,opponent,504,77385.0,3,0,16,58,0,0,0
round6_sequence_bc_v1,v122,2026102207,0,opponent,528,88033.0,3,0,16,57,1,0,0
round6_sequence_bc_v1,v122,2026102207,0,opponent,552,95532.0,3,0,16,58,0,0,0
round6_sequence_bc_v1,v122,2026102207,0,opponent,576,104459.0,3,0,16,58,0,0,0
round6_sequence_bc_v1,v122,2026102207,0,opponent,600,115156.0,3,0,16,58,0,0,0
round6_sequence_bc_v1,v122,2026102207,0,opponent,624,125614.0,3,0,16,58,0,0,0
round6_sequence_bc_v1,v122,2026102207,0,opponent,648,131939.0,3,0,16,58,0,0,0
round6_sequence_bc_v1,v122,2026102207,0,opponent,672,141277.0,3,0,16,46,0,0,0
round6_sequence_bc_v1,v122,2026102207,0,opponent,696,149007.0,3,0,16,21,1,0,0
round6_sequence_bc_v1,v122,2026102207,0,opponent,719,167447.0,3,11,16,0,1,0,0
round6_sequence_bc_v1,v122,2026102207,1,learner,0,3000.0,1,0,0,0,0,0,0
round6_sequence_bc_v1,v122,2026102207,1,learner,24,1332.0,1,0,2,5,1,440,23
round6_sequence_bc_v1,v122,2026102207,1,learner,48,1094.0,1,0,0,10,1,380,22
round6_sequence_bc_v1,v122,2026102207,1,learner,72,1031.0,1,0,0,18,2,220,13
round6_sequence_bc_v1,v122,2026102207,1,learner,96,990.0,1,0,0,20,2,190,10
round6_sequence_bc_v1,v122,2026102207,1,learner,120,879.0,1,0,0,19,2,180,9
round6_sequence_bc_v1,v122,2026102207,1,learner,144,617.0,1,0,0,18,4,180,9
round6_sequence_bc_v1,v122,2026102207,1,learner,168,111.0,1,0,1,17,5,180,9
round6_sequence_bc_v1,v122,2026102207,1,learner,192,85.0,1,0,1,16,7,170,8
round6_sequence_bc_v1,v122,2026102207,1,learner,216,58.0,1,0,1,18,4,240,6
round6_sequence_bc_v1,v122,2026102207,1,learner,240,114.0,1,0,1,17,5,240,6
round6_sequence_bc_v1,v122,2026102207,1,learner,264,65.0,1,0,1,12,10,240,6
round6_sequence_bc_v1,v122,2026102207,1,learner,288,1227.0,2,0,1,19,5,0,0
round6_sequence_bc_v1,v122,2026102207,1,learner,312,72.0,2,0,1,26,2,0,0
round6_sequence_bc_v1,v122,2026102207,1,learner,336,671.0,2,0,4,27,2,0,0
round6_sequence_bc_v1,v122,2026102207,1,learner,360,1.0,2,0,3,31,4,50,1
round6_sequence_bc_v1,v122,2026102207,1,learner,384,912.0,2,0,2,30,6,80,4
round6_sequence_bc_v1,v122,2026102207,1,learner,408,1445.0,2,0,2,21,15,120,8
round6_sequence_bc_v1,v122,2026102207,1,learner,432,1582.0,2,0,2,21,16,80,4
round6_sequence_bc_v1,v122,2026102207,1,learner,456,1654.0,2,0,2,23,15,50,5
round6_sequence_bc_v1,v122,2026102207,1,learner,480,1505.0,2,0,2,20,18,70,7
round6_sequence_bc_v1,v122,2026102207,1,learner,504,1593.0,2,0,1,16,22,40,4
round6_sequence_bc_v1,v122,2026102207,1,learner,528,1760.0,2,0,2,17,21,0,0
round6_sequence_bc_v1,v122,2026102207,1,learner,552,2487.0,2,0,2,13,23,0,0
round6_sequence_bc_v1,v122,2026102207,1,learner,576,2729.0,2,0,2,7,26,10,1
round6_sequence_bc_v1,v122,2026102207,1,learner,600,2891.0,2,0,0,5,25,0,0
round6_sequence_bc_v1,v122,2026102207,1,learner,624,3181.0,2,0,1,2,23,0,0
round6_sequence_bc_v1,v122,2026102207,1,learner,648,3489.0,2,0,1,1,23,0,0
round6_sequence_bc_v1,v122,2026102207,1,learner,672,3945.0,2,0,0,1,17,0,0
round6_sequence_bc_v1,v122,2026102207,1,learner,696,4334.0,2,0,0,0,11,0,0
round6_sequence_bc_v1,v122,2026102207,1,learner,719,4474.0,2,7,0,1,7,100,1
round6_sequence_bc_v1,v122,2026102207,1,opponent,0,3000.0,1,0,0,0,0,0,0
round6_sequence_bc_v1,v122,2026102207,1,opponent,24,26.0,1,0,4,19,0,0,0
round6_sequence_bc_v1,v122,2026102207,1,opponent,48,91.0,1,0,4,19,0,0,0
round6_sequence_bc_v1,v122,2026102207,1,opponent,72,206.0,1,0,5,19,0,0,0
round6_sequence_bc_v1,v122,2026102207,1,opponent,96,290.0,1,0,6,19,0,0,0
round6_sequence_bc_v1,v122,2026102207,1,opponent,120,718.0,1,0,6,19,0,0,0
round6_sequence_bc_v1,v122,2026102207,1,opponent,144,848.0,1,0,6,19,0,0,0
round6_sequence_bc_v1,v122,2026102207,1,opponent,168,1121.0,2,0,8,29,0,0,0
round6_sequence_bc_v1,v122,2026102207,1,opponent,192,746.0,2,0,10,37,0,0,0
round6_sequence_bc_v1,v122,2026102207,1,opponent,216,1652.0,2,0,12,37,0,0,0
round6_sequence_bc_v1,v122,2026102207,1,opponent,240,4533.0,2,0,13,37,0,0,0
round6_sequence_bc_v1,v122,2026102207,1,opponent,264,19651.0,2,0,15,32,0,0,0
round6_sequence_bc_v1,v122,2026102207,1,opponent,288,19481.0,3,0,16,53,0,0,0
round6_sequence_bc_v1,v122,2026102207,1,opponent,312,22723.0,3,0,16,57,0,0,0
round6_sequence_bc_v1,v122,2026102207,1,opponent,336,25769.0,3,0,16,57,0,0,0
round6_sequence_bc_v1,v122,2026102207,1,opponent,360,30762.0,3,0,16,57,0,0,0
round6_sequence_bc_v1,v122,2026102207,1,opponent,384,41456.0,3,0,16,57,1,0,0
round6_sequence_bc_v1,v122,2026102207,1,opponent,408,49630.0,3,0,16,58,0,0,0
round6_sequence_bc_v1,v122,2026102207,1,opponent,432,59027.0,3,0,16,58,0,0,0
round6_sequence_bc_v1,v122,2026102207,1,opponent,456,68546.0,3,0,16,58,0,0,0
round6_sequence_bc_v1,v122,2026102207,1,opponent,480,77209.0,3,0,16,58,0,0,0
round6_sequence_bc_v1,v122,2026102207,1,opponent,504,87202.0,3,0,16,58,0,0,0
round6_sequence_bc_v1,v122,2026102207,1,opponent,528,99695.0,3,0,16,57,1,0,0
round6_sequence_bc_v1,v122,2026102207,1,opponent,552,108877.0,3,0,16,58,0,0,0
round6_sequence_bc_v1,v122,2026102207,1,opponent,576,119385.0,3,0,16,58,0,0,0
round6_sequence_bc_v1,v122,2026102207,1,opponent,600,130974.0,3,0,16,58,0,0,0
round6_sequence_bc_v1,v122,2026102207,1,opponent,624,142783.0,3,0,16,58,0,0,0
round6_sequence_bc_v1,v122,2026102207,1,opponent,648,149471.0,3,0,16,58,0,0,0
round6_sequence_bc_v1,v122,2026102207,1,opponent,672,160275.0,3,0,16,46,0,0,0
round6_sequence_bc_v1,v122,2026102207,1,opponent,696,168446.0,3,0,16,21,1,0,0
round6_sequence_bc_v1,v122,2026102207,1,opponent,719,188102.0,3,11,16,0,1,0,0
round6_sequence_bc_v1,v122,2026102208,0,learner,0,3000.0,1,0,0,0,0,0,0
round6_sequence_bc_v1,v122,2026102208,0,learner,24,1570.0,1,0,2,5,0,300,16
round6_sequence_bc_v1,v122,2026102208,0,learner,48,1344.0,1,0,2,22,0,40,4
round6_sequence_bc_v1,v122,2026102208,0,learner,72,1004.0,1,0,2,23,0,420,8
round6_sequence_bc_v1,v122,2026102208,0,learner,96,609.0,1,0,2,20,3,700,11
round6_sequence_bc_v1,v122,2026102208,0,learner,120,123.0,1,0,2,21,2,600,10
round6_sequence_bc_v1,v122,2026102208,0,learner,144,186.0,1,0,2,20,3,900,13
round6_sequence_bc_v1,v122,2026102208,0,learner,168,80.0,1,0,2,18,5,820,14
round6_sequence_bc_v1,v122,2026102208,0,learner,192,105.0,1,0,2,21,2,560,15
round6_sequence_bc_v1,v122,2026102208,0,learner,216,16.0,1,0,0,22,1,560,15
round6_sequence_bc_v1,v122,2026102208,0,learner,240,58.0,1,0,1,22,1,710,21
round6_sequence_bc_v1,v122,2026102208,0,learner,264,0.0,1,0,1,19,4,540,22
round6_sequence_bc_v1,v122,2026102208,0,learner,288,526.0,1,0,1,18,5,720,29
round6_sequence_bc_v1,v122,2026102208,0,learner,312,433.0,1,0,1,18,5,710,28
round6_sequence_bc_v1,v122,2026102208,0,learner,336,2587.0,1,0,0,22,1,490,24
round6_sequence_bc_v1,v122,2026102208,0,learner,360,2224.0,1,0,1,20,3,540,29
round6_sequence_bc_v1,v122,2026102208,0,learner,384,2582.0,1,0,1,21,2,450,29
round6_sequence_bc_v1,v122,2026102208,0,learner,408,2524.0,1,0,1,20,3,480,32
round6_sequence_bc_v1,v122,2026102208,0,learner,432,2618.0,1,0,1,23,0,500,34
round6_sequence_bc_v1,v122,2026102208,0,learner,456,3668.0,1,0,1,23,0,540,38
round6_sequence_bc_v1,v122,2026102208,0,learner,480,5035.0,1,0,1,22,1,690,47
round6_sequence_bc_v1,v122,2026102208,0,learner,504,6706.0,1,0,1,22,1,760,57
round6_sequence_bc_v1,v122,2026102208,0,learner,528,7213.0,1,0,1,19,3,770,58
round6_sequence_bc_v1,v122,2026102208,0,learner,552,8715.0,1,0,0,15,6,910,60
round6_sequence_bc_v1,v122,2026102208,0,learner,576,8971.0,1,0,1,19,4,910,62
round6_sequence_bc_v1,v122,2026102208,0,learner,600,8814.0,1,0,1,23,0,740,59
round6_sequence_bc_v1,v122,2026102208,0,learner,624,8634.0,1,0,1,23,0,660,54
round6_sequence_bc_v1,v122,2026102208,0,learner,648,8862.0,1,0,1,17,5,830,63
round6_sequence_bc_v1,v122,2026102208,0,learner,672,10454.0,1,0,1,17,6,790,60
round6_sequence_bc_v1,v122,2026102208,0,learner,696,10763.0,1,0,1,16,6,730,55
round6_sequence_bc_v1,v122,2026102208,0,learner,719,11698.0,1,7,1,16,6,670,49
round6_sequence_bc_v1,v122,2026102208,0,opponent,0,3000.0,1,0,0,0,0,0,0
round6_sequence_bc_v1,v122,2026102208,0,opponent,24,26.0,1,0,4,19,0,0,0
round6_sequence_bc_v1,v122,2026102208,0,opponent,48,90.0,1,0,4,19,0,0,0
round6_sequence_bc_v1,v122,2026102208,0,opponent,72,202.0,1,0,5,19,0,0,0
round6_sequence_bc_v1,v122,2026102208,0,opponent,96,287.0,1,0,6,19,0,0,0
round6_sequence_bc_v1,v122,2026102208,0,opponent,120,703.0,1,0,6,19,0,0,0
round6_sequence_bc_v1,v122,2026102208,0,opponent,144,827.0,1,0,6,19,0,0,0
round6_sequence_bc_v1,v122,2026102208,0,opponent,168,1075.0,2,0,8,29,0,0,0
round6_sequence_bc_v1,v122,2026102208,0,opponent,192,684.0,2,0,10,37,0,0,0
round6_sequence_bc_v1,v122,2026102208,0,opponent,216,1866.0,2,0,12,37,0,0,0
round6_sequence_bc_v1,v122,2026102208,0,opponent,240,4697.0,2,0,13,37,0,0,0
round6_sequence_bc_v1,v122,2026102208,0,opponent,264,20160.0,2,0,15,32,0,0,0
round6_sequence_bc_v1,v122,2026102208,0,opponent,288,20240.0,3,0,16,53,0,0,0
round6_sequence_bc_v1,v122,2026102208,0,opponent,312,23428.0,3,0,16,57,0,0,0
round6_sequence_bc_v1,v122,2026102208,0,opponent,336,26583.0,3,0,16,57,0,0,0
round6_sequence_bc_v1,v122,2026102208,0,opponent,360,31617.0,3,0,16,57,0,0,0
round6_sequence_bc_v1,v122,2026102208,0,opponent,384,42210.0,3,0,16,57,1,0,0
round6_sequence_bc_v1,v122,2026102208,0,opponent,408,50967.0,3,0,16,58,0,0,0
round6_sequence_bc_v1,v122,2026102208,0,opponent,432,58382.0,3,0,16,58,0,0,0
round6_sequence_bc_v1,v122,2026102208,0,opponent,456,66680.0,3,0,16,58,0,0,0
round6_sequence_bc_v1,v122,2026102208,0,opponent,480,74023.0,3,0,16,58,0,0,0
round6_sequence_bc_v1,v122,2026102208,0,opponent,504,82469.0,3,0,16,58,0,0,0
round6_sequence_bc_v1,v122,2026102208,0,opponent,528,92958.0,3,0,16,57,1,0,0
round6_sequence_bc_v1,v122,2026102208,0,opponent,552,100052.0,3,0,16,58,0,0,0
round6_sequence_bc_v1,v122,2026102208,0,opponent,576,108006.0,3,0,16,58,0,0,0
round6_sequence_bc_v1,v122,2026102208,0,opponent,600,116659.0,3,0,16,58,0,0,0
round6_sequence_bc_v1,v122,2026102208,0,opponent,624,126923.0,3,0,16,58,0,0,0
round6_sequence_bc_v1,v122,2026102208,0,opponent,648,132822.0,3,0,16,58,0,0,0
round6_sequence_bc_v1,v122,2026102208,0,opponent,672,138614.0,3,0,16,46,0,0,0
round6_sequence_bc_v1,v122,2026102208,0,opponent,696,145088.0,3,0,16,21,0,0,0
round6_sequence_bc_v1,v122,2026102208,0,opponent,719,162379.0,3,11,16,0,0,0,0
round6_sequence_bc_v1,v122,2026102208,1,learner,0,3000.0,1,0,0,0,0,0,0
round6_sequence_bc_v1,v122,2026102208,1,learner,24,1332.0,1,0,2,5,0,440,23
round6_sequence_bc_v1,v122,2026102208,1,learner,48,1014.0,1,0,0,20,0,140,14
round6_sequence_bc_v1,v122,2026102208,1,learner,72,1101.0,1,0,0,20,1,130,13
round6_sequence_bc_v1,v122,2026102208,1,learner,96,1010.0,1,0,0,17,4,230,14
round6_sequence_bc_v1,v122,2026102208,1,learner,120,599.0,1,0,0,18,3,320,14
round6_sequence_bc_v1,v122,2026102208,1,learner,144,238.0,1,0,0,20,1,510,15
round6_sequence_bc_v1,v122,2026102208,1,learner,168,18.0,1,0,0,18,3,910,19
round6_sequence_bc_v1,v122,2026102208,1,learner,192,27.0,1,0,0,15,7,610,16
round6_sequence_bc_v1,v122,2026102208,1,learner,216,5.0,1,0,0,18,4,490,13
round6_sequence_bc_v1,v122,2026102208,1,learner,240,17.0,1,0,0,11,11,490,13
round6_sequence_bc_v1,v122,2026102208,1,learner,264,5.0,1,0,0,8,14,390,12
round6_sequence_bc_v1,v122,2026102208,1,learner,288,1808.0,1,0,0,5,15,490,13
round6_sequence_bc_v1,v122,2026102208,1,learner,312,3774.0,1,0,1,17,3,160,7
round6_sequence_bc_v1,v122,2026102208,1,learner,336,185.0,3,0,2,30,1,60,6
round6_sequence_bc_v1,v122,2026102208,1,learner,360,67.0,3,0,2,32,1,90,9
round6_sequence_bc_v1,v122,2026102208,1,learner,384,119.0,3,0,1,38,6,20,2
round6_sequence_bc_v1,v122,2026102208,1,learner,408,464.0,3,0,2,41,7,50,5
round6_sequence_bc_v1,v122,2026102208,1,learner,432,849.0,3,0,1,30,18,80,8
round6_sequence_bc_v1,v122,2026102208,1,learner,456,540.0,3,0,2,32,16,0,0
round6_sequence_bc_v1,v122,2026102208,1,learner,480,235.0,3,0,3,29,17,120,6
round6_sequence_bc_v1,v122,2026102208,1,learner,504,511.0,3,0,3,25,23,480,24
round6_sequence_bc_v1,v122,2026102208,1,learner,528,962.0,3,0,2,21,27,450,23
round6_sequence_bc_v1,v122,2026102208,1,learner,552,1928.0,3,0,2,21,27,300,15
round6_sequence_bc_v1,v122,2026102208,1,learner,576,2290.0,3,0,2,19,26,160,8
round6_sequence_bc_v1,v122,2026102208,1,learner,600,2510.0,3,0,2,15,23,140,7
round6_sequence_bc_v1,v122,2026102208,1,learner,624,3094.0,3,0,0,3,29,240,12
round6_sequence_bc_v1,v122,2026102208,1,learner,648,3757.0,3,0,0,2,30,240,12
round6_sequence_bc_v1,v122,2026102208,1,learner,672,3805.0,3,0,0,0,30,240,12
round6_sequence_bc_v1,v122,2026102208,1,learner,696,4300.0,3,0,0,2,21,200,10
round6_sequence_bc_v1,v122,2026102208,1,learner,719,3380.0,3,6,0,2,21,200,10
round6_sequence_bc_v1,v122,2026102208,1,opponent,0,3000.0,1,0,0,0,0,0,0
round6_sequence_bc_v1,v122,2026102208,1,opponent,24,26.0,1,0,4,19,0,0,0
round6_sequence_bc_v1,v122,2026102208,1,opponent,48,89.0,1,0,4,19,0,0,0
round6_sequence_bc_v1,v122,2026102208,1,opponent,72,203.0,1,0,5,19,0,0,0
round6_sequence_bc_v1,v122,2026102208,1,opponent,96,287.0,1,0,6,19,0,0,0
round6_sequence_bc_v1,v122,2026102208,1,opponent,120,709.0,1,0,6,19,0,0,0
round6_sequence_bc_v1,v122,2026102208,1,opponent,144,840.0,1,0,6,19,0,0,0
round6_sequence_bc_v1,v122,2026102208,1,opponent,168,819.0,2,0,8,29,0,0,0
round6_sequence_bc_v1,v122,2026102208,1,opponent,192,688.0,2,0,10,37,0,0,0
round6_sequence_bc_v1,v122,2026102208,1,opponent,216,2017.0,2,0,12,37,0,0,0
round6_sequence_bc_v1,v122,2026102208,1,opponent,240,3228.0,2,0,13,37,0,0,0
round6_sequence_bc_v1,v122,2026102208,1,opponent,264,18116.0,2,0,16,32,0,0,0
round6_sequence_bc_v1,v122,2026102208,1,opponent,288,19530.0,3,0,17,53,0,0,0
round6_sequence_bc_v1,v122,2026102208,1,opponent,312,22663.0,3,0,17,57,0,0,0
round6_sequence_bc_v1,v122,2026102208,1,opponent,336,27121.0,3,0,17,57,0,0,0
round6_sequence_bc_v1,v122,2026102208,1,opponent,360,33401.0,3,0,17,57,0,0,0
round6_sequence_bc_v1,v122,2026102208,1,opponent,384,42593.0,3,0,17,57,1,0,0
round6_sequence_bc_v1,v122,2026102208,1,opponent,408,52597.0,3,0,17,58,0,0,0
round6_sequence_bc_v1,v122,2026102208,1,opponent,432,58114.0,3,0,17,58,0,0,0
round6_sequence_bc_v1,v122,2026102208,1,opponent,456,69276.0,3,0,17,58,0,0,0
round6_sequence_bc_v1,v122,2026102208,1,opponent,480,76711.0,3,0,17,58,0,0,0
round6_sequence_bc_v1,v122,2026102208,1,opponent,504,85864.0,3,0,17,58,0,0,0
round6_sequence_bc_v1,v122,2026102208,1,opponent,528,98812.0,3,0,17,57,1,0,0
round6_sequence_bc_v1,v122,2026102208,1,opponent,552,110209.0,3,0,17,58,0,0,0
round6_sequence_bc_v1,v122,2026102208,1,opponent,576,120268.0,3,0,17,58,0,0,0
round6_sequence_bc_v1,v122,2026102208,1,opponent,600,129653.0,3,0,17,58,0,0,0
round6_sequence_bc_v1,v122,2026102208,1,opponent,624,139321.0,3,0,17,58,0,0,0
round6_sequence_bc_v1,v122,2026102208,1,opponent,648,148116.0,3,0,17,58,0,0,0
round6_sequence_bc_v1,v122,2026102208,1,opponent,672,156564.0,3,0,17,46,0,0,0
round6_sequence_bc_v1,v122,2026102208,1,opponent,696,171111.0,3,0,17,21,0,0,0
round6_sequence_bc_v1,v122,2026102208,1,opponent,719,184110.0,3,11,17,0,0,0,0
round6_sequence_bc_v1,v123,2026102201,0,learner,0,3000.0,1,0,0,0,0,0,0
round6_sequence_bc_v1,v123,2026102201,0,learner,24,1570.0,1,0,2,5,0,300,16
round6_sequence_bc_v1,v123,2026102201,0,learner,48,1344.0,1,0,2,22,0,40,4
round6_sequence_bc_v1,v123,2026102201,0,learner,72,1004.0,1,0,2,23,0,420,8
round6_sequence_bc_v1,v123,2026102201,0,learner,96,510.0,1,0,2,19,4,800,12
round6_sequence_bc_v1,v123,2026102201,0,learner,120,43.0,1,0,2,21,2,700,11
round6_sequence_bc_v1,v123,2026102201,0,learner,144,91.0,1,0,2,20,3,900,13
round6_sequence_bc_v1,v123,2026102201,0,learner,168,82.0,1,0,2,21,2,840,16
round6_sequence_bc_v1,v123,2026102201,0,learner,192,31.0,1,0,2,21,2,1080,22
round6_sequence_bc_v1,v123,2026102201,0,learner,216,110.0,1,0,2,19,4,1080,22
round6_sequence_bc_v1,v123,2026102201,0,learner,240,2.0,1,0,0,18,5,1000,23
round6_sequence_bc_v1,v123,2026102201,0,learner,264,438.0,1,0,1,18,5,1070,30
round6_sequence_bc_v1,v123,2026102201,0,learner,288,5.0,1,0,1,19,4,740,33
round6_sequence_bc_v1,v123,2026102201,0,learner,312,1688.0,1,0,1,19,4,800,39
round6_sequence_bc_v1,v123,2026102201,0,learner,336,2019.0,1,0,1,16,5,740,40
round6_sequence_bc_v1,v123,2026102201,0,learner,360,3160.0,1,0,1,23,0,650,41
round6_sequence_bc_v1,v123,2026102201,0,learner,384,1728.0,1,0,1,22,1,1490,83
round6_sequence_bc_v1,v123,2026102201,0,learner,408,1259.0,1,0,1,18,5,1630,94
round6_sequence_bc_v1,v123,2026102201,0,learner,432,693.0,1,0,0,10,13,1870,106
round6_sequence_bc_v1,v123,2026102201,0,learner,456,449.0,1,0,3,12,10,2320,128
round6_sequence_bc_v1,v123,2026102201,0,learner,480,136.0,1,0,0,17,5,2240,123
round6_sequence_bc_v1,v123,2026102201,0,learner,504,165.0,1,0,1,20,2,2140,118
round6_sequence_bc_v1,v123,2026102201,0,learner,528,81.0,1,0,0,20,2,1980,114
round6_sequence_bc_v1,v123,2026102201,0,learner,552,98.0,1,0,1,22,0,1940,116
round6_sequence_bc_v1,v123,2026102201,0,learner,576,708.0,1,0,0,23,0,1840,111
round6_sequence_bc_v1,v123,2026102201,0,learner,600,1006.0,1,0,0,24,0,1640,101
round6_sequence_bc_v1,v123,2026102201,0,learner,624,1277.0,1,0,0,25,0,1530,95
round6_sequence_bc_v1,v123,2026102201,0,learner,648,1990.0,1,0,0,24,0,1390,88
round6_sequence_bc_v1,v123,2026102201,0,learner,672,3143.0,1,0,0,23,1,1250,81
round6_sequence_bc_v1,v123,2026102201,0,learner,696,4719.0,1,0,0,23,1,990,68
round6_sequence_bc_v1,v123,2026102201,0,learner,719,6149.0,1,12,0,25,0,850,61
round6_sequence_bc_v1,v123,2026102201,0,opponent,0,3000.0,1,0,0,0,0,0,0
round6_sequence_bc_v1,v123,2026102201,0,opponent,24,26.0,1,0,4,19,0,0,0
round6_sequence_bc_v1,v123,2026102201,0,opponent,48,90.0,1,0,4,19,0,0,0
round6_sequence_bc_v1,v123,2026102201,0,opponent,72,202.0,1,0,5,19,0,0,0
round6_sequence_bc_v1,v123,2026102201,0,opponent,96,288.0,1,0,6,19,0,0,0
round6_sequence_bc_v1,v123,2026102201,0,opponent,120,699.0,1,0,6,19,0,0,0
round6_sequence_bc_v1,v123,2026102201,0,opponent,144,825.0,1,0,6,19,0,0,0
round6_sequence_bc_v1,v123,2026102201,0,opponent,168,1248.0,2,0,8,29,0,0,0
round6_sequence_bc_v1,v123,2026102201,0,opponent,192,701.0,2,0,10,37,0,0,0
round6_sequence_bc_v1,v123,2026102201,0,opponent,216,1959.0,2,0,12,37,0,0,0
round6_sequence_bc_v1,v123,2026102201,0,opponent,240,3039.0,2,0,13,37,0,0,0
round6_sequence_bc_v1,v123,2026102201,0,opponent,264,18701.0,2,0,16,32,0,0,0
round6_sequence_bc_v1,v123,2026102201,0,opponent,288,19346.0,3,0,17,53,0,0,0
round6_sequence_bc_v1,v123,2026102201,0,opponent,312,23635.0,3,0,17,57,0,0,0
round6_sequence_bc_v1,v123,2026102201,0,opponent,336,26788.0,3,0,17,57,0,0,0
round6_sequence_bc_v1,v123,2026102201,0,opponent,360,32789.0,3,0,17,57,0,0,0
round6_sequence_bc_v1,v123,2026102201,0,opponent,384,39467.0,3,0,17,57,0,10,1
round6_sequence_bc_v1,v123,2026102201,0,opponent,408,47486.0,3,0,17,58,0,10,1
round6_sequence_bc_v1,v123,2026102201,0,opponent,432,50455.0,3,0,17,58,0,10,1
round6_sequence_bc_v1,v123,2026102201,0,opponent,456,55693.0,3,0,15,58,0,10,1
round6_sequence_bc_v1,v123,2026102201,0,opponent,480,58941.0,3,0,15,58,0,10,1
round6_sequence_bc_v1,v123,2026102201,0,opponent,504,61217.0,3,0,15,58,0,10,1
round6_sequence_bc_v1,v123,2026102201,0,opponent,528,64500.0,3,0,15,57,1,10,1
round6_sequence_bc_v1,v123,2026102201,0,opponent,552,68027.0,3,0,15,58,0,10,1
round6_sequence_bc_v1,v123,2026102201,0,opponent,576,71323.0,3,0,15,58,0,10,1
round6_sequence_bc_v1,v123,2026102201,0,opponent,600,74255.0,3,0,15,58,0,10,1
round6_sequence_bc_v1,v123,2026102201,0,opponent,624,78946.0,3,0,15,58,0,10,1
round6_sequence_bc_v1,v123,2026102201,0,opponent,648,82378.0,3,0,15,58,0,10,1
round6_sequence_bc_v1,v123,2026102201,0,opponent,672,87014.0,3,0,15,46,0,10,1
round6_sequence_bc_v1,v123,2026102201,0,opponent,696,92591.0,3,0,15,21,0,10,1
round6_sequence_bc_v1,v123,2026102201,0,opponent,719,108426.0,3,11,15,0,0,10,1
round6_sequence_bc_v1,v123,2026102201,1,learner,0,3000.0,1,0,0,0,0,0,0
round6_sequence_bc_v1,v123,2026102201,1,learner,24,1332.0,1,0,2,5,0,440,23
round6_sequence_bc_v1,v123,2026102201,1,learner,48,1014.0,1,0,0,20,0,140,14
round6_sequence_bc_v1,v123,2026102201,1,learner,72,1101.0,1,0,0,20,1,130,13
round6_sequence_bc_v1,v123,2026102201,1,learner,96,1081.0,1,0,0,17,4,130,13
round6_sequence_bc_v1,v123,2026102201,1,learner,120,460.0,1,0,0,17,3,420,15
round6_sequence_bc_v1,v123,2026102201,1,learner,144,754.0,1,0,0,16,4,320,14
round6_sequence_bc_v1,v123,2026102201,1,learner,168,205.0,1,0,0,13,8,510,15
round6_sequence_bc_v1,v123,2026102201,1,learner,192,63.0,1,0,1,12,9,410,14
round6_sequence_bc_v1,v123,2026102201,1,learner,216,208.0,1,0,0,16,5,170,8
round6_sequence_bc_v1,v123,2026102201,1,learner,240,182.0,1,0,0,20,2,140,5
round6_sequence_bc_v1,v123,2026102201,1,learner,264,109.0,1,0,0,17,4,110,11
round6_sequence_bc_v1,v123,2026102201,1,learner,288,1141.0,1,0,0,16,5,210,12
round6_sequence_bc_v1,v123,2026102201,1,learner,312,2572.0,1,0,1,19,2,280,19
round6_sequence_bc_v1,v123,2026102201,1,learner,336,3538.0,1,0,1,20,1,310,22
round6_sequence_bc_v1,v123,2026102201,1,learner,360,5077.0,1,0,1,20,1,390,31
round6_sequence_bc_v1,v123,2026102201,1,learner,384,6785.0,1,0,1,22,0,380,26
round6_sequence_bc_v1,v123,2026102201,1,learner,408,6701.0,1,0,1,22,0,510,34
round6_sequence_bc_v1,v123,2026102201,1,learner,432,7569.0,1,0,1,17,5,470,34
round6_sequence_bc_v1,v123,2026102201,1,learner,456,7769.0,1,0,0,19,3,390,30
round6_sequence_bc_v1,v123,2026102201,1,learner,480,7570.0,1,0,0,22,0,400,32
round6_sequence_bc_v1,v123,2026102201,1,learner,504,7467.0,1,0,0,22,0,490,41
round6_sequence_bc_v1,v123,2026102201,1,learner,528,7489.0,1,0,0,21,2,560,48
round6_sequence_bc_v1,v123,2026102201,1,learner,552,8093.0,1,0,0,23,0,560,49
round6_sequence_bc_v1,v123,2026102201,1,learner,576,8517.0,1,0,0,23,0,570,50
round6_sequence_bc_v1,v123,2026102201,1,learner,600,9221.0,1,0,0,23,0,580,52
round6_sequence_bc_v1,v123,2026102201,1,learner,624,9534.0,1,0,0,21,3,510,45
round6_sequence_bc_v1,v123,2026102201,1,learner,648,9244.0,1,0,0,23,2,380,37
round6_sequence_bc_v1,v123,2026102201,1,learner,672,10486.0,1,0,0,24,1,300,30
round6_sequence_bc_v1,v123,2026102201,1,learner,696,10879.0,1,0,0,23,2,220,22
round6_sequence_bc_v1,v123,2026102201,1,learner,719,12532.0,1,8,0,24,1,100,10
round6_sequence_bc_v1,v123,2026102201,1,opponent,0,3000.0,1,0,0,0,0,0,0
round6_sequence_bc_v1,v123,2026102201,1,opponent,24,26.0,1,0,4,19,0,0,0
round6_sequence_bc_v1,v123,2026102201,1,opponent,48,89.0,1,0,4,19,0,0,0
round6_sequence_bc_v1,v123,2026102201,1,opponent,72,203.0,1,0,5,19,0,0,0
round6_sequence_bc_v1,v123,2026102201,1,opponent,96,287.0,1,0,6,19,0,0,0
round6_sequence_bc_v1,v123,2026102201,1,opponent,120,708.0,1,0,6,19,0,0,0
round6_sequence_bc_v1,v123,2026102201,1,opponent,144,839.0,1,0,6,19,0,0,0
round6_sequence_bc_v1,v123,2026102201,1,opponent,168,879.0,2,0,8,29,0,0,0
round6_sequence_bc_v1,v123,2026102201,1,opponent,192,748.0,2,0,10,37,0,0,0
round6_sequence_bc_v1,v123,2026102201,1,opponent,216,1573.0,2,0,12,37,0,0,0
round6_sequence_bc_v1,v123,2026102201,1,opponent,240,2682.0,2,0,13,37,0,0,0
round6_sequence_bc_v1,v123,2026102201,1,opponent,264,16688.0,2,0,16,32,0,0,0
round6_sequence_bc_v1,v123,2026102201,1,opponent,288,17264.0,3,0,17,53,0,0,0
round6_sequence_bc_v1,v123,2026102201,1,opponent,312,21162.0,3,0,17,57,0,0,0
round6_sequence_bc_v1,v123,2026102201,1,opponent,336,24056.0,3,0,17,57,0,0,0
round6_sequence_bc_v1,v123,2026102201,1,opponent,360,28987.0,3,0,17,57,0,0,0
round6_sequence_bc_v1,v123,2026102201,1,opponent,384,33436.0,3,0,17,57,0,10,1
round6_sequence_bc_v1,v123,2026102201,1,opponent,408,40412.0,3,0,17,58,0,10,1
round6_sequence_bc_v1,v123,2026102201,1,opponent,432,44020.0,3,0,17,58,0,10,1
round6_sequence_bc_v1,v123,2026102201,1,opponent,456,48404.0,3,0,17,58,0,10,1
round6_sequence_bc_v1,v123,2026102201,1,opponent,480,50988.0,3,0,17,58,0,10,1
round6_sequence_bc_v1,v123,2026102201,1,opponent,504,53940.0,3,0,17,58,0,10,1
round6_sequence_bc_v1,v123,2026102201,1,opponent,528,56889.0,3,0,17,57,1,10,1
round6_sequence_bc_v1,v123,2026102201,1,opponent,552,59165.0,3,0,17,58,0,10,1
round6_sequence_bc_v1,v123,2026102201,1,opponent,576,61737.0,3,0,17,58,0,10,1
round6_sequence_bc_v1,v123,2026102201,1,opponent,600,63880.0,3,0,17,58,0,10,1
round6_sequence_bc_v1,v123,2026102201,1,opponent,624,67482.0,3,0,17,58,0,10,1
round6_sequence_bc_v1,v123,2026102201,1,opponent,648,70176.0,3,0,17,58,0,10,1
round6_sequence_bc_v1,v123,2026102201,1,opponent,672,74298.0,3,0,17,46,0,10,1
round6_sequence_bc_v1,v123,2026102201,1,opponent,696,77893.0,3,0,17,21,0,10,1
round6_sequence_bc_v1,v123,2026102201,1,opponent,719,89692.0,3,11,17,0,0,10,1
round6_sequence_bc_v1,v123,2026102202,0,learner,0,3000.0,1,0,0,0,0,0,0
round6_sequence_bc_v1,v123,2026102202,0,learner,24,1570.0,1,0,2,5,0,300,16
round6_sequence_bc_v1,v123,2026102202,0,learner,48,1344.0,1,0,2,22,0,40,4
round6_sequence_bc_v1,v123,2026102202,0,learner,72,1004.0,1,0,2,23,0,420,8
round6_sequence_bc_v1,v123,2026102202,0,learner,96,520.0,1,0,2,19,4,720,11
round6_sequence_bc_v1,v123,2026102202,0,learner,120,164.0,1,0,2,17,6,920,13
round6_sequence_bc_v1,v123,2026102202,0,learner,144,601.0,1,0,2,15,8,820,12
round6_sequence_bc_v1,v123,2026102202,0,learner,168,186.0,1,0,2,18,5,720,11
round6_sequence_bc_v1,v123,2026102202,0,learner,192,23.0,1,0,2,21,2,620,10
round6_sequence_bc_v1,v123,2026102202,0,learner,216,93.0,1,0,2,19,4,520,9
round6_sequence_bc_v1,v123,2026102202,0,learner,240,6.0,1,0,0,12,11,540,11
round6_sequence_bc_v1,v123,2026102202,0,learner,264,3.0,1,0,1,12,11,600,17
round6_sequence_bc_v1,v123,2026102202,0,learner,288,944.0,1,0,0,13,10,410,25
round6_sequence_bc_v1,v123,2026102202,0,learner,312,1453.0,1,0,0,22,0,350,26
round6_sequence_bc_v1,v123,2026102202,0,learner,336,2601.0,1,0,0,23,0,440,35
round6_sequence_bc_v1,v123,2026102202,0,learner,360,2629.0,1,0,0,22,1,450,45
round6_sequence_bc_v1,v123,2026102202,0,learner,384,2619.0,1,0,0,23,0,640,52
round6_sequence_bc_v1,v123,2026102202,0,learner,408,2456.0,1,0,0,23,0,720,60
round6_sequence_bc_v1,v123,2026102202,0,learner,432,3123.0,1,0,0,22,1,830,71
round6_sequence_bc_v1,v123,2026102202,0,learner,456,4307.0,1,0,0,23,0,840,76
round6_sequence_bc_v1,v123,2026102202,0,learner,480,4709.0,1,0,0,23,0,980,86
round6_sequence_bc_v1,v123,2026102202,0,learner,504,5323.0,1,0,0,19,4,1080,96
round6_sequence_bc_v1,v123,2026102202,0,learner,528,5260.0,1,0,0,21,2,1150,103
round6_sequence_bc_v1,v123,2026102202,0,learner,552,5574.0,1,0,0,19,4,1230,111
round6_sequence_bc_v1,v123,2026102202,0,learner,576,6620.0,1,0,0,18,5,1390,123
round6_sequence_bc_v1,v123,2026102202,0,learner,600,7508.0,1,0,0,21,3,1350,127
round6_sequence_bc_v1,v123,2026102202,0,learner,624,7420.0,1,0,0,24,0,1400,132
round6_sequence_bc_v1,v123,2026102202,0,learner,648,8709.0,1,0,0,22,2,1400,132
round6_sequence_bc_v1,v123,2026102202,0,learner,672,9438.0,1,0,0,17,8,1440,136
round6_sequence_bc_v1,v123,2026102202,0,learner,696,9012.0,1,0,0,21,4,1330,125
round6_sequence_bc_v1,v123,2026102202,0,learner,719,10323.0,1,13,0,20,5,1320,124
round6_sequence_bc_v1,v123,2026102202,0,opponent,0,3000.0,1,0,0,0,0,0,0
round6_sequence_bc_v1,v123,2026102202,0,opponent,24,26.0,1,0,4,19,0,0,0
round6_sequence_bc_v1,v123,2026102202,0,opponent,48,90.0,1,0,4,19,0,0,0
round6_sequence_bc_v1,v123,2026102202,0,opponent,72,202.0,1,0,5,19,0,0,0
round6_sequence_bc_v1,v123,2026102202,0,opponent,96,288.0,1,0,6,19,0,0,0
round6_sequence_bc_v1,v123,2026102202,0,opponent,120,699.0,1,0,6,19,0,0,0
round6_sequence_bc_v1,v123,2026102202,0,opponent,144,825.0,1,0,6,19,0,0,0
round6_sequence_bc_v1,v123,2026102202,0,opponent,168,851.0,2,0,8,29,0,0,0
round6_sequence_bc_v1,v123,2026102202,0,opponent,192,615.0,2,0,10,37,0,0,0
round6_sequence_bc_v1,v123,2026102202,0,opponent,216,1772.0,2,0,12,37,0,0,0
round6_sequence_bc_v1,v123,2026102202,0,opponent,240,2845.0,2,0,13,37,0,0,0
round6_sequence_bc_v1,v123,2026102202,0,opponent,264,17228.0,2,0,16,32,0,0,0
round6_sequence_bc_v1,v123,2026102202,0,opponent,288,18436.0,3,0,17,53,0,0,0
round6_sequence_bc_v1,v123,2026102202,0,opponent,312,21535.0,3,0,17,57,0,0,0
round6_sequence_bc_v1,v123,2026102202,0,opponent,336,25539.0,3,0,17,57,0,0,0
round6_sequence_bc_v1,v123,2026102202,0,opponent,360,31338.0,3,0,17,57,0,0,0
round6_sequence_bc_v1,v123,2026102202,0,opponent,384,39585.0,3,0,17,57,1,0,0
round6_sequence_bc_v1,v123,2026102202,0,opponent,408,49194.0,3,0,17,58,0,0,0
round6_sequence_bc_v1,v123,2026102202,0,opponent,432,54678.0,3,0,17,58,0,0,0
round6_sequence_bc_v1,v123,2026102202,0,opponent,456,63582.0,3,0,17,58,0,0,0
round6_sequence_bc_v1,v123,2026102202,0,opponent,480,70352.0,3,0,17,58,0,0,0
round6_sequence_bc_v1,v123,2026102202,0,opponent,504,78809.0,3,0,17,58,0,0,0
round6_sequence_bc_v1,v123,2026102202,0,opponent,528,88778.0,3,0,17,57,1,0,0
round6_sequence_bc_v1,v123,2026102202,0,opponent,552,97725.0,3,0,17,58,0,0,0
round6_sequence_bc_v1,v123,2026102202,0,opponent,576,106072.0,3,0,17,58,0,0,0
round6_sequence_bc_v1,v123,2026102202,0,opponent,600,113810.0,3,0,17,58,0,0,0
round6_sequence_bc_v1,v123,2026102202,0,opponent,624,122478.0,3,0,17,58,0,0,0
round6_sequence_bc_v1,v123,2026102202,0,opponent,648,126620.0,3,0,17,58,0,0,0
round6_sequence_bc_v1,v123,2026102202,0,opponent,672,138198.0,3,0,17,46,0,0,0
round6_sequence_bc_v1,v123,2026102202,0,opponent,696,142917.0,3,0,17,21,1,0,0
round6_sequence_bc_v1,v123,2026102202,0,opponent,719,159272.0,3,11,17,0,1,0,0
round6_sequence_bc_v1,v123,2026102202,1,learner,0,3000.0,1,0,0,0,0,0,0
round6_sequence_bc_v1,v123,2026102202,1,learner,24,1332.0,1,0,2,5,0,440,23
round6_sequence_bc_v1,v123,2026102202,1,learner,48,1014.0,1,0,0,20,0,140,14
round6_sequence_bc_v1,v123,2026102202,1,learner,72,1101.0,1,0,0,20,1,130,13
round6_sequence_bc_v1,v123,2026102202,1,learner,96,981.0,1,0,0,17,4,230,14
round6_sequence_bc_v1,v123,2026102202,1,learner,120,600.0,1,0,0,16,5,230,14
round6_sequence_bc_v1,v123,2026102202,1,learner,144,329.0,1,0,0,16,4,430,16
round6_sequence_bc_v1,v123,2026102202,1,learner,168,71.0,1,0,0,16,5,730,19
round6_sequence_bc_v1,v123,2026102202,1,learner,192,83.0,1,0,0,10,11,630,18
round6_sequence_bc_v1,v123,2026102202,1,learner,216,99.0,1,0,0,8,13,630,18
round6_sequence_bc_v1,v123,2026102202,1,learner,240,66.0,1,0,0,12,8,590,14
round6_sequence_bc_v1,v123,2026102202,1,learner,264,12.0,1,0,0,11,9,490,13
round6_sequence_bc_v1,v123,2026102202,1,learner,288,66.0,1,0,0,16,5,290,11
round6_sequence_bc_v1,v123,2026102202,1,learner,312,2093.0,1,0,1,22,0,140,14
round6_sequence_bc_v1,v123,2026102202,1,learner,336,1135.0,2,0,1,26,1,180,18
round6_sequence_bc_v1,v123,2026102202,1,learner,360,1349.0,2,0,1,29,0,250,25
round6_sequence_bc_v1,v123,2026102202,1,learner,384,1383.0,2,0,1,31,0,270,27
round6_sequence_bc_v1,v123,2026102202,1,learner,408,1405.0,2,0,1,38,0,190,19
round6_sequence_bc_v1,v123,2026102202,1,learner,432,2085.0,2,0,1,39,2,310,23
round6_sequence_bc_v1,v123,2026102202,1,learner,456,2803.0,2,0,1,34,7,180,18
round6_sequence_bc_v1,v123,2026102202,1,learner,480,4217.0,2,0,1,26,15,140,14
round6_sequence_bc_v1,v123,2026102202,1,learner,504,5804.0,2,0,1,31,11,260,18
round6_sequence_bc_v1,v123,2026102202,1,learner,528,5941.0,2,0,1,31,12,180,10
round6_sequence_bc_v1,v123,2026102202,1,learner,552,7237.0,2,0,1,37,11,380,20
round6_sequence_bc_v1,v123,2026102202,1,learner,576,8083.0,2,0,0,34,15,250,13
round6_sequence_bc_v1,v123,2026102202,1,learner,600,8487.0,2,0,0,24,25,240,13
round6_sequence_bc_v1,v123,2026102202,1,learner,624,8837.0,2,0,0,20,28,150,7
round6_sequence_bc_v1,v123,2026102202,1,learner,648,9842.0,2,0,0,14,31,200,10
round6_sequence_bc_v1,v123,2026102202,1,learner,672,10214.0,2,0,0,11,32,180,9
round6_sequence_bc_v1,v123,2026102202,1,learner,696,10679.0,2,0,0,7,34,120,6
round6_sequence_bc_v1,v123,2026102202,1,learner,719,13551.0,2,8,0,5,28,100,5
round6_sequence_bc_v1,v123,2026102202,1,opponent,0,3000.0,1,0,0,0,0,0,0
round6_sequence_bc_v1,v123,2026102202,1,opponent,24,26.0,1,0,4,19,0,0,0
round6_sequence_bc_v1,v123,2026102202,1,opponent,48,89.0,1,0,4,19,0,0,0
round6_sequence_bc_v1,v123,2026102202,1,opponent,72,203.0,1,0,5,19,0,0,0
round6_sequence_bc_v1,v123,2026102202,1,opponent,96,287.0,1,0,6,19,0,0,0
round6_sequence_bc_v1,v123,2026102202,1,opponent,120,708.0,1,0,6,19,0,0,0
round6_sequence_bc_v1,v123,2026102202,1,opponent,144,839.0,1,0,6,19,0,0,0
round6_sequence_bc_v1,v123,2026102202,1,opponent,168,1277.0,2,0,8,29,0,0,0
round6_sequence_bc_v1,v123,2026102202,1,opponent,192,747.0,2,0,10,37,0,0,0
round6_sequence_bc_v1,v123,2026102202,1,opponent,216,1825.0,2,0,12,37,0,0,0
round6_sequence_bc_v1,v123,2026102202,1,opponent,240,2920.0,2,0,13,37,0,0,0
round6_sequence_bc_v1,v123,2026102202,1,opponent,264,17379.0,2,0,16,32,0,0,0
round6_sequence_bc_v1,v123,2026102202,1,opponent,288,18530.0,3,0,17,53,0,0,0
round6_sequence_bc_v1,v123,2026102202,1,opponent,312,21677.0,3,0,17,57,0,0,0
round6_sequence_bc_v1,v123,2026102202,1,opponent,336,25726.0,3,0,17,57,0,0,0
round6_sequence_bc_v1,v123,2026102202,1,opponent,360,31556.0,3,0,17,57,0,0,0
round6_sequence_bc_v1,v123,2026102202,1,opponent,384,39687.0,3,0,17,57,1,0,0
round6_sequence_bc_v1,v123,2026102202,1,opponent,408,49062.0,3,0,17,58,0,0,0
round6_sequence_bc_v1,v123,2026102202,1,opponent,432,54409.0,3,0,17,58,0,0,0
round6_sequence_bc_v1,v123,2026102202,1,opponent,456,63056.0,3,0,17,58,0,0,0
round6_sequence_bc_v1,v123,2026102202,1,opponent,480,69561.0,3,0,17,58,0,0,0
round6_sequence_bc_v1,v123,2026102202,1,opponent,504,77926.0,3,0,17,58,0,0,0
round6_sequence_bc_v1,v123,2026102202,1,opponent,528,87768.0,3,0,17,57,1,0,0
round6_sequence_bc_v1,v123,2026102202,1,opponent,552,96479.0,3,0,17,58,0,0,0
round6_sequence_bc_v1,v123,2026102202,1,opponent,576,104669.0,3,0,17,58,0,0,0
round6_sequence_bc_v1,v123,2026102202,1,opponent,600,112287.0,3,0,17,58,0,0,0
round6_sequence_bc_v1,v123,2026102202,1,opponent,624,120126.0,3,0,17,58,0,0,0
round6_sequence_bc_v1,v123,2026102202,1,opponent,648,124387.0,3,0,17,58,0,0,0
round6_sequence_bc_v1,v123,2026102202,1,opponent,672,135967.0,3,0,17,46,0,0,0
round6_sequence_bc_v1,v123,2026102202,1,opponent,696,140531.0,3,0,17,21,1,0,0
round6_sequence_bc_v1,v123,2026102202,1,opponent,719,158110.0,3,11,17,0,1,0,0
round6_sequence_bc_v1,v123,2026102203,0,learner,0,3000.0,1,0,0,0,0,0,0
round6_sequence_bc_v1,v123,2026102203,0,learner,24,1570.0,1,0,2,5,0,300,16
round6_sequence_bc_v1,v123,2026102203,0,learner,48,1344.0,1,0,2,22,0,40,4
round6_sequence_bc_v1,v123,2026102203,0,learner,72,1004.0,1,0,2,23,0,420,8
round6_sequence_bc_v1,v123,2026102203,0,learner,96,720.0,1,0,2,20,3,720,11
round6_sequence_bc_v1,v123,2026102203,0,learner,120,124.0,1,0,2,23,0,420,8
round6_sequence_bc_v1,v123,2026102203,0,learner,144,424.0,1,0,2,20,3,620,10
round6_sequence_bc_v1,v123,2026102203,0,learner,168,34.0,1,0,2,19,4,740,13
round6_sequence_bc_v1,v123,2026102203,0,learner,192,75.0,1,0,2,21,2,750,14
round6_sequence_bc_v1,v123,2026102203,0,learner,216,12.0,1,0,1,21,2,750,14
round6_sequence_bc_v1,v123,2026102203,0,learner,240,43.0,1,0,1,10,13,860,16
round6_sequence_bc_v1,v123,2026102203,0,learner,264,34.0,1,0,1,10,13,610,18
round6_sequence_bc_v1,v123,2026102203,0,learner,288,8.0,1,0,1,19,4,260,19
round6_sequence_bc_v1,v123,2026102203,0,learner,312,0.0,1,0,1,18,5,300,23
round6_sequence_bc_v1,v123,2026102203,0,learner,336,3.0,1,0,1,8,15,360,25
round6_sequence_bc_v1,v123,2026102203,0,learner,360,79.0,1,0,1,13,10,530,34
round6_sequence_bc_v1,v123,2026102203,0,learner,384,4.0,1,0,0,18,5,410,34
round6_sequence_bc_v1,v123,2026102203,0,learner,408,91.0,1,0,2,19,4,800,52
round6_sequence_bc_v1,v123,2026102203,0,learner,432,948.0,1,0,1,19,4,910,63
round6_sequence_bc_v1,v123,2026102203,0,learner,456,476.0,1,0,1,22,1,910,71
round6_sequence_bc_v1,v123,2026102203,0,learner,480,727.0,1,0,1,21,2,1050,81
round6_sequence_bc_v1,v123,2026102203,0,learner,504,846.0,1,0,1,20,3,1120,92
round6_sequence_bc_v1,v123,2026102203,0,learner,528,954.0,1,0,1,20,3,1030,93
round6_sequence_bc_v1,v123,2026102203,0,learner,552,1098.0,1,0,1,23,0,960,91
round6_sequence_bc_v1,v123,2026102203,0,learner,576,499.0,1,0,1,21,2,1320,109
round6_sequence_bc_v1,v123,2026102203,0,learner,600,2224.0,1,0,1,23,0,1230,104
round6_sequence_bc_v1,v123,2026102203,0,learner,624,2781.0,1,0,0,22,1,1160,100
round6_sequence_bc_v1,v123,2026102203,0,learner,648,3651.0,1,0,0,20,2,1070,95
round6_sequence_bc_v1,v123,2026102203,0,learner,672,6226.0,1,0,0,24,0,930,86
round6_sequence_bc_v1,v123,2026102203,0,learner,696,7377.0,1,0,0,23,1,830,80
round6_sequence_bc_v1,v123,2026102203,0,learner,719,10640.0,1,9,0,22,2,720,70
round6_sequence_bc_v1,v123,2026102203,0,opponent,0,3000.0,1,0,0,0,0,0,0
round6_sequence_bc_v1,v123,2026102203,0,opponent,24,26.0,1,0,4,19,0,0,0
round6_sequence_bc_v1,v123,2026102203,0,opponent,48,90.0,1,0,4,19,0,0,0
round6_sequence_bc_v1,v123,2026102203,0,opponent,72,202.0,1,0,5,19,0,0,0
round6_sequence_bc_v1,v123,2026102203,0,opponent,96,288.0,1,0,6,19,0,0,0
round6_sequence_bc_v1,v123,2026102203,0,opponent,120,699.0,1,0,6,19,0,0,0
round6_sequence_bc_v1,v123,2026102203,0,opponent,144,825.0,1,0,6,19,0,0,0
round6_sequence_bc_v1,v123,2026102203,0,opponent,168,851.0,2,0,8,29,0,0,0
round6_sequence_bc_v1,v123,2026102203,0,opponent,192,612.0,2,0,10,37,0,0,0
round6_sequence_bc_v1,v123,2026102203,0,opponent,216,1493.0,2,0,12,37,0,0,0
round6_sequence_bc_v1,v123,2026102203,0,opponent,240,2549.0,2,0,13,37,0,0,0
round6_sequence_bc_v1,v123,2026102203,0,opponent,264,16924.0,2,0,16,32,0,0,0
round6_sequence_bc_v1,v123,2026102203,0,opponent,288,17468.0,3,0,17,53,1,0,0
round6_sequence_bc_v1,v123,2026102203,0,opponent,312,20491.0,3,0,17,57,0,0,0
round6_sequence_bc_v1,v123,2026102203,0,opponent,336,23580.0,3,0,17,57,0,0,0
round6_sequence_bc_v1,v123,2026102203,0,opponent,360,28331.0,3,0,17,57,0,0,0
round6_sequence_bc_v1,v123,2026102203,0,opponent,384,33674.0,3,0,17,57,1,0,0
round6_sequence_bc_v1,v123,2026102203,0,opponent,408,41459.0,3,0,17,58,0,0,0
round6_sequence_bc_v1,v123,2026102203,0,opponent,432,46233.0,3,0,17,58,0,0,0
round6_sequence_bc_v1,v123,2026102203,0,opponent,456,47700.0,4,0,17,68,0,0,0
round6_sequence_bc_v1,v123,2026102203,0,opponent,480,52218.0,4,0,17,68,0,0,0
round6_sequence_bc_v1,v123,2026102203,0,opponent,504,58886.0,4,0,17,68,2,0,0
round6_sequence_bc_v1,v123,2026102203,0,opponent,528,66716.0,4,0,17,67,3,0,0
round6_sequence_bc_v1,v123,2026102203,0,opponent,552,72929.0,4,0,17,68,2,0,0
round6_sequence_bc_v1,v123,2026102203,0,opponent,576,79414.0,4,0,17,68,2,0,0
round6_sequence_bc_v1,v123,2026102203,0,opponent,600,84788.0,4,0,17,68,2,0,0
round6_sequence_bc_v1,v123,2026102203,0,opponent,624,90606.0,4,0,17,68,2,0,0
round6_sequence_bc_v1,v123,2026102203,0,opponent,648,97225.0,4,0,17,68,2,0,0
round6_sequence_bc_v1,v123,2026102203,0,opponent,672,109366.0,4,0,17,56,2,0,0
round6_sequence_bc_v1,v123,2026102203,0,opponent,696,116826.0,4,0,17,31,2,0,0
round6_sequence_bc_v1,v123,2026102203,0,opponent,719,136738.0,4,13,17,10,2,0,0
round6_sequence_bc_v1,v123,2026102203,1,learner,0,3000.0,1,0,0,0,0,0,0
round6_sequence_bc_v1,v123,2026102203,1,learner,24,1332.0,1,0,2,5,0,440,23
round6_sequence_bc_v1,v123,2026102203,1,learner,48,1014.0,1,0,0,20,0,140,14
round6_sequence_bc_v1,v123,2026102203,1,learner,72,1101.0,1,0,0,20,1,130,13
round6_sequence_bc_v1,v123,2026102203,1,learner,96,981.0,1,0,0,17,5,230,14
round6_sequence_bc_v1,v123,2026102203,1,learner,120,600.0,1,0,0,16,6,230,14
round6_sequence_bc_v1,v123,2026102203,1,learner,144,329.0,1,0,0,16,5,430,16
round6_sequence_bc_v1,v123,2026102203,1,learner,168,102.0,1,0,0,14,7,430,16
round6_sequence_bc_v1,v123,2026102203,1,learner,192,70.0,1,0,1,18,4,200,11
round6_sequence_bc_v1,v123,2026102203,1,learner,216,98.0,1,0,0,16,5,180,9
round6_sequence_bc_v1,v123,2026102203,1,learner,240,116.0,1,0,0,17,4,60,6
round6_sequence_bc_v1,v123,2026102203,1,learner,264,86.0,1,0,1,16,5,360,9
round6_sequence_bc_v1,v123,2026102203,1,learner,288,7.0,1,0,1,16,5,70,7
round6_sequence_bc_v1,v123,2026102203,1,learner,312,127.0,2,0,1,21,7,1020,21
round6_sequence_bc_v1,v123,2026102203,1,learner,336,92.0,2,0,1,28,13,720,18
round6_sequence_bc_v1,v123,2026102203,1,learner,360,606.0,2,0,3,31,11,460,19
round6_sequence_bc_v1,v123,2026102203,1,learner,384,447.0,2,0,3,30,14,400,22
round6_sequence_bc_v1,v123,2026102203,1,learner,408,673.0,2,0,3,31,14,320,23
round6_sequence_bc_v1,v123,2026102203,1,learner,432,687.0,2,0,2,31,14,190,19
round6_sequence_bc_v1,v123,2026102203,1,learner,456,587.0,2,0,2,34,11,70,7
round6_sequence_bc_v1,v123,2026102203,1,learner,480,553.0,2,0,2,29,16,70,7
round6_sequence_bc_v1,v123,2026102203,1,learner,504,674.0,2,0,2,29,16,90,9
round6_sequence_bc_v1,v123,2026102203,1,learner,528,1546.0,2,0,2,28,17,50,5
round6_sequence_bc_v1,v123,2026102203,1,learner,552,1969.0,2,0,2,34,11,10,1
round6_sequence_bc_v1,v123,2026102203,1,learner,576,2608.0,2,0,1,33,9,20,2
round6_sequence_bc_v1,v123,2026102203,1,learner,600,2347.0,2,0,1,29,15,30,3
round6_sequence_bc_v1,v123,2026102203,1,learner,624,2393.0,2,0,1,28,13,0,0
round6_sequence_bc_v1,v123,2026102203,1,learner,648,3465.0,2,0,0,18,13,0,0
round6_sequence_bc_v1,v123,2026102203,1,learner,672,4356.0,2,0,0,15,11,0,0
round6_sequence_bc_v1,v123,2026102203,1,learner,696,6727.0,2,0,0,7,14,0,0
round6_sequence_bc_v1,v123,2026102203,1,learner,719,7810.0,2,8,0,8,12,0,0
round6_sequence_bc_v1,v123,2026102203,1,opponent,0,3000.0,1,0,0,0,0,0,0
round6_sequence_bc_v1,v123,2026102203,1,opponent,24,26.0,1,0,4,19,0,0,0
round6_sequence_bc_v1,v123,2026102203,1,opponent,48,89.0,1,0,4,19,0,0,0
round6_sequence_bc_v1,v123,2026102203,1,opponent,72,203.0,1,0,5,19,0,0,0
round6_sequence_bc_v1,v123,2026102203,1,opponent,96,287.0,1,0,6,19,0,0,0
round6_sequence_bc_v1,v123,2026102203,1,opponent,120,708.0,1,0,6,19,0,0,0
round6_sequence_bc_v1,v123,2026102203,1,opponent,144,839.0,1,0,6,19,0,0,0
round6_sequence_bc_v1,v123,2026102203,1,opponent,168,879.0,2,0,8,29,0,0,0
round6_sequence_bc_v1,v123,2026102203,1,opponent,192,656.0,2,0,10,37,0,0,0
round6_sequence_bc_v1,v123,2026102203,1,opponent,216,1561.0,2,0,12,37,0,0,0
round6_sequence_bc_v1,v123,2026102203,1,opponent,240,2653.0,2,0,13,37,0,0,0
round6_sequence_bc_v1,v123,2026102203,1,opponent,264,16691.0,2,0,16,32,0,0,0
round6_sequence_bc_v1,v123,2026102203,1,opponent,288,17549.0,3,0,17,53,1,0,0
round6_sequence_bc_v1,v123,2026102203,1,opponent,312,21751.0,3,0,17,57,0,0,0
round6_sequence_bc_v1,v123,2026102203,1,opponent,336,24327.0,3,0,17,57,0,0,0
round6_sequence_bc_v1,v123,2026102203,1,opponent,360,28712.0,3,0,17,57,0,0,0
round6_sequence_bc_v1,v123,2026102203,1,opponent,384,36347.0,3,0,17,57,1,0,0
round6_sequence_bc_v1,v123,2026102203,1,opponent,408,45634.0,3,0,17,58,0,0,0
round6_sequence_bc_v1,v123,2026102203,1,opponent,432,51600.0,3,0,17,58,0,0,0
round6_sequence_bc_v1,v123,2026102203,1,opponent,456,60146.0,3,0,17,58,0,0,0
round6_sequence_bc_v1,v123,2026102203,1,opponent,480,67295.0,3,0,17,58,0,0,0
round6_sequence_bc_v1,v123,2026102203,1,opponent,504,76150.0,3,0,17,58,0,0,0
round6_sequence_bc_v1,v123,2026102203,1,opponent,528,87440.0,3,0,17,57,1,0,0
round6_sequence_bc_v1,v123,2026102203,1,opponent,552,97039.0,3,0,17,58,0,0,0
round6_sequence_bc_v1,v123,2026102203,1,opponent,576,106384.0,3,0,17,58,0,0,0
round6_sequence_bc_v1,v123,2026102203,1,opponent,600,115450.0,3,0,17,58,0,0,0
round6_sequence_bc_v1,v123,2026102203,1,opponent,624,124361.0,3,0,17,58,0,0,0
round6_sequence_bc_v1,v123,2026102203,1,opponent,648,132613.0,3,0,17,58,0,0,0
round6_sequence_bc_v1,v123,2026102203,1,opponent,672,141452.0,3,0,17,46,0,0,0
round6_sequence_bc_v1,v123,2026102203,1,opponent,696,147808.0,3,0,17,21,0,0,0
round6_sequence_bc_v1,v123,2026102203,1,opponent,719,163401.0,3,11,17,0,0,0,0
round6_sequence_bc_v1,v123,2026102204,0,learner,0,3000.0,1,0,0,0,0,0,0
round6_sequence_bc_v1,v123,2026102204,0,learner,24,1570.0,1,0,2,5,0,300,16
round6_sequence_bc_v1,v123,2026102204,0,learner,48,1344.0,1,0,2,22,0,40,4
round6_sequence_bc_v1,v123,2026102204,0,learner,72,1004.0,1,0,2,23,0,420,8
round6_sequence_bc_v1,v123,2026102204,0,learner,96,410.0,1,0,1,20,3,900,13
round6_sequence_bc_v1,v123,2026102204,0,learner,120,58.0,1,0,1,20,3,700,11
round6_sequence_bc_v1,v123,2026102204,0,learner,144,304.0,1,0,1,19,4,700,11
round6_sequence_bc_v1,v123,2026102204,0,learner,168,85.0,1,0,1,20,3,510,10
round6_sequence_bc_v1,v123,2026102204,0,learner,192,32.0,1,0,1,21,2,440,12
round6_sequence_bc_v1,v123,2026102204,0,learner,216,12.0,1,0,1,20,3,440,12
round6_sequence_bc_v1,v123,2026102204,0,learner,240,47.0,1,0,0,18,5,590,18
round6_sequence_bc_v1,v123,2026102204,0,learner,264,4.0,1,0,1,9,14,500,18
round6_sequence_bc_v1,v123,2026102204,0,learner,288,905.0,1,0,0,13,9,350,26
round6_sequence_bc_v1,v123,2026102204,0,learner,312,14.0,1,0,0,18,5,560,38
round6_sequence_bc_v1,v123,2026102204,0,learner,336,81.0,1,0,0,19,4,640,46
round6_sequence_bc_v1,v123,2026102204,0,learner,360,750.0,1,0,0,19,4,950,59
round6_sequence_bc_v1,v123,2026102204,0,learner,384,284.0,1,0,0,23,0,920,65
round6_sequence_bc_v1,v123,2026102204,0,learner,408,128.0,1,0,0,23,0,1080,72
round6_sequence_bc_v1,v123,2026102204,0,learner,432,517.0,1,0,0,22,1,1170,81
round6_sequence_bc_v1,v123,2026102204,0,learner,456,231.0,1,0,0,22,2,1150,88
round6_sequence_bc_v1,v123,2026102204,0,learner,480,1062.0,1,0,0,22,2,1270,100
round6_sequence_bc_v1,v123,2026102204,0,learner,504,3077.0,1,0,0,21,3,1400,113
round6_sequence_bc_v1,v123,2026102204,0,learner,528,3660.0,1,0,0,21,3,1240,115
round6_sequence_bc_v1,v123,2026102204,0,learner,552,3737.0,1,0,0,20,4,1260,126
round6_sequence_bc_v1,v123,2026102204,0,learner,576,4335.0,1,0,0,22,3,1380,138
round6_sequence_bc_v1,v123,2026102204,0,learner,600,5180.0,1,0,0,22,2,1490,149
round6_sequence_bc_v1,v123,2026102204,0,learner,624,7327.0,1,0,0,22,3,1590,159
round6_sequence_bc_v1,v123,2026102204,0,learner,648,7425.0,1,0,0,23,2,1590,159
round6_sequence_bc_v1,v123,2026102204,0,learner,672,7589.0,1,0,0,23,2,1570,157
round6_sequence_bc_v1,v123,2026102204,0,learner,696,7690.0,1,0,0,21,4,1540,154
round6_sequence_bc_v1,v123,2026102204,0,learner,719,12921.0,1,10,0,22,3,1480,148
round6_sequence_bc_v1,v123,2026102204,0,opponent,0,3000.0,1,0,0,0,0,0,0
round6_sequence_bc_v1,v123,2026102204,0,opponent,24,26.0,1,0,4,19,0,0,0
round6_sequence_bc_v1,v123,2026102204,0,opponent,48,90.0,1,0,4,19,0,0,0
round6_sequence_bc_v1,v123,2026102204,0,opponent,72,202.0,1,0,5,19,0,0,0
round6_sequence_bc_v1,v123,2026102204,0,opponent,96,288.0,1,0,6,19,0,0,0
round6_sequence_bc_v1,v123,2026102204,0,opponent,120,700.0,1,0,6,19,0,0,0
round6_sequence_bc_v1,v123,2026102204,0,opponent,144,827.0,1,0,6,19,0,0,0
round6_sequence_bc_v1,v123,2026102204,0,opponent,168,858.0,2,0,8,29,0,0,0
round6_sequence_bc_v1,v123,2026102204,0,opponent,192,715.0,2,0,10,37,0,0,0
round6_sequence_bc_v1,v123,2026102204,0,opponent,216,1508.0,2,0,12,37,0,0,0
round6_sequence_bc_v1,v123,2026102204,0,opponent,240,2572.0,2,0,13,37,0,0,0
round6_sequence_bc_v1,v123,2026102204,0,opponent,264,17932.0,2,0,16,32,0,0,0
round6_sequence_bc_v1,v123,2026102204,0,opponent,288,18331.0,3,0,17,53,0,0,0
round6_sequence_bc_v1,v123,2026102204,0,opponent,312,22433.0,3,0,17,57,0,0,0
round6_sequence_bc_v1,v123,2026102204,0,opponent,336,25330.0,3,0,17,57,0,0,0
round6_sequence_bc_v1,v123,2026102204,0,opponent,360,31034.0,3,0,17,57,0,0,0
round6_sequence_bc_v1,v123,2026102204,0,opponent,384,37571.0,3,0,17,57,1,0,0
round6_sequence_bc_v1,v123,2026102204,0,opponent,408,47063.0,3,0,17,58,0,0,0
round6_sequence_bc_v1,v123,2026102204,0,opponent,432,52964.0,3,0,17,58,0,0,0
round6_sequence_bc_v1,v123,2026102204,0,opponent,456,57467.0,4,0,17,68,0,0,0
round6_sequence_bc_v1,v123,2026102204,0,opponent,480,64737.0,4,0,17,68,0,0,0
round6_sequence_bc_v1,v123,2026102204,0,opponent,504,74479.0,4,0,17,68,0,0,0
round6_sequence_bc_v1,v123,2026102204,0,opponent,528,85831.0,4,0,17,67,2,0,0
round6_sequence_bc_v1,v123,2026102204,0,opponent,552,95723.0,4,0,17,68,1,0,0
round6_sequence_bc_v1,v123,2026102204,0,opponent,576,105155.0,4,0,17,68,1,0,0
round6_sequence_bc_v1,v123,2026102204,0,opponent,600,113512.0,4,0,17,68,1,0,0
round6_sequence_bc_v1,v123,2026102204,0,opponent,624,121373.0,4,0,17,68,1,0,0
round6_sequence_bc_v1,v123,2026102204,0,opponent,648,129623.0,4,0,17,68,1,0,0
round6_sequence_bc_v1,v123,2026102204,0,opponent,672,146722.0,4,0,17,56,1,0,0
round6_sequence_bc_v1,v123,2026102204,0,opponent,696,155536.0,4,0,17,31,1,0,0
round6_sequence_bc_v1,v123,2026102204,0,opponent,719,179342.0,4,13,17,10,1,0,0
round6_sequence_bc_v1,v123,2026102204,1,learner,0,3000.0,1,0,0,0,0,0,0
round6_sequence_bc_v1,v123,2026102204,1,learner,24,1332.0,1,0,2,5,0,440,23
round6_sequence_bc_v1,v123,2026102204,1,learner,48,1014.0,1,0,0,20,0,140,14
round6_sequence_bc_v1,v123,2026102204,1,learner,72,1101.0,1,0,0,20,1,130,13
round6_sequence_bc_v1,v123,2026102204,1,learner,96,989.0,1,0,0,17,4,230,14
round6_sequence_bc_v1,v123,2026102204,1,learner,120,578.0,1,0,0,16,4,430,16
round6_sequence_bc_v1,v123,2026102204,1,learner,144,642.0,1,0,0,17,3,230,14
round6_sequence_bc_v1,v123,2026102204,1,learner,168,82.0,1,0,0,18,4,390,12
round6_sequence_bc_v1,v123,2026102204,1,learner,192,91.0,1,0,1,17,5,180,9
round6_sequence_bc_v1,v123,2026102204,1,learner,216,88.0,1,0,1,15,7,70,7
round6_sequence_bc_v1,v123,2026102204,1,learner,240,55.0,1,0,1,8,14,170,8
round6_sequence_bc_v1,v123,2026102204,1,learner,264,12.0,1,0,1,8,14,370,10
round6_sequence_bc_v1,v123,2026102204,1,learner,288,2318.0,1,0,1,12,10,80,8
round6_sequence_bc_v1,v123,2026102204,1,learner,312,2225.0,1,0,1,20,1,20,2
round6_sequence_bc_v1,v123,2026102204,1,learner,336,451.0,2,0,1,22,1,310,4
round6_sequence_bc_v1,v123,2026102204,1,learner,360,710.0,2,0,1,25,1,280,10
round6_sequence_bc_v1,v123,2026102204,1,learner,384,486.0,2,0,1,31,1,90,9
round6_sequence_bc_v1,v123,2026102204,1,learner,408,4.0,2,0,2,34,2,430,11
round6_sequence_bc_v1,v123,2026102204,1,learner,432,348.0,2,0,1,29,7,400,17
round6_sequence_bc_v1,v123,2026102204,1,learner,456,874.0,2,0,1,29,8,300,16
round6_sequence_bc_v1,v123,2026102204,1,learner,480,1116.0,2,0,1,28,9,310,17
round6_sequence_bc_v1,v123,2026102204,1,learner,504,1026.0,2,0,1,29,8,320,18
round6_sequence_bc_v1,v123,2026102204,1,learner,528,1144.0,2,0,1,31,10,270,13
round6_sequence_bc_v1,v123,2026102204,1,learner,552,1791.0,2,0,1,30,11,260,12
round6_sequence_bc_v1,v123,2026102204,1,learner,576,2021.0,2,0,1,30,12,160,2
round6_sequence_bc_v1,v123,2026102204,1,learner,600,2279.0,2,0,1,28,11,10,1
round6_sequence_bc_v1,v123,2026102204,1,learner,624,4256.0,2,0,1,23,11,0,0
round6_sequence_bc_v1,v123,2026102204,1,learner,648,6616.0,2,0,0,16,11,0,0
round6_sequence_bc_v1,v123,2026102204,1,learner,672,9498.0,2,0,0,9,14,0,0
round6_sequence_bc_v1,v123,2026102204,1,learner,696,9735.0,2,0,0,7,15,0,0
round6_sequence_bc_v1,v123,2026102204,1,learner,719,9443.0,2,6,0,8,6,0,0
round6_sequence_bc_v1,v123,2026102204,1,opponent,0,3000.0,1,0,0,0,0,0,0
round6_sequence_bc_v1,v123,2026102204,1,opponent,24,26.0,1,0,4,19,0,0,0
round6_sequence_bc_v1,v123,2026102204,1,opponent,48,89.0,1,0,4,19,0,0,0
round6_sequence_bc_v1,v123,2026102204,1,opponent,72,203.0,1,0,5,19,0,0,0
round6_sequence_bc_v1,v123,2026102204,1,opponent,96,286.0,1,0,6,19,0,0,0
round6_sequence_bc_v1,v123,2026102204,1,opponent,120,713.0,1,0,6,19,0,0,0
round6_sequence_bc_v1,v123,2026102204,1,opponent,144,842.0,1,0,6,19,0,0,0
round6_sequence_bc_v1,v123,2026102204,1,opponent,168,881.0,2,0,8,29,0,0,0
round6_sequence_bc_v1,v123,2026102204,1,opponent,192,950.0,2,0,10,37,0,0,0
round6_sequence_bc_v1,v123,2026102204,1,opponent,216,1799.0,2,0,12,37,0,0,0
round6_sequence_bc_v1,v123,2026102204,1,opponent,240,2917.0,2,0,13,37,0,0,0
round6_sequence_bc_v1,v123,2026102204,1,opponent,264,18182.0,2,0,16,32,0,0,0
round6_sequence_bc_v1,v123,2026102204,1,opponent,288,18541.0,3,0,17,53,0,0,0
round6_sequence_bc_v1,v123,2026102204,1,opponent,312,22747.0,3,0,17,57,0,0,0
round6_sequence_bc_v1,v123,2026102204,1,opponent,336,25744.0,3,0,17,57,0,0,0
round6_sequence_bc_v1,v123,2026102204,1,opponent,360,31461.0,3,0,17,57,0,0,0
round6_sequence_bc_v1,v123,2026102204,1,opponent,384,36170.0,3,0,17,57,1,0,0
round6_sequence_bc_v1,v123,2026102204,1,opponent,408,45582.0,3,0,17,58,0,0,0
round6_sequence_bc_v1,v123,2026102204,1,opponent,432,51078.0,3,0,17,58,0,0,0
round6_sequence_bc_v1,v123,2026102204,1,opponent,456,58811.0,3,0,17,58,0,0,0
round6_sequence_bc_v1,v123,2026102204,1,opponent,480,65561.0,3,0,17,58,0,0,0
round6_sequence_bc_v1,v123,2026102204,1,opponent,504,73430.0,3,0,17,58,0,0,0
round6_sequence_bc_v1,v123,2026102204,1,opponent,528,84200.0,3,0,17,57,1,0,0
round6_sequence_bc_v1,v123,2026102204,1,opponent,552,92320.0,3,0,17,58,0,0,0
round6_sequence_bc_v1,v123,2026102204,1,opponent,576,99891.0,3,0,17,58,0,0,0
round6_sequence_bc_v1,v123,2026102204,1,opponent,600,106384.0,3,0,17,58,0,0,0
round6_sequence_bc_v1,v123,2026102204,1,opponent,624,111785.0,3,0,16,58,0,0,0
round6_sequence_bc_v1,v123,2026102204,1,opponent,648,117534.0,3,0,16,58,0,0,0
round6_sequence_bc_v1,v123,2026102204,1,opponent,672,125106.0,3,0,16,46,0,0,0
round6_sequence_bc_v1,v123,2026102204,1,opponent,696,133349.0,3,0,16,21,0,0,0
round6_sequence_bc_v1,v123,2026102204,1,opponent,719,145487.0,3,11,16,0,0,0,0
round6_sequence_bc_v1,v123,2026102205,0,learner,0,3000.0,1,0,0,0,0,0,0
round6_sequence_bc_v1,v123,2026102205,0,learner,24,1570.0,1,0,2,5,0,300,16
round6_sequence_bc_v1,v123,2026102205,0,learner,48,1344.0,1,0,2,22,0,40,4
round6_sequence_bc_v1,v123,2026102205,0,learner,72,1004.0,1,0,2,23,0,420,8
round6_sequence_bc_v1,v123,2026102205,0,learner,96,538.0,1,0,1,18,5,800,12
round6_sequence_bc_v1,v123,2026102205,0,learner,120,57.0,1,0,1,20,3,520,9
round6_sequence_bc_v1,v123,2026102205,0,learner,144,410.0,1,0,1,18,5,520,9
round6_sequence_bc_v1,v123,2026102205,0,learner,168,70.0,1,0,1,16,7,520,9
round6_sequence_bc_v1,v123,2026102205,0,learner,192,111.0,1,0,1,20,3,350,8
round6_sequence_bc_v1,v123,2026102205,0,learner,216,8.0,1,0,0,22,1,240,6
round6_sequence_bc_v1,v123,2026102205,0,learner,240,140.0,1,0,1,19,4,350,8
round6_sequence_bc_v1,v123,2026102205,0,learner,264,22.0,1,0,0,16,7,680,14
round6_sequence_bc_v1,v123,2026102205,0,learner,288,2.0,1,0,1,19,4,260,8
round6_sequence_bc_v1,v123,2026102205,0,learner,312,0.0,1,0,1,20,3,540,18
round6_sequence_bc_v1,v123,2026102205,0,learner,336,2.0,1,0,1,7,16,650,20
round6_sequence_bc_v1,v123,2026102205,0,learner,360,76.0,1,0,1,5,18,630,18
round6_sequence_bc_v1,v123,2026102205,0,learner,384,5.0,1,0,1,11,12,190,19
round6_sequence_bc_v1,v123,2026102205,0,learner,408,9.0,1,0,1,13,10,170,17
round6_sequence_bc_v1,v123,2026102205,0,learner,432,8.0,1,0,1,10,12,230,23
round6_sequence_bc_v1,v123,2026102205,0,learner,456,6.0,1,0,1,17,3,240,24
round6_sequence_bc_v1,v123,2026102205,0,learner,480,2.0,1,0,1,15,4,240,24
round6_sequence_bc_v1,v123,2026102205,0,learner,504,65.0,1,0,1,10,10,330,24
round6_sequence_bc_v1,v123,2026102205,0,learner,528,1.0,1,0,1,15,4,170,17
round6_sequence_bc_v1,v123,2026102205,0,learner,552,34.0,1,0,1,16,3,330,24
round6_sequence_bc_v1,v123,2026102205,0,learner,576,5.0,1,0,0,15,5,250,25
round6_sequence_bc_v1,v123,2026102205,0,learner,600,34.0,1,0,1,14,6,340,34
round6_sequence_bc_v1,v123,2026102205,0,learner,624,18.0,1,0,0,13,7,340,34
round6_sequence_bc_v1,v123,2026102205,0,learner,648,98.0,1,0,1,21,0,260,26
round6_sequence_bc_v1,v123,2026102205,0,learner,672,509.0,1,0,1,23,0,240,24
round6_sequence_bc_v1,v123,2026102205,0,learner,696,193.0,1,0,1,23,0,300,21
round6_sequence_bc_v1,v123,2026102205,0,learner,719,1709.0,1,9,1,23,0,260,17
round6_sequence_bc_v1,v123,2026102205,0,opponent,0,3000.0,1,0,0,0,0,0,0
round6_sequence_bc_v1,v123,2026102205,0,opponent,24,26.0,1,0,4,19,0,0,0
round6_sequence_bc_v1,v123,2026102205,0,opponent,48,90.0,1,0,4,19,0,0,0
round6_sequence_bc_v1,v123,2026102205,0,opponent,72,202.0,1,0,5,19,0,0,0
round6_sequence_bc_v1,v123,2026102205,0,opponent,96,287.0,1,0,6,19,0,0,0
round6_sequence_bc_v1,v123,2026102205,0,opponent,120,704.0,1,0,6,19,0,0,0
round6_sequence_bc_v1,v123,2026102205,0,opponent,144,829.0,1,0,6,19,0,0,0
round6_sequence_bc_v1,v123,2026102205,0,opponent,168,1259.0,2,0,8,29,0,0,0
round6_sequence_bc_v1,v123,2026102205,0,opponent,192,718.0,2,0,10,37,0,0,0
round6_sequence_bc_v1,v123,2026102205,0,opponent,216,2041.0,2,0,12,37,0,0,0
round6_sequence_bc_v1,v123,2026102205,0,opponent,240,3272.0,2,0,13,37,0,0,0
round6_sequence_bc_v1,v123,2026102205,0,opponent,264,18970.0,2,0,16,32,0,0,0
round6_sequence_bc_v1,v123,2026102205,0,opponent,288,19630.0,3,0,17,53,0,0,0
round6_sequence_bc_v1,v123,2026102205,0,opponent,312,23919.0,3,0,17,57,0,0,0
round6_sequence_bc_v1,v123,2026102205,0,opponent,336,27050.0,3,0,17,57,0,0,0
round6_sequence_bc_v1,v123,2026102205,0,opponent,360,32441.0,3,0,17,57,0,0,0
round6_sequence_bc_v1,v123,2026102205,0,opponent,384,40382.0,3,0,17,57,0,10,1
round6_sequence_bc_v1,v123,2026102205,0,opponent,408,49487.0,3,0,17,58,0,10,1
round6_sequence_bc_v1,v123,2026102205,0,opponent,432,54672.0,3,0,17,58,0,10,1
round6_sequence_bc_v1,v123,2026102205,0,opponent,456,63063.0,3,0,17,58,0,10,1
round6_sequence_bc_v1,v123,2026102205,0,opponent,480,72051.0,3,0,17,58,0,10,1
round6_sequence_bc_v1,v123,2026102205,0,opponent,504,79986.0,3,0,17,58,0,10,1
round6_sequence_bc_v1,v123,2026102205,0,opponent,528,91097.0,3,0,17,57,1,10,1
round6_sequence_bc_v1,v123,2026102205,0,opponent,552,101304.0,3,0,17,58,0,10,1
round6_sequence_bc_v1,v123,2026102205,0,opponent,576,111152.0,3,0,17,58,0,10,1
round6_sequence_bc_v1,v123,2026102205,0,opponent,600,119977.0,3,0,17,58,0,10,1
round6_sequence_bc_v1,v123,2026102205,0,opponent,624,129443.0,3,0,17,58,0,10,1
round6_sequence_bc_v1,v123,2026102205,0,opponent,648,138406.0,3,0,17,58,0,10,1
round6_sequence_bc_v1,v123,2026102205,0,opponent,672,145800.0,3,0,17,46,0,10,1
round6_sequence_bc_v1,v123,2026102205,0,opponent,696,159489.0,3,0,17,21,1,10,1
round6_sequence_bc_v1,v123,2026102205,0,opponent,719,172285.0,3,11,17,0,1,10,1
round6_sequence_bc_v1,v123,2026102205,1,learner,0,3000.0,1,0,0,0,0,0,0
round6_sequence_bc_v1,v123,2026102205,1,learner,24,1332.0,1,0,2,5,0,440,23
round6_sequence_bc_v1,v123,2026102205,1,learner,48,1014.0,1,0,0,20,0,140,14
round6_sequence_bc_v1,v123,2026102205,1,learner,72,1101.0,1,0,0,20,1,130,13
round6_sequence_bc_v1,v123,2026102205,1,learner,96,981.0,1,0,0,17,4,230,14
round6_sequence_bc_v1,v123,2026102205,1,learner,120,600.0,1,0,0,16,5,230,14
round6_sequence_bc_v1,v123,2026102205,1,learner,144,329.0,1,0,0,16,4,430,16
round6_sequence_bc_v1,v123,2026102205,1,learner,168,31.0,1,0,0,15,6,520,16
round6_sequence_bc_v1,v123,2026102205,1,learner,192,11.0,1,0,1,16,6,310,13
round6_sequence_bc_v1,v123,2026102205,1,learner,216,34.0,1,0,0,12,10,300,12
round6_sequence_bc_v1,v123,2026102205,1,learner,240,73.0,1,0,0,12,10,200,11
round6_sequence_bc_v1,v123,2026102205,1,learner,264,80.0,1,0,0,15,6,480,12
round6_sequence_bc_v1,v123,2026102205,1,learner,288,7.0,1,0,1,16,6,310,13
round6_sequence_bc_v1,v123,2026102205,1,learner,312,188.0,1,0,1,12,10,1340,26
round6_sequence_bc_v1,v123,2026102205,1,learner,336,88.0,1,0,1,7,14,1440,27
round6_sequence_bc_v1,v123,2026102205,1,learner,360,228.0,1,0,2,9,11,940,31
round6_sequence_bc_v1,v123,2026102205,1,learner,384,140.0,1,0,2,14,5,530,35
round6_sequence_bc_v1,v123,2026102205,1,learner,408,159.0,1,0,2,16,1,490,40
round6_sequence_bc_v1,v123,2026102205,1,learner,432,933.0,1,0,1,16,1,610,52
round6_sequence_bc_v1,v123,2026102205,1,learner,456,115.0,1,0,2,14,2,810,63
round6_sequence_bc_v1,v123,2026102205,1,learner,480,71.0,1,0,2,12,4,820,64
round6_sequence_bc_v1,v123,2026102205,1,learner,504,0.0,1,0,2,15,1,870,69
round6_sequence_bc_v1,v123,2026102205,1,learner,528,454.0,1,0,2,15,2,940,85
round6_sequence_bc_v1,v123,2026102205,1,learner,552,11.0,1,0,1,10,8,920,83
round6_sequence_bc_v1,v123,2026102205,1,learner,576,1106.0,1,0,0,6,12,930,84
round6_sequence_bc_v1,v123,2026102205,1,learner,600,18.0,2,0,3,21,6,750,66
round6_sequence_bc_v1,v123,2026102205,1,learner,624,6.0,2,0,1,28,8,570,57
round6_sequence_bc_v1,v123,2026102205,1,learner,648,96.0,2,0,0,24,12,520,52
round6_sequence_bc_v1,v123,2026102205,1,learner,672,42.0,2,0,0,25,14,390,39
round6_sequence_bc_v1,v123,2026102205,1,learner,696,680.0,2,0,0,26,13,310,31
round6_sequence_bc_v1,v123,2026102205,1,learner,719,1808.0,2,7,0,26,13,260,26
round6_sequence_bc_v1,v123,2026102205,1,opponent,0,3000.0,1,0,0,0,0,0,0
round6_sequence_bc_v1,v123,2026102205,1,opponent,24,26.0,1,0,4,19,0,0,0
round6_sequence_bc_v1,v123,2026102205,1,opponent,48,89.0,1,0,4,19,0,0,0
round6_sequence_bc_v1,v123,2026102205,1,opponent,72,203.0,1,0,5,19,0,0,0
round6_sequence_bc_v1,v123,2026102205,1,opponent,96,287.0,1,0,6,19,0,0,0
round6_sequence_bc_v1,v123,2026102205,1,opponent,120,708.0,1,0,6,19,0,0,0
round6_sequence_bc_v1,v123,2026102205,1,opponent,144,839.0,1,0,6,19,0,0,0
round6_sequence_bc_v1,v123,2026102205,1,opponent,168,880.0,2,0,8,29,0,0,0
round6_sequence_bc_v1,v123,2026102205,1,opponent,192,657.0,2,0,10,37,0,0,0
round6_sequence_bc_v1,v123,2026102205,1,opponent,216,1563.0,2,0,12,37,0,0,0
round6_sequence_bc_v1,v123,2026102205,1,opponent,240,2654.0,2,0,13,37,0,0,0
round6_sequence_bc_v1,v123,2026102205,1,opponent,264,16410.0,2,0,16,32,0,0,0
round6_sequence_bc_v1,v123,2026102205,1,opponent,288,16970.0,3,0,17,53,0,0,0
round6_sequence_bc_v1,v123,2026102205,1,opponent,312,20041.0,3,0,17,57,0,0,0
round6_sequence_bc_v1,v123,2026102205,1,opponent,336,23074.0,3,0,17,57,0,0,0
round6_sequence_bc_v1,v123,2026102205,1,opponent,360,26646.0,3,0,17,57,0,0,0
round6_sequence_bc_v1,v123,2026102205,1,opponent,384,32211.0,3,0,17,57,1,0,0
round6_sequence_bc_v1,v123,2026102205,1,opponent,408,40447.0,3,0,17,58,0,0,0
round6_sequence_bc_v1,v123,2026102205,1,opponent,432,45940.0,3,0,17,58,0,0,0
round6_sequence_bc_v1,v123,2026102205,1,opponent,456,52630.0,3,0,17,58,0,0,0
round6_sequence_bc_v1,v123,2026102205,1,opponent,480,58373.0,3,0,17,58,0,0,0
round6_sequence_bc_v1,v123,2026102205,1,opponent,504,65682.0,3,0,17,58,0,0,0
round6_sequence_bc_v1,v123,2026102205,1,opponent,528,75187.0,3,0,17,57,1,0,0
round6_sequence_bc_v1,v123,2026102205,1,opponent,552,81986.0,3,0,17,58,0,0,0
round6_sequence_bc_v1,v123,2026102205,1,opponent,576,89766.0,3,0,17,58,0,0,0
round6_sequence_bc_v1,v123,2026102205,1,opponent,600,97083.0,3,0,17,58,0,0,0
round6_sequence_bc_v1,v123,2026102205,1,opponent,624,102517.0,3,0,17,58,0,0,0
round6_sequence_bc_v1,v123,2026102205,1,opponent,648,104543.0,3,0,17,58,0,0,0
round6_sequence_bc_v1,v123,2026102205,1,opponent,672,114995.0,3,0,17,46,0,0,0
round6_sequence_bc_v1,v123,2026102205,1,opponent,696,118828.0,3,0,17,21,1,0,0
round6_sequence_bc_v1,v123,2026102205,1,opponent,719,131794.0,3,11,17,0,1,0,0
round6_sequence_bc_v1,v123,2026102206,0,learner,0,3000.0,1,0,0,0,0,0,0
round6_sequence_bc_v1,v123,2026102206,0,learner,24,1570.0,1,0,2,5,0,300,16
round6_sequence_bc_v1,v123,2026102206,0,learner,48,1344.0,1,0,2,22,0,40,4
round6_sequence_bc_v1,v123,2026102206,0,learner,72,1004.0,1,0,2,23,0,420,8
round6_sequence_bc_v1,v123,2026102206,0,learner,96,410.0,1,0,1,20,3,900,13
round6_sequence_bc_v1,v123,2026102206,0,learner,120,58.0,1,0,1,20,3,700,11
round6_sequence_bc_v1,v123,2026102206,0,learner,144,304.0,1,0,1,19,4,700,11
round6_sequence_bc_v1,v123,2026102206,0,learner,168,85.0,1,0,1,20,3,510,10
round6_sequence_bc_v1,v123,2026102206,0,learner,192,32.0,1,0,1,21,2,440,12
round6_sequence_bc_v1,v123,2026102206,0,learner,216,12.0,1,0,1,20,3,440,12
round6_sequence_bc_v1,v123,2026102206,0,learner,240,45.0,1,0,0,18,5,590,18
round6_sequence_bc_v1,v123,2026102206,0,learner,264,1869.0,1,0,1,18,3,640,23
round6_sequence_bc_v1,v123,2026102206,0,learner,288,598.0,1,0,1,23,0,1060,27
round6_sequence_bc_v1,v123,2026102206,0,learner,312,3035.0,1,0,1,23,0,1230,35
round6_sequence_bc_v1,v123,2026102206,0,learner,336,3837.0,1,0,1,22,1,1270,39
round6_sequence_bc_v1,v123,2026102206,0,learner,360,3582.0,1,0,1,18,5,1270,39
round6_sequence_bc_v1,v123,2026102206,0,learner,384,3230.0,1,0,0,15,8,1070,37
round6_sequence_bc_v1,v123,2026102206,0,learner,408,3369.0,1,0,1,14,9,1000,39
round6_sequence_bc_v1,v123,2026102206,0,learner,432,3755.0,1,0,1,15,8,900,38
round6_sequence_bc_v1,v123,2026102206,0,learner,456,3007.0,1,0,1,15,8,940,42
round6_sequence_bc_v1,v123,2026102206,0,learner,480,3874.0,1,0,1,10,13,960,44
round6_sequence_bc_v1,v123,2026102206,0,learner,504,3868.0,1,0,1,9,14,1010,49
round6_sequence_bc_v1,v123,2026102206,0,learner,528,4662.0,1,0,1,9,14,1050,56
round6_sequence_bc_v1,v123,2026102206,0,learner,552,5794.0,1,0,1,12,11,910,51
round6_sequence_bc_v1,v123,2026102206,0,learner,576,6097.0,1,0,0,13,10,1020,56
round6_sequence_bc_v1,v123,2026102206,0,learner,600,5863.0,1,0,0,17,7,710,53
round6_sequence_bc_v1,v123,2026102206,0,learner,624,5913.0,1,0,0,16,8,710,53
round6_sequence_bc_v1,v123,2026102206,0,learner,648,8664.0,1,0,0,16,8,700,52
round6_sequence_bc_v1,v123,2026102206,0,learner,672,8860.0,1,0,0,16,8,670,50
round6_sequence_bc_v1,v123,2026102206,0,learner,696,8986.0,1,0,1,14,8,600,44
round6_sequence_bc_v1,v123,2026102206,0,learner,719,10454.0,1,6,1,17,6,510,36
round6_sequence_bc_v1,v123,2026102206,0,opponent,0,3000.0,1,0,0,0,0,0,0
round6_sequence_bc_v1,v123,2026102206,0,opponent,24,26.0,1,0,4,19,0,0,0
round6_sequence_bc_v1,v123,2026102206,0,opponent,48,90.0,1,0,4,19,0,0,0
round6_sequence_bc_v1,v123,2026102206,0,opponent,72,202.0,1,0,5,19,0,0,0
round6_sequence_bc_v1,v123,2026102206,0,opponent,96,288.0,1,0,6,19,0,0,0
round6_sequence_bc_v1,v123,2026102206,0,opponent,120,700.0,1,0,6,19,0,0,0
round6_sequence_bc_v1,v123,2026102206,0,opponent,144,827.0,1,0,6,19,0,0,0
round6_sequence_bc_v1,v123,2026102206,0,opponent,168,858.0,2,0,8,29,0,0,0
round6_sequence_bc_v1,v123,2026102206,0,opponent,192,715.0,2,0,10,37,0,0,0
round6_sequence_bc_v1,v123,2026102206,0,opponent,216,1508.0,2,0,12,37,0,0,0
round6_sequence_bc_v1,v123,2026102206,0,opponent,240,2575.0,2,0,13,37,0,0,0
round6_sequence_bc_v1,v123,2026102206,0,opponent,264,17808.0,2,0,16,32,0,0,0
round6_sequence_bc_v1,v123,2026102206,0,opponent,288,18040.0,3,0,17,53,0,0,0
round6_sequence_bc_v1,v123,2026102206,0,opponent,312,22116.0,3,0,17,57,0,0,0
round6_sequence_bc_v1,v123,2026102206,0,opponent,336,24889.0,3,0,17,57,0,0,0
round6_sequence_bc_v1,v123,2026102206,0,opponent,360,30597.0,3,0,17,57,0,0,0
round6_sequence_bc_v1,v123,2026102206,0,opponent,384,36476.0,3,0,17,57,1,0,0
round6_sequence_bc_v1,v123,2026102206,0,opponent,408,46317.0,3,0,17,58,0,0,0
round6_sequence_bc_v1,v123,2026102206,0,opponent,432,51700.0,3,0,17,58,0,0,0
round6_sequence_bc_v1,v123,2026102206,0,opponent,456,60407.0,3,0,17,58,0,0,0
round6_sequence_bc_v1,v123,2026102206,0,opponent,480,66415.0,3,0,17,58,0,0,0
round6_sequence_bc_v1,v123,2026102206,0,opponent,504,75916.0,3,0,17,58,0,0,0
round6_sequence_bc_v1,v123,2026102206,0,opponent,528,86978.0,3,0,17,57,1,0,0
round6_sequence_bc_v1,v123,2026102206,0,opponent,552,95981.0,3,0,17,58,0,0,0
round6_sequence_bc_v1,v123,2026102206,0,opponent,576,104984.0,3,0,17,58,0,0,0
round6_sequence_bc_v1,v123,2026102206,0,opponent,600,113658.0,3,0,17,58,0,0,0
round6_sequence_bc_v1,v123,2026102206,0,opponent,624,121689.0,3,0,17,58,0,0,0
round6_sequence_bc_v1,v123,2026102206,0,opponent,648,125175.0,3,0,17,58,0,0,0
round6_sequence_bc_v1,v123,2026102206,0,opponent,672,135929.0,3,0,17,46,0,0,0
round6_sequence_bc_v1,v123,2026102206,0,opponent,696,144457.0,3,0,17,21,0,0,0
round6_sequence_bc_v1,v123,2026102206,0,opponent,719,158838.0,3,11,17,0,0,0,0
round6_sequence_bc_v1,v123,2026102206,1,learner,0,3000.0,1,0,0,0,0,0,0
round6_sequence_bc_v1,v123,2026102206,1,learner,24,1332.0,1,0,2,5,0,440,23
round6_sequence_bc_v1,v123,2026102206,1,learner,48,1014.0,1,0,0,20,0,140,14
round6_sequence_bc_v1,v123,2026102206,1,learner,72,1101.0,1,0,0,20,1,130,13
round6_sequence_bc_v1,v123,2026102206,1,learner,96,1109.0,1,0,0,17,3,130,13
round6_sequence_bc_v1,v123,2026102206,1,learner,120,466.0,1,0,0,18,3,490,15
round6_sequence_bc_v1,v123,2026102206,1,learner,144,656.0,1,0,0,19,1,210,12
round6_sequence_bc_v1,v123,2026102206,1,learner,168,52.0,1,0,0,19,2,310,13
round6_sequence_bc_v1,v123,2026102206,1,learner,192,77.0,1,0,1,19,3,200,11
round6_sequence_bc_v1,v123,2026102206,1,learner,216,123.0,1,0,1,21,1,180,9
round6_sequence_bc_v1,v123,2026102206,1,learner,240,66.0,1,0,1,18,4,180,9
round6_sequence_bc_v1,v123,2026102206,1,learner,264,506.0,1,0,1,15,7,310,13
round6_sequence_bc_v1,v123,2026102206,1,learner,288,1.0,1,0,1,18,5,190,10
round6_sequence_bc_v1,v123,2026102206,1,learner,312,1293.0,1,0,0,17,6,370,17
round6_sequence_bc_v1,v123,2026102206,1,learner,336,360.0,1,0,0,14,8,170,17
round6_sequence_bc_v1,v123,2026102206,1,learner,360,1698.0,1,0,2,20,2,210,21
round6_sequence_bc_v1,v123,2026102206,1,learner,384,4054.0,1,0,2,19,3,300,26
round6_sequence_bc_v1,v123,2026102206,1,learner,408,4248.0,1,0,2,15,7,330,29
round6_sequence_bc_v1,v123,2026102206,1,learner,432,4363.0,1,0,2,20,2,400,28
round6_sequence_bc_v1,v123,2026102206,1,learner,456,4136.0,1,0,2,20,2,450,33
round6_sequence_bc_v1,v123,2026102206,1,learner,480,4680.0,1,0,2,16,5,410,29
round6_sequence_bc_v1,v123,2026102206,1,learner,504,5419.0,1,0,2,16,5,410,33
round6_sequence_bc_v1,v123,2026102206,1,learner,528,5620.0,1,0,2,19,3,380,30
round6_sequence_bc_v1,v123,2026102206,1,learner,552,6317.0,1,0,2,22,1,360,28
round6_sequence_bc_v1,v123,2026102206,1,learner,576,5819.0,1,0,0,23,0,390,31
round6_sequence_bc_v1,v123,2026102206,1,learner,600,6276.0,1,0,0,22,1,460,38
round6_sequence_bc_v1,v123,2026102206,1,learner,624,6911.0,1,0,0,22,3,300,26
round6_sequence_bc_v1,v123,2026102206,1,learner,648,8431.0,1,0,0,22,3,270,23
round6_sequence_bc_v1,v123,2026102206,1,learner,672,8788.0,1,0,0,24,1,220,18
round6_sequence_bc_v1,v123,2026102206,1,learner,696,9280.0,1,0,0,24,1,100,6
round6_sequence_bc_v1,v123,2026102206,1,learner,719,10534.0,1,7,0,22,1,0,0
round6_sequence_bc_v1,v123,2026102206,1,opponent,0,3000.0,1,0,0,0,0,0,0
round6_sequence_bc_v1,v123,2026102206,1,opponent,24,26.0,1,0,4,19,0,0,0
round6_sequence_bc_v1,v123,2026102206,1,opponent,48,89.0,1,0,4,19,0,0,0
round6_sequence_bc_v1,v123,2026102206,1,opponent,72,203.0,1,0,5,19,0,0,0
round6_sequence_bc_v1,v123,2026102206,1,opponent,96,286.0,1,0,6,19,0,0,0
round6_sequence_bc_v1,v123,2026102206,1,opponent,120,713.0,1,0,6,19,0,0,0
round6_sequence_bc_v1,v123,2026102206,1,opponent,144,842.0,1,0,6,19,0,0,0
round6_sequence_bc_v1,v123,2026102206,1,opponent,168,1114.0,2,0,8,29,0,0,0
round6_sequence_bc_v1,v123,2026102206,1,opponent,192,739.0,2,0,10,37,0,0,0
round6_sequence_bc_v1,v123,2026102206,1,opponent,216,1656.0,2,0,12,37,0,0,0
round6_sequence_bc_v1,v123,2026102206,1,opponent,240,4534.0,2,0,13,37,0,0,0
round6_sequence_bc_v1,v123,2026102206,1,opponent,264,19248.0,2,0,15,32,0,0,0
round6_sequence_bc_v1,v123,2026102206,1,opponent,288,18862.0,3,0,16,53,0,0,0
round6_sequence_bc_v1,v123,2026102206,1,opponent,312,22098.0,3,0,16,57,0,0,0
round6_sequence_bc_v1,v123,2026102206,1,opponent,336,24545.0,3,0,16,57,0,0,0
round6_sequence_bc_v1,v123,2026102206,1,opponent,360,28189.0,3,0,16,57,0,0,0
round6_sequence_bc_v1,v123,2026102206,1,opponent,384,36703.0,3,0,16,57,1,0,0
round6_sequence_bc_v1,v123,2026102206,1,opponent,408,42110.0,3,0,16,58,0,0,0
round6_sequence_bc_v1,v123,2026102206,1,opponent,432,50246.0,3,0,16,58,0,0,0
round6_sequence_bc_v1,v123,2026102206,1,opponent,456,57571.0,3,0,16,58,0,0,0
round6_sequence_bc_v1,v123,2026102206,1,opponent,480,63779.0,3,0,16,58,0,0,0
round6_sequence_bc_v1,v123,2026102206,1,opponent,504,70971.0,3,0,16,58,0,0,0
round6_sequence_bc_v1,v123,2026102206,1,opponent,528,78750.0,3,0,16,57,1,0,0
round6_sequence_bc_v1,v123,2026102206,1,opponent,552,83197.0,3,0,16,58,0,0,0
round6_sequence_bc_v1,v123,2026102206,1,opponent,576,88770.0,3,0,16,58,0,0,0
round6_sequence_bc_v1,v123,2026102206,1,opponent,600,96651.0,3,0,16,58,0,0,0
round6_sequence_bc_v1,v123,2026102206,1,opponent,624,102587.0,3,0,16,58,0,0,0
round6_sequence_bc_v1,v123,2026102206,1,opponent,648,108056.0,3,0,16,58,0,0,0
round6_sequence_bc_v1,v123,2026102206,1,opponent,672,111210.0,3,0,16,46,0,0,0
round6_sequence_bc_v1,v123,2026102206,1,opponent,696,117256.0,3,0,16,21,0,0,0
round6_sequence_bc_v1,v123,2026102206,1,opponent,719,129474.0,3,11,16,0,0,0,0
round6_sequence_bc_v1,v123,2026102207,0,learner,0,3000.0,1,0,0,0,0,0,0
round6_sequence_bc_v1,v123,2026102207,0,learner,24,1570.0,1,0,2,5,1,300,16
round6_sequence_bc_v1,v123,2026102207,0,learner,48,1132.0,1,0,0,21,0,80,8
round6_sequence_bc_v1,v123,2026102207,0,learner,72,1219.0,1,0,0,22,1,60,6
round6_sequence_bc_v1,v123,2026102207,0,learner,96,848.0,1,0,0,19,4,330,8
round6_sequence_bc_v1,v123,2026102207,0,learner,120,141.0,1,0,0,19,4,610,11
round6_sequence_bc_v1,v123,2026102207,0,learner,144,209.0,1,0,0,18,5,510,10
round6_sequence_bc_v1,v123,2026102207,0,learner,168,490.0,1,0,0,17,6,540,11
round6_sequence_bc_v1,v123,2026102207,0,learner,192,232.0,1,0,0,22,1,290,11
round6_sequence_bc_v1,v123,2026102207,0,learner,216,161.0,1,0,0,22,1,280,10
round6_sequence_bc_v1,v123,2026102207,0,learner,240,48.0,1,0,0,19,4,200,11
round6_sequence_bc_v1,v123,2026102207,0,learner,264,4.0,1,0,0,18,5,240,15
round6_sequence_bc_v1,v123,2026102207,0,learner,288,301.0,1,0,0,21,2,300,21
round6_sequence_bc_v1,v123,2026102207,0,learner,312,2768.0,1,0,0,19,3,370,28
round6_sequence_bc_v1,v123,2026102207,0,learner,336,4122.0,1,0,0,19,3,440,35
round6_sequence_bc_v1,v123,2026102207,0,learner,360,4110.0,1,0,0,21,2,520,43
round6_sequence_bc_v1,v123,2026102207,0,learner,384,3837.0,1,0,0,21,2,920,53
round6_sequence_bc_v1,v123,2026102207,0,learner,408,5682.0,1,0,0,19,4,890,59
round6_sequence_bc_v1,v123,2026102207,0,learner,432,5869.0,1,0,0,21,2,980,65
round6_sequence_bc_v1,v123,2026102207,0,learner,456,7011.0,1,0,0,21,2,1050,72
round6_sequence_bc_v1,v123,2026102207,0,learner,480,7245.0,1,0,0,24,1,1120,75
round6_sequence_bc_v1,v123,2026102207,0,learner,504,8222.0,1,0,0,25,0,1230,86
round6_sequence_bc_v1,v123,2026102207,0,learner,528,7976.0,1,0,0,24,1,1310,94
round6_sequence_bc_v1,v123,2026102207,0,learner,552,8274.0,1,0,0,24,0,1270,98
round6_sequence_bc_v1,v123,2026102207,0,learner,576,9172.0,1,0,0,24,0,1380,109
round6_sequence_bc_v1,v123,2026102207,0,learner,600,11171.0,1,0,0,24,1,1440,115
round6_sequence_bc_v1,v123,2026102207,0,learner,624,10668.0,1,0,0,24,1,1390,114
round6_sequence_bc_v1,v123,2026102207,0,learner,648,11534.0,1,0,0,24,1,1410,116
round6_sequence_bc_v1,v123,2026102207,0,learner,672,11793.0,1,0,0,24,1,1390,118
round6_sequence_bc_v1,v123,2026102207,0,learner,696,12521.0,1,0,0,24,1,1280,107
round6_sequence_bc_v1,v123,2026102207,0,learner,719,14445.0,1,11,0,25,0,1190,102
round6_sequence_bc_v1,v123,2026102207,0,opponent,0,3000.0,1,0,0,0,0,0,0
round6_sequence_bc_v1,v123,2026102207,0,opponent,24,26.0,1,0,4,19,0,0,0
round6_sequence_bc_v1,v123,2026102207,0,opponent,48,91.0,1,0,4,19,0,0,0
round6_sequence_bc_v1,v123,2026102207,0,opponent,72,205.0,1,0,5,19,0,0,0
round6_sequence_bc_v1,v123,2026102207,0,opponent,96,289.0,1,0,6,19,0,0,0
round6_sequence_bc_v1,v123,2026102207,0,opponent,120,715.0,1,0,6,19,0,0,0
round6_sequence_bc_v1,v123,2026102207,0,opponent,144,846.0,1,0,6,19,0,0,0
round6_sequence_bc_v1,v123,2026102207,0,opponent,168,957.0,2,0,8,29,0,0,0
round6_sequence_bc_v1,v123,2026102207,0,opponent,192,562.0,2,0,10,37,0,0,0
round6_sequence_bc_v1,v123,2026102207,0,opponent,216,1475.0,2,0,12,37,0,0,0
round6_sequence_bc_v1,v123,2026102207,0,opponent,240,4313.0,2,0,13,37,0,0,0
round6_sequence_bc_v1,v123,2026102207,0,opponent,264,19076.0,2,0,15,32,0,0,0
round6_sequence_bc_v1,v123,2026102207,0,opponent,288,18778.0,3,0,16,53,0,0,0
round6_sequence_bc_v1,v123,2026102207,0,opponent,312,22008.0,3,0,16,57,0,0,0
round6_sequence_bc_v1,v123,2026102207,0,opponent,336,24352.0,3,0,16,57,0,0,0
round6_sequence_bc_v1,v123,2026102207,0,opponent,360,28486.0,3,0,16,57,0,0,0
round6_sequence_bc_v1,v123,2026102207,0,opponent,384,38050.0,3,0,16,57,1,0,0
round6_sequence_bc_v1,v123,2026102207,0,opponent,408,45746.0,3,0,16,58,0,0,0
round6_sequence_bc_v1,v123,2026102207,0,opponent,432,53667.0,3,0,16,58,0,0,0
round6_sequence_bc_v1,v123,2026102207,0,opponent,456,61651.0,3,0,16,58,0,0,0
round6_sequence_bc_v1,v123,2026102207,0,opponent,480,68759.0,3,0,16,58,0,0,0
round6_sequence_bc_v1,v123,2026102207,0,opponent,504,77385.0,3,0,16,58,0,0,0
round6_sequence_bc_v1,v123,2026102207,0,opponent,528,88033.0,3,0,16,57,1,0,0
round6_sequence_bc_v1,v123,2026102207,0,opponent,552,95532.0,3,0,16,58,0,0,0
round6_sequence_bc_v1,v123,2026102207,0,opponent,576,104459.0,3,0,16,58,0,0,0
round6_sequence_bc_v1,v123,2026102207,0,opponent,600,115156.0,3,0,16,58,0,0,0
round6_sequence_bc_v1,v123,2026102207,0,opponent,624,125614.0,3,0,16,58,0,0,0
round6_sequence_bc_v1,v123,2026102207,0,opponent,648,131939.0,3,0,16,58,0,0,0
round6_sequence_bc_v1,v123,2026102207,0,opponent,672,141277.0,3,0,16,46,0,0,0
round6_sequence_bc_v1,v123,2026102207,0,opponent,696,149007.0,3,0,16,21,1,0,0
round6_sequence_bc_v1,v123,2026102207,0,opponent,719,167447.0,3,11,16,0,1,0,0
round6_sequence_bc_v1,v123,2026102207,1,learner,0,3000.0,1,0,0,0,0,0,0
round6_sequence_bc_v1,v123,2026102207,1,learner,24,1332.0,1,0,2,5,1,440,23
round6_sequence_bc_v1,v123,2026102207,1,learner,48,1094.0,1,0,0,10,1,380,22
round6_sequence_bc_v1,v123,2026102207,1,learner,72,1031.0,1,0,0,18,2,220,13
round6_sequence_bc_v1,v123,2026102207,1,learner,96,990.0,1,0,0,20,2,190,10
round6_sequence_bc_v1,v123,2026102207,1,learner,120,879.0,1,0,0,19,2,180,9
round6_sequence_bc_v1,v123,2026102207,1,learner,144,617.0,1,0,0,18,4,180,9
round6_sequence_bc_v1,v123,2026102207,1,learner,168,111.0,1,0,1,17,5,180,9
round6_sequence_bc_v1,v123,2026102207,1,learner,192,85.0,1,0,1,16,7,170,8
round6_sequence_bc_v1,v123,2026102207,1,learner,216,58.0,1,0,1,18,4,240,6
round6_sequence_bc_v1,v123,2026102207,1,learner,240,114.0,1,0,1,17,5,240,6
round6_sequence_bc_v1,v123,2026102207,1,learner,264,65.0,1,0,1,12,10,240,6
round6_sequence_bc_v1,v123,2026102207,1,learner,288,1227.0,2,0,1,19,5,0,0
round6_sequence_bc_v1,v123,2026102207,1,learner,312,72.0,2,0,1,26,2,0,0
round6_sequence_bc_v1,v123,2026102207,1,learner,336,671.0,2,0,4,27,2,0,0
round6_sequence_bc_v1,v123,2026102207,1,learner,360,1.0,2,0,3,31,4,50,1
round6_sequence_bc_v1,v123,2026102207,1,learner,384,912.0,2,0,2,30,6,80,4
round6_sequence_bc_v1,v123,2026102207,1,learner,408,1445.0,2,0,2,21,15,120,8
round6_sequence_bc_v1,v123,2026102207,1,learner,432,1582.0,2,0,2,21,16,80,4
round6_sequence_bc_v1,v123,2026102207,1,learner,456,1654.0,2,0,2,23,15,50,5
round6_sequence_bc_v1,v123,2026102207,1,learner,480,1505.0,2,0,2,20,18,70,7
round6_sequence_bc_v1,v123,2026102207,1,learner,504,1593.0,2,0,1,16,22,40,4
round6_sequence_bc_v1,v123,2026102207,1,learner,528,1760.0,2,0,2,17,21,0,0
round6_sequence_bc_v1,v123,2026102207,1,learner,552,2487.0,2,0,2,13,23,0,0
round6_sequence_bc_v1,v123,2026102207,1,learner,576,2729.0,2,0,2,7,26,10,1
round6_sequence_bc_v1,v123,2026102207,1,learner,600,2891.0,2,0,0,5,25,0,0
round6_sequence_bc_v1,v123,2026102207,1,learner,624,3181.0,2,0,1,2,23,0,0
round6_sequence_bc_v1,v123,2026102207,1,learner,648,3489.0,2,0,1,1,23,0,0
round6_sequence_bc_v1,v123,2026102207,1,learner,672,3945.0,2,0,0,1,17,0,0
round6_sequence_bc_v1,v123,2026102207,1,learner,696,4334.0,2,0,0,0,11,0,0
round6_sequence_bc_v1,v123,2026102207,1,learner,719,4474.0,2,7,0,1,7,100,1
round6_sequence_bc_v1,v123,2026102207,1,opponent,0,3000.0,1,0,0,0,0,0,0
round6_sequence_bc_v1,v123,2026102207,1,opponent,24,26.0,1,0,4,19,0,0,0
round6_sequence_bc_v1,v123,2026102207,1,opponent,48,91.0,1,0,4,19,0,0,0
round6_sequence_bc_v1,v123,2026102207,1,opponent,72,206.0,1,0,5,19,0,0,0
round6_sequence_bc_v1,v123,2026102207,1,opponent,96,290.0,1,0,6,19,0,0,0
round6_sequence_bc_v1,v123,2026102207,1,opponent,120,718.0,1,0,6,19,0,0,0
round6_sequence_bc_v1,v123,2026102207,1,opponent,144,848.0,1,0,6,19,0,0,0
round6_sequence_bc_v1,v123,2026102207,1,opponent,168,1121.0,2,0,8,29,0,0,0
round6_sequence_bc_v1,v123,2026102207,1,opponent,192,746.0,2,0,10,37,0,0,0
round6_sequence_bc_v1,v123,2026102207,1,opponent,216,1652.0,2,0,12,37,0,0,0
round6_sequence_bc_v1,v123,2026102207,1,opponent,240,4533.0,2,0,13,37,0,0,0
round6_sequence_bc_v1,v123,2026102207,1,opponent,264,19651.0,2,0,15,32,0,0,0
round6_sequence_bc_v1,v123,2026102207,1,opponent,288,19481.0,3,0,16,53,0,0,0
round6_sequence_bc_v1,v123,2026102207,1,opponent,312,22723.0,3,0,16,57,0,0,0
round6_sequence_bc_v1,v123,2026102207,1,opponent,336,25769.0,3,0,16,57,0,0,0
round6_sequence_bc_v1,v123,2026102207,1,opponent,360,30762.0,3,0,16,57,0,0,0
round6_sequence_bc_v1,v123,2026102207,1,opponent,384,41456.0,3,0,16,57,1,0,0
round6_sequence_bc_v1,v123,2026102207,1,opponent,408,49630.0,3,0,16,58,0,0,0
round6_sequence_bc_v1,v123,2026102207,1,opponent,432,59027.0,3,0,16,58,0,0,0
round6_sequence_bc_v1,v123,2026102207,1,opponent,456,68546.0,3,0,16,58,0,0,0
round6_sequence_bc_v1,v123,2026102207,1,opponent,480,77209.0,3,0,16,58,0,0,0
round6_sequence_bc_v1,v123,2026102207,1,opponent,504,87202.0,3,0,16,58,0,0,0
round6_sequence_bc_v1,v123,2026102207,1,opponent,528,99695.0,3,0,16,57,1,0,0
round6_sequence_bc_v1,v123,2026102207,1,opponent,552,108877.0,3,0,16,58,0,0,0
round6_sequence_bc_v1,v123,2026102207,1,opponent,576,119385.0,3,0,16,58,0,0,0
round6_sequence_bc_v1,v123,2026102207,1,opponent,600,130974.0,3,0,16,58,0,0,0
round6_sequence_bc_v1,v123,2026102207,1,opponent,624,142783.0,3,0,16,58,0,0,0
round6_sequence_bc_v1,v123,2026102207,1,opponent,648,149471.0,3,0,16,58,0,0,0
round6_sequence_bc_v1,v123,2026102207,1,opponent,672,160275.0,3,0,16,46,0,0,0
round6_sequence_bc_v1,v123,2026102207,1,opponent,696,168446.0,3,0,16,21,1,0,0
round6_sequence_bc_v1,v123,2026102207,1,opponent,719,188102.0,3,11,16,0,1,0,0
round6_sequence_bc_v1,v123,2026102208,0,learner,0,3000.0,1,0,0,0,0,0,0
round6_sequence_bc_v1,v123,2026102208,0,learner,24,1570.0,1,0,2,5,0,300,16
round6_sequence_bc_v1,v123,2026102208,0,learner,48,1344.0,1,0,2,22,0,40,4
round6_sequence_bc_v1,v123,2026102208,0,learner,72,1004.0,1,0,2,23,0,420,8
round6_sequence_bc_v1,v123,2026102208,0,learner,96,609.0,1,0,2,20,3,700,11
round6_sequence_bc_v1,v123,2026102208,0,learner,120,123.0,1,0,2,21,2,600,10
round6_sequence_bc_v1,v123,2026102208,0,learner,144,186.0,1,0,2,20,3,900,13
round6_sequence_bc_v1,v123,2026102208,0,learner,168,80.0,1,0,2,18,5,820,14
round6_sequence_bc_v1,v123,2026102208,0,learner,192,105.0,1,0,2,21,2,560,15
round6_sequence_bc_v1,v123,2026102208,0,learner,216,16.0,1,0,0,22,1,560,15
round6_sequence_bc_v1,v123,2026102208,0,learner,240,58.0,1,0,1,22,1,710,21
round6_sequence_bc_v1,v123,2026102208,0,learner,264,0.0,1,0,1,19,4,540,22
round6_sequence_bc_v1,v123,2026102208,0,learner,288,526.0,1,0,1,18,5,720,29
round6_sequence_bc_v1,v123,2026102208,0,learner,312,433.0,1,0,1,18,5,710,28
round6_sequence_bc_v1,v123,2026102208,0,learner,336,2587.0,1,0,0,22,1,490,24
round6_sequence_bc_v1,v123,2026102208,0,learner,360,2224.0,1,0,1,20,3,540,29
round6_sequence_bc_v1,v123,2026102208,0,learner,384,2582.0,1,0,1,21,2,450,29
round6_sequence_bc_v1,v123,2026102208,0,learner,408,2524.0,1,0,1,20,3,480,32
round6_sequence_bc_v1,v123,2026102208,0,learner,432,2618.0,1,0,1,23,0,500,34
round6_sequence_bc_v1,v123,2026102208,0,learner,456,3668.0,1,0,1,23,0,540,38
round6_sequence_bc_v1,v123,2026102208,0,learner,480,5035.0,1,0,1,22,1,690,47
round6_sequence_bc_v1,v123,2026102208,0,learner,504,6706.0,1,0,1,22,1,760,57
round6_sequence_bc_v1,v123,2026102208,0,learner,528,7213.0,1,0,1,19,3,770,58
round6_sequence_bc_v1,v123,2026102208,0,learner,552,8715.0,1,0,0,15,6,910,60
round6_sequence_bc_v1,v123,2026102208,0,learner,576,8971.0,1,0,1,19,4,910,62
round6_sequence_bc_v1,v123,2026102208,0,learner,600,8814.0,1,0,1,23,0,740,59
round6_sequence_bc_v1,v123,2026102208,0,learner,624,8634.0,1,0,1,23,0,660,54
round6_sequence_bc_v1,v123,2026102208,0,learner,648,8862.0,1,0,1,17,5,830,63
round6_sequence_bc_v1,v123,2026102208,0,learner,672,10454.0,1,0,1,17,6,790,60
round6_sequence_bc_v1,v123,2026102208,0,learner,696,10763.0,1,0,1,16,6,730,55
round6_sequence_bc_v1,v123,2026102208,0,learner,719,11698.0,1,7,1,16,6,670,49
round6_sequence_bc_v1,v123,2026102208,0,opponent,0,3000.0,1,0,0,0,0,0,0
round6_sequence_bc_v1,v123,2026102208,0,opponent,24,26.0,1,0,4,19,0,0,0
round6_sequence_bc_v1,v123,2026102208,0,opponent,48,90.0,1,0,4,19,0,0,0
round6_sequence_bc_v1,v123,2026102208,0,opponent,72,202.0,1,0,5,19,0,0,0
round6_sequence_bc_v1,v123,2026102208,0,opponent,96,287.0,1,0,6,19,0,0,0
round6_sequence_bc_v1,v123,2026102208,0,opponent,120,703.0,1,0,6,19,0,0,0
round6_sequence_bc_v1,v123,2026102208,0,opponent,144,827.0,1,0,6,19,0,0,0
round6_sequence_bc_v1,v123,2026102208,0,opponent,168,1075.0,2,0,8,29,0,0,0
round6_sequence_bc_v1,v123,2026102208,0,opponent,192,684.0,2,0,10,37,0,0,0
round6_sequence_bc_v1,v123,2026102208,0,opponent,216,1866.0,2,0,12,37,0,0,0
round6_sequence_bc_v1,v123,2026102208,0,opponent,240,4697.0,2,0,13,37,0,0,0
round6_sequence_bc_v1,v123,2026102208,0,opponent,264,20160.0,2,0,15,32,0,0,0
round6_sequence_bc_v1,v123,2026102208,0,opponent,288,20240.0,3,0,16,53,0,0,0
round6_sequence_bc_v1,v123,2026102208,0,opponent,312,23428.0,3,0,16,57,0,0,0
round6_sequence_bc_v1,v123,2026102208,0,opponent,336,26583.0,3,0,16,57,0,0,0
round6_sequence_bc_v1,v123,2026102208,0,opponent,360,31617.0,3,0,16,57,0,0,0
round6_sequence_bc_v1,v123,2026102208,0,opponent,384,42210.0,3,0,16,57,1,0,0
round6_sequence_bc_v1,v123,2026102208,0,opponent,408,50967.0,3,0,16,58,0,0,0
round6_sequence_bc_v1,v123,2026102208,0,opponent,432,58382.0,3,0,16,58,0,0,0
round6_sequence_bc_v1,v123,2026102208,0,opponent,456,66680.0,3,0,16,58,0,0,0
round6_sequence_bc_v1,v123,2026102208,0,opponent,480,74023.0,3,0,16,58,0,0,0
round6_sequence_bc_v1,v123,2026102208,0,opponent,504,82469.0,3,0,16,58,0,0,0
round6_sequence_bc_v1,v123,2026102208,0,opponent,528,92958.0,3,0,16,57,1,0,0
round6_sequence_bc_v1,v123,2026102208,0,opponent,552,100052.0,3,0,16,58,0,0,0
round6_sequence_bc_v1,v123,2026102208,0,opponent,576,108006.0,3,0,16,58,0,0,0
round6_sequence_bc_v1,v123,2026102208,0,opponent,600,116659.0,3,0,16,58,0,0,0
round6_sequence_bc_v1,v123,2026102208,0,opponent,624,126923.0,3,0,16,58,0,0,0
round6_sequence_bc_v1,v123,2026102208,0,opponent,648,132822.0,3,0,16,58,0,0,0
round6_sequence_bc_v1,v123,2026102208,0,opponent,672,138614.0,3,0,16,46,0,0,0
round6_sequence_bc_v1,v123,2026102208,0,opponent,696,145088.0,3,0,16,21,0,0,0
round6_sequence_bc_v1,v123,2026102208,0,opponent,719,162379.0,3,11,16,0,0,0,0
round6_sequence_bc_v1,v123,2026102208,1,learner,0,3000.0,1,0,0,0,0,0,0
round6_sequence_bc_v1,v123,2026102208,1,learner,24,1332.0,1,0,2,5,0,440,23
round6_sequence_bc_v1,v123,2026102208,1,learner,48,1014.0,1,0,0,20,0,140,14
round6_sequence_bc_v1,v123,2026102208,1,learner,72,1101.0,1,0,0,20,1,130,13
round6_sequence_bc_v1,v123,2026102208,1,learner,96,1010.0,1,0,0,17,4,230,14
round6_sequence_bc_v1,v123,2026102208,1,learner,120,599.0,1,0,0,18,3,320,14
round6_sequence_bc_v1,v123,2026102208,1,learner,144,238.0,1,0,0,20,1,510,15
round6_sequence_bc_v1,v123,2026102208,1,learner,168,18.0,1,0,0,18,3,910,19
round6_sequence_bc_v1,v123,2026102208,1,learner,192,27.0,1,0,0,15,7,610,16
round6_sequence_bc_v1,v123,2026102208,1,learner,216,5.0,1,0,0,18,4,490,13
round6_sequence_bc_v1,v123,2026102208,1,learner,240,17.0,1,0,0,11,11,490,13
round6_sequence_bc_v1,v123,2026102208,1,learner,264,5.0,1,0,0,8,14,390,12
round6_sequence_bc_v1,v123,2026102208,1,learner,288,1808.0,1,0,0,5,15,490,13
round6_sequence_bc_v1,v123,2026102208,1,learner,312,3774.0,1,0,1,17,3,160,7
round6_sequence_bc_v1,v123,2026102208,1,learner,336,185.0,3,0,2,30,1,60,6
round6_sequence_bc_v1,v123,2026102208,1,learner,360,67.0,3,0,2,32,1,90,9
round6_sequence_bc_v1,v123,2026102208,1,learner,384,119.0,3,0,1,38,6,20,2
round6_sequence_bc_v1,v123,2026102208,1,learner,408,464.0,3,0,2,41,7,50,5
round6_sequence_bc_v1,v123,2026102208,1,learner,432,849.0,3,0,1,30,18,80,8
round6_sequence_bc_v1,v123,2026102208,1,learner,456,540.0,3,0,2,32,16,0,0
round6_sequence_bc_v1,v123,2026102208,1,learner,480,235.0,3,0,3,29,17,120,6
round6_sequence_bc_v1,v123,2026102208,1,learner,504,511.0,3,0,3,25,23,480,24
round6_sequence_bc_v1,v123,2026102208,1,learner,528,962.0,3,0,2,21,27,450,23
round6_sequence_bc_v1,v123,2026102208,1,learner,552,1928.0,3,0,2,21,27,300,15
round6_sequence_bc_v1,v123,2026102208,1,learner,576,2290.0,3,0,2,19,26,160,8
round6_sequence_bc_v1,v123,2026102208,1,learner,600,2510.0,3,0,2,15,23,140,7
round6_sequence_bc_v1,v123,2026102208,1,learner,624,3094.0,3,0,0,3,29,240,12
round6_sequence_bc_v1,v123,2026102208,1,learner,648,3757.0,3,0,0,2,30,240,12
round6_sequence_bc_v1,v123,2026102208,1,learner,672,3805.0,3,0,0,0,30,240,12
round6_sequence_bc_v1,v123,2026102208,1,learner,696,4300.0,3,0,0,2,21,200,10
round6_sequence_bc_v1,v123,2026102208,1,learner,719,3380.0,3,6,0,2,21,200,10
round6_sequence_bc_v1,v123,2026102208,1,opponent,0,3000.0,1,0,0,0,0,0,0
round6_sequence_bc_v1,v123,2026102208,1,opponent,24,26.0,1,0,4,19,0,0,0
round6_sequence_bc_v1,v123,2026102208,1,opponent,48,89.0,1,0,4,19,0,0,0
round6_sequence_bc_v1,v123,2026102208,1,opponent,72,203.0,1,0,5,19,0,0,0
round6_sequence_bc_v1,v123,2026102208,1,opponent,96,287.0,1,0,6,19,0,0,0
round6_sequence_bc_v1,v123,2026102208,1,opponent,120,709.0,1,0,6,19,0,0,0
round6_sequence_bc_v1,v123,2026102208,1,opponent,144,840.0,1,0,6,19,0,0,0
round6_sequence_bc_v1,v123,2026102208,1,opponent,168,819.0,2,0,8,29,0,0,0
round6_sequence_bc_v1,v123,2026102208,1,opponent,192,688.0,2,0,10,37,0,0,0
round6_sequence_bc_v1,v123,2026102208,1,opponent,216,2017.0,2,0,12,37,0,0,0
round6_sequence_bc_v1,v123,2026102208,1,opponent,240,3228.0,2,0,13,37,0,0,0
round6_sequence_bc_v1,v123,2026102208,1,opponent,264,18116.0,2,0,16,32,0,0,0
round6_sequence_bc_v1,v123,2026102208,1,opponent,288,19530.0,3,0,17,53,0,0,0
round6_sequence_bc_v1,v123,2026102208,1,opponent,312,22663.0,3,0,17,57,0,0,0
round6_sequence_bc_v1,v123,2026102208,1,opponent,336,27121.0,3,0,17,57,0,0,0
round6_sequence_bc_v1,v123,2026102208,1,opponent,360,33401.0,3,0,17,57,0,0,0
round6_sequence_bc_v1,v123,2026102208,1,opponent,384,42593.0,3,0,17,57,1,0,0
round6_sequence_bc_v1,v123,2026102208,1,opponent,408,52597.0,3,0,17,58,0,0,0
round6_sequence_bc_v1,v123,2026102208,1,opponent,432,58114.0,3,0,17,58,0,0,0
round6_sequence_bc_v1,v123,2026102208,1,opponent,456,69276.0,3,0,17,58,0,0,0
round6_sequence_bc_v1,v123,2026102208,1,opponent,480,76711.0,3,0,17,58,0,0,0
round6_sequence_bc_v1,v123,2026102208,1,opponent,504,85864.0,3,0,17,58,0,0,0
round6_sequence_bc_v1,v123,2026102208,1,opponent,528,98812.0,3,0,17,57,1,0,0
round6_sequence_bc_v1,v123,2026102208,1,opponent,552,110209.0,3,0,17,58,0,0,0
round6_sequence_bc_v1,v123,2026102208,1,opponent,576,120268.0,3,0,17,58,0,0,0
round6_sequence_bc_v1,v123,2026102208,1,opponent,600,129653.0,3,0,17,58,0,0,0
round6_sequence_bc_v1,v123,2026102208,1,opponent,624,139321.0,3,0,17,58,0,0,0
round6_sequence_bc_v1,v123,2026102208,1,opponent,648,148116.0,3,0,17,58,0,0,0
round6_sequence_bc_v1,v123,2026102208,1,opponent,672,156564.0,3,0,17,46,0,0,0
round6_sequence_bc_v1,v123,2026102208,1,opponent,696,171111.0,3,0,17,21,0,0,0
round6_sequence_bc_v1,v123,2026102208,1,opponent,719,184110.0,3,11,17,0,0,0,0
round6_sequence_bc_v1,v124,2026102201,0,learner,0,3000.0,1,0,0,0,0,0,0
round6_sequence_bc_v1,v124,2026102201,0,learner,24,1570.0,1,0,2,5,0,300,16
round6_sequence_bc_v1,v124,2026102201,0,learner,48,1344.0,1,0,2,22,0,40,4
round6_sequence_bc_v1,v124,2026102201,0,learner,72,1004.0,1,0,2,23,0,420,8
round6_sequence_bc_v1,v124,2026102201,0,learner,96,510.0,1,0,2,19,4,800,12
round6_sequence_bc_v1,v124,2026102201,0,learner,120,43.0,1,0,2,21,2,700,11
round6_sequence_bc_v1,v124,2026102201,0,learner,144,91.0,1,0,2,20,3,900,13
round6_sequence_bc_v1,v124,2026102201,0,learner,168,82.0,1,0,2,21,2,840,16
round6_sequence_bc_v1,v124,2026102201,0,learner,192,31.0,1,0,2,21,2,1080,22
round6_sequence_bc_v1,v124,2026102201,0,learner,216,110.0,1,0,2,19,4,1080,22
round6_sequence_bc_v1,v124,2026102201,0,learner,240,2.0,1,0,0,18,5,1000,23
round6_sequence_bc_v1,v124,2026102201,0,learner,264,438.0,1,0,1,18,5,1070,30
round6_sequence_bc_v1,v124,2026102201,0,learner,288,5.0,1,0,1,19,4,740,33
round6_sequence_bc_v1,v124,2026102201,0,learner,312,1698.0,1,0,1,19,4,790,38
round6_sequence_bc_v1,v124,2026102201,0,learner,336,1529.0,1,0,1,16,8,630,38
round6_sequence_bc_v1,v124,2026102201,0,learner,360,2567.0,1,0,1,18,6,530,37
round6_sequence_bc_v1,v124,2026102201,0,learner,384,982.0,1,0,1,17,7,1290,71
round6_sequence_bc_v1,v124,2026102201,0,learner,408,1207.0,1,0,1,10,14,1290,71
round6_sequence_bc_v1,v124,2026102201,0,learner,432,29.0,1,0,0,8,15,1480,82
round6_sequence_bc_v1,v124,2026102201,0,learner,456,65.0,1,0,2,8,15,1550,87
round6_sequence_bc_v1,v124,2026102201,0,learner,480,32.0,1,0,2,5,18,1550,87
round6_sequence_bc_v1,v124,2026102201,0,learner,504,88.0,1,0,0,7,16,1520,85
round6_sequence_bc_v1,v124,2026102201,0,learner,528,30.0,1,0,2,7,15,1640,91
round6_sequence_bc_v1,v124,2026102201,0,learner,552,58.0,1,0,0,8,15,1580,89
round6_sequence_bc_v1,v124,2026102201,0,learner,576,4.0,1,0,1,14,9,1460,82
round6_sequence_bc_v1,v124,2026102201,0,learner,600,2.0,1,0,0,13,10,1460,82
round6_sequence_bc_v1,v124,2026102201,0,learner,624,316.0,1,0,1,15,8,1270,76
round6_sequence_bc_v1,v124,2026102201,0,learner,648,417.0,1,0,0,15,8,1580,91
round6_sequence_bc_v1,v124,2026102201,0,learner,672,1365.0,1,0,1,17,6,1480,86
round6_sequence_bc_v1,v124,2026102201,0,learner,696,2089.0,1,0,0,18,5,1480,86
round6_sequence_bc_v1,v124,2026102201,0,learner,719,3439.0,1,7,0,19,5,1320,78
round6_sequence_bc_v1,v124,2026102201,0,opponent,0,3000.0,1,0,0,0,0,0,0
round6_sequence_bc_v1,v124,2026102201,0,opponent,24,26.0,1,0,4,19,0,0,0
round6_sequence_bc_v1,v124,2026102201,0,opponent,48,90.0,1,0,4,19,0,0,0
round6_sequence_bc_v1,v124,2026102201,0,opponent,72,202.0,1,0,5,19,0,0,0
round6_sequence_bc_v1,v124,2026102201,0,opponent,96,288.0,1,0,6,19,0,0,0
round6_sequence_bc_v1,v124,2026102201,0,opponent,120,699.0,1,0,6,19,0,0,0
round6_sequence_bc_v1,v124,2026102201,0,opponent,144,825.0,1,0,6,19,0,0,0
round6_sequence_bc_v1,v124,2026102201,0,opponent,168,1248.0,2,0,8,29,0,0,0
round6_sequence_bc_v1,v124,2026102201,0,opponent,192,701.0,2,0,10,37,0,0,0
round6_sequence_bc_v1,v124,2026102201,0,opponent,216,1959.0,2,0,12,37,0,0,0
round6_sequence_bc_v1,v124,2026102201,0,opponent,240,3039.0,2,0,13,37,0,0,0
round6_sequence_bc_v1,v124,2026102201,0,opponent,264,18701.0,2,0,16,32,0,0,0
round6_sequence_bc_v1,v124,2026102201,0,opponent,288,19346.0,3,0,17,53,0,0,0
round6_sequence_bc_v1,v124,2026102201,0,opponent,312,23635.0,3,0,17,57,0,0,0
round6_sequence_bc_v1,v124,2026102201,0,opponent,336,26795.0,3,0,17,57,0,0,0
round6_sequence_bc_v1,v124,2026102201,0,opponent,360,32841.0,3,0,17,57,0,0,0
round6_sequence_bc_v1,v124,2026102201,0,opponent,384,39625.0,3,0,17,57,0,10,1
round6_sequence_bc_v1,v124,2026102201,0,opponent,408,47317.0,3,0,17,58,0,10,1
round6_sequence_bc_v1,v124,2026102201,0,opponent,432,51130.0,3,0,17,58,0,10,1
round6_sequence_bc_v1,v124,2026102201,0,opponent,456,55044.0,3,0,17,58,0,10,1
round6_sequence_bc_v1,v124,2026102201,0,opponent,480,57887.0,3,0,17,58,0,10,1
round6_sequence_bc_v1,v124,2026102201,0,opponent,504,59735.0,3,0,17,58,0,10,1
round6_sequence_bc_v1,v124,2026102201,0,opponent,528,62732.0,3,0,17,57,1,10,1
round6_sequence_bc_v1,v124,2026102201,0,opponent,552,66052.0,3,0,17,58,0,10,1
round6_sequence_bc_v1,v124,2026102201,0,opponent,576,69463.0,3,0,17,58,0,10,1
round6_sequence_bc_v1,v124,2026102201,0,opponent,600,72223.0,3,0,17,58,0,10,1
round6_sequence_bc_v1,v124,2026102201,0,opponent,624,77181.0,3,0,17,58,0,10,1
round6_sequence_bc_v1,v124,2026102201,0,opponent,648,81054.0,3,0,17,58,0,10,1
round6_sequence_bc_v1,v124,2026102201,0,opponent,672,85950.0,3,0,17,46,0,10,1
round6_sequence_bc_v1,v124,2026102201,0,opponent,696,91541.0,3,0,17,21,0,10,1
round6_sequence_bc_v1,v124,2026102201,0,opponent,719,109861.0,3,11,17,0,0,10,1
round6_sequence_bc_v1,v124,2026102201,1,learner,0,3000.0,1,0,0,0,0,0,0
round6_sequence_bc_v1,v124,2026102201,1,learner,24,1332.0,1,0,2,5,0,440,23
round6_sequence_bc_v1,v124,2026102201,1,learner,48,1014.0,1,0,0,20,0,140,14
round6_sequence_bc_v1,v124,2026102201,1,learner,72,1101.0,1,0,0,20,1,130,13
round6_sequence_bc_v1,v124,2026102201,1,learner,96,1081.0,1,0,0,17,4,130,13
round6_sequence_bc_v1,v124,2026102201,1,learner,120,460.0,1,0,0,17,3,420,15
round6_sequence_bc_v1,v124,2026102201,1,learner,144,754.0,1,0,0,16,4,320,14
round6_sequence_bc_v1,v124,2026102201,1,learner,168,205.0,1,0,0,13,8,510,15
round6_sequence_bc_v1,v124,2026102201,1,learner,192,63.0,1,0,1,12,9,410,14
round6_sequence_bc_v1,v124,2026102201,1,learner,216,208.0,1,0,0,16,5,170,8
round6_sequence_bc_v1,v124,2026102201,1,learner,240,182.0,1,0,0,20,2,140,5
round6_sequence_bc_v1,v124,2026102201,1,learner,264,109.0,1,0,0,17,4,110,11
round6_sequence_bc_v1,v124,2026102201,1,learner,288,1141.0,1,0,0,16,5,210,12
round6_sequence_bc_v1,v124,2026102201,1,learner,312,2532.0,1,0,1,19,2,320,19
round6_sequence_bc_v1,v124,2026102201,1,learner,336,3584.0,1,0,1,20,2,430,21
round6_sequence_bc_v1,v124,2026102201,1,learner,360,4744.0,1,0,1,22,0,410,24
round6_sequence_bc_v1,v124,2026102201,1,learner,384,5672.0,1,0,1,20,2,610,35
round6_sequence_bc_v1,v124,2026102201,1,learner,408,5928.0,1,0,1,17,5,750,41
round6_sequence_bc_v1,v124,2026102201,1,learner,432,5964.0,1,0,1,19,3,930,43
round6_sequence_bc_v1,v124,2026102201,1,learner,456,5776.0,1,0,1,17,5,1320,62
round6_sequence_bc_v1,v124,2026102201,1,learner,480,5986.0,1,0,1,15,7,1110,57
round6_sequence_bc_v1,v124,2026102201,1,learner,504,6574.0,1,0,1,21,1,1120,63
round6_sequence_bc_v1,v124,2026102201,1,learner,528,6486.0,1,0,0,20,3,1030,60
round6_sequence_bc_v1,v124,2026102201,1,learner,552,6352.0,1,0,0,21,3,980,62
round6_sequence_bc_v1,v124,2026102201,1,learner,576,6342.0,1,0,0,22,3,960,63
round6_sequence_bc_v1,v124,2026102201,1,learner,600,6397.0,1,0,0,22,3,930,63
round6_sequence_bc_v1,v124,2026102201,1,learner,624,6562.0,1,0,0,14,11,900,60
round6_sequence_bc_v1,v124,2026102201,1,learner,648,5931.0,1,0,0,13,12,1450,87
round6_sequence_bc_v1,v124,2026102201,1,learner,672,6028.0,1,0,0,19,6,1720,101
round6_sequence_bc_v1,v124,2026102201,1,learner,696,6113.0,1,0,0,21,4,1640,97
round6_sequence_bc_v1,v124,2026102201,1,learner,719,6501.0,1,9,0,20,4,1540,91
round6_sequence_bc_v1,v124,2026102201,1,opponent,0,3000.0,1,0,0,0,0,0,0
round6_sequence_bc_v1,v124,2026102201,1,opponent,24,26.0,1,0,4,19,0,0,0
round6_sequence_bc_v1,v124,2026102201,1,opponent,48,89.0,1,0,4,19,0,0,0
round6_sequence_bc_v1,v124,2026102201,1,opponent,72,203.0,1,0,5,19,0,0,0
round6_sequence_bc_v1,v124,2026102201,1,opponent,96,287.0,1,0,6,19,0,0,0
round6_sequence_bc_v1,v124,2026102201,1,opponent,120,708.0,1,0,6,19,0,0,0
round6_sequence_bc_v1,v124,2026102201,1,opponent,144,839.0,1,0,6,19,0,0,0
round6_sequence_bc_v1,v124,2026102201,1,opponent,168,879.0,2,0,8,29,0,0,0
round6_sequence_bc_v1,v124,2026102201,1,opponent,192,748.0,2,0,10,37,0,0,0
round6_sequence_bc_v1,v124,2026102201,1,opponent,216,1573.0,2,0,12,37,0,0,0
round6_sequence_bc_v1,v124,2026102201,1,opponent,240,2682.0,2,0,13,37,0,0,0
round6_sequence_bc_v1,v124,2026102201,1,opponent,264,16688.0,2,0,16,32,0,0,0
round6_sequence_bc_v1,v124,2026102201,1,opponent,288,17264.0,3,0,17,53,0,0,0
round6_sequence_bc_v1,v124,2026102201,1,opponent,312,21086.0,3,0,17,57,0,0,0
round6_sequence_bc_v1,v124,2026102201,1,opponent,336,23423.0,3,0,17,57,0,0,0
round6_sequence_bc_v1,v124,2026102201,1,opponent,360,28089.0,3,0,17,57,0,0,0
round6_sequence_bc_v1,v124,2026102201,1,opponent,384,33641.0,3,0,17,57,0,10,1
round6_sequence_bc_v1,v124,2026102201,1,opponent,408,40325.0,3,0,17,58,0,10,1
round6_sequence_bc_v1,v124,2026102201,1,opponent,432,43825.0,3,0,17,58,0,10,1
round6_sequence_bc_v1,v124,2026102201,1,opponent,456,47007.0,3,0,17,58,0,10,1
round6_sequence_bc_v1,v124,2026102201,1,opponent,480,48715.0,3,0,17,58,0,10,1
round6_sequence_bc_v1,v124,2026102201,1,opponent,504,49820.0,3,0,17,58,0,10,1
round6_sequence_bc_v1,v124,2026102201,1,opponent,528,51999.0,3,0,17,57,1,10,1
round6_sequence_bc_v1,v124,2026102201,1,opponent,552,53930.0,3,0,17,58,0,10,1
round6_sequence_bc_v1,v124,2026102201,1,opponent,576,56518.0,3,0,17,58,0,10,1
round6_sequence_bc_v1,v124,2026102201,1,opponent,600,58569.0,3,0,17,58,0,10,1
round6_sequence_bc_v1,v124,2026102201,1,opponent,624,62316.0,3,0,17,58,0,10,1
round6_sequence_bc_v1,v124,2026102201,1,opponent,648,65442.0,3,0,17,58,0,10,1
round6_sequence_bc_v1,v124,2026102201,1,opponent,672,69484.0,3,0,17,46,0,10,1
round6_sequence_bc_v1,v124,2026102201,1,opponent,696,73570.0,3,0,17,21,0,10,1
round6_sequence_bc_v1,v124,2026102201,1,opponent,719,85623.0,3,11,17,0,0,10,1
round6_sequence_bc_v1,v124,2026102202,0,learner,0,3000.0,1,0,0,0,0,0,0
round6_sequence_bc_v1,v124,2026102202,0,learner,24,1570.0,1,0,2,5,0,300,16
round6_sequence_bc_v1,v124,2026102202,0,learner,48,1344.0,1,0,2,22,0,40,4
round6_sequence_bc_v1,v124,2026102202,0,learner,72,1004.0,1,0,2,23,0,420,8
round6_sequence_bc_v1,v124,2026102202,0,learner,96,520.0,1,0,2,19,4,720,11
round6_sequence_bc_v1,v124,2026102202,0,learner,120,164.0,1,0,2,17,6,920,13
round6_sequence_bc_v1,v124,2026102202,0,learner,144,601.0,1,0,2,15,8,820,12
round6_sequence_bc_v1,v124,2026102202,0,learner,168,186.0,1,0,2,18,5,720,11
round6_sequence_bc_v1,v124,2026102202,0,learner,192,23.0,1,0,2,21,2,620,10
round6_sequence_bc_v1,v124,2026102202,0,learner,216,93.0,1,0,2,19,4,520,9
round6_sequence_bc_v1,v124,2026102202,0,learner,240,6.0,1,0,0,12,11,540,11
round6_sequence_bc_v1,v124,2026102202,0,learner,264,3.0,1,0,1,12,11,600,17
round6_sequence_bc_v1,v124,2026102202,0,learner,288,944.0,1,0,0,13,10,410,25
round6_sequence_bc_v1,v124,2026102202,0,learner,312,1453.0,1,0,0,22,1,350,26
round6_sequence_bc_v1,v124,2026102202,0,learner,336,2737.0,1,0,0,23,0,460,37
round6_sequence_bc_v1,v124,2026102202,0,learner,360,2966.0,1,0,0,19,4,600,43
round6_sequence_bc_v1,v124,2026102202,0,learner,384,2819.0,1,0,0,22,1,640,44
round6_sequence_bc_v1,v124,2026102202,0,learner,408,2759.0,1,0,0,22,1,890,53
round6_sequence_bc_v1,v124,2026102202,0,learner,432,2625.0,1,0,0,23,0,990,59
round6_sequence_bc_v1,v124,2026102202,0,learner,456,2583.0,1,0,0,22,1,830,64
round6_sequence_bc_v1,v124,2026102202,0,learner,480,2519.0,1,0,0,23,0,880,73
round6_sequence_bc_v1,v124,2026102202,0,learner,504,4366.0,1,0,0,21,3,1020,83
round6_sequence_bc_v1,v124,2026102202,0,learner,528,4602.0,1,0,0,22,3,1090,90
round6_sequence_bc_v1,v124,2026102202,0,learner,552,4746.0,1,0,0,21,3,1160,101
round6_sequence_bc_v1,v124,2026102202,0,learner,576,5826.0,1,0,0,23,2,1230,108
round6_sequence_bc_v1,v124,2026102202,0,learner,600,6446.0,1,0,0,23,2,1320,117
round6_sequence_bc_v1,v124,2026102202,0,learner,624,6370.0,1,0,0,24,1,1360,125
round6_sequence_bc_v1,v124,2026102202,0,learner,648,6784.0,1,0,0,25,0,1380,127
round6_sequence_bc_v1,v124,2026102202,0,learner,672,7732.0,1,0,0,22,3,1430,132
round6_sequence_bc_v1,v124,2026102202,0,learner,696,9984.0,1,0,0,21,4,1350,124
round6_sequence_bc_v1,v124,2026102202,0,learner,719,10851.0,1,11,0,22,3,1400,129
round6_sequence_bc_v1,v124,2026102202,0,opponent,0,3000.0,1,0,0,0,0,0,0
round6_sequence_bc_v1,v124,2026102202,0,opponent,24,26.0,1,0,4,19,0,0,0
round6_sequence_bc_v1,v124,2026102202,0,opponent,48,90.0,1,0,4,19,0,0,0
round6_sequence_bc_v1,v124,2026102202,0,opponent,72,202.0,1,0,5,19,0,0,0
round6_sequence_bc_v1,v124,2026102202,0,opponent,96,288.0,1,0,6,19,0,0,0
round6_sequence_bc_v1,v124,2026102202,0,opponent,120,699.0,1,0,6,19,0,0,0
round6_sequence_bc_v1,v124,2026102202,0,opponent,144,825.0,1,0,6,19,0,0,0
round6_sequence_bc_v1,v124,2026102202,0,opponent,168,851.0,2,0,8,29,0,0,0
round6_sequence_bc_v1,v124,2026102202,0,opponent,192,615.0,2,0,10,37,0,0,0
round6_sequence_bc_v1,v124,2026102202,0,opponent,216,1772.0,2,0,12,37,0,0,0
round6_sequence_bc_v1,v124,2026102202,0,opponent,240,2845.0,2,0,13,37,0,0,0
round6_sequence_bc_v1,v124,2026102202,0,opponent,264,17228.0,2,0,16,32,0,0,0
round6_sequence_bc_v1,v124,2026102202,0,opponent,288,18436.0,3,0,17,53,0,0,0
round6_sequence_bc_v1,v124,2026102202,0,opponent,312,22763.0,3,0,17,57,0,0,0
round6_sequence_bc_v1,v124,2026102202,0,opponent,336,25512.0,3,0,17,57,0,0,0
round6_sequence_bc_v1,v124,2026102202,0,opponent,360,31101.0,3,0,17,57,0,0,0
round6_sequence_bc_v1,v124,2026102202,0,opponent,384,39829.0,3,0,17,57,0,10,1
round6_sequence_bc_v1,v124,2026102202,0,opponent,408,49615.0,3,0,17,58,0,10,1
round6_sequence_bc_v1,v124,2026102202,0,opponent,432,55586.0,3,0,17,58,0,10,1
round6_sequence_bc_v1,v124,2026102202,0,opponent,456,62449.0,3,0,17,58,0,10,1
round6_sequence_bc_v1,v124,2026102202,0,opponent,480,68570.0,3,0,17,58,0,10,1
round6_sequence_bc_v1,v124,2026102202,0,opponent,504,76071.0,3,0,17,58,0,10,1
round6_sequence_bc_v1,v124,2026102202,0,opponent,528,85963.0,3,0,17,57,1,10,1
round6_sequence_bc_v1,v124,2026102202,0,opponent,552,94365.0,3,0,17,58,0,10,1
round6_sequence_bc_v1,v124,2026102202,0,opponent,576,102804.0,3,0,17,58,0,10,1
round6_sequence_bc_v1,v124,2026102202,0,opponent,600,110544.0,3,0,17,58,0,10,1
round6_sequence_bc_v1,v124,2026102202,0,opponent,624,117572.0,3,0,17,58,0,10,1
round6_sequence_bc_v1,v124,2026102202,0,opponent,648,122230.0,3,0,17,58,0,10,1
round6_sequence_bc_v1,v124,2026102202,0,opponent,672,134033.0,3,0,17,46,0,10,1
round6_sequence_bc_v1,v124,2026102202,0,opponent,696,138440.0,3,0,17,21,1,10,1
round6_sequence_bc_v1,v124,2026102202,0,opponent,719,155025.0,3,11,17,0,1,10,1
round6_sequence_bc_v1,v124,2026102202,1,learner,0,3000.0,1,0,0,0,0,0,0
round6_sequence_bc_v1,v124,2026102202,1,learner,24,1332.0,1,0,2,5,0,440,23
round6_sequence_bc_v1,v124,2026102202,1,learner,48,1014.0,1,0,0,20,0,140,14
round6_sequence_bc_v1,v124,2026102202,1,learner,72,1101.0,1,0,0,20,1,130,13
round6_sequence_bc_v1,v124,2026102202,1,learner,96,981.0,1,0,0,17,4,230,14
round6_sequence_bc_v1,v124,2026102202,1,learner,120,600.0,1,0,0,16,5,230,14
round6_sequence_bc_v1,v124,2026102202,1,learner,144,329.0,1,0,0,16,4,430,16
round6_sequence_bc_v1,v124,2026102202,1,learner,168,71.0,1,0,0,16,5,730,19
round6_sequence_bc_v1,v124,2026102202,1,learner,192,83.0,1,0,0,10,11,630,18
round6_sequence_bc_v1,v124,2026102202,1,learner,216,99.0,1,0,0,8,13,630,18
round6_sequence_bc_v1,v124,2026102202,1,learner,240,66.0,1,0,0,12,8,590,14
round6_sequence_bc_v1,v124,2026102202,1,learner,264,12.0,1,0,0,11,9,490,13
round6_sequence_bc_v1,v124,2026102202,1,learner,288,66.0,1,0,0,16,5,290,11
round6_sequence_bc_v1,v124,2026102202,1,learner,312,2093.0,1,0,1,22,0,140,14
round6_sequence_bc_v1,v124,2026102202,1,learner,336,915.0,2,0,1,24,1,360,23
round6_sequence_bc_v1,v124,2026102202,1,learner,360,1098.0,2,0,1,27,0,240,24
round6_sequence_bc_v1,v124,2026102202,1,learner,384,2147.0,2,0,1,28,0,560,30
round6_sequence_bc_v1,v124,2026102202,1,learner,408,282.0,3,0,1,41,4,300,17
round6_sequence_bc_v1,v124,2026102202,1,learner,432,694.0,3,0,1,42,7,250,13
round6_sequence_bc_v1,v124,2026102202,1,learner,456,768.0,3,0,1,44,8,60,6
round6_sequence_bc_v1,v124,2026102202,1,learner,480,1305.0,3,0,1,51,7,50,1
round6_sequence_bc_v1,v124,2026102202,1,learner,504,1764.0,3,0,1,48,10,60,6
round6_sequence_bc_v1,v124,2026102202,1,learner,528,2461.0,3,0,1,42,19,20,2
round6_sequence_bc_v1,v124,2026102202,1,learner,552,2505.0,3,0,1,41,25,430,24
round6_sequence_bc_v1,v124,2026102202,1,learner,576,3282.0,3,0,1,42,25,210,11
round6_sequence_bc_v1,v124,2026102202,1,learner,600,3913.0,3,0,1,41,26,20,1
round6_sequence_bc_v1,v124,2026102202,1,learner,624,4735.0,3,0,1,23,33,0,0
round6_sequence_bc_v1,v124,2026102202,1,learner,648,5230.0,3,0,1,8,40,240,12
round6_sequence_bc_v1,v124,2026102202,1,learner,672,6083.0,3,0,1,10,38,120,6
round6_sequence_bc_v1,v124,2026102202,1,learner,696,9934.0,3,0,0,7,40,120,6
round6_sequence_bc_v1,v124,2026102202,1,learner,719,10172.0,3,5,0,7,40,120,6
round6_sequence_bc_v1,v124,2026102202,1,opponent,0,3000.0,1,0,0,0,0,0,0
round6_sequence_bc_v1,v124,2026102202,1,opponent,24,26.0,1,0,4,19,0,0,0
round6_sequence_bc_v1,v124,2026102202,1,opponent,48,89.0,1,0,4,19,0,0,0
round6_sequence_bc_v1,v124,2026102202,1,opponent,72,203.0,1,0,5,19,0,0,0
round6_sequence_bc_v1,v124,2026102202,1,opponent,96,287.0,1,0,6,19,0,0,0
round6_sequence_bc_v1,v124,2026102202,1,opponent,120,708.0,1,0,6,19,0,0,0
round6_sequence_bc_v1,v124,2026102202,1,opponent,144,839.0,1,0,6,19,0,0,0
round6_sequence_bc_v1,v124,2026102202,1,opponent,168,1277.0,2,0,8,29,0,0,0
round6_sequence_bc_v1,v124,2026102202,1,opponent,192,747.0,2,0,10,37,0,0,0
round6_sequence_bc_v1,v124,2026102202,1,opponent,216,1825.0,2,0,12,37,0,0,0
round6_sequence_bc_v1,v124,2026102202,1,opponent,240,2920.0,2,0,13,37,0,0,0
round6_sequence_bc_v1,v124,2026102202,1,opponent,264,17379.0,2,0,16,32,0,0,0
round6_sequence_bc_v1,v124,2026102202,1,opponent,288,18530.0,3,0,17,53,0,0,0
round6_sequence_bc_v1,v124,2026102202,1,opponent,312,22905.0,3,0,17,57,0,0,0
round6_sequence_bc_v1,v124,2026102202,1,opponent,336,25713.0,3,0,17,57,0,0,0
round6_sequence_bc_v1,v124,2026102202,1,opponent,360,31349.0,3,0,17,57,0,0,0
round6_sequence_bc_v1,v124,2026102202,1,opponent,384,39974.0,3,0,17,57,0,10,1
round6_sequence_bc_v1,v124,2026102202,1,opponent,408,49607.0,3,0,17,58,0,10,1
round6_sequence_bc_v1,v124,2026102202,1,opponent,432,55436.0,3,0,17,58,0,10,1
round6_sequence_bc_v1,v124,2026102202,1,opponent,456,62242.0,3,0,17,58,0,10,1
round6_sequence_bc_v1,v124,2026102202,1,opponent,480,68326.0,3,0,17,58,0,10,1
round6_sequence_bc_v1,v124,2026102202,1,opponent,504,75822.0,3,0,17,58,0,10,1
round6_sequence_bc_v1,v124,2026102202,1,opponent,528,85820.0,3,0,17,57,1,10,1
round6_sequence_bc_v1,v124,2026102202,1,opponent,552,94415.0,3,0,17,58,0,10,1
round6_sequence_bc_v1,v124,2026102202,1,opponent,576,103078.0,3,0,17,58,0,10,1
round6_sequence_bc_v1,v124,2026102202,1,opponent,600,111179.0,3,0,17,58,0,10,1
round6_sequence_bc_v1,v124,2026102202,1,opponent,624,118129.0,3,0,17,58,0,10,1
round6_sequence_bc_v1,v124,2026102202,1,opponent,648,122539.0,3,0,17,58,0,10,1
round6_sequence_bc_v1,v124,2026102202,1,opponent,672,135113.0,3,0,17,46,0,10,1
round6_sequence_bc_v1,v124,2026102202,1,opponent,696,139837.0,3,0,17,21,1,10,1
round6_sequence_bc_v1,v124,2026102202,1,opponent,719,158057.0,3,11,17,0,1,10,1
round6_sequence_bc_v1,v124,2026102203,0,learner,0,3000.0,1,0,0,0,0,0,0
round6_sequence_bc_v1,v124,2026102203,0,learner,24,1570.0,1,0,2,5,0,300,16
round6_sequence_bc_v1,v124,2026102203,0,learner,48,1344.0,1,0,2,22,0,40,4
round6_sequence_bc_v1,v124,2026102203,0,learner,72,1004.0,1,0,2,23,0,420,8
round6_sequence_bc_v1,v124,2026102203,0,learner,96,720.0,1,0,2,20,3,720,11
round6_sequence_bc_v1,v124,2026102203,0,learner,120,124.0,1,0,2,23,0,420,8
round6_sequence_bc_v1,v124,2026102203,0,learner,144,424.0,1,0,2,20,3,620,10
round6_sequence_bc_v1,v124,2026102203,0,learner,168,34.0,1,0,2,19,4,740,13
round6_sequence_bc_v1,v124,2026102203,0,learner,192,75.0,1,0,2,21,2,750,14
round6_sequence_bc_v1,v124,2026102203,0,learner,216,12.0,1,0,1,21,2,750,14
round6_sequence_bc_v1,v124,2026102203,0,learner,240,43.0,1,0,1,10,13,860,16
round6_sequence_bc_v1,v124,2026102203,0,learner,264,34.0,1,0,1,10,13,610,18
round6_sequence_bc_v1,v124,2026102203,0,learner,288,8.0,1,0,1,19,4,260,19
round6_sequence_bc_v1,v124,2026102203,0,learner,312,0.0,1,0,1,18,5,300,23
round6_sequence_bc_v1,v124,2026102203,0,learner,336,3.0,1,0,1,8,15,360,25
round6_sequence_bc_v1,v124,2026102203,0,learner,360,8.0,1,0,1,13,10,460,27
round6_sequence_bc_v1,v124,2026102203,0,learner,384,0.0,1,0,0,13,9,480,29
round6_sequence_bc_v1,v124,2026102203,0,learner,408,620.0,1,0,1,15,8,820,41
round6_sequence_bc_v1,v124,2026102203,0,learner,432,435.0,1,0,1,16,6,840,47
round6_sequence_bc_v1,v124,2026102203,0,learner,456,936.0,1,0,1,21,2,850,52
round6_sequence_bc_v1,v124,2026102203,0,learner,480,767.0,1,0,1,20,3,1230,71
round6_sequence_bc_v1,v124,2026102203,0,learner,504,1239.0,1,0,1,18,5,1380,80
round6_sequence_bc_v1,v124,2026102203,0,learner,528,952.0,1,0,1,15,8,1360,89
round6_sequence_bc_v1,v124,2026102203,0,learner,552,485.0,1,0,1,18,5,1610,104
round6_sequence_bc_v1,v124,2026102203,0,learner,576,78.0,1,0,1,19,4,1750,114
round6_sequence_bc_v1,v124,2026102203,0,learner,600,270.0,1,0,1,19,4,1840,119
round6_sequence_bc_v1,v124,2026102203,0,learner,624,63.0,1,0,1,20,2,1900,122
round6_sequence_bc_v1,v124,2026102203,0,learner,648,663.0,1,0,0,18,4,1900,122
round6_sequence_bc_v1,v124,2026102203,0,learner,672,1968.0,1,0,1,15,8,1770,116
round6_sequence_bc_v1,v124,2026102203,0,learner,696,3074.0,1,0,0,15,8,1690,112
round6_sequence_bc_v1,v124,2026102203,0,learner,719,3936.0,1,9,0,21,3,1530,102
round6_sequence_bc_v1,v124,2026102203,0,opponent,0,3000.0,1,0,0,0,0,0,0
round6_sequence_bc_v1,v124,2026102203,0,opponent,24,26.0,1,0,4,19,0,0,0
round6_sequence_bc_v1,v124,2026102203,0,opponent,48,90.0,1,0,4,19,0,0,0
round6_sequence_bc_v1,v124,2026102203,0,opponent,72,202.0,1,0,5,19,0,0,0
round6_sequence_bc_v1,v124,2026102203,0,opponent,96,288.0,1,0,6,19,0,0,0
round6_sequence_bc_v1,v124,2026102203,0,opponent,120,699.0,1,0,6,19,0,0,0
round6_sequence_bc_v1,v124,2026102203,0,opponent,144,825.0,1,0,6,19,0,0,0
round6_sequence_bc_v1,v124,2026102203,0,opponent,168,851.0,2,0,8,29,0,0,0
round6_sequence_bc_v1,v124,2026102203,0,opponent,192,612.0,2,0,10,37,0,0,0
round6_sequence_bc_v1,v124,2026102203,0,opponent,216,1493.0,2,0,12,37,0,0,0
round6_sequence_bc_v1,v124,2026102203,0,opponent,240,2549.0,2,0,13,37,0,0,0
round6_sequence_bc_v1,v124,2026102203,0,opponent,264,16924.0,2,0,16,32,0,0,0
round6_sequence_bc_v1,v124,2026102203,0,opponent,288,17468.0,3,0,17,53,1,0,0
round6_sequence_bc_v1,v124,2026102203,0,opponent,312,21251.0,3,0,17,57,0,0,0
round6_sequence_bc_v1,v124,2026102203,0,opponent,336,23548.0,3,0,17,57,0,0,0
round6_sequence_bc_v1,v124,2026102203,0,opponent,360,28101.0,3,0,17,57,0,0,0
round6_sequence_bc_v1,v124,2026102203,0,opponent,384,33914.0,3,0,17,57,0,10,1
round6_sequence_bc_v1,v124,2026102203,0,opponent,408,41871.0,3,0,17,58,0,10,1
round6_sequence_bc_v1,v124,2026102203,0,opponent,432,47023.0,3,0,17,58,0,10,1
round6_sequence_bc_v1,v124,2026102203,0,opponent,456,47588.0,4,0,17,68,0,10,1
round6_sequence_bc_v1,v124,2026102203,0,opponent,480,52033.0,4,0,17,68,0,10,1
round6_sequence_bc_v1,v124,2026102203,0,opponent,504,58637.0,4,0,17,68,2,10,1
round6_sequence_bc_v1,v124,2026102203,0,opponent,528,66918.0,4,0,17,67,3,10,1
round6_sequence_bc_v1,v124,2026102203,0,opponent,552,73482.0,4,0,17,68,2,10,1
round6_sequence_bc_v1,v124,2026102203,0,opponent,576,80122.0,4,0,17,68,2,10,1
round6_sequence_bc_v1,v124,2026102203,0,opponent,600,85772.0,4,0,17,68,2,10,1
round6_sequence_bc_v1,v124,2026102203,0,opponent,624,92056.0,4,0,17,68,2,10,1
round6_sequence_bc_v1,v124,2026102203,0,opponent,648,99387.0,4,0,17,68,2,10,1
round6_sequence_bc_v1,v124,2026102203,0,opponent,672,112334.0,4,0,17,56,2,10,1
round6_sequence_bc_v1,v124,2026102203,0,opponent,696,120835.0,4,0,17,31,2,10,1
round6_sequence_bc_v1,v124,2026102203,0,opponent,719,142099.0,4,13,17,10,2,10,1
round6_sequence_bc_v1,v124,2026102203,1,learner,0,3000.0,1,0,0,0,0,0,0
round6_sequence_bc_v1,v124,2026102203,1,learner,24,1332.0,1,0,2,5,0,440,23
round6_sequence_bc_v1,v124,2026102203,1,learner,48,1014.0,1,0,0,20,0,140,14
round6_sequence_bc_v1,v124,2026102203,1,learner,72,1101.0,1,0,0,20,1,130,13
round6_sequence_bc_v1,v124,2026102203,1,learner,96,981.0,1,0,0,17,5,230,14
round6_sequence_bc_v1,v124,2026102203,1,learner,120,600.0,1,0,0,16,6,230,14
round6_sequence_bc_v1,v124,2026102203,1,learner,144,329.0,1,0,0,16,5,430,16
round6_sequence_bc_v1,v124,2026102203,1,learner,168,102.0,1,0,0,14,7,430,16
round6_sequence_bc_v1,v124,2026102203,1,learner,192,70.0,1,0,1,18,4,200,11
round6_sequence_bc_v1,v124,2026102203,1,learner,216,98.0,1,0,0,16,5,180,9
round6_sequence_bc_v1,v124,2026102203,1,learner,240,116.0,1,0,0,17,4,60,6
round6_sequence_bc_v1,v124,2026102203,1,learner,264,86.0,1,0,1,16,5,360,9
round6_sequence_bc_v1,v124,2026102203,1,learner,288,7.0,1,0,1,16,5,70,7
round6_sequence_bc_v1,v124,2026102203,1,learner,312,53.0,2,0,1,22,5,440,17
round6_sequence_bc_v1,v124,2026102203,1,learner,336,11.0,2,0,1,28,9,160,16
round6_sequence_bc_v1,v124,2026102203,1,learner,360,214.0,2,0,1,26,14,1060,25
round6_sequence_bc_v1,v124,2026102203,1,learner,384,45.0,2,0,1,28,15,360,18
round6_sequence_bc_v1,v124,2026102203,1,learner,408,175.0,2,0,1,28,15,290,20
round6_sequence_bc_v1,v124,2026102203,1,learner,432,50.0,2,0,1,22,22,300,21
round6_sequence_bc_v1,v124,2026102203,1,learner,456,254.0,2,0,1,29,16,290,20
round6_sequence_bc_v1,v124,2026102203,1,learner,480,150.0,2,0,1,23,22,340,25
round6_sequence_bc_v1,v124,2026102203,1,learner,504,74.0,2,0,1,19,26,260,26
round6_sequence_bc_v1,v124,2026102203,1,learner,528,137.0,2,0,1,18,27,240,24
round6_sequence_bc_v1,v124,2026102203,1,learner,552,111.0,2,0,0,12,33,280,28
round6_sequence_bc_v1,v124,2026102203,1,learner,576,83.0,2,0,1,9,36,280,28
round6_sequence_bc_v1,v124,2026102203,1,learner,600,50.0,2,0,1,9,36,270,27
round6_sequence_bc_v1,v124,2026102203,1,learner,624,114.0,2,0,1,13,33,220,22
round6_sequence_bc_v1,v124,2026102203,1,learner,648,60.0,2,0,0,12,34,210,21
round6_sequence_bc_v1,v124,2026102203,1,learner,672,47.0,2,0,1,14,32,140,14
round6_sequence_bc_v1,v124,2026102203,1,learner,696,5772.0,2,0,1,18,27,80,8
round6_sequence_bc_v1,v124,2026102203,1,learner,719,4175.0,3,9,1,18,24,0,0
round6_sequence_bc_v1,v124,2026102203,1,opponent,0,3000.0,1,0,0,0,0,0,0
round6_sequence_bc_v1,v124,2026102203,1,opponent,24,26.0,1,0,4,19,0,0,0
round6_sequence_bc_v1,v124,2026102203,1,opponent,48,89.0,1,0,4,19,0,0,0
round6_sequence_bc_v1,v124,2026102203,1,opponent,72,203.0,1,0,5,19,0,0,0
round6_sequence_bc_v1,v124,2026102203,1,opponent,96,287.0,1,0,6,19,0,0,0
round6_sequence_bc_v1,v124,2026102203,1,opponent,120,708.0,1,0,6,19,0,0,0
round6_sequence_bc_v1,v124,2026102203,1,opponent,144,839.0,1,0,6,19,0,0,0
round6_sequence_bc_v1,v124,2026102203,1,opponent,168,879.0,2,0,8,29,0,0,0
round6_sequence_bc_v1,v124,2026102203,1,opponent,192,656.0,2,0,10,37,0,0,0
round6_sequence_bc_v1,v124,2026102203,1,opponent,216,1561.0,2,0,12,37,0,0,0
round6_sequence_bc_v1,v124,2026102203,1,opponent,240,2653.0,2,0,13,37,0,0,0
round6_sequence_bc_v1,v124,2026102203,1,opponent,264,16691.0,2,0,16,32,0,0,0
round6_sequence_bc_v1,v124,2026102203,1,opponent,288,17549.0,3,0,17,53,1,0,0
round6_sequence_bc_v1,v124,2026102203,1,opponent,312,21717.0,3,0,17,57,0,0,0
round6_sequence_bc_v1,v124,2026102203,1,opponent,336,24314.0,3,0,17,57,0,0,0
round6_sequence_bc_v1,v124,2026102203,1,opponent,360,29397.0,3,0,17,57,0,0,0
round6_sequence_bc_v1,v124,2026102203,1,opponent,384,36792.0,3,0,17,57,0,10,1
round6_sequence_bc_v1,v124,2026102203,1,opponent,408,46122.0,3,0,17,58,0,10,1
round6_sequence_bc_v1,v124,2026102203,1,opponent,432,52363.0,3,0,17,58,0,10,1
round6_sequence_bc_v1,v124,2026102203,1,opponent,456,59311.0,3,0,17,58,0,10,1
round6_sequence_bc_v1,v124,2026102203,1,opponent,480,65564.0,3,0,17,58,0,10,1
round6_sequence_bc_v1,v124,2026102203,1,opponent,504,73943.0,3,0,17,58,0,10,1
round6_sequence_bc_v1,v124,2026102203,1,opponent,528,84949.0,3,0,17,57,1,10,1
round6_sequence_bc_v1,v124,2026102203,1,opponent,552,93933.0,3,0,17,58,0,10,1
round6_sequence_bc_v1,v124,2026102203,1,opponent,576,103239.0,3,0,17,58,0,10,1
round6_sequence_bc_v1,v124,2026102203,1,opponent,600,111997.0,3,0,17,58,0,10,1
round6_sequence_bc_v1,v124,2026102203,1,opponent,624,118941.0,3,0,17,58,0,10,1
round6_sequence_bc_v1,v124,2026102203,1,opponent,648,123377.0,3,0,17,58,0,10,1
round6_sequence_bc_v1,v124,2026102203,1,opponent,672,136627.0,3,0,17,46,0,10,1
round6_sequence_bc_v1,v124,2026102203,1,opponent,696,141267.0,3,0,17,21,0,10,1
round6_sequence_bc_v1,v124,2026102203,1,opponent,719,158587.0,3,11,17,0,0,10,1
round6_sequence_bc_v1,v124,2026102204,0,learner,0,3000.0,1,0,0,0,0,0,0
round6_sequence_bc_v1,v124,2026102204,0,learner,24,1570.0,1,0,2,5,0,300,16
round6_sequence_bc_v1,v124,2026102204,0,learner,48,1344.0,1,0,2,22,0,40,4
round6_sequence_bc_v1,v124,2026102204,0,learner,72,1004.0,1,0,2,23,0,420,8
round6_sequence_bc_v1,v124,2026102204,0,learner,96,410.0,1,0,1,20,3,900,13
round6_sequence_bc_v1,v124,2026102204,0,learner,120,58.0,1,0,1,20,3,700,11
round6_sequence_bc_v1,v124,2026102204,0,learner,144,304.0,1,0,1,19,4,700,11
round6_sequence_bc_v1,v124,2026102204,0,learner,168,85.0,1,0,1,20,3,510,10
round6_sequence_bc_v1,v124,2026102204,0,learner,192,32.0,1,0,1,21,2,440,12
round6_sequence_bc_v1,v124,2026102204,0,learner,216,12.0,1,0,1,20,3,440,12
round6_sequence_bc_v1,v124,2026102204,0,learner,240,47.0,1,0,0,18,5,590,18
round6_sequence_bc_v1,v124,2026102204,0,learner,264,4.0,1,0,1,9,14,500,18
round6_sequence_bc_v1,v124,2026102204,0,learner,288,905.0,1,0,0,13,9,350,26
round6_sequence_bc_v1,v124,2026102204,0,learner,312,98.0,1,0,0,18,5,740,38
round6_sequence_bc_v1,v124,2026102204,0,learner,336,15.0,1,0,0,16,7,670,40
round6_sequence_bc_v1,v124,2026102204,0,learner,360,1191.0,1,0,0,22,1,570,44
round6_sequence_bc_v1,v124,2026102204,0,learner,384,757.0,1,0,0,22,1,970,48
round6_sequence_bc_v1,v124,2026102204,0,learner,408,585.0,1,0,0,23,0,960,56
round6_sequence_bc_v1,v124,2026102204,0,learner,432,677.0,1,0,0,23,0,1270,65
round6_sequence_bc_v1,v124,2026102204,0,learner,456,771.0,1,0,0,23,0,1280,75
round6_sequence_bc_v1,v124,2026102204,0,learner,480,1012.0,1,0,0,24,0,1220,87
round6_sequence_bc_v1,v124,2026102204,0,learner,504,1221.0,1,0,0,24,0,1350,100
round6_sequence_bc_v1,v124,2026102204,0,learner,528,2596.0,1,0,0,23,1,1360,110
round6_sequence_bc_v1,v124,2026102204,0,learner,552,3754.0,1,0,0,21,3,1400,123
round6_sequence_bc_v1,v124,2026102204,0,learner,576,5264.0,1,0,0,20,4,1470,134
round6_sequence_bc_v1,v124,2026102204,0,learner,600,5510.0,1,0,0,20,4,1570,144
round6_sequence_bc_v1,v124,2026102204,0,learner,624,6540.0,1,0,0,22,2,1570,153
round6_sequence_bc_v1,v124,2026102204,0,learner,648,6305.0,1,0,0,23,1,1640,160
round6_sequence_bc_v1,v124,2026102204,0,learner,672,7552.0,1,0,0,22,2,1710,167
round6_sequence_bc_v1,v124,2026102204,0,learner,696,11221.0,1,0,0,22,2,1720,163
round6_sequence_bc_v1,v124,2026102204,0,learner,719,12488.0,1,9,0,20,4,1690,160
round6_sequence_bc_v1,v124,2026102204,0,opponent,0,3000.0,1,0,0,0,0,0,0
round6_sequence_bc_v1,v124,2026102204,0,opponent,24,26.0,1,0,4,19,0,0,0
round6_sequence_bc_v1,v124,2026102204,0,opponent,48,90.0,1,0,4,19,0,0,0
round6_sequence_bc_v1,v124,2026102204,0,opponent,72,202.0,1,0,5,19,0,0,0
round6_sequence_bc_v1,v124,2026102204,0,opponent,96,288.0,1,0,6,19,0,0,0
round6_sequence_bc_v1,v124,2026102204,0,opponent,120,700.0,1,0,6,19,0,0,0
round6_sequence_bc_v1,v124,2026102204,0,opponent,144,827.0,1,0,6,19,0,0,0
round6_sequence_bc_v1,v124,2026102204,0,opponent,168,858.0,2,0,8,29,0,0,0
round6_sequence_bc_v1,v124,2026102204,0,opponent,192,715.0,2,0,10,37,0,0,0
round6_sequence_bc_v1,v124,2026102204,0,opponent,216,1508.0,2,0,12,37,0,0,0
round6_sequence_bc_v1,v124,2026102204,0,opponent,240,2572.0,2,0,13,37,0,0,0
round6_sequence_bc_v1,v124,2026102204,0,opponent,264,17932.0,2,0,16,32,0,0,0
round6_sequence_bc_v1,v124,2026102204,0,opponent,288,18331.0,3,0,17,53,0,0,0
round6_sequence_bc_v1,v124,2026102204,0,opponent,312,22436.0,3,0,17,57,0,0,0
round6_sequence_bc_v1,v124,2026102204,0,opponent,336,25118.0,3,0,17,57,0,0,0
round6_sequence_bc_v1,v124,2026102204,0,opponent,360,30362.0,3,0,17,57,0,0,0
round6_sequence_bc_v1,v124,2026102204,0,opponent,384,38528.0,3,0,17,57,0,10,1
round6_sequence_bc_v1,v124,2026102204,0,opponent,408,48520.0,3,0,17,58,0,10,1
round6_sequence_bc_v1,v124,2026102204,0,opponent,432,54777.0,3,0,17,58,0,10,1
round6_sequence_bc_v1,v124,2026102204,0,opponent,456,57262.0,4,0,17,68,0,10,1
round6_sequence_bc_v1,v124,2026102204,0,opponent,480,63804.0,4,0,17,68,0,10,1
round6_sequence_bc_v1,v124,2026102204,0,opponent,504,72810.0,4,0,17,68,0,10,1
round6_sequence_bc_v1,v124,2026102204,0,opponent,528,84149.0,4,0,17,67,2,10,1
round6_sequence_bc_v1,v124,2026102204,0,opponent,552,93550.0,4,0,17,68,1,10,1
round6_sequence_bc_v1,v124,2026102204,0,opponent,576,102522.0,4,0,17,68,1,10,1
round6_sequence_bc_v1,v124,2026102204,0,opponent,600,110783.0,4,0,17,68,1,10,1
round6_sequence_bc_v1,v124,2026102204,0,opponent,624,118331.0,4,0,17,68,1,10,1
round6_sequence_bc_v1,v124,2026102204,0,opponent,648,125816.0,4,0,17,68,1,10,1
round6_sequence_bc_v1,v124,2026102204,0,opponent,672,142611.0,4,0,17,56,1,10,1
round6_sequence_bc_v1,v124,2026102204,0,opponent,696,152337.0,4,0,17,31,1,10,1
round6_sequence_bc_v1,v124,2026102204,0,opponent,719,176205.0,4,13,17,10,1,10,1
round6_sequence_bc_v1,v124,2026102204,1,learner,0,3000.0,1,0,0,0,0,0,0
round6_sequence_bc_v1,v124,2026102204,1,learner,24,1332.0,1,0,2,5,0,440,23
round6_sequence_bc_v1,v124,2026102204,1,learner,48,1014.0,1,0,0,20,0,140,14
round6_sequence_bc_v1,v124,2026102204,1,learner,72,1101.0,1,0,0,20,1,130,13
round6_sequence_bc_v1,v124,2026102204,1,learner,96,989.0,1,0,0,17,4,230,14
round6_sequence_bc_v1,v124,2026102204,1,learner,120,578.0,1,0,0,16,4,430,16
round6_sequence_bc_v1,v124,2026102204,1,learner,144,642.0,1,0,0,17,3,230,14
round6_sequence_bc_v1,v124,2026102204,1,learner,168,82.0,1,0,0,18,4,390,12
round6_sequence_bc_v1,v124,2026102204,1,learner,192,91.0,1,0,1,17,5,180,9
round6_sequence_bc_v1,v124,2026102204,1,learner,216,88.0,1,0,1,15,7,70,7
round6_sequence_bc_v1,v124,2026102204,1,learner,240,55.0,1,0,1,8,14,170,8
round6_sequence_bc_v1,v124,2026102204,1,learner,264,12.0,1,0,1,8,14,370,10
round6_sequence_bc_v1,v124,2026102204,1,learner,288,2318.0,1,0,1,12,10,80,8
round6_sequence_bc_v1,v124,2026102204,1,learner,312,1435.0,1,0,1,22,0,120,3
round6_sequence_bc_v1,v124,2026102204,1,learner,336,8.0,2,0,1,26,0,30,3
round6_sequence_bc_v1,v124,2026102204,1,learner,360,4.0,3,0,1,34,1,0,0
round6_sequence_bc_v1,v124,2026102204,1,learner,384,6.0,3,0,1,33,10,0,0
round6_sequence_bc_v1,v124,2026102204,1,learner,408,91.0,3,0,1,23,19,50,5
round6_sequence_bc_v1,v124,2026102204,1,learner,432,62.0,3,0,1,26,14,0,0
round6_sequence_bc_v1,v124,2026102204,1,learner,456,401.0,3,0,1,27,14,50,5
round6_sequence_bc_v1,v124,2026102204,1,learner,480,340.0,3,0,0,36,8,10,1
round6_sequence_bc_v1,v124,2026102204,1,learner,504,379.0,3,0,0,37,9,80,8
round6_sequence_bc_v1,v124,2026102204,1,learner,528,841.0,3,0,0,36,11,80,8
round6_sequence_bc_v1,v124,2026102204,1,learner,552,1929.0,3,0,0,40,9,190,13
round6_sequence_bc_v1,v124,2026102204,1,learner,576,2558.0,3,0,0,41,11,80,5
round6_sequence_bc_v1,v124,2026102204,1,learner,600,2849.0,3,0,0,41,12,310,18
round6_sequence_bc_v1,v124,2026102204,1,learner,624,3189.0,3,0,0,40,16,170,9
round6_sequence_bc_v1,v124,2026102204,1,learner,648,4485.0,3,0,0,39,18,80,4
round6_sequence_bc_v1,v124,2026102204,1,learner,672,5447.0,3,0,0,33,15,0,0
round6_sequence_bc_v1,v124,2026102204,1,learner,696,7204.0,3,0,0,18,22,60,3
round6_sequence_bc_v1,v124,2026102204,1,learner,719,10331.0,3,6,0,7,23,60,3
round6_sequence_bc_v1,v124,2026102204,1,opponent,0,3000.0,1,0,0,0,0,0,0
round6_sequence_bc_v1,v124,2026102204,1,opponent,24,26.0,1,0,4,19,0,0,0
round6_sequence_bc_v1,v124,2026102204,1,opponent,48,89.0,1,0,4,19,0,0,0
round6_sequence_bc_v1,v124,2026102204,1,opponent,72,203.0,1,0,5,19,0,0,0
round6_sequence_bc_v1,v124,2026102204,1,opponent,96,286.0,1,0,6,19,0,0,0
round6_sequence_bc_v1,v124,2026102204,1,opponent,120,713.0,1,0,6,19,0,0,0
round6_sequence_bc_v1,v124,2026102204,1,opponent,144,842.0,1,0,6,19,0,0,0
round6_sequence_bc_v1,v124,2026102204,1,opponent,168,881.0,2,0,8,29,0,0,0
round6_sequence_bc_v1,v124,2026102204,1,opponent,192,950.0,2,0,10,37,0,0,0
round6_sequence_bc_v1,v124,2026102204,1,opponent,216,1799.0,2,0,12,37,0,0,0
round6_sequence_bc_v1,v124,2026102204,1,opponent,240,2917.0,2,0,13,37,0,0,0
round6_sequence_bc_v1,v124,2026102204,1,opponent,264,18182.0,2,0,16,32,0,0,0
round6_sequence_bc_v1,v124,2026102204,1,opponent,288,18541.0,3,0,17,53,0,0,0
round6_sequence_bc_v1,v124,2026102204,1,opponent,312,22654.0,3,0,17,57,0,0,0
round6_sequence_bc_v1,v124,2026102204,1,opponent,336,25343.0,3,0,17,57,0,0,0
round6_sequence_bc_v1,v124,2026102204,1,opponent,360,30819.0,3,0,17,57,0,0,0
round6_sequence_bc_v1,v124,2026102204,1,opponent,384,36541.0,3,0,17,57,0,10,1
round6_sequence_bc_v1,v124,2026102204,1,opponent,408,46059.0,3,0,17,58,0,10,1
round6_sequence_bc_v1,v124,2026102204,1,opponent,432,52143.0,3,0,17,58,0,10,1
round6_sequence_bc_v1,v124,2026102204,1,opponent,456,58599.0,3,0,17,58,0,10,1
round6_sequence_bc_v1,v124,2026102204,1,opponent,480,64310.0,3,0,17,58,0,10,1
round6_sequence_bc_v1,v124,2026102204,1,opponent,504,71824.0,3,0,17,58,0,10,1
round6_sequence_bc_v1,v124,2026102204,1,opponent,528,81963.0,3,0,17,57,1,10,1
round6_sequence_bc_v1,v124,2026102204,1,opponent,552,89350.0,3,0,17,58,0,10,1
round6_sequence_bc_v1,v124,2026102204,1,opponent,576,96178.0,3,0,17,58,0,10,1
round6_sequence_bc_v1,v124,2026102204,1,opponent,600,102063.0,3,0,17,58,0,10,1
round6_sequence_bc_v1,v124,2026102204,1,opponent,624,106678.0,3,0,16,58,0,10,1
round6_sequence_bc_v1,v124,2026102204,1,opponent,648,108165.0,3,0,16,58,0,10,1
round6_sequence_bc_v1,v124,2026102204,1,opponent,672,117687.0,3,0,16,46,0,10,1
round6_sequence_bc_v1,v124,2026102204,1,opponent,696,123908.0,3,0,16,21,0,10,1
round6_sequence_bc_v1,v124,2026102204,1,opponent,719,137398.0,3,11,16,0,0,10,1
round6_sequence_bc_v1,v124,2026102205,0,learner,0,3000.0,1,0,0,0,0,0,0
round6_sequence_bc_v1,v124,2026102205,0,learner,24,1570.0,1,0,2,5,0,300,16
round6_sequence_bc_v1,v124,2026102205,0,learner,48,1344.0,1,0,2,22,0,40,4
round6_sequence_bc_v1,v124,2026102205,0,learner,72,1004.0,1,0,2,23,0,420,8
round6_sequence_bc_v1,v124,2026102205,0,learner,96,538.0,1,0,1,18,5,800,12
round6_sequence_bc_v1,v124,2026102205,0,learner,120,57.0,1,0,1,20,3,520,9
round6_sequence_bc_v1,v124,2026102205,0,learner,144,410.0,1,0,1,18,5,520,9
round6_sequence_bc_v1,v124,2026102205,0,learner,168,70.0,1,0,1,16,7,520,9
round6_sequence_bc_v1,v124,2026102205,0,learner,192,111.0,1,0,1,20,3,350,8
round6_sequence_bc_v1,v124,2026102205,0,learner,216,8.0,1,0,0,22,1,240,6
round6_sequence_bc_v1,v124,2026102205,0,learner,240,140.0,1,0,1,19,4,350,8
round6_sequence_bc_v1,v124,2026102205,0,learner,264,22.0,1,0,0,16,7,680,14
round6_sequence_bc_v1,v124,2026102205,0,learner,288,2.0,1,0,1,19,4,260,8
round6_sequence_bc_v1,v124,2026102205,0,learner,312,0.0,1,0,1,20,3,540,18
round6_sequence_bc_v1,v124,2026102205,0,learner,336,2.0,1,0,1,7,16,650,20
round6_sequence_bc_v1,v124,2026102205,0,learner,360,76.0,1,0,1,5,18,630,18
round6_sequence_bc_v1,v124,2026102205,0,learner,384,5.0,1,0,1,16,6,160,16
round6_sequence_bc_v1,v124,2026102205,0,learner,408,7.0,1,0,1,14,8,370,19
round6_sequence_bc_v1,v124,2026102205,0,learner,432,6.0,1,0,1,10,13,390,21
round6_sequence_bc_v1,v124,2026102205,0,learner,456,49.0,1,0,1,11,12,590,23
round6_sequence_bc_v1,v124,2026102205,0,learner,480,242.0,1,0,1,16,7,220,22
round6_sequence_bc_v1,v124,2026102205,0,learner,504,820.0,1,0,1,17,5,770,35
round6_sequence_bc_v1,v124,2026102205,0,learner,528,519.0,1,0,1,16,6,590,35
round6_sequence_bc_v1,v124,2026102205,0,learner,552,214.0,1,0,0,19,3,590,35
round6_sequence_bc_v1,v124,2026102205,0,learner,576,128.0,1,0,1,17,5,970,46
round6_sequence_bc_v1,v124,2026102205,0,learner,600,512.0,1,0,1,14,8,1020,51
round6_sequence_bc_v1,v124,2026102205,0,learner,624,388.0,1,0,1,14,8,1020,51
round6_sequence_bc_v1,v124,2026102205,0,learner,648,386.0,1,0,1,11,11,920,50
round6_sequence_bc_v1,v124,2026102205,0,learner,672,193.0,1,0,1,14,8,680,46
round6_sequence_bc_v1,v124,2026102205,0,learner,696,433.0,1,0,1,14,8,680,46
round6_sequence_bc_v1,v124,2026102205,0,learner,719,982.0,1,7,1,15,7,580,45
round6_sequence_bc_v1,v124,2026102205,0,opponent,0,3000.0,1,0,0,0,0,0,0
round6_sequence_bc_v1,v124,2026102205,0,opponent,24,26.0,1,0,4,19,0,0,0
round6_sequence_bc_v1,v124,2026102205,0,opponent,48,90.0,1,0,4,19,0,0,0
round6_sequence_bc_v1,v124,2026102205,0,opponent,72,202.0,1,0,5,19,0,0,0
round6_sequence_bc_v1,v124,2026102205,0,opponent,96,287.0,1,0,6,19,0,0,0
round6_sequence_bc_v1,v124,2026102205,0,opponent,120,704.0,1,0,6,19,0,0,0
round6_sequence_bc_v1,v124,2026102205,0,opponent,144,829.0,1,0,6,19,0,0,0
round6_sequence_bc_v1,v124,2026102205,0,opponent,168,1259.0,2,0,8,29,0,0,0
round6_sequence_bc_v1,v124,2026102205,0,opponent,192,718.0,2,0,10,37,0,0,0
round6_sequence_bc_v1,v124,2026102205,0,opponent,216,2041.0,2,0,12,37,0,0,0
round6_sequence_bc_v1,v124,2026102205,0,opponent,240,3272.0,2,0,13,37,0,0,0
round6_sequence_bc_v1,v124,2026102205,0,opponent,264,18970.0,2,0,16,32,0,0,0
round6_sequence_bc_v1,v124,2026102205,0,opponent,288,19630.0,3,0,17,53,0,0,0
round6_sequence_bc_v1,v124,2026102205,0,opponent,312,23914.0,3,0,17,57,0,0,0
round6_sequence_bc_v1,v124,2026102205,0,opponent,336,27046.0,3,0,17,57,0,0,0
round6_sequence_bc_v1,v124,2026102205,0,opponent,360,33056.0,3,0,17,57,0,0,0
round6_sequence_bc_v1,v124,2026102205,0,opponent,384,40531.0,3,0,17,57,0,10,1
round6_sequence_bc_v1,v124,2026102205,0,opponent,408,49234.0,3,0,17,58,0,10,1
round6_sequence_bc_v1,v124,2026102205,0,opponent,432,54473.0,3,0,17,58,0,10,1
round6_sequence_bc_v1,v124,2026102205,0,opponent,456,62797.0,3,0,17,58,0,10,1
round6_sequence_bc_v1,v124,2026102205,0,opponent,480,71113.0,3,0,17,58,0,10,1
round6_sequence_bc_v1,v124,2026102205,0,opponent,504,80909.0,3,0,17,58,0,10,1
round6_sequence_bc_v1,v124,2026102205,0,opponent,528,90709.0,3,0,17,57,1,10,1
round6_sequence_bc_v1,v124,2026102205,0,opponent,552,100565.0,3,0,17,58,0,10,1
round6_sequence_bc_v1,v124,2026102205,0,opponent,576,109916.0,3,0,17,58,0,200,12
round6_sequence_bc_v1,v124,2026102205,0,opponent,600,118915.0,3,0,17,58,0,180,10
round6_sequence_bc_v1,v124,2026102205,0,opponent,624,127793.0,3,0,17,58,0,180,10
round6_sequence_bc_v1,v124,2026102205,0,opponent,648,136752.0,3,0,16,58,0,180,10
round6_sequence_bc_v1,v124,2026102205,0,opponent,672,143936.0,3,0,16,45,0,210,13
round6_sequence_bc_v1,v124,2026102205,0,opponent,696,157355.0,3,0,16,21,1,210,13
round6_sequence_bc_v1,v124,2026102205,0,opponent,719,170752.0,3,11,16,0,1,210,13
round6_sequence_bc_v1,v124,2026102205,1,learner,0,3000.0,1,0,0,0,0,0,0
round6_sequence_bc_v1,v124,2026102205,1,learner,24,1332.0,1,0,2,5,0,440,23
round6_sequence_bc_v1,v124,2026102205,1,learner,48,1014.0,1,0,0,20,0,140,14
round6_sequence_bc_v1,v124,2026102205,1,learner,72,1101.0,1,0,0,20,1,130,13
round6_sequence_bc_v1,v124,2026102205,1,learner,96,981.0,1,0,0,17,4,230,14
round6_sequence_bc_v1,v124,2026102205,1,learner,120,600.0,1,0,0,16,5,230,14
round6_sequence_bc_v1,v124,2026102205,1,learner,144,329.0,1,0,0,16,4,430,16
round6_sequence_bc_v1,v124,2026102205,1,learner,168,31.0,1,0,0,15,6,520,16
round6_sequence_bc_v1,v124,2026102205,1,learner,192,11.0,1,0,1,16,6,310,13
round6_sequence_bc_v1,v124,2026102205,1,learner,216,34.0,1,0,0,12,10,300,12
round6_sequence_bc_v1,v124,2026102205,1,learner,240,73.0,1,0,0,12,10,200,11
round6_sequence_bc_v1,v124,2026102205,1,learner,264,80.0,1,0,0,15,6,480,12
round6_sequence_bc_v1,v124,2026102205,1,learner,288,7.0,1,0,1,16,6,310,13
round6_sequence_bc_v1,v124,2026102205,1,learner,312,388.0,1,0,1,11,11,1360,28
round6_sequence_bc_v1,v124,2026102205,1,learner,336,90.0,1,0,3,8,12,1240,34
round6_sequence_bc_v1,v124,2026102205,1,learner,360,3.0,1,0,4,16,2,460,28
round6_sequence_bc_v1,v124,2026102205,1,learner,384,37.0,2,0,2,20,3,290,29
round6_sequence_bc_v1,v124,2026102205,1,learner,408,85.0,2,0,1,28,8,240,24
round6_sequence_bc_v1,v124,2026102205,1,learner,432,1.0,2,0,1,33,8,190,19
round6_sequence_bc_v1,v124,2026102205,1,learner,456,5.0,2,0,1,27,14,150,15
round6_sequence_bc_v1,v124,2026102205,1,learner,480,256.0,2,0,1,32,9,350,27
round6_sequence_bc_v1,v124,2026102205,1,learner,504,474.0,2,0,1,35,8,480,40
round6_sequence_bc_v1,v124,2026102205,1,learner,528,1077.0,2,0,1,34,6,610,48
round6_sequence_bc_v1,v124,2026102205,1,learner,552,54.0,2,0,1,36,6,1170,76
round6_sequence_bc_v1,v124,2026102205,1,learner,576,187.0,2,0,1,33,8,1010,69
round6_sequence_bc_v1,v124,2026102205,1,learner,600,558.0,2,0,1,32,11,1050,77
round6_sequence_bc_v1,v124,2026102205,1,learner,624,597.0,2,0,1,29,12,880,69
round6_sequence_bc_v1,v124,2026102205,1,learner,648,83.0,2,0,1,30,12,850,73
round6_sequence_bc_v1,v124,2026102205,1,learner,672,260.0,2,0,1,29,13,720,60
round6_sequence_bc_v1,v124,2026102205,1,learner,696,755.0,2,0,1,26,14,710,50
round6_sequence_bc_v1,v124,2026102205,1,learner,719,117.0,2,14,1,30,11,1130,54
round6_sequence_bc_v1,v124,2026102205,1,opponent,0,3000.0,1,0,0,0,0,0,0
round6_sequence_bc_v1,v124,2026102205,1,opponent,24,26.0,1,0,4,19,0,0,0
round6_sequence_bc_v1,v124,2026102205,1,opponent,48,89.0,1,0,4,19,0,0,0
round6_sequence_bc_v1,v124,2026102205,1,opponent,72,203.0,1,0,5,19,0,0,0
round6_sequence_bc_v1,v124,2026102205,1,opponent,96,287.0,1,0,6,19,0,0,0
round6_sequence_bc_v1,v124,2026102205,1,opponent,120,708.0,1,0,6,19,0,0,0
round6_sequence_bc_v1,v124,2026102205,1,opponent,144,839.0,1,0,6,19,0,0,0
round6_sequence_bc_v1,v124,2026102205,1,opponent,168,880.0,2,0,8,29,0,0,0
round6_sequence_bc_v1,v124,2026102205,1,opponent,192,657.0,2,0,10,37,0,0,0
round6_sequence_bc_v1,v124,2026102205,1,opponent,216,1563.0,2,0,12,37,0,0,0
round6_sequence_bc_v1,v124,2026102205,1,opponent,240,2654.0,2,0,13,37,0,0,0
round6_sequence_bc_v1,v124,2026102205,1,opponent,264,16410.0,2,0,16,32,0,0,0
round6_sequence_bc_v1,v124,2026102205,1,opponent,288,16970.0,3,0,17,53,0,0,0
round6_sequence_bc_v1,v124,2026102205,1,opponent,312,20771.0,3,0,17,57,0,0,0
round6_sequence_bc_v1,v124,2026102205,1,opponent,336,23022.0,3,0,17,57,0,0,0
round6_sequence_bc_v1,v124,2026102205,1,opponent,360,27374.0,3,0,17,57,0,0,0
round6_sequence_bc_v1,v124,2026102205,1,opponent,384,32813.0,3,0,17,57,0,10,1
round6_sequence_bc_v1,v124,2026102205,1,opponent,408,40998.0,3,0,17,58,0,10,1
round6_sequence_bc_v1,v124,2026102205,1,opponent,432,46967.0,3,0,17,58,0,10,1
round6_sequence_bc_v1,v124,2026102205,1,opponent,456,48102.0,4,0,17,68,0,10,1
round6_sequence_bc_v1,v124,2026102205,1,opponent,480,53119.0,4,0,17,68,0,10,1
round6_sequence_bc_v1,v124,2026102205,1,opponent,504,61029.0,4,0,17,68,0,10,1
round6_sequence_bc_v1,v124,2026102205,1,opponent,528,71010.0,4,0,17,67,2,10,1
round6_sequence_bc_v1,v124,2026102205,1,opponent,552,78260.0,4,0,17,68,1,10,1
round6_sequence_bc_v1,v124,2026102205,1,opponent,576,86046.0,4,0,17,68,1,10,1
round6_sequence_bc_v1,v124,2026102205,1,opponent,600,93423.0,4,0,17,68,1,10,1
round6_sequence_bc_v1,v124,2026102205,1,opponent,624,99329.0,4,0,17,68,1,10,1
round6_sequence_bc_v1,v124,2026102205,1,opponent,648,105190.0,4,0,17,68,1,10,1
round6_sequence_bc_v1,v124,2026102205,1,opponent,672,119845.0,4,0,17,56,1,10,1
round6_sequence_bc_v1,v124,2026102205,1,opponent,696,127874.0,4,0,17,31,2,10,1
round6_sequence_bc_v1,v124,2026102205,1,opponent,719,148294.0,4,13,17,10,2,10,1
round6_sequence_bc_v1,v124,2026102206,0,learner,0,3000.0,1,0,0,0,0,0,0
round6_sequence_bc_v1,v124,2026102206,0,learner,24,1570.0,1,0,2,5,0,300,16
round6_sequence_bc_v1,v124,2026102206,0,learner,48,1344.0,1,0,2,22,0,40,4
round6_sequence_bc_v1,v124,2026102206,0,learner,72,1004.0,1,0,2,23,0,420,8
round6_sequence_bc_v1,v124,2026102206,0,learner,96,410.0,1,0,1,20,3,900,13
round6_sequence_bc_v1,v124,2026102206,0,learner,120,58.0,1,0,1,20,3,700,11
round6_sequence_bc_v1,v124,2026102206,0,learner,144,304.0,1,0,1,19,4,700,11
round6_sequence_bc_v1,v124,2026102206,0,learner,168,85.0,1,0,1,20,3,510,10
round6_sequence_bc_v1,v124,2026102206,0,learner,192,32.0,1,0,1,21,2,440,12
round6_sequence_bc_v1,v124,2026102206,0,learner,216,12.0,1,0,1,20,3,440,12
round6_sequence_bc_v1,v124,2026102206,0,learner,240,45.0,1,0,0,18,5,590,18
round6_sequence_bc_v1,v124,2026102206,0,learner,264,1869.0,1,0,1,18,3,640,23
round6_sequence_bc_v1,v124,2026102206,0,learner,288,598.0,1,0,1,23,0,1060,27
round6_sequence_bc_v1,v124,2026102206,0,learner,312,2965.0,1,0,1,23,0,1300,33
round6_sequence_bc_v1,v124,2026102206,0,learner,336,3667.0,1,0,1,22,1,1440,38
round6_sequence_bc_v1,v124,2026102206,0,learner,360,3607.0,1,0,1,21,2,1560,41
round6_sequence_bc_v1,v124,2026102206,0,learner,384,2997.0,1,0,1,20,3,1660,42
round6_sequence_bc_v1,v124,2026102206,0,learner,408,2313.0,1,0,1,17,6,1760,43
round6_sequence_bc_v1,v124,2026102206,0,learner,432,2971.0,1,0,1,13,10,2060,46
round6_sequence_bc_v1,v124,2026102206,0,learner,456,2022.0,1,0,0,11,12,2090,49
round6_sequence_bc_v1,v124,2026102206,0,learner,480,3225.0,1,0,1,11,12,2110,51
round6_sequence_bc_v1,v124,2026102206,0,learner,504,3485.0,1,0,1,11,12,2040,53
round6_sequence_bc_v1,v124,2026102206,0,learner,528,4848.0,1,0,0,12,11,1840,51
round6_sequence_bc_v1,v124,2026102206,0,learner,552,6191.0,1,0,0,18,6,1150,45
round6_sequence_bc_v1,v124,2026102206,0,learner,576,6721.0,1,0,0,19,5,960,44
round6_sequence_bc_v1,v124,2026102206,0,learner,600,9483.0,1,0,0,14,10,990,47
round6_sequence_bc_v1,v124,2026102206,0,learner,624,9226.0,1,0,0,17,7,700,45
round6_sequence_bc_v1,v124,2026102206,0,learner,648,10625.0,1,0,0,17,7,680,43
round6_sequence_bc_v1,v124,2026102206,0,learner,672,11415.0,1,0,0,15,9,640,39
round6_sequence_bc_v1,v124,2026102206,0,learner,696,11446.0,1,0,0,14,10,390,32
round6_sequence_bc_v1,v124,2026102206,0,learner,719,12174.0,1,6,0,14,10,370,30
round6_sequence_bc_v1,v124,2026102206,0,opponent,0,3000.0,1,0,0,0,0,0,0
round6_sequence_bc_v1,v124,2026102206,0,opponent,24,26.0,1,0,4,19,0,0,0
round6_sequence_bc_v1,v124,2026102206,0,opponent,48,90.0,1,0,4,19,0,0,0
round6_sequence_bc_v1,v124,2026102206,0,opponent,72,202.0,1,0,5,19,0,0,0
round6_sequence_bc_v1,v124,2026102206,0,opponent,96,288.0,1,0,6,19,0,0,0
round6_sequence_bc_v1,v124,2026102206,0,opponent,120,700.0,1,0,6,19,0,0,0
round6_sequence_bc_v1,v124,2026102206,0,opponent,144,827.0,1,0,6,19,0,0,0
round6_sequence_bc_v1,v124,2026102206,0,opponent,168,858.0,2,0,8,29,0,0,0
round6_sequence_bc_v1,v124,2026102206,0,opponent,192,715.0,2,0,10,37,0,0,0
round6_sequence_bc_v1,v124,2026102206,0,opponent,216,1508.0,2,0,12,37,0,0,0
round6_sequence_bc_v1,v124,2026102206,0,opponent,240,2575.0,2,0,13,37,0,0,0
round6_sequence_bc_v1,v124,2026102206,0,opponent,264,17808.0,2,0,16,32,0,0,0
round6_sequence_bc_v1,v124,2026102206,0,opponent,288,18040.0,3,0,17,53,0,0,0
round6_sequence_bc_v1,v124,2026102206,0,opponent,312,22120.0,3,0,17,57,0,0,0
round6_sequence_bc_v1,v124,2026102206,0,opponent,336,24671.0,3,0,17,57,0,0,0
round6_sequence_bc_v1,v124,2026102206,0,opponent,360,29887.0,3,0,17,57,0,0,0
round6_sequence_bc_v1,v124,2026102206,0,opponent,384,36858.0,3,0,17,57,0,10,1
round6_sequence_bc_v1,v124,2026102206,0,opponent,408,47541.0,3,0,17,58,0,10,1
round6_sequence_bc_v1,v124,2026102206,0,opponent,432,54118.0,3,0,17,58,0,10,1
round6_sequence_bc_v1,v124,2026102206,0,opponent,456,61405.0,3,0,17,58,0,10,1
round6_sequence_bc_v1,v124,2026102206,0,opponent,480,67481.0,3,0,17,58,0,10,1
round6_sequence_bc_v1,v124,2026102206,0,opponent,504,76564.0,3,0,17,58,0,10,1
round6_sequence_bc_v1,v124,2026102206,0,opponent,528,87790.0,3,0,17,57,1,10,1
round6_sequence_bc_v1,v124,2026102206,0,opponent,552,96619.0,3,0,17,58,0,10,1
round6_sequence_bc_v1,v124,2026102206,0,opponent,576,105889.0,3,0,17,58,0,10,1
round6_sequence_bc_v1,v124,2026102206,0,opponent,600,114715.0,3,0,17,58,0,10,1
round6_sequence_bc_v1,v124,2026102206,0,opponent,624,121071.0,3,0,17,58,0,10,1
round6_sequence_bc_v1,v124,2026102206,0,opponent,648,125396.0,3,0,17,58,0,10,1
round6_sequence_bc_v1,v124,2026102206,0,opponent,672,136869.0,3,0,17,46,0,10,1
round6_sequence_bc_v1,v124,2026102206,0,opponent,696,143626.0,3,0,17,21,0,10,1
round6_sequence_bc_v1,v124,2026102206,0,opponent,719,160773.0,3,11,17,0,0,10,1
round6_sequence_bc_v1,v124,2026102206,1,learner,0,3000.0,1,0,0,0,0,0,0
round6_sequence_bc_v1,v124,2026102206,1,learner,24,1332.0,1,0,2,5,0,440,23
round6_sequence_bc_v1,v124,2026102206,1,learner,48,1014.0,1,0,0,20,0,140,14
round6_sequence_bc_v1,v124,2026102206,1,learner,72,1101.0,1,0,0,20,1,130,13
round6_sequence_bc_v1,v124,2026102206,1,learner,96,1109.0,1,0,0,17,3,130,13
round6_sequence_bc_v1,v124,2026102206,1,learner,120,466.0,1,0,0,18,3,490,15
round6_sequence_bc_v1,v124,2026102206,1,learner,144,656.0,1,0,0,19,1,210,12
round6_sequence_bc_v1,v124,2026102206,1,learner,168,52.0,1,0,0,19,2,310,13
round6_sequence_bc_v1,v124,2026102206,1,learner,192,77.0,1,0,1,19,3,200,11
round6_sequence_bc_v1,v124,2026102206,1,learner,216,123.0,1,0,1,21,1,180,9
round6_sequence_bc_v1,v124,2026102206,1,learner,240,66.0,1,0,1,18,4,180,9
round6_sequence_bc_v1,v124,2026102206,1,learner,264,506.0,1,0,1,15,7,310,13
round6_sequence_bc_v1,v124,2026102206,1,learner,288,1.0,1,0,1,18,5,190,10
round6_sequence_bc_v1,v124,2026102206,1,learner,312,1293.0,1,0,0,17,6,370,17
round6_sequence_bc_v1,v124,2026102206,1,learner,336,29.0,1,0,0,17,6,340,23
round6_sequence_bc_v1,v124,2026102206,1,learner,360,220.0,1,0,1,16,7,400,29
round6_sequence_bc_v1,v124,2026102206,1,learner,384,2237.0,1,0,1,16,7,380,27
round6_sequence_bc_v1,v124,2026102206,1,learner,408,2733.0,1,0,1,15,8,390,28
round6_sequence_bc_v1,v124,2026102206,1,learner,432,3468.0,1,0,2,16,7,320,25
round6_sequence_bc_v1,v124,2026102206,1,learner,456,4291.0,1,0,2,15,8,290,22
round6_sequence_bc_v1,v124,2026102206,1,learner,480,4909.0,1,0,1,17,6,280,21
round6_sequence_bc_v1,v124,2026102206,1,learner,504,5223.0,1,0,1,20,2,270,20
round6_sequence_bc_v1,v124,2026102206,1,learner,528,5318.0,1,0,1,19,3,330,22
round6_sequence_bc_v1,v124,2026102206,1,learner,552,5685.0,1,0,1,19,3,360,24
round6_sequence_bc_v1,v124,2026102206,1,learner,576,5873.0,1,0,0,16,5,340,23
round6_sequence_bc_v1,v124,2026102206,1,learner,600,6143.0,1,0,1,11,10,360,26
round6_sequence_bc_v1,v124,2026102206,1,learner,624,6636.0,1,0,1,12,9,340,24
round6_sequence_bc_v1,v124,2026102206,1,learner,648,6504.0,1,0,1,20,3,130,12
round6_sequence_bc_v1,v124,2026102206,1,learner,672,7214.0,1,0,1,21,2,100,9
round6_sequence_bc_v1,v124,2026102206,1,learner,696,7472.0,1,0,1,17,4,0,0
round6_sequence_bc_v1,v124,2026102206,1,learner,719,6911.0,3,8,1,11,3,0,0
round6_sequence_bc_v1,v124,2026102206,1,opponent,0,3000.0,1,0,0,0,0,0,0
round6_sequence_bc_v1,v124,2026102206,1,opponent,24,26.0,1,0,4,19,0,0,0
round6_sequence_bc_v1,v124,2026102206,1,opponent,48,89.0,1,0,4,19,0,0,0
round6_sequence_bc_v1,v124,2026102206,1,opponent,72,203.0,1,0,5,19,0,0,0
round6_sequence_bc_v1,v124,2026102206,1,opponent,96,286.0,1,0,6,19,0,0,0
round6_sequence_bc_v1,v124,2026102206,1,opponent,120,713.0,1,0,6,19,0,0,0
round6_sequence_bc_v1,v124,2026102206,1,opponent,144,842.0,1,0,6,19,0,0,0
round6_sequence_bc_v1,v124,2026102206,1,opponent,168,1114.0,2,0,8,29,0,0,0
round6_sequence_bc_v1,v124,2026102206,1,opponent,192,739.0,2,0,10,37,0,0,0
round6_sequence_bc_v1,v124,2026102206,1,opponent,216,1656.0,2,0,12,37,0,0,0
round6_sequence_bc_v1,v124,2026102206,1,opponent,240,4534.0,2,0,13,37,0,0,0
round6_sequence_bc_v1,v124,2026102206,1,opponent,264,19248.0,2,0,15,32,0,0,0
round6_sequence_bc_v1,v124,2026102206,1,opponent,288,18862.0,3,0,16,53,0,0,0
round6_sequence_bc_v1,v124,2026102206,1,opponent,312,22098.0,3,0,16,57,0,0,0
round6_sequence_bc_v1,v124,2026102206,1,opponent,336,24228.0,3,0,16,57,0,0,0
round6_sequence_bc_v1,v124,2026102206,1,opponent,360,28072.0,3,0,16,57,0,0,0
round6_sequence_bc_v1,v124,2026102206,1,opponent,384,37218.0,3,0,16,57,1,0,0
round6_sequence_bc_v1,v124,2026102206,1,opponent,408,44440.0,3,0,16,58,0,0,0
round6_sequence_bc_v1,v124,2026102206,1,opponent,432,51349.0,3,0,16,58,0,0,0
round6_sequence_bc_v1,v124,2026102206,1,opponent,456,58552.0,3,0,16,58,0,0,0
round6_sequence_bc_v1,v124,2026102206,1,opponent,480,64653.0,3,0,16,58,0,0,0
round6_sequence_bc_v1,v124,2026102206,1,opponent,504,70898.0,3,0,16,58,0,0,0
round6_sequence_bc_v1,v124,2026102206,1,opponent,528,80038.0,3,0,16,57,1,0,0
round6_sequence_bc_v1,v124,2026102206,1,opponent,552,83545.0,3,0,16,58,0,0,0
round6_sequence_bc_v1,v124,2026102206,1,opponent,576,88919.0,3,0,16,58,0,0,0
round6_sequence_bc_v1,v124,2026102206,1,opponent,600,92407.0,3,0,16,58,0,0,0
round6_sequence_bc_v1,v124,2026102206,1,opponent,624,101581.0,3,0,16,58,0,0,0
round6_sequence_bc_v1,v124,2026102206,1,opponent,648,106772.0,3,0,16,58,0,0,0
round6_sequence_bc_v1,v124,2026102206,1,opponent,672,112344.0,3,0,16,46,0,0,0
round6_sequence_bc_v1,v124,2026102206,1,opponent,696,118351.0,3,0,16,21,0,0,0
round6_sequence_bc_v1,v124,2026102206,1,opponent,719,131937.0,3,11,16,0,0,0,0
round6_sequence_bc_v1,v124,2026102207,0,learner,0,3000.0,1,0,0,0,0,0,0
round6_sequence_bc_v1,v124,2026102207,0,learner,24,1570.0,1,0,2,5,1,300,16
round6_sequence_bc_v1,v124,2026102207,0,learner,48,1132.0,1,0,0,21,0,80,8
round6_sequence_bc_v1,v124,2026102207,0,learner,72,1219.0,1,0,0,22,1,60,6
round6_sequence_bc_v1,v124,2026102207,0,learner,96,848.0,1,0,0,19,4,330,8
round6_sequence_bc_v1,v124,2026102207,0,learner,120,141.0,1,0,0,19,4,610,11
round6_sequence_bc_v1,v124,2026102207,0,learner,144,209.0,1,0,0,18,5,510,10
round6_sequence_bc_v1,v124,2026102207,0,learner,168,490.0,1,0,0,17,6,540,11
round6_sequence_bc_v1,v124,2026102207,0,learner,192,232.0,1,0,0,22,1,290,11
round6_sequence_bc_v1,v124,2026102207,0,learner,216,161.0,1,0,0,22,1,280,10
round6_sequence_bc_v1,v124,2026102207,0,learner,240,48.0,1,0,0,19,4,200,11
round6_sequence_bc_v1,v124,2026102207,0,learner,264,4.0,1,0,0,18,5,240,15
round6_sequence_bc_v1,v124,2026102207,0,learner,288,301.0,1,0,0,21,2,300,21
round6_sequence_bc_v1,v124,2026102207,0,learner,312,2768.0,1,0,0,19,3,370,28
round6_sequence_bc_v1,v124,2026102207,0,learner,336,4122.0,1,0,0,19,3,440,35
round6_sequence_bc_v1,v124,2026102207,0,learner,360,4110.0,1,0,0,21,2,520,43
round6_sequence_bc_v1,v124,2026102207,0,learner,384,3885.0,1,0,0,21,2,820,52
round6_sequence_bc_v1,v124,2026102207,0,learner,408,4879.0,1,0,0,21,1,940,60
round6_sequence_bc_v1,v124,2026102207,0,learner,432,6387.0,1,0,0,23,0,1060,64
round6_sequence_bc_v1,v124,2026102207,0,learner,456,6736.0,1,0,0,24,0,950,71
round6_sequence_bc_v1,v124,2026102207,0,learner,480,7336.0,1,0,0,23,2,1150,79
round6_sequence_bc_v1,v124,2026102207,0,learner,504,8509.0,1,0,0,25,0,1070,83
round6_sequence_bc_v1,v124,2026102207,0,learner,528,8189.0,1,0,0,25,0,1110,91
round6_sequence_bc_v1,v124,2026102207,0,learner,552,9689.0,1,0,0,25,0,1160,96
round6_sequence_bc_v1,v124,2026102207,0,learner,576,10693.0,1,0,0,25,0,1210,101
round6_sequence_bc_v1,v124,2026102207,0,learner,600,11066.0,1,0,0,22,3,1250,105
round6_sequence_bc_v1,v124,2026102207,0,learner,624,11382.0,1,0,0,23,2,1260,110
round6_sequence_bc_v1,v124,2026102207,0,learner,648,12329.0,1,0,0,23,2,1180,106
round6_sequence_bc_v1,v124,2026102207,0,learner,672,12882.0,1,0,0,22,3,1140,102
round6_sequence_bc_v1,v124,2026102207,0,learner,696,13658.0,1,0,0,23,2,1000,92
round6_sequence_bc_v1,v124,2026102207,0,learner,719,14794.0,1,10,0,23,2,940,86
round6_sequence_bc_v1,v124,2026102207,0,opponent,0,3000.0,1,0,0,0,0,0,0
round6_sequence_bc_v1,v124,2026102207,0,opponent,24,26.0,1,0,4,19,0,0,0
round6_sequence_bc_v1,v124,2026102207,0,opponent,48,91.0,1,0,4,19,0,0,0
round6_sequence_bc_v1,v124,2026102207,0,opponent,72,205.0,1,0,5,19,0,0,0
round6_sequence_bc_v1,v124,2026102207,0,opponent,96,289.0,1,0,6,19,0,0,0
round6_sequence_bc_v1,v124,2026102207,0,opponent,120,715.0,1,0,6,19,0,0,0
round6_sequence_bc_v1,v124,2026102207,0,opponent,144,846.0,1,0,6,19,0,0,0
round6_sequence_bc_v1,v124,2026102207,0,opponent,168,957.0,2,0,8,29,0,0,0
round6_sequence_bc_v1,v124,2026102207,0,opponent,192,562.0,2,0,10,37,0,0,0
round6_sequence_bc_v1,v124,2026102207,0,opponent,216,1475.0,2,0,12,37,0,0,0
round6_sequence_bc_v1,v124,2026102207,0,opponent,240,4313.0,2,0,13,37,0,0,0
round6_sequence_bc_v1,v124,2026102207,0,opponent,264,19076.0,2,0,15,32,0,0,0
round6_sequence_bc_v1,v124,2026102207,0,opponent,288,18778.0,3,0,16,53,0,0,0
round6_sequence_bc_v1,v124,2026102207,0,opponent,312,22008.0,3,0,16,57,0,0,0
round6_sequence_bc_v1,v124,2026102207,0,opponent,336,24352.0,3,0,16,57,0,0,0
round6_sequence_bc_v1,v124,2026102207,0,opponent,360,28486.0,3,0,16,57,0,0,0
round6_sequence_bc_v1,v124,2026102207,0,opponent,384,38126.0,3,0,16,57,1,0,0
round6_sequence_bc_v1,v124,2026102207,0,opponent,408,46146.0,3,0,16,58,0,0,0
round6_sequence_bc_v1,v124,2026102207,0,opponent,432,53550.0,3,0,16,58,0,0,0
round6_sequence_bc_v1,v124,2026102207,0,opponent,456,61471.0,3,0,16,58,0,0,0
round6_sequence_bc_v1,v124,2026102207,0,opponent,480,68453.0,3,0,16,58,0,0,0
round6_sequence_bc_v1,v124,2026102207,0,opponent,504,76842.0,3,0,16,58,0,0,0
round6_sequence_bc_v1,v124,2026102207,0,opponent,528,87172.0,3,0,16,57,1,0,0
round6_sequence_bc_v1,v124,2026102207,0,opponent,552,93865.0,3,0,16,58,0,0,0
round6_sequence_bc_v1,v124,2026102207,0,opponent,576,102735.0,3,0,16,58,0,0,0
round6_sequence_bc_v1,v124,2026102207,0,opponent,600,112598.0,3,0,16,58,0,0,0
round6_sequence_bc_v1,v124,2026102207,0,opponent,624,122555.0,3,0,16,58,0,0,0
round6_sequence_bc_v1,v124,2026102207,0,opponent,648,128622.0,3,0,16,58,0,0,0
round6_sequence_bc_v1,v124,2026102207,0,opponent,672,136806.0,3,0,16,46,0,0,0
round6_sequence_bc_v1,v124,2026102207,0,opponent,696,148102.0,3,0,16,21,1,0,0
round6_sequence_bc_v1,v124,2026102207,0,opponent,719,163910.0,3,11,16,0,1,0,0
round6_sequence_bc_v1,v124,2026102207,1,learner,0,3000.0,1,0,0,0,0,0,0
round6_sequence_bc_v1,v124,2026102207,1,learner,24,1332.0,1,0,2,5,1,440,23
round6_sequence_bc_v1,v124,2026102207,1,learner,48,1094.0,1,0,0,10,1,380,22
round6_sequence_bc_v1,v124,2026102207,1,learner,72,1031.0,1,0,0,18,2,220,13
round6_sequence_bc_v1,v124,2026102207,1,learner,96,990.0,1,0,0,20,2,190,10
round6_sequence_bc_v1,v124,2026102207,1,learner,120,879.0,1,0,0,19,2,180,9
round6_sequence_bc_v1,v124,2026102207,1,learner,144,617.0,1,0,0,18,4,180,9
round6_sequence_bc_v1,v124,2026102207,1,learner,168,111.0,1,0,1,17,5,180,9
round6_sequence_bc_v1,v124,2026102207,1,learner,192,85.0,1,0,1,16,7,170,8
round6_sequence_bc_v1,v124,2026102207,1,learner,216,58.0,1,0,1,18,4,240,6
round6_sequence_bc_v1,v124,2026102207,1,learner,240,114.0,1,0,1,17,5,240,6
round6_sequence_bc_v1,v124,2026102207,1,learner,264,65.0,1,0,1,12,10,240,6
round6_sequence_bc_v1,v124,2026102207,1,learner,288,1227.0,2,0,1,19,5,0,0
round6_sequence_bc_v1,v124,2026102207,1,learner,312,72.0,2,0,1,26,2,0,0
round6_sequence_bc_v1,v124,2026102207,1,learner,336,671.0,2,0,4,27,2,0,0
round6_sequence_bc_v1,v124,2026102207,1,learner,360,19.0,2,0,3,30,5,70,3
round6_sequence_bc_v1,v124,2026102207,1,learner,384,672.0,2,0,3,30,7,140,10
round6_sequence_bc_v1,v124,2026102207,1,learner,408,950.0,2,0,3,23,13,80,4
round6_sequence_bc_v1,v124,2026102207,1,learner,432,1438.0,2,0,0,23,13,120,8
round6_sequence_bc_v1,v124,2026102207,1,learner,456,1769.0,2,0,1,22,15,170,13
round6_sequence_bc_v1,v124,2026102207,1,learner,480,1803.0,2,0,1,28,12,130,9
round6_sequence_bc_v1,v124,2026102207,1,learner,504,1512.0,2,0,1,36,7,120,12
round6_sequence_bc_v1,v124,2026102207,1,learner,528,1607.0,2,0,1,34,10,100,10
round6_sequence_bc_v1,v124,2026102207,1,learner,552,2327.0,2,0,1,33,11,60,6
round6_sequence_bc_v1,v124,2026102207,1,learner,576,2866.0,2,0,1,26,18,10,1
round6_sequence_bc_v1,v124,2026102207,1,learner,600,3393.0,2,0,1,29,11,80,1
round6_sequence_bc_v1,v124,2026102207,1,learner,624,4308.0,2,0,1,24,9,0,0
round6_sequence_bc_v1,v124,2026102207,1,learner,648,3907.0,2,0,1,11,13,0,0
round6_sequence_bc_v1,v124,2026102207,1,learner,672,3846.0,2,0,1,3,17,0,0
round6_sequence_bc_v1,v124,2026102207,1,learner,696,4416.0,2,0,0,2,18,0,0
round6_sequence_bc_v1,v124,2026102207,1,learner,719,1694.0,2,6,4,3,16,210,3
round6_sequence_bc_v1,v124,2026102207,1,opponent,0,3000.0,1,0,0,0,0,0,0
round6_sequence_bc_v1,v124,2026102207,1,opponent,24,26.0,1,0,4,19,0,0,0
round6_sequence_bc_v1,v124,2026102207,1,opponent,48,91.0,1,0,4,19,0,0,0
round6_sequence_bc_v1,v124,2026102207,1,opponent,72,206.0,1,0,5,19,0,0,0
round6_sequence_bc_v1,v124,2026102207,1,opponent,96,290.0,1,0,6,19,0,0,0
round6_sequence_bc_v1,v124,2026102207,1,opponent,120,718.0,1,0,6,19,0,0,0
round6_sequence_bc_v1,v124,2026102207,1,opponent,144,848.0,1,0,6,19,0,0,0
round6_sequence_bc_v1,v124,2026102207,1,opponent,168,1121.0,2,0,8,29,0,0,0
round6_sequence_bc_v1,v124,2026102207,1,opponent,192,746.0,2,0,10,37,0,0,0
round6_sequence_bc_v1,v124,2026102207,1,opponent,216,1652.0,2,0,12,37,0,0,0
round6_sequence_bc_v1,v124,2026102207,1,opponent,240,4533.0,2,0,13,37,0,0,0
round6_sequence_bc_v1,v124,2026102207,1,opponent,264,19651.0,2,0,15,32,0,0,0
round6_sequence_bc_v1,v124,2026102207,1,opponent,288,19481.0,3,0,16,53,0,0,0
round6_sequence_bc_v1,v124,2026102207,1,opponent,312,22723.0,3,0,16,57,0,0,0
round6_sequence_bc_v1,v124,2026102207,1,opponent,336,25769.0,3,0,16,57,0,0,0
round6_sequence_bc_v1,v124,2026102207,1,opponent,360,30762.0,3,0,16,57,0,0,0
round6_sequence_bc_v1,v124,2026102207,1,opponent,384,41568.0,3,0,16,57,1,0,0
round6_sequence_bc_v1,v124,2026102207,1,opponent,408,49280.0,3,0,16,58,0,0,0
round6_sequence_bc_v1,v124,2026102207,1,opponent,432,58465.0,3,0,16,58,0,0,0
round6_sequence_bc_v1,v124,2026102207,1,opponent,456,68000.0,3,0,16,58,0,0,0
round6_sequence_bc_v1,v124,2026102207,1,opponent,480,76690.0,3,0,16,58,0,0,0
round6_sequence_bc_v1,v124,2026102207,1,opponent,504,83148.0,3,0,16,54,4,10,1
round6_sequence_bc_v1,v124,2026102207,1,opponent,528,93155.0,3,0,16,55,3,10,1
round6_sequence_bc_v1,v124,2026102207,1,opponent,552,108699.0,3,0,16,55,3,10,1
round6_sequence_bc_v1,v124,2026102207,1,opponent,576,114891.0,3,0,16,55,3,10,1
round6_sequence_bc_v1,v124,2026102207,1,opponent,600,124386.0,3,0,16,58,0,10,1
round6_sequence_bc_v1,v124,2026102207,1,opponent,624,134761.0,3,0,16,58,0,10,1
round6_sequence_bc_v1,v124,2026102207,1,opponent,648,146798.0,3,0,16,58,0,10,1
round6_sequence_bc_v1,v124,2026102207,1,opponent,672,155049.0,3,0,16,46,0,10,1
round6_sequence_bc_v1,v124,2026102207,1,opponent,696,171402.0,3,0,16,21,1,10,1
round6_sequence_bc_v1,v124,2026102207,1,opponent,719,183141.0,3,11,16,0,1,10,1
round6_sequence_bc_v1,v124,2026102208,0,learner,0,3000.0,1,0,0,0,0,0,0
round6_sequence_bc_v1,v124,2026102208,0,learner,24,1570.0,1,0,2,5,0,300,16
round6_sequence_bc_v1,v124,2026102208,0,learner,48,1344.0,1,0,2,22,0,40,4
round6_sequence_bc_v1,v124,2026102208,0,learner,72,1004.0,1,0,2,23,0,420,8
round6_sequence_bc_v1,v124,2026102208,0,learner,96,609.0,1,0,2,20,3,700,11
round6_sequence_bc_v1,v124,2026102208,0,learner,120,123.0,1,0,2,21,2,600,10
round6_sequence_bc_v1,v124,2026102208,0,learner,144,186.0,1,0,2,20,3,900,13
round6_sequence_bc_v1,v124,2026102208,0,learner,168,80.0,1,0,2,18,5,820,14
round6_sequence_bc_v1,v124,2026102208,0,learner,192,105.0,1,0,2,21,2,560,15
round6_sequence_bc_v1,v124,2026102208,0,learner,216,16.0,1,0,0,22,1,560,15
round6_sequence_bc_v1,v124,2026102208,0,learner,240,58.0,1,0,1,22,1,710,21
round6_sequence_bc_v1,v124,2026102208,0,learner,264,0.0,1,0,1,19,4,540,22
round6_sequence_bc_v1,v124,2026102208,0,learner,288,526.0,1,0,1,18,5,720,29
round6_sequence_bc_v1,v124,2026102208,0,learner,312,433.0,1,0,1,18,5,710,28
round6_sequence_bc_v1,v124,2026102208,0,learner,336,2587.0,1,0,0,22,1,490,24
round6_sequence_bc_v1,v124,2026102208,0,learner,360,2224.0,1,0,1,20,3,540,29
round6_sequence_bc_v1,v124,2026102208,0,learner,384,2582.0,1,0,1,21,2,450,29
round6_sequence_bc_v1,v124,2026102208,0,learner,408,2524.0,1,0,1,20,3,480,32
round6_sequence_bc_v1,v124,2026102208,0,learner,432,2618.0,1,0,1,23,0,500,34
round6_sequence_bc_v1,v124,2026102208,0,learner,456,3568.0,1,0,1,22,1,640,39
round6_sequence_bc_v1,v124,2026102208,0,learner,480,4582.0,1,0,1,22,1,710,49
round6_sequence_bc_v1,v124,2026102208,0,learner,504,4602.0,1,0,1,20,3,780,59
round6_sequence_bc_v1,v124,2026102208,0,learner,528,5812.0,1,0,1,20,3,990,65
round6_sequence_bc_v1,v124,2026102208,0,learner,552,6636.0,1,0,1,20,3,950,65
round6_sequence_bc_v1,v124,2026102208,0,learner,576,6966.0,1,0,1,18,5,930,63
round6_sequence_bc_v1,v124,2026102208,0,learner,600,7913.0,1,0,1,15,7,1350,83
round6_sequence_bc_v1,v124,2026102208,0,learner,624,8197.0,1,0,2,20,2,1190,75
round6_sequence_bc_v1,v124,2026102208,0,learner,648,8682.0,1,0,1,22,0,1110,71
round6_sequence_bc_v1,v124,2026102208,0,learner,672,9481.0,1,0,1,21,1,970,64
round6_sequence_bc_v1,v124,2026102208,0,learner,696,10312.0,1,0,1,21,1,830,57
round6_sequence_bc_v1,v124,2026102208,0,learner,719,10796.0,1,8,1,23,0,640,46
round6_sequence_bc_v1,v124,2026102208,0,opponent,0,3000.0,1,0,0,0,0,0,0
round6_sequence_bc_v1,v124,2026102208,0,opponent,24,26.0,1,0,4,19,0,0,0
round6_sequence_bc_v1,v124,2026102208,0,opponent,48,90.0,1,0,4,19,0,0,0
round6_sequence_bc_v1,v124,2026102208,0,opponent,72,202.0,1,0,5,19,0,0,0
round6_sequence_bc_v1,v124,2026102208,0,opponent,96,287.0,1,0,6,19,0,0,0
round6_sequence_bc_v1,v124,2026102208,0,opponent,120,703.0,1,0,6,19,0,0,0
round6_sequence_bc_v1,v124,2026102208,0,opponent,144,827.0,1,0,6,19,0,0,0
round6_sequence_bc_v1,v124,2026102208,0,opponent,168,1075.0,2,0,8,29,0,0,0
round6_sequence_bc_v1,v124,2026102208,0,opponent,192,684.0,2,0,10,37,0,0,0
round6_sequence_bc_v1,v124,2026102208,0,opponent,216,1866.0,2,0,12,37,0,0,0
round6_sequence_bc_v1,v124,2026102208,0,opponent,240,4697.0,2,0,13,37,0,0,0
round6_sequence_bc_v1,v124,2026102208,0,opponent,264,20160.0,2,0,15,32,0,0,0
round6_sequence_bc_v1,v124,2026102208,0,opponent,288,20240.0,3,0,16,53,0,0,0
round6_sequence_bc_v1,v124,2026102208,0,opponent,312,23428.0,3,0,16,57,0,0,0
round6_sequence_bc_v1,v124,2026102208,0,opponent,336,26583.0,3,0,16,57,0,0,0
round6_sequence_bc_v1,v124,2026102208,0,opponent,360,31617.0,3,0,16,57,0,0,0
round6_sequence_bc_v1,v124,2026102208,0,opponent,384,42210.0,3,0,16,57,1,0,0
round6_sequence_bc_v1,v124,2026102208,0,opponent,408,50967.0,3,0,16,58,0,0,0
round6_sequence_bc_v1,v124,2026102208,0,opponent,432,58382.0,3,0,16,58,0,0,0
round6_sequence_bc_v1,v124,2026102208,0,opponent,456,66678.0,3,0,16,58,0,0,0
round6_sequence_bc_v1,v124,2026102208,0,opponent,480,74088.0,3,0,16,58,0,0,0
round6_sequence_bc_v1,v124,2026102208,0,opponent,504,82456.0,3,0,16,58,0,0,0
round6_sequence_bc_v1,v124,2026102208,0,opponent,528,92315.0,3,0,16,57,1,0,0
round6_sequence_bc_v1,v124,2026102208,0,opponent,552,98878.0,3,0,16,58,0,0,0
round6_sequence_bc_v1,v124,2026102208,0,opponent,576,106905.0,3,0,16,58,0,0,0
round6_sequence_bc_v1,v124,2026102208,0,opponent,600,115557.0,3,0,16,58,0,0,0
round6_sequence_bc_v1,v124,2026102208,0,opponent,624,124317.0,3,0,16,58,0,0,0
round6_sequence_bc_v1,v124,2026102208,0,opponent,648,130200.0,3,0,16,58,0,0,0
round6_sequence_bc_v1,v124,2026102208,0,opponent,672,137461.0,3,0,16,46,0,0,0
round6_sequence_bc_v1,v124,2026102208,0,opponent,696,144945.0,3,0,16,21,0,0,0
round6_sequence_bc_v1,v124,2026102208,0,opponent,719,161649.0,3,11,16,0,0,0,0
round6_sequence_bc_v1,v124,2026102208,1,learner,0,3000.0,1,0,0,0,0,0,0
round6_sequence_bc_v1,v124,2026102208,1,learner,24,1332.0,1,0,2,5,0,440,23
round6_sequence_bc_v1,v124,2026102208,1,learner,48,1014.0,1,0,0,20,0,140,14
round6_sequence_bc_v1,v124,2026102208,1,learner,72,1101.0,1,0,0,20,1,130,13
round6_sequence_bc_v1,v124,2026102208,1,learner,96,1010.0,1,0,0,17,4,230,14
round6_sequence_bc_v1,v124,2026102208,1,learner,120,599.0,1,0,0,18,3,320,14
round6_sequence_bc_v1,v124,2026102208,1,learner,144,238.0,1,0,0,20,1,510,15
round6_sequence_bc_v1,v124,2026102208,1,learner,168,18.0,1,0,0,18,3,910,19
round6_sequence_bc_v1,v124,2026102208,1,learner,192,27.0,1,0,0,15,7,610,16
round6_sequence_bc_v1,v124,2026102208,1,learner,216,5.0,1,0,0,18,4,490,13
round6_sequence_bc_v1,v124,2026102208,1,learner,240,17.0,1,0,0,11,11,490,13
round6_sequence_bc_v1,v124,2026102208,1,learner,264,5.0,1,0,0,8,14,390,12
round6_sequence_bc_v1,v124,2026102208,1,learner,288,1808.0,1,0,0,5,15,490,13
round6_sequence_bc_v1,v124,2026102208,1,learner,312,3774.0,1,0,1,17,3,160,7
round6_sequence_bc_v1,v124,2026102208,1,learner,336,185.0,3,0,2,30,1,60,6
round6_sequence_bc_v1,v124,2026102208,1,learner,360,67.0,3,0,2,30,2,90,9
round6_sequence_bc_v1,v124,2026102208,1,learner,384,562.0,3,0,1,34,5,70,7
round6_sequence_bc_v1,v124,2026102208,1,learner,408,464.0,3,0,1,36,5,0,0
round6_sequence_bc_v1,v124,2026102208,1,learner,432,972.0,3,0,2,36,8,70,7
round6_sequence_bc_v1,v124,2026102208,1,learner,456,1623.0,3,0,2,43,7,10,1
round6_sequence_bc_v1,v124,2026102208,1,learner,480,1465.0,3,0,2,42,13,750,41
round6_sequence_bc_v1,v124,2026102208,1,learner,504,1654.0,3,0,2,40,16,840,46
round6_sequence_bc_v1,v124,2026102208,1,learner,528,2656.0,3,0,2,37,20,660,37
round6_sequence_bc_v1,v124,2026102208,1,learner,552,3683.0,3,0,2,42,18,240,14
round6_sequence_bc_v1,v124,2026102208,1,learner,576,4458.0,3,0,2,40,21,180,10
round6_sequence_bc_v1,v124,2026102208,1,learner,600,6094.0,3,0,2,29,27,100,5
round6_sequence_bc_v1,v124,2026102208,1,learner,624,6876.0,3,0,2,17,32,40,2
round6_sequence_bc_v1,v124,2026102208,1,learner,648,8648.0,3,0,1,8,35,40,2
round6_sequence_bc_v1,v124,2026102208,1,learner,672,9238.0,3,0,1,5,34,160,8
round6_sequence_bc_v1,v124,2026102208,1,learner,696,10308.0,3,0,1,2,35,140,7
round6_sequence_bc_v1,v124,2026102208,1,learner,719,10184.0,3,6,1,1,34,140,7
round6_sequence_bc_v1,v124,2026102208,1,opponent,0,3000.0,1,0,0,0,0,0,0
round6_sequence_bc_v1,v124,2026102208,1,opponent,24,26.0,1,0,4,19,0,0,0
round6_sequence_bc_v1,v124,2026102208,1,opponent,48,89.0,1,0,4,19,0,0,0
round6_sequence_bc_v1,v124,2026102208,1,opponent,72,203.0,1,0,5,19,0,0,0
round6_sequence_bc_v1,v124,2026102208,1,opponent,96,287.0,1,0,6,19,0,0,0
round6_sequence_bc_v1,v124,2026102208,1,opponent,120,709.0,1,0,6,19,0,0,0
round6_sequence_bc_v1,v124,2026102208,1,opponent,144,840.0,1,0,6,19,0,0,0
round6_sequence_bc_v1,v124,2026102208,1,opponent,168,819.0,2,0,8,29,0,0,0
round6_sequence_bc_v1,v124,2026102208,1,opponent,192,688.0,2,0,10,37,0,0,0
round6_sequence_bc_v1,v124,2026102208,1,opponent,216,2017.0,2,0,12,37,0,0,0
round6_sequence_bc_v1,v124,2026102208,1,opponent,240,3228.0,2,0,13,37,0,0,0
round6_sequence_bc_v1,v124,2026102208,1,opponent,264,18116.0,2,0,16,32,0,0,0
round6_sequence_bc_v1,v124,2026102208,1,opponent,288,19530.0,3,0,17,53,0,0,0
round6_sequence_bc_v1,v124,2026102208,1,opponent,312,24114.0,3,0,17,57,0,0,0
round6_sequence_bc_v1,v124,2026102208,1,opponent,336,27121.0,3,0,17,57,0,0,0
round6_sequence_bc_v1,v124,2026102208,1,opponent,360,33401.0,3,0,17,57,0,0,0
round6_sequence_bc_v1,v124,2026102208,1,opponent,384,42593.0,3,0,17,57,1,0,0
round6_sequence_bc_v1,v124,2026102208,1,opponent,408,51965.0,3,0,17,58,0,0,0
round6_sequence_bc_v1,v124,2026102208,1,opponent,432,57237.0,3,0,17,58,0,0,0
round6_sequence_bc_v1,v124,2026102208,1,opponent,456,66781.0,3,0,17,58,0,0,0
round6_sequence_bc_v1,v124,2026102208,1,opponent,480,75434.0,3,0,17,58,0,0,0
round6_sequence_bc_v1,v124,2026102208,1,opponent,504,84423.0,3,0,17,58,0,0,0
round6_sequence_bc_v1,v124,2026102208,1,opponent,528,95067.0,3,0,17,57,1,0,0
round6_sequence_bc_v1,v124,2026102208,1,opponent,552,104693.0,3,0,17,58,0,0,0
round6_sequence_bc_v1,v124,2026102208,1,opponent,576,115019.0,3,0,17,58,0,0,0
round6_sequence_bc_v1,v124,2026102208,1,opponent,600,123439.0,3,0,17,58,0,0,0
round6_sequence_bc_v1,v124,2026102208,1,opponent,624,132355.0,3,0,17,58,0,0,0
round6_sequence_bc_v1,v124,2026102208,1,opponent,648,138502.0,3,0,17,58,0,0,0
round6_sequence_bc_v1,v124,2026102208,1,opponent,672,151043.0,3,0,17,46,0,0,0
round6_sequence_bc_v1,v124,2026102208,1,opponent,696,161092.0,3,0,17,21,0,0,0
round6_sequence_bc_v1,v124,2026102208,1,opponent,719,179135.0,3,11,17,0,0,0,0
