episode_id,seed,units_same,market_same,actions_same,first_units_difference,first_market_difference,shops_json,own_PASS,own_NORTH,own_SOUTH,own_PICKUP,own_WEST,own_BUILD_PASTURE,own_PLACE,own_PLANT,own_CARE,own_WATER,own_FEED,own_COLLECT_FERTILIZER,own_EAST,own_HARVEST,own_DROP,own_BUILD_COOP,own_DIG,own_FERTILIZE,opp_PASS,opp_NORTH,opp_SOUTH,opp_PICKUP,opp_WEST,opp_BUILD_PASTURE,opp_PLACE,opp_PLANT,opp_CARE,opp_WATER,opp_FEED,opp_COLLECT_FERTILIZER,opp_EAST,opp_HARVEST,opp_DROP,opp_BUILD_COOP,opp_DIG,opp_FERTILIZE,create_time,end_time,state,episode_type,agent_0_submission_id,agent_1_submission_id,agent_0_initial_score,agent_1_initial_score,agent_0_updated_score,agent_1_updated_score,submission_id,episode_state,submission_seat,opponent_submission_id,team_name,opponent_team_name,result,own_reward,opponent_reward,step_count,replay_status,agent_0_log_status,agent_1_log_status,replay_path,log_path,error,seat,opponent_id,own_before,own_after,opp_rating,margin
112695730,1267212450,2,15,0,2.0,1.0,"[[0, []], [72, [""SMOOTHIE_SHOP""]], [144, [""SMOOTHIE_SHOP"", ""ICE_CREAM_SHOP""]], [216, [""SMOOTHIE_SHOP"", ""ICE_CREAM_SHOP"", ""PET_CAFE""]], [288, [""SMOOTHIE_SHOP"", ""ICE_CREAM_SHOP"", ""PET_CAFE"", ""ICE_CREAM_SHOP""]], [360, [""SMOOTHIE_SHOP"", ""ICE_CREAM_SHOP"", ""PET_CAFE"", ""ICE_CREAM_SHOP"", ""ICE_CREAM_SHOP""]], [432, [""SMOOTHIE_SHOP"", ""ICE_CREAM_SHOP"", ""PET_CAFE"", ""ICE_CREAM_SHOP"", ""ICE_CREAM_SHOP"", ""PET_CAFE""]], [504, [""SMOOTHIE_SHOP"", ""ICE_CREAM_SHOP"", ""PET_CAFE"", ""ICE_CREAM_SHOP"", ""ICE_CREAM_SHOP"", ""PET_CAFE"", ""SMOOTHIE_SHOP""]], [576, [""SMOOTHIE_SHOP"", ""ICE_CREAM_SHOP"", ""PET_CAFE"", ""ICE_CREAM_SHOP"", ""ICE_CREAM_SHOP"", ""PET_CAFE"", ""SMOOTHIE_SHOP"", ""BRUNCH_SPOT""]]]",430,912,492,206,865,19,99,239,404,1097,345,379,585,477,52,,38,106,329,1604,893,253,1818,16,17,65,288,212,301,203,1437,131,,,39,10,2026-09-24T02:44:47.523174500Z,2026-09-24T02:49:32.478998900Z,COMPLETED,EPISODE_TYPE_PUBLIC,55266833,56509493,435.38313659959965,600.0,433.3848259126528,665.2509612064256,56509493,COMPLETED,1,,rsraki,Symekah Shadrack Basweti,win,180695.0,25192.0,720,downloaded,extracted_empty,extracted_empty,replays/round10_b1_herd_safe_submission_56509493/episode_112695730.json,logs/round10_b1_herd_safe_submission_56509493/episode_112695730/agent_1_observation_logs.json,,1,55266833,600.0,665.2509612064256,435.38313659959965,155503.0
112696878,665547184,1,230,0,2.0,1.0,"[[0, []], [72, [""YARN_STORE""]], [144, [""YARN_STORE"", ""BAKERY""]], [216, [""YARN_STORE"", ""BAKERY"", ""PET_CAFE""]], [288, [""YARN_STORE"", ""BAKERY"", ""PET_CAFE"", ""SMOOTHIE_SHOP""]], [360, [""YARN_STORE"", ""BAKERY"", ""PET_CAFE"", ""SMOOTHIE_SHOP"", ""PIZZA_SHOP""]], [432, [""YARN_STORE"", ""BAKERY"", ""PET_CAFE"", ""SMOOTHIE_SHOP"", ""PIZZA_SHOP"", ""ICE_CREAM_SHOP""]], [504, [""YARN_STORE"", ""BAKERY"", ""PET_CAFE"", ""SMOOTHIE_SHOP"", ""PIZZA_SHOP"", ""ICE_CREAM_SHOP"", ""PIZZA_SHOP""]], [576, [""YARN_STORE"", ""BAKERY"", ""PET_CAFE"", ""SMOOTHIE_SHOP"", ""PIZZA_SHOP"", ""ICE_CREAM_SHOP"", ""PIZZA_SHOP"", ""BAKERY""]]]",666,937,580,155,894,17,110,239,397,1095,363,379,618,462,30,2.0,36,94,1010,849,513,145,923,14,14,174,308,925,300,296,655,360,56.0,,27,84,2026-09-24T02:48:43.024327400Z,2026-09-24T02:50:17.662449600Z,COMPLETED,EPISODE_TYPE_PUBLIC,56026800,56509493,782.7963317351299,665.2509612064256,778.3327513512791,811.0005247607407,56509493,COMPLETED,1,,rsraki,rupsa roy,win,105019.0,51969.0,720,downloaded,extracted_empty,extracted_empty,replays/round10_b1_herd_safe_submission_56509493/episode_112696878.json,logs/round10_b1_herd_safe_submission_56509493/episode_112696878/agent_1_observation_logs.json,,1,56026800,665.2509612064256,811.0005247607407,782.7963317351299,53050.0
112698041,764938812,703,612,605,188.0,1.0,"[[0, []], [72, [""PIZZA_SHOP""]], [144, [""PIZZA_SHOP"", ""SMOOTHIE_SHOP""]], [216, [""PIZZA_SHOP"", ""SMOOTHIE_SHOP"", ""SMOOTHIE_SHOP""]], [288, [""PIZZA_SHOP"", ""SMOOTHIE_SHOP"", ""SMOOTHIE_SHOP"", ""PET_CAFE""]], [360, [""PIZZA_SHOP"", ""SMOOTHIE_SHOP"", ""SMOOTHIE_SHOP"", ""PET_CAFE"", ""BRUNCH_SPOT""]], [432, [""PIZZA_SHOP"", ""SMOOTHIE_SHOP"", ""SMOOTHIE_SHOP"", ""PET_CAFE"", ""BRUNCH_SPOT"", ""FARMERS_MARKET""]], [504, [""PIZZA_SHOP"", ""SMOOTHIE_SHOP"", ""SMOOTHIE_SHOP"", ""PET_CAFE"", ""BRUNCH_SPOT"", ""FARMERS_MARKET"", ""PET_CAFE""]], [576, [""PIZZA_SHOP"", ""SMOOTHIE_SHOP"", ""SMOOTHIE_SHOP"", ""PET_CAFE"", ""BRUNCH_SPOT"", ""FARMERS_MARKET"", ""PET_CAFE"", ""ICE_CREAM_SHOP""]]]",446,919,492,207,864,19,99,238,404,1098,324,376,588,481,53,,40,114,446,919,492,207,864,19,99,239,404,1098,324,376,588,481,53.0,,39,114,2026-09-24T02:52:46.763660600Z,2026-09-24T02:57:09.149368600Z,COMPLETED,EPISODE_TYPE_PUBLIC,56509493,56509408,927.2940997578486,855.4665525146556,1003.5383076781628,779.2223445943415,56509493,COMPLETED,0,,rsraki,月之光面,win,102111.0,102093.0,720,downloaded,extracted_empty,extracted_empty,replays/round10_b1_herd_safe_submission_56509493/episode_112698041.json,logs/round10_b1_herd_safe_submission_56509493/episode_112698041/agent_0_observation_logs.json,,0,56509408,927.2940997578486,1003.5383076781628,855.4665525146556,18.0
112698051,7968312,3,185,0,2.0,1.0,"[[0, []], [72, [""PIZZA_SHOP""]], [144, [""PIZZA_SHOP"", ""SMOOTHIE_SHOP""]], [216, [""PIZZA_SHOP"", ""SMOOTHIE_SHOP"", ""BRUNCH_SPOT""]], [288, [""PIZZA_SHOP"", ""SMOOTHIE_SHOP"", ""BRUNCH_SPOT"", ""FARMERS_MARKET""]], [360, [""PIZZA_SHOP"", ""SMOOTHIE_SHOP"", ""BRUNCH_SPOT"", ""FARMERS_MARKET"", ""SMOOTHIE_SHOP""]], [432, [""PIZZA_SHOP"", ""SMOOTHIE_SHOP"", ""BRUNCH_SPOT"", ""FARMERS_MARKET"", ""SMOOTHIE_SHOP"", ""PET_CAFE""]], [504, [""PIZZA_SHOP"", ""SMOOTHIE_SHOP"", ""BRUNCH_SPOT"", ""FARMERS_MARKET"", ""SMOOTHIE_SHOP"", ""PET_CAFE"", ""PET_CAFE""]], [576, [""PIZZA_SHOP"", ""SMOOTHIE_SHOP"", ""BRUNCH_SPOT"", ""FARMERS_MARKET"", ""SMOOTHIE_SHOP"", ""PET_CAFE"", ""PET_CAFE"", ""BRUNCH_SPOT""]]]",444,914,493,207,868,14,99,239,404,1096,331,373,586,482,52,5.0,39,115,994,838,553,135,811,13,13,199,285,1010,290,296,634,390,57.0,,40,72,2026-09-24T02:52:46.784967600Z,2026-09-24T02:57:07.242366400Z,COMPLETED,EPISODE_TYPE_PUBLIC,56509493,55451086,811.0005247607407,836.0089920449848,927.2940997578486,832.4475013106984,56509493,COMPLETED,0,,rsraki,Narendra Sirvi,win,123460.0,96961.0,720,downloaded,extracted_empty,extracted_empty,replays/round10_b1_herd_safe_submission_56509493/episode_112698051.json,logs/round10_b1_herd_safe_submission_56509493/episode_112698051/agent_0_observation_logs.json,,0,55451086,811.0005247607407,927.2940997578486,836.0089920449848,26499.0
112699185,828372367,6,120,0,2.0,1.0,"[[0, []], [72, [""PIZZA_SHOP""]], [144, [""PIZZA_SHOP"", ""FARMERS_MARKET""]], [216, [""PIZZA_SHOP"", ""FARMERS_MARKET"", ""FARMERS_MARKET""]], [288, [""PIZZA_SHOP"", ""FARMERS_MARKET"", ""FARMERS_MARKET"", ""ICE_CREAM_SHOP""]], [360, [""PIZZA_SHOP"", ""FARMERS_MARKET"", ""FARMERS_MARKET"", ""ICE_CREAM_SHOP"", ""BRUNCH_SPOT""]], [432, [""PIZZA_SHOP"", ""FARMERS_MARKET"", ""FARMERS_MARKET"", ""ICE_CREAM_SHOP"", ""BRUNCH_SPOT"", ""ICE_CREAM_SHOP""]], [504, [""PIZZA_SHOP"", ""FARMERS_MARKET"", ""FARMERS_MARKET"", ""ICE_CREAM_SHOP"", ""BRUNCH_SPOT"", ""ICE_CREAM_SHOP"", ""BAKERY""]], [576, [""PIZZA_SHOP"", ""FARMERS_MARKET"", ""FARMERS_MARKET"", ""ICE_CREAM_SHOP"", ""BRUNCH_SPOT"", ""ICE_CREAM_SHOP"", ""BAKERY"", ""FARMERS_MARKET""]]]",542,916,509,211,904,14,108,249,405,1177,326,368,653,521,49,5.0,38,127,378,1236,929,339,1098,14,26,131,308,851,319,318,857,338,80.0,,25,107,2026-09-24T02:56:44.785726200Z,2026-09-24T03:02:00.129348600Z,COMPLETED,EPISODE_TYPE_PUBLIC,55245841,56509493,694.4069500875619,1003.5383076781628,693.2858918248862,1040.1442917655306,56509493,COMPLETED,1,,rsraki,Mounika Kommireddy,win,139881.0,83324.0,720,downloaded,extracted_empty,extracted_empty,replays/round10_b1_herd_safe_submission_56509493/episode_112699185.json,logs/round10_b1_herd_safe_submission_56509493/episode_112699185/agent_1_observation_logs.json,,1,55245841,1003.5383076781628,1040.1442917655306,694.4069500875619,56557.0
112700362,1956154957,5,173,2,1.0,1.0,"[[0, []], [72, [""SMOOTHIE_SHOP""]], [144, [""SMOOTHIE_SHOP"", ""PET_CAFE""]], [216, [""SMOOTHIE_SHOP"", ""PET_CAFE"", ""FARMERS_MARKET""]], [288, [""SMOOTHIE_SHOP"", ""PET_CAFE"", ""FARMERS_MARKET"", ""BRUNCH_SPOT""]], [360, [""SMOOTHIE_SHOP"", ""PET_CAFE"", ""FARMERS_MARKET"", ""BRUNCH_SPOT"", ""YARN_STORE""]], [432, [""SMOOTHIE_SHOP"", ""PET_CAFE"", ""FARMERS_MARKET"", ""BRUNCH_SPOT"", ""YARN_STORE"", ""ICE_CREAM_SHOP""]], [504, [""SMOOTHIE_SHOP"", ""PET_CAFE"", ""FARMERS_MARKET"", ""BRUNCH_SPOT"", ""YARN_STORE"", ""ICE_CREAM_SHOP"", ""BRUNCH_SPOT""]], [576, [""SMOOTHIE_SHOP"", ""PET_CAFE"", ""FARMERS_MARKET"", ""BRUNCH_SPOT"", ""YARN_STORE"", ""ICE_CREAM_SHOP"", ""BRUNCH_SPOT"", ""YARN_STORE""]]]",453,920,499,208,872,14,99,239,404,1099,323,375,587,483,52,5.0,38,118,667,1006,624,129,1046,14,55,187,318,947,321,306,809,394,10.0,,17,64,2026-09-24T03:00:49.149085800Z,2026-09-24T03:02:51.456818900Z,COMPLETED,EPISODE_TYPE_PUBLIC,56509493,55607539,1040.1442917655306,989.8917317024318,1134.5374796111282,987.0009403246604,56509493,COMPLETED,0,,rsraki,sokoranohimazin,win,118308.0,84612.0,720,downloaded,extracted_empty,extracted_empty,replays/round10_b1_herd_safe_submission_56509493/episode_112700362.json,logs/round10_b1_herd_safe_submission_56509493/episode_112700362/agent_0_observation_logs.json,,0,55607539,1040.1442917655306,1134.5374796111282,989.8917317024318,33696.0
112701496,716390917,715,692,689,497.0,92.0,"[[0, []], [72, [""FARMERS_MARKET""]], [144, [""FARMERS_MARKET"", ""BRUNCH_SPOT""]], [216, [""FARMERS_MARKET"", ""BRUNCH_SPOT"", ""PET_CAFE""]], [288, [""FARMERS_MARKET"", ""BRUNCH_SPOT"", ""PET_CAFE"", ""BRUNCH_SPOT""]], [360, [""FARMERS_MARKET"", ""BRUNCH_SPOT"", ""PET_CAFE"", ""BRUNCH_SPOT"", ""YARN_STORE""]], [432, [""FARMERS_MARKET"", ""BRUNCH_SPOT"", ""PET_CAFE"", ""BRUNCH_SPOT"", ""YARN_STORE"", ""BRUNCH_SPOT""]], [504, [""FARMERS_MARKET"", ""BRUNCH_SPOT"", ""PET_CAFE"", ""BRUNCH_SPOT"", ""YARN_STORE"", ""BRUNCH_SPOT"", ""PET_CAFE""]], [576, [""FARMERS_MARKET"", ""BRUNCH_SPOT"", ""PET_CAFE"", ""BRUNCH_SPOT"", ""YARN_STORE"", ""BRUNCH_SPOT"", ""PET_CAFE"", ""BRUNCH_SPOT""]]]",458,923,504,209,879,12,98,239,407,1103,310,368,588,492,53,7.0,36,123,454,923,504,209,879,12,98,239,407,1103,310,368,588,492,53.0,7.0,36,127,2026-09-24T03:04:55.579349300Z,2026-09-24T03:08:44.654382300Z,COMPLETED,EPISODE_TYPE_PUBLIC,56509493,56509298,1198.498168923115,1232.8908683449424,1295.9842390748413,1135.404798193216,56509493,COMPLETED,0,,rsraki,Vlad Kochetov,win,99687.0,99344.0,720,downloaded,extracted_empty,extracted_empty,replays/round10_b1_herd_safe_submission_56509493/episode_112701496.json,logs/round10_b1_herd_safe_submission_56509493/episode_112701496/agent_0_observation_logs.json,,0,56509298,1198.498168923115,1295.9842390748413,1232.8908683449424,343.0
112701506,410602831,3,185,0,2.0,1.0,"[[0, []], [72, [""SMOOTHIE_SHOP""]], [144, [""SMOOTHIE_SHOP"", ""BRUNCH_SPOT""]], [216, [""SMOOTHIE_SHOP"", ""BRUNCH_SPOT"", ""ICE_CREAM_SHOP""]], [288, [""SMOOTHIE_SHOP"", ""BRUNCH_SPOT"", ""ICE_CREAM_SHOP"", ""SMOOTHIE_SHOP""]], [360, [""SMOOTHIE_SHOP"", ""BRUNCH_SPOT"", ""ICE_CREAM_SHOP"", ""SMOOTHIE_SHOP"", ""PIZZA_SHOP""]], [432, [""SMOOTHIE_SHOP"", ""BRUNCH_SPOT"", ""ICE_CREAM_SHOP"", ""SMOOTHIE_SHOP"", ""PIZZA_SHOP"", ""PIZZA_SHOP""]], [504, [""SMOOTHIE_SHOP"", ""BRUNCH_SPOT"", ""ICE_CREAM_SHOP"", ""SMOOTHIE_SHOP"", ""PIZZA_SHOP"", ""PIZZA_SHOP"", ""YARN_STORE""]], [576, [""SMOOTHIE_SHOP"", ""BRUNCH_SPOT"", ""ICE_CREAM_SHOP"", ""SMOOTHIE_SHOP"", ""PIZZA_SHOP"", ""PIZZA_SHOP"", ""YARN_STORE"", ""YARN_STORE""]]]",433,907,492,205,862,14,99,239,404,1097,341,373,580,482,52,5.0,38,100,937,847,560,134,823,13,41,199,285,1010,290,293,659,390,58.0,,41,72,2026-09-24T03:04:55.631799300Z,2026-09-24T03:08:11.633495300Z,COMPLETED,EPISODE_TYPE_PUBLIC,56509493,55777301,1134.5374796111282,964.3039950834326,1198.498168923115,962.345198973253,56509493,COMPLETED,0,,rsraki,Harish K,win,156189.0,136532.0,720,downloaded,extracted_empty,extracted_empty,replays/round10_b1_herd_safe_submission_56509493/episode_112701506.json,logs/round10_b1_herd_safe_submission_56509493/episode_112701506/agent_0_observation_logs.json,,0,55777301,1134.5374796111282,1198.498168923115,964.3039950834326,19657.0
112702653,748137612,27,219,5,3.0,1.0,"[[0, []], [72, [""SMOOTHIE_SHOP""]], [144, [""SMOOTHIE_SHOP"", ""SMOOTHIE_SHOP""]], [216, [""SMOOTHIE_SHOP"", ""SMOOTHIE_SHOP"", ""BAKERY""]], [288, [""SMOOTHIE_SHOP"", ""SMOOTHIE_SHOP"", ""BAKERY"", ""BAKERY""]], [360, [""SMOOTHIE_SHOP"", ""SMOOTHIE_SHOP"", ""BAKERY"", ""BAKERY"", ""FARMERS_MARKET""]], [432, [""SMOOTHIE_SHOP"", ""SMOOTHIE_SHOP"", ""BAKERY"", ""BAKERY"", ""FARMERS_MARKET"", ""ICE_CREAM_SHOP""]], [504, [""SMOOTHIE_SHOP"", ""SMOOTHIE_SHOP"", ""BAKERY"", ""BAKERY"", ""FARMERS_MARKET"", ""ICE_CREAM_SHOP"", ""BRUNCH_SPOT""]], [576, [""SMOOTHIE_SHOP"", ""SMOOTHIE_SHOP"", ""BAKERY"", ""BAKERY"", ""FARMERS_MARKET"", ""ICE_CREAM_SHOP"", ""BRUNCH_SPOT"", ""FARMERS_MARKET""]]]",449,921,494,208,873,14,99,239,404,1098,333,373,588,482,52,5.0,38,118,707,931,559,146,894,17,109,239,399,1101,384,376,601,459,16.0,2.0,36,61,2026-09-24T03:08:55.976125200Z,2026-09-24T03:11:51.050598500Z,COMPLETED,EPISODE_TYPE_PUBLIC,56483261,56509493,1232.4487625925974,1295.9842390748413,1229.4566493755865,1386.6846083729713,56509493,COMPLETED,1,,rsraki,Pranav Thota,win,121751.0,99260.0,720,downloaded,extracted_empty,extracted_empty,replays/round10_b1_herd_safe_submission_56509493/episode_112702653.json,logs/round10_b1_herd_safe_submission_56509493/episode_112702653/agent_1_observation_logs.json,,1,56483261,1295.9842390748413,1386.6846083729713,1232.4487625925974,22491.0
112703812,1626506321,364,276,192,3.0,1.0,"[[0, []], [72, [""FARMERS_MARKET""]], [144, [""FARMERS_MARKET"", ""SMOOTHIE_SHOP""]], [216, [""FARMERS_MARKET"", ""SMOOTHIE_SHOP"", ""YARN_STORE""]], [288, [""FARMERS_MARKET"", ""SMOOTHIE_SHOP"", ""YARN_STORE"", ""PIZZA_SHOP""]], [360, [""FARMERS_MARKET"", ""SMOOTHIE_SHOP"", ""YARN_STORE"", ""PIZZA_SHOP"", ""BAKERY""]], [432, [""FARMERS_MARKET"", ""SMOOTHIE_SHOP"", ""YARN_STORE"", ""PIZZA_SHOP"", ""BAKERY"", ""YARN_STORE""]], [504, [""FARMERS_MARKET"", ""SMOOTHIE_SHOP"", ""YARN_STORE"", ""PIZZA_SHOP"", ""BAKERY"", ""YARN_STORE"", ""SMOOTHIE_SHOP""]], [576, [""FARMERS_MARKET"", ""SMOOTHIE_SHOP"", ""YARN_STORE"", ""PIZZA_SHOP"", ""BAKERY"", ""YARN_STORE"", ""SMOOTHIE_SHOP"", ""BRUNCH_SPOT""]]]",452,923,498,209,882,19,99,239,404,1097,328,379,588,477,52,,38,125,479,930,495,202,872,14,96,239,389,1095,372,388,583,480,48.0,5.0,35,61,2026-09-24T03:12:45.024997700Z,2026-09-24T03:16:21.323936300Z,COMPLETED,EPISODE_TYPE_PUBLIC,56299117,56509493,1400.557700612794,1386.6846083729713,1397.099227203916,1499.614352336325,56509493,COMPLETED,1,,rsraki,baojidehuangmao,win,109986.0,97581.0,720,downloaded,extracted_empty,extracted_empty,replays/round10_b1_herd_safe_submission_56509493/episode_112703812.json,logs/round10_b1_herd_safe_submission_56509493/episode_112703812/agent_1_observation_logs.json,,1,56299117,1386.6846083729713,1499.614352336325,1400.557700612794,12405.0
112704959,237439820,683,500,476,3.0,1.0,"[[0, []], [72, [""PIZZA_SHOP""]], [144, [""PIZZA_SHOP"", ""BRUNCH_SPOT""]], [216, [""PIZZA_SHOP"", ""BRUNCH_SPOT"", ""ICE_CREAM_SHOP""]], [288, [""PIZZA_SHOP"", ""BRUNCH_SPOT"", ""ICE_CREAM_SHOP"", ""BAKERY""]], [360, [""PIZZA_SHOP"", ""BRUNCH_SPOT"", ""ICE_CREAM_SHOP"", ""BAKERY"", ""YARN_STORE""]], [432, [""PIZZA_SHOP"", ""BRUNCH_SPOT"", ""ICE_CREAM_SHOP"", ""BAKERY"", ""YARN_STORE"", ""FARMERS_MARKET""]], [504, [""PIZZA_SHOP"", ""BRUNCH_SPOT"", ""ICE_CREAM_SHOP"", ""BAKERY"", ""YARN_STORE"", ""FARMERS_MARKET"", ""YARN_STORE""]], [576, [""PIZZA_SHOP"", ""BRUNCH_SPOT"", ""ICE_CREAM_SHOP"", ""BAKERY"", ""YARN_STORE"", ""FARMERS_MARKET"", ""YARN_STORE"", ""PET_CAFE""]]]",455,923,499,209,880,14,99,239,405,1098,325,373,589,481,52,5.0,38,124,468,923,499,209,874,14,99,238,405,1099,325,377,585,476,51.0,5.0,38,123,2026-09-24T03:16:43.339258Z,2026-09-24T03:19:24.443950200Z,COMPLETED,EPISODE_TYPE_PUBLIC,56509493,56473574,1499.614352336325,1601.6867048953036,1640.261766126521,1597.3793778479787,56509493,COMPLETED,0,,rsraki,ゴロ・イ,win,93185.0,91134.0,720,downloaded,extracted_empty,extracted_empty,replays/round10_b1_herd_safe_submission_56509493/episode_112704959.json,logs/round10_b1_herd_safe_submission_56509493/episode_112704959/agent_0_observation_logs.json,,0,56473574,1499.614352336325,1640.261766126521,1601.6867048953036,2051.0
112706103,1487817191,626,514,458,3.0,1.0,"[[0, []], [72, [""PIZZA_SHOP""]], [144, [""PIZZA_SHOP"", ""FARMERS_MARKET""]], [216, [""PIZZA_SHOP"", ""FARMERS_MARKET"", ""BRUNCH_SPOT""]], [288, [""PIZZA_SHOP"", ""FARMERS_MARKET"", ""BRUNCH_SPOT"", ""BAKERY""]], [360, [""PIZZA_SHOP"", ""FARMERS_MARKET"", ""BRUNCH_SPOT"", ""BAKERY"", ""PIZZA_SHOP""]], [432, [""PIZZA_SHOP"", ""FARMERS_MARKET"", ""BRUNCH_SPOT"", ""BAKERY"", ""PIZZA_SHOP"", ""BAKERY""]], [504, [""PIZZA_SHOP"", ""FARMERS_MARKET"", ""BRUNCH_SPOT"", ""BAKERY"", ""PIZZA_SHOP"", ""BAKERY"", ""BRUNCH_SPOT""]], [576, [""PIZZA_SHOP"", ""FARMERS_MARKET"", ""BRUNCH_SPOT"", ""BAKERY"", ""PIZZA_SHOP"", ""BAKERY"", ""BRUNCH_SPOT"", ""ICE_CREAM_SHOP""]]]",581,917,514,212,908,14,108,249,405,1178,288,370,655,519,49,5.0,38,133,600,916,513,211,910,14,108,248,405,1211,288,372,663,516,48.0,5.0,38,122,2026-09-24T03:20:45.188912900Z,2026-09-24T03:25:16.515121900Z,COMPLETED,EPISODE_TYPE_PUBLIC,56482583,56509493,1769.145622120249,1640.261766126521,1764.5662469503343,1789.7923839196485,56509493,COMPLETED,1,,rsraki,Yujin Cha,win,79464.0,76300.0,720,downloaded,extracted_empty,extracted_empty,replays/round10_b1_herd_safe_submission_56509493/episode_112706103.json,logs/round10_b1_herd_safe_submission_56509493/episode_112706103/agent_1_observation_logs.json,,1,56482583,1640.261766126521,1789.7923839196485,1769.145622120249,3164.0
112707248,1484362487,688,498,471,3.0,1.0,"[[0, []], [72, [""PIZZA_SHOP""]], [144, [""PIZZA_SHOP"", ""BAKERY""]], [216, [""PIZZA_SHOP"", ""BAKERY"", ""SMOOTHIE_SHOP""]], [288, [""PIZZA_SHOP"", ""BAKERY"", ""SMOOTHIE_SHOP"", ""YARN_STORE""]], [360, [""PIZZA_SHOP"", ""BAKERY"", ""SMOOTHIE_SHOP"", ""YARN_STORE"", ""SMOOTHIE_SHOP""]], [432, [""PIZZA_SHOP"", ""BAKERY"", ""SMOOTHIE_SHOP"", ""YARN_STORE"", ""SMOOTHIE_SHOP"", ""YARN_STORE""]], [504, [""PIZZA_SHOP"", ""BAKERY"", ""SMOOTHIE_SHOP"", ""YARN_STORE"", ""SMOOTHIE_SHOP"", ""YARN_STORE"", ""YARN_STORE""]], [576, [""PIZZA_SHOP"", ""BAKERY"", ""SMOOTHIE_SHOP"", ""YARN_STORE"", ""SMOOTHIE_SHOP"", ""YARN_STORE"", ""YARN_STORE"", ""ICE_CREAM_SHOP""]]]",420,923,494,208,874,14,99,239,404,1098,359,373,586,482,52,5.0,38,118,434,923,494,208,868,14,99,238,405,1101,359,375,582,478,51.0,5.0,38,114,2026-09-24T03:24:43.016242500Z,2026-09-24T03:27:29.409988700Z,COMPLETED,EPISODE_TYPE_PUBLIC,56509493,56267101,1789.7923839196485,1608.0476925531648,1851.152043788286,1606.1685529696877,56509493,COMPLETED,0,,rsraki,Hongbin Gu,win,94187.0,91154.0,720,downloaded,extracted_empty,extracted_empty,replays/round10_b1_herd_safe_submission_56509493/episode_112707248.json,logs/round10_b1_herd_safe_submission_56509493/episode_112707248/agent_0_observation_logs.json,,0,56267101,1789.7923839196485,1851.152043788286,1608.0476925531648,3033.0
112708388,198616152,627,595,523,3.0,1.0,"[[0, []], [72, [""FARMERS_MARKET""]], [144, [""FARMERS_MARKET"", ""BRUNCH_SPOT""]], [216, [""FARMERS_MARKET"", ""BRUNCH_SPOT"", ""PIZZA_SHOP""]], [288, [""FARMERS_MARKET"", ""BRUNCH_SPOT"", ""PIZZA_SHOP"", ""PIZZA_SHOP""]], [360, [""FARMERS_MARKET"", ""BRUNCH_SPOT"", ""PIZZA_SHOP"", ""PIZZA_SHOP"", ""PET_CAFE""]], [432, [""FARMERS_MARKET"", ""BRUNCH_SPOT"", ""PIZZA_SHOP"", ""PIZZA_SHOP"", ""PET_CAFE"", ""BAKERY""]], [504, [""FARMERS_MARKET"", ""BRUNCH_SPOT"", ""PIZZA_SHOP"", ""PIZZA_SHOP"", ""PET_CAFE"", ""BAKERY"", ""FARMERS_MARKET""]], [576, [""FARMERS_MARKET"", ""BRUNCH_SPOT"", ""PIZZA_SHOP"", ""PIZZA_SHOP"", ""PET_CAFE"", ""BAKERY"", ""FARMERS_MARKET"", ""YARN_STORE""]]]",537,919,514,212,910,12,108,249,409,1181,321,361,655,530,50,7.0,36,132,556,918,513,211,912,12,108,249,409,1207,321,362,663,527,49.0,7.0,36,128,2026-09-24T03:28:42.881922Z,2026-09-24T03:30:47.990526300Z,COMPLETED,EPISODE_TYPE_PUBLIC,56364304,56509493,1908.0005905595176,1851.152043788286,1904.1377333056369,1977.2861582007229,56509493,COMPLETED,1,,rsraki,renta.k,win,90034.0,88131.0,720,downloaded,extracted_empty,extracted_empty,replays/round10_b1_herd_safe_submission_56509493/episode_112708388.json,logs/round10_b1_herd_safe_submission_56509493/episode_112708388/agent_1_observation_logs.json,,1,56364304,1851.152043788286,1977.2861582007229,1908.0005905595176,1903.0
112709526,299503327,663,563,535,3.0,1.0,"[[0, []], [72, [""FARMERS_MARKET""]], [144, [""FARMERS_MARKET"", ""PET_CAFE""]], [216, [""FARMERS_MARKET"", ""PET_CAFE"", ""SMOOTHIE_SHOP""]], [288, [""FARMERS_MARKET"", ""PET_CAFE"", ""SMOOTHIE_SHOP"", ""FARMERS_MARKET""]], [360, [""FARMERS_MARKET"", ""PET_CAFE"", ""SMOOTHIE_SHOP"", ""FARMERS_MARKET"", ""ICE_CREAM_SHOP""]], [432, [""FARMERS_MARKET"", ""PET_CAFE"", ""SMOOTHIE_SHOP"", ""FARMERS_MARKET"", ""ICE_CREAM_SHOP"", ""PIZZA_SHOP""]], [504, [""FARMERS_MARKET"", ""PET_CAFE"", ""SMOOTHIE_SHOP"", ""FARMERS_MARKET"", ""ICE_CREAM_SHOP"", ""PIZZA_SHOP"", ""FARMERS_MARKET""]], [576, [""FARMERS_MARKET"", ""PET_CAFE"", ""SMOOTHIE_SHOP"", ""FARMERS_MARKET"", ""ICE_CREAM_SHOP"", ""PIZZA_SHOP"", ""FARMERS_MARKET"", ""SMOOTHIE_SHOP""]]]",539,919,508,211,904,12,106,249,406,1178,318,364,656,529,51,7.0,37,128,551,916,504,210,893,12,106,249,406,1174,318,366,652,525,50.0,7.0,37,125,2026-09-24T03:32:44.354952700Z,2026-09-24T03:36:53.029768200Z,COMPLETED,EPISODE_TYPE_PUBLIC,56473352,56509493,1873.5965337706375,1977.2861582007229,1871.1430259517524,2057.4006992255518,56509493,COMPLETED,1,,rsraki,Anaconda,win,112027.0,110103.0,720,downloaded,extracted_empty,extracted_empty,replays/round10_b1_herd_safe_submission_56509493/episode_112709526.json,logs/round10_b1_herd_safe_submission_56509493/episode_112709526/agent_1_observation_logs.json,,1,56473352,1977.2861582007229,2057.4006992255518,1873.5965337706375,1924.0
112710679,39303332,719,668,668,,1.0,"[[0, []], [72, [""ICE_CREAM_SHOP""]], [144, [""ICE_CREAM_SHOP"", ""FARMERS_MARKET""]], [216, [""ICE_CREAM_SHOP"", ""FARMERS_MARKET"", ""BAKERY""]], [288, [""ICE_CREAM_SHOP"", ""FARMERS_MARKET"", ""BAKERY"", ""PIZZA_SHOP""]], [360, [""ICE_CREAM_SHOP"", ""FARMERS_MARKET"", ""BAKERY"", ""PIZZA_SHOP"", ""BAKERY""]], [432, [""ICE_CREAM_SHOP"", ""FARMERS_MARKET"", ""BAKERY"", ""PIZZA_SHOP"", ""BAKERY"", ""PIZZA_SHOP""]], [504, [""ICE_CREAM_SHOP"", ""FARMERS_MARKET"", ""BAKERY"", ""PIZZA_SHOP"", ""BAKERY"", ""PIZZA_SHOP"", ""SMOOTHIE_SHOP""]], [576, [""ICE_CREAM_SHOP"", ""FARMERS_MARKET"", ""BAKERY"", ""PIZZA_SHOP"", ""BAKERY"", ""PIZZA_SHOP"", ""SMOOTHIE_SHOP"", ""PET_CAFE""]]]",545,917,514,212,908,14,108,249,405,1178,323,368,655,521,49,5.0,38,134,545,917,514,212,908,14,108,249,405,1178,323,368,655,521,49.0,5.0,38,134,2026-09-24T03:36:45.937839600Z,2026-09-24T03:39:25.909930100Z,COMPLETED,EPISODE_TYPE_PUBLIC,56441142,56509493,2202.1101225978305,2057.4006992255518,2197.3673470235194,2212.266840427548,56509493,COMPLETED,1,,rsraki,Yixuan Yang,win,86561.0,85855.0,720,downloaded,extracted_empty,extracted_empty,replays/round10_b1_herd_safe_submission_56509493/episode_112710679.json,logs/round10_b1_herd_safe_submission_56509493/episode_112710679/agent_1_observation_logs.json,,1,56441142,2057.4006992255518,2212.266840427548,2202.1101225978305,706.0
112711880,1423599676,711,708,701,185.0,1.0,"[[0, []], [72, [""ICE_CREAM_SHOP""]], [144, [""ICE_CREAM_SHOP"", ""YARN_STORE""]], [216, [""ICE_CREAM_SHOP"", ""YARN_STORE"", ""PET_CAFE""]], [288, [""ICE_CREAM_SHOP"", ""YARN_STORE"", ""PET_CAFE"", ""ICE_CREAM_SHOP""]], [360, [""ICE_CREAM_SHOP"", ""YARN_STORE"", ""PET_CAFE"", ""ICE_CREAM_SHOP"", ""PET_CAFE""]], [432, [""ICE_CREAM_SHOP"", ""YARN_STORE"", ""PET_CAFE"", ""ICE_CREAM_SHOP"", ""PET_CAFE"", ""ICE_CREAM_SHOP""]], [504, [""ICE_CREAM_SHOP"", ""YARN_STORE"", ""PET_CAFE"", ""ICE_CREAM_SHOP"", ""PET_CAFE"", ""ICE_CREAM_SHOP"", ""ICE_CREAM_SHOP""]], [576, [""ICE_CREAM_SHOP"", ""YARN_STORE"", ""PET_CAFE"", ""ICE_CREAM_SHOP"", ""PET_CAFE"", ""ICE_CREAM_SHOP"", ""ICE_CREAM_SHOP"", ""PIZZA_SHOP""]]]",673,941,583,157,909,17,110,239,397,1095,348,379,624,469,30,2.0,37,108,673,939,581,157,911,17,112,239,397,1095,348,377,626,471,29.0,2.0,36,108,2026-09-24T03:40:47.178791600Z,2026-09-24T03:45:18.222187500Z,COMPLETED,EPISODE_TYPE_PUBLIC,56488428,56509493,2252.062620352585,2212.266840427548,2248.218146942577,2319.676719984706,56509493,COMPLETED,1,,rsraki,Chanhyuk Han,win,107564.0,107505.0,720,downloaded,extracted_empty,extracted_empty,replays/round10_b1_herd_safe_submission_56509493/episode_112711880.json,logs/round10_b1_herd_safe_submission_56509493/episode_112711880/agent_1_observation_logs.json,,1,56488428,2212.266840427548,2319.676719984706,2252.062620352585,59.0
112713015,243930834,719,701,701,,1.0,"[[0, []], [72, [""SMOOTHIE_SHOP""]], [144, [""SMOOTHIE_SHOP"", ""SMOOTHIE_SHOP""]], [216, [""SMOOTHIE_SHOP"", ""SMOOTHIE_SHOP"", ""SMOOTHIE_SHOP""]], [288, [""SMOOTHIE_SHOP"", ""SMOOTHIE_SHOP"", ""SMOOTHIE_SHOP"", ""PIZZA_SHOP""]], [360, [""SMOOTHIE_SHOP"", ""SMOOTHIE_SHOP"", ""SMOOTHIE_SHOP"", ""PIZZA_SHOP"", ""SMOOTHIE_SHOP""]], [432, [""SMOOTHIE_SHOP"", ""SMOOTHIE_SHOP"", ""SMOOTHIE_SHOP"", ""PIZZA_SHOP"", ""SMOOTHIE_SHOP"", ""PET_CAFE""]], [504, [""SMOOTHIE_SHOP"", ""SMOOTHIE_SHOP"", ""SMOOTHIE_SHOP"", ""PIZZA_SHOP"", ""SMOOTHIE_SHOP"", ""PET_CAFE"", ""BRUNCH_SPOT""]], [576, [""SMOOTHIE_SHOP"", ""SMOOTHIE_SHOP"", ""SMOOTHIE_SHOP"", ""PIZZA_SHOP"", ""SMOOTHIE_SHOP"", ""PET_CAFE"", ""BRUNCH_SPOT"", ""PIZZA_SHOP""]]]",441,912,494,206,863,19,99,239,404,1099,333,379,584,478,53,,37,105,441,912,494,206,863,19,99,239,404,1099,333,379,584,478,53.0,,37,105,2026-09-24T03:44:44.995933Z,2026-09-24T03:46:27.343860400Z,COMPLETED,EPISODE_TYPE_PUBLIC,56509493,56452785,2319.676719984706,2270.999409500981,2392.333689818612,2267.9196590495444,56509493,COMPLETED,0,,rsraki,Wills Cui,win,151331.0,150924.0,720,downloaded,extracted_empty,extracted_empty,replays/round10_b1_herd_safe_submission_56509493/episode_112713015.json,logs/round10_b1_herd_safe_submission_56509493/episode_112713015/agent_0_observation_logs.json,,0,56452785,2319.676719984706,2392.333689818612,2270.999409500981,407.0
112713547,281972772,719,696,696,,411.0,"[[0, []], [72, [""BAKERY""]], [144, [""BAKERY"", ""YARN_STORE""]], [216, [""BAKERY"", ""YARN_STORE"", ""PIZZA_SHOP""]], [288, [""BAKERY"", ""YARN_STORE"", ""PIZZA_SHOP"", ""ICE_CREAM_SHOP""]], [360, [""BAKERY"", ""YARN_STORE"", ""PIZZA_SHOP"", ""ICE_CREAM_SHOP"", ""BAKERY""]], [432, [""BAKERY"", ""YARN_STORE"", ""PIZZA_SHOP"", ""ICE_CREAM_SHOP"", ""BAKERY"", ""YARN_STORE""]], [504, [""BAKERY"", ""YARN_STORE"", ""PIZZA_SHOP"", ""ICE_CREAM_SHOP"", ""BAKERY"", ""YARN_STORE"", ""PIZZA_SHOP""]], [576, [""BAKERY"", ""YARN_STORE"", ""PIZZA_SHOP"", ""ICE_CREAM_SHOP"", ""BAKERY"", ""YARN_STORE"", ""PIZZA_SHOP"", ""FARMERS_MARKET""]]]",672,945,583,157,907,17,110,239,397,1096,361,379,618,462,30,2.0,36,106,672,945,583,157,907,17,110,239,397,1096,361,379,618,462,30.0,2.0,36,106,2026-09-24T03:44:46.074550Z,2026-09-24T03:47:54.117029700Z,COMPLETED,EPISODE_TYPE_PUBLIC,56507190,56509493,2221.245733212917,2392.333689818612,2229.588446063234,2279.6057313941583,56509493,COMPLETED,1,,rsraki,Ahmed Mostafa #2,loss,74989.0,75721.0,720,downloaded,extracted_empty,extracted_empty,replays/round10_b1_herd_safe_submission_56509493/episode_112713547.json,logs/round10_b1_herd_safe_submission_56509493/episode_112713547/agent_1_observation_logs.json,,1,56507190,2392.333689818612,2279.6057313941583,2221.245733212917,-732.0
112714306,525138817,551,521,436,187.0,1.0,"[[0, []], [72, [""FARMERS_MARKET""]], [144, [""FARMERS_MARKET"", ""SMOOTHIE_SHOP""]], [216, [""FARMERS_MARKET"", ""SMOOTHIE_SHOP"", ""PET_CAFE""]], [288, [""FARMERS_MARKET"", ""SMOOTHIE_SHOP"", ""PET_CAFE"", ""BAKERY""]], [360, [""FARMERS_MARKET"", ""SMOOTHIE_SHOP"", ""PET_CAFE"", ""BAKERY"", ""PIZZA_SHOP""]], [432, [""FARMERS_MARKET"", ""SMOOTHIE_SHOP"", ""PET_CAFE"", ""BAKERY"", ""PIZZA_SHOP"", ""YARN_STORE""]], [504, [""FARMERS_MARKET"", ""SMOOTHIE_SHOP"", ""PET_CAFE"", ""BAKERY"", ""PIZZA_SHOP"", ""YARN_STORE"", ""PET_CAFE""]], [576, [""FARMERS_MARKET"", ""SMOOTHIE_SHOP"", ""PET_CAFE"", ""BAKERY"", ""PIZZA_SHOP"", ""YARN_STORE"", ""PET_CAFE"", ""YARN_STORE""]]]",469,920,499,208,872,14,99,239,404,1099,307,376,587,482,52,5.0,38,118,460,934,521,205,881,14,100,239,416,1106,306,370,598,483,48.0,5.0,37,113,2026-09-24T03:48:46.095182100Z,2026-09-24T03:51:36.600804600Z,COMPLETED,EPISODE_TYPE_PUBLIC,56490528,56509493,2234.7454601327213,2279.6057313941583,2231.4475085009194,2332.37295750299,56509493,COMPLETED,1,,rsraki,Fabian Friedland,win,83723.0,83570.0,720,downloaded,extracted_empty,extracted_empty,replays/round10_b1_herd_safe_submission_56509493/episode_112714306.json,logs/round10_b1_herd_safe_submission_56509493/episode_112714306/agent_1_observation_logs.json,,1,56490528,2279.6057313941583,2332.37295750299,2234.7454601327213,153.0
112715478,735539330,719,719,719,,,"[[0, []], [72, [""BAKERY""]], [144, [""BAKERY"", ""YARN_STORE""]], [216, [""BAKERY"", ""YARN_STORE"", ""YARN_STORE""]], [288, [""BAKERY"", ""YARN_STORE"", ""YARN_STORE"", ""BAKERY""]], [360, [""BAKERY"", ""YARN_STORE"", ""YARN_STORE"", ""BAKERY"", ""FARMERS_MARKET""]], [432, [""BAKERY"", ""YARN_STORE"", ""YARN_STORE"", ""BAKERY"", ""FARMERS_MARKET"", ""YARN_STORE""]], [504, [""BAKERY"", ""YARN_STORE"", ""YARN_STORE"", ""BAKERY"", ""FARMERS_MARKET"", ""YARN_STORE"", ""YARN_STORE""]], [576, [""BAKERY"", ""YARN_STORE"", ""YARN_STORE"", ""BAKERY"", ""FARMERS_MARKET"", ""YARN_STORE"", ""YARN_STORE"", ""FARMERS_MARKET""]]]",751,957,611,181,917,23,137,239,500,1096,437,439,677,495,25,2.0,36,96,751,957,611,181,917,23,137,239,500,1096,437,439,677,495,25.0,2.0,36,96,2026-09-24T03:52:49.620295500Z,2026-09-24T03:57:18.118962Z,COMPLETED,EPISODE_TYPE_PUBLIC,56466062,56509493,2358.674739497837,2275.7912182619184,2356.9727752227964,2294.368755067422,56509493,COMPLETED,1,,rsraki,ml_gg,draw,105468.0,105468.0,720,downloaded,extracted_empty,extracted_empty,replays/round10_b1_herd_safe_submission_56509493/episode_112715478.json,logs/round10_b1_herd_safe_submission_56509493/episode_112715478/agent_1_observation_logs.json,,1,56466062,2275.7912182619184,2294.368755067422,2358.674739497837,0.0
112715910,704903415,712,672,668,186.0,351.0,"[[0, []], [72, [""BAKERY""]], [144, [""BAKERY"", ""ICE_CREAM_SHOP""]], [216, [""BAKERY"", ""ICE_CREAM_SHOP"", ""PET_CAFE""]], [288, [""BAKERY"", ""ICE_CREAM_SHOP"", ""PET_CAFE"", ""PET_CAFE""]], [360, [""BAKERY"", ""ICE_CREAM_SHOP"", ""PET_CAFE"", ""PET_CAFE"", ""BAKERY""]], [432, [""BAKERY"", ""ICE_CREAM_SHOP"", ""PET_CAFE"", ""PET_CAFE"", ""BAKERY"", ""FARMERS_MARKET""]], [504, [""BAKERY"", ""ICE_CREAM_SHOP"", ""PET_CAFE"", ""PET_CAFE"", ""BAKERY"", ""FARMERS_MARKET"", ""PIZZA_SHOP""]], [576, [""BAKERY"", ""ICE_CREAM_SHOP"", ""PET_CAFE"", ""PET_CAFE"", ""BAKERY"", ""FARMERS_MARKET"", ""PIZZA_SHOP"", ""FARMERS_MARKET""]]]",493,920,499,208,872,14,99,239,403,1099,284,376,587,482,52,5.0,38,118,494,920,499,208,872,14,99,238,404,1099,284,374,587,482,52.0,5.0,39,118,2026-09-24T03:52:50.356206300Z,2026-09-24T03:55:26.935927500Z,COMPLETED,EPISODE_TYPE_PUBLIC,56506843,56509493,2300.9420208644665,2332.37295750299,2306.997525670937,2275.7912182619184,56509493,COMPLETED,1,,rsraki,Seva Gusev,loss,62319.0,62322.0,720,downloaded,extracted_empty,extracted_empty,replays/round10_b1_herd_safe_submission_56509493/episode_112715910.json,logs/round10_b1_herd_safe_submission_56509493/episode_112715910/agent_1_observation_logs.json,,1,56506843,2332.37295750299,2275.7912182619184,2300.9420208644665,-3.0
112716679,1240191080,713,712,708,626.0,634.0,"[[0, []], [72, [""ICE_CREAM_SHOP""]], [144, [""ICE_CREAM_SHOP"", ""BAKERY""]], [216, [""ICE_CREAM_SHOP"", ""BAKERY"", ""FARMERS_MARKET""]], [288, [""ICE_CREAM_SHOP"", ""BAKERY"", ""FARMERS_MARKET"", ""FARMERS_MARKET""]], [360, [""ICE_CREAM_SHOP"", ""BAKERY"", ""FARMERS_MARKET"", ""FARMERS_MARKET"", ""PET_CAFE""]], [432, [""ICE_CREAM_SHOP"", ""BAKERY"", ""FARMERS_MARKET"", ""FARMERS_MARKET"", ""PET_CAFE"", ""PIZZA_SHOP""]], [504, [""ICE_CREAM_SHOP"", ""BAKERY"", ""FARMERS_MARKET"", ""FARMERS_MARKET"", ""PET_CAFE"", ""PIZZA_SHOP"", ""BRUNCH_SPOT""]], [576, [""ICE_CREAM_SHOP"", ""BAKERY"", ""FARMERS_MARKET"", ""FARMERS_MARKET"", ""PET_CAFE"", ""PIZZA_SHOP"", ""BRUNCH_SPOT"", ""YARN_STORE""]]]",484,923,501,209,878,14,99,239,404,1100,294,376,588,481,52,5.0,38,124,485,923,501,209,878,14,99,239,405,1100,294,374,588,481,52.0,5.0,38,124,2026-09-24T03:56:44.289643600Z,2026-09-24T04:00:44.371450100Z,COMPLETED,EPISODE_TYPE_PUBLIC,56509493,56495332,2294.368755067422,2369.261339822845,2261.125209806411,2372.34563476732,56509493,COMPLETED,0,,rsraki,LIH.YUN,loss,91448.0,91664.0,720,downloaded,extracted_empty,extracted_empty,replays/round10_b1_herd_safe_submission_56509493/episode_112716679.json,logs/round10_b1_herd_safe_submission_56509493/episode_112716679/agent_0_observation_logs.json,,0,56495332,2294.368755067422,2261.125209806411,2369.261339822845,-216.0
112716680,1113948687,716,545,542,476.0,1.0,"[[0, []], [72, [""PIZZA_SHOP""]], [144, [""PIZZA_SHOP"", ""BRUNCH_SPOT""]], [216, [""PIZZA_SHOP"", ""BRUNCH_SPOT"", ""FARMERS_MARKET""]], [288, [""PIZZA_SHOP"", ""BRUNCH_SPOT"", ""FARMERS_MARKET"", ""YARN_STORE""]], [360, [""PIZZA_SHOP"", ""BRUNCH_SPOT"", ""FARMERS_MARKET"", ""YARN_STORE"", ""BAKERY""]], [432, [""PIZZA_SHOP"", ""BRUNCH_SPOT"", ""FARMERS_MARKET"", ""YARN_STORE"", ""BAKERY"", ""ICE_CREAM_SHOP""]], [504, [""PIZZA_SHOP"", ""BRUNCH_SPOT"", ""FARMERS_MARKET"", ""YARN_STORE"", ""BAKERY"", ""ICE_CREAM_SHOP"", ""FARMERS_MARKET""]], [576, [""PIZZA_SHOP"", ""BRUNCH_SPOT"", ""FARMERS_MARKET"", ""YARN_STORE"", ""BAKERY"", ""ICE_CREAM_SHOP"", ""FARMERS_MARKET"", ""PIZZA_SHOP""]]]",452,923,499,209,880,14,99,239,404,1098,329,373,589,482,52,5.0,38,124,452,923,499,209,880,14,99,239,405,1098,329,375,589,479,52.0,5.0,38,124,2026-09-24T03:56:44.289053600Z,2026-09-24T04:01:31.899723800Z,COMPLETED,EPISODE_TYPE_PUBLIC,56509493,56509401,2261.125209806411,2303.337835928134,2230.6754868036205,2340.1413127168385,56509493,COMPLETED,0,,rsraki,Justin Yang,loss,85584.0,88248.0,720,downloaded,extracted_empty,extracted_empty,replays/round10_b1_herd_safe_submission_56509493/episode_112716680.json,logs/round10_b1_herd_safe_submission_56509493/episode_112716680/agent_0_observation_logs.json,,0,56509401,2261.125209806411,2230.6754868036205,2303.337835928134,-2664.0
112717862,1981309468,704,693,680,146.0,1.0,"[[0, []], [72, [""YARN_STORE""]], [144, [""YARN_STORE"", ""ICE_CREAM_SHOP""]], [216, [""YARN_STORE"", ""ICE_CREAM_SHOP"", ""BAKERY""]], [288, [""YARN_STORE"", ""ICE_CREAM_SHOP"", ""BAKERY"", ""BRUNCH_SPOT""]], [360, [""YARN_STORE"", ""ICE_CREAM_SHOP"", ""BAKERY"", ""BRUNCH_SPOT"", ""ICE_CREAM_SHOP""]], [432, [""YARN_STORE"", ""ICE_CREAM_SHOP"", ""BAKERY"", ""BRUNCH_SPOT"", ""ICE_CREAM_SHOP"", ""SMOOTHIE_SHOP""]], [504, [""YARN_STORE"", ""ICE_CREAM_SHOP"", ""BAKERY"", ""BRUNCH_SPOT"", ""ICE_CREAM_SHOP"", ""SMOOTHIE_SHOP"", ""BRUNCH_SPOT""]], [576, [""YARN_STORE"", ""ICE_CREAM_SHOP"", ""BAKERY"", ""BRUNCH_SPOT"", ""ICE_CREAM_SHOP"", ""SMOOTHIE_SHOP"", ""BRUNCH_SPOT"", ""PET_CAFE""]]]",671,945,583,157,907,17,110,239,397,1096,362,379,618,462,30,2.0,36,106,654,943,581,157,909,17,112,239,411,1096,362,377,620,464,29.0,2.0,38,106,2026-09-24T04:00:47.468279500Z,2026-09-24T04:03:35.258607800Z,COMPLETED,EPISODE_TYPE_PUBLIC,56509493,56491805,2230.6754868036205,2220.75922331088,2264.4579891299195,2216.783670268805,56509493,COMPLETED,0,,rsraki,M0h4m3d-Byte,win,104632.0,103281.0,720,downloaded,extracted_empty,extracted_empty,replays/round10_b1_herd_safe_submission_56509493/episode_112717862.json,logs/round10_b1_herd_safe_submission_56509493/episode_112717862/agent_0_observation_logs.json,,0,56491805,2230.6754868036205,2264.4579891299195,2220.75922331088,1351.0
112719043,1490620457,699,599,590,424.0,1.0,"[[0, []], [72, [""FARMERS_MARKET""]], [144, [""FARMERS_MARKET"", ""ICE_CREAM_SHOP""]], [216, [""FARMERS_MARKET"", ""ICE_CREAM_SHOP"", ""PET_CAFE""]], [288, [""FARMERS_MARKET"", ""ICE_CREAM_SHOP"", ""PET_CAFE"", ""FARMERS_MARKET""]], [360, [""FARMERS_MARKET"", ""ICE_CREAM_SHOP"", ""PET_CAFE"", ""FARMERS_MARKET"", ""YARN_STORE""]], [432, [""FARMERS_MARKET"", ""ICE_CREAM_SHOP"", ""PET_CAFE"", ""FARMERS_MARKET"", ""YARN_STORE"", ""BAKERY""]], [504, [""FARMERS_MARKET"", ""ICE_CREAM_SHOP"", ""PET_CAFE"", ""FARMERS_MARKET"", ""YARN_STORE"", ""BAKERY"", ""FARMERS_MARKET""]], [576, [""FARMERS_MARKET"", ""ICE_CREAM_SHOP"", ""PET_CAFE"", ""FARMERS_MARKET"", ""YARN_STORE"", ""BAKERY"", ""FARMERS_MARKET"", ""BAKERY""]]]",466,920,499,208,873,14,99,239,403,1100,309,376,586,483,52,5.0,37,119,468,921,499,208,872,14,99,239,404,1100,309,375,586,482,52.0,5.0,37,118,2026-09-24T04:04:44.684937700Z,2026-09-24T04:07:36.804082500Z,COMPLETED,EPISODE_TYPE_PUBLIC,56496817,56509493,2335.0562511502817,2264.4579891299195,2338.271438617282,2240.290746734041,56509493,COMPLETED,1,,rsraki,おかゆん,loss,94796.0,96549.0,720,downloaded,extracted_empty,extracted_empty,replays/round10_b1_herd_safe_submission_56509493/episode_112719043.json,logs/round10_b1_herd_safe_submission_56509493/episode_112719043/agent_1_observation_logs.json,,1,56496817,2264.4579891299195,2240.290746734041,2335.0562511502817,-1753.0
112720203,264224269,609,597,564,187.0,1.0,"[[0, []], [72, [""PIZZA_SHOP""]], [144, [""PIZZA_SHOP"", ""SMOOTHIE_SHOP""]], [216, [""PIZZA_SHOP"", ""SMOOTHIE_SHOP"", ""ICE_CREAM_SHOP""]], [288, [""PIZZA_SHOP"", ""SMOOTHIE_SHOP"", ""ICE_CREAM_SHOP"", ""YARN_STORE""]], [360, [""PIZZA_SHOP"", ""SMOOTHIE_SHOP"", ""ICE_CREAM_SHOP"", ""YARN_STORE"", ""FARMERS_MARKET""]], [432, [""PIZZA_SHOP"", ""SMOOTHIE_SHOP"", ""ICE_CREAM_SHOP"", ""YARN_STORE"", ""FARMERS_MARKET"", ""PIZZA_SHOP""]], [504, [""PIZZA_SHOP"", ""SMOOTHIE_SHOP"", ""ICE_CREAM_SHOP"", ""YARN_STORE"", ""FARMERS_MARKET"", ""PIZZA_SHOP"", ""PET_CAFE""]], [576, [""PIZZA_SHOP"", ""SMOOTHIE_SHOP"", ""ICE_CREAM_SHOP"", ""YARN_STORE"", ""FARMERS_MARKET"", ""PIZZA_SHOP"", ""PET_CAFE"", ""BRUNCH_SPOT""]]]",486,918,507,211,901,19,108,249,405,1176,364,369,656,520,50,,39,129,502,916,509,211,904,19,108,249,405,1178,364,372,653,517,50.0,,37,128,2026-09-24T04:08:44.843649800Z,2026-09-24T04:11:26.597429200Z,COMPLETED,EPISODE_TYPE_PUBLIC,56474783,56509493,2231.249103149918,2240.290746734041,2235.5676714238584,2210.885908058689,56509493,COMPLETED,1,,rsraki,ほのぼの牧場,loss,118731.0,118866.0,720,downloaded,extracted_empty,extracted_empty,replays/round10_b1_herd_safe_submission_56509493/episode_112720203.json,logs/round10_b1_herd_safe_submission_56509493/episode_112720203/agent_1_observation_logs.json,,1,56474783,2240.290746734041,2210.885908058689,2231.249103149918,-135.0
112721366,1986832308,719,719,719,,,"[[0, []], [72, [""FARMERS_MARKET""]], [144, [""FARMERS_MARKET"", ""PIZZA_SHOP""]], [216, [""FARMERS_MARKET"", ""PIZZA_SHOP"", ""BAKERY""]], [288, [""FARMERS_MARKET"", ""PIZZA_SHOP"", ""BAKERY"", ""PET_CAFE""]], [360, [""FARMERS_MARKET"", ""PIZZA_SHOP"", ""BAKERY"", ""PET_CAFE"", ""PET_CAFE""]], [432, [""FARMERS_MARKET"", ""PIZZA_SHOP"", ""BAKERY"", ""PET_CAFE"", ""PET_CAFE"", ""BRUNCH_SPOT""]], [504, [""FARMERS_MARKET"", ""PIZZA_SHOP"", ""BAKERY"", ""PET_CAFE"", ""PET_CAFE"", ""BRUNCH_SPOT"", ""BAKERY""]], [576, [""FARMERS_MARKET"", ""PIZZA_SHOP"", ""BAKERY"", ""PET_CAFE"", ""PET_CAFE"", ""BRUNCH_SPOT"", ""BAKERY"", ""PET_CAFE""]]]",586,920,513,212,907,14,108,249,405,1178,280,369,655,521,49,5.0,38,134,586,920,513,212,907,14,108,249,405,1178,280,369,655,521,49.0,5.0,38,134,2026-09-24T04:12:43.140797100Z,2026-09-24T04:14:29.042266600Z,COMPLETED,EPISODE_TYPE_PUBLIC,56505305,56509493,2246.036817036868,2210.885908058689,2245.2363972184435,2215.7980693061154,56509493,COMPLETED,1,,rsraki,ouga,draw,64195.0,64195.0,720,downloaded,extracted_empty,extracted_empty,replays/round10_b1_herd_safe_submission_56509493/episode_112721366.json,logs/round10_b1_herd_safe_submission_56509493/episode_112721366/agent_1_observation_logs.json,,1,56505305,2210.885908058689,2215.7980693061154,2246.036817036868,0.0
112722513,1256361157,719,709,709,,314.0,"[[0, []], [72, [""YARN_STORE""]], [144, [""YARN_STORE"", ""PET_CAFE""]], [216, [""YARN_STORE"", ""PET_CAFE"", ""YARN_STORE""]], [288, [""YARN_STORE"", ""PET_CAFE"", ""YARN_STORE"", ""PIZZA_SHOP""]], [360, [""YARN_STORE"", ""PET_CAFE"", ""YARN_STORE"", ""PIZZA_SHOP"", ""YARN_STORE""]], [432, [""YARN_STORE"", ""PET_CAFE"", ""YARN_STORE"", ""PIZZA_SHOP"", ""YARN_STORE"", ""FARMERS_MARKET""]], [504, [""YARN_STORE"", ""PET_CAFE"", ""YARN_STORE"", ""PIZZA_SHOP"", ""YARN_STORE"", ""FARMERS_MARKET"", ""BRUNCH_SPOT""]], [576, [""YARN_STORE"", ""PET_CAFE"", ""YARN_STORE"", ""PIZZA_SHOP"", ""YARN_STORE"", ""FARMERS_MARKET"", ""BRUNCH_SPOT"", ""ICE_CREAM_SHOP""]]]",742,955,615,181,916,23,137,239,500,1096,444,439,676,497,25,2.0,36,96,742,955,615,181,916,23,137,239,500,1096,444,439,676,497,25.0,2.0,36,96,2026-09-24T04:16:42.828642700Z,2026-09-24T04:19:38.156986600Z,COMPLETED,EPISODE_TYPE_PUBLIC,56509493,56486641,2215.7980693061154,2282.033168905049,2195.528688989604,2285.341278653286,56509493,COMPLETED,0,,rsraki,yuki0731,loss,110884.0,111684.0,720,downloaded,extracted_empty,extracted_empty,replays/round10_b1_herd_safe_submission_56509493/episode_112722513.json,logs/round10_b1_herd_safe_submission_56509493/episode_112722513/agent_0_observation_logs.json,,0,56486641,2215.7980693061154,2195.528688989604,2282.033168905049,-800.0
112723670,1296181032,719,701,701,,1.0,"[[0, []], [72, [""SMOOTHIE_SHOP""]], [144, [""SMOOTHIE_SHOP"", ""FARMERS_MARKET""]], [216, [""SMOOTHIE_SHOP"", ""FARMERS_MARKET"", ""PIZZA_SHOP""]], [288, [""SMOOTHIE_SHOP"", ""FARMERS_MARKET"", ""PIZZA_SHOP"", ""YARN_STORE""]], [360, [""SMOOTHIE_SHOP"", ""FARMERS_MARKET"", ""PIZZA_SHOP"", ""YARN_STORE"", ""BAKERY""]], [432, [""SMOOTHIE_SHOP"", ""FARMERS_MARKET"", ""PIZZA_SHOP"", ""YARN_STORE"", ""BAKERY"", ""BAKERY""]], [504, [""SMOOTHIE_SHOP"", ""FARMERS_MARKET"", ""PIZZA_SHOP"", ""YARN_STORE"", ""BAKERY"", ""BAKERY"", ""ICE_CREAM_SHOP""]], [576, [""SMOOTHIE_SHOP"", ""FARMERS_MARKET"", ""PIZZA_SHOP"", ""YARN_STORE"", ""BAKERY"", ""BAKERY"", ""ICE_CREAM_SHOP"", ""SMOOTHIE_SHOP""]]]",437,917,493,207,870,14,99,239,404,1097,342,373,586,482,52,5.0,38,112,437,917,493,207,870,14,99,239,404,1097,342,373,586,482,52.0,5.0,38,112,2026-09-24T04:20:47.759702200Z,2026-09-24T04:22:38.080361200Z,COMPLETED,EPISODE_TYPE_PUBLIC,56509493,56480420,2195.528688989604,2148.710653415917,2167.586365640895,2153.6658171586214,56509493,COMPLETED,0,,rsraki,N_noa21,loss,101141.0,101409.0,720,downloaded,extracted_empty,extracted_empty,replays/round10_b1_herd_safe_submission_56509493/episode_112723670.json,logs/round10_b1_herd_safe_submission_56509493/episode_112723670/agent_0_observation_logs.json,,0,56480420,2195.528688989604,2167.586365640895,2148.710653415917,-268.0
112724829,24885410,717,717,715,186.0,541.0,"[[0, []], [72, [""PIZZA_SHOP""]], [144, [""PIZZA_SHOP"", ""FARMERS_MARKET""]], [216, [""PIZZA_SHOP"", ""FARMERS_MARKET"", ""YARN_STORE""]], [288, [""PIZZA_SHOP"", ""FARMERS_MARKET"", ""YARN_STORE"", ""PIZZA_SHOP""]], [360, [""PIZZA_SHOP"", ""FARMERS_MARKET"", ""YARN_STORE"", ""PIZZA_SHOP"", ""BAKERY""]], [432, [""PIZZA_SHOP"", ""FARMERS_MARKET"", ""YARN_STORE"", ""PIZZA_SHOP"", ""BAKERY"", ""ICE_CREAM_SHOP""]], [504, [""PIZZA_SHOP"", ""FARMERS_MARKET"", ""YARN_STORE"", ""PIZZA_SHOP"", ""BAKERY"", ""ICE_CREAM_SHOP"", ""BRUNCH_SPOT""]], [576, [""PIZZA_SHOP"", ""FARMERS_MARKET"", ""YARN_STORE"", ""PIZZA_SHOP"", ""BAKERY"", ""ICE_CREAM_SHOP"", ""BRUNCH_SPOT"", ""YARN_STORE""]]]",528,917,514,212,908,19,108,248,405,1178,341,372,655,517,49,,40,132,528,917,514,212,908,19,108,249,405,1178,341,372,655,517,49.0,,38,133,2026-09-24T04:24:44.062760700Z,2026-09-24T04:28:27.059717Z,COMPLETED,EPISODE_TYPE_PUBLIC,56505996,56509493,2169.8112929124627,2167.586365640895,2174.05904653736,2145.8087063305816,56509493,COMPLETED,1,,rsraki,Jacky Chan,loss,91537.0,91961.0,720,downloaded,extracted_empty,extracted_empty,replays/round10_b1_herd_safe_submission_56509493/episode_112724829.json,logs/round10_b1_herd_safe_submission_56509493/episode_112724829/agent_1_observation_logs.json,,1,56505996,2167.586365640895,2145.8087063305816,2169.8112929124627,-424.0
112726090,1613232500,638,497,451,3.0,1.0,"[[0, []], [72, [""SMOOTHIE_SHOP""]], [144, [""SMOOTHIE_SHOP"", ""BRUNCH_SPOT""]], [216, [""SMOOTHIE_SHOP"", ""BRUNCH_SPOT"", ""YARN_STORE""]], [288, [""SMOOTHIE_SHOP"", ""BRUNCH_SPOT"", ""YARN_STORE"", ""YARN_STORE""]], [360, [""SMOOTHIE_SHOP"", ""BRUNCH_SPOT"", ""YARN_STORE"", ""YARN_STORE"", ""SMOOTHIE_SHOP""]], [432, [""SMOOTHIE_SHOP"", ""BRUNCH_SPOT"", ""YARN_STORE"", ""YARN_STORE"", ""SMOOTHIE_SHOP"", ""BRUNCH_SPOT""]], [504, [""SMOOTHIE_SHOP"", ""BRUNCH_SPOT"", ""YARN_STORE"", ""YARN_STORE"", ""SMOOTHIE_SHOP"", ""BRUNCH_SPOT"", ""PET_CAFE""]], [576, [""SMOOTHIE_SHOP"", ""BRUNCH_SPOT"", ""YARN_STORE"", ""YARN_STORE"", ""SMOOTHIE_SHOP"", ""BRUNCH_SPOT"", ""PET_CAFE"", ""YARN_STORE""]]]",524,928,528,234,897,25,127,238,501,1098,420,446,640,501,49,,39,113,536,930,527,234,889,25,126,238,507,1094,420,442,635,500,48.0,,38,116,2026-09-24T04:28:43.343799600Z,2026-09-24T04:31:13.325632Z,COMPLETED,EPISODE_TYPE_PUBLIC,56509493,56425352,2145.8087063305816,2118.74576584186,2164.2910020571644,2114.8544537532694,56509493,COMPLETED,0,,rsraki,Stefano Blando,win,110510.0,109320.0,720,downloaded,extracted_empty,extracted_empty,replays/round10_b1_herd_safe_submission_56509493/episode_112726090.json,logs/round10_b1_herd_safe_submission_56509493/episode_112726090/agent_0_observation_logs.json,,0,56425352,2145.8087063305816,2164.2910020571644,2118.74576584186,1190.0
112727153,1967736805,719,711,711,,427.0,"[[0, []], [72, [""YARN_STORE""]], [144, [""YARN_STORE"", ""BRUNCH_SPOT""]], [216, [""YARN_STORE"", ""BRUNCH_SPOT"", ""FARMERS_MARKET""]], [288, [""YARN_STORE"", ""BRUNCH_SPOT"", ""FARMERS_MARKET"", ""SMOOTHIE_SHOP""]], [360, [""YARN_STORE"", ""BRUNCH_SPOT"", ""FARMERS_MARKET"", ""SMOOTHIE_SHOP"", ""FARMERS_MARKET""]], [432, [""YARN_STORE"", ""BRUNCH_SPOT"", ""FARMERS_MARKET"", ""SMOOTHIE_SHOP"", ""FARMERS_MARKET"", ""ICE_CREAM_SHOP""]], [504, [""YARN_STORE"", ""BRUNCH_SPOT"", ""FARMERS_MARKET"", ""SMOOTHIE_SHOP"", ""FARMERS_MARKET"", ""ICE_CREAM_SHOP"", ""BRUNCH_SPOT""]], [576, [""YARN_STORE"", ""BRUNCH_SPOT"", ""FARMERS_MARKET"", ""SMOOTHIE_SHOP"", ""FARMERS_MARKET"", ""ICE_CREAM_SHOP"", ""BRUNCH_SPOT"", ""YARN_STORE""]]]",703,940,583,157,907,17,110,239,397,1096,333,379,620,462,30,2.0,36,106,703,940,583,157,907,17,110,239,397,1096,333,379,620,462,30.0,2.0,36,106,2026-09-24T04:32:42.688953900Z,2026-09-24T04:35:27.286246700Z,COMPLETED,EPISODE_TYPE_PUBLIC,56509493,56508951,2164.2910020571644,2099.7286740512127,2141.146071694021,2111.736731933381,56509493,COMPLETED,0,,rsraki,ZJUwlm,loss,113457.0,114478.0,720,downloaded,extracted_empty,extracted_empty,replays/round10_b1_herd_safe_submission_56509493/episode_112727153.json,logs/round10_b1_herd_safe_submission_56509493/episode_112727153/agent_0_observation_logs.json,,0,56508951,2164.2910020571644,2141.146071694021,2099.7286740512127,-1021.0
112728327,195479406,712,594,590,188.0,1.0,"[[0, []], [72, [""PET_CAFE""]], [144, [""PET_CAFE"", ""ICE_CREAM_SHOP""]], [216, [""PET_CAFE"", ""ICE_CREAM_SHOP"", ""FARMERS_MARKET""]], [288, [""PET_CAFE"", ""ICE_CREAM_SHOP"", ""FARMERS_MARKET"", ""BRUNCH_SPOT""]], [360, [""PET_CAFE"", ""ICE_CREAM_SHOP"", ""FARMERS_MARKET"", ""BRUNCH_SPOT"", ""SMOOTHIE_SHOP""]], [432, [""PET_CAFE"", ""ICE_CREAM_SHOP"", ""FARMERS_MARKET"", ""BRUNCH_SPOT"", ""SMOOTHIE_SHOP"", ""BAKERY""]], [504, [""PET_CAFE"", ""ICE_CREAM_SHOP"", ""FARMERS_MARKET"", ""BRUNCH_SPOT"", ""SMOOTHIE_SHOP"", ""BAKERY"", ""SMOOTHIE_SHOP""]], [576, [""PET_CAFE"", ""ICE_CREAM_SHOP"", ""FARMERS_MARKET"", ""BRUNCH_SPOT"", ""SMOOTHIE_SHOP"", ""BAKERY"", ""SMOOTHIE_SHOP"", ""FARMERS_MARKET""]]]",472,919,495,207,867,14,99,239,403,1099,302,375,585,484,52,5.0,38,112,473,919,495,207,867,14,99,239,403,1099,302,376,585,482,52.0,5.0,38,112,2026-09-24T04:36:43.432648200Z,2026-09-24T04:42:20.218606Z,COMPLETED,EPISODE_TYPE_PUBLIC,56509493,56471495,2154.1076121599776,2207.5014293756303,2140.288705564242,2211.051301290721,56509493,COMPLETED,0,,rsraki,Panagiotis Anagnostou,loss,95484.0,95486.0,720,downloaded,extracted_empty,extracted_empty,replays/round10_b1_herd_safe_submission_56509493/episode_112728327.json,logs/round10_b1_herd_safe_submission_56509493/episode_112728327/agent_0_observation_logs.json,,0,56471495,2154.1076121599776,2140.288705564242,2207.5014293756303,-2.0
112728524,5976012,714,681,681,567.0,1.0,"[[0, []], [72, [""FARMERS_MARKET""]], [144, [""FARMERS_MARKET"", ""BRUNCH_SPOT""]], [216, [""FARMERS_MARKET"", ""BRUNCH_SPOT"", ""FARMERS_MARKET""]], [288, [""FARMERS_MARKET"", ""BRUNCH_SPOT"", ""FARMERS_MARKET"", ""ICE_CREAM_SHOP""]], [360, [""FARMERS_MARKET"", ""BRUNCH_SPOT"", ""FARMERS_MARKET"", ""ICE_CREAM_SHOP"", ""FARMERS_MARKET""]], [432, [""FARMERS_MARKET"", ""BRUNCH_SPOT"", ""FARMERS_MARKET"", ""ICE_CREAM_SHOP"", ""FARMERS_MARKET"", ""YARN_STORE""]], [504, [""FARMERS_MARKET"", ""BRUNCH_SPOT"", ""FARMERS_MARKET"", ""ICE_CREAM_SHOP"", ""FARMERS_MARKET"", ""YARN_STORE"", ""FARMERS_MARKET""]], [576, [""FARMERS_MARKET"", ""BRUNCH_SPOT"", ""FARMERS_MARKET"", ""ICE_CREAM_SHOP"", ""FARMERS_MARKET"", ""YARN_STORE"", ""FARMERS_MARKET"", ""BAKERY""]]]",544,919,514,212,910,12,108,249,409,1181,314,361,655,530,50,7.0,36,132,544,919,514,212,910,12,108,249,409,1181,314,361,655,530,50.0,7.0,36,132,2026-09-24T04:36:43.767427200Z,2026-09-24T04:41:50.801981900Z,COMPLETED,EPISODE_TYPE_PUBLIC,56509493,56507962,2141.146071694021,2060.113844598721,2154.1076121599776,2054.911296361935,56509493,COMPLETED,0,,rsraki,Jamie Nojek,win,118583.0,118156.0,720,downloaded,extracted_empty,extracted_empty,replays/round10_b1_herd_safe_submission_56509493/episode_112728524.json,logs/round10_b1_herd_safe_submission_56509493/episode_112728524/agent_0_observation_logs.json,,0,56507962,2141.146071694021,2154.1076121599776,2060.113844598721,427.0
112729476,469744459,698,671,650,3.0,1.0,"[[0, []], [72, [""SMOOTHIE_SHOP""]], [144, [""SMOOTHIE_SHOP"", ""SMOOTHIE_SHOP""]], [216, [""SMOOTHIE_SHOP"", ""SMOOTHIE_SHOP"", ""SMOOTHIE_SHOP""]], [288, [""SMOOTHIE_SHOP"", ""SMOOTHIE_SHOP"", ""SMOOTHIE_SHOP"", ""ICE_CREAM_SHOP""]], [360, [""SMOOTHIE_SHOP"", ""SMOOTHIE_SHOP"", ""SMOOTHIE_SHOP"", ""ICE_CREAM_SHOP"", ""BAKERY""]], [432, [""SMOOTHIE_SHOP"", ""SMOOTHIE_SHOP"", ""SMOOTHIE_SHOP"", ""ICE_CREAM_SHOP"", ""BAKERY"", ""FARMERS_MARKET""]], [504, [""SMOOTHIE_SHOP"", ""SMOOTHIE_SHOP"", ""SMOOTHIE_SHOP"", ""ICE_CREAM_SHOP"", ""BAKERY"", ""FARMERS_MARKET"", ""BRUNCH_SPOT""]], [576, [""SMOOTHIE_SHOP"", ""SMOOTHIE_SHOP"", ""SMOOTHIE_SHOP"", ""ICE_CREAM_SHOP"", ""BAKERY"", ""FARMERS_MARKET"", ""BRUNCH_SPOT"", ""BRUNCH_SPOT""]]]",443,917,493,207,870,19,99,239,404,1098,333,379,586,477,53,,37,112,457,917,493,207,864,19,99,238,404,1094,333,379,582,476,52.0,,37,115,2026-09-24T04:40:46.286533500Z,2026-09-24T04:43:53.921775200Z,COMPLETED,EPISODE_TYPE_PUBLIC,56509493,56508786,2140.288705564242,2119.4863903374444,2154.9937788256984,2112.452110804143,56509493,COMPLETED,0,,rsraki,Zachary Zhang,win,140752.0,139973.0,720,downloaded,extracted_empty,extracted_empty,replays/round10_b1_herd_safe_submission_56509493/episode_112729476.json,logs/round10_b1_herd_safe_submission_56509493/episode_112729476/agent_0_observation_logs.json,,0,56508786,2140.288705564242,2154.9937788256984,2119.4863903374444,779.0
112730657,1140452672,695,566,548,34.0,1.0,"[[0, []], [72, [""YARN_STORE""]], [144, [""YARN_STORE"", ""FARMERS_MARKET""]], [216, [""YARN_STORE"", ""FARMERS_MARKET"", ""YARN_STORE""]], [288, [""YARN_STORE"", ""FARMERS_MARKET"", ""YARN_STORE"", ""BAKERY""]], [360, [""YARN_STORE"", ""FARMERS_MARKET"", ""YARN_STORE"", ""BAKERY"", ""PIZZA_SHOP""]], [432, [""YARN_STORE"", ""FARMERS_MARKET"", ""YARN_STORE"", ""BAKERY"", ""PIZZA_SHOP"", ""FARMERS_MARKET""]], [504, [""YARN_STORE"", ""FARMERS_MARKET"", ""YARN_STORE"", ""BAKERY"", ""PIZZA_SHOP"", ""FARMERS_MARKET"", ""YARN_STORE""]], [576, [""YARN_STORE"", ""FARMERS_MARKET"", ""YARN_STORE"", ""BAKERY"", ""PIZZA_SHOP"", ""FARMERS_MARKET"", ""YARN_STORE"", ""PIZZA_SHOP""]]]",740,957,611,181,917,22,137,239,500,1096,448,439,677,495,25,2.0,37,96,749,957,611,181,917,23,137,239,500,1095,442,439,675,495,25.0,2.0,36,96,2026-09-24T04:44:43.254192800Z,2026-09-24T04:47:46.364111300Z,COMPLETED,EPISODE_TYPE_PUBLIC,56502917,56509493,2090.33206269942,2154.9937788256984,2095.732296873867,2136.186954190752,56509493,COMPLETED,1,,rsraki,Mencius silverio MENSAH,loss,94724.0,96574.0,720,downloaded,extracted_empty,extracted_empty,replays/round10_b1_herd_safe_submission_56509493/episode_112730657.json,logs/round10_b1_herd_safe_submission_56509493/episode_112730657/agent_1_observation_logs.json,,1,56502917,2154.9937788256984,2136.186954190752,2090.33206269942,-1850.0
112731810,480691165,719,682,682,,1.0,"[[0, []], [72, [""BRUNCH_SPOT""]], [144, [""BRUNCH_SPOT"", ""ICE_CREAM_SHOP""]], [216, [""BRUNCH_SPOT"", ""ICE_CREAM_SHOP"", ""SMOOTHIE_SHOP""]], [288, [""BRUNCH_SPOT"", ""ICE_CREAM_SHOP"", ""SMOOTHIE_SHOP"", ""PIZZA_SHOP""]], [360, [""BRUNCH_SPOT"", ""ICE_CREAM_SHOP"", ""SMOOTHIE_SHOP"", ""PIZZA_SHOP"", ""BRUNCH_SPOT""]], [432, [""BRUNCH_SPOT"", ""ICE_CREAM_SHOP"", ""SMOOTHIE_SHOP"", ""PIZZA_SHOP"", ""BRUNCH_SPOT"", ""ICE_CREAM_SHOP""]], [504, [""BRUNCH_SPOT"", ""ICE_CREAM_SHOP"", ""SMOOTHIE_SHOP"", ""PIZZA_SHOP"", ""BRUNCH_SPOT"", ""ICE_CREAM_SHOP"", ""SMOOTHIE_SHOP""]], [576, [""BRUNCH_SPOT"", ""ICE_CREAM_SHOP"", ""SMOOTHIE_SHOP"", ""PIZZA_SHOP"", ""BRUNCH_SPOT"", ""ICE_CREAM_SHOP"", ""SMOOTHIE_SHOP"", ""PET_CAFE""]]]",452,918,498,208,874,14,99,239,404,1098,327,373,588,482,52,5.0,38,118,452,918,498,208,874,14,99,239,404,1098,327,373,588,482,52.0,5.0,38,118,2026-09-24T04:48:46.160035800Z,2026-09-24T04:54:01.475172Z,COMPLETED,EPISODE_TYPE_PUBLIC,56492686,56509493,2154.867973969974,2136.186954190752,2150.208753804092,2151.460013705342,56509493,COMPLETED,1,,rsraki,oycr,win,132989.0,132863.0,720,downloaded,extracted_empty,extracted_empty,replays/round10_b1_herd_safe_submission_56509493/episode_112731810.json,logs/round10_b1_herd_safe_submission_56509493/episode_112731810/agent_1_observation_logs.json,,1,56492686,2136.186954190752,2151.460013705342,2154.867973969974,126.0
112732949,79884044,698,684,668,54.0,1.0,"[[0, []], [72, [""YARN_STORE""]], [144, [""YARN_STORE"", ""BAKERY""]], [216, [""YARN_STORE"", ""BAKERY"", ""PIZZA_SHOP""]], [288, [""YARN_STORE"", ""BAKERY"", ""PIZZA_SHOP"", ""BRUNCH_SPOT""]], [360, [""YARN_STORE"", ""BAKERY"", ""PIZZA_SHOP"", ""BRUNCH_SPOT"", ""ICE_CREAM_SHOP""]], [432, [""YARN_STORE"", ""BAKERY"", ""PIZZA_SHOP"", ""BRUNCH_SPOT"", ""ICE_CREAM_SHOP"", ""FARMERS_MARKET""]], [504, [""YARN_STORE"", ""BAKERY"", ""PIZZA_SHOP"", ""BRUNCH_SPOT"", ""ICE_CREAM_SHOP"", ""FARMERS_MARKET"", ""PET_CAFE""]], [576, [""YARN_STORE"", ""BAKERY"", ""PIZZA_SHOP"", ""BRUNCH_SPOT"", ""ICE_CREAM_SHOP"", ""FARMERS_MARKET"", ""PET_CAFE"", ""BAKERY""]]]",697,945,583,157,907,17,110,239,397,1096,337,379,618,462,30,2.0,36,105,699,943,581,157,909,17,112,239,397,1095,337,377,618,464,29.0,2.0,36,105,2026-09-24T04:52:44.259538600Z,2026-09-24T04:55:27.363670400Z,COMPLETED,EPISODE_TYPE_PUBLIC,56443900,56509493,2060.848087803909,2151.460013705342,2057.782719447592,2160.98231627744,56509493,COMPLETED,1,,rsraki,栗ご飯,win,74252.0,74249.0,720,downloaded,extracted_empty,extracted_empty,replays/round10_b1_herd_safe_submission_56509493/episode_112732949.json,logs/round10_b1_herd_safe_submission_56509493/episode_112732949/agent_1_observation_logs.json,,1,56443900,2151.460013705342,2160.98231627744,2060.848087803909,3.0
112734114,329913044,717,635,635,663.0,1.0,"[[0, []], [72, [""ICE_CREAM_SHOP""]], [144, [""ICE_CREAM_SHOP"", ""PIZZA_SHOP""]], [216, [""ICE_CREAM_SHOP"", ""PIZZA_SHOP"", ""BAKERY""]], [288, [""ICE_CREAM_SHOP"", ""PIZZA_SHOP"", ""BAKERY"", ""PET_CAFE""]], [360, [""ICE_CREAM_SHOP"", ""PIZZA_SHOP"", ""BAKERY"", ""PET_CAFE"", ""BAKERY""]], [432, [""ICE_CREAM_SHOP"", ""PIZZA_SHOP"", ""BAKERY"", ""PET_CAFE"", ""BAKERY"", ""BAKERY""]], [504, [""ICE_CREAM_SHOP"", ""PIZZA_SHOP"", ""BAKERY"", ""PET_CAFE"", ""BAKERY"", ""BAKERY"", ""BAKERY""]], [576, [""ICE_CREAM_SHOP"", ""PIZZA_SHOP"", ""BAKERY"", ""PET_CAFE"", ""BAKERY"", ""BAKERY"", ""BAKERY"", ""ICE_CREAM_SHOP""]]]",468,916,503,209,876,14,99,239,405,1097,310,373,588,481,52,5.0,39,128,468,916,503,209,876,14,99,239,405,1097,310,373,588,481,52.0,5.0,39,128,2026-09-24T04:56:43.226882100Z,2026-09-24T04:59:28.962684500Z,COMPLETED,EPISODE_TYPE_PUBLIC,56491080,56509493,2155.8471907324456,2160.98231627744,2151.546229384021,2173.794424587284,56509493,COMPLETED,1,,rsraki,儿子会种地,win,74163.0,74013.0,720,downloaded,extracted_empty,extracted_empty,replays/round10_b1_herd_safe_submission_56509493/episode_112734114.json,logs/round10_b1_herd_safe_submission_56509493/episode_112734114/agent_1_observation_logs.json,,1,56491080,2160.98231627744,2173.794424587284,2155.8471907324456,150.0
112735281,2144127024,714,680,679,453.0,1.0,"[[0, []], [72, [""BRUNCH_SPOT""]], [144, [""BRUNCH_SPOT"", ""BRUNCH_SPOT""]], [216, [""BRUNCH_SPOT"", ""BRUNCH_SPOT"", ""PET_CAFE""]], [288, [""BRUNCH_SPOT"", ""BRUNCH_SPOT"", ""PET_CAFE"", ""PET_CAFE""]], [360, [""BRUNCH_SPOT"", ""BRUNCH_SPOT"", ""PET_CAFE"", ""PET_CAFE"", ""YARN_STORE""]], [432, [""BRUNCH_SPOT"", ""BRUNCH_SPOT"", ""PET_CAFE"", ""PET_CAFE"", ""YARN_STORE"", ""YARN_STORE""]], [504, [""BRUNCH_SPOT"", ""BRUNCH_SPOT"", ""PET_CAFE"", ""PET_CAFE"", ""YARN_STORE"", ""YARN_STORE"", ""BAKERY""]], [576, [""BRUNCH_SPOT"", ""BRUNCH_SPOT"", ""PET_CAFE"", ""PET_CAFE"", ""YARN_STORE"", ""YARN_STORE"", ""BAKERY"", ""PET_CAFE""]]]",442,927,499,208,873,12,96,239,409,1103,313,372,587,496,54,7.0,37,114,443,927,499,208,873,12,96,239,409,1103,313,372,587,495,54.0,7.0,37,114,2026-09-24T05:00:48.783335200Z,2026-09-24T05:04:58.537240400Z,COMPLETED,EPISODE_TYPE_PUBLIC,56509493,56502972,2173.794424587284,2171.564524929644,2186.1630771342275,2167.211049066486,56509493,COMPLETED,0,,rsraki,Chirantan Bhardwaj,win,89529.0,89264.0,720,downloaded,extracted_empty,extracted_empty,replays/round10_b1_herd_safe_submission_56509493/episode_112735281.json,logs/round10_b1_herd_safe_submission_56509493/episode_112735281/agent_0_observation_logs.json,,0,56502972,2173.794424587284,2186.1630771342275,2171.564524929644,265.0
112736426,1865613478,715,703,699,497.0,1.0,"[[0, []], [72, [""PIZZA_SHOP""]], [144, [""PIZZA_SHOP"", ""SMOOTHIE_SHOP""]], [216, [""PIZZA_SHOP"", ""SMOOTHIE_SHOP"", ""PIZZA_SHOP""]], [288, [""PIZZA_SHOP"", ""SMOOTHIE_SHOP"", ""PIZZA_SHOP"", ""ICE_CREAM_SHOP""]], [360, [""PIZZA_SHOP"", ""SMOOTHIE_SHOP"", ""PIZZA_SHOP"", ""ICE_CREAM_SHOP"", ""SMOOTHIE_SHOP""]], [432, [""PIZZA_SHOP"", ""SMOOTHIE_SHOP"", ""PIZZA_SHOP"", ""ICE_CREAM_SHOP"", ""SMOOTHIE_SHOP"", ""BAKERY""]], [504, [""PIZZA_SHOP"", ""SMOOTHIE_SHOP"", ""PIZZA_SHOP"", ""ICE_CREAM_SHOP"", ""SMOOTHIE_SHOP"", ""BAKERY"", ""BRUNCH_SPOT""]], [576, [""PIZZA_SHOP"", ""SMOOTHIE_SHOP"", ""PIZZA_SHOP"", ""ICE_CREAM_SHOP"", ""SMOOTHIE_SHOP"", ""BAKERY"", ""BRUNCH_SPOT"", ""BAKERY""]]]",437,915,494,207,868,19,99,239,404,1096,334,376,584,480,53,,39,116,433,915,494,207,868,19,99,239,404,1096,334,376,584,480,53.0,,39,120,2026-09-24T05:04:45.081423100Z,2026-09-24T05:07:20.177637400Z,COMPLETED,EPISODE_TYPE_PUBLIC,56494359,56509493,2124.137296680927,2186.1630771342275,2120.670152335397,2195.5755486870926,56509493,COMPLETED,1,,rsraki,GarbageOoze,win,125273.0,125129.0,720,downloaded,extracted_empty,extracted_empty,replays/round10_b1_herd_safe_submission_56509493/episode_112736426.json,logs/round10_b1_herd_safe_submission_56509493/episode_112736426/agent_1_observation_logs.json,,1,56494359,2186.1630771342275,2195.5755486870926,2124.137296680927,144.0
112737645,1384211010,713,590,587,713.0,1.0,"[[0, []], [72, [""BAKERY""]], [144, [""BAKERY"", ""SMOOTHIE_SHOP""]], [216, [""BAKERY"", ""SMOOTHIE_SHOP"", ""BRUNCH_SPOT""]], [288, [""BAKERY"", ""SMOOTHIE_SHOP"", ""BRUNCH_SPOT"", ""ICE_CREAM_SHOP""]], [360, [""BAKERY"", ""SMOOTHIE_SHOP"", ""BRUNCH_SPOT"", ""ICE_CREAM_SHOP"", ""SMOOTHIE_SHOP""]], [432, [""BAKERY"", ""SMOOTHIE_SHOP"", ""BRUNCH_SPOT"", ""ICE_CREAM_SHOP"", ""SMOOTHIE_SHOP"", ""PIZZA_SHOP""]], [504, [""BAKERY"", ""SMOOTHIE_SHOP"", ""BRUNCH_SPOT"", ""ICE_CREAM_SHOP"", ""SMOOTHIE_SHOP"", ""PIZZA_SHOP"", ""ICE_CREAM_SHOP""]], [576, [""BAKERY"", ""SMOOTHIE_SHOP"", ""BRUNCH_SPOT"", ""ICE_CREAM_SHOP"", ""SMOOTHIE_SHOP"", ""PIZZA_SHOP"", ""ICE_CREAM_SHOP"", ""SMOOTHIE_SHOP""]]]",446,915,494,207,868,14,99,239,404,1096,327,373,584,482,52,5.0,39,116,463,914,493,207,864,14,99,239,404,1096,327,368,581,482,49.0,5.0,39,116,2026-09-24T05:08:45.490628700Z,2026-09-24T05:10:58.891491Z,COMPLETED,EPISODE_TYPE_PUBLIC,56509493,56502530,2195.5755486870926,2194.5723040055477,2184.045376898061,2198.989103981368,56509493,COMPLETED,0,,rsraki,Kagamihara,loss,110605.0,112080.0,720,downloaded,extracted_empty,extracted_empty,replays/round10_b1_herd_safe_submission_56509493/episode_112737645.json,logs/round10_b1_herd_safe_submission_56509493/episode_112737645/agent_0_observation_logs.json,,0,56502530,2195.5755486870926,2184.045376898061,2194.5723040055477,-1475.0
112738825,1675469742,719,653,653,,1.0,"[[0, []], [72, [""BRUNCH_SPOT""]], [144, [""BRUNCH_SPOT"", ""FARMERS_MARKET""]], [216, [""BRUNCH_SPOT"", ""FARMERS_MARKET"", ""BAKERY""]], [288, [""BRUNCH_SPOT"", ""FARMERS_MARKET"", ""BAKERY"", ""ICE_CREAM_SHOP""]], [360, [""BRUNCH_SPOT"", ""FARMERS_MARKET"", ""BAKERY"", ""ICE_CREAM_SHOP"", ""PET_CAFE""]], [432, [""BRUNCH_SPOT"", ""FARMERS_MARKET"", ""BAKERY"", ""ICE_CREAM_SHOP"", ""PET_CAFE"", ""PIZZA_SHOP""]], [504, [""BRUNCH_SPOT"", ""FARMERS_MARKET"", ""BAKERY"", ""ICE_CREAM_SHOP"", ""PET_CAFE"", ""PIZZA_SHOP"", ""SMOOTHIE_SHOP""]], [576, [""BRUNCH_SPOT"", ""FARMERS_MARKET"", ""BAKERY"", ""ICE_CREAM_SHOP"", ""PET_CAFE"", ""PIZZA_SHOP"", ""SMOOTHIE_SHOP"", ""BAKERY""]]]",427,962,536,213,890,11,100,239,402,1104,319,383,595,507,54,9.0,38,127,427,962,536,213,890,11,100,239,402,1104,319,383,595,507,54.0,9.0,38,127,2026-09-24T05:12:44.493892300Z,2026-09-24T05:17:19.518285100Z,COMPLETED,EPISODE_TYPE_PUBLIC,56509493,56509754,2184.045376898061,2160.6617315787435,2172.3485735220265,2173.6153241311818,56509493,COMPLETED,0,,rsraki,wonder777,loss,92858.0,93460.0,720,downloaded,extracted_empty,extracted_empty,replays/round10_b1_herd_safe_submission_56509493/episode_112738825.json,logs/round10_b1_herd_safe_submission_56509493/episode_112738825/agent_0_observation_logs.json,,0,56509754,2184.045376898061,2172.3485735220265,2160.6617315787435,-602.0
112739509,388538754,713,696,691,302.0,1.0,"[[0, []], [72, [""YARN_STORE""]], [144, [""YARN_STORE"", ""PIZZA_SHOP""]], [216, [""YARN_STORE"", ""PIZZA_SHOP"", ""BRUNCH_SPOT""]], [288, [""YARN_STORE"", ""PIZZA_SHOP"", ""BRUNCH_SPOT"", ""PIZZA_SHOP""]], [360, [""YARN_STORE"", ""PIZZA_SHOP"", ""BRUNCH_SPOT"", ""PIZZA_SHOP"", ""YARN_STORE""]], [432, [""YARN_STORE"", ""PIZZA_SHOP"", ""BRUNCH_SPOT"", ""PIZZA_SHOP"", ""YARN_STORE"", ""PET_CAFE""]], [504, [""YARN_STORE"", ""PIZZA_SHOP"", ""BRUNCH_SPOT"", ""PIZZA_SHOP"", ""YARN_STORE"", ""PET_CAFE"", ""BRUNCH_SPOT""]], [576, [""YARN_STORE"", ""PIZZA_SHOP"", ""BRUNCH_SPOT"", ""PIZZA_SHOP"", ""YARN_STORE"", ""PET_CAFE"", ""BRUNCH_SPOT"", ""YARN_STORE""]]]",665,940,579,156,902,17,110,238,397,1096,368,379,618,462,30,2.0,37,100,664,938,577,156,904,17,112,239,397,1096,368,377,620,464,29.0,2.0,36,100,2026-09-24T05:12:46.080060800Z,2026-09-24T05:17:37.064404500Z,COMPLETED,EPISODE_TYPE_PUBLIC,56477092,56509493,2249.921563372974,2172.3485735220265,2253.1806305143496,2164.512320291092,56509493,COMPLETED,1,,rsraki,Naman Malik,loss,109044.0,109172.0,720,downloaded,extracted_empty,extracted_empty,replays/round10_b1_herd_safe_submission_56509493/episode_112739509.json,logs/round10_b1_herd_safe_submission_56509493/episode_112739509/agent_1_observation_logs.json,,1,56477092,2172.3485735220265,2164.512320291092,2249.921563372974,-128.0
112739956,1307932878,712,649,642,497.0,1.0,"[[0, []], [72, [""ICE_CREAM_SHOP""]], [144, [""ICE_CREAM_SHOP"", ""BAKERY""]], [216, [""ICE_CREAM_SHOP"", ""BAKERY"", ""BAKERY""]], [288, [""ICE_CREAM_SHOP"", ""BAKERY"", ""BAKERY"", ""ICE_CREAM_SHOP""]], [360, [""ICE_CREAM_SHOP"", ""BAKERY"", ""BAKERY"", ""ICE_CREAM_SHOP"", ""BAKERY""]], [432, [""ICE_CREAM_SHOP"", ""BAKERY"", ""BAKERY"", ""ICE_CREAM_SHOP"", ""BAKERY"", ""FARMERS_MARKET""]], [504, [""ICE_CREAM_SHOP"", ""BAKERY"", ""BAKERY"", ""ICE_CREAM_SHOP"", ""BAKERY"", ""FARMERS_MARKET"", ""FARMERS_MARKET""]], [576, [""ICE_CREAM_SHOP"", ""BAKERY"", ""BAKERY"", ""ICE_CREAM_SHOP"", ""BAKERY"", ""FARMERS_MARKET"", ""FARMERS_MARKET"", ""ICE_CREAM_SHOP""]]]",483,922,499,209,877,14,99,239,405,1098,300,374,590,480,52,5.0,38,124,477,922,499,209,877,14,99,239,404,1098,302,374,590,481,52.0,5.0,38,128,2026-09-24T05:16:42.348525900Z,2026-09-24T05:21:58.420835700Z,COMPLETED,EPISODE_TYPE_PUBLIC,56464203,56509493,2126.805932144706,2164.512320291092,2131.8390905503056,2152.8120229883016,56509493,COMPLETED,1,,rsraki,Ifeoluwa Adewumi,loss,81055.0,81437.0,720,downloaded,extracted_empty,extracted_empty,replays/round10_b1_herd_safe_submission_56509493/episode_112739956.json,logs/round10_b1_herd_safe_submission_56509493/episode_112739956/agent_1_observation_logs.json,,1,56464203,2164.512320291092,2152.8120229883016,2126.805932144706,-382.0
112741280,1523088617,694,584,561,3.0,1.0,"[[0, []], [72, [""BRUNCH_SPOT""]], [144, [""BRUNCH_SPOT"", ""PIZZA_SHOP""]], [216, [""BRUNCH_SPOT"", ""PIZZA_SHOP"", ""YARN_STORE""]], [288, [""BRUNCH_SPOT"", ""PIZZA_SHOP"", ""YARN_STORE"", ""BAKERY""]], [360, [""BRUNCH_SPOT"", ""PIZZA_SHOP"", ""YARN_STORE"", ""BAKERY"", ""SMOOTHIE_SHOP""]], [432, [""BRUNCH_SPOT"", ""PIZZA_SHOP"", ""YARN_STORE"", ""BAKERY"", ""SMOOTHIE_SHOP"", ""BAKERY""]], [504, [""BRUNCH_SPOT"", ""PIZZA_SHOP"", ""YARN_STORE"", ""BAKERY"", ""SMOOTHIE_SHOP"", ""BAKERY"", ""SMOOTHIE_SHOP""]], [576, [""BRUNCH_SPOT"", ""PIZZA_SHOP"", ""YARN_STORE"", ""BAKERY"", ""SMOOTHIE_SHOP"", ""BAKERY"", ""SMOOTHIE_SHOP"", ""BRUNCH_SPOT""]]]",449,917,493,207,870,18,99,239,404,1098,328,379,586,477,52,,38,112,466,917,493,207,864,19,99,238,404,1094,325,379,582,476,51.0,,37,115,2026-09-24T05:20:48.901880300Z,2026-09-24T05:23:23.424487Z,COMPLETED,EPISODE_TYPE_PUBLIC,56509493,56509139,2152.8120229883016,2210.464526065437,2144.9686516212723,2217.588459491244,56509493,COMPLETED,0,,rsraki,FENGYESHAN,loss,73419.0,76879.0,720,downloaded,extracted_empty,extracted_empty,replays/round10_b1_herd_safe_submission_56509493/episode_112741280.json,logs/round10_b1_herd_safe_submission_56509493/episode_112741280/agent_0_observation_logs.json,,0,56509139,2152.8120229883016,2144.9686516212723,2210.464526065437,-3460.0
112742461,2106477703,658,640,595,161.0,1.0,"[[0, []], [72, [""YARN_STORE""]], [144, [""YARN_STORE"", ""PET_CAFE""]], [216, [""YARN_STORE"", ""PET_CAFE"", ""FARMERS_MARKET""]], [288, [""YARN_STORE"", ""PET_CAFE"", ""FARMERS_MARKET"", ""BAKERY""]], [360, [""YARN_STORE"", ""PET_CAFE"", ""FARMERS_MARKET"", ""BAKERY"", ""SMOOTHIE_SHOP""]], [432, [""YARN_STORE"", ""PET_CAFE"", ""FARMERS_MARKET"", ""BAKERY"", ""SMOOTHIE_SHOP"", ""YARN_STORE""]], [504, [""YARN_STORE"", ""PET_CAFE"", ""FARMERS_MARKET"", ""BAKERY"", ""SMOOTHIE_SHOP"", ""YARN_STORE"", ""PIZZA_SHOP""]], [576, [""YARN_STORE"", ""PET_CAFE"", ""FARMERS_MARKET"", ""BAKERY"", ""SMOOTHIE_SHOP"", ""YARN_STORE"", ""PIZZA_SHOP"", ""SMOOTHIE_SHOP""]]]",677,945,587,157,908,17,110,239,397,1095,344,379,617,471,30,2.0,37,106,675,943,585,157,910,17,112,238,397,1095,344,377,620,473,29.0,2.0,38,106,2026-09-24T05:24:43.031421Z,2026-09-24T05:29:49.505871400Z,COMPLETED,EPISODE_TYPE_PUBLIC,56409996,56509493,2104.408534722738,2144.9686516212723,2100.609680496693,2153.187923658851,56509493,COMPLETED,1,,rsraki,Chattso-GPT (Yasuhito Yanagisawa),win,90698.0,90142.0,720,downloaded,extracted_empty,extracted_empty,replays/round10_b1_herd_safe_submission_56509493/episode_112742461.json,logs/round10_b1_herd_safe_submission_56509493/episode_112742461/agent_1_observation_logs.json,,1,56409996,2144.9686516212723,2153.187923658851,2104.408534722738,556.0
112742491,957647723,698,587,569,3.0,1.0,"[[0, []], [72, [""BRUNCH_SPOT""]], [144, [""BRUNCH_SPOT"", ""ICE_CREAM_SHOP""]], [216, [""BRUNCH_SPOT"", ""ICE_CREAM_SHOP"", ""ICE_CREAM_SHOP""]], [288, [""BRUNCH_SPOT"", ""ICE_CREAM_SHOP"", ""ICE_CREAM_SHOP"", ""SMOOTHIE_SHOP""]], [360, [""BRUNCH_SPOT"", ""ICE_CREAM_SHOP"", ""ICE_CREAM_SHOP"", ""SMOOTHIE_SHOP"", ""FARMERS_MARKET""]], [432, [""BRUNCH_SPOT"", ""ICE_CREAM_SHOP"", ""ICE_CREAM_SHOP"", ""SMOOTHIE_SHOP"", ""FARMERS_MARKET"", ""FARMERS_MARKET""]], [504, [""BRUNCH_SPOT"", ""ICE_CREAM_SHOP"", ""ICE_CREAM_SHOP"", ""SMOOTHIE_SHOP"", ""FARMERS_MARKET"", ""FARMERS_MARKET"", ""ICE_CREAM_SHOP""]], [576, [""BRUNCH_SPOT"", ""ICE_CREAM_SHOP"", ""ICE_CREAM_SHOP"", ""SMOOTHIE_SHOP"", ""FARMERS_MARKET"", ""FARMERS_MARKET"", ""ICE_CREAM_SHOP"", ""ICE_CREAM_SHOP""]]]",454,923,499,209,880,14,99,239,404,1098,327,373,589,482,52,5.0,38,124,468,923,499,209,874,14,99,238,404,1094,327,373,585,481,51.0,5.0,38,127,2026-09-24T05:24:43.061388200Z,2026-09-24T05:29:55.895293900Z,COMPLETED,EPISODE_TYPE_PUBLIC,56509493,56509365,2153.187923658851,2159.498573919468,2162.5624943864427,2150.832007994201,56509493,COMPLETED,0,,rsraki,JeremiahMannings,win,133515.0,133206.0,720,downloaded,extracted_empty,extracted_empty,replays/round10_b1_herd_safe_submission_56509493/episode_112742491.json,logs/round10_b1_herd_safe_submission_56509493/episode_112742491/agent_0_observation_logs.json,,0,56509365,2153.187923658851,2162.5624943864427,2159.498573919468,309.0
112743618,234461533,718,690,690,501.0,1.0,"[[0, []], [72, [""PIZZA_SHOP""]], [144, [""PIZZA_SHOP"", ""FARMERS_MARKET""]], [216, [""PIZZA_SHOP"", ""FARMERS_MARKET"", ""PET_CAFE""]], [288, [""PIZZA_SHOP"", ""FARMERS_MARKET"", ""PET_CAFE"", ""PIZZA_SHOP""]], [360, [""PIZZA_SHOP"", ""FARMERS_MARKET"", ""PET_CAFE"", ""PIZZA_SHOP"", ""PIZZA_SHOP""]], [432, [""PIZZA_SHOP"", ""FARMERS_MARKET"", ""PET_CAFE"", ""PIZZA_SHOP"", ""PIZZA_SHOP"", ""PET_CAFE""]], [504, [""PIZZA_SHOP"", ""FARMERS_MARKET"", ""PET_CAFE"", ""PIZZA_SHOP"", ""PIZZA_SHOP"", ""PET_CAFE"", ""PET_CAFE""]], [576, [""PIZZA_SHOP"", ""FARMERS_MARKET"", ""PET_CAFE"", ""PIZZA_SHOP"", ""PIZZA_SHOP"", ""PET_CAFE"", ""PET_CAFE"", ""SMOOTHIE_SHOP""]]]",540,920,513,212,907,14,108,249,405,1178,327,369,655,521,49,5.0,38,133,540,920,513,212,907,14,108,249,405,1178,327,369,655,521,49.0,5.0,38,133,2026-09-24T05:28:42.778974Z,2026-09-24T05:31:31.488654Z,COMPLETED,EPISODE_TYPE_PUBLIC,56453146,56509493,2153.46986148248,2162.5624943864427,2149.1812562023,2171.245115191221,56509493,COMPLETED,1,,rsraki,mxt1022,win,93124.0,92923.0,720,downloaded,extracted_empty,extracted_empty,replays/round10_b1_herd_safe_submission_56509493/episode_112743618.json,logs/round10_b1_herd_safe_submission_56509493/episode_112743618/agent_1_observation_logs.json,,1,56453146,2162.5624943864427,2171.245115191221,2153.46986148248,201.0
112744949,2128489928,715,664,664,161.0,1.0,"[[0, []], [72, [""YARN_STORE""]], [144, [""YARN_STORE"", ""PIZZA_SHOP""]], [216, [""YARN_STORE"", ""PIZZA_SHOP"", ""SMOOTHIE_SHOP""]], [288, [""YARN_STORE"", ""PIZZA_SHOP"", ""SMOOTHIE_SHOP"", ""YARN_STORE""]], [360, [""YARN_STORE"", ""PIZZA_SHOP"", ""SMOOTHIE_SHOP"", ""YARN_STORE"", ""BRUNCH_SPOT""]], [432, [""YARN_STORE"", ""PIZZA_SHOP"", ""SMOOTHIE_SHOP"", ""YARN_STORE"", ""BRUNCH_SPOT"", ""SMOOTHIE_SHOP""]], [504, [""YARN_STORE"", ""PIZZA_SHOP"", ""SMOOTHIE_SHOP"", ""YARN_STORE"", ""BRUNCH_SPOT"", ""SMOOTHIE_SHOP"", ""BRUNCH_SPOT""]], [576, [""YARN_STORE"", ""PIZZA_SHOP"", ""SMOOTHIE_SHOP"", ""YARN_STORE"", ""BRUNCH_SPOT"", ""SMOOTHIE_SHOP"", ""BRUNCH_SPOT"", ""PET_CAFE""]]]",701,950,609,179,913,23,136,239,494,1095,466,437,665,489,25,2.0,36,98,701,950,609,179,913,23,136,239,494,1095,466,437,665,489,25.0,2.0,36,98,2026-09-24T05:32:43.141686900Z,2026-09-24T05:34:31.238337700Z,COMPLETED,EPISODE_TYPE_PUBLIC,56500376,56509493,2164.0604271842444,2171.245115191221,2168.613240092954,2162.3224315811613,56509493,COMPLETED,1,,rsraki,Ansh Agarwal,loss,103105.0,103319.0,720,downloaded,extracted_empty,extracted_empty,replays/round10_b1_herd_safe_submission_56509493/episode_112744949.json,logs/round10_b1_herd_safe_submission_56509493/episode_112744949/agent_1_observation_logs.json,,1,56500376,2171.245115191221,2162.3224315811613,2164.0604271842444,-214.0
112745961,730561144,692,587,571,54.0,1.0,"[[0, []], [72, [""PIZZA_SHOP""]], [144, [""PIZZA_SHOP"", ""ICE_CREAM_SHOP""]], [216, [""PIZZA_SHOP"", ""ICE_CREAM_SHOP"", ""BRUNCH_SPOT""]], [288, [""PIZZA_SHOP"", ""ICE_CREAM_SHOP"", ""BRUNCH_SPOT"", ""FARMERS_MARKET""]], [360, [""PIZZA_SHOP"", ""ICE_CREAM_SHOP"", ""BRUNCH_SPOT"", ""FARMERS_MARKET"", ""YARN_STORE""]], [432, [""PIZZA_SHOP"", ""ICE_CREAM_SHOP"", ""BRUNCH_SPOT"", ""FARMERS_MARKET"", ""YARN_STORE"", ""PET_CAFE""]], [504, [""PIZZA_SHOP"", ""ICE_CREAM_SHOP"", ""BRUNCH_SPOT"", ""FARMERS_MARKET"", ""YARN_STORE"", ""PET_CAFE"", ""PIZZA_SHOP""]], [576, [""PIZZA_SHOP"", ""ICE_CREAM_SHOP"", ""BRUNCH_SPOT"", ""FARMERS_MARKET"", ""YARN_STORE"", ""PET_CAFE"", ""PIZZA_SHOP"", ""SMOOTHIE_SHOP""]]]",433,916,503,209,876,14,99,239,404,1097,345,373,588,482,52,5.0,39,128,449,915,502,209,872,14,99,239,404,1096,345,368,583,482,49.0,5.0,39,132,2026-09-24T05:36:47.934614300Z,2026-09-24T05:42:02.354339Z,COMPLETED,EPISODE_TYPE_PUBLIC,56401124,56509493,2177.893135643857,2171.248226675208,2173.3419318907154,2179.6140499163157,56509493,COMPLETED,1,,rsraki,shun_johnny,win,100723.0,100195.0,720,downloaded,extracted_empty,extracted_empty,replays/round10_b1_herd_safe_submission_56509493/episode_112745961.json,logs/round10_b1_herd_safe_submission_56509493/episode_112745961/agent_1_observation_logs.json,,1,56401124,2171.248226675208,2179.6140499163157,2177.893135643857,528.0
112746444,181110273,719,718,718,,1.0,"[[0, []], [72, [""PIZZA_SHOP""]], [144, [""PIZZA_SHOP"", ""PIZZA_SHOP""]], [216, [""PIZZA_SHOP"", ""PIZZA_SHOP"", ""BAKERY""]], [288, [""PIZZA_SHOP"", ""PIZZA_SHOP"", ""BAKERY"", ""YARN_STORE""]], [360, [""PIZZA_SHOP"", ""PIZZA_SHOP"", ""BAKERY"", ""YARN_STORE"", ""ICE_CREAM_SHOP""]], [432, [""PIZZA_SHOP"", ""PIZZA_SHOP"", ""BAKERY"", ""YARN_STORE"", ""ICE_CREAM_SHOP"", ""YARN_STORE""]], [504, [""PIZZA_SHOP"", ""PIZZA_SHOP"", ""BAKERY"", ""YARN_STORE"", ""ICE_CREAM_SHOP"", ""YARN_STORE"", ""FARMERS_MARKET""]], [576, [""PIZZA_SHOP"", ""PIZZA_SHOP"", ""BAKERY"", ""YARN_STORE"", ""ICE_CREAM_SHOP"", ""YARN_STORE"", ""FARMERS_MARKET"", ""SMOOTHIE_SHOP""]]]",502,917,514,212,909,14,106,249,406,1179,362,368,657,522,50,5.0,37,134,502,917,514,212,909,14,106,249,406,1179,362,368,657,522,50.0,5.0,37,134,2026-09-24T05:36:48.551918300Z,2026-09-24T05:39:49.177330600Z,COMPLETED,EPISODE_TYPE_PUBLIC,56509493,56491897,2162.3224315811613,2178.5258871029405,2171.248226675208,2173.821849288502,56509493,COMPLETED,0,,rsraki,Bruce,win,99253.0,99245.0,720,downloaded,extracted_empty,extracted_empty,replays/round10_b1_herd_safe_submission_56509493/episode_112746444.json,logs/round10_b1_herd_safe_submission_56509493/episode_112746444/agent_0_observation_logs.json,,0,56491897,2162.3224315811613,2171.248226675208,2178.5258871029405,8.0
112747130,1468861837,675,574,536,3.0,1.0,"[[0, []], [72, [""FARMERS_MARKET""]], [144, [""FARMERS_MARKET"", ""BAKERY""]], [216, [""FARMERS_MARKET"", ""BAKERY"", ""ICE_CREAM_SHOP""]], [288, [""FARMERS_MARKET"", ""BAKERY"", ""ICE_CREAM_SHOP"", ""BRUNCH_SPOT""]], [360, [""FARMERS_MARKET"", ""BAKERY"", ""ICE_CREAM_SHOP"", ""BRUNCH_SPOT"", ""BRUNCH_SPOT""]], [432, [""FARMERS_MARKET"", ""BAKERY"", ""ICE_CREAM_SHOP"", ""BRUNCH_SPOT"", ""BRUNCH_SPOT"", ""YARN_STORE""]], [504, [""FARMERS_MARKET"", ""BAKERY"", ""ICE_CREAM_SHOP"", ""BRUNCH_SPOT"", ""BRUNCH_SPOT"", ""YARN_STORE"", ""YARN_STORE""]], [576, [""FARMERS_MARKET"", ""BAKERY"", ""ICE_CREAM_SHOP"", ""BRUNCH_SPOT"", ""BRUNCH_SPOT"", ""YARN_STORE"", ""YARN_STORE"", ""BAKERY""]]]",483,930,512,210,877,12,97,239,417,1103,315,365,579,486,54,7.0,37,125,492,929,511,210,868,12,98,239,417,1099,315,359,572,485,50.0,7.0,37,125,2026-09-24T05:40:45.340717100Z,2026-09-24T05:46:00.238878800Z,COMPLETED,EPISODE_TYPE_PUBLIC,56428684,56509493,2076.3261551899523,2179.6140499163157,2082.560989860749,2168.4961620540166,56509493,COMPLETED,1,,rsraki,matcha110,loss,104825.0,105490.0,720,downloaded,extracted_empty,extracted_empty,replays/round10_b1_herd_safe_submission_56509493/episode_112747130.json,logs/round10_b1_herd_safe_submission_56509493/episode_112747130/agent_1_observation_logs.json,,1,56428684,2179.6140499163157,2168.4961620540166,2076.3261551899523,-665.0
112748339,1360020527,719,685,685,,320.0,"[[0, []], [72, [""YARN_STORE""]], [144, [""YARN_STORE"", ""FARMERS_MARKET""]], [216, [""YARN_STORE"", ""FARMERS_MARKET"", ""SMOOTHIE_SHOP""]], [288, [""YARN_STORE"", ""FARMERS_MARKET"", ""SMOOTHIE_SHOP"", ""PET_CAFE""]], [360, [""YARN_STORE"", ""FARMERS_MARKET"", ""SMOOTHIE_SHOP"", ""PET_CAFE"", ""PET_CAFE""]], [432, [""YARN_STORE"", ""FARMERS_MARKET"", ""SMOOTHIE_SHOP"", ""PET_CAFE"", ""PET_CAFE"", ""SMOOTHIE_SHOP""]], [504, [""YARN_STORE"", ""FARMERS_MARKET"", ""SMOOTHIE_SHOP"", ""PET_CAFE"", ""PET_CAFE"", ""SMOOTHIE_SHOP"", ""YARN_STORE""]], [576, [""YARN_STORE"", ""FARMERS_MARKET"", ""SMOOTHIE_SHOP"", ""PET_CAFE"", ""PET_CAFE"", ""SMOOTHIE_SHOP"", ""YARN_STORE"", ""YARN_STORE""]]]",670,939,586,156,899,17,110,239,397,1096,348,379,619,471,30,2.0,37,102,670,939,586,156,899,17,110,239,397,1096,348,379,619,471,30.0,2.0,37,102,2026-09-24T05:44:45.328394200Z,2026-09-24T05:49:32.550255700Z,COMPLETED,EPISODE_TYPE_PUBLIC,56493578,56509493,2225.154038147267,2168.4961620540166,2228.731459768196,2162.3262346557863,56509493,COMPLETED,1,,rsraki,umair zia,loss,97028.0,99169.0,720,downloaded,extracted_empty,extracted_empty,replays/round10_b1_herd_safe_submission_56509493/episode_112748339.json,logs/round10_b1_herd_safe_submission_56509493/episode_112748339/agent_1_observation_logs.json,,1,56493578,2168.4961620540166,2162.3262346557863,2225.154038147267,-2141.0
112749509,1411682459,718,618,617,34.0,1.0,"[[0, []], [72, [""PIZZA_SHOP""]], [144, [""PIZZA_SHOP"", ""BRUNCH_SPOT""]], [216, [""PIZZA_SHOP"", ""BRUNCH_SPOT"", ""YARN_STORE""]], [288, [""PIZZA_SHOP"", ""BRUNCH_SPOT"", ""YARN_STORE"", ""SMOOTHIE_SHOP""]], [360, [""PIZZA_SHOP"", ""BRUNCH_SPOT"", ""YARN_STORE"", ""SMOOTHIE_SHOP"", ""ICE_CREAM_SHOP""]], [432, [""PIZZA_SHOP"", ""BRUNCH_SPOT"", ""YARN_STORE"", ""SMOOTHIE_SHOP"", ""ICE_CREAM_SHOP"", ""PIZZA_SHOP""]], [504, [""PIZZA_SHOP"", ""BRUNCH_SPOT"", ""YARN_STORE"", ""SMOOTHIE_SHOP"", ""ICE_CREAM_SHOP"", ""PIZZA_SHOP"", ""FARMERS_MARKET""]], [576, [""PIZZA_SHOP"", ""BRUNCH_SPOT"", ""YARN_STORE"", ""SMOOTHIE_SHOP"", ""ICE_CREAM_SHOP"", ""PIZZA_SHOP"", ""FARMERS_MARKET"", ""PET_CAFE""]]]",426,917,493,207,870,19,99,239,404,1097,351,379,586,477,52,,38,112,426,917,493,207,870,18,99,239,404,1097,351,379,586,477,52.0,,39,112,2026-09-24T05:48:44.035211700Z,2026-09-24T05:51:23.159310900Z,COMPLETED,EPISODE_TYPE_PUBLIC,56491123,56509493,2107.484695863147,2166.956926563182,2103.94657843228,2172.875939646992,56509493,COMPLETED,1,,rsraki,washamba_bots,win,108700.0,104328.0,720,downloaded,extracted_empty,extracted_empty,replays/round10_b1_herd_safe_submission_56509493/episode_112749509.json,logs/round10_b1_herd_safe_submission_56509493/episode_112749509/agent_1_observation_logs.json,,1,56491123,2166.956926563182,2172.875939646992,2107.484695863147,4372.0
112749577,1107645473,719,719,719,,,"[[0, []], [72, [""PIZZA_SHOP""]], [144, [""PIZZA_SHOP"", ""BAKERY""]], [216, [""PIZZA_SHOP"", ""BAKERY"", ""PET_CAFE""]], [288, [""PIZZA_SHOP"", ""BAKERY"", ""PET_CAFE"", ""FARMERS_MARKET""]], [360, [""PIZZA_SHOP"", ""BAKERY"", ""PET_CAFE"", ""FARMERS_MARKET"", ""PIZZA_SHOP""]], [432, [""PIZZA_SHOP"", ""BAKERY"", ""PET_CAFE"", ""FARMERS_MARKET"", ""PIZZA_SHOP"", ""YARN_STORE""]], [504, [""PIZZA_SHOP"", ""BAKERY"", ""PET_CAFE"", ""FARMERS_MARKET"", ""PIZZA_SHOP"", ""YARN_STORE"", ""FARMERS_MARKET""]], [576, [""PIZZA_SHOP"", ""BAKERY"", ""PET_CAFE"", ""FARMERS_MARKET"", ""PIZZA_SHOP"", ""YARN_STORE"", ""FARMERS_MARKET"", ""BAKERY""]]]",556,922,514,212,907,14,108,249,405,1178,309,368,652,522,49,5.0,38,134,556,922,514,212,907,14,108,249,405,1178,309,368,652,522,49.0,5.0,38,134,2026-09-24T05:48:44.132500900Z,2026-09-24T05:50:57.372247100Z,COMPLETED,EPISODE_TYPE_PUBLIC,56509309,56509493,2272.309730708788,2162.3262346557863,2268.250766627957,2166.956926563182,56509493,COMPLETED,1,,rsraki,awarse,draw,69691.0,69691.0,720,downloaded,extracted_empty,extracted_empty,replays/round10_b1_herd_safe_submission_56509493/episode_112749577.json,logs/round10_b1_herd_safe_submission_56509493/episode_112749577/agent_1_observation_logs.json,,1,56509309,2162.3262346557863,2166.956926563182,2272.309730708788,0.0
112750796,493206024,714,606,604,184.0,1.0,"[[0, []], [72, [""SMOOTHIE_SHOP""]], [144, [""SMOOTHIE_SHOP"", ""PET_CAFE""]], [216, [""SMOOTHIE_SHOP"", ""PET_CAFE"", ""PIZZA_SHOP""]], [288, [""SMOOTHIE_SHOP"", ""PET_CAFE"", ""PIZZA_SHOP"", ""ICE_CREAM_SHOP""]], [360, [""SMOOTHIE_SHOP"", ""PET_CAFE"", ""PIZZA_SHOP"", ""ICE_CREAM_SHOP"", ""BAKERY""]], [432, [""SMOOTHIE_SHOP"", ""PET_CAFE"", ""PIZZA_SHOP"", ""ICE_CREAM_SHOP"", ""BAKERY"", ""FARMERS_MARKET""]], [504, [""SMOOTHIE_SHOP"", ""PET_CAFE"", ""PIZZA_SHOP"", ""ICE_CREAM_SHOP"", ""BAKERY"", ""FARMERS_MARKET"", ""PET_CAFE""]], [576, [""SMOOTHIE_SHOP"", ""PET_CAFE"", ""PIZZA_SHOP"", ""ICE_CREAM_SHOP"", ""BAKERY"", ""FARMERS_MARKET"", ""PET_CAFE"", ""BRUNCH_SPOT""]]]",448,919,495,207,867,14,99,239,403,1099,327,375,585,483,52,5.0,38,112,447,919,495,207,867,14,99,239,403,1099,327,375,585,483,52.0,5.0,39,112,2026-09-24T05:52:44.043303200Z,2026-09-24T05:56:50.272978500Z,COMPLETED,EPISODE_TYPE_PUBLIC,56509493,56496034,2172.875939646992,2216.7226749024826,2166.7214118431034,2220.4934687581645,56509493,COMPLETED,0,,rsraki,Seyit kaan Gunes,loss,91249.0,91566.0,720,downloaded,extracted_empty,extracted_empty,replays/round10_b1_herd_safe_submission_56509493/episode_112750796.json,logs/round10_b1_herd_safe_submission_56509493/episode_112750796/agent_0_observation_logs.json,,0,56496034,2172.875939646992,2166.7214118431034,2216.7226749024826,-317.0
112751861,297478898,719,717,717,,664.0,"[[0, []], [72, [""BRUNCH_SPOT""]], [144, [""BRUNCH_SPOT"", ""ICE_CREAM_SHOP""]], [216, [""BRUNCH_SPOT"", ""ICE_CREAM_SHOP"", ""BAKERY""]], [288, [""BRUNCH_SPOT"", ""ICE_CREAM_SHOP"", ""BAKERY"", ""BAKERY""]], [360, [""BRUNCH_SPOT"", ""ICE_CREAM_SHOP"", ""BAKERY"", ""BAKERY"", ""ICE_CREAM_SHOP""]], [432, [""BRUNCH_SPOT"", ""ICE_CREAM_SHOP"", ""BAKERY"", ""BAKERY"", ""ICE_CREAM_SHOP"", ""SMOOTHIE_SHOP""]], [504, [""BRUNCH_SPOT"", ""ICE_CREAM_SHOP"", ""BAKERY"", ""BAKERY"", ""ICE_CREAM_SHOP"", ""SMOOTHIE_SHOP"", ""BRUNCH_SPOT""]], [576, [""BRUNCH_SPOT"", ""ICE_CREAM_SHOP"", ""BAKERY"", ""BAKERY"", ""ICE_CREAM_SHOP"", ""SMOOTHIE_SHOP"", ""BRUNCH_SPOT"", ""PIZZA_SHOP""]]]",466,923,499,209,880,14,99,239,405,1098,314,374,589,480,52,5.0,38,124,466,923,499,209,880,14,99,239,405,1098,314,374,589,480,52.0,5.0,38,124,2026-09-24T05:56:49.736457Z,2026-09-24T05:59:51.449341100Z,COMPLETED,EPISODE_TYPE_PUBLIC,56507295,56509493,2131.119976780766,2166.7214118431034,2136.169758016859,2158.6814851152258,56509493,COMPLETED,1,,rsraki,sneaky6767,loss,98372.0,98386.0,720,downloaded,extracted_empty,extracted_empty,replays/round10_b1_herd_safe_submission_56509493/episode_112751861.json,logs/round10_b1_herd_safe_submission_56509493/episode_112751861/agent_1_observation_logs.json,,1,56507295,2166.7214118431034,2158.6814851152258,2131.119976780766,-14.0
112752873,355430244,3,199,0,2.0,1.0,"[[0, []], [72, [""BRUNCH_SPOT""]], [144, [""BRUNCH_SPOT"", ""SMOOTHIE_SHOP""]], [216, [""BRUNCH_SPOT"", ""SMOOTHIE_SHOP"", ""SMOOTHIE_SHOP""]], [288, [""BRUNCH_SPOT"", ""SMOOTHIE_SHOP"", ""SMOOTHIE_SHOP"", ""BRUNCH_SPOT""]], [360, [""BRUNCH_SPOT"", ""SMOOTHIE_SHOP"", ""SMOOTHIE_SHOP"", ""BRUNCH_SPOT"", ""SMOOTHIE_SHOP""]], [432, [""BRUNCH_SPOT"", ""SMOOTHIE_SHOP"", ""SMOOTHIE_SHOP"", ""BRUNCH_SPOT"", ""SMOOTHIE_SHOP"", ""BRUNCH_SPOT""]], [504, [""BRUNCH_SPOT"", ""SMOOTHIE_SHOP"", ""SMOOTHIE_SHOP"", ""BRUNCH_SPOT"", ""SMOOTHIE_SHOP"", ""BRUNCH_SPOT"", ""SMOOTHIE_SHOP""]], [576, [""BRUNCH_SPOT"", ""SMOOTHIE_SHOP"", ""SMOOTHIE_SHOP"", ""BRUNCH_SPOT"", ""SMOOTHIE_SHOP"", ""BRUNCH_SPOT"", ""SMOOTHIE_SHOP"", ""YARN_STORE""]]]",436,907,488,204,857,14,99,239,404,1097,334,373,579,482,52,5.0,38,95,1358,852,624,219,925,11,152,186,246,944,278,311,790,451,68.0,3.0,46,157,2026-09-24T06:00:52.498184Z,2026-09-24T06:05:52.789403900Z,COMPLETED,EPISODE_TYPE_PUBLIC,56509493,56365641,2158.6814851152258,2165.5939463490404,2151.946139813631,2169.942477285916,56509493,COMPLETED,0,,rsraki,b13902103_yuhung94,loss,132294.0,136064.0,720,downloaded,extracted_empty,extracted_empty,replays/round10_b1_herd_safe_submission_56509493/episode_112752873.json,logs/round10_b1_herd_safe_submission_56509493/episode_112752873/agent_0_observation_logs.json,,0,56365641,2158.6814851152258,2151.946139813631,2165.5939463490404,-3770.0
112754190,1454998354,702,646,639,470.0,1.0,"[[0, []], [72, [""BRUNCH_SPOT""]], [144, [""BRUNCH_SPOT"", ""FARMERS_MARKET""]], [216, [""BRUNCH_SPOT"", ""FARMERS_MARKET"", ""BAKERY""]], [288, [""BRUNCH_SPOT"", ""FARMERS_MARKET"", ""BAKERY"", ""BRUNCH_SPOT""]], [360, [""BRUNCH_SPOT"", ""FARMERS_MARKET"", ""BAKERY"", ""BRUNCH_SPOT"", ""PET_CAFE""]], [432, [""BRUNCH_SPOT"", ""FARMERS_MARKET"", ""BAKERY"", ""BRUNCH_SPOT"", ""PET_CAFE"", ""FARMERS_MARKET""]], [504, [""BRUNCH_SPOT"", ""FARMERS_MARKET"", ""BAKERY"", ""BRUNCH_SPOT"", ""PET_CAFE"", ""FARMERS_MARKET"", ""YARN_STORE""]], [576, [""BRUNCH_SPOT"", ""FARMERS_MARKET"", ""BAKERY"", ""BRUNCH_SPOT"", ""PET_CAFE"", ""FARMERS_MARKET"", ""YARN_STORE"", ""YARN_STORE""]]]",441,962,536,213,890,11,100,239,400,1104,305,385,595,508,54,9.0,38,127,436,962,536,213,890,11,100,239,402,1104,305,383,595,507,54.0,9.0,38,133,2026-09-24T06:04:43.832616100Z,2026-09-24T06:07:32.106522100Z,COMPLETED,EPISODE_TYPE_PUBLIC,56509493,56490029,2151.946139813631,2101.1075858697845,2157.490701630147,2097.436624764442,56509493,COMPLETED,0,,rsraki,Sian,win,99939.0,98870.0,720,downloaded,extracted_empty,extracted_empty,replays/round10_b1_herd_safe_submission_56509493/episode_112754190.json,logs/round10_b1_herd_safe_submission_56509493/episode_112754190/agent_0_observation_logs.json,,0,56490029,2151.946139813631,2157.490701630147,2101.1075858697845,1069.0
112755365,1674175287,464,588,381,17.0,1.0,"[[0, []], [72, [""BRUNCH_SPOT""]], [144, [""BRUNCH_SPOT"", ""ICE_CREAM_SHOP""]], [216, [""BRUNCH_SPOT"", ""ICE_CREAM_SHOP"", ""FARMERS_MARKET""]], [288, [""BRUNCH_SPOT"", ""ICE_CREAM_SHOP"", ""FARMERS_MARKET"", ""BAKERY""]], [360, [""BRUNCH_SPOT"", ""ICE_CREAM_SHOP"", ""FARMERS_MARKET"", ""BAKERY"", ""YARN_STORE""]], [432, [""BRUNCH_SPOT"", ""ICE_CREAM_SHOP"", ""FARMERS_MARKET"", ""BAKERY"", ""YARN_STORE"", ""BRUNCH_SPOT""]], [504, [""BRUNCH_SPOT"", ""ICE_CREAM_SHOP"", ""FARMERS_MARKET"", ""BAKERY"", ""YARN_STORE"", ""BRUNCH_SPOT"", ""SMOOTHIE_SHOP""]], [576, [""BRUNCH_SPOT"", ""ICE_CREAM_SHOP"", ""FARMERS_MARKET"", ""BAKERY"", ""YARN_STORE"", ""BRUNCH_SPOT"", ""SMOOTHIE_SHOP"", ""YARN_STORE""]]]",468,918,498,208,874,14,99,238,405,1098,311,373,588,481,52,5.0,39,118,349,948,503,208,886,14,98,240,397,1097,311,378,603,529,53.0,5.0,38,130,2026-09-24T06:08:44.395991Z,2026-09-24T06:13:53.731942200Z,COMPLETED,EPISODE_TYPE_PUBLIC,56492874,56509493,2292.402841030341,2157.490701630147,2294.929598435229,2153.760050711708,56509493,COMPLETED,1,,rsraki,julien gaza,loss,107603.0,108230.0,720,downloaded,extracted_empty,extracted_empty,replays/round10_b1_herd_safe_submission_56509493/episode_112755365.json,logs/round10_b1_herd_safe_submission_56509493/episode_112755365/agent_1_observation_logs.json,,1,56492874,2157.490701630147,2153.760050711708,2292.402841030341,-627.0
112756505,114810731,716,548,548,476.0,1.0,"[[0, []], [72, [""BRUNCH_SPOT""]], [144, [""BRUNCH_SPOT"", ""PET_CAFE""]], [216, [""BRUNCH_SPOT"", ""PET_CAFE"", ""SMOOTHIE_SHOP""]], [288, [""BRUNCH_SPOT"", ""PET_CAFE"", ""SMOOTHIE_SHOP"", ""PIZZA_SHOP""]], [360, [""BRUNCH_SPOT"", ""PET_CAFE"", ""SMOOTHIE_SHOP"", ""PIZZA_SHOP"", ""PET_CAFE""]], [432, [""BRUNCH_SPOT"", ""PET_CAFE"", ""SMOOTHIE_SHOP"", ""PIZZA_SHOP"", ""PET_CAFE"", ""FARMERS_MARKET""]], [504, [""BRUNCH_SPOT"", ""PET_CAFE"", ""SMOOTHIE_SHOP"", ""PIZZA_SHOP"", ""PET_CAFE"", ""FARMERS_MARKET"", ""ICE_CREAM_SHOP""]], [576, [""BRUNCH_SPOT"", ""PET_CAFE"", ""SMOOTHIE_SHOP"", ""PIZZA_SHOP"", ""PET_CAFE"", ""FARMERS_MARKET"", ""ICE_CREAM_SHOP"", ""BRUNCH_SPOT""]]]",451,920,499,208,872,12,98,239,403,1100,324,372,587,488,53,7.0,37,118,451,920,499,208,872,12,98,239,403,1100,324,374,587,486,53.0,7.0,37,118,2026-09-24T06:12:45.278817Z,2026-09-24T06:17:28.414110Z,COMPLETED,EPISODE_TYPE_PUBLIC,56509754,56509493,2227.6976191830818,2153.760050711708,2232.734082668325,2148.944385904099,56509493,COMPLETED,1,,rsraki,wonder777,loss,83698.0,84137.0,720,downloaded,extracted_empty,extracted_empty,replays/round10_b1_herd_safe_submission_56509493/episode_112756505.json,logs/round10_b1_herd_safe_submission_56509493/episode_112756505/agent_1_observation_logs.json,,1,56509754,2153.760050711708,2148.944385904099,2227.6976191830818,-439.0
112756518,1535426171,714,618,618,657.0,1.0,"[[0, []], [72, [""SMOOTHIE_SHOP""]], [144, [""SMOOTHIE_SHOP"", ""ICE_CREAM_SHOP""]], [216, [""SMOOTHIE_SHOP"", ""ICE_CREAM_SHOP"", ""PIZZA_SHOP""]], [288, [""SMOOTHIE_SHOP"", ""ICE_CREAM_SHOP"", ""PIZZA_SHOP"", ""ICE_CREAM_SHOP""]], [360, [""SMOOTHIE_SHOP"", ""ICE_CREAM_SHOP"", ""PIZZA_SHOP"", ""ICE_CREAM_SHOP"", ""PET_CAFE""]], [432, [""SMOOTHIE_SHOP"", ""ICE_CREAM_SHOP"", ""PIZZA_SHOP"", ""ICE_CREAM_SHOP"", ""PET_CAFE"", ""PIZZA_SHOP""]], [504, [""SMOOTHIE_SHOP"", ""ICE_CREAM_SHOP"", ""PIZZA_SHOP"", ""ICE_CREAM_SHOP"", ""PET_CAFE"", ""PIZZA_SHOP"", ""SMOOTHIE_SHOP""]], [576, [""SMOOTHIE_SHOP"", ""ICE_CREAM_SHOP"", ""PIZZA_SHOP"", ""ICE_CREAM_SHOP"", ""PET_CAFE"", ""PIZZA_SHOP"", ""SMOOTHIE_SHOP"", ""BAKERY""]]]",444,917,493,207,870,19,99,239,404,1097,333,379,586,477,53,,38,112,444,917,493,207,870,19,99,239,404,1097,333,379,586,477,53.0,,38,112,2026-09-24T06:12:45.292460900Z,2026-09-24T06:17:49.334836500Z,COMPLETED,EPISODE_TYPE_PUBLIC,56508611,56509493,2181.998492397144,2148.944385904099,2185.9422803601524,2143.343766918863,56509493,COMPLETED,1,,rsraki,edteoh,loss,143572.0,143573.0,720,downloaded,extracted_empty,extracted_empty,replays/round10_b1_herd_safe_submission_56509493/episode_112756518.json,logs/round10_b1_herd_safe_submission_56509493/episode_112756518/agent_1_observation_logs.json,,1,56508611,2148.944385904099,2143.343766918863,2181.998492397144,-1.0
112757690,815179728,714,676,672,713.0,1.0,"[[0, []], [72, [""PIZZA_SHOP""]], [144, [""PIZZA_SHOP"", ""YARN_STORE""]], [216, [""PIZZA_SHOP"", ""YARN_STORE"", ""SMOOTHIE_SHOP""]], [288, [""PIZZA_SHOP"", ""YARN_STORE"", ""SMOOTHIE_SHOP"", ""PIZZA_SHOP""]], [360, [""PIZZA_SHOP"", ""YARN_STORE"", ""SMOOTHIE_SHOP"", ""PIZZA_SHOP"", ""ICE_CREAM_SHOP""]], [432, [""PIZZA_SHOP"", ""YARN_STORE"", ""SMOOTHIE_SHOP"", ""PIZZA_SHOP"", ""ICE_CREAM_SHOP"", ""ICE_CREAM_SHOP""]], [504, [""PIZZA_SHOP"", ""YARN_STORE"", ""SMOOTHIE_SHOP"", ""PIZZA_SHOP"", ""ICE_CREAM_SHOP"", ""ICE_CREAM_SHOP"", ""BAKERY""]], [576, [""PIZZA_SHOP"", ""YARN_STORE"", ""SMOOTHIE_SHOP"", ""PIZZA_SHOP"", ""ICE_CREAM_SHOP"", ""ICE_CREAM_SHOP"", ""BAKERY"", ""BAKERY""]]]",684,940,579,156,902,17,110,239,397,1096,348,379,618,462,30,2.0,36,101,683,938,577,156,904,17,112,239,397,1096,348,377,620,464,29.0,2.0,36,101,2026-09-24T06:16:43.346849200Z,2026-09-24T06:20:07.495178800Z,COMPLETED,EPISODE_TYPE_PUBLIC,56410597,56509493,2186.5927459324384,2143.343766918863,2181.396470168067,2150.5616562152454,56509493,COMPLETED,1,,rsraki, Master Bob111,win,104476.0,103280.0,720,downloaded,extracted_empty,extracted_empty,replays/round10_b1_herd_safe_submission_56509493/episode_112757690.json,logs/round10_b1_herd_safe_submission_56509493/episode_112757690/agent_1_observation_logs.json,,1,56410597,2143.343766918863,2150.5616562152454,2186.5927459324384,1196.0
112758841,1547362660,628,634,588,591.0,1.0,"[[0, []], [72, [""BRUNCH_SPOT""]], [144, [""BRUNCH_SPOT"", ""YARN_STORE""]], [216, [""BRUNCH_SPOT"", ""YARN_STORE"", ""PET_CAFE""]], [288, [""BRUNCH_SPOT"", ""YARN_STORE"", ""PET_CAFE"", ""PIZZA_SHOP""]], [360, [""BRUNCH_SPOT"", ""YARN_STORE"", ""PET_CAFE"", ""PIZZA_SHOP"", ""BAKERY""]], [432, [""BRUNCH_SPOT"", ""YARN_STORE"", ""PET_CAFE"", ""PIZZA_SHOP"", ""BAKERY"", ""PIZZA_SHOP""]], [504, [""BRUNCH_SPOT"", ""YARN_STORE"", ""PET_CAFE"", ""PIZZA_SHOP"", ""BAKERY"", ""PIZZA_SHOP"", ""SMOOTHIE_SHOP""]], [576, [""BRUNCH_SPOT"", ""YARN_STORE"", ""PET_CAFE"", ""PIZZA_SHOP"", ""BAKERY"", ""PIZZA_SHOP"", ""SMOOTHIE_SHOP"", ""YARN_STORE""]]]",695,943,588,158,910,17,110,239,397,1096,337,379,624,463,30,2.0,36,114,698,938,581,157,909,17,112,239,397,1096,337,377,622,464,29.0,2.0,36,106,2026-09-24T06:20:47.590381300Z,2026-09-24T06:25:32.830867400Z,COMPLETED,EPISODE_TYPE_PUBLIC,56509493,56475019,2150.5616562152454,2166.0722995482606,2144.839133728486,2170.293658258569,56509493,COMPLETED,0,,rsraki,playboicarti,loss,73805.0,74206.0,720,downloaded,extracted_empty,extracted_empty,replays/round10_b1_herd_safe_submission_56509493/episode_112758841.json,logs/round10_b1_herd_safe_submission_56509493/episode_112758841/agent_0_observation_logs.json,,0,56475019,2150.5616562152454,2144.839133728486,2166.0722995482606,-401.0
112759854,2109368863,673,666,641,161.0,1.0,"[[0, []], [72, [""YARN_STORE""]], [144, [""YARN_STORE"", ""YARN_STORE""]], [216, [""YARN_STORE"", ""YARN_STORE"", ""ICE_CREAM_SHOP""]], [288, [""YARN_STORE"", ""YARN_STORE"", ""ICE_CREAM_SHOP"", ""PET_CAFE""]], [360, [""YARN_STORE"", ""YARN_STORE"", ""ICE_CREAM_SHOP"", ""PET_CAFE"", ""FARMERS_MARKET""]], [432, [""YARN_STORE"", ""YARN_STORE"", ""ICE_CREAM_SHOP"", ""PET_CAFE"", ""FARMERS_MARKET"", ""FARMERS_MARKET""]], [504, [""YARN_STORE"", ""YARN_STORE"", ""ICE_CREAM_SHOP"", ""PET_CAFE"", ""FARMERS_MARKET"", ""FARMERS_MARKET"", ""SMOOTHIE_SHOP""]], [576, [""YARN_STORE"", ""YARN_STORE"", ""ICE_CREAM_SHOP"", ""PET_CAFE"", ""FARMERS_MARKET"", ""FARMERS_MARKET"", ""SMOOTHIE_SHOP"", ""SMOOTHIE_SHOP""]]]",731,953,615,181,917,23,137,239,500,1095,456,439,678,496,25,2.0,36,96,733,957,611,181,917,23,137,239,500,1096,456,440,677,495,25.0,2.0,36,96,2026-09-24T06:24:43.142750300Z,2026-09-24T06:27:05.181275300Z,COMPLETED,EPISODE_TYPE_PUBLIC,56509493,56512120,2144.839133728486,2157.4065898597105,2139.754730031976,2199.1556772779377,56509493,COMPLETED,0,,rsraki,Shun,loss,101757.0,101808.0,720,downloaded,extracted_empty,extracted_empty,replays/round10_b1_herd_safe_submission_56509493/episode_112759854.json,logs/round10_b1_herd_safe_submission_56509493/episode_112759854/agent_0_observation_logs.json,,0,56512120,2144.839133728486,2139.754730031976,2157.4065898597105,-51.0
112761179,1947945250,714,681,677,713.0,1.0,"[[0, []], [72, [""YARN_STORE""]], [144, [""YARN_STORE"", ""ICE_CREAM_SHOP""]], [216, [""YARN_STORE"", ""ICE_CREAM_SHOP"", ""BRUNCH_SPOT""]], [288, [""YARN_STORE"", ""ICE_CREAM_SHOP"", ""BRUNCH_SPOT"", ""FARMERS_MARKET""]], [360, [""YARN_STORE"", ""ICE_CREAM_SHOP"", ""BRUNCH_SPOT"", ""FARMERS_MARKET"", ""FARMERS_MARKET""]], [432, [""YARN_STORE"", ""ICE_CREAM_SHOP"", ""BRUNCH_SPOT"", ""FARMERS_MARKET"", ""FARMERS_MARKET"", ""PET_CAFE""]], [504, [""YARN_STORE"", ""ICE_CREAM_SHOP"", ""BRUNCH_SPOT"", ""FARMERS_MARKET"", ""FARMERS_MARKET"", ""PET_CAFE"", ""YARN_STORE""]], [576, [""YARN_STORE"", ""ICE_CREAM_SHOP"", ""BRUNCH_SPOT"", ""FARMERS_MARKET"", ""FARMERS_MARKET"", ""PET_CAFE"", ""YARN_STORE"", ""YARN_STORE""]]]",688,947,589,158,911,17,110,239,397,1097,346,379,618,462,30,2.0,36,112,687,945,587,158,913,17,112,239,397,1097,346,377,620,464,29.0,2.0,36,112,2026-09-24T06:28:44.437152900Z,2026-09-24T06:30:05.721207900Z,COMPLETED,EPISODE_TYPE_PUBLIC,56496910,56509493,2148.402613244505,2139.754730031976,2143.7865595744597,2145.773592104744,56509493,COMPLETED,1,,rsraki,Haraguchi-T,win,118634.0,118198.0,720,downloaded,extracted_empty,extracted_empty,replays/round10_b1_herd_safe_submission_56509493/episode_112761179.json,logs/round10_b1_herd_safe_submission_56509493/episode_112761179/agent_1_observation_logs.json,,1,56496910,2139.754730031976,2145.773592104744,2148.402613244505,436.0
112762368,1099122777,642,526,477,3.0,1.0,"[[0, []], [72, [""PET_CAFE""]], [144, [""PET_CAFE"", ""ICE_CREAM_SHOP""]], [216, [""PET_CAFE"", ""ICE_CREAM_SHOP"", ""BAKERY""]], [288, [""PET_CAFE"", ""ICE_CREAM_SHOP"", ""BAKERY"", ""PET_CAFE""]], [360, [""PET_CAFE"", ""ICE_CREAM_SHOP"", ""BAKERY"", ""PET_CAFE"", ""YARN_STORE""]], [432, [""PET_CAFE"", ""ICE_CREAM_SHOP"", ""BAKERY"", ""PET_CAFE"", ""YARN_STORE"", ""BAKERY""]], [504, [""PET_CAFE"", ""ICE_CREAM_SHOP"", ""BAKERY"", ""PET_CAFE"", ""YARN_STORE"", ""BAKERY"", ""BRUNCH_SPOT""]], [576, [""PET_CAFE"", ""ICE_CREAM_SHOP"", ""BAKERY"", ""PET_CAFE"", ""YARN_STORE"", ""BAKERY"", ""BRUNCH_SPOT"", ""FARMERS_MARKET""]]]",469,920,499,208,872,14,99,239,403,1099,307,375,587,484,52,5.0,38,118,475,919,498,208,864,14,99,239,404,1096,307,368,579,482,48.0,5.0,37,123,2026-09-24T06:32:47.170508100Z,2026-09-24T06:37:10.959782700Z,COMPLETED,EPISODE_TYPE_PUBLIC,56428684,56509493,2070.809253465814,2145.773592104744,2067.4818915810224,2150.018552799713,56509493,COMPLETED,1,,rsraki,matcha110,win,65286.0,64682.0,720,downloaded,extracted_empty,extracted_empty,replays/round10_b1_herd_safe_submission_56509493/episode_112762368.json,logs/round10_b1_herd_safe_submission_56509493/episode_112762368/agent_1_observation_logs.json,,1,56428684,2145.773592104744,2150.018552799713,2070.809253465814,604.0
112763535,663623856,715,671,671,161.0,1.0,"[[0, []], [72, [""YARN_STORE""]], [144, [""YARN_STORE"", ""PIZZA_SHOP""]], [216, [""YARN_STORE"", ""PIZZA_SHOP"", ""YARN_STORE""]], [288, [""YARN_STORE"", ""PIZZA_SHOP"", ""YARN_STORE"", ""PET_CAFE""]], [360, [""YARN_STORE"", ""PIZZA_SHOP"", ""YARN_STORE"", ""PET_CAFE"", ""SMOOTHIE_SHOP""]], [432, [""YARN_STORE"", ""PIZZA_SHOP"", ""YARN_STORE"", ""PET_CAFE"", ""SMOOTHIE_SHOP"", ""PET_CAFE""]], [504, [""YARN_STORE"", ""PIZZA_SHOP"", ""YARN_STORE"", ""PET_CAFE"", ""SMOOTHIE_SHOP"", ""PET_CAFE"", ""FARMERS_MARKET""]], [576, [""YARN_STORE"", ""PIZZA_SHOP"", ""YARN_STORE"", ""PET_CAFE"", ""SMOOTHIE_SHOP"", ""PET_CAFE"", ""FARMERS_MARKET"", ""PET_CAFE""]]]",730,953,615,181,917,23,137,239,500,1095,457,439,678,496,25,2.0,36,96,730,953,615,181,917,23,137,239,500,1095,457,439,678,496,25.0,2.0,36,96,2026-09-24T06:36:53.254752200Z,2026-09-24T06:42:21.348479700Z,COMPLETED,EPISODE_TYPE_PUBLIC,56509493,56469176,2154.734869830852,2066.0043256934177,2158.587616240915,2062.869099057518,56509493,COMPLETED,0,,rsraki,Adrian Phillips,win,83987.0,83342.0,720,downloaded,extracted_empty,extracted_empty,replays/round10_b1_herd_safe_submission_56509493/episode_112763535.json,logs/round10_b1_herd_safe_submission_56509493/episode_112763535/agent_0_observation_logs.json,,0,56469176,2154.734869830852,2158.587616240915,2066.0043256934177,645.0
112763647,1897050702,708,633,629,567.0,1.0,"[[0, []], [72, [""SMOOTHIE_SHOP""]], [144, [""SMOOTHIE_SHOP"", ""BAKERY""]], [216, [""SMOOTHIE_SHOP"", ""BAKERY"", ""PET_CAFE""]], [288, [""SMOOTHIE_SHOP"", ""BAKERY"", ""PET_CAFE"", ""BRUNCH_SPOT""]], [360, [""SMOOTHIE_SHOP"", ""BAKERY"", ""PET_CAFE"", ""BRUNCH_SPOT"", ""ICE_CREAM_SHOP""]], [432, [""SMOOTHIE_SHOP"", ""BAKERY"", ""PET_CAFE"", ""BRUNCH_SPOT"", ""ICE_CREAM_SHOP"", ""SMOOTHIE_SHOP""]], [504, [""SMOOTHIE_SHOP"", ""BAKERY"", ""PET_CAFE"", ""BRUNCH_SPOT"", ""ICE_CREAM_SHOP"", ""SMOOTHIE_SHOP"", ""BAKERY""]], [576, [""SMOOTHIE_SHOP"", ""BAKERY"", ""PET_CAFE"", ""BRUNCH_SPOT"", ""ICE_CREAM_SHOP"", ""SMOOTHIE_SHOP"", ""BAKERY"", ""ICE_CREAM_SHOP""]]]",460,917,495,207,868,14,99,239,403,1099,316,375,585,483,52,5.0,38,112,461,917,495,207,868,14,99,239,405,1099,316,373,585,482,52.0,5.0,38,112,2026-09-24T06:36:53.670668600Z,2026-09-24T06:38:50.670944700Z,COMPLETED,EPISODE_TYPE_PUBLIC,56508577,56509493,2104.845782680424,2150.018552799713,2101.02921247838,2154.734869830852,56509493,COMPLETED,1,,rsraki,winstonton,win,86061.0,85195.0,720,downloaded,extracted_empty,extracted_empty,replays/round10_b1_herd_safe_submission_56509493/episode_112763647.json,logs/round10_b1_herd_safe_submission_56509493/episode_112763647/agent_1_observation_logs.json,,1,56508577,2150.018552799713,2154.734869830852,2104.845782680424,866.0
