episode_id,step,seat,role,money,hands,quadrants,inventory_WHEAT,inventory_CARROT,inventory_TOMATO,inventory_STRAWBERRY,inventory_MELON,inventory_MILK,inventory_WOOL,inventory_EGG,inventory_FERTILIZER,inventory_COW,inventory_SHEEP,inventory_GOOSE,seeds_WHEAT,seeds_CARROT,seeds_TOMATO,seeds_STRAWBERRY,seeds_MELON,yield_total,crop_WHEAT,crop_MELON,animal_SHEEP,animal_COW,yield_WHEAT,yield_MELON,yield_SHEEP,yield_COW,crop_STRAWBERRY,yield_STRAWBERRY,animal_GOOSE,yield_GOOSE,crop_CARROT,yield_CARROT,weeds,crop_TOMATO,yield_TOMATO
112694372,0,0,self,3000.0,0,1,0,0,0,0,0,0,0,0,0,0,0,0,0,0,0,0,0,0,0.0,0.0,0.0,0.0,0.0,0.0,0.0,0.0,0.0,0.0,0.0,0.0,0.0,0.0,0.0,0.0,0.0
112694372,0,1,opponent,3000.0,0,1,0,0,0,0,0,0,0,0,0,0,0,0,0,0,0,0,0,0,0.0,0.0,0.0,0.0,0.0,0.0,0.0,0.0,0.0,0.0,0.0,0.0,0.0,0.0,0.0,0.0,0.0
112694372,23,0,self,12.0,5,1,3,0,0,0,0,0,0,0,0,0,0,0,0,0,0,0,0,20,8.0,12.0,2.0,2.0,8.0,12.0,0.0,0.0,0.0,0.0,0.0,0.0,0.0,0.0,0.0,0.0,0.0
112694372,23,1,opponent,12.0,5,1,3,0,0,0,0,0,0,0,0,0,0,0,0,0,0,0,0,20,8.0,12.0,2.0,2.0,8.0,12.0,0.0,0.0,0.0,0.0,0.0,0.0,0.0,0.0,0.0,0.0,0.0
112694372,24,0,self,12.0,0,1,3,0,0,0,0,0,0,0,0,0,0,0,0,0,0,0,0,20,8.0,12.0,2.0,2.0,8.0,12.0,0.0,0.0,0.0,0.0,0.0,0.0,0.0,0.0,0.0,0.0,0.0
112694372,24,1,opponent,12.0,0,1,3,0,0,0,0,0,0,0,0,0,0,0,0,0,0,0,0,20,8.0,12.0,2.0,2.0,8.0,12.0,0.0,0.0,0.0,0.0,0.0,0.0,0.0,0.0,0.0,0.0,0.0
112694372,47,0,self,101.0,3,1,6,0,0,0,0,0,0,0,1,0,0,0,0,0,0,0,0,20,8.0,12.0,2.0,2.0,8.0,12.0,0.0,0.0,0.0,0.0,0.0,0.0,0.0,0.0,0.0,0.0,0.0
112694372,47,1,opponent,101.0,3,1,6,0,0,0,0,0,0,0,1,0,0,0,0,0,0,0,0,20,8.0,12.0,2.0,2.0,8.0,12.0,0.0,0.0,0.0,0.0,0.0,0.0,0.0,0.0,0.0,0.0,0.0
112694372,71,0,self,214.0,4,1,6,0,0,0,0,0,0,0,0,0,0,0,0,0,0,0,0,25,8.0,12.0,2.0,3.0,13.0,12.0,0.0,0.0,0.0,0.0,0.0,0.0,0.0,0.0,0.0,0.0,0.0
112694372,71,1,opponent,214.0,4,1,6,0,0,0,0,0,0,0,0,0,0,0,0,0,0,0,0,25,8.0,12.0,2.0,3.0,13.0,12.0,0.0,0.0,0.0,0.0,0.0,0.0,0.0,0.0,0.0,0.0,0.0
112694372,72,0,self,214.0,0,1,6,0,0,0,0,0,0,0,0,0,0,0,0,0,0,0,0,25,8.0,12.0,2.0,3.0,13.0,12.0,0.0,0.0,0.0,0.0,0.0,0.0,0.0,0.0,0.0,0.0,0.0
112694372,72,1,opponent,214.0,0,1,6,0,0,0,0,0,0,0,0,0,0,0,0,0,0,0,0,25,8.0,12.0,2.0,3.0,13.0,12.0,0.0,0.0,0.0,0.0,0.0,0.0,0.0,0.0,0.0,0.0,0.0
112694372,95,0,self,267.0,5,1,14,0,0,0,0,0,0,0,1,1,0,0,0,0,0,0,0,19,7.0,12.0,2.0,3.0,7.0,12.0,0.0,0.0,0.0,0.0,0.0,0.0,0.0,0.0,0.0,0.0,0.0
112694372,95,1,opponent,267.0,5,1,14,0,0,0,0,0,0,0,1,1,0,0,0,0,0,0,0,19,7.0,12.0,2.0,3.0,7.0,12.0,0.0,0.0,0.0,0.0,0.0,0.0,0.0,0.0,0.0,0.0,0.0
112694372,119,0,self,672.0,4,1,19,0,0,0,0,0,0,0,1,0,0,0,0,0,0,0,0,19,7.0,12.0,2.0,4.0,7.0,12.0,0.0,0.0,0.0,0.0,0.0,0.0,0.0,0.0,0.0,0.0,0.0
112694372,119,1,opponent,672.0,4,1,19,0,0,0,0,0,0,0,1,0,0,0,0,0,0,0,0,19,7.0,12.0,2.0,4.0,7.0,12.0,0.0,0.0,0.0,0.0,0.0,0.0,0.0,0.0,0.0,0.0,0.0
112694372,143,0,self,787.0,4,1,19,0,0,0,0,0,0,0,2,0,0,0,0,0,0,0,0,15,3.0,12.0,2.0,4.0,3.0,12.0,0.0,0.0,4.0,0.0,0.0,0.0,0.0,0.0,0.0,0.0,0.0
112694372,143,1,opponent,787.0,4,1,19,0,0,0,0,0,0,0,2,0,0,0,0,0,0,0,0,15,3.0,12.0,2.0,4.0,3.0,12.0,0.0,0.0,4.0,0.0,0.0,0.0,0.0,0.0,0.0,0.0,0.0
112694372,144,0,self,787.0,0,1,19,0,0,0,0,0,0,0,2,0,0,0,0,0,0,0,0,27,3.0,12.0,2.0,4.0,3.0,12.0,12.0,0.0,4.0,0.0,0.0,0.0,0.0,0.0,0.0,0.0,0.0
112694372,144,1,opponent,787.0,0,1,19,0,0,0,0,0,0,0,2,0,0,0,0,0,0,0,0,27,3.0,12.0,2.0,4.0,3.0,12.0,12.0,0.0,4.0,0.0,0.0,0.0,0.0,0.0,0.0,0.0,0.0
112694372,167,0,self,1311.0,7,2,16,0,0,0,0,0,0,0,1,0,0,0,0,0,0,0,0,30,6.0,12.0,2.0,4.0,7.0,23.0,0.0,0.0,12.0,0.0,2.0,0.0,0.0,0.0,0.0,0.0,0.0
112694372,167,1,opponent,1311.0,7,2,16,0,0,0,0,0,0,0,1,0,0,0,0,0,0,0,0,30,6.0,12.0,2.0,4.0,7.0,23.0,0.0,0.0,12.0,0.0,2.0,0.0,0.0,0.0,0.0,0.0,0.0
112694372,191,0,self,731.0,7,2,11,0,0,0,0,0,0,0,1,0,0,0,0,0,0,1,0,45,9.0,12.0,2.0,6.0,9.0,36.0,0.0,0.0,15.0,0.0,2.0,0.0,0.0,0.0,0.0,0.0,0.0
112694372,191,1,opponent,731.0,7,2,11,0,0,0,0,0,0,0,1,0,0,0,0,0,0,0,0,45,9.0,12.0,2.0,6.0,9.0,36.0,0.0,0.0,16.0,0.0,2.0,0.0,0.0,0.0,0.0,0.0,0.0
112694372,192,0,self,731.0,0,2,11,0,0,0,0,0,0,0,1,0,0,0,0,0,0,1,0,57,9.0,12.0,2.0,6.0,9.0,36.0,0.0,12.0,15.0,0.0,2.0,0.0,0.0,0.0,0.0,0.0,0.0
112694372,192,1,opponent,731.0,0,2,11,0,0,0,0,0,0,0,1,0,0,0,0,0,0,0,0,57,9.0,12.0,2.0,6.0,9.0,36.0,0.0,12.0,16.0,0.0,2.0,0.0,0.0,0.0,0.0,0.0,0.0
112694372,215,0,self,1271.0,8,2,28,0,0,0,0,0,0,0,3,0,0,0,0,0,0,1,0,52,5.0,12.0,4.0,6.0,5.0,47.0,0.0,0.0,19.0,0.0,2.0,0.0,0.0,0.0,0.0,0.0,0.0
112694372,215,1,opponent,1271.0,8,2,28,0,0,0,0,0,0,0,3,0,0,0,0,0,0,0,0,52,5.0,12.0,4.0,6.0,5.0,47.0,0.0,0.0,20.0,0.0,2.0,0.0,0.0,0.0,0.0,0.0,0.0
112694372,239,0,self,2172.0,8,2,36,0,0,0,0,0,0,0,1,0,1,0,0,0,0,1,0,64,5.0,12.0,5.0,6.0,5.0,59.0,0.0,0.0,19.0,0.0,2.0,0.0,0.0,0.0,0.0,0.0,0.0
112694372,239,1,opponent,2172.0,8,2,36,0,0,0,0,0,0,0,1,0,1,0,0,0,0,0,0,64,5.0,12.0,5.0,6.0,5.0,59.0,0.0,0.0,20.0,0.0,2.0,0.0,0.0,0.0,0.0,0.0,0.0
112694372,240,0,self,2172.0,0,2,36,0,0,0,0,0,0,0,1,0,1,0,0,0,0,1,0,84,5.0,12.0,5.0,6.0,5.0,60.0,0.0,12.0,19.0,0.0,2.0,7.0,0.0,0.0,0.0,0.0,0.0
112694372,240,1,opponent,2172.0,0,2,36,0,0,0,0,0,0,0,1,0,1,0,0,0,0,0,0,84,5.0,12.0,5.0,6.0,5.0,60.0,0.0,12.0,20.0,0.0,2.0,7.0,0.0,0.0,0.0,0.0,0.0
112694372,263,0,self,15115.0,11,2,42,0,0,0,12,0,0,4,10,0,0,0,0,0,0,1,0,16,12.0,0.0,6.0,6.0,13.0,0.0,0.0,0.0,19.0,0.0,4.0,3.0,0.0,0.0,0.0,0.0,0.0
112694372,263,1,opponent,15115.0,11,2,42,0,0,0,12,0,0,4,10,0,0,0,0,0,0,0,0,16,12.0,0.0,6.0,6.0,13.0,0.0,0.0,0.0,20.0,0.0,4.0,3.0,0.0,0.0,0.0,0.0,0.0
112694372,287,0,self,14128.0,10,3,37,0,0,0,0,0,0,0,15,0,0,0,0,0,0,1,0,30,21.0,0.0,6.0,6.0,24.0,0.0,0.0,0.0,32.0,0.0,5.0,6.0,0.0,0.0,0.0,0.0,0.0
112694372,287,1,opponent,14128.0,10,3,37,0,0,0,0,0,0,0,15,0,0,0,0,0,0,0,0,30,21.0,0.0,6.0,6.0,24.0,0.0,0.0,0.0,33.0,0.0,5.0,6.0,0.0,0.0,0.0,0.0,0.0
112694372,288,0,self,14128.0,0,3,39,0,0,0,0,0,0,0,16,0,0,0,0,0,0,1,0,46,20.0,0.0,6.0,6.0,22.0,0.0,8.0,9.0,32.0,0.0,5.0,7.0,0.0,0.0,0.0,0.0,0.0
112694372,288,1,opponent,14128.0,0,3,39,0,0,0,0,0,0,0,16,0,0,0,0,0,0,0,0,46,20.0,0.0,6.0,6.0,22.0,0.0,8.0,9.0,33.0,0.0,5.0,7.0,0.0,0.0,0.0,0.0,0.0
112694372,311,0,self,17391.0,9,3,14,0,0,0,0,0,0,0,17,0,0,0,0,0,0,1,0,37,24.0,0.0,6.0,6.0,27.0,0.0,0.0,3.0,32.0,0.0,5.0,7.0,0.0,0.0,0.0,0.0,0.0
112694372,311,1,opponent,17391.0,9,3,14,0,0,0,0,0,0,0,17,0,0,0,0,0,0,0,0,37,24.0,0.0,6.0,6.0,27.0,0.0,0.0,3.0,33.0,0.0,5.0,7.0,0.0,0.0,0.0,0.0,0.0
112694372,335,0,self,18701.0,9,3,16,0,0,0,0,0,0,8,12,0,0,0,0,0,0,1,0,32,24.0,0.0,6.0,6.0,32.0,0.0,0.0,0.0,32.0,0.0,5.0,0.0,0.0,0.0,0.0,0.0,0.0
112694372,335,1,opponent,18701.0,9,3,16,0,0,0,0,0,0,8,12,0,0,0,0,0,0,0,0,32,24.0,0.0,6.0,6.0,32.0,0.0,0.0,0.0,33.0,0.0,5.0,0.0,0.0,0.0,0.0,0.0,0.0
112694372,359,0,self,20191.0,9,3,24,0,0,0,0,6,3,8,18,0,0,0,0,0,0,1,0,38,24.0,0.0,6.0,6.0,38.0,0.0,0.0,0.0,32.0,0.0,5.0,0.0,0.0,0.0,0.0,0.0,0.0
112694372,359,1,opponent,20191.0,9,3,24,0,0,0,0,6,3,8,18,0,0,0,0,0,0,0,0,38,24.0,0.0,6.0,6.0,38.0,0.0,0.0,0.0,33.0,0.0,5.0,0.0,0.0,0.0,0.0,0.0,0.0
112694372,360,0,self,20575.0,0,3,24,0,0,0,0,6,0,8,13,0,0,0,0,0,0,1,0,86,24.0,0.0,6.0,6.0,40.0,0.0,11.0,15.0,32.0,8.0,5.0,12.0,0.0,0.0,0.0,0.0,0.0
112694372,360,1,opponent,20575.0,0,3,24,0,0,0,0,6,0,8,13,0,0,0,0,0,0,0,0,86,24.0,0.0,6.0,6.0,40.0,0.0,11.0,15.0,33.0,8.0,5.0,12.0,0.0,0.0,0.0,0.0,0.0
112694372,383,0,self,24167.0,10,3,25,0,0,0,0,0,11,6,11,0,0,0,1,0,0,1,0,44,24.0,0.0,6.0,6.0,38.0,0.0,0.0,0.0,32.0,0.0,5.0,6.0,0.0,0.0,0.0,0.0,0.0
112694372,383,1,opponent,24167.0,10,3,25,0,0,0,0,0,11,6,11,0,0,0,1,0,0,0,0,44,24.0,0.0,6.0,6.0,38.0,0.0,0.0,0.0,33.0,0.0,5.0,6.0,0.0,0.0,0.0,0.0,0.0
112694372,407,0,self,28507.0,11,3,38,0,0,0,0,3,0,5,12,0,0,0,1,0,0,1,0,38,25.0,0.0,6.0,6.0,36.0,0.0,0.0,0.0,32.0,0.0,5.0,2.0,0.0,0.0,0.0,0.0,0.0
112694372,407,1,opponent,28507.0,11,3,38,0,0,0,0,3,0,5,11,0,0,0,1,0,0,0,0,38,25.0,0.0,6.0,6.0,36.0,0.0,0.0,0.0,33.0,0.0,5.0,2.0,0.0,0.0,0.0,0.0,0.0
112694372,431,0,self,31872.0,11,3,43,0,0,0,0,9,0,6,15,0,0,0,1,0,0,1,0,42,25.0,0.0,6.0,6.0,36.0,0.0,0.0,0.0,32.0,0.0,5.0,6.0,0.0,0.0,0.0,0.0,0.0
112694372,431,1,opponent,32208.0,11,3,43,0,0,0,0,9,0,6,15,0,0,0,1,0,0,0,0,42,25.0,0.0,6.0,6.0,36.0,0.0,0.0,0.0,33.0,0.0,5.0,6.0,0.0,0.0,0.0,0.0,0.0
112694372,432,0,self,32076.0,0,3,43,0,0,0,0,9,0,2,16,0,0,0,1,0,0,1,0,89,25.0,0.0,6.0,6.0,38.0,0.0,4.0,7.0,32.0,24.0,5.0,16.0,0.0,0.0,0.0,0.0,0.0
112694372,432,1,opponent,32412.0,0,3,43,0,0,0,0,9,0,2,16,0,0,0,1,0,0,0,0,89,25.0,0.0,6.0,6.0,38.0,0.0,4.0,7.0,33.0,24.0,5.0,16.0,0.0,0.0,0.0,0.0,0.0
112694372,455,0,self,35886.0,11,3,45,0,0,6,0,5,1,4,14,0,0,0,2,8,0,1,0,49,24.0,0.0,6.0,6.0,37.0,0.0,1.0,0.0,32.0,2.0,5.0,8.0,1.0,1.0,0.0,0.0,0.0
112694372,455,1,opponent,36222.0,11,3,45,0,0,6,0,5,1,4,14,0,0,0,2,8,0,0,0,49,24.0,0.0,6.0,6.0,37.0,0.0,1.0,0.0,33.0,2.0,5.0,8.0,1.0,1.0,0.0,0.0,0.0
112694372,479,0,self,39712.0,10,3,49,0,0,4,0,4,1,10,13,0,0,0,1,8,0,1,0,44,24.0,0.0,6.0,6.0,39.0,0.0,0.0,0.0,32.0,0.0,5.0,4.0,1.0,1.0,0.0,0.0,0.0
112694372,479,1,opponent,40048.0,10,3,49,0,0,6,0,4,1,10,13,0,0,0,1,8,0,0,0,44,24.0,0.0,6.0,6.0,39.0,0.0,0.0,0.0,33.0,0.0,5.0,4.0,1.0,1.0,0.0,0.0,0.0
112694372,480,0,self,39712.0,0,3,49,0,0,4,0,4,1,10,13,0,0,0,1,8,0,1,0,91,24.0,0.0,6.0,6.0,42.0,0.0,4.0,6.0,32.0,24.0,5.0,14.0,1.0,1.0,0.0,0.0,0.0
112694372,480,1,opponent,40048.0,0,3,49,0,0,6,0,4,1,10,13,0,0,0,1,8,0,0,0,91,24.0,0.0,6.0,6.0,42.0,0.0,4.0,6.0,33.0,24.0,5.0,14.0,1.0,1.0,0.0,0.0,0.0
112694372,503,0,self,43747.0,11,3,51,0,0,4,0,4,2,12,12,0,0,0,1,8,0,1,0,47,23.0,0.0,6.0,6.0,41.0,0.0,2.0,0.0,32.0,0.0,5.0,2.0,2.0,2.0,0.0,0.0,0.0
112694372,503,1,opponent,44384.0,11,3,51,0,0,4,0,4,2,12,12,0,0,0,1,8,0,0,0,47,23.0,0.0,6.0,6.0,41.0,0.0,2.0,0.0,33.0,0.0,5.0,2.0,2.0,2.0,0.0,0.0,0.0
112694372,527,0,self,47205.0,11,3,51,0,0,12,0,6,0,6,16,0,0,0,1,8,0,1,0,60,23.0,0.0,6.0,6.0,39.0,0.0,5.0,0.0,27.0,1.0,5.0,6.0,7.0,9.0,0.0,0.0,0.0
112694372,527,1,opponent,47842.0,11,3,51,0,0,12,0,6,0,6,16,0,0,0,1,8,0,0,0,61,23.0,0.0,6.0,6.0,39.0,0.0,5.0,0.0,28.0,2.0,5.0,6.0,7.0,9.0,0.0,0.0,0.0
112694372,551,0,self,49000.0,11,3,44,0,0,9,0,4,2,6,14,0,0,0,3,8,0,1,0,60,21.0,0.0,6.0,6.0,37.0,0.0,2.0,0.0,26.0,2.0,5.0,8.0,10.0,11.0,0.0,0.0,0.0
112694372,551,1,opponent,49663.0,11,3,44,0,0,9,0,4,2,6,14,0,0,0,3,8,0,0,0,60,21.0,0.0,6.0,6.0,37.0,0.0,2.0,0.0,27.0,2.0,5.0,8.0,10.0,11.0,0.0,0.0,0.0
112694372,575,0,self,50389.0,11,3,33,3,0,16,0,5,2,8,16,0,0,0,5,8,0,1,0,74,21.0,0.0,6.0,6.0,41.0,0.0,0.0,2.0,19.0,5.0,5.0,4.0,17.0,22.0,0.0,0.0,0.0
112694372,575,1,opponent,51052.0,11,3,33,3,0,17,0,5,2,8,16,0,0,0,5,8,0,0,0,74,21.0,0.0,6.0,6.0,41.0,0.0,0.0,2.0,20.0,5.0,5.0,4.0,17.0,22.0,0.0,0.0,0.0
112694372,576,0,self,50389.0,0,3,33,3,0,21,0,7,2,8,16,0,0,0,5,8,0,1,0,99,21.0,0.0,6.0,6.0,46.0,0.0,6.0,6.0,19.0,5.0,5.0,14.0,17.0,22.0,0.0,0.0,0.0
112694372,576,1,opponent,51052.0,0,3,33,3,0,22,0,7,2,8,16,0,0,0,5,8,0,0,0,99,21.0,0.0,6.0,6.0,46.0,0.0,6.0,6.0,20.0,5.0,5.0,14.0,17.0,22.0,0.0,0.0,0.0
112694372,599,0,self,51685.0,11,3,28,16,0,5,0,6,1,12,15,0,0,0,2,8,0,1,0,72,24.0,0.0,6.0,6.0,52.0,0.0,0.0,0.0,17.0,0.0,5.0,2.0,17.0,18.0,0.0,0.0,0.0
112694372,599,1,opponent,52348.0,11,3,28,16,0,6,0,6,1,12,15,0,0,0,2,8,0,0,0,72,24.0,0.0,6.0,6.0,52.0,0.0,0.0,0.0,17.0,0.0,5.0,2.0,17.0,18.0,0.0,0.0,0.0
112694372,623,0,self,53889.0,11,3,37,12,0,21,0,4,3,4,15,0,0,0,2,8,0,1,0,86,18.0,0.0,6.0,6.0,43.0,0.0,0.0,2.0,13.0,0.0,5.0,4.0,27.0,37.0,0.0,0.0,0.0
112694372,623,1,opponent,54553.0,11,3,37,12,0,21,0,4,3,4,15,0,0,0,2,8,0,0,0,86,18.0,0.0,6.0,6.0,43.0,0.0,0.0,2.0,13.0,0.0,5.0,4.0,27.0,37.0,0.0,0.0,0.0
112694372,647,0,self,56230.0,11,3,29,28,0,0,0,9,4,6,16,0,0,0,2,8,0,1,0,80,14.0,0.0,6.0,6.0,40.0,0.0,0.0,0.0,13.0,0.0,5.0,5.0,31.0,35.0,0.0,0.0,0.0
112694372,647,1,opponent,56894.0,11,3,29,28,0,0,0,9,4,6,16,0,0,0,2,8,0,0,0,80,14.0,0.0,6.0,6.0,40.0,0.0,0.0,0.0,13.0,0.0,5.0,5.0,31.0,35.0,0.0,0.0,0.0
112694372,648,0,self,56244.0,0,3,29,28,0,0,0,9,4,6,16,0,0,0,2,8,0,1,0,134,14.0,0.0,6.0,6.0,44.0,0.0,4.0,9.0,13.0,26.0,4.0,12.0,31.0,39.0,0.0,0.0,0.0
112694372,648,1,opponent,56908.0,0,3,29,28,0,0,0,9,4,6,16,0,0,0,2,8,0,0,0,134,14.0,0.0,6.0,6.0,44.0,0.0,4.0,9.0,13.0,26.0,4.0,12.0,31.0,39.0,0.0,0.0,0.0
112694372,671,0,self,59417.0,11,3,32,15,0,20,0,3,4,8,8,0,0,0,4,0,0,1,0,82,9.0,0.0,6.0,6.0,25.0,0.0,0.0,3.0,4.0,0.0,4.0,2.0,35.0,52.0,0.0,0.0,0.0
112694372,671,1,opponent,60081.0,11,3,32,15,0,20,0,3,4,8,8,0,0,0,4,0,0,0,0,82,9.0,0.0,6.0,6.0,25.0,0.0,0.0,3.0,4.0,0.0,4.0,2.0,35.0,52.0,0.0,0.0,0.0
112694372,695,0,self,62643.0,12,3,40,36,0,0,0,0,0,2,8,0,0,0,4,0,0,1,0,51,2.0,0.0,6.0,6.0,4.0,0.0,0.0,3.0,0.0,0.0,4.0,4.0,21.0,40.0,0.0,0.0,0.0
112694372,695,1,opponent,63307.0,12,3,40,36,0,0,0,0,0,2,8,0,0,0,4,0,0,0,0,51,2.0,0.0,6.0,6.0,4.0,0.0,0.0,3.0,0.0,0.0,4.0,4.0,21.0,40.0,0.0,0.0,0.0
112694372,696,0,self,62882.0,0,3,37,39,0,0,0,0,0,2,6,0,0,0,4,0,0,1,0,62,1.0,0.0,6.0,6.0,1.0,0.0,2.0,10.0,0.0,0.0,4.0,11.0,20.0,38.0,0.0,0.0,0.0
112694372,696,1,opponent,63546.0,0,3,37,39,0,0,0,0,0,2,6,0,0,0,4,0,0,0,0,62,1.0,0.0,6.0,6.0,1.0,0.0,2.0,10.0,0.0,0.0,4.0,11.0,20.0,38.0,0.0,0.0,0.0
112694372,719,0,self,71453.0,11,3,0,0,0,0,0,0,0,0,0,0,0,0,4,0,0,1,0,0,0.0,0.0,6.0,6.0,0.0,0.0,0.0,0.0,0.0,0.0,4.0,0.0,0.0,0.0,0.0,0.0,0.0
112694372,719,1,opponent,72117.0,11,3,0,0,0,0,0,0,0,0,0,0,0,0,4,0,0,0,0,0,0.0,0.0,6.0,6.0,0.0,0.0,0.0,0.0,0.0,0.0,4.0,0.0,0.0,0.0,0.0,0.0,0.0
112695730,0,0,opponent,3000.0,0,1,0,0,0,0,0,0,0,0,0,0,0,0,0,0,0,0,0,0,0.0,0.0,0.0,0.0,0.0,0.0,0.0,0.0,0.0,0.0,0.0,0.0,0.0,0.0,0.0,0.0,0.0
112695730,0,1,self,3000.0,0,1,0,0,0,0,0,0,0,0,0,0,0,0,0,0,0,0,0,0,0.0,0.0,0.0,0.0,0.0,0.0,0.0,0.0,0.0,0.0,0.0,0.0,0.0,0.0,0.0,0.0,0.0
112695730,23,0,opponent,133.0,4,1,2,0,0,0,0,0,0,0,0,0,0,0,3,0,0,2,4,9,5.0,4.0,1.0,3.0,5.0,4.0,0.0,0.0,1.0,0.0,0.0,0.0,0.0,0.0,0.0,0.0,0.0
112695730,23,1,self,15.0,5,1,3,0,0,0,0,0,0,0,0,0,0,0,0,0,0,0,0,20,8.0,12.0,2.0,2.0,8.0,12.0,0.0,0.0,0.0,0.0,0.0,0.0,0.0,0.0,0.0,0.0,0.0
112695730,24,0,opponent,133.0,0,1,2,0,0,0,0,0,0,0,0,0,0,0,3,0,0,2,4,6,5.0,1.0,1.0,3.0,5.0,1.0,0.0,0.0,1.0,0.0,0.0,0.0,0.0,0.0,3.0,0.0,0.0
112695730,24,1,self,15.0,0,1,3,0,0,0,0,0,0,0,0,0,0,0,0,0,0,0,0,20,8.0,12.0,2.0,2.0,8.0,12.0,0.0,0.0,0.0,0.0,0.0,0.0,0.0,0.0,0.0,0.0,0.0
112695730,47,0,opponent,127.0,4,1,0,0,0,0,0,0,0,0,2,0,0,0,3,0,0,1,2,8,5.0,3.0,1.0,3.0,5.0,3.0,0.0,0.0,2.0,0.0,0.0,0.0,0.0,0.0,3.0,0.0,0.0
112695730,47,1,self,108.0,3,1,6,0,0,0,0,0,0,0,1,0,0,0,0,0,0,0,0,20,8.0,12.0,2.0,2.0,8.0,12.0,0.0,0.0,0.0,0.0,0.0,0.0,0.0,0.0,0.0,0.0,0.0
112695730,71,0,opponent,148.0,4,1,0,0,0,0,0,0,0,0,3,0,0,0,0,0,0,1,1,16,8.0,3.0,0.0,3.0,13.0,3.0,0.0,0.0,2.0,0.0,0.0,0.0,0.0,0.0,5.0,0.0,0.0
112695730,71,1,self,222.0,4,1,6,0,0,0,0,0,0,0,0,0,0,0,0,0,0,0,0,25,8.0,12.0,2.0,3.0,13.0,12.0,0.0,0.0,0.0,0.0,0.0,0.0,0.0,0.0,0.0,0.0,0.0
112695730,72,0,opponent,118.0,0,1,1,0,0,0,0,0,0,0,3,0,0,0,0,0,0,1,1,16,8.0,3.0,0.0,3.0,13.0,3.0,0.0,0.0,2.0,0.0,0.0,0.0,0.0,0.0,5.0,0.0,0.0
112695730,72,1,self,222.0,0,1,6,0,0,0,0,0,0,0,0,0,0,0,0,0,0,0,0,25,8.0,12.0,2.0,3.0,13.0,12.0,0.0,0.0,0.0,0.0,0.0,0.0,0.0,0.0,0.0,0.0,0.0
112695730,95,0,opponent,162.0,6,1,3,0,0,0,0,0,0,0,1,0,0,0,0,0,0,0,1,22,8.0,4.0,0.0,3.0,18.0,4.0,0.0,0.0,3.0,0.0,0.0,0.0,0.0,0.0,5.0,0.0,0.0
112695730,95,1,self,278.0,5,1,14,0,0,0,0,0,0,0,1,1,0,0,0,0,0,0,0,19,7.0,12.0,2.0,3.0,7.0,12.0,0.0,0.0,0.0,0.0,0.0,0.0,0.0,0.0,0.0,0.0,0.0
112695730,119,0,opponent,164.0,6,1,19,0,0,0,0,0,0,0,1,0,0,0,0,0,0,0,1,15,4.0,5.0,0.0,3.0,10.0,5.0,0.0,0.0,3.0,0.0,0.0,0.0,0.0,0.0,5.0,0.0,0.0
112695730,119,1,self,694.0,4,1,19,0,0,0,0,0,0,0,1,0,0,0,0,0,0,0,0,19,7.0,12.0,2.0,4.0,7.0,12.0,0.0,0.0,0.0,0.0,0.0,0.0,0.0,0.0,0.0,0.0,0.0
112695730,143,0,opponent,187.0,6,1,9,0,0,0,0,0,0,0,3,0,0,0,4,0,0,0,2,17,4.0,6.0,0.0,3.0,11.0,6.0,0.0,0.0,3.0,0.0,0.0,0.0,0.0,0.0,6.0,0.0,0.0
112695730,143,1,self,818.0,4,1,19,0,0,0,0,0,0,0,2,0,0,0,0,0,0,0,0,15,3.0,12.0,2.0,4.0,3.0,12.0,0.0,0.0,4.0,0.0,0.0,0.0,0.0,0.0,0.0,0.0,0.0
112695730,144,0,opponent,187.0,0,1,9,0,0,0,0,0,0,0,2,0,0,0,4,0,0,0,1,17,4.0,6.0,0.0,3.0,11.0,6.0,0.0,0.0,3.0,0.0,0.0,0.0,0.0,0.0,7.0,0.0,0.0
112695730,144,1,self,818.0,0,1,19,0,0,0,0,0,0,0,2,0,0,0,0,0,0,0,0,27,3.0,12.0,2.0,4.0,3.0,12.0,12.0,0.0,4.0,0.0,0.0,0.0,0.0,0.0,0.0,0.0,0.0
112695730,167,0,opponent,162.0,6,1,22,0,0,0,0,0,0,0,2,0,0,0,3,0,0,0,0,12,2.0,9.0,0.0,3.0,2.0,10.0,0.0,0.0,3.0,0.0,0.0,0.0,0.0,0.0,7.0,0.0,0.0
112695730,167,1,self,1248.0,7,2,16,0,0,0,0,0,0,0,1,0,0,0,0,0,0,0,0,30,6.0,12.0,2.0,6.0,7.0,23.0,0.0,0.0,12.0,0.0,0.0,0.0,0.0,0.0,0.0,0.0,0.0
112695730,191,0,opponent,310.0,8,1,11,0,0,0,0,0,0,0,0,0,0,0,7,0,0,1,0,14,1.0,9.0,0.0,3.0,2.0,12.0,0.0,0.0,3.0,0.0,0.0,0.0,0.0,0.0,8.0,0.0,0.0
112695730,191,1,self,704.0,7,2,11,0,0,0,0,0,0,0,1,0,0,0,1,0,0,0,0,44,8.0,12.0,2.0,8.0,8.0,36.0,0.0,0.0,16.0,0.0,0.0,0.0,0.0,0.0,0.0,0.0,0.0
112695730,192,0,opponent,310.0,0,1,11,0,0,0,0,0,0,0,0,0,0,0,7,0,0,1,0,32,1.0,9.0,0.0,3.0,2.0,12.0,0.0,18.0,3.0,0.0,0.0,0.0,0.0,0.0,8.0,0.0,0.0
112695730,192,1,self,704.0,0,2,11,0,0,0,0,0,0,0,1,0,0,0,0,0,0,0,0,57,9.0,12.0,2.0,8.0,9.0,36.0,0.0,12.0,16.0,0.0,0.0,0.0,0.0,0.0,0.0,0.0,0.0
112695730,215,0,opponent,197.0,10,1,7,0,0,0,0,18,0,0,2,0,0,0,4,0,0,1,0,22,4.0,9.0,0.0,3.0,7.0,15.0,0.0,0.0,3.0,0.0,0.0,0.0,0.0,0.0,5.0,0.0,0.0
112695730,215,1,self,2063.0,8,2,28,0,0,0,0,0,0,0,3,0,0,0,0,0,0,0,0,52,5.0,12.0,4.0,8.0,5.0,47.0,0.0,0.0,20.0,0.0,0.0,0.0,0.0,0.0,0.0,0.0,0.0
112695730,239,0,opponent,523.0,12,1,17,0,0,0,0,0,0,0,2,3,3,0,5,0,0,1,0,22,3.0,9.0,0.0,4.0,3.0,19.0,0.0,0.0,3.0,0.0,0.0,0.0,0.0,0.0,1.0,0.0,0.0
112695730,239,1,self,3405.0,8,2,36,0,0,0,0,0,0,0,1,0,1,0,0,0,0,0,0,64,5.0,12.0,4.0,9.0,5.0,59.0,0.0,0.0,20.0,0.0,0.0,0.0,0.0,0.0,0.0,0.0,0.0
112695730,240,0,opponent,523.0,0,1,17,0,0,0,0,0,0,0,2,3,3,0,5,0,0,1,0,32,3.0,9.0,0.0,4.0,3.0,19.0,0.0,9.0,3.0,1.0,0.0,0.0,0.0,0.0,1.0,0.0,0.0
112695730,240,1,self,3405.0,0,2,36,0,0,0,0,0,0,0,1,0,1,0,0,0,0,0,0,77,5.0,12.0,4.0,9.0,5.0,60.0,0.0,12.0,20.0,0.0,0.0,0.0,0.0,0.0,0.0,0.0,0.0
112695730,263,0,opponent,272.0,12,1,11,0,0,0,6,6,0,0,1,2,3,0,5,0,0,1,1,27,3.0,8.0,0.0,5.0,6.0,17.0,0.0,3.0,3.0,1.0,0.0,0.0,0.0,0.0,1.0,0.0,0.0
112695730,263,1,self,19092.0,11,2,42,0,0,0,12,0,0,0,11,0,0,0,0,0,0,0,0,13,12.0,0.0,5.0,11.0,13.0,0.0,0.0,0.0,20.0,0.0,0.0,0.0,0.0,0.0,0.0,0.0,0.0
112695730,287,0,opponent,360.0,12,1,17,0,0,1,6,3,0,0,3,0,4,0,5,0,0,1,2,25,3.0,7.0,1.0,8.0,8.0,16.0,0.0,0.0,3.0,1.0,0.0,0.0,0.0,0.0,1.0,0.0,0.0
112695730,287,1,self,20068.0,10,3,37,0,0,0,0,0,0,0,15,0,0,0,0,0,0,0,0,24,21.0,0.0,5.0,12.0,24.0,0.0,0.0,0.0,33.0,0.0,0.0,0.0,0.0,0.0,0.0,0.0,0.0
112695730,288,0,opponent,360.0,0,1,17,0,0,1,6,3,0,0,3,0,4,0,5,0,0,1,2,35,3.0,7.0,1.0,8.0,8.0,16.0,0.0,9.0,3.0,2.0,0.0,0.0,0.0,0.0,1.0,0.0,0.0
112695730,288,1,self,20068.0,0,3,39,0,0,0,0,0,0,0,16,0,0,0,0,0,0,0,0,39,20.0,0.0,5.0,12.0,22.0,0.0,8.0,9.0,33.0,0.0,0.0,0.0,0.0,0.0,0.0,0.0,0.0
112695730,311,0,opponent,452.0,12,1,37,0,0,2,6,3,0,0,4,0,4,0,8,0,0,1,3,24,0.0,6.0,3.0,8.0,0.0,18.0,0.0,6.0,3.0,0.0,0.0,0.0,0.0,0.0,1.0,0.0,0.0
112695730,311,1,self,24744.0,9,3,14,0,0,0,0,0,0,0,17,0,0,0,0,0,0,0,0,30,24.0,0.0,5.0,12.0,27.0,0.0,0.0,3.0,33.0,0.0,0.0,0.0,0.0,0.0,0.0,0.0,0.0
112695730,335,0,opponent,241.0,12,2,41,0,0,3,6,0,0,0,8,0,3,0,7,0,0,16,3,22,1.0,6.0,5.0,8.0,1.0,21.0,0.0,0.0,4.0,0.0,0.0,0.0,0.0,0.0,1.0,0.0,0.0
112695730,335,1,self,27169.0,9,3,16,0,0,0,0,0,0,0,14,0,0,0,0,0,0,0,0,32,24.0,0.0,5.0,12.0,32.0,0.0,0.0,0.0,33.0,0.0,0.0,0.0,0.0,0.0,0.0,0.0,0.0
112695730,359,0,opponent,790.0,12,2,46,0,0,0,0,9,0,0,10,0,3,0,8,0,0,21,4,23,0.0,5.0,5.0,8.0,0.0,22.0,0.0,0.0,3.0,1.0,0.0,0.0,0.0,0.0,5.0,0.0,0.0
112695730,359,1,self,32384.0,9,3,21,0,0,0,0,6,3,0,20,0,0,0,0,0,0,0,0,38,24.0,0.0,5.0,12.0,38.0,0.0,0.0,0.0,33.0,0.0,0.0,0.0,0.0,0.0,0.0,0.0,0.0
112695730,360,0,opponent,1014.0,0,2,44,0,0,1,0,9,0,0,10,0,3,0,8,0,0,21,4,24,0.0,5.0,5.0,8.0,0.0,22.0,0.0,0.0,3.0,2.0,0.0,0.0,0.0,0.0,5.0,0.0,0.0
112695730,360,1,self,33390.0,0,3,21,0,0,0,0,6,0,0,15,0,0,0,0,0,0,0,0,71,24.0,0.0,5.0,12.0,40.0,0.0,8.0,15.0,33.0,8.0,0.0,0.0,0.0,0.0,0.0,0.0,0.0
112695730,383,0,opponent,216.0,12,3,34,0,0,2,12,0,0,0,11,0,2,0,7,0,0,33,4,13,1.0,3.0,6.0,8.0,1.0,12.0,0.0,0.0,3.0,0.0,0.0,0.0,0.0,0.0,5.0,0.0,0.0
112695730,383,1,self,40791.0,10,3,23,0,0,0,0,0,8,0,11,0,0,0,1,0,0,0,0,38,24.0,0.0,5.0,12.0,38.0,0.0,0.0,0.0,33.0,0.0,0.0,0.0,0.0,0.0,0.0,0.0,0.0
112695730,407,0,opponent,232.0,12,3,51,0,0,0,6,9,0,0,9,0,2,0,6,0,0,46,7,9,2.0,2.0,6.0,8.0,2.0,6.0,0.0,0.0,3.0,1.0,0.0,0.0,0.0,0.0,9.0,0.0,0.0
112695730,407,1,self,49897.0,11,3,30,0,0,0,0,3,0,0,11,0,0,0,1,0,0,0,0,36,25.0,0.0,5.0,12.0,36.0,0.0,0.0,0.0,33.0,0.0,0.0,0.0,0.0,0.0,0.0,0.0,0.0
112695730,431,0,opponent,2299.0,12,3,57,0,0,1,6,0,0,0,12,0,1,0,7,0,0,46,7,11,1.0,2.0,7.0,8.0,1.0,2.0,1.0,6.0,2.0,1.0,0.0,0.0,0.0,0.0,14.0,0.0,0.0
112695730,431,1,self,54959.0,11,3,30,0,0,0,0,9,8,0,15,0,0,0,1,0,0,0,0,42,25.0,0.0,5.0,12.0,36.0,0.0,0.0,6.0,33.0,0.0,0.0,0.0,0.0,0.0,0.0,0.0,0.0
112695730,432,0,opponent,2457.0,0,3,55,0,0,1,6,0,0,0,10,0,1,0,7,0,0,46,7,35,0.0,0.0,7.0,8.0,0.0,0.0,13.0,21.0,2.0,1.0,0.0,0.0,0.0,0.0,17.0,0.0,0.0
112695730,432,1,self,54959.0,0,3,30,0,0,0,0,9,8,0,16,0,0,0,1,0,0,0,0,103,25.0,0.0,5.0,12.0,38.0,0.0,8.0,33.0,33.0,24.0,0.0,0.0,0.0,0.0,0.0,0.0,0.0
112695730,455,0,opponent,2462.0,12,3,72,0,0,1,0,21,12,0,13,0,1,0,8,0,0,46,7,1,0.0,0.0,7.0,8.0,0.0,0.0,1.0,0.0,1.0,0.0,0.0,0.0,0.0,0.0,18.0,0.0,0.0
112695730,455,1,self,64499.0,11,3,25,0,0,6,0,18,0,0,14,0,0,0,1,0,0,0,0,53,25.0,0.0,5.0,12.0,38.0,0.0,4.0,9.0,33.0,2.0,0.0,0.0,0.0,0.0,0.0,0.0,0.0
112695730,479,0,opponent,4958.0,12,3,72,0,0,1,0,21,6,0,11,0,1,0,7,0,0,46,7,8,1.0,0.0,7.0,8.0,1.0,0.0,7.0,0.0,1.0,0.0,0.0,0.0,0.0,0.0,17.0,0.0,0.0
112695730,479,1,self,75083.0,10,3,27,0,0,6,0,12,4,0,14,0,0,0,1,0,0,0,0,49,25.0,0.0,5.0,12.0,40.0,0.0,0.0,9.0,33.0,0.0,0.0,0.0,0.0,0.0,0.0,0.0,0.0
112695730,480,0,opponent,5212.0,0,3,64,0,0,0,0,21,6,0,8,0,1,0,6,0,0,46,7,18,0.0,0.0,6.0,8.0,0.0,0.0,6.0,12.0,1.0,0.0,0.0,0.0,0.0,0.0,20.0,0.0,0.0
112695730,480,1,self,75083.0,0,3,27,0,0,6,0,12,4,0,14,0,0,0,1,0,0,0,0,105,25.0,0.0,5.0,12.0,43.0,0.0,8.0,30.0,33.0,24.0,0.0,0.0,0.0,0.0,0.0,0.0,0.0
112695730,503,0,opponent,9183.0,12,3,70,0,0,0,0,9,6,0,12,0,0,0,5,0,0,46,7,6,3.0,0.0,7.0,8.0,3.0,0.0,0.0,3.0,0.0,0.0,0.0,0.0,0.0,0.0,21.0,0.0,0.0
112695730,503,1,self,85564.0,11,3,29,0,0,4,0,15,4,0,13,0,0,0,1,0,0,0,0,56,25.0,0.0,5.0,12.0,43.0,0.0,4.0,9.0,33.0,0.0,0.0,0.0,0.0,0.0,0.0,0.0,0.0
112695730,527,0,opponent,10997.0,12,3,63,0,0,0,0,6,8,0,8,0,0,0,5,0,0,46,7,16,3.0,0.0,7.0,8.0,3.0,0.0,4.0,9.0,0.0,0.0,0.0,0.0,0.0,0.0,24.0,0.0,0.0
112695730,527,1,self,96520.0,11,3,33,0,0,12,0,9,0,0,17,0,0,0,1,0,0,0,0,71,30.0,0.0,5.0,12.0,48.0,0.0,6.0,15.0,28.0,2.0,0.0,0.0,0.0,0.0,0.0,0.0,0.0
112695730,551,0,opponent,12707.0,12,3,69,0,0,0,0,12,4,0,11,0,0,0,7,0,0,46,7,12,1.0,0.0,7.0,8.0,1.0,0.0,8.0,3.0,0.0,0.0,0.0,0.0,0.0,0.0,27.0,0.0,0.0
112695730,551,1,self,106326.0,10,3,31,0,0,10,0,12,1,0,13,0,0,0,1,0,0,0,0,67,31.0,0.0,5.0,12.0,47.0,0.0,0.0,18.0,27.0,2.0,0.0,0.0,0.0,0.0,0.0,0.0,0.0
112695730,575,0,opponent,14985.0,12,3,66,0,0,0,0,9,9,0,9,0,0,0,5,0,0,46,7,13,3.0,0.0,7.0,8.0,3.0,0.0,4.0,6.0,0.0,0.0,0.0,0.0,0.0,0.0,28.0,0.0,0.0
112695730,575,1,self,117334.0,11,3,29,0,0,17,0,12,2,0,17,0,0,0,1,0,0,0,0,73,38.0,0.0,5.0,12.0,59.0,0.0,0.0,9.0,20.0,5.0,0.0,0.0,0.0,0.0,0.0,0.0,0.0
112695730,576,0,opponent,15445.0,0,3,56,0,0,0,0,9,9,0,10,0,0,0,4,0,0,46,7,34,0.0,0.0,7.0,8.0,0.0,0.0,16.0,18.0,0.0,0.0,0.0,0.0,0.0,0.0,32.0,0.0,0.0
112695730,576,1,self,117334.0,0,3,29,0,0,22,0,15,2,0,17,0,0,0,1,0,0,0,0,101,38.0,0.0,5.0,12.0,64.0,0.0,4.0,27.0,20.0,6.0,0.0,0.0,0.0,0.0,0.0,0.0,0.0
112695730,599,0,opponent,16175.0,12,3,69,0,0,0,0,9,16,0,10,0,0,0,6,0,0,46,7,11,2.0,0.0,7.0,8.0,2.0,0.0,0.0,9.0,0.0,0.0,0.0,0.0,0.0,0.0,32.0,0.0,0.0
112695730,599,1,self,126494.0,11,3,38,0,0,6,0,21,0,0,17,0,0,0,1,0,0,0,0,72,37.0,0.0,5.0,12.0,62.0,0.0,0.0,6.0,17.0,0.0,0.0,0.0,4.0,4.0,0.0,0.0,0.0
112695730,623,0,opponent,17560.0,12,3,66,0,0,0,0,9,8,0,7,0,0,0,4,0,0,46,7,13,4.0,0.0,7.0,8.0,4.0,0.0,0.0,9.0,0.0,0.0,0.0,0.0,0.0,0.0,33.0,0.0,0.0
112695730,623,1,self,135485.0,11,3,47,0,0,21,0,9,2,0,16,0,0,0,1,0,0,0,0,85,27.0,0.0,5.0,12.0,60.0,0.0,0.0,7.0,13.0,0.0,0.0,0.0,18.0,18.0,0.0,0.0,0.0
112695730,647,0,opponent,18666.0,12,3,69,0,0,0,0,12,7,0,11,0,0,0,4,0,0,46,7,11,1.0,0.0,7.0,8.0,2.0,0.0,0.0,9.0,0.0,0.0,0.0,0.0,0.0,0.0,27.0,0.0,0.0
112695730,647,1,self,144653.0,11,3,56,0,0,0,0,10,4,0,18,0,0,0,2,8,0,0,0,87,15.0,0.0,5.0,12.0,43.0,0.0,0.0,12.0,13.0,0.0,0.0,0.0,30.0,32.0,0.0,0.0,0.0
112695730,648,0,opponent,19093.0,0,3,59,0,0,0,0,15,7,0,13,0,0,0,4,0,0,46,7,29,1.0,0.0,7.0,8.0,2.0,0.0,12.0,15.0,0.0,0.0,0.0,0.0,0.0,0.0,26.0,0.0,0.0
112695730,648,1,self,144653.0,0,3,56,0,0,0,0,10,4,0,19,0,0,0,2,8,0,0,0,138,15.0,0.0,5.0,12.0,47.0,0.0,3.0,26.0,13.0,26.0,0.0,0.0,30.0,36.0,0.0,0.0,0.0
112695730,671,0,opponent,21621.0,12,3,66,0,0,0,0,9,8,0,9,0,0,0,4,0,0,46,7,13,1.0,0.0,7.0,8.0,3.0,0.0,4.0,6.0,0.0,0.0,0.0,0.0,0.0,0.0,22.0,0.0,0.0
112695730,671,1,self,151760.0,11,3,36,15,0,20,0,11,3,0,7,0,0,0,5,0,0,0,0,86,9.0,0.0,5.0,12.0,30.0,0.0,0.0,9.0,4.0,0.0,0.0,0.0,35.0,47.0,0.0,0.0,0.0
112695730,695,0,opponent,22705.0,12,3,73,0,0,0,0,9,12,0,11,0,0,0,4,0,0,46,7,9,0.0,0.0,7.0,8.0,0.0,0.0,0.0,9.0,0.0,0.0,0.0,0.0,0.0,0.0,12.0,0.0,0.0
112695730,695,1,self,164755.0,11,3,50,35,0,0,0,10,0,0,8,0,0,0,5,0,0,0,0,51,1.0,0.0,5.0,12.0,3.0,0.0,0.0,9.0,0.0,0.0,0.0,0.0,22.0,39.0,0.0,0.0,0.0
112695730,696,0,opponent,23185.0,0,3,63,0,0,0,0,12,12,0,11,0,0,0,4,0,0,46,7,21,0.0,0.0,7.0,8.0,0.0,0.0,6.0,15.0,0.0,0.0,0.0,0.0,0.0,0.0,12.0,0.0,0.0
112695730,696,1,self,165238.0,0,3,44,38,0,0,0,10,0,0,6,0,0,0,5,0,0,0,0,61,0.0,0.0,5.0,12.0,0.0,0.0,2.0,22.0,0.0,0.0,0.0,0.0,21.0,37.0,0.0,0.0,0.0
112695730,719,0,opponent,25192.0,12,3,63,0,0,0,0,6,4,0,10,0,0,0,4,0,0,46,7,11,0.0,0.0,7.0,8.0,0.0,0.0,2.0,9.0,0.0,0.0,0.0,0.0,0.0,0.0,8.0,0.0,0.0
112695730,719,1,self,180695.0,11,3,0,0,0,0,0,0,0,0,0,0,0,0,5,0,0,0,0,1,0.0,0.0,5.0,12.0,0.0,0.0,0.0,1.0,0.0,0.0,0.0,0.0,0.0,0.0,0.0,0.0,0.0
112696878,0,0,opponent,3000.0,0,1,0,0,0,0,0,0,0,0,0,0,0,0,0,0,0,0,0,0,0.0,0.0,0.0,0.0,0.0,0.0,0.0,0.0,0.0,0.0,0.0,0.0,0.0,0.0,0.0,0.0,0.0
112696878,0,1,self,3000.0,0,1,0,0,0,0,0,0,0,0,0,0,0,0,0,0,0,0,0,0,0.0,0.0,0.0,0.0,0.0,0.0,0.0,0.0,0.0,0.0,0.0,0.0,0.0,0.0,0.0,0.0,0.0
112696878,23,0,opponent,19.0,5,1,1,0,0,0,0,0,0,0,0,0,0,0,0,0,0,0,0,19,7.0,12.0,2.0,2.0,7.0,12.0,0.0,0.0,0.0,0.0,0.0,0.0,0.0,0.0,0.0,0.0,0.0
112696878,23,1,self,15.0,5,1,3,0,0,0,0,0,0,0,0,0,0,0,0,0,0,0,0,20,8.0,12.0,2.0,2.0,8.0,12.0,0.0,0.0,0.0,0.0,0.0,0.0,0.0,0.0,0.0,0.0,0.0
112696878,24,0,opponent,19.0,0,1,1,0,0,0,0,0,0,0,0,0,0,0,0,0,0,0,0,19,7.0,12.0,2.0,2.0,7.0,12.0,0.0,0.0,0.0,0.0,0.0,0.0,0.0,0.0,0.0,0.0,0.0
112696878,24,1,self,15.0,0,1,3,0,0,0,0,0,0,0,0,0,0,0,0,0,0,0,0,20,8.0,12.0,2.0,2.0,8.0,12.0,0.0,0.0,0.0,0.0,0.0,0.0,0.0,0.0,0.0,0.0,0.0
112696878,47,0,opponent,19.0,0,1,0,0,0,0,0,0,0,0,4,0,0,0,0,0,0,0,0,19,7.0,12.0,2.0,2.0,7.0,12.0,0.0,0.0,0.0,0.0,0.0,0.0,0.0,0.0,0.0,0.0,0.0
112696878,47,1,self,108.0,3,1,6,0,0,0,0,0,0,0,1,0,0,0,0,0,0,0,0,20,8.0,12.0,2.0,2.0,8.0,12.0,0.0,0.0,0.0,0.0,0.0,0.0,0.0,0.0,0.0,0.0,0.0
112696878,71,0,opponent,144.0,2,1,5,0,0,0,0,0,0,0,4,0,0,0,0,0,0,0,0,26,7.0,12.0,2.0,2.0,14.0,12.0,0.0,0.0,0.0,0.0,0.0,0.0,0.0,0.0,0.0,0.0,0.0
112696878,71,1,self,222.0,4,1,6,0,0,0,0,0,0,0,0,0,0,0,0,0,0,0,0,25,8.0,12.0,2.0,3.0,13.0,12.0,0.0,0.0,0.0,0.0,0.0,0.0,0.0,0.0,0.0,0.0,0.0
112696878,72,0,opponent,144.0,0,1,5,0,0,0,0,0,0,0,4,0,0,0,0,0,0,0,0,26,7.0,12.0,2.0,2.0,14.0,12.0,0.0,0.0,0.0,0.0,0.0,0.0,0.0,0.0,0.0,0.0,0.0
112696878,72,1,self,222.0,0,1,6,0,0,0,0,0,0,0,0,0,0,0,0,0,0,0,0,25,8.0,12.0,2.0,3.0,13.0,12.0,0.0,0.0,0.0,0.0,0.0,0.0,0.0,0.0,0.0,0.0,0.0
112696878,95,0,opponent,412.0,1,1,5,0,0,0,0,0,0,0,4,0,0,0,0,0,0,0,0,33,7.0,12.0,2.0,2.0,21.0,12.0,0.0,0.0,0.0,0.0,0.0,0.0,0.0,0.0,0.0,0.0,0.0
112696878,95,1,self,276.0,5,1,14,0,0,0,0,0,0,0,1,1,0,0,0,0,0,0,0,19,7.0,12.0,2.0,3.0,7.0,12.0,0.0,0.0,0.0,0.0,0.0,0.0,0.0,0.0,0.0,0.0,0.0
112696878,119,0,opponent,687.0,4,1,30,0,0,0,0,0,0,0,4,0,0,0,1,0,0,0,0,18,6.0,12.0,2.0,2.0,6.0,12.0,0.0,0.0,0.0,0.0,0.0,0.0,0.0,0.0,0.0,0.0,0.0
112696878,119,1,self,684.0,4,1,19,0,0,0,0,0,0,0,1,0,0,0,0,0,0,0,0,19,7.0,12.0,2.0,4.0,7.0,12.0,0.0,0.0,0.0,0.0,0.0,0.0,0.0,0.0,0.0,0.0,0.0
112696878,143,0,opponent,1678.0,1,1,5,0,0,0,0,0,0,0,4,0,0,0,0,0,0,0,0,19,7.0,12.0,2.0,2.0,7.0,12.0,0.0,0.0,0.0,0.0,0.0,0.0,0.0,0.0,0.0,0.0,0.0
112696878,143,1,self,798.0,4,1,19,0,0,0,0,0,0,0,2,0,0,0,0,0,0,0,0,15,3.0,12.0,2.0,4.0,3.0,12.0,0.0,0.0,4.0,0.0,0.0,0.0,0.0,0.0,0.0,0.0,0.0
112696878,144,0,opponent,1678.0,0,1,5,0,0,0,0,0,0,0,4,0,0,0,0,0,0,0,0,29,7.0,12.0,2.0,2.0,7.0,12.0,10.0,0.0,0.0,0.0,0.0,0.0,0.0,0.0,0.0,0.0,0.0
112696878,144,1,self,798.0,0,1,19,0,0,0,0,0,0,0,2,0,0,0,0,0,0,0,0,27,3.0,12.0,2.0,4.0,3.0,12.0,12.0,0.0,4.0,0.0,0.0,0.0,0.0,0.0,0.0,0.0,0.0
112696878,167,0,opponent,1930.0,2,1,5,0,0,0,0,0,10,0,4,0,0,0,0,0,0,0,0,36,7.0,12.0,2.0,2.0,13.0,23.0,0.0,0.0,0.0,0.0,0.0,0.0,0.0,0.0,0.0,0.0,0.0
112696878,167,1,self,1259.0,8,2,11,0,0,0,0,0,0,0,2,0,0,0,0,8,0,0,0,29,5.0,12.0,4.0,4.0,5.0,24.0,0.0,0.0,12.0,0.0,0.0,0.0,0.0,0.0,0.0,0.0,0.0
112696878,191,0,opponent,611.0,8,2,7,0,0,0,0,0,0,0,4,0,0,0,0,0,0,0,0,56,7.0,12.0,2.0,4.0,20.0,36.0,0.0,0.0,19.0,0.0,0.0,0.0,0.0,0.0,0.0,0.0,0.0
112696878,191,1,self,587.0,8,2,2,0,0,0,0,0,0,0,3,0,0,0,0,8,0,0,0,45,9.0,12.0,4.0,6.0,9.0,36.0,0.0,0.0,16.0,0.0,0.0,0.0,0.0,0.0,0.0,0.0,0.0
112696878,192,0,opponent,611.0,0,2,7,0,0,0,0,0,0,0,4,0,0,0,0,0,0,0,0,68,7.0,12.0,2.0,4.0,20.0,36.0,0.0,12.0,19.0,0.0,0.0,0.0,0.0,0.0,0.0,0.0,0.0
112696878,192,1,self,339.0,0,2,10,0,0,0,0,0,0,0,3,0,0,0,0,8,0,0,0,57,9.0,12.0,4.0,6.0,9.0,36.0,0.0,12.0,16.0,0.0,0.0,0.0,0.0,0.0,0.0,0.0,0.0
112696878,215,0,opponent,331.0,5,2,25,0,0,0,0,12,0,0,6,0,0,0,3,0,0,0,0,57,5.0,12.0,2.0,5.0,9.0,48.0,0.0,0.0,19.0,0.0,0.0,0.0,0.0,0.0,0.0,0.0,0.0
112696878,215,1,self,1594.0,9,2,15,0,0,0,0,0,0,0,3,0,0,0,0,8,0,0,0,53,5.0,12.0,6.0,6.0,5.0,48.0,0.0,0.0,20.0,0.0,0.0,0.0,0.0,0.0,0.0,0.0,0.0
112696878,239,0,opponent,1922.0,7,2,11,0,0,0,0,4,8,0,7,1,0,0,0,0,0,0,0,67,7.0,12.0,2.0,5.0,7.0,60.0,0.0,0.0,19.0,0.0,0.0,0.0,0.0,0.0,0.0,0.0,0.0
112696878,239,1,self,3972.0,9,2,11,0,0,0,0,0,0,0,1,0,0,0,0,8,0,0,0,63,5.0,12.0,7.0,6.0,5.0,58.0,0.0,0.0,20.0,0.0,0.0,0.0,0.0,0.0,0.0,0.0,0.0
112696878,240,0,opponent,1922.0,0,2,11,0,0,0,0,4,8,0,7,1,0,0,0,0,0,0,0,73,7.0,12.0,2.0,5.0,7.0,60.0,0.0,6.0,19.0,0.0,0.0,0.0,0.0,0.0,0.0,0.0,0.0
112696878,240,1,self,3972.0,0,2,11,0,0,0,0,0,0,0,1,0,0,0,0,8,0,0,0,76,5.0,12.0,7.0,6.0,5.0,60.0,0.0,11.0,20.0,0.0,0.0,0.0,0.0,0.0,0.0,0.0,0.0
112696878,263,0,opponent,12370.0,8,2,12,0,0,0,12,6,0,0,14,2,2,0,0,0,0,0,2,20,7.0,10.0,2.0,6.0,10.0,10.0,0.0,0.0,19.0,0.0,0.0,0.0,0.0,0.0,0.0,0.0,0.0
112696878,263,1,self,18081.0,11,2,2,0,0,0,12,0,0,0,12,0,0,0,0,8,0,0,0,12,12.0,0.0,10.0,6.0,12.0,0.0,0.0,0.0,20.0,0.0,0.0,0.0,0.0,0.0,0.0,0.0,0.0
112696878,287,0,opponent,7867.0,14,3,14,0,0,0,0,6,0,0,8,0,0,0,0,0,0,0,0,29,7.0,12.0,6.0,8.0,17.0,12.0,0.0,0.0,42.0,0.0,0.0,0.0,0.0,0.0,0.0,0.0,0.0
112696878,287,1,self,16195.0,11,3,14,0,0,0,0,0,0,0,16,0,0,0,0,8,0,0,0,22,20.0,0.0,11.0,6.0,22.0,0.0,0.0,0.0,33.0,0.0,0.0,0.0,0.0,0.0,0.0,0.0,0.0
112696878,288,0,opponent,7831.0,0,3,15,0,0,0,0,6,0,0,8,0,0,0,0,0,0,0,0,43,7.0,12.0,6.0,8.0,17.0,12.0,8.0,6.0,42.0,0.0,0.0,0.0,0.0,0.0,0.0,0.0,0.0
112696878,288,1,self,16015.0,0,3,19,0,0,0,0,0,0,0,17,0,0,0,0,8,0,0,0,51,20.0,0.0,11.0,6.0,22.0,0.0,20.0,9.0,33.0,0.0,0.0,0.0,0.0,0.0,0.0,0.0,0.0
112696878,311,0,opponent,8014.0,7,3,22,0,0,0,0,12,8,0,14,0,0,0,0,0,0,0,0,27,7.0,12.0,6.0,8.0,15.0,12.0,0.0,0.0,42.0,0.0,0.0,0.0,0.0,0.0,0.0,0.0,0.0
112696878,311,1,self,21258.0,9,3,17,0,0,0,0,0,4,0,18,0,0,0,0,8,0,0,0,30,24.0,0.0,11.0,6.0,27.0,0.0,0.0,3.0,33.0,0.0,0.0,0.0,0.0,0.0,0.0,0.0,0.0
112696878,335,0,opponent,10404.0,11,3,21,0,0,0,0,12,0,0,14,0,0,0,2,0,0,0,0,23,7.0,12.0,6.0,8.0,11.0,12.0,0.0,0.0,42.0,0.0,0.0,0.0,0.0,0.0,0.0,0.0,0.0
112696878,335,1,self,22961.0,10,3,32,0,0,0,0,0,0,0,22,0,0,0,0,8,0,0,0,33,24.0,0.0,11.0,6.0,33.0,0.0,0.0,0.0,33.0,0.0,0.0,0.0,0.0,0.0,0.0,0.0,0.0
112696878,359,0,opponent,12086.0,7,3,15,0,0,0,0,6,0,0,14,0,0,0,0,0,0,0,0,22,7.0,12.0,6.0,8.0,10.0,12.0,0.0,0.0,42.0,0.0,0.0,0.0,0.0,0.0,0.0,0.0,0.0
112696878,359,1,self,26896.0,10,3,36,0,0,0,0,3,1,0,18,0,0,0,0,8,0,0,0,35,24.0,0.0,11.0,6.0,35.0,0.0,0.0,0.0,33.0,0.0,0.0,0.0,0.0,0.0,0.0,0.0,0.0
112696878,360,0,opponent,12086.0,0,3,15,0,0,0,0,6,0,0,14,0,0,0,0,0,0,0,0,42,7.0,12.0,6.0,8.0,10.0,12.0,8.0,12.0,42.0,0.0,0.0,0.0,0.0,0.0,0.0,0.0,0.0
112696878,360,1,self,26596.0,0,3,36,0,0,0,0,3,1,0,22,0,0,0,0,8,0,0,0,83,24.0,0.0,11.0,6.0,38.0,0.0,22.0,15.0,33.0,8.0,0.0,0.0,0.0,0.0,0.0,0.0,0.0
112696878,383,0,opponent,12269.0,11,3,15,0,0,0,0,12,8,0,19,0,0,0,0,0,0,0,0,26,7.0,12.0,6.0,8.0,14.0,12.0,0.0,0.0,42.0,0.0,0.0,0.0,0.0,0.0,0.0,0.0,0.0
112696878,383,1,self,32584.0,11,3,37,0,0,8,0,9,4,0,16,0,0,0,0,8,0,0,0,38,25.0,0.0,11.0,6.0,38.0,0.0,0.0,0.0,33.0,0.0,0.0,0.0,0.0,0.0,0.0,0.0,0.0
112696878,407,0,opponent,14191.0,11,3,22,0,0,0,0,12,0,0,14,0,0,0,0,0,0,0,0,35,7.0,12.0,6.0,8.0,13.0,22.0,0.0,0.0,42.0,0.0,0.0,0.0,0.0,0.0,0.0,0.0,0.0
112696878,407,1,self,40694.0,11,3,38,0,0,0,0,6,9,0,20,0,0,0,0,8,0,0,0,40,25.0,0.0,11.0,6.0,37.0,0.0,0.0,3.0,33.0,0.0,0.0,0.0,0.0,0.0,0.0,0.0,0.0
112696878,431,0,opponent,16936.0,12,3,18,0,0,4,0,7,24,0,14,0,0,0,0,0,0,0,0,64,7.0,12.0,6.0,8.0,10.0,34.0,0.0,0.0,42.0,20.0,0.0,0.0,0.0,0.0,0.0,0.0,0.0
112696878,431,1,self,47665.0,11,3,44,0,0,0,0,9,8,0,18,0,0,0,0,8,0,0,0,39,25.0,0.0,11.0,6.0,39.0,0.0,0.0,0.0,33.0,0.0,0.0,0.0,0.0,0.0,0.0,0.0,0.0
112696878,432,0,opponent,16936.0,0,3,18,0,0,6,0,7,24,0,14,0,0,0,0,0,0,0,0,86,7.0,12.0,6.0,8.0,11.0,34.0,8.0,15.0,42.0,18.0,0.0,0.0,0.0,0.0,0.0,0.0,0.0
112696878,432,1,self,49080.0,0,3,44,0,0,0,0,9,2,0,19,0,0,0,0,8,0,0,0,94,25.0,0.0,11.0,6.0,41.0,0.0,20.0,9.0,33.0,24.0,0.0,0.0,0.0,0.0,0.0,0.0,0.0
112696878,455,0,opponent,24559.0,10,3,20,0,0,18,0,3,8,0,10,0,0,0,0,0,0,0,0,55,7.0,12.0,6.0,8.0,10.0,45.0,0.0,0.0,42.0,0.0,0.0,0.0,0.0,0.0,0.0,0.0,0.0
112696878,455,1,self,53964.0,12,3,43,0,0,0,0,9,16,0,19,0,0,0,0,8,0,0,0,41,25.0,0.0,11.0,6.0,41.0,0.0,0.0,0.0,33.0,0.0,0.0,0.0,0.0,0.0,0.0,0.0,0.0
112696878,479,0,opponent,27382.0,12,3,15,0,0,34,0,6,0,0,24,0,0,0,0,0,0,0,0,70,7.0,12.0,6.0,8.0,12.0,58.0,0.0,0.0,42.0,0.0,0.0,0.0,0.0,0.0,0.0,0.0,0.0
112696878,479,1,self,58602.0,11,3,46,0,0,6,0,6,8,0,26,0,0,0,0,8,0,0,0,47,25.0,0.0,11.0,6.0,43.0,0.0,4.0,0.0,33.0,0.0,0.0,0.0,0.0,0.0,0.0,0.0,0.0
112696878,480,0,opponent,27382.0,0,3,15,0,0,34,0,6,0,0,24,0,0,0,0,0,0,0,0,99,7.0,12.0,6.0,8.0,13.0,58.0,16.0,12.0,42.0,0.0,0.0,0.0,0.0,0.0,0.0,0.0,0.0
112696878,480,1,self,58878.0,0,3,46,0,0,0,0,6,12,0,26,0,0,0,0,8,0,0,0,88,25.0,0.0,11.0,6.0,43.0,0.0,12.0,9.0,33.0,24.0,0.0,0.0,0.0,0.0,0.0,0.0,0.0
112696878,503,0,opponent,29112.0,14,3,21,0,0,0,24,6,12,0,14,0,0,0,3,0,0,0,0,39,14.0,4.0,6.0,8.0,20.0,19.0,0.0,0.0,42.0,0.0,0.0,0.0,0.0,0.0,0.0,0.0,0.0
112696878,503,1,self,63027.0,12,3,29,0,0,0,0,9,8,0,16,0,0,0,0,8,0,0,0,49,25.0,0.0,11.0,6.0,45.0,0.0,4.0,0.0,33.0,0.0,0.0,0.0,0.0,0.0,0.0,0.0,0.0
112696878,527,0,opponent,32009.0,12,3,21,0,0,2,24,9,4,0,18,0,0,0,0,0,0,0,0,57,18.0,0.0,6.0,8.0,20.0,0.0,3.0,0.0,42.0,34.0,0.0,0.0,0.0,0.0,0.0,0.0,0.0
112696878,527,1,self,66272.0,11,3,37,0,0,11,0,6,4,0,17,0,0,0,0,8,0,0,0,65,30.0,0.0,11.0,6.0,47.0,0.0,16.0,0.0,28.0,2.0,0.0,0.0,0.0,0.0,0.0,0.0,0.0
112696878,551,0,opponent,32363.0,13,3,17,0,0,14,0,12,0,0,15,0,0,0,0,0,0,0,0,49,18.0,0.0,6.0,8.0,28.0,0.0,3.0,0.0,42.0,18.0,0.0,0.0,0.0,0.0,0.0,0.0,0.0
112696878,551,1,self,71258.0,11,3,29,0,0,13,0,4,12,0,17,0,0,0,0,8,0,0,0,51,31.0,0.0,11.0,6.0,47.0,0.0,4.0,0.0,27.0,0.0,0.0,0.0,0.0,0.0,0.0,0.0,0.0
112696878,575,0,opponent,33829.0,14,3,15,0,0,35,0,6,4,0,14,0,0,0,2,0,0,0,0,92,32.0,0.0,6.0,8.0,52.0,0.0,6.0,0.0,28.0,34.0,0.0,0.0,0.0,0.0,0.0,0.0,0.0
112696878,575,1,self,75330.0,11,3,33,0,0,20,0,7,12,0,16,0,0,0,0,8,0,0,0,60,38.0,0.0,11.0,6.0,59.0,0.0,0.0,0.0,20.0,1.0,0.0,0.0,0.0,0.0,0.0,0.0,0.0
112696878,576,0,opponent,33835.0,0,3,15,0,0,32,0,6,4,0,14,0,0,0,2,0,0,0,0,111,32.0,0.0,6.0,8.0,55.0,0.0,13.0,12.0,28.0,31.0,0.0,0.0,0.0,0.0,0.0,0.0,0.0
112696878,576,1,self,74380.0,0,3,44,0,0,18,0,7,8,0,23,0,0,0,0,8,0,0,0,93,38.0,0.0,11.0,6.0,59.0,0.0,20.0,7.0,20.0,7.0,0.0,0.0,0.0,0.0,0.0,0.0,0.0
112696878,599,0,opponent,34994.0,14,3,42,0,0,48,0,0,10,0,8,0,0,0,1,0,0,0,0,51,31.0,0.0,6.0,8.0,45.0,0.0,3.0,0.0,23.0,3.0,0.0,0.0,0.0,0.0,5.0,0.0,0.0
112696878,599,1,self,79153.0,12,3,35,0,0,5,0,7,11,0,17,0,0,0,0,8,0,0,0,59,41.0,0.0,11.0,6.0,57.0,0.0,0.0,0.0,17.0,2.0,0.0,0.0,0.0,0.0,0.0,0.0,0.0
112696878,623,0,opponent,37969.0,12,3,31,0,0,40,0,9,0,0,18,0,0,0,0,0,0,0,0,65,31.0,0.0,6.0,8.0,49.0,0.0,3.0,0.0,23.0,13.0,0.0,0.0,0.0,0.0,5.0,0.0,0.0
112696878,623,1,self,83415.0,12,3,38,0,0,13,0,14,3,0,16,0,0,0,0,0,0,0,0,76,31.0,0.0,11.0,6.0,57.0,0.0,0.0,0.0,13.0,5.0,0.0,0.0,14.0,14.0,0.0,0.0,0.0
112696878,647,0,opponent,40121.0,11,3,21,0,0,34,0,6,14,0,14,0,0,0,0,0,0,0,0,57,31.0,0.0,6.0,8.0,56.0,0.0,0.0,0.0,23.0,1.0,0.0,0.0,0.0,0.0,5.0,0.0,0.0
112696878,647,1,self,85925.0,12,3,55,0,0,1,0,6,12,0,17,0,0,0,0,0,0,0,0,84,19.0,0.0,11.0,6.0,55.0,0.0,0.0,3.0,13.0,0.0,0.0,0.0,26.0,26.0,0.0,0.0,0.0
112696878,648,0,opponent,40121.0,0,3,21,0,0,34,0,6,14,0,14,0,0,0,0,0,0,0,0,122,31.0,0.0,6.0,8.0,56.0,0.0,7.0,12.0,23.0,47.0,0.0,0.0,0.0,0.0,5.0,0.0,0.0
112696878,648,1,self,87238.0,0,3,70,0,0,0,0,9,0,0,16,0,0,0,0,0,0,0,0,140,19.0,0.0,11.0,6.0,59.0,0.0,20.0,9.0,13.0,26.0,0.0,0.0,26.0,26.0,0.0,0.0,0.0
112696878,671,0,opponent,43272.0,14,3,50,0,0,19,0,3,0,0,8,0,0,0,1,0,0,0,0,85,40.0,0.0,6.0,8.0,60.0,0.0,3.0,0.0,14.0,22.0,0.0,0.0,0.0,0.0,5.0,0.0,0.0
112696878,671,1,self,90774.0,11,3,60,1,0,20,0,3,16,0,7,0,0,0,0,0,0,0,0,80,17.0,0.0,11.0,6.0,39.0,0.0,0.0,3.0,4.0,0.0,0.0,0.0,27.0,38.0,0.0,0.0,0.0
112696878,695,0,opponent,44764.0,10,3,45,0,0,25,0,12,0,0,14,0,0,0,1,0,0,0,0,43,29.0,0.0,6.0,8.0,40.0,0.0,3.0,0.0,0.0,0.0,0.0,0.0,0.0,0.0,19.0,0.0,0.0
112696878,695,1,self,96403.0,11,3,48,31,0,0,0,1,0,0,8,0,0,0,0,0,0,0,0,47,9.0,0.0,11.0,6.0,13.0,0.0,0.0,3.0,0.0,0.0,0.0,0.0,14.0,31.0,0.0,0.0,0.0
112696878,696,0,opponent,44764.0,0,3,45,0,0,25,0,12,0,0,14,0,0,0,1,0,0,0,0,70,29.0,0.0,6.0,8.0,40.0,0.0,18.0,12.0,0.0,0.0,0.0,0.0,0.0,0.0,19.0,0.0,0.0
112696878,696,1,self,96820.0,0,3,44,34,0,0,0,1,0,0,6,0,0,0,0,0,0,0,0,61,8.0,0.0,11.0,6.0,8.0,0.0,12.0,12.0,0.0,0.0,0.0,0.0,13.0,29.0,1.0,0.0,0.0
112696878,719,0,opponent,51969.0,11,3,0,0,0,0,0,0,0,0,0,0,0,0,1,0,0,0,0,5,4.0,0.0,6.0,8.0,5.0,0.0,0.0,0.0,0.0,0.0,0.0,0.0,0.0,0.0,19.0,0.0,0.0
112696878,719,1,self,105019.0,11,3,0,0,0,0,0,0,0,0,0,0,0,0,0,0,0,0,0,0,0.0,0.0,11.0,6.0,0.0,0.0,0.0,0.0,0.0,0.0,0.0,0.0,0.0,0.0,1.0,0.0,0.0
112698041,0,0,self,3000.0,0,1,0,0,0,0,0,0,0,0,0,0,0,0,0,0,0,0,0,0,0.0,0.0,0.0,0.0,0.0,0.0,0.0,0.0,0.0,0.0,0.0,0.0,0.0,0.0,0.0,0.0,0.0
112698041,0,1,opponent,3000.0,0,1,0,0,0,0,0,0,0,0,0,0,0,0,0,0,0,0,0,0,0.0,0.0,0.0,0.0,0.0,0.0,0.0,0.0,0.0,0.0,0.0,0.0,0.0,0.0,0.0,0.0,0.0
112698041,23,0,self,16.0,5,1,3,0,0,0,0,0,0,0,0,0,0,0,0,0,0,0,0,20,8.0,12.0,2.0,2.0,8.0,12.0,0.0,0.0,0.0,0.0,0.0,0.0,0.0,0.0,0.0,0.0,0.0
112698041,23,1,opponent,8.0,5,1,3,0,0,0,0,0,0,0,0,0,0,0,0,0,0,0,0,20,8.0,12.0,2.0,2.0,8.0,12.0,0.0,0.0,0.0,0.0,0.0,0.0,0.0,0.0,0.0,0.0,0.0
112698041,24,0,self,16.0,0,1,3,0,0,0,0,0,0,0,0,0,0,0,0,0,0,0,0,20,8.0,12.0,2.0,2.0,8.0,12.0,0.0,0.0,0.0,0.0,0.0,0.0,0.0,0.0,0.0,0.0,0.0
112698041,24,1,opponent,8.0,0,1,3,0,0,0,0,0,0,0,0,0,0,0,0,0,0,0,0,20,8.0,12.0,2.0,2.0,8.0,12.0,0.0,0.0,0.0,0.0,0.0,0.0,0.0,0.0,0.0,0.0,0.0
112698041,47,0,self,105.0,3,1,6,0,0,0,0,0,0,0,1,0,0,0,0,0,0,0,0,20,8.0,12.0,2.0,2.0,8.0,12.0,0.0,0.0,0.0,0.0,0.0,0.0,0.0,0.0,0.0,0.0,0.0
112698041,47,1,opponent,97.0,3,1,6,0,0,0,0,0,0,0,1,0,0,0,0,0,0,0,0,20,8.0,12.0,2.0,2.0,8.0,12.0,0.0,0.0,0.0,0.0,0.0,0.0,0.0,0.0,0.0,0.0,0.0
112698041,71,0,self,218.0,4,1,6,0,0,0,0,0,0,0,0,0,0,0,0,0,0,0,0,25,8.0,12.0,2.0,3.0,13.0,12.0,0.0,0.0,0.0,0.0,0.0,0.0,0.0,0.0,0.0,0.0,0.0
112698041,71,1,opponent,210.0,4,1,6,0,0,0,0,0,0,0,0,0,0,0,0,0,0,0,0,25,8.0,12.0,2.0,3.0,13.0,12.0,0.0,0.0,0.0,0.0,0.0,0.0,0.0,0.0,0.0,0.0,0.0
112698041,72,0,self,218.0,0,1,6,0,0,0,0,0,0,0,0,0,0,0,0,0,0,0,0,25,8.0,12.0,2.0,3.0,13.0,12.0,0.0,0.0,0.0,0.0,0.0,0.0,0.0,0.0,0.0,0.0,0.0
112698041,72,1,opponent,210.0,0,1,6,0,0,0,0,0,0,0,0,0,0,0,0,0,0,0,0,25,8.0,12.0,2.0,3.0,13.0,12.0,0.0,0.0,0.0,0.0,0.0,0.0,0.0,0.0,0.0,0.0,0.0
112698041,95,0,self,271.0,5,1,14,0,0,0,0,0,0,0,1,1,0,0,0,0,0,0,0,19,7.0,12.0,2.0,3.0,7.0,12.0,0.0,0.0,0.0,0.0,0.0,0.0,0.0,0.0,0.0,0.0,0.0
112698041,95,1,opponent,353.0,5,1,11,0,0,0,0,0,0,0,1,1,0,0,0,0,0,0,0,19,7.0,12.0,2.0,3.0,7.0,12.0,0.0,0.0,0.0,0.0,0.0,0.0,0.0,0.0,0.0,0.0,0.0
112698041,119,0,self,678.0,4,1,19,0,0,0,0,0,0,0,1,0,0,0,0,0,0,0,0,19,7.0,12.0,2.0,4.0,7.0,12.0,0.0,0.0,0.0,0.0,0.0,0.0,0.0,0.0,0.0,0.0,0.0
112698041,119,1,opponent,760.0,4,1,16,0,0,0,0,0,0,0,1,0,0,0,0,0,0,0,0,19,7.0,12.0,2.0,4.0,7.0,12.0,0.0,0.0,0.0,0.0,0.0,0.0,0.0,0.0,0.0,0.0,0.0
112698041,143,0,self,793.0,4,1,19,0,0,0,0,0,0,0,2,0,0,0,0,0,0,0,0,15,3.0,12.0,2.0,4.0,3.0,12.0,0.0,0.0,4.0,0.0,0.0,0.0,0.0,0.0,0.0,0.0,0.0
112698041,143,1,opponent,875.0,4,1,16,0,0,0,0,0,0,0,2,0,0,0,0,0,0,0,0,15,3.0,12.0,2.0,4.0,3.0,12.0,0.0,0.0,4.0,0.0,0.0,0.0,0.0,0.0,0.0,0.0,0.0
112698041,144,0,self,793.0,0,1,19,0,0,0,0,0,0,0,2,0,0,0,0,0,0,0,0,27,3.0,12.0,2.0,4.0,3.0,12.0,12.0,0.0,4.0,0.0,0.0,0.0,0.0,0.0,0.0,0.0,0.0
112698041,144,1,opponent,875.0,0,1,16,0,0,0,0,0,0,0,2,0,0,0,0,0,0,0,0,27,3.0,12.0,2.0,4.0,3.0,12.0,12.0,0.0,4.0,0.0,0.0,0.0,0.0,0.0,0.0,0.0,0.0
112698041,167,0,self,1118.0,7,2,16,0,0,0,0,0,0,0,1,0,0,0,0,0,0,0,0,30,6.0,12.0,2.0,6.0,7.0,23.0,0.0,0.0,12.0,0.0,0.0,0.0,0.0,0.0,0.0,0.0,0.0
112698041,167,1,opponent,1200.0,7,2,13,0,0,0,0,0,0,0,1,0,0,0,0,0,0,0,0,30,6.0,12.0,2.0,6.0,7.0,23.0,0.0,0.0,12.0,0.0,0.0,0.0,0.0,0.0,0.0,0.0,0.0
112698041,191,0,self,538.0,7,2,11,0,0,0,0,0,0,0,1,0,0,0,2,0,0,0,0,43,7.0,12.0,2.0,8.0,7.0,36.0,0.0,0.0,16.0,0.0,0.0,0.0,0.0,0.0,0.0,0.0,0.0
112698041,191,1,opponent,620.0,7,2,8,0,0,0,0,0,0,0,1,0,0,0,1,0,0,0,0,44,8.0,12.0,2.0,8.0,8.0,36.0,0.0,0.0,16.0,0.0,0.0,0.0,0.0,0.0,0.0,0.0,0.0
112698041,192,0,self,538.0,0,2,11,0,0,0,0,0,0,0,1,0,0,0,1,0,0,0,0,56,8.0,12.0,2.0,8.0,8.0,36.0,0.0,12.0,16.0,0.0,0.0,0.0,0.0,0.0,0.0,0.0,0.0
112698041,192,1,opponent,620.0,0,2,8,0,0,0,0,0,0,0,1,0,0,0,0,0,0,0,0,57,9.0,12.0,2.0,8.0,9.0,36.0,0.0,12.0,16.0,0.0,0.0,0.0,0.0,0.0,0.0,0.0,0.0
112698041,215,0,self,1765.0,8,2,28,0,0,0,0,0,0,0,3,0,0,0,1,0,0,0,0,51,4.0,12.0,4.0,8.0,4.0,47.0,0.0,0.0,20.0,0.0,0.0,0.0,0.0,0.0,0.0,0.0,0.0
112698041,215,1,opponent,1847.0,8,2,25,0,0,0,0,0,0,0,3,0,0,0,0,0,0,0,0,52,5.0,12.0,4.0,8.0,5.0,47.0,0.0,0.0,20.0,0.0,0.0,0.0,0.0,0.0,0.0,0.0,0.0
112698041,239,0,self,2767.0,8,2,34,0,0,0,0,0,0,0,1,0,1,0,1,0,0,0,0,64,5.0,12.0,4.0,9.0,5.0,59.0,0.0,0.0,20.0,0.0,0.0,0.0,0.0,0.0,0.0,0.0,0.0
112698041,239,1,opponent,2849.0,8,2,33,0,0,0,0,0,0,0,1,0,1,0,0,0,0,0,0,64,5.0,12.0,4.0,9.0,5.0,59.0,0.0,0.0,20.0,0.0,0.0,0.0,0.0,0.0,0.0,0.0,0.0
112698041,240,0,self,2767.0,0,2,34,0,0,0,0,0,0,0,1,0,1,0,1,0,0,0,0,77,5.0,12.0,4.0,9.0,5.0,60.0,0.0,12.0,20.0,0.0,0.0,0.0,0.0,0.0,0.0,0.0,0.0
112698041,240,1,opponent,2849.0,0,2,33,0,0,0,0,0,0,0,1,0,1,0,0,0,0,0,0,77,5.0,12.0,4.0,9.0,5.0,60.0,0.0,12.0,20.0,0.0,0.0,0.0,0.0,0.0,0.0,0.0,0.0
112698041,263,0,self,16591.0,11,2,42,0,0,0,12,0,0,0,11,0,0,0,1,0,0,0,0,13,12.0,0.0,5.0,11.0,13.0,0.0,0.0,0.0,20.0,0.0,0.0,0.0,0.0,0.0,0.0,0.0,0.0
112698041,263,1,opponent,16636.0,11,2,42,0,0,0,12,0,0,0,11,0,0,0,0,0,0,0,0,13,12.0,0.0,5.0,11.0,13.0,0.0,0.0,0.0,20.0,0.0,0.0,0.0,0.0,0.0,0.0,0.0,0.0
112698041,287,0,self,16140.0,10,3,37,0,0,0,0,0,0,0,15,0,0,0,1,0,0,0,0,24,21.0,0.0,5.0,12.0,24.0,0.0,0.0,0.0,33.0,0.0,0.0,0.0,0.0,0.0,0.0,0.0,0.0
112698041,287,1,opponent,15477.0,10,3,37,0,0,0,7,0,0,0,15,0,0,0,0,0,0,0,0,24,21.0,0.0,5.0,12.0,24.0,0.0,0.0,0.0,33.0,0.0,0.0,0.0,0.0,0.0,0.0,0.0,0.0
112698041,288,0,self,16140.0,0,3,39,0,0,0,0,0,0,0,16,0,0,0,1,0,0,0,0,39,20.0,0.0,5.0,12.0,22.0,0.0,8.0,9.0,33.0,0.0,0.0,0.0,0.0,0.0,0.0,0.0,0.0
112698041,288,1,opponent,15477.0,0,3,39,0,0,0,7,0,0,0,16,0,0,0,0,0,0,0,0,39,20.0,0.0,5.0,12.0,22.0,0.0,8.0,9.0,33.0,0.0,0.0,0.0,0.0,0.0,0.0,0.0,0.0
112698041,311,0,self,20180.0,9,3,14,0,0,0,0,0,0,0,17,0,0,0,1,0,0,0,0,30,24.0,0.0,5.0,12.0,27.0,0.0,0.0,3.0,33.0,0.0,0.0,0.0,0.0,0.0,0.0,0.0,0.0
112698041,311,1,opponent,19517.0,9,3,14,0,0,0,7,0,0,0,17,0,0,0,0,0,0,0,0,30,24.0,0.0,5.0,12.0,27.0,0.0,0.0,3.0,33.0,0.0,0.0,0.0,0.0,0.0,0.0,0.0,0.0
112698041,335,0,self,22385.0,9,3,16,0,0,0,0,0,0,0,14,0,0,0,1,0,0,0,0,32,24.0,0.0,5.0,12.0,32.0,0.0,0.0,0.0,33.0,0.0,0.0,0.0,0.0,0.0,0.0,0.0,0.0
112698041,335,1,opponent,21722.0,9,3,16,0,0,0,7,0,0,0,14,0,0,0,0,0,0,0,0,32,24.0,0.0,5.0,12.0,32.0,0.0,0.0,0.0,33.0,0.0,0.0,0.0,0.0,0.0,0.0,0.0,0.0
112698041,359,0,self,26468.0,9,3,23,0,0,0,0,6,3,0,20,0,0,0,1,0,0,0,0,38,24.0,0.0,5.0,12.0,38.0,0.0,0.0,0.0,33.0,0.0,0.0,0.0,0.0,0.0,0.0,0.0,0.0
112698041,359,1,opponent,25764.0,9,3,23,0,0,0,7,6,0,0,20,0,0,0,0,0,0,0,0,38,24.0,0.0,5.0,12.0,38.0,0.0,0.0,0.0,33.0,0.0,0.0,0.0,0.0,0.0,0.0,0.0,0.0
112698041,360,0,self,26849.0,0,3,23,0,0,0,0,6,0,0,15,0,0,0,1,0,0,0,0,71,24.0,0.0,5.0,12.0,40.0,0.0,8.0,15.0,33.0,8.0,0.0,0.0,0.0,0.0,0.0,0.0,0.0
112698041,360,1,opponent,26142.0,0,3,23,0,0,0,7,6,0,0,15,0,0,0,0,0,0,0,0,71,24.0,0.0,5.0,12.0,40.0,0.0,8.0,15.0,33.0,8.0,0.0,0.0,0.0,0.0,0.0,0.0,0.0
112698041,383,0,self,33848.0,10,3,25,0,0,0,0,0,8,0,11,0,0,0,2,0,0,0,0,38,24.0,0.0,5.0,12.0,38.0,0.0,0.0,0.0,33.0,0.0,0.0,0.0,0.0,0.0,0.0,0.0,0.0
112698041,383,1,opponent,33136.0,10,3,25,0,0,0,7,0,8,0,11,0,0,0,1,0,0,0,0,38,24.0,0.0,5.0,12.0,38.0,0.0,0.0,0.0,33.0,0.0,0.0,0.0,0.0,0.0,0.0,0.0,0.0
112698041,407,0,self,40123.0,11,3,35,0,0,0,0,3,0,0,11,0,0,0,2,0,0,0,0,36,25.0,0.0,5.0,12.0,36.0,0.0,0.0,0.0,33.0,0.0,0.0,0.0,0.0,0.0,0.0,0.0,0.0
112698041,407,1,opponent,39410.0,11,3,35,0,0,0,7,3,1,0,11,0,0,0,1,0,0,0,0,36,25.0,0.0,5.0,12.0,36.0,0.0,0.0,0.0,33.0,0.0,0.0,0.0,0.0,0.0,0.0,0.0,0.0
112698041,431,0,self,44387.0,11,3,37,0,0,0,0,9,2,0,15,0,0,0,2,0,0,0,0,42,25.0,0.0,5.0,12.0,36.0,0.0,0.0,6.0,33.0,0.0,0.0,0.0,0.0,0.0,0.0,0.0,0.0
112698041,431,1,opponent,43679.0,11,3,37,0,0,0,7,9,2,0,15,0,0,0,1,0,0,0,0,42,25.0,0.0,5.0,12.0,36.0,0.0,0.0,6.0,33.0,0.0,0.0,0.0,0.0,0.0,0.0,0.0,0.0
112698041,432,0,self,44387.0,0,3,37,0,0,0,0,9,2,0,16,0,0,0,2,0,0,0,0,97,25.0,0.0,5.0,12.0,38.0,0.0,2.0,33.0,33.0,24.0,0.0,0.0,0.0,0.0,0.0,0.0,0.0
112698041,432,1,opponent,43679.0,0,3,37,0,0,0,7,9,2,0,16,0,0,0,1,0,0,0,0,97,25.0,0.0,5.0,12.0,38.0,0.0,2.0,33.0,33.0,24.0,0.0,0.0,0.0,0.0,0.0,0.0,0.0
112698041,455,0,self,51398.0,11,3,35,0,0,6,0,18,0,0,14,0,0,0,2,0,0,0,0,50,25.0,0.0,5.0,12.0,38.0,0.0,1.0,9.0,33.0,2.0,0.0,0.0,0.0,0.0,0.0,0.0,0.0
112698041,455,1,opponent,50690.0,11,3,35,0,0,6,7,18,0,0,14,0,0,0,1,0,0,0,0,50,25.0,0.0,5.0,12.0,38.0,0.0,1.0,9.0,33.0,2.0,0.0,0.0,0.0,0.0,0.0,0.0,0.0
112698041,479,0,self,59807.0,10,3,36,0,0,6,0,12,1,0,14,0,0,0,2,0,0,0,0,49,25.0,0.0,5.0,12.0,40.0,0.0,0.0,9.0,33.0,0.0,0.0,0.0,0.0,0.0,0.0,0.0,0.0
112698041,479,1,opponent,59078.0,10,3,36,0,0,6,7,12,1,0,14,0,0,0,1,0,0,0,0,49,25.0,0.0,5.0,12.0,40.0,0.0,0.0,9.0,33.0,0.0,0.0,0.0,0.0,0.0,0.0,0.0,0.0
112698041,480,0,self,59807.0,0,3,36,0,0,6,0,12,1,0,14,0,0,0,2,0,0,0,0,101,25.0,0.0,5.0,12.0,43.0,0.0,4.0,30.0,33.0,24.0,0.0,0.0,0.0,0.0,0.0,0.0,0.0
112698041,480,1,opponent,59078.0,0,3,36,0,0,6,7,12,1,0,14,0,0,0,1,0,0,0,0,101,25.0,0.0,5.0,12.0,43.0,0.0,4.0,30.0,33.0,24.0,0.0,0.0,0.0,0.0,0.0,0.0,0.0
112698041,503,0,self,66560.0,11,3,39,0,0,4,0,21,2,0,13,0,0,0,2,0,0,0,0,54,25.0,0.0,5.0,12.0,43.0,0.0,2.0,9.0,33.0,0.0,0.0,0.0,0.0,0.0,0.0,0.0,0.0
112698041,503,1,opponent,66765.0,11,3,39,0,0,4,7,15,2,0,13,0,0,0,1,0,0,0,0,54,25.0,0.0,5.0,12.0,43.0,0.0,2.0,9.0,33.0,0.0,0.0,0.0,0.0,0.0,0.0,0.0,0.0
112698041,527,0,self,74135.0,11,3,37,0,0,12,0,15,0,0,15,0,0,0,2,0,0,0,0,63,30.0,0.0,5.0,12.0,48.0,0.0,4.0,9.0,28.0,2.0,0.0,0.0,0.0,0.0,0.0,0.0,0.0
112698041,527,1,opponent,74324.0,11,3,35,0,0,12,7,15,0,0,15,0,0,0,1,0,0,0,0,63,30.0,0.0,5.0,12.0,48.0,0.0,4.0,9.0,28.0,2.0,0.0,0.0,0.0,0.0,0.0,0.0,0.0
112698041,551,0,self,77975.0,11,3,50,0,0,10,0,12,2,0,14,0,0,0,4,8,0,0,0,62,28.0,0.0,5.0,12.0,45.0,0.0,0.0,12.0,27.0,2.0,0.0,0.0,3.0,3.0,0.0,0.0,0.0
112698041,551,1,opponent,78759.0,11,3,44,0,0,10,7,12,2,0,14,0,0,0,1,0,0,0,0,62,31.0,0.0,5.0,12.0,48.0,0.0,0.0,12.0,27.0,2.0,0.0,0.0,0.0,0.0,0.0,0.0,0.0
112698041,575,0,self,81167.0,11,3,40,0,0,17,0,9,2,0,18,0,0,0,6,8,0,0,0,78,27.0,0.0,5.0,12.0,53.0,0.0,0.0,9.0,20.0,5.0,0.0,0.0,11.0,11.0,0.0,0.0,0.0
112698041,575,1,opponent,82373.0,11,3,40,0,0,17,0,9,2,0,18,0,0,0,1,8,0,0,0,78,38.0,0.0,5.0,12.0,64.0,0.0,0.0,9.0,20.0,5.0,0.0,0.0,0.0,0.0,0.0,0.0,0.0
112698041,576,0,self,81317.0,0,3,36,0,0,22,0,12,2,0,17,0,0,0,6,8,0,0,0,104,27.0,0.0,5.0,12.0,58.0,0.0,4.0,25.0,20.0,6.0,0.0,0.0,11.0,11.0,0.0,0.0,0.0
112698041,576,1,opponent,82523.0,0,3,36,0,0,22,0,12,2,0,17,0,0,0,1,8,0,0,0,104,38.0,0.0,5.0,12.0,69.0,0.0,4.0,25.0,20.0,6.0,0.0,0.0,0.0,0.0,0.0,0.0,0.0
112698041,599,0,self,83068.0,11,3,51,0,0,6,0,21,0,0,17,0,0,0,3,8,0,0,0,68,25.0,0.0,5.0,12.0,48.0,0.0,0.0,4.0,17.0,0.0,0.0,0.0,16.0,16.0,0.0,0.0,0.0
112698041,599,1,opponent,84588.0,11,3,51,0,0,6,0,21,0,0,17,0,0,0,2,8,0,0,0,68,36.0,0.0,5.0,12.0,59.0,0.0,0.0,4.0,17.0,0.0,0.0,0.0,5.0,5.0,0.0,0.0,0.0
112698041,623,0,self,84482.0,11,3,42,10,0,21,0,5,3,0,18,0,0,0,3,8,0,0,0,78,18.0,0.0,5.0,12.0,36.0,0.0,0.0,6.0,13.0,0.0,0.0,0.0,27.0,36.0,0.0,0.0,0.0
112698041,623,1,opponent,86124.0,11,3,53,0,0,21,0,5,3,0,18,0,0,0,2,8,0,0,0,78,26.0,0.0,5.0,12.0,53.0,0.0,0.0,6.0,13.0,0.0,0.0,0.0,19.0,19.0,0.0,0.0,0.0
112698041,647,0,self,87798.0,11,3,23,28,0,0,0,10,4,0,17,0,0,0,3,8,0,0,0,84,14.0,0.0,5.0,12.0,42.0,0.0,0.0,8.0,13.0,0.0,0.0,0.0,31.0,34.0,0.0,0.0,0.0
112698041,647,1,opponent,88656.0,11,3,54,0,0,0,0,10,4,0,16,0,0,0,2,2,0,0,0,84,14.0,0.0,5.0,12.0,42.0,0.0,0.0,8.0,13.0,0.0,0.0,0.0,31.0,34.0,0.0,0.0,0.0
112698041,648,0,self,87824.0,0,3,23,28,0,0,0,10,4,0,15,0,0,0,3,8,0,0,0,131,14.0,0.0,5.0,11.0,46.0,0.0,3.0,18.0,13.0,26.0,0.0,0.0,31.0,38.0,0.0,0.0,0.0
112698041,648,1,opponent,88669.0,0,3,54,0,0,0,0,10,4,0,15,0,0,0,2,2,0,0,0,132,14.0,0.0,5.0,12.0,46.0,0.0,3.0,19.0,13.0,26.0,0.0,0.0,31.0,38.0,0.0,0.0,0.0
112698041,671,0,self,91010.0,11,3,33,14,0,20,0,8,3,0,8,0,0,0,5,0,0,0,0,87,9.0,0.0,5.0,11.0,29.0,0.0,0.0,7.0,4.0,0.0,0.0,0.0,35.0,51.0,0.0,0.0,0.0
112698041,671,1,opponent,90994.0,11,3,34,14,0,20,0,8,3,0,8,0,0,0,2,0,0,0,0,88,11.0,0.0,5.0,12.0,31.0,0.0,0.0,8.0,4.0,0.0,0.0,0.0,33.0,49.0,0.0,0.0,0.0
112698041,695,0,self,95699.0,11,3,44,30,0,0,0,5,3,0,8,0,0,0,5,0,0,0,0,52,2.0,0.0,5.0,11.0,5.0,0.0,0.0,7.0,0.0,0.0,0.0,0.0,21.0,40.0,0.0,0.0,0.0
112698041,695,1,opponent,95681.0,11,3,44,30,0,0,0,8,3,0,8,0,0,0,2,0,0,0,0,52,4.0,0.0,5.0,12.0,7.0,0.0,0.0,7.0,0.0,0.0,0.0,0.0,19.0,38.0,0.0,0.0,0.0
112698041,696,0,self,95945.0,0,3,39,34,0,0,0,5,3,0,6,0,0,0,5,0,0,0,0,60,1.0,0.0,5.0,11.0,1.0,0.0,2.0,20.0,0.0,0.0,0.0,0.0,20.0,37.0,1.0,0.0,0.0
112698041,696,1,opponent,95927.0,0,3,39,34,0,0,0,8,3,0,6,0,0,0,2,0,0,0,0,60,3.0,0.0,5.0,12.0,3.0,0.0,2.0,20.0,0.0,0.0,0.0,0.0,18.0,35.0,0.0,0.0,0.0
112698041,719,0,self,102111.0,11,3,0,0,0,0,0,0,0,0,0,0,0,0,5,0,0,0,0,1,0.0,0.0,5.0,11.0,0.0,0.0,0.0,1.0,0.0,0.0,0.0,0.0,0.0,0.0,1.0,0.0,0.0
112698041,719,1,opponent,102093.0,11,3,0,0,0,0,0,0,0,0,0,0,0,0,2,0,0,0,0,1,0.0,0.0,5.0,12.0,0.0,0.0,0.0,1.0,0.0,0.0,0.0,0.0,0.0,0.0,0.0,0.0,0.0
112698051,0,0,self,3000.0,0,1,0,0,0,0,0,0,0,0,0,0,0,0,0,0,0,0,0,0,0.0,0.0,0.0,0.0,0.0,0.0,0.0,0.0,0.0,0.0,0.0,0.0,0.0,0.0,0.0,0.0,0.0
112698051,0,1,opponent,3000.0,0,1,0,0,0,0,0,0,0,0,0,0,0,0,0,0,0,0,0,0,0.0,0.0,0.0,0.0,0.0,0.0,0.0,0.0,0.0,0.0,0.0,0.0,0.0,0.0,0.0,0.0,0.0
112698051,23,0,self,15.0,5,1,3,0,0,0,0,0,0,0,0,0,0,0,0,0,0,0,0,20,8.0,12.0,2.0,2.0,8.0,12.0,0.0,0.0,0.0,0.0,0.0,0.0,0.0,0.0,0.0,0.0,0.0
112698051,23,1,opponent,4.0,4,1,0,0,0,0,0,0,0,0,0,0,0,0,0,0,0,0,0,10,5.0,5.0,4.0,1.0,5.0,5.0,0.0,0.0,0.0,0.0,0.0,0.0,0.0,0.0,0.0,0.0,0.0
112698051,24,0,self,15.0,0,1,3,0,0,0,0,0,0,0,0,0,0,0,0,0,0,0,0,20,8.0,12.0,2.0,2.0,8.0,12.0,0.0,0.0,0.0,0.0,0.0,0.0,0.0,0.0,0.0,0.0,0.0
112698051,24,1,opponent,4.0,0,1,0,0,0,0,0,0,0,0,0,0,0,0,0,0,0,0,0,10,5.0,5.0,4.0,1.0,5.0,5.0,0.0,0.0,0.0,0.0,0.0,0.0,0.0,0.0,0.0,0.0,0.0
112698051,47,0,self,108.0,3,1,6,0,0,0,0,0,0,0,1,0,0,0,0,0,0,0,0,20,8.0,12.0,2.0,2.0,8.0,12.0,0.0,0.0,0.0,0.0,0.0,0.0,0.0,0.0,0.0,0.0,0.0
112698051,47,1,opponent,3.0,1,1,0,0,0,0,0,0,0,0,5,0,0,0,0,0,0,0,0,10,5.0,5.0,4.0,1.0,5.0,5.0,0.0,0.0,0.0,0.0,0.0,0.0,0.0,0.0,0.0,0.0,0.0
112698051,71,0,self,222.0,4,1,6,0,0,0,0,0,0,0,0,0,0,0,0,0,0,0,0,25,8.0,12.0,2.0,3.0,13.0,12.0,0.0,0.0,0.0,0.0,0.0,0.0,0.0,0.0,0.0,0.0,0.0
112698051,71,1,opponent,166.0,2,1,6,0,0,0,0,0,0,0,5,0,0,0,0,0,0,0,0,15,5.0,5.0,4.0,1.0,10.0,5.0,0.0,0.0,0.0,0.0,0.0,0.0,0.0,0.0,0.0,0.0,0.0
112698051,72,0,self,222.0,0,1,6,0,0,0,0,0,0,0,0,0,0,0,0,0,0,0,0,25,8.0,12.0,2.0,3.0,13.0,12.0,0.0,0.0,0.0,0.0,0.0,0.0,0.0,0.0,0.0,0.0,0.0
112698051,72,1,opponent,166.0,0,1,6,0,0,0,0,0,0,0,5,0,0,0,0,0,0,0,0,15,5.0,5.0,4.0,1.0,10.0,5.0,0.0,0.0,0.0,0.0,0.0,0.0,0.0,0.0,0.0,0.0,0.0
112698051,95,0,self,371.0,5,1,11,0,0,0,0,0,0,0,1,1,0,0,0,0,0,0,0,19,7.0,12.0,2.0,3.0,7.0,12.0,0.0,0.0,0.0,0.0,0.0,0.0,0.0,0.0,0.0,0.0,0.0
112698051,95,1,opponent,182.0,3,1,6,0,0,0,0,0,0,0,5,0,0,0,0,0,0,0,0,21,6.0,5.0,4.0,1.0,16.0,5.0,0.0,0.0,3.0,0.0,0.0,0.0,0.0,0.0,0.0,0.0,0.0
112698051,119,0,self,773.0,4,1,16,0,0,0,0,0,0,0,1,0,0,0,0,0,0,0,0,19,7.0,12.0,2.0,4.0,7.0,12.0,0.0,0.0,0.0,0.0,0.0,0.0,0.0,0.0,0.0,0.0,0.0
112698051,119,1,opponent,542.0,3,1,23,0,0,0,0,0,0,0,5,0,0,0,0,0,0,0,0,11,6.0,5.0,4.0,1.0,6.0,5.0,0.0,0.0,3.0,0.0,0.0,0.0,0.0,0.0,0.0,0.0,0.0
112698051,143,0,self,889.0,4,1,16,0,0,0,0,0,0,0,2,0,0,0,0,0,0,0,0,15,3.0,12.0,2.0,4.0,3.0,12.0,0.0,0.0,4.0,0.0,0.0,0.0,0.0,0.0,0.0,0.0,0.0
112698051,143,1,opponent,507.0,3,1,7,0,0,0,0,0,0,0,5,0,0,0,0,0,0,0,0,13,7.0,5.0,4.0,2.0,8.0,5.0,0.0,0.0,7.0,0.0,0.0,0.0,0.0,0.0,0.0,0.0,0.0
112698051,144,0,self,889.0,0,1,16,0,0,0,0,0,0,0,2,0,0,0,0,0,0,0,0,27,3.0,12.0,2.0,4.0,3.0,12.0,12.0,0.0,4.0,0.0,0.0,0.0,0.0,0.0,0.0,0.0,0.0
112698051,144,1,opponent,507.0,0,1,7,0,0,0,0,0,0,0,5,0,0,0,0,0,0,0,0,33,7.0,5.0,4.0,2.0,8.0,5.0,20.0,0.0,7.0,0.0,0.0,0.0,0.0,0.0,0.0,0.0,0.0
112698051,167,0,self,1295.0,7,2,13,0,0,0,0,0,0,0,1,0,0,0,0,0,0,0,0,30,6.0,12.0,2.0,6.0,7.0,23.0,0.0,0.0,12.0,0.0,0.0,0.0,0.0,0.0,0.0,0.0,0.0
112698051,167,1,opponent,35.0,4,2,5,0,0,0,0,0,15,0,3,1,0,0,1,0,0,1,0,24,7.0,5.0,4.0,3.0,14.0,10.0,0.0,0.0,8.0,0.0,0.0,0.0,0.0,0.0,0.0,0.0,0.0
112698051,191,0,self,719.0,7,2,8,0,0,0,0,0,0,0,1,0,0,0,1,0,0,0,0,44,8.0,12.0,2.0,8.0,8.0,36.0,0.0,0.0,16.0,0.0,0.0,0.0,0.0,0.0,0.0,0.0,0.0
112698051,191,1,opponent,804.0,7,2,13,0,0,0,0,0,0,0,7,0,0,0,0,0,0,0,0,36,10.0,5.0,4.0,6.0,21.0,15.0,0.0,0.0,17.0,0.0,0.0,0.0,0.0,0.0,0.0,0.0,0.0
112698051,192,0,self,719.0,0,2,8,0,0,0,0,0,0,0,1,0,0,0,0,0,0,0,0,57,9.0,12.0,2.0,8.0,9.0,36.0,0.0,12.0,16.0,0.0,0.0,0.0,0.0,0.0,0.0,0.0,0.0
112698051,192,1,opponent,804.0,0,2,13,0,0,0,0,0,0,0,7,0,0,0,0,0,0,0,0,42,10.0,5.0,4.0,6.0,21.0,15.0,0.0,6.0,17.0,0.0,0.0,0.0,0.0,0.0,0.0,0.0,0.0
112698051,215,0,self,1980.0,8,2,25,0,0,0,0,0,0,0,3,0,0,0,0,0,0,0,0,52,5.0,12.0,4.0,8.0,5.0,47.0,0.0,0.0,20.0,0.0,0.0,0.0,0.0,0.0,0.0,0.0,0.0
112698051,215,1,opponent,340.0,6,2,20,0,0,0,0,6,0,0,10,0,0,0,0,0,0,0,0,35,13.0,5.0,4.0,8.0,15.0,20.0,0.0,0.0,19.0,0.0,0.0,0.0,0.0,0.0,0.0,0.0,0.0
112698051,239,0,self,2912.0,8,2,33,0,0,0,0,0,0,0,1,0,1,0,0,0,0,0,0,64,5.0,12.0,4.0,9.0,5.0,59.0,0.0,0.0,20.0,0.0,0.0,0.0,0.0,0.0,0.0,0.0,0.0
112698051,239,1,opponent,2327.0,7,2,15,0,0,0,0,0,16,0,12,0,0,0,0,0,0,0,0,42,13.0,5.0,4.0,8.0,17.0,25.0,0.0,0.0,19.0,0.0,0.0,0.0,0.0,0.0,0.0,0.0,0.0
112698051,240,0,self,2912.0,0,2,33,0,0,0,0,0,0,0,1,0,1,0,0,0,0,0,0,77,5.0,12.0,4.0,9.0,5.0,60.0,0.0,12.0,20.0,0.0,0.0,0.0,0.0,0.0,0.0,0.0,0.0
112698051,240,1,opponent,2327.0,0,2,15,0,0,0,0,0,16,0,12,0,0,0,0,0,0,0,0,45,13.0,5.0,4.0,8.0,17.0,25.0,0.0,3.0,19.0,0.0,0.0,0.0,0.0,0.0,0.0,0.0,0.0
112698051,263,0,self,18618.0,11,2,42,0,0,0,12,0,0,0,11,0,0,0,0,0,0,0,0,13,12.0,0.0,5.0,9.0,13.0,0.0,0.0,0.0,20.0,0.0,2.0,0.0,0.0,0.0,0.0,0.0,0.0
112698051,263,1,opponent,4475.0,14,3,13,0,0,0,0,3,0,0,24,0,0,0,1,0,0,5,2,41,13.0,12.0,4.0,8.0,29.0,12.0,0.0,0.0,30.0,0.0,0.0,0.0,0.0,0.0,0.0,0.0,0.0
112698051,287,0,self,19154.0,10,3,37,0,0,0,0,0,0,0,15,0,0,0,0,0,0,0,0,24,21.0,0.0,5.0,9.0,24.0,0.0,0.0,0.0,33.0,0.0,3.0,0.0,0.0,0.0,0.0,0.0,0.0
112698051,287,1,opponent,5631.0,10,3,23,0,0,0,0,0,0,0,24,0,0,0,0,0,0,0,0,43,13.0,14.0,4.0,8.0,29.0,14.0,0.0,0.0,35.0,0.0,0.0,0.0,0.0,0.0,0.0,0.0,0.0
112698051,288,0,self,19154.0,0,3,39,0,0,0,0,0,0,0,16,0,0,0,0,0,0,0,0,39,20.0,0.0,5.0,9.0,22.0,0.0,8.0,9.0,33.0,0.0,3.0,0.0,0.0,0.0,0.0,0.0,0.0
112698051,288,1,opponent,5631.0,0,3,23,0,0,0,0,0,0,0,24,0,0,0,0,0,0,0,0,63,13.0,14.0,4.0,8.0,30.0,14.0,16.0,3.0,35.0,0.0,0.0,0.0,0.0,0.0,0.0,0.0,0.0
112698051,311,0,self,22818.0,9,3,14,0,0,0,0,0,0,0,17,0,0,0,0,0,0,0,0,30,24.0,0.0,5.0,9.0,27.0,0.0,0.0,3.0,33.0,0.0,3.0,0.0,0.0,0.0,0.0,0.0,0.0
112698051,311,1,opponent,6265.0,10,3,37,0,0,0,0,3,16,0,24,0,0,0,0,0,0,0,0,29,13.0,14.0,4.0,8.0,15.0,14.0,0.0,0.0,35.0,0.0,0.0,0.0,0.0,0.0,0.0,0.0,0.0
112698051,335,0,self,25120.0,9,3,19,0,0,0,0,0,0,0,14,0,0,0,0,0,0,0,0,32,24.0,0.0,5.0,9.0,32.0,0.0,0.0,0.0,33.0,0.0,3.0,0.0,0.0,0.0,0.0,0.0,0.0
112698051,335,1,opponent,8388.0,8,3,16,0,0,6,0,6,0,0,24,0,0,0,0,0,0,0,0,31,13.0,14.0,4.0,8.0,17.0,14.0,0.0,0.0,35.0,0.0,0.0,0.0,0.0,0.0,0.0,0.0,0.0
112698051,359,0,self,28821.0,9,3,23,0,0,0,0,6,3,8,20,0,0,0,0,0,0,0,0,38,24.0,0.0,5.0,9.0,38.0,0.0,0.0,0.0,33.0,0.0,3.0,0.0,0.0,0.0,0.0,0.0,0.0
112698051,359,1,opponent,11055.0,9,3,13,0,0,0,0,9,0,0,24,0,0,0,0,0,0,0,0,43,13.0,14.0,4.0,8.0,29.0,14.0,0.0,0.0,35.0,0.0,0.0,0.0,0.0,0.0,0.0,0.0,0.0
112698051,360,0,self,29239.0,0,3,23,0,0,0,0,6,0,8,15,0,0,0,0,0,0,0,0,77,24.0,0.0,5.0,9.0,40.0,0.0,6.0,15.0,33.0,8.0,3.0,8.0,0.0,0.0,0.0,0.0,0.0
112698051,360,1,opponent,11055.0,0,3,13,0,0,0,0,9,0,0,24,0,0,0,0,0,0,0,0,94,13.0,14.0,4.0,8.0,29.0,14.0,16.0,21.0,35.0,14.0,0.0,0.0,0.0,0.0,0.0,0.0,0.0
112698051,383,0,self,36892.0,10,3,25,0,0,0,0,0,6,6,11,0,0,0,1,0,0,0,0,40,24.0,0.0,5.0,9.0,38.0,0.0,0.0,0.0,33.0,0.0,3.0,2.0,0.0,0.0,0.0,0.0,0.0
112698051,383,1,opponent,16153.0,9,3,23,0,0,12,0,0,8,0,23,1,0,0,0,0,0,0,0,52,13.0,14.0,4.0,8.0,30.0,14.0,0.0,6.0,35.0,2.0,0.0,0.0,0.0,0.0,0.0,0.0,0.0
112698051,407,0,self,43757.0,11,3,35,0,0,0,0,3,0,5,11,0,0,0,1,0,0,0,0,38,25.0,0.0,5.0,9.0,36.0,0.0,0.0,0.0,33.0,0.0,3.0,2.0,0.0,0.0,0.0,0.0,0.0
112698051,407,1,opponent,23366.0,13,3,32,0,0,2,0,3,0,0,24,1,0,0,3,0,0,0,0,41,13.0,14.0,4.0,8.0,15.0,26.0,0.0,0.0,35.0,0.0,0.0,0.0,0.0,0.0,0.0,0.0,0.0
112698051,431,0,self,48648.0,11,3,37,0,0,0,0,9,2,6,15,0,0,0,1,0,0,0,0,44,25.0,0.0,5.0,9.0,36.0,0.0,0.0,6.0,33.0,0.0,3.0,2.0,0.0,0.0,0.0,0.0,0.0
112698051,431,1,opponent,25071.0,9,3,16,0,0,22,0,9,0,0,25,1,0,0,3,0,0,0,0,69,13.0,14.0,4.0,8.0,17.0,40.0,0.0,2.0,35.0,10.0,0.0,0.0,0.0,0.0,0.0,0.0,0.0
112698051,432,0,self,48701.0,0,3,37,0,0,0,0,9,2,5,16,0,0,0,1,0,0,0,0,93,25.0,0.0,5.0,9.0,38.0,0.0,2.0,21.0,33.0,24.0,3.0,8.0,0.0,0.0,0.0,0.0,0.0
112698051,432,1,opponent,25071.0,0,3,16,0,0,28,0,9,0,0,25,1,0,0,3,0,0,0,0,97,13.0,14.0,4.0,8.0,17.0,40.0,16.0,14.0,35.0,10.0,0.0,0.0,0.0,0.0,0.0,0.0,0.0
112698051,455,0,self,56301.0,11,3,35,0,0,6,0,12,0,4,14,0,0,0,1,0,0,0,0,48,25.0,0.0,5.0,9.0,38.0,0.0,1.0,3.0,33.0,2.0,3.0,4.0,0.0,0.0,0.0,0.0,0.0
112698051,455,1,opponent,32591.0,11,3,14,0,0,8,0,12,16,0,25,1,0,0,3,0,0,0,0,87,13.0,14.0,4.0,8.0,29.0,54.0,0.0,2.0,35.0,2.0,0.0,0.0,0.0,0.0,0.0,0.0,0.0
112698051,479,0,self,64268.0,10,3,36,0,0,6,0,6,1,10,13,0,0,0,1,0,0,0,0,43,25.0,0.0,5.0,9.0,40.0,0.0,0.0,3.0,33.0,0.0,3.0,0.0,0.0,0.0,0.0,0.0,0.0
112698051,479,1,opponent,36557.0,13,3,16,0,0,32,0,14,0,0,25,1,0,0,0,0,0,0,0,99,16.0,14.0,4.0,8.0,33.0,66.0,0.0,0.0,32.0,0.0,0.0,0.0,0.0,0.0,0.0,0.0,0.0
112698051,480,0,self,64268.0,0,3,36,0,0,6,0,6,1,10,13,0,0,0,1,0,0,0,0,95,25.0,0.0,5.0,9.0,43.0,0.0,4.0,18.0,33.0,24.0,3.0,6.0,0.0,0.0,0.0,0.0,0.0
112698051,480,1,opponent,39455.0,0,3,16,0,0,18,0,14,0,0,25,1,0,0,0,0,0,0,0,141,16.0,14.0,4.0,8.0,33.0,68.0,0.0,12.0,32.0,28.0,0.0,0.0,0.0,0.0,0.0,0.0,0.0
112698051,503,0,self,72230.0,11,3,39,0,0,4,0,6,2,4,13,0,0,0,1,0,0,0,0,53,25.0,0.0,5.0,9.0,43.0,0.0,2.0,6.0,33.0,0.0,3.0,2.0,0.0,0.0,0.0,0.0,0.0
112698051,503,1,opponent,53330.0,14,3,12,0,0,14,18,3,0,0,24,1,0,0,34,0,0,0,0,63,26.0,2.0,4.0,8.0,39.0,10.0,0.0,0.0,32.0,14.0,0.0,0.0,0.0,0.0,0.0,0.0,0.0
112698051,527,0,self,79673.0,11,3,37,0,0,12,0,9,0,6,15,0,0,0,1,0,0,0,0,65,30.0,0.0,5.0,9.0,48.0,0.0,4.0,9.0,28.0,2.0,3.0,2.0,0.0,0.0,0.0,0.0,0.0
112698051,527,1,opponent,61293.0,12,3,14,0,0,32,12,3,0,0,27,0,0,0,32,0,0,0,0,39,30.0,0.0,4.0,9.0,37.0,0.0,0.0,0.0,28.0,2.0,0.0,0.0,0.0,0.0,1.0,0.0,0.0
112698051,551,0,self,86231.0,11,3,50,0,0,10,0,9,2,4,14,0,0,0,1,0,0,0,0,63,31.0,0.0,5.0,9.0,48.0,0.0,0.0,9.0,27.0,2.0,3.0,4.0,0.0,0.0,0.0,0.0,0.0
112698051,551,1,opponent,66812.0,10,3,14,0,0,28,0,9,0,0,26,0,0,0,29,0,0,0,0,64,33.0,0.0,4.0,9.0,60.0,0.0,0.0,2.0,27.0,2.0,0.0,0.0,0.0,0.0,0.0,0.0,0.0
112698051,575,0,self,92739.0,11,3,36,0,0,17,0,6,2,8,18,0,0,0,1,0,0,0,0,78,38.0,0.0,5.0,9.0,64.0,0.0,0.0,9.0,20.0,5.0,3.0,0.0,0.0,0.0,0.0,0.0,0.0
112698051,575,1,opponent,71717.0,14,3,34,0,0,30,0,0,0,0,20,0,0,0,18,0,0,0,0,84,44.0,0.0,4.0,9.0,78.0,0.0,0.0,6.0,18.0,0.0,0.0,0.0,0.0,0.0,0.0,0.0,0.0
112698051,576,0,self,92911.0,0,3,32,0,0,22,0,9,2,8,17,0,0,0,1,0,0,0,0,106,38.0,0.0,5.0,9.0,69.0,0.0,4.0,21.0,20.0,6.0,3.0,6.0,0.0,0.0,0.0,0.0,0.0
112698051,576,1,opponent,72792.0,0,3,34,0,0,20,0,0,0,0,20,0,0,0,18,0,0,0,0,139,44.0,0.0,4.0,9.0,79.0,0.0,16.0,18.0,18.0,26.0,0.0,0.0,0.0,0.0,0.0,0.0,0.0
112698051,599,0,self,96835.0,11,3,51,0,0,6,0,21,0,2,17,0,0,0,1,0,0,0,0,68,37.0,0.0,5.0,9.0,60.0,0.0,0.0,0.0,17.0,0.0,3.0,4.0,4.0,4.0,0.0,0.0,0.0
112698051,599,1,opponent,77731.0,11,3,41,0,0,10,0,3,16,0,18,0,0,0,17,0,0,0,0,81,45.0,0.0,4.0,9.0,71.0,0.0,0.0,4.0,16.0,6.0,0.0,0.0,0.0,0.0,0.0,0.0,0.0
112698051,623,0,self,101736.0,11,3,49,0,0,21,0,6,3,6,18,0,0,0,1,8,0,0,0,79,27.0,0.0,5.0,9.0,54.0,0.0,0.0,6.0,13.0,0.0,3.0,1.0,18.0,18.0,0.0,0.0,0.0
112698051,623,1,opponent,81305.0,12,3,43,0,0,16,0,5,0,0,18,0,0,0,16,0,0,0,0,69,46.0,0.0,4.0,9.0,69.0,0.0,0.0,0.0,16.0,0.0,0.0,0.0,0.0,0.0,0.0,0.0,0.0
112698051,647,0,self,104854.0,11,3,52,0,0,0,0,9,4,2,15,0,0,0,2,8,0,0,0,87,15.0,0.0,5.0,9.0,45.0,0.0,0.0,8.0,13.0,0.0,3.0,3.0,30.0,31.0,0.0,0.0,0.0
112698051,647,1,opponent,83671.0,12,3,15,0,0,22,0,9,0,0,13,0,0,0,5,0,0,0,0,104,57.0,0.0,4.0,9.0,102.0,0.0,0.0,2.0,5.0,0.0,0.0,0.0,0.0,0.0,0.0,0.0,0.0
112698051,648,0,self,104854.0,0,3,52,0,0,0,0,9,4,2,15,0,0,0,2,8,0,0,0,141,15.0,0.0,5.0,9.0,49.0,0.0,3.0,20.0,13.0,26.0,3.0,8.0,30.0,35.0,0.0,0.0,0.0
112698051,648,1,opponent,83671.0,0,3,15,0,0,22,0,9,0,0,13,0,0,0,5,0,0,0,0,138,57.0,0.0,4.0,9.0,103.0,0.0,15.0,10.0,5.0,10.0,0.0,0.0,0.0,0.0,0.0,0.0,0.0
112698051,671,0,self,108576.0,11,3,32,14,0,20,0,11,3,4,6,0,0,0,5,0,0,0,0,87,9.0,0.0,5.0,9.0,34.0,0.0,0.0,3.0,4.0,0.0,3.0,4.0,35.0,46.0,0.0,0.0,0.0
112698051,671,1,opponent,87052.0,11,3,63,0,0,6,0,2,15,0,11,0,0,0,5,0,0,0,0,77,40.0,0.0,4.0,9.0,75.0,0.0,0.0,2.0,5.0,0.0,0.0,0.0,0.0,0.0,0.0,0.0,0.0
112698051,695,0,self,114412.0,11,3,52,29,0,0,0,1,3,6,8,0,0,0,5,0,0,0,0,55,1.0,0.0,5.0,9.0,4.0,0.0,0.0,9.0,0.0,0.0,3.0,0.0,22.0,42.0,0.0,0.0,0.0
112698051,695,1,opponent,90809.0,10,3,57,0,0,0,0,0,0,0,6,0,0,0,5,0,0,0,0,67,27.0,0.0,4.0,9.0,67.0,0.0,0.0,0.0,0.0,0.0,0.0,0.0,0.0,0.0,5.0,0.0,0.0
112698051,696,0,self,114780.0,0,3,47,33,0,0,0,1,3,6,6,0,0,0,5,0,0,0,0,64,0.0,0.0,5.0,9.0,0.0,0.0,2.0,19.0,0.0,0.0,3.0,4.0,21.0,39.0,0.0,0.0,0.0
112698051,696,1,opponent,90809.0,0,3,57,0,0,0,0,0,0,0,6,0,0,0,5,0,0,0,0,85,27.0,0.0,4.0,9.0,67.0,0.0,0.0,18.0,0.0,0.0,0.0,0.0,0.0,0.0,6.0,0.0,0.0
112698051,719,0,self,123460.0,11,3,0,0,0,0,0,0,0,0,0,0,0,0,5,0,0,0,0,1,0.0,0.0,5.0,9.0,0.0,0.0,0.0,1.0,0.0,0.0,3.0,0.0,0.0,0.0,0.0,0.0,0.0
112698051,719,1,opponent,96961.0,10,3,0,0,0,0,0,0,0,0,0,0,0,0,5,0,0,0,0,2,1.0,0.0,4.0,9.0,2.0,0.0,0.0,0.0,0.0,0.0,0.0,0.0,0.0,0.0,6.0,0.0,0.0
112699185,0,0,opponent,3000.0,0,1,0,0,0,0,0,0,0,0,0,0,0,0,0,0,0,0,0,0,0.0,0.0,0.0,0.0,0.0,0.0,0.0,0.0,0.0,0.0,0.0,0.0,0.0,0.0,0.0,0.0,0.0
112699185,0,1,self,3000.0,0,1,0,0,0,0,0,0,0,0,0,0,0,0,0,0,0,0,0,0,0.0,0.0,0.0,0.0,0.0,0.0,0.0,0.0,0.0,0.0,0.0,0.0,0.0,0.0,0.0,0.0,0.0
112699185,23,0,opponent,13.0,4,1,17,0,0,0,0,0,0,0,0,0,0,0,1,0,0,0,0,17,10.0,7.0,1.0,3.0,10.0,7.0,0.0,0.0,0.0,0.0,0.0,0.0,0.0,0.0,0.0,0.0,0.0
112699185,23,1,self,15.0,5,1,3,0,0,0,0,0,0,0,0,0,0,0,0,0,0,0,0,20,8.0,12.0,2.0,2.0,8.0,12.0,0.0,0.0,0.0,0.0,0.0,0.0,0.0,0.0,0.0,0.0,0.0
112699185,24,0,opponent,43.0,0,1,16,0,0,0,0,0,0,0,0,0,0,0,1,0,0,0,0,17,10.0,7.0,1.0,3.0,10.0,7.0,0.0,0.0,0.0,0.0,0.0,0.0,0.0,0.0,0.0,0.0,0.0
112699185,24,1,self,15.0,0,1,3,0,0,0,0,0,0,0,0,0,0,0,0,0,0,0,0,20,8.0,12.0,2.0,2.0,8.0,12.0,0.0,0.0,0.0,0.0,0.0,0.0,0.0,0.0,0.0,0.0,0.0
112699185,47,0,opponent,137.0,5,1,15,0,0,0,0,0,0,0,2,0,0,0,0,0,0,0,0,18,11.0,7.0,1.0,3.0,11.0,7.0,0.0,0.0,0.0,0.0,0.0,0.0,0.0,0.0,0.0,0.0,0.0
112699185,47,1,self,96.0,3,1,6,0,0,0,0,0,0,0,1,0,0,0,0,0,0,0,0,20,8.0,12.0,2.0,2.0,8.0,12.0,0.0,0.0,0.0,0.0,0.0,0.0,0.0,0.0,0.0,0.0,0.0
112699185,71,0,opponent,212.0,5,1,12,0,0,0,0,0,0,0,4,0,0,0,0,0,0,0,0,29,11.0,8.0,1.0,3.0,21.0,8.0,0.0,0.0,0.0,0.0,0.0,0.0,0.0,0.0,0.0,0.0,0.0
112699185,71,1,self,212.0,4,1,6,0,0,0,0,0,0,0,0,0,0,0,0,0,0,0,0,25,8.0,12.0,2.0,3.0,13.0,12.0,0.0,0.0,0.0,0.0,0.0,0.0,0.0,0.0,0.0,0.0,0.0
112699185,72,0,opponent,212.0,0,1,12,0,0,0,0,0,0,0,4,0,0,0,0,0,0,0,0,29,11.0,8.0,1.0,3.0,21.0,8.0,0.0,0.0,0.0,0.0,0.0,0.0,0.0,0.0,0.0,0.0,0.0
112699185,72,1,self,212.0,0,1,6,0,0,0,0,0,0,0,0,0,0,0,0,0,0,0,0,25,8.0,12.0,2.0,3.0,13.0,12.0,0.0,0.0,0.0,0.0,0.0,0.0,0.0,0.0,0.0,0.0,0.0
112699185,95,0,opponent,786.0,5,1,11,0,0,0,0,0,0,0,1,0,0,0,0,0,0,0,0,40,11.0,8.0,1.0,3.0,32.0,8.0,0.0,0.0,0.0,0.0,0.0,0.0,0.0,0.0,0.0,0.0,0.0
112699185,95,1,self,362.0,5,1,11,0,0,0,0,0,0,0,1,1,0,0,0,0,0,0,0,19,7.0,12.0,2.0,3.0,7.0,12.0,0.0,0.0,0.0,0.0,0.0,0.0,0.0,0.0,0.0,0.0,0.0
112699185,119,0,opponent,520.0,6,1,38,0,0,0,0,0,0,0,2,0,0,0,0,0,0,0,1,19,7.0,10.0,1.0,3.0,9.0,10.0,0.0,0.0,2.0,0.0,0.0,0.0,0.0,0.0,0.0,0.0,0.0
112699185,119,1,self,761.0,4,1,16,0,0,0,0,0,0,0,1,0,0,0,0,0,0,0,0,19,7.0,12.0,2.0,4.0,7.0,12.0,0.0,0.0,0.0,0.0,0.0,0.0,0.0,0.0,0.0,0.0,0.0
112699185,143,0,opponent,630.0,6,1,14,0,0,0,0,0,0,0,2,0,0,0,0,0,0,0,1,16,6.0,10.0,2.0,4.0,6.0,10.0,0.0,0.0,2.0,0.0,0.0,0.0,0.0,0.0,0.0,0.0,0.0
112699185,143,1,self,875.0,4,1,16,0,0,0,0,0,0,0,2,0,0,0,0,0,0,0,0,15,3.0,12.0,2.0,4.0,3.0,12.0,0.0,0.0,4.0,0.0,0.0,0.0,0.0,0.0,0.0,0.0,0.0
112699185,144,0,opponent,630.0,0,1,14,0,0,0,0,0,0,0,2,0,0,0,0,0,0,0,1,22,6.0,10.0,2.0,4.0,6.0,10.0,6.0,0.0,2.0,0.0,0.0,0.0,0.0,0.0,0.0,0.0,0.0
112699185,144,1,self,875.0,0,1,16,0,0,0,0,0,0,0,2,0,0,0,0,0,0,0,0,27,3.0,12.0,2.0,4.0,3.0,12.0,12.0,0.0,4.0,0.0,0.0,0.0,0.0,0.0,0.0,0.0,0.0
112699185,167,0,opponent,1444.0,6,1,18,0,0,0,0,0,0,0,4,1,0,0,0,0,0,0,1,29,6.0,10.0,2.0,4.0,12.0,17.0,0.0,0.0,2.0,0.0,0.0,0.0,0.0,0.0,0.0,0.0,0.0
112699185,167,1,self,891.0,7,2,13,0,0,0,0,0,2,0,1,0,0,0,0,0,0,0,0,30,6.0,12.0,2.0,6.0,7.0,23.0,0.0,0.0,12.0,0.0,0.0,0.0,0.0,0.0,0.0,0.0,0.0
112699185,191,0,opponent,759.0,8,2,5,0,0,0,0,0,0,0,3,0,0,0,1,0,0,0,0,47,10.0,11.0,2.0,5.0,22.0,25.0,0.0,0.0,6.0,0.0,0.0,0.0,0.0,0.0,0.0,0.0,0.0
112699185,191,1,self,711.0,7,2,8,0,0,0,0,0,0,0,1,0,0,0,1,0,0,0,0,44,8.0,12.0,2.0,8.0,8.0,36.0,0.0,0.0,16.0,0.0,0.0,0.0,0.0,0.0,0.0,0.0,0.0
112699185,192,0,opponent,759.0,0,2,5,0,0,0,0,0,0,0,3,0,0,0,1,0,0,0,0,65,10.0,11.0,2.0,5.0,22.0,25.0,0.0,18.0,6.0,0.0,0.0,0.0,0.0,0.0,0.0,0.0,0.0
112699185,192,1,self,711.0,0,2,8,0,0,0,0,0,0,0,1,0,0,0,0,0,0,0,0,57,9.0,12.0,2.0,8.0,9.0,36.0,0.0,12.0,16.0,0.0,0.0,0.0,0.0,0.0,0.0,0.0,0.0
112699185,215,0,opponent,700.0,10,2,31,0,0,0,0,0,0,0,7,0,0,0,4,0,0,5,0,40,7.0,11.0,6.0,5.0,7.0,33.0,0.0,0.0,12.0,0.0,0.0,0.0,0.0,0.0,0.0,0.0,0.0
112699185,215,1,self,1818.0,8,2,25,0,0,0,0,0,0,0,3,0,0,0,0,0,0,0,0,52,5.0,12.0,4.0,8.0,5.0,47.0,0.0,0.0,20.0,0.0,0.0,0.0,0.0,0.0,0.0,0.0,0.0
112699185,239,0,opponent,710.0,11,2,29,0,0,0,0,0,0,0,6,1,0,0,4,0,0,2,0,52,7.0,11.0,6.0,5.0,11.0,41.0,0.0,0.0,17.0,0.0,0.0,0.0,0.0,0.0,0.0,0.0,0.0
112699185,239,1,self,2907.0,8,2,33,0,0,0,0,0,0,0,1,0,1,0,0,0,0,0,0,64,5.0,12.0,5.0,8.0,5.0,59.0,0.0,0.0,20.0,0.0,0.0,0.0,0.0,0.0,0.0,0.0,0.0
112699185,240,0,opponent,710.0,0,2,29,0,0,0,0,0,0,0,6,0,0,0,4,0,0,2,0,61,7.0,11.0,6.0,6.0,11.0,41.0,0.0,9.0,17.0,0.0,0.0,0.0,0.0,0.0,0.0,0.0,0.0
112699185,240,1,self,2907.0,0,2,33,0,0,0,0,0,0,0,1,0,1,0,0,0,0,0,0,77,5.0,12.0,5.0,8.0,5.0,60.0,0.0,12.0,20.0,0.0,0.0,0.0,0.0,0.0,0.0,0.0,0.0
112699185,263,0,opponent,1680.0,12,3,45,0,0,0,18,9,0,0,9,2,0,0,3,0,0,1,3,33,8.0,4.0,6.0,6.0,24.0,9.0,0.0,0.0,21.0,0.0,0.0,0.0,0.0,0.0,0.0,0.0,0.0
112699185,263,1,self,18332.0,11,2,42,0,0,0,12,0,0,0,11,0,0,0,0,0,0,0,0,13,12.0,0.0,6.0,8.0,13.0,0.0,0.0,0.0,20.0,0.0,2.0,0.0,0.0,0.0,0.0,0.0,0.0
112699185,287,0,opponent,3874.0,12,3,77,0,0,0,0,9,0,0,11,0,0,0,1,0,0,2,3,32,6.0,6.0,6.0,8.0,18.0,14.0,0.0,0.0,27.0,0.0,0.0,0.0,0.0,0.0,1.0,0.0,0.0
112699185,287,1,self,18689.0,10,3,37,0,0,0,0,0,0,0,15,0,0,0,0,0,0,0,0,24,21.0,0.0,6.0,8.0,24.0,0.0,0.0,0.0,33.0,0.0,3.0,0.0,0.0,0.0,0.0,0.0,0.0
112699185,288,0,opponent,3774.0,0,3,77,0,0,0,0,9,0,0,11,0,0,0,1,0,0,3,3,45,6.0,6.0,6.0,8.0,18.0,14.0,4.0,9.0,27.0,0.0,0.0,0.0,0.0,0.0,1.0,0.0,0.0
112699185,288,1,self,18689.0,0,3,39,0,0,0,0,0,0,0,16,0,0,0,0,0,0,0,0,39,20.0,0.0,6.0,8.0,22.0,0.0,8.0,9.0,33.0,0.0,3.0,0.0,0.0,0.0,0.0,0.0,0.0
112699185,311,0,opponent,10115.0,12,3,24,0,0,0,0,4,0,0,8,0,0,0,0,0,0,4,2,18,4.0,6.0,6.0,8.0,6.0,12.0,0.0,0.0,33.0,0.0,0.0,0.0,0.0,0.0,1.0,0.0,0.0
112699185,311,1,self,22826.0,9,3,14,0,0,0,0,0,0,0,17,0,0,0,0,0,0,0,0,30,24.0,0.0,6.0,8.0,27.0,0.0,0.0,3.0,33.0,0.0,3.0,0.0,0.0,0.0,0.0,0.0,0.0
112699185,335,0,opponent,7513.0,12,3,75,0,0,0,0,7,0,0,10,0,0,0,0,0,0,2,1,30,4.0,9.0,6.0,8.0,12.0,18.0,0.0,0.0,38.0,0.0,0.0,0.0,0.0,0.0,3.0,0.0,0.0
112699185,335,1,self,24867.0,9,3,16,0,0,0,0,0,0,0,14,0,0,0,0,0,0,0,0,32,24.0,0.0,6.0,8.0,32.0,0.0,0.0,0.0,33.0,0.0,3.0,0.0,0.0,0.0,0.0,0.0,0.0
112699185,359,0,opponent,10381.0,12,3,49,0,0,4,12,9,4,0,14,0,0,0,0,0,0,0,3,24,4.0,8.0,6.0,8.0,14.0,10.0,0.0,0.0,40.0,0.0,0.0,0.0,0.0,0.0,2.0,0.0,0.0
112699185,359,1,self,28894.0,9,3,21,0,0,0,0,6,3,8,20,0,0,0,0,0,0,0,0,38,24.0,0.0,6.0,8.0,38.0,0.0,0.0,0.0,33.0,0.0,3.0,0.0,0.0,0.0,0.0,0.0,0.0
112699185,360,0,opponent,11059.0,0,3,49,0,0,4,7,9,4,0,14,0,0,0,0,0,0,0,2,37,4.0,8.0,6.0,8.0,14.0,10.0,4.0,9.0,40.0,0.0,0.0,0.0,0.0,0.0,3.0,0.0,0.0
112699185,360,1,self,29308.0,0,3,21,0,0,0,0,6,0,8,15,0,0,0,0,0,0,0,0,85,24.0,0.0,6.0,8.0,40.0,0.0,14.0,15.0,33.0,8.0,3.0,8.0,0.0,0.0,0.0,0.0,0.0
112699185,383,0,opponent,13401.0,12,3,54,0,0,4,0,9,4,0,13,0,0,0,2,0,0,0,0,19,3.0,10.0,6.0,8.0,6.0,13.0,0.0,0.0,40.0,0.0,0.0,0.0,0.0,0.0,2.0,0.0,0.0
112699185,383,1,self,35439.0,10,3,28,0,0,0,0,0,14,6,11,0,0,0,1,0,0,0,0,40,24.0,0.0,6.0,8.0,38.0,0.0,0.0,0.0,33.0,0.0,3.0,2.0,0.0,0.0,0.0,0.0,0.0
112699185,407,0,opponent,14296.0,12,3,56,0,0,8,0,9,0,0,8,0,0,0,1,0,0,0,0,20,4.0,10.0,6.0,8.0,6.0,14.0,0.0,0.0,40.0,0.0,0.0,0.0,0.0,0.0,2.0,0.0,0.0
112699185,407,1,self,41349.0,11,3,36,0,0,0,0,3,0,5,11,0,0,0,1,0,0,0,0,38,25.0,0.0,6.0,8.0,36.0,0.0,0.0,0.0,33.0,0.0,3.0,2.0,0.0,0.0,0.0,0.0,0.0
112699185,431,0,opponent,16985.0,12,3,43,0,0,11,2,12,13,0,3,0,0,0,1,0,0,0,0,22,5.0,9.0,6.0,8.0,11.0,11.0,0.0,0.0,40.0,0.0,0.0,0.0,0.0,0.0,1.0,0.0,0.0
112699185,431,1,self,46052.0,11,3,41,0,0,0,0,9,6,6,15,0,0,0,1,0,0,0,0,38,25.0,0.0,6.0,8.0,36.0,0.0,0.0,0.0,33.0,0.0,3.0,2.0,0.0,0.0,0.0,0.0,0.0
112699185,432,0,opponent,16985.0,0,3,43,0,0,11,2,12,13,0,2,0,0,0,1,0,0,0,0,51,5.0,9.0,6.0,8.0,11.0,11.0,4.0,9.0,40.0,16.0,0.0,0.0,0.0,0.0,1.0,0.0,0.0
112699185,432,1,self,46103.0,0,3,41,0,0,0,0,9,6,5,16,0,0,0,1,0,0,0,0,88,25.0,0.0,6.0,8.0,38.0,0.0,3.0,15.0,33.0,24.0,3.0,8.0,0.0,0.0,0.0,0.0,0.0
112699185,455,0,opponent,21069.0,12,3,30,0,0,15,2,9,15,0,6,0,0,0,1,0,0,0,0,26,4.0,9.0,6.0,8.0,12.0,14.0,0.0,0.0,40.0,0.0,0.0,0.0,0.0,0.0,1.0,0.0,0.0
112699185,455,1,self,47494.0,13,4,37,0,0,6,0,6,1,4,14,0,0,0,1,0,0,0,0,48,25.0,0.0,6.0,8.0,38.0,0.0,1.0,3.0,33.0,2.0,3.0,4.0,0.0,0.0,0.0,10.0,0.0
112699185,479,0,opponent,26560.0,12,3,32,0,0,12,2,15,7,0,15,0,0,0,1,0,0,0,0,31,3.0,9.0,6.0,8.0,11.0,20.0,0.0,0.0,40.0,0.0,0.0,0.0,0.0,0.0,1.0,0.0,0.0
112699185,479,1,self,53400.0,10,4,41,0,0,6,0,6,1,10,13,0,0,0,1,0,0,0,0,40,25.0,0.0,6.0,8.0,40.0,0.0,0.0,0.0,33.0,0.0,3.0,0.0,0.0,0.0,1.0,10.0,0.0
112699185,480,0,opponent,26560.0,0,3,32,0,0,12,2,15,7,0,15,0,0,0,1,0,0,0,0,84,3.0,9.0,6.0,8.0,11.0,20.0,20.0,9.0,40.0,24.0,0.0,0.0,0.0,0.0,1.0,0.0,0.0
112699185,480,1,self,53400.0,0,4,41,0,0,6,0,6,1,10,13,0,0,0,1,0,0,0,0,90,25.0,0.0,6.0,8.0,43.0,0.0,2.0,15.0,33.0,24.0,3.0,6.0,0.0,0.0,2.0,10.0,0.0
112699185,503,0,opponent,32932.0,12,3,26,0,0,14,2,9,27,0,12,0,0,0,1,0,0,0,0,30,1.0,9.0,6.0,8.0,4.0,26.0,0.0,0.0,40.0,0.0,0.0,0.0,0.0,0.0,1.0,0.0,0.0
112699185,503,1,self,60269.0,12,4,42,0,0,4,0,6,1,7,13,0,0,0,1,0,0,0,0,49,25.0,0.0,6.0,8.0,43.0,0.0,1.0,3.0,33.0,0.0,3.0,2.0,0.0,0.0,2.0,10.0,0.0
112699185,527,0,opponent,35786.0,12,3,22,0,0,16,6,21,31,0,13,0,0,0,1,0,0,0,0,36,0.0,8.0,6.0,8.0,0.0,27.0,0.0,0.0,38.0,9.0,0.0,0.0,0.0,0.0,1.0,0.0,0.0
112699185,527,1,self,68112.0,11,4,43,0,0,12,0,9,0,4,16,0,0,0,1,0,0,0,0,63,30.0,0.0,6.0,8.0,48.0,0.0,6.0,3.0,28.0,2.0,3.0,4.0,0.0,0.0,2.0,10.0,0.0
112699185,551,0,opponent,42318.0,12,3,39,0,0,12,6,9,0,0,7,0,0,0,1,0,0,0,0,44,0.0,7.0,6.0,8.0,0.0,28.0,0.0,0.0,38.0,16.0,0.0,0.0,0.0,0.0,1.0,0.0,0.0
112699185,551,1,self,74955.0,12,4,34,0,0,10,0,10,2,4,13,0,0,0,1,0,0,0,0,60,31.0,0.0,6.0,8.0,47.0,0.0,2.0,3.0,27.0,2.0,3.0,6.0,0.0,0.0,3.0,10.0,0.0
112699185,575,0,opponent,48741.0,12,3,25,0,0,26,6,12,17,0,7,0,0,0,1,0,0,0,0,37,0.0,6.0,6.0,8.0,0.0,25.0,0.0,0.0,38.0,12.0,0.0,0.0,0.0,0.0,1.0,0.0,0.0
112699185,575,1,self,80981.0,11,4,29,0,0,17,0,6,4,4,17,0,0,0,1,0,0,0,0,78,38.0,0.0,6.0,8.0,65.0,0.0,0.0,6.0,20.0,5.0,3.0,2.0,0.0,0.0,3.0,10.0,0.0
112699185,576,0,opponent,49341.0,0,3,13,0,0,30,6,12,17,0,7,0,0,0,1,0,0,0,0,79,0.0,6.0,6.0,8.0,0.0,26.0,4.0,9.0,38.0,40.0,0.0,0.0,0.0,0.0,1.0,0.0,0.0
112699185,576,1,self,80981.0,0,4,29,0,0,22,0,9,4,4,17,0,0,0,1,0,0,0,0,111,38.0,0.0,6.0,8.0,70.0,0.0,9.0,18.0,20.0,6.0,3.0,8.0,0.0,0.0,3.0,10.0,0.0
112699185,599,0,opponent,55327.0,12,3,19,0,0,21,6,21,21,0,10,0,0,0,1,0,0,0,0,34,0.0,5.0,6.0,8.0,0.0,23.0,0.0,0.0,34.0,11.0,0.0,0.0,0.0,0.0,1.0,0.0,0.0
112699185,599,1,self,85957.0,13,4,50,0,0,6,0,18,3,6,15,0,0,0,1,0,0,0,0,69,37.0,0.0,6.0,8.0,63.0,0.0,0.0,0.0,17.0,0.0,3.0,2.0,4.0,4.0,3.0,10.0,0.0
112699185,623,0,opponent,63217.0,12,3,25,0,0,20,6,15,12,0,7,0,0,0,1,0,0,0,0,20,0.0,3.0,6.0,8.0,0.0,15.0,0.0,0.0,28.0,5.0,0.0,0.0,0.0,0.0,2.0,0.0,0.0
112699185,623,1,self,90252.0,13,4,49,0,0,21,0,6,3,4,16,0,0,0,1,0,0,0,0,81,27.0,0.0,6.0,8.0,59.0,0.0,0.0,3.0,13.0,0.0,3.0,1.0,18.0,18.0,3.0,10.0,0.0
112699185,647,0,opponent,67266.0,12,3,2,0,0,25,6,9,20,0,15,0,0,0,3,0,0,0,0,41,30.0,2.0,6.0,8.0,30.0,10.0,0.0,0.0,22.0,1.0,0.0,0.0,0.0,0.0,5.0,0.0,0.0
112699185,647,1,self,99194.0,14,4,56,0,8,0,0,9,6,2,16,0,0,0,1,0,0,0,0,83,16.0,0.0,6.0,8.0,44.0,0.0,0.0,5.0,13.0,0.0,3.0,3.0,29.0,31.0,3.0,10.0,0.0
112699185,648,0,opponent,67266.0,0,3,2,0,0,25,6,9,20,0,16,0,0,0,3,0,0,0,0,75,30.0,2.0,6.0,8.0,30.0,11.0,4.0,15.0,22.0,15.0,0.0,0.0,0.0,0.0,4.0,0.0,0.0
112699185,648,1,self,99194.0,0,4,56,0,8,0,0,9,6,2,17,0,0,0,1,0,0,0,0,153,16.0,0.0,6.0,8.0,48.0,0.0,3.0,13.0,13.0,26.0,3.0,8.0,29.0,35.0,3.0,10.0,20.0
112699185,671,0,opponent,69664.0,12,3,12,0,0,26,12,15,23,0,11,0,0,0,2,0,0,0,0,31,31.0,0.0,6.0,8.0,31.0,0.0,0.0,0.0,18.0,0.0,0.0,0.0,0.0,0.0,8.0,0.0,0.0
112699185,671,1,self,106907.0,13,4,38,15,14,20,0,5,3,0,5,0,0,0,1,0,0,0,0,86,18.0,0.0,6.0,8.0,38.0,0.0,0.0,2.0,4.0,0.0,3.0,8.0,26.0,38.0,3.0,10.0,0.0
112699185,695,0,opponent,74391.0,11,3,23,0,0,13,12,5,23,0,7,0,0,0,2,0,0,0,0,54,23.0,0.0,6.0,8.0,54.0,0.0,0.0,0.0,12.0,0.0,0.0,0.0,0.0,0.0,14.0,0.0,0.0
112699185,695,1,self,124896.0,13,4,47,33,0,0,0,1,3,8,8,0,0,0,1,0,0,0,0,49,10.0,0.0,6.0,8.0,12.0,0.0,0.0,8.0,0.0,0.0,3.0,0.0,13.0,29.0,3.0,10.0,0.0
112699185,696,0,opponent,74391.0,0,3,23,0,0,13,12,5,23,0,8,0,0,0,2,0,0,0,0,82,23.0,0.0,5.0,4.0,54.0,0.0,16.0,6.0,12.0,6.0,0.0,0.0,0.0,0.0,14.0,0.0,0.0
112699185,696,1,self,125264.0,0,4,44,36,0,0,0,1,2,8,6,0,0,0,1,0,0,0,0,76,9.0,0.0,6.0,8.0,10.0,0.0,2.0,14.0,0.0,0.0,3.0,4.0,12.0,26.0,3.0,10.0,20.0
112699185,719,0,opponent,83324.0,12,3,0,0,0,0,0,0,0,0,0,0,0,0,2,0,0,0,0,2,1.0,0.0,5.0,4.0,2.0,0.0,0.0,0.0,6.0,0.0,0.0,0.0,0.0,0.0,20.0,0.0,0.0
112699185,719,1,self,139881.0,13,4,0,0,0,0,0,0,0,0,0,0,0,0,1,0,0,0,0,0,0.0,0.0,6.0,8.0,0.0,0.0,0.0,0.0,0.0,0.0,3.0,0.0,0.0,0.0,3.0,10.0,0.0
112700362,0,0,self,3000.0,0,1,0,0,0,0,0,0,0,0,0,0,0,0,0,0,0,0,0,0,0.0,0.0,0.0,0.0,0.0,0.0,0.0,0.0,0.0,0.0,0.0,0.0,0.0,0.0,0.0,0.0,0.0
112700362,0,1,opponent,3000.0,0,1,0,0,0,0,0,0,0,0,0,0,0,0,0,0,0,0,0,0,0.0,0.0,0.0,0.0,0.0,0.0,0.0,0.0,0.0,0.0,0.0,0.0,0.0,0.0,0.0,0.0,0.0
112700362,23,0,self,15.0,5,1,3,0,0,0,0,0,0,0,0,0,0,0,0,0,0,0,0,20,8.0,12.0,2.0,2.0,8.0,12.0,0.0,0.0,0.0,0.0,0.0,0.0,0.0,0.0,0.0,0.0,0.0
112700362,23,1,opponent,19.0,5,1,3,0,0,0,0,0,0,0,0,0,0,0,0,0,0,0,0,19,7.0,12.0,2.0,2.0,7.0,12.0,0.0,0.0,0.0,0.0,0.0,0.0,0.0,0.0,0.0,0.0,0.0
112700362,24,0,self,15.0,0,1,3,0,0,0,0,0,0,0,0,0,0,0,0,0,0,0,0,20,8.0,12.0,2.0,2.0,8.0,12.0,0.0,0.0,0.0,0.0,0.0,0.0,0.0,0.0,0.0,0.0,0.0
112700362,24,1,opponent,19.0,0,1,3,0,0,0,0,0,0,0,0,0,0,0,0,0,0,0,0,19,7.0,12.0,2.0,2.0,7.0,12.0,0.0,0.0,0.0,0.0,0.0,0.0,0.0,0.0,0.0,0.0,0.0
112700362,47,0,self,108.0,3,1,6,0,0,0,0,0,0,0,1,0,0,0,0,0,0,0,0,20,8.0,12.0,2.0,2.0,8.0,12.0,0.0,0.0,0.0,0.0,0.0,0.0,0.0,0.0,0.0,0.0,0.0
112700362,47,1,opponent,167.0,0,1,4,0,0,0,0,0,0,0,0,0,0,0,0,0,0,0,0,19,7.0,12.0,2.0,2.0,7.0,12.0,0.0,0.0,0.0,0.0,0.0,0.0,0.0,0.0,0.0,0.0,0.0
112700362,71,0,self,223.0,4,1,6,0,0,0,0,0,0,0,0,0,0,0,0,0,0,0,0,25,8.0,12.0,2.0,3.0,13.0,12.0,0.0,0.0,0.0,0.0,0.0,0.0,0.0,0.0,0.0,0.0,0.0
112700362,71,1,opponent,40.0,4,1,4,0,0,0,0,0,0,0,4,0,0,0,0,0,0,0,0,26,7.0,12.0,2.0,2.0,14.0,12.0,0.0,0.0,0.0,0.0,0.0,0.0,0.0,0.0,0.0,0.0,0.0
112700362,72,0,self,223.0,0,1,6,0,0,0,0,0,0,0,0,0,0,0,0,0,0,0,0,25,8.0,12.0,2.0,3.0,13.0,12.0,0.0,0.0,0.0,0.0,0.0,0.0,0.0,0.0,0.0,0.0,0.0
112700362,72,1,opponent,40.0,0,1,4,0,0,0,0,0,0,0,4,0,0,0,0,0,0,0,0,26,7.0,12.0,2.0,2.0,14.0,12.0,0.0,0.0,0.0,0.0,0.0,0.0,0.0,0.0,0.0,0.0,0.0
112700362,95,0,self,278.0,5,1,14,0,0,0,0,0,0,0,1,1,0,0,0,0,0,0,0,19,7.0,12.0,2.0,3.0,7.0,12.0,0.0,0.0,0.0,0.0,0.0,0.0,0.0,0.0,0.0,0.0,0.0
112700362,95,1,opponent,18.0,5,1,0,0,0,0,0,0,0,0,4,0,0,0,0,0,0,0,0,33,7.0,12.0,2.0,3.0,21.0,12.0,0.0,0.0,0.0,0.0,0.0,0.0,0.0,0.0,0.0,0.0,0.0
112700362,119,0,self,687.0,4,1,19,0,0,0,0,0,0,0,1,0,0,0,0,0,0,0,0,19,7.0,12.0,2.0,4.0,7.0,12.0,0.0,0.0,0.0,0.0,0.0,0.0,0.0,0.0,0.0,0.0,0.0
112700362,119,1,opponent,139.0,5,1,29,0,0,0,0,0,0,0,5,0,0,0,4,0,0,0,0,15,3.0,12.0,2.0,3.0,3.0,12.0,0.0,0.0,0.0,0.0,0.0,0.0,0.0,0.0,0.0,0.0,0.0
112700362,143,0,self,805.0,4,1,19,0,0,0,0,0,0,0,2,0,0,0,0,0,0,0,0,15,3.0,12.0,2.0,4.0,3.0,12.0,0.0,0.0,4.0,0.0,0.0,0.0,0.0,0.0,0.0,0.0,0.0
112700362,143,1,opponent,43.0,4,1,7,0,0,0,0,0,0,0,5,0,0,0,4,0,0,0,3,15,3.0,12.0,2.0,4.0,3.0,12.0,0.0,0.0,4.0,0.0,0.0,0.0,0.0,0.0,0.0,0.0,0.0
112700362,144,0,self,805.0,0,1,19,0,0,0,0,0,0,0,2,0,0,0,0,0,0,0,0,27,3.0,12.0,2.0,4.0,3.0,12.0,12.0,0.0,4.0,0.0,0.0,0.0,0.0,0.0,0.0,0.0,0.0
112700362,144,1,opponent,43.0,0,1,7,0,0,0,0,0,0,0,5,0,0,0,4,0,0,0,3,27,3.0,12.0,2.0,4.0,3.0,12.0,12.0,0.0,4.0,0.0,0.0,0.0,0.0,0.0,0.0,0.0,0.0
112700362,167,0,self,722.0,7,2,16,0,0,0,0,0,2,0,1,0,0,0,0,0,0,0,0,30,6.0,12.0,2.0,6.0,7.0,23.0,0.0,0.0,12.0,0.0,0.0,0.0,0.0,0.0,0.0,0.0,0.0
112700362,167,1,opponent,912.0,4,2,7,0,0,0,0,0,0,0,6,0,0,0,4,7,0,3,6,32,3.0,14.0,2.0,4.0,6.0,26.0,0.0,0.0,4.0,0.0,0.0,0.0,0.0,0.0,0.0,0.0,0.0
112700362,191,0,self,525.0,7,2,11,0,0,0,0,0,0,0,1,0,0,0,1,0,0,0,0,44,8.0,12.0,2.0,8.0,8.0,36.0,0.0,0.0,16.0,0.0,0.0,0.0,0.0,0.0,0.0,0.0,0.0
112700362,191,1,opponent,23.0,8,2,1,0,0,0,0,0,0,0,6,0,0,0,8,7,0,0,0,53,3.0,20.0,3.0,6.0,9.0,44.0,0.0,0.0,7.0,0.0,0.0,0.0,0.0,0.0,0.0,0.0,0.0
112700362,192,0,self,525.0,0,2,11,0,0,0,0,0,0,0,1,0,0,0,0,0,0,0,0,57,9.0,12.0,2.0,8.0,9.0,36.0,0.0,12.0,16.0,0.0,0.0,0.0,0.0,0.0,0.0,0.0,0.0
112700362,192,1,opponent,23.0,0,2,1,0,0,0,0,0,0,0,6,0,0,0,8,7,0,0,0,65,3.0,20.0,3.0,6.0,9.0,44.0,0.0,12.0,7.0,0.0,0.0,0.0,0.0,0.0,0.0,0.0,0.0
112700362,215,0,self,1730.0,8,2,28,0,0,0,0,0,0,0,3,0,0,0,0,0,0,0,0,52,5.0,12.0,4.0,8.0,5.0,47.0,0.0,0.0,20.0,0.0,0.0,0.0,0.0,0.0,0.0,0.0,0.0
112700362,215,1,opponent,1270.0,11,2,20,0,0,0,0,0,0,0,9,0,0,0,6,7,0,0,0,61,5.0,20.0,4.0,6.0,5.0,56.0,0.0,0.0,11.0,0.0,0.0,0.0,0.0,0.0,0.0,0.0,0.0
112700362,239,0,self,2631.0,8,2,36,0,0,0,0,0,0,0,1,0,1,0,0,0,0,0,0,64,5.0,12.0,5.0,8.0,5.0,59.0,0.0,0.0,20.0,0.0,0.0,0.0,0.0,0.0,0.0,0.0,0.0
112700362,239,1,opponent,2153.0,12,2,12,0,0,0,0,0,0,0,10,0,0,0,8,7,0,0,0,73,5.0,20.0,4.0,8.0,5.0,68.0,0.0,0.0,11.0,0.0,0.0,0.0,0.0,0.0,0.0,0.0,0.0
112700362,240,0,self,2631.0,0,2,36,0,0,0,0,0,0,0,1,0,1,0,0,0,0,0,0,77,5.0,12.0,5.0,8.0,5.0,60.0,0.0,12.0,20.0,0.0,0.0,0.0,0.0,0.0,0.0,0.0,0.0
112700362,240,1,opponent,2153.0,0,2,12,0,0,0,0,0,0,0,10,0,0,0,8,7,0,0,0,79,5.0,20.0,4.0,8.0,5.0,68.0,0.0,6.0,11.0,0.0,0.0,0.0,0.0,0.0,0.0,0.0,0.0
112700362,263,0,self,18294.0,11,2,42,0,0,0,12,0,0,0,11,0,0,0,0,0,0,0,0,13,12.0,0.0,6.0,8.0,13.0,0.0,0.0,0.0,20.0,0.0,2.0,0.0,0.0,0.0,0.0,0.0,0.0
112700362,263,1,opponent,13386.0,11,2,12,0,0,0,12,6,0,0,12,0,0,0,7,7,0,0,0,22,9.0,8.0,4.0,8.0,14.0,8.0,0.0,0.0,11.0,0.0,0.0,0.0,0.0,0.0,0.0,0.0,0.0
112700362,287,0,self,17777.0,10,3,37,0,0,0,0,0,0,0,15,0,0,0,0,0,0,0,0,24,21.0,0.0,6.0,8.0,24.0,0.0,0.0,0.0,33.0,0.0,3.0,0.0,0.0,0.0,0.0,0.0,0.0
112700362,287,1,opponent,9685.0,12,3,14,0,0,0,0,5,0,0,24,0,0,0,8,7,0,7,0,35,17.0,8.0,4.0,10.0,27.0,8.0,0.0,0.0,27.0,0.0,0.0,0.0,0.0,0.0,0.0,0.0,0.0
112700362,288,0,self,17777.0,0,3,39,0,0,0,0,0,0,0,16,0,0,0,0,0,0,0,0,39,20.0,0.0,6.0,8.0,22.0,0.0,8.0,9.0,33.0,0.0,3.0,0.0,0.0,0.0,0.0,0.0,0.0
112700362,288,1,opponent,9685.0,0,3,14,0,0,0,0,5,0,0,24,0,0,0,8,7,0,7,0,49,17.0,8.0,4.0,10.0,27.0,8.0,8.0,6.0,27.0,0.0,0.0,0.0,0.0,0.0,0.0,0.0,0.0
112700362,311,0,self,21791.0,9,3,14,0,0,0,0,0,0,0,17,0,0,0,0,0,0,0,0,30,24.0,0.0,6.0,8.0,27.0,0.0,0.0,3.0,33.0,0.0,3.0,0.0,0.0,0.0,0.0,0.0,0.0
112700362,311,1,opponent,11229.0,10,3,30,0,0,0,0,6,8,0,22,0,0,0,8,7,0,0,0,29,15.0,8.0,4.0,10.0,19.0,10.0,0.0,0.0,34.0,0.0,0.0,0.0,0.0,0.0,0.0,0.0,0.0
112700362,335,0,self,23811.0,9,3,16,0,0,0,0,0,0,0,14,0,0,0,0,0,0,0,0,32,24.0,0.0,6.0,8.0,32.0,0.0,0.0,0.0,33.0,0.0,3.0,0.0,0.0,0.0,0.0,0.0,0.0
112700362,335,1,opponent,12974.0,11,3,17,0,0,0,0,9,14,0,22,0,0,0,7,7,0,0,0,51,17.0,8.0,4.0,10.0,33.0,18.0,0.0,0.0,34.0,0.0,0.0,0.0,0.0,0.0,0.0,0.0,0.0
112700362,359,0,self,27291.0,9,3,21,0,0,0,0,6,3,8,20,0,0,0,0,0,0,0,0,38,24.0,0.0,6.0,8.0,38.0,0.0,0.0,0.0,33.0,0.0,3.0,0.0,0.0,0.0,0.0,0.0,0.0
112700362,359,1,opponent,16090.0,8,3,34,0,0,0,0,6,6,0,7,0,0,0,7,7,0,0,0,60,16.0,8.0,4.0,10.0,34.0,26.0,0.0,0.0,34.0,0.0,0.0,0.0,0.0,0.0,0.0,0.0,0.0
112700362,360,0,self,27715.0,0,3,21,0,0,0,0,6,0,8,15,0,0,0,0,0,0,0,0,85,24.0,0.0,6.0,8.0,40.0,0.0,14.0,15.0,33.0,8.0,3.0,8.0,0.0,0.0,0.0,0.0,0.0
112700362,360,1,opponent,16080.0,0,3,34,0,0,0,0,6,6,0,7,0,0,0,8,7,0,0,0,95,16.0,8.0,4.0,10.0,35.0,26.0,8.0,18.0,33.0,8.0,0.0,0.0,0.0,0.0,1.0,0.0,0.0
112700362,383,0,self,32641.0,10,3,23,0,0,0,0,0,14,6,11,0,0,0,1,0,0,0,0,40,24.0,0.0,6.0,8.0,38.0,0.0,0.0,0.0,33.0,0.0,3.0,2.0,0.0,0.0,0.0,0.0,0.0
112700362,383,1,opponent,19832.0,12,3,35,0,0,2,0,6,8,0,21,0,0,0,7,7,0,0,0,60,16.0,8.0,4.0,10.0,26.0,34.0,0.0,0.0,33.0,0.0,0.0,0.0,0.0,0.0,0.0,0.0,0.0
112700362,407,0,self,38084.0,11,3,30,0,0,0,0,3,0,5,11,0,0,0,1,0,0,0,0,38,25.0,0.0,6.0,8.0,36.0,0.0,0.0,0.0,33.0,0.0,3.0,2.0,0.0,0.0,0.0,0.0,0.0
112700362,407,1,opponent,22236.0,9,3,31,0,0,0,6,6,12,0,11,0,0,0,6,7,0,0,0,54,18.0,6.0,4.0,10.0,24.0,30.0,0.0,0.0,33.0,0.0,0.0,0.0,0.0,0.0,0.0,0.0,0.0
112700362,431,0,self,42327.0,11,3,31,0,0,0,0,9,8,6,15,0,0,0,1,8,0,0,0,38,25.0,0.0,6.0,8.0,36.0,0.0,0.0,0.0,33.0,0.0,3.0,2.0,0.0,0.0,0.0,0.0,0.0
112700362,431,1,opponent,25651.0,12,3,16,0,0,8,12,24,4,0,11,0,0,0,4,7,0,0,0,37,24.0,0.0,4.0,10.0,37.0,0.0,0.0,0.0,33.0,0.0,0.0,0.0,0.0,0.0,0.0,0.0,0.0
112700362,432,0,self,42379.0,0,3,31,0,0,0,0,9,8,5,16,0,0,0,1,8,0,0,0,97,25.0,0.0,6.0,8.0,38.0,0.0,12.0,15.0,33.0,24.0,3.0,8.0,0.0,0.0,0.0,0.0,0.0
112700362,432,1,opponent,25617.0,0,3,16,0,0,8,6,24,4,0,11,0,0,0,8,7,0,0,0,58,24.0,0.0,4.0,10.0,37.0,0.0,8.0,6.0,33.0,7.0,0.0,0.0,0.0,0.0,0.0,0.0,0.0
112700362,455,0,self,47959.0,11,3,31,0,0,6,0,6,4,4,14,0,0,0,2,8,0,0,0,51,24.0,0.0,6.0,8.0,37.0,0.0,4.0,3.0,33.0,2.0,3.0,4.0,1.0,1.0,0.0,0.0,0.0
112700362,455,1,opponent,28245.0,12,3,22,0,0,2,0,6,8,0,21,0,0,0,8,7,0,0,0,47,27.0,0.0,4.0,10.0,47.0,0.0,0.0,0.0,33.0,0.0,0.0,0.0,0.0,0.0,0.0,0.0,0.0
112700362,479,0,self,52931.0,10,3,36,0,0,6,0,6,4,10,13,0,0,0,1,8,0,0,0,40,24.0,0.0,6.0,8.0,39.0,0.0,0.0,0.0,33.0,0.0,3.0,0.0,1.0,1.0,0.0,0.0,0.0
112700362,479,1,opponent,30516.0,12,3,31,0,0,8,0,30,4,0,11,0,0,0,6,7,0,0,0,46,26.0,0.0,4.0,10.0,46.0,0.0,0.0,0.0,33.0,0.0,0.0,0.0,0.0,0.0,0.0,0.0,0.0
112700362,480,0,self,52931.0,0,3,36,0,0,6,0,6,4,10,13,0,0,0,1,8,0,0,0,90,24.0,0.0,6.0,8.0,42.0,0.0,7.0,10.0,33.0,24.0,3.0,6.0,1.0,1.0,0.0,0.0,0.0
112700362,480,1,opponent,30496.0,0,3,31,0,0,8,0,30,4,0,11,0,0,0,8,7,0,0,0,64,26.0,0.0,4.0,10.0,46.0,0.0,4.0,6.0,33.0,8.0,0.0,0.0,0.0,0.0,0.0,0.0,0.0
112700362,503,0,self,59519.0,11,3,41,0,0,4,0,5,4,7,13,0,0,0,1,8,0,0,0,50,23.0,0.0,6.0,8.0,41.0,0.0,3.0,2.0,33.0,0.0,3.0,2.0,2.0,2.0,0.0,0.0,0.0
112700362,503,1,opponent,32259.0,12,3,31,0,0,8,0,6,8,0,7,0,0,0,7,7,0,0,0,45,24.0,0.0,4.0,10.0,45.0,0.0,0.0,0.0,33.0,0.0,0.0,0.0,0.0,0.0,0.0,0.0,0.0
112700362,527,0,self,67464.0,11,3,40,0,0,12,0,6,0,4,16,0,0,0,1,8,0,0,0,66,23.0,0.0,6.0,8.0,39.0,0.0,10.0,2.0,28.0,2.0,3.0,4.0,7.0,9.0,0.0,0.0,0.0
112700362,527,1,opponent,38848.0,12,3,35,0,0,22,0,21,8,0,12,0,0,0,7,7,0,0,0,39,18.0,0.0,4.0,10.0,33.0,0.0,0.0,0.0,31.0,4.0,0.0,0.0,2.0,2.0,0.0,0.0,0.0
112700362,551,0,self,73771.0,11,3,31,0,0,10,0,6,3,4,14,0,0,0,3,8,0,0,0,61,21.0,0.0,6.0,8.0,37.0,0.0,3.0,2.0,27.0,2.0,3.0,6.0,10.0,11.0,0.0,0.0,0.0
112700362,551,1,opponent,44561.0,12,3,22,0,0,21,0,6,10,0,14,0,0,0,6,6,0,0,0,41,23.0,0.0,4.0,10.0,38.0,0.0,0.0,0.0,29.0,0.0,0.0,0.0,3.0,3.0,1.0,0.0,0.0
112700362,575,0,self,79241.0,11,3,29,3,0,17,0,4,8,4,17,0,0,0,5,8,0,0,0,74,23.0,0.0,6.0,8.0,43.0,0.0,0.0,4.0,20.0,5.0,3.0,2.0,15.0,20.0,0.0,0.0,0.0
112700362,575,1,opponent,52438.0,12,3,18,0,0,24,0,24,4,0,10,0,0,0,6,7,0,0,0,37,24.0,0.0,4.0,10.0,32.0,0.0,0.0,0.0,26.0,0.0,0.0,0.0,3.0,5.0,1.0,0.0,0.0
112700362,576,0,self,79241.0,0,3,29,3,0,22,0,6,8,4,17,0,0,0,5,8,0,0,0,106,23.0,0.0,6.0,8.0,48.0,0.0,12.0,12.0,20.0,6.0,3.0,8.0,15.0,20.0,0.0,0.0,0.0
112700362,576,1,opponent,53540.0,0,3,18,0,0,18,0,24,4,0,10,0,0,0,8,7,0,0,0,71,24.0,0.0,4.0,10.0,32.0,0.0,8.0,6.0,26.0,20.0,0.0,0.0,3.0,5.0,1.0,0.0,0.0
112700362,599,0,self,85665.0,11,3,30,16,0,6,0,12,6,6,16,0,0,0,2,8,0,0,0,72,26.0,0.0,6.0,8.0,54.0,0.0,0.0,0.0,17.0,0.0,3.0,2.0,15.0,16.0,0.0,0.0,0.0
112700362,599,1,opponent,56864.0,11,3,19,4,0,18,0,6,8,0,8,0,0,0,7,7,0,0,0,48,27.0,0.0,4.0,10.0,42.0,0.0,0.0,0.0,26.0,2.0,0.0,0.0,3.0,4.0,1.0,0.0,0.0
112700362,623,0,self,89787.0,11,3,39,12,0,21,0,4,4,4,15,0,0,0,2,8,0,0,0,83,20.0,0.0,6.0,8.0,48.0,0.0,0.0,2.0,13.0,0.0,3.0,1.0,25.0,32.0,0.0,0.0,0.0
112700362,623,1,opponent,63714.0,11,3,19,3,0,8,0,24,4,0,17,0,0,0,7,7,0,0,0,65,33.0,0.0,4.0,10.0,60.0,0.0,0.0,0.0,22.0,2.0,0.0,0.0,3.0,3.0,0.0,0.0,0.0
112700362,647,0,self,95344.0,11,3,35,21,0,0,0,6,7,2,16,0,0,0,2,8,0,0,0,82,14.0,0.0,6.0,8.0,40.0,0.0,0.0,4.0,13.0,0.0,3.0,3.0,31.0,35.0,0.0,0.0,0.0
112700362,647,1,opponent,66358.0,11,3,38,0,0,13,0,6,4,0,8,0,0,0,8,7,0,0,0,55,31.0,0.0,4.0,10.0,50.0,0.0,0.0,0.0,22.0,0.0,0.0,0.0,3.0,5.0,0.0,0.0,0.0
112700362,648,0,self,95344.0,0,3,35,21,0,0,0,6,7,2,17,0,0,0,2,8,0,0,0,136,14.0,0.0,6.0,8.0,44.0,0.0,11.0,10.0,13.0,26.0,2.0,6.0,31.0,39.0,0.0,0.0,0.0
112700362,648,1,opponent,66358.0,0,3,38,0,0,13,0,6,4,0,8,0,0,0,8,7,0,0,0,118,31.0,0.0,4.0,10.0,51.0,0.0,8.0,24.0,22.0,30.0,0.0,0.0,3.0,5.0,0.0,0.0,0.0
112700362,671,0,self,99922.0,11,3,36,15,0,20,0,4,11,0,8,0,0,0,4,0,0,0,0,85,9.0,0.0,6.0,8.0,25.0,0.0,0.0,2.0,4.0,0.0,2.0,6.0,35.0,52.0,0.0,0.0,0.0
112700362,671,1,opponent,72921.0,11,3,29,5,0,16,0,24,4,0,11,0,0,0,7,7,0,0,0,59,36.0,0.0,4.0,10.0,57.0,0.0,0.0,0.0,18.0,0.0,0.0,0.0,1.0,2.0,0.0,0.0,0.0
112700362,695,0,self,108675.0,12,3,38,36,0,0,0,0,0,4,8,0,0,0,4,0,0,0,0,50,2.0,0.0,6.0,8.0,4.0,0.0,0.0,6.0,0.0,0.0,2.0,0.0,21.0,40.0,0.0,0.0,0.0
112700362,695,1,opponent,77227.0,10,3,68,3,0,12,0,6,4,0,9,0,0,0,8,7,0,0,0,11,11.0,0.0,4.0,10.0,11.0,0.0,0.0,0.0,6.0,0.0,0.0,0.0,0.0,0.0,12.0,0.0,0.0
112700362,696,0,self,108896.0,0,3,36,39,0,0,0,0,0,4,6,0,0,0,4,0,0,0,0,62,1.0,0.0,6.0,8.0,1.0,0.0,8.0,12.0,0.0,0.0,2.0,3.0,20.0,38.0,1.0,0.0,0.0
112700362,696,1,opponent,77558.0,0,3,68,3,0,10,0,6,4,0,9,0,0,0,8,7,0,0,0,39,11.0,0.0,4.0,10.0,11.0,0.0,4.0,24.0,6.0,0.0,0.0,0.0,0.0,0.0,12.0,0.0,0.0
112700362,719,0,self,118308.0,11,3,0,0,0,0,0,0,0,0,0,0,0,0,4,0,0,0,0,0,0.0,0.0,6.0,8.0,0.0,0.0,0.0,0.0,0.0,0.0,2.0,0.0,0.0,0.0,1.0,0.0,0.0
112700362,719,1,opponent,84612.0,8,3,0,0,0,0,0,0,0,0,0,0,0,0,8,7,0,0,0,2,1.0,0.0,4.0,10.0,2.0,0.0,0.0,0.0,0.0,0.0,0.0,0.0,0.0,0.0,18.0,0.0,0.0
112701496,0,0,self,3000.0,0,1,0,0,0,0,0,0,0,0,0,0,0,0,0,0,0,0,0,0,0.0,0.0,0.0,0.0,0.0,0.0,0.0,0.0,0.0,0.0,0.0,0.0,0.0,0.0,0.0,0.0,0.0
112701496,0,1,opponent,3000.0,0,1,0,0,0,0,0,0,0,0,0,0,0,0,0,0,0,0,0,0,0.0,0.0,0.0,0.0,0.0,0.0,0.0,0.0,0.0,0.0,0.0,0.0,0.0,0.0,0.0,0.0,0.0
112701496,23,0,self,12.0,5,1,3,0,0,0,0,0,0,0,0,0,0,0,0,0,0,0,0,20,8.0,12.0,2.0,2.0,8.0,12.0,0.0,0.0,0.0,0.0,0.0,0.0,0.0,0.0,0.0,0.0,0.0
112701496,23,1,opponent,12.0,5,1,3,0,0,0,0,0,0,0,0,0,0,0,0,0,0,0,0,20,8.0,12.0,2.0,2.0,8.0,12.0,0.0,0.0,0.0,0.0,0.0,0.0,0.0,0.0,0.0,0.0,0.0
112701496,24,0,self,12.0,0,1,3,0,0,0,0,0,0,0,0,0,0,0,0,0,0,0,0,20,8.0,12.0,2.0,2.0,8.0,12.0,0.0,0.0,0.0,0.0,0.0,0.0,0.0,0.0,0.0,0.0,0.0
112701496,24,1,opponent,12.0,0,1,3,0,0,0,0,0,0,0,0,0,0,0,0,0,0,0,0,20,8.0,12.0,2.0,2.0,8.0,12.0,0.0,0.0,0.0,0.0,0.0,0.0,0.0,0.0,0.0,0.0,0.0
112701496,47,0,self,101.0,3,1,6,0,0,0,0,0,0,0,1,0,0,0,0,0,0,0,0,20,8.0,12.0,2.0,2.0,8.0,12.0,0.0,0.0,0.0,0.0,0.0,0.0,0.0,0.0,0.0,0.0,0.0
112701496,47,1,opponent,101.0,3,1,6,0,0,0,0,0,0,0,1,0,0,0,0,0,0,0,0,20,8.0,12.0,2.0,2.0,8.0,12.0,0.0,0.0,0.0,0.0,0.0,0.0,0.0,0.0,0.0,0.0,0.0
112701496,71,0,self,214.0,4,1,6,0,0,0,0,0,0,0,0,0,0,0,0,0,0,0,0,25,8.0,12.0,2.0,3.0,13.0,12.0,0.0,0.0,0.0,0.0,0.0,0.0,0.0,0.0,0.0,0.0,0.0
112701496,71,1,opponent,214.0,4,1,6,0,0,0,0,0,0,0,0,0,0,0,0,0,0,0,0,25,8.0,12.0,2.0,3.0,13.0,12.0,0.0,0.0,0.0,0.0,0.0,0.0,0.0,0.0,0.0,0.0,0.0
112701496,72,0,self,214.0,0,1,6,0,0,0,0,0,0,0,0,0,0,0,0,0,0,0,0,25,8.0,12.0,2.0,3.0,13.0,12.0,0.0,0.0,0.0,0.0,0.0,0.0,0.0,0.0,0.0,0.0,0.0
112701496,72,1,opponent,214.0,0,1,6,0,0,0,0,0,0,0,0,0,0,0,0,0,0,0,0,25,8.0,12.0,2.0,3.0,13.0,12.0,0.0,0.0,0.0,0.0,0.0,0.0,0.0,0.0,0.0,0.0,0.0
112701496,95,0,self,267.0,5,1,14,0,0,0,0,0,0,0,1,1,0,0,0,0,0,0,0,19,7.0,12.0,2.0,3.0,7.0,12.0,0.0,0.0,0.0,0.0,0.0,0.0,0.0,0.0,0.0,0.0,0.0
112701496,95,1,opponent,357.0,5,1,11,0,0,0,0,0,0,0,1,1,0,0,0,0,0,0,0,19,7.0,12.0,2.0,3.0,7.0,12.0,0.0,0.0,0.0,0.0,0.0,0.0,0.0,0.0,0.0,0.0,0.0
112701496,119,0,self,674.0,4,1,19,0,0,0,0,0,0,0,1,0,0,0,0,0,0,0,0,19,7.0,12.0,2.0,4.0,7.0,12.0,0.0,0.0,0.0,0.0,0.0,0.0,0.0,0.0,0.0,0.0,0.0
112701496,119,1,opponent,764.0,4,1,16,0,0,0,0,0,0,0,1,0,0,0,0,0,0,0,0,19,7.0,12.0,2.0,4.0,7.0,12.0,0.0,0.0,0.0,0.0,0.0,0.0,0.0,0.0,0.0,0.0,0.0
112701496,143,0,self,789.0,4,1,19,0,0,0,0,0,0,0,2,0,0,0,0,0,0,0,0,15,3.0,12.0,2.0,4.0,3.0,12.0,0.0,0.0,4.0,0.0,0.0,0.0,0.0,0.0,0.0,0.0,0.0
112701496,143,1,opponent,879.0,4,1,16,0,0,0,0,0,0,0,2,0,0,0,0,0,0,0,0,15,3.0,12.0,2.0,4.0,3.0,12.0,0.0,0.0,4.0,0.0,0.0,0.0,0.0,0.0,0.0,0.0,0.0
112701496,144,0,self,789.0,0,1,19,0,0,0,0,0,0,0,2,0,0,0,0,0,0,0,0,27,3.0,12.0,2.0,4.0,3.0,12.0,12.0,0.0,4.0,0.0,0.0,0.0,0.0,0.0,0.0,0.0,0.0
112701496,144,1,opponent,879.0,0,1,16,0,0,0,0,0,0,0,2,0,0,0,0,0,0,0,0,27,3.0,12.0,2.0,4.0,3.0,12.0,12.0,0.0,4.0,0.0,0.0,0.0,0.0,0.0,0.0,0.0,0.0
112701496,167,0,self,1314.0,7,2,16,0,0,0,0,0,0,0,1,0,0,0,0,0,0,0,0,30,6.0,12.0,2.0,4.0,7.0,23.0,0.0,0.0,12.0,0.0,2.0,0.0,0.0,0.0,0.0,0.0,0.0
112701496,167,1,opponent,1404.0,7,2,13,0,0,0,0,0,0,0,1,0,0,0,0,0,0,0,0,30,6.0,12.0,2.0,4.0,7.0,23.0,0.0,0.0,12.0,0.0,2.0,0.0,0.0,0.0,0.0,0.0,0.0
112701496,191,0,self,734.0,7,2,11,0,0,0,0,0,0,0,1,0,0,0,0,0,0,0,0,45,9.0,12.0,2.0,6.0,9.0,36.0,0.0,0.0,16.0,0.0,2.0,0.0,0.0,0.0,0.0,0.0,0.0
112701496,191,1,opponent,824.0,7,2,8,0,0,0,0,0,0,0,1,0,0,0,0,0,0,0,0,45,9.0,12.0,2.0,6.0,9.0,36.0,0.0,0.0,16.0,0.0,2.0,0.0,0.0,0.0,0.0,0.0,0.0
112701496,192,0,self,734.0,0,2,11,0,0,0,0,0,0,0,1,0,0,0,0,0,0,0,0,57,9.0,12.0,2.0,6.0,9.0,36.0,0.0,12.0,16.0,0.0,2.0,0.0,0.0,0.0,0.0,0.0,0.0
112701496,192,1,opponent,824.0,0,2,8,0,0,0,0,0,0,0,1,0,0,0,0,0,0,0,0,57,9.0,12.0,2.0,6.0,9.0,36.0,0.0,12.0,16.0,0.0,2.0,0.0,0.0,0.0,0.0,0.0,0.0
112701496,215,0,self,1265.0,8,2,28,0,0,0,0,0,0,0,3,0,0,0,0,0,0,0,0,52,5.0,12.0,4.0,6.0,5.0,47.0,0.0,0.0,20.0,0.0,2.0,0.0,0.0,0.0,0.0,0.0,0.0
112701496,215,1,opponent,1355.0,8,2,25,0,0,0,0,0,0,0,3,0,0,0,0,0,0,0,0,52,5.0,12.0,4.0,6.0,5.0,47.0,0.0,0.0,20.0,0.0,2.0,0.0,0.0,0.0,0.0,0.0,0.0
112701496,239,0,self,2154.0,8,2,36,0,0,0,0,0,0,0,1,0,1,0,0,0,0,0,0,64,5.0,12.0,5.0,6.0,5.0,59.0,0.0,0.0,20.0,0.0,2.0,0.0,0.0,0.0,0.0,0.0,0.0
112701496,239,1,opponent,2244.0,8,2,33,0,0,0,0,0,0,0,1,0,1,0,0,0,0,0,0,64,5.0,12.0,5.0,6.0,5.0,59.0,0.0,0.0,20.0,0.0,2.0,0.0,0.0,0.0,0.0,0.0,0.0
112701496,240,0,self,2154.0,0,2,36,0,0,0,0,0,0,0,1,0,1,0,0,0,0,0,0,84,5.0,12.0,5.0,6.0,5.0,60.0,0.0,12.0,20.0,0.0,2.0,7.0,0.0,0.0,0.0,0.0,0.0
112701496,240,1,opponent,2244.0,0,2,33,0,0,0,0,0,0,0,1,0,1,0,0,0,0,0,0,84,5.0,12.0,5.0,6.0,5.0,60.0,0.0,12.0,20.0,0.0,2.0,7.0,0.0,0.0,0.0,0.0,0.0
112701496,263,0,self,14323.0,11,2,54,0,0,0,12,0,0,4,10,0,0,0,0,0,0,0,0,16,12.0,0.0,6.0,6.0,13.0,0.0,0.0,0.0,20.0,0.0,4.0,3.0,0.0,0.0,0.0,0.0,0.0
112701496,263,1,opponent,14413.0,11,2,51,0,0,0,12,0,0,4,10,0,0,0,0,0,0,0,0,16,12.0,0.0,6.0,6.0,13.0,0.0,0.0,0.0,20.0,0.0,4.0,3.0,0.0,0.0,0.0,0.0,0.0
112701496,287,0,self,13150.0,10,3,49,0,0,0,0,0,0,0,15,0,0,0,0,0,0,0,0,30,21.0,0.0,6.0,6.0,24.0,0.0,0.0,0.0,33.0,0.0,5.0,6.0,0.0,0.0,0.0,0.0,0.0
112701496,287,1,opponent,13240.0,10,3,46,0,0,0,0,0,0,0,15,0,0,0,0,0,0,0,0,30,21.0,0.0,6.0,6.0,24.0,0.0,0.0,0.0,33.0,0.0,5.0,6.0,0.0,0.0,0.0,0.0,0.0
112701496,288,0,self,13150.0,0,3,51,0,0,0,0,0,0,0,16,0,0,0,0,0,0,0,0,46,20.0,0.0,6.0,6.0,22.0,0.0,8.0,9.0,33.0,0.0,5.0,7.0,0.0,0.0,0.0,0.0,0.0
112701496,288,1,opponent,13240.0,0,3,48,0,0,0,0,0,0,0,16,0,0,0,0,0,0,0,0,46,20.0,0.0,6.0,6.0,22.0,0.0,8.0,9.0,33.0,0.0,5.0,7.0,0.0,0.0,0.0,0.0,0.0
112701496,311,0,self,16179.0,9,3,26,0,0,0,0,0,0,7,17,0,0,0,0,0,0,0,0,30,24.0,0.0,6.0,6.0,27.0,0.0,0.0,3.0,33.0,0.0,5.0,0.0,0.0,0.0,0.0,0.0,0.0
112701496,311,1,opponent,16269.0,9,3,23,0,0,0,0,0,0,7,17,0,0,0,0,0,0,0,0,30,24.0,0.0,6.0,6.0,27.0,0.0,0.0,3.0,33.0,0.0,5.0,0.0,0.0,0.0,0.0,0.0,0.0
112701496,335,0,self,18029.0,9,3,19,0,0,0,0,0,0,0,16,0,0,0,0,0,0,0,0,34,24.0,0.0,6.0,6.0,32.0,0.0,0.0,0.0,33.0,0.0,5.0,2.0,0.0,0.0,0.0,0.0,0.0
112701496,335,1,opponent,17999.0,9,3,19,0,0,0,0,0,0,0,16,0,0,0,0,0,0,0,0,34,24.0,0.0,6.0,6.0,32.0,0.0,0.0,0.0,33.0,0.0,5.0,2.0,0.0,0.0,0.0,0.0,0.0
112701496,359,0,self,19576.0,9,3,27,0,0,0,0,6,0,8,14,0,0,0,0,0,0,0,0,36,24.0,0.0,6.0,6.0,36.0,0.0,0.0,0.0,33.0,0.0,5.0,0.0,0.0,0.0,0.0,0.0,0.0
112701496,359,1,opponent,19546.0,9,3,27,0,0,0,0,6,0,8,14,0,0,0,0,0,0,0,0,36,24.0,0.0,6.0,6.0,36.0,0.0,0.0,0.0,33.0,0.0,5.0,0.0,0.0,0.0,0.0,0.0,0.0
112701496,360,0,self,19783.0,0,3,27,0,0,0,0,6,0,8,12,0,0,0,0,0,0,0,0,81,24.0,0.0,6.0,6.0,38.0,0.0,11.0,12.0,33.0,8.0,5.0,12.0,0.0,0.0,0.0,0.0,0.0
112701496,360,1,opponent,19753.0,0,3,27,0,0,0,0,6,0,8,12,0,0,0,0,0,0,0,0,81,24.0,0.0,6.0,6.0,38.0,0.0,11.0,12.0,33.0,8.0,5.0,12.0,0.0,0.0,0.0,0.0,0.0
112701496,383,0,self,22766.0,10,3,26,0,0,0,0,0,11,6,11,0,0,0,1,0,0,0,0,40,24.0,0.0,6.0,6.0,34.0,0.0,0.0,0.0,33.0,0.0,5.0,6.0,0.0,0.0,0.0,0.0,0.0
112701496,383,1,opponent,22736.0,10,3,26,0,0,0,0,0,11,6,11,0,0,0,1,0,0,0,0,40,24.0,0.0,6.0,6.0,34.0,0.0,0.0,0.0,33.0,0.0,5.0,6.0,0.0,0.0,0.0,0.0,0.0
112701496,407,0,self,27975.0,11,3,36,0,0,0,0,2,0,5,12,0,0,0,1,0,0,0,0,38,25.0,0.0,6.0,6.0,36.0,0.0,0.0,0.0,33.0,0.0,5.0,2.0,0.0,0.0,0.0,0.0,0.0
112701496,407,1,opponent,27945.0,11,3,36,0,0,0,0,2,0,5,12,0,0,0,1,0,0,0,0,38,25.0,0.0,6.0,6.0,36.0,0.0,0.0,0.0,33.0,0.0,5.0,2.0,0.0,0.0,0.0,0.0,0.0
112701496,431,0,self,32535.0,11,3,39,0,0,0,0,6,0,7,16,0,0,0,1,0,0,0,0,40,25.0,0.0,6.0,6.0,36.0,0.0,0.0,0.0,33.0,0.0,5.0,4.0,0.0,0.0,0.0,0.0,0.0
112701496,431,1,opponent,32505.0,11,3,39,0,0,0,0,6,0,7,16,0,0,0,1,0,0,0,0,40,25.0,0.0,6.0,6.0,36.0,0.0,0.0,0.0,33.0,0.0,5.0,4.0,0.0,0.0,0.0,0.0,0.0
112701496,432,0,self,32587.0,0,3,39,0,0,0,0,6,0,6,17,0,0,0,1,0,0,0,0,90,25.0,0.0,6.0,6.0,38.0,0.0,8.0,6.0,33.0,24.0,5.0,14.0,0.0,0.0,0.0,0.0,0.0
112701496,432,1,opponent,32557.0,0,3,39,0,0,0,0,6,0,6,17,0,0,0,1,0,0,0,0,90,25.0,0.0,6.0,6.0,38.0,0.0,8.0,6.0,33.0,24.0,5.0,14.0,0.0,0.0,0.0,0.0,0.0
112701496,455,0,self,37310.0,11,3,37,0,0,6,0,4,3,8,14,0,0,0,1,0,0,0,0,47,25.0,0.0,6.0,6.0,38.0,0.0,3.0,0.0,33.0,2.0,5.0,4.0,0.0,0.0,0.0,0.0,0.0
112701496,455,1,opponent,37280.0,11,3,37,0,0,6,0,4,3,8,14,0,0,0,1,0,0,0,0,47,25.0,0.0,6.0,6.0,38.0,0.0,3.0,0.0,33.0,2.0,5.0,4.0,0.0,0.0,0.0,0.0,0.0
112701496,479,0,self,42060.0,11,3,39,0,0,6,0,4,5,8,13,0,0,0,1,8,0,0,0,46,25.0,0.0,6.0,6.0,42.0,0.0,0.0,0.0,33.0,0.0,5.0,4.0,0.0,0.0,0.0,0.0,0.0
112701496,479,1,opponent,42030.0,11,3,39,0,0,6,0,4,5,8,13,0,0,0,1,8,0,0,0,46,25.0,0.0,6.0,6.0,42.0,0.0,0.0,0.0,33.0,0.0,5.0,4.0,0.0,0.0,0.0,0.0,0.0
112701496,480,0,self,42060.0,0,3,39,0,0,6,0,4,5,8,14,0,0,0,1,8,0,0,0,97,25.0,0.0,6.0,6.0,46.0,0.0,7.0,6.0,33.0,24.0,5.0,14.0,0.0,0.0,0.0,0.0,0.0
112701496,480,1,opponent,42030.0,0,3,39,0,0,6,0,4,5,8,14,0,0,0,1,8,0,0,0,97,25.0,0.0,6.0,6.0,46.0,0.0,7.0,6.0,33.0,24.0,5.0,14.0,0.0,0.0,0.0,0.0,0.0
112701496,503,0,self,48458.0,11,3,44,0,0,4,0,4,3,14,12,0,0,0,1,8,0,0,0,55,24.0,0.0,6.0,6.0,48.0,0.0,4.0,0.0,33.0,0.0,5.0,2.0,1.0,1.0,0.0,0.0,0.0
112701496,503,1,opponent,48428.0,11,3,44,0,0,4,0,4,3,14,11,0,0,0,1,8,0,0,0,55,24.0,0.0,6.0,6.0,48.0,0.0,4.0,0.0,33.0,0.0,5.0,2.0,1.0,1.0,0.0,0.0,0.0
112701496,527,0,self,56245.0,11,3,49,0,0,12,0,6,0,6,16,0,0,0,1,8,0,0,0,72,24.0,0.0,6.0,6.0,46.0,0.0,12.0,0.0,28.0,2.0,5.0,6.0,6.0,6.0,0.0,0.0,0.0
112701496,527,1,opponent,56215.0,11,3,49,0,0,12,0,6,0,6,16,0,0,0,1,8,0,0,0,72,24.0,0.0,6.0,6.0,46.0,0.0,12.0,0.0,28.0,2.0,5.0,6.0,6.0,6.0,0.0,0.0,0.0
112701496,551,0,self,62116.0,11,3,46,0,0,9,0,4,4,6,14,0,0,0,3,8,0,0,0,62,21.0,0.0,6.0,6.0,37.0,0.0,4.0,0.0,27.0,2.0,5.0,8.0,10.0,11.0,0.0,0.0,0.0
112701496,551,1,opponent,61916.0,11,3,46,0,0,9,0,4,4,6,12,0,0,0,3,8,0,0,0,62,21.0,0.0,6.0,6.0,37.0,0.0,4.0,0.0,27.0,2.0,5.0,8.0,10.0,11.0,0.0,0.0,0.0
112701496,575,0,self,67422.0,11,3,34,3,0,17,0,4,8,10,16,0,0,0,5,8,0,0,0,74,21.0,0.0,6.0,6.0,41.0,0.0,0.0,2.0,20.0,5.0,5.0,4.0,17.0,22.0,0.0,0.0,0.0
112701496,575,1,opponent,67155.0,11,3,34,3,0,17,0,4,8,10,16,0,0,0,5,8,0,0,0,74,21.0,0.0,6.0,6.0,41.0,0.0,0.0,2.0,20.0,5.0,5.0,4.0,17.0,22.0,0.0,0.0,0.0
112701496,576,0,self,67526.0,0,3,34,3,0,22,0,6,8,8,16,0,0,0,5,8,0,0,0,105,21.0,0.0,6.0,6.0,46.0,0.0,12.0,6.0,20.0,5.0,5.0,14.0,17.0,22.0,0.0,0.0,0.0
112701496,576,1,opponent,67259.0,0,3,34,3,0,22,0,6,8,8,16,0,0,0,5,8,0,0,0,104,21.0,0.0,6.0,6.0,46.0,0.0,12.0,6.0,20.0,4.0,5.0,14.0,17.0,22.0,0.0,0.0,0.0
112701496,599,0,self,72545.0,11,3,29,16,0,5,0,6,4,12,15,0,0,0,2,8,0,0,0,72,24.0,0.0,6.0,6.0,52.0,0.0,0.0,0.0,17.0,0.0,5.0,2.0,17.0,18.0,0.0,0.0,0.0
112701496,599,1,opponent,72278.0,11,3,29,16,0,4,0,6,4,12,15,0,0,0,2,8,0,0,0,72,24.0,0.0,6.0,6.0,52.0,0.0,0.0,0.0,17.0,0.0,5.0,2.0,17.0,18.0,0.0,0.0,0.0
112701496,623,0,self,75967.0,11,3,41,12,0,21,0,4,4,4,15,0,0,0,2,8,0,0,0,86,18.0,0.0,6.0,6.0,43.0,0.0,0.0,2.0,13.0,0.0,5.0,4.0,27.0,37.0,0.0,0.0,0.0
112701496,623,1,opponent,75529.0,11,3,41,12,0,21,0,4,4,4,14,0,0,0,2,8,0,0,0,86,18.0,0.0,6.0,6.0,43.0,0.0,0.0,2.0,13.0,0.0,5.0,4.0,27.0,37.0,0.0,0.0,0.0
112701496,647,0,self,80799.0,11,3,27,28,0,0,0,6,7,6,15,0,0,0,2,8,0,0,0,80,14.0,0.0,6.0,6.0,40.0,0.0,0.0,0.0,13.0,0.0,5.0,5.0,31.0,35.0,0.0,0.0,0.0
112701496,647,1,opponent,80361.0,11,3,27,28,0,0,0,6,7,6,15,0,0,0,2,8,0,0,0,80,14.0,0.0,6.0,6.0,40.0,0.0,0.0,0.0,13.0,0.0,5.0,5.0,31.0,35.0,0.0,0.0,0.0
112701496,648,0,self,80799.0,0,3,27,28,0,0,0,6,7,6,16,0,0,0,2,8,0,0,0,136,14.0,0.0,6.0,6.0,44.0,0.0,9.0,6.0,13.0,26.0,4.0,12.0,31.0,39.0,0.0,0.0,0.0
112701496,648,1,opponent,80361.0,0,3,27,28,0,0,0,6,7,6,16,0,0,0,2,8,0,0,0,136,14.0,0.0,6.0,6.0,44.0,0.0,9.0,6.0,13.0,26.0,4.0,12.0,31.0,39.0,0.0,0.0,0.0
112701496,671,0,self,84790.0,11,3,37,15,0,20,0,2,9,8,8,0,0,0,5,0,0,0,0,81,8.0,0.0,6.0,6.0,24.0,0.0,0.0,2.0,4.0,0.0,4.0,2.0,36.0,53.0,0.0,0.0,0.0
112701496,671,1,opponent,84189.0,11,3,37,15,0,20,0,2,9,8,8,0,0,0,5,8,0,0,0,81,8.0,0.0,6.0,6.0,24.0,0.0,0.0,2.0,4.0,0.0,4.0,2.0,36.0,53.0,0.0,0.0,0.0
112701496,695,0,self,91046.0,12,3,36,36,0,0,0,0,3,2,8,0,0,0,5,0,0,0,0,50,1.0,0.0,6.0,6.0,3.0,0.0,0.0,2.0,0.0,0.0,4.0,4.0,22.0,41.0,0.0,0.0,0.0
112701496,695,1,opponent,90703.0,12,3,36,36,0,0,0,0,3,2,8,0,0,0,5,8,0,0,0,50,1.0,0.0,6.0,6.0,3.0,0.0,0.0,2.0,0.0,0.0,4.0,4.0,22.0,41.0,0.0,0.0,0.0
112701496,696,0,self,91274.0,0,3,34,39,0,0,0,0,3,2,6,0,0,0,5,0,0,0,0,65,0.0,0.0,6.0,6.0,0.0,0.0,7.0,8.0,0.0,0.0,4.0,11.0,21.0,39.0,0.0,0.0,0.0
112701496,696,1,opponent,90931.0,0,3,34,39,0,0,0,0,3,2,6,0,0,0,5,8,0,0,0,65,0.0,0.0,6.0,6.0,0.0,0.0,7.0,8.0,0.0,0.0,4.0,11.0,21.0,39.0,0.0,0.0,0.0
112701496,719,0,self,99687.0,11,3,0,0,0,0,0,0,0,0,0,0,0,0,5,0,0,0,0,0,0.0,0.0,6.0,6.0,0.0,0.0,0.0,0.0,0.0,0.0,4.0,0.0,0.0,0.0,0.0,0.0,0.0
112701496,719,1,opponent,99344.0,11,3,0,0,0,0,0,0,0,0,0,0,0,0,5,8,0,0,0,0,0.0,0.0,6.0,6.0,0.0,0.0,0.0,0.0,0.0,0.0,4.0,0.0,0.0,0.0,0.0,0.0,0.0
112701506,0,0,self,3000.0,0,1,0,0,0,0,0,0,0,0,0,0,0,0,0,0,0,0,0,0,0.0,0.0,0.0,0.0,0.0,0.0,0.0,0.0,0.0,0.0,0.0,0.0,0.0,0.0,0.0,0.0,0.0
112701506,0,1,opponent,3000.0,0,1,0,0,0,0,0,0,0,0,0,0,0,0,0,0,0,0,0,0,0.0,0.0,0.0,0.0,0.0,0.0,0.0,0.0,0.0,0.0,0.0,0.0,0.0,0.0,0.0,0.0,0.0
112701506,23,0,self,13.0,5,1,3,0,0,0,0,0,0,0,0,0,0,0,0,0,0,0,0,20,8.0,12.0,2.0,2.0,8.0,12.0,0.0,0.0,0.0,0.0,0.0,0.0,0.0,0.0,0.0,0.0,0.0
112701506,23,1,opponent,30.0,4,1,2,0,0,0,0,0,0,0,0,0,0,0,0,0,0,0,0,9,5.0,4.0,4.0,1.0,5.0,4.0,0.0,0.0,0.0,0.0,0.0,0.0,0.0,0.0,0.0,0.0,0.0
112701506,24,0,self,13.0,0,1,3,0,0,0,0,0,0,0,0,0,0,0,0,0,0,0,0,20,8.0,12.0,2.0,2.0,8.0,12.0,0.0,0.0,0.0,0.0,0.0,0.0,0.0,0.0,0.0,0.0,0.0
112701506,24,1,opponent,30.0,0,1,2,0,0,0,0,0,0,0,0,0,0,0,0,0,0,0,0,9,5.0,4.0,4.0,1.0,5.0,4.0,0.0,0.0,0.0,0.0,0.0,0.0,0.0,0.0,0.0,0.0,0.0
112701506,47,0,self,105.0,3,1,6,0,0,0,0,0,0,0,1,0,0,0,0,0,0,0,0,20,8.0,12.0,2.0,2.0,8.0,12.0,0.0,0.0,0.0,0.0,0.0,0.0,0.0,0.0,0.0,0.0,0.0
112701506,47,1,opponent,29.0,1,1,2,0,0,0,0,0,0,0,5,0,0,0,0,0,0,0,0,9,5.0,4.0,4.0,1.0,5.0,4.0,0.0,0.0,0.0,0.0,0.0,0.0,0.0,0.0,0.0,0.0,0.0
112701506,71,0,self,219.0,4,1,6,0,0,0,0,0,0,0,0,0,0,0,0,0,0,0,0,25,8.0,12.0,2.0,3.0,13.0,12.0,0.0,0.0,0.0,0.0,0.0,0.0,0.0,0.0,0.0,0.0,0.0
112701506,71,1,opponent,190.0,2,1,8,0,0,0,0,0,0,0,5,0,0,0,0,0,0,0,0,14,5.0,4.0,4.0,1.0,10.0,4.0,0.0,0.0,0.0,0.0,0.0,0.0,0.0,0.0,0.0,0.0,0.0
112701506,72,0,self,219.0,0,1,6,0,0,0,0,0,0,0,0,0,0,0,0,0,0,0,0,25,8.0,12.0,2.0,3.0,13.0,12.0,0.0,0.0,0.0,0.0,0.0,0.0,0.0,0.0,0.0,0.0,0.0
112701506,72,1,opponent,190.0,0,1,8,0,0,0,0,0,0,0,5,0,0,0,0,0,0,0,0,14,5.0,4.0,4.0,1.0,10.0,4.0,0.0,0.0,0.0,0.0,0.0,0.0,0.0,0.0,0.0,0.0,0.0
112701506,95,0,self,368.0,5,1,11,0,0,0,0,0,0,0,1,1,0,0,0,0,0,0,0,19,7.0,12.0,2.0,3.0,7.0,12.0,0.0,0.0,0.0,0.0,0.0,0.0,0.0,0.0,0.0,0.0,0.0
112701506,95,1,opponent,206.0,3,1,8,0,0,0,0,0,0,0,5,0,0,0,0,0,0,0,0,20,6.0,4.0,4.0,1.0,16.0,4.0,0.0,0.0,3.0,0.0,0.0,0.0,0.0,0.0,0.0,0.0,0.0
112701506,119,0,self,773.0,4,1,16,0,0,0,0,0,0,0,1,0,0,0,0,0,0,0,0,19,7.0,12.0,2.0,4.0,7.0,12.0,0.0,0.0,0.0,0.0,0.0,0.0,0.0,0.0,0.0,0.0,0.0
112701506,119,1,opponent,566.0,3,1,25,0,0,0,0,0,0,0,5,0,0,0,0,0,0,0,0,10,6.0,4.0,4.0,1.0,6.0,4.0,0.0,0.0,3.0,0.0,0.0,0.0,0.0,0.0,0.0,0.0,0.0
112701506,143,0,self,887.0,4,1,16,0,0,0,0,0,0,0,2,0,0,0,0,0,0,0,0,15,3.0,12.0,2.0,4.0,3.0,12.0,0.0,0.0,4.0,0.0,0.0,0.0,0.0,0.0,0.0,0.0,0.0
112701506,143,1,opponent,523.0,3,1,9,0,0,0,0,0,0,0,5,0,0,0,0,0,0,0,0,12,7.0,4.0,4.0,2.0,8.0,4.0,0.0,0.0,7.0,0.0,0.0,0.0,0.0,0.0,0.0,0.0,0.0
112701506,144,0,self,887.0,0,1,16,0,0,0,0,0,0,0,2,0,0,0,0,0,0,0,0,27,3.0,12.0,2.0,4.0,3.0,12.0,12.0,0.0,4.0,0.0,0.0,0.0,0.0,0.0,0.0,0.0,0.0
112701506,144,1,opponent,523.0,0,1,9,0,0,0,0,0,0,0,5,0,0,0,0,0,0,0,0,32,7.0,4.0,4.0,2.0,8.0,4.0,20.0,0.0,7.0,0.0,0.0,0.0,0.0,0.0,0.0,0.0,0.0
112701506,167,0,self,814.0,7,2,13,0,0,0,0,0,2,0,1,0,0,0,0,0,0,0,0,30,6.0,12.0,2.0,6.0,7.0,23.0,0.0,0.0,12.0,0.0,0.0,0.0,0.0,0.0,0.0,0.0,0.0
112701506,167,1,opponent,2871.0,4,2,9,0,0,0,0,0,0,0,3,1,0,0,1,0,0,1,0,22,7.0,4.0,4.0,3.0,14.0,8.0,0.0,0.0,8.0,0.0,0.0,0.0,0.0,0.0,0.0,0.0,0.0
112701506,191,0,self,574.0,7,2,8,0,0,0,0,0,0,0,1,0,0,0,1,0,0,0,0,44,8.0,12.0,2.0,8.0,8.0,36.0,0.0,0.0,16.0,0.0,0.0,0.0,0.0,0.0,0.0,0.0,0.0
112701506,191,1,opponent,866.0,8,2,15,0,0,0,0,0,0,0,7,0,0,0,0,0,0,0,0,33,10.0,4.0,4.0,6.0,21.0,12.0,0.0,0.0,18.0,0.0,0.0,0.0,0.0,0.0,0.0,0.0,0.0
112701506,192,0,self,574.0,0,2,8,0,0,0,0,0,0,0,1,0,0,0,0,0,0,0,0,57,9.0,12.0,2.0,8.0,9.0,36.0,0.0,12.0,16.0,0.0,0.0,0.0,0.0,0.0,0.0,0.0,0.0
112701506,192,1,opponent,932.0,0,2,13,0,0,0,0,0,0,0,7,0,0,0,0,0,0,0,0,39,10.0,4.0,4.0,6.0,21.0,12.0,0.0,6.0,18.0,0.0,0.0,0.0,0.0,0.0,0.0,0.0,0.0
112701506,215,0,self,1744.0,8,2,25,0,0,0,0,0,0,0,3,0,0,0,0,0,0,0,0,52,5.0,12.0,4.0,8.0,5.0,47.0,0.0,0.0,20.0,0.0,0.0,0.0,0.0,0.0,0.0,0.0,0.0
112701506,215,1,opponent,401.0,6,2,22,0,0,0,0,6,0,0,10,0,0,0,0,0,0,0,0,31,13.0,4.0,4.0,8.0,15.0,16.0,0.0,0.0,20.0,0.0,0.0,0.0,0.0,0.0,0.0,0.0,0.0
112701506,239,0,self,2688.0,8,2,33,0,0,0,0,0,0,0,1,0,1,0,0,0,0,0,0,64,5.0,12.0,4.0,9.0,5.0,59.0,0.0,0.0,20.0,0.0,0.0,0.0,0.0,0.0,0.0,0.0,0.0
112701506,239,1,opponent,2315.0,7,2,17,0,0,0,0,0,16,0,11,0,0,0,0,0,0,0,0,37,13.0,4.0,4.0,8.0,17.0,20.0,0.0,0.0,20.0,0.0,0.0,0.0,0.0,0.0,0.0,0.0,0.0
112701506,240,0,self,2688.0,0,2,33,0,0,0,0,0,0,0,1,0,1,0,0,0,0,0,0,77,5.0,12.0,4.0,9.0,5.0,60.0,0.0,12.0,20.0,0.0,0.0,0.0,0.0,0.0,0.0,0.0,0.0
112701506,240,1,opponent,4263.0,0,2,15,0,0,0,0,0,0,0,11,0,0,0,0,0,0,0,0,40,13.0,4.0,4.0,8.0,17.0,20.0,0.0,3.0,20.0,0.0,0.0,0.0,0.0,0.0,0.0,0.0,0.0
112701506,263,0,self,18231.0,11,2,42,0,0,0,12,0,0,0,11,0,0,0,0,0,0,0,0,13,12.0,0.0,5.0,9.0,13.0,0.0,0.0,0.0,20.0,0.0,2.0,0.0,0.0,0.0,0.0,0.0,0.0
112701506,263,1,opponent,4014.0,14,3,15,0,0,0,0,0,0,0,23,0,0,0,1,0,0,5,2,41,13.0,12.0,4.0,8.0,29.0,12.0,0.0,0.0,31.0,0.0,0.0,0.0,0.0,0.0,0.0,0.0,0.0
112701506,287,0,self,18822.0,10,3,37,0,0,0,0,0,0,0,15,0,0,0,0,0,0,0,0,24,21.0,0.0,5.0,9.0,24.0,0.0,0.0,0.0,33.0,0.0,3.0,0.0,0.0,0.0,0.0,0.0,0.0
112701506,287,1,opponent,4497.0,10,3,25,0,0,0,0,0,0,0,23,0,0,0,0,0,0,0,0,43,13.0,14.0,4.0,8.0,29.0,14.0,0.0,0.0,36.0,0.0,0.0,0.0,0.0,0.0,0.0,0.0,0.0
112701506,288,0,self,18822.0,0,3,39,0,0,0,0,0,0,0,16,0,0,0,0,0,0,0,0,39,20.0,0.0,5.0,9.0,22.0,0.0,8.0,9.0,33.0,0.0,3.0,0.0,0.0,0.0,0.0,0.0,0.0
112701506,288,1,opponent,4840.0,0,3,16,0,0,0,0,0,0,0,23,0,0,0,0,0,0,0,0,63,13.0,14.0,4.0,8.0,30.0,14.0,16.0,3.0,36.0,0.0,0.0,0.0,0.0,0.0,0.0,0.0,0.0
112701506,311,0,self,22416.0,9,3,14,0,0,0,0,0,0,0,17,0,0,0,0,0,0,0,0,30,24.0,0.0,5.0,9.0,27.0,0.0,0.0,3.0,33.0,0.0,3.0,0.0,0.0,0.0,0.0,0.0,0.0
112701506,311,1,opponent,5348.0,10,3,39,0,0,0,0,3,4,0,23,0,0,0,0,0,0,0,0,29,13.0,14.0,4.0,8.0,15.0,14.0,0.0,0.0,36.0,0.0,0.0,0.0,0.0,0.0,0.0,0.0,0.0
112701506,335,0,self,24686.0,9,3,19,0,0,0,0,0,0,0,14,0,0,0,0,0,0,0,0,32,24.0,0.0,5.0,9.0,32.0,0.0,0.0,0.0,33.0,0.0,3.0,0.0,0.0,0.0,0.0,0.0,0.0
112701506,335,1,opponent,7220.0,8,3,18,0,0,6,0,6,0,0,23,0,0,0,0,0,0,0,0,31,13.0,14.0,4.0,8.0,17.0,14.0,0.0,0.0,36.0,0.0,0.0,0.0,0.0,0.0,0.0,0.0,0.0
112701506,359,0,self,28345.0,9,3,23,0,0,0,0,6,3,8,20,0,0,0,0,0,0,0,0,38,24.0,0.0,5.0,9.0,38.0,0.0,0.0,0.0,33.0,0.0,3.0,0.0,0.0,0.0,0.0,0.0,0.0
112701506,359,1,opponent,10025.0,9,3,15,0,0,0,0,9,0,0,22,0,0,0,0,0,0,0,0,43,13.0,14.0,4.0,8.0,29.0,14.0,0.0,0.0,36.0,0.0,0.0,0.0,0.0,0.0,0.0,0.0,0.0
112701506,360,0,self,28763.0,0,3,23,0,0,0,0,6,0,8,15,0,0,0,0,0,0,0,0,77,24.0,0.0,5.0,9.0,40.0,0.0,6.0,15.0,33.0,8.0,3.0,8.0,0.0,0.0,0.0,0.0,0.0
112701506,360,1,opponent,11401.0,0,3,15,0,0,0,0,3,0,0,22,0,0,0,0,0,0,0,0,94,13.0,14.0,4.0,8.0,29.0,14.0,16.0,21.0,36.0,14.0,0.0,0.0,0.0,0.0,0.0,0.0,0.0
112701506,383,0,self,36613.0,10,3,25,0,0,0,0,0,6,6,11,0,0,0,1,0,0,0,0,40,24.0,0.0,5.0,9.0,38.0,0.0,0.0,0.0,33.0,0.0,3.0,2.0,0.0,0.0,0.0,0.0,0.0
112701506,383,1,opponent,15194.0,9,3,25,0,0,12,0,0,8,0,21,1,0,0,0,0,0,0,0,52,13.0,14.0,4.0,8.0,30.0,14.0,0.0,6.0,36.0,2.0,0.0,0.0,0.0,0.0,0.0,0.0,0.0
112701506,407,0,self,43916.0,11,3,35,0,0,0,0,3,0,5,11,0,0,0,1,0,0,0,0,38,25.0,0.0,5.0,9.0,36.0,0.0,0.0,0.0,33.0,0.0,3.0,2.0,0.0,0.0,0.0,0.0,0.0
112701506,407,1,opponent,23534.0,13,3,34,0,0,2,0,0,0,0,21,1,0,0,3,0,0,0,0,41,13.0,14.0,4.0,8.0,15.0,26.0,0.0,0.0,36.0,0.0,0.0,0.0,0.0,0.0,0.0,0.0,0.0
112701506,431,0,self,49192.0,11,3,37,0,0,0,0,9,2,6,15,0,0,0,1,0,0,0,0,44,25.0,0.0,5.0,9.0,36.0,0.0,0.0,6.0,33.0,0.0,3.0,2.0,0.0,0.0,0.0,0.0,0.0
112701506,431,1,opponent,24673.0,9,3,18,0,0,22,0,9,0,0,22,1,0,0,3,0,0,0,0,71,13.0,14.0,4.0,8.0,17.0,40.0,0.0,2.0,36.0,12.0,0.0,0.0,0.0,0.0,0.0,0.0,0.0
112701506,432,0,self,49246.0,0,3,37,0,0,0,0,9,2,5,16,0,0,0,1,0,0,0,0,93,25.0,0.0,5.0,9.0,38.0,0.0,2.0,21.0,33.0,24.0,3.0,8.0,0.0,0.0,0.0,0.0,0.0
112701506,432,1,opponent,25468.0,0,3,15,0,0,28,0,6,0,0,22,1,0,0,3,0,0,0,0,99,13.0,14.0,4.0,8.0,17.0,40.0,16.0,14.0,36.0,12.0,0.0,0.0,0.0,0.0,0.0,0.0,0.0
112701506,455,0,self,57423.0,11,3,34,0,0,6,0,12,0,4,14,0,0,0,1,0,0,0,0,48,25.0,0.0,5.0,9.0,38.0,0.0,1.0,3.0,33.0,2.0,3.0,4.0,0.0,0.0,0.0,0.0,0.0
112701506,455,1,opponent,33068.0,11,3,15,0,0,10,0,12,4,0,22,1,0,0,3,0,0,0,0,87,13.0,14.0,4.0,8.0,29.0,54.0,0.0,2.0,36.0,2.0,0.0,0.0,0.0,0.0,0.0,0.0,0.0
112701506,479,0,self,66258.0,10,3,36,0,0,6,0,6,3,10,13,0,0,0,1,0,0,0,0,43,25.0,0.0,5.0,9.0,40.0,0.0,0.0,3.0,33.0,0.0,3.0,0.0,0.0,0.0,0.0,0.0,0.0
112701506,479,1,opponent,37958.0,13,3,18,0,0,34,0,14,0,0,21,1,0,0,0,0,0,0,0,99,16.0,14.0,4.0,8.0,33.0,66.0,0.0,0.0,33.0,0.0,0.0,0.0,0.0,0.0,0.0,0.0,0.0
112701506,480,0,self,66258.0,0,3,36,0,0,6,0,6,3,10,13,0,0,0,1,0,0,0,0,95,25.0,0.0,5.0,9.0,43.0,0.0,4.0,18.0,33.0,24.0,3.0,6.0,0.0,0.0,0.0,0.0,0.0
112701506,480,1,opponent,43786.0,0,3,16,0,0,20,0,3,0,0,21,1,0,0,0,0,0,0,0,141,16.0,14.0,4.0,8.0,33.0,68.0,0.0,12.0,33.0,28.0,0.0,0.0,0.0,0.0,0.0,0.0,0.0
112701506,503,0,self,75175.0,11,3,38,0,0,4,0,6,2,7,13,0,0,0,1,0,0,0,0,53,25.0,0.0,5.0,9.0,43.0,0.0,2.0,6.0,33.0,0.0,3.0,2.0,0.0,0.0,0.0,0.0,0.0
112701506,503,1,opponent,58183.0,14,3,14,0,0,14,18,0,0,0,19,1,0,0,34,0,0,0,0,63,26.0,2.0,4.0,8.0,39.0,10.0,0.0,0.0,33.0,14.0,0.0,0.0,0.0,0.0,0.0,0.0,0.0
112701506,527,0,self,83975.0,11,3,35,0,0,12,0,9,0,4,16,0,0,0,1,0,0,0,0,67,30.0,0.0,5.0,9.0,48.0,0.0,4.0,9.0,28.0,2.0,3.0,4.0,0.0,0.0,0.0,0.0,0.0
112701506,527,1,opponent,67265.0,12,3,16,0,0,32,12,3,0,0,22,0,0,0,32,0,0,0,0,41,30.0,0.0,4.0,9.0,37.0,0.0,0.0,0.0,29.0,4.0,0.0,0.0,0.0,0.0,1.0,0.0,0.0
112701506,551,0,self,93376.0,10,3,29,0,0,10,0,9,3,4,12,0,0,0,1,0,0,0,0,64,31.0,0.0,5.0,9.0,47.0,0.0,0.0,9.0,27.0,2.0,3.0,6.0,0.0,0.0,0.0,0.0,0.0
112701506,551,1,opponent,75536.0,10,3,16,0,0,28,0,6,0,0,21,0,0,0,29,0,0,0,0,64,33.0,0.0,4.0,9.0,60.0,0.0,0.0,2.0,28.0,2.0,0.0,0.0,0.0,0.0,0.0,0.0,0.0
112701506,575,0,self,101848.0,11,3,27,0,0,17,0,6,6,4,17,0,0,0,1,0,0,0,0,75,38.0,0.0,5.0,9.0,59.0,0.0,0.0,9.0,20.0,5.0,3.0,2.0,0.0,0.0,0.0,0.0,0.0
112701506,575,1,opponent,83015.0,14,3,36,0,0,32,0,0,0,0,8,0,0,0,18,0,0,0,0,84,44.0,0.0,4.0,9.0,78.0,0.0,0.0,6.0,18.0,0.0,0.0,0.0,0.0,0.0,0.0,0.0,0.0
112701506,576,0,self,101848.0,0,3,27,0,0,22,0,9,6,4,17,0,0,0,1,0,0,0,0,106,38.0,0.0,5.0,9.0,64.0,0.0,7.0,21.0,20.0,6.0,3.0,8.0,0.0,0.0,0.0,0.0,0.0
112701506,576,1,opponent,85207.0,0,3,28,0,0,22,0,0,0,0,8,0,0,0,18,0,0,0,0,139,44.0,0.0,4.0,9.0,79.0,0.0,16.0,18.0,18.0,26.0,0.0,0.0,0.0,0.0,0.0,0.0,0.0
112701506,599,0,self,110281.0,11,3,40,0,0,6,0,21,0,6,15,0,0,0,1,0,0,0,0,68,37.0,0.0,5.0,9.0,62.0,0.0,0.0,0.0,17.0,0.0,3.0,2.0,4.0,4.0,0.0,0.0,0.0
112701506,599,1,opponent,94323.0,11,3,30,0,0,12,0,3,16,0,6,0,0,0,11,0,0,0,0,81,45.0,0.0,4.0,9.0,71.0,0.0,0.0,4.0,16.0,6.0,0.0,0.0,0.0,0.0,0.0,0.0,0.0
112701506,623,0,self,118185.0,11,3,46,0,0,21,0,6,4,4,16,0,0,0,1,0,0,0,0,82,27.0,0.0,5.0,9.0,59.0,0.0,0.0,4.0,13.0,0.0,3.0,1.0,18.0,18.0,0.0,0.0,0.0
112701506,623,1,opponent,100202.0,12,3,41,0,0,16,0,5,16,0,9,0,0,0,7,0,0,0,0,69,46.0,0.0,4.0,9.0,69.0,0.0,0.0,0.0,16.0,0.0,0.0,0.0,0.0,0.0,0.0,0.0,0.0
112701506,647,0,self,125673.0,11,3,51,0,0,0,0,9,6,2,19,0,0,0,1,0,0,0,0,84,16.0,0.0,5.0,9.0,44.0,0.0,0.0,6.0,13.0,0.0,3.0,3.0,29.0,31.0,0.0,0.0,0.0
112701506,647,1,opponent,106951.0,12,3,11,0,0,22,0,6,10,0,13,0,0,0,0,0,0,0,0,101,54.0,0.0,4.0,9.0,99.0,0.0,0.0,2.0,5.0,0.0,0.0,0.0,0.0,0.0,0.0,0.0,0.0
112701506,648,0,self,125733.0,0,3,51,0,0,0,0,9,6,2,17,0,0,0,1,0,0,0,0,140,16.0,0.0,5.0,9.0,48.0,0.0,6.0,17.0,13.0,26.0,3.0,8.0,29.0,35.0,0.0,0.0,0.0
112701506,648,1,opponent,106951.0,0,3,11,0,0,22,0,6,10,0,13,0,0,0,0,0,0,0,0,140,54.0,0.0,4.0,9.0,100.0,0.0,16.0,14.0,5.0,10.0,0.0,0.0,0.0,0.0,0.0,0.0,0.0
112701506,671,0,self,133323.0,10,3,32,15,0,20,0,8,6,4,5,0,0,0,1,0,0,0,0,83,18.0,0.0,5.0,9.0,38.0,0.0,0.0,3.0,4.0,0.0,3.0,4.0,26.0,38.0,0.0,0.0,0.0
112701506,671,1,opponent,118655.0,11,3,56,0,0,17,0,3,3,0,11,0,0,0,0,0,0,0,0,74,37.0,0.0,4.0,9.0,72.0,0.0,0.0,2.0,5.0,0.0,0.0,0.0,0.0,0.0,0.0,0.0,0.0
112701506,695,0,self,144606.0,11,3,44,33,0,0,0,1,0,6,8,0,0,0,1,0,0,0,0,50,10.0,0.0,5.0,9.0,12.0,0.0,0.0,9.0,0.0,0.0,3.0,0.0,13.0,29.0,0.0,0.0,0.0
112701506,695,1,opponent,123433.0,10,3,44,0,0,17,0,8,0,0,2,0,0,0,0,0,0,0,0,61,24.0,0.0,4.0,9.0,61.0,0.0,0.0,0.0,0.0,0.0,0.0,0.0,0.0,0.0,5.0,0.0,0.0
112701506,696,0,self,144817.0,0,3,42,36,0,0,0,1,0,6,6,0,0,0,1,0,0,0,0,67,9.0,0.0,5.0,9.0,10.0,0.0,8.0,19.0,0.0,0.0,3.0,4.0,12.0,26.0,0.0,0.0,0.0
112701506,696,1,opponent,123433.0,0,3,44,0,0,17,0,8,0,0,2,0,0,0,0,0,0,0,0,77,24.0,0.0,4.0,9.0,61.0,0.0,0.0,16.0,0.0,0.0,0.0,0.0,0.0,0.0,5.0,0.0,0.0
112701506,719,0,self,156189.0,11,3,0,0,0,0,0,0,0,0,0,0,0,0,1,0,0,0,0,1,0.0,0.0,5.0,9.0,0.0,0.0,0.0,1.0,0.0,0.0,3.0,0.0,0.0,0.0,0.0,0.0,0.0
112701506,719,1,opponent,136532.0,10,3,0,0,0,0,0,0,0,0,0,0,0,0,0,0,0,0,0,0,0.0,0.0,4.0,9.0,0.0,0.0,0.0,0.0,0.0,0.0,0.0,0.0,0.0,0.0,5.0,0.0,0.0
112702653,0,0,opponent,3000.0,0,1,0,0,0,0,0,0,0,0,0,0,0,0,0,0,0,0,0,0,0.0,0.0,0.0,0.0,0.0,0.0,0.0,0.0,0.0,0.0,0.0,0.0,0.0,0.0,0.0,0.0,0.0
112702653,0,1,self,3000.0,0,1,0,0,0,0,0,0,0,0,0,0,0,0,0,0,0,0,0,0,0.0,0.0,0.0,0.0,0.0,0.0,0.0,0.0,0.0,0.0,0.0,0.0,0.0,0.0,0.0,0.0,0.0
112702653,23,0,opponent,74.0,5,1,1,0,0,0,0,0,0,0,0,0,0,0,0,0,0,0,0,19,7.0,12.0,2.0,2.0,7.0,12.0,0.0,0.0,0.0,0.0,0.0,0.0,0.0,0.0,0.0,0.0,0.0
112702653,23,1,self,15.0,5,1,3,0,0,0,0,0,0,0,0,0,0,0,0,0,0,0,0,20,8.0,12.0,2.0,2.0,8.0,12.0,0.0,0.0,0.0,0.0,0.0,0.0,0.0,0.0,0.0,0.0,0.0
112702653,24,0,opponent,46.0,0,1,2,0,0,0,0,0,0,0,0,0,0,0,0,0,0,0,0,19,7.0,12.0,2.0,2.0,7.0,12.0,0.0,0.0,0.0,0.0,0.0,0.0,0.0,0.0,0.0,0.0,0.0
112702653,24,1,self,15.0,0,1,3,0,0,0,0,0,0,0,0,0,0,0,0,0,0,0,0,20,8.0,12.0,2.0,2.0,8.0,12.0,0.0,0.0,0.0,0.0,0.0,0.0,0.0,0.0,0.0,0.0,0.0
112702653,47,0,opponent,260.0,4,1,4,0,0,0,0,0,0,0,0,0,0,0,0,0,0,0,0,19,7.0,12.0,2.0,2.0,7.0,12.0,0.0,0.0,0.0,0.0,0.0,0.0,0.0,0.0,0.0,0.0,0.0
112702653,47,1,self,106.0,3,1,6,0,0,0,0,0,0,0,1,0,0,0,0,0,0,0,0,20,8.0,12.0,2.0,2.0,8.0,12.0,0.0,0.0,0.0,0.0,0.0,0.0,0.0,0.0,0.0,0.0,0.0
112702653,71,0,opponent,124.0,4,1,9,0,0,0,0,0,0,0,0,0,0,0,0,0,0,0,0,23,7.0,12.0,2.0,3.0,11.0,12.0,0.0,0.0,0.0,0.0,0.0,0.0,0.0,0.0,0.0,0.0,0.0
112702653,71,1,self,219.0,4,1,6,0,0,0,0,0,0,0,0,0,0,0,0,0,0,0,0,25,8.0,12.0,2.0,3.0,13.0,12.0,0.0,0.0,0.0,0.0,0.0,0.0,0.0,0.0,0.0,0.0,0.0
112702653,72,0,opponent,124.0,0,1,9,0,0,0,0,0,0,0,0,0,0,0,0,0,0,0,0,23,7.0,12.0,2.0,3.0,11.0,12.0,0.0,0.0,0.0,0.0,0.0,0.0,0.0,0.0,0.0,0.0,0.0
112702653,72,1,self,219.0,0,1,6,0,0,0,0,0,0,0,0,0,0,0,0,0,0,0,0,25,8.0,12.0,2.0,3.0,13.0,12.0,0.0,0.0,0.0,0.0,0.0,0.0,0.0,0.0,0.0,0.0,0.0
112702653,95,0,opponent,87.0,5,1,17,0,0,0,0,0,0,0,1,1,0,0,0,0,0,0,0,19,7.0,12.0,2.0,3.0,7.0,12.0,0.0,0.0,0.0,0.0,0.0,0.0,0.0,0.0,0.0,0.0,0.0
112702653,95,1,self,272.0,5,1,14,0,0,0,0,0,0,0,1,1,0,0,0,0,0,0,0,19,7.0,12.0,2.0,3.0,7.0,12.0,0.0,0.0,0.0,0.0,0.0,0.0,0.0,0.0,0.0,0.0,0.0
112702653,119,0,opponent,884.0,4,1,12,0,0,0,0,0,0,0,0,0,0,0,0,0,0,0,0,19,7.0,12.0,2.0,4.0,7.0,12.0,0.0,0.0,0.0,0.0,0.0,0.0,0.0,0.0,0.0,0.0,0.0
112702653,119,1,self,683.0,4,1,19,0,0,0,0,0,0,0,1,0,0,0,0,0,0,0,0,19,7.0,12.0,2.0,4.0,7.0,12.0,0.0,0.0,0.0,0.0,0.0,0.0,0.0,0.0,0.0,0.0,0.0
112702653,143,0,opponent,507.0,4,1,13,0,0,0,0,0,0,0,6,0,0,0,0,0,0,0,0,15,3.0,12.0,2.0,4.0,3.0,12.0,0.0,0.0,4.0,0.0,0.0,0.0,0.0,0.0,0.0,0.0,0.0
112702653,143,1,self,796.0,4,1,19,0,0,0,0,0,0,0,2,0,0,0,0,0,0,0,0,15,3.0,12.0,2.0,4.0,3.0,12.0,0.0,0.0,4.0,0.0,0.0,0.0,0.0,0.0,0.0,0.0,0.0
112702653,144,0,opponent,844.0,0,1,17,0,0,0,0,0,0,0,1,0,0,0,0,0,0,0,0,27,3.0,12.0,2.0,4.0,3.0,12.0,12.0,0.0,4.0,0.0,0.0,0.0,0.0,0.0,0.0,0.0,0.0
112702653,144,1,self,796.0,0,1,19,0,0,0,0,0,0,0,2,0,0,0,0,0,0,0,0,27,3.0,12.0,2.0,4.0,3.0,12.0,12.0,0.0,4.0,0.0,0.0,0.0,0.0,0.0,0.0,0.0,0.0
112702653,167,0,opponent,1031.0,8,2,9,0,0,0,0,0,0,0,1,0,0,0,0,0,0,0,0,29,5.0,12.0,4.0,4.0,5.0,24.0,0.0,0.0,12.0,0.0,0.0,0.0,0.0,0.0,0.0,0.0,0.0
112702653,167,1,self,800.0,7,2,16,0,0,0,0,0,2,0,1,0,0,0,0,0,0,0,0,30,6.0,12.0,2.0,6.0,7.0,23.0,0.0,0.0,12.0,0.0,0.0,0.0,0.0,0.0,0.0,0.0,0.0
112702653,191,0,opponent,343.0,8,2,0,0,0,0,0,0,0,0,2,0,0,0,0,0,0,0,0,45,9.0,12.0,4.0,6.0,9.0,36.0,0.0,0.0,16.0,0.0,0.0,0.0,0.0,0.0,0.0,0.0,0.0
112702653,191,1,self,538.0,7,2,13,0,0,0,0,0,0,0,1,0,0,0,0,0,0,0,0,45,9.0,12.0,2.0,8.0,9.0,36.0,0.0,0.0,16.0,0.0,0.0,0.0,0.0,0.0,0.0,0.0,0.0
112702653,192,0,opponent,103.0,0,2,8,0,0,0,0,0,0,0,2,0,0,0,0,0,0,0,0,57,9.0,12.0,4.0,6.0,9.0,36.0,0.0,12.0,16.0,0.0,0.0,0.0,0.0,0.0,0.0,0.0,0.0
112702653,192,1,self,538.0,0,2,13,0,0,0,0,0,0,0,1,0,0,0,0,0,0,0,0,57,9.0,12.0,2.0,8.0,9.0,36.0,0.0,12.0,16.0,0.0,0.0,0.0,0.0,0.0,0.0,0.0,0.0
112702653,215,0,opponent,1819.0,9,2,15,0,0,0,0,0,0,0,2,0,0,0,0,0,0,0,0,53,5.0,12.0,6.0,6.0,5.0,48.0,0.0,0.0,20.0,0.0,0.0,0.0,0.0,0.0,0.0,0.0,0.0
112702653,215,1,self,1686.0,8,2,32,0,0,0,0,0,0,0,3,0,0,0,0,0,0,0,0,52,5.0,12.0,4.0,8.0,5.0,47.0,0.0,0.0,20.0,0.0,0.0,0.0,0.0,0.0,0.0,0.0,0.0
112702653,239,0,opponent,3775.0,9,2,9,0,0,0,0,0,0,0,0,0,0,0,0,0,0,0,0,63,5.0,12.0,7.0,6.0,5.0,58.0,0.0,0.0,20.0,0.0,0.0,0.0,0.0,0.0,0.0,0.0,0.0
112702653,239,1,self,2632.0,8,2,40,0,0,0,0,0,0,0,1,0,1,0,0,0,0,0,0,64,5.0,12.0,4.0,9.0,5.0,59.0,0.0,0.0,20.0,0.0,0.0,0.0,0.0,0.0,0.0,0.0,0.0
112702653,240,0,opponent,3775.0,0,2,9,0,0,0,0,0,0,0,0,0,0,0,0,0,0,0,0,76,5.0,12.0,7.0,6.0,5.0,60.0,0.0,11.0,20.0,0.0,0.0,0.0,0.0,0.0,0.0,0.0,0.0
112702653,240,1,self,2632.0,0,2,40,0,0,0,0,0,0,0,1,0,1,0,0,0,0,0,0,77,5.0,12.0,4.0,9.0,5.0,60.0,0.0,12.0,20.0,0.0,0.0,0.0,0.0,0.0,0.0,0.0,0.0
112702653,263,0,opponent,17169.0,11,2,0,0,0,0,12,0,0,0,11,0,0,0,0,0,0,0,0,12,12.0,0.0,10.0,6.0,12.0,0.0,0.0,0.0,20.0,0.0,0.0,0.0,0.0,0.0,0.0,0.0,0.0
112702653,263,1,self,16828.0,11,2,42,0,0,0,12,0,0,0,11,0,0,0,0,0,0,0,0,13,12.0,0.0,5.0,9.0,13.0,0.0,0.0,0.0,20.0,0.0,2.0,0.0,0.0,0.0,0.0,0.0,0.0
112702653,287,0,opponent,15830.0,11,3,12,0,0,0,0,0,0,0,15,0,0,0,0,0,0,0,0,22,20.0,0.0,11.0,6.0,22.0,0.0,0.0,0.0,33.0,0.0,0.0,0.0,0.0,0.0,0.0,0.0,0.0
112702653,287,1,self,16373.0,10,3,37,0,0,0,0,0,0,0,15,0,0,0,0,0,0,0,0,24,21.0,0.0,5.0,9.0,24.0,0.0,0.0,0.0,33.0,0.0,3.0,0.0,0.0,0.0,0.0,0.0,0.0
112702653,288,0,opponent,15645.0,0,3,17,0,0,0,0,0,0,0,16,0,0,0,0,0,0,0,0,51,20.0,0.0,11.0,6.0,22.0,0.0,20.0,9.0,33.0,0.0,0.0,0.0,0.0,0.0,0.0,0.0,0.0
112702653,288,1,self,16373.0,0,3,39,0,0,0,0,0,0,0,16,0,0,0,0,0,0,0,0,39,20.0,0.0,5.0,9.0,22.0,0.0,8.0,9.0,33.0,0.0,3.0,0.0,0.0,0.0,0.0,0.0,0.0
112702653,311,0,opponent,19638.0,9,3,15,0,0,0,0,0,5,0,17,0,0,0,0,0,0,0,0,30,24.0,0.0,11.0,6.0,27.0,0.0,0.0,3.0,33.0,0.0,0.0,0.0,0.0,0.0,0.0,0.0,0.0
112702653,311,1,self,19910.0,9,3,14,0,0,0,0,0,0,0,17,0,0,0,0,0,0,0,0,30,24.0,0.0,5.0,9.0,27.0,0.0,0.0,3.0,33.0,0.0,3.0,0.0,0.0,0.0,0.0,0.0,0.0
112702653,335,0,opponent,21167.0,10,3,30,0,0,0,0,0,0,0,21,0,0,0,0,0,0,0,0,33,24.0,0.0,11.0,6.0,33.0,0.0,0.0,0.0,33.0,0.0,0.0,0.0,0.0,0.0,0.0,0.0,0.0
112702653,335,1,self,22060.0,9,3,16,0,0,0,0,0,0,0,14,0,0,0,0,0,0,0,0,32,24.0,0.0,5.0,9.0,32.0,0.0,0.0,0.0,33.0,0.0,3.0,0.0,0.0,0.0,0.0,0.0,0.0
112702653,359,0,opponent,23819.0,10,3,34,0,0,0,0,0,1,0,17,0,0,0,0,0,0,0,0,35,24.0,0.0,11.0,6.0,35.0,0.0,0.0,0.0,33.0,0.0,0.0,0.0,0.0,0.0,0.0,0.0,0.0
112702653,359,1,self,25478.0,9,3,24,0,0,0,0,6,3,8,20,0,0,0,0,0,0,0,0,38,24.0,0.0,5.0,9.0,38.0,0.0,0.0,0.0,33.0,0.0,3.0,0.0,0.0,0.0,0.0,0.0,0.0
112702653,360,0,opponent,23549.0,0,3,34,0,0,0,0,0,1,0,22,0,0,0,0,0,0,0,0,83,24.0,0.0,11.0,6.0,38.0,0.0,22.0,15.0,33.0,8.0,0.0,0.0,0.0,0.0,0.0,0.0,0.0
112702653,360,1,self,25858.0,0,3,24,0,0,0,0,6,0,8,15,0,0,0,0,0,0,0,0,76,24.0,0.0,5.0,9.0,40.0,0.0,5.0,15.0,33.0,8.0,3.0,8.0,0.0,0.0,0.0,0.0,0.0
112702653,383,0,opponent,24221.0,11,3,35,0,0,8,0,15,4,0,16,0,0,0,0,0,0,0,0,37,25.0,0.0,11.0,6.0,37.0,0.0,0.0,0.0,33.0,0.0,0.0,0.0,0.0,0.0,0.0,0.0,0.0
112702653,383,1,self,33118.0,10,3,24,0,0,0,0,0,5,6,11,0,0,0,1,0,0,0,0,40,24.0,0.0,5.0,9.0,38.0,0.0,0.0,0.0,33.0,0.0,3.0,2.0,0.0,0.0,0.0,0.0,0.0
112702653,407,0,opponent,32918.0,11,3,36,0,0,0,0,6,4,0,21,0,0,0,0,0,0,0,0,39,25.0,0.0,11.0,6.0,36.0,0.0,0.0,3.0,33.0,0.0,0.0,0.0,0.0,0.0,0.0,0.0,0.0
112702653,407,1,self,39670.0,11,3,35,0,0,0,0,3,0,5,11,0,0,0,1,0,0,0,0,38,25.0,0.0,5.0,9.0,36.0,0.0,0.0,0.0,33.0,0.0,3.0,2.0,0.0,0.0,0.0,0.0,0.0
112702653,431,0,opponent,38424.0,11,3,40,0,0,0,0,9,8,0,20,0,0,0,0,0,0,0,0,37,25.0,0.0,11.0,6.0,37.0,0.0,0.0,0.0,33.0,0.0,0.0,0.0,0.0,0.0,0.0,0.0,0.0
112702653,431,1,self,44379.0,11,3,36,0,0,0,0,9,2,6,15,0,0,0,1,0,0,0,0,44,25.0,0.0,5.0,9.0,36.0,0.0,0.0,6.0,33.0,0.0,3.0,2.0,0.0,0.0,0.0,0.0,0.0
112702653,432,0,opponent,38424.0,0,3,40,0,0,0,0,9,8,0,21,0,0,0,0,0,0,0,0,92,25.0,0.0,11.0,6.0,39.0,0.0,20.0,9.0,33.0,24.0,0.0,0.0,0.0,0.0,0.0,0.0,0.0
112702653,432,1,self,44434.0,0,3,36,0,0,0,0,9,2,5,16,0,0,0,1,0,0,0,0,94,25.0,0.0,5.0,9.0,38.0,0.0,3.0,21.0,33.0,24.0,3.0,8.0,0.0,0.0,0.0,0.0,0.0
112702653,455,0,opponent,45151.0,12,3,45,0,0,0,0,9,16,0,21,0,0,0,0,0,0,0,0,39,25.0,0.0,11.0,6.0,39.0,0.0,0.0,0.0,33.0,0.0,0.0,0.0,0.0,0.0,0.0,0.0,0.0
112702653,455,1,self,51530.0,11,3,35,0,0,6,0,12,0,4,14,0,0,0,1,0,0,0,0,48,25.0,0.0,5.0,9.0,38.0,0.0,1.0,3.0,33.0,2.0,3.0,4.0,0.0,0.0,0.0,0.0,0.0
112702653,479,0,opponent,48606.0,11,3,43,0,0,6,0,9,8,0,29,0,0,0,0,0,0,0,0,46,25.0,0.0,11.0,6.0,42.0,0.0,4.0,0.0,33.0,0.0,0.0,0.0,0.0,0.0,0.0,0.0,0.0
112702653,479,1,self,58782.0,10,3,35,0,0,6,0,6,1,10,13,0,0,0,1,0,0,0,0,43,25.0,0.0,5.0,9.0,40.0,0.0,0.0,3.0,33.0,0.0,3.0,0.0,0.0,0.0,0.0,0.0,0.0
112702653,480,0,opponent,49824.0,0,3,43,0,0,0,0,9,12,0,29,0,0,0,0,0,0,0,0,87,25.0,0.0,11.0,6.0,42.0,0.0,12.0,9.0,33.0,24.0,0.0,0.0,0.0,0.0,0.0,0.0,0.0
112702653,480,1,self,58782.0,0,3,35,0,0,6,0,6,1,10,13,0,0,0,1,0,0,0,0,95,25.0,0.0,5.0,9.0,43.0,0.0,4.0,18.0,33.0,24.0,3.0,6.0,0.0,0.0,0.0,0.0,0.0
112702653,503,0,opponent,56097.0,12,3,44,0,0,0,0,9,8,0,19,0,0,0,0,0,0,0,0,47,25.0,0.0,11.0,6.0,43.0,0.0,4.0,0.0,33.0,0.0,0.0,0.0,0.0,0.0,0.0,0.0,0.0
112702653,503,1,self,66310.0,11,3,39,0,0,4,0,6,2,7,13,0,0,0,1,0,0,0,0,53,25.0,0.0,5.0,9.0,43.0,0.0,2.0,6.0,33.0,0.0,3.0,2.0,0.0,0.0,0.0,0.0,0.0
112702653,527,0,opponent,62850.0,11,3,30,0,0,11,0,9,4,0,17,0,0,0,0,0,0,0,0,65,30.0,0.0,11.0,6.0,47.0,0.0,16.0,0.0,28.0,2.0,0.0,0.0,0.0,0.0,0.0,0.0,0.0
112702653,527,1,self,73665.0,11,3,36,0,0,12,0,9,0,4,16,0,0,0,1,0,0,0,0,66,30.0,0.0,5.0,9.0,48.0,0.0,3.0,9.0,28.0,2.0,3.0,4.0,0.0,0.0,0.0,0.0,0.0
112702653,551,0,opponent,69928.0,11,3,38,0,0,0,0,9,16,0,17,0,0,0,0,0,0,0,0,51,31.0,0.0,11.0,6.0,47.0,0.0,4.0,0.0,27.0,0.0,0.0,0.0,0.0,0.0,0.0,0.0,0.0
112702653,551,1,self,80370.0,12,3,33,0,0,10,0,9,2,4,14,0,0,0,1,0,0,0,0,65,31.0,0.0,5.0,9.0,48.0,0.0,0.0,9.0,27.0,2.0,3.0,6.0,0.0,0.0,0.0,0.0,0.0
112702653,575,0,opponent,73103.0,11,3,31,0,0,20,0,9,12,0,16,0,0,0,0,0,0,0,0,60,38.0,0.0,11.0,6.0,59.0,0.0,0.0,0.0,20.0,1.0,0.0,0.0,0.0,0.0,0.0,0.0,0.0
112702653,575,1,self,86584.0,11,3,31,0,0,17,0,6,2,4,17,0,0,0,1,0,0,0,0,84,38.0,0.0,5.0,9.0,68.0,0.0,0.0,9.0,20.0,5.0,3.0,2.0,0.0,0.0,0.0,0.0,0.0
112702653,576,0,opponent,72271.0,0,3,42,0,0,18,0,9,8,0,23,0,0,0,0,0,0,0,0,95,38.0,0.0,11.0,6.0,59.0,0.0,20.0,9.0,20.0,7.0,0.0,0.0,0.0,0.0,0.0,0.0,0.0
112702653,576,1,self,86584.0,0,3,31,0,0,22,0,9,2,4,17,0,0,0,1,0,0,0,0,114,38.0,0.0,5.0,9.0,74.0,0.0,5.0,21.0,20.0,6.0,3.0,8.0,0.0,0.0,0.0,0.0,0.0
112702653,599,0,opponent,76212.0,11,3,48,0,0,5,0,9,11,0,17,0,0,0,0,0,0,0,0,59,41.0,0.0,11.0,6.0,57.0,0.0,0.0,0.0,17.0,2.0,0.0,0.0,0.0,0.0,0.0,0.0,0.0
112702653,599,1,self,91741.0,11,3,55,0,0,6,0,21,1,6,16,0,0,0,1,0,0,0,0,71,37.0,0.0,5.0,9.0,65.0,0.0,0.0,0.0,17.0,0.0,3.0,2.0,4.0,4.0,0.0,0.0,0.0
112702653,623,0,opponent,80452.0,11,3,42,0,0,13,0,9,3,0,16,0,0,0,0,0,0,0,0,69,31.0,0.0,11.0,6.0,50.0,0.0,0.0,0.0,13.0,5.0,0.0,0.0,14.0,14.0,0.0,0.0,0.0
112702653,623,1,self,96953.0,11,3,50,0,0,21,0,6,3,4,15,0,0,0,1,0,0,0,0,85,27.0,0.0,5.0,9.0,60.0,0.0,0.0,6.0,13.0,0.0,3.0,1.0,18.0,18.0,0.0,0.0,0.0
112702653,647,0,opponent,85197.0,11,3,41,0,0,0,0,6,0,0,17,0,0,0,0,0,0,0,0,71,19.0,0.0,11.0,6.0,42.0,0.0,0.0,3.0,13.0,0.0,0.0,0.0,26.0,26.0,0.0,0.0,0.0
112702653,647,1,self,102505.0,11,3,57,0,0,0,0,9,4,2,16,0,0,0,1,0,0,0,0,86,16.0,0.0,5.0,9.0,44.0,0.0,0.0,8.0,13.0,0.0,3.0,3.0,29.0,31.0,0.0,0.0,0.0
112702653,648,0,opponent,84597.0,0,3,56,0,0,0,0,9,0,0,17,0,0,0,0,0,0,0,0,125,19.0,0.0,11.0,6.0,44.0,0.0,20.0,9.0,13.0,26.0,0.0,0.0,26.0,26.0,0.0,0.0,0.0
112702653,648,1,self,102505.0,0,3,57,0,0,0,0,9,4,2,17,0,0,0,1,0,0,0,0,139,16.0,0.0,5.0,9.0,48.0,0.0,2.0,20.0,13.0,26.0,3.0,8.0,29.0,35.0,0.0,0.0,0.0
112702653,671,0,opponent,87393.0,11,3,53,2,0,20,0,4,5,0,11,0,0,0,0,0,0,0,0,73,10.0,0.0,11.0,6.0,27.0,0.0,0.0,0.0,4.0,2.0,0.0,0.0,35.0,44.0,0.0,0.0,0.0
112702653,671,1,self,106650.0,11,3,36,15,0,20,0,11,2,4,6,0,0,0,1,0,0,0,0,84,18.0,0.0,5.0,9.0,39.0,0.0,0.0,3.0,4.0,0.0,3.0,4.0,26.0,38.0,0.0,0.0,0.0
112702653,695,0,opponent,93938.0,11,3,33,28,0,0,0,1,0,0,9,0,0,0,0,0,0,0,0,39,1.0,0.0,11.0,6.0,3.0,0.0,0.0,0.0,0.0,0.0,0.0,0.0,23.0,36.0,0.0,0.0,0.0
112702653,695,1,self,114261.0,11,3,51,34,0,0,0,1,0,6,8,0,0,0,1,0,0,0,0,51,10.0,0.0,5.0,9.0,12.0,0.0,0.0,9.0,0.0,0.0,3.0,0.0,13.0,30.0,0.0,0.0,0.0
112702653,696,0,opponent,93938.0,0,3,36,31,0,0,0,1,0,0,11,0,0,0,0,0,0,0,0,54,0.0,0.0,11.0,6.0,0.0,0.0,12.0,9.0,0.0,0.0,0.0,0.0,22.0,33.0,1.0,0.0,0.0
112702653,696,1,self,114654.0,0,3,44,37,0,0,0,1,0,6,6,0,0,0,1,0,0,0,0,63,9.0,0.0,5.0,9.0,11.0,0.0,2.0,19.0,0.0,0.0,3.0,4.0,12.0,27.0,1.0,0.0,0.0
112702653,719,0,opponent,99260.0,11,3,1,0,0,0,0,0,0,0,8,0,0,0,0,0,0,0,0,0,0.0,0.0,11.0,6.0,0.0,0.0,0.0,0.0,0.0,0.0,0.0,0.0,0.0,0.0,1.0,0.0,0.0
112702653,719,1,self,121751.0,11,3,0,0,0,0,0,0,0,0,0,0,0,0,1,0,0,0,0,1,0.0,0.0,5.0,9.0,0.0,0.0,0.0,1.0,0.0,0.0,3.0,0.0,0.0,0.0,0.0,0.0,0.0
112703812,0,0,opponent,3000.0,0,1,0,0,0,0,0,0,0,0,0,0,0,0,0,0,0,0,0,0,0.0,0.0,0.0,0.0,0.0,0.0,0.0,0.0,0.0,0.0,0.0,0.0,0.0,0.0,0.0,0.0,0.0
112703812,0,1,self,3000.0,0,1,0,0,0,0,0,0,0,0,0,0,0,0,0,0,0,0,0,0,0.0,0.0,0.0,0.0,0.0,0.0,0.0,0.0,0.0,0.0,0.0,0.0,0.0,0.0,0.0,0.0,0.0
112703812,23,0,opponent,19.0,5,1,3,0,0,0,0,0,0,0,0,0,0,0,0,0,0,0,0,19,7.0,12.0,2.0,2.0,7.0,12.0,0.0,0.0,0.0,0.0,0.0,0.0,0.0,0.0,0.0,0.0,0.0
112703812,23,1,self,16.0,5,1,3,0,0,0,0,0,0,0,0,0,0,0,0,0,0,0,0,20,8.0,12.0,2.0,2.0,8.0,12.0,0.0,0.0,0.0,0.0,0.0,0.0,0.0,0.0,0.0,0.0,0.0
112703812,24,0,opponent,19.0,0,1,3,0,0,0,0,0,0,0,0,0,0,0,0,0,0,0,0,19,7.0,12.0,2.0,2.0,7.0,12.0,0.0,0.0,0.0,0.0,0.0,0.0,0.0,0.0,0.0,0.0,0.0
112703812,24,1,self,16.0,0,1,3,0,0,0,0,0,0,0,0,0,0,0,0,0,0,0,0,20,8.0,12.0,2.0,2.0,8.0,12.0,0.0,0.0,0.0,0.0,0.0,0.0,0.0,0.0,0.0,0.0,0.0
112703812,47,0,opponent,108.0,3,1,6,0,0,0,0,0,0,0,1,0,0,0,0,0,0,0,0,19,7.0,12.0,2.0,2.0,7.0,12.0,0.0,0.0,0.0,0.0,0.0,0.0,0.0,0.0,0.0,0.0,0.0
112703812,47,1,self,105.0,3,1,6,0,0,0,0,0,0,0,1,0,0,0,0,0,0,0,0,20,8.0,12.0,2.0,2.0,8.0,12.0,0.0,0.0,0.0,0.0,0.0,0.0,0.0,0.0,0.0,0.0,0.0
112703812,71,0,opponent,221.0,4,1,6,0,0,0,0,0,0,0,0,0,0,0,0,0,0,0,0,23,7.0,12.0,2.0,3.0,11.0,12.0,0.0,0.0,0.0,0.0,0.0,0.0,0.0,0.0,0.0,0.0,0.0
112703812,71,1,self,218.0,4,1,6,0,0,0,0,0,0,0,0,0,0,0,0,0,0,0,0,25,8.0,12.0,2.0,3.0,13.0,12.0,0.0,0.0,0.0,0.0,0.0,0.0,0.0,0.0,0.0,0.0,0.0
112703812,72,0,opponent,221.0,0,1,6,0,0,0,0,0,0,0,0,0,0,0,0,0,0,0,0,23,7.0,12.0,2.0,3.0,11.0,12.0,0.0,0.0,0.0,0.0,0.0,0.0,0.0,0.0,0.0,0.0,0.0
112703812,72,1,self,218.0,0,1,6,0,0,0,0,0,0,0,0,0,0,0,0,0,0,0,0,25,8.0,12.0,2.0,3.0,13.0,12.0,0.0,0.0,0.0,0.0,0.0,0.0,0.0,0.0,0.0,0.0,0.0
112703812,95,0,opponent,274.0,5,1,11,0,0,0,0,0,0,0,1,1,0,0,0,0,0,0,0,19,7.0,12.0,2.0,3.0,7.0,12.0,0.0,0.0,0.0,0.0,0.0,0.0,0.0,0.0,0.0,0.0,0.0
112703812,95,1,self,271.0,5,1,14,0,0,0,0,0,0,0,1,1,0,0,0,0,0,0,0,19,7.0,12.0,2.0,3.0,7.0,12.0,0.0,0.0,0.0,0.0,0.0,0.0,0.0,0.0,0.0,0.0,0.0
112703812,119,0,opponent,679.0,4,1,16,0,0,0,0,0,0,0,1,0,0,0,0,0,0,0,0,19,7.0,12.0,2.0,4.0,7.0,12.0,0.0,0.0,0.0,0.0,0.0,0.0,0.0,0.0,0.0,0.0,0.0
112703812,119,1,self,676.0,4,1,19,0,0,0,0,0,0,0,1,0,0,0,0,0,0,0,0,19,7.0,12.0,2.0,4.0,7.0,12.0,0.0,0.0,0.0,0.0,0.0,0.0,0.0,0.0,0.0,0.0,0.0
112703812,143,0,opponent,794.0,4,1,16,0,0,0,0,0,0,0,2,0,0,0,0,0,0,0,0,15,3.0,12.0,2.0,4.0,3.0,12.0,0.0,0.0,4.0,0.0,0.0,0.0,0.0,0.0,0.0,0.0,0.0
112703812,143,1,self,791.0,4,1,19,0,0,0,0,0,0,0,2,0,0,0,0,0,0,0,0,15,3.0,12.0,2.0,4.0,3.0,12.0,0.0,0.0,4.0,0.0,0.0,0.0,0.0,0.0,0.0,0.0,0.0
112703812,144,0,opponent,794.0,0,1,16,0,0,0,0,0,0,0,2,0,0,0,0,0,0,0,0,27,3.0,12.0,2.0,4.0,3.0,12.0,12.0,0.0,4.0,0.0,0.0,0.0,0.0,0.0,0.0,0.0,0.0
112703812,144,1,self,791.0,0,1,19,0,0,0,0,0,0,0,2,0,0,0,0,0,0,0,0,27,3.0,12.0,2.0,4.0,3.0,12.0,12.0,0.0,4.0,0.0,0.0,0.0,0.0,0.0,0.0,0.0,0.0
112703812,167,0,opponent,645.0,7,2,13,0,0,0,0,0,2,0,2,0,0,0,0,0,0,0,0,30,6.0,12.0,2.0,6.0,7.0,23.0,0.0,0.0,12.0,0.0,0.0,0.0,0.0,0.0,0.0,0.0,0.0
112703812,167,1,self,745.0,7,2,16,0,0,0,0,0,2,0,1,0,0,0,0,0,0,0,0,30,6.0,12.0,2.0,6.0,7.0,23.0,0.0,0.0,12.0,0.0,0.0,0.0,0.0,0.0,0.0,0.0,0.0
112703812,191,0,opponent,441.0,7,2,8,0,0,0,0,0,0,0,2,0,0,0,0,0,0,0,0,45,9.0,12.0,2.0,8.0,9.0,36.0,0.0,0.0,16.0,0.0,0.0,0.0,0.0,0.0,0.0,0.0,0.0
112703812,191,1,self,545.0,7,2,11,0,0,0,0,0,0,0,1,0,0,0,1,0,0,0,0,44,8.0,12.0,2.0,8.0,8.0,36.0,0.0,0.0,16.0,0.0,0.0,0.0,0.0,0.0,0.0,0.0,0.0
112703812,192,0,opponent,526.0,0,2,8,0,0,0,0,0,0,0,1,0,0,0,0,0,0,0,0,57,9.0,12.0,2.0,8.0,9.0,36.0,0.0,12.0,16.0,0.0,0.0,0.0,0.0,0.0,0.0,0.0,0.0
112703812,192,1,self,545.0,0,2,11,0,0,0,0,0,0,0,1,0,0,0,0,0,0,0,0,57,9.0,12.0,2.0,8.0,9.0,36.0,0.0,12.0,16.0,0.0,0.0,0.0,0.0,0.0,0.0,0.0,0.0
112703812,215,0,opponent,1073.0,8,2,27,0,0,0,0,0,0,0,6,0,0,0,0,0,0,0,0,52,5.0,12.0,4.0,8.0,5.0,47.0,0.0,0.0,20.0,0.0,0.0,0.0,0.0,0.0,0.0,0.0,0.0
112703812,215,1,self,1415.0,8,2,28,0,0,0,0,0,0,0,3,0,0,0,0,0,0,0,0,52,5.0,12.0,4.0,8.0,5.0,47.0,0.0,0.0,20.0,0.0,0.0,0.0,0.0,0.0,0.0,0.0,0.0
112703812,239,0,opponent,2158.0,8,2,37,0,0,0,0,0,0,0,1,0,1,0,0,0,0,0,0,64,5.0,12.0,5.0,8.0,5.0,59.0,0.0,0.0,20.0,0.0,0.0,0.0,0.0,0.0,0.0,0.0,0.0
112703812,239,1,self,2431.0,8,2,36,0,0,0,0,0,0,0,1,0,1,0,0,0,0,0,0,64,5.0,12.0,5.0,8.0,5.0,59.0,0.0,0.0,20.0,0.0,0.0,0.0,0.0,0.0,0.0,0.0,0.0
112703812,240,0,opponent,2158.0,0,2,37,0,0,0,0,0,0,0,1,0,1,0,0,0,0,0,0,77,5.0,12.0,5.0,8.0,5.0,60.0,0.0,12.0,20.0,0.0,0.0,0.0,0.0,0.0,0.0,0.0,0.0
112703812,240,1,self,2431.0,0,2,36,0,0,0,0,0,0,0,1,0,1,0,0,0,0,0,0,77,5.0,12.0,5.0,8.0,5.0,60.0,0.0,12.0,20.0,0.0,0.0,0.0,0.0,0.0,0.0,0.0,0.0
112703812,263,0,opponent,14393.0,11,2,58,0,0,0,12,3,0,0,12,0,0,0,0,0,0,0,0,13,12.0,0.0,6.0,8.0,13.0,0.0,0.0,0.0,20.0,0.0,2.0,0.0,0.0,0.0,0.0,0.0,0.0
112703812,263,1,self,15631.0,11,2,42,0,0,0,12,0,0,0,11,0,0,0,0,0,0,0,0,13,12.0,0.0,8.0,8.0,13.0,0.0,0.0,0.0,20.0,0.0,0.0,0.0,0.0,0.0,0.0,0.0,0.0
112703812,287,0,opponent,13305.0,11,3,62,0,0,0,0,0,0,0,15,0,0,0,0,0,0,0,0,24,21.0,0.0,6.0,8.0,24.0,0.0,0.0,0.0,33.0,0.0,3.0,0.0,0.0,0.0,0.0,0.0,0.0
112703812,287,1,self,14552.0,10,3,37,0,0,0,0,0,0,0,15,0,0,0,0,0,0,0,0,24,21.0,0.0,9.0,8.0,24.0,0.0,0.0,0.0,33.0,0.0,0.0,0.0,0.0,0.0,0.0,0.0,0.0
112703812,288,0,opponent,13305.0,0,3,64,0,0,0,0,0,0,0,16,0,0,0,0,0,0,0,0,39,20.0,0.0,6.0,8.0,22.0,0.0,8.0,9.0,33.0,0.0,3.0,0.0,0.0,0.0,0.0,0.0,0.0
112703812,288,1,self,14552.0,0,3,39,0,0,0,0,0,0,0,16,0,0,0,0,0,0,0,0,39,20.0,0.0,9.0,8.0,22.0,0.0,8.0,9.0,33.0,0.0,0.0,0.0,0.0,0.0,0.0,0.0,0.0
112703812,311,0,opponent,16265.0,9,3,48,0,0,0,0,6,0,0,17,0,0,0,0,0,0,0,0,30,24.0,0.0,6.0,8.0,27.0,0.0,0.0,3.0,33.0,0.0,3.0,0.0,0.0,0.0,0.0,0.0,0.0
112703812,311,1,self,18838.0,9,3,14,0,0,0,0,0,0,0,17,0,0,0,0,0,0,0,0,30,24.0,0.0,9.0,8.0,27.0,0.0,0.0,3.0,33.0,0.0,0.0,0.0,0.0,0.0,0.0,0.0,0.0
112703812,335,0,opponent,19236.0,9,3,39,0,0,0,0,0,0,0,16,0,0,0,0,0,0,0,0,32,24.0,0.0,6.0,8.0,32.0,0.0,0.0,0.0,33.0,0.0,3.0,0.0,0.0,0.0,0.0,0.0,0.0
112703812,335,1,self,20464.0,9,3,16,0,0,0,0,0,0,0,14,0,0,0,0,0,0,0,0,32,24.0,0.0,9.0,8.0,32.0,0.0,0.0,0.0,33.0,0.0,0.0,0.0,0.0,0.0,0.0,0.0,0.0
112703812,359,0,opponent,24183.0,10,3,34,0,0,0,0,9,0,8,16,0,0,0,0,0,0,0,0,36,24.0,0.0,6.0,8.0,36.0,0.0,0.0,0.0,33.0,0.0,3.0,0.0,0.0,0.0,0.0,0.0,0.0
112703812,359,1,self,25011.0,9,3,21,0,0,0,0,6,0,0,20,0,0,0,0,0,0,0,0,38,24.0,0.0,9.0,8.0,38.0,0.0,0.0,0.0,33.0,0.0,0.0,0.0,0.0,0.0,0.0,0.0,0.0
112703812,360,0,opponent,24448.0,0,3,34,0,0,0,0,9,0,8,13,0,0,0,0,0,0,0,0,83,24.0,0.0,6.0,8.0,38.0,0.0,14.0,15.0,33.0,8.0,3.0,8.0,0.0,0.0,0.0,0.0,0.0
112703812,360,1,self,25380.0,0,3,21,0,0,0,0,6,0,0,15,0,0,0,0,0,0,0,0,77,24.0,0.0,9.0,8.0,40.0,0.0,14.0,15.0,33.0,8.0,0.0,0.0,0.0,0.0,0.0,0.0,0.0
112703812,383,0,opponent,29110.0,11,3,29,0,0,0,0,0,14,8,12,0,0,0,1,0,0,0,0,36,24.0,0.0,6.0,8.0,34.0,0.0,0.0,0.0,33.0,0.0,3.0,2.0,0.0,0.0,0.0,0.0,0.0
112703812,383,1,self,29323.0,10,3,23,0,0,0,0,0,14,0,11,0,0,0,1,0,0,0,0,38,24.0,0.0,9.0,8.0,38.0,0.0,0.0,0.0,33.0,0.0,0.0,0.0,0.0,0.0,0.0,0.0,0.0
112703812,407,0,opponent,37598.0,11,3,30,0,0,0,0,3,0,14,11,0,0,0,0,0,0,0,0,38,25.0,0.0,6.0,8.0,36.0,0.0,0.0,0.0,33.0,0.0,3.0,2.0,0.0,0.0,0.0,0.0,0.0
112703812,407,1,self,37967.0,11,3,30,0,0,0,0,3,11,0,11,0,0,0,1,0,0,0,0,36,25.0,0.0,9.0,8.0,36.0,0.0,0.0,0.0,33.0,0.0,0.0,0.0,0.0,0.0,0.0,0.0,0.0
112703812,431,0,opponent,41934.0,11,3,30,0,0,0,0,9,8,8,16,0,0,0,0,0,0,0,0,40,25.0,0.0,6.0,8.0,36.0,0.0,0.0,0.0,33.0,0.0,3.0,4.0,0.0,0.0,0.0,0.0,0.0
112703812,431,1,self,45135.0,11,3,33,0,0,0,0,9,8,0,15,0,0,0,1,0,0,0,0,36,25.0,0.0,9.0,8.0,36.0,0.0,0.0,0.0,33.0,0.0,0.0,0.0,0.0,0.0,0.0,0.0,0.0
112703812,432,0,opponent,41934.0,0,3,30,0,0,0,0,9,8,8,17,0,0,0,0,0,0,0,0,99,25.0,0.0,6.0,8.0,38.0,0.0,12.0,15.0,33.0,24.0,3.0,10.0,0.0,0.0,0.0,0.0,0.0
112703812,432,1,self,46271.0,0,3,33,0,0,0,0,9,2,0,16,0,0,0,1,0,0,0,0,89,25.0,0.0,9.0,8.0,38.0,0.0,12.0,15.0,33.0,24.0,0.0,0.0,0.0,0.0,0.0,0.0,0.0
112703812,455,0,opponent,48276.0,11,3,27,0,0,6,0,6,4,12,16,0,0,0,0,0,0,0,0,52,25.0,0.0,6.0,8.0,37.0,0.0,4.0,3.0,33.0,2.0,3.0,6.0,0.0,0.0,0.0,0.0,0.0
112703812,455,1,self,51366.0,11,3,33,0,0,6,0,6,5,0,14,0,0,0,1,0,0,0,0,47,25.0,0.0,9.0,8.0,38.0,0.0,4.0,3.0,33.0,2.0,0.0,0.0,0.0,0.0,0.0,0.0,0.0
112703812,479,0,opponent,53421.0,11,3,29,0,0,6,0,6,6,18,14,0,0,0,0,0,0,0,0,39,25.0,0.0,6.0,8.0,39.0,0.0,0.0,0.0,33.0,0.0,3.0,0.0,0.0,0.0,0.0,0.0,0.0
112703812,479,1,self,57038.0,10,3,35,0,0,6,0,4,12,0,14,0,0,0,1,0,0,0,0,40,25.0,0.0,9.0,8.0,40.0,0.0,0.0,0.0,33.0,0.0,0.0,0.0,0.0,0.0,0.0,0.0,0.0
112703812,480,0,opponent,53733.0,0,3,29,0,0,6,0,6,6,12,14,0,0,0,0,0,0,0,0,95,25.0,0.0,6.0,8.0,42.0,0.0,8.0,15.0,33.0,24.0,3.0,6.0,0.0,0.0,0.0,0.0,0.0
112703812,480,1,self,57038.0,0,3,35,0,0,6,0,4,12,0,14,0,0,0,1,0,0,0,0,89,25.0,0.0,9.0,8.0,43.0,0.0,12.0,10.0,33.0,24.0,0.0,0.0,0.0,0.0,0.0,0.0,0.0
112703812,503,0,opponent,59511.0,11,3,29,0,0,6,0,6,8,16,15,0,0,0,0,0,0,0,0,49,25.0,0.0,6.0,8.0,41.0,0.0,0.0,6.0,33.0,0.0,3.0,2.0,0.0,0.0,0.0,0.0,0.0
112703812,503,1,self,64222.0,11,3,39,0,0,4,0,4,8,0,13,0,0,0,1,0,0,0,0,49,25.0,0.0,9.0,8.0,43.0,0.0,4.0,2.0,33.0,0.0,0.0,0.0,0.0,0.0,0.0,0.0,0.0
112703812,527,0,opponent,65958.0,11,3,24,0,0,11,0,9,0,10,17,0,0,0,0,0,0,0,0,72,30.0,0.0,6.0,8.0,47.0,0.0,12.0,3.0,28.0,2.0,3.0,8.0,0.0,0.0,0.0,0.0,0.0
112703812,527,1,self,71670.0,11,3,37,0,0,12,0,6,0,0,17,0,0,0,1,0,0,0,0,64,30.0,0.0,9.0,8.0,48.0,0.0,12.0,2.0,28.0,2.0,0.0,0.0,0.0,0.0,0.0,0.0,0.0
112703812,551,0,opponent,69589.0,11,3,32,0,0,11,0,9,4,12,15,0,0,0,0,0,0,0,0,60,31.0,0.0,6.0,8.0,47.0,0.0,4.0,3.0,27.0,2.0,3.0,4.0,0.0,0.0,0.0,0.0,0.0
112703812,551,1,self,75544.0,11,3,34,0,0,10,0,6,8,0,14,0,0,0,1,0,0,0,0,61,31.0,0.0,9.0,8.0,48.0,0.0,8.0,3.0,27.0,2.0,0.0,0.0,0.0,0.0,0.0,0.0,0.0
112703812,575,0,opponent,72766.0,10,3,30,0,0,16,0,6,8,9,17,0,0,0,0,0,0,0,0,69,38.0,0.0,6.0,8.0,56.0,0.0,0.0,6.0,20.0,5.0,3.0,2.0,0.0,0.0,0.0,0.0,0.0
112703812,575,1,self,79919.0,12,3,34,0,0,17,0,5,12,0,17,0,0,0,1,0,0,0,0,77,38.0,0.0,9.0,8.0,67.0,0.0,0.0,5.0,20.0,5.0,0.0,0.0,0.0,0.0,0.0,0.0,0.0
112703812,576,0,opponent,73026.0,0,3,30,0,0,21,0,9,8,4,17,0,0,0,0,0,0,0,0,104,38.0,0.0,6.0,8.0,59.0,0.0,12.0,18.0,20.0,7.0,3.0,8.0,0.0,0.0,0.0,0.0,0.0
112703812,576,1,self,79919.0,0,3,34,0,0,22,0,7,12,0,17,0,0,0,1,0,0,0,0,104,38.0,0.0,9.0,8.0,73.0,0.0,12.0,13.0,20.0,6.0,0.0,0.0,0.0,0.0,0.0,0.0,0.0
112703812,599,0,opponent,77353.0,11,3,39,0,0,7,0,18,4,7,17,0,0,0,0,0,0,0,0,58,37.0,0.0,6.0,8.0,52.0,0.0,0.0,0.0,17.0,0.0,3.0,2.0,4.0,4.0,0.0,0.0,0.0
112703812,599,1,self,85174.0,11,3,53,0,0,6,0,13,4,0,17,0,0,0,1,0,0,0,0,69,37.0,0.0,9.0,8.0,65.0,0.0,0.0,0.0,17.0,0.0,0.0,0.0,4.0,4.0,0.0,0.0,0.0
112703812,623,0,opponent,79683.0,10,3,39,0,0,21,0,6,4,4,16,0,0,0,0,0,0,0,0,69,27.0,0.0,6.0,8.0,46.0,0.0,0.0,3.0,13.0,0.0,3.0,2.0,18.0,18.0,0.0,0.0,0.0
112703812,623,1,self,87626.0,11,3,53,0,0,21,0,4,12,0,16,0,0,0,1,0,0,0,0,80,27.0,0.0,9.0,8.0,60.0,0.0,0.0,2.0,13.0,0.0,0.0,0.0,18.0,18.0,0.0,0.0,0.0
112703812,647,0,opponent,81527.0,10,3,43,0,0,15,0,9,7,4,16,0,0,0,0,0,0,0,0,73,16.0,0.0,6.0,8.0,35.0,0.0,0.0,5.0,13.0,0.0,3.0,3.0,29.0,30.0,0.0,0.0,0.0
112703812,647,1,self,90445.0,11,3,58,0,0,0,0,8,10,0,16,0,0,0,1,6,0,0,0,79,16.0,0.0,9.0,8.0,44.0,0.0,0.0,4.0,13.0,0.0,0.0,0.0,29.0,31.0,0.0,0.0,0.0
112703812,648,0,opponent,81527.0,0,3,43,0,0,15,0,9,7,4,17,0,0,0,0,0,0,0,0,129,16.0,0.0,6.0,8.0,37.0,0.0,11.0,14.0,13.0,26.0,3.0,8.0,29.0,33.0,0.0,0.0,0.0
112703812,648,1,self,90445.0,0,3,58,0,0,0,0,8,10,0,17,0,0,0,1,6,0,0,0,132,16.0,0.0,9.0,8.0,48.0,0.0,11.0,12.0,13.0,26.0,0.0,0.0,29.0,35.0,0.0,0.0,0.0
112703812,671,0,opponent,85400.0,11,3,23,13,0,20,0,8,11,4,12,0,0,0,0,0,0,0,0,70,18.0,0.0,6.0,8.0,32.0,0.0,0.0,0.0,4.0,0.0,3.0,4.0,26.0,34.0,0.0,0.0,0.0
112703812,671,1,self,94123.0,11,3,41,15,0,20,0,5,11,0,6,0,0,0,5,0,0,0,0,79,10.0,0.0,9.0,8.0,31.0,0.0,0.0,2.0,4.0,0.0,0.0,0.0,34.0,46.0,0.0,0.0,0.0
112703812,695,0,opponent,89520.0,11,3,33,28,0,10,0,1,3,10,8,0,0,0,0,0,0,0,0,43,10.0,0.0,6.0,8.0,12.0,0.0,0.0,6.0,0.0,0.0,3.0,0.0,13.0,25.0,0.0,0.0,0.0
112703812,695,1,self,101130.0,12,3,48,34,0,0,0,0,0,0,8,0,0,0,5,0,0,0,0,49,2.0,0.0,9.0,8.0,4.0,0.0,0.0,6.0,0.0,0.0,0.0,0.0,21.0,39.0,0.0,0.0,0.0
112703812,696,0,opponent,89913.0,0,3,31,31,0,10,0,1,3,6,7,0,0,0,0,0,0,0,0,56,9.0,0.0,6.0,8.0,10.0,0.0,8.0,12.0,0.0,0.0,3.0,4.0,12.0,22.0,1.0,0.0,0.0
112703812,696,1,self,101449.0,0,3,42,37,0,0,0,0,0,0,6,0,0,0,5,0,0,0,0,63,1.0,0.0,9.0,8.0,3.0,0.0,12.0,12.0,0.0,0.0,0.0,0.0,20.0,36.0,0.0,0.0,0.0
112703812,719,0,opponent,97581.0,11,3,0,0,0,0,0,0,0,0,9,0,0,0,0,0,0,0,0,0,0.0,0.0,6.0,8.0,0.0,0.0,0.0,0.0,0.0,0.0,3.0,0.0,0.0,0.0,1.0,0.0,0.0
112703812,719,1,self,109986.0,11,3,0,0,0,0,0,0,0,0,0,0,0,0,5,0,0,0,0,0,0.0,0.0,9.0,8.0,0.0,0.0,0.0,0.0,0.0,0.0,0.0,0.0,0.0,0.0,0.0,0.0,0.0
112704959,0,0,self,3000.0,0,1,0,0,0,0,0,0,0,0,0,0,0,0,0,0,0,0,0,0,0.0,0.0,0.0,0.0,0.0,0.0,0.0,0.0,0.0,0.0,0.0,0.0,0.0,0.0,0.0,0.0,0.0
112704959,0,1,opponent,3000.0,0,1,0,0,0,0,0,0,0,0,0,0,0,0,0,0,0,0,0,0,0.0,0.0,0.0,0.0,0.0,0.0,0.0,0.0,0.0,0.0,0.0,0.0,0.0,0.0,0.0,0.0,0.0
112704959,23,0,self,14.0,5,1,3,0,0,0,0,0,0,0,0,0,0,0,0,0,0,0,0,20,8.0,12.0,2.0,2.0,8.0,12.0,0.0,0.0,0.0,0.0,0.0,0.0,0.0,0.0,0.0,0.0,0.0
112704959,23,1,opponent,19.0,5,1,3,0,0,0,0,0,0,0,0,0,0,0,0,0,0,0,0,19,7.0,12.0,2.0,2.0,7.0,12.0,0.0,0.0,0.0,0.0,0.0,0.0,0.0,0.0,0.0,0.0,0.0
112704959,24,0,self,14.0,0,1,3,0,0,0,0,0,0,0,0,0,0,0,0,0,0,0,0,20,8.0,12.0,2.0,2.0,8.0,12.0,0.0,0.0,0.0,0.0,0.0,0.0,0.0,0.0,0.0,0.0,0.0
112704959,24,1,opponent,19.0,0,1,3,0,0,0,0,0,0,0,0,0,0,0,0,0,0,0,0,19,7.0,12.0,2.0,2.0,7.0,12.0,0.0,0.0,0.0,0.0,0.0,0.0,0.0,0.0,0.0,0.0,0.0
112704959,47,0,self,103.0,3,1,6,0,0,0,0,0,0,0,1,0,0,0,0,0,0,0,0,20,8.0,12.0,2.0,2.0,8.0,12.0,0.0,0.0,0.0,0.0,0.0,0.0,0.0,0.0,0.0,0.0,0.0
112704959,47,1,opponent,108.0,3,1,6,0,0,0,0,0,0,0,1,0,0,0,0,0,0,0,0,19,7.0,12.0,2.0,2.0,7.0,12.0,0.0,0.0,0.0,0.0,0.0,0.0,0.0,0.0,0.0,0.0,0.0
112704959,71,0,self,216.0,4,1,6,0,0,0,0,0,0,0,0,0,0,0,0,0,0,0,0,25,8.0,12.0,2.0,3.0,13.0,12.0,0.0,0.0,0.0,0.0,0.0,0.0,0.0,0.0,0.0,0.0,0.0
112704959,71,1,opponent,221.0,4,1,6,0,0,0,0,0,0,0,0,0,0,0,0,0,0,0,0,23,7.0,12.0,2.0,3.0,11.0,12.0,0.0,0.0,0.0,0.0,0.0,0.0,0.0,0.0,0.0,0.0,0.0
112704959,72,0,self,216.0,0,1,6,0,0,0,0,0,0,0,0,0,0,0,0,0,0,0,0,25,8.0,12.0,2.0,3.0,13.0,12.0,0.0,0.0,0.0,0.0,0.0,0.0,0.0,0.0,0.0,0.0,0.0
112704959,72,1,opponent,221.0,0,1,6,0,0,0,0,0,0,0,0,0,0,0,0,0,0,0,0,23,7.0,12.0,2.0,3.0,11.0,12.0,0.0,0.0,0.0,0.0,0.0,0.0,0.0,0.0,0.0,0.0,0.0
112704959,95,0,self,269.0,5,1,14,0,0,0,0,0,0,0,1,1,0,0,0,0,0,0,0,19,7.0,12.0,2.0,3.0,7.0,12.0,0.0,0.0,0.0,0.0,0.0,0.0,0.0,0.0,0.0,0.0,0.0
112704959,95,1,opponent,274.0,5,1,11,0,0,0,0,0,0,0,1,1,0,0,0,0,0,0,0,19,7.0,12.0,2.0,3.0,7.0,12.0,0.0,0.0,0.0,0.0,0.0,0.0,0.0,0.0,0.0,0.0,0.0
112704959,119,0,self,674.0,4,1,19,0,0,0,0,0,0,0,1,0,0,0,0,0,0,0,0,19,7.0,12.0,2.0,4.0,7.0,12.0,0.0,0.0,0.0,0.0,0.0,0.0,0.0,0.0,0.0,0.0,0.0
112704959,119,1,opponent,679.0,4,1,16,0,0,0,0,0,0,0,1,0,0,0,0,0,0,0,0,19,7.0,12.0,2.0,4.0,7.0,12.0,0.0,0.0,0.0,0.0,0.0,0.0,0.0,0.0,0.0,0.0,0.0
112704959,143,0,self,789.0,4,1,19,0,0,0,0,0,0,0,2,0,0,0,0,0,0,0,0,15,3.0,12.0,2.0,4.0,3.0,12.0,0.0,0.0,4.0,0.0,0.0,0.0,0.0,0.0,0.0,0.0,0.0
112704959,143,1,opponent,794.0,4,1,16,0,0,0,0,0,0,0,2,0,0,0,0,0,0,0,0,15,3.0,12.0,2.0,4.0,3.0,12.0,0.0,0.0,4.0,0.0,0.0,0.0,0.0,0.0,0.0,0.0,0.0
112704959,144,0,self,789.0,0,1,19,0,0,0,0,0,0,0,2,0,0,0,0,0,0,0,0,27,3.0,12.0,2.0,4.0,3.0,12.0,12.0,0.0,4.0,0.0,0.0,0.0,0.0,0.0,0.0,0.0,0.0
112704959,144,1,opponent,794.0,0,1,16,0,0,0,0,0,0,0,2,0,0,0,0,0,0,0,0,27,3.0,12.0,2.0,4.0,3.0,12.0,12.0,0.0,4.0,0.0,0.0,0.0,0.0,0.0,0.0,0.0,0.0
112704959,167,0,self,739.0,7,2,16,0,0,0,0,0,2,0,1,0,0,0,0,0,0,0,0,30,6.0,12.0,2.0,6.0,7.0,23.0,0.0,0.0,12.0,0.0,0.0,0.0,0.0,0.0,0.0,0.0,0.0
112704959,167,1,opponent,1120.0,7,2,13,0,0,0,0,0,0,0,1,0,0,0,0,0,0,0,0,30,6.0,12.0,2.0,6.0,7.0,23.0,0.0,0.0,12.0,0.0,0.0,0.0,0.0,0.0,0.0,0.0,0.0
112704959,191,0,self,531.0,7,2,11,0,0,0,0,0,0,0,1,0,0,0,1,0,0,0,0,44,8.0,12.0,2.0,8.0,8.0,36.0,0.0,0.0,16.0,0.0,0.0,0.0,0.0,0.0,0.0,0.0,0.0
112704959,191,1,opponent,540.0,7,2,8,0,0,0,0,0,0,0,1,0,0,0,1,0,0,0,0,44,8.0,12.0,2.0,8.0,8.0,36.0,0.0,0.0,16.0,0.0,0.0,0.0,0.0,0.0,0.0,0.0,0.0
112704959,192,0,self,531.0,0,2,11,0,0,0,0,0,0,0,1,0,0,0,0,0,0,0,0,57,9.0,12.0,2.0,8.0,9.0,36.0,0.0,12.0,16.0,0.0,0.0,0.0,0.0,0.0,0.0,0.0,0.0
112704959,192,1,opponent,540.0,0,2,8,0,0,0,0,0,0,0,1,0,0,0,0,0,0,0,0,57,9.0,12.0,2.0,8.0,9.0,36.0,0.0,12.0,16.0,0.0,0.0,0.0,0.0,0.0,0.0,0.0,0.0
112704959,215,0,self,1629.0,8,2,28,0,0,0,0,0,0,0,3,0,0,0,0,0,0,0,0,52,5.0,12.0,4.0,8.0,5.0,47.0,0.0,0.0,20.0,0.0,0.0,0.0,0.0,0.0,0.0,0.0,0.0
112704959,215,1,opponent,1566.0,8,2,27,0,0,0,0,0,0,0,3,0,0,0,0,0,0,0,0,52,5.0,12.0,4.0,8.0,5.0,47.0,0.0,0.0,20.0,0.0,0.0,0.0,0.0,0.0,0.0,0.0,0.0
112704959,239,0,self,2627.0,8,2,36,0,0,0,0,0,0,0,1,0,1,0,0,0,0,0,0,64,5.0,12.0,4.0,9.0,5.0,59.0,0.0,0.0,20.0,0.0,0.0,0.0,0.0,0.0,0.0,0.0,0.0
112704959,239,1,opponent,2456.0,8,2,37,0,0,0,0,0,0,0,1,0,1,0,0,0,0,0,0,64,5.0,12.0,4.0,9.0,5.0,59.0,0.0,0.0,20.0,0.0,0.0,0.0,0.0,0.0,0.0,0.0,0.0
112704959,240,0,self,2627.0,0,2,36,0,0,0,0,0,0,0,1,0,1,0,0,0,0,0,0,77,5.0,12.0,4.0,9.0,5.0,60.0,0.0,12.0,20.0,0.0,0.0,0.0,0.0,0.0,0.0,0.0,0.0
112704959,240,1,opponent,2456.0,0,2,37,0,0,0,0,0,0,0,1,0,1,0,0,0,0,0,0,77,5.0,12.0,4.0,9.0,5.0,60.0,0.0,12.0,20.0,0.0,0.0,0.0,0.0,0.0,0.0,0.0,0.0
112704959,263,0,self,16469.0,11,2,42,0,0,0,12,0,0,0,11,0,0,0,0,0,0,0,0,13,12.0,0.0,5.0,9.0,13.0,0.0,0.0,0.0,20.0,0.0,2.0,0.0,0.0,0.0,0.0,0.0,0.0
112704959,263,1,opponent,16218.0,11,2,45,0,0,0,12,0,0,0,11,0,0,0,0,0,0,0,0,13,12.0,0.0,5.0,9.0,13.0,0.0,0.0,0.0,20.0,0.0,2.0,0.0,0.0,0.0,0.0,0.0,0.0
112704959,287,0,self,15937.0,10,3,37,0,0,0,0,0,0,0,15,0,0,0,0,0,0,0,0,24,21.0,0.0,5.0,9.0,24.0,0.0,0.0,0.0,33.0,0.0,3.0,0.0,0.0,0.0,0.0,0.0,0.0
112704959,287,1,opponent,15300.0,10,3,49,0,0,0,0,0,0,0,15,0,0,0,0,0,0,0,0,24,21.0,0.0,5.0,9.0,24.0,0.0,0.0,0.0,33.0,0.0,3.0,0.0,0.0,0.0,0.0,0.0,0.0
112704959,288,0,self,15937.0,0,3,39,0,0,0,0,0,0,0,16,0,0,0,0,0,0,0,0,39,20.0,0.0,5.0,9.0,22.0,0.0,8.0,9.0,33.0,0.0,3.0,0.0,0.0,0.0,0.0,0.0,0.0
112704959,288,1,opponent,15300.0,0,3,51,0,0,0,0,0,0,0,16,0,0,0,0,0,0,0,0,39,20.0,0.0,5.0,9.0,22.0,0.0,8.0,9.0,33.0,0.0,3.0,0.0,0.0,0.0,0.0,0.0,0.0
112704959,311,0,self,19884.0,9,3,14,0,0,0,0,0,0,0,17,0,0,0,0,0,0,0,0,30,24.0,0.0,5.0,9.0,27.0,0.0,0.0,3.0,33.0,0.0,3.0,0.0,0.0,0.0,0.0,0.0,0.0
112704959,311,1,opponent,18851.0,9,3,35,0,0,0,0,0,0,0,17,0,0,0,0,0,0,0,0,30,24.0,0.0,5.0,9.0,27.0,0.0,0.0,3.0,33.0,0.0,3.0,0.0,0.0,0.0,0.0,0.0,0.0
112704959,335,0,self,21907.0,9,3,16,0,0,0,0,0,0,0,14,0,0,0,0,0,0,0,0,32,24.0,0.0,5.0,9.0,32.0,0.0,0.0,0.0,33.0,0.0,3.0,0.0,0.0,0.0,0.0,0.0,0.0
112704959,335,1,opponent,21747.0,9,3,16,0,0,0,0,0,0,0,14,0,0,0,0,0,0,0,0,32,24.0,0.0,5.0,9.0,32.0,0.0,0.0,0.0,33.0,0.0,3.0,0.0,0.0,0.0,0.0,0.0,0.0
112704959,359,0,self,25417.0,9,3,24,0,0,0,0,6,3,8,20,0,0,0,0,0,0,0,0,38,24.0,0.0,5.0,9.0,38.0,0.0,0.0,0.0,33.0,0.0,3.0,0.0,0.0,0.0,0.0,0.0,0.0
112704959,359,1,opponent,24714.0,9,3,24,0,0,0,0,9,3,8,20,0,0,0,0,0,0,0,0,38,24.0,0.0,5.0,9.0,38.0,0.0,0.0,0.0,33.0,0.0,3.0,0.0,0.0,0.0,0.0,0.0,0.0
112704959,360,0,self,25798.0,0,3,24,0,0,0,0,6,0,8,15,0,0,0,0,0,0,0,0,76,24.0,0.0,5.0,9.0,40.0,0.0,5.0,15.0,33.0,8.0,3.0,8.0,0.0,0.0,0.0,0.0,0.0
112704959,360,1,opponent,25095.0,0,3,24,0,0,0,0,9,0,8,15,0,0,0,0,0,0,0,0,76,24.0,0.0,5.0,9.0,40.0,0.0,5.0,15.0,33.0,8.0,3.0,8.0,0.0,0.0,0.0,0.0,0.0
112704959,383,0,self,31837.0,10,3,23,0,0,0,0,0,5,6,11,0,0,0,1,0,0,0,0,40,24.0,0.0,5.0,9.0,38.0,0.0,0.0,0.0,33.0,0.0,3.0,2.0,0.0,0.0,0.0,0.0,0.0
112704959,383,1,opponent,31502.0,10,3,23,0,0,0,0,0,5,8,11,0,0,0,1,0,0,0,0,40,24.0,0.0,5.0,9.0,38.0,0.0,0.0,0.0,33.0,0.0,3.0,2.0,0.0,0.0,0.0,0.0,0.0
112704959,407,0,self,37733.0,11,3,31,0,0,0,0,3,0,5,11,0,0,0,1,0,0,0,0,38,25.0,0.0,5.0,9.0,36.0,0.0,0.0,0.0,33.0,0.0,3.0,2.0,0.0,0.0,0.0,0.0,0.0
112704959,407,1,opponent,37275.0,11,3,31,0,0,0,0,3,0,7,11,0,0,0,1,0,0,0,0,38,25.0,0.0,5.0,9.0,36.0,0.0,0.0,0.0,33.0,0.0,3.0,2.0,0.0,0.0,0.0,0.0,0.0
112704959,431,0,self,41819.0,11,3,31,0,0,0,0,9,6,6,15,0,0,0,1,0,0,0,0,44,25.0,0.0,5.0,9.0,36.0,0.0,0.0,6.0,33.0,0.0,3.0,2.0,0.0,0.0,0.0,0.0,0.0
112704959,431,1,opponent,41308.0,11,3,31,0,0,0,0,9,6,9,15,0,0,0,1,0,0,0,0,44,25.0,0.0,5.0,9.0,36.0,0.0,0.0,6.0,33.0,0.0,3.0,2.0,0.0,0.0,0.0,0.0,0.0
112704959,432,0,self,41874.0,0,3,31,0,0,0,0,9,6,5,16,0,0,0,1,0,0,0,0,97,25.0,0.0,5.0,9.0,38.0,0.0,6.0,21.0,33.0,24.0,3.0,8.0,0.0,0.0,0.0,0.0,0.0
112704959,432,1,opponent,41308.0,0,3,31,0,0,0,0,9,6,9,16,0,0,0,1,0,0,0,0,97,25.0,0.0,5.0,9.0,38.0,0.0,6.0,21.0,33.0,24.0,3.0,8.0,0.0,0.0,0.0,0.0,0.0
112704959,455,0,self,47759.0,11,3,26,0,0,6,0,12,0,4,14,0,0,0,1,0,0,0,0,51,25.0,0.0,5.0,9.0,38.0,0.0,4.0,3.0,33.0,2.0,3.0,4.0,0.0,0.0,0.0,0.0,0.0
112704959,455,1,opponent,47232.0,11,3,28,0,0,6,0,12,0,9,15,0,0,0,1,0,0,0,0,51,25.0,0.0,5.0,9.0,38.0,0.0,4.0,3.0,33.0,2.0,3.0,4.0,0.0,0.0,0.0,0.0,0.0
112704959,479,0,self,52420.0,11,3,29,0,0,6,0,6,4,10,13,0,0,0,1,0,0,0,0,45,25.0,0.0,5.0,9.0,42.0,0.0,0.0,3.0,33.0,0.0,3.0,0.0,0.0,0.0,0.0,0.0,0.0
112704959,479,1,opponent,51884.0,11,3,34,0,0,6,0,6,4,9,15,0,0,0,1,0,0,0,0,48,25.0,0.0,5.0,9.0,41.0,0.0,0.0,3.0,33.0,0.0,3.0,4.0,0.0,0.0,0.0,0.0,0.0
112704959,480,0,self,52420.0,0,3,29,0,0,6,0,6,4,10,14,0,0,0,1,0,0,0,0,102,25.0,0.0,5.0,9.0,46.0,0.0,8.0,18.0,33.0,24.0,3.0,6.0,0.0,0.0,0.0,0.0,0.0
112704959,480,1,opponent,51884.0,0,3,34,0,0,6,0,6,4,9,16,0,0,0,1,0,0,0,0,103,25.0,0.0,5.0,9.0,45.0,0.0,8.0,18.0,33.0,24.0,3.0,8.0,0.0,0.0,0.0,0.0,0.0
112704959,503,0,self,57802.0,11,3,33,0,0,4,0,6,4,7,13,0,0,0,1,0,0,0,0,61,25.0,0.0,5.0,9.0,49.0,0.0,4.0,6.0,33.0,0.0,3.0,2.0,0.0,0.0,0.0,0.0,0.0
112704959,503,1,opponent,56557.0,11,3,38,0,0,6,0,9,4,15,14,0,0,0,1,0,0,0,0,60,25.0,0.0,5.0,9.0,48.0,0.0,4.0,6.0,33.0,0.0,3.0,2.0,0.0,0.0,0.0,0.0,0.0
112704959,527,0,self,62981.0,11,3,40,0,0,12,0,6,0,4,16,0,0,0,1,0,0,0,0,74,30.0,0.0,5.0,9.0,52.0,0.0,8.0,8.0,28.0,2.0,3.0,4.0,0.0,0.0,0.0,0.0,0.0
112704959,527,1,opponent,61583.0,11,3,49,0,0,12,0,6,0,7,17,0,0,0,1,0,0,0,0,78,30.0,0.0,5.0,9.0,52.0,0.0,8.0,8.0,28.0,2.0,3.0,8.0,0.0,0.0,0.0,0.0,0.0
112704959,551,0,self,65925.0,11,3,39,0,0,10,0,8,4,4,13,0,0,0,1,0,0,0,0,64,31.0,0.0,5.0,9.0,48.0,0.0,0.0,8.0,27.0,2.0,3.0,6.0,0.0,0.0,0.0,0.0,0.0
112704959,551,1,opponent,63833.0,11,3,68,0,0,11,0,8,4,4,13,0,0,0,1,0,0,0,0,66,31.0,0.0,5.0,9.0,48.0,0.0,0.0,8.0,27.0,2.0,3.0,8.0,0.0,0.0,0.0,0.0,0.0
112704959,575,0,self,67909.0,12,3,35,0,0,17,0,4,8,4,17,0,0,0,1,0,0,0,0,81,38.0,0.0,5.0,9.0,67.0,0.0,0.0,7.0,20.0,5.0,3.0,2.0,0.0,0.0,0.0,0.0,0.0
112704959,575,1,opponent,66203.0,12,3,52,0,0,17,0,4,8,7,17,0,0,0,1,0,0,0,0,81,38.0,0.0,5.0,9.0,67.0,0.0,0.0,7.0,20.0,5.0,3.0,2.0,0.0,0.0,0.0,0.0,0.0
112704959,576,0,self,67909.0,0,3,35,0,0,22,0,6,8,4,17,0,0,0,1,0,0,0,0,110,38.0,0.0,5.0,9.0,73.0,0.0,8.0,15.0,20.0,6.0,3.0,8.0,0.0,0.0,0.0,0.0,0.0
112704959,576,1,opponent,66479.0,0,3,43,0,0,22,0,6,8,6,15,0,0,0,1,0,0,0,0,111,38.0,0.0,5.0,9.0,73.0,0.0,8.0,15.0,20.0,7.0,3.0,8.0,0.0,0.0,0.0,0.0,0.0
112704959,599,0,self,72137.0,11,3,55,0,0,6,0,15,0,6,16,0,0,0,1,0,0,0,0,71,37.0,0.0,5.0,9.0,65.0,0.0,0.0,0.0,17.0,0.0,3.0,2.0,4.0,4.0,0.0,0.0,0.0
112704959,599,1,opponent,70349.0,11,3,72,0,0,7,0,15,0,2,16,0,0,0,1,0,0,0,0,75,37.0,0.0,5.0,9.0,65.0,0.0,0.0,0.0,17.0,0.0,3.0,6.0,4.0,4.0,0.0,0.0,0.0
112704959,623,0,self,74339.0,11,3,56,0,0,21,0,4,4,4,15,0,0,0,1,0,0,0,0,83,27.0,0.0,5.0,9.0,60.0,0.0,0.0,4.0,13.0,0.0,3.0,1.0,18.0,18.0,0.0,0.0,0.0
112704959,623,1,opponent,71900.0,11,3,79,0,0,21,0,4,4,6,14,0,0,0,1,0,0,0,0,83,27.0,0.0,5.0,9.0,60.0,0.0,0.0,4.0,13.0,0.0,3.0,1.0,18.0,18.0,0.0,0.0,0.0
112704959,647,0,self,77064.0,11,3,58,0,0,0,0,6,7,2,16,0,0,0,1,0,0,0,0,84,16.0,0.0,5.0,9.0,44.0,0.0,0.0,6.0,13.0,0.0,3.0,3.0,29.0,31.0,0.0,0.0,0.0
112704959,647,1,opponent,74368.0,11,3,79,0,0,18,0,6,7,2,16,0,0,0,1,0,0,0,0,84,16.0,0.0,5.0,9.0,44.0,0.0,0.0,6.0,13.0,0.0,3.0,3.0,29.0,31.0,0.0,0.0,0.0
112704959,648,0,self,77064.0,0,3,58,0,0,0,0,6,7,2,17,0,0,0,1,0,0,0,0,138,16.0,0.0,5.0,9.0,48.0,0.0,7.0,14.0,13.0,26.0,3.0,8.0,29.0,35.0,0.0,0.0,0.0
112704959,648,1,opponent,75254.0,0,3,58,0,0,5,0,6,7,2,17,0,0,0,1,0,0,0,0,137,16.0,0.0,5.0,9.0,48.0,0.0,7.0,14.0,13.0,25.0,3.0,8.0,29.0,35.0,0.0,0.0,0.0
112704959,671,0,self,80302.0,11,3,41,15,0,20,0,8,7,0,6,0,0,0,1,0,0,0,0,87,18.0,0.0,5.0,9.0,39.0,0.0,0.0,2.0,4.0,0.0,3.0,8.0,26.0,38.0,0.0,0.0,0.0
112704959,671,1,opponent,78033.0,11,3,56,15,0,19,0,8,7,0,9,0,0,0,1,0,0,0,0,87,18.0,0.0,5.0,9.0,39.0,0.0,0.0,2.0,4.0,0.0,3.0,8.0,26.0,38.0,0.0,0.0,0.0
112704959,695,0,self,85161.0,11,3,48,34,0,0,0,0,0,8,8,0,0,0,1,0,0,0,0,48,10.0,0.0,5.0,9.0,12.0,0.0,0.0,6.0,0.0,0.0,3.0,0.0,13.0,30.0,0.0,0.0,0.0
112704959,695,1,opponent,82462.0,11,3,48,34,0,16,0,6,3,8,8,0,0,0,1,0,0,0,0,45,10.0,0.0,5.0,9.0,12.0,0.0,0.0,6.0,0.0,0.0,3.0,0.0,13.0,27.0,0.0,0.0,0.0
112704959,696,0,self,85529.0,0,3,42,37,0,0,0,0,0,8,6,0,0,0,1,0,0,0,0,63,9.0,0.0,5.0,9.0,11.0,0.0,8.0,13.0,0.0,0.0,3.0,4.0,12.0,27.0,0.0,0.0,0.0
112704959,696,1,opponent,83576.0,0,3,42,37,0,0,0,0,0,8,6,0,0,0,1,0,0,0,0,60,9.0,0.0,5.0,9.0,11.0,0.0,8.0,13.0,0.0,0.0,3.0,4.0,12.0,24.0,0.0,0.0,0.0
112704959,719,0,self,93185.0,11,3,0,0,0,0,0,0,0,0,0,0,0,0,1,0,0,0,0,1,0.0,0.0,5.0,9.0,0.0,0.0,0.0,1.0,0.0,0.0,3.0,0.0,0.0,0.0,0.0,0.0,0.0
112704959,719,1,opponent,91134.0,11,3,0,0,0,0,0,0,0,0,0,0,0,0,1,0,0,0,0,1,0.0,0.0,5.0,9.0,0.0,0.0,0.0,1.0,0.0,0.0,3.0,0.0,0.0,0.0,0.0,0.0,0.0
112706103,0,0,opponent,3000.0,0,1,0,0,0,0,0,0,0,0,0,0,0,0,0,0,0,0,0,0,0.0,0.0,0.0,0.0,0.0,0.0,0.0,0.0,0.0,0.0,0.0,0.0,0.0,0.0,0.0,0.0,0.0
112706103,0,1,self,3000.0,0,1,0,0,0,0,0,0,0,0,0,0,0,0,0,0,0,0,0,0,0.0,0.0,0.0,0.0,0.0,0.0,0.0,0.0,0.0,0.0,0.0,0.0,0.0,0.0,0.0,0.0,0.0
112706103,23,0,opponent,20.0,5,1,3,0,0,0,0,0,0,0,0,0,0,0,0,0,0,0,0,19,7.0,12.0,2.0,2.0,7.0,12.0,0.0,0.0,0.0,0.0,0.0,0.0,0.0,0.0,0.0,0.0,0.0
112706103,23,1,self,13.0,5,1,3,0,0,0,0,0,0,0,0,0,0,0,0,0,0,0,0,20,8.0,12.0,2.0,2.0,8.0,12.0,0.0,0.0,0.0,0.0,0.0,0.0,0.0,0.0,0.0,0.0,0.0
112706103,24,0,opponent,20.0,0,1,3,0,0,0,0,0,0,0,0,0,0,0,0,0,0,0,0,19,7.0,12.0,2.0,2.0,7.0,12.0,0.0,0.0,0.0,0.0,0.0,0.0,0.0,0.0,0.0,0.0,0.0
112706103,24,1,self,13.0,0,1,3,0,0,0,0,0,0,0,0,0,0,0,0,0,0,0,0,20,8.0,12.0,2.0,2.0,8.0,12.0,0.0,0.0,0.0,0.0,0.0,0.0,0.0,0.0,0.0,0.0,0.0
112706103,47,0,opponent,80.0,3,1,7,0,0,0,0,0,0,0,1,0,0,0,0,0,0,0,0,19,7.0,12.0,2.0,2.0,7.0,12.0,0.0,0.0,0.0,0.0,0.0,0.0,0.0,0.0,0.0,0.0,0.0
112706103,47,1,self,102.0,3,1,6,0,0,0,0,0,0,0,1,0,0,0,0,0,0,0,0,20,8.0,12.0,2.0,2.0,8.0,12.0,0.0,0.0,0.0,0.0,0.0,0.0,0.0,0.0,0.0,0.0,0.0
112706103,71,0,opponent,193.0,4,1,7,0,0,0,0,0,0,0,0,0,0,0,0,0,0,0,0,23,7.0,12.0,2.0,3.0,11.0,12.0,0.0,0.0,0.0,0.0,0.0,0.0,0.0,0.0,0.0,0.0,0.0
112706103,71,1,self,215.0,4,1,6,0,0,0,0,0,0,0,0,0,0,0,0,0,0,0,0,25,8.0,12.0,2.0,3.0,13.0,12.0,0.0,0.0,0.0,0.0,0.0,0.0,0.0,0.0,0.0,0.0,0.0
112706103,72,0,opponent,193.0,0,1,7,0,0,0,0,0,0,0,0,0,0,0,0,0,0,0,0,23,7.0,12.0,2.0,3.0,11.0,12.0,0.0,0.0,0.0,0.0,0.0,0.0,0.0,0.0,0.0,0.0,0.0
112706103,72,1,self,215.0,0,1,6,0,0,0,0,0,0,0,0,0,0,0,0,0,0,0,0,25,8.0,12.0,2.0,3.0,13.0,12.0,0.0,0.0,0.0,0.0,0.0,0.0,0.0,0.0,0.0,0.0,0.0
112706103,95,0,opponent,276.0,5,1,11,0,0,0,0,0,0,0,1,1,0,0,0,0,0,0,0,19,7.0,12.0,2.0,3.0,7.0,12.0,0.0,0.0,0.0,0.0,0.0,0.0,0.0,0.0,0.0,0.0,0.0
112706103,95,1,self,268.0,5,1,14,0,0,0,0,0,0,0,1,1,0,0,0,0,0,0,0,19,7.0,12.0,2.0,3.0,7.0,12.0,0.0,0.0,0.0,0.0,0.0,0.0,0.0,0.0,0.0,0.0,0.0
112706103,119,0,opponent,681.0,4,1,16,0,0,0,0,0,0,0,1,0,0,0,0,0,0,0,0,19,7.0,12.0,2.0,4.0,7.0,12.0,0.0,0.0,0.0,0.0,0.0,0.0,0.0,0.0,0.0,0.0,0.0
112706103,119,1,self,673.0,4,1,19,0,0,0,0,0,0,0,1,0,0,0,0,0,0,0,0,19,7.0,12.0,2.0,4.0,7.0,12.0,0.0,0.0,0.0,0.0,0.0,0.0,0.0,0.0,0.0,0.0,0.0
112706103,143,0,opponent,796.0,4,1,16,0,0,0,0,0,0,0,2,0,0,0,0,0,0,0,0,15,3.0,12.0,2.0,4.0,3.0,12.0,0.0,0.0,4.0,0.0,0.0,0.0,0.0,0.0,0.0,0.0,0.0
112706103,143,1,self,788.0,4,1,19,0,0,0,0,0,0,0,2,0,0,0,0,0,0,0,0,15,3.0,12.0,2.0,4.0,3.0,12.0,0.0,0.0,4.0,0.0,0.0,0.0,0.0,0.0,0.0,0.0,0.0
112706103,144,0,opponent,796.0,0,1,16,0,0,0,0,0,0,0,2,0,0,0,0,0,0,0,0,27,3.0,12.0,2.0,4.0,3.0,12.0,12.0,0.0,4.0,0.0,0.0,0.0,0.0,0.0,0.0,0.0,0.0
112706103,144,1,self,788.0,0,1,19,0,0,0,0,0,0,0,2,0,0,0,0,0,0,0,0,27,3.0,12.0,2.0,4.0,3.0,12.0,12.0,0.0,4.0,0.0,0.0,0.0,0.0,0.0,0.0,0.0,0.0
112706103,167,0,opponent,1122.0,7,2,13,0,0,0,0,0,0,0,1,0,0,0,0,0,0,0,0,30,6.0,12.0,2.0,6.0,7.0,23.0,0.0,0.0,12.0,0.0,0.0,0.0,0.0,0.0,0.0,0.0,0.0
112706103,167,1,self,738.0,7,2,16,0,0,0,0,0,2,0,1,0,0,0,0,0,0,0,0,30,6.0,12.0,2.0,6.0,7.0,23.0,0.0,0.0,12.0,0.0,0.0,0.0,0.0,0.0,0.0,0.0,0.0
112706103,191,0,opponent,542.0,7,2,8,0,0,0,0,0,0,0,1,0,0,0,1,0,0,0,0,44,8.0,12.0,2.0,8.0,8.0,36.0,0.0,0.0,16.0,0.0,0.0,0.0,0.0,0.0,0.0,0.0,0.0
112706103,191,1,self,530.0,7,2,11,0,0,0,0,0,0,0,1,0,0,0,1,0,0,0,0,44,8.0,12.0,2.0,8.0,8.0,36.0,0.0,0.0,16.0,0.0,0.0,0.0,0.0,0.0,0.0,0.0,0.0
112706103,192,0,opponent,542.0,0,2,8,0,0,0,0,0,0,0,1,0,0,0,0,0,0,0,0,57,9.0,12.0,2.0,8.0,9.0,36.0,0.0,12.0,16.0,0.0,0.0,0.0,0.0,0.0,0.0,0.0,0.0
112706103,192,1,self,530.0,0,2,11,0,0,0,0,0,0,0,1,0,0,0,0,0,0,0,0,57,9.0,12.0,2.0,8.0,9.0,36.0,0.0,12.0,16.0,0.0,0.0,0.0,0.0,0.0,0.0,0.0,0.0
112706103,215,0,opponent,1568.0,8,2,27,0,0,0,0,0,0,0,3,0,0,0,0,0,0,0,0,52,5.0,12.0,4.0,8.0,5.0,47.0,0.0,0.0,20.0,0.0,0.0,0.0,0.0,0.0,0.0,0.0,0.0
112706103,215,1,self,1628.0,8,2,28,0,0,0,0,0,0,0,3,0,0,0,0,0,0,0,0,52,5.0,12.0,4.0,8.0,5.0,47.0,0.0,0.0,20.0,0.0,0.0,0.0,0.0,0.0,0.0,0.0,0.0
112706103,239,0,opponent,2358.0,8,2,37,0,0,0,0,0,0,0,1,0,1,0,0,0,0,0,0,64,5.0,12.0,5.0,8.0,5.0,59.0,0.0,0.0,20.0,0.0,0.0,0.0,0.0,0.0,0.0,0.0,0.0
112706103,239,1,self,2526.0,8,2,36,0,0,0,0,0,0,0,1,0,1,0,0,0,0,0,0,64,5.0,12.0,5.0,8.0,5.0,59.0,0.0,0.0,20.0,0.0,0.0,0.0,0.0,0.0,0.0,0.0,0.0
112706103,240,0,opponent,2358.0,0,2,37,0,0,0,0,0,0,0,1,0,1,0,0,0,0,0,0,77,5.0,12.0,5.0,8.0,5.0,60.0,0.0,12.0,20.0,0.0,0.0,0.0,0.0,0.0,0.0,0.0,0.0
112706103,240,1,self,2526.0,0,2,36,0,0,0,0,0,0,0,1,0,1,0,0,0,0,0,0,77,5.0,12.0,5.0,8.0,5.0,60.0,0.0,12.0,20.0,0.0,0.0,0.0,0.0,0.0,0.0,0.0,0.0
112706103,263,0,opponent,16013.0,11,2,45,0,0,0,12,0,0,0,11,0,0,0,0,0,0,0,0,13,12.0,0.0,6.0,8.0,13.0,0.0,0.0,0.0,20.0,0.0,2.0,0.0,0.0,0.0,0.0,0.0,0.0
112706103,263,1,self,16259.0,11,2,42,0,0,0,12,0,0,0,11,0,0,0,0,0,0,0,0,13,12.0,0.0,6.0,8.0,13.0,0.0,0.0,0.0,20.0,0.0,2.0,0.0,0.0,0.0,0.0,0.0,0.0
112706103,287,0,opponent,14998.0,10,3,49,0,0,0,0,0,0,0,15,0,0,0,0,0,0,0,0,24,21.0,0.0,6.0,8.0,24.0,0.0,0.0,0.0,33.0,0.0,3.0,0.0,0.0,0.0,0.0,0.0,0.0
112706103,287,1,self,15630.0,10,3,37,0,0,0,0,0,0,0,15,0,0,0,0,0,0,0,0,24,21.0,0.0,6.0,8.0,24.0,0.0,0.0,0.0,33.0,0.0,3.0,0.0,0.0,0.0,0.0,0.0,0.0
112706103,288,0,opponent,14998.0,0,3,51,0,0,0,0,0,0,0,16,0,0,0,0,0,0,0,0,39,20.0,0.0,6.0,8.0,22.0,0.0,8.0,9.0,33.0,0.0,3.0,0.0,0.0,0.0,0.0,0.0,0.0
112706103,288,1,self,15630.0,0,3,39,0,0,0,0,0,0,0,16,0,0,0,0,0,0,0,0,39,20.0,0.0,6.0,8.0,22.0,0.0,8.0,9.0,33.0,0.0,3.0,0.0,0.0,0.0,0.0,0.0,0.0
112706103,311,0,opponent,18393.0,9,3,35,0,0,0,0,0,0,0,17,0,0,0,0,0,0,0,0,30,24.0,0.0,6.0,8.0,27.0,0.0,0.0,3.0,33.0,0.0,3.0,0.0,0.0,0.0,0.0,0.0,0.0
112706103,311,1,self,19401.0,9,3,14,0,0,0,0,0,0,0,17,0,0,0,0,0,0,0,0,30,24.0,0.0,6.0,8.0,27.0,0.0,0.0,3.0,33.0,0.0,3.0,0.0,0.0,0.0,0.0,0.0,0.0
112706103,335,0,opponent,21032.0,9,3,16,0,0,0,0,0,0,0,14,0,0,0,0,0,0,0,0,32,24.0,0.0,6.0,8.0,32.0,0.0,0.0,0.0,33.0,0.0,3.0,0.0,0.0,0.0,0.0,0.0,0.0
112706103,335,1,self,21167.0,9,3,16,0,0,0,0,0,0,0,14,0,0,0,0,0,0,0,0,32,24.0,0.0,6.0,8.0,32.0,0.0,0.0,0.0,33.0,0.0,3.0,0.0,0.0,0.0,0.0,0.0,0.0
112706103,359,0,opponent,23577.0,9,3,24,0,0,0,0,6,0,8,20,0,0,0,0,0,0,0,0,38,24.0,0.0,6.0,8.0,38.0,0.0,0.0,0.0,33.0,0.0,3.0,0.0,0.0,0.0,0.0,0.0,0.0
112706103,359,1,self,23709.0,9,3,24,0,0,0,0,6,3,8,20,0,0,0,0,0,0,0,0,38,24.0,0.0,6.0,8.0,38.0,0.0,0.0,0.0,33.0,0.0,3.0,0.0,0.0,0.0,0.0,0.0,0.0
112706103,360,0,opponent,23955.0,0,3,24,0,0,0,0,6,0,8,15,0,0,0,0,0,0,0,0,82,24.0,0.0,6.0,8.0,40.0,0.0,11.0,15.0,33.0,8.0,3.0,8.0,0.0,0.0,0.0,0.0,0.0
112706103,360,1,self,24090.0,0,3,24,0,0,0,0,6,0,8,15,0,0,0,0,0,0,0,0,82,24.0,0.0,6.0,8.0,40.0,0.0,11.0,15.0,33.0,8.0,3.0,8.0,0.0,0.0,0.0,0.0,0.0
112706103,383,0,opponent,28196.0,10,3,25,0,0,0,0,0,11,8,11,0,0,0,1,0,0,0,0,40,24.0,0.0,6.0,8.0,38.0,0.0,0.0,0.0,33.0,0.0,3.0,2.0,0.0,0.0,0.0,0.0,0.0
112706103,383,1,self,28435.0,10,3,25,0,0,0,0,0,11,6,11,0,0,0,1,0,0,0,0,40,24.0,0.0,6.0,8.0,38.0,0.0,0.0,0.0,33.0,0.0,3.0,2.0,0.0,0.0,0.0,0.0,0.0
112706103,407,0,opponent,32608.0,11,3,36,0,0,0,0,3,0,7,11,0,0,0,1,0,0,0,0,38,25.0,0.0,6.0,8.0,36.0,0.0,0.0,0.0,33.0,0.0,3.0,2.0,0.0,0.0,0.0,0.0,0.0
112706103,407,1,self,32822.0,11,3,36,0,0,0,0,3,0,5,11,0,0,0,1,0,0,0,0,38,25.0,0.0,6.0,8.0,36.0,0.0,0.0,0.0,33.0,0.0,3.0,2.0,0.0,0.0,0.0,0.0,0.0
112706103,431,0,opponent,36407.0,11,3,41,0,0,0,0,9,2,9,15,0,0,0,1,0,0,0,0,38,25.0,0.0,6.0,8.0,36.0,0.0,0.0,0.0,33.0,0.0,3.0,2.0,0.0,0.0,0.0,0.0,0.0
112706103,431,1,self,36675.0,11,3,41,0,0,0,0,9,2,6,15,0,0,0,1,0,0,0,0,38,25.0,0.0,6.0,8.0,36.0,0.0,0.0,0.0,33.0,0.0,3.0,2.0,0.0,0.0,0.0,0.0,0.0
112706103,432,0,opponent,36407.0,0,3,41,0,0,0,0,9,2,9,16,0,0,0,1,0,0,0,0,89,25.0,0.0,6.0,8.0,38.0,0.0,4.0,15.0,33.0,24.0,3.0,8.0,0.0,0.0,0.0,0.0,0.0
112706103,432,1,self,36729.0,0,3,41,0,0,0,0,9,2,5,16,0,0,0,1,0,0,0,0,89,25.0,0.0,6.0,8.0,38.0,0.0,4.0,15.0,33.0,24.0,3.0,8.0,0.0,0.0,0.0,0.0,0.0
112706103,455,0,opponent,35517.0,13,4,47,0,0,6,0,6,1,9,15,0,0,0,1,0,0,0,0,48,25.0,0.0,6.0,8.0,38.0,0.0,1.0,3.0,33.0,2.0,3.0,4.0,0.0,0.0,0.0,10.0,0.0
112706103,455,1,self,35966.0,13,4,45,0,0,6,0,6,1,4,14,0,0,0,1,0,0,0,0,48,25.0,0.0,6.0,8.0,38.0,0.0,1.0,3.0,33.0,2.0,3.0,4.0,0.0,0.0,0.0,10.0,0.0
112706103,479,0,opponent,39076.0,11,4,54,0,0,6,0,4,1,9,15,0,0,0,1,0,0,0,0,43,25.0,0.0,6.0,8.0,39.0,0.0,0.0,0.0,33.0,0.0,3.0,4.0,0.0,0.0,0.0,10.0,0.0
112706103,479,1,self,39359.0,11,4,49,0,0,6,0,4,1,10,13,0,0,0,1,0,0,0,0,42,25.0,0.0,6.0,8.0,42.0,0.0,0.0,0.0,33.0,0.0,3.0,0.0,0.0,0.0,0.0,10.0,0.0
112706103,480,0,opponent,39076.0,0,4,54,0,0,6,0,4,1,9,16,0,0,0,1,0,0,0,0,88,25.0,0.0,6.0,8.0,42.0,0.0,4.0,10.0,33.0,24.0,3.0,8.0,0.0,0.0,0.0,10.0,0.0
112706103,480,1,self,39359.0,0,4,49,0,0,6,0,4,1,10,14,0,0,0,1,0,0,0,0,90,25.0,0.0,6.0,8.0,46.0,0.0,4.0,10.0,33.0,24.0,3.0,6.0,0.0,0.0,1.0,10.0,0.0
112706103,503,0,opponent,42403.0,12,4,63,0,0,6,0,4,2,15,14,0,0,0,1,0,0,0,0,47,25.0,0.0,6.0,8.0,41.0,0.0,2.0,2.0,33.0,0.0,3.0,2.0,0.0,0.0,0.0,10.0,0.0
112706103,503,1,self,43484.0,12,4,55,0,0,4,0,4,2,7,13,0,0,0,1,0,0,0,0,55,25.0,0.0,6.0,8.0,49.0,0.0,2.0,2.0,33.0,0.0,3.0,2.0,0.0,0.0,1.0,10.0,0.0
112706103,527,0,opponent,45571.0,12,4,69,0,0,12,0,6,0,1,17,0,0,0,1,0,0,0,0,64,30.0,0.0,6.0,8.0,47.0,0.0,5.0,2.0,28.0,2.0,3.0,8.0,0.0,0.0,0.0,10.0,0.0
112706103,527,1,self,46623.0,11,4,58,0,0,12,0,6,0,0,17,0,0,0,1,0,0,0,0,69,30.0,0.0,6.0,8.0,52.0,0.0,5.0,2.0,28.0,2.0,3.0,8.0,0.0,0.0,1.0,10.0,0.0
112706103,551,0,opponent,45965.0,12,4,78,0,0,11,0,6,2,4,13,0,0,0,1,0,0,0,0,61,31.0,0.0,6.0,8.0,47.0,0.0,2.0,2.0,27.0,2.0,3.0,8.0,0.0,0.0,0.0,10.0,0.0
112706103,551,1,self,48199.0,12,4,50,0,0,10,0,6,2,4,13,0,0,0,1,0,0,0,0,61,31.0,0.0,6.0,8.0,47.0,0.0,2.0,2.0,27.0,2.0,3.0,8.0,0.0,0.0,1.0,10.0,0.0
112706103,575,0,opponent,47966.0,12,4,56,0,0,17,0,4,2,6,17,0,0,0,1,0,0,0,0,76,38.0,0.0,6.0,8.0,65.0,0.0,0.0,4.0,20.0,5.0,3.0,2.0,0.0,0.0,0.0,10.0,0.0
112706103,575,1,self,49944.0,11,4,41,0,0,17,0,4,2,4,17,0,0,0,1,0,0,0,0,76,38.0,0.0,6.0,8.0,65.0,0.0,0.0,4.0,20.0,5.0,3.0,2.0,0.0,0.0,1.0,10.0,0.0
112706103,576,0,opponent,48101.0,0,4,49,0,0,22,0,6,2,6,15,0,0,0,1,0,0,0,0,105,38.0,0.0,6.0,8.0,70.0,0.0,8.0,12.0,20.0,7.0,3.0,8.0,0.0,0.0,0.0,10.0,0.0
112706103,576,1,self,49944.0,0,4,41,0,0,22,0,6,2,4,17,0,0,0,1,0,0,0,0,104,38.0,0.0,6.0,8.0,70.0,0.0,8.0,12.0,20.0,6.0,3.0,8.0,0.0,0.0,1.0,10.0,0.0
112706103,599,0,opponent,48290.0,13,4,77,0,0,7,0,12,3,2,17,0,0,0,1,0,0,0,0,73,37.0,0.0,6.0,8.0,63.0,0.0,0.0,0.0,17.0,0.0,3.0,6.0,4.0,4.0,0.0,10.0,0.0
112706103,599,1,self,50671.0,13,4,58,0,0,6,0,12,3,2,16,0,0,0,1,0,0,0,0,73,37.0,0.0,6.0,8.0,63.0,0.0,0.0,0.0,17.0,0.0,3.0,6.0,4.0,4.0,1.0,10.0,0.0
112706103,623,0,opponent,50034.0,13,4,72,0,0,20,0,4,3,6,16,0,0,0,1,0,0,0,0,79,27.0,0.0,6.0,8.0,58.0,0.0,0.0,2.0,13.0,0.0,3.0,1.0,18.0,18.0,0.0,10.0,0.0
112706103,623,1,self,52544.0,13,4,51,0,0,21,0,4,3,6,16,0,0,0,1,0,0,0,0,80,27.0,0.0,6.0,8.0,59.0,0.0,0.0,2.0,13.0,0.0,3.0,1.0,18.0,18.0,1.0,10.0,0.0
112706103,647,0,opponent,53995.0,14,4,77,0,8,12,0,6,4,2,16,0,0,0,1,0,0,0,0,81,16.0,0.0,6.0,8.0,43.0,0.0,0.0,4.0,13.0,0.0,3.0,3.0,29.0,31.0,0.0,10.0,0.0
112706103,647,1,self,56896.0,14,4,61,0,8,0,0,6,4,2,16,0,0,0,1,0,0,0,0,82,16.0,0.0,6.0,8.0,44.0,0.0,0.0,4.0,13.0,0.0,3.0,3.0,29.0,31.0,1.0,10.0,0.0
112706103,648,0,opponent,54776.0,0,4,61,0,8,0,0,6,4,2,17,0,0,0,1,0,0,0,0,147,16.0,0.0,6.0,8.0,46.0,0.0,3.0,10.0,13.0,25.0,3.0,8.0,29.0,35.0,0.0,10.0,20.0
112706103,648,1,self,56896.0,0,4,61,0,8,0,0,6,4,2,17,0,0,0,1,0,0,0,0,150,16.0,0.0,6.0,8.0,48.0,0.0,3.0,10.0,13.0,26.0,3.0,8.0,29.0,35.0,1.0,10.0,20.0
112706103,671,0,opponent,58565.0,13,4,53,15,14,19,0,4,3,0,9,0,0,0,1,0,0,0,0,86,18.0,0.0,6.0,8.0,38.0,0.0,0.0,2.0,4.0,0.0,3.0,8.0,26.0,38.0,0.0,10.0,0.0
112706103,671,1,self,61438.0,13,4,40,15,14,20,0,4,3,0,5,0,0,0,1,0,0,0,0,86,18.0,0.0,6.0,8.0,38.0,0.0,0.0,2.0,4.0,0.0,3.0,8.0,26.0,38.0,1.0,10.0,0.0
112706103,695,0,opponent,66773.0,13,4,47,33,0,16,0,6,3,8,8,0,0,0,1,0,0,0,0,43,10.0,0.0,6.0,8.0,12.0,0.0,0.0,6.0,0.0,0.0,3.0,0.0,13.0,25.0,0.0,10.0,0.0
112706103,695,1,self,70289.0,13,4,47,33,0,0,0,0,3,8,8,0,0,0,1,0,0,0,0,47,10.0,0.0,6.0,8.0,12.0,0.0,0.0,6.0,0.0,0.0,3.0,0.0,13.0,29.0,1.0,10.0,0.0
112706103,696,0,opponent,67547.0,0,4,44,36,0,0,0,0,3,8,6,0,0,0,1,0,0,0,0,73,9.0,0.0,6.0,8.0,10.0,0.0,2.0,15.0,0.0,0.0,3.0,4.0,12.0,22.0,1.0,10.0,20.0
112706103,696,1,self,70575.0,0,4,44,36,0,0,0,0,3,8,6,0,0,0,1,0,0,0,0,77,9.0,0.0,6.0,8.0,10.0,0.0,2.0,15.0,0.0,0.0,3.0,4.0,12.0,26.0,1.0,10.0,20.0
112706103,719,0,opponent,76300.0,13,4,0,0,0,0,0,0,0,0,0,0,0,0,1,0,0,0,0,0,0.0,0.0,6.0,8.0,0.0,0.0,0.0,0.0,0.0,0.0,3.0,0.0,0.0,0.0,1.0,10.0,0.0
112706103,719,1,self,79464.0,13,4,0,0,0,0,0,0,0,0,0,0,0,0,1,0,0,0,0,0,0.0,0.0,6.0,8.0,0.0,0.0,0.0,0.0,0.0,0.0,3.0,0.0,0.0,0.0,1.0,10.0,0.0
112707248,0,0,self,3000.0,0,1,0,0,0,0,0,0,0,0,0,0,0,0,0,0,0,0,0,0,0.0,0.0,0.0,0.0,0.0,0.0,0.0,0.0,0.0,0.0,0.0,0.0,0.0,0.0,0.0,0.0,0.0
112707248,0,1,opponent,3000.0,0,1,0,0,0,0,0,0,0,0,0,0,0,0,0,0,0,0,0,0,0.0,0.0,0.0,0.0,0.0,0.0,0.0,0.0,0.0,0.0,0.0,0.0,0.0,0.0,0.0,0.0,0.0
112707248,23,0,self,12.0,5,1,3,0,0,0,0,0,0,0,0,0,0,0,0,0,0,0,0,20,8.0,12.0,2.0,2.0,8.0,12.0,0.0,0.0,0.0,0.0,0.0,0.0,0.0,0.0,0.0,0.0,0.0
112707248,23,1,opponent,22.0,5,1,3,0,0,0,0,0,0,0,0,0,0,0,0,0,0,0,0,19,7.0,12.0,2.0,2.0,7.0,12.0,0.0,0.0,0.0,0.0,0.0,0.0,0.0,0.0,0.0,0.0,0.0
112707248,24,0,self,12.0,0,1,3,0,0,0,0,0,0,0,0,0,0,0,0,0,0,0,0,20,8.0,12.0,2.0,2.0,8.0,12.0,0.0,0.0,0.0,0.0,0.0,0.0,0.0,0.0,0.0,0.0,0.0
112707248,24,1,opponent,22.0,0,1,3,0,0,0,0,0,0,0,0,0,0,0,0,0,0,0,0,19,7.0,12.0,2.0,2.0,7.0,12.0,0.0,0.0,0.0,0.0,0.0,0.0,0.0,0.0,0.0,0.0,0.0
112707248,47,0,self,101.0,3,1,6,0,0,0,0,0,0,0,1,0,0,0,0,0,0,0,0,20,8.0,12.0,2.0,2.0,8.0,12.0,0.0,0.0,0.0,0.0,0.0,0.0,0.0,0.0,0.0,0.0,0.0
112707248,47,1,opponent,82.0,3,1,7,0,0,0,0,0,0,0,1,0,0,0,0,0,0,0,0,19,7.0,12.0,2.0,2.0,7.0,12.0,0.0,0.0,0.0,0.0,0.0,0.0,0.0,0.0,0.0,0.0,0.0
112707248,71,0,self,214.0,4,1,6,0,0,0,0,0,0,0,0,0,0,0,0,0,0,0,0,25,8.0,12.0,2.0,3.0,13.0,12.0,0.0,0.0,0.0,0.0,0.0,0.0,0.0,0.0,0.0,0.0,0.0
112707248,71,1,opponent,195.0,4,1,7,0,0,0,0,0,0,0,0,0,0,0,0,0,0,0,0,23,7.0,12.0,2.0,3.0,11.0,12.0,0.0,0.0,0.0,0.0,0.0,0.0,0.0,0.0,0.0,0.0,0.0
112707248,72,0,self,214.0,0,1,6,0,0,0,0,0,0,0,0,0,0,0,0,0,0,0,0,25,8.0,12.0,2.0,3.0,13.0,12.0,0.0,0.0,0.0,0.0,0.0,0.0,0.0,0.0,0.0,0.0,0.0
112707248,72,1,opponent,195.0,0,1,7,0,0,0,0,0,0,0,0,0,0,0,0,0,0,0,0,23,7.0,12.0,2.0,3.0,11.0,12.0,0.0,0.0,0.0,0.0,0.0,0.0,0.0,0.0,0.0,0.0,0.0
112707248,95,0,self,267.0,5,1,14,0,0,0,0,0,0,0,1,1,0,0,0,0,0,0,0,19,7.0,12.0,2.0,3.0,7.0,12.0,0.0,0.0,0.0,0.0,0.0,0.0,0.0,0.0,0.0,0.0,0.0
112707248,95,1,opponent,278.0,5,1,11,0,0,0,0,0,0,0,1,1,0,0,0,0,0,0,0,19,7.0,12.0,2.0,3.0,7.0,12.0,0.0,0.0,0.0,0.0,0.0,0.0,0.0,0.0,0.0,0.0,0.0
112707248,119,0,self,672.0,4,1,19,0,0,0,0,0,0,0,1,0,0,0,0,0,0,0,0,19,7.0,12.0,2.0,4.0,7.0,12.0,0.0,0.0,0.0,0.0,0.0,0.0,0.0,0.0,0.0,0.0,0.0
112707248,119,1,opponent,683.0,4,1,16,0,0,0,0,0,0,0,1,0,0,0,0,0,0,0,0,19,7.0,12.0,2.0,4.0,7.0,12.0,0.0,0.0,0.0,0.0,0.0,0.0,0.0,0.0,0.0,0.0,0.0
112707248,143,0,self,787.0,4,1,19,0,0,0,0,0,0,0,2,0,0,0,0,0,0,0,0,15,3.0,12.0,2.0,4.0,3.0,12.0,0.0,0.0,4.0,0.0,0.0,0.0,0.0,0.0,0.0,0.0,0.0
112707248,143,1,opponent,798.0,4,1,16,0,0,0,0,0,0,0,2,0,0,0,0,0,0,0,0,15,3.0,12.0,2.0,4.0,3.0,12.0,0.0,0.0,4.0,0.0,0.0,0.0,0.0,0.0,0.0,0.0,0.0
112707248,144,0,self,787.0,0,1,19,0,0,0,0,0,0,0,2,0,0,0,0,0,0,0,0,27,3.0,12.0,2.0,4.0,3.0,12.0,12.0,0.0,4.0,0.0,0.0,0.0,0.0,0.0,0.0,0.0,0.0
112707248,144,1,opponent,798.0,0,1,16,0,0,0,0,0,0,0,2,0,0,0,0,0,0,0,0,27,3.0,12.0,2.0,4.0,3.0,12.0,12.0,0.0,4.0,0.0,0.0,0.0,0.0,0.0,0.0,0.0,0.0
112707248,167,0,self,736.0,7,2,16,0,0,0,0,0,2,0,1,0,0,0,0,0,0,0,0,30,6.0,12.0,2.0,6.0,7.0,23.0,0.0,0.0,12.0,0.0,0.0,0.0,0.0,0.0,0.0,0.0,0.0
112707248,167,1,opponent,1126.0,7,2,13,0,0,0,0,0,0,0,1,0,0,0,0,0,0,0,0,30,6.0,12.0,2.0,6.0,7.0,23.0,0.0,0.0,12.0,0.0,0.0,0.0,0.0,0.0,0.0,0.0,0.0
112707248,191,0,self,528.0,7,2,11,0,0,0,0,0,0,0,1,0,0,0,1,0,0,0,0,44,8.0,12.0,2.0,8.0,8.0,36.0,0.0,0.0,16.0,0.0,0.0,0.0,0.0,0.0,0.0,0.0,0.0
112707248,191,1,opponent,546.0,7,2,8,0,0,0,0,0,0,0,1,0,0,0,1,0,0,0,0,44,8.0,12.0,2.0,8.0,8.0,36.0,0.0,0.0,16.0,0.0,0.0,0.0,0.0,0.0,0.0,0.0,0.0
112707248,192,0,self,528.0,0,2,11,0,0,0,0,0,0,0,1,0,0,0,0,0,0,0,0,57,9.0,12.0,2.0,8.0,9.0,36.0,0.0,12.0,16.0,0.0,0.0,0.0,0.0,0.0,0.0,0.0,0.0
112707248,192,1,opponent,546.0,0,2,8,0,0,0,0,0,0,0,1,0,0,0,0,0,0,0,0,57,9.0,12.0,2.0,8.0,9.0,36.0,0.0,12.0,16.0,0.0,0.0,0.0,0.0,0.0,0.0,0.0,0.0
112707248,215,0,self,1626.0,8,2,28,0,0,0,0,0,0,0,3,0,0,0,0,0,0,0,0,52,5.0,12.0,4.0,8.0,5.0,47.0,0.0,0.0,20.0,0.0,0.0,0.0,0.0,0.0,0.0,0.0,0.0
112707248,215,1,opponent,1572.0,8,2,27,0,0,0,0,0,0,0,3,0,0,0,0,0,0,0,0,52,5.0,12.0,4.0,8.0,5.0,47.0,0.0,0.0,20.0,0.0,0.0,0.0,0.0,0.0,0.0,0.0,0.0
112707248,239,0,self,2624.0,8,2,36,0,0,0,0,0,0,0,1,0,1,0,0,0,0,0,0,64,5.0,12.0,4.0,9.0,5.0,59.0,0.0,0.0,20.0,0.0,0.0,0.0,0.0,0.0,0.0,0.0,0.0
112707248,239,1,opponent,2462.0,8,2,37,0,0,0,0,0,0,0,1,0,1,0,0,0,0,0,0,64,5.0,12.0,4.0,9.0,5.0,59.0,0.0,0.0,20.0,0.0,0.0,0.0,0.0,0.0,0.0,0.0,0.0
112707248,240,0,self,2624.0,0,2,36,0,0,0,0,0,0,0,1,0,1,0,0,0,0,0,0,77,5.0,12.0,4.0,9.0,5.0,60.0,0.0,12.0,20.0,0.0,0.0,0.0,0.0,0.0,0.0,0.0,0.0
112707248,240,1,opponent,2462.0,0,2,37,0,0,0,0,0,0,0,1,0,1,0,0,0,0,0,0,77,5.0,12.0,4.0,9.0,5.0,60.0,0.0,12.0,20.0,0.0,0.0,0.0,0.0,0.0,0.0,0.0,0.0
112707248,263,0,self,16473.0,11,2,42,0,0,0,12,0,0,0,11,0,0,0,0,0,0,0,0,13,12.0,0.0,5.0,9.0,13.0,0.0,0.0,0.0,20.0,0.0,2.0,0.0,0.0,0.0,0.0,0.0,0.0
112707248,263,1,opponent,16231.0,11,2,45,0,0,0,12,0,0,0,11,0,0,0,0,0,0,0,0,13,12.0,0.0,5.0,9.0,13.0,0.0,0.0,0.0,20.0,0.0,2.0,0.0,0.0,0.0,0.0,0.0,0.0
112707248,287,0,self,15934.0,10,3,37,0,0,0,0,0,0,0,15,0,0,0,0,0,0,0,0,24,21.0,0.0,5.0,9.0,24.0,0.0,0.0,0.0,33.0,0.0,3.0,0.0,0.0,0.0,0.0,0.0,0.0
112707248,287,1,opponent,15323.0,10,3,49,0,0,0,0,0,0,0,15,0,0,0,0,0,0,0,0,24,21.0,0.0,5.0,9.0,24.0,0.0,0.0,0.0,33.0,0.0,3.0,0.0,0.0,0.0,0.0,0.0,0.0
112707248,288,0,self,15934.0,0,3,39,0,0,0,0,0,0,0,16,0,0,0,0,0,0,0,0,39,20.0,0.0,5.0,9.0,22.0,0.0,8.0,9.0,33.0,0.0,3.0,0.0,0.0,0.0,0.0,0.0,0.0
112707248,288,1,opponent,15323.0,0,3,51,0,0,0,0,0,0,0,16,0,0,0,0,0,0,0,0,39,20.0,0.0,5.0,9.0,22.0,0.0,8.0,9.0,33.0,0.0,3.0,0.0,0.0,0.0,0.0,0.0,0.0
112707248,311,0,self,19993.0,9,3,14,0,0,0,0,0,0,0,17,0,0,0,0,0,0,0,0,30,24.0,0.0,5.0,9.0,27.0,0.0,0.0,3.0,33.0,0.0,3.0,0.0,0.0,0.0,0.0,0.0,0.0
112707248,311,1,opponent,18984.0,9,3,35,0,0,0,0,0,0,0,17,0,0,0,0,0,0,0,0,30,24.0,0.0,5.0,9.0,27.0,0.0,0.0,3.0,33.0,0.0,3.0,0.0,0.0,0.0,0.0,0.0,0.0
112707248,335,0,self,22020.0,9,3,16,0,0,0,0,0,0,0,14,0,0,0,0,0,0,0,0,32,24.0,0.0,5.0,9.0,32.0,0.0,0.0,0.0,33.0,0.0,3.0,0.0,0.0,0.0,0.0,0.0,0.0
112707248,335,1,opponent,21855.0,9,3,16,0,0,0,0,0,0,0,14,0,0,0,0,0,0,0,0,32,24.0,0.0,5.0,9.0,32.0,0.0,0.0,0.0,33.0,0.0,3.0,0.0,0.0,0.0,0.0,0.0,0.0
112707248,359,0,self,26556.0,9,3,21,0,0,0,0,6,3,8,20,0,0,0,0,0,0,0,0,38,24.0,0.0,5.0,9.0,38.0,0.0,0.0,0.0,33.0,0.0,3.0,0.0,0.0,0.0,0.0,0.0,0.0
112707248,359,1,opponent,26331.0,9,3,21,0,0,0,0,9,0,8,20,0,0,0,0,0,0,0,0,38,24.0,0.0,5.0,9.0,38.0,0.0,0.0,0.0,33.0,0.0,3.0,0.0,0.0,0.0,0.0,0.0,0.0
112707248,360,0,self,27402.0,0,3,21,0,0,0,0,6,0,8,15,0,0,0,0,0,0,0,0,79,24.0,0.0,5.0,9.0,40.0,0.0,8.0,15.0,33.0,8.0,3.0,8.0,0.0,0.0,0.0,0.0,0.0
112707248,360,1,opponent,26713.0,0,3,21,0,0,0,0,9,0,8,15,0,0,0,0,0,0,0,0,79,24.0,0.0,5.0,9.0,40.0,0.0,8.0,15.0,33.0,8.0,3.0,8.0,0.0,0.0,0.0,0.0,0.0
112707248,383,0,self,33225.0,10,3,23,0,0,0,0,0,8,6,11,0,0,0,1,0,0,0,0,40,24.0,0.0,5.0,9.0,38.0,0.0,0.0,0.0,33.0,0.0,3.0,2.0,0.0,0.0,0.0,0.0,0.0
112707248,383,1,opponent,32905.0,10,3,23,0,0,0,0,0,8,8,11,0,0,0,1,0,0,0,0,40,24.0,0.0,5.0,9.0,38.0,0.0,0.0,0.0,33.0,0.0,3.0,2.0,0.0,0.0,0.0,0.0,0.0
112707248,407,0,self,40638.0,11,3,30,0,0,0,0,3,0,5,11,0,0,0,1,0,0,0,0,38,25.0,0.0,5.0,9.0,36.0,0.0,0.0,0.0,33.0,0.0,3.0,2.0,0.0,0.0,0.0,0.0,0.0
112707248,407,1,opponent,40152.0,11,3,30,0,0,0,0,3,0,7,11,0,0,0,1,0,0,0,0,38,25.0,0.0,5.0,9.0,36.0,0.0,0.0,0.0,33.0,0.0,3.0,2.0,0.0,0.0,0.0,0.0,0.0
112707248,431,0,self,44254.0,11,3,30,0,0,0,0,9,8,6,15,0,0,0,1,0,0,0,0,44,25.0,0.0,5.0,9.0,36.0,0.0,0.0,6.0,33.0,0.0,3.0,2.0,0.0,0.0,0.0,0.0,0.0
112707248,431,1,opponent,43713.0,11,3,30,0,0,0,0,9,8,9,15,0,0,0,1,0,0,0,0,44,25.0,0.0,5.0,9.0,36.0,0.0,0.0,6.0,33.0,0.0,3.0,2.0,0.0,0.0,0.0,0.0,0.0
112707248,432,0,self,44307.0,0,3,30,0,0,0,0,9,8,5,16,0,0,0,1,0,0,0,0,99,25.0,0.0,5.0,9.0,38.0,0.0,8.0,21.0,33.0,24.0,3.0,8.0,0.0,0.0,0.0,0.0,0.0
112707248,432,1,opponent,43713.0,0,3,30,0,0,0,0,9,8,9,16,0,0,0,1,0,0,0,0,99,25.0,0.0,5.0,9.0,38.0,0.0,8.0,21.0,33.0,24.0,3.0,8.0,0.0,0.0,0.0,0.0,0.0
112707248,455,0,self,51408.0,11,3,25,0,0,6,0,12,0,4,14,0,0,0,1,0,0,0,0,51,25.0,0.0,5.0,9.0,38.0,0.0,4.0,3.0,33.0,2.0,3.0,4.0,0.0,0.0,0.0,0.0,0.0
112707248,455,1,opponent,50802.0,11,3,27,0,0,6,0,12,0,9,15,0,0,0,1,0,0,0,0,51,25.0,0.0,5.0,9.0,38.0,0.0,4.0,3.0,33.0,2.0,3.0,4.0,0.0,0.0,0.0,0.0,0.0
112707248,479,0,self,56077.0,10,3,24,0,0,6,0,6,4,10,13,0,0,0,1,0,0,0,0,43,25.0,0.0,5.0,9.0,40.0,0.0,0.0,3.0,33.0,0.0,3.0,0.0,0.0,0.0,0.0,0.0,0.0
112707248,479,1,opponent,55343.0,10,3,29,0,0,6,0,6,4,9,15,0,0,0,1,0,0,0,0,46,25.0,0.0,5.0,9.0,39.0,0.0,0.0,3.0,33.0,0.0,3.0,4.0,0.0,0.0,0.0,0.0,0.0
112707248,480,0,self,56077.0,0,3,24,0,0,6,0,6,4,10,13,0,0,0,1,0,0,0,0,99,25.0,0.0,5.0,9.0,43.0,0.0,8.0,18.0,33.0,24.0,3.0,6.0,0.0,0.0,0.0,0.0,0.0
112707248,480,1,opponent,55343.0,0,3,29,0,0,6,0,6,4,9,16,0,0,0,1,0,0,0,0,100,25.0,0.0,5.0,9.0,42.0,0.0,8.0,18.0,33.0,24.0,3.0,8.0,0.0,0.0,0.0,0.0,0.0
112707248,503,0,self,59456.0,11,3,24,0,0,4,0,6,4,4,13,0,0,0,1,0,0,0,0,55,25.0,0.0,5.0,9.0,43.0,0.0,4.0,6.0,33.0,0.0,3.0,2.0,0.0,0.0,0.0,0.0,0.0
112707248,503,1,opponent,57811.0,11,3,29,0,0,6,0,9,4,15,14,0,0,0,1,0,0,0,0,53,25.0,0.0,5.0,9.0,41.0,0.0,4.0,6.0,33.0,0.0,3.0,2.0,0.0,0.0,0.0,0.0,0.0
112707248,527,0,self,62102.0,12,3,30,0,0,12,0,9,0,6,15,0,0,0,1,0,0,0,0,70,30.0,0.0,5.0,9.0,49.0,0.0,8.0,9.0,28.0,2.0,3.0,2.0,0.0,0.0,0.0,0.0,0.0
112707248,527,1,opponent,61319.0,12,3,30,0,0,12,0,9,0,5,16,0,0,0,1,0,0,0,0,73,30.0,0.0,5.0,9.0,48.0,0.0,8.0,9.0,28.0,2.0,3.0,6.0,0.0,0.0,0.0,0.0,0.0
112707248,551,0,self,65924.0,11,3,31,0,0,9,0,9,4,4,13,0,0,0,1,0,0,0,0,68,31.0,0.0,5.0,9.0,53.0,0.0,0.0,9.0,27.0,2.0,3.0,4.0,0.0,0.0,0.0,0.0,0.0
112707248,551,1,opponent,64543.0,11,3,40,0,0,11,0,9,4,4,14,0,0,0,1,0,0,0,0,70,31.0,0.0,5.0,9.0,53.0,0.0,0.0,9.0,27.0,2.0,3.0,6.0,0.0,0.0,0.0,0.0,0.0
112707248,575,0,self,68527.0,11,3,33,0,0,17,0,6,8,8,16,0,0,0,1,0,0,0,0,83,38.0,0.0,5.0,9.0,69.0,0.0,0.0,9.0,20.0,5.0,3.0,0.0,0.0,0.0,0.0,0.0,0.0
112707248,575,1,opponent,67426.0,11,3,33,0,0,17,0,6,8,9,16,0,0,0,1,0,0,0,0,82,38.0,0.0,5.0,9.0,68.0,0.0,0.0,9.0,20.0,5.0,3.0,0.0,0.0,0.0,0.0,0.0,0.0
112707248,576,0,self,68527.0,0,3,33,0,0,22,0,9,8,8,16,0,0,0,1,0,0,0,0,115,38.0,0.0,5.0,9.0,75.0,0.0,8.0,21.0,20.0,5.0,3.0,6.0,0.0,0.0,0.0,0.0,0.0
112707248,576,1,opponent,67426.0,0,3,33,0,0,22,0,9,8,9,16,0,0,0,1,0,0,0,0,115,38.0,0.0,5.0,9.0,74.0,0.0,8.0,21.0,20.0,6.0,3.0,6.0,0.0,0.0,0.0,0.0,0.0
112707248,599,0,self,73767.0,11,3,51,0,0,5,0,21,0,2,16,0,0,0,1,0,0,0,0,71,37.0,0.0,5.0,9.0,63.0,0.0,0.0,0.0,17.0,0.0,3.0,4.0,4.0,4.0,0.0,0.0,0.0
112707248,599,1,opponent,72394.0,11,3,58,0,0,6,0,21,0,2,16,0,0,0,1,0,0,0,0,69,37.0,0.0,5.0,9.0,61.0,0.0,0.0,0.0,17.0,0.0,3.0,4.0,4.0,4.0,0.0,0.0,0.0
112707248,623,0,self,76414.0,11,3,50,0,0,21,0,6,4,6,15,0,0,0,1,0,0,0,0,85,27.0,0.0,5.0,9.0,60.0,0.0,0.0,6.0,13.0,0.0,3.0,1.0,18.0,18.0,0.0,0.0,0.0
112707248,623,1,opponent,73862.0,11,3,66,0,0,21,0,9,4,6,14,0,0,0,1,0,0,0,0,85,27.0,0.0,5.0,9.0,60.0,0.0,0.0,6.0,13.0,0.0,3.0,1.0,18.0,18.0,0.0,0.0,0.0
112707248,647,0,self,79222.0,11,3,55,0,0,0,0,9,7,2,16,0,0,0,1,0,0,0,0,86,16.0,0.0,5.0,9.0,44.0,0.0,0.0,8.0,13.0,0.0,3.0,3.0,29.0,31.0,0.0,0.0,0.0
112707248,647,1,opponent,76319.0,11,3,68,0,0,19,0,10,7,2,16,0,0,0,1,0,0,0,0,86,16.0,0.0,5.0,9.0,44.0,0.0,0.0,8.0,13.0,0.0,3.0,3.0,29.0,31.0,0.0,0.0,0.0
112707248,648,0,self,79222.0,0,3,55,0,0,0,0,9,7,2,17,0,0,0,1,0,0,0,0,142,16.0,0.0,5.0,9.0,48.0,0.0,7.0,18.0,13.0,26.0,3.0,8.0,29.0,35.0,0.0,0.0,0.0
112707248,648,1,opponent,76850.0,0,3,55,0,0,5,0,9,7,2,17,0,0,0,1,0,0,0,0,142,16.0,0.0,5.0,9.0,48.0,0.0,7.0,18.0,13.0,26.0,3.0,8.0,29.0,35.0,0.0,0.0,0.0
112707248,671,0,self,82918.0,11,3,35,15,0,20,0,10,7,4,6,0,0,0,1,0,0,0,0,83,18.0,0.0,5.0,9.0,39.0,0.0,0.0,2.0,4.0,0.0,3.0,4.0,26.0,38.0,0.0,0.0,0.0
112707248,671,1,opponent,80073.0,11,3,50,15,0,20,0,10,7,0,9,0,0,0,1,0,0,0,0,87,18.0,0.0,5.0,9.0,39.0,0.0,0.0,2.0,4.0,0.0,3.0,8.0,26.0,38.0,0.0,0.0,0.0
112707248,695,0,self,87885.0,11,3,49,34,0,0,0,0,0,6,8,0,0,0,1,0,0,0,0,50,10.0,0.0,5.0,9.0,12.0,0.0,0.0,8.0,0.0,0.0,3.0,0.0,13.0,30.0,0.0,0.0,0.0
112707248,695,1,opponent,83957.0,11,3,49,34,0,17,0,7,3,8,8,0,0,0,1,0,0,0,0,47,10.0,0.0,5.0,9.0,12.0,0.0,0.0,8.0,0.0,0.0,3.0,0.0,13.0,27.0,1.0,0.0,0.0
112707248,696,0,self,88177.0,0,3,42,37,0,0,0,0,0,6,6,0,0,0,1,0,0,0,0,66,9.0,0.0,5.0,9.0,11.0,0.0,8.0,16.0,0.0,0.0,3.0,4.0,12.0,27.0,0.0,0.0,0.0
112707248,696,1,opponent,85105.0,0,3,42,37,0,0,0,0,0,8,6,0,0,0,1,0,0,0,0,63,9.0,0.0,5.0,9.0,11.0,0.0,8.0,16.0,0.0,0.0,3.0,4.0,12.0,24.0,1.0,0.0,0.0
112707248,719,0,self,94187.0,11,3,0,0,0,0,0,0,0,0,0,0,0,0,1,0,0,0,0,1,0.0,0.0,5.0,9.0,0.0,0.0,0.0,1.0,0.0,0.0,3.0,0.0,0.0,0.0,0.0,0.0,0.0
112707248,719,1,opponent,91154.0,11,3,0,0,0,0,0,0,0,0,0,0,0,0,1,0,0,0,0,1,0.0,0.0,5.0,9.0,0.0,0.0,0.0,1.0,0.0,0.0,3.0,0.0,0.0,0.0,1.0,0.0,0.0
112708388,0,0,opponent,3000.0,0,1,0,0,0,0,0,0,0,0,0,0,0,0,0,0,0,0,0,0,0.0,0.0,0.0,0.0,0.0,0.0,0.0,0.0,0.0,0.0,0.0,0.0,0.0,0.0,0.0,0.0,0.0
112708388,0,1,self,3000.0,0,1,0,0,0,0,0,0,0,0,0,0,0,0,0,0,0,0,0,0,0.0,0.0,0.0,0.0,0.0,0.0,0.0,0.0,0.0,0.0,0.0,0.0,0.0,0.0,0.0,0.0,0.0
112708388,23,0,opponent,18.0,5,1,3,0,0,0,0,0,0,0,0,0,0,0,0,0,0,0,0,19,7.0,12.0,2.0,2.0,7.0,12.0,0.0,0.0,0.0,0.0,0.0,0.0,0.0,0.0,0.0,0.0,0.0
112708388,23,1,self,16.0,5,1,3,0,0,0,0,0,0,0,0,0,0,0,0,0,0,0,0,20,8.0,12.0,2.0,2.0,8.0,12.0,0.0,0.0,0.0,0.0,0.0,0.0,0.0,0.0,0.0,0.0,0.0
112708388,24,0,opponent,18.0,0,1,3,0,0,0,0,0,0,0,0,0,0,0,0,0,0,0,0,19,7.0,12.0,2.0,2.0,7.0,12.0,0.0,0.0,0.0,0.0,0.0,0.0,0.0,0.0,0.0,0.0,0.0
112708388,24,1,self,16.0,0,1,3,0,0,0,0,0,0,0,0,0,0,0,0,0,0,0,0,20,8.0,12.0,2.0,2.0,8.0,12.0,0.0,0.0,0.0,0.0,0.0,0.0,0.0,0.0,0.0,0.0,0.0
112708388,47,0,opponent,107.0,3,1,6,0,0,0,0,0,0,0,1,0,0,0,0,0,0,0,0,19,7.0,12.0,2.0,2.0,7.0,12.0,0.0,0.0,0.0,0.0,0.0,0.0,0.0,0.0,0.0,0.0,0.0
112708388,47,1,self,105.0,3,1,6,0,0,0,0,0,0,0,1,0,0,0,0,0,0,0,0,20,8.0,12.0,2.0,2.0,8.0,12.0,0.0,0.0,0.0,0.0,0.0,0.0,0.0,0.0,0.0,0.0,0.0
112708388,71,0,opponent,220.0,4,1,6,0,0,0,0,0,0,0,0,0,0,0,0,0,0,0,0,23,7.0,12.0,2.0,3.0,11.0,12.0,0.0,0.0,0.0,0.0,0.0,0.0,0.0,0.0,0.0,0.0,0.0
112708388,71,1,self,218.0,4,1,6,0,0,0,0,0,0,0,0,0,0,0,0,0,0,0,0,25,8.0,12.0,2.0,3.0,13.0,12.0,0.0,0.0,0.0,0.0,0.0,0.0,0.0,0.0,0.0,0.0,0.0
112708388,72,0,opponent,220.0,0,1,6,0,0,0,0,0,0,0,0,0,0,0,0,0,0,0,0,23,7.0,12.0,2.0,3.0,11.0,12.0,0.0,0.0,0.0,0.0,0.0,0.0,0.0,0.0,0.0,0.0,0.0
112708388,72,1,self,218.0,0,1,6,0,0,0,0,0,0,0,0,0,0,0,0,0,0,0,0,25,8.0,12.0,2.0,3.0,13.0,12.0,0.0,0.0,0.0,0.0,0.0,0.0,0.0,0.0,0.0,0.0,0.0
112708388,95,0,opponent,273.0,5,1,11,0,0,0,0,0,0,0,1,1,0,0,0,0,0,0,0,19,7.0,12.0,2.0,3.0,7.0,12.0,0.0,0.0,0.0,0.0,0.0,0.0,0.0,0.0,0.0,0.0,0.0
112708388,95,1,self,271.0,5,1,14,0,0,0,0,0,0,0,1,1,0,0,0,0,0,0,0,19,7.0,12.0,2.0,3.0,7.0,12.0,0.0,0.0,0.0,0.0,0.0,0.0,0.0,0.0,0.0,0.0,0.0
112708388,119,0,opponent,678.0,4,1,16,0,0,0,0,0,0,0,1,0,0,0,0,0,0,0,0,19,7.0,12.0,2.0,4.0,7.0,12.0,0.0,0.0,0.0,0.0,0.0,0.0,0.0,0.0,0.0,0.0,0.0
112708388,119,1,self,676.0,4,1,19,0,0,0,0,0,0,0,1,0,0,0,0,0,0,0,0,19,7.0,12.0,2.0,4.0,7.0,12.0,0.0,0.0,0.0,0.0,0.0,0.0,0.0,0.0,0.0,0.0,0.0
112708388,143,0,opponent,793.0,4,1,16,0,0,0,0,0,0,0,2,0,0,0,0,0,0,0,0,15,3.0,12.0,2.0,4.0,3.0,12.0,0.0,0.0,4.0,0.0,0.0,0.0,0.0,0.0,0.0,0.0,0.0
112708388,143,1,self,791.0,4,1,19,0,0,0,0,0,0,0,2,0,0,0,0,0,0,0,0,15,3.0,12.0,2.0,4.0,3.0,12.0,0.0,0.0,4.0,0.0,0.0,0.0,0.0,0.0,0.0,0.0,0.0
112708388,144,0,opponent,793.0,0,1,16,0,0,0,0,0,0,0,2,0,0,0,0,0,0,0,0,27,3.0,12.0,2.0,4.0,3.0,12.0,12.0,0.0,4.0,0.0,0.0,0.0,0.0,0.0,0.0,0.0,0.0
112708388,144,1,self,791.0,0,1,19,0,0,0,0,0,0,0,2,0,0,0,0,0,0,0,0,27,3.0,12.0,2.0,4.0,3.0,12.0,12.0,0.0,4.0,0.0,0.0,0.0,0.0,0.0,0.0,0.0,0.0
112708388,167,0,opponent,1319.0,7,2,13,0,0,0,0,0,0,0,1,0,0,0,0,0,0,0,0,30,6.0,12.0,2.0,4.0,7.0,23.0,0.0,0.0,12.0,0.0,2.0,0.0,0.0,0.0,0.0,0.0,0.0
112708388,167,1,self,1317.0,7,2,16,0,0,0,0,0,0,0,1,0,0,0,0,0,0,0,0,30,6.0,12.0,2.0,4.0,7.0,23.0,0.0,0.0,12.0,0.0,2.0,0.0,0.0,0.0,0.0,0.0,0.0
112708388,191,0,opponent,739.0,7,2,8,0,0,0,0,0,0,0,1,0,0,0,0,0,0,0,0,45,9.0,12.0,2.0,6.0,9.0,36.0,0.0,0.0,16.0,0.0,2.0,0.0,0.0,0.0,0.0,0.0,0.0
112708388,191,1,self,737.0,7,2,11,0,0,0,0,0,0,0,1,0,0,0,0,0,0,0,0,45,9.0,12.0,2.0,6.0,9.0,36.0,0.0,0.0,16.0,0.0,2.0,0.0,0.0,0.0,0.0,0.0,0.0
112708388,192,0,opponent,739.0,0,2,8,0,0,0,0,0,0,0,1,0,0,0,0,0,0,0,0,57,9.0,12.0,2.0,6.0,9.0,36.0,0.0,12.0,16.0,0.0,2.0,0.0,0.0,0.0,0.0,0.0,0.0
112708388,192,1,self,737.0,0,2,11,0,0,0,0,0,0,0,1,0,0,0,0,0,0,0,0,57,9.0,12.0,2.0,6.0,9.0,36.0,0.0,12.0,16.0,0.0,2.0,0.0,0.0,0.0,0.0,0.0,0.0
112708388,215,0,opponent,1268.0,8,2,25,0,0,0,0,0,0,0,3,0,0,0,0,0,0,0,0,52,5.0,12.0,4.0,6.0,5.0,47.0,0.0,0.0,20.0,0.0,2.0,0.0,0.0,0.0,0.0,0.0,0.0
112708388,215,1,self,1266.0,8,2,28,0,0,0,0,0,0,0,3,0,0,0,0,0,0,0,0,52,5.0,12.0,4.0,6.0,5.0,47.0,0.0,0.0,20.0,0.0,2.0,0.0,0.0,0.0,0.0,0.0,0.0
112708388,239,0,opponent,2155.0,8,2,33,0,0,0,0,0,0,0,1,0,1,0,0,0,0,0,0,64,5.0,12.0,5.0,6.0,5.0,59.0,0.0,0.0,20.0,0.0,2.0,0.0,0.0,0.0,0.0,0.0,0.0
112708388,239,1,self,2153.0,8,2,36,0,0,0,0,0,0,0,1,0,1,0,0,0,0,0,0,64,5.0,12.0,5.0,6.0,5.0,59.0,0.0,0.0,20.0,0.0,2.0,0.0,0.0,0.0,0.0,0.0,0.0
112708388,240,0,opponent,2155.0,0,2,33,0,0,0,0,0,0,0,1,0,1,0,0,0,0,0,0,84,5.0,12.0,5.0,6.0,5.0,60.0,0.0,12.0,20.0,0.0,2.0,7.0,0.0,0.0,0.0,0.0,0.0
112708388,240,1,self,2153.0,0,2,36,0,0,0,0,0,0,0,1,0,1,0,0,0,0,0,0,84,5.0,12.0,5.0,6.0,5.0,60.0,0.0,12.0,20.0,0.0,2.0,7.0,0.0,0.0,0.0,0.0,0.0
112708388,263,0,opponent,14587.0,11,2,51,0,0,0,12,0,0,4,10,0,0,0,0,0,0,0,0,16,12.0,0.0,6.0,6.0,13.0,0.0,0.0,0.0,20.0,0.0,4.0,3.0,0.0,0.0,0.0,0.0,0.0
112708388,263,1,self,14585.0,11,2,54,0,0,0,12,0,0,4,10,0,0,0,0,0,0,0,0,16,12.0,0.0,6.0,6.0,13.0,0.0,0.0,0.0,20.0,0.0,4.0,3.0,0.0,0.0,0.0,0.0,0.0
112708388,287,0,opponent,13388.0,10,3,46,0,0,0,0,0,0,0,15,0,0,0,0,0,0,0,0,30,21.0,0.0,6.0,6.0,24.0,0.0,0.0,0.0,33.0,0.0,5.0,6.0,0.0,0.0,0.0,0.0,0.0
112708388,287,1,self,13761.0,10,3,49,0,0,0,0,0,0,0,15,0,0,0,0,0,0,0,0,30,21.0,0.0,6.0,6.0,24.0,0.0,0.0,0.0,33.0,0.0,5.0,6.0,0.0,0.0,0.0,0.0,0.0
112708388,288,0,opponent,13388.0,0,3,48,0,0,0,0,0,0,0,16,0,0,0,0,0,0,0,0,46,20.0,0.0,6.0,6.0,22.0,0.0,8.0,9.0,33.0,0.0,5.0,7.0,0.0,0.0,0.0,0.0,0.0
112708388,288,1,self,13761.0,0,3,51,0,0,0,0,0,0,0,16,0,0,0,0,0,0,0,0,46,20.0,0.0,6.0,6.0,22.0,0.0,8.0,9.0,33.0,0.0,5.0,7.0,0.0,0.0,0.0,0.0,0.0
112708388,311,0,opponent,16743.0,9,3,23,0,0,0,0,0,0,7,17,0,0,0,0,0,0,0,0,30,24.0,0.0,6.0,6.0,27.0,0.0,0.0,3.0,33.0,0.0,5.0,0.0,0.0,0.0,0.0,0.0,0.0
112708388,311,1,self,17116.0,9,3,26,0,0,0,0,0,0,7,17,0,0,0,0,0,0,0,0,30,24.0,0.0,6.0,6.0,27.0,0.0,0.0,3.0,33.0,0.0,5.0,0.0,0.0,0.0,0.0,0.0,0.0
112708388,335,0,opponent,18876.0,9,3,16,0,0,0,0,0,0,0,16,0,0,0,0,0,0,0,0,34,24.0,0.0,6.0,6.0,32.0,0.0,0.0,0.0,33.0,0.0,5.0,2.0,0.0,0.0,0.0,0.0,0.0
112708388,335,1,self,19421.0,9,3,16,0,0,0,0,0,0,0,16,0,0,0,0,0,0,0,0,34,24.0,0.0,6.0,6.0,32.0,0.0,0.0,0.0,33.0,0.0,5.0,2.0,0.0,0.0,0.0,0.0,0.0
112708388,359,0,opponent,20571.0,9,3,24,0,0,0,0,6,0,8,15,0,0,0,0,0,0,0,0,36,24.0,0.0,6.0,6.0,36.0,0.0,0.0,0.0,33.0,0.0,5.0,0.0,0.0,0.0,0.0,0.0,0.0
112708388,359,1,self,21116.0,9,3,24,0,0,0,0,6,0,8,14,0,0,0,0,0,0,0,0,36,24.0,0.0,6.0,6.0,36.0,0.0,0.0,0.0,33.0,0.0,5.0,0.0,0.0,0.0,0.0,0.0,0.0
112708388,360,0,opponent,20778.0,0,3,24,0,0,0,0,6,0,8,13,0,0,0,0,0,0,0,0,84,24.0,0.0,6.0,6.0,38.0,0.0,11.0,15.0,33.0,8.0,5.0,12.0,0.0,0.0,0.0,0.0,0.0
112708388,360,1,self,21323.0,0,3,24,0,0,0,0,6,0,8,12,0,0,0,0,0,0,0,0,84,24.0,0.0,6.0,6.0,38.0,0.0,11.0,15.0,33.0,8.0,5.0,12.0,0.0,0.0,0.0,0.0,0.0
112708388,383,0,opponent,25414.0,10,3,25,0,0,0,0,0,11,6,11,0,0,0,1,0,0,0,0,40,24.0,0.0,6.0,6.0,34.0,0.0,0.0,0.0,33.0,0.0,5.0,6.0,0.0,0.0,0.0,0.0,0.0
112708388,383,1,self,25913.0,10,3,25,0,0,0,0,0,11,6,11,0,0,0,1,0,0,0,0,40,24.0,0.0,6.0,6.0,34.0,0.0,0.0,0.0,33.0,0.0,5.0,6.0,0.0,0.0,0.0,0.0,0.0
112708388,407,0,opponent,30359.0,11,3,30,0,0,0,0,3,0,5,12,0,0,0,0,0,0,0,0,38,25.0,0.0,6.0,6.0,36.0,0.0,0.0,0.0,33.0,0.0,5.0,2.0,0.0,0.0,0.0,0.0,0.0
112708388,407,1,self,30907.0,11,3,32,0,0,0,0,3,0,5,12,0,0,0,1,0,0,0,0,38,25.0,0.0,6.0,6.0,36.0,0.0,0.0,0.0,33.0,0.0,5.0,2.0,0.0,0.0,0.0,0.0,0.0
112708388,431,0,opponent,34609.0,11,3,32,0,0,0,0,9,0,7,16,0,0,0,0,0,0,0,0,40,25.0,0.0,6.0,6.0,36.0,0.0,0.0,0.0,33.0,0.0,5.0,4.0,0.0,0.0,0.0,0.0,0.0
112708388,431,1,self,35204.0,11,3,33,0,0,0,0,9,0,7,16,0,0,0,1,0,0,0,0,40,25.0,0.0,6.0,6.0,36.0,0.0,0.0,0.0,33.0,0.0,5.0,4.0,0.0,0.0,0.0,0.0,0.0
112708388,432,0,opponent,34609.0,0,3,32,0,0,0,0,9,0,7,17,0,0,0,0,0,0,0,0,89,25.0,0.0,6.0,6.0,38.0,0.0,4.0,9.0,33.0,24.0,5.0,14.0,0.0,0.0,0.0,0.0,0.0
112708388,432,1,self,35204.0,0,3,33,0,0,0,0,9,0,7,17,0,0,0,1,0,0,0,0,89,25.0,0.0,6.0,6.0,38.0,0.0,4.0,9.0,33.0,24.0,5.0,14.0,0.0,0.0,0.0,0.0,0.0
112708388,455,0,opponent,34684.0,13,4,31,0,0,6,0,6,1,8,14,0,0,0,0,0,0,0,0,45,25.0,0.0,6.0,6.0,38.0,0.0,1.0,0.0,33.0,2.0,5.0,4.0,0.0,0.0,0.0,10.0,0.0
112708388,455,1,self,35297.0,13,4,32,0,0,6,0,6,1,8,14,0,0,0,1,0,0,0,0,45,25.0,0.0,6.0,6.0,38.0,0.0,1.0,0.0,33.0,2.0,5.0,4.0,0.0,0.0,0.0,10.0,0.0
112708388,479,0,opponent,38832.0,11,4,33,0,0,6,0,6,1,16,13,0,0,0,0,0,0,0,0,44,25.0,0.0,6.0,6.0,40.0,0.0,0.0,0.0,33.0,0.0,5.0,4.0,0.0,0.0,0.0,10.0,0.0
112708388,479,1,self,39231.0,11,4,34,0,0,6,0,6,1,16,13,0,0,0,1,0,0,0,0,46,25.0,0.0,6.0,6.0,42.0,0.0,0.0,0.0,33.0,0.0,5.0,4.0,0.0,0.0,0.0,10.0,0.0
112708388,480,0,opponent,38832.0,0,4,33,0,0,6,0,6,1,16,13,0,0,0,0,0,0,0,0,94,25.0,0.0,6.0,6.0,43.0,0.0,4.0,9.0,33.0,24.0,5.0,14.0,0.0,0.0,0.0,10.0,0.0
112708388,480,1,self,39231.0,0,4,34,0,0,6,0,6,1,16,14,0,0,0,1,0,0,0,0,97,25.0,0.0,6.0,6.0,46.0,0.0,4.0,9.0,33.0,24.0,5.0,14.0,0.0,0.0,0.0,10.0,0.0
112708388,503,0,opponent,44188.0,12,4,38,0,0,4,0,6,2,15,11,0,0,0,0,0,0,0,0,47,25.0,0.0,6.0,6.0,43.0,0.0,2.0,0.0,33.0,0.0,5.0,2.0,0.0,0.0,0.0,10.0,0.0
112708388,503,1,self,44592.0,12,4,41,0,0,4,0,6,2,15,12,0,0,0,1,0,0,0,0,53,25.0,0.0,6.0,6.0,49.0,0.0,2.0,0.0,33.0,0.0,5.0,2.0,0.0,0.0,0.0,10.0,0.0
112708388,527,0,opponent,48717.0,12,4,37,0,0,12,0,8,0,17,17,0,0,0,0,0,0,0,0,65,30.0,0.0,6.0,6.0,48.0,0.0,5.0,0.0,28.0,2.0,5.0,10.0,0.0,0.0,0.0,10.0,0.0
112708388,527,1,self,49695.0,11,4,46,0,0,12,0,8,0,9,17,0,0,0,1,0,0,0,0,69,30.0,0.0,6.0,6.0,52.0,0.0,5.0,0.0,28.0,2.0,5.0,10.0,0.0,0.0,0.0,10.0,0.0
112708388,551,0,opponent,50768.0,12,4,36,0,0,9,0,6,2,24,13,0,0,0,0,0,0,0,0,61,31.0,0.0,6.0,6.0,47.0,0.0,2.0,0.0,27.0,2.0,5.0,10.0,0.0,0.0,0.0,10.0,0.0
112708388,551,1,self,52361.0,12,4,47,0,0,9,0,6,2,7,13,0,0,0,1,0,0,0,0,61,31.0,0.0,6.0,6.0,47.0,0.0,2.0,0.0,27.0,2.0,5.0,10.0,0.0,0.0,0.0,10.0,0.0
112708388,575,0,opponent,52587.0,12,4,33,0,0,17,0,6,2,18,16,0,0,0,0,0,0,0,0,76,38.0,0.0,6.0,6.0,65.0,0.0,0.0,2.0,20.0,5.0,5.0,4.0,0.0,0.0,0.0,10.0,0.0
112708388,575,1,self,54372.0,11,4,39,0,0,17,0,6,2,8,16,0,0,0,1,0,0,0,0,76,38.0,0.0,6.0,6.0,65.0,0.0,0.0,2.0,20.0,5.0,5.0,4.0,0.0,0.0,0.0,10.0,0.0
112708388,576,0,opponent,52721.0,0,4,33,0,0,22,0,8,2,15,16,0,0,0,0,0,0,0,0,100,38.0,0.0,6.0,6.0,70.0,0.0,6.0,6.0,20.0,4.0,5.0,14.0,0.0,0.0,0.0,10.0,0.0
112708388,576,1,self,54372.0,0,4,39,0,0,22,0,8,2,8,16,0,0,0,1,0,0,0,0,101,38.0,0.0,6.0,6.0,70.0,0.0,6.0,6.0,20.0,5.0,5.0,14.0,0.0,0.0,0.0,10.0,0.0
112708388,599,0,opponent,53238.0,13,4,52,0,0,4,0,6,1,18,15,0,0,0,0,0,0,0,0,69,37.0,0.0,6.0,6.0,63.0,0.0,0.0,0.0,17.0,0.0,5.0,2.0,4.0,4.0,0.0,10.0,0.0
112708388,599,1,self,55051.0,13,4,52,0,0,5,0,6,1,12,15,0,0,0,2,8,0,0,0,69,36.0,0.0,6.0,6.0,62.0,0.0,0.0,0.0,17.0,0.0,5.0,2.0,5.0,5.0,0.0,10.0,0.0
112708388,623,0,opponent,55043.0,13,4,51,0,0,21,0,4,3,4,14,0,0,0,0,8,0,0,0,84,27.0,0.0,6.0,6.0,60.0,0.0,0.0,2.0,13.0,0.0,5.0,4.0,18.0,18.0,1.0,10.0,0.0
112708388,623,1,self,56776.0,13,4,51,0,0,21,0,4,3,4,15,0,0,0,2,8,0,0,0,84,26.0,0.0,6.0,6.0,59.0,0.0,0.0,2.0,13.0,0.0,5.0,4.0,19.0,19.0,0.0,10.0,0.0
112708388,647,0,opponent,59439.0,14,4,53,0,8,0,0,6,4,6,15,0,0,0,1,8,0,0,0,80,15.0,0.0,6.0,6.0,43.0,0.0,0.0,0.0,13.0,0.0,5.0,5.0,30.0,32.0,1.0,10.0,0.0
112708388,647,1,self,61129.0,14,4,53,0,8,0,0,6,4,6,15,0,0,0,2,8,0,0,0,80,14.0,0.0,6.0,6.0,40.0,0.0,0.0,0.0,13.0,0.0,5.0,5.0,31.0,35.0,0.0,10.0,0.0
112708388,648,0,opponent,59439.0,0,4,53,0,8,0,0,6,4,6,16,0,0,0,1,8,0,0,0,158,15.0,0.0,6.0,6.0,47.0,0.0,9.0,6.0,13.0,26.0,5.0,14.0,30.0,36.0,1.0,10.0,20.0
112708388,648,1,self,61129.0,0,4,53,0,8,0,0,6,4,6,16,0,0,0,2,8,0,0,0,158,14.0,0.0,6.0,6.0,44.0,0.0,9.0,6.0,13.0,26.0,5.0,14.0,31.0,39.0,0.0,10.0,20.0
112708388,671,0,opponent,64928.0,13,4,33,15,14,20,0,2,9,4,5,0,0,0,4,8,0,0,0,86,9.0,0.0,6.0,6.0,29.0,0.0,0.0,2.0,4.0,0.0,5.0,8.0,35.0,47.0,1.0,10.0,0.0
112708388,671,1,self,66901.0,13,4,33,15,14,20,0,2,9,4,5,0,0,0,5,0,0,0,0,85,8.0,0.0,6.0,6.0,24.0,0.0,0.0,2.0,4.0,0.0,5.0,8.0,36.0,51.0,0.0,10.0,0.0
112708388,695,0,opponent,76135.0,13,4,42,33,0,0,0,1,0,8,8,0,0,0,4,8,0,0,0,47,1.0,0.0,6.0,6.0,3.0,0.0,0.0,2.0,0.0,0.0,5.0,4.0,22.0,38.0,1.0,10.0,0.0
112708388,695,1,self,78268.0,13,4,36,33,0,0,0,1,0,8,8,0,0,0,5,0,0,0,0,47,1.0,0.0,6.0,6.0,3.0,0.0,0.0,2.0,0.0,0.0,5.0,4.0,22.0,38.0,1.0,10.0,0.0
112708388,696,0,opponent,76371.0,0,4,40,36,0,0,0,1,0,8,6,0,0,0,4,8,0,0,0,87,0.0,0.0,6.0,6.0,0.0,0.0,8.0,11.0,0.0,0.0,5.0,12.0,21.0,36.0,1.0,10.0,20.0
112708388,696,1,self,78506.0,0,4,34,36,0,0,0,1,0,8,6,0,0,0,5,0,0,0,0,87,0.0,0.0,6.0,6.0,0.0,0.0,8.0,11.0,0.0,0.0,5.0,12.0,21.0,36.0,1.0,10.0,20.0
112708388,719,0,opponent,88131.0,13,4,0,0,0,0,0,0,0,0,0,0,0,0,4,8,0,0,0,0,0.0,0.0,6.0,6.0,0.0,0.0,0.0,0.0,0.0,0.0,5.0,0.0,0.0,0.0,1.0,10.0,0.0
112708388,719,1,self,90034.0,13,4,0,0,0,0,0,0,0,0,0,0,0,0,5,0,0,0,0,0,0.0,0.0,6.0,6.0,0.0,0.0,0.0,0.0,0.0,0.0,5.0,0.0,0.0,0.0,1.0,10.0,0.0
112709526,0,0,opponent,3000.0,0,1,0,0,0,0,0,0,0,0,0,0,0,0,0,0,0,0,0,0,0.0,0.0,0.0,0.0,0.0,0.0,0.0,0.0,0.0,0.0,0.0,0.0,0.0,0.0,0.0,0.0,0.0
112709526,0,1,self,3000.0,0,1,0,0,0,0,0,0,0,0,0,0,0,0,0,0,0,0,0,0,0.0,0.0,0.0,0.0,0.0,0.0,0.0,0.0,0.0,0.0,0.0,0.0,0.0,0.0,0.0,0.0,0.0
112709526,23,0,opponent,18.0,5,1,3,0,0,0,0,0,0,0,0,0,0,0,0,0,0,0,0,19,7.0,12.0,2.0,2.0,7.0,12.0,0.0,0.0,0.0,0.0,0.0,0.0,0.0,0.0,0.0,0.0,0.0
112709526,23,1,self,16.0,5,1,3,0,0,0,0,0,0,0,0,0,0,0,0,0,0,0,0,20,8.0,12.0,2.0,2.0,8.0,12.0,0.0,0.0,0.0,0.0,0.0,0.0,0.0,0.0,0.0,0.0,0.0
112709526,24,0,opponent,18.0,0,1,3,0,0,0,0,0,0,0,0,0,0,0,0,0,0,0,0,19,7.0,12.0,2.0,2.0,7.0,12.0,0.0,0.0,0.0,0.0,0.0,0.0,0.0,0.0,0.0,0.0,0.0
112709526,24,1,self,16.0,0,1,3,0,0,0,0,0,0,0,0,0,0,0,0,0,0,0,0,20,8.0,12.0,2.0,2.0,8.0,12.0,0.0,0.0,0.0,0.0,0.0,0.0,0.0,0.0,0.0,0.0,0.0
112709526,47,0,opponent,107.0,3,1,6,0,0,0,0,0,0,0,1,0,0,0,0,0,0,0,0,19,7.0,12.0,2.0,2.0,7.0,12.0,0.0,0.0,0.0,0.0,0.0,0.0,0.0,0.0,0.0,0.0,0.0
112709526,47,1,self,105.0,3,1,6,0,0,0,0,0,0,0,1,0,0,0,0,0,0,0,0,20,8.0,12.0,2.0,2.0,8.0,12.0,0.0,0.0,0.0,0.0,0.0,0.0,0.0,0.0,0.0,0.0,0.0
112709526,71,0,opponent,220.0,4,1,6,0,0,0,0,0,0,0,0,0,0,0,0,0,0,0,0,23,7.0,12.0,2.0,3.0,11.0,12.0,0.0,0.0,0.0,0.0,0.0,0.0,0.0,0.0,0.0,0.0,0.0
112709526,71,1,self,218.0,4,1,6,0,0,0,0,0,0,0,0,0,0,0,0,0,0,0,0,25,8.0,12.0,2.0,3.0,13.0,12.0,0.0,0.0,0.0,0.0,0.0,0.0,0.0,0.0,0.0,0.0,0.0
112709526,72,0,opponent,220.0,0,1,6,0,0,0,0,0,0,0,0,0,0,0,0,0,0,0,0,23,7.0,12.0,2.0,3.0,11.0,12.0,0.0,0.0,0.0,0.0,0.0,0.0,0.0,0.0,0.0,0.0,0.0
112709526,72,1,self,218.0,0,1,6,0,0,0,0,0,0,0,0,0,0,0,0,0,0,0,0,25,8.0,12.0,2.0,3.0,13.0,12.0,0.0,0.0,0.0,0.0,0.0,0.0,0.0,0.0,0.0,0.0,0.0
112709526,95,0,opponent,273.0,5,1,11,0,0,0,0,0,0,0,1,1,0,0,0,0,0,0,0,19,7.0,12.0,2.0,3.0,7.0,12.0,0.0,0.0,0.0,0.0,0.0,0.0,0.0,0.0,0.0,0.0,0.0
112709526,95,1,self,271.0,5,1,14,0,0,0,0,0,0,0,1,1,0,0,0,0,0,0,0,19,7.0,12.0,2.0,3.0,7.0,12.0,0.0,0.0,0.0,0.0,0.0,0.0,0.0,0.0,0.0,0.0,0.0
112709526,119,0,opponent,678.0,4,1,16,0,0,0,0,0,0,0,1,0,0,0,0,0,0,0,0,19,7.0,12.0,2.0,4.0,7.0,12.0,0.0,0.0,0.0,0.0,0.0,0.0,0.0,0.0,0.0,0.0,0.0
112709526,119,1,self,676.0,4,1,19,0,0,0,0,0,0,0,1,0,0,0,0,0,0,0,0,19,7.0,12.0,2.0,4.0,7.0,12.0,0.0,0.0,0.0,0.0,0.0,0.0,0.0,0.0,0.0,0.0,0.0
112709526,143,0,opponent,793.0,4,1,16,0,0,0,0,0,0,0,2,0,0,0,0,0,0,0,0,15,3.0,12.0,2.0,4.0,3.0,12.0,0.0,0.0,4.0,0.0,0.0,0.0,0.0,0.0,0.0,0.0,0.0
112709526,143,1,self,791.0,4,1,19,0,0,0,0,0,0,0,2,0,0,0,0,0,0,0,0,15,3.0,12.0,2.0,4.0,3.0,12.0,0.0,0.0,4.0,0.0,0.0,0.0,0.0,0.0,0.0,0.0,0.0
112709526,144,0,opponent,793.0,0,1,16,0,0,0,0,0,0,0,2,0,0,0,0,0,0,0,0,27,3.0,12.0,2.0,4.0,3.0,12.0,12.0,0.0,4.0,0.0,0.0,0.0,0.0,0.0,0.0,0.0,0.0
112709526,144,1,self,791.0,0,1,19,0,0,0,0,0,0,0,2,0,0,0,0,0,0,0,0,27,3.0,12.0,2.0,4.0,3.0,12.0,12.0,0.0,4.0,0.0,0.0,0.0,0.0,0.0,0.0,0.0,0.0
112709526,167,0,opponent,1317.0,7,2,13,0,0,0,0,0,0,0,1,0,0,0,0,0,0,0,0,30,6.0,12.0,2.0,4.0,7.0,23.0,0.0,0.0,12.0,0.0,2.0,0.0,0.0,0.0,0.0,0.0,0.0
112709526,167,1,self,1315.0,7,2,16,0,0,0,0,0,0,0,1,0,0,0,0,0,0,0,0,30,6.0,12.0,2.0,4.0,7.0,23.0,0.0,0.0,12.0,0.0,2.0,0.0,0.0,0.0,0.0,0.0,0.0
112709526,191,0,opponent,737.0,7,2,8,0,0,0,0,0,0,0,1,0,0,0,0,0,0,0,0,45,9.0,12.0,2.0,6.0,9.0,36.0,0.0,0.0,16.0,0.0,2.0,0.0,0.0,0.0,0.0,0.0,0.0
112709526,191,1,self,735.0,7,2,11,0,0,0,0,0,0,0,1,0,0,0,0,0,0,0,0,45,9.0,12.0,2.0,6.0,9.0,36.0,0.0,0.0,16.0,0.0,2.0,0.0,0.0,0.0,0.0,0.0,0.0
112709526,192,0,opponent,737.0,0,2,8,0,0,0,0,0,0,0,1,0,0,0,0,0,0,0,0,57,9.0,12.0,2.0,6.0,9.0,36.0,0.0,12.0,16.0,0.0,2.0,0.0,0.0,0.0,0.0,0.0,0.0
112709526,192,1,self,735.0,0,2,11,0,0,0,0,0,0,0,1,0,0,0,0,0,0,0,0,57,9.0,12.0,2.0,6.0,9.0,36.0,0.0,12.0,16.0,0.0,2.0,0.0,0.0,0.0,0.0,0.0,0.0
112709526,215,0,opponent,1277.0,8,2,25,0,0,0,0,0,0,0,3,0,0,0,0,0,0,0,0,52,5.0,12.0,4.0,6.0,5.0,47.0,0.0,0.0,20.0,0.0,2.0,0.0,0.0,0.0,0.0,0.0,0.0
112709526,215,1,self,1275.0,8,2,28,0,0,0,0,0,0,0,3,0,0,0,0,0,0,0,0,52,5.0,12.0,4.0,6.0,5.0,47.0,0.0,0.0,20.0,0.0,2.0,0.0,0.0,0.0,0.0,0.0,0.0
112709526,239,0,opponent,2178.0,8,2,33,0,0,0,0,0,0,0,1,0,1,0,0,0,0,0,0,64,5.0,12.0,5.0,6.0,5.0,59.0,0.0,0.0,20.0,0.0,2.0,0.0,0.0,0.0,0.0,0.0,0.0
112709526,239,1,self,2176.0,8,2,36,0,0,0,0,0,0,0,1,0,1,0,0,0,0,0,0,64,5.0,12.0,5.0,6.0,5.0,59.0,0.0,0.0,20.0,0.0,2.0,0.0,0.0,0.0,0.0,0.0,0.0
112709526,240,0,opponent,2178.0,0,2,33,0,0,0,0,0,0,0,1,0,1,0,0,0,0,0,0,84,5.0,12.0,5.0,6.0,5.0,60.0,0.0,12.0,20.0,0.0,2.0,7.0,0.0,0.0,0.0,0.0,0.0
112709526,240,1,self,2176.0,0,2,36,0,0,0,0,0,0,0,1,0,1,0,0,0,0,0,0,84,5.0,12.0,5.0,6.0,5.0,60.0,0.0,12.0,20.0,0.0,2.0,7.0,0.0,0.0,0.0,0.0,0.0
112709526,263,0,opponent,14653.0,11,2,51,0,0,0,12,0,0,0,11,0,0,0,0,0,0,0,0,20,12.0,0.0,6.0,6.0,13.0,0.0,0.0,0.0,20.0,0.0,4.0,7.0,0.0,0.0,0.0,0.0,0.0
112709526,263,1,self,15119.0,11,2,42,0,0,0,12,0,0,0,11,0,0,0,0,0,0,0,0,20,12.0,0.0,6.0,6.0,13.0,0.0,0.0,0.0,20.0,0.0,4.0,7.0,0.0,0.0,0.0,0.0,0.0
112709526,287,0,opponent,13655.0,10,3,46,0,0,0,0,0,0,0,16,0,0,0,0,0,0,0,0,30,21.0,0.0,6.0,6.0,24.0,0.0,0.0,0.0,33.0,0.0,5.0,6.0,0.0,0.0,0.0,0.0,0.0
112709526,287,1,self,14121.0,10,3,37,0,0,0,0,0,0,0,16,0,0,0,0,0,0,0,0,30,21.0,0.0,6.0,6.0,24.0,0.0,0.0,0.0,33.0,0.0,5.0,6.0,0.0,0.0,0.0,0.0,0.0
112709526,288,0,opponent,13655.0,0,3,48,0,0,0,0,0,0,0,17,0,0,0,0,0,0,0,0,46,20.0,0.0,6.0,6.0,22.0,0.0,8.0,9.0,33.0,0.0,5.0,7.0,0.0,0.0,0.0,0.0,0.0
112709526,288,1,self,14121.0,0,3,39,0,0,0,0,0,0,0,17,0,0,0,0,0,0,0,0,46,20.0,0.0,6.0,6.0,22.0,0.0,8.0,9.0,33.0,0.0,5.0,7.0,0.0,0.0,0.0,0.0,0.0
112709526,311,0,opponent,16994.0,9,3,23,0,0,0,0,0,0,0,17,0,0,0,0,0,0,0,0,37,24.0,0.0,6.0,6.0,27.0,0.0,0.0,3.0,33.0,0.0,5.0,7.0,0.0,0.0,0.0,0.0,0.0
112709526,311,1,self,17386.0,9,3,14,0,0,0,0,0,0,0,17,0,0,0,0,0,0,0,0,37,24.0,0.0,6.0,6.0,27.0,0.0,0.0,3.0,33.0,0.0,5.0,7.0,0.0,0.0,0.0,0.0,0.0
112709526,335,0,opponent,18647.0,9,3,16,0,0,0,0,0,0,8,12,0,0,0,0,0,0,0,0,32,24.0,0.0,6.0,6.0,32.0,0.0,0.0,0.0,33.0,0.0,5.0,0.0,0.0,0.0,0.0,0.0,0.0
112709526,335,1,self,18688.0,9,3,16,0,0,0,0,0,0,8,12,0,0,0,0,0,0,0,0,32,24.0,0.0,6.0,6.0,32.0,0.0,0.0,0.0,33.0,0.0,5.0,0.0,0.0,0.0,0.0,0.0,0.0
112709526,359,0,opponent,19691.0,9,3,24,0,0,0,0,6,3,16,18,0,0,0,0,0,0,0,0,38,24.0,0.0,6.0,6.0,38.0,0.0,0.0,0.0,33.0,0.0,5.0,0.0,0.0,0.0,0.0,0.0,0.0
112709526,359,1,self,19512.0,9,3,24,0,0,0,0,6,3,16,18,0,0,0,3,8,0,0,0,38,21.0,0.0,6.0,6.0,35.0,0.0,0.0,0.0,33.0,0.0,5.0,0.0,3.0,3.0,0.0,0.0,0.0
112709526,360,0,opponent,20072.0,0,3,24,0,0,0,0,6,0,16,13,0,0,0,0,0,0,0,0,86,24.0,0.0,6.0,6.0,40.0,0.0,11.0,15.0,33.0,8.0,5.0,12.0,0.0,0.0,0.0,0.0,0.0
112709526,360,1,self,19893.0,0,3,24,0,0,0,0,6,0,16,13,0,0,0,3,8,0,0,0,86,21.0,0.0,6.0,6.0,37.0,0.0,11.0,15.0,33.0,8.0,5.0,12.0,3.0,3.0,0.0,0.0,0.0
112709526,383,0,opponent,23671.0,10,3,25,0,0,0,0,0,11,18,11,0,0,0,1,0,0,0,0,44,24.0,0.0,6.0,6.0,38.0,0.0,0.0,0.0,33.0,0.0,5.0,6.0,0.0,0.0,0.0,0.0,0.0
112709526,383,1,self,23482.0,10,3,25,0,0,0,0,0,11,18,11,0,0,0,2,8,0,0,0,44,18.0,0.0,6.0,6.0,32.0,0.0,0.0,0.0,33.0,0.0,5.0,6.0,6.0,6.0,0.0,0.0,0.0
112709526,407,0,opponent,27715.0,11,3,38,0,0,0,0,3,0,29,11,0,0,0,0,8,0,0,0,38,25.0,0.0,6.0,6.0,36.0,0.0,0.0,0.0,33.0,0.0,5.0,2.0,0.0,0.0,0.0,0.0,0.0
112709526,407,1,self,27712.0,11,3,38,0,0,0,0,3,0,29,11,0,0,0,3,8,0,0,0,38,16.0,0.0,6.0,6.0,25.0,0.0,0.0,0.0,33.0,0.0,5.0,2.0,9.0,11.0,0.0,0.0,0.0
112709526,431,0,opponent,32081.0,11,3,43,0,0,0,0,9,2,27,15,0,0,0,0,8,0,0,0,42,24.0,0.0,6.0,6.0,35.0,0.0,0.0,0.0,33.0,0.0,5.0,6.0,1.0,1.0,0.0,0.0,0.0
112709526,431,1,self,32565.0,11,3,34,9,0,0,0,9,0,17,15,0,0,0,0,8,0,0,0,42,18.0,0.0,6.0,6.0,27.0,0.0,0.0,0.0,33.0,0.0,5.0,6.0,7.0,9.0,0.0,0.0,0.0
112709526,432,0,opponent,32257.0,0,3,43,0,0,0,0,9,2,23,16,0,0,0,0,8,0,0,0,89,24.0,0.0,6.0,6.0,37.0,0.0,4.0,7.0,33.0,24.0,5.0,16.0,1.0,1.0,0.0,0.0,0.0
112709526,432,1,self,32741.0,0,3,34,9,0,0,0,9,0,13,16,0,0,0,0,8,0,0,0,89,18.0,0.0,6.0,6.0,28.0,0.0,4.0,7.0,33.0,24.0,5.0,16.0,7.0,10.0,0.0,0.0,0.0
112709526,455,0,opponent,31988.0,13,4,45,0,0,6,0,5,1,25,14,0,0,0,1,8,0,0,0,49,23.0,0.0,6.0,6.0,36.0,0.0,1.0,0.0,33.0,2.0,5.0,8.0,2.0,2.0,0.0,10.0,0.0
112709526,455,1,self,32725.0,13,4,25,11,0,6,0,5,1,21,14,0,0,0,1,8,0,0,0,49,21.0,0.0,6.0,6.0,32.0,0.0,1.0,0.0,33.0,2.0,5.0,8.0,4.0,6.0,0.0,10.0,0.0
112709526,479,0,opponent,36963.0,10,4,48,0,0,6,0,4,1,23,14,0,0,0,0,8,0,0,0,48,23.0,0.0,6.0,6.0,37.0,0.0,0.0,0.0,33.0,0.0,5.0,8.0,2.0,3.0,0.0,10.0,0.0
112709526,479,1,self,38039.0,10,4,23,6,0,6,0,4,1,29,13,0,0,0,0,8,0,0,0,44,23.0,0.0,6.0,6.0,37.0,0.0,0.0,0.0,33.0,0.0,5.0,4.0,2.0,3.0,0.0,10.0,0.0
112709526,480,0,opponent,36963.0,0,4,48,0,0,6,0,4,1,23,14,0,0,0,0,8,0,0,0,93,23.0,0.0,6.0,6.0,40.0,0.0,4.0,6.0,33.0,24.0,5.0,16.0,2.0,3.0,0.0,10.0,0.0
112709526,480,1,self,38039.0,0,4,23,6,0,6,0,4,1,29,13,0,0,0,0,8,0,0,0,91,23.0,0.0,6.0,6.0,40.0,0.0,4.0,6.0,33.0,24.0,5.0,14.0,2.0,3.0,1.0,10.0,0.0
112709526,503,0,opponent,43008.0,12,4,44,3,0,4,0,4,2,27,12,0,0,0,0,8,0,0,0,51,23.0,0.0,6.0,6.0,41.0,0.0,2.0,0.0,33.0,0.0,5.0,6.0,2.0,2.0,0.0,10.0,0.0
112709526,503,1,self,44315.0,12,4,24,3,0,4,0,4,2,33,12,0,0,0,0,8,0,0,0,47,24.0,0.0,6.0,6.0,42.0,0.0,2.0,0.0,33.0,0.0,5.0,2.0,1.0,1.0,1.0,10.0,0.0
112709526,527,0,opponent,50061.0,11,4,39,0,0,12,0,6,0,22,17,0,0,0,0,8,0,0,0,67,23.0,0.0,6.0,6.0,39.0,0.0,5.0,0.0,28.0,2.0,5.0,12.0,7.0,9.0,1.0,10.0,0.0
112709526,527,1,self,51000.0,11,4,32,0,0,12,0,6,0,25,17,0,0,0,0,8,0,0,0,65,24.0,0.0,6.0,6.0,40.0,0.0,5.0,0.0,28.0,2.0,5.0,10.0,6.0,8.0,1.0,10.0,0.0
112709526,551,0,opponent,56060.0,12,4,29,0,0,9,0,6,2,19,13,0,0,0,2,8,0,0,0,61,23.0,0.0,6.0,6.0,38.0,0.0,2.0,0.0,27.0,2.0,5.0,10.0,8.0,9.0,1.0,10.0,0.0
112709526,551,1,self,56621.0,12,4,29,0,0,9,0,6,2,22,15,0,0,0,2,8,0,0,0,61,23.0,0.0,6.0,6.0,39.0,0.0,2.0,0.0,27.0,2.0,5.0,10.0,8.0,8.0,1.0,10.0,0.0
112709526,575,0,opponent,61171.0,10,4,25,3,0,17,0,6,2,17,16,0,0,0,0,8,0,0,0,74,31.0,0.0,6.0,6.0,50.0,0.0,0.0,3.0,20.0,5.0,5.0,4.0,7.0,12.0,1.0,10.0,0.0
112709526,575,1,self,61559.0,11,4,28,0,0,17,0,6,2,18,16,0,0,0,4,8,0,0,0,76,24.0,0.0,6.0,6.0,45.0,0.0,0.0,3.0,20.0,5.0,5.0,4.0,14.0,19.0,1.0,10.0,0.0
112709526,576,0,opponent,61171.0,0,4,25,3,0,22,0,9,2,17,16,0,0,0,0,8,0,0,0,101,31.0,0.0,6.0,6.0,55.0,0.0,6.0,9.0,20.0,5.0,5.0,14.0,7.0,12.0,1.0,10.0,0.0
112709526,576,1,self,61682.0,0,4,28,0,0,22,0,9,2,15,16,0,0,0,4,8,0,0,0,104,24.0,0.0,6.0,6.0,51.0,0.0,6.0,9.0,20.0,5.0,5.0,14.0,14.0,19.0,1.0,10.0,0.0
112709526,599,0,opponent,65850.0,13,4,30,15,0,5,0,9,1,21,15,0,0,0,0,8,0,0,0,66,35.0,0.0,6.0,6.0,58.0,0.0,0.0,0.0,17.0,0.0,5.0,2.0,6.0,6.0,1.0,10.0,0.0
112709526,599,1,self,66563.0,13,4,32,16,0,5,0,9,2,13,15,0,0,0,1,8,0,0,0,72,27.0,0.0,6.0,6.0,56.0,0.0,0.0,0.0,17.0,0.0,5.0,2.0,14.0,14.0,1.0,10.0,0.0
112709526,623,0,opponent,70305.0,13,4,39,6,0,21,0,6,3,7,14,0,0,0,0,8,0,0,0,81,27.0,0.0,6.0,6.0,56.0,0.0,0.0,3.0,13.0,0.0,5.0,4.0,18.0,18.0,1.0,10.0,0.0
112709526,623,1,self,70886.0,13,4,40,9,0,21,0,6,3,4,15,0,0,0,1,8,0,0,0,87,20.0,0.0,6.0,6.0,48.0,0.0,0.0,3.0,13.0,0.0,5.0,4.0,25.0,32.0,1.0,10.0,0.0
112709526,647,0,opponent,77852.0,14,4,53,0,8,0,0,9,4,6,15,0,0,0,1,8,0,0,0,80,15.0,0.0,6.0,6.0,43.0,0.0,0.0,0.0,13.0,0.0,5.0,5.0,30.0,32.0,1.0,10.0,0.0
112709526,647,1,self,78777.0,14,4,36,21,8,0,0,9,4,6,15,0,0,0,1,8,0,0,0,80,14.0,0.0,6.0,6.0,40.0,0.0,0.0,0.0,13.0,0.0,5.0,5.0,31.0,35.0,1.0,10.0,0.0
112709526,648,0,opponent,77852.0,0,4,53,0,8,0,0,9,4,6,16,0,0,0,1,8,0,0,0,156,15.0,0.0,6.0,6.0,47.0,0.0,4.0,9.0,13.0,26.0,5.0,14.0,30.0,36.0,1.0,10.0,20.0
112709526,648,1,self,78777.0,0,4,36,21,8,0,0,9,4,6,16,0,0,0,1,8,0,0,0,154,14.0,0.0,6.0,6.0,44.0,0.0,4.0,9.0,13.0,26.0,4.0,12.0,31.0,39.0,1.0,10.0,20.0
112709526,671,0,opponent,84276.0,13,4,32,15,14,20,0,3,4,4,5,0,0,0,4,8,0,0,0,87,9.0,0.0,6.0,6.0,29.0,0.0,0.0,3.0,4.0,0.0,5.0,8.0,35.0,47.0,1.0,10.0,0.0
112709526,671,1,self,86226.0,13,4,32,15,14,20,0,3,4,4,5,0,0,0,2,1,0,0,0,84,10.0,0.0,6.0,6.0,26.0,0.0,0.0,3.0,4.0,0.0,4.0,6.0,34.0,49.0,1.0,10.0,0.0
112709526,695,0,opponent,97169.0,13,4,45,33,0,0,0,1,3,8,8,0,0,0,4,8,0,0,0,48,1.0,0.0,6.0,6.0,3.0,0.0,0.0,3.0,0.0,0.0,5.0,4.0,22.0,38.0,1.0,10.0,0.0
112709526,695,1,self,99611.0,13,4,39,33,0,0,0,1,3,4,8,0,0,0,2,1,0,0,0,48,3.0,0.0,6.0,6.0,5.0,0.0,0.0,3.0,0.0,0.0,4.0,4.0,20.0,36.0,1.0,10.0,0.0
112709526,696,0,opponent,97433.0,0,4,42,36,0,0,0,1,3,8,6,0,0,0,4,8,0,0,0,82,0.0,0.0,6.0,6.0,0.0,0.0,2.0,12.0,0.0,0.0,5.0,12.0,21.0,36.0,1.0,10.0,20.0
112709526,696,1,self,99877.0,0,4,36,36,0,0,0,1,3,4,6,0,0,0,2,1,0,0,0,81,2.0,0.0,6.0,6.0,2.0,0.0,2.0,12.0,0.0,0.0,4.0,11.0,19.0,34.0,1.0,10.0,20.0
112709526,719,0,opponent,110103.0,13,4,0,0,0,0,0,0,0,0,0,0,0,0,4,8,0,0,0,0,0.0,0.0,6.0,6.0,0.0,0.0,0.0,0.0,0.0,0.0,5.0,0.0,0.0,0.0,1.0,10.0,0.0
112709526,719,1,self,112027.0,13,4,0,0,0,0,0,0,0,0,0,0,0,0,2,1,0,0,0,0,0.0,0.0,6.0,6.0,0.0,0.0,0.0,0.0,0.0,0.0,4.0,0.0,0.0,0.0,1.0,10.0,0.0
112710679,0,0,opponent,3000.0,0,1,0,0,0,0,0,0,0,0,0,0,0,0,0,0,0,0,0,0,0.0,0.0,0.0,0.0,0.0,0.0,0.0,0.0,0.0,0.0,0.0,0.0,0.0,0.0,0.0,0.0,0.0
112710679,0,1,self,3000.0,0,1,0,0,0,0,0,0,0,0,0,0,0,0,0,0,0,0,0,0,0.0,0.0,0.0,0.0,0.0,0.0,0.0,0.0,0.0,0.0,0.0,0.0,0.0,0.0,0.0,0.0,0.0
112710679,23,0,opponent,8.0,5,1,3,0,0,0,0,0,0,0,0,0,0,0,0,0,0,0,0,20,8.0,12.0,2.0,2.0,8.0,12.0,0.0,0.0,0.0,0.0,0.0,0.0,0.0,0.0,0.0,0.0,0.0
112710679,23,1,self,16.0,5,1,3,0,0,0,0,0,0,0,0,0,0,0,0,0,0,0,0,20,8.0,12.0,2.0,2.0,8.0,12.0,0.0,0.0,0.0,0.0,0.0,0.0,0.0,0.0,0.0,0.0,0.0
112710679,24,0,opponent,8.0,0,1,3,0,0,0,0,0,0,0,0,0,0,0,0,0,0,0,0,20,8.0,12.0,2.0,2.0,8.0,12.0,0.0,0.0,0.0,0.0,0.0,0.0,0.0,0.0,0.0,0.0,0.0
112710679,24,1,self,16.0,0,1,3,0,0,0,0,0,0,0,0,0,0,0,0,0,0,0,0,20,8.0,12.0,2.0,2.0,8.0,12.0,0.0,0.0,0.0,0.0,0.0,0.0,0.0,0.0,0.0,0.0,0.0
112710679,47,0,opponent,97.0,3,1,6,0,0,0,0,0,0,0,1,0,0,0,0,0,0,0,0,20,8.0,12.0,2.0,2.0,8.0,12.0,0.0,0.0,0.0,0.0,0.0,0.0,0.0,0.0,0.0,0.0,0.0
112710679,47,1,self,105.0,3,1,6,0,0,0,0,0,0,0,1,0,0,0,0,0,0,0,0,20,8.0,12.0,2.0,2.0,8.0,12.0,0.0,0.0,0.0,0.0,0.0,0.0,0.0,0.0,0.0,0.0,0.0
112710679,71,0,opponent,210.0,4,1,6,0,0,0,0,0,0,0,0,0,0,0,0,0,0,0,0,25,8.0,12.0,2.0,3.0,13.0,12.0,0.0,0.0,0.0,0.0,0.0,0.0,0.0,0.0,0.0,0.0,0.0
112710679,71,1,self,218.0,4,1,6,0,0,0,0,0,0,0,0,0,0,0,0,0,0,0,0,25,8.0,12.0,2.0,3.0,13.0,12.0,0.0,0.0,0.0,0.0,0.0,0.0,0.0,0.0,0.0,0.0,0.0
112710679,72,0,opponent,210.0,0,1,6,0,0,0,0,0,0,0,0,0,0,0,0,0,0,0,0,25,8.0,12.0,2.0,3.0,13.0,12.0,0.0,0.0,0.0,0.0,0.0,0.0,0.0,0.0,0.0,0.0,0.0
112710679,72,1,self,218.0,0,1,6,0,0,0,0,0,0,0,0,0,0,0,0,0,0,0,0,25,8.0,12.0,2.0,3.0,13.0,12.0,0.0,0.0,0.0,0.0,0.0,0.0,0.0,0.0,0.0,0.0,0.0
112710679,95,0,opponent,263.0,5,1,14,0,0,0,0,0,0,0,1,1,0,0,0,0,0,0,0,19,7.0,12.0,2.0,3.0,7.0,12.0,0.0,0.0,0.0,0.0,0.0,0.0,0.0,0.0,0.0,0.0,0.0
112710679,95,1,self,271.0,5,1,14,0,0,0,0,0,0,0,1,1,0,0,0,0,0,0,0,19,7.0,12.0,2.0,3.0,7.0,12.0,0.0,0.0,0.0,0.0,0.0,0.0,0.0,0.0,0.0,0.0,0.0
112710679,119,0,opponent,668.0,4,1,19,0,0,0,0,0,0,0,1,0,0,0,0,0,0,0,0,19,7.0,12.0,2.0,4.0,7.0,12.0,0.0,0.0,0.0,0.0,0.0,0.0,0.0,0.0,0.0,0.0,0.0
112710679,119,1,self,676.0,4,1,19,0,0,0,0,0,0,0,1,0,0,0,0,0,0,0,0,19,7.0,12.0,2.0,4.0,7.0,12.0,0.0,0.0,0.0,0.0,0.0,0.0,0.0,0.0,0.0,0.0,0.0
112710679,143,0,opponent,783.0,4,1,19,0,0,0,0,0,0,0,2,0,0,0,0,0,0,0,0,15,3.0,12.0,2.0,4.0,3.0,12.0,0.0,0.0,4.0,0.0,0.0,0.0,0.0,0.0,0.0,0.0,0.0
112710679,143,1,self,791.0,4,1,19,0,0,0,0,0,0,0,2,0,0,0,0,0,0,0,0,15,3.0,12.0,2.0,4.0,3.0,12.0,0.0,0.0,4.0,0.0,0.0,0.0,0.0,0.0,0.0,0.0,0.0
112710679,144,0,opponent,783.0,0,1,19,0,0,0,0,0,0,0,2,0,0,0,0,0,0,0,0,27,3.0,12.0,2.0,4.0,3.0,12.0,12.0,0.0,4.0,0.0,0.0,0.0,0.0,0.0,0.0,0.0,0.0
112710679,144,1,self,791.0,0,1,19,0,0,0,0,0,0,0,2,0,0,0,0,0,0,0,0,27,3.0,12.0,2.0,4.0,3.0,12.0,12.0,0.0,4.0,0.0,0.0,0.0,0.0,0.0,0.0,0.0,0.0
112710679,167,0,opponent,732.0,7,2,16,0,0,0,0,0,2,0,1,0,0,0,0,0,0,0,0,30,6.0,12.0,2.0,6.0,7.0,23.0,0.0,0.0,12.0,0.0,0.0,0.0,0.0,0.0,0.0,0.0,0.0
112710679,167,1,self,740.0,7,2,16,0,0,0,0,0,2,0,1,0,0,0,0,0,0,0,0,30,6.0,12.0,2.0,6.0,7.0,23.0,0.0,0.0,12.0,0.0,0.0,0.0,0.0,0.0,0.0,0.0,0.0
112710679,191,0,opponent,529.0,7,2,11,0,0,0,0,0,0,0,1,0,0,0,1,0,0,0,0,44,8.0,12.0,2.0,8.0,8.0,36.0,0.0,0.0,16.0,0.0,0.0,0.0,0.0,0.0,0.0,0.0,0.0
112710679,191,1,self,537.0,7,2,11,0,0,0,0,0,0,0,1,0,0,0,1,0,0,0,0,44,8.0,12.0,2.0,8.0,8.0,36.0,0.0,0.0,16.0,0.0,0.0,0.0,0.0,0.0,0.0,0.0,0.0
112710679,192,0,opponent,529.0,0,2,11,0,0,0,0,0,0,0,1,0,0,0,0,0,0,0,0,57,9.0,12.0,2.0,8.0,9.0,36.0,0.0,12.0,16.0,0.0,0.0,0.0,0.0,0.0,0.0,0.0,0.0
112710679,192,1,self,537.0,0,2,11,0,0,0,0,0,0,0,1,0,0,0,0,0,0,0,0,57,9.0,12.0,2.0,8.0,9.0,36.0,0.0,12.0,16.0,0.0,0.0,0.0,0.0,0.0,0.0,0.0,0.0
112710679,215,0,opponent,1627.0,8,2,28,0,0,0,0,0,0,0,3,0,0,0,0,0,0,0,0,52,5.0,12.0,4.0,8.0,5.0,47.0,0.0,0.0,20.0,0.0,0.0,0.0,0.0,0.0,0.0,0.0,0.0
112710679,215,1,self,1635.0,8,2,28,0,0,0,0,0,0,0,3,0,0,0,0,0,0,0,0,52,5.0,12.0,4.0,8.0,5.0,47.0,0.0,0.0,20.0,0.0,0.0,0.0,0.0,0.0,0.0,0.0,0.0
112710679,239,0,opponent,2514.0,8,2,36,0,0,0,0,0,0,0,1,0,1,0,0,0,0,0,0,64,5.0,12.0,5.0,8.0,5.0,59.0,0.0,0.0,20.0,0.0,0.0,0.0,0.0,0.0,0.0,0.0,0.0
112710679,239,1,self,2522.0,8,2,36,0,0,0,0,0,0,0,1,0,1,0,0,0,0,0,0,64,5.0,12.0,5.0,8.0,5.0,59.0,0.0,0.0,20.0,0.0,0.0,0.0,0.0,0.0,0.0,0.0,0.0
112710679,240,0,opponent,2514.0,0,2,36,0,0,0,0,0,0,0,1,0,1,0,0,0,0,0,0,77,5.0,12.0,5.0,8.0,5.0,60.0,0.0,12.0,20.0,0.0,0.0,0.0,0.0,0.0,0.0,0.0,0.0
112710679,240,1,self,2522.0,0,2,36,0,0,0,0,0,0,0,1,0,1,0,0,0,0,0,0,77,5.0,12.0,5.0,8.0,5.0,60.0,0.0,12.0,20.0,0.0,0.0,0.0,0.0,0.0,0.0,0.0,0.0
112710679,263,0,opponent,16250.0,11,2,42,0,0,0,12,0,0,0,11,0,0,0,0,0,0,0,0,13,12.0,0.0,6.0,8.0,13.0,0.0,0.0,0.0,20.0,0.0,2.0,0.0,0.0,0.0,0.0,0.0,0.0
112710679,263,1,self,16258.0,11,2,42,0,0,0,12,0,0,0,11,0,0,0,0,0,0,0,0,13,12.0,0.0,6.0,8.0,13.0,0.0,0.0,0.0,20.0,0.0,2.0,0.0,0.0,0.0,0.0,0.0,0.0
112710679,287,0,opponent,15614.0,10,3,37,0,0,0,0,0,0,0,15,0,0,0,0,0,0,0,0,24,21.0,0.0,6.0,8.0,24.0,0.0,0.0,0.0,33.0,0.0,3.0,0.0,0.0,0.0,0.0,0.0,0.0
112710679,287,1,self,15622.0,10,3,37,0,0,0,0,0,0,0,15,0,0,0,0,0,0,0,0,24,21.0,0.0,6.0,8.0,24.0,0.0,0.0,0.0,33.0,0.0,3.0,0.0,0.0,0.0,0.0,0.0,0.0
112710679,288,0,opponent,15614.0,0,3,39,0,0,0,0,0,0,0,16,0,0,0,0,0,0,0,0,39,20.0,0.0,6.0,8.0,22.0,0.0,8.0,9.0,33.0,0.0,3.0,0.0,0.0,0.0,0.0,0.0,0.0
112710679,288,1,self,15622.0,0,3,39,0,0,0,0,0,0,0,16,0,0,0,0,0,0,0,0,39,20.0,0.0,6.0,8.0,22.0,0.0,8.0,9.0,33.0,0.0,3.0,0.0,0.0,0.0,0.0,0.0,0.0
112710679,311,0,opponent,19417.0,9,3,14,0,0,0,0,0,0,0,17,0,0,0,0,0,0,0,0,30,24.0,0.0,6.0,8.0,27.0,0.0,0.0,3.0,33.0,0.0,3.0,0.0,0.0,0.0,0.0,0.0,0.0
112710679,311,1,self,19425.0,9,3,14,0,0,0,0,0,0,0,17,0,0,0,0,0,0,0,0,30,24.0,0.0,6.0,8.0,27.0,0.0,0.0,3.0,33.0,0.0,3.0,0.0,0.0,0.0,0.0,0.0,0.0
112710679,335,0,opponent,21313.0,9,3,16,0,0,0,0,0,0,0,14,0,0,0,0,0,0,0,0,32,24.0,0.0,6.0,8.0,32.0,0.0,0.0,0.0,33.0,0.0,3.0,0.0,0.0,0.0,0.0,0.0,0.0
112710679,335,1,self,21321.0,9,3,16,0,0,0,0,0,0,0,14,0,0,0,0,0,0,0,0,32,24.0,0.0,6.0,8.0,32.0,0.0,0.0,0.0,33.0,0.0,3.0,0.0,0.0,0.0,0.0,0.0,0.0
112710679,359,0,opponent,24341.0,9,3,24,0,0,0,0,6,3,8,20,0,0,0,0,0,0,0,0,38,24.0,0.0,6.0,8.0,38.0,0.0,0.0,0.0,33.0,0.0,3.0,0.0,0.0,0.0,0.0,0.0,0.0
112710679,359,1,self,24349.0,9,3,24,0,0,0,0,6,3,8,20,0,0,0,0,0,0,0,0,38,24.0,0.0,6.0,8.0,38.0,0.0,0.0,0.0,33.0,0.0,3.0,0.0,0.0,0.0,0.0,0.0,0.0
112710679,360,0,opponent,24722.0,0,3,24,0,0,0,0,6,0,8,15,0,0,0,0,0,0,0,0,82,24.0,0.0,6.0,8.0,40.0,0.0,11.0,15.0,33.0,8.0,3.0,8.0,0.0,0.0,0.0,0.0,0.0
112710679,360,1,self,24730.0,0,3,24,0,0,0,0,6,0,8,15,0,0,0,0,0,0,0,0,82,24.0,0.0,6.0,8.0,40.0,0.0,11.0,15.0,33.0,8.0,3.0,8.0,0.0,0.0,0.0,0.0,0.0
112710679,383,0,opponent,29961.0,10,3,25,0,0,0,0,0,11,6,11,0,0,0,1,0,0,0,0,40,24.0,0.0,6.0,8.0,38.0,0.0,0.0,0.0,33.0,0.0,3.0,2.0,0.0,0.0,0.0,0.0,0.0
112710679,383,1,self,29970.0,10,3,25,0,0,0,0,0,11,6,11,0,0,0,1,0,0,0,0,40,24.0,0.0,6.0,8.0,38.0,0.0,0.0,0.0,33.0,0.0,3.0,2.0,0.0,0.0,0.0,0.0,0.0
112710679,407,0,opponent,35056.0,11,3,36,0,0,0,0,3,0,5,11,0,0,0,1,0,0,0,0,38,25.0,0.0,6.0,8.0,36.0,0.0,0.0,0.0,33.0,0.0,3.0,2.0,0.0,0.0,0.0,0.0,0.0
112710679,407,1,self,35065.0,11,3,36,0,0,0,0,3,0,5,11,0,0,0,1,0,0,0,0,38,25.0,0.0,6.0,8.0,36.0,0.0,0.0,0.0,33.0,0.0,3.0,2.0,0.0,0.0,0.0,0.0,0.0
112710679,431,0,opponent,39271.0,11,3,38,0,0,0,0,9,0,6,15,0,0,0,1,0,0,0,0,38,25.0,0.0,6.0,8.0,36.0,0.0,0.0,0.0,33.0,0.0,3.0,2.0,0.0,0.0,0.0,0.0,0.0
112710679,431,1,self,39274.0,11,3,38,0,0,0,0,9,2,6,15,0,0,0,1,0,0,0,0,38,25.0,0.0,6.0,8.0,36.0,0.0,0.0,0.0,33.0,0.0,3.0,2.0,0.0,0.0,0.0,0.0,0.0
112710679,432,0,opponent,39324.0,0,3,38,0,0,0,0,9,0,5,16,0,0,0,1,0,0,0,0,89,25.0,0.0,6.0,8.0,38.0,0.0,4.0,15.0,33.0,24.0,3.0,8.0,0.0,0.0,0.0,0.0,0.0
112710679,432,1,self,39327.0,0,3,38,0,0,0,0,9,2,5,16,0,0,0,1,0,0,0,0,89,25.0,0.0,6.0,8.0,38.0,0.0,4.0,15.0,33.0,24.0,3.0,8.0,0.0,0.0,0.0,0.0,0.0
112710679,455,0,opponent,39414.0,13,4,37,0,0,6,0,6,1,4,14,0,0,0,1,0,0,0,0,48,25.0,0.0,6.0,8.0,38.0,0.0,1.0,3.0,33.0,2.0,3.0,4.0,0.0,0.0,0.0,10.0,0.0
112710679,455,1,self,39423.0,13,4,37,0,0,6,0,6,1,4,14,0,0,0,1,0,0,0,0,48,25.0,0.0,6.0,8.0,38.0,0.0,1.0,3.0,33.0,2.0,3.0,4.0,0.0,0.0,0.0,10.0,0.0
112710679,479,0,opponent,43505.0,11,4,41,0,0,6,0,6,1,10,13,0,0,0,1,0,0,0,0,42,25.0,0.0,6.0,8.0,42.0,0.0,0.0,0.0,33.0,0.0,3.0,0.0,0.0,0.0,0.0,10.0,0.0
112710679,479,1,self,43514.0,11,4,41,0,0,6,0,6,1,10,13,0,0,0,1,0,0,0,0,42,25.0,0.0,6.0,8.0,42.0,0.0,0.0,0.0,33.0,0.0,3.0,0.0,0.0,0.0,0.0,10.0,0.0
112710679,480,0,opponent,43505.0,0,4,41,0,0,6,0,6,1,10,14,0,0,0,1,0,0,0,0,95,25.0,0.0,6.0,8.0,46.0,0.0,4.0,15.0,33.0,24.0,3.0,6.0,0.0,0.0,0.0,10.0,0.0
112710679,480,1,self,43514.0,0,4,41,0,0,6,0,6,1,10,14,0,0,0,1,0,0,0,0,95,25.0,0.0,6.0,8.0,46.0,0.0,4.0,15.0,33.0,24.0,3.0,6.0,0.0,0.0,0.0,10.0,0.0
112710679,503,0,opponent,48660.0,12,4,47,0,0,4,0,9,2,7,13,0,0,0,1,0,0,0,0,56,25.0,0.0,6.0,8.0,49.0,0.0,2.0,3.0,33.0,0.0,3.0,2.0,0.0,0.0,0.0,10.0,0.0
112710679,503,1,self,48939.0,12,4,47,0,0,4,0,6,2,7,13,0,0,0,1,0,0,0,0,56,25.0,0.0,6.0,8.0,49.0,0.0,2.0,3.0,33.0,0.0,3.0,2.0,0.0,0.0,0.0,10.0,0.0
112710679,527,0,opponent,53924.0,11,4,52,0,0,12,0,6,0,4,16,0,0,0,1,0,0,0,0,66,30.0,0.0,6.0,8.0,52.0,0.0,5.0,3.0,28.0,2.0,3.0,4.0,0.0,0.0,1.0,10.0,0.0
112710679,527,1,self,54113.0,11,4,52,0,0,12,0,6,0,4,16,0,0,0,1,0,0,0,0,66,30.0,0.0,6.0,8.0,52.0,0.0,5.0,3.0,28.0,2.0,3.0,4.0,0.0,0.0,0.0,10.0,0.0
112710679,551,0,opponent,56934.0,12,4,46,0,0,10,0,9,2,4,13,0,0,0,1,0,0,0,0,60,31.0,0.0,6.0,8.0,47.0,0.0,2.0,3.0,27.0,2.0,3.0,6.0,0.0,0.0,1.0,10.0,0.0
112710679,551,1,self,57125.0,12,4,46,0,0,10,0,9,2,4,13,0,0,0,1,0,0,0,0,60,31.0,0.0,6.0,8.0,47.0,0.0,2.0,3.0,27.0,2.0,3.0,6.0,0.0,0.0,0.0,10.0,0.0
112710679,575,0,opponent,59209.0,11,4,35,0,0,17,0,6,2,4,17,0,0,0,1,0,0,0,0,77,38.0,0.0,6.0,8.0,65.0,0.0,0.0,5.0,20.0,5.0,3.0,2.0,0.0,0.0,1.0,10.0,0.0
112710679,575,1,self,59323.0,11,4,35,0,0,17,0,6,2,4,17,0,0,0,1,0,0,0,0,77,38.0,0.0,6.0,8.0,65.0,0.0,0.0,5.0,20.0,5.0,3.0,2.0,0.0,0.0,0.0,10.0,0.0
112710679,576,0,opponent,59209.0,0,4,35,0,0,22,0,8,2,4,17,0,0,0,1,0,0,0,0,108,38.0,0.0,6.0,8.0,70.0,0.0,6.0,18.0,20.0,6.0,3.0,8.0,0.0,0.0,1.0,10.0,0.0
112710679,576,1,self,59323.0,0,4,35,0,0,22,0,8,2,4,17,0,0,0,1,0,0,0,0,108,38.0,0.0,6.0,8.0,70.0,0.0,6.0,18.0,20.0,6.0,3.0,8.0,0.0,0.0,0.0,10.0,0.0
112710679,599,0,opponent,60250.0,13,4,49,0,0,6,0,18,2,6,16,0,0,0,1,0,0,0,0,69,37.0,0.0,6.0,8.0,63.0,0.0,0.0,0.0,17.0,0.0,3.0,2.0,4.0,4.0,1.0,10.0,0.0
112710679,599,1,self,60119.0,13,4,49,0,0,6,0,18,2,6,16,0,0,0,1,0,0,0,0,69,37.0,0.0,6.0,8.0,63.0,0.0,0.0,0.0,17.0,0.0,3.0,2.0,4.0,4.0,0.0,10.0,0.0
112710679,623,0,opponent,63062.0,13,4,49,0,0,21,0,6,3,4,15,0,0,0,1,0,0,0,0,82,27.0,0.0,6.0,8.0,60.0,0.0,0.0,3.0,13.0,0.0,3.0,1.0,18.0,18.0,2.0,10.0,0.0
112710679,623,1,self,63315.0,13,4,49,0,0,21,0,6,3,4,15,0,0,0,1,0,0,0,0,82,27.0,0.0,6.0,8.0,60.0,0.0,0.0,3.0,13.0,0.0,3.0,1.0,18.0,18.0,0.0,10.0,0.0
112710679,647,0,opponent,65914.0,14,4,57,0,8,0,0,9,4,2,16,0,0,0,1,0,0,0,0,83,16.0,0.0,6.0,8.0,44.0,0.0,0.0,5.0,13.0,0.0,3.0,3.0,29.0,31.0,2.0,10.0,0.0
112710679,647,1,self,66253.0,14,4,57,0,8,0,0,9,4,2,16,0,0,0,1,0,0,0,0,83,16.0,0.0,6.0,8.0,44.0,0.0,0.0,5.0,13.0,0.0,3.0,3.0,29.0,31.0,0.0,10.0,0.0
112710679,648,0,opponent,65914.0,0,4,57,0,8,0,0,9,4,2,17,0,0,0,1,0,0,0,0,155,16.0,0.0,6.0,8.0,48.0,0.0,4.0,14.0,13.0,26.0,3.0,8.0,29.0,35.0,2.0,10.0,20.0
112710679,648,1,self,66253.0,0,4,57,0,8,0,0,9,4,2,17,0,0,0,1,0,0,0,0,155,16.0,0.0,6.0,8.0,48.0,0.0,4.0,14.0,13.0,26.0,3.0,8.0,29.0,35.0,0.0,10.0,20.0
112710679,671,0,opponent,70087.0,13,4,36,15,14,20,0,5,4,0,5,0,0,0,1,0,0,0,0,87,18.0,0.0,6.0,8.0,38.0,0.0,0.0,3.0,4.0,0.0,3.0,8.0,26.0,38.0,2.0,10.0,0.0
112710679,671,1,self,70786.0,13,4,36,15,14,20,0,5,4,0,5,0,0,0,1,0,0,0,0,87,18.0,0.0,6.0,8.0,38.0,0.0,0.0,3.0,4.0,0.0,3.0,8.0,26.0,38.0,0.0,10.0,0.0
112710679,695,0,opponent,76383.0,13,4,47,33,0,0,0,1,3,8,8,0,0,0,1,0,0,0,0,50,10.0,0.0,6.0,8.0,12.0,0.0,0.0,9.0,0.0,0.0,3.0,0.0,13.0,29.0,2.0,10.0,0.0
112710679,695,1,self,77089.0,13,4,47,33,0,0,0,1,3,8,8,0,0,0,1,0,0,0,0,50,10.0,0.0,6.0,8.0,12.0,0.0,0.0,9.0,0.0,0.0,3.0,0.0,13.0,29.0,0.0,10.0,0.0
112710679,696,0,opponent,76670.0,0,4,44,36,0,0,0,1,2,8,6,0,0,0,1,0,0,0,0,80,9.0,0.0,6.0,8.0,10.0,0.0,2.0,18.0,0.0,0.0,3.0,4.0,12.0,26.0,2.0,10.0,20.0
112710679,696,1,self,77376.0,0,4,44,36,0,0,0,1,2,8,6,0,0,0,1,0,0,0,0,80,9.0,0.0,6.0,8.0,10.0,0.0,2.0,18.0,0.0,0.0,3.0,4.0,12.0,26.0,2.0,10.0,20.0
112710679,719,0,opponent,85855.0,13,4,0,0,0,0,0,0,0,0,0,0,0,0,1,0,0,0,0,0,0.0,0.0,6.0,8.0,0.0,0.0,0.0,0.0,0.0,0.0,3.0,0.0,0.0,0.0,2.0,10.0,0.0
112710679,719,1,self,86561.0,13,4,0,0,0,0,0,0,0,0,0,0,0,0,1,0,0,0,0,0,0.0,0.0,6.0,8.0,0.0,0.0,0.0,0.0,0.0,0.0,3.0,0.0,0.0,0.0,2.0,10.0,0.0
112711880,0,0,opponent,3000.0,0,1,0,0,0,0,0,0,0,0,0,0,0,0,0,0,0,0,0,0,0.0,0.0,0.0,0.0,0.0,0.0,0.0,0.0,0.0,0.0,0.0,0.0,0.0,0.0,0.0,0.0,0.0
112711880,0,1,self,3000.0,0,1,0,0,0,0,0,0,0,0,0,0,0,0,0,0,0,0,0,0,0.0,0.0,0.0,0.0,0.0,0.0,0.0,0.0,0.0,0.0,0.0,0.0,0.0,0.0,0.0,0.0,0.0
112711880,23,0,opponent,8.0,5,1,3,0,0,0,0,0,0,0,0,0,0,0,0,0,0,0,0,20,8.0,12.0,2.0,2.0,8.0,12.0,0.0,0.0,0.0,0.0,0.0,0.0,0.0,0.0,0.0,0.0,0.0
112711880,23,1,self,16.0,5,1,3,0,0,0,0,0,0,0,0,0,0,0,0,0,0,0,0,20,8.0,12.0,2.0,2.0,8.0,12.0,0.0,0.0,0.0,0.0,0.0,0.0,0.0,0.0,0.0,0.0,0.0
112711880,24,0,opponent,8.0,0,1,3,0,0,0,0,0,0,0,0,0,0,0,0,0,0,0,0,20,8.0,12.0,2.0,2.0,8.0,12.0,0.0,0.0,0.0,0.0,0.0,0.0,0.0,0.0,0.0,0.0,0.0
112711880,24,1,self,16.0,0,1,3,0,0,0,0,0,0,0,0,0,0,0,0,0,0,0,0,20,8.0,12.0,2.0,2.0,8.0,12.0,0.0,0.0,0.0,0.0,0.0,0.0,0.0,0.0,0.0,0.0,0.0
112711880,47,0,opponent,97.0,3,1,6,0,0,0,0,0,0,0,1,0,0,0,0,0,0,0,0,20,8.0,12.0,2.0,2.0,8.0,12.0,0.0,0.0,0.0,0.0,0.0,0.0,0.0,0.0,0.0,0.0,0.0
112711880,47,1,self,105.0,3,1,6,0,0,0,0,0,0,0,1,0,0,0,0,0,0,0,0,20,8.0,12.0,2.0,2.0,8.0,12.0,0.0,0.0,0.0,0.0,0.0,0.0,0.0,0.0,0.0,0.0,0.0
112711880,71,0,opponent,210.0,4,1,6,0,0,0,0,0,0,0,0,0,0,0,0,0,0,0,0,25,8.0,12.0,2.0,3.0,13.0,12.0,0.0,0.0,0.0,0.0,0.0,0.0,0.0,0.0,0.0,0.0,0.0
112711880,71,1,self,218.0,4,1,6,0,0,0,0,0,0,0,0,0,0,0,0,0,0,0,0,25,8.0,12.0,2.0,3.0,13.0,12.0,0.0,0.0,0.0,0.0,0.0,0.0,0.0,0.0,0.0,0.0,0.0
112711880,72,0,opponent,210.0,0,1,6,0,0,0,0,0,0,0,0,0,0,0,0,0,0,0,0,25,8.0,12.0,2.0,3.0,13.0,12.0,0.0,0.0,0.0,0.0,0.0,0.0,0.0,0.0,0.0,0.0,0.0
112711880,72,1,self,218.0,0,1,6,0,0,0,0,0,0,0,0,0,0,0,0,0,0,0,0,25,8.0,12.0,2.0,3.0,13.0,12.0,0.0,0.0,0.0,0.0,0.0,0.0,0.0,0.0,0.0,0.0,0.0
112711880,95,0,opponent,263.0,5,1,14,0,0,0,0,0,0,0,1,1,0,0,0,0,0,0,0,19,7.0,12.0,2.0,3.0,7.0,12.0,0.0,0.0,0.0,0.0,0.0,0.0,0.0,0.0,0.0,0.0,0.0
112711880,95,1,self,271.0,5,1,14,0,0,0,0,0,0,0,1,1,0,0,0,0,0,0,0,19,7.0,12.0,2.0,3.0,7.0,12.0,0.0,0.0,0.0,0.0,0.0,0.0,0.0,0.0,0.0,0.0,0.0
112711880,119,0,opponent,668.0,4,1,19,0,0,0,0,0,0,0,1,0,0,0,0,0,0,0,0,19,7.0,12.0,2.0,4.0,7.0,12.0,0.0,0.0,0.0,0.0,0.0,0.0,0.0,0.0,0.0,0.0,0.0
112711880,119,1,self,676.0,4,1,19,0,0,0,0,0,0,0,1,0,0,0,0,0,0,0,0,19,7.0,12.0,2.0,4.0,7.0,12.0,0.0,0.0,0.0,0.0,0.0,0.0,0.0,0.0,0.0,0.0,0.0
112711880,143,0,opponent,783.0,4,1,19,0,0,0,0,0,0,0,2,0,0,0,0,0,0,0,0,15,3.0,12.0,2.0,4.0,3.0,12.0,0.0,0.0,4.0,0.0,0.0,0.0,0.0,0.0,0.0,0.0,0.0
112711880,143,1,self,791.0,4,1,19,0,0,0,0,0,0,0,2,0,0,0,0,0,0,0,0,15,3.0,12.0,2.0,4.0,3.0,12.0,0.0,0.0,4.0,0.0,0.0,0.0,0.0,0.0,0.0,0.0,0.0
112711880,144,0,opponent,783.0,0,1,19,0,0,0,0,0,0,0,2,0,0,0,0,0,0,0,0,27,3.0,12.0,2.0,4.0,3.0,12.0,12.0,0.0,4.0,0.0,0.0,0.0,0.0,0.0,0.0,0.0,0.0
112711880,144,1,self,791.0,0,1,19,0,0,0,0,0,0,0,2,0,0,0,0,0,0,0,0,27,3.0,12.0,2.0,4.0,3.0,12.0,12.0,0.0,4.0,0.0,0.0,0.0,0.0,0.0,0.0,0.0,0.0
112711880,167,0,opponent,1108.0,8,2,11,0,0,0,0,0,0,0,2,0,0,0,0,0,0,0,0,29,5.0,12.0,4.0,4.0,5.0,24.0,0.0,0.0,12.0,0.0,0.0,0.0,0.0,0.0,0.0,0.0,0.0
112711880,167,1,self,1116.0,8,2,11,0,0,0,0,0,0,0,2,0,0,0,0,0,0,0,0,29,5.0,12.0,4.0,4.0,5.0,24.0,0.0,0.0,12.0,0.0,0.0,0.0,0.0,0.0,0.0,0.0,0.0
112711880,191,0,opponent,424.0,8,2,2,0,0,0,0,0,0,0,3,0,0,0,0,0,0,0,0,45,9.0,12.0,4.0,6.0,9.0,36.0,0.0,0.0,16.0,0.0,0.0,0.0,0.0,0.0,0.0,0.0,0.0
112711880,191,1,self,432.0,8,2,2,0,0,0,0,0,0,0,3,0,0,0,0,0,0,0,0,45,9.0,12.0,4.0,6.0,9.0,36.0,0.0,0.0,16.0,0.0,0.0,0.0,0.0,0.0,0.0,0.0,0.0
112711880,192,0,opponent,169.0,0,2,10,0,0,0,0,0,0,0,3,0,0,0,0,0,0,0,0,57,9.0,12.0,4.0,6.0,9.0,36.0,0.0,12.0,16.0,0.0,0.0,0.0,0.0,0.0,0.0,0.0,0.0
112711880,192,1,self,177.0,0,2,10,0,0,0,0,0,0,0,3,0,0,0,0,0,0,0,0,57,9.0,12.0,4.0,6.0,9.0,36.0,0.0,12.0,16.0,0.0,0.0,0.0,0.0,0.0,0.0,0.0,0.0
112711880,215,0,opponent,1789.0,9,2,15,0,0,0,0,0,0,0,3,0,0,0,0,0,0,0,0,53,5.0,12.0,6.0,6.0,5.0,48.0,0.0,0.0,20.0,0.0,0.0,0.0,0.0,0.0,0.0,0.0,0.0
112711880,215,1,self,1797.0,9,2,15,0,0,0,0,0,0,0,3,0,0,0,0,0,0,0,0,53,5.0,12.0,6.0,6.0,5.0,48.0,0.0,0.0,20.0,0.0,0.0,0.0,0.0,0.0,0.0,0.0,0.0
112711880,239,0,opponent,4034.0,9,2,11,0,0,0,0,0,0,0,1,0,0,0,0,0,0,0,0,63,5.0,12.0,7.0,6.0,5.0,58.0,0.0,0.0,20.0,0.0,0.0,0.0,0.0,0.0,0.0,0.0,0.0
112711880,239,1,self,4042.0,9,2,11,0,0,0,0,0,0,0,1,0,0,0,0,0,0,0,0,63,5.0,12.0,7.0,6.0,5.0,58.0,0.0,0.0,20.0,0.0,0.0,0.0,0.0,0.0,0.0,0.0,0.0
112711880,240,0,opponent,4034.0,0,2,11,0,0,0,0,0,0,0,1,0,0,0,0,0,0,0,0,76,5.0,12.0,7.0,6.0,5.0,60.0,0.0,11.0,20.0,0.0,0.0,0.0,0.0,0.0,0.0,0.0,0.0
112711880,240,1,self,4042.0,0,2,11,0,0,0,0,0,0,0,1,0,0,0,0,0,0,0,0,76,5.0,12.0,7.0,6.0,5.0,60.0,0.0,11.0,20.0,0.0,0.0,0.0,0.0,0.0,0.0,0.0,0.0
112711880,263,0,opponent,17203.0,11,2,2,0,0,0,12,0,0,0,12,0,0,0,0,0,0,0,0,12,12.0,0.0,10.0,6.0,12.0,0.0,0.0,0.0,20.0,0.0,0.0,0.0,0.0,0.0,0.0,0.0,0.0
112711880,263,1,self,17211.0,11,2,2,0,0,0,12,0,0,0,12,0,0,0,0,0,0,0,0,12,12.0,0.0,10.0,6.0,12.0,0.0,0.0,0.0,20.0,0.0,0.0,0.0,0.0,0.0,0.0,0.0,0.0
112711880,287,0,opponent,15693.0,11,3,14,0,0,0,0,0,0,0,16,0,0,0,0,0,0,0,0,22,20.0,0.0,11.0,6.0,22.0,0.0,0.0,0.0,33.0,0.0,0.0,0.0,0.0,0.0,0.0,0.0,0.0
112711880,287,1,self,15701.0,11,3,14,0,0,0,0,0,0,0,16,0,0,0,0,0,0,0,0,22,20.0,0.0,11.0,6.0,22.0,0.0,0.0,0.0,33.0,0.0,0.0,0.0,0.0,0.0,0.0,0.0,0.0
112711880,288,0,opponent,15505.0,0,3,19,0,0,0,0,0,0,0,17,0,0,0,0,0,0,0,0,51,20.0,0.0,11.0,6.0,22.0,0.0,20.0,9.0,33.0,0.0,0.0,0.0,0.0,0.0,0.0,0.0,0.0
112711880,288,1,self,15513.0,0,3,19,0,0,0,0,0,0,0,17,0,0,0,0,0,0,0,0,51,20.0,0.0,11.0,6.0,22.0,0.0,20.0,9.0,33.0,0.0,0.0,0.0,0.0,0.0,0.0,0.0,0.0
112711880,311,0,opponent,20991.0,9,3,17,0,0,0,0,0,4,0,18,0,0,0,0,0,0,0,0,30,24.0,0.0,11.0,6.0,27.0,0.0,0.0,3.0,33.0,0.0,0.0,0.0,0.0,0.0,0.0,0.0,0.0
112711880,311,1,self,20999.0,9,3,17,0,0,0,0,0,4,0,18,0,0,0,0,0,0,0,0,30,24.0,0.0,11.0,6.0,27.0,0.0,0.0,3.0,33.0,0.0,0.0,0.0,0.0,0.0,0.0,0.0,0.0
112711880,335,0,opponent,23046.0,10,3,32,0,0,0,0,0,0,0,22,0,0,0,0,0,0,0,0,33,24.0,0.0,11.0,6.0,33.0,0.0,0.0,0.0,33.0,0.0,0.0,0.0,0.0,0.0,0.0,0.0,0.0
112711880,335,1,self,23054.0,10,3,32,0,0,0,0,0,0,0,22,0,0,0,0,0,0,0,0,33,24.0,0.0,11.0,6.0,33.0,0.0,0.0,0.0,33.0,0.0,0.0,0.0,0.0,0.0,0.0,0.0,0.0
112711880,359,0,opponent,27896.0,10,3,36,0,0,0,0,0,1,0,18,0,0,0,0,0,0,0,0,35,24.0,0.0,11.0,6.0,35.0,0.0,0.0,0.0,33.0,0.0,0.0,0.0,0.0,0.0,0.0,0.0,0.0
112711880,359,1,self,27904.0,10,3,36,0,0,0,0,0,1,0,18,0,0,0,0,0,0,0,0,35,24.0,0.0,11.0,6.0,35.0,0.0,0.0,0.0,33.0,0.0,0.0,0.0,0.0,0.0,0.0,0.0,0.0
112711880,360,0,opponent,27629.0,0,3,36,0,0,0,0,0,1,0,22,0,0,0,0,0,0,0,0,83,24.0,0.0,11.0,6.0,38.0,0.0,22.0,15.0,33.0,8.0,0.0,0.0,0.0,0.0,0.0,0.0,0.0
112711880,360,1,self,27637.0,0,3,36,0,0,0,0,0,1,0,22,0,0,0,0,0,0,0,0,83,24.0,0.0,11.0,6.0,38.0,0.0,22.0,15.0,33.0,8.0,0.0,0.0,0.0,0.0,0.0,0.0,0.0
112711880,383,0,opponent,33496.0,11,3,37,0,0,8,0,9,4,0,16,0,0,0,0,0,0,0,0,38,25.0,0.0,11.0,6.0,38.0,0.0,0.0,0.0,33.0,0.0,0.0,0.0,0.0,0.0,0.0,0.0,0.0
112711880,383,1,self,33504.0,11,3,37,0,0,8,0,9,4,0,16,0,0,0,0,0,0,0,0,38,25.0,0.0,11.0,6.0,38.0,0.0,0.0,0.0,33.0,0.0,0.0,0.0,0.0,0.0,0.0,0.0,0.0
112711880,407,0,opponent,42819.0,11,3,38,0,0,0,0,6,9,0,20,0,0,0,0,0,0,0,0,40,25.0,0.0,11.0,6.0,37.0,0.0,0.0,3.0,33.0,0.0,0.0,0.0,0.0,0.0,0.0,0.0,0.0
112711880,407,1,self,42827.0,11,3,38,0,0,0,0,6,9,0,20,0,0,0,0,0,0,0,0,40,25.0,0.0,11.0,6.0,37.0,0.0,0.0,3.0,33.0,0.0,0.0,0.0,0.0,0.0,0.0,0.0,0.0
112711880,431,0,opponent,50048.0,11,3,44,0,0,0,0,9,8,0,18,0,0,0,0,0,0,0,0,39,25.0,0.0,11.0,6.0,39.0,0.0,0.0,0.0,33.0,0.0,0.0,0.0,0.0,0.0,0.0,0.0,0.0
112711880,431,1,self,50056.0,11,3,44,0,0,0,0,9,8,0,18,0,0,0,0,0,0,0,0,39,25.0,0.0,11.0,6.0,39.0,0.0,0.0,0.0,33.0,0.0,0.0,0.0,0.0,0.0,0.0,0.0,0.0
112711880,432,0,opponent,50715.0,0,3,44,0,0,0,0,9,2,0,19,0,0,0,0,0,0,0,0,94,25.0,0.0,11.0,6.0,41.0,0.0,20.0,9.0,33.0,24.0,0.0,0.0,0.0,0.0,0.0,0.0,0.0
112711880,432,1,self,50723.0,0,3,44,0,0,0,0,9,2,0,19,0,0,0,0,0,0,0,0,94,25.0,0.0,11.0,6.0,41.0,0.0,20.0,9.0,33.0,24.0,0.0,0.0,0.0,0.0,0.0,0.0,0.0
112711880,455,0,opponent,57267.0,12,3,44,0,0,0,0,9,16,0,19,0,0,0,0,0,0,0,0,41,25.0,0.0,11.0,6.0,41.0,0.0,0.0,0.0,33.0,0.0,0.0,0.0,0.0,0.0,0.0,0.0,0.0
112711880,455,1,self,57275.0,12,3,44,0,0,0,0,9,16,0,19,0,0,0,0,0,0,0,0,41,25.0,0.0,11.0,6.0,41.0,0.0,0.0,0.0,33.0,0.0,0.0,0.0,0.0,0.0,0.0,0.0,0.0
112711880,479,0,opponent,61114.0,11,3,45,0,0,6,0,6,8,0,26,0,0,0,0,0,0,0,0,47,25.0,0.0,11.0,6.0,43.0,0.0,4.0,0.0,33.0,0.0,0.0,0.0,0.0,0.0,0.0,0.0,0.0
112711880,479,1,self,61122.0,11,3,45,0,0,6,0,6,8,0,26,0,0,0,0,0,0,0,0,47,25.0,0.0,11.0,6.0,43.0,0.0,4.0,0.0,33.0,0.0,0.0,0.0,0.0,0.0,0.0,0.0,0.0
112711880,480,0,opponent,62105.0,0,3,45,0,0,0,0,6,12,0,26,0,0,0,0,0,0,0,0,88,25.0,0.0,11.0,6.0,43.0,0.0,12.0,9.0,33.0,24.0,0.0,0.0,0.0,0.0,0.0,0.0,0.0
112711880,480,1,self,62113.0,0,3,45,0,0,0,0,6,12,0,26,0,0,0,0,0,0,0,0,88,25.0,0.0,11.0,6.0,43.0,0.0,12.0,9.0,33.0,24.0,0.0,0.0,0.0,0.0,0.0,0.0,0.0
112711880,503,0,opponent,67671.0,12,3,28,0,0,0,0,9,8,0,16,0,0,0,0,8,0,0,0,49,21.0,0.0,11.0,6.0,41.0,0.0,4.0,0.0,33.0,0.0,0.0,0.0,4.0,4.0,0.0,0.0,0.0
112711880,503,1,self,67679.0,12,3,28,0,0,0,0,9,8,0,16,0,0,0,0,8,0,0,0,49,21.0,0.0,11.0,6.0,41.0,0.0,4.0,0.0,33.0,0.0,0.0,0.0,4.0,4.0,0.0,0.0,0.0
112711880,527,0,opponent,71786.0,11,3,36,0,0,11,0,9,3,0,17,0,0,0,0,8,0,0,0,64,19.0,0.0,11.0,6.0,36.0,0.0,15.0,0.0,28.0,2.0,0.0,0.0,11.0,11.0,0.0,0.0,0.0
112711880,527,1,self,71794.0,11,3,36,0,0,11,0,9,3,0,17,0,0,0,0,8,0,0,0,64,19.0,0.0,11.0,6.0,36.0,0.0,15.0,0.0,28.0,2.0,0.0,0.0,11.0,11.0,0.0,0.0,0.0
112711880,551,0,opponent,75718.0,12,3,29,0,0,13,0,6,11,0,17,0,0,0,1,8,0,0,0,52,16.0,0.0,11.0,6.0,30.0,0.0,4.0,0.0,27.0,0.0,0.0,0.0,15.0,18.0,0.0,0.0,0.0
112711880,551,1,self,75726.0,12,3,29,0,0,13,0,6,11,0,17,0,0,0,1,8,0,0,0,52,16.0,0.0,11.0,6.0,30.0,0.0,4.0,0.0,27.0,0.0,0.0,0.0,15.0,18.0,0.0,0.0,0.0
112711880,575,0,opponent,77495.0,11,3,37,3,0,20,0,9,11,0,16,0,0,0,1,8,0,0,0,66,15.0,0.0,11.0,6.0,28.0,0.0,0.0,0.0,20.0,1.0,0.0,0.0,23.0,37.0,0.0,0.0,0.0
112711880,575,1,self,77503.0,11,3,37,3,0,20,0,9,11,0,16,0,0,0,1,8,0,0,0,66,15.0,0.0,11.0,6.0,28.0,0.0,0.0,0.0,20.0,1.0,0.0,0.0,23.0,37.0,0.0,0.0,0.0
112711880,576,0,opponent,76961.0,0,3,36,7,0,18,0,9,7,0,23,0,0,0,1,8,0,0,0,84,15.0,0.0,11.0,6.0,28.0,0.0,13.0,9.0,20.0,7.0,0.0,0.0,20.0,27.0,0.0,0.0,0.0
112711880,576,1,self,76969.0,0,3,36,7,0,18,0,9,7,0,23,0,0,0,1,8,0,0,0,84,15.0,0.0,11.0,6.0,28.0,0.0,13.0,9.0,20.0,7.0,0.0,0.0,20.0,27.0,0.0,0.0,0.0
112711880,599,0,opponent,79798.0,12,3,16,15,0,5,0,9,4,0,17,0,0,0,0,8,0,0,0,67,23.0,0.0,11.0,6.0,42.0,0.0,0.0,0.0,17.0,2.0,0.0,0.0,18.0,23.0,0.0,0.0,0.0
112711880,599,1,self,79806.0,12,3,16,15,0,5,0,9,4,0,17,0,0,0,0,8,0,0,0,67,23.0,0.0,11.0,6.0,42.0,0.0,0.0,0.0,17.0,2.0,0.0,0.0,18.0,23.0,0.0,0.0,0.0
112711880,623,0,opponent,83189.0,12,3,29,12,0,13,0,9,0,0,16,0,0,0,0,8,0,0,0,76,19.0,0.0,11.0,6.0,34.0,0.0,0.0,0.0,13.0,5.0,0.0,0.0,26.0,37.0,0.0,0.0,0.0
112711880,623,1,self,83197.0,12,3,29,12,0,13,0,9,0,0,16,0,0,0,0,8,0,0,0,76,19.0,0.0,11.0,6.0,34.0,0.0,0.0,0.0,13.0,5.0,0.0,0.0,26.0,37.0,0.0,0.0,0.0
112711880,647,0,opponent,86138.0,12,3,22,27,0,12,0,6,7,0,17,0,0,0,0,8,0,0,0,82,15.0,0.0,11.0,6.0,44.0,0.0,0.0,3.0,13.0,0.0,0.0,0.0,30.0,35.0,0.0,0.0,0.0
112711880,647,1,self,86217.0,12,3,22,27,0,12,0,6,7,0,17,0,0,0,0,8,0,0,0,82,15.0,0.0,11.0,6.0,44.0,0.0,0.0,3.0,13.0,0.0,0.0,0.0,30.0,35.0,0.0,0.0,0.0
112711880,648,0,opponent,86263.0,0,3,37,30,0,0,0,9,0,0,16,0,0,0,0,8,0,0,0,129,15.0,0.0,11.0,6.0,48.0,0.0,14.0,9.0,13.0,26.0,0.0,0.0,29.0,32.0,0.0,0.0,0.0
112711880,648,1,self,86342.0,0,3,37,30,0,0,0,9,0,0,16,0,0,0,0,8,0,0,0,129,15.0,0.0,11.0,6.0,48.0,0.0,14.0,9.0,13.0,26.0,0.0,0.0,29.0,32.0,0.0,0.0,0.0
112711880,671,0,opponent,91778.0,11,3,41,8,0,20,0,3,12,0,7,0,0,0,3,0,0,0,0,79,9.0,0.0,11.0,6.0,29.0,0.0,0.0,3.0,4.0,0.0,0.0,0.0,35.0,47.0,0.0,0.0,0.0
112711880,671,1,self,91835.0,11,3,41,8,0,20,0,3,12,0,7,0,0,0,3,0,0,0,0,79,9.0,0.0,11.0,6.0,29.0,0.0,0.0,3.0,4.0,0.0,0.0,0.0,35.0,47.0,0.0,0.0,0.0
112711880,695,0,opponent,96846.0,12,3,42,33,0,0,0,4,0,0,8,0,0,0,3,0,0,0,0,48,2.0,0.0,11.0,6.0,6.0,0.0,0.0,3.0,0.0,0.0,0.0,0.0,21.0,39.0,0.0,0.0,0.0
112711880,695,1,self,96903.0,12,3,42,33,0,0,0,4,0,0,8,0,0,0,3,0,0,0,0,48,2.0,0.0,11.0,6.0,6.0,0.0,0.0,3.0,0.0,0.0,0.0,0.0,21.0,39.0,0.0,0.0,0.0
112711880,696,0,opponent,97228.0,0,3,38,36,0,0,0,4,0,0,6,0,0,0,3,0,0,0,0,60,1.0,0.0,11.0,6.0,1.0,0.0,10.0,12.0,0.0,0.0,0.0,0.0,20.0,37.0,1.0,0.0,0.0
112711880,696,1,self,97285.0,0,3,38,36,0,0,0,4,0,0,6,0,0,0,3,0,0,0,0,60,1.0,0.0,11.0,6.0,1.0,0.0,10.0,12.0,0.0,0.0,0.0,0.0,20.0,37.0,1.0,0.0,0.0
112711880,719,0,opponent,107505.0,11,3,0,0,0,0,0,0,0,0,0,0,0,0,3,0,0,0,0,0,0.0,0.0,11.0,6.0,0.0,0.0,0.0,0.0,0.0,0.0,0.0,0.0,0.0,0.0,1.0,0.0,0.0
112711880,719,1,self,107564.0,11,3,0,0,0,0,0,0,0,0,0,0,0,0,3,0,0,0,0,0,0.0,0.0,11.0,6.0,0.0,0.0,0.0,0.0,0.0,0.0,0.0,0.0,0.0,0.0,1.0,0.0,0.0
112713015,0,0,self,3000.0,0,1,0,0,0,0,0,0,0,0,0,0,0,0,0,0,0,0,0,0,0.0,0.0,0.0,0.0,0.0,0.0,0.0,0.0,0.0,0.0,0.0,0.0,0.0,0.0,0.0,0.0,0.0
112713015,0,1,opponent,3000.0,0,1,0,0,0,0,0,0,0,0,0,0,0,0,0,0,0,0,0,0,0.0,0.0,0.0,0.0,0.0,0.0,0.0,0.0,0.0,0.0,0.0,0.0,0.0,0.0,0.0,0.0,0.0
112713015,23,0,self,16.0,5,1,3,0,0,0,0,0,0,0,0,0,0,0,0,0,0,0,0,20,8.0,12.0,2.0,2.0,8.0,12.0,0.0,0.0,0.0,0.0,0.0,0.0,0.0,0.0,0.0,0.0,0.0
112713015,23,1,opponent,8.0,5,1,3,0,0,0,0,0,0,0,0,0,0,0,0,0,0,0,0,20,8.0,12.0,2.0,2.0,8.0,12.0,0.0,0.0,0.0,0.0,0.0,0.0,0.0,0.0,0.0,0.0,0.0
112713015,24,0,self,16.0,0,1,3,0,0,0,0,0,0,0,0,0,0,0,0,0,0,0,0,20,8.0,12.0,2.0,2.0,8.0,12.0,0.0,0.0,0.0,0.0,0.0,0.0,0.0,0.0,0.0,0.0,0.0
112713015,24,1,opponent,8.0,0,1,3,0,0,0,0,0,0,0,0,0,0,0,0,0,0,0,0,20,8.0,12.0,2.0,2.0,8.0,12.0,0.0,0.0,0.0,0.0,0.0,0.0,0.0,0.0,0.0,0.0,0.0
112713015,47,0,self,105.0,3,1,6,0,0,0,0,0,0,0,1,0,0,0,0,0,0,0,0,20,8.0,12.0,2.0,2.0,8.0,12.0,0.0,0.0,0.0,0.0,0.0,0.0,0.0,0.0,0.0,0.0,0.0
112713015,47,1,opponent,97.0,3,1,6,0,0,0,0,0,0,0,1,0,0,0,0,0,0,0,0,20,8.0,12.0,2.0,2.0,8.0,12.0,0.0,0.0,0.0,0.0,0.0,0.0,0.0,0.0,0.0,0.0,0.0
112713015,71,0,self,218.0,4,1,6,0,0,0,0,0,0,0,0,0,0,0,0,0,0,0,0,25,8.0,12.0,2.0,3.0,13.0,12.0,0.0,0.0,0.0,0.0,0.0,0.0,0.0,0.0,0.0,0.0,0.0
112713015,71,1,opponent,210.0,4,1,6,0,0,0,0,0,0,0,0,0,0,0,0,0,0,0,0,25,8.0,12.0,2.0,3.0,13.0,12.0,0.0,0.0,0.0,0.0,0.0,0.0,0.0,0.0,0.0,0.0,0.0
112713015,72,0,self,218.0,0,1,6,0,0,0,0,0,0,0,0,0,0,0,0,0,0,0,0,25,8.0,12.0,2.0,3.0,13.0,12.0,0.0,0.0,0.0,0.0,0.0,0.0,0.0,0.0,0.0,0.0,0.0
112713015,72,1,opponent,210.0,0,1,6,0,0,0,0,0,0,0,0,0,0,0,0,0,0,0,0,25,8.0,12.0,2.0,3.0,13.0,12.0,0.0,0.0,0.0,0.0,0.0,0.0,0.0,0.0,0.0,0.0,0.0
112713015,95,0,self,269.0,5,1,14,0,0,0,0,0,0,0,1,1,0,0,0,0,0,0,0,19,7.0,12.0,2.0,3.0,7.0,12.0,0.0,0.0,0.0,0.0,0.0,0.0,0.0,0.0,0.0,0.0,0.0
112713015,95,1,opponent,261.0,5,1,14,0,0,0,0,0,0,0,1,1,0,0,0,0,0,0,0,19,7.0,12.0,2.0,3.0,7.0,12.0,0.0,0.0,0.0,0.0,0.0,0.0,0.0,0.0,0.0,0.0,0.0
112713015,119,0,self,679.0,4,1,19,0,0,0,0,0,0,0,1,0,0,0,0,0,0,0,0,19,7.0,12.0,2.0,4.0,7.0,12.0,0.0,0.0,0.0,0.0,0.0,0.0,0.0,0.0,0.0,0.0,0.0
112713015,119,1,opponent,671.0,4,1,19,0,0,0,0,0,0,0,1,0,0,0,0,0,0,0,0,19,7.0,12.0,2.0,4.0,7.0,12.0,0.0,0.0,0.0,0.0,0.0,0.0,0.0,0.0,0.0,0.0,0.0
112713015,143,0,self,792.0,4,1,19,0,0,0,0,0,0,0,2,0,0,0,0,0,0,0,0,15,3.0,12.0,2.0,4.0,3.0,12.0,0.0,0.0,4.0,0.0,0.0,0.0,0.0,0.0,0.0,0.0,0.0
112713015,143,1,opponent,784.0,4,1,19,0,0,0,0,0,0,0,2,0,0,0,0,0,0,0,0,15,3.0,12.0,2.0,4.0,3.0,12.0,0.0,0.0,4.0,0.0,0.0,0.0,0.0,0.0,0.0,0.0,0.0
112713015,144,0,self,792.0,0,1,19,0,0,0,0,0,0,0,2,0,0,0,0,0,0,0,0,27,3.0,12.0,2.0,4.0,3.0,12.0,12.0,0.0,4.0,0.0,0.0,0.0,0.0,0.0,0.0,0.0,0.0
112713015,144,1,opponent,784.0,0,1,19,0,0,0,0,0,0,0,2,0,0,0,0,0,0,0,0,27,3.0,12.0,2.0,4.0,3.0,12.0,12.0,0.0,4.0,0.0,0.0,0.0,0.0,0.0,0.0,0.0,0.0
112713015,167,0,self,742.0,7,2,16,0,0,0,0,0,2,0,1,0,0,0,0,0,0,0,0,30,6.0,12.0,2.0,6.0,7.0,23.0,0.0,0.0,12.0,0.0,0.0,0.0,0.0,0.0,0.0,0.0,0.0
112713015,167,1,opponent,734.0,7,2,16,0,0,0,0,0,2,0,1,0,0,0,0,0,0,0,0,30,6.0,12.0,2.0,6.0,7.0,23.0,0.0,0.0,12.0,0.0,0.0,0.0,0.0,0.0,0.0,0.0,0.0
112713015,191,0,self,483.0,7,2,13,0,0,0,0,0,0,0,1,0,0,0,0,0,0,0,0,45,9.0,12.0,2.0,8.0,9.0,36.0,0.0,0.0,16.0,0.0,0.0,0.0,0.0,0.0,0.0,0.0,0.0
112713015,191,1,opponent,475.0,7,2,13,0,0,0,0,0,0,0,1,0,0,0,0,0,0,0,0,45,9.0,12.0,2.0,8.0,9.0,36.0,0.0,0.0,16.0,0.0,0.0,0.0,0.0,0.0,0.0,0.0,0.0
112713015,192,0,self,483.0,0,2,13,0,0,0,0,0,0,0,1,0,0,0,0,0,0,0,0,57,9.0,12.0,2.0,8.0,9.0,36.0,0.0,12.0,16.0,0.0,0.0,0.0,0.0,0.0,0.0,0.0,0.0
112713015,192,1,opponent,475.0,0,2,13,0,0,0,0,0,0,0,1,0,0,0,0,0,0,0,0,57,9.0,12.0,2.0,8.0,9.0,36.0,0.0,12.0,16.0,0.0,0.0,0.0,0.0,0.0,0.0,0.0,0.0
112713015,215,0,self,1672.0,8,2,32,0,0,0,0,0,0,0,3,0,0,0,0,0,0,0,0,52,5.0,12.0,4.0,8.0,5.0,47.0,0.0,0.0,20.0,0.0,0.0,0.0,0.0,0.0,0.0,0.0,0.0
112713015,215,1,opponent,1664.0,8,2,32,0,0,0,0,0,0,0,3,0,0,0,0,0,0,0,0,52,5.0,12.0,4.0,8.0,5.0,47.0,0.0,0.0,20.0,0.0,0.0,0.0,0.0,0.0,0.0,0.0,0.0
112713015,239,0,self,2691.0,8,2,40,0,0,0,0,0,0,0,1,0,1,0,0,0,0,0,0,64,5.0,12.0,4.0,9.0,5.0,59.0,0.0,0.0,20.0,0.0,0.0,0.0,0.0,0.0,0.0,0.0,0.0
112713015,239,1,opponent,2683.0,8,2,40,0,0,0,0,0,0,0,1,0,1,0,0,0,0,0,0,64,5.0,12.0,4.0,9.0,5.0,59.0,0.0,0.0,20.0,0.0,0.0,0.0,0.0,0.0,0.0,0.0,0.0
112713015,240,0,self,2691.0,0,2,40,0,0,0,0,0,0,0,1,0,1,0,0,0,0,0,0,77,5.0,12.0,4.0,9.0,5.0,60.0,0.0,12.0,20.0,0.0,0.0,0.0,0.0,0.0,0.0,0.0,0.0
112713015,240,1,opponent,2683.0,0,2,40,0,0,0,0,0,0,0,1,0,1,0,0,0,0,0,0,77,5.0,12.0,4.0,9.0,5.0,60.0,0.0,12.0,20.0,0.0,0.0,0.0,0.0,0.0,0.0,0.0,0.0
112713015,263,0,self,16771.0,11,2,42,0,0,0,12,0,0,0,11,0,0,0,0,0,0,0,0,13,12.0,0.0,5.0,11.0,13.0,0.0,0.0,0.0,20.0,0.0,0.0,0.0,0.0,0.0,0.0,0.0,0.0
112713015,263,1,opponent,16763.0,11,2,42,0,0,0,12,0,0,0,11,0,0,0,0,0,0,0,0,13,12.0,0.0,5.0,11.0,13.0,0.0,0.0,0.0,20.0,0.0,0.0,0.0,0.0,0.0,0.0,0.0,0.0
112713015,287,0,self,16272.0,10,3,37,0,0,0,0,0,0,0,15,0,0,0,0,0,0,0,0,24,21.0,0.0,5.0,12.0,24.0,0.0,0.0,0.0,33.0,0.0,0.0,0.0,0.0,0.0,0.0,0.0,0.0
112713015,287,1,opponent,16264.0,10,3,37,0,0,0,0,0,0,0,15,0,0,0,0,0,0,0,0,24,21.0,0.0,5.0,12.0,24.0,0.0,0.0,0.0,33.0,0.0,0.0,0.0,0.0,0.0,0.0,0.0,0.0
112713015,288,0,self,16272.0,0,3,39,0,0,0,0,0,0,0,16,0,0,0,0,0,0,0,0,39,20.0,0.0,5.0,12.0,22.0,0.0,8.0,9.0,33.0,0.0,0.0,0.0,0.0,0.0,0.0,0.0,0.0
112713015,288,1,opponent,16264.0,0,3,39,0,0,0,0,0,0,0,16,0,0,0,0,0,0,0,0,39,20.0,0.0,5.0,12.0,22.0,0.0,8.0,9.0,33.0,0.0,0.0,0.0,0.0,0.0,0.0,0.0,0.0
112713015,311,0,self,20280.0,9,3,14,0,0,0,0,0,0,0,17,0,0,0,0,0,0,0,0,30,24.0,0.0,5.0,12.0,27.0,0.0,0.0,3.0,33.0,0.0,0.0,0.0,0.0,0.0,0.0,0.0,0.0
112713015,311,1,opponent,20272.0,9,3,14,0,0,0,0,0,0,0,17,0,0,0,0,0,0,0,0,30,24.0,0.0,5.0,12.0,27.0,0.0,0.0,3.0,33.0,0.0,0.0,0.0,0.0,0.0,0.0,0.0,0.0
112713015,335,0,self,22513.0,9,3,16,0,0,0,0,0,0,0,14,0,0,0,0,0,0,0,0,32,24.0,0.0,5.0,12.0,32.0,0.0,0.0,0.0,33.0,0.0,0.0,0.0,0.0,0.0,0.0,0.0,0.0
112713015,335,1,opponent,22505.0,9,3,16,0,0,0,0,0,0,0,14,0,0,0,0,0,0,0,0,32,24.0,0.0,5.0,12.0,32.0,0.0,0.0,0.0,33.0,0.0,0.0,0.0,0.0,0.0,0.0,0.0,0.0
112713015,359,0,self,26678.0,9,3,24,0,0,0,0,6,3,0,20,0,0,0,0,0,0,0,0,38,24.0,0.0,5.0,12.0,38.0,0.0,0.0,0.0,33.0,0.0,0.0,0.0,0.0,0.0,0.0,0.0,0.0
112713015,359,1,opponent,26670.0,9,3,24,0,0,0,0,6,3,0,20,0,0,0,0,0,0,0,0,38,24.0,0.0,5.0,12.0,38.0,0.0,0.0,0.0,33.0,0.0,0.0,0.0,0.0,0.0,0.0,0.0,0.0
112713015,360,0,self,27059.0,0,3,24,0,0,0,0,6,0,0,15,0,0,0,0,0,0,0,0,68,24.0,0.0,5.0,12.0,40.0,0.0,5.0,15.0,33.0,8.0,0.0,0.0,0.0,0.0,0.0,0.0,0.0
112713015,360,1,opponent,27051.0,0,3,24,0,0,0,0,6,0,0,15,0,0,0,0,0,0,0,0,68,24.0,0.0,5.0,12.0,40.0,0.0,5.0,15.0,33.0,8.0,0.0,0.0,0.0,0.0,0.0,0.0,0.0
112713015,383,0,self,34551.0,10,3,24,0,0,0,0,0,5,0,11,0,0,0,1,0,0,0,0,38,24.0,0.0,5.0,12.0,38.0,0.0,0.0,0.0,33.0,0.0,0.0,0.0,0.0,0.0,0.0,0.0,0.0
112713015,383,1,opponent,34543.0,10,3,24,0,0,0,0,0,5,0,11,0,0,0,1,0,0,0,0,38,24.0,0.0,5.0,12.0,38.0,0.0,0.0,0.0,33.0,0.0,0.0,0.0,0.0,0.0,0.0,0.0,0.0
112713015,407,0,self,41515.0,11,3,35,0,0,0,0,3,0,0,11,0,0,0,1,0,0,0,0,36,25.0,0.0,5.0,12.0,36.0,0.0,0.0,0.0,33.0,0.0,0.0,0.0,0.0,0.0,0.0,0.0,0.0
112713015,407,1,opponent,41507.0,11,3,35,0,0,0,0,3,0,0,11,0,0,0,1,0,0,0,0,36,25.0,0.0,5.0,12.0,36.0,0.0,0.0,0.0,33.0,0.0,0.0,0.0,0.0,0.0,0.0,0.0,0.0
112713015,431,0,self,46347.0,11,3,35,0,0,0,0,9,2,0,15,0,0,0,1,0,0,0,0,42,25.0,0.0,5.0,12.0,36.0,0.0,0.0,6.0,33.0,0.0,0.0,0.0,0.0,0.0,0.0,0.0,0.0
112713015,431,1,opponent,46339.0,11,3,35,0,0,0,0,9,2,0,15,0,0,0,1,0,0,0,0,42,25.0,0.0,5.0,12.0,36.0,0.0,0.0,6.0,33.0,0.0,0.0,0.0,0.0,0.0,0.0,0.0,0.0
112713015,432,0,self,46353.0,0,3,35,0,0,0,0,9,0,0,16,0,0,0,1,0,0,0,0,100,25.0,0.0,5.0,12.0,38.0,0.0,5.0,33.0,33.0,24.0,0.0,0.0,0.0,0.0,0.0,0.0,0.0
112713015,432,1,opponent,46345.0,0,3,35,0,0,0,0,9,0,0,16,0,0,0,1,0,0,0,0,100,25.0,0.0,5.0,12.0,38.0,0.0,5.0,33.0,33.0,24.0,0.0,0.0,0.0,0.0,0.0,0.0,0.0
112713015,455,0,self,54315.0,11,3,35,0,0,6,0,18,0,0,14,0,0,0,1,0,0,0,0,52,25.0,0.0,5.0,12.0,38.0,0.0,3.0,9.0,33.0,2.0,0.0,0.0,0.0,0.0,0.0,0.0,0.0
112713015,455,1,opponent,54307.0,11,3,35,0,0,6,0,18,0,0,14,0,0,0,1,0,0,0,0,52,25.0,0.0,5.0,12.0,38.0,0.0,3.0,9.0,33.0,2.0,0.0,0.0,0.0,0.0,0.0,0.0,0.0
112713015,479,0,self,64458.0,10,3,34,0,0,6,0,12,1,0,14,0,0,0,1,0,0,0,0,49,25.0,0.0,5.0,12.0,40.0,0.0,0.0,9.0,33.0,0.0,0.0,0.0,0.0,0.0,0.0,0.0,0.0
112713015,479,1,opponent,64450.0,10,3,34,0,0,6,0,12,1,0,14,0,0,0,1,0,0,0,0,49,25.0,0.0,5.0,12.0,40.0,0.0,0.0,9.0,33.0,0.0,0.0,0.0,0.0,0.0,0.0,0.0,0.0
112713015,480,0,self,64458.0,0,3,34,0,0,6,0,12,1,0,14,0,0,0,1,0,0,0,0,101,25.0,0.0,5.0,12.0,43.0,0.0,4.0,30.0,33.0,24.0,0.0,0.0,0.0,0.0,0.0,0.0,0.0
112713015,480,1,opponent,64450.0,0,3,34,0,0,6,0,12,1,0,14,0,0,0,1,0,0,0,0,101,25.0,0.0,5.0,12.0,43.0,0.0,4.0,30.0,33.0,24.0,0.0,0.0,0.0,0.0,0.0,0.0,0.0
112713015,503,0,self,74452.0,11,3,39,0,0,4,0,15,2,0,13,0,0,0,1,0,0,0,0,54,25.0,0.0,5.0,12.0,43.0,0.0,2.0,9.0,33.0,0.0,0.0,0.0,0.0,0.0,0.0,0.0,0.0
112713015,503,1,opponent,74444.0,11,3,39,0,0,4,0,15,2,0,13,0,0,0,1,0,0,0,0,54,25.0,0.0,5.0,12.0,43.0,0.0,2.0,9.0,33.0,0.0,0.0,0.0,0.0,0.0,0.0,0.0,0.0
112713015,527,0,self,84546.0,11,3,35,0,0,12,0,9,0,0,17,0,0,0,1,0,0,0,0,67,30.0,0.0,5.0,12.0,48.0,0.0,2.0,15.0,28.0,2.0,0.0,0.0,0.0,0.0,0.0,0.0,0.0
112713015,527,1,opponent,84521.0,11,3,35,0,0,12,0,9,0,0,17,0,0,0,1,0,0,0,0,67,30.0,0.0,5.0,12.0,48.0,0.0,2.0,15.0,28.0,2.0,0.0,0.0,0.0,0.0,0.0,0.0,0.0
112713015,551,0,self,93176.0,10,3,34,0,0,10,0,12,2,0,13,0,0,0,1,0,0,0,0,67,31.0,0.0,5.0,12.0,47.0,0.0,0.0,18.0,27.0,2.0,0.0,0.0,0.0,0.0,0.0,0.0,0.0
112713015,551,1,opponent,92669.0,10,3,34,0,0,10,0,14,2,0,13,0,0,0,1,0,0,0,0,67,31.0,0.0,5.0,12.0,47.0,0.0,0.0,18.0,27.0,2.0,0.0,0.0,0.0,0.0,0.0,0.0,0.0
112713015,575,0,self,102581.0,11,3,27,0,0,17,0,12,2,0,17,0,0,0,5,8,0,0,0,73,32.0,0.0,5.0,12.0,53.0,0.0,0.0,9.0,20.0,5.0,0.0,0.0,6.0,6.0,0.0,0.0,0.0
112713015,575,1,opponent,102554.0,11,3,27,0,0,17,0,12,2,0,17,0,0,0,5,8,0,0,0,73,32.0,0.0,5.0,12.0,53.0,0.0,0.0,9.0,20.0,5.0,0.0,0.0,6.0,6.0,0.0,0.0,0.0
112713015,576,0,self,102581.0,0,3,27,0,0,22,0,15,2,0,17,0,0,0,5,8,0,0,0,101,32.0,0.0,5.0,12.0,58.0,0.0,4.0,27.0,20.0,6.0,0.0,0.0,6.0,6.0,0.0,0.0,0.0
112713015,576,1,opponent,102554.0,0,3,27,0,0,22,0,15,2,0,17,0,0,0,5,8,0,0,0,101,32.0,0.0,5.0,12.0,58.0,0.0,4.0,27.0,20.0,6.0,0.0,0.0,6.0,6.0,0.0,0.0,0.0
112713015,599,0,self,110084.0,11,3,39,0,0,6,0,21,0,0,17,0,0,0,2,8,0,0,0,72,30.0,0.0,5.0,12.0,55.0,0.0,0.0,6.0,17.0,0.0,0.0,0.0,11.0,11.0,0.0,0.0,0.0
112713015,599,1,opponent,110057.0,11,3,39,0,0,6,0,21,0,0,17,0,0,0,2,8,0,0,0,72,30.0,0.0,5.0,12.0,55.0,0.0,0.0,6.0,17.0,0.0,0.0,0.0,11.0,11.0,0.0,0.0,0.0
112713015,623,0,self,117482.0,11,3,50,0,0,21,0,9,3,0,16,0,0,0,2,8,0,0,0,85,20.0,0.0,5.0,12.0,46.0,0.0,0.0,7.0,13.0,0.0,0.0,0.0,25.0,32.0,0.0,0.0,0.0
112713015,623,1,opponent,117435.0,11,3,50,0,0,21,0,9,3,0,16,0,0,0,2,8,0,0,0,85,20.0,0.0,5.0,12.0,46.0,0.0,0.0,7.0,13.0,0.0,0.0,0.0,25.0,32.0,0.0,0.0,0.0
112713015,647,0,self,124285.0,11,3,49,21,0,0,0,10,4,0,16,0,0,0,2,8,0,0,0,87,14.0,0.0,5.0,12.0,40.0,0.0,0.0,12.0,13.0,0.0,0.0,0.0,31.0,35.0,0.0,0.0,0.0
112713015,647,1,opponent,123973.0,11,3,49,21,0,0,0,10,4,0,16,0,0,0,2,8,0,0,0,87,14.0,0.0,5.0,12.0,40.0,0.0,0.0,12.0,13.0,0.0,0.0,0.0,31.0,35.0,0.0,0.0,0.0
112713015,648,0,self,124417.0,0,3,43,21,0,0,0,10,4,0,17,0,0,0,2,8,0,0,0,136,14.0,0.0,5.0,11.0,44.0,0.0,2.0,25.0,13.0,26.0,0.0,0.0,31.0,39.0,0.0,0.0,0.0
112713015,648,1,opponent,124105.0,0,3,43,21,0,0,0,10,4,0,17,0,0,0,2,8,0,0,0,136,14.0,0.0,5.0,11.0,44.0,0.0,2.0,25.0,13.0,26.0,0.0,0.0,31.0,39.0,0.0,0.0,0.0
112713015,671,0,self,130528.0,11,3,38,15,0,20,0,11,2,0,8,0,0,0,5,0,0,0,0,85,8.0,0.0,5.0,11.0,24.0,0.0,0.0,8.0,4.0,0.0,0.0,0.0,36.0,53.0,0.0,0.0,0.0
112713015,671,1,opponent,130216.0,11,3,38,15,0,20,0,11,2,0,8,0,0,0,5,0,0,0,0,85,8.0,0.0,5.0,11.0,24.0,0.0,0.0,8.0,4.0,0.0,0.0,0.0,36.0,53.0,0.0,0.0,0.0
112713015,695,0,self,140982.0,11,3,41,36,0,0,0,7,3,0,8,0,0,0,5,0,0,0,0,51,1.0,0.0,5.0,11.0,3.0,0.0,0.0,9.0,0.0,0.0,0.0,0.0,22.0,39.0,0.0,0.0,0.0
112713015,695,1,opponent,140575.0,11,3,41,36,0,0,0,7,3,0,8,0,0,0,5,0,0,0,0,51,1.0,0.0,5.0,11.0,3.0,0.0,0.0,9.0,0.0,0.0,0.0,0.0,22.0,39.0,0.0,0.0,0.0
112713015,696,0,self,141111.0,0,3,38,39,0,0,0,7,3,0,6,0,0,0,5,0,0,0,0,61,0.0,0.0,5.0,11.0,0.0,0.0,2.0,22.0,0.0,0.0,0.0,0.0,21.0,37.0,0.0,0.0,0.0
112713015,696,1,opponent,140704.0,0,3,38,39,0,0,0,7,3,0,6,0,0,0,5,0,0,0,0,61,0.0,0.0,5.0,11.0,0.0,0.0,2.0,22.0,0.0,0.0,0.0,0.0,21.0,37.0,0.0,0.0,0.0
112713015,719,0,self,151331.0,11,3,0,0,0,0,0,0,0,0,0,0,0,0,5,0,0,0,0,1,0.0,0.0,5.0,11.0,0.0,0.0,0.0,1.0,0.0,0.0,0.0,0.0,0.0,0.0,0.0,0.0,0.0
112713015,719,1,opponent,150924.0,11,3,0,0,0,0,0,0,0,0,0,0,0,0,5,0,0,0,0,1,0.0,0.0,5.0,11.0,0.0,0.0,0.0,1.0,0.0,0.0,0.0,0.0,0.0,0.0,0.0,0.0,0.0
112713547,0,0,opponent,3000.0,0,1,0,0,0,0,0,0,0,0,0,0,0,0,0,0,0,0,0,0,0.0,0.0,0.0,0.0,0.0,0.0,0.0,0.0,0.0,0.0,0.0,0.0,0.0,0.0,0.0,0.0,0.0
112713547,0,1,self,3000.0,0,1,0,0,0,0,0,0,0,0,0,0,0,0,0,0,0,0,0,0,0.0,0.0,0.0,0.0,0.0,0.0,0.0,0.0,0.0,0.0,0.0,0.0,0.0,0.0,0.0,0.0,0.0
112713547,23,0,opponent,12.0,5,1,3,0,0,0,0,0,0,0,0,0,0,0,0,0,0,0,0,20,8.0,12.0,2.0,2.0,8.0,12.0,0.0,0.0,0.0,0.0,0.0,0.0,0.0,0.0,0.0,0.0,0.0
112713547,23,1,self,12.0,5,1,3,0,0,0,0,0,0,0,0,0,0,0,0,0,0,0,0,20,8.0,12.0,2.0,2.0,8.0,12.0,0.0,0.0,0.0,0.0,0.0,0.0,0.0,0.0,0.0,0.0,0.0
112713547,24,0,opponent,12.0,0,1,3,0,0,0,0,0,0,0,0,0,0,0,0,0,0,0,0,20,8.0,12.0,2.0,2.0,8.0,12.0,0.0,0.0,0.0,0.0,0.0,0.0,0.0,0.0,0.0,0.0,0.0
112713547,24,1,self,12.0,0,1,3,0,0,0,0,0,0,0,0,0,0,0,0,0,0,0,0,20,8.0,12.0,2.0,2.0,8.0,12.0,0.0,0.0,0.0,0.0,0.0,0.0,0.0,0.0,0.0,0.0,0.0
112713547,47,0,opponent,101.0,3,1,6,0,0,0,0,0,0,0,1,0,0,0,0,0,0,0,0,20,8.0,12.0,2.0,2.0,8.0,12.0,0.0,0.0,0.0,0.0,0.0,0.0,0.0,0.0,0.0,0.0,0.0
112713547,47,1,self,101.0,3,1,6,0,0,0,0,0,0,0,1,0,0,0,0,0,0,0,0,20,8.0,12.0,2.0,2.0,8.0,12.0,0.0,0.0,0.0,0.0,0.0,0.0,0.0,0.0,0.0,0.0,0.0
112713547,71,0,opponent,214.0,4,1,6,0,0,0,0,0,0,0,0,0,0,0,0,0,0,0,0,25,8.0,12.0,2.0,3.0,13.0,12.0,0.0,0.0,0.0,0.0,0.0,0.0,0.0,0.0,0.0,0.0,0.0
112713547,71,1,self,214.0,4,1,6,0,0,0,0,0,0,0,0,0,0,0,0,0,0,0,0,25,8.0,12.0,2.0,3.0,13.0,12.0,0.0,0.0,0.0,0.0,0.0,0.0,0.0,0.0,0.0,0.0,0.0
112713547,72,0,opponent,214.0,0,1,6,0,0,0,0,0,0,0,0,0,0,0,0,0,0,0,0,25,8.0,12.0,2.0,3.0,13.0,12.0,0.0,0.0,0.0,0.0,0.0,0.0,0.0,0.0,0.0,0.0,0.0
112713547,72,1,self,214.0,0,1,6,0,0,0,0,0,0,0,0,0,0,0,0,0,0,0,0,25,8.0,12.0,2.0,3.0,13.0,12.0,0.0,0.0,0.0,0.0,0.0,0.0,0.0,0.0,0.0,0.0,0.0
112713547,95,0,opponent,267.0,5,1,14,0,0,0,0,0,0,0,1,1,0,0,0,0,0,0,0,19,7.0,12.0,2.0,3.0,7.0,12.0,0.0,0.0,0.0,0.0,0.0,0.0,0.0,0.0,0.0,0.0,0.0
112713547,95,1,self,267.0,5,1,14,0,0,0,0,0,0,0,1,1,0,0,0,0,0,0,0,19,7.0,12.0,2.0,3.0,7.0,12.0,0.0,0.0,0.0,0.0,0.0,0.0,0.0,0.0,0.0,0.0,0.0
112713547,119,0,opponent,672.0,4,1,19,0,0,0,0,0,0,0,1,0,0,0,0,0,0,0,0,19,7.0,12.0,2.0,4.0,7.0,12.0,0.0,0.0,0.0,0.0,0.0,0.0,0.0,0.0,0.0,0.0,0.0
112713547,119,1,self,672.0,4,1,19,0,0,0,0,0,0,0,1,0,0,0,0,0,0,0,0,19,7.0,12.0,2.0,4.0,7.0,12.0,0.0,0.0,0.0,0.0,0.0,0.0,0.0,0.0,0.0,0.0,0.0
112713547,143,0,opponent,787.0,4,1,19,0,0,0,0,0,0,0,2,0,0,0,0,0,0,0,0,15,3.0,12.0,2.0,4.0,3.0,12.0,0.0,0.0,4.0,0.0,0.0,0.0,0.0,0.0,0.0,0.0,0.0
112713547,143,1,self,787.0,4,1,19,0,0,0,0,0,0,0,2,0,0,0,0,0,0,0,0,15,3.0,12.0,2.0,4.0,3.0,12.0,0.0,0.0,4.0,0.0,0.0,0.0,0.0,0.0,0.0,0.0,0.0
112713547,144,0,opponent,787.0,0,1,19,0,0,0,0,0,0,0,2,0,0,0,0,0,0,0,0,27,3.0,12.0,2.0,4.0,3.0,12.0,12.0,0.0,4.0,0.0,0.0,0.0,0.0,0.0,0.0,0.0,0.0
112713547,144,1,self,787.0,0,1,19,0,0,0,0,0,0,0,2,0,0,0,0,0,0,0,0,27,3.0,12.0,2.0,4.0,3.0,12.0,12.0,0.0,4.0,0.0,0.0,0.0,0.0,0.0,0.0,0.0,0.0
112713547,167,0,opponent,1112.0,8,2,11,0,0,0,0,0,0,0,2,0,0,0,0,0,0,0,0,29,5.0,12.0,4.0,4.0,5.0,24.0,0.0,0.0,12.0,0.0,0.0,0.0,0.0,0.0,0.0,0.0,0.0
112713547,167,1,self,1112.0,8,2,11,0,0,0,0,0,0,0,2,0,0,0,0,0,0,0,0,29,5.0,12.0,4.0,4.0,5.0,24.0,0.0,0.0,12.0,0.0,0.0,0.0,0.0,0.0,0.0,0.0,0.0
112713547,191,0,opponent,428.0,8,2,2,0,0,0,0,0,0,0,3,0,0,0,0,0,0,0,0,45,9.0,12.0,4.0,6.0,9.0,36.0,0.0,0.0,16.0,0.0,0.0,0.0,0.0,0.0,0.0,0.0,0.0
112713547,191,1,self,428.0,8,2,2,0,0,0,0,0,0,0,3,0,0,0,0,0,0,0,0,45,9.0,12.0,4.0,6.0,9.0,36.0,0.0,0.0,16.0,0.0,0.0,0.0,0.0,0.0,0.0,0.0,0.0
112713547,192,0,opponent,173.0,0,2,10,0,0,0,0,0,0,0,3,0,0,0,0,0,0,0,0,57,9.0,12.0,4.0,6.0,9.0,36.0,0.0,12.0,16.0,0.0,0.0,0.0,0.0,0.0,0.0,0.0,0.0
112713547,192,1,self,173.0,0,2,10,0,0,0,0,0,0,0,3,0,0,0,0,0,0,0,0,57,9.0,12.0,4.0,6.0,9.0,36.0,0.0,12.0,16.0,0.0,0.0,0.0,0.0,0.0,0.0,0.0,0.0
112713547,215,0,opponent,1224.0,9,2,15,0,0,0,0,0,0,0,3,0,0,0,0,0,0,0,0,53,5.0,12.0,6.0,6.0,5.0,48.0,0.0,0.0,20.0,0.0,0.0,0.0,0.0,0.0,0.0,0.0,0.0
112713547,215,1,self,1224.0,9,2,15,0,0,0,0,0,0,0,3,0,0,0,0,0,0,0,0,53,5.0,12.0,6.0,6.0,5.0,48.0,0.0,0.0,20.0,0.0,0.0,0.0,0.0,0.0,0.0,0.0,0.0
112713547,239,0,opponent,3469.0,9,2,11,0,0,0,0,0,0,0,1,0,0,0,0,0,0,0,0,63,5.0,12.0,7.0,6.0,5.0,58.0,0.0,0.0,20.0,0.0,0.0,0.0,0.0,0.0,0.0,0.0,0.0
112713547,239,1,self,3469.0,9,2,11,0,0,0,0,0,0,0,1,0,0,0,0,0,0,0,0,63,5.0,12.0,7.0,6.0,5.0,58.0,0.0,0.0,20.0,0.0,0.0,0.0,0.0,0.0,0.0,0.0,0.0
112713547,240,0,opponent,3469.0,0,2,11,0,0,0,0,0,0,0,1,0,0,0,0,0,0,0,0,76,5.0,12.0,7.0,6.0,5.0,60.0,0.0,11.0,20.0,0.0,0.0,0.0,0.0,0.0,0.0,0.0,0.0
112713547,240,1,self,3469.0,0,2,11,0,0,0,0,0,0,0,1,0,0,0,0,0,0,0,0,76,5.0,12.0,7.0,6.0,5.0,60.0,0.0,11.0,20.0,0.0,0.0,0.0,0.0,0.0,0.0,0.0,0.0
112713547,263,0,opponent,15883.0,11,2,2,0,0,0,12,0,0,0,12,0,0,0,0,0,0,0,0,12,12.0,0.0,10.0,6.0,12.0,0.0,0.0,0.0,20.0,0.0,0.0,0.0,0.0,0.0,0.0,0.0,0.0
112713547,263,1,self,15883.0,11,2,2,0,0,0,12,0,0,0,12,0,0,0,0,0,0,0,0,12,12.0,0.0,10.0,6.0,12.0,0.0,0.0,0.0,20.0,0.0,0.0,0.0,0.0,0.0,0.0,0.0,0.0
112713547,287,0,opponent,13873.0,11,3,14,0,0,0,0,0,0,0,16,0,0,0,0,0,0,0,0,22,20.0,0.0,11.0,6.0,22.0,0.0,0.0,0.0,33.0,0.0,0.0,0.0,0.0,0.0,0.0,0.0,0.0
112713547,287,1,self,13873.0,11,3,14,0,0,0,0,0,0,0,16,0,0,0,0,0,0,0,0,22,20.0,0.0,11.0,6.0,22.0,0.0,0.0,0.0,33.0,0.0,0.0,0.0,0.0,0.0,0.0,0.0,0.0
112713547,288,0,opponent,13683.0,0,3,19,0,0,0,0,0,0,0,17,0,0,0,0,0,0,0,0,51,20.0,0.0,11.0,6.0,22.0,0.0,20.0,9.0,33.0,0.0,0.0,0.0,0.0,0.0,0.0,0.0,0.0
112713547,288,1,self,13683.0,0,3,19,0,0,0,0,0,0,0,17,0,0,0,0,0,0,0,0,51,20.0,0.0,11.0,6.0,22.0,0.0,20.0,9.0,33.0,0.0,0.0,0.0,0.0,0.0,0.0,0.0,0.0
112713547,311,0,opponent,18398.0,9,3,17,0,0,0,0,3,4,0,18,0,0,0,0,0,0,0,0,30,24.0,0.0,11.0,6.0,27.0,0.0,0.0,3.0,33.0,0.0,0.0,0.0,0.0,0.0,0.0,0.0,0.0
112713547,311,1,self,18398.0,9,3,17,0,0,0,0,3,4,0,18,0,0,0,0,0,0,0,0,30,24.0,0.0,11.0,6.0,27.0,0.0,0.0,3.0,33.0,0.0,0.0,0.0,0.0,0.0,0.0,0.0,0.0
112713547,335,0,opponent,20334.0,10,3,32,0,0,0,0,0,0,0,22,0,0,0,0,0,0,0,0,33,24.0,0.0,11.0,6.0,33.0,0.0,0.0,0.0,33.0,0.0,0.0,0.0,0.0,0.0,0.0,0.0,0.0
112713547,335,1,self,20334.0,10,3,32,0,0,0,0,0,0,0,22,0,0,0,0,0,0,0,0,33,24.0,0.0,11.0,6.0,33.0,0.0,0.0,0.0,33.0,0.0,0.0,0.0,0.0,0.0,0.0,0.0,0.0
112713547,359,0,opponent,24187.0,10,3,36,0,0,0,0,3,1,0,18,0,0,0,0,0,0,0,0,35,24.0,0.0,11.0,6.0,35.0,0.0,0.0,0.0,33.0,0.0,0.0,0.0,0.0,0.0,0.0,0.0,0.0
112713547,359,1,self,24187.0,10,3,36,0,0,0,0,3,1,0,18,0,0,0,0,0,0,0,0,35,24.0,0.0,11.0,6.0,35.0,0.0,0.0,0.0,33.0,0.0,0.0,0.0,0.0,0.0,0.0,0.0,0.0
112713547,360,0,opponent,23920.0,0,3,36,0,0,0,0,3,1,0,22,0,0,0,0,0,0,0,0,83,24.0,0.0,11.0,6.0,38.0,0.0,22.0,15.0,33.0,8.0,0.0,0.0,0.0,0.0,0.0,0.0,0.0
112713547,360,1,self,23920.0,0,3,36,0,0,0,0,3,1,0,22,0,0,0,0,0,0,0,0,83,24.0,0.0,11.0,6.0,38.0,0.0,22.0,15.0,33.0,8.0,0.0,0.0,0.0,0.0,0.0,0.0,0.0
112713547,383,0,opponent,29676.0,11,3,37,0,0,8,0,9,4,0,16,0,0,0,0,0,0,0,0,38,25.0,0.0,11.0,6.0,38.0,0.0,0.0,0.0,33.0,0.0,0.0,0.0,0.0,0.0,0.0,0.0,0.0
112713547,383,1,self,29676.0,11,3,37,0,0,8,0,9,4,0,16,0,0,0,0,0,0,0,0,38,25.0,0.0,11.0,6.0,38.0,0.0,0.0,0.0,33.0,0.0,0.0,0.0,0.0,0.0,0.0,0.0,0.0
112713547,407,0,opponent,37137.0,11,3,38,0,0,0,0,6,9,0,20,0,0,0,0,0,0,0,0,40,25.0,0.0,11.0,6.0,37.0,0.0,0.0,3.0,33.0,0.0,0.0,0.0,0.0,0.0,0.0,0.0,0.0
112713547,407,1,self,37137.0,11,3,38,0,0,0,0,6,9,0,20,0,0,0,0,0,0,0,0,40,25.0,0.0,11.0,6.0,37.0,0.0,0.0,3.0,33.0,0.0,0.0,0.0,0.0,0.0,0.0,0.0,0.0
112713547,431,0,opponent,42242.0,11,3,44,0,0,0,0,9,8,0,18,0,0,0,0,0,0,0,0,39,25.0,0.0,11.0,6.0,39.0,0.0,0.0,0.0,33.0,0.0,0.0,0.0,0.0,0.0,0.0,0.0,0.0
112713547,431,1,self,42155.0,11,3,44,0,0,0,0,9,8,0,18,0,0,0,0,0,0,0,0,39,25.0,0.0,11.0,6.0,39.0,0.0,0.0,0.0,33.0,0.0,0.0,0.0,0.0,0.0,0.0,0.0,0.0
112713547,432,0,opponent,42909.0,0,3,44,0,0,0,0,9,2,0,19,0,0,0,0,0,0,0,0,94,25.0,0.0,11.0,6.0,41.0,0.0,20.0,9.0,33.0,24.0,0.0,0.0,0.0,0.0,0.0,0.0,0.0
112713547,432,1,self,42822.0,0,3,44,0,0,0,0,9,2,0,19,0,0,0,0,0,0,0,0,94,25.0,0.0,11.0,6.0,41.0,0.0,20.0,9.0,33.0,24.0,0.0,0.0,0.0,0.0,0.0,0.0,0.0
112713547,455,0,opponent,45463.0,12,3,43,0,0,0,0,9,16,0,19,0,0,0,0,0,0,0,0,41,25.0,0.0,11.0,6.0,41.0,0.0,0.0,0.0,33.0,0.0,0.0,0.0,0.0,0.0,0.0,0.0,0.0
112713547,455,1,self,45244.0,12,3,43,0,0,0,0,9,16,0,19,0,0,0,0,0,0,0,0,41,25.0,0.0,11.0,6.0,41.0,0.0,0.0,0.0,33.0,0.0,0.0,0.0,0.0,0.0,0.0,0.0,0.0
112713547,479,0,opponent,47193.0,11,3,43,0,0,6,0,6,8,0,26,0,0,0,0,0,0,0,0,47,25.0,0.0,11.0,6.0,43.0,0.0,4.0,0.0,33.0,0.0,0.0,0.0,0.0,0.0,0.0,0.0,0.0
112713547,479,1,self,46974.0,11,3,43,0,0,6,0,6,8,0,26,0,0,0,0,0,0,0,0,47,25.0,0.0,11.0,6.0,43.0,0.0,4.0,0.0,33.0,0.0,0.0,0.0,0.0,0.0,0.0,0.0,0.0
112713547,480,0,opponent,47193.0,0,3,43,0,0,6,0,6,12,0,26,0,0,0,0,0,0,0,0,88,25.0,0.0,11.0,6.0,43.0,0.0,12.0,9.0,33.0,24.0,0.0,0.0,0.0,0.0,0.0,0.0,0.0
112713547,480,1,self,46974.0,0,3,43,0,0,6,0,6,12,0,26,0,0,0,0,0,0,0,0,88,25.0,0.0,11.0,6.0,43.0,0.0,12.0,9.0,33.0,24.0,0.0,0.0,0.0,0.0,0.0,0.0,0.0
112713547,503,0,opponent,49425.0,12,3,27,0,0,0,0,9,8,0,16,0,0,0,0,0,0,0,0,49,25.0,0.0,11.0,6.0,45.0,0.0,4.0,0.0,33.0,0.0,0.0,0.0,0.0,0.0,0.0,0.0,0.0
112713547,503,1,self,49188.0,12,3,27,0,0,0,0,9,8,0,16,0,0,0,0,0,0,0,0,49,25.0,0.0,11.0,6.0,45.0,0.0,4.0,0.0,33.0,0.0,0.0,0.0,0.0,0.0,0.0,0.0,0.0
112713547,527,0,opponent,50940.0,11,3,35,0,0,11,0,9,4,0,17,0,0,0,0,0,0,0,0,65,30.0,0.0,11.0,6.0,47.0,0.0,16.0,0.0,28.0,2.0,0.0,0.0,0.0,0.0,0.0,0.0,0.0
112713547,527,1,self,50703.0,11,3,35,0,0,11,0,9,4,0,17,0,0,0,0,0,0,0,0,65,30.0,0.0,11.0,6.0,47.0,0.0,16.0,0.0,28.0,2.0,0.0,0.0,0.0,0.0,0.0,0.0,0.0
112713547,551,0,opponent,53542.0,12,3,29,0,0,13,0,6,12,0,17,0,0,0,0,0,0,0,0,53,31.0,0.0,11.0,6.0,49.0,0.0,4.0,0.0,27.0,0.0,0.0,0.0,0.0,0.0,0.0,0.0,0.0
112713547,551,1,self,53305.0,12,3,29,0,0,13,0,6,12,0,17,0,0,0,0,0,0,0,0,53,31.0,0.0,11.0,6.0,49.0,0.0,4.0,0.0,27.0,0.0,0.0,0.0,0.0,0.0,0.0,0.0,0.0
112713547,575,0,opponent,55503.0,12,3,41,0,0,20,0,7,12,0,16,0,0,0,0,0,0,0,0,67,38.0,0.0,11.0,6.0,66.0,0.0,0.0,0.0,20.0,1.0,0.0,0.0,0.0,0.0,0.0,0.0,0.0
112713547,575,1,self,54179.0,12,3,41,0,0,20,0,7,12,0,16,0,0,0,0,0,0,0,0,67,38.0,0.0,11.0,6.0,66.0,0.0,0.0,0.0,20.0,1.0,0.0,0.0,0.0,0.0,0.0,0.0,0.0
112713547,576,0,opponent,55004.0,0,3,44,0,0,18,0,7,8,0,23,0,0,0,0,0,0,0,0,94,38.0,0.0,11.0,6.0,66.0,0.0,14.0,7.0,20.0,7.0,0.0,0.0,0.0,0.0,0.0,0.0,0.0
112713547,576,1,self,53680.0,0,3,44,0,0,18,0,7,8,0,23,0,0,0,0,0,0,0,0,94,38.0,0.0,11.0,6.0,66.0,0.0,14.0,7.0,20.0,7.0,0.0,0.0,0.0,0.0,0.0,0.0,0.0
112713547,599,0,opponent,57400.0,12,3,43,0,0,5,0,7,5,0,17,0,0,0,0,0,0,0,0,68,41.0,0.0,11.0,6.0,66.0,0.0,0.0,0.0,17.0,2.0,0.0,0.0,0.0,0.0,0.0,0.0,0.0
112713547,599,1,self,56076.0,12,3,43,0,0,5,0,7,5,0,17,0,0,0,0,0,0,0,0,68,41.0,0.0,11.0,6.0,66.0,0.0,0.0,0.0,17.0,2.0,0.0,0.0,0.0,0.0,0.0,0.0,0.0
112713547,623,0,opponent,59223.0,12,3,59,0,0,13,0,9,3,0,16,0,0,0,0,0,0,0,0,78,31.0,0.0,11.0,6.0,59.0,0.0,0.0,0.0,13.0,5.0,0.0,0.0,14.0,14.0,0.0,0.0,0.0
112713547,623,1,self,58129.0,12,3,59,0,0,13,0,9,3,0,16,0,0,0,0,0,0,0,0,78,31.0,0.0,11.0,6.0,59.0,0.0,0.0,0.0,13.0,5.0,0.0,0.0,14.0,14.0,0.0,0.0,0.0
112713547,647,0,opponent,61626.0,12,3,60,0,0,0,0,6,0,0,17,0,0,0,0,0,0,0,0,86,19.0,0.0,11.0,6.0,57.0,0.0,0.0,3.0,13.0,0.0,0.0,0.0,26.0,26.0,0.0,0.0,0.0
112713547,647,1,self,60532.0,12,3,60,0,0,0,0,6,0,0,17,0,0,0,0,0,0,0,0,86,19.0,0.0,11.0,6.0,57.0,0.0,0.0,3.0,13.0,0.0,0.0,0.0,26.0,26.0,0.0,0.0,0.0
112713547,648,0,opponent,60973.0,0,3,75,0,0,0,0,9,0,0,16,0,0,0,0,0,0,0,0,140,19.0,0.0,11.0,6.0,61.0,0.0,18.0,9.0,13.0,26.0,0.0,0.0,26.0,26.0,0.0,0.0,0.0
112713547,648,1,self,59879.0,0,3,75,0,0,0,0,9,0,0,16,0,0,0,0,0,0,0,0,140,19.0,0.0,11.0,6.0,61.0,0.0,18.0,9.0,13.0,26.0,0.0,0.0,26.0,26.0,0.0,0.0,0.0
112713547,671,0,opponent,64617.0,11,3,65,1,0,20,0,3,14,0,6,0,0,0,0,0,0,0,0,80,17.0,0.0,11.0,6.0,40.0,0.0,0.0,3.0,4.0,0.0,0.0,0.0,27.0,37.0,0.0,0.0,0.0
112713547,671,1,self,63185.0,11,3,65,1,0,20,0,3,14,0,6,0,0,0,0,0,0,0,0,80,17.0,0.0,11.0,6.0,40.0,0.0,0.0,3.0,4.0,0.0,0.0,0.0,27.0,37.0,0.0,0.0,0.0
112713547,695,0,opponent,69154.0,11,3,48,31,0,0,0,1,0,0,8,0,0,0,0,0,0,0,0,45,9.0,0.0,11.0,6.0,11.0,0.0,0.0,3.0,0.0,0.0,0.0,0.0,14.0,31.0,0.0,0.0,0.0
112713547,695,1,self,68422.0,11,3,48,31,0,0,0,1,0,0,8,0,0,0,0,0,0,0,0,45,9.0,0.0,11.0,6.0,11.0,0.0,0.0,3.0,0.0,0.0,0.0,0.0,14.0,31.0,0.0,0.0,0.0
112713547,696,0,opponent,69520.0,0,3,42,34,0,0,0,1,0,0,6,0,0,0,0,0,0,0,0,60,8.0,0.0,11.0,6.0,8.0,0.0,11.0,12.0,0.0,0.0,0.0,0.0,13.0,29.0,0.0,0.0,0.0
112713547,696,1,self,68788.0,0,3,42,34,0,0,0,1,0,0,6,0,0,0,0,0,0,0,0,60,8.0,0.0,11.0,6.0,8.0,0.0,11.0,12.0,0.0,0.0,0.0,0.0,13.0,29.0,0.0,0.0,0.0
112713547,719,0,opponent,75721.0,11,3,0,0,0,0,0,0,0,0,0,0,0,0,0,0,0,0,0,0,0.0,0.0,11.0,6.0,0.0,0.0,0.0,0.0,0.0,0.0,0.0,0.0,0.0,0.0,0.0,0.0,0.0
112713547,719,1,self,74989.0,11,3,0,0,0,0,0,0,0,0,0,0,0,0,0,0,0,0,0,0,0.0,0.0,11.0,6.0,0.0,0.0,0.0,0.0,0.0,0.0,0.0,0.0,0.0,0.0,0.0,0.0,0.0
112714306,0,0,opponent,3000.0,0,1,0,0,0,0,0,0,0,0,0,0,0,0,0,0,0,0,0,0,0.0,0.0,0.0,0.0,0.0,0.0,0.0,0.0,0.0,0.0,0.0,0.0,0.0,0.0,0.0,0.0,0.0
112714306,0,1,self,3000.0,0,1,0,0,0,0,0,0,0,0,0,0,0,0,0,0,0,0,0,0,0.0,0.0,0.0,0.0,0.0,0.0,0.0,0.0,0.0,0.0,0.0,0.0,0.0,0.0,0.0,0.0,0.0
112714306,23,0,opponent,8.0,5,1,3,0,0,0,0,0,0,0,0,0,0,0,0,0,0,0,0,20,8.0,12.0,2.0,2.0,8.0,12.0,0.0,0.0,0.0,0.0,0.0,0.0,0.0,0.0,0.0,0.0,0.0
112714306,23,1,self,16.0,5,1,3,0,0,0,0,0,0,0,0,0,0,0,0,0,0,0,0,20,8.0,12.0,2.0,2.0,8.0,12.0,0.0,0.0,0.0,0.0,0.0,0.0,0.0,0.0,0.0,0.0,0.0
112714306,24,0,opponent,8.0,0,1,3,0,0,0,0,0,0,0,0,0,0,0,0,0,0,0,0,20,8.0,12.0,2.0,2.0,8.0,12.0,0.0,0.0,0.0,0.0,0.0,0.0,0.0,0.0,0.0,0.0,0.0
112714306,24,1,self,16.0,0,1,3,0,0,0,0,0,0,0,0,0,0,0,0,0,0,0,0,20,8.0,12.0,2.0,2.0,8.0,12.0,0.0,0.0,0.0,0.0,0.0,0.0,0.0,0.0,0.0,0.0,0.0
112714306,47,0,opponent,97.0,3,1,6,0,0,0,0,0,0,0,1,0,0,0,0,0,0,0,0,20,8.0,12.0,2.0,2.0,8.0,12.0,0.0,0.0,0.0,0.0,0.0,0.0,0.0,0.0,0.0,0.0,0.0
112714306,47,1,self,105.0,3,1,6,0,0,0,0,0,0,0,1,0,0,0,0,0,0,0,0,20,8.0,12.0,2.0,2.0,8.0,12.0,0.0,0.0,0.0,0.0,0.0,0.0,0.0,0.0,0.0,0.0,0.0
112714306,71,0,opponent,210.0,4,1,6,0,0,0,0,0,0,0,0,0,0,0,0,0,0,0,0,25,8.0,12.0,2.0,3.0,13.0,12.0,0.0,0.0,0.0,0.0,0.0,0.0,0.0,0.0,0.0,0.0,0.0
112714306,71,1,self,218.0,4,1,6,0,0,0,0,0,0,0,0,0,0,0,0,0,0,0,0,25,8.0,12.0,2.0,3.0,13.0,12.0,0.0,0.0,0.0,0.0,0.0,0.0,0.0,0.0,0.0,0.0,0.0
112714306,72,0,opponent,210.0,0,1,6,0,0,0,0,0,0,0,0,0,0,0,0,0,0,0,0,25,8.0,12.0,2.0,3.0,13.0,12.0,0.0,0.0,0.0,0.0,0.0,0.0,0.0,0.0,0.0,0.0,0.0
112714306,72,1,self,218.0,0,1,6,0,0,0,0,0,0,0,0,0,0,0,0,0,0,0,0,25,8.0,12.0,2.0,3.0,13.0,12.0,0.0,0.0,0.0,0.0,0.0,0.0,0.0,0.0,0.0,0.0,0.0
112714306,95,0,opponent,353.0,5,1,11,0,0,0,0,0,0,0,1,1,0,0,0,0,0,0,0,19,7.0,12.0,2.0,3.0,7.0,12.0,0.0,0.0,0.0,0.0,0.0,0.0,0.0,0.0,0.0,0.0,0.0
112714306,95,1,self,271.0,5,1,14,0,0,0,0,0,0,0,1,1,0,0,0,0,0,0,0,19,7.0,12.0,2.0,3.0,7.0,12.0,0.0,0.0,0.0,0.0,0.0,0.0,0.0,0.0,0.0,0.0,0.0
112714306,119,0,opponent,760.0,4,1,16,0,0,0,0,0,0,0,1,0,0,0,0,0,0,0,0,19,7.0,12.0,2.0,4.0,7.0,12.0,0.0,0.0,0.0,0.0,0.0,0.0,0.0,0.0,0.0,0.0,0.0
112714306,119,1,self,678.0,4,1,19,0,0,0,0,0,0,0,1,0,0,0,0,0,0,0,0,19,7.0,12.0,2.0,4.0,7.0,12.0,0.0,0.0,0.0,0.0,0.0,0.0,0.0,0.0,0.0,0.0,0.0
112714306,143,0,opponent,875.0,4,1,16,0,0,0,0,0,0,0,2,0,0,0,0,0,0,0,0,15,3.0,12.0,2.0,4.0,3.0,12.0,0.0,0.0,4.0,0.0,0.0,0.0,0.0,0.0,0.0,0.0,0.0
112714306,143,1,self,793.0,4,1,19,0,0,0,0,0,0,0,2,0,0,0,0,0,0,0,0,15,3.0,12.0,2.0,4.0,3.0,12.0,0.0,0.0,4.0,0.0,0.0,0.0,0.0,0.0,0.0,0.0,0.0
112714306,144,0,opponent,875.0,0,1,16,0,0,0,0,0,0,0,2,0,0,0,0,0,0,0,0,27,3.0,12.0,2.0,4.0,3.0,12.0,12.0,0.0,4.0,0.0,0.0,0.0,0.0,0.0,0.0,0.0,0.0
112714306,144,1,self,793.0,0,1,19,0,0,0,0,0,0,0,2,0,0,0,0,0,0,0,0,27,3.0,12.0,2.0,4.0,3.0,12.0,12.0,0.0,4.0,0.0,0.0,0.0,0.0,0.0,0.0,0.0,0.0
112714306,167,0,opponent,823.0,7,2,13,0,0,0,0,0,2,0,1,0,0,0,0,0,0,0,0,30,6.0,12.0,2.0,6.0,7.0,23.0,0.0,0.0,12.0,0.0,0.0,0.0,0.0,0.0,0.0,0.0,0.0
112714306,167,1,self,741.0,7,2,16,0,0,0,0,0,2,0,1,0,0,0,0,0,0,0,0,30,6.0,12.0,2.0,6.0,7.0,23.0,0.0,0.0,12.0,0.0,0.0,0.0,0.0,0.0,0.0,0.0,0.0
112714306,191,0,opponent,619.0,7,2,8,0,0,0,0,0,0,0,1,0,0,0,0,0,0,0,0,45,9.0,12.0,2.0,8.0,9.0,36.0,0.0,0.0,16.0,0.0,0.0,0.0,0.0,0.0,0.0,0.0,0.0
112714306,191,1,self,540.0,7,2,11,0,0,0,0,0,0,0,1,0,0,0,1,0,0,0,0,44,8.0,12.0,2.0,8.0,8.0,36.0,0.0,0.0,16.0,0.0,0.0,0.0,0.0,0.0,0.0,0.0,0.0
112714306,192,0,opponent,619.0,0,2,8,0,0,0,0,0,0,0,1,0,0,0,0,0,0,0,0,57,9.0,12.0,2.0,8.0,9.0,36.0,0.0,12.0,16.0,0.0,0.0,0.0,0.0,0.0,0.0,0.0,0.0
112714306,192,1,self,540.0,0,2,11,0,0,0,0,0,0,0,1,0,0,0,0,0,0,0,0,57,9.0,12.0,2.0,8.0,9.0,36.0,0.0,12.0,16.0,0.0,0.0,0.0,0.0,0.0,0.0,0.0,0.0
112714306,215,0,opponent,1636.0,10,2,24,0,0,0,0,0,0,0,1,0,0,0,3,0,0,0,0,53,5.0,12.0,4.0,8.0,5.0,48.0,0.0,0.0,20.0,0.0,0.0,0.0,0.0,0.0,0.0,0.0,0.0
112714306,215,1,self,1288.0,8,2,28,0,0,0,0,0,0,0,3,0,0,0,0,0,0,0,0,52,5.0,12.0,4.0,8.0,5.0,47.0,0.0,0.0,20.0,0.0,0.0,0.0,0.0,0.0,0.0,0.0,0.0
112714306,239,0,opponent,2310.0,8,2,33,0,0,0,0,0,0,0,1,0,1,0,3,0,0,0,0,64,5.0,12.0,5.0,8.0,5.0,59.0,0.0,0.0,20.0,0.0,0.0,0.0,0.0,0.0,0.0,0.0,0.0
112714306,239,1,self,2243.0,8,2,36,0,0,0,0,0,0,0,1,0,1,0,0,0,0,0,0,64,5.0,12.0,5.0,8.0,5.0,59.0,0.0,0.0,20.0,0.0,0.0,0.0,0.0,0.0,0.0,0.0,0.0
112714306,240,0,opponent,2310.0,0,2,33,0,0,0,0,0,0,0,1,0,1,0,3,0,0,0,0,77,5.0,12.0,5.0,8.0,5.0,60.0,0.0,12.0,20.0,0.0,0.0,0.0,0.0,0.0,0.0,0.0,0.0
112714306,240,1,self,2243.0,0,2,36,0,0,0,0,0,0,0,1,0,1,0,0,0,0,0,0,77,5.0,12.0,5.0,8.0,5.0,60.0,0.0,12.0,20.0,0.0,0.0,0.0,0.0,0.0,0.0,0.0,0.0
112714306,263,0,opponent,15517.0,11,2,42,0,0,0,12,0,0,0,11,0,0,0,3,0,0,0,0,13,12.0,0.0,6.0,8.0,13.0,0.0,0.0,0.0,20.0,0.0,2.0,0.0,0.0,0.0,0.0,0.0,0.0
112714306,263,1,self,15801.0,11,2,42,0,0,0,12,0,0,0,11,0,0,0,0,0,0,0,0,13,12.0,0.0,6.0,8.0,13.0,0.0,0.0,0.0,20.0,0.0,2.0,0.0,0.0,0.0,0.0,0.0,0.0
112714306,287,0,opponent,14542.0,10,3,37,0,0,0,0,0,0,0,16,0,0,0,3,0,0,0,0,24,21.0,0.0,6.0,8.0,24.0,0.0,0.0,0.0,33.0,0.0,3.0,0.0,0.0,0.0,0.0,0.0,0.0
112714306,287,1,self,14900.0,10,3,37,0,0,0,0,0,0,0,15,0,0,0,0,0,0,0,0,24,21.0,0.0,6.0,8.0,24.0,0.0,0.0,0.0,33.0,0.0,3.0,0.0,0.0,0.0,0.0,0.0,0.0
112714306,288,0,opponent,14542.0,0,3,39,0,0,0,0,0,0,0,17,0,0,0,3,0,0,0,0,39,20.0,0.0,6.0,8.0,22.0,0.0,8.0,9.0,33.0,0.0,3.0,0.0,0.0,0.0,0.0,0.0,0.0
112714306,288,1,self,14900.0,0,3,39,0,0,0,0,0,0,0,16,0,0,0,0,0,0,0,0,39,20.0,0.0,6.0,8.0,22.0,0.0,8.0,9.0,33.0,0.0,3.0,0.0,0.0,0.0,0.0,0.0,0.0
112714306,311,0,opponent,18062.0,9,3,14,0,0,0,0,0,0,0,17,0,0,0,3,0,0,0,0,30,24.0,0.0,6.0,8.0,27.0,0.0,0.0,3.0,33.0,0.0,3.0,0.0,0.0,0.0,0.0,0.0,0.0
112714306,311,1,self,18417.0,9,3,14,0,0,0,0,0,0,0,17,0,0,0,0,0,0,0,0,30,24.0,0.0,6.0,8.0,27.0,0.0,0.0,3.0,33.0,0.0,3.0,0.0,0.0,0.0,0.0,0.0,0.0
112714306,335,0,opponent,19593.0,9,3,16,0,0,0,0,0,0,0,16,0,0,0,3,0,0,0,0,32,24.0,0.0,6.0,8.0,32.0,0.0,0.0,0.0,33.0,0.0,3.0,0.0,0.0,0.0,0.0,0.0,0.0
112714306,335,1,self,19948.0,9,3,16,0,0,0,0,0,0,0,14,0,0,0,0,0,0,0,0,32,24.0,0.0,6.0,8.0,32.0,0.0,0.0,0.0,33.0,0.0,3.0,0.0,0.0,0.0,0.0,0.0,0.0
112714306,359,0,opponent,21596.0,9,3,23,0,0,0,0,6,3,8,21,0,0,0,3,0,0,0,0,36,24.0,0.0,6.0,8.0,36.0,0.0,0.0,0.0,33.0,0.0,3.0,0.0,0.0,0.0,0.0,0.0,0.0
112714306,359,1,self,21945.0,9,3,23,0,0,0,0,6,3,8,20,0,0,0,0,0,0,0,0,38,24.0,0.0,6.0,8.0,38.0,0.0,0.0,0.0,33.0,0.0,3.0,0.0,0.0,0.0,0.0,0.0,0.0
112714306,360,0,opponent,21980.0,0,3,23,0,0,0,0,6,0,8,16,0,0,0,3,0,0,0,0,83,24.0,0.0,6.0,8.0,38.0,0.0,14.0,15.0,33.0,8.0,3.0,8.0,0.0,0.0,0.0,0.0,0.0
112714306,360,1,self,22329.0,0,3,23,0,0,0,0,6,0,8,15,0,0,0,0,0,0,0,0,85,24.0,0.0,6.0,8.0,40.0,0.0,14.0,15.0,33.0,8.0,3.0,8.0,0.0,0.0,0.0,0.0,0.0
112714306,383,0,opponent,25620.0,10,3,28,0,0,0,0,0,14,2,11,0,0,0,4,0,0,0,0,40,24.0,0.0,6.0,8.0,34.0,0.0,0.0,0.0,33.0,0.0,3.0,6.0,0.0,0.0,0.0,0.0,0.0
112714306,383,1,self,25919.0,10,3,28,0,0,0,0,0,14,6,11,0,0,0,1,0,0,0,0,40,24.0,0.0,6.0,8.0,38.0,0.0,0.0,0.0,33.0,0.0,3.0,2.0,0.0,0.0,0.0,0.0,0.0
112714306,407,0,opponent,29898.0,11,3,36,0,0,0,0,3,0,6,11,0,0,0,4,0,0,0,0,38,25.0,0.0,6.0,8.0,36.0,0.0,0.0,0.0,33.0,0.0,3.0,2.0,0.0,0.0,0.0,0.0,0.0
112714306,407,1,self,30199.0,11,3,42,0,0,0,0,3,0,5,11,0,0,0,1,0,0,0,0,38,25.0,0.0,6.0,8.0,36.0,0.0,0.0,0.0,33.0,0.0,3.0,2.0,0.0,0.0,0.0,0.0,0.0
112714306,431,0,opponent,33966.0,11,3,43,0,0,0,0,7,2,4,16,0,0,0,4,0,0,0,0,40,25.0,0.0,6.0,8.0,36.0,0.0,0.0,0.0,33.0,0.0,3.0,4.0,0.0,0.0,0.0,0.0,0.0
112714306,431,1,self,34065.0,11,3,49,0,0,0,0,7,0,6,15,0,0,0,1,8,0,0,0,38,25.0,0.0,6.0,8.0,36.0,0.0,0.0,0.0,33.0,0.0,3.0,2.0,0.0,0.0,0.0,0.0,0.0
112714306,432,0,opponent,34170.0,0,3,43,0,0,0,0,7,2,0,17,0,0,0,4,0,0,0,0,83,25.0,0.0,6.0,8.0,38.0,0.0,3.0,8.0,33.0,24.0,3.0,10.0,0.0,0.0,0.0,0.0,0.0
112714306,432,1,self,34116.0,0,3,49,0,0,0,0,7,0,5,16,0,0,0,1,8,0,0,0,81,25.0,0.0,6.0,8.0,38.0,0.0,3.0,8.0,33.0,24.0,3.0,8.0,0.0,0.0,0.0,0.0,0.0
112714306,455,0,opponent,38466.0,11,3,37,0,0,6,0,4,1,8,16,0,0,0,4,0,0,0,0,43,25.0,0.0,6.0,8.0,37.0,0.0,1.0,1.0,33.0,2.0,3.0,2.0,0.0,0.0,0.0,0.0,0.0
112714306,455,1,self,38403.0,11,3,48,0,0,6,0,4,1,4,14,0,0,0,2,8,0,0,0,46,24.0,0.0,6.0,8.0,37.0,0.0,1.0,1.0,33.0,2.0,3.0,4.0,1.0,1.0,0.0,0.0,0.0
112714306,479,0,opponent,42850.0,10,3,38,0,0,6,0,7,3,8,14,0,0,0,4,0,0,0,0,40,25.0,0.0,6.0,8.0,40.0,0.0,0.0,0.0,33.0,0.0,3.0,0.0,0.0,0.0,0.0,0.0,0.0
112714306,479,1,self,42644.0,10,3,49,0,0,6,0,4,3,10,13,0,0,0,1,8,0,0,0,40,24.0,0.0,6.0,8.0,39.0,0.0,0.0,0.0,33.0,0.0,3.0,0.0,1.0,1.0,0.0,0.0,0.0
112714306,480,0,opponent,42915.0,0,3,38,0,0,6,0,4,3,8,14,0,0,0,4,0,0,0,0,89,25.0,0.0,6.0,8.0,43.0,0.0,6.0,10.0,33.0,24.0,3.0,6.0,0.0,0.0,0.0,0.0,0.0
112714306,480,1,self,42644.0,0,3,49,0,0,6,0,4,3,10,13,0,0,0,1,8,0,0,0,89,24.0,0.0,6.0,8.0,42.0,0.0,6.0,10.0,33.0,24.0,3.0,6.0,1.0,1.0,0.0,0.0,0.0
112714306,503,0,opponent,47803.0,11,3,43,0,0,6,0,4,6,4,15,0,0,0,5,8,0,0,0,50,24.0,0.0,6.0,8.0,43.0,0.0,0.0,4.0,33.0,0.0,3.0,2.0,1.0,1.0,0.0,0.0,0.0
112714306,503,1,self,48074.0,11,3,50,0,0,4,0,4,3,9,13,0,0,0,1,8,0,0,0,50,23.0,0.0,6.0,8.0,41.0,0.0,3.0,2.0,33.0,0.0,3.0,2.0,2.0,2.0,0.0,0.0,0.0
112714306,527,0,opponent,53429.0,11,3,38,0,0,11,0,6,0,7,15,0,0,0,4,8,0,0,0,63,24.0,0.0,6.0,8.0,42.0,0.0,9.0,2.0,28.0,2.0,3.0,2.0,6.0,6.0,0.0,0.0,0.0
112714306,527,1,self,53250.0,11,3,49,0,0,12,0,6,0,8,17,0,0,0,1,8,0,0,0,69,23.0,0.0,6.0,8.0,39.0,0.0,9.0,2.0,28.0,2.0,3.0,8.0,7.0,9.0,0.0,0.0,0.0
112714306,551,0,opponent,55534.0,11,3,51,0,0,11,0,6,4,6,14,0,0,0,6,8,0,0,0,59,21.0,0.0,6.0,8.0,37.0,0.0,3.0,2.0,27.0,2.0,3.0,4.0,10.0,11.0,0.0,0.0,0.0
112714306,551,1,self,56464.0,11,3,40,0,0,10,0,6,4,4,15,0,0,0,3,8,0,0,0,64,21.0,0.0,6.0,8.0,37.0,0.0,3.0,3.0,27.0,2.0,3.0,8.0,10.0,11.0,0.0,0.0,0.0
112714306,575,0,opponent,57812.0,11,3,39,3,0,16,0,4,8,8,16,0,0,0,8,8,0,0,0,72,21.0,0.0,6.0,8.0,41.0,0.0,0.0,4.0,20.0,5.0,3.0,0.0,17.0,22.0,0.0,0.0,0.0
112714306,575,1,self,58683.0,11,3,29,3,0,17,0,4,8,4,17,0,0,0,5,8,0,0,0,75,21.0,0.0,6.0,8.0,41.0,0.0,0.0,5.0,20.0,5.0,3.0,2.0,17.0,22.0,0.0,0.0,0.0
112714306,576,0,opponent,57850.0,0,3,38,3,0,21,0,6,8,8,16,0,0,0,8,8,0,0,0,105,21.0,0.0,6.0,8.0,46.0,0.0,12.0,12.0,20.0,7.0,3.0,6.0,17.0,22.0,0.0,0.0,0.0
112714306,576,1,self,58683.0,0,3,29,3,0,22,0,6,8,4,17,0,0,0,5,8,0,0,0,107,21.0,0.0,6.0,8.0,46.0,0.0,12.0,13.0,20.0,6.0,3.0,8.0,17.0,22.0,0.0,0.0,0.0
112714306,599,0,opponent,61268.0,11,3,31,16,0,7,0,12,4,4,16,0,0,0,5,8,0,0,0,74,24.0,0.0,6.0,8.0,52.0,0.0,0.0,0.0,17.0,0.0,3.0,4.0,17.0,18.0,0.0,0.0,0.0
112714306,599,1,self,61349.0,11,3,30,16,0,6,0,13,4,6,16,0,0,0,2,8,0,0,0,72,24.0,0.0,6.0,8.0,52.0,0.0,0.0,0.0,17.0,0.0,3.0,2.0,17.0,18.0,0.0,0.0,0.0
112714306,623,0,opponent,63405.0,11,3,39,12,0,21,0,4,4,6,17,0,0,0,5,8,0,0,0,81,18.0,0.0,6.0,8.0,43.0,0.0,0.0,2.0,13.0,0.0,3.0,1.0,27.0,35.0,0.0,0.0,0.0
112714306,623,1,self,63542.0,11,3,39,12,0,21,0,4,4,4,15,0,0,0,2,8,0,0,0,83,18.0,0.0,6.0,8.0,43.0,0.0,0.0,2.0,13.0,0.0,3.0,1.0,27.0,37.0,0.0,0.0,0.0
112714306,647,0,opponent,65616.0,11,3,29,26,0,0,0,6,7,2,16,0,0,0,5,8,0,0,0,86,14.0,0.0,6.0,8.0,46.0,0.0,0.0,4.0,13.0,0.0,3.0,3.0,31.0,33.0,0.0,0.0,0.0
112714306,647,1,self,65676.0,11,3,29,28,0,0,0,6,7,2,16,0,0,0,2,8,0,0,0,82,14.0,0.0,6.0,8.0,40.0,0.0,0.0,4.0,13.0,0.0,3.0,3.0,31.0,35.0,0.0,0.0,0.0
112714306,648,0,opponent,65616.0,0,3,29,26,0,0,0,6,7,2,16,0,0,0,5,8,0,0,0,140,14.0,0.0,6.0,8.0,50.0,0.0,11.0,10.0,13.0,26.0,2.0,6.0,31.0,37.0,0.0,0.0,0.0
112714306,648,1,self,65676.0,0,3,29,28,0,0,0,6,7,2,17,0,0,0,2,8,0,0,0,136,14.0,0.0,6.0,8.0,44.0,0.0,11.0,10.0,13.0,26.0,2.0,6.0,31.0,39.0,0.0,0.0,0.0
112714306,671,0,opponent,69198.0,11,3,38,14,0,20,0,4,11,0,6,0,0,0,7,8,0,0,0,91,9.0,0.0,6.0,8.0,31.0,0.0,0.0,2.0,4.0,0.0,2.0,6.0,35.0,52.0,0.0,0.0,0.0
112714306,671,1,self,69496.0,11,3,36,15,0,20,0,4,11,0,8,0,0,0,4,0,0,0,0,85,9.0,0.0,6.0,8.0,25.0,0.0,0.0,2.0,4.0,0.0,2.0,6.0,35.0,52.0,0.0,0.0,0.0
112714306,695,0,opponent,74501.0,12,3,44,32,0,0,0,0,0,4,8,0,0,0,7,8,0,0,0,52,2.0,0.0,6.0,8.0,4.0,0.0,0.0,6.0,0.0,0.0,2.0,0.0,21.0,42.0,0.0,0.0,0.0
112714306,695,1,self,74443.0,12,3,38,36,0,0,0,0,1,4,8,0,0,0,4,0,0,0,0,50,2.0,0.0,6.0,8.0,4.0,0.0,0.0,6.0,0.0,0.0,2.0,0.0,21.0,40.0,0.0,0.0,0.0
112714306,696,0,opponent,74820.0,0,3,38,35,0,0,0,0,0,4,6,0,0,0,7,8,0,0,0,65,1.0,0.0,6.0,8.0,1.0,0.0,8.0,12.0,0.0,0.0,2.0,3.0,20.0,41.0,1.0,0.0,0.0
112714306,696,1,self,74630.0,0,3,36,39,0,0,0,0,1,4,6,0,0,0,4,0,0,0,0,62,1.0,0.0,6.0,8.0,1.0,0.0,8.0,12.0,0.0,0.0,2.0,3.0,20.0,38.0,1.0,0.0,0.0
112714306,719,0,opponent,83570.0,11,3,0,0,0,0,0,0,0,0,0,0,0,0,7,8,0,0,0,0,0.0,0.0,6.0,8.0,0.0,0.0,0.0,0.0,0.0,0.0,2.0,0.0,0.0,0.0,1.0,0.0,0.0
112714306,719,1,self,83723.0,11,3,0,0,0,0,0,0,0,0,0,0,0,0,4,0,0,0,0,0,0.0,0.0,6.0,8.0,0.0,0.0,0.0,0.0,0.0,0.0,2.0,0.0,0.0,0.0,1.0,0.0,0.0
112715478,0,0,opponent,3000.0,0,1,0,0,0,0,0,0,0,0,0,0,0,0,0,0,0,0,0,0,0.0,0.0,0.0,0.0,0.0,0.0,0.0,0.0,0.0,0.0,0.0,0.0,0.0,0.0,0.0,0.0,0.0
112715478,0,1,self,3000.0,0,1,0,0,0,0,0,0,0,0,0,0,0,0,0,0,0,0,0,0,0.0,0.0,0.0,0.0,0.0,0.0,0.0,0.0,0.0,0.0,0.0,0.0,0.0,0.0,0.0,0.0,0.0
112715478,23,0,opponent,12.0,5,1,3,0,0,0,0,0,0,0,0,0,0,0,0,0,0,0,0,20,8.0,12.0,2.0,2.0,8.0,12.0,0.0,0.0,0.0,0.0,0.0,0.0,0.0,0.0,0.0,0.0,0.0
112715478,23,1,self,12.0,5,1,3,0,0,0,0,0,0,0,0,0,0,0,0,0,0,0,0,20,8.0,12.0,2.0,2.0,8.0,12.0,0.0,0.0,0.0,0.0,0.0,0.0,0.0,0.0,0.0,0.0,0.0
112715478,24,0,opponent,12.0,0,1,3,0,0,0,0,0,0,0,0,0,0,0,0,0,0,0,0,20,8.0,12.0,2.0,2.0,8.0,12.0,0.0,0.0,0.0,0.0,0.0,0.0,0.0,0.0,0.0,0.0,0.0
112715478,24,1,self,12.0,0,1,3,0,0,0,0,0,0,0,0,0,0,0,0,0,0,0,0,20,8.0,12.0,2.0,2.0,8.0,12.0,0.0,0.0,0.0,0.0,0.0,0.0,0.0,0.0,0.0,0.0,0.0
112715478,47,0,opponent,101.0,3,1,6,0,0,0,0,0,0,0,1,0,0,0,0,0,0,0,0,20,8.0,12.0,2.0,2.0,8.0,12.0,0.0,0.0,0.0,0.0,0.0,0.0,0.0,0.0,0.0,0.0,0.0
112715478,47,1,self,101.0,3,1,6,0,0,0,0,0,0,0,1,0,0,0,0,0,0,0,0,20,8.0,12.0,2.0,2.0,8.0,12.0,0.0,0.0,0.0,0.0,0.0,0.0,0.0,0.0,0.0,0.0,0.0
112715478,71,0,opponent,214.0,4,1,6,0,0,0,0,0,0,0,0,0,0,0,0,0,0,0,0,25,8.0,12.0,2.0,3.0,13.0,12.0,0.0,0.0,0.0,0.0,0.0,0.0,0.0,0.0,0.0,0.0,0.0
112715478,71,1,self,214.0,4,1,6,0,0,0,0,0,0,0,0,0,0,0,0,0,0,0,0,25,8.0,12.0,2.0,3.0,13.0,12.0,0.0,0.0,0.0,0.0,0.0,0.0,0.0,0.0,0.0,0.0,0.0
112715478,72,0,opponent,214.0,0,1,6,0,0,0,0,0,0,0,0,0,0,0,0,0,0,0,0,25,8.0,12.0,2.0,3.0,13.0,12.0,0.0,0.0,0.0,0.0,0.0,0.0,0.0,0.0,0.0,0.0,0.0
112715478,72,1,self,214.0,0,1,6,0,0,0,0,0,0,0,0,0,0,0,0,0,0,0,0,25,8.0,12.0,2.0,3.0,13.0,12.0,0.0,0.0,0.0,0.0,0.0,0.0,0.0,0.0,0.0,0.0,0.0
112715478,95,0,opponent,267.0,5,1,14,0,0,0,0,0,0,0,1,1,0,0,0,0,0,0,0,19,7.0,12.0,2.0,3.0,7.0,12.0,0.0,0.0,0.0,0.0,0.0,0.0,0.0,0.0,0.0,0.0,0.0
112715478,95,1,self,267.0,5,1,14,0,0,0,0,0,0,0,1,1,0,0,0,0,0,0,0,19,7.0,12.0,2.0,3.0,7.0,12.0,0.0,0.0,0.0,0.0,0.0,0.0,0.0,0.0,0.0,0.0,0.0
112715478,119,0,opponent,672.0,4,1,19,0,0,0,0,0,0,0,1,0,0,0,0,0,0,0,0,19,7.0,12.0,2.0,4.0,7.0,12.0,0.0,0.0,0.0,0.0,0.0,0.0,0.0,0.0,0.0,0.0,0.0
112715478,119,1,self,672.0,4,1,19,0,0,0,0,0,0,0,1,0,0,0,0,0,0,0,0,19,7.0,12.0,2.0,4.0,7.0,12.0,0.0,0.0,0.0,0.0,0.0,0.0,0.0,0.0,0.0,0.0,0.0
112715478,143,0,opponent,787.0,4,1,19,0,0,0,0,0,0,0,2,0,0,0,0,0,0,0,0,15,3.0,12.0,2.0,4.0,3.0,12.0,0.0,0.0,4.0,0.0,0.0,0.0,0.0,0.0,0.0,0.0,0.0
112715478,143,1,self,787.0,4,1,19,0,0,0,0,0,0,0,2,0,0,0,0,0,0,0,0,15,3.0,12.0,2.0,4.0,3.0,12.0,0.0,0.0,4.0,0.0,0.0,0.0,0.0,0.0,0.0,0.0,0.0
112715478,144,0,opponent,787.0,0,1,19,0,0,0,0,0,0,0,2,0,0,0,0,0,0,0,0,27,3.0,12.0,2.0,4.0,3.0,12.0,12.0,0.0,4.0,0.0,0.0,0.0,0.0,0.0,0.0,0.0,0.0
112715478,144,1,self,787.0,0,1,19,0,0,0,0,0,0,0,2,0,0,0,0,0,0,0,0,27,3.0,12.0,2.0,4.0,3.0,12.0,12.0,0.0,4.0,0.0,0.0,0.0,0.0,0.0,0.0,0.0,0.0
112715478,167,0,opponent,1112.0,8,2,11,0,0,0,0,0,0,0,2,0,0,0,0,0,0,0,0,29,5.0,12.0,4.0,4.0,5.0,24.0,0.0,0.0,12.0,0.0,0.0,0.0,0.0,0.0,0.0,0.0,0.0
112715478,167,1,self,1112.0,8,2,11,0,0,0,0,0,0,0,2,0,0,0,0,0,0,0,0,29,5.0,12.0,4.0,4.0,5.0,24.0,0.0,0.0,12.0,0.0,0.0,0.0,0.0,0.0,0.0,0.0,0.0
112715478,191,0,opponent,428.0,8,2,2,0,0,0,0,0,0,0,3,0,0,0,0,0,0,0,0,45,9.0,12.0,4.0,6.0,9.0,36.0,0.0,0.0,16.0,0.0,0.0,0.0,0.0,0.0,0.0,0.0,0.0
112715478,191,1,self,428.0,8,2,2,0,0,0,0,0,0,0,3,0,0,0,0,0,0,0,0,45,9.0,12.0,4.0,6.0,9.0,36.0,0.0,0.0,16.0,0.0,0.0,0.0,0.0,0.0,0.0,0.0,0.0
112715478,192,0,opponent,173.0,0,2,10,0,0,0,0,0,0,0,3,0,0,0,0,0,0,0,0,57,9.0,12.0,4.0,6.0,9.0,36.0,0.0,12.0,16.0,0.0,0.0,0.0,0.0,0.0,0.0,0.0,0.0
112715478,192,1,self,173.0,0,2,10,0,0,0,0,0,0,0,3,0,0,0,0,0,0,0,0,57,9.0,12.0,4.0,6.0,9.0,36.0,0.0,12.0,16.0,0.0,0.0,0.0,0.0,0.0,0.0,0.0,0.0
112715478,215,0,opponent,1224.0,9,2,15,0,0,0,0,0,0,0,3,0,0,0,0,0,0,0,0,53,5.0,12.0,6.0,6.0,5.0,48.0,0.0,0.0,20.0,0.0,0.0,0.0,0.0,0.0,0.0,0.0,0.0
112715478,215,1,self,1224.0,9,2,15,0,0,0,0,0,0,0,3,0,0,0,0,0,0,0,0,53,5.0,12.0,6.0,6.0,5.0,48.0,0.0,0.0,20.0,0.0,0.0,0.0,0.0,0.0,0.0,0.0,0.0
112715478,239,0,opponent,3480.0,9,2,11,0,0,0,0,0,0,0,1,0,0,0,0,0,0,0,0,63,5.0,12.0,7.0,6.0,5.0,58.0,0.0,0.0,20.0,0.0,0.0,0.0,0.0,0.0,0.0,0.0,0.0
112715478,239,1,self,3480.0,9,2,11,0,0,0,0,0,0,0,1,0,0,0,0,0,0,0,0,63,5.0,12.0,7.0,6.0,5.0,58.0,0.0,0.0,20.0,0.0,0.0,0.0,0.0,0.0,0.0,0.0,0.0
112715478,240,0,opponent,3480.0,0,2,11,0,0,0,0,0,0,0,1,0,0,0,0,0,0,0,0,76,5.0,12.0,7.0,6.0,5.0,60.0,0.0,11.0,20.0,0.0,0.0,0.0,0.0,0.0,0.0,0.0,0.0
112715478,240,1,self,3480.0,0,2,11,0,0,0,0,0,0,0,1,0,0,0,0,0,0,0,0,76,5.0,12.0,7.0,6.0,5.0,60.0,0.0,11.0,20.0,0.0,0.0,0.0,0.0,0.0,0.0,0.0,0.0
112715478,263,0,opponent,15665.0,11,2,2,0,0,0,12,0,0,0,12,0,0,0,0,0,0,0,0,12,12.0,0.0,10.0,6.0,12.0,0.0,0.0,0.0,20.0,0.0,0.0,0.0,0.0,0.0,0.0,0.0,0.0
112715478,263,1,self,15665.0,11,2,2,0,0,0,12,0,0,0,12,0,0,0,0,0,0,0,0,12,12.0,0.0,10.0,6.0,12.0,0.0,0.0,0.0,20.0,0.0,0.0,0.0,0.0,0.0,0.0,0.0,0.0
112715478,287,0,opponent,5890.0,13,4,14,0,0,0,0,0,0,0,16,0,0,0,0,0,0,0,0,22,20.0,0.0,17.0,6.0,22.0,0.0,0.0,0.0,33.0,0.0,0.0,0.0,0.0,0.0,0.0,0.0,0.0
112715478,287,1,self,5890.0,13,4,14,0,0,0,0,0,0,0,16,0,0,0,0,0,0,0,0,22,20.0,0.0,17.0,6.0,22.0,0.0,0.0,0.0,33.0,0.0,0.0,0.0,0.0,0.0,0.0,0.0,0.0
112715478,288,0,opponent,5700.0,0,4,19,0,0,0,0,0,0,0,17,0,0,0,0,0,0,0,0,51,20.0,0.0,17.0,6.0,22.0,0.0,20.0,9.0,33.0,0.0,0.0,0.0,0.0,0.0,0.0,0.0,0.0
112715478,288,1,self,5700.0,0,4,19,0,0,0,0,0,0,0,17,0,0,0,0,0,0,0,0,51,20.0,0.0,17.0,6.0,22.0,0.0,20.0,9.0,33.0,0.0,0.0,0.0,0.0,0.0,0.0,0.0,0.0
112715478,311,0,opponent,10401.0,11,4,17,0,0,0,0,3,4,0,18,0,0,0,0,0,0,0,0,30,24.0,0.0,17.0,6.0,27.0,0.0,0.0,3.0,33.0,0.0,0.0,0.0,0.0,0.0,0.0,0.0,0.0
112715478,311,1,self,10401.0,11,4,17,0,0,0,0,3,4,0,18,0,0,0,0,0,0,0,0,30,24.0,0.0,17.0,6.0,27.0,0.0,0.0,3.0,33.0,0.0,0.0,0.0,0.0,0.0,0.0,0.0,0.0
112715478,335,0,opponent,11555.0,11,4,34,0,0,0,0,0,0,0,22,0,0,0,0,0,0,0,0,33,24.0,0.0,17.0,6.0,33.0,0.0,0.0,0.0,33.0,0.0,0.0,0.0,0.0,0.0,0.0,0.0,0.0
112715478,335,1,self,11555.0,11,4,34,0,0,0,0,0,0,0,22,0,0,0,0,0,0,0,0,33,24.0,0.0,17.0,6.0,33.0,0.0,0.0,0.0,33.0,0.0,0.0,0.0,0.0,0.0,0.0,0.0,0.0
112715478,359,0,opponent,14617.0,11,4,41,0,0,0,0,3,1,0,21,0,0,0,0,0,0,0,0,35,24.0,0.0,17.0,6.0,35.0,0.0,0.0,0.0,33.0,0.0,0.0,0.0,0.0,0.0,0.0,0.0,0.0
112715478,359,1,self,14617.0,11,4,41,0,0,0,0,3,1,0,21,0,0,0,0,0,0,0,0,35,24.0,0.0,17.0,6.0,35.0,0.0,0.0,0.0,33.0,0.0,0.0,0.0,0.0,0.0,0.0,0.0,0.0
112715478,360,0,opponent,14372.0,0,4,41,0,0,0,0,3,1,0,25,0,0,0,0,0,0,0,0,82,24.0,0.0,17.0,6.0,38.0,0.0,22.0,14.0,33.0,8.0,0.0,0.0,0.0,0.0,0.0,0.0,0.0
112715478,360,1,self,14372.0,0,4,41,0,0,0,0,3,1,0,25,0,0,0,0,0,0,0,0,82,24.0,0.0,17.0,6.0,38.0,0.0,22.0,14.0,33.0,8.0,0.0,0.0,0.0,0.0,0.0,0.0,0.0
112715478,383,0,opponent,19245.0,12,4,45,0,0,8,0,8,4,0,19,0,0,0,0,0,0,0,0,38,25.0,0.0,17.0,6.0,38.0,0.0,0.0,0.0,33.0,0.0,0.0,0.0,0.0,0.0,0.0,0.0,0.0
112715478,383,1,self,19245.0,12,4,45,0,0,8,0,8,4,0,19,0,0,0,0,0,0,0,0,38,25.0,0.0,17.0,6.0,38.0,0.0,0.0,0.0,33.0,0.0,0.0,0.0,0.0,0.0,0.0,0.0,0.0
112715478,407,0,opponent,26410.0,12,4,45,0,0,0,0,4,6,0,23,0,0,0,0,0,0,0,0,39,25.0,0.0,17.0,6.0,37.0,0.0,0.0,2.0,33.0,0.0,0.0,0.0,0.0,0.0,1.0,0.0,0.0
112715478,407,1,self,26410.0,12,4,45,0,0,0,0,4,6,0,23,0,0,0,0,0,0,0,0,39,25.0,0.0,17.0,6.0,37.0,0.0,0.0,2.0,33.0,0.0,0.0,0.0,0.0,0.0,0.0,0.0,0.0
112715478,431,0,opponent,34745.0,13,4,46,0,0,0,0,6,26,0,21,0,0,0,0,0,0,0,0,39,25.0,0.0,17.0,6.0,39.0,0.0,0.0,0.0,33.0,0.0,0.0,0.0,0.0,0.0,1.0,0.0,0.0
112715478,431,1,self,34745.0,13,4,46,0,0,0,0,6,26,0,21,0,0,0,0,0,0,0,0,39,25.0,0.0,17.0,6.0,39.0,0.0,0.0,0.0,33.0,0.0,0.0,0.0,0.0,0.0,0.0,0.0,0.0
112715478,432,0,opponent,40087.0,0,4,44,0,0,0,0,6,2,0,22,0,0,0,0,0,0,0,0,91,25.0,0.0,17.0,6.0,41.0,0.0,20.0,6.0,33.0,24.0,0.0,0.0,0.0,0.0,1.0,0.0,0.0
112715478,432,1,self,40087.0,0,4,44,0,0,0,0,6,2,0,22,0,0,0,0,0,0,0,0,91,25.0,0.0,17.0,6.0,41.0,0.0,20.0,6.0,33.0,24.0,0.0,0.0,0.0,0.0,0.0,0.0,0.0
112715478,455,0,opponent,41473.0,13,4,46,0,0,0,0,6,16,0,22,0,0,0,0,0,0,0,0,41,25.0,0.0,17.0,6.0,41.0,0.0,0.0,0.0,33.0,0.0,0.0,0.0,0.0,0.0,1.0,0.0,0.0
112715478,455,1,self,41473.0,13,4,46,0,0,0,0,6,16,0,22,0,0,0,0,0,0,0,0,41,25.0,0.0,17.0,6.0,41.0,0.0,0.0,0.0,33.0,0.0,0.0,0.0,0.0,0.0,0.0,0.0,0.0
112715478,479,0,opponent,44584.0,12,4,48,0,0,6,0,6,8,0,29,0,0,0,0,0,0,0,0,47,25.0,0.0,17.0,6.0,43.0,0.0,4.0,0.0,33.0,0.0,0.0,0.0,0.0,0.0,2.0,0.0,0.0
112715478,479,1,self,44584.0,12,4,48,0,0,6,0,6,8,0,29,0,0,0,0,0,0,0,0,47,25.0,0.0,17.0,6.0,43.0,0.0,4.0,0.0,33.0,0.0,0.0,0.0,0.0,0.0,0.0,0.0,0.0
112715478,480,0,opponent,44587.0,0,4,48,0,0,5,0,4,12,0,29,0,0,0,0,0,0,0,0,109,25.0,0.0,17.0,6.0,43.0,0.0,36.0,6.0,33.0,24.0,0.0,0.0,0.0,0.0,2.0,0.0,0.0
112715478,480,1,self,44587.0,0,4,48,0,0,5,0,4,12,0,29,0,0,0,0,0,0,0,0,109,25.0,0.0,17.0,6.0,43.0,0.0,36.0,6.0,33.0,24.0,0.0,0.0,0.0,0.0,0.0,0.0,0.0
112715478,503,0,opponent,52662.0,14,4,29,0,0,0,0,6,8,0,19,0,0,0,0,0,0,0,0,49,25.0,0.0,17.0,6.0,45.0,0.0,4.0,0.0,33.0,0.0,0.0,0.0,0.0,0.0,2.0,0.0,0.0
112715478,503,1,self,52662.0,14,4,29,0,0,0,0,6,8,0,19,0,0,0,0,0,0,0,0,49,25.0,0.0,17.0,6.0,45.0,0.0,4.0,0.0,33.0,0.0,0.0,0.0,0.0,0.0,0.0,0.0,0.0
112715478,527,0,opponent,54191.0,12,4,38,0,0,11,0,6,4,0,20,0,0,0,0,0,0,0,0,65,30.0,0.0,17.0,6.0,47.0,0.0,16.0,0.0,28.0,2.0,0.0,0.0,0.0,0.0,3.0,0.0,0.0
112715478,527,1,self,54191.0,12,4,38,0,0,11,0,6,4,0,20,0,0,0,0,0,0,0,0,65,30.0,0.0,17.0,6.0,47.0,0.0,16.0,0.0,28.0,2.0,0.0,0.0,0.0,0.0,0.0,0.0,0.0
112715478,551,0,opponent,57655.0,13,4,30,0,0,11,0,6,12,0,20,0,0,0,0,0,0,0,0,53,31.0,0.0,17.0,6.0,49.0,0.0,4.0,0.0,27.0,0.0,0.0,0.0,0.0,0.0,3.0,0.0,0.0
112715478,551,1,self,57655.0,13,4,30,0,0,11,0,6,12,0,20,0,0,0,0,0,0,0,0,53,31.0,0.0,17.0,6.0,49.0,0.0,4.0,0.0,27.0,0.0,0.0,0.0,0.0,0.0,0.0,0.0,0.0
112715478,575,0,opponent,65803.0,13,4,41,0,0,20,0,6,12,0,19,0,0,0,0,0,0,0,0,65,38.0,0.0,17.0,6.0,64.0,0.0,0.0,0.0,20.0,1.0,0.0,0.0,0.0,0.0,3.0,0.0,0.0
112715478,575,1,self,65803.0,13,4,41,0,0,20,0,6,12,0,19,0,0,0,0,0,0,0,0,65,38.0,0.0,17.0,6.0,64.0,0.0,0.0,0.0,20.0,1.0,0.0,0.0,0.0,0.0,0.0,0.0,0.0
112715478,576,0,opponent,65430.0,0,4,45,0,0,18,0,6,8,0,23,0,0,0,0,0,0,0,0,97,38.0,0.0,17.0,6.0,64.0,0.0,20.0,6.0,20.0,7.0,0.0,0.0,0.0,0.0,3.0,0.0,0.0
112715478,576,1,self,65430.0,0,4,45,0,0,18,0,6,8,0,23,0,0,0,0,0,0,0,0,97,38.0,0.0,17.0,6.0,64.0,0.0,20.0,6.0,20.0,7.0,0.0,0.0,0.0,0.0,0.0,0.0,0.0
112715478,599,0,opponent,69059.0,13,4,44,0,0,5,0,6,11,0,20,0,0,0,0,0,0,0,0,62,41.0,0.0,17.0,6.0,60.0,0.0,0.0,0.0,17.0,2.0,0.0,0.0,0.0,0.0,3.0,0.0,0.0
112715478,599,1,self,69059.0,13,4,44,0,0,5,0,6,11,0,20,0,0,0,0,0,0,0,0,62,41.0,0.0,17.0,6.0,60.0,0.0,0.0,0.0,17.0,2.0,0.0,0.0,0.0,0.0,0.0,0.0,0.0
112715478,623,0,opponent,73154.0,13,4,54,0,0,13,0,6,3,0,19,0,0,0,0,0,0,0,0,74,31.0,0.0,17.0,6.0,55.0,0.0,0.0,0.0,13.0,5.0,0.0,0.0,14.0,14.0,3.0,0.0,0.0
112715478,623,1,self,73154.0,13,4,54,0,0,13,0,6,3,0,19,0,0,0,0,0,0,0,0,74,31.0,0.0,17.0,6.0,55.0,0.0,0.0,0.0,13.0,5.0,0.0,0.0,14.0,14.0,0.0,0.0,0.0
112715478,647,0,opponent,79366.0,13,4,64,0,0,0,0,4,12,0,20,0,0,0,0,0,0,0,0,82,19.0,0.0,17.0,6.0,54.0,0.0,0.0,2.0,13.0,0.0,0.0,0.0,26.0,26.0,3.0,0.0,0.0
112715478,647,1,self,79366.0,13,4,64,0,0,0,0,4,12,0,20,0,0,0,0,0,0,0,0,82,19.0,0.0,17.0,6.0,54.0,0.0,0.0,2.0,13.0,0.0,0.0,0.0,26.0,26.0,0.0,0.0,0.0
112715478,648,0,opponent,81284.0,0,4,78,0,0,0,0,6,0,0,16,0,0,0,0,0,0,0,0,136,19.0,0.0,17.0,6.0,58.0,0.0,20.0,6.0,13.0,26.0,0.0,0.0,26.0,26.0,3.0,0.0,0.0
112715478,648,1,self,81284.0,0,4,78,0,0,0,0,6,0,0,16,0,0,0,0,0,0,0,0,136,19.0,0.0,17.0,6.0,58.0,0.0,20.0,6.0,13.0,26.0,0.0,0.0,26.0,26.0,0.0,0.0,0.0
112715478,671,0,opponent,83894.0,12,4,62,1,0,20,0,2,16,0,8,0,0,0,0,0,0,0,0,78,17.0,0.0,17.0,6.0,39.0,0.0,0.0,2.0,4.0,0.0,0.0,0.0,27.0,37.0,3.0,0.0,0.0
112715478,671,1,self,83894.0,12,4,62,1,0,20,0,2,16,0,8,0,0,0,0,0,0,0,0,78,17.0,0.0,17.0,6.0,39.0,0.0,0.0,2.0,4.0,0.0,0.0,0.0,27.0,37.0,0.0,0.0,0.0
112715478,695,0,opponent,92136.0,12,4,46,30,0,0,0,0,0,0,14,0,0,0,0,0,0,0,0,44,9.0,0.0,17.0,6.0,11.0,0.0,0.0,2.0,0.0,0.0,0.0,0.0,14.0,31.0,3.0,0.0,0.0
112715478,695,1,self,92136.0,12,4,46,30,0,0,0,0,0,0,14,0,0,0,0,0,0,0,0,44,9.0,0.0,17.0,6.0,11.0,0.0,0.0,2.0,0.0,0.0,0.0,0.0,14.0,31.0,0.0,0.0,0.0
112715478,696,0,opponent,92508.0,0,4,40,33,0,0,0,0,0,0,6,0,0,0,0,0,0,0,0,81,8.0,0.0,17.0,6.0,8.0,0.0,36.0,8.0,0.0,0.0,0.0,0.0,13.0,29.0,4.0,0.0,0.0
112715478,696,1,self,92508.0,0,4,40,33,0,0,0,0,0,0,6,0,0,0,0,0,0,0,0,81,8.0,0.0,17.0,6.0,8.0,0.0,36.0,8.0,0.0,0.0,0.0,0.0,13.0,29.0,0.0,0.0,0.0
112715478,719,0,opponent,105468.0,12,4,0,0,0,0,0,0,0,0,0,0,0,0,0,0,0,0,0,0,0.0,0.0,17.0,6.0,0.0,0.0,0.0,0.0,0.0,0.0,0.0,0.0,0.0,0.0,4.0,0.0,0.0
112715478,719,1,self,105468.0,12,4,0,0,0,0,0,0,0,0,0,0,0,0,0,0,0,0,0,0,0.0,0.0,17.0,6.0,0.0,0.0,0.0,0.0,0.0,0.0,0.0,0.0,0.0,0.0,0.0,0.0,0.0
112715910,0,0,opponent,3000.0,0,1,0,0,0,0,0,0,0,0,0,0,0,0,0,0,0,0,0,0,0.0,0.0,0.0,0.0,0.0,0.0,0.0,0.0,0.0,0.0,0.0,0.0,0.0,0.0,0.0,0.0,0.0
112715910,0,1,self,3000.0,0,1,0,0,0,0,0,0,0,0,0,0,0,0,0,0,0,0,0,0,0.0,0.0,0.0,0.0,0.0,0.0,0.0,0.0,0.0,0.0,0.0,0.0,0.0,0.0,0.0,0.0,0.0
112715910,23,0,opponent,12.0,5,1,3,0,0,0,0,0,0,0,0,0,0,0,0,0,0,0,0,20,8.0,12.0,2.0,2.0,8.0,12.0,0.0,0.0,0.0,0.0,0.0,0.0,0.0,0.0,0.0,0.0,0.0
112715910,23,1,self,12.0,5,1,3,0,0,0,0,0,0,0,0,0,0,0,0,0,0,0,0,20,8.0,12.0,2.0,2.0,8.0,12.0,0.0,0.0,0.0,0.0,0.0,0.0,0.0,0.0,0.0,0.0,0.0
112715910,24,0,opponent,12.0,0,1,3,0,0,0,0,0,0,0,0,0,0,0,0,0,0,0,0,20,8.0,12.0,2.0,2.0,8.0,12.0,0.0,0.0,0.0,0.0,0.0,0.0,0.0,0.0,0.0,0.0,0.0
112715910,24,1,self,12.0,0,1,3,0,0,0,0,0,0,0,0,0,0,0,0,0,0,0,0,20,8.0,12.0,2.0,2.0,8.0,12.0,0.0,0.0,0.0,0.0,0.0,0.0,0.0,0.0,0.0,0.0,0.0
112715910,47,0,opponent,101.0,3,1,6,0,0,0,0,0,0,0,1,0,0,0,0,0,0,0,0,20,8.0,12.0,2.0,2.0,8.0,12.0,0.0,0.0,0.0,0.0,0.0,0.0,0.0,0.0,0.0,0.0,0.0
112715910,47,1,self,101.0,3,1,6,0,0,0,0,0,0,0,1,0,0,0,0,0,0,0,0,20,8.0,12.0,2.0,2.0,8.0,12.0,0.0,0.0,0.0,0.0,0.0,0.0,0.0,0.0,0.0,0.0,0.0
112715910,71,0,opponent,214.0,4,1,6,0,0,0,0,0,0,0,0,0,0,0,0,0,0,0,0,25,8.0,12.0,2.0,3.0,13.0,12.0,0.0,0.0,0.0,0.0,0.0,0.0,0.0,0.0,0.0,0.0,0.0
112715910,71,1,self,214.0,4,1,6,0,0,0,0,0,0,0,0,0,0,0,0,0,0,0,0,25,8.0,12.0,2.0,3.0,13.0,12.0,0.0,0.0,0.0,0.0,0.0,0.0,0.0,0.0,0.0,0.0,0.0
112715910,72,0,opponent,214.0,0,1,6,0,0,0,0,0,0,0,0,0,0,0,0,0,0,0,0,25,8.0,12.0,2.0,3.0,13.0,12.0,0.0,0.0,0.0,0.0,0.0,0.0,0.0,0.0,0.0,0.0,0.0
112715910,72,1,self,214.0,0,1,6,0,0,0,0,0,0,0,0,0,0,0,0,0,0,0,0,25,8.0,12.0,2.0,3.0,13.0,12.0,0.0,0.0,0.0,0.0,0.0,0.0,0.0,0.0,0.0,0.0,0.0
112715910,95,0,opponent,267.0,5,1,14,0,0,0,0,0,0,0,1,1,0,0,0,0,0,0,0,19,7.0,12.0,2.0,3.0,7.0,12.0,0.0,0.0,0.0,0.0,0.0,0.0,0.0,0.0,0.0,0.0,0.0
112715910,95,1,self,267.0,5,1,14,0,0,0,0,0,0,0,1,1,0,0,0,0,0,0,0,19,7.0,12.0,2.0,3.0,7.0,12.0,0.0,0.0,0.0,0.0,0.0,0.0,0.0,0.0,0.0,0.0,0.0
112715910,119,0,opponent,672.0,4,1,19,0,0,0,0,0,0,0,1,0,0,0,0,0,0,0,0,19,7.0,12.0,2.0,4.0,7.0,12.0,0.0,0.0,0.0,0.0,0.0,0.0,0.0,0.0,0.0,0.0,0.0
112715910,119,1,self,672.0,4,1,19,0,0,0,0,0,0,0,1,0,0,0,0,0,0,0,0,19,7.0,12.0,2.0,4.0,7.0,12.0,0.0,0.0,0.0,0.0,0.0,0.0,0.0,0.0,0.0,0.0,0.0
112715910,143,0,opponent,787.0,4,1,19,0,0,0,0,0,0,0,2,0,0,0,0,0,0,0,0,15,3.0,12.0,2.0,4.0,3.0,12.0,0.0,0.0,4.0,0.0,0.0,0.0,0.0,0.0,0.0,0.0,0.0
112715910,143,1,self,787.0,4,1,19,0,0,0,0,0,0,0,2,0,0,0,0,0,0,0,0,15,3.0,12.0,2.0,4.0,3.0,12.0,0.0,0.0,4.0,0.0,0.0,0.0,0.0,0.0,0.0,0.0,0.0
112715910,144,0,opponent,787.0,0,1,19,0,0,0,0,0,0,0,2,0,0,0,0,0,0,0,0,27,3.0,12.0,2.0,4.0,3.0,12.0,12.0,0.0,4.0,0.0,0.0,0.0,0.0,0.0,0.0,0.0,0.0
112715910,144,1,self,787.0,0,1,19,0,0,0,0,0,0,0,2,0,0,0,0,0,0,0,0,27,3.0,12.0,2.0,4.0,3.0,12.0,12.0,0.0,4.0,0.0,0.0,0.0,0.0,0.0,0.0,0.0,0.0
112715910,167,0,opponent,1113.0,7,2,16,0,0,0,0,0,0,0,1,0,0,0,0,0,0,0,0,30,6.0,12.0,2.0,6.0,7.0,23.0,0.0,0.0,12.0,0.0,0.0,0.0,0.0,0.0,0.0,0.0,0.0
112715910,167,1,self,1113.0,7,2,16,0,0,0,0,0,0,0,1,0,0,0,0,0,0,0,0,30,6.0,12.0,2.0,6.0,7.0,23.0,0.0,0.0,12.0,0.0,0.0,0.0,0.0,0.0,0.0,0.0,0.0
112715910,191,0,opponent,533.0,7,2,11,0,0,0,0,0,0,0,1,0,0,0,1,0,0,1,0,44,8.0,12.0,2.0,8.0,8.0,36.0,0.0,0.0,15.0,0.0,0.0,0.0,0.0,0.0,0.0,0.0,0.0
112715910,191,1,self,533.0,7,2,11,0,0,0,0,0,0,0,1,0,0,0,1,0,0,0,0,44,8.0,12.0,2.0,8.0,8.0,36.0,0.0,0.0,16.0,0.0,0.0,0.0,0.0,0.0,0.0,0.0,0.0
112715910,192,0,opponent,533.0,0,2,11,0,0,0,0,0,0,0,1,0,0,0,0,0,0,1,0,57,9.0,12.0,2.0,8.0,9.0,36.0,0.0,12.0,15.0,0.0,0.0,0.0,0.0,0.0,0.0,0.0,0.0
112715910,192,1,self,533.0,0,2,11,0,0,0,0,0,0,0,1,0,0,0,0,0,0,0,0,57,9.0,12.0,2.0,8.0,9.0,36.0,0.0,12.0,16.0,0.0,0.0,0.0,0.0,0.0,0.0,0.0,0.0
112715910,215,0,opponent,1389.0,8,2,28,0,0,0,0,0,0,0,3,0,0,0,0,0,0,1,0,52,5.0,12.0,4.0,8.0,5.0,47.0,0.0,0.0,19.0,0.0,0.0,0.0,0.0,0.0,0.0,0.0,0.0
112715910,215,1,self,1389.0,8,2,28,0,0,0,0,0,0,0,3,0,0,0,0,0,0,0,0,52,5.0,12.0,4.0,8.0,5.0,47.0,0.0,0.0,20.0,0.0,0.0,0.0,0.0,0.0,0.0,0.0,0.0
112715910,239,0,opponent,2276.0,8,2,36,0,0,0,0,0,0,0,1,0,1,0,0,0,0,1,0,64,5.0,12.0,5.0,8.0,5.0,59.0,0.0,0.0,19.0,0.0,0.0,0.0,0.0,0.0,0.0,0.0,0.0
112715910,239,1,self,2276.0,8,2,36,0,0,0,0,0,0,0,1,0,1,0,0,0,0,0,0,64,5.0,12.0,5.0,8.0,5.0,59.0,0.0,0.0,20.0,0.0,0.0,0.0,0.0,0.0,0.0,0.0,0.0
112715910,240,0,opponent,2276.0,0,2,36,0,0,0,0,0,0,0,1,0,1,0,0,0,0,1,0,77,5.0,12.0,5.0,8.0,5.0,60.0,0.0,12.0,19.0,0.0,0.0,0.0,0.0,0.0,0.0,0.0,0.0
112715910,240,1,self,2276.0,0,2,36,0,0,0,0,0,0,0,1,0,1,0,0,0,0,0,0,77,5.0,12.0,5.0,8.0,5.0,60.0,0.0,12.0,20.0,0.0,0.0,0.0,0.0,0.0,0.0,0.0,0.0
112715910,263,0,opponent,15700.0,11,2,42,0,0,0,12,0,0,0,11,0,0,0,0,0,0,1,0,13,12.0,0.0,6.0,8.0,13.0,0.0,0.0,0.0,19.0,0.0,2.0,0.0,0.0,0.0,0.0,0.0,0.0
112715910,263,1,self,15700.0,11,2,42,0,0,0,12,0,0,0,11,0,0,0,0,0,0,0,0,13,12.0,0.0,6.0,8.0,13.0,0.0,0.0,0.0,20.0,0.0,2.0,0.0,0.0,0.0,0.0,0.0,0.0
112715910,287,0,opponent,14796.0,10,3,37,0,0,0,0,0,0,0,15,0,0,0,0,0,0,1,0,24,21.0,0.0,6.0,8.0,24.0,0.0,0.0,0.0,32.0,0.0,3.0,0.0,0.0,0.0,0.0,0.0,0.0
112715910,287,1,self,14796.0,10,3,37,0,0,0,0,0,0,0,15,0,0,0,0,0,0,0,0,24,21.0,0.0,6.0,8.0,24.0,0.0,0.0,0.0,33.0,0.0,3.0,0.0,0.0,0.0,0.0,0.0,0.0
112715910,288,0,opponent,14796.0,0,3,39,0,0,0,0,0,0,0,16,0,0,0,0,0,0,1,0,39,20.0,0.0,6.0,8.0,22.0,0.0,8.0,9.0,32.0,0.0,3.0,0.0,0.0,0.0,0.0,0.0,0.0
112715910,288,1,self,14796.0,0,3,39,0,0,0,0,0,0,0,16,0,0,0,0,0,0,0,0,39,20.0,0.0,6.0,8.0,22.0,0.0,8.0,9.0,33.0,0.0,3.0,0.0,0.0,0.0,0.0,0.0,0.0
112715910,311,0,opponent,18300.0,9,3,14,0,0,0,0,0,0,0,17,0,0,0,0,0,0,1,0,30,24.0,0.0,6.0,8.0,27.0,0.0,0.0,3.0,32.0,0.0,3.0,0.0,0.0,0.0,0.0,0.0,0.0
112715910,311,1,self,18300.0,9,3,14,0,0,0,0,0,0,0,17,0,0,0,0,0,0,0,0,30,24.0,0.0,6.0,8.0,27.0,0.0,0.0,3.0,33.0,0.0,3.0,0.0,0.0,0.0,0.0,0.0,0.0
112715910,335,0,opponent,19827.0,9,3,16,0,0,0,0,0,0,0,14,0,0,0,0,0,0,1,0,32,24.0,0.0,6.0,8.0,32.0,0.0,0.0,0.0,32.0,0.0,3.0,0.0,0.0,0.0,0.0,0.0,0.0
112715910,335,1,self,19827.0,9,3,16,0,0,0,0,0,0,0,14,0,0,0,0,0,0,0,0,32,24.0,0.0,6.0,8.0,32.0,0.0,0.0,0.0,33.0,0.0,3.0,0.0,0.0,0.0,0.0,0.0,0.0
112715910,359,0,opponent,21803.0,9,3,24,0,0,0,0,6,3,8,20,0,0,0,0,0,0,1,0,38,24.0,0.0,6.0,8.0,38.0,0.0,0.0,0.0,32.0,0.0,3.0,0.0,0.0,0.0,0.0,0.0,0.0
112715910,359,1,self,21791.0,9,3,24,0,0,0,0,6,3,8,20,0,0,0,0,0,0,0,0,38,24.0,0.0,6.0,8.0,38.0,0.0,0.0,0.0,33.0,0.0,3.0,0.0,0.0,0.0,0.0,0.0,0.0
112715910,360,0,opponent,22184.0,0,3,24,0,0,0,0,6,0,8,15,0,0,0,0,0,0,1,0,82,24.0,0.0,6.0,8.0,40.0,0.0,11.0,15.0,32.0,8.0,3.0,8.0,0.0,0.0,0.0,0.0,0.0
112715910,360,1,self,22172.0,0,3,24,0,0,0,0,6,0,8,15,0,0,0,0,0,0,0,0,82,24.0,0.0,6.0,8.0,40.0,0.0,11.0,15.0,33.0,8.0,3.0,8.0,0.0,0.0,0.0,0.0,0.0
112715910,383,0,opponent,25493.0,10,3,27,0,0,0,0,0,11,6,11,0,0,0,1,0,0,1,0,40,24.0,0.0,6.0,8.0,38.0,0.0,0.0,0.0,32.0,0.0,3.0,2.0,0.0,0.0,0.0,0.0,0.0
112715910,383,1,self,25477.0,10,3,27,0,0,0,0,0,11,6,11,0,0,0,1,0,0,0,0,40,24.0,0.0,6.0,8.0,38.0,0.0,0.0,0.0,33.0,0.0,3.0,2.0,0.0,0.0,0.0,0.0,0.0
112715910,407,0,opponent,29157.0,11,3,44,0,0,0,0,3,0,5,12,0,0,0,1,0,0,1,0,38,25.0,0.0,6.0,8.0,36.0,0.0,0.0,0.0,32.0,0.0,3.0,2.0,0.0,0.0,0.0,0.0,0.0
112715910,407,1,self,29111.0,11,3,44,0,0,0,0,3,0,5,11,0,0,0,1,0,0,0,0,38,25.0,0.0,6.0,8.0,36.0,0.0,0.0,0.0,33.0,0.0,3.0,2.0,0.0,0.0,0.0,0.0,0.0
112715910,431,0,opponent,32173.0,11,3,48,0,0,0,0,3,0,6,15,0,0,0,1,0,0,1,0,38,25.0,0.0,6.0,8.0,36.0,0.0,0.0,0.0,32.0,0.0,3.0,2.0,0.0,0.0,0.0,0.0,0.0
112715910,431,1,self,32417.0,11,3,48,0,0,0,0,3,2,6,15,0,0,0,1,0,0,0,0,38,25.0,0.0,6.0,8.0,36.0,0.0,0.0,0.0,33.0,0.0,3.0,2.0,0.0,0.0,0.0,0.0,0.0
112715910,432,0,opponent,32228.0,0,3,48,0,0,0,0,3,0,5,16,0,0,0,1,0,0,1,0,82,25.0,0.0,6.0,8.0,38.0,0.0,4.0,8.0,32.0,24.0,3.0,8.0,0.0,0.0,0.0,0.0,0.0
112715910,432,1,self,32472.0,0,3,48,0,0,0,0,3,2,5,16,0,0,0,1,0,0,0,0,82,25.0,0.0,6.0,8.0,38.0,0.0,4.0,8.0,33.0,24.0,3.0,8.0,0.0,0.0,0.0,0.0,0.0
112715910,455,0,opponent,35402.0,11,3,53,0,0,6,0,4,1,4,14,0,0,0,1,0,0,1,0,46,25.0,0.0,6.0,8.0,38.0,0.0,1.0,1.0,32.0,2.0,3.0,4.0,0.0,0.0,0.0,0.0,0.0
112715910,455,1,self,35652.0,11,3,53,0,0,6,0,4,1,4,14,0,0,0,1,0,0,0,0,46,25.0,0.0,6.0,8.0,38.0,0.0,1.0,1.0,33.0,2.0,3.0,4.0,0.0,0.0,0.0,0.0,0.0
112715910,479,0,opponent,37489.0,10,3,56,0,0,4,0,2,1,10,13,0,0,0,1,8,0,1,0,40,25.0,0.0,6.0,8.0,40.0,0.0,0.0,0.0,32.0,0.0,3.0,0.0,0.0,0.0,0.0,0.0,0.0
112715910,479,1,self,37624.0,10,3,56,0,0,6,0,2,1,10,13,0,0,0,1,8,0,0,0,40,25.0,0.0,6.0,8.0,40.0,0.0,0.0,0.0,33.0,0.0,3.0,0.0,0.0,0.0,0.0,0.0,0.0
112715910,480,0,opponent,37489.0,0,3,56,0,0,4,0,2,1,10,13,0,0,0,1,8,0,1,0,85,25.0,0.0,6.0,8.0,43.0,0.0,4.0,8.0,32.0,24.0,3.0,6.0,0.0,0.0,0.0,0.0,0.0
112715910,480,1,self,37624.0,0,3,56,0,0,6,0,2,1,10,13,0,0,0,1,8,0,0,0,85,25.0,0.0,6.0,8.0,43.0,0.0,4.0,8.0,33.0,24.0,3.0,6.0,0.0,0.0,0.0,0.0,0.0
112715910,503,0,opponent,39115.0,11,3,55,0,0,4,0,4,2,7,13,0,0,0,1,8,0,1,0,48,24.0,0.0,6.0,8.0,42.0,0.0,2.0,1.0,32.0,0.0,3.0,2.0,1.0,1.0,0.0,0.0,0.0
112715910,503,1,self,39360.0,11,3,55,0,0,4,0,4,2,7,13,0,0,0,1,8,0,0,0,48,24.0,0.0,6.0,8.0,42.0,0.0,2.0,1.0,33.0,0.0,3.0,2.0,1.0,1.0,0.0,0.0,0.0
112715910,527,0,opponent,40286.0,11,3,57,0,0,12,0,5,0,0,17,0,0,0,1,8,0,1,0,63,24.0,0.0,6.0,8.0,42.0,0.0,5.0,1.0,27.0,1.0,3.0,8.0,6.0,6.0,0.0,0.0,0.0
112715910,527,1,self,40531.0,11,3,57,0,0,12,0,5,0,0,17,0,0,0,1,8,0,0,0,64,24.0,0.0,6.0,8.0,42.0,0.0,5.0,1.0,28.0,2.0,3.0,8.0,6.0,6.0,0.0,0.0,0.0
112715910,551,0,opponent,41387.0,11,3,50,0,0,10,0,5,2,4,14,0,0,0,3,8,0,1,0,61,21.0,0.0,6.0,8.0,37.0,0.0,2.0,1.0,26.0,2.0,3.0,8.0,10.0,11.0,0.0,0.0,0.0
112715910,551,1,self,41630.0,11,3,50,0,0,10,0,5,2,4,14,0,0,0,3,8,0,0,0,61,21.0,0.0,6.0,8.0,37.0,0.0,2.0,1.0,27.0,2.0,3.0,8.0,10.0,11.0,0.0,0.0,0.0
112715910,575,0,opponent,42913.0,11,3,38,3,0,16,0,3,2,4,17,0,0,0,5,8,0,1,0,73,21.0,0.0,6.0,8.0,41.0,0.0,0.0,3.0,19.0,5.0,3.0,2.0,17.0,22.0,0.0,0.0,0.0
112715910,575,1,self,43102.0,11,3,38,3,0,17,0,3,2,4,17,0,0,0,5,8,0,0,0,73,21.0,0.0,6.0,8.0,41.0,0.0,0.0,3.0,20.0,5.0,3.0,2.0,17.0,22.0,0.0,0.0,0.0
112715910,576,0,opponent,42913.0,0,3,38,3,0,21,0,5,2,4,17,0,0,0,5,8,0,1,0,99,21.0,0.0,6.0,8.0,46.0,0.0,6.0,11.0,19.0,6.0,3.0,8.0,17.0,22.0,0.0,0.0,0.0
112715910,576,1,self,43102.0,0,3,38,3,0,22,0,5,2,4,17,0,0,0,5,8,0,0,0,99,21.0,0.0,6.0,8.0,46.0,0.0,6.0,11.0,20.0,6.0,3.0,8.0,17.0,22.0,0.0,0.0,0.0
112715910,599,0,opponent,44192.0,11,3,28,16,0,6,0,11,1,6,16,0,0,0,2,8,0,1,0,72,24.0,0.0,6.0,8.0,52.0,0.0,0.0,0.0,17.0,0.0,3.0,2.0,17.0,18.0,0.0,0.0,0.0
112715910,599,1,self,44365.0,11,3,28,16,0,7,0,11,1,6,16,0,0,0,2,8,0,0,0,72,24.0,0.0,6.0,8.0,52.0,0.0,0.0,0.0,17.0,0.0,3.0,2.0,17.0,18.0,0.0,0.0,0.0
112715910,623,0,opponent,46164.0,11,3,41,12,0,21,0,4,3,4,15,0,0,0,2,8,0,1,0,83,18.0,0.0,6.0,8.0,43.0,0.0,0.0,2.0,13.0,0.0,3.0,1.0,27.0,37.0,0.0,0.0,0.0
112715910,623,1,self,46410.0,11,3,41,12,0,21,0,4,3,4,15,0,0,0,2,8,0,0,0,83,18.0,0.0,6.0,8.0,43.0,0.0,0.0,2.0,13.0,0.0,3.0,1.0,27.0,37.0,0.0,0.0,0.0
112715910,647,0,opponent,48130.0,11,3,32,28,0,0,0,7,4,2,16,0,0,0,2,8,0,1,0,83,14.0,0.0,6.0,8.0,40.0,0.0,0.0,5.0,13.0,0.0,3.0,3.0,31.0,35.0,0.0,0.0,0.0
112715910,647,1,self,48366.0,11,3,32,28,0,0,0,7,4,2,16,0,0,0,2,8,0,0,0,83,14.0,0.0,6.0,8.0,40.0,0.0,0.0,5.0,13.0,0.0,3.0,3.0,31.0,35.0,0.0,0.0,0.0
112715910,648,0,opponent,48130.0,0,3,32,28,0,0,0,7,4,2,17,0,0,0,2,8,0,1,0,132,14.0,0.0,6.0,8.0,44.0,0.0,4.0,11.0,13.0,26.0,3.0,8.0,31.0,39.0,0.0,0.0,0.0
112715910,648,1,self,48366.0,0,3,32,28,0,0,0,7,4,2,17,0,0,0,2,8,0,0,0,130,14.0,0.0,6.0,8.0,44.0,0.0,4.0,11.0,13.0,26.0,2.0,6.0,31.0,39.0,0.0,0.0,0.0
112715910,671,0,opponent,50960.0,11,3,34,15,0,20,0,4,4,4,8,0,0,0,4,0,0,1,0,83,9.0,0.0,6.0,8.0,25.0,0.0,0.0,2.0,4.0,0.0,3.0,4.0,35.0,52.0,0.0,0.0,0.0
112715910,671,1,self,51196.0,11,3,35,15,0,20,0,4,4,4,8,0,0,0,4,0,0,0,0,81,9.0,0.0,6.0,8.0,25.0,0.0,0.0,2.0,4.0,0.0,2.0,2.0,35.0,52.0,0.0,0.0,0.0
112715910,695,0,opponent,53914.0,12,3,41,36,0,0,0,0,3,6,8,0,0,0,4,0,0,1,0,50,2.0,0.0,6.0,8.0,4.0,0.0,0.0,6.0,0.0,0.0,3.0,0.0,21.0,40.0,0.0,0.0,0.0
112715910,695,1,self,54189.0,12,3,41,36,0,0,0,0,3,2,8,0,0,0,4,0,0,0,0,50,2.0,0.0,6.0,8.0,4.0,0.0,0.0,6.0,0.0,0.0,2.0,0.0,21.0,40.0,0.0,0.0,0.0
112715910,696,0,opponent,54167.0,0,3,38,39,0,0,0,0,3,6,6,0,0,0,4,0,0,1,0,57,1.0,0.0,6.0,8.0,1.0,0.0,2.0,12.0,0.0,0.0,3.0,4.0,20.0,38.0,1.0,0.0,0.0
112715910,696,1,self,54442.0,0,3,38,39,0,0,0,0,3,2,6,0,0,0,4,0,0,0,0,56,1.0,0.0,6.0,8.0,1.0,0.0,2.0,12.0,0.0,0.0,2.0,3.0,20.0,38.0,0.0,0.0,0.0
112715910,719,0,opponent,62322.0,11,3,0,0,0,0,0,0,0,0,0,0,0,0,4,0,0,1,0,0,0.0,0.0,6.0,8.0,0.0,0.0,0.0,0.0,0.0,0.0,3.0,0.0,0.0,0.0,1.0,0.0,0.0
112715910,719,1,self,62319.0,11,3,0,0,0,0,0,0,0,0,0,0,0,0,4,0,0,0,0,0,0.0,0.0,6.0,8.0,0.0,0.0,0.0,0.0,0.0,0.0,2.0,0.0,0.0,0.0,0.0,0.0,0.0
112716679,0,0,self,3000.0,0,1,0,0,0,0,0,0,0,0,0,0,0,0,0,0,0,0,0,0,0.0,0.0,0.0,0.0,0.0,0.0,0.0,0.0,0.0,0.0,0.0,0.0,0.0,0.0,0.0,0.0,0.0
112716679,0,1,opponent,3000.0,0,1,0,0,0,0,0,0,0,0,0,0,0,0,0,0,0,0,0,0,0.0,0.0,0.0,0.0,0.0,0.0,0.0,0.0,0.0,0.0,0.0,0.0,0.0,0.0,0.0,0.0,0.0
112716679,23,0,self,12.0,5,1,3,0,0,0,0,0,0,0,0,0,0,0,0,0,0,0,0,20,8.0,12.0,2.0,2.0,8.0,12.0,0.0,0.0,0.0,0.0,0.0,0.0,0.0,0.0,0.0,0.0,0.0
112716679,23,1,opponent,12.0,5,1,3,0,0,0,0,0,0,0,0,0,0,0,0,0,0,0,0,20,8.0,12.0,2.0,2.0,8.0,12.0,0.0,0.0,0.0,0.0,0.0,0.0,0.0,0.0,0.0,0.0,0.0
112716679,24,0,self,12.0,0,1,3,0,0,0,0,0,0,0,0,0,0,0,0,0,0,0,0,20,8.0,12.0,2.0,2.0,8.0,12.0,0.0,0.0,0.0,0.0,0.0,0.0,0.0,0.0,0.0,0.0,0.0
112716679,24,1,opponent,12.0,0,1,3,0,0,0,0,0,0,0,0,0,0,0,0,0,0,0,0,20,8.0,12.0,2.0,2.0,8.0,12.0,0.0,0.0,0.0,0.0,0.0,0.0,0.0,0.0,0.0,0.0,0.0
112716679,47,0,self,101.0,3,1,6,0,0,0,0,0,0,0,1,0,0,0,0,0,0,0,0,20,8.0,12.0,2.0,2.0,8.0,12.0,0.0,0.0,0.0,0.0,0.0,0.0,0.0,0.0,0.0,0.0,0.0
112716679,47,1,opponent,101.0,3,1,6,0,0,0,0,0,0,0,1,0,0,0,0,0,0,0,0,20,8.0,12.0,2.0,2.0,8.0,12.0,0.0,0.0,0.0,0.0,0.0,0.0,0.0,0.0,0.0,0.0,0.0
112716679,71,0,self,214.0,4,1,6,0,0,0,0,0,0,0,0,0,0,0,0,0,0,0,0,25,8.0,12.0,2.0,3.0,13.0,12.0,0.0,0.0,0.0,0.0,0.0,0.0,0.0,0.0,0.0,0.0,0.0
112716679,71,1,opponent,214.0,4,1,6,0,0,0,0,0,0,0,0,0,0,0,0,0,0,0,0,25,8.0,12.0,2.0,3.0,13.0,12.0,0.0,0.0,0.0,0.0,0.0,0.0,0.0,0.0,0.0,0.0,0.0
112716679,72,0,self,214.0,0,1,6,0,0,0,0,0,0,0,0,0,0,0,0,0,0,0,0,25,8.0,12.0,2.0,3.0,13.0,12.0,0.0,0.0,0.0,0.0,0.0,0.0,0.0,0.0,0.0,0.0,0.0
112716679,72,1,opponent,214.0,0,1,6,0,0,0,0,0,0,0,0,0,0,0,0,0,0,0,0,25,8.0,12.0,2.0,3.0,13.0,12.0,0.0,0.0,0.0,0.0,0.0,0.0,0.0,0.0,0.0,0.0,0.0
112716679,95,0,self,267.0,5,1,14,0,0,0,0,0,0,0,1,1,0,0,0,0,0,0,0,19,7.0,12.0,2.0,3.0,7.0,12.0,0.0,0.0,0.0,0.0,0.0,0.0,0.0,0.0,0.0,0.0,0.0
112716679,95,1,opponent,267.0,5,1,14,0,0,0,0,0,0,0,1,1,0,0,0,0,0,0,0,19,7.0,12.0,2.0,3.0,7.0,12.0,0.0,0.0,0.0,0.0,0.0,0.0,0.0,0.0,0.0,0.0,0.0
112716679,119,0,self,672.0,4,1,19,0,0,0,0,0,0,0,1,0,0,0,0,0,0,0,0,19,7.0,12.0,2.0,4.0,7.0,12.0,0.0,0.0,0.0,0.0,0.0,0.0,0.0,0.0,0.0,0.0,0.0
112716679,119,1,opponent,672.0,4,1,19,0,0,0,0,0,0,0,1,0,0,0,0,0,0,0,0,19,7.0,12.0,2.0,4.0,7.0,12.0,0.0,0.0,0.0,0.0,0.0,0.0,0.0,0.0,0.0,0.0,0.0
112716679,143,0,self,787.0,4,1,19,0,0,0,0,0,0,0,2,0,0,0,0,0,0,0,0,15,3.0,12.0,2.0,4.0,3.0,12.0,0.0,0.0,4.0,0.0,0.0,0.0,0.0,0.0,0.0,0.0,0.0
112716679,143,1,opponent,787.0,4,1,19,0,0,0,0,0,0,0,2,0,0,0,0,0,0,0,0,15,3.0,12.0,2.0,4.0,3.0,12.0,0.0,0.0,4.0,0.0,0.0,0.0,0.0,0.0,0.0,0.0,0.0
112716679,144,0,self,787.0,0,1,19,0,0,0,0,0,0,0,2,0,0,0,0,0,0,0,0,27,3.0,12.0,2.0,4.0,3.0,12.0,12.0,0.0,4.0,0.0,0.0,0.0,0.0,0.0,0.0,0.0,0.0
112716679,144,1,opponent,787.0,0,1,19,0,0,0,0,0,0,0,2,0,0,0,0,0,0,0,0,27,3.0,12.0,2.0,4.0,3.0,12.0,12.0,0.0,4.0,0.0,0.0,0.0,0.0,0.0,0.0,0.0,0.0
112716679,167,0,self,736.0,7,2,16,0,0,0,0,0,2,0,1,0,0,0,0,0,0,0,0,30,6.0,12.0,2.0,6.0,7.0,23.0,0.0,0.0,12.0,0.0,0.0,0.0,0.0,0.0,0.0,0.0,0.0
112716679,167,1,opponent,736.0,7,2,16,0,0,0,0,0,2,0,1,0,0,0,0,0,0,0,0,30,6.0,12.0,2.0,6.0,7.0,23.0,0.0,0.0,12.0,0.0,0.0,0.0,0.0,0.0,0.0,0.0,0.0
112716679,191,0,self,533.0,7,2,11,0,0,0,0,0,0,0,1,0,0,0,1,0,0,0,0,44,8.0,12.0,2.0,8.0,8.0,36.0,0.0,0.0,16.0,0.0,0.0,0.0,0.0,0.0,0.0,0.0,0.0
112716679,191,1,opponent,533.0,7,2,11,0,0,0,0,0,0,0,1,0,0,0,1,0,0,0,0,44,8.0,12.0,2.0,8.0,8.0,36.0,0.0,0.0,16.0,0.0,0.0,0.0,0.0,0.0,0.0,0.0,0.0
112716679,192,0,self,533.0,0,2,11,0,0,0,0,0,0,0,1,0,0,0,0,0,0,0,0,57,9.0,12.0,2.0,8.0,9.0,36.0,0.0,12.0,16.0,0.0,0.0,0.0,0.0,0.0,0.0,0.0,0.0
112716679,192,1,opponent,533.0,0,2,11,0,0,0,0,0,0,0,1,0,0,0,0,0,0,0,0,57,9.0,12.0,2.0,8.0,9.0,36.0,0.0,12.0,16.0,0.0,0.0,0.0,0.0,0.0,0.0,0.0,0.0
112716679,215,0,self,1631.0,8,2,28,0,0,0,0,0,0,0,3,0,0,0,0,0,0,0,0,52,5.0,12.0,4.0,8.0,5.0,47.0,0.0,0.0,20.0,0.0,0.0,0.0,0.0,0.0,0.0,0.0,0.0
112716679,215,1,opponent,1631.0,8,2,28,0,0,0,0,0,0,0,3,0,0,0,0,0,0,0,0,52,5.0,12.0,4.0,8.0,5.0,47.0,0.0,0.0,20.0,0.0,0.0,0.0,0.0,0.0,0.0,0.0,0.0
112716679,239,0,self,2518.0,8,2,36,0,0,0,0,0,0,0,1,0,1,0,0,0,0,0,0,64,5.0,12.0,5.0,8.0,5.0,59.0,0.0,0.0,20.0,0.0,0.0,0.0,0.0,0.0,0.0,0.0,0.0
112716679,239,1,opponent,2518.0,8,2,36,0,0,0,0,0,0,0,1,0,1,0,0,0,0,0,0,64,5.0,12.0,5.0,8.0,5.0,59.0,0.0,0.0,20.0,0.0,0.0,0.0,0.0,0.0,0.0,0.0,0.0
112716679,240,0,self,2518.0,0,2,36,0,0,0,0,0,0,0,1,0,1,0,0,0,0,0,0,77,5.0,12.0,5.0,8.0,5.0,60.0,0.0,12.0,20.0,0.0,0.0,0.0,0.0,0.0,0.0,0.0,0.0
112716679,240,1,opponent,2518.0,0,2,36,0,0,0,0,0,0,0,1,0,1,0,0,0,0,0,0,77,5.0,12.0,5.0,8.0,5.0,60.0,0.0,12.0,20.0,0.0,0.0,0.0,0.0,0.0,0.0,0.0,0.0
112716679,263,0,self,16254.0,11,2,42,0,0,0,12,0,0,0,11,0,0,0,0,0,0,0,0,13,12.0,0.0,6.0,8.0,13.0,0.0,0.0,0.0,20.0,0.0,2.0,0.0,0.0,0.0,0.0,0.0,0.0
112716679,263,1,opponent,16254.0,11,2,42,0,0,0,12,0,0,0,11,0,0,0,0,0,0,0,0,13,12.0,0.0,6.0,8.0,13.0,0.0,0.0,0.0,20.0,0.0,2.0,0.0,0.0,0.0,0.0,0.0,0.0
112716679,287,0,self,15618.0,10,3,37,0,0,0,0,0,0,0,15,0,0,0,0,0,0,0,0,24,21.0,0.0,6.0,8.0,24.0,0.0,0.0,0.0,33.0,0.0,3.0,0.0,0.0,0.0,0.0,0.0,0.0
112716679,287,1,opponent,15618.0,10,3,37,0,0,0,0,0,0,0,15,0,0,0,0,0,0,0,0,24,21.0,0.0,6.0,8.0,24.0,0.0,0.0,0.0,33.0,0.0,3.0,0.0,0.0,0.0,0.0,0.0,0.0
112716679,288,0,self,15618.0,0,3,39,0,0,0,0,0,0,0,16,0,0,0,0,0,0,0,0,39,20.0,0.0,6.0,8.0,22.0,0.0,8.0,9.0,33.0,0.0,3.0,0.0,0.0,0.0,0.0,0.0,0.0
112716679,288,1,opponent,15618.0,0,3,39,0,0,0,0,0,0,0,16,0,0,0,0,0,0,0,0,39,20.0,0.0,6.0,8.0,22.0,0.0,8.0,9.0,33.0,0.0,3.0,0.0,0.0,0.0,0.0,0.0,0.0
112716679,311,0,self,19380.0,9,3,14,0,0,0,0,0,0,0,17,0,0,0,0,0,0,0,0,30,24.0,0.0,6.0,8.0,27.0,0.0,0.0,3.0,33.0,0.0,3.0,0.0,0.0,0.0,0.0,0.0,0.0
112716679,311,1,opponent,19380.0,9,3,14,0,0,0,0,0,0,0,17,0,0,0,0,0,0,0,0,30,24.0,0.0,6.0,8.0,27.0,0.0,0.0,3.0,33.0,0.0,3.0,0.0,0.0,0.0,0.0,0.0,0.0
112716679,335,0,self,21148.0,9,3,16,0,0,0,0,0,0,0,14,0,0,0,0,0,0,0,0,32,24.0,0.0,6.0,8.0,32.0,0.0,0.0,0.0,33.0,0.0,3.0,0.0,0.0,0.0,0.0,0.0,0.0
112716679,335,1,opponent,21148.0,9,3,16,0,0,0,0,0,0,0,14,0,0,0,0,0,0,0,0,32,24.0,0.0,6.0,8.0,32.0,0.0,0.0,0.0,33.0,0.0,3.0,0.0,0.0,0.0,0.0,0.0,0.0
112716679,359,0,self,23690.0,9,3,24,0,0,0,0,6,3,8,20,0,0,0,0,0,0,0,0,38,24.0,0.0,6.0,8.0,38.0,0.0,0.0,0.0,33.0,0.0,3.0,0.0,0.0,0.0,0.0,0.0,0.0
112716679,359,1,opponent,23690.0,9,3,24,0,0,0,0,6,3,8,20,0,0,0,0,0,0,0,0,38,24.0,0.0,6.0,8.0,38.0,0.0,0.0,0.0,33.0,0.0,3.0,0.0,0.0,0.0,0.0,0.0,0.0
112716679,360,0,self,24071.0,0,3,24,0,0,0,0,6,0,8,15,0,0,0,0,0,0,0,0,82,24.0,0.0,6.0,8.0,40.0,0.0,11.0,15.0,33.0,8.0,3.0,8.0,0.0,0.0,0.0,0.0,0.0
112716679,360,1,opponent,24071.0,0,3,24,0,0,0,0,6,0,8,15,0,0,0,0,0,0,0,0,82,24.0,0.0,6.0,8.0,40.0,0.0,11.0,15.0,33.0,8.0,3.0,8.0,0.0,0.0,0.0,0.0,0.0
112716679,383,0,self,28435.0,10,3,25,0,0,0,0,0,11,6,11,0,0,0,1,0,0,0,0,40,24.0,0.0,6.0,8.0,38.0,0.0,0.0,0.0,33.0,0.0,3.0,2.0,0.0,0.0,0.0,0.0,0.0
112716679,383,1,opponent,28435.0,10,3,25,0,0,0,0,0,11,6,11,0,0,0,1,0,0,0,0,40,24.0,0.0,6.0,8.0,38.0,0.0,0.0,0.0,33.0,0.0,3.0,2.0,0.0,0.0,0.0,0.0,0.0
112716679,407,0,self,32922.0,11,3,39,0,0,0,0,3,0,5,11,0,0,0,1,0,0,0,0,38,25.0,0.0,6.0,8.0,36.0,0.0,0.0,0.0,33.0,0.0,3.0,2.0,0.0,0.0,0.0,0.0,0.0
112716679,407,1,opponent,32922.0,11,3,39,0,0,0,0,3,0,5,11,0,0,0,1,0,0,0,0,38,25.0,0.0,6.0,8.0,36.0,0.0,0.0,0.0,33.0,0.0,3.0,2.0,0.0,0.0,0.0,0.0,0.0
112716679,431,0,self,37084.0,11,3,45,0,0,0,0,5,2,6,15,0,0,0,1,0,0,0,0,38,25.0,0.0,6.0,8.0,36.0,0.0,0.0,0.0,33.0,0.0,3.0,2.0,0.0,0.0,0.0,0.0,0.0
112716679,431,1,opponent,37084.0,11,3,45,0,0,0,0,5,2,6,15,0,0,0,1,0,0,0,0,38,25.0,0.0,6.0,8.0,36.0,0.0,0.0,0.0,33.0,0.0,3.0,2.0,0.0,0.0,0.0,0.0,0.0
112716679,432,0,self,37137.0,0,3,45,0,0,0,0,5,2,5,16,0,0,0,1,0,0,0,0,82,25.0,0.0,6.0,8.0,38.0,0.0,4.0,8.0,33.0,24.0,3.0,8.0,0.0,0.0,0.0,0.0,0.0
112716679,432,1,opponent,37137.0,0,3,45,0,0,0,0,5,2,5,16,0,0,0,1,0,0,0,0,82,25.0,0.0,6.0,8.0,38.0,0.0,4.0,8.0,33.0,24.0,3.0,8.0,0.0,0.0,0.0,0.0,0.0
112716679,455,0,self,41519.0,11,3,46,0,0,6,0,4,1,4,14,0,0,0,1,0,0,0,0,47,25.0,0.0,6.0,8.0,38.0,0.0,1.0,2.0,33.0,2.0,3.0,4.0,0.0,0.0,0.0,0.0,0.0
112716679,455,1,opponent,41519.0,11,3,46,0,0,6,0,4,1,4,14,0,0,0,1,0,0,0,0,47,25.0,0.0,6.0,8.0,38.0,0.0,1.0,2.0,33.0,2.0,3.0,4.0,0.0,0.0,0.0,0.0,0.0
112716679,479,0,self,45522.0,11,3,52,0,0,6,0,4,3,10,13,0,0,0,1,0,0,0,0,42,25.0,0.0,6.0,8.0,42.0,0.0,0.0,0.0,33.0,0.0,3.0,0.0,0.0,0.0,0.0,0.0,0.0
112716679,479,1,opponent,45522.0,11,3,52,0,0,6,0,4,3,10,13,0,0,0,1,0,0,0,0,42,25.0,0.0,6.0,8.0,42.0,0.0,0.0,0.0,33.0,0.0,3.0,0.0,0.0,0.0,0.0,0.0,0.0
112716679,480,0,self,45522.0,0,3,52,0,0,6,0,4,3,10,14,0,0,0,1,0,0,0,0,88,25.0,0.0,6.0,8.0,46.0,0.0,4.0,8.0,33.0,24.0,3.0,6.0,0.0,0.0,0.0,0.0,0.0
112716679,480,1,opponent,45522.0,0,3,52,0,0,6,0,4,3,10,14,0,0,0,1,0,0,0,0,88,25.0,0.0,6.0,8.0,46.0,0.0,4.0,8.0,33.0,24.0,3.0,6.0,0.0,0.0,0.0,0.0,0.0
112716679,503,0,self,51346.0,11,3,53,0,0,4,0,4,2,7,13,0,0,0,1,0,0,0,0,55,25.0,0.0,6.0,8.0,49.0,0.0,2.0,2.0,33.0,0.0,3.0,2.0,0.0,0.0,0.0,0.0,0.0
112716679,503,1,opponent,51346.0,11,3,53,0,0,4,0,4,2,7,13,0,0,0,1,0,0,0,0,55,25.0,0.0,6.0,8.0,49.0,0.0,2.0,2.0,33.0,0.0,3.0,2.0,0.0,0.0,0.0,0.0,0.0
112716679,527,0,self,57659.0,11,3,58,0,0,12,0,6,0,0,17,0,0,0,1,0,0,0,0,69,30.0,0.0,6.0,8.0,52.0,0.0,5.0,2.0,28.0,2.0,3.0,8.0,0.0,0.0,0.0,0.0,0.0
112716679,527,1,opponent,57659.0,11,3,58,0,0,12,0,6,0,0,17,0,0,0,1,0,0,0,0,69,30.0,0.0,6.0,8.0,52.0,0.0,5.0,2.0,28.0,2.0,3.0,8.0,0.0,0.0,0.0,0.0,0.0
112716679,551,0,self,62364.0,11,3,51,0,0,10,0,6,1,4,13,0,0,0,1,0,0,0,0,63,31.0,0.0,6.0,8.0,48.0,0.0,2.0,3.0,27.0,2.0,3.0,8.0,0.0,0.0,0.0,0.0,0.0
112716679,551,1,opponent,62364.0,11,3,51,0,0,10,0,6,1,4,13,0,0,0,1,0,0,0,0,63,31.0,0.0,6.0,8.0,48.0,0.0,2.0,3.0,27.0,2.0,3.0,8.0,0.0,0.0,0.0,0.0,0.0
112716679,575,0,self,65609.0,12,3,46,0,0,17,0,5,2,4,17,0,0,0,5,8,0,0,0,79,30.0,0.0,6.0,8.0,59.0,0.0,0.0,5.0,20.0,5.0,3.0,2.0,8.0,8.0,0.0,0.0,0.0
112716679,575,1,opponent,65609.0,12,3,46,0,0,17,0,5,2,4,17,0,0,0,5,8,0,0,0,79,30.0,0.0,6.0,8.0,59.0,0.0,0.0,5.0,20.0,5.0,3.0,2.0,8.0,8.0,0.0,0.0,0.0
112716679,576,0,self,65609.0,0,3,46,0,0,22,0,7,2,4,17,0,0,0,5,8,0,0,0,106,30.0,0.0,6.0,8.0,65.0,0.0,6.0,13.0,20.0,6.0,3.0,8.0,8.0,8.0,0.0,0.0,0.0
112716679,576,1,opponent,65609.0,0,3,46,0,0,22,0,7,2,4,17,0,0,0,5,8,0,0,0,106,30.0,0.0,6.0,8.0,65.0,0.0,6.0,13.0,20.0,6.0,3.0,8.0,8.0,8.0,0.0,0.0,0.0
112716679,599,0,self,68557.0,11,3,64,0,0,6,0,13,1,6,16,0,0,0,2,8,0,0,0,71,28.0,0.0,6.0,8.0,56.0,0.0,0.0,0.0,17.0,0.0,3.0,2.0,13.0,13.0,0.0,0.0,0.0
112716679,599,1,opponent,68557.0,11,3,64,0,0,6,0,13,1,6,16,0,0,0,2,8,0,0,0,71,28.0,0.0,6.0,8.0,56.0,0.0,0.0,0.0,17.0,0.0,3.0,2.0,13.0,13.0,0.0,0.0,0.0
112716679,623,0,self,71371.0,11,3,57,0,0,21,0,4,2,4,15,0,0,0,2,8,0,0,0,81,18.0,0.0,6.0,8.0,41.0,0.0,0.0,2.0,13.0,0.0,3.0,1.0,27.0,37.0,0.0,0.0,0.0
112716679,623,1,opponent,71371.0,11,3,57,0,0,21,0,4,2,4,15,0,0,0,2,8,0,0,0,81,18.0,0.0,6.0,8.0,41.0,0.0,0.0,2.0,13.0,0.0,3.0,1.0,27.0,37.0,0.0,0.0,0.0
112716679,647,0,self,74851.0,11,3,27,28,0,0,0,6,4,2,16,0,0,0,2,8,0,0,0,82,14.0,0.0,6.0,8.0,40.0,0.0,0.0,4.0,13.0,0.0,3.0,3.0,31.0,35.0,0.0,0.0,0.0
112716679,647,1,opponent,74812.0,11,3,27,28,0,0,0,6,4,2,16,0,0,0,2,8,0,0,0,82,14.0,0.0,6.0,8.0,40.0,0.0,0.0,4.0,13.0,0.0,3.0,3.0,31.0,35.0,0.0,0.0,0.0
112716679,648,0,self,74851.0,0,3,27,28,0,0,0,6,4,2,17,0,0,0,2,8,0,0,0,134,14.0,0.0,6.0,8.0,44.0,0.0,9.0,10.0,13.0,26.0,2.0,6.0,31.0,39.0,0.0,0.0,0.0
112716679,648,1,opponent,74812.0,0,3,27,28,0,0,0,6,4,2,17,0,0,0,2,8,0,0,0,136,14.0,0.0,6.0,8.0,44.0,0.0,9.0,10.0,13.0,26.0,3.0,8.0,31.0,39.0,0.0,0.0,0.0
112716679,671,0,self,78065.0,11,3,36,15,0,20,0,4,9,0,8,0,0,0,4,0,0,0,0,85,9.0,0.0,6.0,8.0,25.0,0.0,0.0,2.0,4.0,0.0,2.0,6.0,35.0,52.0,0.0,0.0,0.0
112716679,671,1,opponent,78026.0,11,3,35,15,0,20,0,4,9,0,8,0,0,0,4,0,0,0,0,87,9.0,0.0,6.0,8.0,25.0,0.0,0.0,2.0,4.0,0.0,3.0,8.0,35.0,52.0,0.0,0.0,0.0
112716679,695,0,self,83355.0,11,3,38,36,0,0,0,0,1,4,8,0,0,0,4,0,0,0,0,49,2.0,0.0,6.0,8.0,4.0,0.0,0.0,6.0,0.0,0.0,2.0,0.0,21.0,39.0,0.0,0.0,0.0
112716679,695,1,opponent,83407.0,11,3,38,36,0,0,0,0,0,8,8,0,0,0,4,0,0,0,0,49,2.0,0.0,6.0,8.0,4.0,0.0,0.0,6.0,0.0,0.0,3.0,0.0,21.0,39.0,0.0,0.0,0.0
112716679,696,0,self,83580.0,0,3,36,39,0,0,0,0,1,4,6,0,0,0,4,0,0,0,0,61,1.0,0.0,6.0,8.0,1.0,0.0,8.0,12.0,0.0,0.0,2.0,3.0,20.0,37.0,0.0,0.0,0.0
112716679,696,1,opponent,83632.0,0,3,36,39,0,0,0,0,0,8,6,0,0,0,4,0,0,0,0,62,1.0,0.0,6.0,8.0,1.0,0.0,8.0,12.0,0.0,0.0,3.0,4.0,20.0,37.0,1.0,0.0,0.0
112716679,719,0,self,91448.0,11,3,0,0,0,0,0,0,0,0,0,0,0,0,4,0,0,0,0,0,0.0,0.0,6.0,8.0,0.0,0.0,0.0,0.0,0.0,0.0,2.0,0.0,0.0,0.0,0.0,0.0,0.0
112716679,719,1,opponent,91664.0,11,3,0,0,0,0,0,0,0,0,0,0,0,0,4,0,0,0,0,0,0.0,0.0,6.0,8.0,0.0,0.0,0.0,0.0,0.0,0.0,3.0,0.0,0.0,0.0,1.0,0.0,0.0
112716680,0,0,self,3000.0,0,1,0,0,0,0,0,0,0,0,0,0,0,0,0,0,0,0,0,0,0.0,0.0,0.0,0.0,0.0,0.0,0.0,0.0,0.0,0.0,0.0,0.0,0.0,0.0,0.0,0.0,0.0
112716680,0,1,opponent,3000.0,0,1,0,0,0,0,0,0,0,0,0,0,0,0,0,0,0,0,0,0,0.0,0.0,0.0,0.0,0.0,0.0,0.0,0.0,0.0,0.0,0.0,0.0,0.0,0.0,0.0,0.0,0.0
112716680,23,0,self,12.0,5,1,3,0,0,0,0,0,0,0,0,0,0,0,0,0,0,0,0,20,8.0,12.0,2.0,2.0,8.0,12.0,0.0,0.0,0.0,0.0,0.0,0.0,0.0,0.0,0.0,0.0,0.0
112716680,23,1,opponent,12.0,5,1,3,0,0,0,0,0,0,0,0,0,0,0,0,0,0,0,0,20,8.0,12.0,2.0,2.0,8.0,12.0,0.0,0.0,0.0,0.0,0.0,0.0,0.0,0.0,0.0,0.0,0.0
112716680,24,0,self,12.0,0,1,3,0,0,0,0,0,0,0,0,0,0,0,0,0,0,0,0,20,8.0,12.0,2.0,2.0,8.0,12.0,0.0,0.0,0.0,0.0,0.0,0.0,0.0,0.0,0.0,0.0,0.0
112716680,24,1,opponent,12.0,0,1,3,0,0,0,0,0,0,0,0,0,0,0,0,0,0,0,0,20,8.0,12.0,2.0,2.0,8.0,12.0,0.0,0.0,0.0,0.0,0.0,0.0,0.0,0.0,0.0,0.0,0.0
112716680,47,0,self,101.0,3,1,6,0,0,0,0,0,0,0,1,0,0,0,0,0,0,0,0,20,8.0,12.0,2.0,2.0,8.0,12.0,0.0,0.0,0.0,0.0,0.0,0.0,0.0,0.0,0.0,0.0,0.0
112716680,47,1,opponent,101.0,3,1,6,0,0,0,0,0,0,0,1,0,0,0,0,0,0,0,0,20,8.0,12.0,2.0,2.0,8.0,12.0,0.0,0.0,0.0,0.0,0.0,0.0,0.0,0.0,0.0,0.0,0.0
112716680,71,0,self,214.0,4,1,6,0,0,0,0,0,0,0,0,0,0,0,0,0,0,0,0,25,8.0,12.0,2.0,3.0,13.0,12.0,0.0,0.0,0.0,0.0,0.0,0.0,0.0,0.0,0.0,0.0,0.0
112716680,71,1,opponent,214.0,4,1,6,0,0,0,0,0,0,0,0,0,0,0,0,0,0,0,0,25,8.0,12.0,2.0,3.0,13.0,12.0,0.0,0.0,0.0,0.0,0.0,0.0,0.0,0.0,0.0,0.0,0.0
112716680,72,0,self,214.0,0,1,6,0,0,0,0,0,0,0,0,0,0,0,0,0,0,0,0,25,8.0,12.0,2.0,3.0,13.0,12.0,0.0,0.0,0.0,0.0,0.0,0.0,0.0,0.0,0.0,0.0,0.0
112716680,72,1,opponent,214.0,0,1,6,0,0,0,0,0,0,0,0,0,0,0,0,0,0,0,0,25,8.0,12.0,2.0,3.0,13.0,12.0,0.0,0.0,0.0,0.0,0.0,0.0,0.0,0.0,0.0,0.0,0.0
112716680,95,0,self,267.0,5,1,14,0,0,0,0,0,0,0,1,1,0,0,0,0,0,0,0,19,7.0,12.0,2.0,3.0,7.0,12.0,0.0,0.0,0.0,0.0,0.0,0.0,0.0,0.0,0.0,0.0,0.0
112716680,95,1,opponent,267.0,5,1,14,0,0,0,0,0,0,0,1,1,0,0,0,0,0,0,0,19,7.0,12.0,2.0,3.0,7.0,12.0,0.0,0.0,0.0,0.0,0.0,0.0,0.0,0.0,0.0,0.0,0.0
112716680,119,0,self,672.0,4,1,19,0,0,0,0,0,0,0,1,0,0,0,0,0,0,0,0,19,7.0,12.0,2.0,4.0,7.0,12.0,0.0,0.0,0.0,0.0,0.0,0.0,0.0,0.0,0.0,0.0,0.0
112716680,119,1,opponent,672.0,4,1,19,0,0,0,0,0,0,0,1,0,0,0,0,0,0,0,0,19,7.0,12.0,2.0,4.0,7.0,12.0,0.0,0.0,0.0,0.0,0.0,0.0,0.0,0.0,0.0,0.0,0.0
112716680,143,0,self,787.0,4,1,19,0,0,0,0,0,0,0,2,0,0,0,0,0,0,0,0,15,3.0,12.0,2.0,4.0,3.0,12.0,0.0,0.0,4.0,0.0,0.0,0.0,0.0,0.0,0.0,0.0,0.0
112716680,143,1,opponent,787.0,4,1,19,0,0,0,0,0,0,0,2,0,0,0,0,0,0,0,0,15,3.0,12.0,2.0,4.0,3.0,12.0,0.0,0.0,4.0,0.0,0.0,0.0,0.0,0.0,0.0,0.0,0.0
112716680,144,0,self,787.0,0,1,19,0,0,0,0,0,0,0,2,0,0,0,0,0,0,0,0,27,3.0,12.0,2.0,4.0,3.0,12.0,12.0,0.0,4.0,0.0,0.0,0.0,0.0,0.0,0.0,0.0,0.0
112716680,144,1,opponent,787.0,0,1,19,0,0,0,0,0,0,0,2,0,0,0,0,0,0,0,0,27,3.0,12.0,2.0,4.0,3.0,12.0,12.0,0.0,4.0,0.0,0.0,0.0,0.0,0.0,0.0,0.0,0.0
112716680,167,0,self,736.0,7,2,16,0,0,0,0,0,2,0,1,0,0,0,0,0,0,0,0,30,6.0,12.0,2.0,6.0,7.0,23.0,0.0,0.0,12.0,0.0,0.0,0.0,0.0,0.0,0.0,0.0,0.0
112716680,167,1,opponent,1115.0,7,2,16,0,0,0,0,0,0,0,1,0,0,0,0,0,0,0,0,30,6.0,12.0,2.0,6.0,7.0,23.0,0.0,0.0,12.0,0.0,0.0,0.0,0.0,0.0,0.0,0.0,0.0
112716680,191,0,self,528.0,7,2,11,0,0,0,0,0,0,0,1,0,0,0,1,0,0,0,0,44,8.0,12.0,2.0,8.0,8.0,36.0,0.0,0.0,16.0,0.0,0.0,0.0,0.0,0.0,0.0,0.0,0.0
112716680,191,1,opponent,535.0,7,2,11,0,0,0,0,0,0,0,1,0,0,0,1,0,0,0,0,44,8.0,12.0,2.0,8.0,8.0,36.0,0.0,0.0,16.0,0.0,0.0,0.0,0.0,0.0,0.0,0.0,0.0
112716680,192,0,self,528.0,0,2,11,0,0,0,0,0,0,0,1,0,0,0,0,0,0,0,0,57,9.0,12.0,2.0,8.0,9.0,36.0,0.0,12.0,16.0,0.0,0.0,0.0,0.0,0.0,0.0,0.0,0.0
112716680,192,1,opponent,535.0,0,2,11,0,0,0,0,0,0,0,1,0,0,0,0,0,0,0,0,57,9.0,12.0,2.0,8.0,9.0,36.0,0.0,12.0,16.0,0.0,0.0,0.0,0.0,0.0,0.0,0.0,0.0
112716680,215,0,self,1626.0,8,2,28,0,0,0,0,0,0,0,3,0,0,0,0,0,0,0,0,52,5.0,12.0,4.0,8.0,5.0,47.0,0.0,0.0,20.0,0.0,0.0,0.0,0.0,0.0,0.0,0.0,0.0
112716680,215,1,opponent,1633.0,8,2,28,0,0,0,0,0,0,0,3,0,0,0,0,0,0,0,0,52,5.0,12.0,4.0,8.0,5.0,47.0,0.0,0.0,20.0,0.0,0.0,0.0,0.0,0.0,0.0,0.0,0.0
112716680,239,0,self,2513.0,8,2,36,0,0,0,0,0,0,0,1,0,1,0,0,0,0,0,0,64,5.0,12.0,5.0,8.0,5.0,59.0,0.0,0.0,20.0,0.0,0.0,0.0,0.0,0.0,0.0,0.0,0.0
112716680,239,1,opponent,2520.0,8,2,36,0,0,0,0,0,0,0,1,0,1,0,0,0,0,0,0,64,5.0,12.0,5.0,8.0,5.0,59.0,0.0,0.0,20.0,0.0,0.0,0.0,0.0,0.0,0.0,0.0,0.0
112716680,240,0,self,2513.0,0,2,36,0,0,0,0,0,0,0,1,0,1,0,0,0,0,0,0,77,5.0,12.0,5.0,8.0,5.0,60.0,0.0,12.0,20.0,0.0,0.0,0.0,0.0,0.0,0.0,0.0,0.0
112716680,240,1,opponent,2520.0,0,2,36,0,0,0,0,0,0,0,1,0,1,0,0,0,0,0,0,77,5.0,12.0,5.0,8.0,5.0,60.0,0.0,12.0,20.0,0.0,0.0,0.0,0.0,0.0,0.0,0.0,0.0
112716680,263,0,self,16248.0,11,2,42,0,0,0,12,0,0,0,11,0,0,0,0,0,0,0,0,13,12.0,0.0,6.0,8.0,13.0,0.0,0.0,0.0,20.0,0.0,2.0,0.0,0.0,0.0,0.0,0.0,0.0
112716680,263,1,opponent,16257.0,11,2,42,0,0,0,12,0,0,0,11,0,0,0,0,0,0,0,0,13,12.0,0.0,6.0,8.0,13.0,0.0,0.0,0.0,20.0,0.0,2.0,0.0,0.0,0.0,0.0,0.0,0.0
112716680,287,0,self,15612.0,10,3,37,0,0,0,0,0,0,0,15,0,0,0,0,0,0,0,0,24,21.0,0.0,6.0,8.0,24.0,0.0,0.0,0.0,33.0,0.0,3.0,0.0,0.0,0.0,0.0,0.0,0.0
112716680,287,1,opponent,15621.0,10,3,37,0,0,0,0,0,0,0,15,0,0,0,0,0,0,0,0,24,21.0,0.0,6.0,8.0,24.0,0.0,0.0,0.0,33.0,0.0,3.0,0.0,0.0,0.0,0.0,0.0,0.0
112716680,288,0,self,15612.0,0,3,39,0,0,0,0,0,0,0,16,0,0,0,0,0,0,0,0,39,20.0,0.0,6.0,8.0,22.0,0.0,8.0,9.0,33.0,0.0,3.0,0.0,0.0,0.0,0.0,0.0,0.0
112716680,288,1,opponent,15621.0,0,3,39,0,0,0,0,0,0,0,16,0,0,0,0,0,0,0,0,39,20.0,0.0,6.0,8.0,22.0,0.0,8.0,9.0,33.0,0.0,3.0,0.0,0.0,0.0,0.0,0.0,0.0
112716680,311,0,self,19589.0,9,3,14,0,0,0,0,0,0,0,17,0,0,0,0,0,0,0,0,30,24.0,0.0,6.0,8.0,27.0,0.0,0.0,3.0,33.0,0.0,3.0,0.0,0.0,0.0,0.0,0.0,0.0
112716680,311,1,opponent,18326.0,9,3,14,0,0,0,0,0,8,0,17,0,0,0,0,0,0,0,0,30,24.0,0.0,6.0,8.0,27.0,0.0,0.0,3.0,33.0,0.0,3.0,0.0,0.0,0.0,0.0,0.0,0.0
112716680,335,0,self,21370.0,9,3,16,0,0,0,0,0,0,0,14,0,0,0,0,0,0,0,0,32,24.0,0.0,6.0,8.0,32.0,0.0,0.0,0.0,33.0,0.0,3.0,0.0,0.0,0.0,0.0,0.0,0.0
112716680,335,1,opponent,19479.0,9,3,16,0,0,0,0,4,8,0,14,0,0,0,0,0,0,0,0,32,24.0,0.0,6.0,8.0,32.0,0.0,0.0,0.0,33.0,0.0,3.0,0.0,0.0,0.0,0.0,0.0,0.0
112716680,359,0,self,24647.0,9,3,21,0,0,0,0,9,3,8,20,0,0,0,0,0,0,0,0,38,24.0,0.0,6.0,8.0,38.0,0.0,0.0,0.0,33.0,0.0,3.0,0.0,0.0,0.0,0.0,0.0,0.0
112716680,359,1,opponent,24258.0,9,3,21,0,0,0,0,6,9,8,20,0,0,0,0,0,0,0,0,38,24.0,0.0,6.0,8.0,38.0,0.0,0.0,0.0,33.0,0.0,3.0,0.0,0.0,0.0,0.0,0.0,0.0
112716680,360,0,self,25886.0,0,3,21,0,0,0,0,6,0,8,15,0,0,0,0,0,0,0,0,85,24.0,0.0,6.0,8.0,40.0,0.0,14.0,15.0,33.0,8.0,3.0,8.0,0.0,0.0,0.0,0.0,0.0
112716680,360,1,opponent,24640.0,0,3,21,0,0,0,0,6,9,8,15,0,0,0,0,0,0,0,0,85,24.0,0.0,6.0,8.0,40.0,0.0,14.0,15.0,33.0,8.0,3.0,8.0,0.0,0.0,0.0,0.0,0.0
112716680,383,0,self,30008.0,10,3,23,0,0,0,0,0,14,6,11,0,0,0,1,0,0,0,0,40,24.0,0.0,6.0,8.0,38.0,0.0,0.0,0.0,33.0,0.0,3.0,2.0,0.0,0.0,0.0,0.0,0.0
112716680,383,1,opponent,28080.0,10,3,23,0,0,3,0,2,23,6,11,0,0,0,1,0,0,0,0,40,24.0,0.0,6.0,8.0,38.0,0.0,0.0,0.0,33.0,0.0,3.0,2.0,0.0,0.0,0.0,0.0,0.0
112716680,407,0,self,37531.0,11,3,34,0,0,0,0,3,0,5,11,0,0,0,1,0,0,0,0,38,25.0,0.0,6.0,8.0,36.0,0.0,0.0,0.0,33.0,0.0,3.0,2.0,0.0,0.0,0.0,0.0,0.0
112716680,407,1,opponent,35336.0,11,3,34,0,0,5,0,6,6,5,11,0,0,0,1,0,0,0,0,38,25.0,0.0,6.0,8.0,36.0,0.0,0.0,0.0,33.0,0.0,3.0,2.0,0.0,0.0,0.0,0.0,0.0
112716680,431,0,self,41364.0,11,3,36,0,0,0,0,3,8,6,15,0,0,0,1,0,0,0,0,38,25.0,0.0,6.0,8.0,36.0,0.0,0.0,0.0,33.0,0.0,3.0,2.0,0.0,0.0,0.0,0.0,0.0
112716680,431,1,opponent,39244.0,11,3,36,0,0,5,0,3,14,6,15,0,0,0,1,0,0,0,0,38,25.0,0.0,6.0,8.0,36.0,0.0,0.0,0.0,33.0,0.0,3.0,2.0,0.0,0.0,0.0,0.0,0.0
112716680,432,0,self,41418.0,0,3,36,0,0,0,0,3,8,5,16,0,0,0,1,0,0,0,0,92,25.0,0.0,6.0,8.0,38.0,0.0,12.0,10.0,33.0,24.0,3.0,8.0,0.0,0.0,0.0,0.0,0.0
112716680,432,1,opponent,39434.0,0,3,36,0,0,4,0,3,14,6,16,0,0,0,1,0,0,0,0,92,25.0,0.0,6.0,8.0,38.0,0.0,12.0,10.0,33.0,24.0,3.0,8.0,0.0,0.0,0.0,0.0,0.0
112716680,455,0,self,46799.0,11,3,36,0,0,6,0,6,4,4,14,0,0,0,1,0,0,0,0,50,25.0,0.0,6.0,8.0,38.0,0.0,4.0,2.0,33.0,2.0,3.0,4.0,0.0,0.0,0.0,0.0,0.0
112716680,455,1,opponent,46534.0,11,3,36,0,0,6,0,6,8,4,14,0,0,0,1,0,0,0,0,50,25.0,0.0,6.0,8.0,38.0,0.0,4.0,2.0,33.0,2.0,3.0,4.0,0.0,0.0,0.0,0.0,0.0
112716680,479,0,self,50849.0,11,3,38,0,0,6,0,3,8,10,13,0,0,0,1,0,0,0,0,42,25.0,0.0,6.0,8.0,42.0,0.0,0.0,0.0,33.0,0.0,3.0,0.0,0.0,0.0,0.0,0.0,0.0
112716680,479,1,opponent,51822.0,11,3,38,0,0,6,0,3,4,6,14,0,0,0,1,0,0,0,0,46,25.0,0.0,6.0,8.0,42.0,0.0,0.0,0.0,33.0,0.0,3.0,4.0,0.0,0.0,0.0,0.0,0.0
112716680,480,0,self,50849.0,0,3,38,0,0,6,0,3,8,10,14,0,0,0,1,0,0,0,0,92,25.0,0.0,6.0,8.0,46.0,0.0,8.0,8.0,33.0,24.0,3.0,6.0,0.0,0.0,0.0,0.0,0.0
112716680,480,1,opponent,51822.0,0,3,38,0,0,6,0,3,4,6,15,0,0,0,1,0,0,0,0,94,25.0,0.0,6.0,8.0,46.0,0.0,8.0,8.0,33.0,24.0,3.0,8.0,0.0,0.0,0.0,0.0,0.0
112716680,503,0,self,56583.0,11,3,43,0,0,4,0,4,4,7,13,0,0,0,1,0,0,0,0,57,25.0,0.0,6.0,8.0,49.0,0.0,4.0,2.0,33.0,0.0,3.0,2.0,0.0,0.0,0.0,0.0,0.0
112716680,503,1,opponent,56383.0,11,3,43,0,0,4,0,4,8,6,14,0,0,0,1,0,0,0,0,57,25.0,0.0,6.0,8.0,49.0,0.0,4.0,2.0,33.0,0.0,3.0,2.0,0.0,0.0,0.0,0.0,0.0
112716680,527,0,self,61573.0,11,3,50,0,0,12,0,6,0,4,16,0,0,0,1,0,0,0,0,72,30.0,0.0,6.0,8.0,52.0,0.0,12.0,2.0,28.0,2.0,3.0,4.0,0.0,0.0,0.0,0.0,0.0
112716680,527,1,opponent,62131.0,11,3,50,0,0,12,0,6,0,4,16,0,0,0,1,0,0,0,0,72,30.0,0.0,6.0,8.0,52.0,0.0,12.0,2.0,28.0,2.0,3.0,4.0,0.0,0.0,0.0,0.0,0.0
112716680,551,0,self,64591.0,11,3,47,0,0,10,0,4,4,4,13,0,0,0,1,0,0,0,0,62,31.0,0.0,6.0,8.0,48.0,0.0,4.0,2.0,27.0,2.0,3.0,6.0,0.0,0.0,0.0,0.0,0.0
112716680,551,1,opponent,65438.0,11,3,44,0,0,11,0,4,4,4,13,0,0,0,1,0,0,0,0,62,31.0,0.0,6.0,8.0,48.0,0.0,4.0,2.0,27.0,2.0,3.0,6.0,0.0,0.0,0.0,0.0,0.0
112716680,575,0,self,66516.0,12,3,40,0,0,17,0,4,8,4,17,0,0,0,1,0,0,0,0,78,38.0,0.0,6.0,8.0,67.0,0.0,0.0,4.0,20.0,5.0,3.0,2.0,0.0,0.0,0.0,0.0,0.0
112716680,575,1,opponent,67832.0,12,3,37,0,0,17,0,4,8,4,17,0,0,0,1,0,0,0,0,78,38.0,0.0,6.0,8.0,67.0,0.0,0.0,4.0,20.0,5.0,3.0,2.0,0.0,0.0,0.0,0.0,0.0
112716680,576,0,self,66516.0,0,3,40,0,0,22,0,6,8,4,17,0,0,0,1,0,0,0,0,111,38.0,0.0,6.0,8.0,73.0,0.0,12.0,12.0,20.0,6.0,3.0,8.0,0.0,0.0,0.0,0.0,0.0
112716680,576,1,opponent,67832.0,0,3,37,0,0,22,0,6,8,4,17,0,0,0,1,0,0,0,0,112,38.0,0.0,6.0,8.0,73.0,0.0,12.0,12.0,20.0,7.0,3.0,8.0,0.0,0.0,0.0,0.0,0.0
112716680,599,0,self,68327.0,11,3,52,0,0,6,0,12,4,6,16,0,0,0,1,0,0,0,0,71,37.0,0.0,6.0,8.0,65.0,0.0,0.0,0.0,17.0,0.0,3.0,2.0,4.0,4.0,0.0,0.0,0.0
112716680,599,1,opponent,69722.0,11,3,51,0,0,7,0,12,6,2,17,0,0,0,1,0,0,0,0,75,37.0,0.0,6.0,8.0,65.0,0.0,0.0,0.0,17.0,0.0,3.0,6.0,4.0,4.0,0.0,0.0,0.0
112716680,623,0,self,70516.0,11,3,56,0,0,21,0,4,4,4,15,0,0,0,1,0,0,0,0,81,27.0,0.0,6.0,8.0,60.0,0.0,0.0,2.0,13.0,0.0,3.0,1.0,18.0,18.0,0.0,0.0,0.0
112716680,623,1,opponent,72141.0,11,3,56,0,0,21,0,4,4,6,16,0,0,0,1,0,0,0,0,81,27.0,0.0,6.0,8.0,60.0,0.0,0.0,2.0,13.0,0.0,3.0,1.0,18.0,18.0,0.0,0.0,0.0
112716680,647,0,self,72224.0,11,3,56,0,0,0,0,9,7,2,16,0,0,0,1,0,0,0,0,83,16.0,0.0,6.0,8.0,44.0,0.0,0.0,5.0,13.0,0.0,3.0,3.0,29.0,31.0,0.0,0.0,0.0
112716680,647,1,opponent,74363.0,11,3,56,0,0,0,0,9,7,2,16,0,0,0,1,0,0,0,0,83,16.0,0.0,6.0,8.0,44.0,0.0,0.0,5.0,13.0,0.0,3.0,3.0,29.0,31.0,0.0,0.0,0.0
112716680,648,0,self,72224.0,0,3,56,0,0,0,0,9,7,2,17,0,0,0,1,0,0,0,0,138,16.0,0.0,6.0,8.0,48.0,0.0,10.0,11.0,13.0,26.0,3.0,8.0,29.0,35.0,0.0,0.0,0.0
112716680,648,1,opponent,74363.0,0,3,56,0,0,0,0,9,7,2,17,0,0,0,1,0,0,0,0,138,16.0,0.0,6.0,8.0,48.0,0.0,10.0,11.0,13.0,26.0,3.0,8.0,29.0,35.0,0.0,0.0,0.0
112716680,671,0,self,74937.0,11,3,36,15,0,20,0,4,10,4,6,0,0,0,1,0,0,0,0,83,18.0,0.0,6.0,8.0,39.0,0.0,0.0,2.0,4.0,0.0,3.0,4.0,26.0,38.0,0.0,0.0,0.0
112716680,671,1,opponent,77296.0,11,3,36,15,0,20,0,4,10,0,6,0,0,0,1,0,0,0,0,87,18.0,0.0,6.0,8.0,39.0,0.0,0.0,2.0,4.0,0.0,3.0,8.0,26.0,38.0,0.0,0.0,0.0
112716680,695,0,self,78620.0,11,3,48,34,0,0,0,0,0,6,8,0,0,0,1,0,0,0,0,48,10.0,0.0,6.0,8.0,12.0,0.0,0.0,6.0,0.0,0.0,3.0,0.0,13.0,30.0,1.0,0.0,0.0
112716680,695,1,opponent,81280.0,11,3,48,34,0,0,0,0,0,8,8,0,0,0,1,0,0,0,0,48,10.0,0.0,6.0,8.0,12.0,0.0,0.0,6.0,0.0,0.0,3.0,0.0,13.0,30.0,0.0,0.0,0.0
112716680,696,0,self,79007.0,0,3,42,37,0,0,0,0,0,6,6,0,0,0,1,0,0,0,0,65,9.0,0.0,6.0,8.0,11.0,0.0,8.0,15.0,0.0,0.0,3.0,4.0,12.0,27.0,1.0,0.0,0.0
112716680,696,1,opponent,81667.0,0,3,42,37,0,0,0,0,0,8,6,0,0,0,1,0,0,0,0,65,9.0,0.0,6.0,8.0,11.0,0.0,8.0,15.0,0.0,0.0,3.0,4.0,12.0,27.0,0.0,0.0,0.0
112716680,719,0,self,85584.0,11,3,0,0,0,0,0,0,0,0,0,0,0,0,1,0,0,0,0,0,0.0,0.0,6.0,8.0,0.0,0.0,0.0,0.0,0.0,0.0,3.0,0.0,0.0,0.0,1.0,0.0,0.0
112716680,719,1,opponent,88248.0,11,3,0,0,0,0,0,0,0,0,0,0,0,0,1,0,0,0,0,0,0.0,0.0,6.0,8.0,0.0,0.0,0.0,0.0,0.0,0.0,3.0,0.0,0.0,0.0,0.0,0.0,0.0
112717862,0,0,self,3000.0,0,1,0,0,0,0,0,0,0,0,0,0,0,0,0,0,0,0,0,0,0.0,0.0,0.0,0.0,0.0,0.0,0.0,0.0,0.0,0.0,0.0,0.0,0.0,0.0,0.0,0.0,0.0
112717862,0,1,opponent,3000.0,0,1,0,0,0,0,0,0,0,0,0,0,0,0,0,0,0,0,0,0,0.0,0.0,0.0,0.0,0.0,0.0,0.0,0.0,0.0,0.0,0.0,0.0,0.0,0.0,0.0,0.0,0.0
112717862,23,0,self,16.0,5,1,3,0,0,0,0,0,0,0,0,0,0,0,0,0,0,0,0,20,8.0,12.0,2.0,2.0,8.0,12.0,0.0,0.0,0.0,0.0,0.0,0.0,0.0,0.0,0.0,0.0,0.0
112717862,23,1,opponent,8.0,5,1,3,0,0,0,0,0,0,0,0,0,0,0,0,0,0,0,0,20,8.0,12.0,2.0,2.0,8.0,12.0,0.0,0.0,0.0,0.0,0.0,0.0,0.0,0.0,0.0,0.0,0.0
112717862,24,0,self,16.0,0,1,3,0,0,0,0,0,0,0,0,0,0,0,0,0,0,0,0,20,8.0,12.0,2.0,2.0,8.0,12.0,0.0,0.0,0.0,0.0,0.0,0.0,0.0,0.0,0.0,0.0,0.0
112717862,24,1,opponent,8.0,0,1,3,0,0,0,0,0,0,0,0,0,0,0,0,0,0,0,0,20,8.0,12.0,2.0,2.0,8.0,12.0,0.0,0.0,0.0,0.0,0.0,0.0,0.0,0.0,0.0,0.0,0.0
112717862,47,0,self,105.0,3,1,6,0,0,0,0,0,0,0,1,0,0,0,0,0,0,0,0,20,8.0,12.0,2.0,2.0,8.0,12.0,0.0,0.0,0.0,0.0,0.0,0.0,0.0,0.0,0.0,0.0,0.0
112717862,47,1,opponent,97.0,3,1,6,0,0,0,0,0,0,0,1,0,0,0,0,0,0,0,0,20,8.0,12.0,2.0,2.0,8.0,12.0,0.0,0.0,0.0,0.0,0.0,0.0,0.0,0.0,0.0,0.0,0.0
112717862,71,0,self,218.0,4,1,6,0,0,0,0,0,0,0,0,0,0,0,0,0,0,0,0,25,8.0,12.0,2.0,3.0,13.0,12.0,0.0,0.0,0.0,0.0,0.0,0.0,0.0,0.0,0.0,0.0,0.0
112717862,71,1,opponent,210.0,4,1,6,0,0,0,0,0,0,0,0,0,0,0,0,0,0,0,0,25,8.0,12.0,2.0,3.0,13.0,12.0,0.0,0.0,0.0,0.0,0.0,0.0,0.0,0.0,0.0,0.0,0.0
112717862,72,0,self,218.0,0,1,6,0,0,0,0,0,0,0,0,0,0,0,0,0,0,0,0,25,8.0,12.0,2.0,3.0,13.0,12.0,0.0,0.0,0.0,0.0,0.0,0.0,0.0,0.0,0.0,0.0,0.0
112717862,72,1,opponent,210.0,0,1,6,0,0,0,0,0,0,0,0,0,0,0,0,0,0,0,0,25,8.0,12.0,2.0,3.0,13.0,12.0,0.0,0.0,0.0,0.0,0.0,0.0,0.0,0.0,0.0,0.0,0.0
112717862,95,0,self,269.0,5,1,14,0,0,0,0,0,0,0,1,1,0,0,0,0,0,0,0,19,7.0,12.0,2.0,3.0,7.0,12.0,0.0,0.0,0.0,0.0,0.0,0.0,0.0,0.0,0.0,0.0,0.0
112717862,95,1,opponent,261.0,5,1,14,0,0,0,0,0,0,0,1,1,0,0,0,0,0,0,0,19,7.0,12.0,2.0,3.0,7.0,12.0,0.0,0.0,0.0,0.0,0.0,0.0,0.0,0.0,0.0,0.0,0.0
112717862,119,0,self,679.0,4,1,19,0,0,0,0,0,0,0,1,0,0,0,0,0,0,0,0,19,7.0,12.0,2.0,4.0,7.0,12.0,0.0,0.0,0.0,0.0,0.0,0.0,0.0,0.0,0.0,0.0,0.0
112717862,119,1,opponent,671.0,4,1,19,0,0,0,0,0,0,0,1,0,0,0,0,0,0,0,0,19,7.0,12.0,2.0,4.0,7.0,12.0,0.0,0.0,0.0,0.0,0.0,0.0,0.0,0.0,0.0,0.0,0.0
112717862,143,0,self,792.0,4,1,19,0,0,0,0,0,0,0,2,0,0,0,0,0,0,0,0,15,3.0,12.0,2.0,4.0,3.0,12.0,0.0,0.0,4.0,0.0,0.0,0.0,0.0,0.0,0.0,0.0,0.0
112717862,143,1,opponent,784.0,4,1,19,0,0,0,0,0,0,0,2,0,0,0,0,0,0,0,0,15,3.0,12.0,2.0,4.0,3.0,12.0,0.0,0.0,4.0,0.0,0.0,0.0,0.0,0.0,0.0,0.0,0.0
112717862,144,0,self,792.0,0,1,19,0,0,0,0,0,0,0,2,0,0,0,0,0,0,0,0,27,3.0,12.0,2.0,4.0,3.0,12.0,12.0,0.0,4.0,0.0,0.0,0.0,0.0,0.0,0.0,0.0,0.0
112717862,144,1,opponent,784.0,0,1,19,0,0,0,0,0,0,0,2,0,0,0,0,0,0,0,0,27,3.0,12.0,2.0,4.0,3.0,12.0,12.0,0.0,4.0,0.0,0.0,0.0,0.0,0.0,0.0,0.0,0.0
112717862,167,0,self,1239.0,8,2,11,0,0,0,0,0,0,0,2,0,0,0,0,8,0,0,0,29,5.0,12.0,4.0,4.0,5.0,24.0,0.0,0.0,12.0,0.0,0.0,0.0,0.0,0.0,0.0,0.0,0.0
112717862,167,1,opponent,1391.0,8,2,11,0,0,0,0,0,0,0,2,0,0,0,0,0,0,0,0,29,5.0,12.0,4.0,4.0,5.0,24.0,0.0,0.0,12.0,0.0,0.0,0.0,0.0,0.0,0.0,0.0,0.0
112717862,191,0,self,555.0,8,2,2,0,0,0,0,0,0,0,3,0,0,0,0,8,0,0,0,45,9.0,12.0,4.0,6.0,9.0,36.0,0.0,0.0,16.0,0.0,0.0,0.0,0.0,0.0,0.0,0.0,0.0
112717862,191,1,opponent,707.0,8,2,2,0,0,0,0,0,0,0,3,0,0,0,0,0,0,0,0,45,9.0,12.0,4.0,6.0,9.0,36.0,0.0,0.0,16.0,0.0,0.0,0.0,0.0,0.0,0.0,0.0,0.0
112717862,192,0,self,311.0,0,2,10,0,0,0,0,0,0,0,3,0,0,0,0,8,0,0,0,57,9.0,12.0,4.0,6.0,9.0,36.0,0.0,12.0,16.0,0.0,0.0,0.0,0.0,0.0,0.0,0.0,0.0
112717862,192,1,opponent,463.0,0,2,10,0,0,0,0,0,0,0,3,0,0,0,0,0,0,0,0,57,9.0,12.0,4.0,6.0,9.0,36.0,0.0,12.0,16.0,0.0,0.0,0.0,0.0,0.0,0.0,0.0,0.0
112717862,215,0,self,1697.0,9,2,15,0,0,0,0,0,0,0,3,0,0,0,0,8,0,0,0,53,5.0,12.0,6.0,6.0,5.0,48.0,0.0,0.0,20.0,0.0,0.0,0.0,0.0,0.0,0.0,0.0,0.0
112717862,215,1,opponent,1849.0,9,2,15,0,0,0,0,0,0,0,3,0,0,0,0,0,0,0,0,53,5.0,12.0,6.0,6.0,5.0,48.0,0.0,0.0,20.0,0.0,0.0,0.0,0.0,0.0,0.0,0.0,0.0
112717862,239,0,self,4018.0,9,2,11,0,0,0,0,0,0,0,1,0,0,0,0,8,0,0,0,63,5.0,12.0,7.0,6.0,5.0,58.0,0.0,0.0,20.0,0.0,0.0,0.0,0.0,0.0,0.0,0.0,0.0
112717862,239,1,opponent,4170.0,9,2,11,0,0,0,0,0,0,0,1,0,0,0,0,0,0,0,0,63,5.0,12.0,7.0,6.0,5.0,58.0,0.0,0.0,20.0,0.0,0.0,0.0,0.0,0.0,0.0,0.0,0.0
112717862,240,0,self,4018.0,0,2,11,0,0,0,0,0,0,0,1,0,0,0,0,8,0,0,0,76,5.0,12.0,7.0,6.0,5.0,60.0,0.0,11.0,20.0,0.0,0.0,0.0,0.0,0.0,0.0,0.0,0.0
112717862,240,1,opponent,4170.0,0,2,11,0,0,0,0,0,0,0,1,0,0,0,0,0,0,0,0,76,5.0,12.0,7.0,6.0,5.0,60.0,0.0,11.0,20.0,0.0,0.0,0.0,0.0,0.0,0.0,0.0,0.0
112717862,263,0,self,16905.0,11,2,2,0,0,0,12,0,0,0,12,0,0,0,0,8,0,0,0,12,12.0,0.0,10.0,6.0,12.0,0.0,0.0,0.0,20.0,0.0,0.0,0.0,0.0,0.0,0.0,0.0,0.0
112717862,263,1,opponent,17057.0,11,2,2,0,0,0,12,0,0,0,12,0,0,0,0,0,0,0,0,12,12.0,0.0,10.0,6.0,12.0,0.0,0.0,0.0,20.0,0.0,0.0,0.0,0.0,0.0,0.0,0.0,0.0
112717862,287,0,self,15140.0,11,3,14,0,0,0,0,0,0,0,16,0,0,0,0,8,0,0,0,22,20.0,0.0,11.0,6.0,22.0,0.0,0.0,0.0,33.0,0.0,0.0,0.0,0.0,0.0,0.0,0.0,0.0
112717862,287,1,opponent,15292.0,11,3,14,0,0,0,0,0,0,0,16,0,0,0,0,0,0,0,0,22,20.0,0.0,11.0,6.0,22.0,0.0,0.0,0.0,33.0,0.0,0.0,0.0,0.0,0.0,0.0,0.0,0.0
112717862,288,0,self,14952.0,0,3,19,0,0,0,0,0,0,0,17,0,0,0,0,8,0,0,0,51,20.0,0.0,11.0,6.0,22.0,0.0,20.0,9.0,33.0,0.0,0.0,0.0,0.0,0.0,0.0,0.0,0.0
112717862,288,1,opponent,15104.0,0,3,19,0,0,0,0,0,0,0,17,0,0,0,0,0,0,0,0,51,20.0,0.0,11.0,6.0,22.0,0.0,20.0,9.0,33.0,0.0,0.0,0.0,0.0,0.0,0.0,0.0,0.0
112717862,311,0,self,19880.0,9,3,17,0,0,0,0,3,4,0,18,0,0,0,0,8,0,0,0,30,24.0,0.0,11.0,6.0,27.0,0.0,0.0,3.0,33.0,0.0,0.0,0.0,0.0,0.0,0.0,0.0,0.0
112717862,311,1,opponent,20022.0,9,3,17,0,0,0,0,3,4,0,18,0,0,0,0,0,0,0,0,30,24.0,0.0,11.0,6.0,27.0,0.0,0.0,3.0,33.0,0.0,0.0,0.0,0.0,0.0,0.0,0.0,0.0
112717862,335,0,self,22028.0,10,3,32,0,0,0,0,0,0,0,22,0,0,0,0,8,0,0,0,33,24.0,0.0,11.0,6.0,33.0,0.0,0.0,0.0,33.0,0.0,0.0,0.0,0.0,0.0,0.0,0.0,0.0
112717862,335,1,opponent,22170.0,10,3,32,0,0,0,0,0,0,0,22,0,0,0,0,0,0,0,0,33,24.0,0.0,11.0,6.0,33.0,0.0,0.0,0.0,33.0,0.0,0.0,0.0,0.0,0.0,0.0,0.0,0.0
112717862,359,0,self,26026.0,10,3,36,0,0,0,0,3,1,0,18,0,0,0,0,8,0,0,0,35,24.0,0.0,11.0,6.0,35.0,0.0,0.0,0.0,33.0,0.0,0.0,0.0,0.0,0.0,0.0,0.0,0.0
112717862,359,1,opponent,26168.0,10,3,36,0,0,0,0,3,1,0,18,0,0,0,0,0,0,0,0,35,24.0,0.0,11.0,6.0,35.0,0.0,0.0,0.0,33.0,0.0,0.0,0.0,0.0,0.0,0.0,0.0,0.0
112717862,360,0,self,25759.0,0,3,36,0,0,0,0,3,1,0,22,0,0,0,0,8,0,0,0,83,24.0,0.0,11.0,6.0,38.0,0.0,22.0,15.0,33.0,8.0,0.0,0.0,0.0,0.0,0.0,0.0,0.0
112717862,360,1,opponent,25901.0,0,3,36,0,0,0,0,3,1,0,22,0,0,0,0,0,0,0,0,83,24.0,0.0,11.0,6.0,38.0,0.0,22.0,15.0,33.0,8.0,0.0,0.0,0.0,0.0,0.0,0.0,0.0
112717862,383,0,self,31844.0,11,3,37,0,0,8,0,9,4,0,16,0,0,0,0,8,0,0,0,38,25.0,0.0,11.0,6.0,38.0,0.0,0.0,0.0,33.0,0.0,0.0,0.0,0.0,0.0,0.0,0.0,0.0
112717862,383,1,opponent,31986.0,11,3,37,0,0,8,0,9,4,0,16,0,0,0,0,0,0,0,0,38,25.0,0.0,11.0,6.0,38.0,0.0,0.0,0.0,33.0,0.0,0.0,0.0,0.0,0.0,0.0,0.0,0.0
112717862,407,0,self,40792.0,11,3,38,0,0,0,0,6,9,0,20,0,0,0,0,8,0,0,0,40,25.0,0.0,11.0,6.0,37.0,0.0,0.0,3.0,33.0,0.0,0.0,0.0,0.0,0.0,0.0,0.0,0.0
112717862,407,1,opponent,40934.0,11,3,38,0,0,0,0,6,9,0,20,0,0,0,0,0,0,0,0,40,25.0,0.0,11.0,6.0,37.0,0.0,0.0,3.0,33.0,0.0,0.0,0.0,0.0,0.0,0.0,0.0,0.0
112717862,431,0,self,48283.0,11,3,44,0,0,0,0,9,8,0,18,0,0,0,0,8,0,0,0,39,25.0,0.0,11.0,6.0,39.0,0.0,0.0,0.0,33.0,0.0,0.0,0.0,0.0,0.0,0.0,0.0,0.0
112717862,431,1,opponent,48425.0,11,3,44,0,0,0,0,9,8,0,18,0,0,0,0,0,0,0,0,39,25.0,0.0,11.0,6.0,39.0,0.0,0.0,0.0,33.0,0.0,0.0,0.0,0.0,0.0,0.0,0.0,0.0
112717862,432,0,self,49485.0,0,3,44,0,0,0,0,9,2,0,19,0,0,0,0,8,0,0,0,94,25.0,0.0,11.0,6.0,41.0,0.0,20.0,9.0,33.0,24.0,0.0,0.0,0.0,0.0,0.0,0.0,0.0
112717862,432,1,opponent,49627.0,0,3,44,0,0,0,0,9,2,0,19,0,0,0,0,0,0,0,0,94,25.0,0.0,11.0,6.0,41.0,0.0,20.0,9.0,33.0,24.0,0.0,0.0,0.0,0.0,0.0,0.0,0.0
112717862,455,0,self,56385.0,12,3,43,0,0,0,0,9,16,0,19,0,0,0,0,8,0,0,0,41,25.0,0.0,11.0,6.0,41.0,0.0,0.0,0.0,33.0,0.0,0.0,0.0,0.0,0.0,0.0,0.0,0.0
112717862,455,1,opponent,56527.0,12,3,43,0,0,0,0,9,16,0,19,0,0,0,0,0,0,0,0,41,25.0,0.0,11.0,6.0,41.0,0.0,0.0,0.0,33.0,0.0,0.0,0.0,0.0,0.0,0.0,0.0,0.0
112717862,479,0,self,61646.0,11,3,43,0,0,6,0,6,8,0,26,0,0,0,0,8,0,0,0,47,25.0,0.0,11.0,6.0,43.0,0.0,4.0,0.0,33.0,0.0,0.0,0.0,0.0,0.0,0.0,0.0,0.0
112717862,479,1,opponent,61788.0,11,3,43,0,0,6,0,6,8,0,26,0,0,0,0,0,0,0,0,47,25.0,0.0,11.0,6.0,43.0,0.0,4.0,0.0,33.0,0.0,0.0,0.0,0.0,0.0,0.0,0.0,0.0
112717862,480,0,self,62688.0,0,3,43,0,0,0,0,6,12,0,26,0,0,0,0,8,0,0,0,88,25.0,0.0,11.0,6.0,43.0,0.0,12.0,9.0,33.0,24.0,0.0,0.0,0.0,0.0,0.0,0.0,0.0
112717862,480,1,opponent,62830.0,0,3,43,0,0,0,0,6,12,0,26,0,0,0,0,0,0,0,0,88,25.0,0.0,11.0,6.0,43.0,0.0,12.0,9.0,33.0,24.0,0.0,0.0,0.0,0.0,0.0,0.0,0.0
112717862,503,0,self,69413.0,12,3,26,0,0,0,0,9,8,0,16,0,0,0,0,8,0,0,0,49,25.0,0.0,11.0,6.0,45.0,0.0,4.0,0.0,33.0,0.0,0.0,0.0,0.0,0.0,0.0,0.0,0.0
112717862,503,1,opponent,69555.0,12,3,26,0,0,0,0,9,8,0,16,0,0,0,0,0,0,0,0,49,25.0,0.0,11.0,6.0,45.0,0.0,4.0,0.0,33.0,0.0,0.0,0.0,0.0,0.0,0.0,0.0,0.0
112717862,527,0,self,74306.0,11,3,34,0,0,11,0,9,4,0,17,0,0,0,0,8,0,0,0,65,30.0,0.0,11.0,6.0,47.0,0.0,16.0,0.0,28.0,2.0,0.0,0.0,0.0,0.0,0.0,0.0,0.0
112717862,527,1,opponent,74448.0,11,3,34,0,0,11,0,9,4,0,17,0,0,0,0,0,0,0,0,65,30.0,0.0,11.0,6.0,47.0,0.0,16.0,0.0,28.0,2.0,0.0,0.0,0.0,0.0,0.0,0.0,0.0
112717862,551,0,self,79007.0,12,3,29,0,0,0,0,6,12,0,17,0,0,0,0,8,0,0,0,53,31.0,0.0,11.0,6.0,49.0,0.0,4.0,0.0,27.0,0.0,0.0,0.0,0.0,0.0,0.0,0.0,0.0
112717862,551,1,opponent,79149.0,12,3,29,0,0,0,0,6,12,0,17,0,0,0,0,0,0,0,0,53,31.0,0.0,11.0,6.0,49.0,0.0,4.0,0.0,27.0,0.0,0.0,0.0,0.0,0.0,0.0,0.0,0.0
112717862,575,0,self,80050.0,12,3,37,0,0,20,0,9,12,0,16,0,0,0,0,8,0,0,0,67,38.0,0.0,11.0,6.0,66.0,0.0,0.0,0.0,20.0,1.0,0.0,0.0,0.0,0.0,0.0,0.0,0.0
112717862,575,1,opponent,80192.0,12,3,37,0,0,20,0,9,12,0,16,0,0,0,0,0,0,0,0,67,38.0,0.0,11.0,6.0,66.0,0.0,0.0,0.0,20.0,1.0,0.0,0.0,0.0,0.0,0.0,0.0,0.0
112717862,576,0,self,79465.0,0,3,42,0,0,18,0,9,8,0,23,0,0,0,0,8,0,0,0,98,38.0,0.0,11.0,6.0,66.0,0.0,16.0,9.0,20.0,7.0,0.0,0.0,0.0,0.0,0.0,0.0,0.0
112717862,576,1,opponent,79607.0,0,3,42,0,0,18,0,9,8,0,23,0,0,0,0,0,0,0,0,98,38.0,0.0,11.0,6.0,66.0,0.0,16.0,9.0,20.0,7.0,0.0,0.0,0.0,0.0,0.0,0.0,0.0
112717862,599,0,self,82387.0,12,3,44,0,0,5,0,9,7,0,17,0,0,0,0,8,0,0,0,68,41.0,0.0,11.0,6.0,66.0,0.0,0.0,0.0,17.0,2.0,0.0,0.0,0.0,0.0,0.0,0.0,0.0
112717862,599,1,opponent,82026.0,12,3,44,0,0,5,0,11,15,0,17,0,0,0,0,0,0,0,0,68,41.0,0.0,11.0,6.0,66.0,0.0,0.0,0.0,17.0,2.0,0.0,0.0,0.0,0.0,0.0,0.0,0.0
112717862,623,0,self,85397.0,12,3,59,0,0,13,0,9,3,0,16,0,0,0,0,0,0,0,0,78,31.0,0.0,11.0,6.0,59.0,0.0,0.0,0.0,13.0,5.0,0.0,0.0,14.0,14.0,0.0,0.0,0.0
112717862,623,1,opponent,84822.0,12,3,59,0,0,13,0,9,3,0,16,0,0,0,0,0,0,0,0,78,31.0,0.0,11.0,6.0,59.0,0.0,0.0,0.0,13.0,5.0,0.0,0.0,14.0,14.0,0.0,0.0,0.0
112717862,647,0,self,89147.0,12,3,60,0,0,0,0,6,8,0,17,0,0,0,0,0,0,0,0,86,19.0,0.0,11.0,6.0,57.0,0.0,0.0,3.0,13.0,0.0,0.0,0.0,26.0,26.0,0.0,0.0,0.0
112717862,647,1,opponent,88572.0,12,3,60,0,0,0,0,6,8,0,17,0,0,0,0,0,0,0,0,86,19.0,0.0,11.0,6.0,57.0,0.0,0.0,3.0,13.0,0.0,0.0,0.0,26.0,26.0,0.0,0.0,0.0
112717862,648,0,self,88607.0,0,3,75,0,0,0,0,9,0,0,16,0,0,0,0,0,0,0,0,140,19.0,0.0,11.0,6.0,61.0,0.0,18.0,9.0,13.0,26.0,0.0,0.0,26.0,26.0,0.0,0.0,0.0
112717862,648,1,opponent,88032.0,0,3,75,0,0,0,0,9,0,0,16,0,0,0,0,0,0,0,0,140,19.0,0.0,11.0,6.0,61.0,0.0,18.0,9.0,13.0,26.0,0.0,0.0,26.0,26.0,0.0,0.0,0.0
112717862,671,0,self,92524.0,11,3,67,1,0,20,0,3,15,0,6,0,0,0,0,0,0,0,0,80,17.0,0.0,11.0,6.0,40.0,0.0,0.0,3.0,4.0,0.0,0.0,0.0,27.0,37.0,0.0,0.0,0.0
112717862,671,1,opponent,91949.0,11,3,67,1,0,20,0,3,15,0,6,0,0,0,0,0,0,0,0,80,17.0,0.0,11.0,6.0,40.0,0.0,0.0,3.0,4.0,0.0,0.0,0.0,27.0,37.0,0.0,0.0,0.0
112717862,695,0,self,98461.0,11,3,48,31,0,0,0,1,0,0,8,0,0,0,0,0,0,0,0,45,9.0,0.0,11.0,6.0,11.0,0.0,0.0,3.0,0.0,0.0,0.0,0.0,14.0,31.0,0.0,0.0,0.0
112717862,695,1,opponent,97112.0,11,3,48,31,0,0,0,1,0,0,8,0,0,0,0,0,0,0,0,45,9.0,0.0,11.0,6.0,11.0,0.0,0.0,3.0,0.0,0.0,0.0,0.0,14.0,31.0,0.0,0.0,0.0
112717862,696,0,self,98814.0,0,3,42,34,0,0,0,1,0,0,6,0,0,0,0,0,0,0,0,59,8.0,0.0,11.0,6.0,8.0,0.0,10.0,12.0,0.0,0.0,0.0,0.0,13.0,29.0,0.0,0.0,0.0
112717862,696,1,opponent,97465.0,0,3,42,34,0,0,0,1,0,0,6,0,0,0,0,0,0,0,0,59,8.0,0.0,11.0,6.0,8.0,0.0,10.0,12.0,0.0,0.0,0.0,0.0,13.0,29.0,2.0,0.0,0.0
112717862,719,0,self,104632.0,11,3,0,0,0,0,0,0,0,0,0,0,0,0,0,0,0,0,0,0,0.0,0.0,11.0,6.0,0.0,0.0,0.0,0.0,0.0,0.0,0.0,0.0,0.0,0.0,0.0,0.0,0.0
112717862,719,1,opponent,103281.0,11,3,0,0,0,0,0,0,0,0,0,0,0,0,0,0,0,0,0,0,0.0,0.0,11.0,6.0,0.0,0.0,0.0,0.0,0.0,0.0,0.0,0.0,0.0,0.0,1.0,0.0,0.0
112719043,0,0,opponent,3000.0,0,1,0,0,0,0,0,0,0,0,0,0,0,0,0,0,0,0,0,0,0.0,0.0,0.0,0.0,0.0,0.0,0.0,0.0,0.0,0.0,0.0,0.0,0.0,0.0,0.0,0.0,0.0
112719043,0,1,self,3000.0,0,1,0,0,0,0,0,0,0,0,0,0,0,0,0,0,0,0,0,0,0.0,0.0,0.0,0.0,0.0,0.0,0.0,0.0,0.0,0.0,0.0,0.0,0.0,0.0,0.0,0.0,0.0
112719043,23,0,opponent,8.0,5,1,3,0,0,0,0,0,0,0,0,0,0,0,0,0,0,0,0,20,8.0,12.0,2.0,2.0,8.0,12.0,0.0,0.0,0.0,0.0,0.0,0.0,0.0,0.0,0.0,0.0,0.0
112719043,23,1,self,16.0,5,1,3,0,0,0,0,0,0,0,0,0,0,0,0,0,0,0,0,20,8.0,12.0,2.0,2.0,8.0,12.0,0.0,0.0,0.0,0.0,0.0,0.0,0.0,0.0,0.0,0.0,0.0
112719043,24,0,opponent,8.0,0,1,3,0,0,0,0,0,0,0,0,0,0,0,0,0,0,0,0,20,8.0,12.0,2.0,2.0,8.0,12.0,0.0,0.0,0.0,0.0,0.0,0.0,0.0,0.0,0.0,0.0,0.0
112719043,24,1,self,16.0,0,1,3,0,0,0,0,0,0,0,0,0,0,0,0,0,0,0,0,20,8.0,12.0,2.0,2.0,8.0,12.0,0.0,0.0,0.0,0.0,0.0,0.0,0.0,0.0,0.0,0.0,0.0
112719043,47,0,opponent,97.0,3,1,6,0,0,0,0,0,0,0,1,0,0,0,0,0,0,0,0,20,8.0,12.0,2.0,2.0,8.0,12.0,0.0,0.0,0.0,0.0,0.0,0.0,0.0,0.0,0.0,0.0,0.0
112719043,47,1,self,105.0,3,1,6,0,0,0,0,0,0,0,1,0,0,0,0,0,0,0,0,20,8.0,12.0,2.0,2.0,8.0,12.0,0.0,0.0,0.0,0.0,0.0,0.0,0.0,0.0,0.0,0.0,0.0
112719043,71,0,opponent,210.0,4,1,6,0,0,0,0,0,0,0,0,0,0,0,0,0,0,0,0,25,8.0,12.0,2.0,3.0,13.0,12.0,0.0,0.0,0.0,0.0,0.0,0.0,0.0,0.0,0.0,0.0,0.0
112719043,71,1,self,218.0,4,1,6,0,0,0,0,0,0,0,0,0,0,0,0,0,0,0,0,25,8.0,12.0,2.0,3.0,13.0,12.0,0.0,0.0,0.0,0.0,0.0,0.0,0.0,0.0,0.0,0.0,0.0
112719043,72,0,opponent,210.0,0,1,6,0,0,0,0,0,0,0,0,0,0,0,0,0,0,0,0,25,8.0,12.0,2.0,3.0,13.0,12.0,0.0,0.0,0.0,0.0,0.0,0.0,0.0,0.0,0.0,0.0,0.0
112719043,72,1,self,218.0,0,1,6,0,0,0,0,0,0,0,0,0,0,0,0,0,0,0,0,25,8.0,12.0,2.0,3.0,13.0,12.0,0.0,0.0,0.0,0.0,0.0,0.0,0.0,0.0,0.0,0.0,0.0
112719043,95,0,opponent,353.0,5,1,11,0,0,0,0,0,0,0,1,1,0,0,0,0,0,0,0,19,7.0,12.0,2.0,3.0,7.0,12.0,0.0,0.0,0.0,0.0,0.0,0.0,0.0,0.0,0.0,0.0,0.0
112719043,95,1,self,271.0,5,1,14,0,0,0,0,0,0,0,1,1,0,0,0,0,0,0,0,19,7.0,12.0,2.0,3.0,7.0,12.0,0.0,0.0,0.0,0.0,0.0,0.0,0.0,0.0,0.0,0.0,0.0
112719043,119,0,opponent,760.0,4,1,16,0,0,0,0,0,0,0,1,0,0,0,0,0,0,0,0,19,7.0,12.0,2.0,4.0,7.0,12.0,0.0,0.0,0.0,0.0,0.0,0.0,0.0,0.0,0.0,0.0,0.0
112719043,119,1,self,678.0,4,1,19,0,0,0,0,0,0,0,1,0,0,0,0,0,0,0,0,19,7.0,12.0,2.0,4.0,7.0,12.0,0.0,0.0,0.0,0.0,0.0,0.0,0.0,0.0,0.0,0.0,0.0
112719043,143,0,opponent,875.0,4,1,16,0,0,0,0,0,0,0,2,0,0,0,0,0,0,0,0,15,3.0,12.0,2.0,4.0,3.0,12.0,0.0,0.0,4.0,0.0,0.0,0.0,0.0,0.0,0.0,0.0,0.0
112719043,143,1,self,793.0,4,1,19,0,0,0,0,0,0,0,2,0,0,0,0,0,0,0,0,15,3.0,12.0,2.0,4.0,3.0,12.0,0.0,0.0,4.0,0.0,0.0,0.0,0.0,0.0,0.0,0.0,0.0
112719043,144,0,opponent,875.0,0,1,16,0,0,0,0,0,0,0,2,0,0,0,0,0,0,0,0,27,3.0,12.0,2.0,4.0,3.0,12.0,12.0,0.0,4.0,0.0,0.0,0.0,0.0,0.0,0.0,0.0,0.0
112719043,144,1,self,793.0,0,1,19,0,0,0,0,0,0,0,2,0,0,0,0,0,0,0,0,27,3.0,12.0,2.0,4.0,3.0,12.0,12.0,0.0,4.0,0.0,0.0,0.0,0.0,0.0,0.0,0.0,0.0
112719043,167,0,opponent,1202.0,7,2,13,0,0,0,0,0,0,0,1,0,0,0,0,0,0,0,0,30,6.0,12.0,2.0,6.0,7.0,23.0,0.0,0.0,12.0,0.0,0.0,0.0,0.0,0.0,0.0,0.0,0.0
112719043,167,1,self,741.0,7,2,16,0,0,0,0,0,2,0,1,0,0,0,0,0,0,0,0,30,6.0,12.0,2.0,6.0,7.0,23.0,0.0,0.0,12.0,0.0,0.0,0.0,0.0,0.0,0.0,0.0,0.0
112719043,191,0,opponent,558.0,7,2,10,0,0,0,0,0,0,0,1,0,0,0,0,0,0,0,0,45,9.0,12.0,2.0,8.0,9.0,36.0,0.0,0.0,16.0,0.0,0.0,0.0,0.0,0.0,0.0,0.0,0.0
112719043,191,1,self,473.0,7,2,13,0,0,0,0,0,0,0,1,0,0,0,0,0,0,0,0,45,9.0,12.0,2.0,8.0,9.0,36.0,0.0,0.0,16.0,0.0,0.0,0.0,0.0,0.0,0.0,0.0,0.0
112719043,192,0,opponent,558.0,0,2,10,0,0,0,0,0,0,0,1,0,0,0,0,0,0,0,0,57,9.0,12.0,2.0,8.0,9.0,36.0,0.0,12.0,16.0,0.0,0.0,0.0,0.0,0.0,0.0,0.0,0.0
112719043,192,1,self,473.0,0,2,13,0,0,0,0,0,0,0,1,0,0,0,0,0,0,0,0,57,9.0,12.0,2.0,8.0,9.0,36.0,0.0,12.0,16.0,0.0,0.0,0.0,0.0,0.0,0.0,0.0,0.0
112719043,215,0,opponent,1339.0,8,2,29,0,0,0,0,0,0,0,3,0,0,0,0,0,0,0,0,52,5.0,12.0,4.0,8.0,5.0,47.0,0.0,0.0,20.0,0.0,0.0,0.0,0.0,0.0,0.0,0.0,0.0
112719043,215,1,self,1254.0,8,2,32,0,0,0,0,0,0,0,3,0,0,0,0,0,0,0,0,52,5.0,12.0,4.0,8.0,5.0,47.0,0.0,0.0,20.0,0.0,0.0,0.0,0.0,0.0,0.0,0.0,0.0
112719043,239,0,opponent,2225.0,8,2,37,0,0,0,0,0,0,0,1,0,1,0,0,0,0,0,0,64,5.0,12.0,5.0,8.0,5.0,59.0,0.0,0.0,20.0,0.0,0.0,0.0,0.0,0.0,0.0,0.0,0.0
112719043,239,1,self,2140.0,8,2,40,0,0,0,0,0,0,0,1,0,1,0,0,0,0,0,0,64,5.0,12.0,5.0,8.0,5.0,59.0,0.0,0.0,20.0,0.0,0.0,0.0,0.0,0.0,0.0,0.0,0.0
112719043,240,0,opponent,2225.0,0,2,37,0,0,0,0,0,0,0,1,0,1,0,0,0,0,0,0,77,5.0,12.0,5.0,8.0,5.0,60.0,0.0,12.0,20.0,0.0,0.0,0.0,0.0,0.0,0.0,0.0,0.0
112719043,240,1,self,2140.0,0,2,40,0,0,0,0,0,0,0,1,0,1,0,0,0,0,0,0,77,5.0,12.0,5.0,8.0,5.0,60.0,0.0,12.0,20.0,0.0,0.0,0.0,0.0,0.0,0.0,0.0,0.0
112719043,263,0,opponent,15684.0,11,2,42,0,0,0,12,0,0,0,11,0,0,0,0,0,0,0,0,13,12.0,0.0,6.0,8.0,13.0,0.0,0.0,0.0,20.0,0.0,2.0,0.0,0.0,0.0,0.0,0.0,0.0
112719043,263,1,self,15717.0,11,2,42,0,0,0,12,0,0,0,11,0,0,0,0,0,0,0,0,13,12.0,0.0,6.0,8.0,13.0,0.0,0.0,0.0,20.0,0.0,2.0,0.0,0.0,0.0,0.0,0.0,0.0
112719043,287,0,opponent,14780.0,10,3,37,0,0,0,0,0,0,0,15,0,0,0,0,0,0,0,0,24,21.0,0.0,6.0,8.0,24.0,0.0,0.0,0.0,33.0,0.0,3.0,0.0,0.0,0.0,0.0,0.0,0.0
112719043,287,1,self,14813.0,10,3,37,0,0,0,0,0,0,0,15,0,0,0,0,0,0,0,0,24,21.0,0.0,6.0,8.0,24.0,0.0,0.0,0.0,33.0,0.0,3.0,0.0,0.0,0.0,0.0,0.0,0.0
112719043,288,0,opponent,14780.0,0,3,39,0,0,0,0,0,0,0,16,0,0,0,0,0,0,0,0,39,20.0,0.0,6.0,8.0,22.0,0.0,8.0,9.0,33.0,0.0,3.0,0.0,0.0,0.0,0.0,0.0,0.0
112719043,288,1,self,14813.0,0,3,39,0,0,0,0,0,0,0,16,0,0,0,0,0,0,0,0,39,20.0,0.0,6.0,8.0,22.0,0.0,8.0,9.0,33.0,0.0,3.0,0.0,0.0,0.0,0.0,0.0,0.0
112719043,311,0,opponent,18260.0,9,3,14,0,0,0,0,0,0,0,17,0,0,0,0,0,0,0,0,30,24.0,0.0,6.0,8.0,27.0,0.0,0.0,3.0,33.0,0.0,3.0,0.0,0.0,0.0,0.0,0.0,0.0
112719043,311,1,self,18293.0,9,3,14,0,0,0,0,0,0,0,17,0,0,0,0,0,0,0,0,30,24.0,0.0,6.0,8.0,27.0,0.0,0.0,3.0,33.0,0.0,3.0,0.0,0.0,0.0,0.0,0.0,0.0
112719043,335,0,opponent,19787.0,9,3,16,0,0,0,0,0,0,0,14,0,0,0,0,0,0,0,0,32,24.0,0.0,6.0,8.0,32.0,0.0,0.0,0.0,33.0,0.0,3.0,0.0,0.0,0.0,0.0,0.0,0.0
112719043,335,1,self,19820.0,9,3,16,0,0,0,0,0,0,0,14,0,0,0,0,0,0,0,0,32,24.0,0.0,6.0,8.0,32.0,0.0,0.0,0.0,33.0,0.0,3.0,0.0,0.0,0.0,0.0,0.0,0.0
112719043,359,0,opponent,21771.0,9,3,24,0,0,0,0,6,0,8,20,0,0,0,0,0,0,0,0,38,24.0,0.0,6.0,8.0,38.0,0.0,0.0,0.0,33.0,0.0,3.0,0.0,0.0,0.0,0.0,0.0,0.0
112719043,359,1,self,21783.0,9,3,24,0,0,0,0,6,3,8,20,0,0,0,0,0,0,0,0,38,24.0,0.0,6.0,8.0,38.0,0.0,0.0,0.0,33.0,0.0,3.0,0.0,0.0,0.0,0.0,0.0,0.0
112719043,360,0,opponent,22149.0,0,3,24,0,0,0,0,6,0,8,15,0,0,0,0,0,0,0,0,82,24.0,0.0,6.0,8.0,40.0,0.0,11.0,15.0,33.0,8.0,3.0,8.0,0.0,0.0,0.0,0.0,0.0
112719043,360,1,self,22164.0,0,3,24,0,0,0,0,6,0,8,15,0,0,0,0,0,0,0,0,82,24.0,0.0,6.0,8.0,40.0,0.0,11.0,15.0,33.0,8.0,3.0,8.0,0.0,0.0,0.0,0.0,0.0
112719043,383,0,opponent,25645.0,10,3,25,0,0,0,0,0,11,8,11,0,0,0,1,0,0,0,0,40,24.0,0.0,6.0,8.0,38.0,0.0,0.0,0.0,33.0,0.0,3.0,2.0,0.0,0.0,0.0,0.0,0.0
112719043,383,1,self,25565.0,10,3,25,0,0,0,0,0,11,10,11,0,0,0,1,0,0,0,0,40,24.0,0.0,6.0,8.0,38.0,0.0,0.0,0.0,33.0,0.0,3.0,2.0,0.0,0.0,0.0,0.0,0.0
112719043,407,0,opponent,30423.0,11,3,42,0,0,0,0,3,0,7,11,0,0,0,1,0,0,0,0,38,25.0,0.0,6.0,8.0,36.0,0.0,0.0,0.0,33.0,0.0,3.0,2.0,0.0,0.0,0.0,0.0,0.0
112719043,407,1,self,30037.0,11,3,42,0,0,0,0,3,0,15,11,0,0,0,1,0,0,0,0,38,25.0,0.0,6.0,8.0,36.0,0.0,0.0,0.0,33.0,0.0,3.0,2.0,0.0,0.0,0.0,0.0,0.0
112719043,431,0,opponent,34731.0,11,3,44,0,0,0,0,3,6,6,15,0,0,0,1,0,0,0,0,38,25.0,0.0,6.0,8.0,36.0,0.0,0.0,0.0,33.0,0.0,3.0,2.0,0.0,0.0,0.0,0.0,0.0
112719043,431,1,self,34178.0,11,3,44,0,0,0,0,3,6,15,15,0,0,0,1,8,0,0,0,38,24.0,0.0,6.0,8.0,35.0,0.0,0.0,0.0,33.0,0.0,3.0,2.0,1.0,1.0,0.0,0.0,0.0
112719043,432,0,opponent,34912.0,0,3,44,0,0,0,0,3,6,2,16,0,0,0,1,0,0,0,0,86,25.0,0.0,6.0,8.0,38.0,0.0,8.0,8.0,33.0,24.0,3.0,8.0,0.0,0.0,0.0,0.0,0.0
112719043,432,1,self,34359.0,0,3,44,0,0,0,0,3,6,11,16,0,0,0,1,8,0,0,0,86,24.0,0.0,6.0,8.0,37.0,0.0,8.0,8.0,33.0,24.0,3.0,8.0,1.0,1.0,0.0,0.0,0.0
112719043,455,0,opponent,39983.0,11,3,45,0,0,6,0,4,3,4,14,0,0,0,1,0,0,0,0,48,25.0,0.0,6.0,8.0,38.0,0.0,3.0,1.0,33.0,2.0,3.0,4.0,0.0,0.0,0.0,0.0,0.0
112719043,455,1,self,39203.0,11,3,45,0,0,6,0,4,3,15,14,0,0,0,2,8,0,0,0,48,23.0,0.0,6.0,8.0,36.0,0.0,3.0,1.0,33.0,2.0,3.0,4.0,2.0,2.0,0.0,0.0,0.0
112719043,479,0,opponent,44823.0,10,3,46,0,0,6,0,2,3,10,13,0,0,0,1,8,0,0,0,40,25.0,0.0,6.0,8.0,40.0,0.0,0.0,0.0,33.0,0.0,3.0,0.0,0.0,0.0,0.0,0.0,0.0
112719043,479,1,self,44075.0,10,3,46,0,0,6,0,2,5,15,14,0,0,0,1,8,0,0,0,44,23.0,0.0,6.0,8.0,37.0,0.0,0.0,0.0,33.0,0.0,3.0,4.0,2.0,3.0,0.0,0.0,0.0
112719043,480,0,opponent,44823.0,0,3,46,0,0,6,0,2,3,10,13,0,0,0,1,8,0,0,0,89,25.0,0.0,6.0,8.0,43.0,0.0,8.0,8.0,33.0,24.0,3.0,6.0,0.0,0.0,0.0,0.0,0.0
112719043,480,1,self,44266.0,0,3,46,0,0,6,0,2,3,15,14,0,0,0,1,8,0,0,0,91,23.0,0.0,6.0,8.0,40.0,0.0,8.0,8.0,33.0,24.0,3.0,8.0,2.0,3.0,0.0,0.0,0.0
112719043,503,0,opponent,50923.0,11,3,50,0,0,4,0,4,4,4,13,0,0,0,1,8,0,0,0,50,24.0,0.0,6.0,8.0,42.0,0.0,4.0,1.0,33.0,0.0,3.0,2.0,1.0,1.0,0.0,0.0,0.0
112719043,503,1,self,50477.0,11,3,41,3,0,4,0,4,4,14,13,0,0,0,1,8,0,0,0,50,23.0,0.0,6.0,8.0,41.0,0.0,4.0,1.0,33.0,0.0,3.0,2.0,2.0,2.0,0.0,0.0,0.0
112719043,527,0,opponent,57830.0,11,3,50,0,0,12,0,5,0,4,16,0,0,0,1,8,0,0,0,67,24.0,0.0,6.0,8.0,42.0,0.0,12.0,1.0,28.0,2.0,3.0,4.0,6.0,6.0,0.0,0.0,0.0
112719043,527,1,self,57743.0,11,3,41,0,0,12,0,5,0,10,16,0,0,0,1,8,0,0,0,67,23.0,0.0,6.0,8.0,39.0,0.0,12.0,1.0,28.0,2.0,3.0,4.0,7.0,9.0,0.0,0.0,0.0
112719043,551,0,opponent,63301.0,11,3,44,0,0,10,0,5,4,4,14,0,0,0,3,8,0,0,0,61,21.0,0.0,6.0,8.0,37.0,0.0,4.0,1.0,27.0,2.0,3.0,6.0,10.0,11.0,0.0,0.0,0.0
112719043,551,1,self,63160.0,11,3,31,0,0,10,0,5,4,10,14,0,0,0,3,8,0,0,0,61,21.0,0.0,6.0,8.0,37.0,0.0,4.0,1.0,27.0,2.0,3.0,6.0,10.0,11.0,0.0,0.0,0.0
112719043,575,0,opponent,68388.0,11,3,32,3,0,17,0,3,8,4,17,0,0,0,5,8,0,0,0,73,21.0,0.0,6.0,8.0,41.0,0.0,0.0,3.0,20.0,5.0,3.0,2.0,17.0,22.0,0.0,0.0,0.0
112719043,575,1,self,67735.0,11,3,29,3,0,17,0,3,8,4,17,0,0,0,5,8,0,0,0,73,23.0,0.0,6.0,8.0,43.0,0.0,0.0,3.0,20.0,5.0,3.0,2.0,15.0,20.0,0.0,0.0,0.0
112719043,576,0,opponent,68388.0,0,3,32,3,0,22,0,5,8,4,17,0,0,0,5,8,0,0,0,104,21.0,0.0,6.0,8.0,46.0,0.0,12.0,10.0,20.0,6.0,3.0,8.0,17.0,22.0,0.0,0.0,0.0
112719043,576,1,self,67735.0,0,3,29,3,0,22,0,5,8,4,17,0,0,0,5,8,0,0,0,104,23.0,0.0,6.0,8.0,48.0,0.0,12.0,10.0,20.0,6.0,3.0,8.0,15.0,20.0,0.0,0.0,0.0
112719043,599,0,opponent,72434.0,11,3,29,16,0,6,0,10,4,6,16,0,0,0,2,8,0,0,0,72,24.0,0.0,6.0,8.0,52.0,0.0,0.0,0.0,17.0,0.0,3.0,2.0,17.0,18.0,0.0,0.0,0.0
112719043,599,1,self,71106.0,11,3,29,16,0,6,0,10,9,6,16,0,0,0,2,8,0,0,0,72,26.0,0.0,6.0,8.0,54.0,0.0,0.0,0.0,17.0,0.0,3.0,2.0,15.0,16.0,0.0,0.0,0.0
112719043,623,0,opponent,75172.0,11,3,41,12,0,21,0,4,4,4,15,0,0,0,2,8,0,0,0,83,18.0,0.0,6.0,8.0,43.0,0.0,0.0,2.0,13.0,0.0,3.0,1.0,27.0,37.0,0.0,0.0,0.0
112719043,623,1,self,73837.0,11,3,41,12,0,21,0,4,4,4,15,0,0,0,2,8,0,0,0,83,20.0,0.0,6.0,8.0,48.0,0.0,0.0,2.0,13.0,0.0,3.0,1.0,25.0,32.0,0.0,0.0,0.0
112719043,647,0,opponent,78988.0,11,3,28,28,0,0,0,6,7,2,16,0,0,0,2,2,0,0,0,81,14.0,0.0,6.0,8.0,40.0,0.0,0.0,3.0,13.0,0.0,3.0,3.0,31.0,35.0,0.0,0.0,0.0
112719043,647,1,self,77526.0,11,3,36,21,0,0,0,6,7,2,16,0,0,0,2,8,0,0,0,81,14.0,0.0,6.0,8.0,40.0,0.0,0.0,3.0,13.0,0.0,3.0,3.0,31.0,35.0,0.0,0.0,0.0
112719043,648,0,opponent,78988.0,0,3,28,28,0,0,0,6,7,2,17,0,0,0,2,2,0,0,0,134,14.0,0.0,6.0,8.0,44.0,0.0,10.0,9.0,13.0,26.0,2.0,6.0,31.0,39.0,0.0,0.0,0.0
112719043,648,1,self,77526.0,0,3,36,21,0,0,0,6,7,2,17,0,0,0,2,8,0,0,0,134,14.0,0.0,6.0,8.0,44.0,0.0,10.0,9.0,13.0,26.0,2.0,6.0,31.0,39.0,0.0,0.0,0.0
112719043,671,0,opponent,82521.0,11,3,37,15,0,20,0,4,10,0,8,0,0,0,2,0,0,0,0,85,11.0,0.0,6.0,8.0,27.0,0.0,0.0,2.0,4.0,0.0,2.0,6.0,33.0,50.0,0.0,0.0,0.0
112719043,671,1,self,81074.0,11,3,37,15,0,20,0,4,10,4,8,0,0,0,5,0,0,0,0,81,8.0,0.0,6.0,8.0,24.0,0.0,0.0,2.0,4.0,0.0,2.0,2.0,36.0,53.0,0.0,0.0,0.0
112719043,695,0,opponent,88102.0,12,3,37,36,0,0,0,0,0,4,8,0,0,0,2,0,0,0,0,49,4.0,0.0,6.0,8.0,6.0,0.0,0.0,5.0,0.0,0.0,2.0,0.0,19.0,38.0,0.0,0.0,0.0
112719043,695,1,self,85839.0,12,3,37,36,0,4,0,0,0,2,8,0,0,0,5,0,0,0,0,49,1.0,0.0,6.0,8.0,3.0,0.0,0.0,5.0,0.0,0.0,2.0,0.0,22.0,41.0,0.0,0.0,0.0
112719043,696,0,opponent,88329.0,0,3,35,39,0,0,0,0,0,4,6,0,0,0,2,0,0,0,0,61,3.0,0.0,6.0,8.0,3.0,0.0,8.0,11.0,0.0,0.0,2.0,3.0,18.0,36.0,0.0,0.0,0.0
112719043,696,1,self,86066.0,0,3,35,39,0,4,0,0,0,2,6,0,0,0,5,0,0,0,0,61,0.0,0.0,6.0,8.0,0.0,0.0,8.0,11.0,0.0,0.0,2.0,3.0,21.0,39.0,0.0,0.0,0.0
112719043,719,0,opponent,96549.0,11,3,0,0,0,0,0,0,0,0,0,0,0,0,2,0,0,0,0,0,0.0,0.0,6.0,8.0,0.0,0.0,0.0,0.0,0.0,0.0,2.0,0.0,0.0,0.0,0.0,0.0,0.0
112719043,719,1,self,94796.0,11,3,0,0,0,0,0,0,0,0,0,0,0,0,5,0,0,0,0,0,0.0,0.0,6.0,8.0,0.0,0.0,0.0,0.0,0.0,0.0,2.0,0.0,0.0,0.0,0.0,0.0,0.0
112720203,0,0,opponent,3000.0,0,1,0,0,0,0,0,0,0,0,0,0,0,0,0,0,0,0,0,0,0.0,0.0,0.0,0.0,0.0,0.0,0.0,0.0,0.0,0.0,0.0,0.0,0.0,0.0,0.0,0.0,0.0
112720203,0,1,self,3000.0,0,1,0,0,0,0,0,0,0,0,0,0,0,0,0,0,0,0,0,0,0.0,0.0,0.0,0.0,0.0,0.0,0.0,0.0,0.0,0.0,0.0,0.0,0.0,0.0,0.0,0.0,0.0
112720203,23,0,opponent,8.0,5,1,3,0,0,0,0,0,0,0,0,0,0,0,0,0,0,0,0,20,8.0,12.0,2.0,2.0,8.0,12.0,0.0,0.0,0.0,0.0,0.0,0.0,0.0,0.0,0.0,0.0,0.0
112720203,23,1,self,16.0,5,1,3,0,0,0,0,0,0,0,0,0,0,0,0,0,0,0,0,20,8.0,12.0,2.0,2.0,8.0,12.0,0.0,0.0,0.0,0.0,0.0,0.0,0.0,0.0,0.0,0.0,0.0
112720203,24,0,opponent,8.0,0,1,3,0,0,0,0,0,0,0,0,0,0,0,0,0,0,0,0,20,8.0,12.0,2.0,2.0,8.0,12.0,0.0,0.0,0.0,0.0,0.0,0.0,0.0,0.0,0.0,0.0,0.0
112720203,24,1,self,16.0,0,1,3,0,0,0,0,0,0,0,0,0,0,0,0,0,0,0,0,20,8.0,12.0,2.0,2.0,8.0,12.0,0.0,0.0,0.0,0.0,0.0,0.0,0.0,0.0,0.0,0.0,0.0
112720203,47,0,opponent,97.0,3,1,6,0,0,0,0,0,0,0,1,0,0,0,0,0,0,0,0,20,8.0,12.0,2.0,2.0,8.0,12.0,0.0,0.0,0.0,0.0,0.0,0.0,0.0,0.0,0.0,0.0,0.0
112720203,47,1,self,105.0,3,1,6,0,0,0,0,0,0,0,1,0,0,0,0,0,0,0,0,20,8.0,12.0,2.0,2.0,8.0,12.0,0.0,0.0,0.0,0.0,0.0,0.0,0.0,0.0,0.0,0.0,0.0
112720203,71,0,opponent,210.0,4,1,6,0,0,0,0,0,0,0,0,0,0,0,0,0,0,0,0,25,8.0,12.0,2.0,3.0,13.0,12.0,0.0,0.0,0.0,0.0,0.0,0.0,0.0,0.0,0.0,0.0,0.0
112720203,71,1,self,218.0,4,1,6,0,0,0,0,0,0,0,0,0,0,0,0,0,0,0,0,25,8.0,12.0,2.0,3.0,13.0,12.0,0.0,0.0,0.0,0.0,0.0,0.0,0.0,0.0,0.0,0.0,0.0
112720203,72,0,opponent,210.0,0,1,6,0,0,0,0,0,0,0,0,0,0,0,0,0,0,0,0,25,8.0,12.0,2.0,3.0,13.0,12.0,0.0,0.0,0.0,0.0,0.0,0.0,0.0,0.0,0.0,0.0,0.0
112720203,72,1,self,218.0,0,1,6,0,0,0,0,0,0,0,0,0,0,0,0,0,0,0,0,25,8.0,12.0,2.0,3.0,13.0,12.0,0.0,0.0,0.0,0.0,0.0,0.0,0.0,0.0,0.0,0.0,0.0
112720203,95,0,opponent,263.0,5,1,14,0,0,0,0,0,0,0,1,1,0,0,0,0,0,0,0,19,7.0,12.0,2.0,3.0,7.0,12.0,0.0,0.0,0.0,0.0,0.0,0.0,0.0,0.0,0.0,0.0,0.0
112720203,95,1,self,271.0,5,1,14,0,0,0,0,0,0,0,1,1,0,0,0,0,0,0,0,19,7.0,12.0,2.0,3.0,7.0,12.0,0.0,0.0,0.0,0.0,0.0,0.0,0.0,0.0,0.0,0.0,0.0
112720203,119,0,opponent,668.0,4,1,19,0,0,0,0,0,0,0,1,0,0,0,0,0,0,0,0,19,7.0,12.0,2.0,4.0,7.0,12.0,0.0,0.0,0.0,0.0,0.0,0.0,0.0,0.0,0.0,0.0,0.0
112720203,119,1,self,676.0,4,1,19,0,0,0,0,0,0,0,1,0,0,0,0,0,0,0,0,19,7.0,12.0,2.0,4.0,7.0,12.0,0.0,0.0,0.0,0.0,0.0,0.0,0.0,0.0,0.0,0.0,0.0
112720203,143,0,opponent,783.0,4,1,19,0,0,0,0,0,0,0,2,0,0,0,0,0,0,0,0,15,3.0,12.0,2.0,4.0,3.0,12.0,0.0,0.0,4.0,0.0,0.0,0.0,0.0,0.0,0.0,0.0,0.0
112720203,143,1,self,791.0,4,1,19,0,0,0,0,0,0,0,2,0,0,0,0,0,0,0,0,15,3.0,12.0,2.0,4.0,3.0,12.0,0.0,0.0,4.0,0.0,0.0,0.0,0.0,0.0,0.0,0.0,0.0
112720203,144,0,opponent,783.0,0,1,19,0,0,0,0,0,0,0,2,0,0,0,0,0,0,0,0,27,3.0,12.0,2.0,4.0,3.0,12.0,12.0,0.0,4.0,0.0,0.0,0.0,0.0,0.0,0.0,0.0,0.0
112720203,144,1,self,791.0,0,1,19,0,0,0,0,0,0,0,2,0,0,0,0,0,0,0,0,27,3.0,12.0,2.0,4.0,3.0,12.0,12.0,0.0,4.0,0.0,0.0,0.0,0.0,0.0,0.0,0.0,0.0
112720203,167,0,opponent,1107.0,7,2,16,0,0,0,0,0,0,0,1,0,0,0,0,0,0,0,0,30,6.0,12.0,2.0,6.0,7.0,23.0,0.0,0.0,12.0,0.0,0.0,0.0,0.0,0.0,0.0,0.0,0.0
112720203,167,1,self,1115.0,7,2,16,0,0,0,0,0,0,0,1,0,0,0,0,0,0,0,0,30,6.0,12.0,2.0,6.0,7.0,23.0,0.0,0.0,12.0,0.0,0.0,0.0,0.0,0.0,0.0,0.0,0.0
112720203,191,0,opponent,463.0,7,2,13,0,0,0,0,0,0,0,1,0,0,0,0,0,0,0,0,45,9.0,12.0,2.0,8.0,9.0,36.0,0.0,0.0,16.0,0.0,0.0,0.0,0.0,0.0,0.0,0.0,0.0
112720203,191,1,self,535.0,7,2,11,0,0,0,0,0,0,0,1,0,0,0,1,0,0,0,0,44,8.0,12.0,2.0,8.0,8.0,36.0,0.0,0.0,16.0,0.0,0.0,0.0,0.0,0.0,0.0,0.0,0.0
112720203,192,0,opponent,463.0,0,2,13,0,0,0,0,0,0,0,1,0,0,0,0,0,0,0,0,57,9.0,12.0,2.0,8.0,9.0,36.0,0.0,12.0,16.0,0.0,0.0,0.0,0.0,0.0,0.0,0.0,0.0
112720203,192,1,self,535.0,0,2,11,0,0,0,0,0,0,0,1,0,0,0,0,0,0,0,0,57,9.0,12.0,2.0,8.0,9.0,36.0,0.0,12.0,16.0,0.0,0.0,0.0,0.0,0.0,0.0,0.0,0.0
112720203,215,0,opponent,1616.0,8,2,32,0,0,0,0,0,0,0,3,0,0,0,0,0,0,0,0,52,5.0,12.0,4.0,8.0,5.0,47.0,0.0,0.0,20.0,0.0,0.0,0.0,0.0,0.0,0.0,0.0,0.0
112720203,215,1,self,1754.0,8,2,28,0,0,0,0,0,0,0,3,0,0,0,0,0,0,0,0,52,5.0,12.0,4.0,8.0,5.0,47.0,0.0,0.0,20.0,0.0,0.0,0.0,0.0,0.0,0.0,0.0,0.0
112720203,239,0,opponent,2611.0,8,2,40,0,0,0,0,0,0,0,1,0,1,0,0,0,0,0,0,64,5.0,12.0,4.0,9.0,5.0,59.0,0.0,0.0,20.0,0.0,0.0,0.0,0.0,0.0,0.0,0.0,0.0
112720203,239,1,self,2749.0,8,2,36,0,0,0,0,0,0,0,1,0,1,0,0,0,0,0,0,64,5.0,12.0,4.0,9.0,5.0,59.0,0.0,0.0,20.0,0.0,0.0,0.0,0.0,0.0,0.0,0.0,0.0
112720203,240,0,opponent,2611.0,0,2,40,0,0,0,0,0,0,0,1,0,1,0,0,0,0,0,0,77,5.0,12.0,4.0,9.0,5.0,60.0,0.0,12.0,20.0,0.0,0.0,0.0,0.0,0.0,0.0,0.0,0.0
112720203,240,1,self,2749.0,0,2,36,0,0,0,0,0,0,0,1,0,1,0,0,0,0,0,0,77,5.0,12.0,4.0,9.0,5.0,60.0,0.0,12.0,20.0,0.0,0.0,0.0,0.0,0.0,0.0,0.0,0.0
112720203,263,0,opponent,16655.0,11,2,42,0,0,0,12,0,0,0,11,0,0,0,0,0,0,0,0,13,12.0,0.0,5.0,11.0,13.0,0.0,0.0,0.0,20.0,0.0,0.0,0.0,0.0,0.0,0.0,0.0,0.0
112720203,263,1,self,16637.0,11,2,42,0,0,0,12,0,0,0,11,0,0,0,0,0,0,0,0,13,12.0,0.0,5.0,11.0,13.0,0.0,0.0,0.0,20.0,0.0,0.0,0.0,0.0,0.0,0.0,0.0,0.0
112720203,287,0,opponent,16154.0,10,3,37,0,0,0,0,0,0,0,15,0,0,0,0,0,0,0,0,24,21.0,0.0,5.0,12.0,24.0,0.0,0.0,0.0,33.0,0.0,0.0,0.0,0.0,0.0,0.0,0.0,0.0
112720203,287,1,self,16136.0,10,3,37,0,0,0,0,0,0,0,15,0,0,0,0,0,0,0,0,24,21.0,0.0,5.0,12.0,24.0,0.0,0.0,0.0,33.0,0.0,0.0,0.0,0.0,0.0,0.0,0.0,0.0
112720203,288,0,opponent,16154.0,0,3,39,0,0,0,0,0,0,0,16,0,0,0,0,0,0,0,0,39,20.0,0.0,5.0,12.0,22.0,0.0,8.0,9.0,33.0,0.0,0.0,0.0,0.0,0.0,0.0,0.0,0.0
112720203,288,1,self,16136.0,0,3,39,0,0,0,0,0,0,0,16,0,0,0,0,0,0,0,0,39,20.0,0.0,5.0,12.0,22.0,0.0,8.0,9.0,33.0,0.0,0.0,0.0,0.0,0.0,0.0,0.0,0.0
112720203,311,0,opponent,20325.0,9,3,14,0,0,0,0,0,0,0,17,0,0,0,0,0,0,0,0,30,24.0,0.0,5.0,12.0,27.0,0.0,0.0,3.0,33.0,0.0,0.0,0.0,0.0,0.0,0.0,0.0,0.0
112720203,311,1,self,20307.0,9,3,14,0,0,0,0,0,0,0,17,0,0,0,0,0,0,0,0,30,24.0,0.0,5.0,12.0,27.0,0.0,0.0,3.0,33.0,0.0,0.0,0.0,0.0,0.0,0.0,0.0,0.0
112720203,335,0,opponent,22528.0,9,3,16,0,0,0,0,0,0,0,14,0,0,0,0,0,0,0,0,32,24.0,0.0,5.0,12.0,32.0,0.0,0.0,0.0,33.0,0.0,0.0,0.0,0.0,0.0,0.0,0.0,0.0
112720203,335,1,self,22510.0,9,3,16,0,0,0,0,0,0,0,14,0,0,0,0,0,0,0,0,32,24.0,0.0,5.0,12.0,32.0,0.0,0.0,0.0,33.0,0.0,0.0,0.0,0.0,0.0,0.0,0.0,0.0
112720203,359,0,opponent,27614.0,9,3,21,0,0,0,0,6,3,0,20,0,0,0,0,0,0,0,0,38,24.0,0.0,5.0,12.0,38.0,0.0,0.0,0.0,33.0,0.0,0.0,0.0,0.0,0.0,0.0,0.0,0.0
112720203,359,1,self,27596.0,9,3,21,0,0,0,0,6,3,0,20,0,0,0,0,0,0,0,0,38,24.0,0.0,5.0,12.0,38.0,0.0,0.0,0.0,33.0,0.0,0.0,0.0,0.0,0.0,0.0,0.0,0.0
112720203,360,0,opponent,28483.0,0,3,21,0,0,0,0,6,0,0,15,0,0,0,0,0,0,0,0,71,24.0,0.0,5.0,12.0,40.0,0.0,8.0,15.0,33.0,8.0,0.0,0.0,0.0,0.0,0.0,0.0,0.0
112720203,360,1,self,28465.0,0,3,21,0,0,0,0,6,0,0,15,0,0,0,0,0,0,0,0,71,24.0,0.0,5.0,12.0,40.0,0.0,8.0,15.0,33.0,8.0,0.0,0.0,0.0,0.0,0.0,0.0,0.0
112720203,383,0,opponent,35409.0,10,3,23,0,0,0,0,0,8,0,11,0,0,0,1,0,0,0,0,38,24.0,0.0,5.0,12.0,38.0,0.0,0.0,0.0,33.0,0.0,0.0,0.0,0.0,0.0,0.0,0.0,0.0
112720203,383,1,self,35391.0,10,3,23,0,0,0,0,0,8,0,11,0,0,0,1,0,0,0,0,38,24.0,0.0,5.0,12.0,38.0,0.0,0.0,0.0,33.0,0.0,0.0,0.0,0.0,0.0,0.0,0.0,0.0
112720203,407,0,opponent,43994.0,11,3,30,0,0,0,0,3,0,0,11,0,0,0,1,0,0,0,0,36,25.0,0.0,5.0,12.0,36.0,0.0,0.0,0.0,33.0,0.0,0.0,0.0,0.0,0.0,0.0,0.0,0.0
112720203,407,1,self,43976.0,11,3,30,0,0,0,0,3,0,0,11,0,0,0,1,0,0,0,0,36,25.0,0.0,5.0,12.0,36.0,0.0,0.0,0.0,33.0,0.0,0.0,0.0,0.0,0.0,0.0,0.0,0.0
112720203,431,0,opponent,48269.0,11,3,30,0,0,0,0,9,8,0,15,0,0,0,1,0,0,0,0,42,25.0,0.0,5.0,12.0,36.0,0.0,0.0,6.0,33.0,0.0,0.0,0.0,0.0,0.0,0.0,0.0,0.0
112720203,431,1,self,48251.0,11,3,30,0,0,0,0,9,8,0,15,0,0,0,1,0,0,0,0,42,25.0,0.0,5.0,12.0,36.0,0.0,0.0,6.0,33.0,0.0,0.0,0.0,0.0,0.0,0.0,0.0,0.0
112720203,432,0,opponent,48269.0,0,3,30,0,0,0,0,9,8,0,16,0,0,0,1,0,0,0,0,103,25.0,0.0,5.0,12.0,38.0,0.0,8.0,33.0,33.0,24.0,0.0,0.0,0.0,0.0,0.0,0.0,0.0
112720203,432,1,self,48251.0,0,3,30,0,0,0,0,9,8,0,16,0,0,0,1,0,0,0,0,103,25.0,0.0,5.0,12.0,38.0,0.0,8.0,33.0,33.0,24.0,0.0,0.0,0.0,0.0,0.0,0.0,0.0
112720203,455,0,opponent,52417.0,13,4,25,0,0,6,0,18,0,0,14,0,0,0,1,0,0,0,0,53,25.0,0.0,5.0,12.0,38.0,0.0,4.0,9.0,33.0,2.0,0.0,0.0,0.0,0.0,0.0,10.0,0.0
112720203,455,1,self,52399.0,13,4,25,0,0,6,0,18,0,0,14,0,0,0,1,0,0,0,0,53,25.0,0.0,5.0,12.0,38.0,0.0,4.0,9.0,33.0,2.0,0.0,0.0,0.0,0.0,0.0,10.0,0.0
112720203,479,0,opponent,61625.0,10,4,24,0,0,6,0,12,4,0,14,0,0,0,1,0,0,0,0,49,25.0,0.0,5.0,12.0,40.0,0.0,0.0,9.0,33.0,0.0,0.0,0.0,0.0,0.0,0.0,10.0,0.0
112720203,479,1,self,61621.0,10,4,24,0,0,6,0,12,4,0,14,0,0,0,1,0,0,0,0,49,25.0,0.0,5.0,12.0,40.0,0.0,0.0,9.0,33.0,0.0,0.0,0.0,0.0,0.0,0.0,10.0,0.0
112720203,480,0,opponent,61625.0,0,4,24,0,0,6,0,12,4,0,14,0,0,0,1,0,0,0,0,105,25.0,0.0,5.0,12.0,43.0,0.0,8.0,30.0,33.0,24.0,0.0,0.0,0.0,0.0,0.0,10.0,0.0
112720203,480,1,self,61621.0,0,4,24,0,0,6,0,12,4,0,14,0,0,0,1,0,0,0,0,105,25.0,0.0,5.0,12.0,43.0,0.0,8.0,30.0,33.0,24.0,0.0,0.0,0.0,0.0,0.0,10.0,0.0
112720203,503,0,opponent,70119.0,12,4,24,0,0,4,0,15,4,0,13,0,0,0,1,0,0,0,0,56,25.0,0.0,5.0,12.0,43.0,0.0,4.0,9.0,33.0,0.0,0.0,0.0,0.0,0.0,0.0,10.0,0.0
112720203,503,1,self,70115.0,12,4,24,0,0,4,0,15,4,0,13,0,0,0,1,0,0,0,0,56,25.0,0.0,5.0,12.0,43.0,0.0,4.0,9.0,33.0,0.0,0.0,0.0,0.0,0.0,0.0,10.0,0.0
112720203,527,0,opponent,78049.0,11,4,30,0,0,12,0,9,0,0,17,0,0,0,1,0,0,0,0,73,30.0,0.0,5.0,12.0,48.0,0.0,8.0,15.0,28.0,2.0,0.0,0.0,0.0,0.0,0.0,10.0,0.0
112720203,527,1,self,78121.0,11,4,30,0,0,12,0,15,0,0,15,0,0,0,1,0,0,0,0,67,30.0,0.0,5.0,12.0,48.0,0.0,8.0,9.0,28.0,2.0,0.0,0.0,0.0,0.0,0.0,10.0,0.0
112720203,551,0,opponent,83243.0,12,4,29,0,0,10,0,12,4,0,14,0,0,0,1,0,0,0,0,67,31.0,0.0,5.0,12.0,47.0,0.0,0.0,18.0,27.0,2.0,0.0,0.0,0.0,0.0,0.0,10.0,0.0
112720203,551,1,self,83452.0,12,4,40,0,0,10,0,12,4,0,14,0,0,0,1,0,0,0,0,62,31.0,0.0,5.0,12.0,48.0,0.0,0.0,12.0,27.0,2.0,0.0,0.0,0.0,0.0,0.0,10.0,0.0
112720203,575,0,opponent,87370.0,11,4,29,0,0,17,0,12,8,0,17,0,0,0,1,0,0,0,0,79,38.0,0.0,5.0,12.0,65.0,0.0,0.0,9.0,20.0,5.0,0.0,0.0,0.0,0.0,0.0,10.0,0.0
112720203,575,1,self,86957.0,11,4,35,0,0,17,0,9,8,0,18,0,0,0,1,0,0,0,0,78,38.0,0.0,5.0,12.0,64.0,0.0,0.0,9.0,20.0,5.0,0.0,0.0,0.0,0.0,0.0,10.0,0.0
112720203,576,0,opponent,87370.0,0,4,29,0,0,22,0,15,8,0,17,0,0,0,1,0,0,0,0,111,38.0,0.0,5.0,12.0,70.0,0.0,8.0,27.0,20.0,6.0,0.0,0.0,0.0,0.0,0.0,10.0,0.0
112720203,576,1,self,87125.0,0,4,31,0,0,22,0,12,8,0,17,0,0,0,1,0,0,0,0,110,38.0,0.0,5.0,12.0,69.0,0.0,8.0,27.0,20.0,6.0,0.0,0.0,0.0,0.0,0.0,10.0,0.0
112720203,599,0,opponent,91116.0,13,4,47,0,0,6,0,21,0,0,17,0,0,0,1,0,0,0,0,73,37.0,0.0,5.0,12.0,63.0,0.0,0.0,6.0,17.0,0.0,0.0,0.0,4.0,4.0,0.0,10.0,0.0
112720203,599,1,self,91010.0,13,4,50,0,0,6,0,21,0,0,17,0,0,0,1,0,0,0,0,70,37.0,0.0,5.0,12.0,60.0,0.0,0.0,6.0,17.0,0.0,0.0,0.0,4.0,4.0,0.0,10.0,0.0
112720203,623,0,opponent,94193.0,13,4,48,0,0,21,0,9,4,0,16,0,0,0,1,0,0,0,0,85,27.0,0.0,5.0,12.0,60.0,0.0,0.0,7.0,13.0,0.0,0.0,0.0,18.0,18.0,0.0,10.0,0.0
112720203,623,1,self,94382.0,13,4,48,0,0,21,0,9,4,0,18,0,0,0,1,0,0,0,0,79,27.0,0.0,5.0,12.0,54.0,0.0,0.0,7.0,13.0,0.0,0.0,0.0,18.0,18.0,0.0,10.0,0.0
112720203,647,0,opponent,98328.0,14,4,53,0,8,0,0,10,7,0,16,0,0,0,1,0,0,0,0,87,16.0,0.0,5.0,12.0,44.0,0.0,0.0,12.0,13.0,0.0,0.0,0.0,29.0,31.0,0.0,10.0,0.0
112720203,647,1,self,98460.0,14,4,49,0,8,0,0,10,7,0,15,0,0,0,1,0,0,0,0,88,16.0,0.0,5.0,12.0,46.0,0.0,0.0,12.0,13.0,0.0,0.0,0.0,29.0,30.0,0.0,10.0,0.0
112720203,648,0,opponent,98328.0,0,4,53,0,8,0,0,10,7,0,17,0,0,0,1,0,0,0,0,162,16.0,0.0,5.0,12.0,48.0,0.0,7.0,26.0,13.0,26.0,0.0,0.0,29.0,35.0,1.0,10.0,20.0
112720203,648,1,self,98460.0,0,4,49,0,8,0,0,10,7,0,15,0,0,0,1,0,0,0,0,163,16.0,0.0,5.0,12.0,50.0,0.0,7.0,26.0,13.0,26.0,0.0,0.0,29.0,34.0,1.0,10.0,20.0
112720203,671,0,opponent,102961.0,13,4,33,15,14,20,0,11,7,0,5,0,0,0,1,0,0,0,0,85,18.0,0.0,5.0,12.0,38.0,0.0,0.0,9.0,4.0,0.0,0.0,0.0,26.0,38.0,1.0,10.0,0.0
112720203,671,1,self,102929.0,13,4,32,14,14,20,0,11,7,0,5,0,0,0,2,0,0,0,0,88,17.0,0.0,5.0,12.0,41.0,0.0,0.0,9.0,4.0,0.0,0.0,0.0,27.0,38.0,1.0,10.0,0.0
112720203,695,0,opponent,110609.0,13,4,44,33,0,0,0,10,0,0,8,0,0,0,1,0,0,0,0,50,10.0,0.0,5.0,12.0,12.0,0.0,0.0,9.0,0.0,0.0,0.0,0.0,13.0,29.0,2.0,10.0,0.0
112720203,695,1,self,110492.0,13,4,48,27,0,0,0,10,0,0,8,0,0,0,2,0,0,0,0,52,9.0,0.0,5.0,12.0,12.0,0.0,0.0,9.0,0.0,0.0,0.0,0.0,14.0,31.0,1.0,10.0,0.0
112720203,696,0,opponent,110824.0,0,4,42,36,0,0,0,10,0,0,6,0,0,0,1,0,0,0,0,86,9.0,0.0,5.0,12.0,10.0,0.0,8.0,22.0,0.0,0.0,0.0,0.0,12.0,26.0,2.0,10.0,20.0
112720203,696,1,self,110860.0,0,4,43,31,0,0,0,10,0,0,6,0,0,0,2,0,0,0,0,86,8.0,0.0,5.0,12.0,9.0,0.0,8.0,22.0,0.0,0.0,0.0,0.0,13.0,27.0,1.0,10.0,20.0
112720203,719,0,opponent,118866.0,13,4,0,0,0,0,0,0,0,0,0,0,0,0,1,0,0,0,0,1,0.0,0.0,5.0,12.0,0.0,0.0,0.0,1.0,0.0,0.0,0.0,0.0,0.0,0.0,2.0,10.0,0.0
112720203,719,1,self,118731.0,13,4,0,0,0,0,0,0,0,0,0,0,0,0,2,0,0,0,0,1,0.0,0.0,5.0,12.0,0.0,0.0,0.0,1.0,0.0,0.0,0.0,0.0,0.0,0.0,1.0,10.0,0.0
112721366,0,0,opponent,3000.0,0,1,0,0,0,0,0,0,0,0,0,0,0,0,0,0,0,0,0,0,0.0,0.0,0.0,0.0,0.0,0.0,0.0,0.0,0.0,0.0,0.0,0.0,0.0,0.0,0.0,0.0,0.0
112721366,0,1,self,3000.0,0,1,0,0,0,0,0,0,0,0,0,0,0,0,0,0,0,0,0,0,0.0,0.0,0.0,0.0,0.0,0.0,0.0,0.0,0.0,0.0,0.0,0.0,0.0,0.0,0.0,0.0,0.0
112721366,23,0,opponent,12.0,5,1,3,0,0,0,0,0,0,0,0,0,0,0,0,0,0,0,0,20,8.0,12.0,2.0,2.0,8.0,12.0,0.0,0.0,0.0,0.0,0.0,0.0,0.0,0.0,0.0,0.0,0.0
112721366,23,1,self,12.0,5,1,3,0,0,0,0,0,0,0,0,0,0,0,0,0,0,0,0,20,8.0,12.0,2.0,2.0,8.0,12.0,0.0,0.0,0.0,0.0,0.0,0.0,0.0,0.0,0.0,0.0,0.0
112721366,24,0,opponent,12.0,0,1,3,0,0,0,0,0,0,0,0,0,0,0,0,0,0,0,0,20,8.0,12.0,2.0,2.0,8.0,12.0,0.0,0.0,0.0,0.0,0.0,0.0,0.0,0.0,0.0,0.0,0.0
112721366,24,1,self,12.0,0,1,3,0,0,0,0,0,0,0,0,0,0,0,0,0,0,0,0,20,8.0,12.0,2.0,2.0,8.0,12.0,0.0,0.0,0.0,0.0,0.0,0.0,0.0,0.0,0.0,0.0,0.0
112721366,47,0,opponent,101.0,3,1,6,0,0,0,0,0,0,0,1,0,0,0,0,0,0,0,0,20,8.0,12.0,2.0,2.0,8.0,12.0,0.0,0.0,0.0,0.0,0.0,0.0,0.0,0.0,0.0,0.0,0.0
112721366,47,1,self,101.0,3,1,6,0,0,0,0,0,0,0,1,0,0,0,0,0,0,0,0,20,8.0,12.0,2.0,2.0,8.0,12.0,0.0,0.0,0.0,0.0,0.0,0.0,0.0,0.0,0.0,0.0,0.0
112721366,71,0,opponent,214.0,4,1,6,0,0,0,0,0,0,0,0,0,0,0,0,0,0,0,0,25,8.0,12.0,2.0,3.0,13.0,12.0,0.0,0.0,0.0,0.0,0.0,0.0,0.0,0.0,0.0,0.0,0.0
112721366,71,1,self,214.0,4,1,6,0,0,0,0,0,0,0,0,0,0,0,0,0,0,0,0,25,8.0,12.0,2.0,3.0,13.0,12.0,0.0,0.0,0.0,0.0,0.0,0.0,0.0,0.0,0.0,0.0,0.0
112721366,72,0,opponent,214.0,0,1,6,0,0,0,0,0,0,0,0,0,0,0,0,0,0,0,0,25,8.0,12.0,2.0,3.0,13.0,12.0,0.0,0.0,0.0,0.0,0.0,0.0,0.0,0.0,0.0,0.0,0.0
112721366,72,1,self,214.0,0,1,6,0,0,0,0,0,0,0,0,0,0,0,0,0,0,0,0,25,8.0,12.0,2.0,3.0,13.0,12.0,0.0,0.0,0.0,0.0,0.0,0.0,0.0,0.0,0.0,0.0,0.0
112721366,95,0,opponent,267.0,5,1,14,0,0,0,0,0,0,0,1,1,0,0,0,0,0,0,0,19,7.0,12.0,2.0,3.0,7.0,12.0,0.0,0.0,0.0,0.0,0.0,0.0,0.0,0.0,0.0,0.0,0.0
112721366,95,1,self,267.0,5,1,14,0,0,0,0,0,0,0,1,1,0,0,0,0,0,0,0,19,7.0,12.0,2.0,3.0,7.0,12.0,0.0,0.0,0.0,0.0,0.0,0.0,0.0,0.0,0.0,0.0,0.0
112721366,119,0,opponent,672.0,4,1,19,0,0,0,0,0,0,0,1,0,0,0,0,0,0,0,0,19,7.0,12.0,2.0,4.0,7.0,12.0,0.0,0.0,0.0,0.0,0.0,0.0,0.0,0.0,0.0,0.0,0.0
112721366,119,1,self,672.0,4,1,19,0,0,0,0,0,0,0,1,0,0,0,0,0,0,0,0,19,7.0,12.0,2.0,4.0,7.0,12.0,0.0,0.0,0.0,0.0,0.0,0.0,0.0,0.0,0.0,0.0,0.0
112721366,143,0,opponent,787.0,4,1,19,0,0,0,0,0,0,0,2,0,0,0,0,0,0,0,0,15,3.0,12.0,2.0,4.0,3.0,12.0,0.0,0.0,4.0,0.0,0.0,0.0,0.0,0.0,0.0,0.0,0.0
112721366,143,1,self,787.0,4,1,19,0,0,0,0,0,0,0,2,0,0,0,0,0,0,0,0,15,3.0,12.0,2.0,4.0,3.0,12.0,0.0,0.0,4.0,0.0,0.0,0.0,0.0,0.0,0.0,0.0,0.0
112721366,144,0,opponent,787.0,0,1,19,0,0,0,0,0,0,0,2,0,0,0,0,0,0,0,0,27,3.0,12.0,2.0,4.0,3.0,12.0,12.0,0.0,4.0,0.0,0.0,0.0,0.0,0.0,0.0,0.0,0.0
112721366,144,1,self,787.0,0,1,19,0,0,0,0,0,0,0,2,0,0,0,0,0,0,0,0,27,3.0,12.0,2.0,4.0,3.0,12.0,12.0,0.0,4.0,0.0,0.0,0.0,0.0,0.0,0.0,0.0,0.0
112721366,167,0,opponent,736.0,7,2,16,0,0,0,0,0,2,0,1,0,0,0,0,0,0,0,0,30,6.0,12.0,2.0,6.0,7.0,23.0,0.0,0.0,12.0,0.0,0.0,0.0,0.0,0.0,0.0,0.0,0.0
112721366,167,1,self,736.0,7,2,16,0,0,0,0,0,2,0,1,0,0,0,0,0,0,0,0,30,6.0,12.0,2.0,6.0,7.0,23.0,0.0,0.0,12.0,0.0,0.0,0.0,0.0,0.0,0.0,0.0,0.0
112721366,191,0,opponent,533.0,7,2,11,0,0,0,0,0,0,0,1,0,0,0,1,0,0,0,0,44,8.0,12.0,2.0,8.0,8.0,36.0,0.0,0.0,16.0,0.0,0.0,0.0,0.0,0.0,0.0,0.0,0.0
112721366,191,1,self,533.0,7,2,11,0,0,0,0,0,0,0,1,0,0,0,1,0,0,0,0,44,8.0,12.0,2.0,8.0,8.0,36.0,0.0,0.0,16.0,0.0,0.0,0.0,0.0,0.0,0.0,0.0,0.0
112721366,192,0,opponent,533.0,0,2,11,0,0,0,0,0,0,0,1,0,0,0,0,0,0,0,0,57,9.0,12.0,2.0,8.0,9.0,36.0,0.0,12.0,16.0,0.0,0.0,0.0,0.0,0.0,0.0,0.0,0.0
112721366,192,1,self,533.0,0,2,11,0,0,0,0,0,0,0,1,0,0,0,0,0,0,0,0,57,9.0,12.0,2.0,8.0,9.0,36.0,0.0,12.0,16.0,0.0,0.0,0.0,0.0,0.0,0.0,0.0,0.0
112721366,215,0,opponent,1389.0,8,2,28,0,0,0,0,0,0,0,3,0,0,0,0,0,0,0,0,52,5.0,12.0,4.0,8.0,5.0,47.0,0.0,0.0,20.0,0.0,0.0,0.0,0.0,0.0,0.0,0.0,0.0
112721366,215,1,self,1389.0,8,2,28,0,0,0,0,0,0,0,3,0,0,0,0,0,0,0,0,52,5.0,12.0,4.0,8.0,5.0,47.0,0.0,0.0,20.0,0.0,0.0,0.0,0.0,0.0,0.0,0.0,0.0
112721366,239,0,opponent,2276.0,8,2,36,0,0,0,0,0,0,0,1,0,1,0,0,0,0,0,0,64,5.0,12.0,5.0,8.0,5.0,59.0,0.0,0.0,20.0,0.0,0.0,0.0,0.0,0.0,0.0,0.0,0.0
112721366,239,1,self,2276.0,8,2,36,0,0,0,0,0,0,0,1,0,1,0,0,0,0,0,0,64,5.0,12.0,5.0,8.0,5.0,59.0,0.0,0.0,20.0,0.0,0.0,0.0,0.0,0.0,0.0,0.0,0.0
112721366,240,0,opponent,2276.0,0,2,36,0,0,0,0,0,0,0,1,0,1,0,0,0,0,0,0,77,5.0,12.0,5.0,8.0,5.0,60.0,0.0,12.0,20.0,0.0,0.0,0.0,0.0,0.0,0.0,0.0,0.0
112721366,240,1,self,2276.0,0,2,36,0,0,0,0,0,0,0,1,0,1,0,0,0,0,0,0,77,5.0,12.0,5.0,8.0,5.0,60.0,0.0,12.0,20.0,0.0,0.0,0.0,0.0,0.0,0.0,0.0,0.0
112721366,263,0,opponent,15691.0,11,2,42,0,0,0,12,0,0,0,11,0,0,0,0,0,0,0,0,13,12.0,0.0,6.0,8.0,13.0,0.0,0.0,0.0,20.0,0.0,2.0,0.0,0.0,0.0,0.0,0.0,0.0
112721366,263,1,self,15691.0,11,2,42,0,0,0,12,0,0,0,11,0,0,0,0,0,0,0,0,13,12.0,0.0,6.0,8.0,13.0,0.0,0.0,0.0,20.0,0.0,2.0,0.0,0.0,0.0,0.0,0.0,0.0
112721366,287,0,opponent,14789.0,10,3,37,0,0,0,0,0,0,0,15,0,0,0,0,0,0,0,0,24,21.0,0.0,6.0,8.0,24.0,0.0,0.0,0.0,33.0,0.0,3.0,0.0,0.0,0.0,0.0,0.0,0.0
112721366,287,1,self,14789.0,10,3,37,0,0,0,0,0,0,0,15,0,0,0,0,0,0,0,0,24,21.0,0.0,6.0,8.0,24.0,0.0,0.0,0.0,33.0,0.0,3.0,0.0,0.0,0.0,0.0,0.0,0.0
112721366,288,0,opponent,14789.0,0,3,39,0,0,0,0,0,0,0,16,0,0,0,0,0,0,0,0,39,20.0,0.0,6.0,8.0,22.0,0.0,8.0,9.0,33.0,0.0,3.0,0.0,0.0,0.0,0.0,0.0,0.0
112721366,288,1,self,14789.0,0,3,39,0,0,0,0,0,0,0,16,0,0,0,0,0,0,0,0,39,20.0,0.0,6.0,8.0,22.0,0.0,8.0,9.0,33.0,0.0,3.0,0.0,0.0,0.0,0.0,0.0,0.0
112721366,311,0,opponent,18295.0,9,3,14,0,0,0,0,0,0,0,17,0,0,0,0,0,0,0,0,30,24.0,0.0,6.0,8.0,27.0,0.0,0.0,3.0,33.0,0.0,3.0,0.0,0.0,0.0,0.0,0.0,0.0
112721366,311,1,self,18295.0,9,3,14,0,0,0,0,0,0,0,17,0,0,0,0,0,0,0,0,30,24.0,0.0,6.0,8.0,27.0,0.0,0.0,3.0,33.0,0.0,3.0,0.0,0.0,0.0,0.0,0.0,0.0
112721366,335,0,opponent,19820.0,9,3,16,0,0,0,0,0,0,0,14,0,0,0,0,0,0,0,0,32,24.0,0.0,6.0,8.0,32.0,0.0,0.0,0.0,33.0,0.0,3.0,0.0,0.0,0.0,0.0,0.0,0.0
112721366,335,1,self,19820.0,9,3,16,0,0,0,0,0,0,0,14,0,0,0,0,0,0,0,0,32,24.0,0.0,6.0,8.0,32.0,0.0,0.0,0.0,33.0,0.0,3.0,0.0,0.0,0.0,0.0,0.0,0.0
112721366,359,0,opponent,21795.0,9,3,24,0,0,0,0,6,3,8,20,0,0,0,0,0,0,0,0,38,24.0,0.0,6.0,8.0,38.0,0.0,0.0,0.0,33.0,0.0,3.0,0.0,0.0,0.0,0.0,0.0,0.0
112721366,359,1,self,21795.0,9,3,24,0,0,0,0,6,3,8,20,0,0,0,0,0,0,0,0,38,24.0,0.0,6.0,8.0,38.0,0.0,0.0,0.0,33.0,0.0,3.0,0.0,0.0,0.0,0.0,0.0,0.0
112721366,360,0,opponent,22176.0,0,3,24,0,0,0,0,6,0,8,15,0,0,0,0,0,0,0,0,82,24.0,0.0,6.0,8.0,40.0,0.0,11.0,15.0,33.0,8.0,3.0,8.0,0.0,0.0,0.0,0.0,0.0
112721366,360,1,self,22176.0,0,3,24,0,0,0,0,6,0,8,15,0,0,0,0,0,0,0,0,82,24.0,0.0,6.0,8.0,40.0,0.0,11.0,15.0,33.0,8.0,3.0,8.0,0.0,0.0,0.0,0.0,0.0
112721366,383,0,opponent,25547.0,10,3,27,0,0,0,0,0,11,6,11,0,0,0,1,0,0,0,0,40,24.0,0.0,6.0,8.0,38.0,0.0,0.0,0.0,33.0,0.0,3.0,2.0,0.0,0.0,0.0,0.0,0.0
112721366,383,1,self,25547.0,10,3,27,0,0,0,0,0,11,6,11,0,0,0,1,0,0,0,0,40,24.0,0.0,6.0,8.0,38.0,0.0,0.0,0.0,33.0,0.0,3.0,2.0,0.0,0.0,0.0,0.0,0.0
112721366,407,0,opponent,29351.0,11,3,44,0,0,0,0,3,0,5,11,0,0,0,1,0,0,0,0,38,25.0,0.0,6.0,8.0,36.0,0.0,0.0,0.0,33.0,0.0,3.0,2.0,0.0,0.0,0.0,0.0,0.0
112721366,407,1,self,29351.0,11,3,44,0,0,0,0,3,0,5,11,0,0,0,1,0,0,0,0,38,25.0,0.0,6.0,8.0,36.0,0.0,0.0,0.0,33.0,0.0,3.0,2.0,0.0,0.0,0.0,0.0,0.0
112721366,431,0,opponent,32839.0,11,3,48,0,0,0,0,3,2,6,15,0,0,0,1,0,0,0,0,38,25.0,0.0,6.0,8.0,36.0,0.0,0.0,0.0,33.0,0.0,3.0,2.0,0.0,0.0,0.0,0.0,0.0
112721366,431,1,self,32839.0,11,3,48,0,0,0,0,3,2,6,15,0,0,0,1,0,0,0,0,38,25.0,0.0,6.0,8.0,36.0,0.0,0.0,0.0,33.0,0.0,3.0,2.0,0.0,0.0,0.0,0.0,0.0
112721366,432,0,opponent,32891.0,0,3,48,0,0,0,0,3,2,5,16,0,0,0,1,0,0,0,0,82,25.0,0.0,6.0,8.0,38.0,0.0,4.0,8.0,33.0,24.0,3.0,8.0,0.0,0.0,0.0,0.0,0.0
112721366,432,1,self,32891.0,0,3,48,0,0,0,0,3,2,5,16,0,0,0,1,0,0,0,0,82,25.0,0.0,6.0,8.0,38.0,0.0,4.0,8.0,33.0,24.0,3.0,8.0,0.0,0.0,0.0,0.0,0.0
112721366,455,0,opponent,31545.0,13,4,52,0,0,6,0,4,1,4,14,0,0,0,1,0,0,0,0,46,25.0,0.0,6.0,8.0,38.0,0.0,1.0,1.0,33.0,2.0,3.0,4.0,0.0,0.0,0.0,10.0,0.0
112721366,455,1,self,31545.0,13,4,52,0,0,6,0,4,1,4,14,0,0,0,1,0,0,0,0,46,25.0,0.0,6.0,8.0,38.0,0.0,1.0,1.0,33.0,2.0,3.0,4.0,0.0,0.0,0.0,10.0,0.0
112721366,479,0,opponent,33891.0,11,4,56,0,0,6,0,2,3,10,13,0,0,0,1,8,0,0,0,42,25.0,0.0,6.0,8.0,42.0,0.0,0.0,0.0,33.0,0.0,3.0,0.0,0.0,0.0,1.0,10.0,0.0
112721366,479,1,self,33891.0,11,4,56,0,0,6,0,2,3,10,13,0,0,0,1,8,0,0,0,42,25.0,0.0,6.0,8.0,42.0,0.0,0.0,0.0,33.0,0.0,3.0,0.0,0.0,0.0,0.0,10.0,0.0
112721366,480,0,opponent,33891.0,0,4,56,0,0,6,0,2,3,10,14,0,0,0,1,8,0,0,0,88,25.0,0.0,6.0,8.0,46.0,0.0,4.0,8.0,33.0,24.0,3.0,6.0,0.0,0.0,1.0,10.0,0.0
112721366,480,1,self,33891.0,0,4,56,0,0,6,0,2,3,10,14,0,0,0,1,8,0,0,0,88,25.0,0.0,6.0,8.0,46.0,0.0,4.0,8.0,33.0,24.0,3.0,6.0,0.0,0.0,0.0,10.0,0.0
112721366,503,0,opponent,36410.0,12,4,53,0,0,4,0,4,2,7,13,0,0,0,1,8,0,0,0,54,24.0,0.0,6.0,8.0,48.0,0.0,2.0,1.0,33.0,0.0,3.0,2.0,1.0,1.0,1.0,10.0,0.0
112721366,503,1,self,36410.0,12,4,53,0,0,4,0,4,2,7,13,0,0,0,1,8,0,0,0,54,24.0,0.0,6.0,8.0,48.0,0.0,2.0,1.0,33.0,0.0,3.0,2.0,1.0,1.0,0.0,10.0,0.0
112721366,527,0,opponent,37764.0,11,4,59,0,0,12,0,4,0,0,17,0,0,0,1,8,0,0,0,68,24.0,0.0,6.0,8.0,46.0,0.0,5.0,1.0,28.0,2.0,3.0,8.0,6.0,6.0,1.0,10.0,0.0
112721366,527,1,self,37764.0,11,4,59,0,0,12,0,4,0,0,17,0,0,0,1,8,0,0,0,68,24.0,0.0,6.0,8.0,46.0,0.0,5.0,1.0,28.0,2.0,3.0,8.0,6.0,6.0,0.0,10.0,0.0
112721366,551,0,opponent,38943.0,12,4,50,0,0,10,0,5,1,4,14,0,0,0,3,8,0,0,0,60,21.0,0.0,6.0,8.0,36.0,0.0,2.0,1.0,27.0,2.0,3.0,8.0,10.0,11.0,1.0,10.0,0.0
112721366,551,1,self,38943.0,12,4,50,0,0,10,0,5,1,4,14,0,0,0,3,8,0,0,0,60,21.0,0.0,6.0,8.0,36.0,0.0,2.0,1.0,27.0,2.0,3.0,8.0,10.0,11.0,0.0,10.0,0.0
112721366,575,0,opponent,40379.0,11,4,37,3,0,17,0,2,2,4,17,0,0,0,5,8,0,0,0,74,21.0,0.0,6.0,8.0,42.0,0.0,0.0,3.0,20.0,5.0,3.0,2.0,17.0,22.0,1.0,10.0,0.0
112721366,575,1,self,40379.0,11,4,37,3,0,17,0,2,2,4,17,0,0,0,5,8,0,0,0,74,21.0,0.0,6.0,8.0,42.0,0.0,0.0,3.0,20.0,5.0,3.0,2.0,17.0,22.0,0.0,10.0,0.0
112721366,576,0,opponent,40379.0,0,4,37,3,0,22,0,4,2,4,17,0,0,0,5,8,0,0,0,100,21.0,0.0,6.0,8.0,48.0,0.0,6.0,10.0,20.0,6.0,3.0,8.0,17.0,22.0,1.0,10.0,0.0
112721366,576,1,self,40379.0,0,4,37,3,0,22,0,4,2,4,17,0,0,0,5,8,0,0,0,100,21.0,0.0,6.0,8.0,48.0,0.0,6.0,10.0,20.0,6.0,3.0,8.0,17.0,22.0,0.0,10.0,0.0
112721366,599,0,opponent,40881.0,13,4,35,16,0,6,0,10,1,6,16,0,0,0,2,8,0,0,0,72,24.0,0.0,6.0,8.0,52.0,0.0,0.0,0.0,17.0,0.0,3.0,2.0,17.0,18.0,1.0,10.0,0.0
112721366,599,1,self,40881.0,13,4,35,16,0,6,0,10,1,6,16,0,0,0,2,8,0,0,0,72,24.0,0.0,6.0,8.0,52.0,0.0,0.0,0.0,17.0,0.0,3.0,2.0,17.0,18.0,0.0,10.0,0.0
112721366,623,0,opponent,42633.0,13,4,40,12,0,21,0,4,2,4,15,0,0,0,2,8,0,0,0,83,18.0,0.0,6.0,8.0,43.0,0.0,0.0,2.0,13.0,0.0,3.0,1.0,27.0,37.0,1.0,10.0,0.0
112721366,623,1,self,42633.0,13,4,40,12,0,21,0,4,2,4,15,0,0,0,2,8,0,0,0,83,18.0,0.0,6.0,8.0,43.0,0.0,0.0,2.0,13.0,0.0,3.0,1.0,27.0,37.0,0.0,10.0,0.0
112721366,647,0,opponent,45151.0,14,4,33,28,8,0,0,6,4,2,16,0,0,0,2,8,0,0,0,82,14.0,0.0,6.0,8.0,40.0,0.0,0.0,4.0,13.0,0.0,3.0,3.0,31.0,35.0,1.0,10.0,0.0
112721366,647,1,self,45151.0,14,4,33,28,8,0,0,6,4,2,16,0,0,0,2,8,0,0,0,82,14.0,0.0,6.0,8.0,40.0,0.0,0.0,4.0,13.0,0.0,3.0,3.0,31.0,35.0,0.0,10.0,0.0
112721366,648,0,opponent,45151.0,0,4,33,28,8,0,0,6,4,2,17,0,0,0,2,8,0,0,0,149,14.0,0.0,6.0,8.0,44.0,0.0,4.0,10.0,13.0,26.0,2.0,6.0,31.0,39.0,1.0,10.0,20.0
112721366,648,1,self,45151.0,0,4,33,28,8,0,0,6,4,2,17,0,0,0,2,8,0,0,0,149,14.0,0.0,6.0,8.0,44.0,0.0,4.0,10.0,13.0,26.0,2.0,6.0,31.0,39.0,0.0,10.0,20.0
112721366,671,0,opponent,49206.0,13,4,35,15,14,20,0,4,4,0,5,0,0,0,4,0,0,0,0,83,9.0,0.0,6.0,8.0,25.0,0.0,0.0,2.0,4.0,0.0,2.0,6.0,35.0,50.0,1.0,10.0,0.0
112721366,671,1,self,49206.0,13,4,35,15,14,20,0,4,4,0,5,0,0,0,4,0,0,0,0,83,9.0,0.0,6.0,8.0,25.0,0.0,0.0,2.0,4.0,0.0,2.0,6.0,35.0,50.0,0.0,10.0,0.0
112721366,695,0,opponent,55005.0,13,4,41,33,0,0,0,0,3,4,8,0,0,0,4,0,0,0,0,47,2.0,0.0,6.0,8.0,4.0,0.0,0.0,6.0,0.0,0.0,2.0,0.0,21.0,37.0,1.0,10.0,0.0
112721366,695,1,self,55005.0,13,4,41,33,0,0,0,0,3,4,8,0,0,0,4,0,0,0,0,47,2.0,0.0,6.0,8.0,4.0,0.0,0.0,6.0,0.0,0.0,2.0,0.0,21.0,37.0,0.0,10.0,0.0
112721366,696,0,opponent,55269.0,0,4,38,36,0,0,0,0,3,4,6,0,0,0,4,0,0,0,0,73,1.0,0.0,6.0,8.0,1.0,0.0,2.0,12.0,0.0,0.0,2.0,3.0,20.0,35.0,1.0,10.0,20.0
112721366,696,1,self,55269.0,0,4,38,36,0,0,0,0,3,4,6,0,0,0,4,0,0,0,0,73,1.0,0.0,6.0,8.0,1.0,0.0,2.0,12.0,0.0,0.0,2.0,3.0,20.0,35.0,0.0,10.0,20.0
112721366,719,0,opponent,64195.0,13,4,0,0,0,0,0,0,0,0,0,0,0,0,4,0,0,0,0,0,0.0,0.0,6.0,8.0,0.0,0.0,0.0,0.0,0.0,0.0,2.0,0.0,0.0,0.0,1.0,10.0,0.0
112721366,719,1,self,64195.0,13,4,0,0,0,0,0,0,0,0,0,0,0,0,4,0,0,0,0,0,0.0,0.0,6.0,8.0,0.0,0.0,0.0,0.0,0.0,0.0,2.0,0.0,0.0,0.0,0.0,10.0,0.0
112722513,0,0,self,3000.0,0,1,0,0,0,0,0,0,0,0,0,0,0,0,0,0,0,0,0,0,0.0,0.0,0.0,0.0,0.0,0.0,0.0,0.0,0.0,0.0,0.0,0.0,0.0,0.0,0.0,0.0,0.0
112722513,0,1,opponent,3000.0,0,1,0,0,0,0,0,0,0,0,0,0,0,0,0,0,0,0,0,0,0.0,0.0,0.0,0.0,0.0,0.0,0.0,0.0,0.0,0.0,0.0,0.0,0.0,0.0,0.0,0.0,0.0
112722513,23,0,self,12.0,5,1,3,0,0,0,0,0,0,0,0,0,0,0,0,0,0,0,0,20,8.0,12.0,2.0,2.0,8.0,12.0,0.0,0.0,0.0,0.0,0.0,0.0,0.0,0.0,0.0,0.0,0.0
112722513,23,1,opponent,12.0,5,1,3,0,0,0,0,0,0,0,0,0,0,0,0,0,0,0,0,20,8.0,12.0,2.0,2.0,8.0,12.0,0.0,0.0,0.0,0.0,0.0,0.0,0.0,0.0,0.0,0.0,0.0
112722513,24,0,self,12.0,0,1,3,0,0,0,0,0,0,0,0,0,0,0,0,0,0,0,0,20,8.0,12.0,2.0,2.0,8.0,12.0,0.0,0.0,0.0,0.0,0.0,0.0,0.0,0.0,0.0,0.0,0.0
112722513,24,1,opponent,12.0,0,1,3,0,0,0,0,0,0,0,0,0,0,0,0,0,0,0,0,20,8.0,12.0,2.0,2.0,8.0,12.0,0.0,0.0,0.0,0.0,0.0,0.0,0.0,0.0,0.0,0.0,0.0
112722513,47,0,self,101.0,3,1,6,0,0,0,0,0,0,0,1,0,0,0,0,0,0,0,0,20,8.0,12.0,2.0,2.0,8.0,12.0,0.0,0.0,0.0,0.0,0.0,0.0,0.0,0.0,0.0,0.0,0.0
112722513,47,1,opponent,101.0,3,1,6,0,0,0,0,0,0,0,1,0,0,0,0,0,0,0,0,20,8.0,12.0,2.0,2.0,8.0,12.0,0.0,0.0,0.0,0.0,0.0,0.0,0.0,0.0,0.0,0.0,0.0
112722513,71,0,self,214.0,4,1,6,0,0,0,0,0,0,0,0,0,0,0,0,0,0,0,0,25,8.0,12.0,2.0,3.0,13.0,12.0,0.0,0.0,0.0,0.0,0.0,0.0,0.0,0.0,0.0,0.0,0.0
112722513,71,1,opponent,214.0,4,1,6,0,0,0,0,0,0,0,0,0,0,0,0,0,0,0,0,25,8.0,12.0,2.0,3.0,13.0,12.0,0.0,0.0,0.0,0.0,0.0,0.0,0.0,0.0,0.0,0.0,0.0
112722513,72,0,self,214.0,0,1,6,0,0,0,0,0,0,0,0,0,0,0,0,0,0,0,0,25,8.0,12.0,2.0,3.0,13.0,12.0,0.0,0.0,0.0,0.0,0.0,0.0,0.0,0.0,0.0,0.0,0.0
112722513,72,1,opponent,214.0,0,1,6,0,0,0,0,0,0,0,0,0,0,0,0,0,0,0,0,25,8.0,12.0,2.0,3.0,13.0,12.0,0.0,0.0,0.0,0.0,0.0,0.0,0.0,0.0,0.0,0.0,0.0
112722513,95,0,self,265.0,5,1,14,0,0,0,0,0,0,0,1,1,0,0,0,0,0,0,0,19,7.0,12.0,2.0,3.0,7.0,12.0,0.0,0.0,0.0,0.0,0.0,0.0,0.0,0.0,0.0,0.0,0.0
112722513,95,1,opponent,265.0,5,1,14,0,0,0,0,0,0,0,1,1,0,0,0,0,0,0,0,19,7.0,12.0,2.0,3.0,7.0,12.0,0.0,0.0,0.0,0.0,0.0,0.0,0.0,0.0,0.0,0.0,0.0
112722513,119,0,self,675.0,4,1,19,0,0,0,0,0,0,0,1,0,0,0,0,0,0,0,0,19,7.0,12.0,2.0,4.0,7.0,12.0,0.0,0.0,0.0,0.0,0.0,0.0,0.0,0.0,0.0,0.0,0.0
112722513,119,1,opponent,675.0,4,1,19,0,0,0,0,0,0,0,1,0,0,0,0,0,0,0,0,19,7.0,12.0,2.0,4.0,7.0,12.0,0.0,0.0,0.0,0.0,0.0,0.0,0.0,0.0,0.0,0.0,0.0
112722513,143,0,self,788.0,4,1,19,0,0,0,0,0,0,0,2,0,0,0,0,0,0,0,0,15,3.0,12.0,2.0,4.0,3.0,12.0,0.0,0.0,4.0,0.0,0.0,0.0,0.0,0.0,0.0,0.0,0.0
112722513,143,1,opponent,788.0,4,1,19,0,0,0,0,0,0,0,2,0,0,0,0,0,0,0,0,15,3.0,12.0,2.0,4.0,3.0,12.0,0.0,0.0,4.0,0.0,0.0,0.0,0.0,0.0,0.0,0.0,0.0
112722513,144,0,self,788.0,0,1,19,0,0,0,0,0,0,0,2,0,0,0,0,0,0,0,0,27,3.0,12.0,2.0,4.0,3.0,12.0,12.0,0.0,4.0,0.0,0.0,0.0,0.0,0.0,0.0,0.0,0.0
112722513,144,1,opponent,788.0,0,1,19,0,0,0,0,0,0,0,2,0,0,0,0,0,0,0,0,27,3.0,12.0,2.0,4.0,3.0,12.0,12.0,0.0,4.0,0.0,0.0,0.0,0.0,0.0,0.0,0.0,0.0
112722513,167,0,self,1185.0,8,2,11,0,0,0,0,0,0,0,2,0,0,0,1,8,0,0,0,29,1.0,12.0,4.0,4.0,1.0,24.0,0.0,0.0,12.0,0.0,0.0,0.0,4.0,4.0,0.0,0.0,0.0
112722513,167,1,opponent,1185.0,8,2,11,0,0,0,0,0,0,0,2,0,0,0,1,8,0,0,0,29,1.0,12.0,4.0,4.0,1.0,24.0,0.0,0.0,12.0,0.0,0.0,0.0,4.0,4.0,0.0,0.0,0.0
112722513,191,0,self,511.0,8,2,2,0,0,0,0,0,0,0,3,0,0,0,0,8,0,0,0,45,5.0,12.0,4.0,6.0,5.0,36.0,0.0,0.0,16.0,0.0,0.0,0.0,4.0,4.0,0.0,0.0,0.0
112722513,191,1,opponent,511.0,8,2,2,0,0,0,0,0,0,0,3,0,0,0,0,8,0,0,0,45,5.0,12.0,4.0,6.0,5.0,36.0,0.0,0.0,16.0,0.0,0.0,0.0,4.0,4.0,0.0,0.0,0.0
112722513,192,0,self,277.0,0,2,10,0,0,0,0,0,0,0,3,0,0,0,0,8,0,0,0,57,5.0,12.0,4.0,6.0,5.0,36.0,0.0,12.0,16.0,0.0,0.0,0.0,4.0,4.0,0.0,0.0,0.0
112722513,192,1,opponent,277.0,0,2,10,0,0,0,0,0,0,0,3,0,0,0,0,8,0,0,0,57,5.0,12.0,4.0,6.0,5.0,36.0,0.0,12.0,16.0,0.0,0.0,0.0,4.0,4.0,0.0,0.0,0.0
112722513,215,0,self,1344.0,9,2,7,8,0,0,0,0,0,0,3,0,0,0,0,8,0,0,0,53,5.0,12.0,6.0,6.0,5.0,48.0,0.0,0.0,20.0,0.0,0.0,0.0,0.0,0.0,0.0,0.0,0.0
112722513,215,1,opponent,1344.0,9,2,7,8,0,0,0,0,0,0,3,0,0,0,0,8,0,0,0,53,5.0,12.0,6.0,6.0,5.0,48.0,0.0,0.0,20.0,0.0,0.0,0.0,0.0,0.0,0.0,0.0,0.0
112722513,239,0,self,3817.0,9,2,8,0,0,0,0,0,0,0,1,0,0,0,0,8,0,0,0,63,5.0,12.0,7.0,6.0,5.0,58.0,0.0,0.0,20.0,0.0,0.0,0.0,0.0,0.0,0.0,0.0,0.0
112722513,239,1,opponent,3817.0,9,2,8,0,0,0,0,0,0,0,1,0,0,0,0,8,0,0,0,63,5.0,12.0,7.0,6.0,5.0,58.0,0.0,0.0,20.0,0.0,0.0,0.0,0.0,0.0,0.0,0.0,0.0
112722513,240,0,self,3817.0,0,2,8,0,0,0,0,0,0,0,1,0,0,0,0,8,0,0,0,76,5.0,12.0,7.0,6.0,5.0,60.0,0.0,11.0,20.0,0.0,0.0,0.0,0.0,0.0,0.0,0.0,0.0
112722513,240,1,opponent,3817.0,0,2,8,0,0,0,0,0,0,0,1,0,0,0,0,8,0,0,0,76,5.0,12.0,7.0,6.0,5.0,60.0,0.0,11.0,20.0,0.0,0.0,0.0,0.0,0.0,0.0,0.0,0.0
112722513,263,0,self,15983.0,11,2,0,0,0,0,12,0,0,0,12,0,0,0,0,8,0,0,0,12,12.0,0.0,10.0,6.0,12.0,0.0,0.0,0.0,20.0,0.0,0.0,0.0,0.0,0.0,0.0,0.0,0.0
112722513,263,1,opponent,15983.0,11,2,0,0,0,0,12,0,0,0,12,0,0,0,0,8,0,0,0,12,12.0,0.0,10.0,6.0,12.0,0.0,0.0,0.0,20.0,0.0,0.0,0.0,0.0,0.0,0.0,0.0,0.0
112722513,287,0,self,6254.0,13,4,12,0,0,0,0,0,0,0,16,0,0,0,0,8,0,0,0,22,20.0,0.0,17.0,6.0,22.0,0.0,0.0,0.0,33.0,0.0,0.0,0.0,0.0,0.0,0.0,0.0,0.0
112722513,287,1,opponent,6254.0,13,4,12,0,0,0,0,0,0,0,16,0,0,0,0,8,0,0,0,22,20.0,0.0,17.0,6.0,22.0,0.0,0.0,0.0,33.0,0.0,0.0,0.0,0.0,0.0,0.0,0.0,0.0
112722513,288,0,self,6074.0,0,4,17,0,0,0,0,0,0,0,17,0,0,0,0,8,0,0,0,51,20.0,0.0,17.0,6.0,22.0,0.0,20.0,9.0,33.0,0.0,0.0,0.0,0.0,0.0,1.0,0.0,0.0
112722513,288,1,opponent,6074.0,0,4,17,0,0,0,0,0,0,0,17,0,0,0,0,8,0,0,0,51,20.0,0.0,17.0,6.0,22.0,0.0,20.0,9.0,33.0,0.0,0.0,0.0,0.0,0.0,0.0,0.0,0.0
112722513,311,0,self,10853.0,11,4,15,0,0,0,0,3,4,0,18,0,0,0,0,8,0,0,0,30,24.0,0.0,17.0,6.0,27.0,0.0,0.0,3.0,33.0,0.0,0.0,0.0,0.0,0.0,1.0,0.0,0.0
112722513,311,1,opponent,10853.0,11,4,15,0,0,0,0,3,4,0,18,0,0,0,0,8,0,0,0,30,24.0,0.0,17.0,6.0,27.0,0.0,0.0,3.0,33.0,0.0,0.0,0.0,0.0,0.0,0.0,0.0,0.0
112722513,335,0,self,12215.0,11,4,30,0,0,0,0,0,0,0,22,0,0,0,0,8,0,0,0,33,24.0,0.0,17.0,6.0,33.0,0.0,0.0,0.0,33.0,0.0,0.0,0.0,0.0,0.0,1.0,0.0,0.0
112722513,335,1,opponent,12222.0,11,4,30,0,0,0,0,0,0,0,22,0,0,0,0,8,0,0,0,33,24.0,0.0,17.0,6.0,33.0,0.0,0.0,0.0,33.0,0.0,0.0,0.0,0.0,0.0,0.0,0.0,0.0
112722513,359,0,self,15478.0,11,4,36,0,0,0,0,3,1,0,21,0,0,0,0,8,0,0,0,35,24.0,0.0,17.0,6.0,35.0,0.0,0.0,0.0,33.0,0.0,0.0,0.0,0.0,0.0,1.0,0.0,0.0
112722513,359,1,opponent,15485.0,11,4,36,0,0,0,0,3,1,0,21,0,0,0,0,8,0,0,0,35,24.0,0.0,17.0,6.0,35.0,0.0,0.0,0.0,33.0,0.0,0.0,0.0,0.0,0.0,0.0,0.0,0.0
112722513,360,0,self,15233.0,0,4,36,0,0,0,0,3,1,0,25,0,0,0,0,8,0,0,0,83,24.0,0.0,17.0,6.0,38.0,0.0,22.0,15.0,33.0,8.0,0.0,0.0,0.0,0.0,1.0,0.0,0.0
112722513,360,1,opponent,15240.0,0,4,36,0,0,0,0,3,1,0,25,0,0,0,0,8,0,0,0,83,24.0,0.0,17.0,6.0,38.0,0.0,22.0,15.0,33.0,8.0,0.0,0.0,0.0,0.0,0.0,0.0,0.0
112722513,383,0,self,20391.0,12,4,37,0,0,8,0,9,4,0,19,0,0,0,0,8,0,0,0,38,25.0,0.0,17.0,6.0,38.0,0.0,0.0,0.0,33.0,0.0,0.0,0.0,0.0,0.0,1.0,0.0,0.0
112722513,383,1,opponent,20399.0,12,4,37,0,0,8,0,9,4,0,19,0,0,0,0,8,0,0,0,38,25.0,0.0,17.0,6.0,38.0,0.0,0.0,0.0,33.0,0.0,0.0,0.0,0.0,0.0,0.0,0.0,0.0
112722513,407,0,self,26807.0,12,4,43,0,0,0,0,5,7,0,23,0,0,0,0,8,0,0,0,39,25.0,0.0,17.0,6.0,37.0,0.0,0.0,2.0,33.0,0.0,0.0,0.0,0.0,0.0,2.0,0.0,0.0
112722513,407,1,opponent,26827.0,12,4,43,0,0,0,0,5,7,0,23,0,0,0,0,8,0,0,0,39,25.0,0.0,17.0,6.0,37.0,0.0,0.0,2.0,33.0,0.0,0.0,0.0,0.0,0.0,0.0,0.0,0.0
112722513,431,0,self,34967.0,13,4,44,0,0,0,0,5,26,0,21,0,0,0,0,8,0,0,0,39,25.0,0.0,17.0,6.0,39.0,0.0,0.0,0.0,33.0,0.0,0.0,0.0,0.0,0.0,2.0,0.0,0.0
112722513,431,1,opponent,34987.0,13,4,44,0,0,0,0,5,26,0,21,0,0,0,0,8,0,0,0,39,25.0,0.0,17.0,6.0,39.0,0.0,0.0,0.0,33.0,0.0,0.0,0.0,0.0,0.0,0.0,0.0,0.0
112722513,432,0,self,40686.0,0,4,44,0,0,0,0,5,2,0,22,0,0,0,0,8,0,0,0,91,25.0,0.0,17.0,6.0,41.0,0.0,20.0,6.0,33.0,24.0,0.0,0.0,0.0,0.0,2.0,0.0,0.0
112722513,432,1,opponent,40706.0,0,4,44,0,0,0,0,5,2,0,22,0,0,0,0,8,0,0,0,91,25.0,0.0,17.0,6.0,41.0,0.0,20.0,6.0,33.0,24.0,0.0,0.0,0.0,0.0,0.0,0.0,0.0
112722513,455,0,self,42083.0,13,4,46,0,0,0,0,6,16,0,22,0,0,0,0,8,0,0,0,41,25.0,0.0,17.0,6.0,41.0,0.0,0.0,0.0,33.0,0.0,0.0,0.0,0.0,0.0,2.0,0.0,0.0
112722513,455,1,opponent,42103.0,13,4,46,0,0,0,0,6,16,0,22,0,0,0,0,8,0,0,0,41,25.0,0.0,17.0,6.0,41.0,0.0,0.0,0.0,33.0,0.0,0.0,0.0,0.0,0.0,0.0,0.0,0.0
112722513,479,0,self,45691.0,12,4,48,0,0,6,0,4,8,0,29,0,0,0,0,8,0,0,0,47,25.0,0.0,17.0,6.0,43.0,0.0,4.0,0.0,33.0,0.0,0.0,0.0,0.0,0.0,2.0,0.0,0.0
112722513,479,1,opponent,45711.0,12,4,48,0,0,6,0,4,8,0,29,0,0,0,0,8,0,0,0,47,25.0,0.0,17.0,6.0,43.0,0.0,4.0,0.0,33.0,0.0,0.0,0.0,0.0,0.0,0.0,0.0,0.0
112722513,480,0,self,45691.0,0,4,48,0,0,6,0,4,12,0,29,0,0,0,0,8,0,0,0,109,25.0,0.0,17.0,6.0,43.0,0.0,36.0,6.0,33.0,24.0,0.0,0.0,0.0,0.0,2.0,0.0,0.0
112722513,480,1,opponent,45711.0,0,4,48,0,0,6,0,4,12,0,29,0,0,0,0,8,0,0,0,109,25.0,0.0,17.0,6.0,43.0,0.0,36.0,6.0,33.0,24.0,0.0,0.0,0.0,0.0,0.0,0.0,0.0
112722513,503,0,self,54539.0,14,4,29,0,0,0,0,6,8,0,19,0,0,0,0,8,0,0,0,49,25.0,0.0,17.0,6.0,45.0,0.0,4.0,0.0,33.0,0.0,0.0,0.0,0.0,0.0,2.0,0.0,0.0
112722513,503,1,opponent,54559.0,14,4,29,0,0,0,0,6,8,0,19,0,0,0,0,8,0,0,0,49,25.0,0.0,17.0,6.0,45.0,0.0,4.0,0.0,33.0,0.0,0.0,0.0,0.0,0.0,0.0,0.0,0.0
112722513,527,0,self,57021.0,12,4,38,0,0,11,0,6,4,0,20,0,0,0,0,8,0,0,0,65,30.0,0.0,17.0,6.0,47.0,0.0,16.0,0.0,28.0,2.0,0.0,0.0,0.0,0.0,2.0,0.0,0.0
112722513,527,1,opponent,57041.0,12,4,38,0,0,11,0,6,4,0,20,0,0,0,0,8,0,0,0,65,30.0,0.0,17.0,6.0,47.0,0.0,16.0,0.0,28.0,2.0,0.0,0.0,0.0,0.0,0.0,0.0,0.0
112722513,551,0,self,60866.0,13,4,30,0,0,13,0,4,12,0,20,0,0,0,1,8,0,0,0,53,28.0,0.0,17.0,6.0,46.0,0.0,4.0,0.0,27.0,0.0,0.0,0.0,3.0,3.0,2.0,0.0,0.0
112722513,551,1,opponent,60886.0,13,4,30,0,0,13,0,4,12,0,20,0,0,0,1,8,0,0,0,53,28.0,0.0,17.0,6.0,46.0,0.0,4.0,0.0,27.0,0.0,0.0,0.0,3.0,3.0,1.0,0.0,0.0
112722513,575,0,self,69562.0,13,4,41,0,0,20,0,6,12,0,19,0,0,0,1,8,0,0,0,65,26.0,0.0,17.0,6.0,52.0,0.0,0.0,0.0,20.0,1.0,0.0,0.0,12.0,12.0,2.0,0.0,0.0
112722513,575,1,opponent,69582.0,13,4,41,0,0,20,0,6,12,0,19,0,0,0,1,8,0,0,0,65,26.0,0.0,17.0,6.0,52.0,0.0,0.0,0.0,20.0,1.0,0.0,0.0,12.0,12.0,1.0,0.0,0.0
112722513,576,0,self,69212.0,0,4,45,0,0,18,0,6,8,0,23,0,0,0,1,8,0,0,0,97,26.0,0.0,17.0,6.0,52.0,0.0,20.0,6.0,20.0,7.0,0.0,0.0,12.0,12.0,2.0,0.0,0.0
112722513,576,1,opponent,69232.0,0,4,45,0,0,18,0,6,8,0,23,0,0,0,1,8,0,0,0,97,26.0,0.0,17.0,6.0,52.0,0.0,20.0,6.0,20.0,7.0,0.0,0.0,12.0,12.0,1.0,0.0,0.0
112722513,599,0,self,73332.0,13,4,44,0,0,5,0,6,11,0,20,0,0,0,0,8,0,0,0,66,24.0,0.0,17.0,6.0,46.0,0.0,0.0,0.0,17.0,2.0,0.0,0.0,17.0,18.0,2.0,0.0,0.0
112722513,599,1,opponent,73352.0,13,4,44,0,0,5,0,6,11,0,20,0,0,0,0,8,0,0,0,66,24.0,0.0,17.0,6.0,46.0,0.0,0.0,0.0,17.0,2.0,0.0,0.0,17.0,18.0,1.0,0.0,0.0
112722513,623,0,self,78025.0,13,4,49,9,0,13,0,6,3,0,19,0,0,0,0,8,0,0,0,75,17.0,0.0,17.0,6.0,33.0,0.0,0.0,0.0,13.0,5.0,0.0,0.0,28.0,37.0,2.0,0.0,0.0
112722513,623,1,opponent,77983.0,13,4,49,9,0,13,0,6,3,0,19,0,0,0,0,8,0,0,0,75,17.0,0.0,17.0,6.0,33.0,0.0,0.0,0.0,13.0,5.0,0.0,0.0,28.0,37.0,1.0,0.0,0.0
112722513,647,0,self,84697.0,13,4,35,25,0,0,0,4,12,0,20,0,0,0,0,8,0,0,0,78,13.0,0.0,17.0,6.0,37.0,0.0,0.0,2.0,13.0,0.0,0.0,0.0,32.0,39.0,2.0,0.0,0.0
112722513,647,1,opponent,84655.0,13,4,35,25,0,0,0,4,12,0,20,0,0,0,0,8,0,0,0,78,13.0,0.0,17.0,6.0,37.0,0.0,0.0,2.0,13.0,0.0,0.0,0.0,32.0,39.0,1.0,0.0,0.0
112722513,648,0,self,86612.0,0,4,50,28,0,0,0,6,0,0,16,0,0,0,0,8,0,0,0,128,13.0,0.0,17.0,6.0,40.0,0.0,20.0,6.0,13.0,26.0,0.0,0.0,31.0,36.0,2.0,0.0,0.0
112722513,648,1,opponent,86570.0,0,4,50,28,0,0,0,6,0,0,16,0,0,0,0,8,0,0,0,128,13.0,0.0,17.0,6.0,40.0,0.0,20.0,6.0,13.0,26.0,0.0,0.0,31.0,36.0,1.0,0.0,0.0
112722513,671,0,self,90176.0,12,4,33,13,0,20,0,2,16,0,9,0,0,0,4,0,0,0,0,77,8.0,0.0,17.0,6.0,25.0,0.0,0.0,2.0,4.0,0.0,0.0,0.0,36.0,50.0,2.0,0.0,0.0
112722513,671,1,opponent,90134.0,12,4,33,13,0,20,0,2,16,0,9,0,0,0,4,0,0,0,0,77,8.0,0.0,17.0,6.0,25.0,0.0,0.0,2.0,4.0,0.0,0.0,0.0,36.0,50.0,1.0,0.0,0.0
112722513,695,0,self,98032.0,12,4,36,32,0,0,0,0,0,0,14,0,0,0,4,0,0,0,0,45,1.0,0.0,17.0,6.0,3.0,0.0,0.0,2.0,0.0,0.0,0.0,0.0,22.0,40.0,2.0,0.0,0.0
112722513,695,1,opponent,98832.0,12,4,36,32,0,0,0,0,0,0,14,0,0,0,4,0,0,0,0,45,1.0,0.0,17.0,6.0,3.0,0.0,0.0,2.0,0.0,0.0,0.0,0.0,22.0,40.0,1.0,0.0,0.0
112722513,696,0,self,98404.0,0,4,30,35,0,0,0,0,0,0,6,0,0,0,4,0,0,0,0,82,0.0,0.0,17.0,6.0,0.0,0.0,36.0,8.0,0.0,0.0,0.0,0.0,21.0,38.0,2.0,0.0,0.0
112722513,696,1,opponent,99204.0,0,4,30,35,0,0,0,0,0,0,6,0,0,0,4,0,0,0,0,82,0.0,0.0,17.0,6.0,0.0,0.0,36.0,8.0,0.0,0.0,0.0,0.0,21.0,38.0,1.0,0.0,0.0
112722513,719,0,self,110884.0,12,4,0,0,0,0,0,0,0,0,0,0,0,0,4,0,0,0,0,0,0.0,0.0,17.0,6.0,0.0,0.0,0.0,0.0,0.0,0.0,0.0,0.0,0.0,0.0,2.0,0.0,0.0
112722513,719,1,opponent,111684.0,12,4,0,0,0,0,0,0,0,0,0,0,0,0,4,0,0,0,0,0,0.0,0.0,17.0,6.0,0.0,0.0,0.0,0.0,0.0,0.0,0.0,0.0,0.0,0.0,1.0,0.0,0.0
112723670,0,0,self,3000.0,0,1,0,0,0,0,0,0,0,0,0,0,0,0,0,0,0,0,0,0,0.0,0.0,0.0,0.0,0.0,0.0,0.0,0.0,0.0,0.0,0.0,0.0,0.0,0.0,0.0,0.0,0.0
112723670,0,1,opponent,3000.0,0,1,0,0,0,0,0,0,0,0,0,0,0,0,0,0,0,0,0,0,0.0,0.0,0.0,0.0,0.0,0.0,0.0,0.0,0.0,0.0,0.0,0.0,0.0,0.0,0.0,0.0,0.0
112723670,23,0,self,16.0,5,1,3,0,0,0,0,0,0,0,0,0,0,0,0,0,0,0,0,20,8.0,12.0,2.0,2.0,8.0,12.0,0.0,0.0,0.0,0.0,0.0,0.0,0.0,0.0,0.0,0.0,0.0
112723670,23,1,opponent,8.0,5,1,3,0,0,0,0,0,0,0,0,0,0,0,0,0,0,0,0,20,8.0,12.0,2.0,2.0,8.0,12.0,0.0,0.0,0.0,0.0,0.0,0.0,0.0,0.0,0.0,0.0,0.0
112723670,24,0,self,16.0,0,1,3,0,0,0,0,0,0,0,0,0,0,0,0,0,0,0,0,20,8.0,12.0,2.0,2.0,8.0,12.0,0.0,0.0,0.0,0.0,0.0,0.0,0.0,0.0,0.0,0.0,0.0
112723670,24,1,opponent,8.0,0,1,3,0,0,0,0,0,0,0,0,0,0,0,0,0,0,0,0,20,8.0,12.0,2.0,2.0,8.0,12.0,0.0,0.0,0.0,0.0,0.0,0.0,0.0,0.0,0.0,0.0,0.0
112723670,47,0,self,105.0,3,1,6,0,0,0,0,0,0,0,1,0,0,0,0,0,0,0,0,20,8.0,12.0,2.0,2.0,8.0,12.0,0.0,0.0,0.0,0.0,0.0,0.0,0.0,0.0,0.0,0.0,0.0
112723670,47,1,opponent,97.0,3,1,6,0,0,0,0,0,0,0,1,0,0,0,0,0,0,0,0,20,8.0,12.0,2.0,2.0,8.0,12.0,0.0,0.0,0.0,0.0,0.0,0.0,0.0,0.0,0.0,0.0,0.0
112723670,71,0,self,218.0,4,1,6,0,0,0,0,0,0,0,0,0,0,0,0,0,0,0,0,25,8.0,12.0,2.0,3.0,13.0,12.0,0.0,0.0,0.0,0.0,0.0,0.0,0.0,0.0,0.0,0.0,0.0
112723670,71,1,opponent,210.0,4,1,6,0,0,0,0,0,0,0,0,0,0,0,0,0,0,0,0,25,8.0,12.0,2.0,3.0,13.0,12.0,0.0,0.0,0.0,0.0,0.0,0.0,0.0,0.0,0.0,0.0,0.0
112723670,72,0,self,218.0,0,1,6,0,0,0,0,0,0,0,0,0,0,0,0,0,0,0,0,25,8.0,12.0,2.0,3.0,13.0,12.0,0.0,0.0,0.0,0.0,0.0,0.0,0.0,0.0,0.0,0.0,0.0
112723670,72,1,opponent,210.0,0,1,6,0,0,0,0,0,0,0,0,0,0,0,0,0,0,0,0,25,8.0,12.0,2.0,3.0,13.0,12.0,0.0,0.0,0.0,0.0,0.0,0.0,0.0,0.0,0.0,0.0,0.0
112723670,95,0,self,269.0,5,1,14,0,0,0,0,0,0,0,1,1,0,0,0,0,0,0,0,19,7.0,12.0,2.0,3.0,7.0,12.0,0.0,0.0,0.0,0.0,0.0,0.0,0.0,0.0,0.0,0.0,0.0
112723670,95,1,opponent,261.0,5,1,14,0,0,0,0,0,0,0,1,1,0,0,0,0,0,0,0,19,7.0,12.0,2.0,3.0,7.0,12.0,0.0,0.0,0.0,0.0,0.0,0.0,0.0,0.0,0.0,0.0,0.0
112723670,119,0,self,679.0,4,1,19,0,0,0,0,0,0,0,1,0,0,0,0,0,0,0,0,19,7.0,12.0,2.0,4.0,7.0,12.0,0.0,0.0,0.0,0.0,0.0,0.0,0.0,0.0,0.0,0.0,0.0
112723670,119,1,opponent,671.0,4,1,19,0,0,0,0,0,0,0,1,0,0,0,0,0,0,0,0,19,7.0,12.0,2.0,4.0,7.0,12.0,0.0,0.0,0.0,0.0,0.0,0.0,0.0,0.0,0.0,0.0,0.0
112723670,143,0,self,792.0,4,1,19,0,0,0,0,0,0,0,2,0,0,0,0,0,0,0,0,15,3.0,12.0,2.0,4.0,3.0,12.0,0.0,0.0,4.0,0.0,0.0,0.0,0.0,0.0,0.0,0.0,0.0
112723670,143,1,opponent,784.0,4,1,19,0,0,0,0,0,0,0,2,0,0,0,0,0,0,0,0,15,3.0,12.0,2.0,4.0,3.0,12.0,0.0,0.0,4.0,0.0,0.0,0.0,0.0,0.0,0.0,0.0,0.0
112723670,144,0,self,792.0,0,1,19,0,0,0,0,0,0,0,2,0,0,0,0,0,0,0,0,27,3.0,12.0,2.0,4.0,3.0,12.0,12.0,0.0,4.0,0.0,0.0,0.0,0.0,0.0,0.0,0.0,0.0
112723670,144,1,opponent,784.0,0,1,19,0,0,0,0,0,0,0,2,0,0,0,0,0,0,0,0,27,3.0,12.0,2.0,4.0,3.0,12.0,12.0,0.0,4.0,0.0,0.0,0.0,0.0,0.0,0.0,0.0,0.0
112723670,167,0,self,1120.0,7,2,16,0,0,0,0,0,0,0,1,0,0,0,0,0,0,0,0,30,6.0,12.0,2.0,6.0,7.0,23.0,0.0,0.0,12.0,0.0,0.0,0.0,0.0,0.0,0.0,0.0,0.0
112723670,167,1,opponent,1112.0,7,2,16,0,0,0,0,0,0,0,1,0,0,0,0,0,0,0,0,30,6.0,12.0,2.0,6.0,7.0,23.0,0.0,0.0,12.0,0.0,0.0,0.0,0.0,0.0,0.0,0.0,0.0
112723670,191,0,self,540.0,7,2,11,0,0,0,0,0,0,0,1,0,0,0,1,0,0,0,0,44,8.0,12.0,2.0,8.0,8.0,36.0,0.0,0.0,16.0,0.0,0.0,0.0,0.0,0.0,0.0,0.0,0.0
112723670,191,1,opponent,532.0,7,2,11,0,0,0,0,0,0,0,1,0,0,0,1,0,0,0,0,44,8.0,12.0,2.0,8.0,8.0,36.0,0.0,0.0,16.0,0.0,0.0,0.0,0.0,0.0,0.0,0.0,0.0
112723670,192,0,self,540.0,0,2,11,0,0,0,0,0,0,0,1,0,0,0,0,0,0,0,0,57,9.0,12.0,2.0,8.0,9.0,36.0,0.0,12.0,16.0,0.0,0.0,0.0,0.0,0.0,0.0,0.0,0.0
112723670,192,1,opponent,532.0,0,2,11,0,0,0,0,0,0,0,1,0,0,0,0,0,0,0,0,57,9.0,12.0,2.0,8.0,9.0,36.0,0.0,12.0,16.0,0.0,0.0,0.0,0.0,0.0,0.0,0.0,0.0
112723670,215,0,self,1668.0,8,2,28,0,0,0,0,0,0,0,3,0,0,0,0,0,0,0,0,52,5.0,12.0,4.0,8.0,5.0,47.0,0.0,0.0,20.0,0.0,0.0,0.0,0.0,0.0,0.0,0.0,0.0
112723670,215,1,opponent,1660.0,8,2,28,0,0,0,0,0,0,0,3,0,0,0,0,0,0,0,0,52,5.0,12.0,4.0,8.0,5.0,47.0,0.0,0.0,20.0,0.0,0.0,0.0,0.0,0.0,0.0,0.0,0.0
112723670,239,0,self,2678.0,8,2,36,0,0,0,0,0,0,0,1,0,1,0,0,0,0,0,0,64,5.0,12.0,4.0,9.0,5.0,59.0,0.0,0.0,20.0,0.0,0.0,0.0,0.0,0.0,0.0,0.0,0.0
112723670,239,1,opponent,2670.0,8,2,36,0,0,0,0,0,0,0,1,0,1,0,0,0,0,0,0,64,5.0,12.0,4.0,9.0,5.0,59.0,0.0,0.0,20.0,0.0,0.0,0.0,0.0,0.0,0.0,0.0,0.0
112723670,240,0,self,2678.0,0,2,36,0,0,0,0,0,0,0,1,0,1,0,0,0,0,0,0,77,5.0,12.0,4.0,9.0,5.0,60.0,0.0,12.0,20.0,0.0,0.0,0.0,0.0,0.0,0.0,0.0,0.0
112723670,240,1,opponent,2670.0,0,2,36,0,0,0,0,0,0,0,1,0,1,0,0,0,0,0,0,77,5.0,12.0,4.0,9.0,5.0,60.0,0.0,12.0,20.0,0.0,0.0,0.0,0.0,0.0,0.0,0.0,0.0
112723670,263,0,self,16564.0,11,2,42,0,0,0,12,0,0,0,11,0,0,0,0,0,0,0,0,13,12.0,0.0,5.0,9.0,13.0,0.0,0.0,0.0,20.0,0.0,2.0,0.0,0.0,0.0,0.0,0.0,0.0
112723670,263,1,opponent,16556.0,11,2,42,0,0,0,12,0,0,0,11,0,0,0,0,0,0,0,0,13,12.0,0.0,5.0,9.0,13.0,0.0,0.0,0.0,20.0,0.0,2.0,0.0,0.0,0.0,0.0,0.0,0.0
112723670,287,0,self,16027.0,10,3,37,0,0,0,0,0,0,0,15,0,0,0,0,0,0,0,0,24,21.0,0.0,5.0,9.0,24.0,0.0,0.0,0.0,33.0,0.0,3.0,0.0,0.0,0.0,0.0,0.0,0.0
112723670,287,1,opponent,16019.0,10,3,37,0,0,0,0,0,0,0,15,0,0,0,0,0,0,0,0,24,21.0,0.0,5.0,9.0,24.0,0.0,0.0,0.0,33.0,0.0,3.0,0.0,0.0,0.0,0.0,0.0,0.0
112723670,288,0,self,16027.0,0,3,39,0,0,0,0,0,0,0,16,0,0,0,0,0,0,0,0,39,20.0,0.0,5.0,9.0,22.0,0.0,8.0,9.0,33.0,0.0,3.0,0.0,0.0,0.0,0.0,0.0,0.0
112723670,288,1,opponent,16019.0,0,3,39,0,0,0,0,0,0,0,16,0,0,0,0,0,0,0,0,39,20.0,0.0,5.0,9.0,22.0,0.0,8.0,9.0,33.0,0.0,3.0,0.0,0.0,0.0,0.0,0.0,0.0
112723670,311,0,self,20032.0,9,3,14,0,0,0,0,0,0,0,17,0,0,0,0,0,0,0,0,30,24.0,0.0,5.0,9.0,27.0,0.0,0.0,3.0,33.0,0.0,3.0,0.0,0.0,0.0,0.0,0.0,0.0
112723670,311,1,opponent,20024.0,9,3,14,0,0,0,0,0,0,0,17,0,0,0,0,0,0,0,0,30,24.0,0.0,5.0,9.0,27.0,0.0,0.0,3.0,33.0,0.0,3.0,0.0,0.0,0.0,0.0,0.0,0.0
112723670,335,0,self,22063.0,9,3,16,0,0,0,0,0,0,0,14,0,0,0,0,0,0,0,0,32,24.0,0.0,5.0,9.0,32.0,0.0,0.0,0.0,33.0,0.0,3.0,0.0,0.0,0.0,0.0,0.0,0.0
112723670,335,1,opponent,22055.0,9,3,16,0,0,0,0,0,0,0,14,0,0,0,0,0,0,0,0,32,24.0,0.0,5.0,9.0,32.0,0.0,0.0,0.0,33.0,0.0,3.0,0.0,0.0,0.0,0.0,0.0,0.0
112723670,359,0,self,26594.0,9,3,21,0,0,0,0,6,3,8,20,0,0,0,0,0,0,0,0,38,24.0,0.0,5.0,9.0,38.0,0.0,0.0,0.0,33.0,0.0,3.0,0.0,0.0,0.0,0.0,0.0,0.0
112723670,359,1,opponent,26586.0,9,3,21,0,0,0,0,6,3,8,20,0,0,0,0,0,0,0,0,38,24.0,0.0,5.0,9.0,38.0,0.0,0.0,0.0,33.0,0.0,3.0,0.0,0.0,0.0,0.0,0.0,0.0
112723670,360,0,self,27463.0,0,3,21,0,0,0,0,6,0,8,15,0,0,0,0,0,0,0,0,79,24.0,0.0,5.0,9.0,40.0,0.0,8.0,15.0,33.0,8.0,3.0,8.0,0.0,0.0,0.0,0.0,0.0
112723670,360,1,opponent,27455.0,0,3,21,0,0,0,0,6,0,8,15,0,0,0,0,0,0,0,0,79,24.0,0.0,5.0,9.0,40.0,0.0,8.0,15.0,33.0,8.0,3.0,8.0,0.0,0.0,0.0,0.0,0.0
112723670,383,0,self,33394.0,10,3,23,0,0,0,0,0,8,6,11,0,0,0,1,0,0,0,0,40,24.0,0.0,5.0,9.0,38.0,0.0,0.0,0.0,33.0,0.0,3.0,2.0,0.0,0.0,0.0,0.0,0.0
112723670,383,1,opponent,33386.0,10,3,23,0,0,0,0,0,8,6,11,0,0,0,1,0,0,0,0,40,24.0,0.0,5.0,9.0,38.0,0.0,0.0,0.0,33.0,0.0,3.0,2.0,0.0,0.0,0.0,0.0,0.0
112723670,407,0,self,41172.0,11,3,30,0,0,0,0,3,0,5,11,0,0,0,1,0,0,0,0,38,25.0,0.0,5.0,9.0,36.0,0.0,0.0,0.0,33.0,0.0,3.0,2.0,0.0,0.0,0.0,0.0,0.0
112723670,407,1,opponent,41064.0,11,3,30,0,0,0,0,3,0,7,11,0,0,0,1,0,0,0,0,38,25.0,0.0,5.0,9.0,36.0,0.0,0.0,0.0,33.0,0.0,3.0,2.0,0.0,0.0,0.0,0.0,0.0
112723670,431,0,self,45460.0,11,3,30,0,0,0,0,9,8,6,15,0,0,0,1,0,0,0,0,44,25.0,0.0,5.0,9.0,36.0,0.0,0.0,6.0,33.0,0.0,3.0,2.0,0.0,0.0,0.0,0.0,0.0
112723670,431,1,opponent,45449.0,11,3,30,0,0,0,0,9,8,6,15,0,0,0,1,0,0,0,0,44,25.0,0.0,5.0,9.0,36.0,0.0,0.0,6.0,33.0,0.0,3.0,2.0,0.0,0.0,0.0,0.0,0.0
112723670,432,0,self,45460.0,0,3,30,0,0,0,0,9,8,6,16,0,0,0,1,0,0,0,0,99,25.0,0.0,5.0,9.0,38.0,0.0,8.0,21.0,33.0,24.0,3.0,8.0,0.0,0.0,0.0,0.0,0.0
112723670,432,1,opponent,45449.0,0,3,30,0,0,0,0,9,8,6,16,0,0,0,1,0,0,0,0,99,25.0,0.0,5.0,9.0,38.0,0.0,8.0,21.0,33.0,24.0,3.0,8.0,0.0,0.0,0.0,0.0,0.0
112723670,455,0,self,52955.0,11,3,25,0,0,6,0,12,0,4,14,0,0,0,1,0,0,0,0,51,25.0,0.0,5.0,9.0,38.0,0.0,4.0,3.0,33.0,2.0,3.0,4.0,0.0,0.0,0.0,0.0,0.0
112723670,455,1,opponent,52944.0,11,3,25,0,0,6,0,12,0,4,14,0,0,0,1,0,0,0,0,51,25.0,0.0,5.0,9.0,38.0,0.0,4.0,3.0,33.0,2.0,3.0,4.0,0.0,0.0,0.0,0.0,0.0
112723670,479,0,self,58379.0,10,3,28,0,0,6,0,6,4,10,13,0,0,0,1,0,0,0,0,43,25.0,0.0,5.0,9.0,40.0,0.0,0.0,3.0,33.0,0.0,3.0,0.0,0.0,0.0,0.0,0.0,0.0
112723670,479,1,opponent,58365.0,10,3,28,0,0,6,0,6,4,10,13,0,0,0,1,0,0,0,0,43,25.0,0.0,5.0,9.0,40.0,0.0,0.0,3.0,33.0,0.0,3.0,0.0,0.0,0.0,0.0,0.0,0.0
112723670,480,0,self,58379.0,0,3,28,0,0,6,0,6,4,10,13,0,0,0,1,0,0,0,0,99,25.0,0.0,5.0,9.0,43.0,0.0,8.0,18.0,33.0,24.0,3.0,6.0,0.0,0.0,0.0,0.0,0.0
112723670,480,1,opponent,58365.0,0,3,28,0,0,6,0,6,4,10,13,0,0,0,1,0,0,0,0,99,25.0,0.0,5.0,9.0,43.0,0.0,8.0,18.0,33.0,24.0,3.0,6.0,0.0,0.0,0.0,0.0,0.0
112723670,503,0,self,64146.0,11,3,33,0,0,4,0,6,4,7,13,0,0,0,1,0,0,0,0,55,25.0,0.0,5.0,9.0,43.0,0.0,4.0,6.0,33.0,0.0,3.0,2.0,0.0,0.0,0.0,0.0,0.0
112723670,503,1,opponent,64132.0,11,3,33,0,0,4,0,6,4,7,13,0,0,0,1,0,0,0,0,55,25.0,0.0,5.0,9.0,43.0,0.0,4.0,6.0,33.0,0.0,3.0,2.0,0.0,0.0,0.0,0.0,0.0
112723670,527,0,self,70368.0,11,3,33,0,0,12,0,6,0,4,16,0,0,0,1,0,0,0,0,70,30.0,0.0,5.0,9.0,48.0,0.0,8.0,8.0,28.0,2.0,3.0,4.0,0.0,0.0,0.0,0.0,0.0
112723670,527,1,opponent,70338.0,11,3,33,0,0,12,0,6,0,4,16,0,0,0,1,0,0,0,0,70,30.0,0.0,5.0,9.0,48.0,0.0,8.0,8.0,28.0,2.0,3.0,4.0,0.0,0.0,0.0,0.0,0.0
112723670,551,0,self,73814.0,11,3,35,0,0,10,0,6,4,4,13,0,0,0,1,0,0,0,0,63,31.0,0.0,5.0,9.0,48.0,0.0,0.0,7.0,27.0,2.0,3.0,6.0,0.0,0.0,0.0,0.0,0.0
112723670,551,1,opponent,73784.0,11,3,35,0,0,10,0,6,4,4,13,0,0,0,1,0,0,0,0,63,31.0,0.0,5.0,9.0,48.0,0.0,0.0,7.0,27.0,2.0,3.0,6.0,0.0,0.0,0.0,0.0,0.0
112723670,575,0,self,75836.0,11,3,34,0,0,17,0,3,8,7,17,0,0,0,1,0,0,0,0,76,38.0,0.0,5.0,9.0,63.0,0.0,0.0,6.0,20.0,5.0,3.0,2.0,0.0,0.0,0.0,0.0,0.0
112723670,575,1,opponent,75792.0,11,3,34,0,0,17,0,3,8,7,17,0,0,0,1,0,0,0,0,76,38.0,0.0,5.0,9.0,63.0,0.0,0.0,6.0,20.0,5.0,3.0,2.0,0.0,0.0,0.0,0.0,0.0
112723670,576,0,self,75886.0,0,3,34,0,0,22,0,5,8,6,17,0,0,0,1,0,0,0,0,104,38.0,0.0,5.0,9.0,68.0,0.0,8.0,14.0,20.0,6.0,3.0,8.0,0.0,0.0,0.0,0.0,0.0
112723670,576,1,opponent,75842.0,0,3,34,0,0,22,0,5,8,6,17,0,0,0,1,0,0,0,0,104,38.0,0.0,5.0,9.0,68.0,0.0,8.0,14.0,20.0,6.0,3.0,8.0,0.0,0.0,0.0,0.0,0.0
112723670,599,0,self,79387.0,11,3,43,0,0,6,0,14,0,6,16,0,0,0,1,0,0,0,0,69,37.0,0.0,5.0,9.0,63.0,0.0,0.0,0.0,17.0,0.0,3.0,2.0,4.0,4.0,0.0,0.0,0.0
112723670,599,1,opponent,79424.0,11,3,43,0,0,6,0,14,0,6,16,0,0,0,1,0,0,0,0,69,37.0,0.0,5.0,9.0,63.0,0.0,0.0,0.0,17.0,0.0,3.0,2.0,4.0,4.0,0.0,0.0,0.0
112723670,623,0,self,81441.0,11,3,49,0,0,21,0,4,4,4,15,0,0,0,1,0,0,0,0,83,27.0,0.0,5.0,9.0,60.0,0.0,0.0,4.0,13.0,0.0,3.0,1.0,18.0,18.0,0.0,0.0,0.0
112723670,623,1,opponent,81478.0,11,3,49,0,0,21,0,4,4,4,15,0,0,0,1,0,0,0,0,83,27.0,0.0,5.0,9.0,60.0,0.0,0.0,4.0,13.0,0.0,3.0,1.0,18.0,18.0,0.0,0.0,0.0
112723670,647,0,self,83661.0,11,3,53,0,0,0,0,9,7,2,17,0,0,0,1,0,0,0,0,85,16.0,0.0,5.0,9.0,44.0,0.0,0.0,7.0,13.0,0.0,3.0,3.0,29.0,31.0,0.0,0.0,0.0
112723670,647,1,opponent,83675.0,11,3,53,0,0,0,0,9,7,2,17,0,0,0,1,0,0,0,0,85,16.0,0.0,5.0,9.0,44.0,0.0,0.0,7.0,13.0,0.0,3.0,3.0,29.0,31.0,0.0,0.0,0.0
112723670,648,0,self,83661.0,0,3,53,0,0,0,0,9,7,2,18,0,0,0,1,0,0,0,0,142,16.0,0.0,5.0,9.0,48.0,0.0,7.0,18.0,13.0,26.0,3.0,8.0,29.0,35.0,0.0,0.0,0.0
112723670,648,1,opponent,83675.0,0,3,53,0,0,0,0,9,7,2,18,0,0,0,1,0,0,0,0,142,16.0,0.0,5.0,9.0,48.0,0.0,7.0,18.0,13.0,26.0,3.0,8.0,29.0,35.0,0.0,0.0,0.0
112723670,671,0,self,87524.0,11,3,33,15,0,20,0,9,7,4,6,0,0,0,2,1,0,0,0,84,16.0,0.0,5.0,9.0,37.0,0.0,0.0,3.0,4.0,0.0,3.0,4.0,28.0,40.0,0.0,0.0,0.0
112723670,671,1,opponent,87538.0,11,3,33,15,0,20,0,9,7,4,6,0,0,0,2,1,0,0,0,84,16.0,0.0,5.0,9.0,37.0,0.0,0.0,3.0,4.0,0.0,3.0,4.0,28.0,40.0,0.0,0.0,0.0
112723670,695,0,self,93095.0,11,3,48,34,0,0,0,1,0,6,8,0,0,0,2,1,0,0,0,51,8.0,0.0,5.0,9.0,10.0,0.0,0.0,9.0,0.0,0.0,3.0,0.0,15.0,32.0,0.0,0.0,0.0
112723670,695,1,opponent,93364.0,11,3,48,34,0,0,0,1,0,6,8,0,0,0,2,1,0,0,0,51,8.0,0.0,5.0,9.0,10.0,0.0,0.0,9.0,0.0,0.0,3.0,0.0,15.0,32.0,0.0,0.0,0.0
112723670,696,0,self,93429.0,0,3,42,37,0,0,0,1,0,6,6,0,0,0,2,1,0,0,0,69,7.0,0.0,5.0,9.0,9.0,0.0,8.0,19.0,0.0,0.0,3.0,4.0,14.0,29.0,0.0,0.0,0.0
112723670,696,1,opponent,93698.0,0,3,42,37,0,0,0,1,0,6,6,0,0,0,2,1,0,0,0,69,7.0,0.0,5.0,9.0,9.0,0.0,8.0,19.0,0.0,0.0,3.0,4.0,14.0,29.0,0.0,0.0,0.0
112723670,719,0,self,101141.0,11,3,0,0,0,0,0,0,0,0,0,0,0,0,2,1,0,0,0,1,0.0,0.0,5.0,9.0,0.0,0.0,0.0,1.0,0.0,0.0,3.0,0.0,0.0,0.0,0.0,0.0,0.0
112723670,719,1,opponent,101409.0,11,3,0,0,0,0,0,0,0,0,0,0,0,0,2,1,0,0,0,1,0.0,0.0,5.0,9.0,0.0,0.0,0.0,1.0,0.0,0.0,3.0,0.0,0.0,0.0,0.0,0.0,0.0
112724829,0,0,opponent,3000.0,0,1,0,0,0,0,0,0,0,0,0,0,0,0,0,0,0,0,0,0,0.0,0.0,0.0,0.0,0.0,0.0,0.0,0.0,0.0,0.0,0.0,0.0,0.0,0.0,0.0,0.0,0.0
112724829,0,1,self,3000.0,0,1,0,0,0,0,0,0,0,0,0,0,0,0,0,0,0,0,0,0,0.0,0.0,0.0,0.0,0.0,0.0,0.0,0.0,0.0,0.0,0.0,0.0,0.0,0.0,0.0,0.0,0.0
112724829,23,0,opponent,12.0,5,1,3,0,0,0,0,0,0,0,0,0,0,0,0,0,0,0,0,20,8.0,12.0,2.0,2.0,8.0,12.0,0.0,0.0,0.0,0.0,0.0,0.0,0.0,0.0,0.0,0.0,0.0
112724829,23,1,self,12.0,5,1,3,0,0,0,0,0,0,0,0,0,0,0,0,0,0,0,0,20,8.0,12.0,2.0,2.0,8.0,12.0,0.0,0.0,0.0,0.0,0.0,0.0,0.0,0.0,0.0,0.0,0.0
112724829,24,0,opponent,12.0,0,1,3,0,0,0,0,0,0,0,0,0,0,0,0,0,0,0,0,20,8.0,12.0,2.0,2.0,8.0,12.0,0.0,0.0,0.0,0.0,0.0,0.0,0.0,0.0,0.0,0.0,0.0
112724829,24,1,self,12.0,0,1,3,0,0,0,0,0,0,0,0,0,0,0,0,0,0,0,0,20,8.0,12.0,2.0,2.0,8.0,12.0,0.0,0.0,0.0,0.0,0.0,0.0,0.0,0.0,0.0,0.0,0.0
112724829,47,0,opponent,101.0,3,1,6,0,0,0,0,0,0,0,1,0,0,0,0,0,0,0,0,20,8.0,12.0,2.0,2.0,8.0,12.0,0.0,0.0,0.0,0.0,0.0,0.0,0.0,0.0,0.0,0.0,0.0
112724829,47,1,self,101.0,3,1,6,0,0,0,0,0,0,0,1,0,0,0,0,0,0,0,0,20,8.0,12.0,2.0,2.0,8.0,12.0,0.0,0.0,0.0,0.0,0.0,0.0,0.0,0.0,0.0,0.0,0.0
112724829,71,0,opponent,214.0,4,1,6,0,0,0,0,0,0,0,0,0,0,0,0,0,0,0,0,25,8.0,12.0,2.0,3.0,13.0,12.0,0.0,0.0,0.0,0.0,0.0,0.0,0.0,0.0,0.0,0.0,0.0
112724829,71,1,self,214.0,4,1,6,0,0,0,0,0,0,0,0,0,0,0,0,0,0,0,0,25,8.0,12.0,2.0,3.0,13.0,12.0,0.0,0.0,0.0,0.0,0.0,0.0,0.0,0.0,0.0,0.0,0.0
112724829,72,0,opponent,214.0,0,1,6,0,0,0,0,0,0,0,0,0,0,0,0,0,0,0,0,25,8.0,12.0,2.0,3.0,13.0,12.0,0.0,0.0,0.0,0.0,0.0,0.0,0.0,0.0,0.0,0.0,0.0
112724829,72,1,self,214.0,0,1,6,0,0,0,0,0,0,0,0,0,0,0,0,0,0,0,0,25,8.0,12.0,2.0,3.0,13.0,12.0,0.0,0.0,0.0,0.0,0.0,0.0,0.0,0.0,0.0,0.0,0.0
112724829,95,0,opponent,267.0,5,1,14,0,0,0,0,0,0,0,1,1,0,0,0,0,0,0,0,19,7.0,12.0,2.0,3.0,7.0,12.0,0.0,0.0,0.0,0.0,0.0,0.0,0.0,0.0,0.0,0.0,0.0
112724829,95,1,self,267.0,5,1,14,0,0,0,0,0,0,0,1,1,0,0,0,0,0,0,0,19,7.0,12.0,2.0,3.0,7.0,12.0,0.0,0.0,0.0,0.0,0.0,0.0,0.0,0.0,0.0,0.0,0.0
112724829,119,0,opponent,672.0,4,1,19,0,0,0,0,0,0,0,1,0,0,0,0,0,0,0,0,19,7.0,12.0,2.0,4.0,7.0,12.0,0.0,0.0,0.0,0.0,0.0,0.0,0.0,0.0,0.0,0.0,0.0
112724829,119,1,self,672.0,4,1,19,0,0,0,0,0,0,0,1,0,0,0,0,0,0,0,0,19,7.0,12.0,2.0,4.0,7.0,12.0,0.0,0.0,0.0,0.0,0.0,0.0,0.0,0.0,0.0,0.0,0.0
112724829,143,0,opponent,787.0,4,1,19,0,0,0,0,0,0,0,2,0,0,0,0,0,0,0,0,15,3.0,12.0,2.0,4.0,3.0,12.0,0.0,0.0,4.0,0.0,0.0,0.0,0.0,0.0,0.0,0.0,0.0
112724829,143,1,self,787.0,4,1,19,0,0,0,0,0,0,0,2,0,0,0,0,0,0,0,0,15,3.0,12.0,2.0,4.0,3.0,12.0,0.0,0.0,4.0,0.0,0.0,0.0,0.0,0.0,0.0,0.0,0.0
112724829,144,0,opponent,787.0,0,1,19,0,0,0,0,0,0,0,2,0,0,0,0,0,0,0,0,27,3.0,12.0,2.0,4.0,3.0,12.0,12.0,0.0,4.0,0.0,0.0,0.0,0.0,0.0,0.0,0.0,0.0
112724829,144,1,self,787.0,0,1,19,0,0,0,0,0,0,0,2,0,0,0,0,0,0,0,0,27,3.0,12.0,2.0,4.0,3.0,12.0,12.0,0.0,4.0,0.0,0.0,0.0,0.0,0.0,0.0,0.0,0.0
112724829,167,0,opponent,736.0,7,2,16,0,0,0,0,0,2,0,1,0,0,0,0,0,0,0,0,30,6.0,12.0,2.0,6.0,7.0,23.0,0.0,0.0,12.0,0.0,0.0,0.0,0.0,0.0,0.0,0.0,0.0
112724829,167,1,self,736.0,7,2,16,0,0,0,0,0,2,0,1,0,0,0,0,0,0,0,0,30,6.0,12.0,2.0,6.0,7.0,23.0,0.0,0.0,12.0,0.0,0.0,0.0,0.0,0.0,0.0,0.0,0.0
112724829,191,0,opponent,533.0,7,2,11,0,0,0,0,0,0,0,1,0,0,0,1,0,0,0,0,44,8.0,12.0,2.0,8.0,8.0,36.0,0.0,0.0,16.0,0.0,0.0,0.0,0.0,0.0,0.0,0.0,0.0
112724829,191,1,self,533.0,7,2,11,0,0,0,0,0,0,0,1,0,0,0,1,0,0,1,0,44,8.0,12.0,2.0,8.0,8.0,36.0,0.0,0.0,15.0,0.0,0.0,0.0,0.0,0.0,0.0,0.0,0.0
112724829,192,0,opponent,533.0,0,2,11,0,0,0,0,0,0,0,1,0,0,0,0,0,0,0,0,57,9.0,12.0,2.0,8.0,9.0,36.0,0.0,12.0,16.0,0.0,0.0,0.0,0.0,0.0,0.0,0.0,0.0
112724829,192,1,self,533.0,0,2,11,0,0,0,0,0,0,0,1,0,0,0,0,0,0,1,0,57,9.0,12.0,2.0,8.0,9.0,36.0,0.0,12.0,15.0,0.0,0.0,0.0,0.0,0.0,0.0,0.0,0.0
112724829,215,0,opponent,1631.0,8,2,28,0,0,0,0,0,0,0,3,0,0,0,0,0,0,0,0,52,5.0,12.0,4.0,8.0,5.0,47.0,0.0,0.0,20.0,0.0,0.0,0.0,0.0,0.0,0.0,0.0,0.0
112724829,215,1,self,1631.0,8,2,28,0,0,0,0,0,0,0,3,0,0,0,0,0,0,1,0,52,5.0,12.0,4.0,8.0,5.0,47.0,0.0,0.0,19.0,0.0,0.0,0.0,0.0,0.0,0.0,0.0,0.0
112724829,239,0,opponent,2589.0,8,2,36,0,0,0,0,0,0,0,1,0,1,0,0,0,0,0,0,64,5.0,12.0,5.0,8.0,5.0,59.0,0.0,0.0,20.0,0.0,0.0,0.0,0.0,0.0,0.0,0.0,0.0
112724829,239,1,self,2589.0,8,2,36,0,0,0,0,0,0,0,1,0,1,0,0,0,0,1,0,64,5.0,12.0,5.0,8.0,5.0,59.0,0.0,0.0,19.0,0.0,0.0,0.0,0.0,0.0,0.0,0.0,0.0
112724829,240,0,opponent,2589.0,0,2,36,0,0,0,0,0,0,0,1,0,1,0,0,0,0,0,0,77,5.0,12.0,5.0,8.0,5.0,60.0,0.0,12.0,20.0,0.0,0.0,0.0,0.0,0.0,0.0,0.0,0.0
112724829,240,1,self,2589.0,0,2,36,0,0,0,0,0,0,0,1,0,1,0,0,0,0,1,0,77,5.0,12.0,5.0,8.0,5.0,60.0,0.0,12.0,19.0,0.0,0.0,0.0,0.0,0.0,0.0,0.0,0.0
112724829,263,0,opponent,15934.0,11,2,42,0,0,0,12,0,0,0,11,0,0,0,0,0,0,0,0,13,12.0,0.0,8.0,8.0,13.0,0.0,0.0,0.0,20.0,0.0,0.0,0.0,0.0,0.0,0.0,0.0,0.0
112724829,263,1,self,15934.0,11,2,42,0,0,0,12,0,0,0,11,0,0,0,0,0,0,1,0,13,12.0,0.0,8.0,8.0,13.0,0.0,0.0,0.0,19.0,0.0,0.0,0.0,0.0,0.0,0.0,0.0,0.0
112724829,287,0,opponent,15096.0,10,3,37,0,0,0,0,0,0,0,15,0,0,0,0,0,0,0,0,24,21.0,0.0,9.0,8.0,24.0,0.0,0.0,0.0,33.0,0.0,0.0,0.0,0.0,0.0,0.0,0.0,0.0
112724829,287,1,self,15096.0,10,3,37,0,0,0,0,0,0,0,15,0,0,0,0,0,0,1,0,24,21.0,0.0,9.0,8.0,24.0,0.0,0.0,0.0,32.0,0.0,0.0,0.0,0.0,0.0,0.0,0.0,0.0
112724829,288,0,opponent,15096.0,0,3,39,0,0,0,0,0,0,0,16,0,0,0,0,0,0,0,0,39,20.0,0.0,9.0,8.0,22.0,0.0,8.0,9.0,33.0,0.0,0.0,0.0,0.0,0.0,0.0,0.0,0.0
112724829,288,1,self,15096.0,0,3,39,0,0,0,0,0,0,0,16,0,0,0,0,0,0,1,0,39,20.0,0.0,9.0,8.0,22.0,0.0,8.0,9.0,32.0,0.0,0.0,0.0,0.0,0.0,0.0,0.0,0.0
112724829,311,0,opponent,19544.0,9,3,14,0,0,0,0,0,0,0,17,0,0,0,0,0,0,0,0,30,24.0,0.0,9.0,8.0,27.0,0.0,0.0,3.0,33.0,0.0,0.0,0.0,0.0,0.0,0.0,0.0,0.0
112724829,311,1,self,19544.0,9,3,14,0,0,0,0,0,0,0,17,0,0,0,0,0,0,1,0,30,24.0,0.0,9.0,8.0,27.0,0.0,0.0,3.0,32.0,0.0,0.0,0.0,0.0,0.0,0.0,0.0,0.0
112724829,335,0,opponent,21442.0,9,3,16,0,0,0,0,0,0,0,14,0,0,0,0,0,0,0,0,32,24.0,0.0,9.0,8.0,32.0,0.0,0.0,0.0,33.0,0.0,0.0,0.0,0.0,0.0,0.0,0.0,0.0
112724829,335,1,self,21442.0,9,3,16,0,0,0,0,0,0,0,14,0,0,0,0,0,0,1,0,32,24.0,0.0,9.0,8.0,32.0,0.0,0.0,0.0,32.0,0.0,0.0,0.0,0.0,0.0,0.0,0.0,0.0
112724829,359,0,opponent,26584.0,9,3,21,0,0,0,0,6,0,0,20,0,0,0,0,0,0,0,0,38,24.0,0.0,9.0,8.0,38.0,0.0,0.0,0.0,33.0,0.0,0.0,0.0,0.0,0.0,0.0,0.0,0.0
112724829,359,1,self,26584.0,9,3,21,0,0,0,0,6,0,0,20,0,0,0,0,0,0,1,0,38,24.0,0.0,9.0,8.0,38.0,0.0,0.0,0.0,32.0,0.0,0.0,0.0,0.0,0.0,0.0,0.0,0.0
112724829,360,0,opponent,26962.0,0,3,21,0,0,0,0,6,0,0,15,0,0,0,0,0,0,0,0,77,24.0,0.0,9.0,8.0,40.0,0.0,14.0,15.0,33.0,8.0,0.0,0.0,0.0,0.0,0.0,0.0,0.0
112724829,360,1,self,26962.0,0,3,21,0,0,0,0,6,0,0,15,0,0,0,0,0,0,1,0,77,24.0,0.0,9.0,8.0,40.0,0.0,14.0,15.0,32.0,8.0,0.0,0.0,0.0,0.0,0.0,0.0,0.0
112724829,383,0,opponent,31389.0,10,3,23,0,0,0,0,0,14,0,11,0,0,0,1,0,0,0,0,38,24.0,0.0,9.0,8.0,38.0,0.0,0.0,0.0,33.0,0.0,0.0,0.0,0.0,0.0,0.0,0.0,0.0
112724829,383,1,self,31389.0,10,3,23,0,0,0,0,0,14,0,11,0,0,0,1,0,0,1,0,38,24.0,0.0,9.0,8.0,38.0,0.0,0.0,0.0,32.0,0.0,0.0,0.0,0.0,0.0,0.0,0.0,0.0
112724829,407,0,opponent,39728.0,11,3,30,0,0,0,0,3,11,0,11,0,0,0,1,0,0,0,0,36,25.0,0.0,9.0,8.0,36.0,0.0,0.0,0.0,33.0,0.0,0.0,0.0,0.0,0.0,0.0,0.0,0.0
112724829,407,1,self,39728.0,11,3,30,0,0,0,0,3,11,0,12,0,0,0,1,0,0,1,0,36,25.0,0.0,9.0,8.0,36.0,0.0,0.0,0.0,32.0,0.0,0.0,0.0,0.0,0.0,0.0,0.0,0.0
112724829,431,0,opponent,46187.0,11,3,30,0,0,0,0,9,8,0,15,0,0,0,1,0,0,0,0,36,25.0,0.0,9.0,8.0,36.0,0.0,0.0,0.0,33.0,0.0,0.0,0.0,0.0,0.0,0.0,0.0,0.0
112724829,431,1,self,45891.0,11,3,30,0,0,0,0,9,8,0,15,0,0,0,1,0,0,1,0,36,25.0,0.0,9.0,8.0,36.0,0.0,0.0,0.0,32.0,0.0,0.0,0.0,0.0,0.0,0.0,0.0,0.0
112724829,432,0,opponent,47004.0,0,3,30,0,0,0,0,9,2,0,16,0,0,0,1,0,0,0,0,89,25.0,0.0,9.0,8.0,38.0,0.0,12.0,15.0,33.0,24.0,0.0,0.0,0.0,0.0,0.0,0.0,0.0
112724829,432,1,self,46708.0,0,3,30,0,0,0,0,9,2,0,16,0,0,0,1,0,0,1,0,89,25.0,0.0,9.0,8.0,38.0,0.0,12.0,15.0,32.0,24.0,0.0,0.0,0.0,0.0,0.0,0.0,0.0
112724829,455,0,opponent,46488.0,13,4,25,0,0,6,0,6,4,0,14,0,0,0,1,0,0,0,0,47,25.0,0.0,9.0,8.0,38.0,0.0,4.0,3.0,33.0,2.0,0.0,0.0,0.0,0.0,0.0,10.0,0.0
112724829,455,1,self,46192.0,13,4,25,0,0,6,0,6,4,0,14,0,0,0,1,0,0,1,0,47,25.0,0.0,9.0,8.0,38.0,0.0,4.0,3.0,32.0,2.0,0.0,0.0,0.0,0.0,0.0,10.0,0.0
112724829,479,0,opponent,49216.0,11,4,27,0,0,6,0,6,16,0,14,0,0,0,1,0,0,0,0,42,25.0,0.0,9.0,8.0,42.0,0.0,0.0,0.0,33.0,0.0,0.0,0.0,0.0,0.0,0.0,10.0,0.0
112724829,479,1,self,48920.0,11,4,27,0,0,4,0,6,16,0,14,0,0,0,1,0,0,1,0,42,25.0,0.0,9.0,8.0,42.0,0.0,0.0,0.0,32.0,0.0,0.0,0.0,0.0,0.0,0.0,10.0,0.0
112724829,480,0,opponent,49216.0,0,4,27,0,0,6,0,6,16,0,15,0,0,0,1,0,0,0,0,97,25.0,0.0,9.0,8.0,46.0,0.0,12.0,15.0,33.0,24.0,0.0,0.0,0.0,0.0,0.0,10.0,0.0
112724829,480,1,self,48920.0,0,4,27,0,0,4,0,6,16,0,15,0,0,0,1,0,0,1,0,97,25.0,0.0,9.0,8.0,46.0,0.0,12.0,15.0,32.0,24.0,0.0,0.0,0.0,0.0,0.0,10.0,0.0
112724829,503,0,opponent,52390.0,12,4,30,0,0,4,0,6,8,0,14,0,0,0,1,0,0,0,0,56,25.0,0.0,9.0,8.0,49.0,0.0,4.0,3.0,33.0,0.0,0.0,0.0,0.0,0.0,0.0,10.0,0.0
112724829,503,1,self,51968.0,12,4,30,0,0,4,0,6,8,0,14,0,0,0,1,0,0,1,0,56,25.0,0.0,9.0,8.0,49.0,0.0,4.0,3.0,32.0,0.0,0.0,0.0,0.0,0.0,0.0,10.0,0.0
112724829,527,0,opponent,53556.0,11,4,42,0,0,12,0,6,0,0,17,0,0,0,1,0,0,0,0,69,30.0,0.0,9.0,8.0,52.0,0.0,12.0,3.0,28.0,2.0,0.0,0.0,0.0,0.0,0.0,10.0,0.0
112724829,527,1,self,53134.0,11,4,42,0,0,12,0,6,0,0,17,0,0,0,1,0,0,1,0,68,30.0,0.0,9.0,8.0,52.0,0.0,12.0,3.0,27.0,1.0,0.0,0.0,0.0,0.0,0.0,10.0,0.0
112724829,551,0,opponent,54902.0,12,4,44,0,0,11,0,9,8,0,13,0,0,0,1,0,0,0,0,60,31.0,0.0,9.0,8.0,47.0,0.0,8.0,3.0,27.0,2.0,0.0,0.0,0.0,0.0,0.0,10.0,0.0
112724829,551,1,self,54479.0,12,4,44,0,0,11,0,9,8,0,13,0,0,0,1,0,0,1,0,60,31.0,0.0,9.0,8.0,47.0,0.0,8.0,3.0,26.0,2.0,0.0,0.0,0.0,0.0,0.0,10.0,0.0
112724829,575,0,opponent,56535.0,11,4,34,0,0,17,0,4,10,0,17,0,0,0,1,0,0,0,0,75,38.0,0.0,9.0,8.0,65.0,0.0,0.0,5.0,20.0,5.0,0.0,0.0,0.0,0.0,0.0,10.0,0.0
112724829,575,1,self,56112.0,11,4,34,0,0,16,0,4,10,0,17,0,0,0,1,0,0,1,0,75,38.0,0.0,9.0,8.0,65.0,0.0,0.0,5.0,19.0,5.0,0.0,0.0,0.0,0.0,0.0,10.0,0.0
112724829,576,0,opponent,56535.0,0,4,34,0,0,22,0,6,10,0,17,0,0,0,1,0,0,0,0,100,38.0,0.0,9.0,8.0,70.0,0.0,10.0,13.0,20.0,7.0,0.0,0.0,0.0,0.0,0.0,10.0,0.0
112724829,576,1,self,56112.0,0,4,34,0,0,21,0,6,10,0,17,0,0,0,1,0,0,1,0,100,38.0,0.0,9.0,8.0,70.0,0.0,10.0,13.0,19.0,7.0,0.0,0.0,0.0,0.0,0.0,10.0,0.0
112724829,599,0,opponent,57448.0,13,4,50,0,0,7,0,13,3,0,16,0,0,0,1,0,0,0,0,67,37.0,0.0,9.0,8.0,63.0,0.0,0.0,0.0,17.0,0.0,0.0,0.0,4.0,4.0,0.0,10.0,0.0
112724829,599,1,self,57024.0,13,4,50,0,0,7,0,13,3,0,16,0,0,0,1,0,0,1,0,67,37.0,0.0,9.0,8.0,63.0,0.0,0.0,0.0,17.0,0.0,0.0,0.0,4.0,4.0,0.0,10.0,0.0
112724829,623,0,opponent,59346.0,13,4,48,0,0,21,0,5,10,0,16,0,0,0,1,0,0,0,0,79,27.0,0.0,9.0,8.0,59.0,0.0,0.0,2.0,13.0,0.0,0.0,0.0,18.0,18.0,0.0,10.0,0.0
112724829,623,1,self,58922.0,13,4,48,0,0,21,0,5,10,0,16,0,0,0,1,0,0,1,0,79,27.0,0.0,9.0,8.0,59.0,0.0,0.0,2.0,13.0,0.0,0.0,0.0,18.0,18.0,0.0,10.0,0.0
112724829,647,0,opponent,64506.0,14,4,51,0,8,0,0,9,9,0,16,0,0,0,1,0,0,0,0,80,16.0,0.0,9.0,8.0,44.0,0.0,0.0,5.0,13.0,0.0,0.0,0.0,29.0,31.0,0.0,10.0,0.0
112724829,647,1,self,64082.0,14,4,51,0,8,0,0,9,9,0,16,0,0,0,1,0,0,1,0,80,16.0,0.0,9.0,8.0,44.0,0.0,0.0,5.0,13.0,0.0,0.0,0.0,29.0,31.0,0.0,10.0,0.0
112724829,648,0,opponent,64506.0,0,4,51,0,8,0,0,9,9,0,17,0,0,0,1,0,0,0,0,152,16.0,0.0,9.0,8.0,48.0,0.0,9.0,14.0,13.0,26.0,0.0,0.0,29.0,35.0,0.0,10.0,20.0
112724829,648,1,self,64082.0,0,4,51,0,8,0,0,9,9,0,17,0,0,0,1,0,0,1,0,152,16.0,0.0,9.0,8.0,48.0,0.0,9.0,14.0,13.0,26.0,0.0,0.0,29.0,35.0,0.0,10.0,20.0
112724829,671,0,opponent,70777.0,13,4,32,15,14,20,0,5,9,0,5,0,0,0,1,0,0,0,0,79,18.0,0.0,9.0,8.0,38.0,0.0,0.0,3.0,4.0,0.0,0.0,0.0,26.0,38.0,0.0,10.0,0.0
112724829,671,1,self,70353.0,13,4,32,15,14,20,0,5,9,0,5,0,0,0,1,0,0,1,0,79,18.0,0.0,9.0,8.0,38.0,0.0,0.0,3.0,4.0,0.0,0.0,0.0,26.0,38.0,0.0,10.0,0.0
112724829,695,0,opponent,82003.0,13,4,44,33,0,0,0,1,0,0,8,0,0,0,1,0,0,0,0,50,10.0,0.0,9.0,8.0,12.0,0.0,0.0,9.0,0.0,0.0,0.0,0.0,13.0,29.0,0.0,10.0,0.0
112724829,695,1,self,81579.0,13,4,44,33,0,0,0,1,0,0,8,0,0,0,1,0,0,1,0,50,10.0,0.0,9.0,8.0,12.0,0.0,0.0,9.0,0.0,0.0,0.0,0.0,13.0,29.0,0.0,10.0,0.0
112724829,696,0,opponent,82237.0,0,4,42,36,0,0,0,1,0,0,6,0,0,0,1,0,0,0,0,86,9.0,0.0,9.0,8.0,10.0,0.0,12.0,18.0,0.0,0.0,0.0,0.0,12.0,26.0,1.0,10.0,20.0
112724829,696,1,self,81813.0,0,4,42,36,0,0,0,1,0,0,6,0,0,0,1,0,0,1,0,86,9.0,0.0,9.0,8.0,10.0,0.0,12.0,18.0,0.0,0.0,0.0,0.0,12.0,26.0,0.0,10.0,20.0
112724829,719,0,opponent,91961.0,13,4,0,0,0,0,0,0,0,0,0,0,0,0,1,0,0,0,0,0,0.0,0.0,9.0,8.0,0.0,0.0,0.0,0.0,0.0,0.0,0.0,0.0,0.0,0.0,1.0,10.0,0.0
112724829,719,1,self,91537.0,13,4,0,0,0,0,0,0,0,0,0,0,0,0,1,0,0,1,0,0,0.0,0.0,9.0,8.0,0.0,0.0,0.0,0.0,0.0,0.0,0.0,0.0,0.0,0.0,0.0,10.0,0.0
112726090,0,0,self,3000.0,0,1,0,0,0,0,0,0,0,0,0,0,0,0,0,0,0,0,0,0,0.0,0.0,0.0,0.0,0.0,0.0,0.0,0.0,0.0,0.0,0.0,0.0,0.0,0.0,0.0,0.0,0.0
112726090,0,1,opponent,3000.0,0,1,0,0,0,0,0,0,0,0,0,0,0,0,0,0,0,0,0,0,0.0,0.0,0.0,0.0,0.0,0.0,0.0,0.0,0.0,0.0,0.0,0.0,0.0,0.0,0.0,0.0,0.0
112726090,23,0,self,12.0,5,1,3,0,0,0,0,0,0,0,0,0,0,0,0,0,0,0,0,20,8.0,12.0,2.0,2.0,8.0,12.0,0.0,0.0,0.0,0.0,0.0,0.0,0.0,0.0,0.0,0.0,0.0
112726090,23,1,opponent,23.0,5,1,3,0,0,0,0,0,0,0,0,0,0,0,0,0,0,0,0,19,7.0,12.0,2.0,2.0,7.0,12.0,0.0,0.0,0.0,0.0,0.0,0.0,0.0,0.0,0.0,0.0,0.0
112726090,24,0,self,12.0,0,1,3,0,0,0,0,0,0,0,0,0,0,0,0,0,0,0,0,20,8.0,12.0,2.0,2.0,8.0,12.0,0.0,0.0,0.0,0.0,0.0,0.0,0.0,0.0,0.0,0.0,0.0
112726090,24,1,opponent,23.0,0,1,3,0,0,0,0,0,0,0,0,0,0,0,0,0,0,0,0,19,7.0,12.0,2.0,2.0,7.0,12.0,0.0,0.0,0.0,0.0,0.0,0.0,0.0,0.0,0.0,0.0,0.0
112726090,47,0,self,101.0,3,1,6,0,0,0,0,0,0,0,1,0,0,0,0,0,0,0,0,20,8.0,12.0,2.0,2.0,8.0,12.0,0.0,0.0,0.0,0.0,0.0,0.0,0.0,0.0,0.0,0.0,0.0
112726090,47,1,opponent,83.0,3,1,7,0,0,0,0,0,0,0,1,0,0,0,0,0,0,0,0,19,7.0,12.0,2.0,2.0,7.0,12.0,0.0,0.0,0.0,0.0,0.0,0.0,0.0,0.0,0.0,0.0,0.0
112726090,71,0,self,214.0,4,1,6,0,0,0,0,0,0,0,0,0,0,0,0,0,0,0,0,25,8.0,12.0,2.0,3.0,13.0,12.0,0.0,0.0,0.0,0.0,0.0,0.0,0.0,0.0,0.0,0.0,0.0
112726090,71,1,opponent,196.0,4,1,7,0,0,0,0,0,0,0,0,0,0,0,0,0,0,0,0,23,7.0,12.0,2.0,3.0,11.0,12.0,0.0,0.0,0.0,0.0,0.0,0.0,0.0,0.0,0.0,0.0,0.0
112726090,72,0,self,214.0,0,1,6,0,0,0,0,0,0,0,0,0,0,0,0,0,0,0,0,25,8.0,12.0,2.0,3.0,13.0,12.0,0.0,0.0,0.0,0.0,0.0,0.0,0.0,0.0,0.0,0.0,0.0
112726090,72,1,opponent,196.0,0,1,7,0,0,0,0,0,0,0,0,0,0,0,0,0,0,0,0,23,7.0,12.0,2.0,3.0,11.0,12.0,0.0,0.0,0.0,0.0,0.0,0.0,0.0,0.0,0.0,0.0,0.0
112726090,95,0,self,266.0,5,1,14,0,0,0,0,0,0,0,1,1,0,0,0,0,0,0,0,19,7.0,12.0,2.0,3.0,7.0,12.0,0.0,0.0,0.0,0.0,0.0,0.0,0.0,0.0,0.0,0.0,0.0
112726090,95,1,opponent,276.0,5,1,11,0,0,0,0,0,0,0,1,1,0,0,0,0,0,0,0,19,7.0,12.0,2.0,3.0,7.0,12.0,0.0,0.0,0.0,0.0,0.0,0.0,0.0,0.0,0.0,0.0,0.0
112726090,119,0,self,676.0,4,1,19,0,0,0,0,0,0,0,1,0,0,0,0,0,0,0,0,19,7.0,12.0,2.0,4.0,7.0,12.0,0.0,0.0,0.0,0.0,0.0,0.0,0.0,0.0,0.0,0.0,0.0
112726090,119,1,opponent,686.0,4,1,16,0,0,0,0,0,0,0,1,0,0,0,0,0,0,0,0,19,7.0,12.0,2.0,4.0,7.0,12.0,0.0,0.0,0.0,0.0,0.0,0.0,0.0,0.0,0.0,0.0,0.0
112726090,143,0,self,789.0,4,1,19,0,0,0,0,0,0,0,2,0,0,0,0,0,0,0,0,15,3.0,12.0,2.0,4.0,3.0,12.0,0.0,0.0,4.0,0.0,0.0,0.0,0.0,0.0,0.0,0.0,0.0
112726090,143,1,opponent,799.0,4,1,16,0,0,0,0,0,0,0,2,0,0,0,0,0,0,0,0,15,3.0,12.0,2.0,4.0,3.0,12.0,0.0,0.0,4.0,0.0,0.0,0.0,0.0,0.0,0.0,0.0,0.0
112726090,144,0,self,789.0,0,1,19,0,0,0,0,0,0,0,2,0,0,0,0,0,0,0,0,27,3.0,12.0,2.0,4.0,3.0,12.0,12.0,0.0,4.0,0.0,0.0,0.0,0.0,0.0,0.0,0.0,0.0
112726090,144,1,opponent,799.0,0,1,16,0,0,0,0,0,0,0,2,0,0,0,0,0,0,0,0,27,3.0,12.0,2.0,4.0,3.0,12.0,12.0,0.0,4.0,0.0,0.0,0.0,0.0,0.0,0.0,0.0,0.0
112726090,167,0,self,743.0,7,2,16,0,0,0,0,0,2,0,1,0,0,0,0,0,0,0,0,30,6.0,12.0,2.0,6.0,7.0,23.0,0.0,0.0,12.0,0.0,0.0,0.0,0.0,0.0,0.0,0.0,0.0
112726090,167,1,opponent,1126.0,7,2,13,0,0,0,0,0,0,0,1,0,0,0,0,0,0,0,0,30,6.0,12.0,2.0,6.0,7.0,23.0,0.0,0.0,12.0,0.0,0.0,0.0,0.0,0.0,0.0,0.0,0.0
112726090,191,0,self,535.0,7,2,11,0,0,0,0,0,0,0,1,0,0,0,2,0,0,0,0,43,7.0,12.0,2.0,8.0,7.0,36.0,0.0,0.0,16.0,0.0,0.0,0.0,0.0,0.0,0.0,0.0,0.0
112726090,191,1,opponent,546.0,7,2,8,0,0,0,0,0,0,0,1,0,0,0,1,0,0,0,0,44,8.0,12.0,2.0,8.0,8.0,36.0,0.0,0.0,16.0,0.0,0.0,0.0,0.0,0.0,0.0,0.0,0.0
112726090,192,0,self,535.0,0,2,11,0,0,0,0,0,0,0,1,0,0,0,1,0,0,0,0,56,8.0,12.0,2.0,8.0,8.0,36.0,0.0,12.0,16.0,0.0,0.0,0.0,0.0,0.0,0.0,0.0,0.0
112726090,192,1,opponent,546.0,0,2,8,0,0,0,0,0,0,0,1,0,0,0,0,0,0,0,0,57,9.0,12.0,2.0,8.0,9.0,36.0,0.0,12.0,16.0,0.0,0.0,0.0,0.0,0.0,0.0,0.0,0.0
112726090,215,0,self,1663.0,8,2,28,0,0,0,0,0,0,0,3,0,0,0,1,0,0,0,0,51,4.0,12.0,4.0,8.0,4.0,47.0,0.0,0.0,20.0,0.0,0.0,0.0,0.0,0.0,0.0,0.0,0.0
112726090,215,1,opponent,1606.0,8,2,27,0,0,0,0,0,0,0,3,0,0,0,0,0,0,0,0,52,5.0,12.0,4.0,8.0,5.0,47.0,0.0,0.0,20.0,0.0,0.0,0.0,0.0,0.0,0.0,0.0,0.0
112726090,239,0,self,2645.0,8,2,34,0,0,0,0,0,0,0,1,0,1,0,1,0,0,0,0,64,5.0,12.0,5.0,8.0,5.0,59.0,0.0,0.0,20.0,0.0,0.0,0.0,0.0,0.0,0.0,0.0,0.0
112726090,239,1,opponent,2516.0,8,2,37,0,0,0,0,0,0,0,1,0,1,0,0,0,0,0,0,64,5.0,12.0,5.0,8.0,5.0,59.0,0.0,0.0,20.0,0.0,0.0,0.0,0.0,0.0,0.0,0.0,0.0
112726090,240,0,self,2645.0,0,2,34,0,0,0,0,0,0,0,1,0,1,0,1,0,0,0,0,77,5.0,12.0,5.0,8.0,5.0,60.0,0.0,12.0,20.0,0.0,0.0,0.0,0.0,0.0,0.0,0.0,0.0
112726090,240,1,opponent,2516.0,0,2,37,0,0,0,0,0,0,0,1,0,1,0,0,0,0,0,0,77,5.0,12.0,5.0,8.0,5.0,60.0,0.0,12.0,20.0,0.0,0.0,0.0,0.0,0.0,0.0,0.0,0.0
112726090,263,0,self,15946.0,11,2,42,0,0,0,12,0,0,0,11,0,0,0,1,0,0,0,0,13,12.0,0.0,8.0,8.0,13.0,0.0,0.0,0.0,20.0,0.0,0.0,0.0,0.0,0.0,0.0,0.0,0.0
112726090,263,1,opponent,15819.0,11,2,45,0,0,0,12,0,0,0,11,0,0,0,0,0,0,0,0,13,12.0,0.0,8.0,8.0,13.0,0.0,0.0,0.0,20.0,0.0,0.0,0.0,0.0,0.0,0.0,0.0,0.0
112726090,287,0,self,15134.0,10,3,37,0,0,0,0,0,0,0,15,0,0,0,1,0,0,0,0,24,21.0,0.0,9.0,8.0,24.0,0.0,0.0,0.0,33.0,0.0,0.0,0.0,0.0,0.0,0.0,0.0,0.0
112726090,287,1,opponent,14612.0,10,3,49,0,0,0,0,0,0,0,15,0,0,0,0,0,0,0,0,24,21.0,0.0,9.0,8.0,24.0,0.0,0.0,0.0,33.0,0.0,0.0,0.0,0.0,0.0,0.0,0.0,0.0
112726090,288,0,self,15134.0,0,3,39,0,0,0,0,0,0,0,16,0,0,0,1,0,0,0,0,39,20.0,0.0,9.0,8.0,22.0,0.0,8.0,9.0,33.0,0.0,0.0,0.0,0.0,0.0,0.0,0.0,0.0
112726090,288,1,opponent,14612.0,0,3,51,0,0,0,0,0,0,0,16,0,0,0,0,0,0,0,0,39,20.0,0.0,9.0,8.0,22.0,0.0,8.0,9.0,33.0,0.0,0.0,0.0,0.0,0.0,0.0,0.0,0.0
112726090,311,0,self,12188.0,11,4,14,0,0,0,0,0,0,0,17,0,0,0,1,0,0,0,0,30,24.0,0.0,15.0,8.0,27.0,0.0,0.0,3.0,33.0,0.0,0.0,0.0,0.0,0.0,0.0,0.0,0.0
112726090,311,1,opponent,11315.0,11,4,35,0,0,0,0,0,0,0,17,0,0,0,0,0,0,0,0,30,24.0,0.0,15.0,8.0,27.0,0.0,0.0,3.0,33.0,0.0,0.0,0.0,0.0,0.0,0.0,0.0,0.0
112726090,335,0,self,13943.0,11,4,16,0,0,0,0,0,0,0,14,0,0,0,1,0,0,0,0,32,24.0,0.0,15.0,8.0,32.0,0.0,0.0,0.0,33.0,0.0,0.0,0.0,0.0,0.0,0.0,0.0,0.0
112726090,335,1,opponent,13838.0,11,4,16,0,0,0,0,0,0,0,14,0,0,0,0,0,0,0,0,32,24.0,0.0,15.0,8.0,32.0,0.0,0.0,0.0,33.0,0.0,0.0,0.0,0.0,0.0,0.0,0.0,0.0
112726090,359,0,self,18324.0,11,4,21,0,0,0,0,9,0,0,20,0,0,0,1,0,0,0,0,38,24.0,0.0,15.0,8.0,38.0,0.0,0.0,0.0,33.0,0.0,0.0,0.0,0.0,0.0,1.0,0.0,0.0
112726090,359,1,opponent,18561.0,11,4,21,0,0,0,0,6,0,0,20,0,0,0,0,0,0,0,0,38,24.0,0.0,15.0,8.0,38.0,0.0,0.0,0.0,33.0,0.0,0.0,0.0,0.0,0.0,0.0,0.0,0.0
112726090,360,0,self,18986.0,0,4,21,0,0,0,0,6,0,0,15,0,0,0,1,0,0,0,0,77,24.0,0.0,15.0,8.0,40.0,0.0,14.0,15.0,33.0,8.0,0.0,0.0,0.0,0.0,1.0,0.0,0.0
112726090,360,1,opponent,18909.0,0,4,21,0,0,0,0,6,0,0,15,0,0,0,0,0,0,0,0,77,24.0,0.0,15.0,8.0,40.0,0.0,14.0,15.0,33.0,8.0,0.0,0.0,0.0,0.0,0.0,0.0,0.0
112726090,383,0,self,22572.0,12,4,23,0,0,0,0,0,14,0,12,0,0,0,2,0,0,0,0,38,24.0,0.0,15.0,8.0,38.0,0.0,0.0,0.0,33.0,0.0,0.0,0.0,0.0,0.0,1.0,0.0,0.0
112726090,383,1,opponent,22488.0,12,4,23,0,0,0,0,0,14,0,12,0,0,0,1,0,0,0,0,38,24.0,0.0,15.0,8.0,38.0,0.0,0.0,0.0,33.0,0.0,0.0,0.0,0.0,0.0,0.0,0.0,0.0
112726090,407,0,self,31206.0,12,4,30,0,0,0,0,3,11,0,12,0,0,0,2,0,0,0,0,36,25.0,0.0,15.0,8.0,36.0,0.0,0.0,0.0,33.0,0.0,0.0,0.0,0.0,0.0,1.0,0.0,0.0
112726090,407,1,opponent,31171.0,12,4,30,0,0,0,0,3,11,0,12,0,0,0,1,0,0,0,0,36,25.0,0.0,15.0,8.0,36.0,0.0,0.0,0.0,33.0,0.0,0.0,0.0,0.0,0.0,0.0,0.0,0.0
112726090,431,0,self,38657.0,12,4,33,0,0,0,0,9,8,0,19,0,0,0,2,0,0,0,0,36,25.0,0.0,15.0,8.0,36.0,0.0,0.0,0.0,33.0,0.0,0.0,0.0,0.0,0.0,1.0,0.0,0.0
112726090,431,1,opponent,38616.0,12,4,33,0,0,0,0,9,8,0,19,0,0,0,1,0,0,0,0,36,25.0,0.0,15.0,8.0,36.0,0.0,0.0,0.0,33.0,0.0,0.0,0.0,0.0,0.0,0.0,0.0,0.0
112726090,432,0,self,40046.0,0,4,33,0,0,0,0,9,2,0,20,0,0,0,2,0,0,0,0,125,25.0,0.0,15.0,8.0,38.0,0.0,48.0,15.0,33.0,24.0,0.0,0.0,0.0,0.0,1.0,0.0,0.0
112726090,432,1,opponent,40005.0,0,4,33,0,0,0,0,9,2,0,20,0,0,0,1,0,0,0,0,125,25.0,0.0,15.0,8.0,38.0,0.0,48.0,15.0,33.0,24.0,0.0,0.0,0.0,0.0,0.0,0.0,0.0
112726090,455,0,self,52137.0,13,4,33,0,0,6,0,6,8,0,14,0,0,0,2,0,0,0,0,47,25.0,0.0,15.0,8.0,38.0,0.0,4.0,3.0,33.0,2.0,0.0,0.0,0.0,0.0,1.0,0.0,0.0
112726090,455,1,opponent,52697.0,13,4,35,0,0,6,0,6,4,0,14,0,0,0,1,0,0,0,0,47,25.0,0.0,15.0,8.0,38.0,0.0,4.0,3.0,33.0,2.0,0.0,0.0,0.0,0.0,0.0,0.0,0.0
112726090,479,0,self,57430.0,12,4,35,0,0,6,0,4,12,0,17,0,0,0,2,0,0,0,0,42,25.0,0.0,15.0,8.0,42.0,0.0,0.0,0.0,33.0,0.0,0.0,0.0,0.0,0.0,2.0,0.0,0.0
112726090,479,1,opponent,57303.0,12,4,40,0,0,6,0,4,12,0,17,0,0,0,1,0,0,0,0,42,25.0,0.0,15.0,8.0,42.0,0.0,0.0,0.0,33.0,0.0,0.0,0.0,0.0,0.0,0.0,0.0,0.0
112726090,480,0,self,57430.0,0,4,35,0,0,6,0,4,12,0,18,0,0,0,2,0,0,0,0,92,25.0,0.0,15.0,8.0,46.0,0.0,12.0,10.0,33.0,24.0,0.0,0.0,0.0,0.0,2.0,0.0,0.0
112726090,480,1,opponent,57303.0,0,4,40,0,0,6,0,4,12,0,18,0,0,0,1,0,0,0,0,92,25.0,0.0,15.0,8.0,46.0,0.0,12.0,10.0,33.0,24.0,0.0,0.0,0.0,0.0,0.0,0.0,0.0
112726090,503,0,self,64405.0,12,4,42,0,0,4,0,4,10,0,17,0,0,0,2,0,0,0,0,55,25.0,0.0,15.0,8.0,49.0,0.0,4.0,2.0,33.0,0.0,0.0,0.0,0.0,0.0,2.0,0.0,0.0
112726090,503,1,opponent,64616.0,12,4,47,0,0,4,0,4,8,0,15,0,0,0,1,0,0,0,0,55,25.0,0.0,15.0,8.0,49.0,0.0,4.0,2.0,33.0,0.0,0.0,0.0,0.0,0.0,0.0,0.0,0.0
112726090,527,0,self,74411.0,13,4,47,0,0,12,0,6,0,0,17,0,0,0,2,0,0,0,0,68,30.0,0.0,15.0,8.0,52.0,0.0,12.0,2.0,28.0,2.0,0.0,0.0,0.0,0.0,2.0,0.0,0.0
112726090,527,1,opponent,74218.0,13,4,56,0,0,12,0,6,0,0,17,0,0,0,1,0,0,0,0,68,30.0,0.0,15.0,8.0,52.0,0.0,12.0,2.0,28.0,2.0,0.0,0.0,0.0,0.0,0.0,0.0,0.0
112726090,551,0,self,78508.0,12,4,51,0,0,11,0,6,8,0,17,0,0,0,2,0,0,0,0,59,31.0,0.0,15.0,8.0,47.0,0.0,8.0,2.0,27.0,2.0,0.0,0.0,0.0,0.0,2.0,0.0,0.0
112726090,551,1,opponent,78310.0,12,4,60,0,0,11,0,6,8,0,15,0,0,0,1,0,0,0,0,59,31.0,0.0,15.0,8.0,47.0,0.0,8.0,2.0,27.0,2.0,0.0,0.0,0.0,0.0,0.0,0.0,0.0
112726090,575,0,self,82616.0,12,4,40,0,0,17,0,4,9,0,20,0,0,0,2,0,0,0,0,74,38.0,0.0,15.0,8.0,65.0,0.0,0.0,4.0,20.0,5.0,0.0,0.0,0.0,0.0,2.0,0.0,0.0
112726090,575,1,opponent,83197.0,12,4,33,0,0,17,0,4,9,0,20,0,0,0,1,0,0,0,0,73,38.0,0.0,15.0,8.0,64.0,0.0,0.0,4.0,20.0,5.0,0.0,0.0,0.0,0.0,0.0,0.0,0.0
112726090,576,0,self,82616.0,0,4,40,0,0,22,0,6,9,0,20,0,0,0,2,0,0,0,0,123,38.0,0.0,15.0,8.0,70.0,0.0,34.0,12.0,20.0,7.0,0.0,0.0,0.0,0.0,2.0,0.0,0.0
112726090,576,1,opponent,83197.0,0,4,33,0,0,22,0,6,9,0,20,0,0,0,1,0,0,0,0,122,38.0,0.0,15.0,8.0,69.0,0.0,34.0,12.0,20.0,7.0,0.0,0.0,0.0,0.0,1.0,0.0,0.0
112726090,599,0,self,86597.0,13,4,55,0,0,7,0,12,16,0,22,0,0,0,2,0,0,0,0,67,37.0,0.0,15.0,8.0,63.0,0.0,0.0,0.0,17.0,0.0,0.0,0.0,4.0,4.0,2.0,0.0,0.0
112726090,599,1,opponent,85594.0,13,4,58,0,0,7,0,12,16,0,22,0,0,0,1,0,0,0,0,68,37.0,0.0,15.0,8.0,64.0,0.0,0.0,0.0,17.0,0.0,0.0,0.0,4.0,4.0,1.0,0.0,0.0
112726090,623,0,self,88629.0,12,4,52,0,0,21,0,4,10,0,18,0,0,0,2,0,0,0,0,79,27.0,0.0,15.0,8.0,59.0,0.0,0.0,2.0,13.0,0.0,0.0,0.0,18.0,18.0,2.0,0.0,0.0
112726090,623,1,opponent,86980.0,12,4,64,0,0,21,0,4,10,0,17,0,0,0,1,0,0,0,0,81,27.0,0.0,15.0,8.0,61.0,0.0,0.0,2.0,13.0,0.0,0.0,0.0,18.0,18.0,1.0,0.0,0.0
112726090,647,0,self,92178.0,12,4,53,0,0,0,0,7,8,0,18,0,0,0,2,0,0,0,0,78,16.0,0.0,15.0,8.0,44.0,0.0,0.0,3.0,13.0,0.0,0.0,0.0,29.0,31.0,2.0,0.0,0.0
112726090,647,1,opponent,89810.0,12,4,70,0,0,0,0,7,8,0,18,0,0,0,1,0,0,0,0,78,16.0,0.0,15.0,8.0,44.0,0.0,0.0,3.0,13.0,0.0,0.0,0.0,29.0,31.0,1.0,0.0,0.0
112726090,648,0,self,92178.0,0,4,53,0,0,0,0,7,8,0,19,0,0,0,2,0,0,0,0,151,16.0,0.0,15.0,8.0,48.0,0.0,33.0,9.0,13.0,26.0,0.0,0.0,29.0,35.0,2.0,0.0,0.0
112726090,648,1,opponent,90158.0,0,4,60,0,0,0,0,7,8,0,19,0,0,0,1,0,0,0,0,151,16.0,0.0,15.0,8.0,48.0,0.0,33.0,9.0,13.0,26.0,0.0,0.0,29.0,35.0,1.0,0.0,0.0
112726090,671,0,self,99436.0,12,4,37,15,0,20,0,4,9,0,5,0,0,0,4,0,0,0,0,78,15.0,0.0,15.0,8.0,35.0,0.0,0.0,2.0,4.0,0.0,0.0,0.0,29.0,41.0,2.0,0.0,0.0
112726090,671,1,opponent,97244.0,12,4,44,15,0,20,0,4,9,0,5,0,0,0,1,8,0,0,0,78,18.0,0.0,15.0,8.0,38.0,0.0,0.0,2.0,4.0,0.0,0.0,0.0,26.0,38.0,1.0,0.0,0.0
112726090,695,0,self,104414.0,12,4,43,33,0,0,0,0,0,0,14,0,0,0,4,0,0,0,0,46,7.0,0.0,15.0,8.0,9.0,0.0,0.0,5.0,0.0,0.0,0.0,0.0,16.0,32.0,2.0,0.0,0.0
112726090,695,1,opponent,103304.0,12,4,43,33,0,0,0,0,0,0,12,0,0,0,1,8,0,0,0,46,10.0,0.0,15.0,8.0,12.0,0.0,0.0,5.0,0.0,0.0,0.0,0.0,13.0,29.0,1.0,0.0,0.0
112726090,696,0,self,104559.0,0,4,41,36,0,0,0,0,0,0,6,0,0,0,4,0,0,0,0,59,6.0,0.0,15.0,8.0,7.0,0.0,12.0,11.0,0.0,0.0,0.0,0.0,15.0,29.0,2.0,0.0,0.0
112726090,696,1,opponent,103443.0,0,4,41,36,0,0,0,0,0,0,10,0,0,0,1,8,0,0,0,59,9.0,0.0,15.0,8.0,10.0,0.0,12.0,11.0,0.0,0.0,0.0,0.0,12.0,26.0,1.0,0.0,0.0
112726090,719,0,self,110510.0,11,4,0,0,0,0,0,0,0,0,0,0,0,0,4,0,0,0,0,0,0.0,0.0,15.0,8.0,0.0,0.0,0.0,0.0,0.0,0.0,0.0,0.0,0.0,0.0,2.0,0.0,0.0
112726090,719,1,opponent,109320.0,11,4,0,0,0,0,0,0,0,0,0,0,0,0,1,8,0,0,0,0,0.0,0.0,15.0,8.0,0.0,0.0,0.0,0.0,0.0,0.0,0.0,0.0,0.0,0.0,1.0,0.0,0.0
112727153,0,0,self,3000.0,0,1,0,0,0,0,0,0,0,0,0,0,0,0,0,0,0,0,0,0,0.0,0.0,0.0,0.0,0.0,0.0,0.0,0.0,0.0,0.0,0.0,0.0,0.0,0.0,0.0,0.0,0.0
112727153,0,1,opponent,3000.0,0,1,0,0,0,0,0,0,0,0,0,0,0,0,0,0,0,0,0,0,0.0,0.0,0.0,0.0,0.0,0.0,0.0,0.0,0.0,0.0,0.0,0.0,0.0,0.0,0.0,0.0,0.0
112727153,23,0,self,12.0,5,1,3,0,0,0,0,0,0,0,0,0,0,0,0,0,0,0,0,20,8.0,12.0,2.0,2.0,8.0,12.0,0.0,0.0,0.0,0.0,0.0,0.0,0.0,0.0,0.0,0.0,0.0
112727153,23,1,opponent,12.0,5,1,3,0,0,0,0,0,0,0,0,0,0,0,0,0,0,0,0,20,8.0,12.0,2.0,2.0,8.0,12.0,0.0,0.0,0.0,0.0,0.0,0.0,0.0,0.0,0.0,0.0,0.0
112727153,24,0,self,12.0,0,1,3,0,0,0,0,0,0,0,0,0,0,0,0,0,0,0,0,20,8.0,12.0,2.0,2.0,8.0,12.0,0.0,0.0,0.0,0.0,0.0,0.0,0.0,0.0,0.0,0.0,0.0
112727153,24,1,opponent,12.0,0,1,3,0,0,0,0,0,0,0,0,0,0,0,0,0,0,0,0,20,8.0,12.0,2.0,2.0,8.0,12.0,0.0,0.0,0.0,0.0,0.0,0.0,0.0,0.0,0.0,0.0,0.0
112727153,47,0,self,101.0,3,1,6,0,0,0,0,0,0,0,1,0,0,0,0,0,0,0,0,20,8.0,12.0,2.0,2.0,8.0,12.0,0.0,0.0,0.0,0.0,0.0,0.0,0.0,0.0,0.0,0.0,0.0
112727153,47,1,opponent,101.0,3,1,6,0,0,0,0,0,0,0,1,0,0,0,0,0,0,0,0,20,8.0,12.0,2.0,2.0,8.0,12.0,0.0,0.0,0.0,0.0,0.0,0.0,0.0,0.0,0.0,0.0,0.0
112727153,71,0,self,214.0,4,1,6,0,0,0,0,0,0,0,0,0,0,0,0,0,0,0,0,25,8.0,12.0,2.0,3.0,13.0,12.0,0.0,0.0,0.0,0.0,0.0,0.0,0.0,0.0,0.0,0.0,0.0
112727153,71,1,opponent,214.0,4,1,6,0,0,0,0,0,0,0,0,0,0,0,0,0,0,0,0,25,8.0,12.0,2.0,3.0,13.0,12.0,0.0,0.0,0.0,0.0,0.0,0.0,0.0,0.0,0.0,0.0,0.0
112727153,72,0,self,214.0,0,1,6,0,0,0,0,0,0,0,0,0,0,0,0,0,0,0,0,25,8.0,12.0,2.0,3.0,13.0,12.0,0.0,0.0,0.0,0.0,0.0,0.0,0.0,0.0,0.0,0.0,0.0
112727153,72,1,opponent,214.0,0,1,6,0,0,0,0,0,0,0,0,0,0,0,0,0,0,0,0,25,8.0,12.0,2.0,3.0,13.0,12.0,0.0,0.0,0.0,0.0,0.0,0.0,0.0,0.0,0.0,0.0,0.0
112727153,95,0,self,265.0,5,1,14,0,0,0,0,0,0,0,1,1,0,0,0,0,0,0,0,19,7.0,12.0,2.0,3.0,7.0,12.0,0.0,0.0,0.0,0.0,0.0,0.0,0.0,0.0,0.0,0.0,0.0
112727153,95,1,opponent,265.0,5,1,14,0,0,0,0,0,0,0,1,1,0,0,0,0,0,0,0,19,7.0,12.0,2.0,3.0,7.0,12.0,0.0,0.0,0.0,0.0,0.0,0.0,0.0,0.0,0.0,0.0,0.0
112727153,119,0,self,675.0,4,1,19,0,0,0,0,0,0,0,1,0,0,0,0,0,0,0,0,19,7.0,12.0,2.0,4.0,7.0,12.0,0.0,0.0,0.0,0.0,0.0,0.0,0.0,0.0,0.0,0.0,0.0
112727153,119,1,opponent,675.0,4,1,19,0,0,0,0,0,0,0,1,0,0,0,0,0,0,0,0,19,7.0,12.0,2.0,4.0,7.0,12.0,0.0,0.0,0.0,0.0,0.0,0.0,0.0,0.0,0.0,0.0,0.0
112727153,143,0,self,788.0,4,1,19,0,0,0,0,0,0,0,2,0,0,0,0,0,0,0,0,15,3.0,12.0,2.0,4.0,3.0,12.0,0.0,0.0,4.0,0.0,0.0,0.0,0.0,0.0,0.0,0.0,0.0
112727153,143,1,opponent,788.0,4,1,19,0,0,0,0,0,0,0,2,0,0,0,0,0,0,0,0,15,3.0,12.0,2.0,4.0,3.0,12.0,0.0,0.0,4.0,0.0,0.0,0.0,0.0,0.0,0.0,0.0,0.0
112727153,144,0,self,788.0,0,1,19,0,0,0,0,0,0,0,2,0,0,0,0,0,0,0,0,27,3.0,12.0,2.0,4.0,3.0,12.0,12.0,0.0,4.0,0.0,0.0,0.0,0.0,0.0,0.0,0.0,0.0
112727153,144,1,opponent,788.0,0,1,19,0,0,0,0,0,0,0,2,0,0,0,0,0,0,0,0,27,3.0,12.0,2.0,4.0,3.0,12.0,12.0,0.0,4.0,0.0,0.0,0.0,0.0,0.0,0.0,0.0,0.0
112727153,167,0,self,1235.0,8,2,11,0,0,0,0,0,0,0,2,0,0,0,0,8,0,0,0,29,5.0,12.0,4.0,4.0,5.0,24.0,0.0,0.0,12.0,0.0,0.0,0.0,0.0,0.0,0.0,0.0,0.0
112727153,167,1,opponent,1235.0,8,2,11,0,0,0,0,0,0,0,2,0,0,0,0,8,0,0,0,29,5.0,12.0,4.0,4.0,5.0,24.0,0.0,0.0,12.0,0.0,0.0,0.0,0.0,0.0,0.0,0.0,0.0
112727153,191,0,self,551.0,8,2,2,0,0,0,0,0,0,0,3,0,0,0,0,8,0,0,0,45,9.0,12.0,4.0,6.0,9.0,36.0,0.0,0.0,16.0,0.0,0.0,0.0,0.0,0.0,0.0,0.0,0.0
112727153,191,1,opponent,551.0,8,2,2,0,0,0,0,0,0,0,3,0,0,0,0,8,0,0,0,45,9.0,12.0,4.0,6.0,9.0,36.0,0.0,0.0,16.0,0.0,0.0,0.0,0.0,0.0,0.0,0.0,0.0
112727153,192,0,self,307.0,0,2,10,0,0,0,0,0,0,0,3,0,0,0,0,8,0,0,0,57,9.0,12.0,4.0,6.0,9.0,36.0,0.0,12.0,16.0,0.0,0.0,0.0,0.0,0.0,0.0,0.0,0.0
112727153,192,1,opponent,307.0,0,2,10,0,0,0,0,0,0,0,3,0,0,0,0,8,0,0,0,57,9.0,12.0,4.0,6.0,9.0,36.0,0.0,12.0,16.0,0.0,0.0,0.0,0.0,0.0,0.0,0.0,0.0
112727153,215,0,self,1366.0,9,2,15,0,0,0,0,0,0,0,3,0,0,0,0,8,0,0,0,53,5.0,12.0,6.0,6.0,5.0,48.0,0.0,0.0,20.0,0.0,0.0,0.0,0.0,0.0,0.0,0.0,0.0
112727153,215,1,opponent,1366.0,9,2,15,0,0,0,0,0,0,0,3,0,0,0,0,8,0,0,0,53,5.0,12.0,6.0,6.0,5.0,48.0,0.0,0.0,20.0,0.0,0.0,0.0,0.0,0.0,0.0,0.0,0.0
112727153,239,0,self,3687.0,9,2,11,0,0,0,0,0,0,0,1,0,0,0,0,8,0,0,0,63,5.0,12.0,7.0,6.0,5.0,58.0,0.0,0.0,20.0,0.0,0.0,0.0,0.0,0.0,0.0,0.0,0.0
112727153,239,1,opponent,3687.0,9,2,11,0,0,0,0,0,0,0,1,0,0,0,0,8,0,0,0,63,5.0,12.0,7.0,6.0,5.0,58.0,0.0,0.0,20.0,0.0,0.0,0.0,0.0,0.0,0.0,0.0,0.0
112727153,240,0,self,3687.0,0,2,11,0,0,0,0,0,0,0,1,0,0,0,0,8,0,0,0,76,5.0,12.0,7.0,6.0,5.0,60.0,0.0,11.0,20.0,0.0,0.0,0.0,0.0,0.0,0.0,0.0,0.0
112727153,240,1,opponent,3687.0,0,2,11,0,0,0,0,0,0,0,1,0,0,0,0,8,0,0,0,76,5.0,12.0,7.0,6.0,5.0,60.0,0.0,11.0,20.0,0.0,0.0,0.0,0.0,0.0,0.0,0.0,0.0
112727153,263,0,self,15876.0,11,2,2,0,0,0,12,0,0,0,12,0,0,0,0,8,0,0,0,12,12.0,0.0,10.0,6.0,12.0,0.0,0.0,0.0,20.0,0.0,0.0,0.0,0.0,0.0,0.0,0.0,0.0
112727153,263,1,opponent,15876.0,11,2,2,0,0,0,12,0,0,0,12,0,0,0,0,8,0,0,0,12,12.0,0.0,10.0,6.0,12.0,0.0,0.0,0.0,20.0,0.0,0.0,0.0,0.0,0.0,0.0,0.0,0.0
112727153,287,0,self,13708.0,11,3,14,0,0,0,0,0,0,0,16,0,0,0,0,8,0,0,0,22,20.0,0.0,11.0,6.0,22.0,0.0,0.0,0.0,33.0,0.0,0.0,0.0,0.0,0.0,0.0,0.0,0.0
112727153,287,1,opponent,13708.0,11,3,14,0,0,0,0,0,0,0,16,0,0,0,0,8,0,0,0,22,20.0,0.0,11.0,6.0,22.0,0.0,0.0,0.0,33.0,0.0,0.0,0.0,0.0,0.0,0.0,0.0,0.0
112727153,288,0,self,13520.0,0,3,19,0,0,0,0,0,0,0,17,0,0,0,0,8,0,0,0,51,20.0,0.0,11.0,6.0,22.0,0.0,20.0,9.0,33.0,0.0,0.0,0.0,0.0,0.0,0.0,0.0,0.0
112727153,288,1,opponent,13520.0,0,3,19,0,0,0,0,0,0,0,17,0,0,0,0,8,0,0,0,51,20.0,0.0,11.0,6.0,22.0,0.0,20.0,9.0,33.0,0.0,0.0,0.0,0.0,0.0,0.0,0.0,0.0
112727153,311,0,self,18219.0,9,3,17,0,0,0,0,3,4,0,18,0,0,0,0,8,0,0,0,30,24.0,0.0,11.0,6.0,27.0,0.0,0.0,3.0,33.0,0.0,0.0,0.0,0.0,0.0,0.0,0.0,0.0
112727153,311,1,opponent,18219.0,9,3,17,0,0,0,0,3,4,0,18,0,0,0,0,8,0,0,0,30,24.0,0.0,11.0,6.0,27.0,0.0,0.0,3.0,33.0,0.0,0.0,0.0,0.0,0.0,0.0,0.0,0.0
112727153,335,0,self,19690.0,10,3,32,0,0,0,0,0,0,0,22,0,0,0,0,8,0,0,0,33,24.0,0.0,11.0,6.0,33.0,0.0,0.0,0.0,33.0,0.0,0.0,0.0,0.0,0.0,0.0,0.0,0.0
112727153,335,1,opponent,19690.0,10,3,32,0,0,0,0,0,0,0,22,0,0,0,0,8,0,0,0,33,24.0,0.0,11.0,6.0,33.0,0.0,0.0,0.0,33.0,0.0,0.0,0.0,0.0,0.0,0.0,0.0,0.0
112727153,359,0,self,23235.0,10,3,38,0,0,0,0,3,1,0,18,0,0,0,0,8,0,0,0,35,24.0,0.0,11.0,6.0,35.0,0.0,0.0,0.0,33.0,0.0,0.0,0.0,0.0,0.0,0.0,0.0,0.0
112727153,359,1,opponent,23235.0,10,3,38,0,0,0,0,3,1,0,18,0,0,0,0,8,0,0,0,35,24.0,0.0,11.0,6.0,35.0,0.0,0.0,0.0,33.0,0.0,0.0,0.0,0.0,0.0,0.0,0.0,0.0
112727153,360,0,self,22968.0,0,3,38,0,0,0,0,3,1,0,22,0,0,0,0,8,0,0,0,83,24.0,0.0,11.0,6.0,38.0,0.0,22.0,15.0,33.0,8.0,0.0,0.0,0.0,0.0,0.0,0.0,0.0
112727153,360,1,opponent,22968.0,0,3,38,0,0,0,0,3,1,0,22,0,0,0,0,8,0,0,0,83,24.0,0.0,11.0,6.0,38.0,0.0,22.0,15.0,33.0,8.0,0.0,0.0,0.0,0.0,0.0,0.0,0.0
112727153,383,0,self,28282.0,11,3,39,0,0,8,0,9,4,0,16,0,0,0,0,8,0,0,0,38,25.0,0.0,11.0,6.0,38.0,0.0,0.0,0.0,33.0,0.0,0.0,0.0,0.0,0.0,0.0,0.0,0.0
112727153,383,1,opponent,28282.0,11,3,39,0,0,8,0,9,4,0,16,0,0,0,0,8,0,0,0,38,25.0,0.0,11.0,6.0,38.0,0.0,0.0,0.0,33.0,0.0,0.0,0.0,0.0,0.0,0.0,0.0,0.0
112727153,407,0,self,36953.0,11,3,44,0,0,0,0,5,9,0,20,0,0,0,0,8,0,0,0,39,25.0,0.0,11.0,6.0,37.0,0.0,0.0,2.0,33.0,0.0,0.0,0.0,0.0,0.0,0.0,0.0,0.0
112727153,407,1,opponent,36953.0,11,3,44,0,0,0,0,5,9,0,20,0,0,0,0,8,0,0,0,39,25.0,0.0,11.0,6.0,37.0,0.0,0.0,2.0,33.0,0.0,0.0,0.0,0.0,0.0,0.0,0.0,0.0
112727153,431,0,self,44150.0,11,3,51,0,0,0,0,7,8,0,18,0,0,0,0,8,0,0,0,39,25.0,0.0,11.0,6.0,39.0,0.0,0.0,0.0,33.0,0.0,0.0,0.0,0.0,0.0,0.0,0.0,0.0
112727153,431,1,opponent,44158.0,11,3,51,0,0,0,0,7,8,0,18,0,0,0,0,8,0,0,0,39,25.0,0.0,11.0,6.0,39.0,0.0,0.0,0.0,33.0,0.0,0.0,0.0,0.0,0.0,0.0,0.0,0.0
112727153,432,0,self,45352.0,0,3,51,0,0,0,0,7,2,0,19,0,0,0,0,8,0,0,0,91,25.0,0.0,11.0,6.0,41.0,0.0,20.0,6.0,33.0,24.0,0.0,0.0,0.0,0.0,0.0,0.0,0.0
112727153,432,1,opponent,45360.0,0,3,51,0,0,0,0,7,2,0,19,0,0,0,0,8,0,0,0,91,25.0,0.0,11.0,6.0,41.0,0.0,20.0,6.0,33.0,24.0,0.0,0.0,0.0,0.0,0.0,0.0,0.0
112727153,455,0,self,52370.0,12,3,46,0,0,0,0,6,16,0,19,0,0,0,0,8,0,0,0,41,25.0,0.0,11.0,6.0,41.0,0.0,0.0,0.0,33.0,0.0,0.0,0.0,0.0,0.0,0.0,0.0,0.0
112727153,455,1,opponent,52480.0,12,3,46,0,0,0,0,6,16,0,19,0,0,0,0,8,0,0,0,41,25.0,0.0,11.0,6.0,41.0,0.0,0.0,0.0,33.0,0.0,0.0,0.0,0.0,0.0,0.0,0.0,0.0
112727153,479,0,self,57230.0,11,3,48,0,0,6,0,4,8,0,26,0,0,0,0,8,0,0,0,47,25.0,0.0,11.0,6.0,43.0,0.0,4.0,0.0,33.0,0.0,0.0,0.0,0.0,0.0,0.0,0.0,0.0
112727153,479,1,opponent,57340.0,11,3,48,0,0,6,0,4,8,0,26,0,0,0,0,8,0,0,0,47,25.0,0.0,11.0,6.0,43.0,0.0,4.0,0.0,33.0,0.0,0.0,0.0,0.0,0.0,0.0,0.0,0.0
112727153,480,0,self,58471.0,0,3,48,0,0,0,0,4,12,0,26,0,0,0,0,8,0,0,0,85,25.0,0.0,11.0,6.0,43.0,0.0,12.0,6.0,33.0,24.0,0.0,0.0,0.0,0.0,0.0,0.0,0.0
112727153,480,1,opponent,58581.0,0,3,48,0,0,0,0,4,12,0,26,0,0,0,0,8,0,0,0,85,25.0,0.0,11.0,6.0,43.0,0.0,12.0,6.0,33.0,24.0,0.0,0.0,0.0,0.0,0.0,0.0,0.0
112727153,503,0,self,65919.0,12,3,29,0,0,0,0,6,8,0,16,0,0,0,0,8,0,0,0,49,25.0,0.0,11.0,6.0,45.0,0.0,4.0,0.0,33.0,0.0,0.0,0.0,0.0,0.0,0.0,0.0,0.0
112727153,503,1,opponent,66029.0,12,3,29,0,0,0,0,6,8,0,16,0,0,0,0,8,0,0,0,49,25.0,0.0,11.0,6.0,45.0,0.0,4.0,0.0,33.0,0.0,0.0,0.0,0.0,0.0,0.0,0.0,0.0
112727153,527,0,self,71575.0,11,3,40,0,0,11,0,6,4,0,17,0,0,0,0,8,0,0,0,65,30.0,0.0,11.0,6.0,47.0,0.0,16.0,0.0,28.0,2.0,0.0,0.0,0.0,0.0,0.0,0.0,0.0
112727153,527,1,opponent,71685.0,11,3,40,0,0,11,0,6,4,0,17,0,0,0,0,8,0,0,0,65,30.0,0.0,11.0,6.0,47.0,0.0,16.0,0.0,28.0,2.0,0.0,0.0,0.0,0.0,0.0,0.0,0.0
112727153,551,0,self,79267.0,12,3,32,0,0,0,0,4,12,0,17,0,0,0,0,8,0,0,0,53,31.0,0.0,11.0,6.0,49.0,0.0,4.0,0.0,27.0,0.0,0.0,0.0,0.0,0.0,0.0,0.0,0.0
112727153,551,1,opponent,79377.0,12,3,32,0,0,0,0,4,12,0,17,0,0,0,0,8,0,0,0,53,31.0,0.0,11.0,6.0,49.0,0.0,4.0,0.0,27.0,0.0,0.0,0.0,0.0,0.0,0.0,0.0,0.0
112727153,575,0,self,80803.0,12,3,43,0,0,20,0,6,12,0,16,0,0,0,0,8,0,0,0,67,38.0,0.0,11.0,6.0,66.0,0.0,0.0,0.0,20.0,1.0,0.0,0.0,0.0,0.0,0.0,0.0,0.0
112727153,575,1,opponent,81435.0,12,3,43,0,0,20,0,6,12,0,16,0,0,0,0,8,0,0,0,67,38.0,0.0,11.0,6.0,66.0,0.0,0.0,0.0,20.0,1.0,0.0,0.0,0.0,0.0,0.0,0.0,0.0
112727153,576,0,self,80323.0,0,3,45,0,0,18,0,6,8,0,23,0,0,0,0,8,0,0,0,95,38.0,0.0,11.0,6.0,66.0,0.0,16.0,6.0,20.0,7.0,0.0,0.0,0.0,0.0,0.0,0.0,0.0
112727153,576,1,opponent,80955.0,0,3,45,0,0,18,0,6,8,0,23,0,0,0,0,8,0,0,0,95,38.0,0.0,11.0,6.0,66.0,0.0,16.0,6.0,20.0,7.0,0.0,0.0,0.0,0.0,0.0,0.0,0.0
112727153,599,0,self,84528.0,12,3,49,0,0,5,0,6,7,0,17,0,0,0,0,8,0,0,0,68,41.0,0.0,11.0,6.0,66.0,0.0,0.0,0.0,17.0,2.0,0.0,0.0,0.0,0.0,0.0,0.0,0.0
112727153,599,1,opponent,85549.0,12,3,49,0,0,5,0,6,7,0,17,0,0,0,0,8,0,0,0,68,41.0,0.0,11.0,6.0,66.0,0.0,0.0,0.0,17.0,2.0,0.0,0.0,0.0,0.0,0.0,0.0,0.0
112727153,623,0,self,89065.0,12,3,60,0,0,13,0,9,0,0,16,0,0,0,0,0,0,0,0,78,31.0,0.0,11.0,6.0,59.0,0.0,0.0,0.0,13.0,5.0,0.0,0.0,14.0,14.0,0.0,0.0,0.0
112727153,623,1,opponent,90086.0,12,3,60,0,0,13,0,9,0,0,16,0,0,0,0,0,0,0,0,78,31.0,0.0,11.0,6.0,59.0,0.0,0.0,0.0,13.0,5.0,0.0,0.0,14.0,14.0,0.0,0.0,0.0
112727153,647,0,self,94396.0,11,3,63,0,0,0,0,6,0,0,17,0,0,0,0,6,0,0,0,83,19.0,0.0,11.0,6.0,54.0,0.0,0.0,3.0,13.0,0.0,0.0,0.0,26.0,26.0,0.0,0.0,0.0
112727153,647,1,opponent,95417.0,11,3,63,0,0,0,0,6,0,0,17,0,0,0,0,6,0,0,0,83,19.0,0.0,11.0,6.0,54.0,0.0,0.0,3.0,13.0,0.0,0.0,0.0,26.0,26.0,0.0,0.0,0.0
112727153,648,0,self,93917.0,0,3,75,0,0,0,0,9,0,0,16,0,0,0,0,6,0,0,0,135,19.0,0.0,11.0,6.0,58.0,0.0,16.0,9.0,13.0,26.0,0.0,0.0,26.0,26.0,0.0,0.0,0.0
112727153,648,1,opponent,94938.0,0,3,75,0,0,0,0,9,0,0,16,0,0,0,0,6,0,0,0,135,19.0,0.0,11.0,6.0,58.0,0.0,16.0,9.0,13.0,26.0,0.0,0.0,26.0,26.0,0.0,0.0,0.0
112727153,671,0,self,97447.0,12,3,58,1,0,20,0,3,13,0,8,0,0,0,4,0,0,0,0,80,9.0,0.0,11.0,6.0,32.0,0.0,0.0,3.0,4.0,0.0,0.0,0.0,35.0,45.0,0.0,0.0,0.0
112727153,671,1,opponent,98468.0,12,3,58,1,0,20,0,3,13,0,8,0,0,0,4,0,0,0,0,80,9.0,0.0,11.0,6.0,32.0,0.0,0.0,3.0,4.0,0.0,0.0,0.0,35.0,45.0,0.0,0.0,0.0
112727153,695,0,self,106156.0,11,3,49,32,0,0,0,1,0,0,8,0,0,0,4,0,0,0,0,48,1.0,0.0,11.0,6.0,3.0,0.0,0.0,3.0,0.0,0.0,0.0,0.0,22.0,42.0,0.0,0.0,0.0
112727153,695,1,opponent,107177.0,11,3,49,32,0,0,0,1,0,0,8,0,0,0,4,0,0,0,0,48,1.0,0.0,11.0,6.0,3.0,0.0,0.0,3.0,0.0,0.0,0.0,0.0,22.0,42.0,0.0,0.0,0.0
112727153,696,0,self,106508.0,0,3,42,35,0,0,0,1,0,0,6,0,0,0,4,0,0,0,0,61,0.0,0.0,11.0,6.0,0.0,0.0,11.0,10.0,0.0,0.0,0.0,0.0,21.0,40.0,1.0,0.0,0.0
112727153,696,1,opponent,107529.0,0,3,42,35,0,0,0,1,0,0,6,0,0,0,4,0,0,0,0,61,0.0,0.0,11.0,6.0,0.0,0.0,11.0,10.0,0.0,0.0,0.0,0.0,21.0,40.0,0.0,0.0,0.0
112727153,719,0,self,113457.0,11,3,0,0,0,0,0,0,0,0,0,0,0,0,4,0,0,0,0,0,0.0,0.0,11.0,6.0,0.0,0.0,0.0,0.0,0.0,0.0,0.0,0.0,0.0,0.0,1.0,0.0,0.0
112727153,719,1,opponent,114478.0,11,3,0,0,0,0,0,0,0,0,0,0,0,0,4,0,0,0,0,0,0.0,0.0,11.0,6.0,0.0,0.0,0.0,0.0,0.0,0.0,0.0,0.0,0.0,0.0,0.0,0.0,0.0
112728327,0,0,self,3000.0,0,1,0,0,0,0,0,0,0,0,0,0,0,0,0,0,0,0,0,0,0.0,0.0,0.0,0.0,0.0,0.0,0.0,0.0,0.0,0.0,0.0,0.0,0.0,0.0,0.0,0.0,0.0
112728327,0,1,opponent,3000.0,0,1,0,0,0,0,0,0,0,0,0,0,0,0,0,0,0,0,0,0,0.0,0.0,0.0,0.0,0.0,0.0,0.0,0.0,0.0,0.0,0.0,0.0,0.0,0.0,0.0,0.0,0.0
112728327,23,0,self,16.0,5,1,3,0,0,0,0,0,0,0,0,0,0,0,0,0,0,0,0,20,8.0,12.0,2.0,2.0,8.0,12.0,0.0,0.0,0.0,0.0,0.0,0.0,0.0,0.0,0.0,0.0,0.0
112728327,23,1,opponent,8.0,5,1,3,0,0,0,0,0,0,0,0,0,0,0,0,0,0,0,0,20,8.0,12.0,2.0,2.0,8.0,12.0,0.0,0.0,0.0,0.0,0.0,0.0,0.0,0.0,0.0,0.0,0.0
112728327,24,0,self,16.0,0,1,3,0,0,0,0,0,0,0,0,0,0,0,0,0,0,0,0,20,8.0,12.0,2.0,2.0,8.0,12.0,0.0,0.0,0.0,0.0,0.0,0.0,0.0,0.0,0.0,0.0,0.0
112728327,24,1,opponent,8.0,0,1,3,0,0,0,0,0,0,0,0,0,0,0,0,0,0,0,0,20,8.0,12.0,2.0,2.0,8.0,12.0,0.0,0.0,0.0,0.0,0.0,0.0,0.0,0.0,0.0,0.0,0.0
112728327,47,0,self,105.0,3,1,6,0,0,0,0,0,0,0,1,0,0,0,0,0,0,0,0,20,8.0,12.0,2.0,2.0,8.0,12.0,0.0,0.0,0.0,0.0,0.0,0.0,0.0,0.0,0.0,0.0,0.0
112728327,47,1,opponent,97.0,3,1,6,0,0,0,0,0,0,0,1,0,0,0,0,0,0,0,0,20,8.0,12.0,2.0,2.0,8.0,12.0,0.0,0.0,0.0,0.0,0.0,0.0,0.0,0.0,0.0,0.0,0.0
112728327,71,0,self,218.0,4,1,6,0,0,0,0,0,0,0,0,0,0,0,0,0,0,0,0,25,8.0,12.0,2.0,3.0,13.0,12.0,0.0,0.0,0.0,0.0,0.0,0.0,0.0,0.0,0.0,0.0,0.0
112728327,71,1,opponent,210.0,4,1,6,0,0,0,0,0,0,0,0,0,0,0,0,0,0,0,0,25,8.0,12.0,2.0,3.0,13.0,12.0,0.0,0.0,0.0,0.0,0.0,0.0,0.0,0.0,0.0,0.0,0.0
112728327,72,0,self,218.0,0,1,6,0,0,0,0,0,0,0,0,0,0,0,0,0,0,0,0,25,8.0,12.0,2.0,3.0,13.0,12.0,0.0,0.0,0.0,0.0,0.0,0.0,0.0,0.0,0.0,0.0,0.0
112728327,72,1,opponent,210.0,0,1,6,0,0,0,0,0,0,0,0,0,0,0,0,0,0,0,0,25,8.0,12.0,2.0,3.0,13.0,12.0,0.0,0.0,0.0,0.0,0.0,0.0,0.0,0.0,0.0,0.0,0.0
112728327,95,0,self,269.0,5,1,14,0,0,0,0,0,0,0,1,1,0,0,0,0,0,0,0,19,7.0,12.0,2.0,3.0,7.0,12.0,0.0,0.0,0.0,0.0,0.0,0.0,0.0,0.0,0.0,0.0,0.0
112728327,95,1,opponent,261.0,5,1,14,0,0,0,0,0,0,0,1,1,0,0,0,0,0,0,0,19,7.0,12.0,2.0,3.0,7.0,12.0,0.0,0.0,0.0,0.0,0.0,0.0,0.0,0.0,0.0,0.0,0.0
112728327,119,0,self,679.0,4,1,19,0,0,0,0,0,0,0,1,0,0,0,0,0,0,0,0,19,7.0,12.0,2.0,4.0,7.0,12.0,0.0,0.0,0.0,0.0,0.0,0.0,0.0,0.0,0.0,0.0,0.0
112728327,119,1,opponent,671.0,4,1,19,0,0,0,0,0,0,0,1,0,0,0,0,0,0,0,0,19,7.0,12.0,2.0,4.0,7.0,12.0,0.0,0.0,0.0,0.0,0.0,0.0,0.0,0.0,0.0,0.0,0.0
112728327,143,0,self,792.0,4,1,19,0,0,0,0,0,0,0,2,0,0,0,0,0,0,0,0,15,3.0,12.0,2.0,4.0,3.0,12.0,0.0,0.0,4.0,0.0,0.0,0.0,0.0,0.0,0.0,0.0,0.0
112728327,143,1,opponent,784.0,4,1,19,0,0,0,0,0,0,0,2,0,0,0,0,0,0,0,0,15,3.0,12.0,2.0,4.0,3.0,12.0,0.0,0.0,4.0,0.0,0.0,0.0,0.0,0.0,0.0,0.0,0.0
112728327,144,0,self,792.0,0,1,19,0,0,0,0,0,0,0,2,0,0,0,0,0,0,0,0,27,3.0,12.0,2.0,4.0,3.0,12.0,12.0,0.0,4.0,0.0,0.0,0.0,0.0,0.0,0.0,0.0,0.0
112728327,144,1,opponent,784.0,0,1,19,0,0,0,0,0,0,0,2,0,0,0,0,0,0,0,0,27,3.0,12.0,2.0,4.0,3.0,12.0,12.0,0.0,4.0,0.0,0.0,0.0,0.0,0.0,0.0,0.0,0.0
112728327,167,0,self,583.0,7,2,16,0,0,0,0,0,2,0,1,0,0,0,0,8,0,0,0,30,6.0,12.0,2.0,6.0,7.0,23.0,0.0,0.0,12.0,0.0,0.0,0.0,0.0,0.0,0.0,0.0,0.0
112728327,167,1,opponent,1114.0,7,2,16,0,0,0,0,0,0,0,1,0,0,0,0,0,0,0,0,30,6.0,12.0,2.0,6.0,7.0,23.0,0.0,0.0,12.0,0.0,0.0,0.0,0.0,0.0,0.0,0.0,0.0
112728327,191,0,self,385.0,7,2,11,0,0,0,0,0,0,0,1,0,0,0,3,5,0,0,0,44,5.0,12.0,2.0,8.0,5.0,36.0,0.0,0.0,16.0,0.0,0.0,0.0,3.0,3.0,0.0,0.0,0.0
112728327,191,1,opponent,534.0,7,2,11,0,0,0,0,0,0,0,1,0,0,0,1,0,0,0,0,44,8.0,12.0,2.0,8.0,8.0,36.0,0.0,0.0,16.0,0.0,0.0,0.0,0.0,0.0,0.0,0.0,0.0
112728327,192,0,self,385.0,0,2,11,0,0,0,0,0,0,0,1,0,0,0,3,4,0,0,0,57,5.0,12.0,2.0,8.0,5.0,36.0,0.0,12.0,16.0,0.0,0.0,0.0,4.0,4.0,0.0,0.0,0.0
112728327,192,1,opponent,534.0,0,2,11,0,0,0,0,0,0,0,1,0,0,0,0,0,0,0,0,57,9.0,12.0,2.0,8.0,9.0,36.0,0.0,12.0,16.0,0.0,0.0,0.0,0.0,0.0,0.0,0.0,0.0
112728327,215,0,self,1281.0,8,2,28,0,0,0,0,0,0,0,3,0,0,0,2,4,0,0,0,52,1.0,12.0,4.0,8.0,1.0,47.0,0.0,0.0,20.0,0.0,0.0,0.0,4.0,4.0,0.0,0.0,0.0
112728327,215,1,opponent,1420.0,8,2,28,0,0,0,0,0,0,0,3,0,0,0,0,0,0,0,0,52,5.0,12.0,4.0,8.0,5.0,47.0,0.0,0.0,20.0,0.0,0.0,0.0,0.0,0.0,0.0,0.0,0.0
112728327,239,0,self,2211.0,8,2,28,8,0,0,0,0,0,0,1,0,1,0,0,4,0,0,0,64,5.0,12.0,5.0,8.0,5.0,59.0,0.0,0.0,20.0,0.0,0.0,0.0,0.0,0.0,0.0,0.0,0.0
112728327,239,1,opponent,2330.0,8,2,36,0,0,0,0,0,0,0,1,0,1,0,0,0,0,0,0,64,5.0,12.0,5.0,8.0,5.0,59.0,0.0,0.0,20.0,0.0,0.0,0.0,0.0,0.0,0.0,0.0,0.0
112728327,240,0,self,2211.0,0,2,28,8,0,0,0,0,0,0,1,0,1,0,0,4,0,0,0,77,5.0,12.0,5.0,8.0,5.0,60.0,0.0,12.0,20.0,0.0,0.0,0.0,0.0,0.0,0.0,0.0,0.0
112728327,240,1,opponent,2330.0,0,2,36,0,0,0,0,0,0,0,1,0,1,0,0,0,0,0,0,77,5.0,12.0,5.0,8.0,5.0,60.0,0.0,12.0,20.0,0.0,0.0,0.0,0.0,0.0,0.0,0.0,0.0
112728327,263,0,self,15702.0,11,2,42,0,0,0,12,0,0,0,11,0,0,0,0,4,0,0,0,13,12.0,0.0,6.0,8.0,13.0,0.0,0.0,0.0,20.0,0.0,2.0,0.0,0.0,0.0,0.0,0.0,0.0
112728327,263,1,opponent,15791.0,11,2,42,0,0,0,12,0,0,0,11,0,0,0,0,0,0,0,0,13,12.0,0.0,6.0,8.0,13.0,0.0,0.0,0.0,20.0,0.0,2.0,0.0,0.0,0.0,0.0,0.0,0.0
112728327,287,0,self,14801.0,10,3,37,0,0,0,0,0,0,0,15,0,0,0,0,4,0,0,0,24,21.0,0.0,6.0,8.0,24.0,0.0,0.0,0.0,33.0,0.0,3.0,0.0,0.0,0.0,0.0,0.0,0.0
112728327,287,1,opponent,14890.0,10,3,37,0,0,0,0,0,0,0,15,0,0,0,0,0,0,0,0,24,21.0,0.0,6.0,8.0,24.0,0.0,0.0,0.0,33.0,0.0,3.0,0.0,0.0,0.0,0.0,0.0,0.0
112728327,288,0,self,14801.0,0,3,39,0,0,0,0,0,0,0,16,0,0,0,0,4,0,0,0,39,20.0,0.0,6.0,8.0,22.0,0.0,8.0,9.0,33.0,0.0,3.0,0.0,0.0,0.0,0.0,0.0,0.0
112728327,288,1,opponent,14890.0,0,3,39,0,0,0,0,0,0,0,16,0,0,0,0,0,0,0,0,39,20.0,0.0,6.0,8.0,22.0,0.0,8.0,9.0,33.0,0.0,3.0,0.0,0.0,0.0,0.0,0.0,0.0
112728327,311,0,self,18220.0,9,3,14,0,0,0,0,0,0,0,17,0,0,0,0,4,0,0,0,30,24.0,0.0,6.0,8.0,27.0,0.0,0.0,3.0,33.0,0.0,3.0,0.0,0.0,0.0,0.0,0.0,0.0
112728327,311,1,opponent,18385.0,9,3,14,0,0,0,0,0,0,0,17,0,0,0,0,0,0,0,0,30,24.0,0.0,6.0,8.0,27.0,0.0,0.0,3.0,33.0,0.0,3.0,0.0,0.0,0.0,0.0,0.0,0.0
112728327,335,0,self,19749.0,9,3,16,0,0,0,0,0,0,0,14,0,0,0,0,4,0,0,0,32,24.0,0.0,6.0,8.0,32.0,0.0,0.0,0.0,33.0,0.0,3.0,0.0,0.0,0.0,0.0,0.0,0.0
112728327,335,1,opponent,19914.0,9,3,16,0,0,0,0,0,0,0,14,0,0,0,0,0,0,0,0,32,24.0,0.0,6.0,8.0,32.0,0.0,0.0,0.0,33.0,0.0,3.0,0.0,0.0,0.0,0.0,0.0,0.0
112728327,359,0,self,21713.0,9,3,24,0,0,0,0,6,3,8,20,0,0,0,0,4,0,0,0,38,24.0,0.0,6.0,8.0,38.0,0.0,0.0,0.0,33.0,0.0,3.0,0.0,0.0,0.0,0.0,0.0,0.0
112728327,359,1,opponent,21896.0,9,3,24,0,0,0,0,6,3,8,20,0,0,0,0,0,0,0,0,38,24.0,0.0,6.0,8.0,38.0,0.0,0.0,0.0,33.0,0.0,3.0,0.0,0.0,0.0,0.0,0.0,0.0
112728327,360,0,self,22094.0,0,3,24,0,0,0,0,6,0,8,15,0,0,0,0,4,0,0,0,82,24.0,0.0,6.0,8.0,40.0,0.0,11.0,15.0,33.0,8.0,3.0,8.0,0.0,0.0,0.0,0.0,0.0
112728327,360,1,opponent,22277.0,0,3,24,0,0,0,0,6,0,8,15,0,0,0,0,0,0,0,0,82,24.0,0.0,6.0,8.0,40.0,0.0,11.0,15.0,33.0,8.0,3.0,8.0,0.0,0.0,0.0,0.0,0.0
112728327,383,0,self,25708.0,10,3,27,0,0,0,0,0,11,6,11,0,0,0,1,4,0,0,0,40,24.0,0.0,6.0,8.0,38.0,0.0,0.0,0.0,33.0,0.0,3.0,2.0,0.0,0.0,0.0,0.0,0.0
112728327,383,1,opponent,25887.0,10,3,27,0,0,0,0,0,11,6,11,0,0,0,1,0,0,0,0,40,24.0,0.0,6.0,8.0,38.0,0.0,0.0,0.0,33.0,0.0,3.0,2.0,0.0,0.0,0.0,0.0,0.0
112728327,407,0,self,29927.0,11,3,44,0,0,0,0,3,0,5,11,0,0,0,1,8,0,0,0,38,25.0,0.0,6.0,8.0,36.0,0.0,0.0,0.0,33.0,0.0,3.0,2.0,0.0,0.0,0.0,0.0,0.0
112728327,407,1,opponent,30136.0,11,3,44,0,0,0,0,3,0,5,11,0,0,0,1,0,0,0,0,38,25.0,0.0,6.0,8.0,36.0,0.0,0.0,0.0,33.0,0.0,3.0,2.0,0.0,0.0,0.0,0.0,0.0
112728327,431,0,self,34059.0,11,3,47,0,0,0,0,3,2,6,15,0,0,0,1,8,0,0,0,38,24.0,0.0,6.0,8.0,35.0,0.0,0.0,0.0,33.0,0.0,3.0,2.0,1.0,1.0,0.0,0.0,0.0
112728327,431,1,opponent,34278.0,11,3,47,0,0,0,0,3,2,6,15,0,0,0,1,0,0,0,0,38,25.0,0.0,6.0,8.0,36.0,0.0,0.0,0.0,33.0,0.0,3.0,2.0,0.0,0.0,0.0,0.0,0.0
112728327,432,0,self,34110.0,0,3,47,0,0,0,0,3,2,5,16,0,0,0,1,8,0,0,0,83,24.0,0.0,6.0,8.0,37.0,0.0,4.0,9.0,33.0,24.0,3.0,8.0,1.0,1.0,0.0,0.0,0.0
112728327,432,1,opponent,34329.0,0,3,47,0,0,0,0,3,2,5,16,0,0,0,1,0,0,0,0,83,25.0,0.0,6.0,8.0,38.0,0.0,4.0,9.0,33.0,24.0,3.0,8.0,0.0,0.0,0.0,0.0,0.0
112728327,455,0,self,38557.0,11,3,48,0,0,6,0,4,1,4,14,0,0,0,2,8,0,0,0,47,23.0,0.0,6.0,8.0,36.0,0.0,1.0,2.0,33.0,2.0,3.0,4.0,2.0,2.0,0.0,0.0,0.0
112728327,455,1,opponent,38810.0,11,3,48,0,0,6,0,4,1,4,14,0,0,0,1,0,0,0,0,47,25.0,0.0,6.0,8.0,38.0,0.0,1.0,2.0,33.0,2.0,3.0,4.0,0.0,0.0,0.0,0.0,0.0
112728327,479,0,self,43006.0,10,3,54,0,0,6,0,4,3,10,13,0,0,0,1,8,0,0,0,40,23.0,0.0,6.0,8.0,37.0,0.0,0.0,0.0,33.0,0.0,3.0,0.0,2.0,3.0,0.0,0.0,0.0
112728327,479,1,opponent,43093.0,10,3,54,0,0,6,0,4,3,10,13,0,0,0,1,8,0,0,0,40,25.0,0.0,6.0,8.0,40.0,0.0,0.0,0.0,33.0,0.0,3.0,0.0,0.0,0.0,0.0,0.0,0.0
112728327,480,0,self,43006.0,0,3,54,0,0,6,0,4,3,10,13,0,0,0,1,8,0,0,0,87,23.0,0.0,6.0,8.0,40.0,0.0,4.0,10.0,33.0,24.0,3.0,6.0,2.0,3.0,0.0,0.0,0.0
112728327,480,1,opponent,43093.0,0,3,54,0,0,6,0,4,3,10,13,0,0,0,1,8,0,0,0,87,25.0,0.0,6.0,8.0,43.0,0.0,4.0,10.0,33.0,24.0,3.0,6.0,0.0,0.0,0.0,0.0,0.0
112728327,503,0,self,49007.0,11,3,49,3,0,4,0,5,2,7,13,0,0,0,1,8,0,0,0,49,23.0,0.0,6.0,8.0,41.0,0.0,2.0,2.0,33.0,0.0,3.0,2.0,2.0,2.0,0.0,0.0,0.0
112728327,503,1,opponent,49134.0,11,3,55,0,0,4,0,5,2,4,13,0,0,0,1,8,0,0,0,49,24.0,0.0,6.0,8.0,42.0,0.0,2.0,2.0,33.0,0.0,3.0,2.0,1.0,1.0,0.0,0.0,0.0
112728327,527,0,self,55600.0,11,3,49,0,0,12,0,6,0,4,16,0,0,0,1,8,0,0,0,61,23.0,0.0,6.0,8.0,39.0,0.0,5.0,2.0,28.0,2.0,3.0,4.0,7.0,9.0,0.0,0.0,0.0
112728327,527,1,opponent,55447.0,11,3,55,0,0,12,0,6,0,0,17,0,0,0,1,8,0,0,0,65,24.0,0.0,6.0,8.0,42.0,0.0,5.0,2.0,28.0,2.0,3.0,8.0,6.0,6.0,0.0,0.0,0.0
112728327,551,0,self,60777.0,11,3,40,0,0,10,0,6,1,4,14,0,0,0,3,8,0,0,0,61,21.0,0.0,6.0,8.0,37.0,0.0,2.0,3.0,27.0,2.0,3.0,6.0,10.0,11.0,0.0,0.0,0.0
112728327,551,1,opponent,60428.0,11,3,46,0,0,10,0,6,1,4,15,0,0,0,3,8,0,0,0,63,21.0,0.0,6.0,8.0,37.0,0.0,2.0,3.0,27.0,2.0,3.0,8.0,10.0,11.0,0.0,0.0,0.0
112728327,575,0,self,65362.0,11,3,28,3,0,17,0,6,2,4,17,0,0,0,5,8,0,0,0,75,21.0,0.0,6.0,8.0,41.0,0.0,0.0,5.0,20.0,5.0,3.0,2.0,17.0,22.0,0.0,0.0,0.0
112728327,575,1,opponent,65194.0,11,3,33,3,0,17,0,6,2,4,17,0,0,0,5,8,0,0,0,75,21.0,0.0,6.0,8.0,41.0,0.0,0.0,5.0,20.0,5.0,3.0,2.0,17.0,22.0,0.0,0.0,0.0
112728327,576,0,self,65362.0,0,3,28,3,0,22,0,8,2,4,17,0,0,0,5,8,0,0,0,104,21.0,0.0,6.0,8.0,46.0,0.0,6.0,16.0,20.0,6.0,3.0,8.0,17.0,22.0,0.0,0.0,0.0
112728327,576,1,opponent,65194.0,0,3,33,3,0,22,0,8,2,4,17,0,0,0,5,8,0,0,0,104,21.0,0.0,6.0,8.0,46.0,0.0,6.0,16.0,20.0,6.0,3.0,8.0,17.0,22.0,0.0,0.0,0.0
112728327,599,0,self,69514.0,11,3,28,16,0,6,0,16,2,6,16,0,0,0,2,8,0,0,0,72,24.0,0.0,6.0,8.0,52.0,0.0,0.0,0.0,17.0,0.0,3.0,2.0,17.0,18.0,0.0,0.0,0.0
112728327,599,1,opponent,69560.0,11,3,28,16,0,6,0,16,1,6,16,0,0,0,2,8,0,0,0,72,24.0,0.0,6.0,8.0,52.0,0.0,0.0,0.0,17.0,0.0,3.0,2.0,17.0,18.0,0.0,0.0,0.0
112728327,623,0,self,73153.0,11,3,38,12,0,21,0,6,2,4,15,0,0,0,2,8,0,0,0,84,18.0,0.0,6.0,8.0,43.0,0.0,0.0,3.0,13.0,0.0,3.0,1.0,27.0,37.0,0.0,0.0,0.0
112728327,623,1,opponent,73275.0,11,3,38,12,0,21,0,6,2,4,15,0,0,0,2,8,0,0,0,84,18.0,0.0,6.0,8.0,43.0,0.0,0.0,3.0,13.0,0.0,3.0,1.0,27.0,37.0,0.0,0.0,0.0
112728327,647,0,self,78328.0,11,3,28,28,0,0,0,10,4,2,16,0,0,0,2,8,0,0,0,83,14.0,0.0,6.0,8.0,40.0,0.0,0.0,5.0,13.0,0.0,3.0,3.0,31.0,35.0,0.0,0.0,0.0
112728327,647,1,opponent,78132.0,11,3,28,28,0,0,0,9,4,2,16,0,0,0,2,8,0,0,0,83,14.0,0.0,6.0,8.0,40.0,0.0,0.0,5.0,13.0,0.0,3.0,3.0,31.0,35.0,0.0,0.0,0.0
112728327,648,0,self,78360.0,0,3,28,28,0,0,0,9,4,2,17,0,0,0,2,8,0,0,0,132,14.0,0.0,6.0,8.0,44.0,0.0,4.0,13.0,13.0,26.0,2.0,6.0,31.0,39.0,0.0,0.0,0.0
112728327,648,1,opponent,78132.0,0,3,28,28,0,0,0,9,4,2,17,0,0,0,2,8,0,0,0,132,14.0,0.0,6.0,8.0,44.0,0.0,4.0,13.0,13.0,26.0,2.0,6.0,31.0,39.0,0.0,0.0,0.0
112728327,671,0,self,81984.0,11,3,32,15,0,20,0,5,4,4,8,0,0,0,4,0,0,0,0,81,9.0,0.0,6.0,8.0,25.0,0.0,0.0,2.0,4.0,0.0,2.0,2.0,35.0,52.0,0.0,0.0,0.0
112728327,671,1,opponent,82003.0,11,3,32,15,0,20,0,5,4,4,8,0,0,0,3,0,0,0,0,81,9.0,0.0,6.0,8.0,25.0,0.0,0.0,2.0,4.0,0.0,2.0,2.0,35.0,52.0,0.0,0.0,0.0
112728327,695,0,self,88281.0,11,3,44,36,0,0,0,1,3,2,8,0,0,0,4,0,0,0,0,51,2.0,0.0,6.0,8.0,4.0,0.0,0.0,8.0,0.0,0.0,2.0,0.0,21.0,39.0,0.0,0.0,0.0
112728327,695,1,opponent,88281.0,11,3,44,36,0,0,0,1,3,2,8,0,0,0,3,0,0,0,0,51,2.0,0.0,6.0,8.0,4.0,0.0,0.0,8.0,0.0,0.0,2.0,0.0,21.0,39.0,0.0,0.0,0.0
112728327,696,0,self,88565.0,0,3,40,39,0,0,0,1,3,2,6,0,0,0,4,0,0,0,0,54,1.0,0.0,6.0,8.0,1.0,0.0,2.0,11.0,0.0,0.0,2.0,3.0,20.0,37.0,0.0,0.0,0.0
112728327,696,1,opponent,88565.0,0,3,40,39,0,0,0,1,3,2,6,0,0,0,3,0,0,0,0,54,1.0,0.0,6.0,8.0,1.0,0.0,2.0,11.0,0.0,0.0,2.0,3.0,20.0,37.0,0.0,0.0,0.0
112728327,719,0,self,95484.0,11,3,0,0,0,0,0,0,0,0,0,0,0,0,4,0,0,0,0,0,0.0,0.0,6.0,8.0,0.0,0.0,0.0,0.0,0.0,0.0,2.0,0.0,0.0,0.0,0.0,0.0,0.0
112728327,719,1,opponent,95486.0,11,3,0,0,0,0,0,0,0,0,0,0,0,0,3,0,0,0,0,0,0.0,0.0,6.0,8.0,0.0,0.0,0.0,0.0,0.0,0.0,2.0,0.0,0.0,0.0,0.0,0.0,0.0
112728524,0,0,self,3000.0,0,1,0,0,0,0,0,0,0,0,0,0,0,0,0,0,0,0,0,0,0.0,0.0,0.0,0.0,0.0,0.0,0.0,0.0,0.0,0.0,0.0,0.0,0.0,0.0,0.0,0.0,0.0
112728524,0,1,opponent,3000.0,0,1,0,0,0,0,0,0,0,0,0,0,0,0,0,0,0,0,0,0,0.0,0.0,0.0,0.0,0.0,0.0,0.0,0.0,0.0,0.0,0.0,0.0,0.0,0.0,0.0,0.0,0.0
112728524,23,0,self,16.0,5,1,3,0,0,0,0,0,0,0,0,0,0,0,0,0,0,0,0,20,8.0,12.0,2.0,2.0,8.0,12.0,0.0,0.0,0.0,0.0,0.0,0.0,0.0,0.0,0.0,0.0,0.0
112728524,23,1,opponent,8.0,5,1,3,0,0,0,0,0,0,0,0,0,0,0,0,0,0,0,0,20,8.0,12.0,2.0,2.0,8.0,12.0,0.0,0.0,0.0,0.0,0.0,0.0,0.0,0.0,0.0,0.0,0.0
112728524,24,0,self,16.0,0,1,3,0,0,0,0,0,0,0,0,0,0,0,0,0,0,0,0,20,8.0,12.0,2.0,2.0,8.0,12.0,0.0,0.0,0.0,0.0,0.0,0.0,0.0,0.0,0.0,0.0,0.0
112728524,24,1,opponent,8.0,0,1,3,0,0,0,0,0,0,0,0,0,0,0,0,0,0,0,0,20,8.0,12.0,2.0,2.0,8.0,12.0,0.0,0.0,0.0,0.0,0.0,0.0,0.0,0.0,0.0,0.0,0.0
112728524,47,0,self,105.0,3,1,6,0,0,0,0,0,0,0,1,0,0,0,0,0,0,0,0,20,8.0,12.0,2.0,2.0,8.0,12.0,0.0,0.0,0.0,0.0,0.0,0.0,0.0,0.0,0.0,0.0,0.0
112728524,47,1,opponent,97.0,3,1,6,0,0,0,0,0,0,0,1,0,0,0,0,0,0,0,0,20,8.0,12.0,2.0,2.0,8.0,12.0,0.0,0.0,0.0,0.0,0.0,0.0,0.0,0.0,0.0,0.0,0.0
112728524,71,0,self,218.0,4,1,6,0,0,0,0,0,0,0,0,0,0,0,0,0,0,0,0,25,8.0,12.0,2.0,3.0,13.0,12.0,0.0,0.0,0.0,0.0,0.0,0.0,0.0,0.0,0.0,0.0,0.0
112728524,71,1,opponent,210.0,4,1,6,0,0,0,0,0,0,0,0,0,0,0,0,0,0,0,0,25,8.0,12.0,2.0,3.0,13.0,12.0,0.0,0.0,0.0,0.0,0.0,0.0,0.0,0.0,0.0,0.0,0.0
112728524,72,0,self,218.0,0,1,6,0,0,0,0,0,0,0,0,0,0,0,0,0,0,0,0,25,8.0,12.0,2.0,3.0,13.0,12.0,0.0,0.0,0.0,0.0,0.0,0.0,0.0,0.0,0.0,0.0,0.0
112728524,72,1,opponent,210.0,0,1,6,0,0,0,0,0,0,0,0,0,0,0,0,0,0,0,0,25,8.0,12.0,2.0,3.0,13.0,12.0,0.0,0.0,0.0,0.0,0.0,0.0,0.0,0.0,0.0,0.0,0.0
112728524,95,0,self,271.0,5,1,14,0,0,0,0,0,0,0,1,1,0,0,0,0,0,0,0,19,7.0,12.0,2.0,3.0,7.0,12.0,0.0,0.0,0.0,0.0,0.0,0.0,0.0,0.0,0.0,0.0,0.0
112728524,95,1,opponent,263.0,5,1,14,0,0,0,0,0,0,0,1,1,0,0,0,0,0,0,0,19,7.0,12.0,2.0,3.0,7.0,12.0,0.0,0.0,0.0,0.0,0.0,0.0,0.0,0.0,0.0,0.0,0.0
112728524,119,0,self,676.0,4,1,19,0,0,0,0,0,0,0,1,0,0,0,0,0,0,0,0,19,7.0,12.0,2.0,4.0,7.0,12.0,0.0,0.0,0.0,0.0,0.0,0.0,0.0,0.0,0.0,0.0,0.0
112728524,119,1,opponent,668.0,4,1,19,0,0,0,0,0,0,0,1,0,0,0,0,0,0,0,0,19,7.0,12.0,2.0,4.0,7.0,12.0,0.0,0.0,0.0,0.0,0.0,0.0,0.0,0.0,0.0,0.0,0.0
112728524,143,0,self,791.0,4,1,19,0,0,0,0,0,0,0,2,0,0,0,0,0,0,0,0,15,3.0,12.0,2.0,4.0,3.0,12.0,0.0,0.0,4.0,0.0,0.0,0.0,0.0,0.0,0.0,0.0,0.0
112728524,143,1,opponent,783.0,4,1,19,0,0,0,0,0,0,0,2,0,0,0,0,0,0,0,0,15,3.0,12.0,2.0,4.0,3.0,12.0,0.0,0.0,4.0,0.0,0.0,0.0,0.0,0.0,0.0,0.0,0.0
112728524,144,0,self,791.0,0,1,19,0,0,0,0,0,0,0,2,0,0,0,0,0,0,0,0,27,3.0,12.0,2.0,4.0,3.0,12.0,12.0,0.0,4.0,0.0,0.0,0.0,0.0,0.0,0.0,0.0,0.0
112728524,144,1,opponent,783.0,0,1,19,0,0,0,0,0,0,0,2,0,0,0,0,0,0,0,0,27,3.0,12.0,2.0,4.0,3.0,12.0,12.0,0.0,4.0,0.0,0.0,0.0,0.0,0.0,0.0,0.0,0.0
112728524,167,0,self,1317.0,7,2,16,0,0,0,0,0,0,0,1,0,0,0,0,0,0,0,0,30,6.0,12.0,2.0,4.0,7.0,23.0,0.0,0.0,12.0,0.0,2.0,0.0,0.0,0.0,0.0,0.0,0.0
112728524,167,1,opponent,1309.0,7,2,16,0,0,0,0,0,0,0,1,0,0,0,0,0,0,0,0,30,6.0,12.0,2.0,4.0,7.0,23.0,0.0,0.0,12.0,0.0,2.0,0.0,0.0,0.0,0.0,0.0,0.0
112728524,191,0,self,737.0,7,2,11,0,0,0,0,0,0,0,1,0,0,0,0,0,0,0,0,45,9.0,12.0,2.0,6.0,9.0,36.0,0.0,0.0,16.0,0.0,2.0,0.0,0.0,0.0,0.0,0.0,0.0
112728524,191,1,opponent,729.0,7,2,11,0,0,0,0,0,0,0,1,0,0,0,0,0,0,0,0,45,9.0,12.0,2.0,6.0,9.0,36.0,0.0,0.0,16.0,0.0,2.0,0.0,0.0,0.0,0.0,0.0,0.0
112728524,192,0,self,737.0,0,2,11,0,0,0,0,0,0,0,1,0,0,0,0,0,0,0,0,57,9.0,12.0,2.0,6.0,9.0,36.0,0.0,12.0,16.0,0.0,2.0,0.0,0.0,0.0,0.0,0.0,0.0
112728524,192,1,opponent,729.0,0,2,11,0,0,0,0,0,0,0,1,0,0,0,0,0,0,0,0,57,9.0,12.0,2.0,6.0,9.0,36.0,0.0,12.0,16.0,0.0,2.0,0.0,0.0,0.0,0.0,0.0,0.0
112728524,215,0,self,1266.0,8,2,28,0,0,0,0,0,0,0,3,0,0,0,0,0,0,0,0,52,5.0,12.0,4.0,6.0,5.0,47.0,0.0,0.0,20.0,0.0,2.0,0.0,0.0,0.0,0.0,0.0,0.0
112728524,215,1,opponent,1258.0,8,2,28,0,0,0,0,0,0,0,3,0,0,0,0,0,0,0,0,52,5.0,12.0,4.0,6.0,5.0,47.0,0.0,0.0,20.0,0.0,2.0,0.0,0.0,0.0,0.0,0.0,0.0
112728524,239,0,self,2153.0,8,2,36,0,0,0,0,0,0,0,1,0,1,0,0,0,0,0,0,64,5.0,12.0,5.0,6.0,5.0,59.0,0.0,0.0,20.0,0.0,2.0,0.0,0.0,0.0,0.0,0.0,0.0
112728524,239,1,opponent,2145.0,8,2,36,0,0,0,0,0,0,0,1,0,1,0,0,0,0,0,0,64,5.0,12.0,5.0,6.0,5.0,59.0,0.0,0.0,20.0,0.0,2.0,0.0,0.0,0.0,0.0,0.0,0.0
112728524,240,0,self,2153.0,0,2,36,0,0,0,0,0,0,0,1,0,1,0,0,0,0,0,0,84,5.0,12.0,5.0,6.0,5.0,60.0,0.0,12.0,20.0,0.0,2.0,7.0,0.0,0.0,0.0,0.0,0.0
112728524,240,1,opponent,2145.0,0,2,36,0,0,0,0,0,0,0,1,0,1,0,0,0,0,0,0,84,5.0,12.0,5.0,6.0,5.0,60.0,0.0,12.0,20.0,0.0,2.0,7.0,0.0,0.0,0.0,0.0,0.0
112728524,263,0,self,14309.0,11,2,54,0,0,0,12,0,0,4,10,0,0,0,0,0,0,0,0,16,12.0,0.0,6.0,6.0,13.0,0.0,0.0,0.0,20.0,0.0,4.0,3.0,0.0,0.0,0.0,0.0,0.0
112728524,263,1,opponent,14301.0,11,2,54,0,0,0,12,0,0,4,10,0,0,0,0,0,0,0,0,16,12.0,0.0,6.0,6.0,13.0,0.0,0.0,0.0,20.0,0.0,4.0,3.0,0.0,0.0,0.0,0.0,0.0
112728524,287,0,self,13137.0,10,3,49,0,0,0,0,0,0,0,15,0,0,0,0,0,0,0,0,30,21.0,0.0,6.0,6.0,24.0,0.0,0.0,0.0,33.0,0.0,5.0,6.0,0.0,0.0,0.0,0.0,0.0
112728524,287,1,opponent,13129.0,10,3,49,0,0,0,0,0,0,0,15,0,0,0,0,0,0,0,0,30,21.0,0.0,6.0,6.0,24.0,0.0,0.0,0.0,33.0,0.0,5.0,6.0,0.0,0.0,0.0,0.0,0.0
112728524,288,0,self,13137.0,0,3,51,0,0,0,0,0,0,0,16,0,0,0,0,0,0,0,0,46,20.0,0.0,6.0,6.0,22.0,0.0,8.0,9.0,33.0,0.0,5.0,7.0,0.0,0.0,0.0,0.0,0.0
112728524,288,1,opponent,13129.0,0,3,51,0,0,0,0,0,0,0,16,0,0,0,0,0,0,0,0,46,20.0,0.0,6.0,6.0,22.0,0.0,8.0,9.0,33.0,0.0,5.0,7.0,0.0,0.0,0.0,0.0,0.0
112728524,311,0,self,16227.0,9,3,26,0,0,0,0,0,0,7,17,0,0,0,0,0,0,0,0,30,24.0,0.0,6.0,6.0,27.0,0.0,0.0,3.0,33.0,0.0,5.0,0.0,0.0,0.0,0.0,0.0,0.0
112728524,311,1,opponent,16219.0,9,3,26,0,0,0,0,0,0,7,17,0,0,0,0,0,0,0,0,30,24.0,0.0,6.0,6.0,27.0,0.0,0.0,3.0,33.0,0.0,5.0,0.0,0.0,0.0,0.0,0.0,0.0
112728524,335,0,self,18181.0,9,3,16,0,0,0,0,0,0,0,16,0,0,0,0,0,0,0,0,34,24.0,0.0,6.0,6.0,32.0,0.0,0.0,0.0,33.0,0.0,5.0,2.0,0.0,0.0,0.0,0.0,0.0
112728524,335,1,opponent,18173.0,9,3,16,0,0,0,0,0,0,0,16,0,0,0,0,0,0,0,0,34,24.0,0.0,6.0,6.0,32.0,0.0,0.0,0.0,33.0,0.0,5.0,2.0,0.0,0.0,0.0,0.0,0.0
112728524,359,0,self,19690.0,9,3,24,0,0,0,0,6,0,8,14,0,0,0,0,0,0,0,0,36,24.0,0.0,6.0,6.0,36.0,0.0,0.0,0.0,33.0,0.0,5.0,0.0,0.0,0.0,0.0,0.0,0.0
112728524,359,1,opponent,19682.0,9,3,24,0,0,0,0,6,0,8,14,0,0,0,0,0,0,0,0,36,24.0,0.0,6.0,6.0,36.0,0.0,0.0,0.0,33.0,0.0,5.0,0.0,0.0,0.0,0.0,0.0,0.0
112728524,360,0,self,19897.0,0,3,24,0,0,0,0,6,0,8,12,0,0,0,0,0,0,0,0,84,24.0,0.0,6.0,6.0,38.0,0.0,11.0,15.0,33.0,8.0,5.0,12.0,0.0,0.0,0.0,0.0,0.0
112728524,360,1,opponent,19889.0,0,3,24,0,0,0,0,6,0,8,12,0,0,0,0,0,0,0,0,84,24.0,0.0,6.0,6.0,38.0,0.0,11.0,15.0,33.0,8.0,5.0,12.0,0.0,0.0,0.0,0.0,0.0
112728524,383,0,self,23130.0,10,3,28,0,0,0,0,0,11,6,11,0,0,0,1,0,0,0,0,40,24.0,0.0,6.0,6.0,34.0,0.0,0.0,0.0,33.0,0.0,5.0,6.0,0.0,0.0,0.0,0.0,0.0
112728524,383,1,opponent,23122.0,10,3,28,0,0,0,0,0,11,6,11,0,0,0,1,0,0,0,0,40,24.0,0.0,6.0,6.0,34.0,0.0,0.0,0.0,33.0,0.0,5.0,6.0,0.0,0.0,0.0,0.0,0.0
112728524,407,0,self,28243.0,11,3,38,0,0,0,0,3,0,5,12,0,0,0,1,0,0,0,0,38,25.0,0.0,6.0,6.0,36.0,0.0,0.0,0.0,33.0,0.0,5.0,2.0,0.0,0.0,0.0,0.0,0.0
112728524,407,1,opponent,28235.0,11,3,38,0,0,0,0,3,0,5,12,0,0,0,1,0,0,0,0,38,25.0,0.0,6.0,6.0,36.0,0.0,0.0,0.0,33.0,0.0,5.0,2.0,0.0,0.0,0.0,0.0,0.0
112728524,431,0,self,33220.0,11,3,36,0,0,0,0,6,0,7,16,0,0,0,1,0,0,0,0,40,25.0,0.0,6.0,6.0,36.0,0.0,0.0,0.0,33.0,0.0,5.0,4.0,0.0,0.0,0.0,0.0,0.0
112728524,431,1,opponent,33212.0,11,3,36,0,0,0,0,6,0,7,16,0,0,0,1,0,0,0,0,40,25.0,0.0,6.0,6.0,36.0,0.0,0.0,0.0,33.0,0.0,5.0,4.0,0.0,0.0,0.0,0.0,0.0
112728524,432,0,self,33220.0,0,3,36,0,0,0,0,6,0,7,17,0,0,0,1,0,0,0,0,86,25.0,0.0,6.0,6.0,38.0,0.0,4.0,6.0,33.0,24.0,5.0,14.0,0.0,0.0,0.0,0.0,0.0
112728524,432,1,opponent,33212.0,0,3,36,0,0,0,0,6,0,7,17,0,0,0,1,0,0,0,0,86,25.0,0.0,6.0,6.0,38.0,0.0,4.0,6.0,33.0,24.0,5.0,14.0,0.0,0.0,0.0,0.0,0.0
112728524,455,0,self,33132.0,13,4,35,0,0,6,0,4,1,15,14,0,0,0,1,0,0,0,0,45,25.0,0.0,6.0,6.0,38.0,0.0,1.0,0.0,33.0,2.0,5.0,4.0,0.0,0.0,0.0,10.0,0.0
112728524,455,1,opponent,33124.0,13,4,35,0,0,6,0,4,1,15,14,0,0,0,1,0,0,0,0,45,25.0,0.0,6.0,6.0,38.0,0.0,1.0,0.0,33.0,2.0,5.0,4.0,0.0,0.0,0.0,10.0,0.0
112728524,479,0,self,38041.0,11,4,37,0,0,6,0,4,3,19,13,0,0,0,1,0,0,0,0,46,25.0,0.0,6.0,6.0,42.0,0.0,0.0,0.0,33.0,0.0,5.0,4.0,0.0,0.0,0.0,10.0,0.0
112728524,479,1,opponent,38033.0,11,4,37,0,0,6,0,4,3,19,13,0,0,0,1,0,0,0,0,46,25.0,0.0,6.0,6.0,42.0,0.0,0.0,0.0,33.0,0.0,5.0,4.0,0.0,0.0,0.0,10.0,0.0
112728524,480,0,self,38041.0,0,4,37,0,0,6,0,4,3,19,14,0,0,0,1,0,0,0,0,95,25.0,0.0,6.0,6.0,46.0,0.0,5.0,6.0,33.0,24.0,5.0,14.0,0.0,0.0,0.0,10.0,0.0
112728524,480,1,opponent,38033.0,0,4,37,0,0,6,0,4,3,19,14,0,0,0,1,0,0,0,0,95,25.0,0.0,6.0,6.0,46.0,0.0,5.0,6.0,33.0,24.0,5.0,14.0,0.0,0.0,0.0,10.0,0.0
112728524,503,0,self,45134.0,12,4,42,0,0,4,0,4,2,19,12,0,0,0,1,0,0,0,0,54,25.0,0.0,6.0,6.0,49.0,0.0,3.0,0.0,33.0,0.0,5.0,2.0,0.0,0.0,0.0,10.0,0.0
112728524,503,1,opponent,45113.0,12,4,42,0,0,4,0,4,2,19,12,0,0,0,1,0,0,0,0,54,25.0,0.0,6.0,6.0,49.0,0.0,3.0,0.0,33.0,0.0,5.0,2.0,0.0,0.0,0.0,10.0,0.0
112728524,527,0,self,53656.0,11,4,47,0,0,12,0,6,0,10,17,0,0,0,1,0,0,0,0,74,30.0,0.0,6.0,6.0,52.0,0.0,10.0,0.0,28.0,2.0,5.0,10.0,0.0,0.0,0.0,10.0,0.0
112728524,527,1,opponent,53635.0,11,4,47,0,0,12,0,6,0,10,17,0,0,0,1,0,0,0,0,74,30.0,0.0,6.0,6.0,52.0,0.0,10.0,0.0,28.0,2.0,5.0,10.0,0.0,0.0,0.0,10.0,0.0
112728524,551,0,self,60620.0,12,4,44,0,0,9,0,4,4,9,14,0,0,0,1,0,0,0,0,62,31.0,0.0,6.0,6.0,47.0,0.0,3.0,0.0,27.0,2.0,5.0,10.0,0.0,0.0,0.0,10.0,0.0
112728524,551,1,opponent,60599.0,12,4,44,0,0,9,0,4,4,9,14,0,0,0,1,0,0,0,0,62,31.0,0.0,6.0,6.0,47.0,0.0,3.0,0.0,27.0,2.0,5.0,10.0,0.0,0.0,0.0,10.0,0.0
112728524,575,0,self,67262.0,11,4,35,0,0,17,0,4,8,8,16,0,0,0,5,8,0,0,0,76,30.0,0.0,6.0,6.0,57.0,0.0,0.0,2.0,20.0,5.0,5.0,4.0,8.0,8.0,0.0,10.0,0.0
112728524,575,1,opponent,67521.0,11,4,35,0,0,17,0,4,8,8,16,0,0,0,1,0,0,0,0,76,38.0,0.0,6.0,6.0,65.0,0.0,0.0,2.0,20.0,5.0,5.0,4.0,0.0,0.0,0.0,10.0,0.0
112728524,576,0,self,67262.0,0,4,35,0,0,22,0,6,8,8,16,0,0,0,5,8,0,0,0,107,30.0,0.0,6.0,6.0,62.0,0.0,12.0,6.0,20.0,5.0,5.0,14.0,8.0,8.0,0.0,10.0,0.0
112728524,576,1,opponent,67521.0,0,4,35,0,0,22,0,6,8,8,16,0,0,0,1,0,0,0,0,107,38.0,0.0,6.0,6.0,70.0,0.0,12.0,6.0,20.0,5.0,5.0,14.0,0.0,0.0,0.0,10.0,0.0
112728524,599,0,self,74014.0,13,4,50,0,0,5,0,6,4,12,15,0,0,0,2,8,0,0,0,69,28.0,0.0,6.0,6.0,54.0,0.0,0.0,0.0,17.0,0.0,5.0,2.0,13.0,13.0,0.0,10.0,0.0
112728524,599,1,opponent,74011.0,13,4,50,0,0,5,0,6,4,12,15,0,0,0,2,8,0,0,0,69,36.0,0.0,6.0,6.0,62.0,0.0,0.0,0.0,17.0,0.0,5.0,2.0,5.0,5.0,0.0,10.0,0.0
112728524,623,0,self,77647.0,13,4,52,0,0,21,0,4,4,4,15,0,0,0,2,8,0,0,0,84,18.0,0.0,6.0,6.0,41.0,0.0,0.0,2.0,13.0,0.0,5.0,4.0,27.0,37.0,0.0,10.0,0.0
112728524,623,1,opponent,77636.0,13,4,52,0,0,21,0,4,4,4,15,0,0,0,2,8,0,0,0,84,26.0,0.0,6.0,6.0,59.0,0.0,0.0,2.0,13.0,0.0,5.0,4.0,19.0,19.0,0.0,10.0,0.0
112728524,647,0,self,86124.0,14,4,25,28,8,0,0,6,7,6,15,0,0,0,2,8,0,0,0,80,14.0,0.0,6.0,6.0,40.0,0.0,0.0,0.0,13.0,0.0,5.0,5.0,31.0,35.0,0.0,10.0,0.0
112728524,647,1,opponent,85981.0,14,4,56,0,8,0,0,6,7,6,15,0,0,0,2,8,0,0,0,80,14.0,0.0,6.0,6.0,40.0,0.0,0.0,0.0,13.0,0.0,5.0,5.0,31.0,35.0,0.0,10.0,0.0
112728524,648,0,self,86124.0,0,4,25,28,8,0,0,6,7,6,16,0,0,0,2,8,0,0,0,157,14.0,0.0,6.0,6.0,44.0,0.0,10.0,6.0,13.0,26.0,4.0,12.0,31.0,39.0,0.0,10.0,20.0
112728524,648,1,opponent,85981.0,0,4,56,0,8,0,0,6,7,6,16,0,0,0,2,8,0,0,0,159,14.0,0.0,6.0,6.0,44.0,0.0,10.0,6.0,13.0,26.0,5.0,14.0,31.0,39.0,0.0,10.0,20.0
112728524,671,0,self,93281.0,13,4,36,15,14,20,0,2,10,4,5,0,0,0,4,0,0,0,0,83,9.0,0.0,6.0,6.0,25.0,0.0,0.0,2.0,4.0,0.0,4.0,6.0,35.0,50.0,0.0,10.0,0.0
112728524,671,1,opponent,92513.0,13,4,39,15,14,20,0,2,10,4,5,0,0,0,4,0,0,0,0,85,8.0,0.0,6.0,6.0,24.0,0.0,0.0,2.0,4.0,0.0,5.0,8.0,36.0,51.0,0.0,10.0,0.0
112728524,695,0,self,107793.0,13,4,36,33,0,0,0,0,0,4,8,0,0,0,4,0,0,0,0,47,2.0,0.0,6.0,6.0,4.0,0.0,0.0,2.0,0.0,0.0,4.0,4.0,21.0,37.0,0.0,10.0,0.0
112728524,695,1,opponent,107126.0,13,4,36,33,0,0,0,0,0,8,8,0,0,0,4,0,0,0,0,47,1.0,0.0,6.0,6.0,3.0,0.0,0.0,2.0,0.0,0.0,5.0,4.0,22.0,38.0,0.0,10.0,0.0
112728524,696,0,self,108041.0,0,4,34,36,0,0,0,0,0,4,6,0,0,0,4,0,0,0,0,83,1.0,0.0,6.0,6.0,1.0,0.0,8.0,8.0,0.0,0.0,4.0,11.0,20.0,35.0,1.0,10.0,20.0
112728524,696,1,opponent,107374.0,0,4,34,36,0,0,0,0,0,8,6,0,0,0,4,0,0,0,0,84,0.0,0.0,6.0,6.0,0.0,0.0,8.0,8.0,0.0,0.0,5.0,12.0,21.0,36.0,0.0,10.0,20.0
112728524,719,0,self,118583.0,13,4,0,0,0,0,0,0,0,0,0,0,0,0,4,0,0,0,0,0,0.0,0.0,6.0,6.0,0.0,0.0,0.0,0.0,0.0,0.0,4.0,0.0,0.0,0.0,1.0,10.0,0.0
112728524,719,1,opponent,118156.0,13,4,0,0,0,0,0,0,0,0,0,0,0,0,4,0,0,0,0,0,0.0,0.0,6.0,6.0,0.0,0.0,0.0,0.0,0.0,0.0,5.0,0.0,0.0,0.0,0.0,10.0,0.0
112729476,0,0,self,3000.0,0,1,0,0,0,0,0,0,0,0,0,0,0,0,0,0,0,0,0,0,0.0,0.0,0.0,0.0,0.0,0.0,0.0,0.0,0.0,0.0,0.0,0.0,0.0,0.0,0.0,0.0,0.0
112729476,0,1,opponent,3000.0,0,1,0,0,0,0,0,0,0,0,0,0,0,0,0,0,0,0,0,0,0.0,0.0,0.0,0.0,0.0,0.0,0.0,0.0,0.0,0.0,0.0,0.0,0.0,0.0,0.0,0.0,0.0
112729476,23,0,self,16.0,5,1,3,0,0,0,0,0,0,0,0,0,0,0,0,0,0,0,0,20,8.0,12.0,2.0,2.0,8.0,12.0,0.0,0.0,0.0,0.0,0.0,0.0,0.0,0.0,0.0,0.0,0.0
112729476,23,1,opponent,18.0,5,1,3,0,0,0,0,0,0,0,0,0,0,0,0,0,0,0,0,19,7.0,12.0,2.0,2.0,7.0,12.0,0.0,0.0,0.0,0.0,0.0,0.0,0.0,0.0,0.0,0.0,0.0
112729476,24,0,self,16.0,0,1,3,0,0,0,0,0,0,0,0,0,0,0,0,0,0,0,0,20,8.0,12.0,2.0,2.0,8.0,12.0,0.0,0.0,0.0,0.0,0.0,0.0,0.0,0.0,0.0,0.0,0.0
112729476,24,1,opponent,18.0,0,1,3,0,0,0,0,0,0,0,0,0,0,0,0,0,0,0,0,19,7.0,12.0,2.0,2.0,7.0,12.0,0.0,0.0,0.0,0.0,0.0,0.0,0.0,0.0,0.0,0.0,0.0
112729476,47,0,self,105.0,3,1,6,0,0,0,0,0,0,0,1,0,0,0,0,0,0,0,0,20,8.0,12.0,2.0,2.0,8.0,12.0,0.0,0.0,0.0,0.0,0.0,0.0,0.0,0.0,0.0,0.0,0.0
112729476,47,1,opponent,107.0,3,1,6,0,0,0,0,0,0,0,1,0,0,0,0,0,0,0,0,19,7.0,12.0,2.0,2.0,7.0,12.0,0.0,0.0,0.0,0.0,0.0,0.0,0.0,0.0,0.0,0.0,0.0
112729476,71,0,self,218.0,4,1,6,0,0,0,0,0,0,0,0,0,0,0,0,0,0,0,0,25,8.0,12.0,2.0,3.0,13.0,12.0,0.0,0.0,0.0,0.0,0.0,0.0,0.0,0.0,0.0,0.0,0.0
112729476,71,1,opponent,220.0,4,1,6,0,0,0,0,0,0,0,0,0,0,0,0,0,0,0,0,23,7.0,12.0,2.0,3.0,11.0,12.0,0.0,0.0,0.0,0.0,0.0,0.0,0.0,0.0,0.0,0.0,0.0
112729476,72,0,self,218.0,0,1,6,0,0,0,0,0,0,0,0,0,0,0,0,0,0,0,0,25,8.0,12.0,2.0,3.0,13.0,12.0,0.0,0.0,0.0,0.0,0.0,0.0,0.0,0.0,0.0,0.0,0.0
112729476,72,1,opponent,220.0,0,1,6,0,0,0,0,0,0,0,0,0,0,0,0,0,0,0,0,23,7.0,12.0,2.0,3.0,11.0,12.0,0.0,0.0,0.0,0.0,0.0,0.0,0.0,0.0,0.0,0.0,0.0
112729476,95,0,self,269.0,5,1,14,0,0,0,0,0,0,0,1,1,0,0,0,0,0,0,0,19,7.0,12.0,2.0,3.0,7.0,12.0,0.0,0.0,0.0,0.0,0.0,0.0,0.0,0.0,0.0,0.0,0.0
112729476,95,1,opponent,271.0,5,1,11,0,0,0,0,0,0,0,1,1,0,0,0,0,0,0,0,19,7.0,12.0,2.0,3.0,7.0,12.0,0.0,0.0,0.0,0.0,0.0,0.0,0.0,0.0,0.0,0.0,0.0
112729476,119,0,self,679.0,4,1,19,0,0,0,0,0,0,0,1,0,0,0,0,0,0,0,0,19,7.0,12.0,2.0,4.0,7.0,12.0,0.0,0.0,0.0,0.0,0.0,0.0,0.0,0.0,0.0,0.0,0.0
112729476,119,1,opponent,681.0,4,1,16,0,0,0,0,0,0,0,1,0,0,0,0,0,0,0,0,19,7.0,12.0,2.0,4.0,7.0,12.0,0.0,0.0,0.0,0.0,0.0,0.0,0.0,0.0,0.0,0.0,0.0
112729476,143,0,self,792.0,4,1,19,0,0,0,0,0,0,0,2,0,0,0,0,0,0,0,0,15,3.0,12.0,2.0,4.0,3.0,12.0,0.0,0.0,4.0,0.0,0.0,0.0,0.0,0.0,0.0,0.0,0.0
112729476,143,1,opponent,794.0,4,1,16,0,0,0,0,0,0,0,2,0,0,0,0,0,0,0,0,15,3.0,12.0,2.0,4.0,3.0,12.0,0.0,0.0,4.0,0.0,0.0,0.0,0.0,0.0,0.0,0.0,0.0
112729476,144,0,self,792.0,0,1,19,0,0,0,0,0,0,0,2,0,0,0,0,0,0,0,0,27,3.0,12.0,2.0,4.0,3.0,12.0,12.0,0.0,4.0,0.0,0.0,0.0,0.0,0.0,0.0,0.0,0.0
112729476,144,1,opponent,794.0,0,1,16,0,0,0,0,0,0,0,2,0,0,0,0,0,0,0,0,27,3.0,12.0,2.0,4.0,3.0,12.0,12.0,0.0,4.0,0.0,0.0,0.0,0.0,0.0,0.0,0.0,0.0
112729476,167,0,self,742.0,7,2,16,0,0,0,0,0,2,0,1,0,0,0,0,0,0,0,0,30,6.0,12.0,2.0,6.0,7.0,23.0,0.0,0.0,12.0,0.0,0.0,0.0,0.0,0.0,0.0,0.0,0.0
112729476,167,1,opponent,744.0,7,2,13,0,0,0,0,0,2,0,1,0,0,0,0,0,0,0,0,30,6.0,12.0,2.0,6.0,7.0,23.0,0.0,0.0,12.0,0.0,0.0,0.0,0.0,0.0,0.0,0.0,0.0
112729476,191,0,self,483.0,7,2,13,0,0,0,0,0,0,0,1,0,0,0,0,0,0,0,0,45,9.0,12.0,2.0,8.0,9.0,36.0,0.0,0.0,16.0,0.0,0.0,0.0,0.0,0.0,0.0,0.0,0.0
112729476,191,1,opponent,485.0,7,2,10,0,0,0,0,0,0,0,1,0,0,0,0,0,0,0,0,45,9.0,12.0,2.0,8.0,9.0,36.0,0.0,0.0,16.0,0.0,0.0,0.0,0.0,0.0,0.0,0.0,0.0
112729476,192,0,self,483.0,0,2,13,0,0,0,0,0,0,0,1,0,0,0,0,0,0,0,0,57,9.0,12.0,2.0,8.0,9.0,36.0,0.0,12.0,16.0,0.0,0.0,0.0,0.0,0.0,0.0,0.0,0.0
112729476,192,1,opponent,485.0,0,2,10,0,0,0,0,0,0,0,1,0,0,0,0,0,0,0,0,57,9.0,12.0,2.0,8.0,9.0,36.0,0.0,12.0,16.0,0.0,0.0,0.0,0.0,0.0,0.0,0.0,0.0
112729476,215,0,self,1672.0,8,2,32,0,0,0,0,0,0,0,3,0,0,0,0,0,0,0,0,52,5.0,12.0,4.0,8.0,5.0,47.0,0.0,0.0,20.0,0.0,0.0,0.0,0.0,0.0,0.0,0.0,0.0
112729476,215,1,opponent,1674.0,8,2,29,0,0,0,0,0,0,0,3,0,0,0,0,0,0,0,0,52,5.0,12.0,4.0,8.0,5.0,47.0,0.0,0.0,20.0,0.0,0.0,0.0,0.0,0.0,0.0,0.0,0.0
112729476,239,0,self,2691.0,8,2,40,0,0,0,0,0,0,0,1,0,1,0,0,0,0,0,0,64,5.0,12.0,4.0,9.0,5.0,59.0,0.0,0.0,20.0,0.0,0.0,0.0,0.0,0.0,0.0,0.0,0.0
112729476,239,1,opponent,2693.0,8,2,37,0,0,0,0,0,0,0,1,0,1,0,0,0,0,0,0,64,5.0,12.0,4.0,9.0,5.0,59.0,0.0,0.0,20.0,0.0,0.0,0.0,0.0,0.0,0.0,0.0,0.0
112729476,240,0,self,2691.0,0,2,40,0,0,0,0,0,0,0,1,0,1,0,0,0,0,0,0,77,5.0,12.0,4.0,9.0,5.0,60.0,0.0,12.0,20.0,0.0,0.0,0.0,0.0,0.0,0.0,0.0,0.0
112729476,240,1,opponent,2693.0,0,2,37,0,0,0,0,0,0,0,1,0,1,0,0,0,0,0,0,77,5.0,12.0,4.0,9.0,5.0,60.0,0.0,12.0,20.0,0.0,0.0,0.0,0.0,0.0,0.0,0.0,0.0
112729476,263,0,self,16771.0,11,2,42,0,0,0,12,0,0,0,11,0,0,0,0,0,0,0,0,13,12.0,0.0,5.0,11.0,13.0,0.0,0.0,0.0,20.0,0.0,0.0,0.0,0.0,0.0,0.0,0.0,0.0
112729476,263,1,opponent,16662.0,11,2,42,0,0,0,12,0,0,0,11,0,0,0,0,0,0,0,0,13,12.0,0.0,5.0,11.0,13.0,0.0,0.0,0.0,20.0,0.0,0.0,0.0,0.0,0.0,0.0,0.0,0.0
112729476,287,0,self,16273.0,10,3,37,0,0,0,0,0,0,0,15,0,0,0,0,0,0,0,0,24,21.0,0.0,5.0,12.0,24.0,0.0,0.0,0.0,33.0,0.0,0.0,0.0,0.0,0.0,0.0,0.0,0.0
112729476,287,1,opponent,16164.0,10,3,37,0,0,0,0,0,0,0,15,0,0,0,0,0,0,0,0,24,21.0,0.0,5.0,12.0,24.0,0.0,0.0,0.0,33.0,0.0,0.0,0.0,0.0,0.0,0.0,0.0,0.0
112729476,288,0,self,16273.0,0,3,39,0,0,0,0,0,0,0,16,0,0,0,0,0,0,0,0,39,20.0,0.0,5.0,12.0,22.0,0.0,8.0,9.0,33.0,0.0,0.0,0.0,0.0,0.0,0.0,0.0,0.0
112729476,288,1,opponent,16164.0,0,3,39,0,0,0,0,0,0,0,16,0,0,0,0,0,0,0,0,39,20.0,0.0,5.0,12.0,22.0,0.0,8.0,9.0,33.0,0.0,0.0,0.0,0.0,0.0,0.0,0.0,0.0
112729476,311,0,self,20283.0,9,3,14,0,0,0,0,0,0,0,17,0,0,0,0,0,0,0,0,30,24.0,0.0,5.0,12.0,27.0,0.0,0.0,3.0,33.0,0.0,0.0,0.0,0.0,0.0,0.0,0.0,0.0
112729476,311,1,opponent,20174.0,9,3,14,0,0,0,0,0,0,0,17,0,0,0,0,0,0,0,0,30,24.0,0.0,5.0,12.0,27.0,0.0,0.0,3.0,33.0,0.0,0.0,0.0,0.0,0.0,0.0,0.0,0.0
112729476,335,0,self,22516.0,9,3,16,0,0,0,0,0,0,0,14,0,0,0,0,0,0,0,0,32,24.0,0.0,5.0,12.0,32.0,0.0,0.0,0.0,33.0,0.0,0.0,0.0,0.0,0.0,0.0,0.0,0.0
112729476,335,1,opponent,22407.0,9,3,16,0,0,0,0,0,0,0,14,0,0,0,0,0,0,0,0,32,24.0,0.0,5.0,12.0,32.0,0.0,0.0,0.0,33.0,0.0,0.0,0.0,0.0,0.0,0.0,0.0,0.0
112729476,359,0,self,26681.0,9,3,24,0,0,0,0,6,3,0,20,0,0,0,0,0,0,0,0,38,24.0,0.0,5.0,12.0,38.0,0.0,0.0,0.0,33.0,0.0,0.0,0.0,0.0,0.0,0.0,0.0,0.0
112729476,359,1,opponent,26572.0,9,3,24,0,0,0,0,6,3,0,20,0,0,0,0,0,0,0,0,38,24.0,0.0,5.0,12.0,38.0,0.0,0.0,0.0,33.0,0.0,0.0,0.0,0.0,0.0,0.0,0.0,0.0
112729476,360,0,self,27062.0,0,3,24,0,0,0,0,6,0,0,15,0,0,0,0,0,0,0,0,68,24.0,0.0,5.0,12.0,40.0,0.0,5.0,15.0,33.0,8.0,0.0,0.0,0.0,0.0,0.0,0.0,0.0
112729476,360,1,opponent,26953.0,0,3,24,0,0,0,0,6,0,0,15,0,0,0,0,0,0,0,0,68,24.0,0.0,5.0,12.0,40.0,0.0,5.0,15.0,33.0,8.0,0.0,0.0,0.0,0.0,0.0,0.0,0.0
112729476,383,0,self,34576.0,10,3,24,0,0,0,0,0,5,0,11,0,0,0,1,0,0,0,0,38,24.0,0.0,5.0,12.0,38.0,0.0,0.0,0.0,33.0,0.0,0.0,0.0,0.0,0.0,0.0,0.0,0.0
112729476,383,1,opponent,34467.0,10,3,24,0,0,0,0,0,5,0,11,0,0,0,1,0,0,0,0,38,24.0,0.0,5.0,12.0,38.0,0.0,0.0,0.0,33.0,0.0,0.0,0.0,0.0,0.0,0.0,0.0,0.0
112729476,407,0,self,41577.0,11,3,35,0,0,0,0,3,0,0,11,0,0,0,1,0,0,0,0,36,25.0,0.0,5.0,12.0,36.0,0.0,0.0,0.0,33.0,0.0,0.0,0.0,0.0,0.0,0.0,0.0,0.0
112729476,407,1,opponent,41468.0,11,3,35,0,0,0,0,3,0,0,11,0,0,0,1,0,0,0,0,36,25.0,0.0,5.0,12.0,36.0,0.0,0.0,0.0,33.0,0.0,0.0,0.0,0.0,0.0,0.0,0.0,0.0
112729476,431,0,self,46481.0,11,3,35,0,0,0,0,9,2,0,15,0,0,0,1,0,0,0,0,42,25.0,0.0,5.0,12.0,36.0,0.0,0.0,6.0,33.0,0.0,0.0,0.0,0.0,0.0,0.0,0.0,0.0
112729476,431,1,opponent,46372.0,11,3,35,0,0,0,0,9,2,0,15,0,0,0,1,0,0,0,0,42,25.0,0.0,5.0,12.0,36.0,0.0,0.0,6.0,33.0,0.0,0.0,0.0,0.0,0.0,0.0,0.0,0.0
112729476,432,0,self,46487.0,0,3,35,0,0,0,0,9,0,0,16,0,0,0,1,0,0,0,0,100,25.0,0.0,5.0,12.0,38.0,0.0,5.0,33.0,33.0,24.0,0.0,0.0,0.0,0.0,0.0,0.0,0.0
112729476,432,1,opponent,46378.0,0,3,35,0,0,0,0,9,0,0,16,0,0,0,1,0,0,0,0,100,25.0,0.0,5.0,12.0,38.0,0.0,5.0,33.0,33.0,24.0,0.0,0.0,0.0,0.0,0.0,0.0,0.0
112729476,455,0,self,54441.0,11,3,35,0,0,6,0,18,0,0,14,0,0,0,1,0,0,0,0,52,25.0,0.0,5.0,12.0,38.0,0.0,3.0,9.0,33.0,2.0,0.0,0.0,0.0,0.0,0.0,0.0,0.0
112729476,455,1,opponent,54332.0,11,3,35,0,0,6,0,18,0,0,14,0,0,0,1,0,0,0,0,52,25.0,0.0,5.0,12.0,38.0,0.0,3.0,9.0,33.0,2.0,0.0,0.0,0.0,0.0,0.0,0.0,0.0
112729476,479,0,self,64436.0,10,3,34,0,0,6,0,12,1,0,14,0,0,0,1,0,0,0,0,49,25.0,0.0,5.0,12.0,40.0,0.0,0.0,9.0,33.0,0.0,0.0,0.0,0.0,0.0,0.0,0.0,0.0
112729476,479,1,opponent,64337.0,10,3,34,0,0,6,0,12,1,0,14,0,0,0,1,0,0,0,0,49,25.0,0.0,5.0,12.0,40.0,0.0,0.0,9.0,33.0,0.0,0.0,0.0,0.0,0.0,0.0,0.0,0.0
112729476,480,0,self,64436.0,0,3,34,0,0,6,0,12,1,0,14,0,0,0,1,0,0,0,0,101,25.0,0.0,5.0,12.0,43.0,0.0,4.0,30.0,33.0,24.0,0.0,0.0,0.0,0.0,0.0,0.0,0.0
112729476,480,1,opponent,64337.0,0,3,34,0,0,6,0,12,1,0,14,0,0,0,1,0,0,0,0,101,25.0,0.0,5.0,12.0,43.0,0.0,4.0,30.0,33.0,24.0,0.0,0.0,0.0,0.0,0.0,0.0,0.0
112729476,503,0,self,74416.0,11,3,39,0,0,4,0,15,2,0,13,0,0,0,1,0,0,0,0,54,25.0,0.0,5.0,12.0,43.0,0.0,2.0,9.0,33.0,0.0,0.0,0.0,0.0,0.0,0.0,0.0,0.0
112729476,503,1,opponent,74317.0,11,3,39,0,0,4,0,15,2,0,12,0,0,0,1,0,0,0,0,54,25.0,0.0,5.0,12.0,43.0,0.0,2.0,9.0,33.0,0.0,0.0,0.0,0.0,0.0,0.0,0.0,0.0
112729476,527,0,self,84638.0,11,3,35,0,0,12,0,9,0,0,17,0,0,0,1,0,0,0,0,67,30.0,0.0,5.0,12.0,48.0,0.0,2.0,15.0,28.0,2.0,0.0,0.0,0.0,0.0,0.0,0.0,0.0
112729476,527,1,opponent,84531.0,11,3,35,0,0,12,0,9,0,0,17,0,0,0,1,0,0,0,0,67,30.0,0.0,5.0,12.0,48.0,0.0,2.0,15.0,28.0,2.0,0.0,0.0,0.0,0.0,0.0,0.0,0.0
112729476,551,0,self,93101.0,11,3,34,0,0,10,0,12,2,0,14,0,0,0,1,0,0,0,0,68,31.0,0.0,5.0,12.0,48.0,0.0,0.0,18.0,27.0,2.0,0.0,0.0,0.0,0.0,0.0,0.0,0.0
112729476,551,1,opponent,92536.0,11,3,34,0,0,9,0,14,2,0,13,0,0,0,1,0,0,0,0,68,31.0,0.0,5.0,12.0,48.0,0.0,0.0,18.0,27.0,2.0,0.0,0.0,0.0,0.0,0.0,0.0,0.0
112729476,575,0,self,102268.0,11,3,31,0,0,17,0,12,2,0,17,0,0,0,1,0,0,0,0,77,38.0,0.0,5.0,12.0,63.0,0.0,0.0,9.0,20.0,5.0,0.0,0.0,0.0,0.0,0.0,0.0,0.0
112729476,575,1,opponent,101897.0,11,3,31,0,0,17,0,12,2,0,17,0,0,0,1,0,0,0,0,77,38.0,0.0,5.0,12.0,63.0,0.0,0.0,9.0,20.0,5.0,0.0,0.0,0.0,0.0,0.0,0.0,0.0
112729476,576,0,self,102268.0,0,3,31,0,0,22,0,15,2,0,17,0,0,0,1,0,0,0,0,105,38.0,0.0,5.0,12.0,68.0,0.0,4.0,27.0,20.0,6.0,0.0,0.0,0.0,0.0,0.0,0.0,0.0
112729476,576,1,opponent,101897.0,0,3,31,0,0,22,0,15,2,0,17,0,0,0,1,0,0,0,0,104,38.0,0.0,5.0,12.0,68.0,0.0,4.0,27.0,20.0,5.0,0.0,0.0,0.0,0.0,0.0,0.0,0.0
112729476,599,0,self,109689.0,11,3,45,0,0,6,0,21,0,0,17,0,0,0,1,0,0,0,0,73,37.0,0.0,5.0,12.0,63.0,0.0,0.0,6.0,17.0,0.0,0.0,0.0,4.0,4.0,0.0,0.0,0.0
112729476,599,1,opponent,109318.0,11,3,45,0,0,5,0,21,0,0,17,0,0,0,1,0,0,0,0,73,37.0,0.0,5.0,12.0,63.0,0.0,0.0,6.0,17.0,0.0,0.0,0.0,4.0,4.0,0.0,0.0,0.0
112729476,623,0,self,115937.0,11,3,48,0,0,21,0,9,3,0,16,0,0,0,1,0,0,0,0,85,27.0,0.0,5.0,12.0,60.0,0.0,0.0,7.0,13.0,0.0,0.0,0.0,18.0,18.0,0.0,0.0,0.0
112729476,623,1,opponent,115224.0,11,3,48,0,0,21,0,9,3,0,15,0,0,0,1,0,0,0,0,85,27.0,0.0,5.0,12.0,60.0,0.0,0.0,7.0,13.0,0.0,0.0,0.0,18.0,18.0,0.0,0.0,0.0
112729476,647,0,self,122908.0,11,3,57,0,0,0,0,10,4,0,18,0,0,0,1,4,0,0,0,87,16.0,0.0,5.0,12.0,44.0,0.0,0.0,12.0,13.0,0.0,0.0,0.0,29.0,31.0,0.0,0.0,0.0
112729476,647,1,opponent,122194.0,11,3,57,0,0,0,0,10,4,0,17,0,0,0,1,0,0,0,0,87,16.0,0.0,5.0,12.0,44.0,0.0,0.0,12.0,13.0,0.0,0.0,0.0,29.0,31.0,0.0,0.0,0.0
112729476,648,0,self,122908.0,0,3,57,0,0,0,0,10,4,0,19,0,0,0,1,4,0,0,0,137,16.0,0.0,5.0,12.0,48.0,0.0,2.0,26.0,13.0,26.0,0.0,0.0,29.0,35.0,0.0,0.0,0.0
112729476,648,1,opponent,122194.0,0,3,57,0,0,0,0,10,4,0,18,0,0,0,1,0,0,0,0,137,16.0,0.0,5.0,12.0,48.0,0.0,2.0,26.0,13.0,26.0,0.0,0.0,29.0,35.0,0.0,0.0,0.0
112729476,671,0,self,127174.0,11,3,36,15,0,20,0,11,2,0,6,0,0,0,5,0,0,0,0,86,10.0,0.0,5.0,12.0,31.0,0.0,0.0,9.0,4.0,0.0,0.0,0.0,34.0,46.0,0.0,0.0,0.0
112729476,671,1,opponent,126261.0,11,3,36,15,0,20,0,11,2,0,6,0,0,0,5,8,0,0,0,86,10.0,0.0,5.0,12.0,31.0,0.0,0.0,9.0,4.0,0.0,0.0,0.0,34.0,46.0,0.0,0.0,0.0
112729476,695,0,self,135317.0,11,3,51,34,0,0,0,10,3,0,8,0,0,0,5,0,0,0,0,51,2.0,0.0,5.0,12.0,4.0,0.0,0.0,9.0,0.0,0.0,0.0,0.0,21.0,38.0,0.0,0.0,0.0
112729476,695,1,opponent,134538.0,11,3,51,34,0,0,0,10,3,0,8,0,0,0,5,8,0,0,0,51,2.0,0.0,5.0,12.0,4.0,0.0,0.0,9.0,0.0,0.0,0.0,0.0,21.0,38.0,1.0,0.0,0.0
112729476,696,0,self,135552.0,0,3,44,37,0,0,0,10,0,0,6,0,0,0,5,0,0,0,0,62,1.0,0.0,5.0,12.0,3.0,0.0,2.0,22.0,0.0,0.0,0.0,0.0,20.0,35.0,0.0,0.0,0.0
112729476,696,1,opponent,134773.0,0,3,44,37,0,0,0,10,0,0,6,0,0,0,5,8,0,0,0,62,1.0,0.0,5.0,12.0,3.0,0.0,2.0,22.0,0.0,0.0,0.0,0.0,20.0,35.0,1.0,0.0,0.0
112729476,719,0,self,140752.0,11,3,0,0,0,0,0,0,0,0,0,0,0,0,5,0,0,0,0,1,0.0,0.0,5.0,12.0,0.0,0.0,0.0,1.0,0.0,0.0,0.0,0.0,0.0,0.0,0.0,0.0,0.0
112729476,719,1,opponent,139973.0,11,3,0,0,0,0,0,0,0,0,0,0,0,0,5,8,0,0,0,1,0.0,0.0,5.0,12.0,0.0,0.0,0.0,1.0,0.0,0.0,0.0,0.0,0.0,0.0,1.0,0.0,0.0
112730657,0,0,opponent,3000.0,0,1,0,0,0,0,0,0,0,0,0,0,0,0,0,0,0,0,0,0,0.0,0.0,0.0,0.0,0.0,0.0,0.0,0.0,0.0,0.0,0.0,0.0,0.0,0.0,0.0,0.0,0.0
112730657,0,1,self,3000.0,0,1,0,0,0,0,0,0,0,0,0,0,0,0,0,0,0,0,0,0,0.0,0.0,0.0,0.0,0.0,0.0,0.0,0.0,0.0,0.0,0.0,0.0,0.0,0.0,0.0,0.0,0.0
112730657,23,0,opponent,8.0,5,1,3,0,0,0,0,0,0,0,0,0,0,0,0,0,0,0,0,20,8.0,12.0,2.0,2.0,8.0,12.0,0.0,0.0,0.0,0.0,0.0,0.0,0.0,0.0,0.0,0.0,0.0
112730657,23,1,self,16.0,5,1,3,0,0,0,0,0,0,0,0,0,0,0,0,0,0,0,0,20,8.0,12.0,2.0,2.0,8.0,12.0,0.0,0.0,0.0,0.0,0.0,0.0,0.0,0.0,0.0,0.0,0.0
112730657,24,0,opponent,8.0,0,1,3,0,0,0,0,0,0,0,0,0,0,0,0,0,0,0,0,20,8.0,12.0,2.0,2.0,8.0,12.0,0.0,0.0,0.0,0.0,0.0,0.0,0.0,0.0,0.0,0.0,0.0
112730657,24,1,self,16.0,0,1,3,0,0,0,0,0,0,0,0,0,0,0,0,0,0,0,0,20,8.0,12.0,2.0,2.0,8.0,12.0,0.0,0.0,0.0,0.0,0.0,0.0,0.0,0.0,1.0,0.0,0.0
112730657,47,0,opponent,97.0,3,1,6,0,0,0,0,0,0,0,1,0,0,0,0,0,0,0,0,20,8.0,12.0,2.0,2.0,8.0,12.0,0.0,0.0,0.0,0.0,0.0,0.0,0.0,0.0,0.0,0.0,0.0
112730657,47,1,self,105.0,3,1,6,0,0,0,0,0,0,0,1,0,0,0,0,0,0,0,0,20,8.0,12.0,2.0,2.0,8.0,12.0,0.0,0.0,0.0,0.0,0.0,0.0,0.0,0.0,0.0,0.0,0.0
112730657,71,0,opponent,270.0,4,1,6,0,0,0,0,0,0,0,0,0,0,0,0,0,0,0,0,23,7.0,12.0,2.0,3.0,11.0,12.0,0.0,0.0,0.0,0.0,0.0,0.0,0.0,0.0,0.0,0.0,0.0
112730657,71,1,self,218.0,4,1,6,0,0,0,0,0,0,0,0,1,0,0,0,0,0,0,0,25,8.0,12.0,2.0,2.0,13.0,12.0,0.0,0.0,0.0,0.0,0.0,0.0,0.0,0.0,0.0,0.0,0.0
112730657,72,0,opponent,270.0,0,1,6,0,0,0,0,0,0,0,0,0,0,0,0,0,0,0,0,23,7.0,12.0,2.0,3.0,11.0,12.0,0.0,0.0,0.0,0.0,0.0,0.0,0.0,0.0,0.0,0.0,0.0
112730657,72,1,self,218.0,0,1,6,0,0,0,0,0,0,0,0,1,0,0,0,0,0,0,0,25,8.0,12.0,2.0,2.0,13.0,12.0,0.0,0.0,0.0,0.0,0.0,0.0,0.0,0.0,0.0,0.0,0.0
112730657,95,0,opponent,320.0,5,1,11,0,0,0,0,0,0,0,1,1,0,0,0,0,0,0,0,19,7.0,12.0,2.0,3.0,7.0,12.0,0.0,0.0,0.0,0.0,0.0,0.0,0.0,0.0,0.0,0.0,0.0
112730657,95,1,self,172.0,5,1,15,0,0,0,0,0,0,0,1,2,0,0,0,0,0,0,0,19,7.0,12.0,2.0,2.0,7.0,12.0,0.0,0.0,0.0,0.0,0.0,0.0,0.0,0.0,0.0,0.0,0.0
112730657,119,0,opponent,734.0,4,1,16,0,0,0,0,0,0,0,1,0,0,0,0,0,0,0,0,19,7.0,12.0,2.0,4.0,7.0,12.0,0.0,0.0,0.0,0.0,0.0,0.0,0.0,0.0,0.0,0.0,0.0
112730657,119,1,self,491.0,4,1,20,0,0,0,0,0,0,0,1,1,0,0,0,0,0,0,0,19,7.0,12.0,2.0,3.0,7.0,12.0,0.0,0.0,0.0,0.0,0.0,0.0,0.0,0.0,0.0,0.0,0.0
112730657,143,0,opponent,849.0,4,1,16,0,0,0,0,0,0,0,2,0,0,0,0,0,0,0,0,15,3.0,12.0,2.0,4.0,3.0,12.0,0.0,0.0,4.0,0.0,0.0,0.0,0.0,0.0,0.0,0.0,0.0
112730657,143,1,self,606.0,4,1,21,0,0,0,0,0,0,0,1,1,0,0,0,0,0,0,0,15,3.0,12.0,2.0,3.0,3.0,12.0,0.0,0.0,4.0,0.0,0.0,0.0,0.0,0.0,0.0,0.0,0.0
112730657,144,0,opponent,849.0,0,1,16,0,0,0,0,0,0,0,2,0,0,0,0,0,0,0,0,27,3.0,12.0,2.0,4.0,3.0,12.0,12.0,0.0,4.0,0.0,0.0,0.0,0.0,0.0,0.0,0.0,0.0
112730657,144,1,self,606.0,0,1,21,0,0,0,0,0,0,0,1,1,0,0,0,0,0,0,0,27,3.0,12.0,2.0,3.0,3.0,12.0,12.0,0.0,4.0,0.0,0.0,0.0,0.0,0.0,0.0,0.0,0.0
112730657,167,0,opponent,1456.0,8,2,8,0,0,0,0,0,0,0,2,0,0,0,0,0,0,0,0,29,5.0,12.0,4.0,4.0,5.0,24.0,0.0,0.0,12.0,0.0,0.0,0.0,0.0,0.0,0.0,0.0,0.0
112730657,167,1,self,924.0,8,2,14,0,0,0,0,0,0,0,1,1,0,0,0,8,0,0,0,29,1.0,12.0,4.0,3.0,1.0,24.0,0.0,0.0,12.0,0.0,0.0,0.0,4.0,4.0,0.0,0.0,0.0
112730657,191,0,opponent,748.0,8,2,0,0,0,0,0,0,0,0,3,0,0,0,0,0,0,0,0,45,9.0,12.0,4.0,6.0,9.0,36.0,0.0,0.0,16.0,0.0,0.0,0.0,0.0,0.0,0.0,0.0,0.0
112730657,191,1,self,158.0,8,2,6,0,0,0,0,0,0,0,2,1,0,0,0,8,0,0,0,45,5.0,12.0,4.0,5.0,5.0,36.0,0.0,0.0,16.0,0.0,0.0,0.0,4.0,4.0,0.0,0.0,0.0
112730657,192,0,opponent,505.0,0,2,8,0,0,0,0,0,0,0,3,0,0,0,0,0,0,0,0,57,9.0,12.0,4.0,6.0,9.0,36.0,0.0,12.0,16.0,0.0,0.0,0.0,0.0,0.0,0.0,0.0,0.0
112730657,192,1,self,8.0,0,2,11,0,0,0,0,0,0,0,2,1,0,0,0,8,0,0,0,57,5.0,12.0,4.0,5.0,5.0,36.0,0.0,12.0,16.0,0.0,0.0,0.0,4.0,4.0,0.0,0.0,0.0
112730657,215,0,opponent,1511.0,9,2,15,0,0,0,0,0,0,0,3,0,0,0,0,0,0,0,0,53,5.0,12.0,6.0,6.0,5.0,48.0,0.0,0.0,20.0,0.0,0.0,0.0,0.0,0.0,0.0,0.0,0.0
112730657,215,1,self,1026.0,9,2,7,8,0,0,0,0,0,0,2,1,0,0,0,8,0,0,0,53,5.0,12.0,6.0,5.0,5.0,48.0,0.0,0.0,20.0,0.0,0.0,0.0,0.0,0.0,0.0,0.0,0.0
112730657,239,0,opponent,3912.0,9,2,9,0,0,0,0,0,0,0,1,0,0,0,0,0,0,0,0,63,5.0,12.0,7.0,6.0,5.0,58.0,0.0,0.0,20.0,0.0,0.0,0.0,0.0,0.0,0.0,0.0,0.0
112730657,239,1,self,3421.0,9,2,9,0,0,0,0,0,0,0,0,1,0,0,0,8,0,0,0,63,5.0,12.0,7.0,5.0,5.0,58.0,0.0,0.0,20.0,0.0,0.0,0.0,0.0,0.0,0.0,0.0,0.0
112730657,240,0,opponent,3912.0,0,2,9,0,0,0,0,0,0,0,1,0,0,0,0,0,0,0,0,76,5.0,12.0,7.0,6.0,5.0,60.0,0.0,11.0,20.0,0.0,0.0,0.0,0.0,0.0,0.0,0.0,0.0
112730657,240,1,self,3421.0,0,2,9,0,0,0,0,0,0,0,0,1,0,0,0,8,0,0,0,71,5.0,12.0,7.0,5.0,5.0,60.0,0.0,6.0,20.0,0.0,0.0,0.0,0.0,0.0,0.0,0.0,0.0
112730657,263,0,opponent,16201.0,11,2,0,0,0,0,12,0,0,0,11,0,0,0,0,0,0,0,0,12,12.0,0.0,10.0,6.0,12.0,0.0,0.0,0.0,20.0,0.0,0.0,0.0,0.0,0.0,0.0,0.0,0.0
112730657,263,1,self,15117.0,11,2,1,0,0,0,12,0,0,0,10,1,0,0,0,8,0,0,0,12,12.0,0.0,10.0,5.0,12.0,0.0,0.0,0.0,20.0,0.0,0.0,0.0,0.0,0.0,0.0,0.0,0.0
112730657,287,0,opponent,6524.0,13,4,12,0,0,0,0,0,0,0,15,0,0,0,0,0,0,0,0,22,20.0,0.0,17.0,6.0,22.0,0.0,0.0,0.0,33.0,0.0,0.0,0.0,0.0,0.0,0.0,0.0,0.0
112730657,287,1,self,5368.0,13,4,14,0,0,0,0,0,0,0,14,1,0,0,0,8,0,0,0,22,20.0,0.0,17.0,5.0,22.0,0.0,0.0,0.0,33.0,0.0,0.0,0.0,0.0,0.0,0.0,0.0,0.0
112730657,288,0,opponent,6339.0,0,4,17,0,0,0,0,0,0,0,16,0,0,0,0,0,0,0,0,51,20.0,0.0,17.0,6.0,22.0,0.0,20.0,9.0,33.0,0.0,0.0,0.0,0.0,0.0,0.0,0.0,0.0
112730657,288,1,self,5183.0,0,4,19,0,0,0,0,0,0,0,15,1,0,0,0,8,0,0,0,48,20.0,0.0,17.0,5.0,22.0,0.0,20.0,6.0,33.0,0.0,0.0,0.0,0.0,0.0,1.0,0.0,0.0
112730657,311,0,opponent,11156.0,11,4,15,0,0,0,0,3,4,0,17,0,0,0,0,0,0,0,0,30,24.0,0.0,17.0,6.0,27.0,0.0,0.0,3.0,33.0,0.0,0.0,0.0,0.0,0.0,0.0,0.0,0.0
112730657,311,1,self,9937.0,11,4,18,0,0,0,0,3,4,0,16,1,0,0,0,8,0,0,0,27,24.0,0.0,17.0,5.0,27.0,0.0,0.0,0.0,33.0,0.0,0.0,0.0,0.0,0.0,1.0,0.0,0.0
112730657,335,0,opponent,12353.0,11,4,30,0,0,0,0,3,0,0,21,0,0,0,0,0,0,0,0,33,24.0,0.0,17.0,6.0,33.0,0.0,0.0,0.0,33.0,0.0,0.0,0.0,0.0,0.0,0.0,0.0,0.0
112730657,335,1,self,11060.0,11,4,34,0,0,0,0,0,0,0,20,1,0,0,0,8,0,0,0,33,24.0,0.0,17.0,5.0,33.0,0.0,0.0,0.0,33.0,0.0,0.0,0.0,0.0,0.0,1.0,0.0,0.0
112730657,359,0,opponent,15569.0,11,4,36,0,0,0,0,6,1,0,21,0,0,0,0,0,0,0,0,35,24.0,0.0,17.0,6.0,35.0,0.0,0.0,0.0,33.0,0.0,0.0,0.0,0.0,0.0,0.0,0.0,0.0
112730657,359,1,self,14209.0,11,4,40,0,0,0,0,0,1,0,20,1,0,0,0,8,0,0,0,35,24.0,0.0,17.0,5.0,35.0,0.0,0.0,0.0,33.0,0.0,0.0,0.0,0.0,0.0,1.0,0.0,0.0
112730657,360,0,opponent,15313.0,0,4,36,0,0,0,0,6,1,0,25,0,0,0,0,0,0,0,0,83,24.0,0.0,17.0,6.0,38.0,0.0,22.0,15.0,33.0,8.0,0.0,0.0,0.0,0.0,0.0,0.0,0.0
112730657,360,1,self,13953.0,0,4,40,0,0,0,0,0,1,0,24,1,0,0,0,8,0,0,0,83,24.0,0.0,17.0,5.0,38.0,0.0,22.0,15.0,33.0,8.0,0.0,0.0,0.0,0.0,1.0,0.0,0.0
112730657,383,0,opponent,20512.0,12,4,40,0,0,8,0,9,4,0,17,0,0,0,0,0,0,0,0,38,25.0,0.0,17.0,6.0,38.0,0.0,0.0,0.0,33.0,0.0,0.0,0.0,0.0,0.0,0.0,0.0,0.0
112730657,383,1,self,19029.0,12,4,45,0,0,8,0,9,4,0,16,1,0,0,0,8,0,0,0,38,25.0,0.0,17.0,5.0,38.0,0.0,0.0,0.0,33.0,0.0,0.0,0.0,0.0,0.0,1.0,0.0,0.0
112730657,407,0,opponent,28953.0,12,4,44,0,0,0,0,5,6,0,19,0,0,0,0,0,0,0,0,39,25.0,0.0,17.0,6.0,37.0,0.0,0.0,2.0,33.0,0.0,0.0,0.0,0.0,0.0,0.0,0.0,0.0
112730657,407,1,self,26938.0,12,4,45,0,0,0,0,5,9,0,18,1,0,0,0,8,0,0,0,37,25.0,0.0,17.0,5.0,37.0,0.0,0.0,0.0,33.0,0.0,0.0,0.0,0.0,0.0,1.0,0.0,0.0
112730657,431,0,opponent,38887.0,13,4,46,0,0,0,0,6,26,0,19,0,0,0,0,0,0,0,0,39,25.0,0.0,17.0,6.0,39.0,0.0,0.0,0.0,33.0,0.0,0.0,0.0,0.0,0.0,0.0,0.0,0.0
112730657,431,1,self,37561.0,13,4,47,0,0,0,0,6,26,0,18,1,0,0,0,8,0,0,0,39,25.0,0.0,17.0,5.0,39.0,0.0,0.0,0.0,33.0,0.0,0.0,0.0,0.0,0.0,1.0,0.0,0.0
112730657,432,0,opponent,44492.0,0,4,46,0,0,0,0,6,2,0,20,0,0,0,0,0,0,0,0,91,25.0,0.0,17.0,6.0,41.0,0.0,20.0,6.0,33.0,24.0,0.0,0.0,0.0,0.0,0.0,0.0,0.0
112730657,432,1,self,43209.0,0,4,46,0,0,0,0,6,2,0,19,1,0,0,0,8,0,0,0,89,25.0,0.0,17.0,5.0,41.0,0.0,20.0,4.0,33.0,24.0,0.0,0.0,0.0,0.0,1.0,0.0,0.0
112730657,455,0,opponent,48812.0,13,4,46,0,0,0,0,6,16,0,20,0,0,0,0,0,0,0,0,41,25.0,0.0,17.0,6.0,41.0,0.0,0.0,0.0,33.0,0.0,0.0,0.0,0.0,0.0,0.0,0.0,0.0
112730657,455,1,self,47509.0,13,4,46,0,0,0,0,4,16,0,17,1,0,0,0,8,0,0,0,41,25.0,0.0,17.0,5.0,41.0,0.0,0.0,0.0,33.0,0.0,0.0,0.0,0.0,0.0,1.0,0.0,0.0
112730657,479,0,opponent,53255.0,12,4,48,0,0,6,0,4,8,0,18,0,0,0,0,0,0,0,0,47,25.0,0.0,17.0,6.0,43.0,0.0,4.0,0.0,33.0,0.0,0.0,0.0,0.0,0.0,0.0,0.0,0.0
112730657,479,1,self,51791.0,12,4,49,0,0,6,0,4,8,0,21,1,0,0,0,8,0,0,0,47,25.0,0.0,17.0,5.0,43.0,0.0,4.0,0.0,33.0,0.0,0.0,0.0,0.0,0.0,1.0,0.0,0.0
112730657,480,0,opponent,53369.0,0,4,48,0,0,4,0,4,12,0,18,0,0,0,0,0,0,0,0,109,25.0,0.0,17.0,6.0,43.0,0.0,36.0,6.0,33.0,24.0,0.0,0.0,0.0,0.0,0.0,0.0,0.0
112730657,480,1,self,52097.0,0,4,49,0,0,0,0,4,12,0,21,1,0,0,0,8,0,0,0,107,25.0,0.0,17.0,5.0,43.0,0.0,36.0,4.0,33.0,24.0,0.0,0.0,0.0,0.0,1.0,0.0,0.0
112730657,503,0,opponent,62018.0,14,4,29,0,0,0,0,6,8,0,19,0,0,0,0,0,0,0,0,49,25.0,0.0,17.0,6.0,45.0,0.0,4.0,0.0,33.0,0.0,0.0,0.0,0.0,0.0,0.0,0.0,0.0
112730657,503,1,self,60691.0,14,4,29,0,0,0,0,4,8,0,15,1,0,0,0,8,0,0,0,49,25.0,0.0,17.0,5.0,45.0,0.0,4.0,0.0,33.0,0.0,0.0,0.0,0.0,0.0,1.0,0.0,0.0
112730657,527,0,opponent,63656.0,12,4,38,0,0,11,0,6,4,0,20,0,0,0,0,0,0,0,0,65,30.0,0.0,17.0,6.0,47.0,0.0,16.0,0.0,28.0,2.0,0.0,0.0,0.0,0.0,0.0,0.0,0.0
112730657,527,1,self,62261.0,12,4,39,0,0,11,0,6,4,0,19,1,0,0,0,8,0,0,0,65,30.0,0.0,17.0,5.0,47.0,0.0,16.0,0.0,28.0,2.0,0.0,0.0,0.0,0.0,1.0,0.0,0.0
112730657,551,0,opponent,66943.0,13,4,30,0,0,13,0,4,12,0,20,0,0,0,0,0,0,0,0,53,31.0,0.0,17.0,6.0,49.0,0.0,4.0,0.0,27.0,0.0,0.0,0.0,0.0,0.0,0.0,0.0,0.0
112730657,551,1,self,65643.0,13,4,30,0,0,13,0,2,12,0,19,1,0,0,0,8,0,0,0,53,31.0,0.0,17.0,5.0,49.0,0.0,4.0,0.0,27.0,0.0,0.0,0.0,0.0,0.0,1.0,0.0,0.0
112730657,575,0,opponent,73582.0,13,4,41,0,0,20,0,6,12,0,19,0,0,0,0,0,0,0,0,65,38.0,0.0,17.0,6.0,64.0,0.0,0.0,0.0,20.0,1.0,0.0,0.0,0.0,0.0,1.0,0.0,0.0
112730657,575,1,self,72211.0,13,4,42,0,0,20,0,6,12,0,18,1,0,0,0,8,0,0,0,65,38.0,0.0,17.0,5.0,64.0,0.0,0.0,0.0,20.0,1.0,0.0,0.0,0.0,0.0,1.0,0.0,0.0
112730657,576,0,opponent,73200.0,0,4,45,0,0,18,0,6,8,0,23,0,0,0,0,0,0,0,0,97,38.0,0.0,17.0,6.0,64.0,0.0,20.0,6.0,20.0,7.0,0.0,0.0,0.0,0.0,1.0,0.0,0.0
112730657,576,1,self,71874.0,0,4,44,0,0,18,0,6,8,0,23,1,0,0,0,8,0,0,0,95,38.0,0.0,17.0,5.0,64.0,0.0,20.0,4.0,20.0,7.0,0.0,0.0,0.0,0.0,1.0,0.0,0.0
112730657,599,0,opponent,75455.0,13,4,44,0,0,5,0,6,11,0,20,0,0,0,0,0,0,0,0,62,41.0,0.0,17.0,6.0,60.0,0.0,0.0,0.0,17.0,2.0,0.0,0.0,0.0,0.0,1.0,0.0,0.0
112730657,599,1,self,74097.0,13,4,44,0,0,5,0,4,11,0,19,1,0,0,0,8,0,0,0,62,41.0,0.0,17.0,5.0,60.0,0.0,0.0,0.0,17.0,2.0,0.0,0.0,0.0,0.0,1.0,0.0,0.0
112730657,623,0,opponent,78545.0,13,4,53,0,0,13,0,6,3,0,19,0,0,0,0,0,0,0,0,74,31.0,0.0,17.0,6.0,55.0,0.0,0.0,0.0,13.0,5.0,0.0,0.0,14.0,14.0,1.0,0.0,0.0
112730657,623,1,self,76924.0,13,4,54,0,0,13,0,6,3,0,18,1,0,0,0,0,0,0,0,74,31.0,0.0,17.0,5.0,55.0,0.0,0.0,0.0,13.0,5.0,0.0,0.0,14.0,14.0,1.0,0.0,0.0
112730657,647,0,opponent,81649.0,13,4,63,0,0,0,0,4,12,0,20,0,0,0,0,0,0,0,0,82,19.0,0.0,17.0,6.0,54.0,0.0,0.0,2.0,13.0,0.0,0.0,0.0,26.0,26.0,1.0,0.0,0.0
112730657,647,1,self,79847.0,13,4,64,0,0,0,0,4,12,0,19,1,0,0,0,0,0,0,0,80,19.0,0.0,17.0,5.0,54.0,0.0,0.0,0.0,13.0,0.0,0.0,0.0,26.0,26.0,1.0,0.0,0.0
112730657,648,0,opponent,81055.0,0,4,78,0,0,0,0,6,0,0,16,0,0,0,0,0,0,0,0,137,19.0,0.0,17.0,6.0,58.0,0.0,20.0,7.0,13.0,26.0,0.0,0.0,26.0,26.0,1.0,0.0,0.0
112730657,648,1,self,79298.0,0,4,78,0,0,0,0,4,0,0,17,1,0,0,0,0,0,0,0,137,19.0,0.0,17.0,5.0,58.0,0.0,20.0,7.0,13.0,26.0,0.0,0.0,26.0,26.0,1.0,0.0,0.0
112730657,671,0,opponent,83657.0,12,4,61,1,0,20,0,3,16,0,9,0,0,0,0,0,0,0,0,78,17.0,0.0,17.0,6.0,39.0,0.0,0.0,2.0,4.0,0.0,0.0,0.0,27.0,37.0,1.0,0.0,0.0
112730657,671,1,self,81792.0,12,4,62,1,0,20,0,3,16,0,8,1,0,0,0,0,0,0,0,78,17.0,0.0,17.0,5.0,39.0,0.0,0.0,2.0,4.0,0.0,0.0,0.0,27.0,37.0,1.0,0.0,0.0
112730657,695,0,opponent,88231.0,12,4,46,30,0,0,0,0,0,0,14,0,0,0,0,0,0,0,0,45,9.0,0.0,17.0,6.0,11.0,0.0,0.0,2.0,0.0,0.0,0.0,0.0,14.0,32.0,2.0,0.0,0.0
112730657,695,1,self,86381.0,12,4,46,30,0,0,0,0,0,0,14,1,0,0,0,0,0,0,0,45,9.0,0.0,17.0,5.0,11.0,0.0,0.0,2.0,0.0,0.0,0.0,0.0,14.0,32.0,1.0,0.0,0.0
112730657,696,0,opponent,88618.0,0,4,40,33,0,0,0,0,0,0,6,0,0,0,0,0,0,0,0,82,8.0,0.0,17.0,6.0,8.0,0.0,36.0,8.0,0.0,0.0,0.0,0.0,13.0,30.0,2.0,0.0,0.0
112730657,696,1,self,86768.0,0,4,40,33,0,0,0,0,0,0,6,1,0,0,0,0,0,0,0,82,8.0,0.0,17.0,5.0,8.0,0.0,36.0,8.0,0.0,0.0,0.0,0.0,13.0,30.0,1.0,0.0,0.0
112730657,719,0,opponent,96574.0,12,4,0,0,0,0,0,0,0,0,0,0,0,0,0,0,0,0,0,0,0.0,0.0,17.0,6.0,0.0,0.0,0.0,0.0,0.0,0.0,0.0,0.0,0.0,0.0,2.0,0.0,0.0
112730657,719,1,self,94724.0,12,4,0,0,0,0,0,0,0,0,0,1,0,0,0,0,0,0,0,0,0.0,0.0,17.0,5.0,0.0,0.0,0.0,0.0,0.0,0.0,0.0,0.0,0.0,0.0,1.0,0.0,0.0
112731810,0,0,opponent,3000.0,0,1,0,0,0,0,0,0,0,0,0,0,0,0,0,0,0,0,0,0,0.0,0.0,0.0,0.0,0.0,0.0,0.0,0.0,0.0,0.0,0.0,0.0,0.0,0.0,0.0,0.0,0.0
112731810,0,1,self,3000.0,0,1,0,0,0,0,0,0,0,0,0,0,0,0,0,0,0,0,0,0,0.0,0.0,0.0,0.0,0.0,0.0,0.0,0.0,0.0,0.0,0.0,0.0,0.0,0.0,0.0,0.0,0.0
112731810,23,0,opponent,8.0,5,1,3,0,0,0,0,0,0,0,0,0,0,0,0,0,0,0,0,20,8.0,12.0,2.0,2.0,8.0,12.0,0.0,0.0,0.0,0.0,0.0,0.0,0.0,0.0,0.0,0.0,0.0
112731810,23,1,self,16.0,5,1,3,0,0,0,0,0,0,0,0,0,0,0,0,0,0,0,0,20,8.0,12.0,2.0,2.0,8.0,12.0,0.0,0.0,0.0,0.0,0.0,0.0,0.0,0.0,0.0,0.0,0.0
112731810,24,0,opponent,8.0,0,1,3,0,0,0,0,0,0,0,0,0,0,0,0,0,0,0,0,20,8.0,12.0,2.0,2.0,8.0,12.0,0.0,0.0,0.0,0.0,0.0,0.0,0.0,0.0,0.0,0.0,0.0
112731810,24,1,self,16.0,0,1,3,0,0,0,0,0,0,0,0,0,0,0,0,0,0,0,0,20,8.0,12.0,2.0,2.0,8.0,12.0,0.0,0.0,0.0,0.0,0.0,0.0,0.0,0.0,0.0,0.0,0.0
112731810,47,0,opponent,97.0,3,1,6,0,0,0,0,0,0,0,1,0,0,0,0,0,0,0,0,20,8.0,12.0,2.0,2.0,8.0,12.0,0.0,0.0,0.0,0.0,0.0,0.0,0.0,0.0,0.0,0.0,0.0
112731810,47,1,self,105.0,3,1,6,0,0,0,0,0,0,0,1,0,0,0,0,0,0,0,0,20,8.0,12.0,2.0,2.0,8.0,12.0,0.0,0.0,0.0,0.0,0.0,0.0,0.0,0.0,0.0,0.0,0.0
112731810,71,0,opponent,210.0,4,1,6,0,0,0,0,0,0,0,0,0,0,0,0,0,0,0,0,25,8.0,12.0,2.0,3.0,13.0,12.0,0.0,0.0,0.0,0.0,0.0,0.0,0.0,0.0,0.0,0.0,0.0
112731810,71,1,self,218.0,4,1,6,0,0,0,0,0,0,0,0,0,0,0,0,0,0,0,0,25,8.0,12.0,2.0,3.0,13.0,12.0,0.0,0.0,0.0,0.0,0.0,0.0,0.0,0.0,0.0,0.0,0.0
112731810,72,0,opponent,210.0,0,1,6,0,0,0,0,0,0,0,0,0,0,0,0,0,0,0,0,25,8.0,12.0,2.0,3.0,13.0,12.0,0.0,0.0,0.0,0.0,0.0,0.0,0.0,0.0,0.0,0.0,0.0
112731810,72,1,self,218.0,0,1,6,0,0,0,0,0,0,0,0,0,0,0,0,0,0,0,0,25,8.0,12.0,2.0,3.0,13.0,12.0,0.0,0.0,0.0,0.0,0.0,0.0,0.0,0.0,0.0,0.0,0.0
112731810,95,0,opponent,263.0,5,1,14,0,0,0,0,0,0,0,1,1,0,0,0,0,0,0,0,19,7.0,12.0,2.0,3.0,7.0,12.0,0.0,0.0,0.0,0.0,0.0,0.0,0.0,0.0,0.0,0.0,0.0
112731810,95,1,self,271.0,5,1,14,0,0,0,0,0,0,0,1,1,0,0,0,0,0,0,0,19,7.0,12.0,2.0,3.0,7.0,12.0,0.0,0.0,0.0,0.0,0.0,0.0,0.0,0.0,0.0,0.0,0.0
112731810,119,0,opponent,668.0,4,1,19,0,0,0,0,0,0,0,1,0,0,0,0,0,0,0,0,19,7.0,12.0,2.0,4.0,7.0,12.0,0.0,0.0,0.0,0.0,0.0,0.0,0.0,0.0,0.0,0.0,0.0
112731810,119,1,self,676.0,4,1,19,0,0,0,0,0,0,0,1,0,0,0,0,0,0,0,0,19,7.0,12.0,2.0,4.0,7.0,12.0,0.0,0.0,0.0,0.0,0.0,0.0,0.0,0.0,0.0,0.0,0.0
112731810,143,0,opponent,783.0,4,1,19,0,0,0,0,0,0,0,2,0,0,0,0,0,0,0,0,15,3.0,12.0,2.0,4.0,3.0,12.0,0.0,0.0,4.0,0.0,0.0,0.0,0.0,0.0,0.0,0.0,0.0
112731810,143,1,self,791.0,4,1,19,0,0,0,0,0,0,0,2,0,0,0,0,0,0,0,0,15,3.0,12.0,2.0,4.0,3.0,12.0,0.0,0.0,4.0,0.0,0.0,0.0,0.0,0.0,0.0,0.0,0.0
112731810,144,0,opponent,783.0,0,1,19,0,0,0,0,0,0,0,2,0,0,0,0,0,0,0,0,27,3.0,12.0,2.0,4.0,3.0,12.0,12.0,0.0,4.0,0.0,0.0,0.0,0.0,0.0,0.0,0.0,0.0
112731810,144,1,self,791.0,0,1,19,0,0,0,0,0,0,0,2,0,0,0,0,0,0,0,0,27,3.0,12.0,2.0,4.0,3.0,12.0,12.0,0.0,4.0,0.0,0.0,0.0,0.0,0.0,0.0,0.0,0.0
112731810,167,0,opponent,732.0,7,2,16,0,0,0,0,0,2,0,1,0,0,0,0,0,0,0,0,30,6.0,12.0,2.0,6.0,7.0,23.0,0.0,0.0,12.0,0.0,0.0,0.0,0.0,0.0,0.0,0.0,0.0
112731810,167,1,self,740.0,7,2,16,0,0,0,0,0,2,0,1,0,0,0,0,0,0,0,0,30,6.0,12.0,2.0,6.0,7.0,23.0,0.0,0.0,12.0,0.0,0.0,0.0,0.0,0.0,0.0,0.0,0.0
112731810,191,0,opponent,529.0,7,2,11,0,0,0,0,0,0,0,1,0,0,0,1,0,0,0,0,44,8.0,12.0,2.0,8.0,8.0,36.0,0.0,0.0,16.0,0.0,0.0,0.0,0.0,0.0,0.0,0.0,0.0
112731810,191,1,self,537.0,7,2,11,0,0,0,0,0,0,0,1,0,0,0,1,0,0,0,0,44,8.0,12.0,2.0,8.0,8.0,36.0,0.0,0.0,16.0,0.0,0.0,0.0,0.0,0.0,0.0,0.0,0.0
112731810,192,0,opponent,529.0,0,2,11,0,0,0,0,0,0,0,1,0,0,0,0,0,0,0,0,57,9.0,12.0,2.0,8.0,9.0,36.0,0.0,12.0,16.0,0.0,0.0,0.0,0.0,0.0,0.0,0.0,0.0
112731810,192,1,self,537.0,0,2,11,0,0,0,0,0,0,0,1,0,0,0,0,0,0,0,0,57,9.0,12.0,2.0,8.0,9.0,36.0,0.0,12.0,16.0,0.0,0.0,0.0,0.0,0.0,0.0,0.0,0.0
112731810,215,0,opponent,1385.0,8,2,28,0,0,0,0,0,0,0,3,0,0,0,0,0,0,0,0,52,5.0,12.0,4.0,8.0,5.0,47.0,0.0,0.0,20.0,0.0,0.0,0.0,0.0,0.0,0.0,0.0,0.0
112731810,215,1,self,1393.0,8,2,28,0,0,0,0,0,0,0,3,0,0,0,0,0,0,0,0,52,5.0,12.0,4.0,8.0,5.0,47.0,0.0,0.0,20.0,0.0,0.0,0.0,0.0,0.0,0.0,0.0,0.0
112731810,239,0,opponent,2272.0,8,2,36,0,0,0,0,0,0,0,1,0,1,0,0,0,0,0,0,64,5.0,12.0,5.0,8.0,5.0,59.0,0.0,0.0,20.0,0.0,0.0,0.0,0.0,0.0,0.0,0.0,0.0
112731810,239,1,self,2280.0,8,2,36,0,0,0,0,0,0,0,1,0,1,0,0,0,0,0,0,64,5.0,12.0,5.0,8.0,5.0,59.0,0.0,0.0,20.0,0.0,0.0,0.0,0.0,0.0,0.0,0.0,0.0
112731810,240,0,opponent,2272.0,0,2,36,0,0,0,0,0,0,0,1,0,1,0,0,0,0,0,0,77,5.0,12.0,5.0,8.0,5.0,60.0,0.0,12.0,20.0,0.0,0.0,0.0,0.0,0.0,0.0,0.0,0.0
112731810,240,1,self,2280.0,0,2,36,0,0,0,0,0,0,0,1,0,1,0,0,0,0,0,0,77,5.0,12.0,5.0,8.0,5.0,60.0,0.0,12.0,20.0,0.0,0.0,0.0,0.0,0.0,0.0,0.0,0.0
112731810,263,0,opponent,15927.0,11,2,42,0,0,0,12,0,0,0,11,0,0,0,0,0,0,0,0,13,12.0,0.0,6.0,8.0,13.0,0.0,0.0,0.0,20.0,0.0,2.0,0.0,0.0,0.0,0.0,0.0,0.0
112731810,263,1,self,15935.0,11,2,42,0,0,0,12,0,0,0,11,0,0,0,0,0,0,0,0,13,12.0,0.0,6.0,8.0,13.0,0.0,0.0,0.0,20.0,0.0,2.0,0.0,0.0,0.0,0.0,0.0,0.0
112731810,287,0,opponent,15238.0,10,3,37,0,0,0,0,0,0,0,15,0,0,0,0,0,0,0,0,24,21.0,0.0,6.0,8.0,24.0,0.0,0.0,0.0,33.0,0.0,3.0,0.0,0.0,0.0,0.0,0.0,0.0
112731810,287,1,self,15246.0,10,3,37,0,0,0,0,0,0,0,15,0,0,0,0,0,0,0,0,24,21.0,0.0,6.0,8.0,24.0,0.0,0.0,0.0,33.0,0.0,3.0,0.0,0.0,0.0,0.0,0.0,0.0
112731810,288,0,opponent,15238.0,0,3,39,0,0,0,0,0,0,0,16,0,0,0,0,0,0,0,0,39,20.0,0.0,6.0,8.0,22.0,0.0,8.0,9.0,33.0,0.0,3.0,0.0,0.0,0.0,0.0,0.0,0.0
112731810,288,1,self,15246.0,0,3,39,0,0,0,0,0,0,0,16,0,0,0,0,0,0,0,0,39,20.0,0.0,6.0,8.0,22.0,0.0,8.0,9.0,33.0,0.0,3.0,0.0,0.0,0.0,0.0,0.0,0.0
112731810,311,0,opponent,19053.0,9,3,14,0,0,0,0,0,0,0,17,0,0,0,0,0,0,0,0,30,24.0,0.0,6.0,8.0,27.0,0.0,0.0,3.0,33.0,0.0,3.0,0.0,0.0,0.0,0.0,0.0,0.0
112731810,311,1,self,19061.0,9,3,14,0,0,0,0,0,0,0,17,0,0,0,0,0,0,0,0,30,24.0,0.0,6.0,8.0,27.0,0.0,0.0,3.0,33.0,0.0,3.0,0.0,0.0,0.0,0.0,0.0,0.0
112731810,335,0,opponent,21020.0,9,3,16,0,0,0,0,0,0,0,14,0,0,0,0,0,0,0,0,32,24.0,0.0,6.0,8.0,32.0,0.0,0.0,0.0,33.0,0.0,3.0,0.0,0.0,0.0,0.0,0.0,0.0
112731810,335,1,self,21028.0,9,3,16,0,0,0,0,0,0,0,14,0,0,0,0,0,0,0,0,32,24.0,0.0,6.0,8.0,32.0,0.0,0.0,0.0,33.0,0.0,3.0,0.0,0.0,0.0,0.0,0.0,0.0
112731810,359,0,opponent,24416.0,9,3,24,0,0,0,0,6,3,8,20,0,0,0,0,0,0,0,0,38,24.0,0.0,6.0,8.0,38.0,0.0,0.0,0.0,33.0,0.0,3.0,0.0,0.0,0.0,0.0,0.0,0.0
112731810,359,1,self,24424.0,9,3,24,0,0,0,0,6,3,8,20,0,0,0,0,0,0,0,0,38,24.0,0.0,6.0,8.0,38.0,0.0,0.0,0.0,33.0,0.0,3.0,0.0,0.0,0.0,0.0,0.0,0.0
112731810,360,0,opponent,24797.0,0,3,24,0,0,0,0,6,0,8,15,0,0,0,0,0,0,0,0,82,24.0,0.0,6.0,8.0,40.0,0.0,11.0,15.0,33.0,8.0,3.0,8.0,0.0,0.0,0.0,0.0,0.0
112731810,360,1,self,24805.0,0,3,24,0,0,0,0,6,0,8,15,0,0,0,0,0,0,0,0,82,24.0,0.0,6.0,8.0,40.0,0.0,11.0,15.0,33.0,8.0,3.0,8.0,0.0,0.0,0.0,0.0,0.0
112731810,383,0,opponent,31144.0,10,3,25,0,0,0,0,0,11,6,11,0,0,0,1,0,0,0,0,40,24.0,0.0,6.0,8.0,38.0,0.0,0.0,0.0,33.0,0.0,3.0,2.0,0.0,0.0,0.0,0.0,0.0
112731810,383,1,self,31148.0,10,3,25,0,0,0,0,0,11,6,11,0,0,0,1,0,0,0,0,40,24.0,0.0,6.0,8.0,38.0,0.0,0.0,0.0,33.0,0.0,3.0,2.0,0.0,0.0,0.0,0.0,0.0
112731810,407,0,opponent,37230.0,11,3,36,0,0,0,0,3,0,5,11,0,0,0,1,0,0,0,0,38,25.0,0.0,6.0,8.0,36.0,0.0,0.0,0.0,33.0,0.0,3.0,2.0,0.0,0.0,0.0,0.0,0.0
112731810,407,1,self,37234.0,11,3,36,0,0,0,0,3,0,5,11,0,0,0,1,0,0,0,0,38,25.0,0.0,6.0,8.0,36.0,0.0,0.0,0.0,33.0,0.0,3.0,2.0,0.0,0.0,0.0,0.0,0.0
112731810,431,0,opponent,42023.0,11,3,38,0,0,0,0,9,2,6,15,0,0,0,1,0,0,0,0,38,25.0,0.0,6.0,8.0,36.0,0.0,0.0,0.0,33.0,0.0,3.0,2.0,0.0,0.0,0.0,0.0,0.0
112731810,431,1,self,42027.0,11,3,38,0,0,0,0,9,2,6,15,0,0,0,1,0,0,0,0,38,25.0,0.0,6.0,8.0,36.0,0.0,0.0,0.0,33.0,0.0,3.0,2.0,0.0,0.0,0.0,0.0,0.0
112731810,432,0,opponent,42078.0,0,3,38,0,0,0,0,9,2,5,16,0,0,0,1,0,0,0,0,89,25.0,0.0,6.0,8.0,38.0,0.0,4.0,15.0,33.0,24.0,3.0,8.0,0.0,0.0,0.0,0.0,0.0
112731810,432,1,self,42082.0,0,3,38,0,0,0,0,9,2,5,16,0,0,0,1,0,0,0,0,89,25.0,0.0,6.0,8.0,38.0,0.0,4.0,15.0,33.0,24.0,3.0,8.0,0.0,0.0,0.0,0.0,0.0
112731810,455,0,opponent,48733.0,11,3,37,0,0,6,0,6,1,4,14,0,0,0,1,0,0,0,0,48,25.0,0.0,6.0,8.0,38.0,0.0,1.0,3.0,33.0,2.0,3.0,4.0,0.0,0.0,0.0,0.0,0.0
112731810,455,1,self,48737.0,11,3,37,0,0,6,0,6,1,4,14,0,0,0,1,0,0,0,0,48,25.0,0.0,6.0,8.0,38.0,0.0,1.0,3.0,33.0,2.0,3.0,4.0,0.0,0.0,0.0,0.0,0.0
112731810,479,0,opponent,54618.0,11,3,38,0,0,6,0,6,1,10,13,0,0,0,1,0,0,0,0,42,25.0,0.0,6.0,8.0,42.0,0.0,0.0,0.0,33.0,0.0,3.0,0.0,0.0,0.0,0.0,0.0,0.0
112731810,479,1,self,54623.0,11,3,38,0,0,6,0,6,1,10,13,0,0,0,1,0,0,0,0,42,25.0,0.0,6.0,8.0,42.0,0.0,0.0,0.0,33.0,0.0,3.0,0.0,0.0,0.0,0.0,0.0,0.0
112731810,480,0,opponent,54618.0,0,3,38,0,0,6,0,6,1,10,14,0,0,0,1,0,0,0,0,95,25.0,0.0,6.0,8.0,46.0,0.0,4.0,15.0,33.0,24.0,3.0,6.0,0.0,0.0,0.0,0.0,0.0
112731810,480,1,self,54623.0,0,3,38,0,0,6,0,6,1,10,14,0,0,0,1,0,0,0,0,95,25.0,0.0,6.0,8.0,46.0,0.0,4.0,15.0,33.0,24.0,3.0,6.0,0.0,0.0,0.0,0.0,0.0
112731810,503,0,opponent,62714.0,11,3,44,0,0,4,0,6,2,7,13,0,0,0,1,0,0,0,0,56,25.0,0.0,6.0,8.0,49.0,0.0,2.0,3.0,33.0,0.0,3.0,2.0,0.0,0.0,0.0,0.0,0.0
112731810,503,1,self,62714.0,11,3,44,0,0,4,0,6,2,7,13,0,0,0,1,0,0,0,0,56,25.0,0.0,6.0,8.0,49.0,0.0,2.0,3.0,33.0,0.0,3.0,2.0,0.0,0.0,0.0,0.0,0.0
112731810,527,0,opponent,71012.0,11,3,48,0,0,12,0,9,0,4,16,0,0,0,1,0,0,0,0,66,30.0,0.0,6.0,8.0,52.0,0.0,5.0,3.0,28.0,2.0,3.0,4.0,0.0,0.0,0.0,0.0,0.0
112731810,527,1,self,71018.0,11,3,48,0,0,12,0,9,0,4,16,0,0,0,1,0,0,0,0,66,30.0,0.0,6.0,8.0,52.0,0.0,5.0,3.0,28.0,2.0,3.0,4.0,0.0,0.0,0.0,0.0,0.0
112731810,551,0,opponent,79191.0,11,3,46,0,0,10,0,9,2,4,13,0,0,0,1,0,0,0,0,61,31.0,0.0,6.0,8.0,48.0,0.0,2.0,3.0,27.0,2.0,3.0,6.0,0.0,0.0,0.0,0.0,0.0
112731810,551,1,self,79194.0,11,3,46,0,0,10,0,9,2,4,13,0,0,0,1,0,0,0,0,61,31.0,0.0,6.0,8.0,48.0,0.0,2.0,3.0,27.0,2.0,3.0,6.0,0.0,0.0,0.0,0.0,0.0
112731810,575,0,opponent,86427.0,11,3,37,0,0,17,0,6,2,4,17,0,0,0,1,0,0,0,0,76,38.0,0.0,6.0,8.0,63.0,0.0,0.0,6.0,20.0,5.0,3.0,2.0,0.0,0.0,0.0,0.0,0.0
112731810,575,1,self,86427.0,11,3,37,0,0,17,0,6,2,4,17,0,0,0,1,0,0,0,0,76,38.0,0.0,6.0,8.0,63.0,0.0,0.0,6.0,20.0,5.0,3.0,2.0,0.0,0.0,0.0,0.0,0.0
112731810,576,0,opponent,86427.0,0,3,37,0,0,22,0,9,2,4,17,0,0,0,1,0,0,0,0,106,38.0,0.0,6.0,8.0,68.0,0.0,6.0,18.0,20.0,6.0,3.0,8.0,0.0,0.0,0.0,0.0,0.0
112731810,576,1,self,86427.0,0,3,37,0,0,22,0,9,2,4,17,0,0,0,1,0,0,0,0,106,38.0,0.0,6.0,8.0,68.0,0.0,6.0,18.0,20.0,6.0,3.0,8.0,0.0,0.0,0.0,0.0,0.0
112731810,599,0,opponent,93532.0,11,3,45,0,0,6,0,18,1,6,16,0,0,0,1,0,0,0,0,69,37.0,0.0,6.0,8.0,63.0,0.0,0.0,0.0,17.0,0.0,3.0,2.0,4.0,4.0,0.0,0.0,0.0
112731810,599,1,self,93520.0,11,3,45,0,0,6,0,18,1,6,16,0,0,0,1,0,0,0,0,69,37.0,0.0,6.0,8.0,63.0,0.0,0.0,0.0,17.0,0.0,3.0,2.0,4.0,4.0,0.0,0.0,0.0
112731810,623,0,opponent,100524.0,11,3,49,0,0,21,0,6,3,4,15,0,0,0,1,0,0,0,0,82,27.0,0.0,6.0,8.0,60.0,0.0,0.0,3.0,13.0,0.0,3.0,1.0,18.0,18.0,0.0,0.0,0.0
112731810,623,1,self,100506.0,11,3,49,0,0,21,0,6,3,4,15,0,0,0,1,0,0,0,0,82,27.0,0.0,6.0,8.0,60.0,0.0,0.0,3.0,13.0,0.0,3.0,1.0,18.0,18.0,0.0,0.0,0.0
112731810,647,0,opponent,107919.0,11,3,57,0,0,0,0,9,4,2,16,0,0,0,1,0,0,0,0,83,16.0,0.0,6.0,8.0,44.0,0.0,0.0,5.0,13.0,0.0,3.0,3.0,29.0,31.0,0.0,0.0,0.0
112731810,647,1,self,108003.0,11,3,57,0,0,0,0,9,4,2,16,0,0,0,1,0,0,0,0,83,16.0,0.0,6.0,8.0,44.0,0.0,0.0,5.0,13.0,0.0,3.0,3.0,29.0,31.0,0.0,0.0,0.0
112731810,648,0,opponent,107919.0,0,3,57,0,0,0,0,9,4,2,17,0,0,0,1,0,0,0,0,135,16.0,0.0,6.0,8.0,48.0,0.0,4.0,14.0,13.0,26.0,3.0,8.0,29.0,35.0,0.0,0.0,0.0
112731810,648,1,self,108003.0,0,3,57,0,0,0,0,9,4,2,17,0,0,0,1,0,0,0,0,135,16.0,0.0,6.0,8.0,48.0,0.0,4.0,14.0,13.0,26.0,3.0,8.0,29.0,35.0,0.0,0.0,0.0
112731810,671,0,opponent,113808.0,11,3,36,15,0,20,0,5,4,4,6,0,0,0,0,0,0,0,0,84,18.0,0.0,6.0,8.0,39.0,0.0,0.0,3.0,4.0,0.0,3.0,4.0,26.0,38.0,0.0,0.0,0.0
112731810,671,1,self,113939.0,11,3,36,15,0,20,0,5,4,4,6,0,0,0,1,0,0,0,0,84,18.0,0.0,6.0,8.0,39.0,0.0,0.0,3.0,4.0,0.0,3.0,4.0,26.0,38.0,0.0,0.0,0.0
112731810,695,0,opponent,123150.0,11,3,51,34,0,0,0,1,3,6,8,0,0,0,0,0,0,0,0,51,10.0,0.0,6.0,8.0,12.0,0.0,0.0,9.0,0.0,0.0,3.0,0.0,13.0,30.0,0.0,0.0,0.0
112731810,695,1,self,123281.0,11,3,51,34,0,0,0,1,3,6,8,0,0,0,1,0,0,0,0,51,10.0,0.0,6.0,8.0,12.0,0.0,0.0,9.0,0.0,0.0,3.0,0.0,13.0,30.0,0.0,0.0,0.0
112731810,696,0,opponent,123548.0,0,3,44,37,0,0,0,1,0,6,6,0,0,0,0,0,0,0,0,62,9.0,0.0,6.0,8.0,11.0,0.0,2.0,18.0,0.0,0.0,3.0,4.0,12.0,27.0,1.0,0.0,0.0
112731810,696,1,self,123679.0,0,3,44,37,0,0,0,1,0,6,6,0,0,0,1,0,0,0,0,62,9.0,0.0,6.0,8.0,11.0,0.0,2.0,18.0,0.0,0.0,3.0,4.0,12.0,27.0,0.0,0.0,0.0
112731810,719,0,opponent,132863.0,11,3,0,0,0,0,0,0,0,0,0,0,0,0,0,0,0,0,0,0,0.0,0.0,6.0,8.0,0.0,0.0,0.0,0.0,0.0,0.0,3.0,0.0,0.0,0.0,1.0,0.0,0.0
112731810,719,1,self,132989.0,11,3,0,0,0,0,0,0,0,0,0,0,0,0,1,0,0,0,0,0,0.0,0.0,6.0,8.0,0.0,0.0,0.0,0.0,0.0,0.0,3.0,0.0,0.0,0.0,0.0,0.0,0.0
112732949,0,0,opponent,3000.0,0,1,0,0,0,0,0,0,0,0,0,0,0,0,0,0,0,0,0,0,0.0,0.0,0.0,0.0,0.0,0.0,0.0,0.0,0.0,0.0,0.0,0.0,0.0,0.0,0.0,0.0,0.0
112732949,0,1,self,3000.0,0,1,0,0,0,0,0,0,0,0,0,0,0,0,0,0,0,0,0,0,0.0,0.0,0.0,0.0,0.0,0.0,0.0,0.0,0.0,0.0,0.0,0.0,0.0,0.0,0.0,0.0,0.0
112732949,23,0,opponent,8.0,5,1,3,0,0,0,0,0,0,0,0,0,0,0,0,0,0,0,0,20,8.0,12.0,2.0,2.0,8.0,12.0,0.0,0.0,0.0,0.0,0.0,0.0,0.0,0.0,0.0,0.0,0.0
112732949,23,1,self,16.0,5,1,3,0,0,0,0,0,0,0,0,0,0,0,0,0,0,0,0,20,8.0,12.0,2.0,2.0,8.0,12.0,0.0,0.0,0.0,0.0,0.0,0.0,0.0,0.0,0.0,0.0,0.0
112732949,24,0,opponent,8.0,0,1,3,0,0,0,0,0,0,0,0,0,0,0,0,0,0,0,0,20,8.0,12.0,2.0,2.0,8.0,12.0,0.0,0.0,0.0,0.0,0.0,0.0,0.0,0.0,0.0,0.0,0.0
112732949,24,1,self,16.0,0,1,3,0,0,0,0,0,0,0,0,0,0,0,0,0,0,0,0,20,8.0,12.0,2.0,2.0,8.0,12.0,0.0,0.0,0.0,0.0,0.0,0.0,0.0,0.0,0.0,0.0,0.0
112732949,47,0,opponent,97.0,3,1,6,0,0,0,0,0,0,0,1,0,0,0,0,0,0,0,0,20,8.0,12.0,2.0,2.0,8.0,12.0,0.0,0.0,0.0,0.0,0.0,0.0,0.0,0.0,0.0,0.0,0.0
112732949,47,1,self,105.0,3,1,6,0,0,0,0,0,0,0,1,0,0,0,0,0,0,0,0,20,8.0,12.0,2.0,2.0,8.0,12.0,0.0,0.0,0.0,0.0,0.0,0.0,0.0,0.0,0.0,0.0,0.0
112732949,71,0,opponent,270.0,4,1,6,0,0,0,0,0,0,0,0,0,0,0,0,0,0,0,0,23,7.0,12.0,2.0,3.0,11.0,12.0,0.0,0.0,0.0,0.0,0.0,0.0,0.0,0.0,0.0,0.0,0.0
112732949,71,1,self,218.0,4,1,6,0,0,0,0,0,0,0,0,0,0,0,0,0,0,0,0,25,8.0,12.0,2.0,3.0,13.0,12.0,0.0,0.0,0.0,0.0,0.0,0.0,0.0,0.0,0.0,0.0,0.0
112732949,72,0,opponent,270.0,0,1,6,0,0,0,0,0,0,0,0,0,0,0,0,0,0,0,0,23,7.0,12.0,2.0,3.0,11.0,12.0,0.0,0.0,0.0,0.0,0.0,0.0,0.0,0.0,0.0,0.0,0.0
112732949,72,1,self,218.0,0,1,6,0,0,0,0,0,0,0,0,0,0,0,0,0,0,0,0,25,8.0,12.0,2.0,3.0,13.0,12.0,0.0,0.0,0.0,0.0,0.0,0.0,0.0,0.0,0.0,0.0,0.0
112732949,95,0,opponent,320.0,5,1,11,0,0,0,0,0,0,0,1,1,0,0,0,0,0,0,0,19,7.0,12.0,2.0,3.0,7.0,12.0,0.0,0.0,0.0,0.0,0.0,0.0,0.0,0.0,0.0,0.0,0.0
112732949,95,1,self,268.0,5,1,14,0,0,0,0,0,0,0,1,1,0,0,0,0,0,0,0,19,7.0,12.0,2.0,3.0,7.0,12.0,0.0,0.0,0.0,0.0,0.0,0.0,0.0,0.0,0.0,0.0,0.0
112732949,119,0,opponent,732.0,4,1,16,0,0,0,0,0,0,0,1,0,0,0,0,0,0,0,0,19,7.0,12.0,2.0,4.0,7.0,12.0,0.0,0.0,0.0,0.0,0.0,0.0,0.0,0.0,0.0,0.0,0.0
112732949,119,1,self,680.0,4,1,19,0,0,0,0,0,0,0,1,0,0,0,0,0,0,0,0,19,7.0,12.0,2.0,4.0,7.0,12.0,0.0,0.0,0.0,0.0,0.0,0.0,0.0,0.0,0.0,0.0,0.0
112732949,143,0,opponent,845.0,4,1,16,0,0,0,0,0,0,0,2,0,0,0,0,0,0,0,0,15,3.0,12.0,2.0,4.0,3.0,12.0,0.0,0.0,4.0,0.0,0.0,0.0,0.0,0.0,0.0,0.0,0.0
112732949,143,1,self,793.0,4,1,19,0,0,0,0,0,0,0,2,0,0,0,0,0,0,0,0,15,3.0,12.0,2.0,4.0,3.0,12.0,0.0,0.0,4.0,0.0,0.0,0.0,0.0,0.0,0.0,0.0,0.0
112732949,144,0,opponent,845.0,0,1,16,0,0,0,0,0,0,0,2,0,0,0,0,0,0,0,0,27,3.0,12.0,2.0,4.0,3.0,12.0,12.0,0.0,4.0,0.0,0.0,0.0,0.0,0.0,0.0,0.0,0.0
112732949,144,1,self,793.0,0,1,19,0,0,0,0,0,0,0,2,0,0,0,0,0,0,0,0,27,3.0,12.0,2.0,4.0,3.0,12.0,12.0,0.0,4.0,0.0,0.0,0.0,0.0,0.0,0.0,0.0,0.0
112732949,167,0,opponent,1450.0,8,2,8,0,0,0,0,0,0,0,2,0,0,0,0,0,0,0,0,29,5.0,12.0,4.0,4.0,5.0,24.0,0.0,0.0,12.0,0.0,0.0,0.0,0.0,0.0,0.0,0.0,0.0
112732949,167,1,self,1208.0,8,2,11,0,0,0,0,0,0,0,2,0,0,0,0,8,0,0,0,29,2.0,12.0,4.0,4.0,2.0,24.0,0.0,0.0,12.0,0.0,0.0,0.0,3.0,3.0,0.0,0.0,0.0
112732949,191,0,opponent,737.0,8,2,0,0,0,0,0,0,0,0,3,0,0,0,0,0,0,0,0,45,9.0,12.0,4.0,6.0,9.0,36.0,0.0,0.0,16.0,0.0,0.0,0.0,0.0,0.0,0.0,0.0,0.0
112732949,191,1,self,524.0,8,2,2,0,0,0,0,0,0,0,3,0,0,0,0,8,0,0,0,45,6.0,12.0,4.0,6.0,6.0,36.0,0.0,0.0,16.0,0.0,0.0,0.0,3.0,3.0,0.0,0.0,0.0
112732949,192,0,opponent,494.0,0,2,8,0,0,0,0,0,0,0,3,0,0,0,0,0,0,0,0,57,9.0,12.0,4.0,6.0,9.0,36.0,0.0,12.0,16.0,0.0,0.0,0.0,0.0,0.0,0.0,0.0,0.0
112732949,192,1,self,281.0,0,2,10,0,0,0,0,0,0,0,3,0,0,0,0,8,0,0,0,57,6.0,12.0,4.0,6.0,6.0,36.0,0.0,12.0,16.0,0.0,0.0,0.0,3.0,3.0,0.0,0.0,0.0
112732949,215,0,opponent,1488.0,9,2,15,0,0,0,0,0,0,0,3,0,0,0,0,0,0,0,0,53,5.0,12.0,6.0,6.0,5.0,48.0,0.0,0.0,20.0,0.0,0.0,0.0,0.0,0.0,0.0,0.0,0.0
112732949,215,1,self,1341.0,9,2,9,6,0,0,0,0,0,0,3,0,0,0,0,8,0,0,0,53,5.0,12.0,6.0,6.0,5.0,48.0,0.0,0.0,20.0,0.0,0.0,0.0,0.0,0.0,0.0,0.0,0.0
112732949,239,0,opponent,3872.0,9,2,9,0,0,0,0,0,0,0,1,0,0,0,0,0,0,0,0,63,5.0,12.0,7.0,6.0,5.0,58.0,0.0,0.0,20.0,0.0,0.0,0.0,0.0,0.0,0.0,0.0,0.0
112732949,239,1,self,3775.0,9,2,8,0,0,0,0,0,0,0,1,0,0,0,0,8,0,0,0,63,5.0,12.0,7.0,6.0,5.0,58.0,0.0,0.0,20.0,0.0,0.0,0.0,0.0,0.0,0.0,0.0,0.0
112732949,240,0,opponent,3872.0,0,2,9,0,0,0,0,0,0,0,1,0,0,0,0,0,0,0,0,76,5.0,12.0,7.0,6.0,5.0,60.0,0.0,11.0,20.0,0.0,0.0,0.0,0.0,0.0,0.0,0.0,0.0
112732949,240,1,self,3775.0,0,2,8,0,0,0,0,0,0,0,1,0,0,0,0,8,0,0,0,76,5.0,12.0,7.0,6.0,5.0,60.0,0.0,11.0,20.0,0.0,0.0,0.0,0.0,0.0,0.0,0.0,0.0
112732949,263,0,opponent,16290.0,11,2,0,0,0,0,12,0,0,0,12,0,0,0,0,0,0,0,0,12,12.0,0.0,10.0,6.0,12.0,0.0,0.0,0.0,20.0,0.0,0.0,0.0,0.0,0.0,0.0,0.0,0.0
112732949,263,1,self,16159.0,11,2,0,0,0,0,12,0,0,0,12,0,0,0,0,8,0,0,0,12,12.0,0.0,10.0,6.0,12.0,0.0,0.0,0.0,20.0,0.0,0.0,0.0,0.0,0.0,0.0,0.0,0.0
112732949,287,0,opponent,14296.0,11,3,12,0,0,0,0,0,0,0,16,0,0,0,0,0,0,0,0,22,20.0,0.0,11.0,6.0,22.0,0.0,0.0,0.0,33.0,0.0,0.0,0.0,0.0,0.0,0.0,0.0,0.0
112732949,287,1,self,14165.0,11,3,12,0,0,0,0,0,0,0,16,0,0,0,0,8,0,0,0,22,20.0,0.0,11.0,6.0,22.0,0.0,0.0,0.0,33.0,0.0,0.0,0.0,0.0,0.0,0.0,0.0,0.0
112732949,288,0,opponent,14107.0,0,3,17,0,0,0,0,0,0,0,17,0,0,0,0,0,0,0,0,51,20.0,0.0,11.0,6.0,22.0,0.0,20.0,9.0,33.0,0.0,0.0,0.0,0.0,0.0,0.0,0.0,0.0
112732949,288,1,self,13976.0,0,3,17,0,0,0,0,0,0,0,17,0,0,0,0,8,0,0,0,51,20.0,0.0,11.0,6.0,22.0,0.0,20.0,9.0,33.0,0.0,0.0,0.0,0.0,0.0,0.0,0.0,0.0
112732949,311,0,opponent,18914.0,9,3,15,0,0,0,0,3,4,0,18,0,0,0,0,0,0,0,0,30,24.0,0.0,11.0,6.0,27.0,0.0,0.0,3.0,33.0,0.0,0.0,0.0,0.0,0.0,0.0,0.0,0.0
112732949,311,1,self,18783.0,9,3,15,0,0,0,0,3,4,0,18,0,0,0,0,8,0,0,0,30,24.0,0.0,11.0,6.0,27.0,0.0,0.0,3.0,33.0,0.0,0.0,0.0,0.0,0.0,0.0,0.0,0.0
112732949,335,0,opponent,20720.0,10,3,30,0,0,0,0,0,0,0,22,0,0,0,0,0,0,0,0,33,24.0,0.0,11.0,6.0,33.0,0.0,0.0,0.0,33.0,0.0,0.0,0.0,0.0,0.0,0.0,0.0,0.0
112732949,335,1,self,20589.0,10,3,30,0,0,0,0,0,0,0,22,0,0,0,0,8,0,0,0,33,24.0,0.0,11.0,6.0,33.0,0.0,0.0,0.0,33.0,0.0,0.0,0.0,0.0,0.0,0.0,0.0,0.0
112732949,359,0,opponent,24491.0,10,3,34,0,0,0,0,3,1,0,18,0,0,0,0,0,0,0,0,35,24.0,0.0,11.0,6.0,35.0,0.0,0.0,0.0,33.0,0.0,0.0,0.0,0.0,0.0,0.0,0.0,0.0
112732949,359,1,self,24360.0,10,3,34,0,0,0,0,3,1,0,18,0,0,0,0,8,0,0,0,35,24.0,0.0,11.0,6.0,35.0,0.0,0.0,0.0,33.0,0.0,0.0,0.0,0.0,0.0,0.0,0.0,0.0
112732949,360,0,opponent,24224.0,0,3,34,0,0,0,0,3,1,0,22,0,0,0,0,0,0,0,0,83,24.0,0.0,11.0,6.0,38.0,0.0,22.0,15.0,33.0,8.0,0.0,0.0,0.0,0.0,0.0,0.0,0.0
112732949,360,1,self,24093.0,0,3,34,0,0,0,0,3,1,0,22,0,0,0,0,8,0,0,0,83,24.0,0.0,11.0,6.0,38.0,0.0,22.0,15.0,33.0,8.0,0.0,0.0,0.0,0.0,0.0,0.0,0.0
112732949,383,0,opponent,29969.0,11,3,35,0,0,8,0,9,4,0,16,0,0,0,0,0,0,0,0,38,25.0,0.0,11.0,6.0,38.0,0.0,0.0,0.0,33.0,0.0,0.0,0.0,0.0,0.0,0.0,0.0,0.0
112732949,383,1,self,29838.0,11,3,35,0,0,8,0,9,4,0,16,0,0,0,0,8,0,0,0,38,25.0,0.0,11.0,6.0,38.0,0.0,0.0,0.0,33.0,0.0,0.0,0.0,0.0,0.0,0.0,0.0,0.0
112732949,407,0,opponent,37708.0,11,3,36,0,0,0,0,6,9,0,20,0,0,0,0,0,0,0,0,40,25.0,0.0,11.0,6.0,37.0,0.0,0.0,3.0,33.0,0.0,0.0,0.0,0.0,0.0,0.0,0.0,0.0
112732949,407,1,self,37608.0,11,3,36,0,0,0,0,6,9,0,20,0,0,0,0,8,0,0,0,40,25.0,0.0,11.0,6.0,37.0,0.0,0.0,3.0,33.0,0.0,0.0,0.0,0.0,0.0,0.0,0.0,0.0
112732949,431,0,opponent,43945.0,11,3,42,0,0,0,0,9,8,0,18,0,0,0,0,0,0,0,0,39,25.0,0.0,11.0,6.0,39.0,0.0,0.0,0.0,33.0,0.0,0.0,0.0,0.0,0.0,0.0,0.0,0.0
112732949,431,1,self,43864.0,11,3,42,0,0,0,0,9,8,0,18,0,0,0,0,8,0,0,0,39,25.0,0.0,11.0,6.0,39.0,0.0,0.0,0.0,33.0,0.0,0.0,0.0,0.0,0.0,0.0,0.0,0.0
112732949,432,0,opponent,45147.0,0,3,42,0,0,0,0,9,2,0,19,0,0,0,0,0,0,0,0,94,25.0,0.0,11.0,6.0,41.0,0.0,20.0,9.0,33.0,24.0,0.0,0.0,0.0,0.0,0.0,0.0,0.0
112732949,432,1,self,45066.0,0,3,42,0,0,0,0,9,2,0,19,0,0,0,0,8,0,0,0,94,25.0,0.0,11.0,6.0,41.0,0.0,20.0,9.0,33.0,24.0,0.0,0.0,0.0,0.0,0.0,0.0,0.0
112732949,455,0,opponent,49332.0,12,3,43,0,0,0,0,9,16,0,19,0,0,0,0,0,0,0,0,41,25.0,0.0,11.0,6.0,41.0,0.0,0.0,0.0,33.0,0.0,0.0,0.0,0.0,0.0,0.0,0.0,0.0
112732949,455,1,self,49156.0,12,3,43,0,0,0,0,9,16,0,19,0,0,0,0,8,0,0,0,41,25.0,0.0,11.0,6.0,41.0,0.0,0.0,0.0,33.0,0.0,0.0,0.0,0.0,0.0,0.0,0.0,0.0
112732949,479,0,opponent,52825.0,11,3,48,0,0,6,0,6,8,0,26,0,0,0,0,0,0,0,0,47,25.0,0.0,11.0,6.0,43.0,0.0,4.0,0.0,33.0,0.0,0.0,0.0,0.0,0.0,0.0,0.0,0.0
112732949,479,1,self,52649.0,11,3,48,0,0,6,0,6,8,0,26,0,0,0,0,8,0,0,0,47,25.0,0.0,11.0,6.0,43.0,0.0,4.0,0.0,33.0,0.0,0.0,0.0,0.0,0.0,0.0,0.0,0.0
112732949,480,0,opponent,53050.0,0,3,48,0,0,0,0,6,12,0,26,0,0,0,0,0,0,0,0,84,25.0,0.0,11.0,6.0,43.0,0.0,12.0,5.0,33.0,24.0,0.0,0.0,0.0,0.0,0.0,0.0,0.0
112732949,480,1,self,52874.0,0,3,48,0,0,0,0,6,12,0,26,0,0,0,0,8,0,0,0,84,25.0,0.0,11.0,6.0,43.0,0.0,12.0,5.0,33.0,24.0,0.0,0.0,0.0,0.0,0.0,0.0,0.0
112732949,503,0,opponent,56064.0,12,3,27,0,0,0,0,5,8,0,16,0,0,0,0,0,0,0,0,49,25.0,0.0,11.0,6.0,45.0,0.0,4.0,0.0,33.0,0.0,0.0,0.0,0.0,0.0,0.0,0.0,0.0
112732949,503,1,self,55888.0,12,3,27,0,0,0,0,5,8,0,16,0,0,0,0,8,0,0,0,49,25.0,0.0,11.0,6.0,45.0,0.0,4.0,0.0,33.0,0.0,0.0,0.0,0.0,0.0,0.0,0.0,0.0
112732949,527,0,opponent,57055.0,11,3,40,0,0,11,0,6,4,0,17,0,0,0,0,0,0,0,0,65,30.0,0.0,11.0,6.0,47.0,0.0,16.0,0.0,28.0,2.0,0.0,0.0,0.0,0.0,0.0,0.0,0.0
112732949,527,1,self,56879.0,11,3,40,0,0,11,0,6,4,0,17,0,0,0,0,8,0,0,0,65,30.0,0.0,11.0,6.0,47.0,0.0,16.0,0.0,28.0,2.0,0.0,0.0,0.0,0.0,0.0,0.0,0.0
112732949,551,0,opponent,58568.0,12,3,30,0,0,0,0,3,12,0,17,0,0,0,0,0,0,0,0,53,31.0,0.0,11.0,6.0,49.0,0.0,4.0,0.0,27.0,0.0,0.0,0.0,0.0,0.0,0.0,0.0,0.0
112732949,551,1,self,58409.0,12,3,30,0,0,0,0,3,12,0,17,0,0,0,0,8,0,0,0,53,31.0,0.0,11.0,6.0,49.0,0.0,4.0,0.0,27.0,0.0,0.0,0.0,0.0,0.0,0.0,0.0,0.0
112732949,575,0,opponent,59098.0,12,3,41,0,0,20,0,6,12,0,16,0,0,0,0,0,0,0,0,67,38.0,0.0,11.0,6.0,66.0,0.0,0.0,0.0,20.0,1.0,0.0,0.0,0.0,0.0,0.0,0.0,0.0
112732949,575,1,self,58939.0,12,3,41,0,0,20,0,6,12,0,16,0,0,0,0,8,0,0,0,67,38.0,0.0,11.0,6.0,66.0,0.0,0.0,0.0,20.0,1.0,0.0,0.0,0.0,0.0,0.0,0.0,0.0
112732949,576,0,opponent,58512.0,0,3,45,0,0,18,0,6,8,0,23,0,0,0,0,0,0,0,0,95,38.0,0.0,11.0,6.0,66.0,0.0,16.0,6.0,20.0,7.0,0.0,0.0,0.0,0.0,0.0,0.0,0.0
112732949,576,1,self,58353.0,0,3,45,0,0,18,0,6,8,0,23,0,0,0,0,8,0,0,0,95,38.0,0.0,11.0,6.0,66.0,0.0,16.0,6.0,20.0,7.0,0.0,0.0,0.0,0.0,0.0,0.0,0.0
112732949,599,0,opponent,59790.0,12,3,51,0,0,5,0,6,7,0,17,0,0,0,0,0,0,0,0,68,41.0,0.0,11.0,6.0,66.0,0.0,0.0,0.0,17.0,2.0,0.0,0.0,0.0,0.0,0.0,0.0,0.0
112732949,599,1,self,59631.0,12,3,51,0,0,5,0,6,7,0,17,0,0,0,0,8,0,0,0,68,41.0,0.0,11.0,6.0,66.0,0.0,0.0,0.0,17.0,2.0,0.0,0.0,0.0,0.0,0.0,0.0,0.0
112732949,623,0,opponent,61284.0,12,3,62,0,0,13,0,9,1,0,16,0,0,0,0,0,0,0,0,78,31.0,0.0,11.0,6.0,59.0,0.0,0.0,0.0,13.0,5.0,0.0,0.0,14.0,14.0,0.0,0.0,0.0
112732949,623,1,self,61285.0,12,3,62,0,0,13,0,9,1,0,16,0,0,0,0,0,0,0,0,78,31.0,0.0,11.0,6.0,59.0,0.0,0.0,0.0,13.0,5.0,0.0,0.0,14.0,14.0,0.0,0.0,0.0
112732949,647,0,opponent,63139.0,12,3,65,0,0,0,0,5,0,0,17,0,0,0,0,0,0,0,0,85,19.0,0.0,11.0,6.0,57.0,0.0,0.0,2.0,13.0,0.0,0.0,0.0,26.0,26.0,0.0,0.0,0.0
112732949,647,1,self,63140.0,12,3,65,0,0,0,0,5,0,0,17,0,0,0,0,0,0,0,0,85,19.0,0.0,11.0,6.0,57.0,0.0,0.0,2.0,13.0,0.0,0.0,0.0,26.0,26.0,0.0,0.0,0.0
112732949,648,0,opponent,62539.0,0,3,79,0,0,0,0,7,0,0,14,0,0,0,0,0,0,0,0,133,19.0,0.0,11.0,6.0,61.0,0.0,11.0,9.0,13.0,26.0,0.0,0.0,26.0,26.0,0.0,0.0,0.0
112732949,648,1,self,62540.0,0,3,79,0,0,0,0,7,0,0,14,0,0,0,0,0,0,0,0,133,19.0,0.0,11.0,6.0,61.0,0.0,11.0,9.0,13.0,26.0,0.0,0.0,26.0,26.0,0.0,0.0,0.0
112732949,671,0,opponent,65142.0,11,3,63,1,0,20,0,3,10,0,7,0,0,0,0,0,0,0,0,80,17.0,0.0,11.0,6.0,40.0,0.0,0.0,3.0,4.0,0.0,0.0,0.0,27.0,37.0,0.0,0.0,0.0
112732949,671,1,self,65143.0,11,3,63,1,0,20,0,3,10,0,7,0,0,0,0,0,0,0,0,80,17.0,0.0,11.0,6.0,40.0,0.0,0.0,3.0,4.0,0.0,0.0,0.0,27.0,37.0,0.0,0.0,0.0
112732949,695,0,opponent,68265.0,11,3,51,31,0,0,0,1,0,0,8,0,0,0,0,0,0,0,0,45,9.0,0.0,11.0,6.0,11.0,0.0,0.0,3.0,0.0,0.0,0.0,0.0,14.0,31.0,0.0,0.0,0.0
112732949,695,1,self,68266.0,11,3,51,31,0,0,0,1,0,0,8,0,0,0,0,0,0,0,0,45,9.0,0.0,11.0,6.0,11.0,0.0,0.0,3.0,0.0,0.0,0.0,0.0,14.0,31.0,0.0,0.0,0.0
112732949,696,0,opponent,68657.0,0,3,44,34,0,0,0,1,0,0,6,0,0,0,0,0,0,0,0,57,8.0,0.0,11.0,6.0,8.0,0.0,10.0,10.0,0.0,0.0,0.0,0.0,13.0,29.0,0.0,0.0,0.0
112732949,696,1,self,68658.0,0,3,44,34,0,0,0,1,0,0,6,0,0,0,0,0,0,0,0,57,8.0,0.0,11.0,6.0,8.0,0.0,10.0,10.0,0.0,0.0,0.0,0.0,13.0,29.0,0.0,0.0,0.0
112732949,719,0,opponent,74249.0,11,3,0,0,0,0,0,0,0,0,0,0,0,0,0,0,0,0,0,0,0.0,0.0,11.0,6.0,0.0,0.0,0.0,0.0,0.0,0.0,0.0,0.0,0.0,0.0,0.0,0.0,0.0
112732949,719,1,self,74252.0,11,3,0,0,0,0,0,0,0,0,0,0,0,0,0,0,0,0,0,0,0.0,0.0,11.0,6.0,0.0,0.0,0.0,0.0,0.0,0.0,0.0,0.0,0.0,0.0,0.0,0.0,0.0
112734114,0,0,opponent,3000.0,0,1,0,0,0,0,0,0,0,0,0,0,0,0,0,0,0,0,0,0,0.0,0.0,0.0,0.0,0.0,0.0,0.0,0.0,0.0,0.0,0.0,0.0,0.0,0.0,0.0,0.0,0.0
112734114,0,1,self,3000.0,0,1,0,0,0,0,0,0,0,0,0,0,0,0,0,0,0,0,0,0,0.0,0.0,0.0,0.0,0.0,0.0,0.0,0.0,0.0,0.0,0.0,0.0,0.0,0.0,0.0,0.0,0.0
112734114,23,0,opponent,8.0,5,1,3,0,0,0,0,0,0,0,0,0,0,0,0,0,0,0,0,20,8.0,12.0,2.0,2.0,8.0,12.0,0.0,0.0,0.0,0.0,0.0,0.0,0.0,0.0,0.0,0.0,0.0
112734114,23,1,self,16.0,5,1,3,0,0,0,0,0,0,0,0,0,0,0,0,0,0,0,0,20,8.0,12.0,2.0,2.0,8.0,12.0,0.0,0.0,0.0,0.0,0.0,0.0,0.0,0.0,0.0,0.0,0.0
112734114,24,0,opponent,8.0,0,1,3,0,0,0,0,0,0,0,0,0,0,0,0,0,0,0,0,20,8.0,12.0,2.0,2.0,8.0,12.0,0.0,0.0,0.0,0.0,0.0,0.0,0.0,0.0,0.0,0.0,0.0
112734114,24,1,self,16.0,0,1,3,0,0,0,0,0,0,0,0,0,0,0,0,0,0,0,0,20,8.0,12.0,2.0,2.0,8.0,12.0,0.0,0.0,0.0,0.0,0.0,0.0,0.0,0.0,0.0,0.0,0.0
112734114,47,0,opponent,97.0,3,1,6,0,0,0,0,0,0,0,1,0,0,0,0,0,0,0,0,20,8.0,12.0,2.0,2.0,8.0,12.0,0.0,0.0,0.0,0.0,0.0,0.0,0.0,0.0,0.0,0.0,0.0
112734114,47,1,self,105.0,3,1,6,0,0,0,0,0,0,0,1,0,0,0,0,0,0,0,0,20,8.0,12.0,2.0,2.0,8.0,12.0,0.0,0.0,0.0,0.0,0.0,0.0,0.0,0.0,0.0,0.0,0.0
112734114,71,0,opponent,210.0,4,1,6,0,0,0,0,0,0,0,0,0,0,0,0,0,0,0,0,25,8.0,12.0,2.0,3.0,13.0,12.0,0.0,0.0,0.0,0.0,0.0,0.0,0.0,0.0,0.0,0.0,0.0
112734114,71,1,self,218.0,4,1,6,0,0,0,0,0,0,0,0,0,0,0,0,0,0,0,0,25,8.0,12.0,2.0,3.0,13.0,12.0,0.0,0.0,0.0,0.0,0.0,0.0,0.0,0.0,0.0,0.0,0.0
112734114,72,0,opponent,210.0,0,1,6,0,0,0,0,0,0,0,0,0,0,0,0,0,0,0,0,25,8.0,12.0,2.0,3.0,13.0,12.0,0.0,0.0,0.0,0.0,0.0,0.0,0.0,0.0,0.0,0.0,0.0
112734114,72,1,self,218.0,0,1,6,0,0,0,0,0,0,0,0,0,0,0,0,0,0,0,0,25,8.0,12.0,2.0,3.0,13.0,12.0,0.0,0.0,0.0,0.0,0.0,0.0,0.0,0.0,0.0,0.0,0.0
112734114,95,0,opponent,353.0,5,1,11,0,0,0,0,0,0,0,1,1,0,0,0,0,0,0,0,19,7.0,12.0,2.0,3.0,7.0,12.0,0.0,0.0,0.0,0.0,0.0,0.0,0.0,0.0,0.0,0.0,0.0
112734114,95,1,self,271.0,5,1,14,0,0,0,0,0,0,0,1,1,0,0,0,0,0,0,0,19,7.0,12.0,2.0,3.0,7.0,12.0,0.0,0.0,0.0,0.0,0.0,0.0,0.0,0.0,0.0,0.0,0.0
112734114,119,0,opponent,760.0,4,1,16,0,0,0,0,0,0,0,1,0,0,0,0,0,0,0,0,19,7.0,12.0,2.0,4.0,7.0,12.0,0.0,0.0,0.0,0.0,0.0,0.0,0.0,0.0,0.0,0.0,0.0
112734114,119,1,self,678.0,4,1,19,0,0,0,0,0,0,0,1,0,0,0,0,0,0,0,0,19,7.0,12.0,2.0,4.0,7.0,12.0,0.0,0.0,0.0,0.0,0.0,0.0,0.0,0.0,0.0,0.0,0.0
112734114,143,0,opponent,875.0,4,1,16,0,0,0,0,0,0,0,2,0,0,0,0,0,0,0,0,15,3.0,12.0,2.0,4.0,3.0,12.0,0.0,0.0,4.0,0.0,0.0,0.0,0.0,0.0,0.0,0.0,0.0
112734114,143,1,self,793.0,4,1,19,0,0,0,0,0,0,0,2,0,0,0,0,0,0,0,0,15,3.0,12.0,2.0,4.0,3.0,12.0,0.0,0.0,4.0,0.0,0.0,0.0,0.0,0.0,0.0,0.0,0.0
112734114,144,0,opponent,875.0,0,1,16,0,0,0,0,0,0,0,2,0,0,0,0,0,0,0,0,27,3.0,12.0,2.0,4.0,3.0,12.0,12.0,0.0,4.0,0.0,0.0,0.0,0.0,0.0,0.0,0.0,0.0
112734114,144,1,self,793.0,0,1,19,0,0,0,0,0,0,0,2,0,0,0,0,0,0,0,0,27,3.0,12.0,2.0,4.0,3.0,12.0,12.0,0.0,4.0,0.0,0.0,0.0,0.0,0.0,0.0,0.0,0.0
112734114,167,0,opponent,1202.0,7,2,13,0,0,0,0,0,0,0,1,0,0,0,0,0,0,0,0,30,6.0,12.0,2.0,6.0,7.0,23.0,0.0,0.0,12.0,0.0,0.0,0.0,0.0,0.0,0.0,0.0,0.0
112734114,167,1,self,741.0,7,2,16,0,0,0,0,0,2,0,1,0,0,0,0,0,0,0,0,30,6.0,12.0,2.0,6.0,7.0,23.0,0.0,0.0,12.0,0.0,0.0,0.0,0.0,0.0,0.0,0.0,0.0
112734114,191,0,opponent,622.0,7,2,8,0,0,0,0,0,0,0,1,0,0,0,1,0,0,0,0,44,8.0,12.0,2.0,8.0,8.0,36.0,0.0,0.0,16.0,0.0,0.0,0.0,0.0,0.0,0.0,0.0,0.0
112734114,191,1,self,533.0,7,2,11,0,0,0,0,0,0,0,1,0,0,0,1,0,0,0,0,44,8.0,12.0,2.0,8.0,8.0,36.0,0.0,0.0,16.0,0.0,0.0,0.0,0.0,0.0,0.0,0.0,0.0
112734114,192,0,opponent,622.0,0,2,8,0,0,0,0,0,0,0,1,0,0,0,0,0,0,0,0,57,9.0,12.0,2.0,8.0,9.0,36.0,0.0,12.0,16.0,0.0,0.0,0.0,0.0,0.0,0.0,0.0,0.0
112734114,192,1,self,533.0,0,2,11,0,0,0,0,0,0,0,1,0,0,0,0,0,0,0,0,57,9.0,12.0,2.0,8.0,9.0,36.0,0.0,12.0,16.0,0.0,0.0,0.0,0.0,0.0,0.0,0.0,0.0
112734114,215,0,opponent,1836.0,8,2,25,0,0,0,0,0,0,0,3,0,0,0,0,0,0,0,0,52,5.0,12.0,4.0,8.0,5.0,47.0,0.0,0.0,20.0,0.0,0.0,0.0,0.0,0.0,0.0,0.0,0.0
112734114,215,1,self,1747.0,8,2,28,0,0,0,0,0,0,0,3,0,0,0,0,0,0,0,0,52,5.0,12.0,4.0,8.0,5.0,47.0,0.0,0.0,20.0,0.0,0.0,0.0,0.0,0.0,0.0,0.0,0.0
112734114,239,0,opponent,2825.0,8,2,33,0,0,0,0,0,0,0,1,0,1,0,0,0,0,0,0,64,5.0,12.0,4.0,9.0,5.0,59.0,0.0,0.0,20.0,0.0,0.0,0.0,0.0,0.0,0.0,0.0,0.0
112734114,239,1,self,2736.0,8,2,36,0,0,0,0,0,0,0,1,0,1,0,0,0,0,0,0,64,5.0,12.0,4.0,9.0,5.0,59.0,0.0,0.0,20.0,0.0,0.0,0.0,0.0,0.0,0.0,0.0,0.0
112734114,240,0,opponent,2825.0,0,2,33,0,0,0,0,0,0,0,1,0,1,0,0,0,0,0,0,77,5.0,12.0,4.0,9.0,5.0,60.0,0.0,12.0,20.0,0.0,0.0,0.0,0.0,0.0,0.0,0.0,0.0
112734114,240,1,self,2736.0,0,2,36,0,0,0,0,0,0,0,1,0,1,0,0,0,0,0,0,77,5.0,12.0,4.0,9.0,5.0,60.0,0.0,12.0,20.0,0.0,0.0,0.0,0.0,0.0,0.0,0.0,0.0
112734114,263,0,opponent,16700.0,11,2,42,0,0,0,12,0,0,0,11,0,0,0,0,0,0,0,0,13,12.0,0.0,5.0,9.0,13.0,0.0,0.0,0.0,20.0,0.0,2.0,0.0,0.0,0.0,0.0,0.0,0.0
112734114,263,1,self,16729.0,11,2,42,0,0,0,12,0,0,0,11,0,0,0,0,0,0,0,0,13,12.0,0.0,5.0,9.0,13.0,0.0,0.0,0.0,20.0,0.0,2.0,0.0,0.0,0.0,0.0,0.0,0.0
112734114,287,0,opponent,16245.0,10,3,37,0,0,0,0,0,0,0,15,0,0,0,0,0,0,0,0,24,21.0,0.0,5.0,9.0,24.0,0.0,0.0,0.0,33.0,0.0,3.0,0.0,0.0,0.0,0.0,0.0,0.0
112734114,287,1,self,16274.0,10,3,37,0,0,0,0,0,0,0,15,0,0,0,0,0,0,0,0,24,21.0,0.0,5.0,9.0,24.0,0.0,0.0,0.0,33.0,0.0,3.0,0.0,0.0,0.0,0.0,0.0,0.0
112734114,288,0,opponent,16245.0,0,3,39,0,0,0,0,0,0,0,16,0,0,0,0,0,0,0,0,39,20.0,0.0,5.0,9.0,22.0,0.0,8.0,9.0,33.0,0.0,3.0,0.0,0.0,0.0,0.0,0.0,0.0
112734114,288,1,self,16274.0,0,3,39,0,0,0,0,0,0,0,16,0,0,0,0,0,0,0,0,39,20.0,0.0,5.0,9.0,22.0,0.0,8.0,9.0,33.0,0.0,3.0,0.0,0.0,0.0,0.0,0.0,0.0
112734114,311,0,opponent,20248.0,9,3,14,0,0,0,0,0,0,0,17,0,0,0,0,0,0,0,0,30,24.0,0.0,5.0,9.0,27.0,0.0,0.0,3.0,33.0,0.0,3.0,0.0,0.0,0.0,0.0,0.0,0.0
112734114,311,1,self,20277.0,9,3,14,0,0,0,0,0,0,0,17,0,0,0,0,0,0,0,0,30,24.0,0.0,5.0,9.0,27.0,0.0,0.0,3.0,33.0,0.0,3.0,0.0,0.0,0.0,0.0,0.0,0.0
112734114,335,0,opponent,22354.0,9,3,16,0,0,0,0,0,0,0,14,0,0,0,0,0,0,0,0,32,24.0,0.0,5.0,9.0,32.0,0.0,0.0,0.0,33.0,0.0,3.0,0.0,0.0,0.0,0.0,0.0,0.0
112734114,335,1,self,22383.0,9,3,16,0,0,0,0,0,0,0,14,0,0,0,0,0,0,0,0,32,24.0,0.0,5.0,9.0,32.0,0.0,0.0,0.0,33.0,0.0,3.0,0.0,0.0,0.0,0.0,0.0,0.0
112734114,359,0,opponent,26118.0,9,3,24,0,0,0,0,6,0,8,20,0,0,0,0,0,0,0,0,38,24.0,0.0,5.0,9.0,38.0,0.0,0.0,0.0,33.0,0.0,3.0,0.0,0.0,0.0,0.0,0.0,0.0
112734114,359,1,self,26144.0,9,3,24,0,0,0,0,6,3,8,20,0,0,0,0,0,0,0,0,38,24.0,0.0,5.0,9.0,38.0,0.0,0.0,0.0,33.0,0.0,3.0,0.0,0.0,0.0,0.0,0.0,0.0
112734114,360,0,opponent,26496.0,0,3,24,0,0,0,0,6,0,8,15,0,0,0,0,0,0,0,0,76,24.0,0.0,5.0,9.0,40.0,0.0,5.0,15.0,33.0,8.0,3.0,8.0,0.0,0.0,0.0,0.0,0.0
112734114,360,1,self,26525.0,0,3,24,0,0,0,0,6,0,8,15,0,0,0,0,0,0,0,0,76,24.0,0.0,5.0,9.0,40.0,0.0,5.0,15.0,33.0,8.0,3.0,8.0,0.0,0.0,0.0,0.0,0.0
112734114,383,0,opponent,33146.0,10,3,24,0,0,0,0,0,5,6,11,0,0,0,1,0,0,0,0,40,24.0,0.0,5.0,9.0,38.0,0.0,0.0,0.0,33.0,0.0,3.0,2.0,0.0,0.0,0.0,0.0,0.0
112734114,383,1,self,33180.0,10,3,24,0,0,0,0,0,5,6,11,0,0,0,1,0,0,0,0,40,24.0,0.0,5.0,9.0,38.0,0.0,0.0,0.0,33.0,0.0,3.0,2.0,0.0,0.0,0.0,0.0,0.0
112734114,407,0,opponent,38733.0,11,3,35,0,0,0,0,3,0,5,11,0,0,0,1,0,0,0,0,38,25.0,0.0,5.0,9.0,36.0,0.0,0.0,0.0,33.0,0.0,3.0,2.0,0.0,0.0,0.0,0.0,0.0
112734114,407,1,self,38692.0,11,3,35,0,0,0,0,3,0,5,11,0,0,0,1,0,0,0,0,38,25.0,0.0,5.0,9.0,36.0,0.0,0.0,0.0,33.0,0.0,3.0,2.0,0.0,0.0,0.0,0.0,0.0
112734114,431,0,opponent,42613.0,11,3,36,0,0,0,0,9,0,6,15,0,0,0,1,0,0,0,0,44,25.0,0.0,5.0,9.0,36.0,0.0,0.0,6.0,33.0,0.0,3.0,2.0,0.0,0.0,0.0,0.0,0.0
112734114,431,1,self,42572.0,11,3,36,0,0,0,0,9,0,6,15,0,0,0,1,0,0,0,0,44,25.0,0.0,5.0,9.0,36.0,0.0,0.0,6.0,33.0,0.0,3.0,2.0,0.0,0.0,0.0,0.0,0.0
112734114,432,0,opponent,42666.0,0,3,36,0,0,0,0,9,0,5,16,0,0,0,1,0,0,0,0,94,25.0,0.0,5.0,9.0,38.0,0.0,3.0,21.0,33.0,24.0,3.0,8.0,0.0,0.0,0.0,0.0,0.0
112734114,432,1,self,42625.0,0,3,36,0,0,0,0,9,0,5,16,0,0,0,1,0,0,0,0,94,25.0,0.0,5.0,9.0,38.0,0.0,3.0,21.0,33.0,24.0,3.0,8.0,0.0,0.0,0.0,0.0,0.0
112734114,455,0,opponent,47957.0,11,3,35,0,0,6,0,12,0,4,14,0,0,0,1,0,0,0,0,48,25.0,0.0,5.0,9.0,38.0,0.0,1.0,3.0,33.0,2.0,3.0,4.0,0.0,0.0,0.0,0.0,0.0
112734114,455,1,self,47916.0,11,3,35,0,0,6,0,12,0,4,14,0,0,0,1,0,0,0,0,48,25.0,0.0,5.0,9.0,38.0,0.0,1.0,3.0,33.0,2.0,3.0,4.0,0.0,0.0,0.0,0.0,0.0
112734114,479,0,opponent,51496.0,11,3,35,0,0,6,0,6,1,10,13,0,0,0,1,0,0,0,0,45,25.0,0.0,5.0,9.0,42.0,0.0,0.0,3.0,33.0,0.0,3.0,0.0,0.0,0.0,0.0,0.0,0.0
112734114,479,1,self,51445.0,11,3,35,0,0,6,0,6,1,10,13,0,0,0,1,0,0,0,0,45,25.0,0.0,5.0,9.0,42.0,0.0,0.0,3.0,33.0,0.0,3.0,0.0,0.0,0.0,0.0,0.0,0.0
112734114,480,0,opponent,51496.0,0,3,35,0,0,6,0,6,1,10,14,0,0,0,1,0,0,0,0,98,25.0,0.0,5.0,9.0,46.0,0.0,4.0,18.0,33.0,24.0,3.0,6.0,0.0,0.0,0.0,0.0,0.0
112734114,480,1,self,51445.0,0,3,35,0,0,6,0,6,1,10,14,0,0,0,1,0,0,0,0,98,25.0,0.0,5.0,9.0,46.0,0.0,4.0,18.0,33.0,24.0,3.0,6.0,0.0,0.0,0.0,0.0,0.0
112734114,503,0,opponent,53694.0,11,3,41,0,0,4,0,6,2,4,13,0,0,0,1,0,0,0,0,59,25.0,0.0,5.0,9.0,49.0,0.0,2.0,6.0,33.0,0.0,3.0,2.0,0.0,0.0,0.0,0.0,0.0
112734114,503,1,self,53564.0,11,3,41,0,0,4,0,6,2,4,13,0,0,0,1,0,0,0,0,59,25.0,0.0,5.0,9.0,49.0,0.0,2.0,6.0,33.0,0.0,3.0,2.0,0.0,0.0,0.0,0.0,0.0
112734114,527,0,opponent,54973.0,11,3,45,0,0,12,0,9,0,6,15,0,0,0,1,0,0,0,0,68,30.0,0.0,5.0,9.0,52.0,0.0,3.0,9.0,28.0,2.0,3.0,2.0,0.0,0.0,0.0,0.0,0.0
112734114,527,1,self,54831.0,11,3,45,0,0,12,0,9,0,6,15,0,0,0,1,0,0,0,0,68,30.0,0.0,5.0,9.0,52.0,0.0,3.0,9.0,28.0,2.0,3.0,2.0,0.0,0.0,0.0,0.0,0.0
112734114,551,0,opponent,55961.0,11,3,60,0,0,9,0,9,2,4,14,0,0,0,1,0,0,0,0,63,31.0,0.0,5.0,9.0,48.0,0.0,0.0,9.0,27.0,2.0,3.0,4.0,0.0,0.0,0.0,0.0,0.0
112734114,551,1,self,55811.0,11,3,60,0,0,9,0,9,2,4,14,0,0,0,1,0,0,0,0,63,31.0,0.0,5.0,9.0,48.0,0.0,0.0,9.0,27.0,2.0,3.0,4.0,0.0,0.0,0.0,0.0,0.0
112734114,575,0,opponent,57729.0,11,3,34,0,0,17,0,4,2,8,18,0,0,0,1,0,0,0,0,77,38.0,0.0,5.0,9.0,64.0,0.0,0.0,8.0,20.0,5.0,3.0,0.0,0.0,0.0,0.0,0.0,0.0
112734114,575,1,self,57605.0,11,3,34,0,0,17,0,4,2,8,18,0,0,0,1,0,0,0,0,77,38.0,0.0,5.0,9.0,64.0,0.0,0.0,8.0,20.0,5.0,3.0,0.0,0.0,0.0,0.0,0.0,0.0
112734114,576,0,opponent,57729.0,0,3,34,0,0,22,0,6,2,8,17,0,0,0,1,0,0,0,0,101,38.0,0.0,5.0,9.0,69.0,0.0,5.0,16.0,20.0,5.0,3.0,6.0,0.0,0.0,0.0,0.0,0.0
112734114,576,1,self,57605.0,0,3,34,0,0,22,0,6,2,8,17,0,0,0,1,0,0,0,0,101,38.0,0.0,5.0,9.0,69.0,0.0,5.0,16.0,20.0,5.0,3.0,6.0,0.0,0.0,0.0,0.0,0.0
112734114,599,0,opponent,58462.0,12,3,56,0,0,5,0,16,0,2,17,0,0,0,1,0,0,0,0,69,37.0,0.0,5.0,9.0,61.0,0.0,0.0,0.0,17.0,0.0,3.0,4.0,4.0,4.0,0.0,0.0,0.0
112734114,599,1,self,58338.0,12,3,56,0,0,5,0,16,0,2,17,0,0,0,1,0,0,0,0,69,37.0,0.0,5.0,9.0,61.0,0.0,0.0,0.0,17.0,0.0,3.0,4.0,4.0,4.0,0.0,0.0,0.0
112734114,623,0,opponent,60432.0,11,3,58,0,0,21,0,4,3,6,18,0,0,0,1,0,0,0,0,80,27.0,0.0,5.0,9.0,57.0,0.0,0.0,4.0,13.0,0.0,3.0,1.0,18.0,18.0,0.0,0.0,0.0
112734114,623,1,self,60312.0,11,3,58,0,0,21,0,4,3,6,18,0,0,0,1,0,0,0,0,80,27.0,0.0,5.0,9.0,57.0,0.0,0.0,4.0,13.0,0.0,3.0,1.0,18.0,18.0,0.0,0.0,0.0
112734114,647,0,opponent,61979.0,11,3,64,0,0,0,0,6,4,2,16,0,0,0,1,0,0,0,0,87,16.0,0.0,5.0,9.0,48.0,0.0,0.0,6.0,13.0,0.0,3.0,3.0,29.0,30.0,0.0,0.0,0.0
112734114,647,1,self,61856.0,11,3,64,0,0,0,0,6,4,2,16,0,0,0,1,0,0,0,0,87,16.0,0.0,5.0,9.0,48.0,0.0,0.0,6.0,13.0,0.0,3.0,3.0,29.0,30.0,0.0,0.0,0.0
112734114,648,0,opponent,61998.0,0,3,64,0,0,0,0,6,4,2,15,0,0,0,1,0,0,0,0,136,16.0,0.0,5.0,9.0,52.0,0.0,2.0,14.0,13.0,26.0,3.0,8.0,29.0,34.0,0.0,0.0,0.0
112734114,648,1,self,61875.0,0,3,64,0,0,0,0,6,4,2,15,0,0,0,1,0,0,0,0,136,16.0,0.0,5.0,9.0,52.0,0.0,2.0,14.0,13.0,26.0,3.0,8.0,29.0,34.0,0.0,0.0,0.0
112734114,671,0,opponent,64085.0,11,3,42,14,0,20,0,8,2,0,6,0,0,0,0,0,0,0,0,90,18.0,0.0,5.0,9.0,43.0,0.0,0.0,2.0,4.0,0.0,3.0,8.0,26.0,37.0,0.0,0.0,0.0
112734114,671,1,self,63947.0,11,3,42,14,0,20,0,8,2,0,6,0,0,0,3,0,0,0,0,90,15.0,0.0,5.0,9.0,40.0,0.0,0.0,2.0,4.0,0.0,3.0,8.0,29.0,40.0,0.0,0.0,0.0
112734114,695,0,opponent,66802.0,11,3,53,29,0,0,0,0,3,8,8,0,0,0,0,0,0,0,0,52,10.0,0.0,5.0,9.0,13.0,0.0,0.0,6.0,0.0,0.0,3.0,0.0,13.0,33.0,0.0,0.0,0.0
112734114,695,1,self,66908.0,11,3,53,29,0,0,0,0,3,8,8,0,0,0,3,0,0,0,0,52,7.0,0.0,5.0,9.0,10.0,0.0,0.0,6.0,0.0,0.0,3.0,0.0,16.0,36.0,0.0,0.0,0.0
112734114,696,0,opponent,67230.0,0,3,47,33,0,0,0,0,1,8,6,0,0,0,0,0,0,0,0,61,9.0,0.0,5.0,9.0,10.0,0.0,2.0,16.0,0.0,0.0,3.0,4.0,12.0,29.0,0.0,0.0,0.0
112734114,696,1,self,67336.0,0,3,47,33,0,0,0,0,1,8,6,0,0,0,3,0,0,0,0,61,6.0,0.0,5.0,9.0,7.0,0.0,2.0,16.0,0.0,0.0,3.0,4.0,15.0,32.0,0.0,0.0,0.0
112734114,719,0,opponent,74013.0,11,3,0,0,0,0,0,0,0,0,0,0,0,0,0,0,0,0,0,1,0.0,0.0,5.0,9.0,0.0,0.0,0.0,1.0,0.0,0.0,3.0,0.0,0.0,0.0,0.0,0.0,0.0
112734114,719,1,self,74163.0,11,3,0,0,0,0,0,0,0,0,0,0,0,0,3,0,0,0,0,1,0.0,0.0,5.0,9.0,0.0,0.0,0.0,1.0,0.0,0.0,3.0,0.0,0.0,0.0,0.0,0.0,0.0
112735281,0,0,self,3000.0,0,1,0,0,0,0,0,0,0,0,0,0,0,0,0,0,0,0,0,0,0.0,0.0,0.0,0.0,0.0,0.0,0.0,0.0,0.0,0.0,0.0,0.0,0.0,0.0,0.0,0.0,0.0
112735281,0,1,opponent,3000.0,0,1,0,0,0,0,0,0,0,0,0,0,0,0,0,0,0,0,0,0,0.0,0.0,0.0,0.0,0.0,0.0,0.0,0.0,0.0,0.0,0.0,0.0,0.0,0.0,0.0,0.0,0.0
112735281,23,0,self,16.0,5,1,3,0,0,0,0,0,0,0,0,0,0,0,0,0,0,0,0,20,8.0,12.0,2.0,2.0,8.0,12.0,0.0,0.0,0.0,0.0,0.0,0.0,0.0,0.0,0.0,0.0,0.0
112735281,23,1,opponent,8.0,5,1,3,0,0,0,0,0,0,0,0,0,0,0,0,0,0,0,0,20,8.0,12.0,2.0,2.0,8.0,12.0,0.0,0.0,0.0,0.0,0.0,0.0,0.0,0.0,0.0,0.0,0.0
112735281,24,0,self,16.0,0,1,3,0,0,0,0,0,0,0,0,0,0,0,0,0,0,0,0,20,8.0,12.0,2.0,2.0,8.0,12.0,0.0,0.0,0.0,0.0,0.0,0.0,0.0,0.0,0.0,0.0,0.0
112735281,24,1,opponent,8.0,0,1,3,0,0,0,0,0,0,0,0,0,0,0,0,0,0,0,0,20,8.0,12.0,2.0,2.0,8.0,12.0,0.0,0.0,0.0,0.0,0.0,0.0,0.0,0.0,0.0,0.0,0.0
112735281,47,0,self,105.0,3,1,6,0,0,0,0,0,0,0,1,0,0,0,0,0,0,0,0,20,8.0,12.0,2.0,2.0,8.0,12.0,0.0,0.0,0.0,0.0,0.0,0.0,0.0,0.0,0.0,0.0,0.0
112735281,47,1,opponent,97.0,3,1,6,0,0,0,0,0,0,0,1,0,0,0,0,0,0,0,0,20,8.0,12.0,2.0,2.0,8.0,12.0,0.0,0.0,0.0,0.0,0.0,0.0,0.0,0.0,0.0,0.0,0.0
112735281,71,0,self,218.0,4,1,6,0,0,0,0,0,0,0,0,0,0,0,0,0,0,0,0,25,8.0,12.0,2.0,3.0,13.0,12.0,0.0,0.0,0.0,0.0,0.0,0.0,0.0,0.0,0.0,0.0,0.0
112735281,71,1,opponent,210.0,4,1,6,0,0,0,0,0,0,0,0,0,0,0,0,0,0,0,0,25,8.0,12.0,2.0,3.0,13.0,12.0,0.0,0.0,0.0,0.0,0.0,0.0,0.0,0.0,0.0,0.0,0.0
112735281,72,0,self,218.0,0,1,6,0,0,0,0,0,0,0,0,0,0,0,0,0,0,0,0,25,8.0,12.0,2.0,3.0,13.0,12.0,0.0,0.0,0.0,0.0,0.0,0.0,0.0,0.0,0.0,0.0,0.0
112735281,72,1,opponent,210.0,0,1,6,0,0,0,0,0,0,0,0,0,0,0,0,0,0,0,0,25,8.0,12.0,2.0,3.0,13.0,12.0,0.0,0.0,0.0,0.0,0.0,0.0,0.0,0.0,0.0,0.0,0.0
112735281,95,0,self,271.0,5,1,14,0,0,0,0,0,0,0,1,1,0,0,0,0,0,0,0,19,7.0,12.0,2.0,3.0,7.0,12.0,0.0,0.0,0.0,0.0,0.0,0.0,0.0,0.0,0.0,0.0,0.0
112735281,95,1,opponent,263.0,5,1,14,0,0,0,0,0,0,0,1,1,0,0,0,0,0,0,0,19,7.0,12.0,2.0,3.0,7.0,12.0,0.0,0.0,0.0,0.0,0.0,0.0,0.0,0.0,0.0,0.0,0.0
112735281,119,0,self,676.0,4,1,19,0,0,0,0,0,0,0,1,0,0,0,0,0,0,0,0,19,7.0,12.0,2.0,4.0,7.0,12.0,0.0,0.0,0.0,0.0,0.0,0.0,0.0,0.0,0.0,0.0,0.0
112735281,119,1,opponent,668.0,4,1,19,0,0,0,0,0,0,0,1,0,0,0,0,0,0,0,0,19,7.0,12.0,2.0,4.0,7.0,12.0,0.0,0.0,0.0,0.0,0.0,0.0,0.0,0.0,0.0,0.0,0.0
112735281,143,0,self,791.0,4,1,19,0,0,0,0,0,0,0,2,0,0,0,0,0,0,0,0,15,3.0,12.0,2.0,4.0,3.0,12.0,0.0,0.0,4.0,0.0,0.0,0.0,0.0,0.0,0.0,0.0,0.0
112735281,143,1,opponent,783.0,4,1,19,0,0,0,0,0,0,0,2,0,0,0,0,0,0,0,0,15,3.0,12.0,2.0,4.0,3.0,12.0,0.0,0.0,4.0,0.0,0.0,0.0,0.0,0.0,0.0,0.0,0.0
112735281,144,0,self,791.0,0,1,19,0,0,0,0,0,0,0,2,0,0,0,0,0,0,0,0,27,3.0,12.0,2.0,4.0,3.0,12.0,12.0,0.0,4.0,0.0,0.0,0.0,0.0,0.0,0.0,0.0,0.0
112735281,144,1,opponent,783.0,0,1,19,0,0,0,0,0,0,0,2,0,0,0,0,0,0,0,0,27,3.0,12.0,2.0,4.0,3.0,12.0,12.0,0.0,4.0,0.0,0.0,0.0,0.0,0.0,0.0,0.0,0.0
112735281,167,0,self,1317.0,7,2,16,0,0,0,0,0,0,0,1,0,0,0,0,0,0,0,0,30,6.0,12.0,2.0,4.0,7.0,23.0,0.0,0.0,12.0,0.0,2.0,0.0,0.0,0.0,0.0,0.0,0.0
112735281,167,1,opponent,1309.0,7,2,16,0,0,0,0,0,0,0,1,0,0,0,0,0,0,0,0,30,6.0,12.0,2.0,4.0,7.0,23.0,0.0,0.0,12.0,0.0,2.0,0.0,0.0,0.0,0.0,0.0,0.0
112735281,191,0,self,737.0,7,2,11,0,0,0,0,0,0,0,1,0,0,0,0,0,0,0,0,45,9.0,12.0,2.0,6.0,9.0,36.0,0.0,0.0,16.0,0.0,2.0,0.0,0.0,0.0,0.0,0.0,0.0
112735281,191,1,opponent,729.0,7,2,11,0,0,0,0,0,0,0,1,0,0,0,0,0,0,0,0,45,9.0,12.0,2.0,6.0,9.0,36.0,0.0,0.0,16.0,0.0,2.0,0.0,0.0,0.0,0.0,0.0,0.0
112735281,192,0,self,737.0,0,2,11,0,0,0,0,0,0,0,1,0,0,0,0,0,0,0,0,57,9.0,12.0,2.0,6.0,9.0,36.0,0.0,12.0,16.0,0.0,2.0,0.0,0.0,0.0,0.0,0.0,0.0
112735281,192,1,opponent,729.0,0,2,11,0,0,0,0,0,0,0,1,0,0,0,0,0,0,0,0,57,9.0,12.0,2.0,6.0,9.0,36.0,0.0,12.0,16.0,0.0,2.0,0.0,0.0,0.0,0.0,0.0,0.0
112735281,215,0,self,1266.0,8,2,28,0,0,0,0,0,0,0,3,0,0,0,0,0,0,0,0,52,5.0,12.0,4.0,6.0,5.0,47.0,0.0,0.0,20.0,0.0,2.0,0.0,0.0,0.0,0.0,0.0,0.0
112735281,215,1,opponent,1258.0,8,2,28,0,0,0,0,0,0,0,3,0,0,0,0,0,0,0,0,52,5.0,12.0,4.0,6.0,5.0,47.0,0.0,0.0,20.0,0.0,2.0,0.0,0.0,0.0,0.0,0.0,0.0
112735281,239,0,self,2153.0,8,2,36,0,0,0,0,0,0,0,1,0,1,0,0,0,0,0,0,64,5.0,12.0,5.0,6.0,5.0,59.0,0.0,0.0,20.0,0.0,2.0,0.0,0.0,0.0,0.0,0.0,0.0
112735281,239,1,opponent,2145.0,8,2,36,0,0,0,0,0,0,0,1,0,1,0,0,0,0,0,0,64,5.0,12.0,5.0,6.0,5.0,59.0,0.0,0.0,20.0,0.0,2.0,0.0,0.0,0.0,0.0,0.0,0.0
112735281,240,0,self,2153.0,0,2,36,0,0,0,0,0,0,0,1,0,1,0,0,0,0,0,0,84,5.0,12.0,5.0,6.0,5.0,60.0,0.0,12.0,20.0,0.0,2.0,7.0,0.0,0.0,0.0,0.0,0.0
112735281,240,1,opponent,2145.0,0,2,36,0,0,0,0,0,0,0,1,0,1,0,0,0,0,0,0,84,5.0,12.0,5.0,6.0,5.0,60.0,0.0,12.0,20.0,0.0,2.0,7.0,0.0,0.0,0.0,0.0,0.0
112735281,263,0,self,14321.0,11,2,54,0,0,0,12,0,0,7,11,0,0,0,0,0,0,0,0,13,12.0,0.0,6.0,6.0,13.0,0.0,0.0,0.0,20.0,0.0,4.0,0.0,0.0,0.0,0.0,0.0,0.0
112735281,263,1,opponent,14313.0,11,2,54,0,0,0,12,0,0,7,11,0,0,0,0,0,0,0,0,13,12.0,0.0,6.0,6.0,13.0,0.0,0.0,0.0,20.0,0.0,4.0,0.0,0.0,0.0,0.0,0.0,0.0
112735281,287,0,self,13322.0,10,3,49,0,0,0,0,0,0,0,16,0,0,0,0,0,0,0,0,28,21.0,0.0,6.0,6.0,24.0,0.0,0.0,0.0,33.0,0.0,5.0,4.0,0.0,0.0,0.0,0.0,0.0
112735281,287,1,opponent,13314.0,10,3,49,0,0,0,0,0,0,0,16,0,0,0,0,0,0,0,0,28,21.0,0.0,6.0,6.0,24.0,0.0,0.0,0.0,33.0,0.0,5.0,4.0,0.0,0.0,0.0,0.0,0.0
112735281,288,0,self,13393.0,0,3,51,0,0,0,0,0,0,0,16,0,0,0,0,0,0,0,0,45,20.0,0.0,6.0,6.0,22.0,0.0,8.0,9.0,33.0,0.0,5.0,6.0,0.0,0.0,0.0,0.0,0.0
112735281,288,1,opponent,13385.0,0,3,51,0,0,0,0,0,0,0,16,0,0,0,0,0,0,0,0,45,20.0,0.0,6.0,6.0,22.0,0.0,8.0,9.0,33.0,0.0,5.0,6.0,0.0,0.0,0.0,0.0,0.0
112735281,311,0,self,16414.0,9,3,26,0,0,0,0,0,0,6,17,0,0,0,0,0,0,0,0,30,24.0,0.0,6.0,6.0,27.0,0.0,0.0,3.0,33.0,0.0,5.0,0.0,0.0,0.0,0.0,0.0,0.0
112735281,311,1,opponent,16406.0,9,3,26,0,0,0,0,0,0,6,17,0,0,0,0,0,0,0,0,30,24.0,0.0,6.0,6.0,27.0,0.0,0.0,3.0,33.0,0.0,5.0,0.0,0.0,0.0,0.0,0.0,0.0
112735281,335,0,self,18210.0,9,3,19,0,0,0,0,0,0,0,16,0,0,0,0,0,0,0,0,34,24.0,0.0,6.0,6.0,32.0,0.0,0.0,0.0,33.0,0.0,5.0,2.0,0.0,0.0,0.0,0.0,0.0
112735281,335,1,opponent,18202.0,9,3,19,0,0,0,0,0,0,0,16,0,0,0,0,0,0,0,0,34,24.0,0.0,6.0,6.0,32.0,0.0,0.0,0.0,33.0,0.0,5.0,2.0,0.0,0.0,0.0,0.0,0.0
112735281,359,0,self,19771.0,9,3,27,0,0,0,0,6,0,8,14,0,0,0,0,0,0,0,0,36,24.0,0.0,6.0,6.0,36.0,0.0,0.0,0.0,33.0,0.0,5.0,0.0,0.0,0.0,0.0,0.0,0.0
112735281,359,1,opponent,19763.0,9,3,27,0,0,0,0,6,0,8,14,0,0,0,0,0,0,0,0,36,24.0,0.0,6.0,6.0,36.0,0.0,0.0,0.0,33.0,0.0,5.0,0.0,0.0,0.0,0.0,0.0,0.0
112735281,360,0,self,19977.0,0,3,27,0,0,0,0,6,0,8,12,0,0,0,0,0,0,0,0,81,24.0,0.0,6.0,6.0,38.0,0.0,11.0,12.0,33.0,8.0,5.0,12.0,0.0,0.0,0.0,0.0,0.0
112735281,360,1,opponent,19969.0,0,3,27,0,0,0,0,6,0,8,12,0,0,0,0,0,0,0,0,81,24.0,0.0,6.0,6.0,38.0,0.0,11.0,12.0,33.0,8.0,5.0,12.0,0.0,0.0,0.0,0.0,0.0
112735281,383,0,self,22892.0,10,3,26,0,0,0,0,0,11,6,11,0,0,0,1,0,0,0,0,40,24.0,0.0,6.0,6.0,34.0,0.0,0.0,0.0,33.0,0.0,5.0,6.0,0.0,0.0,0.0,0.0,0.0
112735281,383,1,opponent,22884.0,10,3,26,0,0,0,0,0,11,6,11,0,0,0,1,0,0,0,0,40,24.0,0.0,6.0,6.0,34.0,0.0,0.0,0.0,33.0,0.0,5.0,6.0,0.0,0.0,0.0,0.0,0.0
112735281,407,0,self,27975.0,11,3,36,0,0,0,0,2,0,5,12,0,0,0,1,0,0,0,0,38,25.0,0.0,6.0,6.0,36.0,0.0,0.0,0.0,33.0,0.0,5.0,2.0,0.0,0.0,0.0,0.0,0.0
112735281,407,1,opponent,27967.0,11,3,36,0,0,0,0,2,0,5,12,0,0,0,1,0,0,0,0,38,25.0,0.0,6.0,6.0,36.0,0.0,0.0,0.0,33.0,0.0,5.0,2.0,0.0,0.0,0.0,0.0,0.0
112735281,431,0,self,32315.0,11,3,39,0,0,0,0,6,0,7,16,0,0,0,1,0,0,0,0,40,25.0,0.0,6.0,6.0,36.0,0.0,0.0,0.0,33.0,0.0,5.0,4.0,0.0,0.0,0.0,0.0,0.0
112735281,431,1,opponent,32307.0,11,3,39,0,0,0,0,6,0,7,16,0,0,0,1,0,0,0,0,40,25.0,0.0,6.0,6.0,36.0,0.0,0.0,0.0,33.0,0.0,5.0,4.0,0.0,0.0,0.0,0.0,0.0
112735281,432,0,self,32425.0,0,3,39,0,0,0,0,6,0,5,17,0,0,0,1,0,0,0,0,90,25.0,0.0,6.0,6.0,38.0,0.0,8.0,6.0,33.0,24.0,5.0,14.0,0.0,0.0,0.0,0.0,0.0
112735281,432,1,opponent,32417.0,0,3,39,0,0,0,0,6,0,5,17,0,0,0,1,0,0,0,0,90,25.0,0.0,6.0,6.0,38.0,0.0,8.0,6.0,33.0,24.0,5.0,14.0,0.0,0.0,0.0,0.0,0.0
112735281,455,0,self,36991.0,11,3,34,0,0,6,0,4,3,8,11,0,0,0,2,8,0,0,0,46,24.0,0.0,6.0,6.0,36.0,0.0,3.0,0.0,33.0,2.0,5.0,4.0,1.0,1.0,0.0,0.0,0.0
112735281,455,1,opponent,37163.0,11,3,34,0,0,6,0,4,3,8,11,0,0,0,1,0,0,0,0,46,25.0,0.0,6.0,6.0,37.0,0.0,3.0,0.0,33.0,2.0,5.0,4.0,0.0,0.0,0.0,0.0,0.0
112735281,479,0,self,42050.0,10,3,31,0,0,6,0,4,3,8,16,0,0,0,1,8,0,0,0,44,24.0,0.0,6.0,6.0,39.0,0.0,0.0,0.0,33.0,0.0,5.0,4.0,1.0,1.0,0.0,0.0,0.0
112735281,479,1,opponent,42049.0,10,3,31,0,0,6,0,4,3,8,16,0,0,0,1,8,0,0,0,44,25.0,0.0,6.0,6.0,40.0,0.0,0.0,0.0,33.0,0.0,5.0,4.0,0.0,0.0,0.0,0.0,0.0
112735281,480,0,self,42050.0,0,3,31,0,0,6,0,4,3,10,16,0,0,0,1,8,0,0,0,91,24.0,0.0,6.0,6.0,42.0,0.0,7.0,6.0,33.0,24.0,5.0,11.0,1.0,1.0,0.0,0.0,0.0
112735281,480,1,opponent,42049.0,0,3,31,0,0,6,0,4,3,10,16,0,0,0,1,8,0,0,0,91,25.0,0.0,6.0,6.0,43.0,0.0,7.0,6.0,33.0,24.0,5.0,11.0,0.0,0.0,0.0,0.0,0.0
112735281,503,0,self,47379.0,11,3,34,0,0,6,0,4,7,7,15,0,0,0,2,8,0,0,0,48,22.0,0.0,6.0,6.0,41.0,0.0,0.0,0.0,33.0,0.0,5.0,4.0,3.0,3.0,0.0,0.0,0.0
112735281,503,1,opponent,47378.0,11,3,34,0,0,6,0,4,7,7,15,0,0,0,2,8,0,0,0,48,23.0,0.0,6.0,6.0,42.0,0.0,0.0,0.0,33.0,0.0,5.0,4.0,2.0,2.0,0.0,0.0,0.0
112735281,527,0,self,53698.0,11,3,29,0,0,11,0,6,0,7,16,0,0,0,1,8,0,0,0,66,22.0,0.0,6.0,6.0,38.0,0.0,12.0,0.0,28.0,2.0,5.0,4.0,8.0,10.0,0.0,0.0,0.0
112735281,527,1,opponent,53717.0,11,3,29,0,0,11,0,6,0,7,16,0,0,0,1,8,0,0,0,66,25.0,0.0,6.0,6.0,43.0,0.0,12.0,0.0,28.0,2.0,5.0,4.0,5.0,5.0,0.0,0.0,0.0
112735281,551,0,self,56918.0,11,3,38,0,0,11,0,4,4,6,14,0,0,0,3,8,0,0,0,60,20.0,0.0,6.0,6.0,35.0,0.0,4.0,0.0,27.0,2.0,5.0,6.0,11.0,13.0,0.0,0.0,0.0
112735281,551,1,opponent,56775.0,11,3,42,0,0,11,0,4,4,6,14,0,0,0,3,8,0,0,0,60,23.0,0.0,6.0,6.0,38.0,0.0,4.0,0.0,27.0,2.0,5.0,6.0,8.0,10.0,0.0,0.0,0.0
112735281,575,0,self,59652.0,11,3,35,3,0,16,0,4,8,12,17,0,0,0,5,8,0,0,0,73,20.0,0.0,6.0,6.0,35.0,0.0,0.0,2.0,20.0,5.0,5.0,2.0,18.0,29.0,0.0,0.0,0.0
112735281,575,1,opponent,59685.0,11,3,35,3,0,16,0,4,8,12,17,0,0,0,5,8,0,0,0,73,23.0,0.0,6.0,6.0,41.0,0.0,0.0,2.0,20.0,5.0,5.0,2.0,15.0,23.0,0.0,0.0,0.0
112735281,576,0,self,59690.0,0,3,34,3,0,21,0,6,8,12,16,0,0,0,5,8,0,0,0,103,20.0,0.0,6.0,6.0,40.0,0.0,12.0,6.0,20.0,7.0,5.0,12.0,17.0,26.0,0.0,0.0,0.0
112735281,576,1,opponent,59723.0,0,3,34,3,0,21,0,6,8,12,16,0,0,0,5,8,0,0,0,103,23.0,0.0,6.0,6.0,46.0,0.0,12.0,6.0,20.0,7.0,5.0,12.0,14.0,20.0,0.0,0.0,0.0
112735281,599,0,self,64611.0,11,3,25,19,0,7,0,6,4,8,17,0,0,0,2,8,0,0,0,68,24.0,0.0,6.0,6.0,45.0,0.0,0.0,0.0,17.0,0.0,5.0,4.0,17.0,19.0,0.0,0.0,0.0
112735281,599,1,opponent,64641.0,11,3,33,12,0,7,0,6,4,8,17,0,0,0,2,8,0,0,0,68,25.0,0.0,6.0,6.0,48.0,0.0,0.0,0.0,17.0,0.0,5.0,4.0,16.0,16.0,0.0,0.0,0.0
112735281,623,0,self,67304.0,11,3,35,14,0,21,0,4,4,6,17,0,0,0,2,8,0,0,0,78,18.0,0.0,6.0,6.0,36.0,0.0,0.0,2.0,13.0,0.0,5.0,4.0,27.0,36.0,0.0,0.0,0.0
112735281,623,1,opponent,67183.0,11,3,40,10,0,21,0,4,4,6,17,0,0,0,2,8,0,0,0,78,18.0,0.0,6.0,6.0,36.0,0.0,0.0,2.0,13.0,0.0,5.0,4.0,27.0,36.0,0.0,0.0,0.0
112735281,647,0,self,69904.0,11,3,21,28,0,0,0,6,7,6,14,0,0,0,2,8,0,0,0,82,14.0,0.0,6.0,6.0,43.0,0.0,0.0,0.0,13.0,0.0,5.0,5.0,31.0,34.0,0.0,0.0,0.0
112735281,647,1,opponent,69654.0,11,3,21,28,0,0,0,6,7,6,14,0,0,0,2,8,0,0,0,82,14.0,0.0,6.0,6.0,43.0,0.0,0.0,0.0,13.0,0.0,5.0,5.0,31.0,34.0,0.0,0.0,0.0
112735281,648,0,self,69904.0,0,3,21,28,0,0,0,6,7,6,14,0,0,0,2,8,0,0,0,140,14.0,0.0,6.0,6.0,47.0,0.0,11.0,6.0,13.0,26.0,4.0,12.0,31.0,38.0,0.0,0.0,0.0
112735281,648,1,opponent,69654.0,0,3,21,28,0,0,0,6,7,6,14,0,0,0,2,8,0,0,0,140,14.0,0.0,6.0,6.0,47.0,0.0,11.0,6.0,13.0,26.0,4.0,12.0,31.0,38.0,0.0,0.0,0.0
112735281,671,0,self,73758.0,12,3,36,14,0,20,0,2,11,4,9,0,0,0,4,0,0,0,0,90,9.0,0.0,6.0,6.0,31.0,0.0,0.0,2.0,4.0,0.0,4.0,6.0,35.0,51.0,0.0,0.0,0.0
112735281,671,1,opponent,73508.0,12,3,36,14,0,20,0,2,11,4,9,0,0,0,4,0,0,0,0,90,9.0,0.0,6.0,6.0,31.0,0.0,0.0,2.0,4.0,0.0,4.0,6.0,35.0,51.0,0.0,0.0,0.0
112735281,695,0,self,79860.0,11,3,42,32,0,0,0,0,0,4,8,0,0,0,4,0,0,0,0,54,2.0,0.0,6.0,6.0,5.0,0.0,0.0,2.0,0.0,0.0,4.0,4.0,21.0,43.0,0.0,0.0,0.0
112735281,695,1,opponent,79601.0,11,3,42,32,0,0,0,0,0,4,8,0,0,0,4,0,0,0,0,54,2.0,0.0,6.0,6.0,5.0,0.0,0.0,2.0,0.0,0.0,4.0,4.0,21.0,43.0,0.0,0.0,0.0
112735281,696,0,self,80196.0,0,3,37,36,0,0,0,0,0,4,6,0,0,0,4,0,0,0,0,68,1.0,0.0,6.0,6.0,1.0,0.0,8.0,8.0,0.0,0.0,4.0,11.0,20.0,40.0,0.0,0.0,0.0
112735281,696,1,opponent,79937.0,0,3,37,36,0,0,0,0,0,4,6,0,0,0,4,0,0,0,0,68,1.0,0.0,6.0,6.0,1.0,0.0,8.0,8.0,0.0,0.0,4.0,11.0,20.0,40.0,0.0,0.0,0.0
112735281,719,0,self,89529.0,11,3,0,0,0,0,0,0,0,0,0,0,0,0,4,0,0,0,0,0,0.0,0.0,6.0,6.0,0.0,0.0,0.0,0.0,0.0,0.0,4.0,0.0,0.0,0.0,0.0,0.0,0.0
112735281,719,1,opponent,89264.0,11,3,0,0,0,0,0,0,0,0,0,0,0,0,4,0,0,0,0,0,0.0,0.0,6.0,6.0,0.0,0.0,0.0,0.0,0.0,0.0,4.0,0.0,0.0,0.0,0.0,0.0,0.0
112736426,0,0,opponent,3000.0,0,1,0,0,0,0,0,0,0,0,0,0,0,0,0,0,0,0,0,0,0.0,0.0,0.0,0.0,0.0,0.0,0.0,0.0,0.0,0.0,0.0,0.0,0.0,0.0,0.0,0.0,0.0
112736426,0,1,self,3000.0,0,1,0,0,0,0,0,0,0,0,0,0,0,0,0,0,0,0,0,0,0.0,0.0,0.0,0.0,0.0,0.0,0.0,0.0,0.0,0.0,0.0,0.0,0.0,0.0,0.0,0.0,0.0
112736426,23,0,opponent,8.0,5,1,3,0,0,0,0,0,0,0,0,0,0,0,0,0,0,0,0,20,8.0,12.0,2.0,2.0,8.0,12.0,0.0,0.0,0.0,0.0,0.0,0.0,0.0,0.0,0.0,0.0,0.0
112736426,23,1,self,16.0,5,1,3,0,0,0,0,0,0,0,0,0,0,0,0,0,0,0,0,20,8.0,12.0,2.0,2.0,8.0,12.0,0.0,0.0,0.0,0.0,0.0,0.0,0.0,0.0,0.0,0.0,0.0
112736426,24,0,opponent,8.0,0,1,3,0,0,0,0,0,0,0,0,0,0,0,0,0,0,0,0,20,8.0,12.0,2.0,2.0,8.0,12.0,0.0,0.0,0.0,0.0,0.0,0.0,0.0,0.0,0.0,0.0,0.0
112736426,24,1,self,16.0,0,1,3,0,0,0,0,0,0,0,0,0,0,0,0,0,0,0,0,20,8.0,12.0,2.0,2.0,8.0,12.0,0.0,0.0,0.0,0.0,0.0,0.0,0.0,0.0,0.0,0.0,0.0
112736426,47,0,opponent,97.0,3,1,6,0,0,0,0,0,0,0,1,0,0,0,0,0,0,0,0,20,8.0,12.0,2.0,2.0,8.0,12.0,0.0,0.0,0.0,0.0,0.0,0.0,0.0,0.0,0.0,0.0,0.0
112736426,47,1,self,105.0,3,1,6,0,0,0,0,0,0,0,1,0,0,0,0,0,0,0,0,20,8.0,12.0,2.0,2.0,8.0,12.0,0.0,0.0,0.0,0.0,0.0,0.0,0.0,0.0,0.0,0.0,0.0
112736426,71,0,opponent,210.0,4,1,6,0,0,0,0,0,0,0,0,0,0,0,0,0,0,0,0,25,8.0,12.0,2.0,3.0,13.0,12.0,0.0,0.0,0.0,0.0,0.0,0.0,0.0,0.0,0.0,0.0,0.0
112736426,71,1,self,218.0,4,1,6,0,0,0,0,0,0,0,0,0,0,0,0,0,0,0,0,25,8.0,12.0,2.0,3.0,13.0,12.0,0.0,0.0,0.0,0.0,0.0,0.0,0.0,0.0,0.0,0.0,0.0
112736426,72,0,opponent,210.0,0,1,6,0,0,0,0,0,0,0,0,0,0,0,0,0,0,0,0,25,8.0,12.0,2.0,3.0,13.0,12.0,0.0,0.0,0.0,0.0,0.0,0.0,0.0,0.0,0.0,0.0,0.0
112736426,72,1,self,218.0,0,1,6,0,0,0,0,0,0,0,0,0,0,0,0,0,0,0,0,25,8.0,12.0,2.0,3.0,13.0,12.0,0.0,0.0,0.0,0.0,0.0,0.0,0.0,0.0,0.0,0.0,0.0
112736426,95,0,opponent,263.0,5,1,14,0,0,0,0,0,0,0,1,1,0,0,0,0,0,0,0,19,7.0,12.0,2.0,3.0,7.0,12.0,0.0,0.0,0.0,0.0,0.0,0.0,0.0,0.0,0.0,0.0,0.0
112736426,95,1,self,271.0,5,1,14,0,0,0,0,0,0,0,1,1,0,0,0,0,0,0,0,19,7.0,12.0,2.0,3.0,7.0,12.0,0.0,0.0,0.0,0.0,0.0,0.0,0.0,0.0,0.0,0.0,0.0
112736426,119,0,opponent,668.0,4,1,19,0,0,0,0,0,0,0,1,0,0,0,0,0,0,0,0,19,7.0,12.0,2.0,4.0,7.0,12.0,0.0,0.0,0.0,0.0,0.0,0.0,0.0,0.0,0.0,0.0,0.0
112736426,119,1,self,676.0,4,1,19,0,0,0,0,0,0,0,1,0,0,0,0,0,0,0,0,19,7.0,12.0,2.0,4.0,7.0,12.0,0.0,0.0,0.0,0.0,0.0,0.0,0.0,0.0,0.0,0.0,0.0
112736426,143,0,opponent,783.0,4,1,19,0,0,0,0,0,0,0,2,0,0,0,0,0,0,0,0,15,3.0,12.0,2.0,4.0,3.0,12.0,0.0,0.0,4.0,0.0,0.0,0.0,0.0,0.0,0.0,0.0,0.0
112736426,143,1,self,791.0,4,1,19,0,0,0,0,0,0,0,2,0,0,0,0,0,0,0,0,15,3.0,12.0,2.0,4.0,3.0,12.0,0.0,0.0,4.0,0.0,0.0,0.0,0.0,0.0,0.0,0.0,0.0
112736426,144,0,opponent,783.0,0,1,19,0,0,0,0,0,0,0,2,0,0,0,0,0,0,0,0,27,3.0,12.0,2.0,4.0,3.0,12.0,12.0,0.0,4.0,0.0,0.0,0.0,0.0,0.0,0.0,0.0,0.0
112736426,144,1,self,791.0,0,1,19,0,0,0,0,0,0,0,2,0,0,0,0,0,0,0,0,27,3.0,12.0,2.0,4.0,3.0,12.0,12.0,0.0,4.0,0.0,0.0,0.0,0.0,0.0,0.0,0.0,0.0
112736426,167,0,opponent,1107.0,7,2,16,0,0,0,0,0,0,0,1,0,0,0,0,0,0,0,0,30,6.0,12.0,2.0,6.0,7.0,23.0,0.0,0.0,12.0,0.0,0.0,0.0,0.0,0.0,0.0,0.0,0.0
112736426,167,1,self,1115.0,7,2,16,0,0,0,0,0,0,0,1,0,0,0,0,0,0,0,0,30,6.0,12.0,2.0,6.0,7.0,23.0,0.0,0.0,12.0,0.0,0.0,0.0,0.0,0.0,0.0,0.0,0.0
112736426,191,0,opponent,527.0,7,2,11,0,0,0,0,0,0,0,1,0,0,0,1,0,0,0,0,44,8.0,12.0,2.0,8.0,8.0,36.0,0.0,0.0,16.0,0.0,0.0,0.0,0.0,0.0,0.0,0.0,0.0
112736426,191,1,self,535.0,7,2,11,0,0,0,0,0,0,0,1,0,0,0,1,0,0,0,0,44,8.0,12.0,2.0,8.0,8.0,36.0,0.0,0.0,16.0,0.0,0.0,0.0,0.0,0.0,0.0,0.0,0.0
112736426,192,0,opponent,527.0,0,2,11,0,0,0,0,0,0,0,1,0,0,0,0,0,0,0,0,57,9.0,12.0,2.0,8.0,9.0,36.0,0.0,12.0,16.0,0.0,0.0,0.0,0.0,0.0,0.0,0.0,0.0
112736426,192,1,self,535.0,0,2,11,0,0,0,0,0,0,0,1,0,0,0,0,0,0,0,0,57,9.0,12.0,2.0,8.0,9.0,36.0,0.0,12.0,16.0,0.0,0.0,0.0,0.0,0.0,0.0,0.0,0.0
112736426,215,0,opponent,1750.0,8,2,28,0,0,0,0,0,0,0,3,0,0,0,0,0,0,0,0,52,5.0,12.0,4.0,8.0,5.0,47.0,0.0,0.0,20.0,0.0,0.0,0.0,0.0,0.0,0.0,0.0,0.0
112736426,215,1,self,1758.0,8,2,28,0,0,0,0,0,0,0,3,0,0,0,0,0,0,0,0,52,5.0,12.0,4.0,8.0,5.0,47.0,0.0,0.0,20.0,0.0,0.0,0.0,0.0,0.0,0.0,0.0,0.0
112736426,239,0,opponent,2749.0,8,2,36,0,0,0,0,0,0,0,1,0,1,0,0,0,0,0,0,64,5.0,12.0,4.0,9.0,5.0,59.0,0.0,0.0,20.0,0.0,0.0,0.0,0.0,0.0,0.0,0.0,0.0
112736426,239,1,self,2757.0,8,2,36,0,0,0,0,0,0,0,1,0,1,0,0,0,0,0,0,64,5.0,12.0,4.0,9.0,5.0,59.0,0.0,0.0,20.0,0.0,0.0,0.0,0.0,0.0,0.0,0.0,0.0
112736426,240,0,opponent,2749.0,0,2,36,0,0,0,0,0,0,0,1,0,1,0,0,0,0,0,0,77,5.0,12.0,4.0,9.0,5.0,60.0,0.0,12.0,20.0,0.0,0.0,0.0,0.0,0.0,0.0,0.0,0.0
112736426,240,1,self,2757.0,0,2,36,0,0,0,0,0,0,0,1,0,1,0,0,0,0,0,0,77,5.0,12.0,4.0,9.0,5.0,60.0,0.0,12.0,20.0,0.0,0.0,0.0,0.0,0.0,0.0,0.0,0.0
112736426,263,0,opponent,16639.0,11,2,42,0,0,0,12,0,0,0,11,0,0,0,0,0,0,0,0,13,12.0,0.0,5.0,11.0,13.0,0.0,0.0,0.0,20.0,0.0,0.0,0.0,0.0,0.0,0.0,0.0,0.0
112736426,263,1,self,16647.0,11,2,42,0,0,0,12,0,0,0,11,0,0,0,0,0,0,0,0,13,12.0,0.0,5.0,11.0,13.0,0.0,0.0,0.0,20.0,0.0,0.0,0.0,0.0,0.0,0.0,0.0,0.0
112736426,287,0,opponent,16138.0,10,3,37,0,0,0,0,0,0,0,15,0,0,0,0,0,0,0,0,24,21.0,0.0,5.0,12.0,24.0,0.0,0.0,0.0,33.0,0.0,0.0,0.0,0.0,0.0,0.0,0.0,0.0
112736426,287,1,self,16146.0,10,3,37,0,0,0,0,0,0,0,15,0,0,0,0,0,0,0,0,24,21.0,0.0,5.0,12.0,24.0,0.0,0.0,0.0,33.0,0.0,0.0,0.0,0.0,0.0,0.0,0.0,0.0
112736426,288,0,opponent,16138.0,0,3,39,0,0,0,0,0,0,0,16,0,0,0,0,0,0,0,0,39,20.0,0.0,5.0,12.0,22.0,0.0,8.0,9.0,33.0,0.0,0.0,0.0,0.0,0.0,0.0,0.0,0.0
112736426,288,1,self,16146.0,0,3,39,0,0,0,0,0,0,0,16,0,0,0,0,0,0,0,0,39,20.0,0.0,5.0,12.0,22.0,0.0,8.0,9.0,33.0,0.0,0.0,0.0,0.0,0.0,0.0,0.0,0.0
112736426,311,0,opponent,20200.0,9,3,14,0,0,0,0,0,0,0,17,0,0,0,0,0,0,0,0,30,24.0,0.0,5.0,12.0,27.0,0.0,0.0,3.0,33.0,0.0,0.0,0.0,0.0,0.0,0.0,0.0,0.0
112736426,311,1,self,20208.0,9,3,14,0,0,0,0,0,0,0,17,0,0,0,0,0,0,0,0,30,24.0,0.0,5.0,12.0,27.0,0.0,0.0,3.0,33.0,0.0,0.0,0.0,0.0,0.0,0.0,0.0,0.0
112736426,335,0,opponent,22427.0,9,3,16,0,0,0,0,0,0,0,14,0,0,0,0,0,0,0,0,32,24.0,0.0,5.0,12.0,32.0,0.0,0.0,0.0,33.0,0.0,0.0,0.0,0.0,0.0,0.0,0.0,0.0
112736426,335,1,self,22435.0,9,3,16,0,0,0,0,0,0,0,14,0,0,0,0,0,0,0,0,32,24.0,0.0,5.0,12.0,32.0,0.0,0.0,0.0,33.0,0.0,0.0,0.0,0.0,0.0,0.0,0.0,0.0
112736426,359,0,opponent,26588.0,9,3,24,0,0,0,0,6,3,0,20,0,0,0,0,0,0,0,0,38,24.0,0.0,5.0,12.0,38.0,0.0,0.0,0.0,33.0,0.0,0.0,0.0,0.0,0.0,0.0,0.0,0.0
112736426,359,1,self,26596.0,9,3,24,0,0,0,0,6,3,0,20,0,0,0,0,0,0,0,0,38,24.0,0.0,5.0,12.0,38.0,0.0,0.0,0.0,33.0,0.0,0.0,0.0,0.0,0.0,0.0,0.0,0.0
112736426,360,0,opponent,26969.0,0,3,24,0,0,0,0,6,0,0,15,0,0,0,0,0,0,0,0,68,24.0,0.0,5.0,12.0,40.0,0.0,5.0,15.0,33.0,8.0,0.0,0.0,0.0,0.0,0.0,0.0,0.0
112736426,360,1,self,26977.0,0,3,24,0,0,0,0,6,0,0,15,0,0,0,0,0,0,0,0,68,24.0,0.0,5.0,12.0,40.0,0.0,5.0,15.0,33.0,8.0,0.0,0.0,0.0,0.0,0.0,0.0,0.0
112736426,383,0,opponent,34224.0,10,3,24,0,0,0,0,0,5,0,11,0,0,0,1,0,0,0,0,38,24.0,0.0,5.0,12.0,38.0,0.0,0.0,0.0,33.0,0.0,0.0,0.0,0.0,0.0,0.0,0.0,0.0
112736426,383,1,self,34232.0,10,3,24,0,0,0,0,0,5,0,11,0,0,0,1,0,0,0,0,38,24.0,0.0,5.0,12.0,38.0,0.0,0.0,0.0,33.0,0.0,0.0,0.0,0.0,0.0,0.0,0.0,0.0
112736426,407,0,opponent,40635.0,11,3,35,0,0,0,0,3,0,0,11,0,0,0,1,0,0,0,0,36,25.0,0.0,5.0,12.0,36.0,0.0,0.0,0.0,33.0,0.0,0.0,0.0,0.0,0.0,0.0,0.0,0.0
112736426,407,1,self,40643.0,11,3,35,0,0,0,0,3,0,0,11,0,0,0,1,0,0,0,0,36,25.0,0.0,5.0,12.0,36.0,0.0,0.0,0.0,33.0,0.0,0.0,0.0,0.0,0.0,0.0,0.0,0.0
112736426,431,0,opponent,44860.0,11,3,36,0,0,0,0,9,2,0,15,0,0,0,1,0,0,0,0,42,25.0,0.0,5.0,12.0,36.0,0.0,0.0,6.0,33.0,0.0,0.0,0.0,0.0,0.0,0.0,0.0,0.0
112736426,431,1,self,44868.0,11,3,36,0,0,0,0,9,2,0,15,0,0,0,1,0,0,0,0,42,25.0,0.0,5.0,12.0,36.0,0.0,0.0,6.0,33.0,0.0,0.0,0.0,0.0,0.0,0.0,0.0,0.0
112736426,432,0,opponent,44860.0,0,3,36,0,0,0,0,9,2,0,16,0,0,0,1,0,0,0,0,98,25.0,0.0,5.0,12.0,38.0,0.0,3.0,33.0,33.0,24.0,0.0,0.0,0.0,0.0,0.0,0.0,0.0
112736426,432,1,self,44868.0,0,3,36,0,0,0,0,9,2,0,16,0,0,0,1,0,0,0,0,98,25.0,0.0,5.0,12.0,38.0,0.0,3.0,33.0,33.0,24.0,0.0,0.0,0.0,0.0,0.0,0.0,0.0
112736426,455,0,opponent,52185.0,11,3,34,0,0,6,0,18,0,0,14,0,0,0,1,0,0,0,0,50,25.0,0.0,5.0,12.0,38.0,0.0,1.0,9.0,33.0,2.0,0.0,0.0,0.0,0.0,0.0,0.0,0.0
112736426,455,1,self,52193.0,11,3,34,0,0,6,0,18,0,0,14,0,0,0,1,0,0,0,0,50,25.0,0.0,5.0,12.0,38.0,0.0,1.0,9.0,33.0,2.0,0.0,0.0,0.0,0.0,0.0,0.0,0.0
112736426,479,0,opponent,61454.0,10,3,35,0,0,6,0,12,3,0,14,0,0,0,1,0,0,0,0,49,25.0,0.0,5.0,12.0,40.0,0.0,0.0,9.0,33.0,0.0,0.0,0.0,0.0,0.0,0.0,0.0,0.0
112736426,479,1,self,61459.0,10,3,35,0,0,6,0,12,3,0,14,0,0,0,1,0,0,0,0,49,25.0,0.0,5.0,12.0,40.0,0.0,0.0,9.0,33.0,0.0,0.0,0.0,0.0,0.0,0.0,0.0,0.0
112736426,480,0,opponent,61454.0,0,3,35,0,0,6,0,12,3,0,14,0,0,0,1,0,0,0,0,101,25.0,0.0,5.0,12.0,43.0,0.0,4.0,30.0,33.0,24.0,0.0,0.0,0.0,0.0,0.0,0.0,0.0
112736426,480,1,self,61459.0,0,3,35,0,0,6,0,12,3,0,14,0,0,0,1,0,0,0,0,101,25.0,0.0,5.0,12.0,43.0,0.0,4.0,30.0,33.0,24.0,0.0,0.0,0.0,0.0,0.0,0.0,0.0
112736426,503,0,opponent,69824.0,11,3,38,0,0,4,0,15,2,0,12,0,0,0,1,0,0,0,0,54,25.0,0.0,5.0,12.0,43.0,0.0,2.0,9.0,33.0,0.0,0.0,0.0,0.0,0.0,0.0,0.0,0.0
112736426,503,1,self,69854.0,11,3,38,0,0,4,0,15,2,0,13,0,0,0,1,0,0,0,0,54,25.0,0.0,5.0,12.0,43.0,0.0,2.0,9.0,33.0,0.0,0.0,0.0,0.0,0.0,0.0,0.0,0.0
112736426,527,0,opponent,77011.0,11,3,36,0,0,12,0,15,0,0,15,0,0,0,1,0,0,0,0,62,30.0,0.0,5.0,12.0,48.0,0.0,3.0,9.0,28.0,2.0,0.0,0.0,0.0,0.0,0.0,0.0,0.0
112736426,527,1,self,77041.0,11,3,36,0,0,12,0,15,0,0,15,0,0,0,1,0,0,0,0,62,30.0,0.0,5.0,12.0,48.0,0.0,3.0,9.0,28.0,2.0,0.0,0.0,0.0,0.0,0.0,0.0,0.0
112736426,551,0,opponent,82593.0,11,3,49,0,0,9,0,12,1,0,14,0,0,0,1,0,0,0,0,62,31.0,0.0,5.0,12.0,48.0,0.0,0.0,12.0,27.0,2.0,0.0,0.0,0.0,0.0,0.0,0.0,0.0
112736426,551,1,self,82658.0,11,3,49,0,0,10,0,12,1,0,14,0,0,0,1,0,0,0,0,62,31.0,0.0,5.0,12.0,48.0,0.0,0.0,12.0,27.0,2.0,0.0,0.0,0.0,0.0,0.0,0.0,0.0
112736426,575,0,opponent,88437.0,11,3,39,0,0,17,0,9,2,0,17,0,0,0,1,0,0,0,0,78,38.0,0.0,5.0,12.0,64.0,0.0,0.0,9.0,20.0,5.0,0.0,0.0,0.0,0.0,0.0,0.0,0.0
112736426,575,1,self,88493.0,11,3,38,0,0,17,0,9,2,0,18,0,0,0,1,0,0,0,0,78,38.0,0.0,5.0,12.0,64.0,0.0,0.0,9.0,20.0,5.0,0.0,0.0,0.0,0.0,0.0,0.0,0.0
112736426,576,0,opponent,88731.0,0,3,32,0,0,22,0,12,2,0,16,0,0,0,1,0,0,0,0,106,38.0,0.0,5.0,12.0,69.0,0.0,5.0,27.0,20.0,5.0,0.0,0.0,0.0,0.0,0.0,0.0,0.0
112736426,576,1,self,88745.0,0,3,32,0,0,22,0,12,2,0,17,0,0,0,1,0,0,0,0,107,38.0,0.0,5.0,12.0,69.0,0.0,5.0,27.0,20.0,6.0,0.0,0.0,0.0,0.0,0.0,0.0,0.0
112736426,599,0,opponent,91675.0,12,3,52,0,0,5,0,21,0,0,17,0,0,0,1,0,0,0,0,71,37.0,0.0,5.0,12.0,61.0,0.0,0.0,6.0,17.0,0.0,0.0,0.0,4.0,4.0,0.0,0.0,0.0
112736426,599,1,self,91712.0,12,3,52,0,0,6,0,21,0,0,17,0,0,0,1,0,0,0,0,71,37.0,0.0,5.0,12.0,61.0,0.0,0.0,6.0,17.0,0.0,0.0,0.0,4.0,4.0,0.0,0.0,0.0
112736426,623,0,opponent,98186.0,11,3,54,0,0,21,0,9,2,0,16,0,0,0,1,0,0,0,0,82,27.0,0.0,5.0,12.0,57.0,0.0,0.0,7.0,13.0,0.0,0.0,0.0,18.0,18.0,0.0,0.0,0.0
112736426,623,1,self,98224.0,11,3,54,0,0,21,0,9,2,0,18,0,0,0,1,0,0,0,0,82,27.0,0.0,5.0,12.0,57.0,0.0,0.0,7.0,13.0,0.0,0.0,0.0,18.0,18.0,0.0,0.0,0.0
112736426,647,0,opponent,102247.0,11,3,58,0,0,0,0,10,4,0,15,0,0,0,1,0,0,0,0,90,16.0,0.0,5.0,12.0,48.0,0.0,0.0,12.0,13.0,0.0,0.0,0.0,29.0,30.0,0.0,0.0,0.0
112736426,647,1,self,102397.0,11,3,58,0,0,0,0,10,4,0,15,0,0,0,1,0,0,0,0,90,16.0,0.0,5.0,12.0,48.0,0.0,0.0,12.0,13.0,0.0,0.0,0.0,29.0,30.0,0.0,0.0,0.0
112736426,648,0,opponent,102247.0,0,3,58,0,0,0,0,10,4,0,15,0,0,0,1,0,0,0,0,142,16.0,0.0,5.0,12.0,52.0,0.0,4.0,26.0,13.0,26.0,0.0,0.0,29.0,34.0,0.0,0.0,0.0
112736426,648,1,self,102397.0,0,3,58,0,0,0,0,10,4,0,15,0,0,0,1,0,0,0,0,142,16.0,0.0,5.0,12.0,52.0,0.0,4.0,26.0,13.0,26.0,0.0,0.0,29.0,34.0,0.0,0.0,0.0
112736426,671,0,opponent,107393.0,10,3,40,14,0,20,0,11,4,0,5,0,0,0,1,0,0,0,0,88,18.0,0.0,5.0,12.0,42.0,0.0,0.0,9.0,4.0,0.0,0.0,0.0,26.0,37.0,0.0,0.0,0.0
112736426,671,1,self,107543.0,10,3,40,14,0,20,0,11,4,0,5,0,0,0,1,0,0,0,0,88,18.0,0.0,5.0,12.0,42.0,0.0,0.0,9.0,4.0,0.0,0.0,0.0,26.0,37.0,0.0,0.0,0.0
112736426,695,0,opponent,114337.0,11,3,50,27,0,0,0,10,3,0,8,0,0,0,1,0,0,0,0,52,10.0,0.0,5.0,12.0,13.0,0.0,0.0,9.0,0.0,0.0,0.0,0.0,13.0,30.0,0.0,0.0,0.0
112736426,695,1,self,114487.0,11,3,50,27,0,0,0,10,3,0,8,0,0,0,1,0,0,0,0,52,10.0,0.0,5.0,12.0,13.0,0.0,0.0,9.0,0.0,0.0,0.0,0.0,13.0,30.0,0.0,0.0,0.0
112736426,696,0,opponent,114687.0,0,3,45,31,0,0,0,10,3,0,6,0,0,0,1,0,0,0,0,60,9.0,0.0,5.0,12.0,10.0,0.0,2.0,22.0,0.0,0.0,0.0,0.0,12.0,26.0,0.0,0.0,0.0
112736426,696,1,self,114837.0,0,3,45,31,0,0,0,10,3,0,6,0,0,0,1,0,0,0,0,60,9.0,0.0,5.0,12.0,10.0,0.0,2.0,22.0,0.0,0.0,0.0,0.0,12.0,26.0,0.0,0.0,0.0
112736426,719,0,opponent,125129.0,11,3,0,0,0,0,0,0,0,0,0,0,0,0,1,0,0,0,0,1,0.0,0.0,5.0,12.0,0.0,0.0,0.0,1.0,0.0,0.0,0.0,0.0,0.0,0.0,0.0,0.0,0.0
112736426,719,1,self,125273.0,11,3,0,0,0,0,0,0,0,0,0,0,0,0,1,0,0,0,0,1,0.0,0.0,5.0,12.0,0.0,0.0,0.0,1.0,0.0,0.0,0.0,0.0,0.0,0.0,0.0,0.0,0.0
112737645,0,0,self,3000.0,0,1,0,0,0,0,0,0,0,0,0,0,0,0,0,0,0,0,0,0,0.0,0.0,0.0,0.0,0.0,0.0,0.0,0.0,0.0,0.0,0.0,0.0,0.0,0.0,0.0,0.0,0.0
112737645,0,1,opponent,3000.0,0,1,0,0,0,0,0,0,0,0,0,0,0,0,0,0,0,0,0,0,0.0,0.0,0.0,0.0,0.0,0.0,0.0,0.0,0.0,0.0,0.0,0.0,0.0,0.0,0.0,0.0,0.0
112737645,23,0,self,16.0,5,1,3,0,0,0,0,0,0,0,0,0,0,0,0,0,0,0,0,20,8.0,12.0,2.0,2.0,8.0,12.0,0.0,0.0,0.0,0.0,0.0,0.0,0.0,0.0,0.0,0.0,0.0
112737645,23,1,opponent,8.0,5,1,3,0,0,0,0,0,0,0,0,0,0,0,0,0,0,0,0,20,8.0,12.0,2.0,2.0,8.0,12.0,0.0,0.0,0.0,0.0,0.0,0.0,0.0,0.0,0.0,0.0,0.0
112737645,24,0,self,16.0,0,1,3,0,0,0,0,0,0,0,0,0,0,0,0,0,0,0,0,20,8.0,12.0,2.0,2.0,8.0,12.0,0.0,0.0,0.0,0.0,0.0,0.0,0.0,0.0,0.0,0.0,0.0
112737645,24,1,opponent,8.0,0,1,3,0,0,0,0,0,0,0,0,0,0,0,0,0,0,0,0,20,8.0,12.0,2.0,2.0,8.0,12.0,0.0,0.0,0.0,0.0,0.0,0.0,0.0,0.0,0.0,0.0,0.0
112737645,47,0,self,105.0,3,1,6,0,0,0,0,0,0,0,1,0,0,0,0,0,0,0,0,20,8.0,12.0,2.0,2.0,8.0,12.0,0.0,0.0,0.0,0.0,0.0,0.0,0.0,0.0,0.0,0.0,0.0
112737645,47,1,opponent,97.0,3,1,6,0,0,0,0,0,0,0,1,0,0,0,0,0,0,0,0,20,8.0,12.0,2.0,2.0,8.0,12.0,0.0,0.0,0.0,0.0,0.0,0.0,0.0,0.0,0.0,0.0,0.0
112737645,71,0,self,218.0,4,1,6,0,0,0,0,0,0,0,0,0,0,0,0,0,0,0,0,25,8.0,12.0,2.0,3.0,13.0,12.0,0.0,0.0,0.0,0.0,0.0,0.0,0.0,0.0,0.0,0.0,0.0
112737645,71,1,opponent,210.0,4,1,6,0,0,0,0,0,0,0,0,0,0,0,0,0,0,0,0,25,8.0,12.0,2.0,3.0,13.0,12.0,0.0,0.0,0.0,0.0,0.0,0.0,0.0,0.0,0.0,0.0,0.0
112737645,72,0,self,218.0,0,1,6,0,0,0,0,0,0,0,0,0,0,0,0,0,0,0,0,25,8.0,12.0,2.0,3.0,13.0,12.0,0.0,0.0,0.0,0.0,0.0,0.0,0.0,0.0,0.0,0.0,0.0
112737645,72,1,opponent,210.0,0,1,6,0,0,0,0,0,0,0,0,0,0,0,0,0,0,0,0,25,8.0,12.0,2.0,3.0,13.0,12.0,0.0,0.0,0.0,0.0,0.0,0.0,0.0,0.0,0.0,0.0,0.0
112737645,95,0,self,271.0,5,1,14,0,0,0,0,0,0,0,1,1,0,0,0,0,0,0,0,19,7.0,12.0,2.0,3.0,7.0,12.0,0.0,0.0,0.0,0.0,0.0,0.0,0.0,0.0,0.0,0.0,0.0
112737645,95,1,opponent,263.0,5,1,14,0,0,0,0,0,0,0,1,1,0,0,0,0,0,0,0,19,7.0,12.0,2.0,3.0,7.0,12.0,0.0,0.0,0.0,0.0,0.0,0.0,0.0,0.0,0.0,0.0,0.0
112737645,119,0,self,676.0,4,1,19,0,0,0,0,0,0,0,1,0,0,0,0,0,0,0,0,19,7.0,12.0,2.0,4.0,7.0,12.0,0.0,0.0,0.0,0.0,0.0,0.0,0.0,0.0,0.0,0.0,0.0
112737645,119,1,opponent,668.0,4,1,19,0,0,0,0,0,0,0,1,0,0,0,0,0,0,0,0,19,7.0,12.0,2.0,4.0,7.0,12.0,0.0,0.0,0.0,0.0,0.0,0.0,0.0,0.0,0.0,0.0,0.0
112737645,143,0,self,791.0,4,1,19,0,0,0,0,0,0,0,2,0,0,0,0,0,0,0,0,15,3.0,12.0,2.0,4.0,3.0,12.0,0.0,0.0,4.0,0.0,0.0,0.0,0.0,0.0,0.0,0.0,0.0
112737645,143,1,opponent,783.0,4,1,19,0,0,0,0,0,0,0,2,0,0,0,0,0,0,0,0,15,3.0,12.0,2.0,4.0,3.0,12.0,0.0,0.0,4.0,0.0,0.0,0.0,0.0,0.0,0.0,0.0,0.0
112737645,144,0,self,791.0,0,1,19,0,0,0,0,0,0,0,2,0,0,0,0,0,0,0,0,27,3.0,12.0,2.0,4.0,3.0,12.0,12.0,0.0,4.0,0.0,0.0,0.0,0.0,0.0,0.0,0.0,0.0
112737645,144,1,opponent,783.0,0,1,19,0,0,0,0,0,0,0,2,0,0,0,0,0,0,0,0,27,3.0,12.0,2.0,4.0,3.0,12.0,12.0,0.0,4.0,0.0,0.0,0.0,0.0,0.0,0.0,0.0,0.0
112737645,167,0,self,738.0,7,2,16,0,0,0,0,0,2,0,1,0,0,0,0,0,0,0,0,30,6.0,12.0,2.0,6.0,7.0,23.0,0.0,0.0,12.0,0.0,0.0,0.0,0.0,0.0,0.0,0.0,0.0
112737645,167,1,opponent,730.0,7,2,16,0,0,0,0,0,2,0,1,0,0,0,0,0,0,0,0,30,6.0,12.0,2.0,6.0,7.0,23.0,0.0,0.0,12.0,0.0,0.0,0.0,0.0,0.0,0.0,0.0,0.0
112737645,191,0,self,535.0,7,2,11,0,0,0,0,0,0,0,1,0,0,0,1,0,0,0,0,44,8.0,12.0,2.0,8.0,8.0,36.0,0.0,0.0,16.0,0.0,0.0,0.0,0.0,0.0,0.0,0.0,0.0
112737645,191,1,opponent,527.0,7,2,11,0,0,0,0,0,0,0,1,0,0,0,1,0,0,0,0,44,8.0,12.0,2.0,8.0,8.0,36.0,0.0,0.0,16.0,0.0,0.0,0.0,0.0,0.0,0.0,0.0,0.0
112737645,192,0,self,535.0,0,2,11,0,0,0,0,0,0,0,1,0,0,0,0,0,0,0,0,57,9.0,12.0,2.0,8.0,9.0,36.0,0.0,12.0,16.0,0.0,0.0,0.0,0.0,0.0,0.0,0.0,0.0
112737645,192,1,opponent,527.0,0,2,11,0,0,0,0,0,0,0,1,0,0,0,0,0,0,0,0,57,9.0,12.0,2.0,8.0,9.0,36.0,0.0,12.0,16.0,0.0,0.0,0.0,0.0,0.0,0.0,0.0,0.0
112737645,215,0,self,1402.0,8,2,28,0,0,0,0,0,0,0,3,0,0,0,0,0,0,0,0,52,5.0,12.0,4.0,8.0,5.0,47.0,0.0,0.0,20.0,0.0,0.0,0.0,0.0,0.0,0.0,0.0,0.0
112737645,215,1,opponent,1394.0,8,2,28,0,0,0,0,0,0,0,3,0,0,0,0,0,0,0,0,52,5.0,12.0,4.0,8.0,5.0,47.0,0.0,0.0,20.0,0.0,0.0,0.0,0.0,0.0,0.0,0.0,0.0
112737645,239,0,self,2301.0,8,2,36,0,0,0,0,0,0,0,1,0,1,0,0,0,0,0,0,64,5.0,12.0,5.0,8.0,5.0,59.0,0.0,0.0,20.0,0.0,0.0,0.0,0.0,0.0,0.0,0.0,0.0
112737645,239,1,opponent,2293.0,8,2,36,0,0,0,0,0,0,0,1,0,1,0,0,0,0,0,0,64,5.0,12.0,5.0,8.0,5.0,59.0,0.0,0.0,20.0,0.0,0.0,0.0,0.0,0.0,0.0,0.0,0.0
112737645,240,0,self,2301.0,0,2,36,0,0,0,0,0,0,0,1,0,1,0,0,0,0,0,0,77,5.0,12.0,5.0,8.0,5.0,60.0,0.0,12.0,20.0,0.0,0.0,0.0,0.0,0.0,0.0,0.0,0.0
112737645,240,1,opponent,2293.0,0,2,36,0,0,0,0,0,0,0,1,0,1,0,0,0,0,0,0,77,5.0,12.0,5.0,8.0,5.0,60.0,0.0,12.0,20.0,0.0,0.0,0.0,0.0,0.0,0.0,0.0,0.0
112737645,263,0,self,15738.0,11,2,42,0,0,0,12,0,0,0,11,0,0,0,0,0,0,0,0,13,12.0,0.0,6.0,8.0,13.0,0.0,0.0,0.0,20.0,0.0,2.0,0.0,0.0,0.0,0.0,0.0,0.0
112737645,263,1,opponent,15730.0,11,2,42,0,0,0,12,0,0,0,11,0,0,0,0,0,0,0,0,13,12.0,0.0,6.0,8.0,13.0,0.0,0.0,0.0,20.0,0.0,2.0,0.0,0.0,0.0,0.0,0.0,0.0
112737645,287,0,self,14838.0,10,3,37,0,0,0,0,0,0,0,15,0,0,0,0,0,0,0,0,24,21.0,0.0,6.0,8.0,24.0,0.0,0.0,0.0,33.0,0.0,3.0,0.0,0.0,0.0,0.0,0.0,0.0
112737645,287,1,opponent,14830.0,10,3,37,0,0,0,0,0,0,0,15,0,0,0,0,0,0,0,0,24,21.0,0.0,6.0,8.0,24.0,0.0,0.0,0.0,33.0,0.0,3.0,0.0,0.0,0.0,0.0,0.0,0.0
112737645,288,0,self,14838.0,0,3,39,0,0,0,0,0,0,0,16,0,0,0,0,0,0,0,0,39,20.0,0.0,6.0,8.0,22.0,0.0,8.0,9.0,33.0,0.0,3.0,0.0,0.0,0.0,0.0,0.0,0.0
112737645,288,1,opponent,14830.0,0,3,39,0,0,0,0,0,0,0,16,0,0,0,0,0,0,0,0,39,20.0,0.0,6.0,8.0,22.0,0.0,8.0,9.0,33.0,0.0,3.0,0.0,0.0,0.0,0.0,0.0,0.0
112737645,311,0,self,18346.0,9,3,14,0,0,0,0,0,0,0,17,0,0,0,0,0,0,0,0,30,24.0,0.0,6.0,8.0,27.0,0.0,0.0,3.0,33.0,0.0,3.0,0.0,0.0,0.0,0.0,0.0,0.0
112737645,311,1,opponent,18338.0,9,3,14,0,0,0,0,0,0,0,17,0,0,0,0,0,0,0,0,30,24.0,0.0,6.0,8.0,27.0,0.0,0.0,3.0,33.0,0.0,3.0,0.0,0.0,0.0,0.0,0.0,0.0
112737645,335,0,self,19975.0,9,3,16,0,0,0,0,0,0,0,14,0,0,0,0,0,0,0,0,32,24.0,0.0,6.0,8.0,32.0,0.0,0.0,0.0,33.0,0.0,3.0,0.0,0.0,0.0,0.0,0.0,0.0
112737645,335,1,opponent,19967.0,9,3,16,0,0,0,0,0,0,0,14,0,0,0,0,0,0,0,0,32,24.0,0.0,6.0,8.0,32.0,0.0,0.0,0.0,33.0,0.0,3.0,0.0,0.0,0.0,0.0,0.0,0.0
112737645,359,0,self,22393.0,9,3,24,0,0,0,0,6,3,8,20,0,0,0,0,0,0,0,0,38,24.0,0.0,6.0,8.0,38.0,0.0,0.0,0.0,33.0,0.0,3.0,0.0,0.0,0.0,0.0,0.0,0.0
112737645,359,1,opponent,22385.0,9,3,24,0,0,0,0,6,3,8,20,0,0,0,0,0,0,0,0,38,24.0,0.0,6.0,8.0,38.0,0.0,0.0,0.0,33.0,0.0,3.0,0.0,0.0,0.0,0.0,0.0,0.0
112737645,360,0,self,22774.0,0,3,24,0,0,0,0,6,0,8,15,0,0,0,0,0,0,0,0,82,24.0,0.0,6.0,8.0,40.0,0.0,11.0,15.0,33.0,8.0,3.0,8.0,0.0,0.0,0.0,0.0,0.0
112737645,360,1,opponent,22766.0,0,3,24,0,0,0,0,6,0,8,15,0,0,0,0,0,0,0,0,82,24.0,0.0,6.0,8.0,40.0,0.0,11.0,15.0,33.0,8.0,3.0,8.0,0.0,0.0,0.0,0.0,0.0
112737645,383,0,self,27331.0,10,3,25,0,0,0,0,0,11,6,11,0,0,0,1,0,0,0,0,40,24.0,0.0,6.0,8.0,38.0,0.0,0.0,0.0,33.0,0.0,3.0,2.0,0.0,0.0,0.0,0.0,0.0
112737645,383,1,opponent,27323.0,10,3,25,0,0,0,0,0,11,6,11,0,0,0,1,0,0,0,0,40,24.0,0.0,6.0,8.0,38.0,0.0,0.0,0.0,33.0,0.0,3.0,2.0,0.0,0.0,0.0,0.0,0.0
112737645,407,0,self,32188.0,11,3,36,0,0,0,0,3,0,5,11,0,0,0,1,0,0,0,0,38,25.0,0.0,6.0,8.0,36.0,0.0,0.0,0.0,33.0,0.0,3.0,2.0,0.0,0.0,0.0,0.0,0.0
112737645,407,1,opponent,32174.0,11,3,36,0,0,0,0,3,0,5,11,0,0,0,1,0,0,0,0,38,25.0,0.0,6.0,8.0,36.0,0.0,0.0,0.0,33.0,0.0,3.0,2.0,0.0,0.0,0.0,0.0,0.0
112737645,431,0,self,36476.0,11,3,38,0,0,0,0,9,2,6,15,0,0,0,1,0,0,0,0,38,25.0,0.0,6.0,8.0,36.0,0.0,0.0,0.0,33.0,0.0,3.0,2.0,0.0,0.0,0.0,0.0,0.0
112737645,431,1,opponent,36563.0,11,3,38,0,0,0,0,9,2,6,15,0,0,0,1,0,0,0,0,38,25.0,0.0,6.0,8.0,36.0,0.0,0.0,0.0,33.0,0.0,3.0,2.0,0.0,0.0,0.0,0.0,0.0
112737645,432,0,self,36539.0,0,3,38,0,0,0,0,9,0,5,16,0,0,0,1,0,0,0,0,89,25.0,0.0,6.0,8.0,38.0,0.0,4.0,15.0,33.0,24.0,3.0,8.0,0.0,0.0,0.0,0.0,0.0
112737645,432,1,opponent,36620.0,0,3,38,0,0,0,0,9,2,5,16,0,0,0,1,0,0,0,0,89,25.0,0.0,6.0,8.0,38.0,0.0,4.0,15.0,33.0,24.0,3.0,8.0,0.0,0.0,0.0,0.0,0.0
112737645,455,0,self,41835.0,11,3,37,0,0,6,0,6,1,4,14,0,0,0,1,0,0,0,0,48,25.0,0.0,6.0,8.0,38.0,0.0,1.0,3.0,33.0,2.0,3.0,4.0,0.0,0.0,0.0,0.0,0.0
112737645,455,1,opponent,42044.0,11,3,37,0,0,6,0,6,3,4,14,0,0,0,1,0,0,0,0,48,25.0,0.0,6.0,8.0,38.0,0.0,1.0,3.0,33.0,2.0,3.0,4.0,0.0,0.0,0.0,0.0,0.0
112737645,479,0,self,46821.0,10,3,38,0,0,6,0,6,1,10,13,0,0,0,1,0,0,0,0,40,25.0,0.0,6.0,8.0,40.0,0.0,0.0,0.0,33.0,0.0,3.0,0.0,0.0,0.0,0.0,0.0,0.0
112737645,479,1,opponent,47227.0,10,3,38,0,0,6,0,6,1,10,13,0,0,0,1,0,0,0,0,40,25.0,0.0,6.0,8.0,40.0,0.0,0.0,0.0,33.0,0.0,3.0,0.0,0.0,0.0,0.0,0.0,0.0
112737645,480,0,self,46821.0,0,3,38,0,0,6,0,6,1,10,13,0,0,0,1,0,0,0,0,92,25.0,0.0,6.0,8.0,43.0,0.0,4.0,15.0,33.0,24.0,3.0,6.0,0.0,0.0,0.0,0.0,0.0
112737645,480,1,opponent,47227.0,0,3,38,0,0,6,0,6,1,10,13,0,0,0,1,0,0,0,0,92,25.0,0.0,6.0,8.0,43.0,0.0,4.0,15.0,33.0,24.0,3.0,6.0,0.0,0.0,0.0,0.0,0.0
112737645,503,0,self,53420.0,11,3,42,0,0,4,0,6,2,4,13,0,0,0,1,0,0,0,0,50,25.0,0.0,6.0,8.0,43.0,0.0,2.0,3.0,33.0,0.0,3.0,2.0,0.0,0.0,0.0,0.0,0.0
112737645,503,1,opponent,53856.0,11,3,42,0,0,4,0,6,2,4,13,0,0,0,1,0,0,0,0,50,25.0,0.0,6.0,8.0,43.0,0.0,2.0,3.0,33.0,0.0,3.0,2.0,0.0,0.0,0.0,0.0,0.0
112737645,527,0,self,60113.0,11,3,40,0,0,12,0,9,0,6,15,0,0,0,1,0,0,0,0,60,30.0,0.0,6.0,8.0,48.0,0.0,5.0,3.0,28.0,2.0,3.0,2.0,0.0,0.0,0.0,0.0,0.0
112737645,527,1,opponent,60743.0,11,3,40,0,0,12,0,9,0,6,15,0,0,0,1,0,0,0,0,60,30.0,0.0,6.0,8.0,48.0,0.0,5.0,3.0,28.0,2.0,3.0,2.0,0.0,0.0,0.0,0.0,0.0
112737645,551,0,self,65748.0,11,3,52,0,0,9,0,9,2,4,14,0,0,0,1,0,0,0,0,59,31.0,0.0,6.0,8.0,48.0,0.0,2.0,3.0,27.0,2.0,3.0,4.0,0.0,0.0,0.0,0.0,0.0
112737645,551,1,opponent,66586.0,11,3,52,0,0,9,0,9,2,4,14,0,0,0,1,0,0,0,0,59,31.0,0.0,6.0,8.0,48.0,0.0,2.0,3.0,27.0,2.0,3.0,4.0,0.0,0.0,0.0,0.0,0.0
112737645,575,0,self,71390.0,11,3,32,0,0,17,0,6,2,8,18,0,0,0,1,0,0,0,0,75,38.0,0.0,6.0,8.0,64.0,0.0,0.0,6.0,20.0,5.0,3.0,0.0,0.0,0.0,0.0,0.0,0.0
112737645,575,1,opponent,72418.0,11,3,32,0,0,17,0,6,2,8,18,0,0,0,1,0,0,0,0,75,38.0,0.0,6.0,8.0,64.0,0.0,0.0,6.0,20.0,5.0,3.0,0.0,0.0,0.0,0.0,0.0,0.0
112737645,576,0,self,71390.0,0,3,32,0,0,22,0,9,2,8,17,0,0,0,1,0,0,0,0,104,38.0,0.0,6.0,8.0,69.0,0.0,6.0,18.0,20.0,5.0,3.0,6.0,0.0,0.0,0.0,0.0,0.0
112737645,576,1,opponent,72418.0,0,3,32,0,0,22,0,9,2,8,17,0,0,0,1,0,0,0,0,104,38.0,0.0,6.0,8.0,69.0,0.0,6.0,18.0,20.0,5.0,3.0,6.0,0.0,0.0,0.0,0.0,0.0
112737645,599,0,self,75897.0,12,3,52,0,0,5,0,18,1,2,17,0,0,0,1,0,0,0,0,69,37.0,0.0,6.0,8.0,61.0,0.0,0.0,0.0,17.0,0.0,3.0,4.0,4.0,4.0,0.0,0.0,0.0
112737645,599,1,opponent,77811.0,12,3,52,0,0,5,0,18,1,2,17,0,0,0,1,0,0,0,0,69,37.0,0.0,6.0,8.0,61.0,0.0,0.0,0.0,17.0,0.0,3.0,4.0,4.0,4.0,0.0,0.0,0.0
112737645,623,0,self,81258.0,11,3,55,0,0,21,0,6,3,6,18,0,0,0,1,0,0,0,0,79,27.0,0.0,6.0,8.0,57.0,0.0,0.0,3.0,13.0,0.0,3.0,1.0,18.0,18.0,0.0,0.0,0.0
112737645,623,1,opponent,83206.0,11,3,55,0,0,21,0,6,3,6,18,0,0,0,1,0,0,0,0,79,27.0,0.0,6.0,8.0,57.0,0.0,0.0,3.0,13.0,0.0,3.0,1.0,18.0,18.0,0.0,0.0,0.0
112737645,647,0,self,87450.0,11,3,59,0,0,0,0,9,4,2,16,0,0,0,1,0,0,0,0,86,16.0,0.0,6.0,8.0,48.0,0.0,0.0,5.0,13.0,0.0,3.0,3.0,29.0,30.0,0.0,0.0,0.0
112737645,647,1,opponent,89101.0,11,3,59,0,0,0,0,9,4,2,16,0,0,0,1,0,0,0,0,86,16.0,0.0,6.0,8.0,48.0,0.0,0.0,5.0,13.0,0.0,3.0,3.0,29.0,30.0,0.0,0.0,0.0
112737645,648,0,self,87466.0,0,3,59,0,0,0,0,9,4,2,15,0,0,0,1,0,0,0,0,138,16.0,0.0,6.0,8.0,52.0,0.0,4.0,14.0,13.0,26.0,3.0,8.0,29.0,34.0,0.0,0.0,0.0
112737645,648,1,opponent,89117.0,0,3,59,0,0,0,0,9,4,2,15,0,0,0,1,0,0,0,0,138,16.0,0.0,6.0,8.0,52.0,0.0,4.0,14.0,13.0,26.0,3.0,8.0,29.0,34.0,0.0,0.0,0.0
112737645,671,0,self,93025.0,10,3,40,14,0,20,0,5,4,4,5,0,0,0,1,0,0,0,0,86,18.0,0.0,6.0,8.0,42.0,0.0,0.0,3.0,4.0,0.0,3.0,4.0,26.0,37.0,0.0,0.0,0.0
112737645,671,1,opponent,94728.0,10,3,40,14,0,20,0,5,4,4,5,0,0,0,0,0,0,0,0,86,18.0,0.0,6.0,8.0,42.0,0.0,0.0,3.0,4.0,0.0,3.0,4.0,26.0,37.0,0.0,0.0,0.0
112737645,695,0,self,101745.0,11,3,51,27,0,0,0,1,3,6,8,0,0,0,1,0,0,0,0,52,10.0,0.0,6.0,8.0,13.0,0.0,0.0,9.0,0.0,0.0,3.0,0.0,13.0,30.0,0.0,0.0,0.0
112737645,695,1,opponent,103407.0,11,3,51,27,0,0,0,1,2,6,8,0,0,0,0,0,0,0,0,52,10.0,0.0,6.0,8.0,13.0,0.0,0.0,9.0,0.0,0.0,3.0,0.0,13.0,30.0,0.0,0.0,0.0
112737645,696,0,self,102112.0,0,3,45,31,0,0,0,1,3,6,6,0,0,0,1,0,0,0,0,60,9.0,0.0,6.0,8.0,10.0,0.0,2.0,18.0,0.0,0.0,3.0,4.0,12.0,26.0,1.0,0.0,0.0
112737645,696,1,opponent,103774.0,0,3,45,31,0,0,0,1,2,6,6,0,0,0,0,0,0,0,0,60,9.0,0.0,6.0,8.0,10.0,0.0,2.0,18.0,0.0,0.0,3.0,4.0,12.0,26.0,0.0,0.0,0.0
112737645,719,0,self,110605.0,11,3,0,0,0,0,0,0,0,0,0,0,0,0,1,0,0,0,0,0,0.0,0.0,6.0,8.0,0.0,0.0,0.0,0.0,0.0,0.0,3.0,0.0,0.0,0.0,1.0,0.0,0.0
112737645,719,1,opponent,112080.0,11,3,0,0,0,0,0,0,0,0,0,0,0,0,0,0,0,0,0,0,0.0,0.0,6.0,8.0,0.0,0.0,0.0,0.0,0.0,0.0,3.0,0.0,0.0,0.0,0.0,0.0,0.0
112738825,0,0,self,3000.0,0,1,0,0,0,0,0,0,0,0,0,0,0,0,0,0,0,0,0,0,0.0,0.0,0.0,0.0,0.0,0.0,0.0,0.0,0.0,0.0,0.0,0.0,0.0,0.0,0.0,0.0,0.0
112738825,0,1,opponent,3000.0,0,1,0,0,0,0,0,0,0,0,0,0,0,0,0,0,0,0,0,0,0.0,0.0,0.0,0.0,0.0,0.0,0.0,0.0,0.0,0.0,0.0,0.0,0.0,0.0,0.0,0.0,0.0
112738825,23,0,self,12.0,5,1,3,0,0,0,0,0,0,0,0,0,0,0,0,0,0,0,0,20,8.0,12.0,2.0,2.0,8.0,12.0,0.0,0.0,0.0,0.0,0.0,0.0,0.0,0.0,0.0,0.0,0.0
112738825,23,1,opponent,12.0,5,1,3,0,0,0,0,0,0,0,0,0,0,0,0,0,0,0,0,20,8.0,12.0,2.0,2.0,8.0,12.0,0.0,0.0,0.0,0.0,0.0,0.0,0.0,0.0,0.0,0.0,0.0
112738825,24,0,self,12.0,0,1,3,0,0,0,0,0,0,0,0,0,0,0,0,0,0,0,0,20,8.0,12.0,2.0,2.0,8.0,12.0,0.0,0.0,0.0,0.0,0.0,0.0,0.0,0.0,0.0,0.0,0.0
112738825,24,1,opponent,12.0,0,1,3,0,0,0,0,0,0,0,0,0,0,0,0,0,0,0,0,20,8.0,12.0,2.0,2.0,8.0,12.0,0.0,0.0,0.0,0.0,0.0,0.0,0.0,0.0,0.0,0.0,0.0
112738825,47,0,self,101.0,3,1,6,0,0,0,0,0,0,0,1,0,0,0,0,0,0,0,0,20,8.0,12.0,2.0,2.0,8.0,12.0,0.0,0.0,0.0,0.0,0.0,0.0,0.0,0.0,0.0,0.0,0.0
112738825,47,1,opponent,101.0,3,1,6,0,0,0,0,0,0,0,1,0,0,0,0,0,0,0,0,20,8.0,12.0,2.0,2.0,8.0,12.0,0.0,0.0,0.0,0.0,0.0,0.0,0.0,0.0,0.0,0.0,0.0
112738825,71,0,self,214.0,4,1,6,0,0,0,0,0,0,0,0,0,0,0,0,0,0,0,0,25,8.0,12.0,2.0,3.0,13.0,12.0,0.0,0.0,0.0,0.0,0.0,0.0,0.0,0.0,0.0,0.0,0.0
112738825,71,1,opponent,214.0,4,1,6,0,0,0,0,0,0,0,0,0,0,0,0,0,0,0,0,25,8.0,12.0,2.0,3.0,13.0,12.0,0.0,0.0,0.0,0.0,0.0,0.0,0.0,0.0,0.0,0.0,0.0
112738825,72,0,self,214.0,0,1,6,0,0,0,0,0,0,0,0,0,0,0,0,0,0,0,0,25,8.0,12.0,2.0,3.0,13.0,12.0,0.0,0.0,0.0,0.0,0.0,0.0,0.0,0.0,0.0,0.0,0.0
112738825,72,1,opponent,214.0,0,1,6,0,0,0,0,0,0,0,0,0,0,0,0,0,0,0,0,25,8.0,12.0,2.0,3.0,13.0,12.0,0.0,0.0,0.0,0.0,0.0,0.0,0.0,0.0,0.0,0.0,0.0
112738825,95,0,self,267.0,5,1,14,0,0,0,0,0,0,0,1,1,0,0,0,0,0,0,0,19,7.0,12.0,2.0,3.0,7.0,12.0,0.0,0.0,0.0,0.0,0.0,0.0,0.0,0.0,0.0,0.0,0.0
112738825,95,1,opponent,267.0,5,1,14,0,0,0,0,0,0,0,1,1,0,0,0,0,0,0,0,19,7.0,12.0,2.0,3.0,7.0,12.0,0.0,0.0,0.0,0.0,0.0,0.0,0.0,0.0,0.0,0.0,0.0
112738825,119,0,self,672.0,4,1,19,0,0,0,0,0,0,0,1,0,0,0,0,0,0,0,0,19,7.0,12.0,2.0,4.0,7.0,12.0,0.0,0.0,0.0,0.0,0.0,0.0,0.0,0.0,0.0,0.0,0.0
112738825,119,1,opponent,672.0,4,1,19,0,0,0,0,0,0,0,1,0,0,0,0,0,0,0,0,19,7.0,12.0,2.0,4.0,7.0,12.0,0.0,0.0,0.0,0.0,0.0,0.0,0.0,0.0,0.0,0.0,0.0
112738825,143,0,self,787.0,4,1,19,0,0,0,0,0,0,0,2,0,0,0,0,0,0,0,0,15,3.0,12.0,2.0,4.0,3.0,12.0,0.0,0.0,4.0,0.0,0.0,0.0,0.0,0.0,0.0,0.0,0.0
112738825,143,1,opponent,787.0,4,1,19,0,0,0,0,0,0,0,2,0,0,0,0,0,0,0,0,15,3.0,12.0,2.0,4.0,3.0,12.0,0.0,0.0,4.0,0.0,0.0,0.0,0.0,0.0,0.0,0.0,0.0
112738825,144,0,self,787.0,0,1,19,0,0,0,0,0,0,0,2,0,0,0,0,0,0,0,0,27,3.0,12.0,2.0,4.0,3.0,12.0,12.0,0.0,4.0,0.0,0.0,0.0,0.0,0.0,0.0,0.0,0.0
112738825,144,1,opponent,787.0,0,1,19,0,0,0,0,0,0,0,2,0,0,0,0,0,0,0,0,27,3.0,12.0,2.0,4.0,3.0,12.0,12.0,0.0,4.0,0.0,0.0,0.0,0.0,0.0,0.0,0.0,0.0
112738825,167,0,self,937.0,7,2,16,0,0,0,0,0,2,0,1,0,0,0,0,0,0,0,0,30,6.0,12.0,2.0,4.0,7.0,23.0,0.0,0.0,12.0,0.0,2.0,0.0,0.0,0.0,0.0,0.0,0.0
112738825,167,1,opponent,1313.0,7,2,16,0,0,0,0,0,0,0,1,0,0,0,0,0,0,0,0,30,6.0,12.0,2.0,4.0,7.0,23.0,0.0,0.0,12.0,0.0,2.0,0.0,0.0,0.0,0.0,0.0,0.0
112738825,191,0,self,733.0,7,2,11,0,0,0,0,0,0,0,1,0,0,0,0,0,0,0,0,45,9.0,12.0,2.0,6.0,9.0,36.0,0.0,0.0,16.0,0.0,2.0,0.0,0.0,0.0,0.0,0.0,0.0
112738825,191,1,opponent,733.0,7,2,11,0,0,0,0,0,0,0,1,0,0,0,0,0,0,0,0,45,9.0,12.0,2.0,6.0,9.0,36.0,0.0,0.0,16.0,0.0,2.0,0.0,0.0,0.0,0.0,0.0,0.0
112738825,192,0,self,733.0,0,2,11,0,0,0,0,0,0,0,1,0,0,0,0,0,0,0,0,57,9.0,12.0,2.0,6.0,9.0,36.0,0.0,12.0,16.0,0.0,2.0,0.0,0.0,0.0,0.0,0.0,0.0
112738825,192,1,opponent,733.0,0,2,11,0,0,0,0,0,0,0,1,0,0,0,0,0,0,0,0,57,9.0,12.0,2.0,6.0,9.0,36.0,0.0,12.0,16.0,0.0,2.0,0.0,0.0,0.0,0.0,0.0,0.0
112738825,215,0,self,1262.0,8,2,28,0,0,0,0,0,0,0,3,0,0,0,0,0,0,0,0,52,5.0,12.0,4.0,6.0,5.0,47.0,0.0,0.0,20.0,0.0,2.0,0.0,0.0,0.0,0.0,0.0,0.0
112738825,215,1,opponent,1190.0,8,2,30,0,0,0,0,0,0,0,3,0,0,0,0,0,0,0,0,52,5.0,12.0,4.0,6.0,5.0,47.0,0.0,0.0,20.0,0.0,2.0,0.0,0.0,0.0,0.0,0.0,0.0
112738825,239,0,self,2549.0,8,2,37,0,0,0,0,0,0,0,1,0,0,1,0,0,0,0,0,64,5.0,12.0,4.0,6.0,5.0,59.0,0.0,0.0,20.0,0.0,3.0,0.0,0.0,0.0,0.0,0.0,0.0
112738825,239,1,opponent,2401.0,8,2,41,0,0,0,0,0,0,0,1,0,0,1,0,0,0,0,0,64,5.0,12.0,4.0,6.0,5.0,59.0,0.0,0.0,20.0,0.0,3.0,0.0,0.0,0.0,0.0,0.0,0.0
112738825,240,0,self,2549.0,0,2,37,0,0,0,0,0,0,0,1,0,0,1,0,0,0,0,0,84,5.0,12.0,4.0,6.0,5.0,60.0,0.0,12.0,20.0,0.0,3.0,7.0,0.0,0.0,0.0,0.0,0.0
112738825,240,1,opponent,2401.0,0,2,41,0,0,0,0,0,0,0,1,0,0,1,0,0,0,0,0,84,5.0,12.0,4.0,6.0,5.0,60.0,0.0,12.0,20.0,0.0,3.0,7.0,0.0,0.0,0.0,0.0,0.0
112738825,263,0,self,16347.0,12,2,42,0,0,0,0,0,0,4,10,0,0,0,0,0,0,0,0,16,12.0,0.0,4.0,6.0,13.0,0.0,0.0,0.0,20.0,0.0,6.0,3.0,0.0,0.0,0.0,0.0,0.0
112738825,263,1,opponent,16239.0,12,2,45,0,0,0,0,0,0,4,10,0,0,0,0,0,0,0,0,16,12.0,0.0,4.0,6.0,13.0,0.0,0.0,0.0,20.0,0.0,6.0,3.0,0.0,0.0,0.0,0.0,0.0
112738825,287,0,self,13918.0,10,3,37,0,0,0,0,0,0,0,15,0,0,0,0,0,0,0,0,30,21.0,0.0,4.0,6.0,24.0,0.0,0.0,0.0,33.0,0.0,7.0,6.0,0.0,0.0,0.0,0.0,0.0
112738825,287,1,opponent,13441.0,10,3,49,0,0,0,0,0,0,0,15,0,0,0,0,0,0,0,0,30,21.0,0.0,4.0,6.0,24.0,0.0,0.0,0.0,33.0,0.0,7.0,6.0,0.0,0.0,0.0,0.0,0.0
112738825,288,0,self,13918.0,0,3,39,0,0,0,0,0,0,0,16,0,0,0,0,0,0,0,0,46,20.0,0.0,4.0,6.0,22.0,0.0,8.0,9.0,33.0,0.0,7.0,7.0,0.0,0.0,0.0,0.0,0.0
112738825,288,1,opponent,13441.0,0,3,51,0,0,0,0,0,0,0,16,0,0,0,0,0,0,0,0,46,20.0,0.0,4.0,6.0,22.0,0.0,8.0,9.0,33.0,0.0,7.0,7.0,0.0,0.0,0.0,0.0,0.0
112738825,311,0,self,16970.0,9,3,14,0,0,0,0,3,0,0,17,0,0,0,0,0,0,0,0,34,24.0,0.0,4.0,6.0,27.0,0.0,0.0,0.0,33.0,0.0,7.0,7.0,0.0,0.0,0.0,0.0,0.0
112738825,311,1,opponent,16124.0,9,3,35,0,0,0,0,3,0,0,17,0,0,0,0,0,0,0,0,34,24.0,0.0,4.0,6.0,27.0,0.0,0.0,0.0,33.0,0.0,7.0,7.0,0.0,0.0,0.0,0.0,0.0
112738825,335,0,self,18092.0,9,3,16,0,0,0,0,0,0,11,12,0,0,0,0,0,0,0,0,32,24.0,0.0,4.0,6.0,32.0,0.0,0.0,0.0,33.0,0.0,7.0,0.0,0.0,0.0,0.0,0.0,0.0
112738825,335,1,opponent,18102.0,9,3,16,0,0,0,0,0,0,11,12,0,0,0,0,0,0,0,0,32,24.0,0.0,4.0,6.0,32.0,0.0,0.0,0.0,33.0,0.0,7.0,0.0,0.0,0.0,0.0,0.0,0.0
112738825,359,0,self,20082.0,9,3,24,0,0,0,0,6,0,8,10,0,0,0,0,0,0,0,0,42,24.0,0.0,4.0,6.0,36.0,0.0,0.0,0.0,33.0,0.0,7.0,6.0,0.0,0.0,0.0,0.0,0.0
112738825,359,1,opponent,20092.0,9,3,24,0,0,0,0,6,0,8,10,0,0,0,0,0,0,0,0,42,24.0,0.0,4.0,6.0,36.0,0.0,0.0,0.0,33.0,0.0,7.0,6.0,0.0,0.0,0.0,0.0,0.0
112738825,360,0,self,20082.0,0,3,24,0,0,0,0,6,0,12,11,0,0,0,0,0,0,0,0,84,24.0,0.0,4.0,6.0,38.0,0.0,5.0,15.0,33.0,8.0,7.0,18.0,0.0,0.0,0.0,0.0,0.0
112738825,360,1,opponent,20092.0,0,3,24,0,0,0,0,6,0,12,11,0,0,0,0,0,0,0,0,84,24.0,0.0,4.0,6.0,38.0,0.0,5.0,15.0,33.0,8.0,7.0,18.0,0.0,0.0,0.0,0.0,0.0
112738825,383,0,self,23193.0,10,3,31,0,0,0,0,0,5,6,11,0,0,0,1,0,0,0,0,46,24.0,0.0,4.0,6.0,34.0,0.0,0.0,0.0,33.0,0.0,7.0,12.0,0.0,0.0,0.0,0.0,0.0
112738825,383,1,opponent,23119.0,10,3,33,0,0,0,0,0,5,6,11,0,0,0,1,0,0,0,0,46,24.0,0.0,4.0,6.0,34.0,0.0,0.0,0.0,33.0,0.0,7.0,12.0,0.0,0.0,0.0,0.0,0.0
112738825,407,0,self,28326.0,11,3,38,0,0,0,0,3,0,10,9,0,0,0,1,0,0,0,0,40,25.0,0.0,4.0,6.0,36.0,0.0,0.0,0.0,33.0,0.0,7.0,4.0,0.0,0.0,0.0,0.0,0.0
112738825,407,1,opponent,28263.0,11,3,40,0,0,0,0,3,0,10,9,0,0,0,1,0,0,0,0,40,25.0,0.0,4.0,6.0,36.0,0.0,0.0,0.0,33.0,0.0,7.0,4.0,0.0,0.0,0.0,0.0,0.0
112738825,431,0,self,32786.0,11,3,42,0,0,0,0,6,0,8,15,0,0,0,1,0,0,0,0,46,25.0,0.0,4.0,6.0,36.0,0.0,0.0,0.0,33.0,0.0,7.0,10.0,0.0,0.0,0.0,0.0,0.0
112738825,431,1,opponent,32723.0,11,3,44,0,0,0,0,6,0,8,15,0,0,0,1,0,0,0,0,46,25.0,0.0,4.0,6.0,36.0,0.0,0.0,0.0,33.0,0.0,7.0,10.0,0.0,0.0,0.0,0.0,0.0
112738825,432,0,self,32786.0,0,3,42,0,0,0,0,6,0,10,16,0,0,0,1,0,0,0,0,93,25.0,0.0,4.0,6.0,38.0,0.0,3.0,6.0,33.0,24.0,7.0,22.0,0.0,0.0,0.0,0.0,0.0
112738825,432,1,opponent,32764.0,0,3,44,0,0,0,0,6,0,10,15,0,0,0,1,0,0,0,0,93,25.0,0.0,4.0,6.0,38.0,0.0,3.0,6.0,33.0,24.0,7.0,22.0,0.0,0.0,0.0,0.0,0.0
112738825,455,0,self,37807.0,11,3,44,0,0,6,0,4,0,10,10,0,0,0,1,0,0,0,0,48,25.0,0.0,4.0,6.0,37.0,0.0,1.0,0.0,33.0,2.0,7.0,8.0,0.0,0.0,0.0,0.0,0.0
112738825,455,1,opponent,37750.0,11,3,46,0,0,6,0,4,0,10,10,0,0,0,1,0,0,0,0,48,25.0,0.0,4.0,6.0,37.0,0.0,1.0,0.0,33.0,2.0,7.0,8.0,0.0,0.0,0.0,0.0,0.0
112738825,479,0,self,41938.0,12,3,49,0,0,6,0,4,0,12,13,0,0,0,1,0,0,0,0,53,25.0,0.0,4.0,6.0,47.0,0.0,0.0,0.0,33.0,0.0,7.0,6.0,0.0,0.0,0.0,0.0,0.0
112738825,479,1,opponent,41837.0,12,3,52,0,0,6,0,4,0,12,13,0,0,0,1,0,0,0,0,53,25.0,0.0,4.0,6.0,47.0,0.0,0.0,0.0,33.0,0.0,7.0,6.0,0.0,0.0,0.0,0.0,0.0
112738825,480,0,self,41938.0,0,3,49,0,0,6,0,4,0,12,13,0,0,0,1,0,0,0,0,106,25.0,0.0,4.0,6.0,52.0,0.0,4.0,6.0,33.0,24.0,7.0,20.0,0.0,0.0,0.0,0.0,0.0
112738825,480,1,opponent,41837.0,0,3,52,0,0,6,0,4,0,12,13,0,0,0,1,0,0,0,0,106,25.0,0.0,4.0,6.0,52.0,0.0,4.0,6.0,33.0,24.0,7.0,20.0,0.0,0.0,0.0,0.0,0.0
112738825,503,0,self,47792.0,12,3,52,0,0,6,0,4,4,16,14,0,0,0,1,0,0,0,0,56,25.0,0.0,4.0,6.0,52.0,0.0,0.0,0.0,33.0,0.0,7.0,4.0,0.0,0.0,0.0,0.0,0.0
112738825,503,1,opponent,47823.0,12,3,52,0,0,6,0,4,4,16,14,0,0,0,1,0,0,0,0,56,25.0,0.0,4.0,6.0,52.0,0.0,0.0,0.0,33.0,0.0,7.0,4.0,0.0,0.0,0.0,0.0,0.0
112738825,527,0,self,54909.0,12,3,56,0,0,12,0,6,0,12,15,0,0,0,1,0,0,0,0,62,30.0,0.0,4.0,6.0,50.0,0.0,3.0,0.0,28.0,3.0,7.0,6.0,0.0,0.0,0.0,0.0,0.0
112738825,527,1,opponent,54940.0,12,3,56,0,0,12,0,6,0,12,15,0,0,0,1,0,0,0,0,62,30.0,0.0,4.0,6.0,50.0,0.0,3.0,0.0,28.0,3.0,7.0,6.0,0.0,0.0,0.0,0.0,0.0
112738825,551,0,self,60442.0,11,3,48,0,0,10,0,3,0,7,12,0,0,0,1,0,0,0,0,63,31.0,0.0,4.0,6.0,51.0,0.0,0.0,0.0,27.0,2.0,7.0,10.0,0.0,0.0,0.0,0.0,0.0
112738825,551,1,opponent,60387.0,11,3,50,0,0,10,0,3,0,7,12,0,0,0,1,0,0,0,0,63,31.0,0.0,4.0,6.0,51.0,0.0,0.0,0.0,27.0,2.0,7.0,10.0,0.0,0.0,0.0,0.0,0.0
112738825,575,0,self,65406.0,11,3,35,0,0,18,0,5,2,12,15,0,0,0,1,0,0,0,0,72,38.0,0.0,4.0,6.0,59.0,0.0,0.0,2.0,20.0,6.0,7.0,5.0,0.0,0.0,0.0,0.0,0.0
112738825,575,1,opponent,65179.0,11,3,41,0,0,18,0,5,2,12,15,0,0,0,1,0,0,0,0,72,38.0,0.0,4.0,6.0,59.0,0.0,0.0,2.0,20.0,6.0,7.0,5.0,0.0,0.0,0.0,0.0,0.0
112738825,576,0,self,65406.0,0,3,35,0,0,24,0,7,2,12,15,0,0,0,1,0,0,0,0,103,38.0,0.0,4.0,6.0,63.0,0.0,5.0,8.0,20.0,8.0,7.0,19.0,0.0,0.0,0.0,0.0,0.0
112738825,576,1,opponent,65222.0,0,3,40,0,0,24,0,7,2,12,15,0,0,0,1,0,0,0,0,103,38.0,0.0,4.0,6.0,63.0,0.0,5.0,8.0,20.0,8.0,7.0,19.0,0.0,0.0,0.0,0.0,0.0
112738825,599,0,self,68819.0,12,3,39,0,0,8,0,8,2,15,15,0,0,0,2,8,0,0,0,66,36.0,0.0,4.0,6.0,57.0,0.0,0.0,0.0,17.0,0.0,7.0,4.0,5.0,5.0,0.0,0.0,0.0
112738825,599,1,opponent,68509.0,12,3,47,0,0,8,0,8,2,15,15,0,0,0,2,8,0,0,0,66,36.0,0.0,4.0,6.0,57.0,0.0,0.0,0.0,17.0,0.0,7.0,4.0,5.0,5.0,0.0,0.0,0.0
112738825,623,0,self,71375.0,12,3,53,0,0,20,0,6,0,8,16,0,0,0,2,8,0,0,0,85,26.0,0.0,4.0,6.0,57.0,0.0,0.0,3.0,13.0,0.0,7.0,6.0,19.0,19.0,0.0,0.0,0.0
112738825,623,1,opponent,71023.0,12,3,62,0,0,20,0,6,0,8,16,0,0,0,2,8,0,0,0,85,26.0,0.0,4.0,6.0,57.0,0.0,0.0,3.0,13.0,0.0,7.0,6.0,19.0,19.0,0.0,0.0,0.0
112738825,647,0,self,74898.0,11,3,58,0,0,0,0,9,4,10,16,0,0,0,2,8,0,0,0,87,14.0,0.0,4.0,6.0,47.0,0.0,0.0,0.0,13.0,0.0,7.0,6.0,31.0,34.0,0.0,0.0,0.0
112738825,647,1,opponent,74932.0,11,3,58,0,0,0,0,9,4,10,16,0,0,0,2,8,0,0,0,87,14.0,0.0,4.0,6.0,47.0,0.0,0.0,0.0,13.0,0.0,7.0,6.0,31.0,34.0,0.0,0.0,0.0
112738825,648,0,self,74898.0,0,3,58,0,0,0,0,9,4,10,16,0,0,0,2,8,0,0,0,145,14.0,0.0,4.0,6.0,51.0,0.0,4.0,9.0,13.0,24.0,7.0,18.0,31.0,39.0,0.0,0.0,0.0
112738825,648,1,opponent,74932.0,0,3,58,0,0,0,0,9,4,10,16,0,0,0,2,8,0,0,0,145,14.0,0.0,4.0,6.0,51.0,0.0,4.0,9.0,13.0,24.0,7.0,18.0,31.0,39.0,0.0,0.0,0.0
112738825,671,0,self,78619.0,11,3,40,15,0,18,0,3,4,6,8,0,0,0,5,0,0,0,0,96,8.0,0.0,4.0,6.0,31.0,0.0,0.0,3.0,4.0,0.0,7.0,10.0,36.0,52.0,0.0,0.0,0.0
112738825,671,1,opponent,78706.0,11,3,43,15,0,18,0,3,4,6,8,0,0,0,5,0,0,0,0,96,8.0,0.0,4.0,6.0,31.0,0.0,0.0,3.0,4.0,0.0,7.0,10.0,36.0,52.0,0.0,0.0,0.0
112738825,695,0,self,84164.0,11,3,44,31,0,0,0,1,0,12,8,0,0,0,5,0,0,0,0,52,1.0,0.0,4.0,6.0,4.0,0.0,0.0,3.0,0.0,0.0,7.0,6.0,22.0,39.0,0.0,0.0,0.0
112738825,695,1,opponent,84762.0,11,3,44,31,0,0,0,1,0,12,8,0,0,0,5,0,0,0,0,52,1.0,0.0,4.0,6.0,4.0,0.0,0.0,3.0,0.0,0.0,7.0,6.0,22.0,39.0,0.0,0.0,0.0
112738825,696,0,self,84558.0,0,3,39,34,0,0,0,1,0,12,6,0,0,0,5,0,0,0,0,67,0.0,0.0,4.0,6.0,0.0,0.0,2.0,12.0,0.0,0.0,7.0,16.0,21.0,37.0,0.0,0.0,0.0
112738825,696,1,opponent,85156.0,0,3,39,34,0,0,0,1,0,12,6,0,0,0,5,0,0,0,0,67,0.0,0.0,4.0,6.0,0.0,0.0,2.0,12.0,0.0,0.0,7.0,16.0,21.0,37.0,0.0,0.0,0.0
112738825,719,0,self,92858.0,11,3,0,0,0,0,0,0,0,0,0,0,0,0,5,0,0,0,0,4,0.0,0.0,4.0,6.0,0.0,0.0,0.0,0.0,0.0,0.0,7.0,4.0,0.0,0.0,0.0,0.0,0.0
112738825,719,1,opponent,93460.0,11,3,0,0,0,0,0,0,0,0,0,0,0,0,5,0,0,0,0,4,0.0,0.0,4.0,6.0,0.0,0.0,0.0,0.0,0.0,0.0,7.0,4.0,0.0,0.0,0.0,0.0,0.0
112739509,0,0,opponent,3000.0,0,1,0,0,0,0,0,0,0,0,0,0,0,0,0,0,0,0,0,0,0.0,0.0,0.0,0.0,0.0,0.0,0.0,0.0,0.0,0.0,0.0,0.0,0.0,0.0,0.0,0.0,0.0
112739509,0,1,self,3000.0,0,1,0,0,0,0,0,0,0,0,0,0,0,0,0,0,0,0,0,0,0.0,0.0,0.0,0.0,0.0,0.0,0.0,0.0,0.0,0.0,0.0,0.0,0.0,0.0,0.0,0.0,0.0
112739509,23,0,opponent,8.0,5,1,3,0,0,0,0,0,0,0,0,0,0,0,0,0,0,0,0,20,8.0,12.0,2.0,2.0,8.0,12.0,0.0,0.0,0.0,0.0,0.0,0.0,0.0,0.0,0.0,0.0,0.0
112739509,23,1,self,16.0,5,1,3,0,0,0,0,0,0,0,0,0,0,0,0,0,0,0,0,20,8.0,12.0,2.0,2.0,8.0,12.0,0.0,0.0,0.0,0.0,0.0,0.0,0.0,0.0,0.0,0.0,0.0
112739509,24,0,opponent,8.0,0,1,3,0,0,0,0,0,0,0,0,0,0,0,0,0,0,0,0,20,8.0,12.0,2.0,2.0,8.0,12.0,0.0,0.0,0.0,0.0,0.0,0.0,0.0,0.0,0.0,0.0,0.0
112739509,24,1,self,16.0,0,1,3,0,0,0,0,0,0,0,0,0,0,0,0,0,0,0,0,20,8.0,12.0,2.0,2.0,8.0,12.0,0.0,0.0,0.0,0.0,0.0,0.0,0.0,0.0,0.0,0.0,0.0
112739509,47,0,opponent,97.0,3,1,6,0,0,0,0,0,0,0,1,0,0,0,0,0,0,0,0,20,8.0,12.0,2.0,2.0,8.0,12.0,0.0,0.0,0.0,0.0,0.0,0.0,0.0,0.0,0.0,0.0,0.0
112739509,47,1,self,105.0,3,1,6,0,0,0,0,0,0,0,1,0,0,0,0,0,0,0,0,20,8.0,12.0,2.0,2.0,8.0,12.0,0.0,0.0,0.0,0.0,0.0,0.0,0.0,0.0,0.0,0.0,0.0
112739509,71,0,opponent,210.0,4,1,6,0,0,0,0,0,0,0,0,0,0,0,0,0,0,0,0,25,8.0,12.0,2.0,3.0,13.0,12.0,0.0,0.0,0.0,0.0,0.0,0.0,0.0,0.0,0.0,0.0,0.0
112739509,71,1,self,218.0,4,1,6,0,0,0,0,0,0,0,0,0,0,0,0,0,0,0,0,25,8.0,12.0,2.0,3.0,13.0,12.0,0.0,0.0,0.0,0.0,0.0,0.0,0.0,0.0,0.0,0.0,0.0
112739509,72,0,opponent,210.0,0,1,6,0,0,0,0,0,0,0,0,0,0,0,0,0,0,0,0,25,8.0,12.0,2.0,3.0,13.0,12.0,0.0,0.0,0.0,0.0,0.0,0.0,0.0,0.0,0.0,0.0,0.0
112739509,72,1,self,218.0,0,1,6,0,0,0,0,0,0,0,0,0,0,0,0,0,0,0,0,25,8.0,12.0,2.0,3.0,13.0,12.0,0.0,0.0,0.0,0.0,0.0,0.0,0.0,0.0,0.0,0.0,0.0
112739509,95,0,opponent,261.0,5,1,14,0,0,0,0,0,0,0,1,1,0,0,0,0,0,0,0,19,7.0,12.0,2.0,3.0,7.0,12.0,0.0,0.0,0.0,0.0,0.0,0.0,0.0,0.0,0.0,0.0,0.0
112739509,95,1,self,269.0,5,1,14,0,0,0,0,0,0,0,1,1,0,0,0,0,0,0,0,19,7.0,12.0,2.0,3.0,7.0,12.0,0.0,0.0,0.0,0.0,0.0,0.0,0.0,0.0,0.0,0.0,0.0
112739509,119,0,opponent,671.0,4,1,19,0,0,0,0,0,0,0,1,0,0,0,0,0,0,0,0,19,7.0,12.0,2.0,4.0,7.0,12.0,0.0,0.0,0.0,0.0,0.0,0.0,0.0,0.0,0.0,0.0,0.0
112739509,119,1,self,679.0,4,1,19,0,0,0,0,0,0,0,1,0,0,0,0,0,0,0,0,19,7.0,12.0,2.0,4.0,7.0,12.0,0.0,0.0,0.0,0.0,0.0,0.0,0.0,0.0,0.0,0.0,0.0
112739509,143,0,opponent,784.0,4,1,19,0,0,0,0,0,0,0,2,0,0,0,0,0,0,0,0,15,3.0,12.0,2.0,4.0,3.0,12.0,0.0,0.0,4.0,0.0,0.0,0.0,0.0,0.0,0.0,0.0,0.0
112739509,143,1,self,792.0,4,1,19,0,0,0,0,0,0,0,2,0,0,0,0,0,0,0,0,15,3.0,12.0,2.0,4.0,3.0,12.0,0.0,0.0,4.0,0.0,0.0,0.0,0.0,0.0,0.0,0.0,0.0
112739509,144,0,opponent,784.0,0,1,19,0,0,0,0,0,0,0,2,0,0,0,0,0,0,0,0,27,3.0,12.0,2.0,4.0,3.0,12.0,12.0,0.0,4.0,0.0,0.0,0.0,0.0,0.0,0.0,0.0,0.0
112739509,144,1,self,792.0,0,1,19,0,0,0,0,0,0,0,2,0,0,0,0,0,0,0,0,27,3.0,12.0,2.0,4.0,3.0,12.0,12.0,0.0,4.0,0.0,0.0,0.0,0.0,0.0,0.0,0.0,0.0
112739509,167,0,opponent,1391.0,8,2,11,0,0,0,0,0,0,0,2,0,0,0,0,0,0,0,0,29,5.0,12.0,4.0,4.0,5.0,24.0,0.0,0.0,12.0,0.0,0.0,0.0,0.0,0.0,0.0,0.0,0.0
112739509,167,1,self,1239.0,8,2,11,0,0,0,0,0,0,0,2,0,0,0,0,8,0,0,0,29,5.0,12.0,4.0,4.0,5.0,24.0,0.0,0.0,12.0,0.0,0.0,0.0,0.0,0.0,0.0,0.0,0.0
112739509,191,0,opponent,707.0,8,2,2,0,0,0,0,0,0,0,3,0,0,0,0,0,0,0,0,45,9.0,12.0,4.0,6.0,9.0,36.0,0.0,0.0,16.0,0.0,0.0,0.0,0.0,0.0,0.0,0.0,0.0
112739509,191,1,self,555.0,8,2,2,0,0,0,0,0,0,0,3,0,0,0,0,8,0,0,0,45,9.0,12.0,4.0,6.0,9.0,36.0,0.0,0.0,16.0,0.0,0.0,0.0,0.0,0.0,0.0,0.0,0.0
112739509,192,0,opponent,463.0,0,2,10,0,0,0,0,0,0,0,3,0,0,0,0,0,0,0,0,57,9.0,12.0,4.0,6.0,9.0,36.0,0.0,12.0,16.0,0.0,0.0,0.0,0.0,0.0,0.0,0.0,0.0
112739509,192,1,self,311.0,0,2,10,0,0,0,0,0,0,0,3,0,0,0,0,8,0,0,0,57,9.0,12.0,4.0,6.0,9.0,36.0,0.0,12.0,16.0,0.0,0.0,0.0,0.0,0.0,0.0,0.0,0.0
112739509,215,0,opponent,1849.0,9,2,15,0,0,0,0,0,0,0,3,0,0,0,0,0,0,0,0,53,5.0,12.0,6.0,6.0,5.0,48.0,0.0,0.0,20.0,0.0,0.0,0.0,0.0,0.0,0.0,0.0,0.0
112739509,215,1,self,1697.0,9,2,15,0,0,0,0,0,0,0,3,0,0,0,0,8,0,0,0,53,5.0,12.0,6.0,6.0,5.0,48.0,0.0,0.0,20.0,0.0,0.0,0.0,0.0,0.0,0.0,0.0,0.0
112739509,239,0,opponent,4170.0,9,2,11,0,0,0,0,0,0,0,1,0,0,0,0,0,0,0,0,63,5.0,12.0,7.0,6.0,5.0,58.0,0.0,0.0,20.0,0.0,0.0,0.0,0.0,0.0,0.0,0.0,0.0
112739509,239,1,self,4018.0,9,2,11,0,0,0,0,0,0,0,1,0,0,0,0,8,0,0,0,63,5.0,12.0,7.0,6.0,5.0,58.0,0.0,0.0,20.0,0.0,0.0,0.0,0.0,0.0,0.0,0.0,0.0
112739509,240,0,opponent,4170.0,0,2,11,0,0,0,0,0,0,0,1,0,0,0,0,0,0,0,0,76,5.0,12.0,7.0,6.0,5.0,60.0,0.0,11.0,20.0,0.0,0.0,0.0,0.0,0.0,0.0,0.0,0.0
112739509,240,1,self,4018.0,0,2,11,0,0,0,0,0,0,0,1,0,0,0,0,8,0,0,0,76,5.0,12.0,7.0,6.0,5.0,60.0,0.0,11.0,20.0,0.0,0.0,0.0,0.0,0.0,0.0,0.0,0.0
112739509,263,0,opponent,17057.0,11,2,2,0,0,0,12,0,0,0,12,0,0,0,0,0,0,0,0,12,12.0,0.0,10.0,6.0,12.0,0.0,0.0,0.0,20.0,0.0,0.0,0.0,0.0,0.0,0.0,0.0,0.0
112739509,263,1,self,16905.0,11,2,2,0,0,0,12,0,0,0,12,0,0,0,0,8,0,0,0,12,12.0,0.0,10.0,6.0,12.0,0.0,0.0,0.0,20.0,0.0,0.0,0.0,0.0,0.0,0.0,0.0,0.0
112739509,287,0,opponent,15292.0,11,3,14,0,0,0,0,0,0,0,16,0,0,0,0,0,0,0,0,22,20.0,0.0,11.0,6.0,22.0,0.0,0.0,0.0,33.0,0.0,0.0,0.0,0.0,0.0,0.0,0.0,0.0
112739509,287,1,self,15140.0,11,3,14,0,0,0,0,0,0,0,16,0,0,0,0,8,0,0,0,22,20.0,0.0,11.0,6.0,22.0,0.0,0.0,0.0,33.0,0.0,0.0,0.0,0.0,0.0,0.0,0.0,0.0
112739509,288,0,opponent,15104.0,0,3,19,0,0,0,0,0,0,0,17,0,0,0,0,0,0,0,0,51,20.0,0.0,11.0,6.0,22.0,0.0,20.0,9.0,33.0,0.0,0.0,0.0,0.0,0.0,0.0,0.0,0.0
112739509,288,1,self,14952.0,0,3,19,0,0,0,0,0,0,0,17,0,0,0,0,8,0,0,0,51,20.0,0.0,11.0,6.0,22.0,0.0,20.0,9.0,33.0,0.0,0.0,0.0,0.0,0.0,1.0,0.0,0.0
112739509,311,0,opponent,20037.0,9,3,17,0,0,0,0,3,4,0,18,0,0,0,0,0,0,0,0,30,24.0,0.0,11.0,6.0,27.0,0.0,0.0,3.0,33.0,0.0,0.0,0.0,0.0,0.0,0.0,0.0,0.0
112739509,311,1,self,19875.0,9,3,17,0,0,0,0,3,4,0,18,0,0,0,1,8,0,0,0,29,23.0,0.0,11.0,6.0,26.0,0.0,0.0,3.0,33.0,0.0,0.0,0.0,0.0,0.0,0.0,0.0,0.0
112739509,335,0,opponent,22350.0,10,3,32,0,0,0,0,0,0,0,22,0,0,0,0,0,0,0,0,33,24.0,0.0,11.0,6.0,33.0,0.0,0.0,0.0,33.0,0.0,0.0,0.0,0.0,0.0,0.0,0.0,0.0
112739509,335,1,self,22188.0,10,3,32,0,0,0,0,0,0,0,22,0,0,0,1,8,0,0,0,32,23.0,0.0,11.0,6.0,32.0,0.0,0.0,0.0,33.0,0.0,0.0,0.0,0.0,0.0,0.0,0.0,0.0
112739509,359,0,opponent,26513.0,10,3,36,0,0,0,0,3,1,0,18,0,0,0,0,0,0,0,0,35,24.0,0.0,11.0,6.0,35.0,0.0,0.0,0.0,33.0,0.0,0.0,0.0,0.0,0.0,0.0,0.0,0.0
112739509,359,1,self,26351.0,10,3,36,0,0,0,0,3,1,0,18,0,0,0,1,8,0,0,0,33,23.0,0.0,11.0,6.0,33.0,0.0,0.0,0.0,33.0,0.0,0.0,0.0,0.0,0.0,0.0,0.0,0.0
112739509,360,0,opponent,26246.0,0,3,36,0,0,0,0,3,1,0,22,0,0,0,0,0,0,0,0,83,24.0,0.0,11.0,6.0,38.0,0.0,22.0,15.0,33.0,8.0,0.0,0.0,0.0,0.0,0.0,0.0,0.0
112739509,360,1,self,26084.0,0,3,36,0,0,0,0,3,1,0,22,0,0,0,1,8,0,0,0,81,23.0,0.0,11.0,6.0,36.0,0.0,22.0,15.0,33.0,8.0,0.0,0.0,0.0,0.0,0.0,0.0,0.0
112739509,383,0,opponent,32697.0,11,3,37,0,0,8,0,9,4,0,16,0,0,0,0,0,0,0,0,38,25.0,0.0,11.0,6.0,38.0,0.0,0.0,0.0,33.0,0.0,0.0,0.0,0.0,0.0,0.0,0.0,0.0
112739509,383,1,self,32535.0,11,3,34,0,0,8,0,9,4,0,16,0,0,0,1,8,0,0,0,38,25.0,0.0,11.0,6.0,38.0,0.0,0.0,0.0,33.0,0.0,0.0,0.0,0.0,0.0,0.0,0.0,0.0
112739509,407,0,opponent,41338.0,11,3,38,0,0,0,0,6,9,0,20,0,0,0,0,0,0,0,0,40,25.0,0.0,11.0,6.0,37.0,0.0,0.0,3.0,33.0,0.0,0.0,0.0,0.0,0.0,0.0,0.0,0.0
112739509,407,1,self,41176.0,11,3,35,0,0,0,0,6,9,0,20,0,0,0,1,8,0,0,0,40,25.0,0.0,11.0,6.0,37.0,0.0,0.0,3.0,33.0,0.0,0.0,0.0,0.0,0.0,0.0,0.0,0.0
112739509,431,0,opponent,48476.0,11,3,44,0,0,0,0,9,8,0,18,0,0,0,0,0,0,0,0,39,25.0,0.0,11.0,6.0,39.0,0.0,0.0,0.0,33.0,0.0,0.0,0.0,0.0,0.0,0.0,0.0,0.0
112739509,431,1,self,48314.0,11,3,41,0,0,0,0,9,8,0,18,0,0,0,1,8,0,0,0,39,25.0,0.0,11.0,6.0,39.0,0.0,0.0,0.0,33.0,0.0,0.0,0.0,0.0,0.0,0.0,0.0,0.0
112739509,432,0,opponent,49856.0,0,3,44,0,0,0,0,9,2,0,19,0,0,0,0,0,0,0,0,94,25.0,0.0,11.0,6.0,41.0,0.0,20.0,9.0,33.0,24.0,0.0,0.0,0.0,0.0,0.0,0.0,0.0
112739509,432,1,self,49694.0,0,3,41,0,0,0,0,9,2,0,19,0,0,0,1,8,0,0,0,94,25.0,0.0,11.0,6.0,41.0,0.0,20.0,9.0,33.0,24.0,0.0,0.0,0.0,0.0,0.0,0.0,0.0
112739509,455,0,opponent,54483.0,12,3,43,0,0,0,0,9,16,0,19,0,0,0,0,0,0,0,0,41,25.0,0.0,11.0,6.0,41.0,0.0,0.0,0.0,33.0,0.0,0.0,0.0,0.0,0.0,0.0,0.0,0.0
112739509,455,1,self,54195.0,12,3,43,0,0,0,0,9,16,0,19,0,0,0,1,8,0,0,0,41,25.0,0.0,11.0,6.0,41.0,0.0,0.0,0.0,33.0,0.0,0.0,0.0,0.0,0.0,0.0,0.0,0.0
112739509,479,0,opponent,59446.0,11,3,43,0,0,6,0,6,8,0,26,0,0,0,0,0,0,0,0,47,25.0,0.0,11.0,6.0,43.0,0.0,4.0,0.0,33.0,0.0,0.0,0.0,0.0,0.0,0.0,0.0,0.0
112739509,479,1,self,59158.0,11,3,43,0,0,6,0,6,8,0,26,0,0,0,1,8,0,0,0,47,25.0,0.0,11.0,6.0,43.0,0.0,4.0,0.0,33.0,0.0,0.0,0.0,0.0,0.0,0.0,0.0,0.0
112739509,480,0,opponent,59446.0,0,3,43,0,0,6,0,6,12,0,26,0,0,0,0,0,0,0,0,88,25.0,0.0,11.0,6.0,43.0,0.0,12.0,9.0,33.0,24.0,0.0,0.0,0.0,0.0,0.0,0.0,0.0
112739509,480,1,self,59158.0,0,3,43,0,0,6,0,6,12,0,26,0,0,0,1,8,0,0,0,88,25.0,0.0,11.0,6.0,43.0,0.0,12.0,9.0,33.0,24.0,0.0,0.0,0.0,0.0,0.0,0.0,0.0
112739509,503,0,opponent,63614.0,12,3,26,0,0,0,0,9,8,0,16,0,0,0,0,0,0,0,0,49,25.0,0.0,11.0,6.0,45.0,0.0,4.0,0.0,33.0,0.0,0.0,0.0,0.0,0.0,0.0,0.0,0.0
112739509,503,1,self,63332.0,12,3,26,0,0,0,0,9,8,0,16,0,0,0,1,8,0,0,0,49,25.0,0.0,11.0,6.0,45.0,0.0,4.0,0.0,33.0,0.0,0.0,0.0,0.0,0.0,0.0,0.0,0.0
112739509,527,0,opponent,67174.0,11,3,32,0,0,11,0,9,4,0,17,0,0,0,0,0,0,0,0,65,30.0,0.0,11.0,6.0,47.0,0.0,16.0,0.0,28.0,2.0,0.0,0.0,0.0,0.0,0.0,0.0,0.0
112739509,527,1,self,66892.0,11,3,32,0,0,11,0,9,4,0,17,0,0,0,1,8,0,0,0,65,30.0,0.0,11.0,6.0,47.0,0.0,16.0,0.0,28.0,2.0,0.0,0.0,0.0,0.0,0.0,0.0,0.0
112739509,551,0,opponent,71907.0,12,3,27,0,0,13,0,6,12,0,17,0,0,0,0,0,0,0,0,53,31.0,0.0,11.0,6.0,49.0,0.0,4.0,0.0,27.0,0.0,0.0,0.0,0.0,0.0,0.0,0.0,0.0
112739509,551,1,self,71657.0,12,3,27,0,0,13,0,6,12,0,17,0,0,0,1,8,0,0,0,53,31.0,0.0,11.0,6.0,49.0,0.0,4.0,0.0,27.0,0.0,0.0,0.0,0.0,0.0,0.0,0.0,0.0
112739509,575,0,opponent,75809.0,12,3,35,0,0,20,0,9,12,0,16,0,0,0,0,0,0,0,0,67,38.0,0.0,11.0,6.0,66.0,0.0,0.0,0.0,20.0,1.0,0.0,0.0,0.0,0.0,0.0,0.0,0.0
112739509,575,1,self,75559.0,12,3,35,0,0,20,0,9,12,0,16,0,0,0,1,8,0,0,0,67,38.0,0.0,11.0,6.0,66.0,0.0,0.0,0.0,20.0,1.0,0.0,0.0,0.0,0.0,0.0,0.0,0.0
112739509,576,0,opponent,75153.0,0,3,42,0,0,18,0,9,8,0,23,0,0,0,0,0,0,0,0,102,38.0,0.0,11.0,6.0,66.0,0.0,20.0,9.0,20.0,7.0,0.0,0.0,0.0,0.0,0.0,0.0,0.0
112739509,576,1,self,74903.0,0,3,42,0,0,18,0,9,8,0,23,0,0,0,1,8,0,0,0,102,38.0,0.0,11.0,6.0,66.0,0.0,20.0,9.0,20.0,7.0,0.0,0.0,0.0,0.0,0.0,0.0,0.0
112739509,599,0,opponent,80027.0,12,3,45,0,0,5,0,9,11,0,17,0,0,0,0,0,0,0,0,68,41.0,0.0,11.0,6.0,66.0,0.0,0.0,0.0,17.0,2.0,0.0,0.0,0.0,0.0,0.0,0.0,0.0
112739509,599,1,self,79777.0,12,3,45,0,0,5,0,9,11,0,17,0,0,0,1,8,0,0,0,68,41.0,0.0,11.0,6.0,66.0,0.0,0.0,0.0,17.0,2.0,0.0,0.0,0.0,0.0,0.0,0.0,0.0
112739509,623,0,opponent,85445.0,12,3,56,0,0,13,0,9,3,0,16,0,0,0,0,0,0,0,0,78,31.0,0.0,11.0,6.0,59.0,0.0,0.0,0.0,13.0,5.0,0.0,0.0,14.0,14.0,0.0,0.0,0.0
112739509,623,1,self,85355.0,12,3,56,0,0,13,0,9,3,0,16,0,0,0,1,0,0,0,0,78,31.0,0.0,11.0,6.0,59.0,0.0,0.0,0.0,13.0,5.0,0.0,0.0,14.0,14.0,0.0,0.0,0.0
112739509,647,0,opponent,90148.0,11,3,60,0,0,0,0,5,0,0,17,0,0,0,0,0,0,0,0,82,19.0,0.0,11.0,6.0,54.0,0.0,0.0,2.0,13.0,0.0,0.0,0.0,26.0,26.0,0.0,0.0,0.0
112739509,647,1,self,90058.0,11,3,60,0,0,0,0,5,0,0,17,0,0,0,1,0,0,0,0,82,19.0,0.0,11.0,6.0,54.0,0.0,0.0,2.0,13.0,0.0,0.0,0.0,26.0,26.0,0.0,0.0,0.0
112739509,648,0,opponent,89532.0,0,3,75,0,0,0,0,7,0,0,16,0,0,0,0,0,0,0,0,139,19.0,0.0,11.0,6.0,58.0,0.0,20.0,9.0,13.0,26.0,0.0,0.0,26.0,26.0,0.0,0.0,0.0
112739509,648,1,self,89442.0,0,3,75,0,0,0,0,7,0,0,16,0,0,0,1,0,0,0,0,139,19.0,0.0,11.0,6.0,58.0,0.0,20.0,9.0,13.0,26.0,0.0,0.0,26.0,26.0,0.0,0.0,0.0
112739509,671,0,opponent,92582.0,11,3,61,1,0,20,0,3,16,0,7,0,0,0,0,0,0,0,0,79,17.0,0.0,11.0,6.0,39.0,0.0,0.0,3.0,4.0,0.0,0.0,0.0,27.0,37.0,0.0,0.0,0.0
112739509,671,1,self,92452.0,11,3,61,1,0,20,0,3,16,0,7,0,0,0,1,0,0,0,0,79,17.0,0.0,11.0,6.0,39.0,0.0,0.0,3.0,4.0,0.0,0.0,0.0,27.0,37.0,0.0,0.0,0.0
112739509,695,0,opponent,101152.0,11,3,46,30,0,8,0,1,0,0,8,0,0,0,0,0,0,0,0,45,9.0,0.0,11.0,6.0,11.0,0.0,0.0,3.0,0.0,0.0,0.0,0.0,14.0,31.0,0.0,0.0,0.0
112739509,695,1,self,101022.0,11,3,46,30,0,8,0,1,0,0,8,0,0,0,1,0,0,0,0,45,9.0,0.0,11.0,6.0,11.0,0.0,0.0,3.0,0.0,0.0,0.0,0.0,14.0,31.0,0.0,0.0,0.0
112739509,696,0,opponent,101486.0,0,3,40,33,0,0,0,1,0,0,6,0,0,0,0,0,0,0,0,58,8.0,0.0,11.0,6.0,8.0,0.0,12.0,9.0,0.0,0.0,0.0,0.0,13.0,29.0,0.0,0.0,0.0
112739509,696,1,self,101356.0,0,3,40,33,0,0,0,1,0,0,6,0,0,0,1,0,0,0,0,58,8.0,0.0,11.0,6.0,8.0,0.0,12.0,9.0,0.0,0.0,0.0,0.0,13.0,29.0,0.0,0.0,0.0
112739509,719,0,opponent,109172.0,11,3,0,0,0,0,0,0,0,0,0,0,0,0,0,0,0,0,0,0,0.0,0.0,11.0,6.0,0.0,0.0,0.0,0.0,0.0,0.0,0.0,0.0,0.0,0.0,0.0,0.0,0.0
112739509,719,1,self,109044.0,11,3,0,0,0,0,0,0,0,0,0,0,0,0,1,0,0,0,0,0,0.0,0.0,11.0,6.0,0.0,0.0,0.0,0.0,0.0,0.0,0.0,0.0,0.0,0.0,0.0,0.0,0.0
112739956,0,0,opponent,3000.0,0,1,0,0,0,0,0,0,0,0,0,0,0,0,0,0,0,0,0,0,0.0,0.0,0.0,0.0,0.0,0.0,0.0,0.0,0.0,0.0,0.0,0.0,0.0,0.0,0.0,0.0,0.0
112739956,0,1,self,3000.0,0,1,0,0,0,0,0,0,0,0,0,0,0,0,0,0,0,0,0,0,0.0,0.0,0.0,0.0,0.0,0.0,0.0,0.0,0.0,0.0,0.0,0.0,0.0,0.0,0.0,0.0,0.0
112739956,23,0,opponent,8.0,5,1,3,0,0,0,0,0,0,0,0,0,0,0,0,0,0,0,0,20,8.0,12.0,2.0,2.0,8.0,12.0,0.0,0.0,0.0,0.0,0.0,0.0,0.0,0.0,0.0,0.0,0.0
112739956,23,1,self,16.0,5,1,3,0,0,0,0,0,0,0,0,0,0,0,0,0,0,0,0,20,8.0,12.0,2.0,2.0,8.0,12.0,0.0,0.0,0.0,0.0,0.0,0.0,0.0,0.0,0.0,0.0,0.0
112739956,24,0,opponent,8.0,0,1,3,0,0,0,0,0,0,0,0,0,0,0,0,0,0,0,0,20,8.0,12.0,2.0,2.0,8.0,12.0,0.0,0.0,0.0,0.0,0.0,0.0,0.0,0.0,0.0,0.0,0.0
112739956,24,1,self,16.0,0,1,3,0,0,0,0,0,0,0,0,0,0,0,0,0,0,0,0,20,8.0,12.0,2.0,2.0,8.0,12.0,0.0,0.0,0.0,0.0,0.0,0.0,0.0,0.0,0.0,0.0,0.0
112739956,47,0,opponent,97.0,3,1,6,0,0,0,0,0,0,0,1,0,0,0,0,0,0,0,0,20,8.0,12.0,2.0,2.0,8.0,12.0,0.0,0.0,0.0,0.0,0.0,0.0,0.0,0.0,0.0,0.0,0.0
112739956,47,1,self,105.0,3,1,6,0,0,0,0,0,0,0,1,0,0,0,0,0,0,0,0,20,8.0,12.0,2.0,2.0,8.0,12.0,0.0,0.0,0.0,0.0,0.0,0.0,0.0,0.0,0.0,0.0,0.0
112739956,71,0,opponent,210.0,4,1,6,0,0,0,0,0,0,0,0,0,0,0,0,0,0,0,0,25,8.0,12.0,2.0,3.0,13.0,12.0,0.0,0.0,0.0,0.0,0.0,0.0,0.0,0.0,0.0,0.0,0.0
112739956,71,1,self,218.0,4,1,6,0,0,0,0,0,0,0,0,0,0,0,0,0,0,0,0,25,8.0,12.0,2.0,3.0,13.0,12.0,0.0,0.0,0.0,0.0,0.0,0.0,0.0,0.0,0.0,0.0,0.0
112739956,72,0,opponent,210.0,0,1,6,0,0,0,0,0,0,0,0,0,0,0,0,0,0,0,0,25,8.0,12.0,2.0,3.0,13.0,12.0,0.0,0.0,0.0,0.0,0.0,0.0,0.0,0.0,0.0,0.0,0.0
112739956,72,1,self,218.0,0,1,6,0,0,0,0,0,0,0,0,0,0,0,0,0,0,0,0,25,8.0,12.0,2.0,3.0,13.0,12.0,0.0,0.0,0.0,0.0,0.0,0.0,0.0,0.0,0.0,0.0,0.0
112739956,95,0,opponent,263.0,5,1,14,0,0,0,0,0,0,0,1,1,0,0,0,0,0,0,0,19,7.0,12.0,2.0,3.0,7.0,12.0,0.0,0.0,0.0,0.0,0.0,0.0,0.0,0.0,0.0,0.0,0.0
112739956,95,1,self,271.0,5,1,14,0,0,0,0,0,0,0,1,1,0,0,0,0,0,0,0,19,7.0,12.0,2.0,3.0,7.0,12.0,0.0,0.0,0.0,0.0,0.0,0.0,0.0,0.0,0.0,0.0,0.0
112739956,119,0,opponent,668.0,4,1,19,0,0,0,0,0,0,0,1,0,0,0,0,0,0,0,0,19,7.0,12.0,2.0,4.0,7.0,12.0,0.0,0.0,0.0,0.0,0.0,0.0,0.0,0.0,0.0,0.0,0.0
112739956,119,1,self,676.0,4,1,19,0,0,0,0,0,0,0,1,0,0,0,0,0,0,0,0,19,7.0,12.0,2.0,4.0,7.0,12.0,0.0,0.0,0.0,0.0,0.0,0.0,0.0,0.0,0.0,0.0,0.0
112739956,143,0,opponent,783.0,4,1,19,0,0,0,0,0,0,0,2,0,0,0,0,0,0,0,0,15,3.0,12.0,2.0,4.0,3.0,12.0,0.0,0.0,4.0,0.0,0.0,0.0,0.0,0.0,0.0,0.0,0.0
112739956,143,1,self,791.0,4,1,19,0,0,0,0,0,0,0,2,0,0,0,0,0,0,0,0,15,3.0,12.0,2.0,4.0,3.0,12.0,0.0,0.0,4.0,0.0,0.0,0.0,0.0,0.0,0.0,0.0,0.0
112739956,144,0,opponent,783.0,0,1,19,0,0,0,0,0,0,0,2,0,0,0,0,0,0,0,0,27,3.0,12.0,2.0,4.0,3.0,12.0,12.0,0.0,4.0,0.0,0.0,0.0,0.0,0.0,0.0,0.0,0.0
112739956,144,1,self,791.0,0,1,19,0,0,0,0,0,0,0,2,0,0,0,0,0,0,0,0,27,3.0,12.0,2.0,4.0,3.0,12.0,12.0,0.0,4.0,0.0,0.0,0.0,0.0,0.0,0.0,0.0,0.0
112739956,167,0,opponent,732.0,7,2,16,0,0,0,0,0,2,0,1,0,0,0,0,0,0,0,0,30,6.0,12.0,2.0,6.0,7.0,23.0,0.0,0.0,12.0,0.0,0.0,0.0,0.0,0.0,0.0,0.0,0.0
112739956,167,1,self,740.0,7,2,16,0,0,0,0,0,2,0,1,0,0,0,0,0,0,0,0,30,6.0,12.0,2.0,6.0,7.0,23.0,0.0,0.0,12.0,0.0,0.0,0.0,0.0,0.0,0.0,0.0,0.0
112739956,191,0,opponent,529.0,7,2,11,0,0,0,0,0,0,0,1,0,0,0,1,0,0,0,0,44,8.0,12.0,2.0,8.0,8.0,36.0,0.0,0.0,16.0,0.0,0.0,0.0,0.0,0.0,0.0,0.0,0.0
112739956,191,1,self,537.0,7,2,11,0,0,0,0,0,0,0,1,0,0,0,1,0,0,0,0,44,8.0,12.0,2.0,8.0,8.0,36.0,0.0,0.0,16.0,0.0,0.0,0.0,0.0,0.0,0.0,0.0,0.0
112739956,192,0,opponent,529.0,0,2,11,0,0,0,0,0,0,0,1,0,0,0,0,0,0,0,0,57,9.0,12.0,2.0,8.0,9.0,36.0,0.0,12.0,16.0,0.0,0.0,0.0,0.0,0.0,0.0,0.0,0.0
112739956,192,1,self,537.0,0,2,11,0,0,0,0,0,0,0,1,0,0,0,0,0,0,0,0,57,9.0,12.0,2.0,8.0,9.0,36.0,0.0,12.0,16.0,0.0,0.0,0.0,0.0,0.0,0.0,0.0,0.0
112739956,215,0,opponent,1627.0,8,2,28,0,0,0,0,0,0,0,3,0,0,0,0,0,0,0,0,52,5.0,12.0,4.0,8.0,5.0,47.0,0.0,0.0,20.0,0.0,0.0,0.0,0.0,0.0,0.0,0.0,0.0
112739956,215,1,self,1635.0,8,2,28,0,0,0,0,0,0,0,3,0,0,0,0,0,0,0,0,52,5.0,12.0,4.0,8.0,5.0,47.0,0.0,0.0,20.0,0.0,0.0,0.0,0.0,0.0,0.0,0.0,0.0
112739956,239,0,opponent,2514.0,8,2,36,0,0,0,0,0,0,0,1,0,1,0,0,0,0,0,0,64,5.0,12.0,5.0,8.0,5.0,59.0,0.0,0.0,20.0,0.0,0.0,0.0,0.0,0.0,0.0,0.0,0.0
112739956,239,1,self,2522.0,8,2,36,0,0,0,0,0,0,0,1,0,1,0,0,0,0,0,0,64,5.0,12.0,5.0,8.0,5.0,59.0,0.0,0.0,20.0,0.0,0.0,0.0,0.0,0.0,0.0,0.0,0.0
112739956,240,0,opponent,2514.0,0,2,36,0,0,0,0,0,0,0,1,0,1,0,0,0,0,0,0,77,5.0,12.0,5.0,8.0,5.0,60.0,0.0,12.0,20.0,0.0,0.0,0.0,0.0,0.0,0.0,0.0,0.0
112739956,240,1,self,2522.0,0,2,36,0,0,0,0,0,0,0,1,0,1,0,0,0,0,0,0,77,5.0,12.0,5.0,8.0,5.0,60.0,0.0,12.0,20.0,0.0,0.0,0.0,0.0,0.0,0.0,0.0,0.0
112739956,263,0,opponent,16250.0,11,2,42,0,0,0,12,0,0,0,11,0,0,0,0,0,0,0,0,13,12.0,0.0,6.0,8.0,13.0,0.0,0.0,0.0,20.0,0.0,2.0,0.0,0.0,0.0,0.0,0.0,0.0
112739956,263,1,self,16258.0,11,2,42,0,0,0,12,0,0,0,11,0,0,0,0,0,0,0,0,13,12.0,0.0,6.0,8.0,13.0,0.0,0.0,0.0,20.0,0.0,2.0,0.0,0.0,0.0,0.0,0.0,0.0
112739956,287,0,opponent,15614.0,10,3,37,0,0,0,0,0,0,0,15,0,0,0,0,0,0,0,0,24,21.0,0.0,6.0,8.0,24.0,0.0,0.0,0.0,33.0,0.0,3.0,0.0,0.0,0.0,0.0,0.0,0.0
112739956,287,1,self,15622.0,10,3,37,0,0,0,0,0,0,0,15,0,0,0,0,0,0,0,0,24,21.0,0.0,6.0,8.0,24.0,0.0,0.0,0.0,33.0,0.0,3.0,0.0,0.0,0.0,0.0,0.0,0.0
112739956,288,0,opponent,15614.0,0,3,39,0,0,0,0,0,0,0,16,0,0,0,0,0,0,0,0,39,20.0,0.0,6.0,8.0,22.0,0.0,8.0,9.0,33.0,0.0,3.0,0.0,0.0,0.0,0.0,0.0,0.0
112739956,288,1,self,15622.0,0,3,39,0,0,0,0,0,0,0,16,0,0,0,0,0,0,0,0,39,20.0,0.0,6.0,8.0,22.0,0.0,8.0,9.0,33.0,0.0,3.0,0.0,0.0,0.0,0.0,0.0,0.0
112739956,311,0,opponent,19417.0,9,3,14,0,0,0,0,0,0,0,17,0,0,0,0,0,0,0,0,30,24.0,0.0,6.0,8.0,27.0,0.0,0.0,3.0,33.0,0.0,3.0,0.0,0.0,0.0,0.0,0.0,0.0
112739956,311,1,self,19425.0,9,3,14,0,0,0,0,0,0,0,17,0,0,0,0,0,0,0,0,30,24.0,0.0,6.0,8.0,27.0,0.0,0.0,3.0,33.0,0.0,3.0,0.0,0.0,0.0,0.0,0.0,0.0
112739956,335,0,opponent,21313.0,9,3,16,0,0,0,0,0,0,0,14,0,0,0,0,0,0,0,0,32,24.0,0.0,6.0,8.0,32.0,0.0,0.0,0.0,33.0,0.0,3.0,0.0,0.0,0.0,0.0,0.0,0.0
112739956,335,1,self,21321.0,9,3,16,0,0,0,0,0,0,0,14,0,0,0,0,0,0,0,0,32,24.0,0.0,6.0,8.0,32.0,0.0,0.0,0.0,33.0,0.0,3.0,0.0,0.0,0.0,0.0,0.0,0.0
112739956,359,0,opponent,24288.0,9,3,24,0,0,0,0,6,0,8,20,0,0,0,0,0,0,0,0,38,24.0,0.0,6.0,8.0,38.0,0.0,0.0,0.0,33.0,0.0,3.0,0.0,0.0,0.0,0.0,0.0,0.0
112739956,359,1,self,24335.0,9,3,24,0,0,0,0,6,3,8,20,0,0,0,0,0,0,0,0,38,24.0,0.0,6.0,8.0,38.0,0.0,0.0,0.0,33.0,0.0,3.0,0.0,0.0,0.0,0.0,0.0,0.0
112739956,360,0,opponent,24666.0,0,3,24,0,0,0,0,6,0,8,15,0,0,0,0,0,0,0,0,82,24.0,0.0,6.0,8.0,40.0,0.0,11.0,15.0,33.0,8.0,3.0,8.0,0.0,0.0,0.0,0.0,0.0
112739956,360,1,self,24716.0,0,3,24,0,0,0,0,6,0,8,15,0,0,0,0,0,0,0,0,82,24.0,0.0,6.0,8.0,40.0,0.0,11.0,15.0,33.0,8.0,3.0,8.0,0.0,0.0,0.0,0.0,0.0
112739956,383,0,opponent,29823.0,10,3,25,0,0,0,0,0,11,6,11,0,0,0,1,0,0,0,0,40,24.0,0.0,6.0,8.0,38.0,0.0,0.0,0.0,33.0,0.0,3.0,2.0,0.0,0.0,0.0,0.0,0.0
112739956,383,1,self,29873.0,10,3,25,0,0,0,0,0,11,6,11,0,0,0,1,0,0,0,0,40,24.0,0.0,6.0,8.0,38.0,0.0,0.0,0.0,33.0,0.0,3.0,2.0,0.0,0.0,0.0,0.0,0.0
112739956,407,0,opponent,34734.0,11,3,36,0,0,0,0,3,0,5,11,0,0,0,1,0,0,0,0,38,25.0,0.0,6.0,8.0,36.0,0.0,0.0,0.0,33.0,0.0,3.0,2.0,0.0,0.0,0.0,0.0,0.0
112739956,407,1,self,34729.0,11,3,36,0,0,0,0,3,0,5,11,0,0,0,1,0,0,0,0,38,25.0,0.0,6.0,8.0,36.0,0.0,0.0,0.0,33.0,0.0,3.0,2.0,0.0,0.0,0.0,0.0,0.0
112739956,431,0,opponent,38716.0,11,3,38,0,0,0,0,9,2,6,15,0,0,0,1,0,0,0,0,38,25.0,0.0,6.0,8.0,36.0,0.0,0.0,0.0,33.0,0.0,3.0,2.0,0.0,0.0,0.0,0.0,0.0
112739956,431,1,self,38711.0,11,3,38,0,0,0,0,9,2,6,15,0,0,0,1,0,0,0,0,38,25.0,0.0,6.0,8.0,36.0,0.0,0.0,0.0,33.0,0.0,3.0,2.0,0.0,0.0,0.0,0.0,0.0
112739956,432,0,opponent,38773.0,0,3,38,0,0,0,0,9,2,5,16,0,0,0,1,0,0,0,0,89,25.0,0.0,6.0,8.0,38.0,0.0,4.0,15.0,33.0,24.0,3.0,8.0,0.0,0.0,0.0,0.0,0.0
112739956,432,1,self,38768.0,0,3,38,0,0,0,0,9,2,5,16,0,0,0,1,0,0,0,0,89,25.0,0.0,6.0,8.0,38.0,0.0,4.0,15.0,33.0,24.0,3.0,8.0,0.0,0.0,0.0,0.0,0.0
112739956,455,0,opponent,43493.0,11,3,36,0,0,6,0,6,1,4,14,0,0,0,1,0,0,0,0,48,25.0,0.0,6.0,8.0,38.0,0.0,1.0,3.0,33.0,2.0,3.0,4.0,0.0,0.0,0.0,0.0,0.0
112739956,455,1,self,43476.0,11,3,36,0,0,6,0,6,1,4,14,0,0,0,1,0,0,0,0,48,25.0,0.0,6.0,8.0,38.0,0.0,1.0,3.0,33.0,2.0,3.0,4.0,0.0,0.0,0.0,0.0,0.0
112739956,479,0,opponent,47164.0,11,3,44,0,0,6,0,6,3,10,13,0,0,0,1,0,0,0,0,42,25.0,0.0,6.0,8.0,42.0,0.0,0.0,0.0,33.0,0.0,3.0,0.0,0.0,0.0,0.0,0.0,0.0
112739956,479,1,self,47137.0,11,3,44,0,0,6,0,6,3,10,13,0,0,0,1,0,0,0,0,42,25.0,0.0,6.0,8.0,42.0,0.0,0.0,0.0,33.0,0.0,3.0,0.0,0.0,0.0,0.0,0.0,0.0
112739956,480,0,opponent,47164.0,0,3,44,0,0,6,0,6,3,10,14,0,0,0,1,0,0,0,0,89,25.0,0.0,6.0,8.0,46.0,0.0,4.0,9.0,33.0,24.0,3.0,6.0,0.0,0.0,0.0,0.0,0.0
112739956,480,1,self,47137.0,0,3,44,0,0,6,0,6,3,10,14,0,0,0,1,0,0,0,0,89,25.0,0.0,6.0,8.0,46.0,0.0,4.0,9.0,33.0,24.0,3.0,6.0,0.0,0.0,0.0,0.0,0.0
112739956,503,0,opponent,51821.0,11,3,51,0,0,4,0,6,2,7,12,0,0,0,1,0,0,0,0,54,25.0,0.0,6.0,8.0,49.0,0.0,2.0,1.0,33.0,0.0,3.0,2.0,0.0,0.0,0.0,0.0,0.0
112739956,503,1,self,51788.0,11,3,51,0,0,4,0,6,2,7,13,0,0,0,1,0,0,0,0,54,25.0,0.0,6.0,8.0,49.0,0.0,2.0,1.0,33.0,0.0,3.0,2.0,0.0,0.0,0.0,0.0,0.0
112739956,527,0,opponent,56091.0,11,3,62,0,0,12,0,6,0,0,17,0,0,0,1,0,0,0,0,68,30.0,0.0,6.0,8.0,52.0,0.0,5.0,1.0,28.0,2.0,3.0,8.0,0.0,0.0,0.0,0.0,0.0
112739956,527,1,self,56054.0,11,3,62,0,0,12,0,6,0,0,17,0,0,0,1,0,0,0,0,68,30.0,0.0,6.0,8.0,52.0,0.0,5.0,1.0,28.0,2.0,3.0,8.0,0.0,0.0,0.0,0.0,0.0
112739956,551,0,opponent,57827.0,12,3,55,0,0,9,0,4,1,4,12,0,0,0,1,0,0,0,0,61,31.0,0.0,6.0,8.0,48.0,0.0,2.0,1.0,27.0,2.0,3.0,8.0,0.0,0.0,0.0,0.0,0.0
112739956,551,1,self,57928.0,12,3,52,0,0,10,0,4,1,4,14,0,0,0,1,0,0,0,0,61,31.0,0.0,6.0,8.0,48.0,0.0,2.0,1.0,27.0,2.0,3.0,8.0,0.0,0.0,0.0,0.0,0.0
112739956,575,0,opponent,59831.0,11,3,50,0,0,17,0,4,2,4,17,0,0,0,1,0,0,0,0,78,38.0,0.0,6.0,8.0,68.0,0.0,0.0,3.0,20.0,5.0,3.0,2.0,0.0,0.0,0.0,0.0,0.0
112739956,575,1,self,59944.0,11,3,48,0,0,17,0,4,2,4,17,0,0,0,1,0,0,0,0,78,38.0,0.0,6.0,8.0,68.0,0.0,0.0,3.0,20.0,5.0,3.0,2.0,0.0,0.0,0.0,0.0,0.0
112739956,576,0,opponent,59876.0,0,3,49,0,0,22,0,6,2,4,17,0,0,0,1,0,0,0,0,103,38.0,0.0,6.0,8.0,74.0,0.0,6.0,10.0,20.0,5.0,3.0,8.0,0.0,0.0,0.0,0.0,0.0
112739956,576,1,self,59944.0,0,3,48,0,0,22,0,6,2,4,17,0,0,0,1,0,0,0,0,104,38.0,0.0,6.0,8.0,74.0,0.0,6.0,10.0,20.0,6.0,3.0,8.0,0.0,0.0,0.0,0.0,0.0
112739956,599,0,opponent,61200.0,11,3,66,0,0,5,0,10,2,6,16,0,0,0,1,0,0,0,0,71,37.0,0.0,6.0,8.0,65.0,0.0,0.0,0.0,17.0,0.0,3.0,2.0,4.0,4.0,0.0,0.0,0.0
112739956,599,1,self,61255.0,11,3,65,0,0,6,0,10,1,6,16,0,0,0,1,0,0,0,0,71,37.0,0.0,6.0,8.0,65.0,0.0,0.0,0.0,17.0,0.0,3.0,2.0,4.0,4.0,0.0,0.0,0.0
112739956,623,0,opponent,64119.0,11,3,59,0,0,21,0,4,2,4,14,0,0,0,1,0,0,0,0,81,27.0,0.0,6.0,8.0,60.0,0.0,0.0,2.0,13.0,0.0,3.0,1.0,18.0,18.0,0.0,0.0,0.0
112739956,623,1,self,64089.0,11,3,59,0,0,21,0,4,2,4,15,0,0,0,1,0,0,0,0,81,27.0,0.0,6.0,8.0,60.0,0.0,0.0,2.0,13.0,0.0,3.0,1.0,18.0,18.0,0.0,0.0,0.0
112739956,647,0,opponent,67612.0,11,3,60,0,0,0,0,8,4,2,16,0,0,0,1,0,0,0,0,82,16.0,0.0,6.0,8.0,44.0,0.0,0.0,4.0,13.0,0.0,3.0,3.0,29.0,31.0,0.0,0.0,0.0
112739956,647,1,self,67324.0,11,3,60,0,0,0,0,8,4,2,16,0,0,0,1,0,0,0,0,82,16.0,0.0,6.0,8.0,44.0,0.0,0.0,4.0,13.0,0.0,3.0,3.0,29.0,31.0,0.0,0.0,0.0
112739956,648,0,opponent,67612.0,0,3,60,0,0,0,0,8,4,2,17,0,0,0,1,0,0,0,0,131,16.0,0.0,6.0,8.0,48.0,0.0,4.0,10.0,13.0,26.0,3.0,8.0,29.0,35.0,0.0,0.0,0.0
112739956,648,1,self,67324.0,0,3,60,0,0,0,0,8,4,2,17,0,0,0,1,0,0,0,0,131,16.0,0.0,6.0,8.0,48.0,0.0,4.0,10.0,13.0,26.0,3.0,8.0,29.0,35.0,0.0,0.0,0.0
112739956,671,0,opponent,70155.0,11,3,39,15,0,20,0,4,4,4,6,0,0,0,1,0,0,0,0,83,18.0,0.0,6.0,8.0,39.0,0.0,0.0,2.0,4.0,0.0,3.0,4.0,26.0,38.0,0.0,0.0,0.0
112739956,671,1,self,69895.0,11,3,39,15,0,20,0,4,4,0,6,0,0,0,1,0,0,0,0,87,18.0,0.0,6.0,8.0,39.0,0.0,0.0,2.0,4.0,0.0,3.0,8.0,26.0,38.0,0.0,0.0,0.0
112739956,695,0,opponent,74565.0,11,3,51,34,0,0,0,0,3,6,8,0,0,0,1,0,0,0,0,48,10.0,0.0,6.0,8.0,12.0,0.0,0.0,6.0,0.0,0.0,3.0,0.0,13.0,30.0,0.0,0.0,0.0
112739956,695,1,self,74056.0,11,3,51,34,0,0,0,0,3,8,8,0,0,0,1,0,0,0,0,48,10.0,0.0,6.0,8.0,12.0,0.0,0.0,6.0,0.0,0.0,3.0,0.0,13.0,30.0,0.0,0.0,0.0
112739956,696,0,opponent,75014.0,0,3,44,37,0,0,0,0,0,6,6,0,0,0,1,0,0,0,0,59,9.0,0.0,6.0,8.0,11.0,0.0,2.0,15.0,0.0,0.0,3.0,4.0,12.0,27.0,0.0,0.0,0.0
112739956,696,1,self,74505.0,0,3,44,37,0,0,0,0,0,8,6,0,0,0,1,0,0,0,0,59,9.0,0.0,6.0,8.0,11.0,0.0,2.0,15.0,0.0,0.0,3.0,4.0,12.0,27.0,0.0,0.0,0.0
112739956,719,0,opponent,81437.0,11,3,0,0,0,0,0,0,0,0,0,0,0,0,1,0,0,0,0,0,0.0,0.0,6.0,8.0,0.0,0.0,0.0,0.0,0.0,0.0,3.0,0.0,0.0,0.0,0.0,0.0,0.0
112739956,719,1,self,81055.0,11,3,0,0,0,0,0,0,0,0,0,0,0,0,1,0,0,0,0,0,0.0,0.0,6.0,8.0,0.0,0.0,0.0,0.0,0.0,0.0,3.0,0.0,0.0,0.0,0.0,0.0,0.0
112741280,0,0,self,3000.0,0,1,0,0,0,0,0,0,0,0,0,0,0,0,0,0,0,0,0,0,0.0,0.0,0.0,0.0,0.0,0.0,0.0,0.0,0.0,0.0,0.0,0.0,0.0,0.0,0.0,0.0,0.0
112741280,0,1,opponent,3000.0,0,1,0,0,0,0,0,0,0,0,0,0,0,0,0,0,0,0,0,0,0.0,0.0,0.0,0.0,0.0,0.0,0.0,0.0,0.0,0.0,0.0,0.0,0.0,0.0,0.0,0.0,0.0
112741280,23,0,self,16.0,5,1,3,0,0,0,0,0,0,0,0,0,0,0,0,0,0,0,0,20,8.0,12.0,2.0,2.0,8.0,12.0,0.0,0.0,0.0,0.0,0.0,0.0,0.0,0.0,0.0,0.0,0.0
112741280,23,1,opponent,18.0,5,1,3,0,0,0,0,0,0,0,0,0,0,0,0,0,0,0,0,19,7.0,12.0,2.0,2.0,7.0,12.0,0.0,0.0,0.0,0.0,0.0,0.0,0.0,0.0,0.0,0.0,0.0
112741280,24,0,self,16.0,0,1,3,0,0,0,0,0,0,0,0,0,0,0,0,0,0,0,0,20,8.0,12.0,2.0,2.0,8.0,12.0,0.0,0.0,0.0,0.0,0.0,0.0,0.0,0.0,1.0,0.0,0.0
112741280,24,1,opponent,18.0,0,1,3,0,0,0,0,0,0,0,0,0,0,0,0,0,0,0,0,19,7.0,12.0,2.0,2.0,7.0,12.0,0.0,0.0,0.0,0.0,0.0,0.0,0.0,0.0,0.0,0.0,0.0
112741280,47,0,self,105.0,3,1,6,0,0,0,0,0,0,0,1,0,0,0,0,0,0,0,0,20,8.0,12.0,2.0,2.0,8.0,12.0,0.0,0.0,0.0,0.0,0.0,0.0,0.0,0.0,0.0,0.0,0.0
112741280,47,1,opponent,107.0,3,1,6,0,0,0,0,0,0,0,1,0,0,0,0,0,0,0,0,19,7.0,12.0,2.0,2.0,7.0,12.0,0.0,0.0,0.0,0.0,0.0,0.0,0.0,0.0,0.0,0.0,0.0
112741280,71,0,self,218.0,4,1,6,0,0,0,0,0,0,0,0,1,0,0,0,0,0,0,0,25,8.0,12.0,2.0,2.0,13.0,12.0,0.0,0.0,0.0,0.0,0.0,0.0,0.0,0.0,0.0,0.0,0.0
112741280,71,1,opponent,220.0,4,1,6,0,0,0,0,0,0,0,0,0,0,0,0,0,0,0,0,23,7.0,12.0,2.0,3.0,11.0,12.0,0.0,0.0,0.0,0.0,0.0,0.0,0.0,0.0,0.0,0.0,0.0
112741280,72,0,self,218.0,0,1,6,0,0,0,0,0,0,0,0,1,0,0,0,0,0,0,0,25,8.0,12.0,2.0,2.0,13.0,12.0,0.0,0.0,0.0,0.0,0.0,0.0,0.0,0.0,0.0,0.0,0.0
112741280,72,1,opponent,220.0,0,1,6,0,0,0,0,0,0,0,0,0,0,0,0,0,0,0,0,23,7.0,12.0,2.0,3.0,11.0,12.0,0.0,0.0,0.0,0.0,0.0,0.0,0.0,0.0,0.0,0.0,0.0
112741280,95,0,self,175.0,5,1,15,0,0,0,0,0,0,0,1,2,0,0,0,0,0,0,0,19,7.0,12.0,2.0,2.0,7.0,12.0,0.0,0.0,0.0,0.0,0.0,0.0,0.0,0.0,0.0,0.0,0.0
112741280,95,1,opponent,273.0,5,1,11,0,0,0,0,0,0,0,1,1,0,0,0,0,0,0,0,19,7.0,12.0,2.0,3.0,7.0,12.0,0.0,0.0,0.0,0.0,0.0,0.0,0.0,0.0,0.0,0.0,0.0
112741280,119,0,self,487.0,4,1,20,0,0,0,0,0,0,0,1,1,0,0,0,0,0,0,0,19,7.0,12.0,2.0,3.0,7.0,12.0,0.0,0.0,0.0,0.0,0.0,0.0,0.0,0.0,0.0,0.0,0.0
112741280,119,1,opponent,680.0,4,1,16,0,0,0,0,0,0,0,1,0,0,0,0,0,0,0,0,19,7.0,12.0,2.0,4.0,7.0,12.0,0.0,0.0,0.0,0.0,0.0,0.0,0.0,0.0,0.0,0.0,0.0
112741280,143,0,self,604.0,4,1,21,0,0,0,0,0,0,0,1,1,0,0,0,0,0,0,0,15,3.0,12.0,2.0,3.0,3.0,12.0,0.0,0.0,4.0,0.0,0.0,0.0,0.0,0.0,0.0,0.0,0.0
112741280,143,1,opponent,797.0,4,1,16,0,0,0,0,0,0,0,2,0,0,0,0,0,0,0,0,15,3.0,12.0,2.0,4.0,3.0,12.0,0.0,0.0,4.0,0.0,0.0,0.0,0.0,0.0,0.0,0.0,0.0
112741280,144,0,self,604.0,0,1,21,0,0,0,0,0,0,0,1,1,0,0,0,0,0,0,0,27,3.0,12.0,2.0,3.0,3.0,12.0,12.0,0.0,4.0,0.0,0.0,0.0,0.0,0.0,0.0,0.0,0.0
112741280,144,1,opponent,797.0,0,1,16,0,0,0,0,0,0,0,2,0,0,0,0,0,0,0,0,27,3.0,12.0,2.0,4.0,3.0,12.0,12.0,0.0,4.0,0.0,0.0,0.0,0.0,0.0,0.0,0.0,0.0
112741280,167,0,self,754.0,7,2,19,0,0,0,0,0,0,0,1,1,0,0,0,0,0,0,0,30,6.0,12.0,2.0,5.0,7.0,23.0,0.0,0.0,12.0,0.0,0.0,0.0,0.0,0.0,0.0,0.0,0.0
112741280,167,1,opponent,1127.0,7,2,13,0,0,0,0,0,0,0,1,0,0,0,0,0,0,0,0,30,6.0,12.0,2.0,6.0,7.0,23.0,0.0,0.0,12.0,0.0,0.0,0.0,0.0,0.0,0.0,0.0,0.0
112741280,191,0,self,29.0,7,2,17,0,0,0,0,0,0,0,1,1,0,0,0,0,0,0,0,45,9.0,12.0,2.0,7.0,9.0,36.0,0.0,0.0,16.0,0.0,0.0,0.0,0.0,0.0,0.0,0.0,0.0
112741280,191,1,opponent,488.0,7,2,10,0,0,0,0,0,0,0,1,0,0,0,0,0,0,0,0,45,9.0,12.0,2.0,8.0,9.0,36.0,0.0,0.0,16.0,0.0,0.0,0.0,0.0,0.0,0.0,0.0,0.0
112741280,192,0,self,29.0,0,2,17,0,0,0,0,0,0,0,1,1,0,0,0,0,0,0,0,57,9.0,12.0,2.0,7.0,9.0,36.0,0.0,12.0,16.0,0.0,0.0,0.0,0.0,0.0,0.0,0.0,0.0
112741280,192,1,opponent,488.0,0,2,10,0,0,0,0,0,0,0,1,0,0,0,0,0,0,0,0,57,9.0,12.0,2.0,8.0,9.0,36.0,0.0,12.0,16.0,0.0,0.0,0.0,0.0,0.0,0.0,0.0,0.0
112741280,215,0,self,851.0,8,2,36,0,0,0,0,0,0,0,2,1,0,0,0,0,0,0,0,52,5.0,12.0,4.0,7.0,5.0,47.0,0.0,0.0,20.0,0.0,0.0,0.0,0.0,0.0,0.0,0.0,0.0
112741280,215,1,opponent,1276.0,8,2,29,0,0,0,0,0,0,0,3,0,0,0,0,0,0,0,0,52,5.0,12.0,4.0,8.0,5.0,47.0,0.0,0.0,20.0,0.0,0.0,0.0,0.0,0.0,0.0,0.0,0.0
112741280,239,0,self,1741.0,8,2,45,0,0,0,0,0,0,0,0,1,1,0,0,0,0,0,0,64,5.0,12.0,5.0,7.0,5.0,59.0,0.0,0.0,20.0,0.0,0.0,0.0,0.0,0.0,0.0,0.0,0.0
112741280,239,1,opponent,2248.0,8,2,37,0,0,0,0,0,0,0,1,0,1,0,0,0,0,0,0,64,5.0,12.0,5.0,8.0,5.0,59.0,0.0,0.0,20.0,0.0,0.0,0.0,0.0,0.0,0.0,0.0,0.0
112741280,240,0,self,1741.0,0,2,45,0,0,0,0,0,0,0,0,1,1,0,0,0,0,0,0,71,5.0,12.0,5.0,7.0,5.0,60.0,0.0,6.0,20.0,0.0,0.0,0.0,0.0,0.0,0.0,0.0,0.0
112741280,240,1,opponent,2248.0,0,2,37,0,0,0,0,0,0,0,1,0,1,0,0,0,0,0,0,77,5.0,12.0,5.0,8.0,5.0,60.0,0.0,12.0,20.0,0.0,0.0,0.0,0.0,0.0,0.0,0.0,0.0
112741280,263,0,self,14074.0,11,2,43,0,0,0,12,0,0,0,10,1,0,0,0,0,0,0,0,13,12.0,0.0,8.0,7.0,13.0,0.0,0.0,0.0,20.0,0.0,0.0,0.0,0.0,0.0,0.0,0.0,0.0
112741280,263,1,opponent,15353.0,11,2,42,0,0,0,12,0,0,0,11,0,0,0,0,0,0,0,0,13,12.0,0.0,8.0,8.0,13.0,0.0,0.0,0.0,20.0,0.0,0.0,0.0,0.0,0.0,0.0,0.0,0.0
112741280,287,0,self,13000.0,10,3,39,0,0,0,0,0,0,0,14,1,0,0,0,0,0,0,0,24,21.0,0.0,9.0,7.0,24.0,0.0,0.0,0.0,33.0,0.0,0.0,0.0,0.0,0.0,0.0,0.0,0.0
112741280,287,1,opponent,14351.0,10,3,37,0,0,0,0,0,0,0,15,0,0,0,0,0,0,0,0,24,21.0,0.0,9.0,8.0,24.0,0.0,0.0,0.0,33.0,0.0,0.0,0.0,0.0,0.0,0.0,0.0,0.0
112741280,288,0,self,13000.0,0,3,41,0,0,0,0,0,0,0,15,1,0,0,0,0,0,0,0,36,20.0,0.0,9.0,7.0,22.0,0.0,8.0,6.0,33.0,0.0,0.0,0.0,0.0,0.0,0.0,0.0,0.0
112741280,288,1,opponent,14351.0,0,3,39,0,0,0,0,0,0,0,16,0,0,0,0,0,0,0,0,39,20.0,0.0,9.0,8.0,22.0,0.0,8.0,9.0,33.0,0.0,0.0,0.0,0.0,0.0,0.0,0.0,0.0
112741280,311,0,self,17133.0,9,3,17,0,0,0,0,0,0,0,16,1,0,0,0,0,0,0,0,27,24.0,0.0,9.0,7.0,27.0,0.0,0.0,0.0,33.0,0.0,0.0,0.0,0.0,0.0,0.0,0.0,0.0
112741280,311,1,opponent,18626.0,9,3,14,0,0,0,0,0,0,0,17,0,0,0,0,0,0,0,0,30,24.0,0.0,9.0,8.0,27.0,0.0,0.0,3.0,33.0,0.0,0.0,0.0,0.0,0.0,0.0,0.0,0.0
112741280,335,0,self,18429.0,9,3,17,0,0,0,0,0,0,0,13,1,0,0,0,0,0,0,0,32,24.0,0.0,9.0,7.0,32.0,0.0,0.0,0.0,33.0,0.0,0.0,0.0,0.0,0.0,0.0,0.0,0.0
112741280,335,1,opponent,20284.0,9,3,16,0,0,0,0,0,0,0,14,0,0,0,0,0,0,0,0,32,24.0,0.0,9.0,8.0,32.0,0.0,0.0,0.0,33.0,0.0,0.0,0.0,0.0,0.0,0.0,0.0,0.0
112741280,359,0,self,22841.0,9,3,22,0,0,0,0,3,0,0,19,1,0,0,0,0,0,0,0,38,24.0,0.0,9.0,7.0,38.0,0.0,0.0,0.0,33.0,0.0,0.0,0.0,0.0,0.0,0.0,0.0,0.0
112741280,359,1,opponent,24656.0,9,3,21,0,0,0,0,6,0,0,20,0,0,0,0,0,0,0,0,38,24.0,0.0,9.0,8.0,38.0,0.0,0.0,0.0,33.0,0.0,0.0,0.0,0.0,0.0,0.0,0.0,0.0
112741280,360,0,self,23233.0,0,3,22,0,0,0,0,3,0,0,14,1,0,0,0,0,0,0,0,76,24.0,0.0,9.0,7.0,40.0,0.0,14.0,15.0,33.0,7.0,0.0,0.0,0.0,0.0,0.0,0.0,0.0
112741280,360,1,opponent,25048.0,0,3,21,0,0,0,0,6,0,0,15,0,0,0,0,0,0,0,0,77,24.0,0.0,9.0,8.0,40.0,0.0,14.0,15.0,33.0,8.0,0.0,0.0,0.0,0.0,0.0,0.0,0.0
112741280,383,0,self,26272.0,10,3,24,0,0,0,0,0,14,0,10,1,0,0,1,0,0,0,0,38,24.0,0.0,9.0,7.0,38.0,0.0,0.0,0.0,33.0,0.0,0.0,0.0,0.0,0.0,0.0,0.0,0.0
112741280,383,1,opponent,28499.0,10,3,23,0,0,0,0,0,14,0,11,0,0,0,1,0,0,0,0,38,24.0,0.0,9.0,8.0,38.0,0.0,0.0,0.0,33.0,0.0,0.0,0.0,0.0,0.0,0.0,0.0,0.0
112741280,407,0,self,34167.0,11,3,33,0,0,0,0,0,11,0,9,1,0,0,1,0,0,0,0,36,25.0,0.0,9.0,7.0,36.0,0.0,0.0,0.0,33.0,0.0,0.0,0.0,0.0,0.0,0.0,0.0,0.0
112741280,407,1,opponent,36620.0,11,3,31,0,0,0,0,3,11,0,11,0,0,0,1,0,0,0,0,36,25.0,0.0,9.0,8.0,36.0,0.0,0.0,0.0,33.0,0.0,0.0,0.0,0.0,0.0,0.0,0.0,0.0
112741280,431,0,self,40533.0,11,3,36,0,0,0,0,7,8,0,14,1,0,0,1,0,0,0,0,36,25.0,0.0,9.0,7.0,36.0,0.0,0.0,0.0,33.0,0.0,0.0,0.0,0.0,0.0,0.0,0.0,0.0
112741280,431,1,opponent,42966.0,11,3,33,0,0,0,0,7,9,0,15,0,0,0,1,0,0,0,0,36,25.0,0.0,9.0,8.0,36.0,0.0,0.0,0.0,33.0,0.0,0.0,0.0,0.0,0.0,0.0,0.0,0.0
112741280,432,0,self,41373.0,0,3,36,0,0,0,0,7,2,0,15,1,0,0,1,0,0,0,0,86,25.0,0.0,9.0,7.0,38.0,0.0,12.0,12.0,33.0,24.0,0.0,0.0,0.0,0.0,0.0,0.0,0.0
112741280,432,1,opponent,43806.0,0,3,33,0,0,0,0,7,3,0,16,0,0,0,1,0,0,0,0,89,25.0,0.0,9.0,8.0,38.0,0.0,12.0,15.0,33.0,24.0,0.0,0.0,0.0,0.0,0.0,0.0,0.0
112741280,455,0,self,45706.0,11,3,36,0,0,6,0,3,4,0,12,1,0,0,1,0,0,0,0,47,25.0,0.0,9.0,7.0,38.0,0.0,4.0,3.0,33.0,2.0,0.0,0.0,0.0,0.0,0.0,0.0,0.0
112741280,455,1,opponent,48264.0,11,3,33,0,0,6,0,6,4,0,14,0,0,0,1,0,0,0,0,47,25.0,0.0,9.0,8.0,38.0,0.0,4.0,3.0,33.0,2.0,0.0,0.0,0.0,0.0,0.0,0.0,0.0
112741280,479,0,self,49460.0,10,3,39,0,0,6,0,4,16,0,12,1,0,0,1,0,0,0,0,40,25.0,0.0,9.0,7.0,40.0,0.0,0.0,0.0,33.0,0.0,0.0,0.0,0.0,0.0,0.0,0.0,0.0
112741280,479,1,opponent,52390.0,10,3,35,0,0,6,0,4,12,0,14,0,0,0,1,0,0,0,0,40,25.0,0.0,9.0,8.0,40.0,0.0,0.0,0.0,33.0,0.0,0.0,0.0,0.0,0.0,0.0,0.0,0.0
112741280,480,0,self,49460.0,0,3,39,0,0,6,0,4,16,0,12,1,0,0,1,0,0,0,0,86,25.0,0.0,9.0,7.0,43.0,0.0,12.0,8.0,33.0,23.0,0.0,0.0,0.0,0.0,0.0,0.0,0.0
112741280,480,1,opponent,52390.0,0,3,35,0,0,6,0,4,12,0,14,0,0,0,1,0,0,0,0,89,25.0,0.0,9.0,8.0,43.0,0.0,12.0,10.0,33.0,24.0,0.0,0.0,0.0,0.0,0.0,0.0,0.0
112741280,503,0,self,53019.0,11,3,44,0,0,4,0,2,15,0,12,1,0,0,1,0,0,0,0,49,25.0,0.0,9.0,7.0,43.0,0.0,4.0,2.0,33.0,0.0,0.0,0.0,0.0,0.0,0.0,0.0,0.0
112741280,503,1,opponent,56773.0,11,3,40,0,0,4,0,4,8,0,12,0,0,0,1,0,0,0,0,49,25.0,0.0,9.0,8.0,43.0,0.0,4.0,2.0,33.0,0.0,0.0,0.0,0.0,0.0,0.0,0.0,0.0
112741280,527,0,self,54975.0,11,3,48,0,0,12,0,6,0,0,16,1,0,0,1,0,0,0,0,64,30.0,0.0,9.0,7.0,48.0,0.0,12.0,2.0,28.0,2.0,0.0,0.0,0.0,0.0,0.0,0.0,0.0
112741280,527,1,opponent,59318.0,11,3,43,0,0,12,0,6,0,0,17,0,0,0,1,0,0,0,0,64,30.0,0.0,9.0,8.0,48.0,0.0,12.0,2.0,28.0,2.0,0.0,0.0,0.0,0.0,0.0,0.0,0.0
112741280,551,0,self,56283.0,11,3,45,0,0,9,0,4,8,0,12,1,0,0,1,0,0,0,0,60,31.0,0.0,9.0,7.0,48.0,0.0,8.0,2.0,27.0,2.0,0.0,0.0,0.0,0.0,0.0,0.0,0.0
112741280,551,1,opponent,60698.0,11,3,40,0,0,9,0,6,8,0,13,0,0,0,1,0,0,0,0,60,31.0,0.0,9.0,8.0,48.0,0.0,8.0,2.0,27.0,2.0,0.0,0.0,0.0,0.0,0.0,0.0,0.0
112741280,575,0,self,57643.0,11,3,40,0,0,17,0,4,10,0,16,1,0,0,1,0,0,0,0,72,38.0,0.0,9.0,7.0,63.0,0.0,0.0,4.0,20.0,5.0,0.0,0.0,0.0,0.0,0.0,0.0,0.0
112741280,575,1,opponent,61756.0,11,3,35,0,0,17,0,4,10,0,17,0,0,0,1,0,0,0,0,72,38.0,0.0,9.0,8.0,63.0,0.0,0.0,4.0,20.0,5.0,0.0,0.0,0.0,0.0,0.0,0.0,0.0
112741280,576,0,self,57643.0,0,3,40,0,0,22,0,6,10,0,16,1,0,0,1,0,0,0,0,91,38.0,0.0,9.0,7.0,68.0,0.0,7.0,11.0,20.0,5.0,0.0,0.0,0.0,0.0,0.0,0.0,0.0
112741280,576,1,opponent,61756.0,0,3,35,0,0,22,0,6,10,0,17,0,0,0,1,0,0,0,0,93,38.0,0.0,9.0,8.0,68.0,0.0,7.0,13.0,20.0,5.0,0.0,0.0,0.0,0.0,0.0,0.0,0.0
112741280,599,0,self,58857.0,11,3,46,0,0,5,0,11,8,0,15,1,0,0,1,0,0,0,0,67,37.0,0.0,9.0,7.0,63.0,0.0,0.0,0.0,17.0,0.0,0.0,0.0,4.0,4.0,0.0,0.0,0.0
112741280,599,1,opponent,62938.0,11,3,44,0,0,5,0,13,3,0,17,0,0,0,1,0,0,0,0,67,37.0,0.0,9.0,8.0,63.0,0.0,0.0,0.0,17.0,0.0,0.0,0.0,4.0,4.0,0.0,0.0,0.0
112741280,623,0,self,60704.0,11,3,50,0,0,21,0,6,9,0,14,1,0,0,1,0,0,0,0,80,27.0,0.0,9.0,7.0,60.0,0.0,0.0,2.0,13.0,0.0,0.0,0.0,18.0,18.0,0.0,0.0,0.0
112741280,623,1,opponent,64625.0,11,3,49,0,0,21,0,6,9,0,15,0,0,0,1,0,0,0,0,80,27.0,0.0,9.0,8.0,60.0,0.0,0.0,2.0,13.0,0.0,0.0,0.0,18.0,18.0,0.0,0.0,0.0
112741280,647,0,self,63128.0,11,3,54,0,0,0,0,6,13,0,15,1,0,0,1,0,0,0,0,80,16.0,0.0,9.0,7.0,44.0,0.0,0.0,5.0,13.0,0.0,0.0,0.0,29.0,31.0,0.0,0.0,0.0
112741280,647,1,opponent,66814.0,11,3,53,0,0,0,0,9,9,0,16,0,0,0,1,0,0,0,0,80,16.0,0.0,9.0,8.0,44.0,0.0,0.0,5.0,13.0,0.0,0.0,0.0,29.0,31.0,0.0,0.0,0.0
112741280,648,0,self,63336.0,0,3,54,0,0,0,0,6,9,0,16,1,0,0,1,0,0,0,0,131,16.0,0.0,9.0,7.0,48.0,0.0,8.0,14.0,13.0,26.0,0.0,0.0,29.0,35.0,0.0,0.0,0.0
112741280,648,1,opponent,66814.0,0,3,53,0,0,0,0,9,9,0,17,0,0,0,1,0,0,0,0,131,16.0,0.0,9.0,8.0,48.0,0.0,8.0,14.0,13.0,26.0,0.0,0.0,29.0,35.0,0.0,0.0,0.0
112741280,671,0,self,65713.0,11,3,38,15,0,20,0,5,8,0,5,1,0,0,1,0,0,0,0,80,18.0,0.0,9.0,7.0,39.0,0.0,0.0,3.0,4.0,0.0,0.0,0.0,26.0,38.0,0.0,0.0,0.0
112741280,671,1,opponent,69349.0,11,3,36,15,0,20,0,5,8,0,6,0,0,0,1,0,0,0,0,80,18.0,0.0,9.0,8.0,39.0,0.0,0.0,3.0,4.0,0.0,0.0,0.0,26.0,38.0,0.0,0.0,0.0
112741280,695,0,self,68484.0,11,3,48,34,0,0,0,0,0,0,8,1,0,0,1,0,0,0,0,51,10.0,0.0,9.0,7.0,12.0,0.0,0.0,9.0,0.0,0.0,0.0,0.0,13.0,30.0,0.0,0.0,0.0
112741280,695,1,opponent,71916.0,11,3,48,34,0,0,0,1,0,0,8,0,0,0,1,0,0,0,0,51,10.0,0.0,9.0,8.0,12.0,0.0,0.0,9.0,0.0,0.0,0.0,0.0,13.0,30.0,0.0,0.0,0.0
112741280,696,0,self,68821.0,0,3,42,37,0,0,0,0,0,0,6,1,0,0,1,0,0,0,0,65,9.0,0.0,9.0,7.0,11.0,0.0,9.0,18.0,0.0,0.0,0.0,0.0,12.0,27.0,0.0,0.0,0.0
112741280,696,1,opponent,72253.0,0,3,42,37,0,0,0,1,0,0,6,0,0,0,1,0,0,0,0,65,9.0,0.0,9.0,8.0,11.0,0.0,9.0,18.0,0.0,0.0,0.0,0.0,12.0,27.0,0.0,0.0,0.0
112741280,719,0,self,73419.0,11,3,0,0,0,0,0,0,0,0,0,1,0,0,1,0,0,0,0,0,0.0,0.0,9.0,7.0,0.0,0.0,0.0,0.0,0.0,0.0,0.0,0.0,0.0,0.0,0.0,0.0,0.0
112741280,719,1,opponent,76879.0,11,3,0,0,0,0,0,0,0,0,0,0,0,0,1,0,0,0,0,0,0.0,0.0,9.0,8.0,0.0,0.0,0.0,0.0,0.0,0.0,0.0,0.0,0.0,0.0,0.0,0.0,0.0
112742461,0,0,opponent,3000.0,0,1,0,0,0,0,0,0,0,0,0,0,0,0,0,0,0,0,0,0,0.0,0.0,0.0,0.0,0.0,0.0,0.0,0.0,0.0,0.0,0.0,0.0,0.0,0.0,0.0,0.0,0.0
112742461,0,1,self,3000.0,0,1,0,0,0,0,0,0,0,0,0,0,0,0,0,0,0,0,0,0,0.0,0.0,0.0,0.0,0.0,0.0,0.0,0.0,0.0,0.0,0.0,0.0,0.0,0.0,0.0,0.0,0.0
112742461,23,0,opponent,8.0,5,1,3,0,0,0,0,0,0,0,0,0,0,0,0,0,0,0,0,20,8.0,12.0,2.0,2.0,8.0,12.0,0.0,0.0,0.0,0.0,0.0,0.0,0.0,0.0,0.0,0.0,0.0
112742461,23,1,self,16.0,5,1,3,0,0,0,0,0,0,0,0,0,0,0,0,0,0,0,0,20,8.0,12.0,2.0,2.0,8.0,12.0,0.0,0.0,0.0,0.0,0.0,0.0,0.0,0.0,0.0,0.0,0.0
112742461,24,0,opponent,8.0,0,1,3,0,0,0,0,0,0,0,0,0,0,0,0,0,0,0,0,20,8.0,12.0,2.0,2.0,8.0,12.0,0.0,0.0,0.0,0.0,0.0,0.0,0.0,0.0,0.0,0.0,0.0
112742461,24,1,self,16.0,0,1,3,0,0,0,0,0,0,0,0,0,0,0,0,0,0,0,0,20,8.0,12.0,2.0,2.0,8.0,12.0,0.0,0.0,0.0,0.0,0.0,0.0,0.0,0.0,0.0,0.0,0.0
112742461,47,0,opponent,97.0,3,1,6,0,0,0,0,0,0,0,1,0,0,0,0,0,0,0,0,20,8.0,12.0,2.0,2.0,8.0,12.0,0.0,0.0,0.0,0.0,0.0,0.0,0.0,0.0,0.0,0.0,0.0
112742461,47,1,self,105.0,3,1,6,0,0,0,0,0,0,0,1,0,0,0,0,0,0,0,0,20,8.0,12.0,2.0,2.0,8.0,12.0,0.0,0.0,0.0,0.0,0.0,0.0,0.0,0.0,0.0,0.0,0.0
112742461,71,0,opponent,210.0,4,1,6,0,0,0,0,0,0,0,0,0,0,0,0,0,0,0,0,25,8.0,12.0,2.0,3.0,13.0,12.0,0.0,0.0,0.0,0.0,0.0,0.0,0.0,0.0,0.0,0.0,0.0
112742461,71,1,self,218.0,4,1,6,0,0,0,0,0,0,0,0,0,0,0,0,0,0,0,0,25,8.0,12.0,2.0,3.0,13.0,12.0,0.0,0.0,0.0,0.0,0.0,0.0,0.0,0.0,0.0,0.0,0.0
112742461,72,0,opponent,210.0,0,1,6,0,0,0,0,0,0,0,0,0,0,0,0,0,0,0,0,25,8.0,12.0,2.0,3.0,13.0,12.0,0.0,0.0,0.0,0.0,0.0,0.0,0.0,0.0,0.0,0.0,0.0
112742461,72,1,self,218.0,0,1,6,0,0,0,0,0,0,0,0,0,0,0,0,0,0,0,0,25,8.0,12.0,2.0,3.0,13.0,12.0,0.0,0.0,0.0,0.0,0.0,0.0,0.0,0.0,0.0,0.0,0.0
112742461,95,0,opponent,348.0,5,1,11,0,0,0,0,0,0,0,1,1,0,0,0,0,0,0,0,19,7.0,12.0,2.0,3.0,7.0,12.0,0.0,0.0,0.0,0.0,0.0,0.0,0.0,0.0,0.0,0.0,0.0
112742461,95,1,self,269.0,5,1,14,0,0,0,0,0,0,0,1,1,0,0,0,0,0,0,0,19,7.0,12.0,2.0,3.0,7.0,12.0,0.0,0.0,0.0,0.0,0.0,0.0,0.0,0.0,0.0,0.0,0.0
112742461,119,0,opponent,759.0,4,1,16,0,0,0,0,0,0,0,1,0,0,0,0,0,0,0,0,19,7.0,12.0,2.0,4.0,7.0,12.0,0.0,0.0,0.0,0.0,0.0,0.0,0.0,0.0,0.0,0.0,0.0
112742461,119,1,self,680.0,4,1,19,0,0,0,0,0,0,0,1,0,0,0,0,0,0,0,0,19,7.0,12.0,2.0,4.0,7.0,12.0,0.0,0.0,0.0,0.0,0.0,0.0,0.0,0.0,0.0,0.0,0.0
112742461,143,0,opponent,872.0,4,1,16,0,0,0,0,0,0,0,2,0,0,0,0,0,0,0,0,15,3.0,12.0,2.0,4.0,3.0,12.0,0.0,0.0,4.0,0.0,0.0,0.0,0.0,0.0,0.0,0.0,0.0
112742461,143,1,self,793.0,4,1,19,0,0,0,0,0,0,0,2,0,0,0,0,0,0,0,0,15,3.0,12.0,2.0,4.0,3.0,12.0,0.0,0.0,4.0,0.0,0.0,0.0,0.0,0.0,0.0,0.0,0.0
112742461,144,0,opponent,872.0,0,1,16,0,0,0,0,0,0,0,2,0,0,0,0,0,0,0,0,27,3.0,12.0,2.0,4.0,3.0,12.0,12.0,0.0,4.0,0.0,0.0,0.0,0.0,0.0,0.0,0.0,0.0
112742461,144,1,self,793.0,0,1,19,0,0,0,0,0,0,0,2,0,0,0,0,0,0,0,0,27,3.0,12.0,2.0,4.0,3.0,12.0,12.0,0.0,4.0,0.0,0.0,0.0,0.0,0.0,0.0,0.0,0.0
112742461,167,0,opponent,1477.0,8,2,8,0,0,0,0,0,0,0,2,0,0,0,0,0,0,0,0,29,5.0,12.0,4.0,4.0,5.0,24.0,0.0,0.0,12.0,0.0,0.0,0.0,0.0,0.0,0.0,0.0,0.0
112742461,167,1,self,1188.0,8,2,11,0,0,0,0,0,0,0,2,0,0,0,1,8,0,0,0,29,1.0,12.0,4.0,4.0,1.0,24.0,0.0,0.0,12.0,0.0,0.0,0.0,4.0,4.0,0.0,0.0,0.0
112742461,191,0,opponent,765.0,8,2,0,0,0,0,0,0,0,0,3,0,0,0,0,0,0,0,0,45,9.0,12.0,4.0,6.0,9.0,36.0,0.0,0.0,16.0,0.0,0.0,0.0,0.0,0.0,0.0,0.0,0.0
112742461,191,1,self,514.0,8,2,2,0,0,0,0,0,0,0,3,0,0,0,0,8,0,0,0,45,5.0,12.0,4.0,6.0,5.0,36.0,0.0,0.0,16.0,0.0,0.0,0.0,4.0,4.0,0.0,0.0,0.0
112742461,192,0,opponent,533.0,0,2,8,0,0,0,0,0,0,0,3,0,0,0,0,0,0,0,0,57,9.0,12.0,4.0,6.0,9.0,36.0,0.0,12.0,16.0,0.0,0.0,0.0,0.0,0.0,0.0,0.0,0.0
112742461,192,1,self,282.0,0,2,10,0,0,0,0,0,0,0,3,0,0,0,0,8,0,0,0,57,5.0,12.0,4.0,6.0,5.0,36.0,0.0,12.0,16.0,0.0,0.0,0.0,4.0,4.0,0.0,0.0,0.0
112742461,215,0,opponent,1538.0,9,2,15,0,0,0,0,0,0,0,3,0,0,0,0,0,0,0,0,53,5.0,12.0,6.0,6.0,5.0,48.0,0.0,0.0,20.0,0.0,0.0,0.0,0.0,0.0,0.0,0.0,0.0
112742461,215,1,self,1349.0,9,2,7,8,0,0,0,0,0,0,3,0,0,0,0,8,0,0,0,53,5.0,12.0,6.0,6.0,5.0,48.0,0.0,0.0,20.0,0.0,0.0,0.0,0.0,0.0,0.0,0.0,0.0
112742461,239,0,opponent,3923.0,9,2,9,0,0,0,0,0,0,0,1,0,0,0,0,0,0,0,0,63,5.0,12.0,7.0,6.0,5.0,58.0,0.0,0.0,20.0,0.0,0.0,0.0,0.0,0.0,0.0,0.0,0.0
112742461,239,1,self,3819.0,9,2,8,0,0,0,0,0,0,0,1,0,0,0,0,8,0,0,0,63,5.0,12.0,7.0,6.0,5.0,58.0,0.0,0.0,20.0,0.0,0.0,0.0,0.0,0.0,0.0,0.0,0.0
112742461,240,0,opponent,3923.0,0,2,9,0,0,0,0,0,0,0,1,0,0,0,0,0,0,0,0,76,5.0,12.0,7.0,6.0,5.0,60.0,0.0,11.0,20.0,0.0,0.0,0.0,0.0,0.0,0.0,0.0,0.0
112742461,240,1,self,3819.0,0,2,8,0,0,0,0,0,0,0,1,0,0,0,0,8,0,0,0,76,5.0,12.0,7.0,6.0,5.0,60.0,0.0,11.0,20.0,0.0,0.0,0.0,0.0,0.0,0.0,0.0,0.0
112742461,263,0,opponent,16121.0,11,2,0,0,0,0,12,0,0,0,12,0,0,0,0,0,0,0,0,12,12.0,0.0,10.0,6.0,12.0,0.0,0.0,0.0,20.0,0.0,0.0,0.0,0.0,0.0,0.0,0.0,0.0
112742461,263,1,self,15985.0,11,2,0,0,0,0,12,0,0,0,12,0,0,0,0,8,0,0,0,12,12.0,0.0,10.0,6.0,12.0,0.0,0.0,0.0,20.0,0.0,0.0,0.0,0.0,0.0,0.0,0.0,0.0
112742461,287,0,opponent,13976.0,11,3,12,0,0,0,0,0,0,0,16,0,0,0,0,0,0,0,0,22,20.0,0.0,11.0,6.0,22.0,0.0,0.0,0.0,33.0,0.0,0.0,0.0,0.0,0.0,0.0,0.0,0.0
112742461,287,1,self,13840.0,11,3,12,0,0,0,0,0,0,0,16,0,0,0,0,8,0,0,0,22,20.0,0.0,11.0,6.0,22.0,0.0,0.0,0.0,33.0,0.0,0.0,0.0,0.0,0.0,0.0,0.0,0.0
112742461,288,0,opponent,13796.0,0,3,17,0,0,0,0,0,0,0,17,0,0,0,0,0,0,0,0,51,20.0,0.0,11.0,6.0,22.0,0.0,20.0,9.0,33.0,0.0,0.0,0.0,0.0,0.0,1.0,0.0,0.0
112742461,288,1,self,13660.0,0,3,17,0,0,0,0,0,0,0,17,0,0,0,0,8,0,0,0,51,20.0,0.0,11.0,6.0,22.0,0.0,20.0,9.0,33.0,0.0,0.0,0.0,0.0,0.0,0.0,0.0,0.0
112742461,311,0,opponent,18492.0,9,3,15,0,0,0,0,3,4,0,18,0,0,0,1,0,0,0,0,29,23.0,0.0,11.0,6.0,26.0,0.0,0.0,3.0,33.0,0.0,0.0,0.0,0.0,0.0,0.0,0.0,0.0
112742461,311,1,self,18363.0,9,3,15,0,0,0,0,3,4,0,18,0,0,0,0,8,0,0,0,30,24.0,0.0,11.0,6.0,27.0,0.0,0.0,3.0,33.0,0.0,0.0,0.0,0.0,0.0,0.0,0.0,0.0
112742461,335,0,opponent,19812.0,10,3,32,0,0,0,0,0,0,0,22,0,0,0,1,0,0,0,0,32,23.0,0.0,11.0,6.0,32.0,0.0,0.0,0.0,33.0,0.0,0.0,0.0,0.0,0.0,0.0,0.0,0.0
112742461,335,1,self,19683.0,10,3,32,0,0,0,0,0,0,0,22,0,0,0,0,8,0,0,0,33,24.0,0.0,11.0,6.0,33.0,0.0,0.0,0.0,33.0,0.0,0.0,0.0,0.0,0.0,0.0,0.0,0.0
112742461,359,0,opponent,23196.0,10,3,39,0,0,0,0,3,1,0,18,0,0,0,1,0,0,0,0,33,23.0,0.0,11.0,6.0,33.0,0.0,0.0,0.0,33.0,0.0,0.0,0.0,0.0,0.0,0.0,0.0,0.0
112742461,359,1,self,23067.0,10,3,39,0,0,0,0,3,1,0,18,0,0,0,0,8,0,0,0,35,24.0,0.0,11.0,6.0,35.0,0.0,0.0,0.0,33.0,0.0,0.0,0.0,0.0,0.0,0.0,0.0,0.0
112742461,360,0,opponent,22929.0,0,3,39,0,0,0,0,3,1,0,22,0,0,0,1,0,0,0,0,80,23.0,0.0,11.0,6.0,36.0,0.0,22.0,14.0,33.0,8.0,0.0,0.0,0.0,0.0,0.0,0.0,0.0
112742461,360,1,self,22800.0,0,3,39,0,0,0,0,3,1,0,22,0,0,0,0,8,0,0,0,82,24.0,0.0,11.0,6.0,38.0,0.0,22.0,14.0,33.0,8.0,0.0,0.0,0.0,0.0,0.0,0.0,0.0
112742461,383,0,opponent,28015.0,11,3,40,0,0,8,0,8,4,0,16,0,0,0,1,0,0,0,0,38,25.0,0.0,11.0,6.0,38.0,0.0,0.0,0.0,33.0,0.0,0.0,0.0,0.0,0.0,0.0,0.0,0.0
112742461,383,1,self,27886.0,11,3,43,0,0,8,0,8,4,0,16,0,0,0,0,8,0,0,0,38,25.0,0.0,11.0,6.0,38.0,0.0,0.0,0.0,33.0,0.0,0.0,0.0,0.0,0.0,0.0,0.0,0.0
112742461,407,0,opponent,35657.0,11,3,44,0,0,0,0,4,9,0,20,0,0,0,1,0,0,0,0,39,25.0,0.0,11.0,6.0,37.0,0.0,0.0,2.0,33.0,0.0,0.0,0.0,0.0,0.0,0.0,0.0,0.0
112742461,407,1,self,35678.0,11,3,45,0,0,0,0,4,9,0,20,0,0,0,0,8,0,0,0,39,25.0,0.0,11.0,6.0,37.0,0.0,0.0,2.0,33.0,0.0,0.0,0.0,0.0,0.0,0.0,0.0,0.0
112742461,431,0,opponent,41940.0,11,3,52,0,0,0,0,6,8,0,18,0,0,0,1,0,0,0,0,39,25.0,0.0,11.0,6.0,39.0,0.0,0.0,0.0,33.0,0.0,0.0,0.0,0.0,0.0,0.0,0.0,0.0
112742461,431,1,self,41991.0,11,3,52,0,0,0,0,6,8,0,18,0,0,0,0,8,0,0,0,39,24.0,0.0,11.0,6.0,38.0,0.0,0.0,0.0,33.0,0.0,0.0,0.0,1.0,1.0,0.0,0.0,0.0
112742461,432,0,opponent,43142.0,0,3,52,0,0,0,0,6,2,0,19,0,0,0,1,0,0,0,0,91,25.0,0.0,11.0,6.0,41.0,0.0,20.0,6.0,33.0,24.0,0.0,0.0,0.0,0.0,0.0,0.0,0.0
112742461,432,1,self,43193.0,0,3,52,0,0,0,0,6,2,0,19,0,0,0,0,8,0,0,0,91,24.0,0.0,11.0,6.0,40.0,0.0,20.0,6.0,33.0,24.0,0.0,0.0,1.0,1.0,0.0,0.0,0.0
112742461,455,0,opponent,47940.0,12,3,46,0,0,0,0,6,16,0,19,0,0,0,1,0,0,0,0,41,25.0,0.0,11.0,6.0,41.0,0.0,0.0,0.0,33.0,0.0,0.0,0.0,0.0,0.0,0.0,0.0,0.0
112742461,455,1,self,47981.0,12,3,46,0,0,0,0,6,16,0,19,0,0,0,0,8,0,0,0,41,23.0,0.0,11.0,6.0,39.0,0.0,0.0,0.0,33.0,0.0,0.0,0.0,2.0,2.0,0.0,0.0,0.0
112742461,479,0,opponent,51639.0,11,3,48,0,0,6,0,4,8,0,26,0,0,0,2,8,0,0,0,47,21.0,0.0,11.0,6.0,39.0,0.0,4.0,0.0,33.0,0.0,0.0,0.0,4.0,4.0,0.0,0.0,0.0
112742461,479,1,self,51840.0,11,3,48,0,0,6,0,4,8,0,26,0,0,0,1,8,0,0,0,47,19.0,0.0,11.0,6.0,36.0,0.0,4.0,0.0,33.0,0.0,0.0,0.0,6.0,7.0,0.0,0.0,0.0
112742461,480,0,opponent,51933.0,0,3,48,0,0,0,0,4,12,0,26,0,0,0,2,8,0,0,0,85,21.0,0.0,11.0,6.0,39.0,0.0,12.0,6.0,33.0,24.0,0.0,0.0,4.0,4.0,0.0,0.0,0.0
112742461,480,1,self,52134.0,0,3,48,0,0,0,0,4,12,0,26,0,0,0,1,8,0,0,0,85,19.0,0.0,11.0,6.0,36.0,0.0,12.0,6.0,33.0,24.0,0.0,0.0,6.0,7.0,0.0,0.0,0.0
112742461,503,0,opponent,55648.0,12,3,29,0,0,0,0,6,8,0,16,0,0,0,1,8,0,0,0,49,17.0,0.0,11.0,6.0,37.0,0.0,4.0,0.0,33.0,0.0,0.0,0.0,8.0,8.0,0.0,0.0,0.0
112742461,503,1,self,55880.0,12,3,26,3,0,0,0,6,8,0,16,0,0,0,0,8,0,0,0,49,16.0,0.0,11.0,6.0,35.0,0.0,4.0,0.0,33.0,0.0,0.0,0.0,9.0,10.0,0.0,0.0,0.0
112742461,527,0,opponent,58043.0,11,3,38,0,0,11,0,6,4,0,17,0,0,0,1,8,0,0,0,65,15.0,0.0,11.0,6.0,29.0,0.0,16.0,0.0,28.0,2.0,0.0,0.0,15.0,18.0,0.0,0.0,0.0
112742461,527,1,self,58443.0,11,3,35,0,0,11,0,6,4,0,17,0,0,0,0,8,0,0,0,65,14.0,0.0,11.0,6.0,26.0,0.0,16.0,0.0,28.0,2.0,0.0,0.0,16.0,21.0,0.0,0.0,0.0
112742461,551,0,opponent,62022.0,11,3,30,0,0,13,0,4,12,0,17,0,0,0,2,8,0,0,0,51,12.0,0.0,11.0,6.0,17.0,0.0,4.0,0.0,27.0,0.0,0.0,0.0,19.0,30.0,0.0,0.0,0.0
112742461,551,1,self,62504.0,11,3,26,0,0,13,0,4,12,0,17,0,0,0,1,8,0,0,0,51,12.0,0.0,11.0,6.0,17.0,0.0,4.0,0.0,27.0,0.0,0.0,0.0,19.0,30.0,0.0,0.0,0.0
112742461,575,0,opponent,65538.0,12,3,15,3,0,20,0,6,12,0,16,0,0,0,1,8,0,0,0,64,16.0,0.0,11.0,6.0,28.0,0.0,0.0,0.0,20.0,1.0,0.0,0.0,22.0,35.0,0.0,0.0,0.0
112742461,575,1,self,66154.0,12,3,11,3,0,20,0,6,12,0,16,0,0,0,0,8,0,0,0,64,24.0,0.0,11.0,6.0,36.0,0.0,0.0,0.0,20.0,1.0,0.0,0.0,14.0,27.0,0.0,0.0,0.0
112742461,576,0,opponent,64814.0,0,3,26,9,0,21,0,6,10,0,28,0,0,0,1,8,0,0,0,87,16.0,0.0,11.0,6.0,28.0,0.0,20.0,6.0,20.0,7.0,0.0,0.0,19.0,26.0,0.0,0.0,0.0
112742461,576,1,self,65392.0,0,3,24,9,0,21,0,6,12,0,28,0,0,0,0,8,0,0,0,87,24.0,0.0,11.0,6.0,36.0,0.0,20.0,6.0,20.0,7.0,0.0,0.0,11.0,18.0,0.0,0.0,0.0
112742461,599,0,opponent,68599.0,12,3,10,15,0,5,0,6,11,0,22,0,0,0,1,8,0,0,0,67,27.0,0.0,11.0,6.0,46.0,0.0,0.0,0.0,17.0,2.0,0.0,0.0,14.0,19.0,0.0,0.0,0.0
112742461,599,1,self,69357.0,12,3,10,15,0,5,0,6,11,0,22,0,0,0,0,8,0,0,0,66,35.0,0.0,11.0,6.0,53.0,0.0,0.0,0.0,17.0,2.0,0.0,0.0,6.0,11.0,0.0,0.0,0.0
112742461,623,0,opponent,72314.0,12,3,24,13,0,13,0,13,3,0,21,0,0,0,1,8,0,0,0,75,23.0,0.0,11.0,6.0,40.0,0.0,0.0,0.0,13.0,5.0,0.0,0.0,22.0,30.0,0.0,0.0,0.0
112742461,623,1,self,73083.0,12,3,24,12,0,13,0,13,3,0,21,0,0,0,0,8,0,0,0,75,31.0,0.0,11.0,6.0,56.0,0.0,0.0,0.0,13.0,5.0,0.0,0.0,14.0,14.0,0.0,0.0,0.0
112742461,647,0,opponent,75552.0,12,3,25,21,0,0,0,6,0,0,17,0,0,0,1,8,0,0,0,85,18.0,0.0,11.0,6.0,53.0,0.0,0.0,3.0,13.0,0.0,0.0,0.0,27.0,29.0,0.0,0.0,0.0
112742461,647,1,self,76256.0,12,3,48,0,0,0,0,6,0,0,18,0,0,0,0,8,0,0,0,86,19.0,0.0,11.0,6.0,57.0,0.0,0.0,3.0,13.0,0.0,0.0,0.0,26.0,26.0,0.0,0.0,0.0
112742461,648,0,opponent,74950.0,0,3,40,24,0,0,0,9,0,0,16,0,0,0,1,8,0,0,0,138,18.0,0.0,11.0,6.0,57.0,0.0,20.0,9.0,13.0,26.0,0.0,0.0,26.0,26.0,0.0,0.0,0.0
112742461,648,1,self,75654.0,0,3,63,0,0,0,0,9,0,0,17,0,0,0,0,8,0,0,0,142,19.0,0.0,11.0,6.0,61.0,0.0,20.0,9.0,13.0,26.0,0.0,0.0,26.0,26.0,0.0,0.0,0.0
112742461,671,0,opponent,78384.0,11,3,50,1,0,20,0,3,16,0,7,0,0,0,3,8,0,0,0,82,12.0,0.0,11.0,6.0,35.0,0.0,0.0,3.0,4.0,0.0,0.0,0.0,32.0,44.0,0.0,0.0,0.0
112742461,671,1,self,78457.0,11,3,64,1,0,20,0,3,16,0,7,0,0,0,4,0,0,0,0,80,9.0,0.0,11.0,6.0,32.0,0.0,0.0,3.0,4.0,0.0,0.0,0.0,35.0,45.0,0.0,0.0,0.0
112742461,695,0,opponent,82467.0,12,3,48,32,0,0,0,1,0,0,8,0,0,0,3,8,0,0,0,46,4.0,0.0,11.0,6.0,6.0,0.0,0.0,3.0,0.0,0.0,0.0,0.0,19.0,37.0,0.0,0.0,0.0
112742461,695,1,self,82931.0,12,3,48,32,0,0,0,1,0,0,8,0,0,0,4,0,0,0,0,46,1.0,0.0,11.0,6.0,3.0,0.0,0.0,3.0,0.0,0.0,0.0,0.0,22.0,40.0,0.0,0.0,0.0
112742461,696,0,opponent,82801.0,0,3,42,35,0,0,0,1,0,0,6,0,0,0,3,8,0,0,0,62,3.0,0.0,11.0,6.0,3.0,0.0,12.0,12.0,0.0,0.0,0.0,0.0,18.0,35.0,2.0,0.0,0.0
112742461,696,1,self,83265.0,0,3,42,35,0,0,0,1,0,0,6,0,0,0,4,0,0,0,0,62,0.0,0.0,11.0,6.0,0.0,0.0,12.0,12.0,0.0,0.0,0.0,0.0,21.0,38.0,0.0,0.0,0.0
112742461,719,0,opponent,90142.0,11,3,0,0,0,0,0,0,0,0,0,0,0,0,3,8,0,0,0,0,0.0,0.0,11.0,6.0,0.0,0.0,0.0,0.0,0.0,0.0,0.0,0.0,0.0,0.0,2.0,0.0,0.0
112742461,719,1,self,90698.0,11,3,0,0,0,0,0,0,0,0,0,0,0,0,4,0,0,0,0,0,0.0,0.0,11.0,6.0,0.0,0.0,0.0,0.0,0.0,0.0,0.0,0.0,0.0,0.0,0.0,0.0,0.0
112742491,0,0,self,3000.0,0,1,0,0,0,0,0,0,0,0,0,0,0,0,0,0,0,0,0,0,0.0,0.0,0.0,0.0,0.0,0.0,0.0,0.0,0.0,0.0,0.0,0.0,0.0,0.0,0.0,0.0,0.0
112742491,0,1,opponent,3000.0,0,1,0,0,0,0,0,0,0,0,0,0,0,0,0,0,0,0,0,0,0.0,0.0,0.0,0.0,0.0,0.0,0.0,0.0,0.0,0.0,0.0,0.0,0.0,0.0,0.0,0.0,0.0
112742491,23,0,self,16.0,5,1,3,0,0,0,0,0,0,0,0,0,0,0,0,0,0,0,0,20,8.0,12.0,2.0,2.0,8.0,12.0,0.0,0.0,0.0,0.0,0.0,0.0,0.0,0.0,0.0,0.0,0.0
112742491,23,1,opponent,18.0,5,1,3,0,0,0,0,0,0,0,0,0,0,0,0,0,0,0,0,19,7.0,12.0,2.0,2.0,7.0,12.0,0.0,0.0,0.0,0.0,0.0,0.0,0.0,0.0,0.0,0.0,0.0
112742491,24,0,self,16.0,0,1,3,0,0,0,0,0,0,0,0,0,0,0,0,0,0,0,0,20,8.0,12.0,2.0,2.0,8.0,12.0,0.0,0.0,0.0,0.0,0.0,0.0,0.0,0.0,0.0,0.0,0.0
112742491,24,1,opponent,18.0,0,1,3,0,0,0,0,0,0,0,0,0,0,0,0,0,0,0,0,19,7.0,12.0,2.0,2.0,7.0,12.0,0.0,0.0,0.0,0.0,0.0,0.0,0.0,0.0,0.0,0.0,0.0
112742491,47,0,self,105.0,3,1,6,0,0,0,0,0,0,0,1,0,0,0,0,0,0,0,0,20,8.0,12.0,2.0,2.0,8.0,12.0,0.0,0.0,0.0,0.0,0.0,0.0,0.0,0.0,0.0,0.0,0.0
112742491,47,1,opponent,107.0,3,1,6,0,0,0,0,0,0,0,1,0,0,0,0,0,0,0,0,19,7.0,12.0,2.0,2.0,7.0,12.0,0.0,0.0,0.0,0.0,0.0,0.0,0.0,0.0,0.0,0.0,0.0
112742491,71,0,self,218.0,4,1,6,0,0,0,0,0,0,0,0,0,0,0,0,0,0,0,0,25,8.0,12.0,2.0,3.0,13.0,12.0,0.0,0.0,0.0,0.0,0.0,0.0,0.0,0.0,0.0,0.0,0.0
112742491,71,1,opponent,220.0,4,1,6,0,0,0,0,0,0,0,0,0,0,0,0,0,0,0,0,23,7.0,12.0,2.0,3.0,11.0,12.0,0.0,0.0,0.0,0.0,0.0,0.0,0.0,0.0,0.0,0.0,0.0
112742491,72,0,self,218.0,0,1,6,0,0,0,0,0,0,0,0,0,0,0,0,0,0,0,0,25,8.0,12.0,2.0,3.0,13.0,12.0,0.0,0.0,0.0,0.0,0.0,0.0,0.0,0.0,0.0,0.0,0.0
112742491,72,1,opponent,220.0,0,1,6,0,0,0,0,0,0,0,0,0,0,0,0,0,0,0,0,23,7.0,12.0,2.0,3.0,11.0,12.0,0.0,0.0,0.0,0.0,0.0,0.0,0.0,0.0,0.0,0.0,0.0
112742491,95,0,self,271.0,5,1,14,0,0,0,0,0,0,0,1,1,0,0,0,0,0,0,0,19,7.0,12.0,2.0,3.0,7.0,12.0,0.0,0.0,0.0,0.0,0.0,0.0,0.0,0.0,0.0,0.0,0.0
112742491,95,1,opponent,273.0,5,1,11,0,0,0,0,0,0,0,1,1,0,0,0,0,0,0,0,19,7.0,12.0,2.0,3.0,7.0,12.0,0.0,0.0,0.0,0.0,0.0,0.0,0.0,0.0,0.0,0.0,0.0
112742491,119,0,self,676.0,4,1,19,0,0,0,0,0,0,0,1,0,0,0,0,0,0,0,0,19,7.0,12.0,2.0,4.0,7.0,12.0,0.0,0.0,0.0,0.0,0.0,0.0,0.0,0.0,0.0,0.0,0.0
112742491,119,1,opponent,678.0,4,1,16,0,0,0,0,0,0,0,1,0,0,0,0,0,0,0,0,19,7.0,12.0,2.0,4.0,7.0,12.0,0.0,0.0,0.0,0.0,0.0,0.0,0.0,0.0,0.0,0.0,0.0
112742491,143,0,self,791.0,4,1,19,0,0,0,0,0,0,0,2,0,0,0,0,0,0,0,0,15,3.0,12.0,2.0,4.0,3.0,12.0,0.0,0.0,4.0,0.0,0.0,0.0,0.0,0.0,0.0,0.0,0.0
112742491,143,1,opponent,793.0,4,1,16,0,0,0,0,0,0,0,2,0,0,0,0,0,0,0,0,15,3.0,12.0,2.0,4.0,3.0,12.0,0.0,0.0,4.0,0.0,0.0,0.0,0.0,0.0,0.0,0.0,0.0
112742491,144,0,self,791.0,0,1,19,0,0,0,0,0,0,0,2,0,0,0,0,0,0,0,0,27,3.0,12.0,2.0,4.0,3.0,12.0,12.0,0.0,4.0,0.0,0.0,0.0,0.0,0.0,0.0,0.0,0.0
112742491,144,1,opponent,793.0,0,1,16,0,0,0,0,0,0,0,2,0,0,0,0,0,0,0,0,27,3.0,12.0,2.0,4.0,3.0,12.0,12.0,0.0,4.0,0.0,0.0,0.0,0.0,0.0,0.0,0.0,0.0
112742491,167,0,self,741.0,7,2,16,0,0,0,0,0,2,0,1,0,0,0,0,0,0,0,0,30,6.0,12.0,2.0,6.0,7.0,23.0,0.0,0.0,12.0,0.0,0.0,0.0,0.0,0.0,0.0,0.0,0.0
112742491,167,1,opponent,740.0,7,2,13,0,0,0,0,0,2,0,1,0,0,0,0,0,0,0,0,30,6.0,12.0,2.0,6.0,7.0,23.0,0.0,0.0,12.0,0.0,0.0,0.0,0.0,0.0,0.0,0.0,0.0
112742491,191,0,self,538.0,7,2,11,0,0,0,0,0,0,0,1,0,0,0,1,0,0,0,0,44,8.0,12.0,2.0,8.0,8.0,36.0,0.0,0.0,16.0,0.0,0.0,0.0,0.0,0.0,0.0,0.0,0.0
112742491,191,1,opponent,537.0,7,2,8,0,0,0,0,0,0,0,1,0,0,0,1,0,0,0,0,44,8.0,12.0,2.0,8.0,8.0,36.0,0.0,0.0,16.0,0.0,0.0,0.0,0.0,0.0,0.0,0.0,0.0
112742491,192,0,self,538.0,0,2,11,0,0,0,0,0,0,0,1,0,0,0,0,0,0,0,0,57,9.0,12.0,2.0,8.0,9.0,36.0,0.0,12.0,16.0,0.0,0.0,0.0,0.0,0.0,0.0,0.0,0.0
112742491,192,1,opponent,537.0,0,2,8,0,0,0,0,0,0,0,1,0,0,0,0,0,0,0,0,57,9.0,12.0,2.0,8.0,9.0,36.0,0.0,12.0,16.0,0.0,0.0,0.0,0.0,0.0,0.0,0.0,0.0
112742491,215,0,self,1394.0,8,2,28,0,0,0,0,0,0,0,3,0,0,0,0,0,0,0,0,52,5.0,12.0,4.0,8.0,5.0,47.0,0.0,0.0,20.0,0.0,0.0,0.0,0.0,0.0,0.0,0.0,0.0
112742491,215,1,opponent,1393.0,8,2,25,0,0,0,0,0,0,0,3,0,0,0,0,0,0,0,0,52,5.0,12.0,4.0,8.0,5.0,47.0,0.0,0.0,20.0,0.0,0.0,0.0,0.0,0.0,0.0,0.0,0.0
112742491,239,0,self,2281.0,8,2,36,0,0,0,0,0,0,0,1,0,1,0,0,0,0,0,0,64,5.0,12.0,5.0,8.0,5.0,59.0,0.0,0.0,20.0,0.0,0.0,0.0,0.0,0.0,0.0,0.0,0.0
112742491,239,1,opponent,2280.0,8,2,33,0,0,0,0,0,0,0,1,0,1,0,0,0,0,0,0,64,5.0,12.0,5.0,8.0,5.0,59.0,0.0,0.0,20.0,0.0,0.0,0.0,0.0,0.0,0.0,0.0,0.0
112742491,240,0,self,2281.0,0,2,36,0,0,0,0,0,0,0,1,0,1,0,0,0,0,0,0,77,5.0,12.0,5.0,8.0,5.0,60.0,0.0,12.0,20.0,0.0,0.0,0.0,0.0,0.0,0.0,0.0,0.0
112742491,240,1,opponent,2280.0,0,2,33,0,0,0,0,0,0,0,1,0,1,0,0,0,0,0,0,77,5.0,12.0,5.0,8.0,5.0,60.0,0.0,12.0,20.0,0.0,0.0,0.0,0.0,0.0,0.0,0.0,0.0
112742491,263,0,self,15927.0,11,2,42,0,0,0,12,0,0,0,11,0,0,0,0,0,0,0,0,13,12.0,0.0,6.0,8.0,13.0,0.0,0.0,0.0,20.0,0.0,2.0,0.0,0.0,0.0,0.0,0.0,0.0
112742491,263,1,opponent,15806.0,11,2,42,0,0,0,12,0,0,0,11,0,0,0,0,0,0,0,0,13,12.0,0.0,6.0,8.0,13.0,0.0,0.0,0.0,20.0,0.0,2.0,0.0,0.0,0.0,0.0,0.0,0.0
112742491,287,0,self,15238.0,10,3,37,0,0,0,0,0,0,0,15,0,0,0,0,0,0,0,0,24,21.0,0.0,6.0,8.0,24.0,0.0,0.0,0.0,33.0,0.0,3.0,0.0,0.0,0.0,0.0,0.0,0.0
112742491,287,1,opponent,15117.0,10,3,37,0,0,0,0,0,0,0,15,0,0,0,0,0,0,0,0,24,21.0,0.0,6.0,8.0,24.0,0.0,0.0,0.0,33.0,0.0,3.0,0.0,0.0,0.0,0.0,0.0,0.0
112742491,288,0,self,15238.0,0,3,39,0,0,0,0,0,0,0,16,0,0,0,0,0,0,0,0,39,20.0,0.0,6.0,8.0,22.0,0.0,8.0,9.0,33.0,0.0,3.0,0.0,0.0,0.0,0.0,0.0,0.0
112742491,288,1,opponent,15117.0,0,3,39,0,0,0,0,0,0,0,16,0,0,0,0,0,0,0,0,39,20.0,0.0,6.0,8.0,22.0,0.0,8.0,9.0,33.0,0.0,3.0,0.0,0.0,0.0,0.0,0.0,0.0
112742491,311,0,self,19071.0,9,3,14,0,0,0,0,0,0,0,17,0,0,0,0,0,0,0,0,30,24.0,0.0,6.0,8.0,27.0,0.0,0.0,3.0,33.0,0.0,3.0,0.0,0.0,0.0,0.0,0.0,0.0
112742491,311,1,opponent,18943.0,9,3,14,0,0,0,0,0,0,0,17,0,0,0,0,0,0,0,0,30,24.0,0.0,6.0,8.0,27.0,0.0,0.0,3.0,33.0,0.0,3.0,0.0,0.0,0.0,0.0,0.0,0.0
112742491,335,0,self,21036.0,9,3,16,0,0,0,0,0,0,0,14,0,0,0,0,0,0,0,0,32,24.0,0.0,6.0,8.0,32.0,0.0,0.0,0.0,33.0,0.0,3.0,0.0,0.0,0.0,0.0,0.0,0.0
112742491,335,1,opponent,20908.0,9,3,16,0,0,0,0,0,0,0,14,0,0,0,0,0,0,0,0,32,24.0,0.0,6.0,8.0,32.0,0.0,0.0,0.0,33.0,0.0,3.0,0.0,0.0,0.0,0.0,0.0,0.0
112742491,359,0,self,24432.0,9,3,24,0,0,0,0,6,3,8,20,0,0,0,0,0,0,0,0,38,24.0,0.0,6.0,8.0,38.0,0.0,0.0,0.0,33.0,0.0,3.0,0.0,0.0,0.0,0.0,0.0,0.0
112742491,359,1,opponent,24304.0,9,3,24,0,0,0,0,6,3,8,20,0,0,0,0,0,0,0,0,38,24.0,0.0,6.0,8.0,38.0,0.0,0.0,0.0,33.0,0.0,3.0,0.0,0.0,0.0,0.0,0.0,0.0
112742491,360,0,self,24813.0,0,3,24,0,0,0,0,6,0,8,15,0,0,0,0,0,0,0,0,82,24.0,0.0,6.0,8.0,40.0,0.0,11.0,15.0,33.0,8.0,3.0,8.0,0.0,0.0,0.0,0.0,0.0
112742491,360,1,opponent,24685.0,0,3,24,0,0,0,0,6,0,8,15,0,0,0,0,0,0,0,0,82,24.0,0.0,6.0,8.0,40.0,0.0,11.0,15.0,33.0,8.0,3.0,8.0,0.0,0.0,0.0,0.0,0.0
112742491,383,0,self,31221.0,10,3,25,0,0,0,0,0,11,6,11,0,0,0,1,0,0,0,0,40,24.0,0.0,6.0,8.0,38.0,0.0,0.0,0.0,33.0,0.0,3.0,2.0,0.0,0.0,0.0,0.0,0.0
112742491,383,1,opponent,31093.0,10,3,25,0,0,0,0,0,11,6,11,0,0,0,1,0,0,0,0,40,24.0,0.0,6.0,8.0,38.0,0.0,0.0,0.0,33.0,0.0,3.0,2.0,0.0,0.0,0.0,0.0,0.0
112742491,407,0,self,37445.0,11,3,36,0,0,0,0,3,0,5,11,0,0,0,1,0,0,0,0,38,25.0,0.0,6.0,8.0,36.0,0.0,0.0,0.0,33.0,0.0,3.0,2.0,0.0,0.0,0.0,0.0,0.0
112742491,407,1,opponent,37401.0,11,3,34,0,0,0,0,3,0,5,11,0,0,0,1,0,0,0,0,38,25.0,0.0,6.0,8.0,36.0,0.0,0.0,0.0,33.0,0.0,3.0,2.0,0.0,0.0,0.0,0.0,0.0
112742491,431,0,self,42402.0,11,3,38,0,0,0,0,9,2,6,15,0,0,0,1,0,0,0,0,38,25.0,0.0,6.0,8.0,36.0,0.0,0.0,0.0,33.0,0.0,3.0,2.0,0.0,0.0,0.0,0.0,0.0
112742491,431,1,opponent,42651.0,11,3,29,0,0,0,0,9,2,6,15,0,0,0,1,0,0,0,0,38,25.0,0.0,6.0,8.0,36.0,0.0,0.0,0.0,33.0,0.0,3.0,2.0,0.0,0.0,0.0,0.0,0.0
112742491,432,0,self,42456.0,0,3,38,0,0,0,0,9,2,5,16,0,0,0,1,0,0,0,0,89,25.0,0.0,6.0,8.0,38.0,0.0,4.0,15.0,33.0,24.0,3.0,8.0,0.0,0.0,0.0,0.0,0.0
112742491,432,1,opponent,42867.0,0,3,29,0,0,0,0,9,2,2,16,0,0,0,1,0,0,0,0,89,25.0,0.0,6.0,8.0,38.0,0.0,4.0,15.0,33.0,24.0,3.0,8.0,0.0,0.0,0.0,0.0,0.0
112742491,455,0,self,49255.0,11,3,37,0,0,6,0,6,1,4,14,0,0,0,1,0,0,0,0,48,25.0,0.0,6.0,8.0,38.0,0.0,1.0,3.0,33.0,2.0,3.0,4.0,0.0,0.0,0.0,0.0,0.0
112742491,455,1,opponent,49589.0,11,3,26,0,0,6,0,6,1,4,14,0,0,0,1,0,0,0,0,48,25.0,0.0,6.0,8.0,38.0,0.0,1.0,3.0,33.0,2.0,3.0,4.0,0.0,0.0,0.0,0.0,0.0
112742491,479,0,self,55207.0,11,3,38,0,0,6,0,6,1,10,13,0,0,0,1,0,0,0,0,42,25.0,0.0,6.0,8.0,42.0,0.0,0.0,0.0,33.0,0.0,3.0,0.0,0.0,0.0,0.0,0.0,0.0
112742491,479,1,opponent,55541.0,11,3,27,0,0,6,0,6,1,10,13,0,0,0,1,0,0,0,0,42,25.0,0.0,6.0,8.0,42.0,0.0,0.0,0.0,33.0,0.0,3.0,0.0,0.0,0.0,0.0,0.0,0.0
112742491,480,0,self,55207.0,0,3,38,0,0,6,0,6,1,10,14,0,0,0,1,0,0,0,0,95,25.0,0.0,6.0,8.0,46.0,0.0,4.0,15.0,33.0,24.0,3.0,6.0,0.0,0.0,0.0,0.0,0.0
112742491,480,1,opponent,55541.0,0,3,27,0,0,6,0,6,1,10,14,0,0,0,1,0,0,0,0,95,25.0,0.0,6.0,8.0,46.0,0.0,4.0,15.0,33.0,24.0,3.0,6.0,0.0,0.0,0.0,0.0,0.0
112742491,503,0,self,63357.0,11,3,44,0,0,4,0,6,2,7,13,0,0,0,1,0,0,0,0,56,25.0,0.0,6.0,8.0,49.0,0.0,2.0,3.0,33.0,0.0,3.0,2.0,0.0,0.0,0.0,0.0,0.0
112742491,503,1,opponent,64027.0,11,3,29,0,0,4,0,6,2,4,12,0,0,0,1,0,0,0,0,56,25.0,0.0,6.0,8.0,49.0,0.0,2.0,3.0,33.0,0.0,3.0,2.0,0.0,0.0,0.0,0.0,0.0
112742491,527,0,self,71960.0,11,3,48,0,0,12,0,9,0,4,16,0,0,0,1,0,0,0,0,66,30.0,0.0,6.0,8.0,52.0,0.0,5.0,3.0,28.0,2.0,3.0,4.0,0.0,0.0,0.0,0.0,0.0
112742491,527,1,opponent,72260.0,11,3,38,0,0,12,0,9,0,4,16,0,0,0,1,0,0,0,0,66,30.0,0.0,6.0,8.0,52.0,0.0,5.0,3.0,28.0,2.0,3.0,4.0,0.0,0.0,0.0,0.0,0.0
112742491,551,0,self,79780.0,11,3,46,0,0,10,0,9,2,4,13,0,0,0,1,0,0,0,0,61,31.0,0.0,6.0,8.0,48.0,0.0,2.0,3.0,27.0,2.0,3.0,6.0,0.0,0.0,0.0,0.0,0.0
112742491,551,1,opponent,79749.0,11,3,45,0,0,9,0,9,2,4,12,0,0,0,1,0,0,0,0,61,31.0,0.0,6.0,8.0,48.0,0.0,2.0,3.0,27.0,2.0,3.0,6.0,0.0,0.0,0.0,0.0,0.0
112742491,575,0,self,86681.0,12,3,37,0,0,17,0,6,2,4,17,0,0,0,1,0,0,0,0,80,38.0,0.0,6.0,8.0,67.0,0.0,0.0,6.0,20.0,5.0,3.0,2.0,0.0,0.0,0.0,0.0,0.0
112742491,575,1,opponent,86460.0,12,3,32,0,0,17,0,6,2,4,17,0,0,0,1,0,0,0,0,80,38.0,0.0,6.0,8.0,67.0,0.0,0.0,6.0,20.0,5.0,3.0,2.0,0.0,0.0,0.0,0.0,0.0
112742491,576,0,self,86681.0,0,3,37,0,0,22,0,9,2,4,17,0,0,0,1,0,0,0,0,111,38.0,0.0,6.0,8.0,73.0,0.0,6.0,18.0,20.0,6.0,3.0,8.0,0.0,0.0,0.0,0.0,0.0
112742491,576,1,opponent,86460.0,0,3,32,0,0,22,0,9,2,4,17,0,0,0,1,0,0,0,0,110,38.0,0.0,6.0,8.0,73.0,0.0,6.0,18.0,20.0,5.0,3.0,8.0,0.0,0.0,0.0,0.0,0.0
112742491,599,0,self,93795.0,11,3,53,0,0,6,0,18,1,6,16,0,0,0,1,0,0,0,0,71,37.0,0.0,6.0,8.0,65.0,0.0,0.0,0.0,17.0,0.0,3.0,2.0,4.0,4.0,0.0,0.0,0.0
112742491,599,1,opponent,93677.0,11,3,53,0,0,5,0,18,1,6,16,0,0,0,1,0,0,0,0,71,37.0,0.0,6.0,8.0,65.0,0.0,0.0,0.0,17.0,0.0,3.0,2.0,4.0,4.0,0.0,0.0,0.0
112742491,623,0,self,99980.0,11,3,53,0,0,21,0,6,3,4,15,0,0,0,1,0,0,0,0,82,27.0,0.0,6.0,8.0,60.0,0.0,0.0,3.0,13.0,0.0,3.0,1.0,18.0,18.0,0.0,0.0,0.0
112742491,623,1,opponent,99848.0,11,3,53,0,0,21,0,6,3,4,14,0,0,0,1,0,0,0,0,82,27.0,0.0,6.0,8.0,60.0,0.0,0.0,3.0,13.0,0.0,3.0,1.0,18.0,18.0,0.0,0.0,0.0
112742491,647,0,self,107700.0,11,3,57,0,0,0,0,9,4,2,16,0,0,0,1,0,0,0,0,83,16.0,0.0,6.0,8.0,44.0,0.0,0.0,5.0,13.0,0.0,3.0,3.0,29.0,31.0,0.0,0.0,0.0
112742491,647,1,opponent,107461.0,11,3,57,0,0,0,0,9,4,2,16,0,0,0,1,0,0,0,0,83,16.0,0.0,6.0,8.0,44.0,0.0,0.0,5.0,13.0,0.0,3.0,3.0,29.0,31.0,0.0,0.0,0.0
112742491,648,0,self,107700.0,0,3,57,0,0,0,0,9,4,2,17,0,0,0,1,0,0,0,0,135,16.0,0.0,6.0,8.0,48.0,0.0,4.0,14.0,13.0,26.0,3.0,8.0,29.0,35.0,0.0,0.0,0.0
112742491,648,1,opponent,107461.0,0,3,57,0,0,0,0,9,4,2,17,0,0,0,1,0,0,0,0,135,16.0,0.0,6.0,8.0,48.0,0.0,4.0,14.0,13.0,26.0,3.0,8.0,29.0,35.0,0.0,0.0,0.0
112742491,671,0,self,113351.0,11,3,36,15,0,20,0,5,4,4,6,0,0,0,1,0,0,0,0,84,18.0,0.0,6.0,8.0,39.0,0.0,0.0,3.0,4.0,0.0,3.0,4.0,26.0,38.0,0.0,0.0,0.0
112742491,671,1,opponent,113108.0,11,3,36,15,0,20,0,5,4,4,6,0,0,0,1,0,0,0,0,84,18.0,0.0,6.0,8.0,39.0,0.0,0.0,3.0,4.0,0.0,3.0,4.0,26.0,38.0,0.0,0.0,0.0
112742491,695,0,self,123304.0,11,3,51,34,0,0,0,1,3,6,8,0,0,0,1,0,0,0,0,51,10.0,0.0,6.0,8.0,12.0,0.0,0.0,9.0,0.0,0.0,3.0,0.0,13.0,30.0,0.0,0.0,0.0
112742491,695,1,opponent,122996.0,11,3,51,34,0,0,0,1,3,6,8,0,0,0,1,0,0,0,0,51,10.0,0.0,6.0,8.0,12.0,0.0,0.0,9.0,0.0,0.0,3.0,0.0,13.0,30.0,0.0,0.0,0.0
112742491,696,0,self,123736.0,0,3,44,37,0,0,0,1,0,6,6,0,0,0,1,0,0,0,0,62,9.0,0.0,6.0,8.0,11.0,0.0,2.0,18.0,0.0,0.0,3.0,4.0,12.0,27.0,0.0,0.0,0.0
112742491,696,1,opponent,123428.0,0,3,44,37,0,0,0,1,0,6,6,0,0,0,1,0,0,0,0,62,9.0,0.0,6.0,8.0,11.0,0.0,2.0,18.0,0.0,0.0,3.0,4.0,12.0,27.0,0.0,0.0,0.0
112742491,719,0,self,133515.0,11,3,0,0,0,0,0,0,0,0,0,0,0,0,1,0,0,0,0,0,0.0,0.0,6.0,8.0,0.0,0.0,0.0,0.0,0.0,0.0,3.0,0.0,0.0,0.0,0.0,0.0,0.0
112742491,719,1,opponent,133206.0,11,3,0,0,0,0,0,0,0,0,0,0,0,0,1,0,0,0,0,0,0.0,0.0,6.0,8.0,0.0,0.0,0.0,0.0,0.0,0.0,3.0,0.0,0.0,0.0,0.0,0.0,0.0
112743618,0,0,opponent,3000.0,0,1,0,0,0,0,0,0,0,0,0,0,0,0,0,0,0,0,0,0,0.0,0.0,0.0,0.0,0.0,0.0,0.0,0.0,0.0,0.0,0.0,0.0,0.0,0.0,0.0,0.0,0.0
112743618,0,1,self,3000.0,0,1,0,0,0,0,0,0,0,0,0,0,0,0,0,0,0,0,0,0,0.0,0.0,0.0,0.0,0.0,0.0,0.0,0.0,0.0,0.0,0.0,0.0,0.0,0.0,0.0,0.0,0.0
112743618,23,0,opponent,8.0,5,1,3,0,0,0,0,0,0,0,0,0,0,0,0,0,0,0,0,20,8.0,12.0,2.0,2.0,8.0,12.0,0.0,0.0,0.0,0.0,0.0,0.0,0.0,0.0,0.0,0.0,0.0
112743618,23,1,self,16.0,5,1,3,0,0,0,0,0,0,0,0,0,0,0,0,0,0,0,0,20,8.0,12.0,2.0,2.0,8.0,12.0,0.0,0.0,0.0,0.0,0.0,0.0,0.0,0.0,0.0,0.0,0.0
112743618,24,0,opponent,8.0,0,1,3,0,0,0,0,0,0,0,0,0,0,0,0,0,0,0,0,20,8.0,12.0,2.0,2.0,8.0,12.0,0.0,0.0,0.0,0.0,0.0,0.0,0.0,0.0,0.0,0.0,0.0
112743618,24,1,self,16.0,0,1,3,0,0,0,0,0,0,0,0,0,0,0,0,0,0,0,0,20,8.0,12.0,2.0,2.0,8.0,12.0,0.0,0.0,0.0,0.0,0.0,0.0,0.0,0.0,0.0,0.0,0.0
112743618,47,0,opponent,97.0,3,1,6,0,0,0,0,0,0,0,1,0,0,0,0,0,0,0,0,20,8.0,12.0,2.0,2.0,8.0,12.0,0.0,0.0,0.0,0.0,0.0,0.0,0.0,0.0,0.0,0.0,0.0
112743618,47,1,self,105.0,3,1,6,0,0,0,0,0,0,0,1,0,0,0,0,0,0,0,0,20,8.0,12.0,2.0,2.0,8.0,12.0,0.0,0.0,0.0,0.0,0.0,0.0,0.0,0.0,0.0,0.0,0.0
112743618,71,0,opponent,210.0,4,1,6,0,0,0,0,0,0,0,0,0,0,0,0,0,0,0,0,25,8.0,12.0,2.0,3.0,13.0,12.0,0.0,0.0,0.0,0.0,0.0,0.0,0.0,0.0,0.0,0.0,0.0
112743618,71,1,self,218.0,4,1,6,0,0,0,0,0,0,0,0,0,0,0,0,0,0,0,0,25,8.0,12.0,2.0,3.0,13.0,12.0,0.0,0.0,0.0,0.0,0.0,0.0,0.0,0.0,0.0,0.0,0.0
112743618,72,0,opponent,210.0,0,1,6,0,0,0,0,0,0,0,0,0,0,0,0,0,0,0,0,25,8.0,12.0,2.0,3.0,13.0,12.0,0.0,0.0,0.0,0.0,0.0,0.0,0.0,0.0,0.0,0.0,0.0
112743618,72,1,self,218.0,0,1,6,0,0,0,0,0,0,0,0,0,0,0,0,0,0,0,0,25,8.0,12.0,2.0,3.0,13.0,12.0,0.0,0.0,0.0,0.0,0.0,0.0,0.0,0.0,0.0,0.0,0.0
112743618,95,0,opponent,263.0,5,1,14,0,0,0,0,0,0,0,1,1,0,0,0,0,0,0,0,19,7.0,12.0,2.0,3.0,7.0,12.0,0.0,0.0,0.0,0.0,0.0,0.0,0.0,0.0,0.0,0.0,0.0
112743618,95,1,self,271.0,5,1,14,0,0,0,0,0,0,0,1,1,0,0,0,0,0,0,0,19,7.0,12.0,2.0,3.0,7.0,12.0,0.0,0.0,0.0,0.0,0.0,0.0,0.0,0.0,0.0,0.0,0.0
112743618,119,0,opponent,668.0,4,1,19,0,0,0,0,0,0,0,1,0,0,0,0,0,0,0,0,19,7.0,12.0,2.0,4.0,7.0,12.0,0.0,0.0,0.0,0.0,0.0,0.0,0.0,0.0,0.0,0.0,0.0
112743618,119,1,self,676.0,4,1,19,0,0,0,0,0,0,0,1,0,0,0,0,0,0,0,0,19,7.0,12.0,2.0,4.0,7.0,12.0,0.0,0.0,0.0,0.0,0.0,0.0,0.0,0.0,0.0,0.0,0.0
112743618,143,0,opponent,783.0,4,1,19,0,0,0,0,0,0,0,2,0,0,0,0,0,0,0,0,15,3.0,12.0,2.0,4.0,3.0,12.0,0.0,0.0,4.0,0.0,0.0,0.0,0.0,0.0,0.0,0.0,0.0
112743618,143,1,self,791.0,4,1,19,0,0,0,0,0,0,0,2,0,0,0,0,0,0,0,0,15,3.0,12.0,2.0,4.0,3.0,12.0,0.0,0.0,4.0,0.0,0.0,0.0,0.0,0.0,0.0,0.0,0.0
112743618,144,0,opponent,783.0,0,1,19,0,0,0,0,0,0,0,2,0,0,0,0,0,0,0,0,27,3.0,12.0,2.0,4.0,3.0,12.0,12.0,0.0,4.0,0.0,0.0,0.0,0.0,0.0,0.0,0.0,0.0
112743618,144,1,self,791.0,0,1,19,0,0,0,0,0,0,0,2,0,0,0,0,0,0,0,0,27,3.0,12.0,2.0,4.0,3.0,12.0,12.0,0.0,4.0,0.0,0.0,0.0,0.0,0.0,0.0,0.0,0.0
112743618,167,0,opponent,732.0,7,2,16,0,0,0,0,0,2,0,1,0,0,0,0,0,0,0,0,30,6.0,12.0,2.0,6.0,7.0,23.0,0.0,0.0,12.0,0.0,0.0,0.0,0.0,0.0,0.0,0.0,0.0
112743618,167,1,self,740.0,7,2,16,0,0,0,0,0,2,0,1,0,0,0,0,0,0,0,0,30,6.0,12.0,2.0,6.0,7.0,23.0,0.0,0.0,12.0,0.0,0.0,0.0,0.0,0.0,0.0,0.0,0.0
112743618,191,0,opponent,529.0,7,2,11,0,0,0,0,0,0,0,1,0,0,0,1,0,0,0,0,44,8.0,12.0,2.0,8.0,8.0,36.0,0.0,0.0,16.0,0.0,0.0,0.0,0.0,0.0,0.0,0.0,0.0
112743618,191,1,self,537.0,7,2,11,0,0,0,0,0,0,0,1,0,0,0,1,0,0,0,0,44,8.0,12.0,2.0,8.0,8.0,36.0,0.0,0.0,16.0,0.0,0.0,0.0,0.0,0.0,0.0,0.0,0.0
112743618,192,0,opponent,529.0,0,2,11,0,0,0,0,0,0,0,1,0,0,0,0,0,0,0,0,57,9.0,12.0,2.0,8.0,9.0,36.0,0.0,12.0,16.0,0.0,0.0,0.0,0.0,0.0,0.0,0.0,0.0
112743618,192,1,self,537.0,0,2,11,0,0,0,0,0,0,0,1,0,0,0,0,0,0,0,0,57,9.0,12.0,2.0,8.0,9.0,36.0,0.0,12.0,16.0,0.0,0.0,0.0,0.0,0.0,0.0,0.0,0.0
112743618,215,0,opponent,1627.0,8,2,28,0,0,0,0,0,0,0,3,0,0,0,0,0,0,0,0,52,5.0,12.0,4.0,8.0,5.0,47.0,0.0,0.0,20.0,0.0,0.0,0.0,0.0,0.0,0.0,0.0,0.0
112743618,215,1,self,1635.0,8,2,28,0,0,0,0,0,0,0,3,0,0,0,0,0,0,0,0,52,5.0,12.0,4.0,8.0,5.0,47.0,0.0,0.0,20.0,0.0,0.0,0.0,0.0,0.0,0.0,0.0,0.0
112743618,239,0,opponent,2514.0,8,2,36,0,0,0,0,0,0,0,1,0,1,0,0,0,0,0,0,64,5.0,12.0,5.0,8.0,5.0,59.0,0.0,0.0,20.0,0.0,0.0,0.0,0.0,0.0,0.0,0.0,0.0
112743618,239,1,self,2522.0,8,2,36,0,0,0,0,0,0,0,1,0,1,0,0,0,0,0,0,64,5.0,12.0,5.0,8.0,5.0,59.0,0.0,0.0,20.0,0.0,0.0,0.0,0.0,0.0,0.0,0.0,0.0
112743618,240,0,opponent,2514.0,0,2,36,0,0,0,0,0,0,0,1,0,1,0,0,0,0,0,0,77,5.0,12.0,5.0,8.0,5.0,60.0,0.0,12.0,20.0,0.0,0.0,0.0,0.0,0.0,0.0,0.0,0.0
112743618,240,1,self,2522.0,0,2,36,0,0,0,0,0,0,0,1,0,1,0,0,0,0,0,0,77,5.0,12.0,5.0,8.0,5.0,60.0,0.0,12.0,20.0,0.0,0.0,0.0,0.0,0.0,0.0,0.0,0.0
112743618,263,0,opponent,16259.0,11,2,42,0,0,0,12,0,0,0,11,0,0,0,0,0,0,0,0,13,12.0,0.0,6.0,8.0,13.0,0.0,0.0,0.0,20.0,0.0,2.0,0.0,0.0,0.0,0.0,0.0,0.0
112743618,263,1,self,16267.0,11,2,42,0,0,0,12,0,0,0,11,0,0,0,0,0,0,0,0,13,12.0,0.0,6.0,8.0,13.0,0.0,0.0,0.0,20.0,0.0,2.0,0.0,0.0,0.0,0.0,0.0,0.0
112743618,287,0,opponent,15621.0,10,3,37,0,0,0,0,0,0,0,15,0,0,0,0,0,0,0,0,24,21.0,0.0,6.0,8.0,24.0,0.0,0.0,0.0,33.0,0.0,3.0,0.0,0.0,0.0,0.0,0.0,0.0
112743618,287,1,self,15629.0,10,3,37,0,0,0,0,0,0,0,15,0,0,0,0,0,0,0,0,24,21.0,0.0,6.0,8.0,24.0,0.0,0.0,0.0,33.0,0.0,3.0,0.0,0.0,0.0,0.0,0.0,0.0
112743618,288,0,opponent,15621.0,0,3,39,0,0,0,0,0,0,0,16,0,0,0,0,0,0,0,0,39,20.0,0.0,6.0,8.0,22.0,0.0,8.0,9.0,33.0,0.0,3.0,0.0,0.0,0.0,0.0,0.0,0.0
112743618,288,1,self,15629.0,0,3,39,0,0,0,0,0,0,0,16,0,0,0,0,0,0,0,0,39,20.0,0.0,6.0,8.0,22.0,0.0,8.0,9.0,33.0,0.0,3.0,0.0,0.0,0.0,0.0,0.0,0.0
112743618,311,0,opponent,19408.0,9,3,14,0,0,0,0,0,0,0,17,0,0,0,0,0,0,0,0,30,24.0,0.0,6.0,8.0,27.0,0.0,0.0,3.0,33.0,0.0,3.0,0.0,0.0,0.0,0.0,0.0,0.0
112743618,311,1,self,19416.0,9,3,14,0,0,0,0,0,0,0,17,0,0,0,0,0,0,0,0,30,24.0,0.0,6.0,8.0,27.0,0.0,0.0,3.0,33.0,0.0,3.0,0.0,0.0,0.0,0.0,0.0,0.0
112743618,335,0,opponent,21306.0,9,3,16,0,0,0,0,0,0,0,14,0,0,0,0,0,0,0,0,32,24.0,0.0,6.0,8.0,32.0,0.0,0.0,0.0,33.0,0.0,3.0,0.0,0.0,0.0,0.0,0.0,0.0
112743618,335,1,self,21314.0,9,3,16,0,0,0,0,0,0,0,14,0,0,0,0,0,0,0,0,32,24.0,0.0,6.0,8.0,32.0,0.0,0.0,0.0,33.0,0.0,3.0,0.0,0.0,0.0,0.0,0.0,0.0
112743618,359,0,opponent,24335.0,9,3,24,0,0,0,0,6,3,8,20,0,0,0,0,0,0,0,0,38,24.0,0.0,6.0,8.0,38.0,0.0,0.0,0.0,33.0,0.0,3.0,0.0,0.0,0.0,0.0,0.0,0.0
112743618,359,1,self,24343.0,9,3,24,0,0,0,0,6,3,8,20,0,0,0,0,0,0,0,0,38,24.0,0.0,6.0,8.0,38.0,0.0,0.0,0.0,33.0,0.0,3.0,0.0,0.0,0.0,0.0,0.0,0.0
112743618,360,0,opponent,24716.0,0,3,24,0,0,0,0,6,0,8,15,0,0,0,0,0,0,0,0,82,24.0,0.0,6.0,8.0,40.0,0.0,11.0,15.0,33.0,8.0,3.0,8.0,0.0,0.0,0.0,0.0,0.0
112743618,360,1,self,24724.0,0,3,24,0,0,0,0,6,0,8,15,0,0,0,0,0,0,0,0,82,24.0,0.0,6.0,8.0,40.0,0.0,11.0,15.0,33.0,8.0,3.0,8.0,0.0,0.0,0.0,0.0,0.0
112743618,383,0,opponent,29578.0,10,3,25,0,0,0,0,0,11,10,11,0,0,0,1,0,0,0,0,40,24.0,0.0,6.0,8.0,38.0,0.0,0.0,0.0,33.0,0.0,3.0,2.0,0.0,0.0,0.0,0.0,0.0
112743618,383,1,self,29586.0,10,3,25,0,0,0,0,0,11,10,11,0,0,0,1,0,0,0,0,40,24.0,0.0,6.0,8.0,38.0,0.0,0.0,0.0,33.0,0.0,3.0,2.0,0.0,0.0,0.0,0.0,0.0
112743618,407,0,opponent,34119.0,11,3,36,0,0,0,0,3,0,13,11,0,0,0,1,0,0,0,0,38,25.0,0.0,6.0,8.0,36.0,0.0,0.0,0.0,33.0,0.0,3.0,2.0,0.0,0.0,0.0,0.0,0.0
112743618,407,1,self,34127.0,11,3,36,0,0,0,0,3,0,13,11,0,0,0,1,0,0,0,0,38,25.0,0.0,6.0,8.0,36.0,0.0,0.0,0.0,33.0,0.0,3.0,2.0,0.0,0.0,0.0,0.0,0.0
112743618,431,0,opponent,37655.0,11,3,38,0,0,0,0,9,2,13,15,0,0,0,1,0,0,0,0,38,25.0,0.0,6.0,8.0,36.0,0.0,0.0,0.0,33.0,0.0,3.0,2.0,0.0,0.0,0.0,0.0,0.0
112743618,431,1,self,37674.0,11,3,38,0,0,0,0,9,2,13,15,0,0,0,1,0,0,0,0,38,25.0,0.0,6.0,8.0,36.0,0.0,0.0,0.0,33.0,0.0,3.0,2.0,0.0,0.0,0.0,0.0,0.0
112743618,432,0,opponent,37840.0,0,3,38,0,0,0,0,9,2,9,16,0,0,0,1,0,0,0,0,89,25.0,0.0,6.0,8.0,38.0,0.0,4.0,15.0,33.0,24.0,3.0,8.0,0.0,0.0,0.0,0.0,0.0
112743618,432,1,self,37859.0,0,3,38,0,0,0,0,9,2,9,16,0,0,0,1,0,0,0,0,89,25.0,0.0,6.0,8.0,38.0,0.0,4.0,15.0,33.0,24.0,3.0,8.0,0.0,0.0,0.0,0.0,0.0
112743618,455,0,opponent,36995.0,13,4,36,0,0,6,0,6,1,13,14,0,0,0,1,0,0,0,0,48,25.0,0.0,6.0,8.0,38.0,0.0,1.0,3.0,33.0,2.0,3.0,4.0,0.0,0.0,0.0,10.0,0.0
112743618,455,1,self,37014.0,13,4,36,0,0,6,0,6,1,13,14,0,0,0,1,0,0,0,0,48,25.0,0.0,6.0,8.0,38.0,0.0,1.0,3.0,33.0,2.0,3.0,4.0,0.0,0.0,0.0,10.0,0.0
112743618,479,0,opponent,39407.0,11,4,38,0,0,6,0,6,3,17,13,0,0,0,1,0,0,0,0,42,25.0,0.0,6.0,8.0,42.0,0.0,0.0,0.0,33.0,0.0,3.0,0.0,0.0,0.0,0.0,10.0,0.0
112743618,479,1,self,39266.0,11,4,38,0,0,6,0,6,3,17,13,0,0,0,1,8,0,0,0,42,25.0,0.0,6.0,8.0,42.0,0.0,0.0,0.0,33.0,0.0,3.0,0.0,0.0,0.0,0.0,10.0,0.0
112743618,480,0,opponent,39407.0,0,4,38,0,0,6,0,6,3,17,14,0,0,0,1,0,0,0,0,95,25.0,0.0,6.0,8.0,46.0,0.0,4.0,15.0,33.0,24.0,3.0,6.0,0.0,0.0,0.0,10.0,0.0
112743618,480,1,self,39266.0,0,4,38,0,0,6,0,6,3,17,14,0,0,0,1,8,0,0,0,95,25.0,0.0,6.0,8.0,46.0,0.0,4.0,15.0,33.0,24.0,3.0,6.0,0.0,0.0,0.0,10.0,0.0
112743618,503,0,opponent,40890.0,12,4,43,0,0,4,0,6,2,14,13,0,0,0,1,0,0,0,0,56,25.0,0.0,6.0,8.0,49.0,0.0,2.0,3.0,33.0,0.0,3.0,2.0,0.0,0.0,0.0,10.0,0.0
112743618,503,1,self,40739.0,12,4,43,0,0,4,0,6,2,14,13,0,0,0,1,8,0,0,0,56,24.0,0.0,6.0,8.0,48.0,0.0,2.0,3.0,33.0,0.0,3.0,2.0,1.0,1.0,0.0,10.0,0.0
112743618,527,0,opponent,42319.0,11,4,48,0,0,12,0,9,0,6,17,0,0,0,1,8,0,0,0,70,25.0,0.0,6.0,8.0,47.0,0.0,5.0,3.0,28.0,2.0,3.0,8.0,5.0,5.0,0.0,10.0,0.0
112743618,527,1,self,42328.0,11,4,48,0,0,12,0,9,0,6,17,0,0,0,1,8,0,0,0,70,24.0,0.0,6.0,8.0,46.0,0.0,5.0,3.0,28.0,2.0,3.0,8.0,6.0,6.0,0.0,10.0,0.0
112743618,551,0,opponent,44233.0,12,4,45,0,0,10,0,10,1,4,14,0,0,0,3,8,0,0,0,62,22.0,0.0,6.0,8.0,38.0,0.0,2.0,3.0,27.0,2.0,3.0,8.0,9.0,9.0,0.0,10.0,0.0
112743618,551,1,self,44242.0,12,4,45,0,0,10,0,10,1,4,14,0,0,0,3,8,0,0,0,62,21.0,0.0,6.0,8.0,36.0,0.0,2.0,3.0,27.0,2.0,3.0,8.0,10.0,11.0,0.0,10.0,0.0
112743618,575,0,opponent,46122.0,11,4,32,0,0,17,0,6,2,4,17,0,0,0,5,8,0,0,0,77,21.0,0.0,6.0,8.0,42.0,0.0,0.0,6.0,20.0,5.0,3.0,2.0,17.0,22.0,0.0,10.0,0.0
112743618,575,1,self,46131.0,11,4,29,3,0,17,0,6,2,4,17,0,0,0,5,8,0,0,0,77,21.0,0.0,6.0,8.0,42.0,0.0,0.0,6.0,20.0,5.0,3.0,2.0,17.0,22.0,0.0,10.0,0.0
112743618,576,0,opponent,46122.0,0,4,32,0,0,22,0,9,2,4,17,0,0,0,5,8,0,0,0,110,21.0,0.0,6.0,8.0,48.0,0.0,8.0,18.0,20.0,6.0,3.0,8.0,17.0,22.0,0.0,10.0,0.0
112743618,576,1,self,46131.0,0,4,29,3,0,22,0,9,2,4,17,0,0,0,5,8,0,0,0,110,21.0,0.0,6.0,8.0,48.0,0.0,8.0,18.0,20.0,6.0,3.0,8.0,17.0,22.0,0.0,10.0,0.0
112743618,599,0,opponent,46810.0,13,4,33,16,0,6,0,18,3,6,15,0,0,0,2,8,0,0,0,72,24.0,0.0,6.0,8.0,52.0,0.0,0.0,0.0,17.0,0.0,3.0,2.0,17.0,18.0,0.0,10.0,0.0
112743618,599,1,self,46845.0,13,4,33,16,0,6,0,18,3,6,15,0,0,0,2,8,0,0,0,72,24.0,0.0,6.0,8.0,52.0,0.0,0.0,0.0,17.0,0.0,3.0,2.0,17.0,18.0,0.0,10.0,0.0
112743618,623,0,opponent,49437.0,13,4,36,12,0,21,0,6,2,4,16,0,0,0,2,8,0,0,0,83,18.0,0.0,6.0,8.0,43.0,0.0,0.0,3.0,13.0,0.0,3.0,1.0,27.0,36.0,0.0,10.0,0.0
112743618,623,1,self,49303.0,13,4,36,12,0,21,0,6,2,4,16,0,0,0,2,8,0,0,0,83,18.0,0.0,6.0,8.0,43.0,0.0,0.0,3.0,13.0,0.0,3.0,1.0,27.0,36.0,0.0,10.0,0.0
112743618,647,0,opponent,55615.0,14,4,29,27,8,0,0,9,4,2,16,0,0,0,2,8,0,0,0,83,14.0,0.0,6.0,8.0,40.0,0.0,0.0,5.0,13.0,0.0,3.0,3.0,31.0,35.0,0.0,10.0,0.0
112743618,647,1,self,55466.0,14,4,29,27,8,0,0,9,4,2,16,0,0,0,2,8,0,0,0,83,14.0,0.0,6.0,8.0,40.0,0.0,0.0,5.0,13.0,0.0,3.0,3.0,31.0,35.0,0.0,10.0,0.0
112743618,648,0,opponent,55615.0,0,4,29,27,8,0,0,9,4,2,17,0,0,0,2,8,0,0,0,152,14.0,0.0,6.0,8.0,44.0,0.0,3.0,14.0,13.0,26.0,2.0,6.0,31.0,39.0,0.0,10.0,20.0
112743618,648,1,self,55466.0,0,4,29,27,8,0,0,9,4,2,17,0,0,0,2,8,0,0,0,152,14.0,0.0,6.0,8.0,44.0,0.0,3.0,14.0,13.0,26.0,2.0,6.0,31.0,39.0,0.0,10.0,20.0
112743618,671,0,opponent,64074.0,13,4,32,15,14,20,0,5,3,0,5,0,0,0,4,0,0,0,0,84,9.0,0.0,6.0,8.0,25.0,0.0,0.0,3.0,4.0,0.0,2.0,6.0,35.0,50.0,0.0,10.0,0.0
112743618,671,1,self,64286.0,13,4,32,15,14,20,0,5,3,0,5,0,0,0,4,0,0,0,0,84,9.0,0.0,6.0,8.0,25.0,0.0,0.0,3.0,4.0,0.0,2.0,6.0,35.0,50.0,0.0,10.0,0.0
112743618,695,0,opponent,78497.0,13,4,41,33,0,0,0,1,3,4,8,0,0,0,4,0,0,0,0,50,2.0,0.0,6.0,8.0,4.0,0.0,0.0,9.0,0.0,0.0,2.0,0.0,21.0,37.0,0.0,10.0,0.0
112743618,695,1,self,78698.0,13,4,41,33,0,0,0,1,3,4,8,0,0,0,4,0,0,0,0,50,2.0,0.0,6.0,8.0,4.0,0.0,0.0,9.0,0.0,0.0,2.0,0.0,21.0,37.0,0.0,10.0,0.0
112743618,696,0,opponent,78770.0,0,4,38,36,0,0,0,1,3,4,6,0,0,0,4,0,0,0,0,79,1.0,0.0,6.0,8.0,1.0,0.0,2.0,18.0,0.0,0.0,2.0,3.0,20.0,35.0,0.0,10.0,20.0
112743618,696,1,self,78971.0,0,4,38,36,0,0,0,1,3,4,6,0,0,0,4,0,0,0,0,79,1.0,0.0,6.0,8.0,1.0,0.0,2.0,18.0,0.0,0.0,2.0,3.0,20.0,35.0,0.0,10.0,20.0
112743618,719,0,opponent,92923.0,13,4,0,0,0,0,0,0,0,0,0,0,0,0,4,0,0,0,0,0,0.0,0.0,6.0,8.0,0.0,0.0,0.0,0.0,0.0,0.0,2.0,0.0,0.0,0.0,0.0,10.0,0.0
112743618,719,1,self,93124.0,13,4,0,0,0,0,0,0,0,0,0,0,0,0,4,0,0,0,0,0,0.0,0.0,6.0,8.0,0.0,0.0,0.0,0.0,0.0,0.0,2.0,0.0,0.0,0.0,0.0,10.0,0.0
112744949,0,0,opponent,3000.0,0,1,0,0,0,0,0,0,0,0,0,0,0,0,0,0,0,0,0,0,0.0,0.0,0.0,0.0,0.0,0.0,0.0,0.0,0.0,0.0,0.0,0.0,0.0,0.0,0.0,0.0,0.0
112744949,0,1,self,3000.0,0,1,0,0,0,0,0,0,0,0,0,0,0,0,0,0,0,0,0,0,0.0,0.0,0.0,0.0,0.0,0.0,0.0,0.0,0.0,0.0,0.0,0.0,0.0,0.0,0.0,0.0,0.0
112744949,23,0,opponent,8.0,5,1,3,0,0,0,0,0,0,0,0,0,0,0,0,0,0,0,0,20,8.0,12.0,2.0,2.0,8.0,12.0,0.0,0.0,0.0,0.0,0.0,0.0,0.0,0.0,0.0,0.0,0.0
112744949,23,1,self,16.0,5,1,3,0,0,0,0,0,0,0,0,0,0,0,0,0,0,0,0,20,8.0,12.0,2.0,2.0,8.0,12.0,0.0,0.0,0.0,0.0,0.0,0.0,0.0,0.0,0.0,0.0,0.0
112744949,24,0,opponent,8.0,0,1,3,0,0,0,0,0,0,0,0,0,0,0,0,0,0,0,0,20,8.0,12.0,2.0,2.0,8.0,12.0,0.0,0.0,0.0,0.0,0.0,0.0,0.0,0.0,0.0,0.0,0.0
112744949,24,1,self,16.0,0,1,3,0,0,0,0,0,0,0,0,0,0,0,0,0,0,0,0,20,8.0,12.0,2.0,2.0,8.0,12.0,0.0,0.0,0.0,0.0,0.0,0.0,0.0,0.0,0.0,0.0,0.0
112744949,47,0,opponent,97.0,3,1,6,0,0,0,0,0,0,0,1,0,0,0,0,0,0,0,0,20,8.0,12.0,2.0,2.0,8.0,12.0,0.0,0.0,0.0,0.0,0.0,0.0,0.0,0.0,0.0,0.0,0.0
112744949,47,1,self,105.0,3,1,6,0,0,0,0,0,0,0,1,0,0,0,0,0,0,0,0,20,8.0,12.0,2.0,2.0,8.0,12.0,0.0,0.0,0.0,0.0,0.0,0.0,0.0,0.0,0.0,0.0,0.0
112744949,71,0,opponent,210.0,4,1,6,0,0,0,0,0,0,0,0,0,0,0,0,0,0,0,0,25,8.0,12.0,2.0,3.0,13.0,12.0,0.0,0.0,0.0,0.0,0.0,0.0,0.0,0.0,0.0,0.0,0.0
112744949,71,1,self,218.0,4,1,6,0,0,0,0,0,0,0,0,0,0,0,0,0,0,0,0,25,8.0,12.0,2.0,3.0,13.0,12.0,0.0,0.0,0.0,0.0,0.0,0.0,0.0,0.0,0.0,0.0,0.0
112744949,72,0,opponent,210.0,0,1,6,0,0,0,0,0,0,0,0,0,0,0,0,0,0,0,0,25,8.0,12.0,2.0,3.0,13.0,12.0,0.0,0.0,0.0,0.0,0.0,0.0,0.0,0.0,0.0,0.0,0.0
112744949,72,1,self,218.0,0,1,6,0,0,0,0,0,0,0,0,0,0,0,0,0,0,0,0,25,8.0,12.0,2.0,3.0,13.0,12.0,0.0,0.0,0.0,0.0,0.0,0.0,0.0,0.0,0.0,0.0,0.0
112744949,95,0,opponent,348.0,5,1,11,0,0,0,0,0,0,0,1,1,0,0,0,0,0,0,0,19,7.0,12.0,2.0,3.0,7.0,12.0,0.0,0.0,0.0,0.0,0.0,0.0,0.0,0.0,0.0,0.0,0.0
112744949,95,1,self,269.0,5,1,14,0,0,0,0,0,0,0,1,1,0,0,0,0,0,0,0,19,7.0,12.0,2.0,3.0,7.0,12.0,0.0,0.0,0.0,0.0,0.0,0.0,0.0,0.0,0.0,0.0,0.0
112744949,119,0,opponent,759.0,4,1,16,0,0,0,0,0,0,0,1,0,0,0,0,0,0,0,0,19,7.0,12.0,2.0,4.0,7.0,12.0,0.0,0.0,0.0,0.0,0.0,0.0,0.0,0.0,0.0,0.0,0.0
112744949,119,1,self,680.0,4,1,19,0,0,0,0,0,0,0,1,0,0,0,0,0,0,0,0,19,7.0,12.0,2.0,4.0,7.0,12.0,0.0,0.0,0.0,0.0,0.0,0.0,0.0,0.0,0.0,0.0,0.0
112744949,143,0,opponent,872.0,4,1,16,0,0,0,0,0,0,0,2,0,0,0,0,0,0,0,0,15,3.0,12.0,2.0,4.0,3.0,12.0,0.0,0.0,4.0,0.0,0.0,0.0,0.0,0.0,0.0,0.0,0.0
112744949,143,1,self,793.0,4,1,19,0,0,0,0,0,0,0,2,0,0,0,0,0,0,0,0,15,3.0,12.0,2.0,4.0,3.0,12.0,0.0,0.0,4.0,0.0,0.0,0.0,0.0,0.0,0.0,0.0,0.0
112744949,144,0,opponent,872.0,0,1,16,0,0,0,0,0,0,0,2,0,0,0,0,0,0,0,0,27,3.0,12.0,2.0,4.0,3.0,12.0,12.0,0.0,4.0,0.0,0.0,0.0,0.0,0.0,0.0,0.0,0.0
112744949,144,1,self,793.0,0,1,19,0,0,0,0,0,0,0,2,0,0,0,0,0,0,0,0,27,3.0,12.0,2.0,4.0,3.0,12.0,12.0,0.0,4.0,0.0,0.0,0.0,0.0,0.0,0.0,0.0,0.0
112744949,167,0,opponent,1477.0,8,2,8,0,0,0,0,0,0,0,2,0,0,0,0,0,0,0,0,29,5.0,12.0,4.0,4.0,5.0,24.0,0.0,0.0,12.0,0.0,0.0,0.0,0.0,0.0,0.0,0.0,0.0
112744949,167,1,self,1188.0,8,2,11,0,0,0,0,0,0,0,2,0,0,0,1,8,0,0,0,29,1.0,12.0,4.0,4.0,1.0,24.0,0.0,0.0,12.0,0.0,0.0,0.0,4.0,4.0,0.0,0.0,0.0
112744949,191,0,opponent,764.0,8,2,0,0,0,0,0,0,0,0,3,0,0,0,0,0,0,0,0,45,9.0,12.0,4.0,6.0,9.0,36.0,0.0,0.0,16.0,0.0,0.0,0.0,0.0,0.0,0.0,0.0,0.0
112744949,191,1,self,514.0,8,2,2,0,0,0,0,0,0,0,3,0,0,0,0,8,0,0,0,45,5.0,12.0,4.0,6.0,5.0,36.0,0.0,0.0,16.0,0.0,0.0,0.0,4.0,4.0,0.0,0.0,0.0
112744949,192,0,opponent,521.0,0,2,8,0,0,0,0,0,0,0,3,0,0,0,0,0,0,0,0,57,9.0,12.0,4.0,6.0,9.0,36.0,0.0,12.0,16.0,0.0,0.0,0.0,0.0,0.0,0.0,0.0,0.0
112744949,192,1,self,271.0,0,2,10,0,0,0,0,0,0,0,3,0,0,0,0,8,0,0,0,57,5.0,12.0,4.0,6.0,5.0,36.0,0.0,12.0,16.0,0.0,0.0,0.0,4.0,4.0,0.0,0.0,0.0
112744949,215,0,opponent,1843.0,9,2,15,0,0,0,0,0,0,0,3,0,0,0,0,0,0,0,0,53,5.0,12.0,6.0,6.0,5.0,48.0,0.0,0.0,20.0,0.0,0.0,0.0,0.0,0.0,0.0,0.0,0.0
112744949,215,1,self,1659.0,9,2,7,8,0,0,0,0,0,0,3,0,0,0,0,8,0,0,0,53,5.0,12.0,6.0,6.0,5.0,48.0,0.0,0.0,20.0,0.0,0.0,0.0,0.0,0.0,0.0,0.0,0.0
112744949,239,0,opponent,4228.0,9,2,9,0,0,0,0,0,0,0,1,0,0,0,0,0,0,0,0,63,5.0,12.0,7.0,6.0,5.0,58.0,0.0,0.0,20.0,0.0,0.0,0.0,0.0,0.0,0.0,0.0,0.0
112744949,239,1,self,4098.0,9,2,8,0,0,0,0,0,0,0,1,0,0,0,0,8,0,0,0,63,5.0,12.0,7.0,6.0,5.0,58.0,0.0,0.0,20.0,0.0,0.0,0.0,0.0,0.0,0.0,0.0,0.0
112744949,240,0,opponent,4228.0,0,2,9,0,0,0,0,0,0,0,1,0,0,0,0,0,0,0,0,76,5.0,12.0,7.0,6.0,5.0,60.0,0.0,11.0,20.0,0.0,0.0,0.0,0.0,0.0,0.0,0.0,0.0
112744949,240,1,self,4098.0,0,2,8,0,0,0,0,0,0,0,1,0,0,0,0,8,0,0,0,76,5.0,12.0,7.0,6.0,5.0,60.0,0.0,11.0,20.0,0.0,0.0,0.0,0.0,0.0,0.0,0.0,0.0
112744949,263,0,opponent,17310.0,11,2,0,0,0,0,12,0,0,0,12,0,0,0,0,0,0,0,0,12,12.0,0.0,10.0,6.0,12.0,0.0,0.0,0.0,20.0,0.0,0.0,0.0,0.0,0.0,0.0,0.0,0.0
112744949,263,1,self,17146.0,11,2,0,0,0,0,12,0,0,0,12,0,0,0,0,8,0,0,0,12,12.0,0.0,10.0,6.0,12.0,0.0,0.0,0.0,20.0,0.0,0.0,0.0,0.0,0.0,0.0,0.0,0.0
112744949,287,0,opponent,15771.0,11,3,12,0,0,0,0,0,0,0,16,0,0,0,0,0,0,0,0,22,20.0,0.0,11.0,6.0,22.0,0.0,0.0,0.0,33.0,0.0,0.0,0.0,0.0,0.0,0.0,0.0,0.0
112744949,287,1,self,15607.0,11,3,12,0,0,0,0,0,0,0,16,0,0,0,0,8,0,0,0,22,20.0,0.0,11.0,6.0,22.0,0.0,0.0,0.0,33.0,0.0,0.0,0.0,0.0,0.0,0.0,0.0,0.0
112744949,288,0,opponent,15586.0,0,3,17,0,0,0,0,0,0,0,17,0,0,0,0,0,0,0,0,51,20.0,0.0,11.0,6.0,22.0,0.0,20.0,9.0,33.0,0.0,0.0,0.0,0.0,0.0,0.0,0.0,0.0
112744949,288,1,self,15422.0,0,3,17,0,0,0,0,0,0,0,17,0,0,0,0,8,0,0,0,51,20.0,0.0,11.0,6.0,22.0,0.0,20.0,9.0,33.0,0.0,0.0,0.0,0.0,0.0,0.0,0.0,0.0
112744949,311,0,opponent,13821.0,11,4,15,0,0,0,0,0,4,0,18,0,0,0,0,0,0,0,0,30,24.0,0.0,17.0,6.0,27.0,0.0,0.0,3.0,33.0,0.0,0.0,0.0,0.0,0.0,0.0,0.0,0.0
112744949,311,1,self,13643.0,11,4,15,0,0,0,0,0,4,0,18,0,0,0,0,8,0,0,0,30,24.0,0.0,17.0,6.0,27.0,0.0,0.0,3.0,33.0,0.0,0.0,0.0,0.0,0.0,0.0,0.0,0.0
112744949,335,0,opponent,15825.0,11,4,30,0,0,0,0,0,0,0,22,0,0,0,0,0,0,0,0,33,24.0,0.0,17.0,6.0,33.0,0.0,0.0,0.0,33.0,0.0,0.0,0.0,0.0,0.0,0.0,0.0,0.0
112744949,335,1,self,15646.0,11,4,30,0,0,0,0,0,0,0,22,0,0,0,0,8,0,0,0,33,24.0,0.0,17.0,6.0,33.0,0.0,0.0,0.0,33.0,0.0,0.0,0.0,0.0,0.0,0.0,0.0,0.0
112744949,359,0,opponent,20489.0,11,4,34,0,0,0,0,0,1,0,21,0,0,0,0,0,0,0,0,35,24.0,0.0,17.0,6.0,35.0,0.0,0.0,0.0,33.0,0.0,0.0,0.0,0.0,0.0,0.0,0.0,0.0
112744949,359,1,self,20310.0,11,4,34,0,0,0,0,0,1,0,21,0,0,0,0,8,0,0,0,35,24.0,0.0,17.0,6.0,35.0,0.0,0.0,0.0,33.0,0.0,0.0,0.0,0.0,0.0,0.0,0.0,0.0
112744949,360,0,opponent,20232.0,0,4,34,0,0,0,0,0,1,0,25,0,0,0,0,0,0,0,0,83,24.0,0.0,17.0,6.0,38.0,0.0,22.0,15.0,33.0,8.0,0.0,0.0,0.0,0.0,1.0,0.0,0.0
112744949,360,1,self,20053.0,0,4,34,0,0,0,0,0,1,0,25,0,0,0,0,8,0,0,0,83,24.0,0.0,17.0,6.0,38.0,0.0,22.0,15.0,33.0,8.0,0.0,0.0,0.0,0.0,0.0,0.0,0.0
112744949,383,0,opponent,26267.0,12,4,35,0,0,8,0,9,4,0,19,0,0,0,0,0,0,0,0,38,25.0,0.0,17.0,6.0,38.0,0.0,0.0,0.0,33.0,0.0,0.0,0.0,0.0,0.0,1.0,0.0,0.0
112744949,383,1,self,26088.0,12,4,35,0,0,8,0,9,4,0,19,0,0,0,0,8,0,0,0,38,25.0,0.0,17.0,6.0,38.0,0.0,0.0,0.0,33.0,0.0,0.0,0.0,0.0,0.0,0.0,0.0,0.0
112744949,407,0,opponent,35187.0,12,4,36,0,0,0,0,6,9,0,23,0,0,0,0,0,0,0,0,40,25.0,0.0,17.0,6.0,37.0,0.0,0.0,3.0,33.0,0.0,0.0,0.0,0.0,0.0,1.0,0.0,0.0
112744949,407,1,self,35008.0,12,4,36,0,0,0,0,6,9,0,23,0,0,0,0,8,0,0,0,40,25.0,0.0,17.0,6.0,37.0,0.0,0.0,3.0,33.0,0.0,0.0,0.0,0.0,0.0,0.0,0.0,0.0
112744949,431,0,opponent,42824.0,12,4,42,0,0,0,0,9,8,0,21,0,0,0,0,0,0,0,0,39,25.0,0.0,17.0,6.0,39.0,0.0,0.0,0.0,33.0,0.0,0.0,0.0,0.0,0.0,1.0,0.0,0.0
112744949,431,1,self,42639.0,12,4,42,0,0,0,0,9,8,0,21,0,0,0,0,8,0,0,0,39,25.0,0.0,17.0,6.0,39.0,0.0,0.0,0.0,33.0,0.0,0.0,0.0,0.0,0.0,0.0,0.0,0.0
112744949,432,0,opponent,44243.0,0,4,42,0,0,0,0,9,2,0,22,0,0,0,0,0,0,0,0,130,25.0,0.0,17.0,6.0,41.0,0.0,56.0,9.0,33.0,24.0,0.0,0.0,0.0,0.0,1.0,0.0,0.0
112744949,432,1,self,44058.0,0,4,42,0,0,0,0,9,2,0,22,0,0,0,0,8,0,0,0,130,25.0,0.0,17.0,6.0,41.0,0.0,56.0,9.0,33.0,24.0,0.0,0.0,0.0,0.0,0.0,0.0,0.0
112744949,455,0,opponent,58037.0,14,4,43,0,0,0,0,9,16,0,22,0,0,0,0,0,0,0,0,41,25.0,0.0,17.0,6.0,41.0,0.0,0.0,0.0,33.0,0.0,0.0,0.0,0.0,0.0,1.0,0.0,0.0
112744949,455,1,self,57852.0,14,4,43,0,0,0,0,9,16,0,22,0,0,0,0,8,0,0,0,41,25.0,0.0,17.0,6.0,41.0,0.0,0.0,0.0,33.0,0.0,0.0,0.0,0.0,0.0,0.0,0.0,0.0
112744949,479,0,opponent,63480.0,12,4,43,0,0,6,0,6,8,0,29,0,0,0,0,0,0,0,0,47,25.0,0.0,17.0,6.0,43.0,0.0,4.0,0.0,33.0,0.0,0.0,0.0,0.0,0.0,2.0,0.0,0.0
112744949,479,1,self,63295.0,12,4,43,0,0,6,0,6,8,0,29,0,0,0,0,8,0,0,0,47,25.0,0.0,17.0,6.0,43.0,0.0,4.0,0.0,33.0,0.0,0.0,0.0,0.0,0.0,0.0,0.0,0.0
112744949,480,0,opponent,63912.0,0,4,43,0,0,0,0,6,12,0,29,0,0,0,0,0,0,0,0,88,25.0,0.0,17.0,6.0,43.0,0.0,12.0,9.0,33.0,24.0,0.0,0.0,0.0,0.0,2.0,0.0,0.0
112744949,480,1,self,63727.0,0,4,43,0,0,0,0,6,12,0,29,0,0,0,0,8,0,0,0,88,25.0,0.0,17.0,6.0,43.0,0.0,12.0,9.0,33.0,24.0,0.0,0.0,0.0,0.0,0.0,0.0,0.0
112744949,503,0,opponent,68552.0,13,4,26,0,0,0,0,9,8,0,19,0,0,0,0,0,0,0,0,49,25.0,0.0,17.0,6.0,45.0,0.0,4.0,0.0,33.0,0.0,0.0,0.0,0.0,0.0,2.0,0.0,0.0
112744949,503,1,self,68362.0,13,4,26,0,0,0,0,9,8,0,19,0,0,0,0,8,0,0,0,49,25.0,0.0,17.0,6.0,45.0,0.0,4.0,0.0,33.0,0.0,0.0,0.0,0.0,0.0,0.0,0.0,0.0
112744949,527,0,opponent,75367.0,13,4,32,0,0,11,0,9,4,0,17,0,0,0,0,0,0,0,0,65,30.0,0.0,17.0,6.0,47.0,0.0,16.0,0.0,28.0,2.0,0.0,0.0,0.0,0.0,2.0,0.0,0.0
112744949,527,1,self,75177.0,13,4,32,0,0,11,0,9,4,0,17,0,0,0,0,8,0,0,0,65,30.0,0.0,17.0,6.0,47.0,0.0,16.0,0.0,28.0,2.0,0.0,0.0,0.0,0.0,0.0,0.0,0.0
112744949,551,0,opponent,77766.0,13,4,29,0,0,12,0,6,12,0,20,0,0,0,0,0,0,0,0,53,31.0,0.0,17.0,6.0,49.0,0.0,4.0,0.0,27.0,0.0,0.0,0.0,0.0,0.0,2.0,0.0,0.0
112744949,551,1,self,77576.0,13,4,29,0,0,12,0,6,12,0,20,0,0,0,0,8,0,0,0,53,31.0,0.0,17.0,6.0,49.0,0.0,4.0,0.0,27.0,0.0,0.0,0.0,0.0,0.0,1.0,0.0,0.0
112744949,575,0,opponent,79385.0,13,4,40,0,0,20,0,9,12,0,19,0,0,0,0,0,0,0,0,67,38.0,0.0,17.0,6.0,66.0,0.0,0.0,0.0,20.0,1.0,0.0,0.0,0.0,0.0,2.0,0.0,0.0
112744949,575,1,self,79194.0,13,4,40,0,0,20,0,9,12,0,19,0,0,0,0,8,0,0,0,67,38.0,0.0,17.0,6.0,66.0,0.0,0.0,0.0,20.0,1.0,0.0,0.0,0.0,0.0,1.0,0.0,0.0
112744949,576,0,opponent,79018.0,0,4,42,0,0,18,0,9,8,0,23,0,0,0,0,0,0,0,0,124,38.0,0.0,17.0,6.0,66.0,0.0,42.0,9.0,20.0,7.0,0.0,0.0,0.0,0.0,2.0,0.0,0.0
112744949,576,1,self,78827.0,0,4,42,0,0,18,0,9,8,0,23,0,0,0,0,8,0,0,0,124,38.0,0.0,17.0,6.0,66.0,0.0,42.0,9.0,20.0,7.0,0.0,0.0,0.0,0.0,1.0,0.0,0.0
112744949,599,0,opponent,81382.0,13,4,44,0,0,5,0,9,9,0,17,0,0,0,0,0,0,0,0,68,41.0,0.0,17.0,6.0,66.0,0.0,0.0,0.0,17.0,2.0,0.0,0.0,0.0,0.0,2.0,0.0,0.0
112744949,599,1,self,81191.0,13,4,44,0,0,5,0,9,9,0,17,0,0,0,0,8,0,0,0,68,41.0,0.0,17.0,6.0,66.0,0.0,0.0,0.0,17.0,2.0,0.0,0.0,0.0,0.0,1.0,0.0,0.0
112744949,623,0,opponent,83528.0,13,4,60,0,0,13,0,9,2,0,19,0,0,0,0,0,0,0,0,76,31.0,0.0,17.0,6.0,57.0,0.0,0.0,0.0,13.0,5.0,0.0,0.0,14.0,14.0,2.0,0.0,0.0
112744949,623,1,self,83302.0,13,4,60,0,0,13,0,9,2,0,19,0,0,0,0,0,0,0,0,76,31.0,0.0,17.0,6.0,57.0,0.0,0.0,0.0,13.0,5.0,0.0,0.0,14.0,14.0,1.0,0.0,0.0
112744949,647,0,opponent,86597.0,13,4,63,0,0,0,0,6,0,0,21,0,0,0,0,0,0,0,0,81,19.0,0.0,17.0,6.0,52.0,0.0,0.0,3.0,13.0,0.0,0.0,0.0,26.0,26.0,2.0,0.0,0.0
112744949,647,1,self,86369.0,13,4,63,0,0,0,0,6,0,0,21,0,0,0,0,0,0,0,0,81,19.0,0.0,17.0,6.0,52.0,0.0,0.0,3.0,13.0,0.0,0.0,0.0,26.0,26.0,1.0,0.0,0.0
112744949,648,0,opponent,86086.0,0,4,75,0,0,0,0,9,0,0,16,0,0,0,0,0,0,0,0,158,19.0,0.0,17.0,6.0,55.0,0.0,43.0,9.0,13.0,25.0,0.0,0.0,26.0,26.0,2.0,0.0,0.0
112744949,648,1,self,85858.0,0,4,75,0,0,0,0,9,0,0,16,0,0,0,0,0,0,0,0,158,19.0,0.0,17.0,6.0,55.0,0.0,43.0,9.0,13.0,25.0,0.0,0.0,26.0,26.0,1.0,0.0,0.0
112744949,671,0,opponent,91473.0,12,4,54,1,0,19,0,3,15,0,8,0,0,0,0,0,0,0,0,81,17.0,0.0,17.0,6.0,41.0,0.0,0.0,3.0,4.0,0.0,0.0,0.0,27.0,37.0,2.0,0.0,0.0
112744949,671,1,self,91259.0,12,4,54,1,0,19,0,3,15,0,8,0,0,0,0,0,0,0,0,81,17.0,0.0,17.0,6.0,41.0,0.0,0.0,3.0,4.0,0.0,0.0,0.0,27.0,37.0,1.0,0.0,0.0
112744949,695,0,opponent,95707.0,12,4,48,29,0,0,0,1,0,0,14,0,0,0,0,0,0,0,0,46,9.0,0.0,17.0,6.0,13.0,0.0,0.0,3.0,0.0,0.0,0.0,0.0,14.0,30.0,2.0,0.0,0.0
112744949,695,1,self,95493.0,12,4,48,29,0,0,0,1,0,0,14,0,0,0,0,0,0,0,0,46,9.0,0.0,17.0,6.0,13.0,0.0,0.0,3.0,0.0,0.0,0.0,0.0,14.0,30.0,1.0,0.0,0.0
112744949,696,0,opponent,96066.0,0,4,44,32,0,0,0,1,0,0,6,0,0,0,0,0,0,0,0,59,8.0,0.0,17.0,6.0,8.0,0.0,11.0,12.0,0.0,0.0,0.0,0.0,13.0,28.0,2.0,0.0,0.0
112744949,696,1,self,95852.0,0,4,44,32,0,0,0,1,0,0,6,0,0,0,0,0,0,0,0,59,8.0,0.0,17.0,6.0,8.0,0.0,11.0,12.0,0.0,0.0,0.0,0.0,13.0,28.0,1.0,0.0,0.0
112744949,719,0,opponent,103319.0,11,4,0,0,0,0,0,0,0,0,0,0,0,0,0,0,0,0,0,0,0.0,0.0,17.0,6.0,0.0,0.0,0.0,0.0,0.0,0.0,0.0,0.0,0.0,0.0,2.0,0.0,0.0
112744949,719,1,self,103105.0,11,4,0,0,0,0,0,0,0,0,0,0,0,0,0,0,0,0,0,0,0.0,0.0,17.0,6.0,0.0,0.0,0.0,0.0,0.0,0.0,0.0,0.0,0.0,0.0,1.0,0.0,0.0
112745961,0,0,opponent,3000.0,0,1,0,0,0,0,0,0,0,0,0,0,0,0,0,0,0,0,0,0,0.0,0.0,0.0,0.0,0.0,0.0,0.0,0.0,0.0,0.0,0.0,0.0,0.0,0.0,0.0,0.0,0.0
112745961,0,1,self,3000.0,0,1,0,0,0,0,0,0,0,0,0,0,0,0,0,0,0,0,0,0,0.0,0.0,0.0,0.0,0.0,0.0,0.0,0.0,0.0,0.0,0.0,0.0,0.0,0.0,0.0,0.0,0.0
112745961,23,0,opponent,8.0,5,1,3,0,0,0,0,0,0,0,0,0,0,0,0,0,0,0,0,20,8.0,12.0,2.0,2.0,8.0,12.0,0.0,0.0,0.0,0.0,0.0,0.0,0.0,0.0,0.0,0.0,0.0
112745961,23,1,self,16.0,5,1,3,0,0,0,0,0,0,0,0,0,0,0,0,0,0,0,0,20,8.0,12.0,2.0,2.0,8.0,12.0,0.0,0.0,0.0,0.0,0.0,0.0,0.0,0.0,0.0,0.0,0.0
112745961,24,0,opponent,8.0,0,1,3,0,0,0,0,0,0,0,0,0,0,0,0,0,0,0,0,20,8.0,12.0,2.0,2.0,8.0,12.0,0.0,0.0,0.0,0.0,0.0,0.0,0.0,0.0,0.0,0.0,0.0
112745961,24,1,self,16.0,0,1,3,0,0,0,0,0,0,0,0,0,0,0,0,0,0,0,0,20,8.0,12.0,2.0,2.0,8.0,12.0,0.0,0.0,0.0,0.0,0.0,0.0,0.0,0.0,0.0,0.0,0.0
112745961,47,0,opponent,97.0,3,1,6,0,0,0,0,0,0,0,1,0,0,0,0,0,0,0,0,20,8.0,12.0,2.0,2.0,8.0,12.0,0.0,0.0,0.0,0.0,0.0,0.0,0.0,0.0,0.0,0.0,0.0
112745961,47,1,self,105.0,3,1,6,0,0,0,0,0,0,0,1,0,0,0,0,0,0,0,0,20,8.0,12.0,2.0,2.0,8.0,12.0,0.0,0.0,0.0,0.0,0.0,0.0,0.0,0.0,0.0,0.0,0.0
112745961,71,0,opponent,270.0,4,1,6,0,0,0,0,0,0,0,0,0,0,0,0,0,0,0,0,23,7.0,12.0,2.0,3.0,11.0,12.0,0.0,0.0,0.0,0.0,0.0,0.0,0.0,0.0,0.0,0.0,0.0
112745961,71,1,self,218.0,4,1,6,0,0,0,0,0,0,0,0,0,0,0,0,0,0,0,0,25,8.0,12.0,2.0,3.0,13.0,12.0,0.0,0.0,0.0,0.0,0.0,0.0,0.0,0.0,0.0,0.0,0.0
112745961,72,0,opponent,270.0,0,1,6,0,0,0,0,0,0,0,0,0,0,0,0,0,0,0,0,23,7.0,12.0,2.0,3.0,11.0,12.0,0.0,0.0,0.0,0.0,0.0,0.0,0.0,0.0,0.0,0.0,0.0
112745961,72,1,self,218.0,0,1,6,0,0,0,0,0,0,0,0,0,0,0,0,0,0,0,0,25,8.0,12.0,2.0,3.0,13.0,12.0,0.0,0.0,0.0,0.0,0.0,0.0,0.0,0.0,0.0,0.0,0.0
112745961,95,0,opponent,322.0,5,1,11,0,0,0,0,0,0,0,1,1,0,0,0,0,0,0,0,19,7.0,12.0,2.0,3.0,7.0,12.0,0.0,0.0,0.0,0.0,0.0,0.0,0.0,0.0,0.0,0.0,0.0
112745961,95,1,self,270.0,5,1,14,0,0,0,0,0,0,0,1,1,0,0,0,0,0,0,0,19,7.0,12.0,2.0,3.0,7.0,12.0,0.0,0.0,0.0,0.0,0.0,0.0,0.0,0.0,0.0,0.0,0.0
112745961,119,0,opponent,727.0,4,1,16,0,0,0,0,0,0,0,1,0,0,0,0,0,0,0,0,19,7.0,12.0,2.0,4.0,7.0,12.0,0.0,0.0,0.0,0.0,0.0,0.0,0.0,0.0,0.0,0.0,0.0
112745961,119,1,self,675.0,4,1,19,0,0,0,0,0,0,0,1,0,0,0,0,0,0,0,0,19,7.0,12.0,2.0,4.0,7.0,12.0,0.0,0.0,0.0,0.0,0.0,0.0,0.0,0.0,0.0,0.0,0.0
112745961,143,0,opponent,842.0,4,1,16,0,0,0,0,0,0,0,2,0,0,0,0,0,0,0,0,15,3.0,12.0,2.0,4.0,3.0,12.0,0.0,0.0,4.0,0.0,0.0,0.0,0.0,0.0,0.0,0.0,0.0
112745961,143,1,self,790.0,4,1,19,0,0,0,0,0,0,0,2,0,0,0,0,0,0,0,0,15,3.0,12.0,2.0,4.0,3.0,12.0,0.0,0.0,4.0,0.0,0.0,0.0,0.0,0.0,0.0,0.0,0.0
112745961,144,0,opponent,842.0,0,1,16,0,0,0,0,0,0,0,2,0,0,0,0,0,0,0,0,27,3.0,12.0,2.0,4.0,3.0,12.0,12.0,0.0,4.0,0.0,0.0,0.0,0.0,0.0,0.0,0.0,0.0
112745961,144,1,self,790.0,0,1,19,0,0,0,0,0,0,0,2,0,0,0,0,0,0,0,0,27,3.0,12.0,2.0,4.0,3.0,12.0,12.0,0.0,4.0,0.0,0.0,0.0,0.0,0.0,0.0,0.0,0.0
112745961,167,0,opponent,791.0,7,2,13,0,0,0,0,0,2,0,1,0,0,0,0,0,0,0,0,30,6.0,12.0,2.0,6.0,7.0,23.0,0.0,0.0,12.0,0.0,0.0,0.0,0.0,0.0,0.0,0.0,0.0
112745961,167,1,self,739.0,7,2,16,0,0,0,0,0,2,0,1,0,0,0,0,0,0,0,0,30,6.0,12.0,2.0,6.0,7.0,23.0,0.0,0.0,12.0,0.0,0.0,0.0,0.0,0.0,0.0,0.0,0.0
112745961,191,0,opponent,588.0,7,2,8,0,0,0,0,0,0,0,1,0,0,0,1,0,0,0,0,44,8.0,12.0,2.0,8.0,8.0,36.0,0.0,0.0,16.0,0.0,0.0,0.0,0.0,0.0,0.0,0.0,0.0
112745961,191,1,self,536.0,7,2,11,0,0,0,0,0,0,0,1,0,0,0,1,0,0,0,0,44,8.0,12.0,2.0,8.0,8.0,36.0,0.0,0.0,16.0,0.0,0.0,0.0,0.0,0.0,0.0,0.0,0.0
112745961,192,0,opponent,588.0,0,2,8,0,0,0,0,0,0,0,1,0,0,0,0,0,0,0,0,57,9.0,12.0,2.0,8.0,9.0,36.0,0.0,12.0,16.0,0.0,0.0,0.0,0.0,0.0,0.0,0.0,0.0
112745961,192,1,self,536.0,0,2,11,0,0,0,0,0,0,0,1,0,0,0,0,0,0,0,0,57,9.0,12.0,2.0,8.0,9.0,36.0,0.0,12.0,16.0,0.0,0.0,0.0,0.0,0.0,0.0,0.0,0.0
112745961,215,0,opponent,1802.0,8,2,25,0,0,0,0,0,0,0,3,0,0,0,0,0,0,0,0,52,5.0,12.0,4.0,8.0,5.0,47.0,0.0,0.0,20.0,0.0,0.0,0.0,0.0,0.0,0.0,0.0,0.0
112745961,215,1,self,1750.0,8,2,28,0,0,0,0,0,0,0,3,0,0,0,0,0,0,0,0,52,5.0,12.0,4.0,8.0,5.0,47.0,0.0,0.0,20.0,0.0,0.0,0.0,0.0,0.0,0.0,0.0,0.0
112745961,239,0,opponent,2789.0,8,2,33,0,0,0,0,0,0,0,1,0,1,0,0,0,0,0,0,64,5.0,12.0,4.0,9.0,5.0,59.0,0.0,0.0,20.0,0.0,0.0,0.0,0.0,0.0,0.0,0.0,0.0
112745961,239,1,self,2737.0,8,2,36,0,0,0,0,0,0,0,1,0,1,0,0,0,0,0,0,64,5.0,12.0,4.0,9.0,5.0,59.0,0.0,0.0,20.0,0.0,0.0,0.0,0.0,0.0,0.0,0.0,0.0
112745961,240,0,opponent,2789.0,0,2,33,0,0,0,0,0,0,0,1,0,1,0,0,0,0,0,0,77,5.0,12.0,4.0,9.0,5.0,60.0,0.0,12.0,20.0,0.0,0.0,0.0,0.0,0.0,0.0,0.0,0.0
112745961,240,1,self,2737.0,0,2,36,0,0,0,0,0,0,0,1,0,1,0,0,0,0,0,0,77,5.0,12.0,4.0,9.0,5.0,60.0,0.0,12.0,20.0,0.0,0.0,0.0,0.0,0.0,0.0,0.0,0.0
112745961,263,0,opponent,16661.0,11,2,42,0,0,0,12,0,0,0,11,0,0,0,0,0,0,0,0,13,12.0,0.0,5.0,9.0,13.0,0.0,0.0,0.0,20.0,0.0,2.0,0.0,0.0,0.0,0.0,0.0,0.0
112745961,263,1,self,16729.0,11,2,42,0,0,0,12,0,0,0,11,0,0,0,0,0,0,0,0,13,12.0,0.0,5.0,9.0,13.0,0.0,0.0,0.0,20.0,0.0,2.0,0.0,0.0,0.0,0.0,0.0,0.0
112745961,287,0,opponent,16205.0,10,3,37,0,0,0,0,0,0,0,15,0,0,0,0,0,0,0,0,24,21.0,0.0,5.0,9.0,24.0,0.0,0.0,0.0,33.0,0.0,3.0,0.0,0.0,0.0,0.0,0.0,0.0
112745961,287,1,self,16273.0,10,3,37,0,0,0,0,0,0,0,15,0,0,0,0,0,0,0,0,24,21.0,0.0,5.0,9.0,24.0,0.0,0.0,0.0,33.0,0.0,3.0,0.0,0.0,0.0,0.0,0.0,0.0
112745961,288,0,opponent,16205.0,0,3,39,0,0,0,0,0,0,0,16,0,0,0,0,0,0,0,0,39,20.0,0.0,5.0,9.0,22.0,0.0,8.0,9.0,33.0,0.0,3.0,0.0,0.0,0.0,0.0,0.0,0.0
112745961,288,1,self,16273.0,0,3,39,0,0,0,0,0,0,0,16,0,0,0,0,0,0,0,0,39,20.0,0.0,5.0,9.0,22.0,0.0,8.0,9.0,33.0,0.0,3.0,0.0,0.0,0.0,0.0,0.0,0.0
112745961,311,0,opponent,20211.0,9,3,14,0,0,0,0,0,0,0,17,0,0,0,0,0,0,0,0,30,24.0,0.0,5.0,9.0,27.0,0.0,0.0,3.0,33.0,0.0,3.0,0.0,0.0,0.0,0.0,0.0,0.0
112745961,311,1,self,20279.0,9,3,14,0,0,0,0,0,0,0,17,0,0,0,0,0,0,0,0,30,24.0,0.0,5.0,9.0,27.0,0.0,0.0,3.0,33.0,0.0,3.0,0.0,0.0,0.0,0.0,0.0,0.0
112745961,335,0,opponent,22317.0,9,3,16,0,0,0,0,0,0,0,14,0,0,0,0,0,0,0,0,32,24.0,0.0,5.0,9.0,32.0,0.0,0.0,0.0,33.0,0.0,3.0,0.0,0.0,0.0,0.0,0.0,0.0
112745961,335,1,self,22385.0,9,3,16,0,0,0,0,0,0,0,14,0,0,0,0,0,0,0,0,32,24.0,0.0,5.0,9.0,32.0,0.0,0.0,0.0,33.0,0.0,3.0,0.0,0.0,0.0,0.0,0.0,0.0
112745961,359,0,opponent,26077.0,9,3,24,0,0,0,0,6,3,8,20,0,0,0,0,0,0,0,0,38,24.0,0.0,5.0,9.0,38.0,0.0,0.0,0.0,33.0,0.0,3.0,0.0,0.0,0.0,0.0,0.0,0.0
112745961,359,1,self,26145.0,9,3,24,0,0,0,0,6,3,8,20,0,0,0,0,0,0,0,0,38,24.0,0.0,5.0,9.0,38.0,0.0,0.0,0.0,33.0,0.0,3.0,0.0,0.0,0.0,0.0,0.0,0.0
112745961,360,0,opponent,26458.0,0,3,24,0,0,0,0,6,0,8,15,0,0,0,0,0,0,0,0,76,24.0,0.0,5.0,9.0,40.0,0.0,5.0,15.0,33.0,8.0,3.0,8.0,0.0,0.0,0.0,0.0,0.0
112745961,360,1,self,26526.0,0,3,24,0,0,0,0,6,0,8,15,0,0,0,0,0,0,0,0,76,24.0,0.0,5.0,9.0,40.0,0.0,5.0,15.0,33.0,8.0,3.0,8.0,0.0,0.0,0.0,0.0,0.0
112745961,383,0,opponent,33268.0,10,3,23,0,0,0,0,0,5,6,11,0,0,0,1,0,0,0,0,40,24.0,0.0,5.0,9.0,38.0,0.0,0.0,0.0,33.0,0.0,3.0,2.0,0.0,0.0,0.0,0.0,0.0
112745961,383,1,self,33333.0,10,3,23,0,0,0,0,0,5,6,11,0,0,0,1,0,0,0,0,40,24.0,0.0,5.0,9.0,38.0,0.0,0.0,0.0,33.0,0.0,3.0,2.0,0.0,0.0,0.0,0.0,0.0
112745961,407,0,opponent,39768.0,11,3,31,0,0,0,0,3,0,5,11,0,0,0,1,0,0,0,0,38,25.0,0.0,5.0,9.0,36.0,0.0,0.0,0.0,33.0,0.0,3.0,2.0,0.0,0.0,0.0,0.0,0.0
112745961,407,1,self,39833.0,11,3,31,0,0,0,0,3,0,5,11,0,0,0,1,0,0,0,0,38,25.0,0.0,5.0,9.0,36.0,0.0,0.0,0.0,33.0,0.0,3.0,2.0,0.0,0.0,0.0,0.0,0.0
112745961,431,0,opponent,44196.0,11,3,31,0,0,0,0,9,6,6,15,0,0,0,1,0,0,0,0,44,25.0,0.0,5.0,9.0,36.0,0.0,0.0,6.0,33.0,0.0,3.0,2.0,0.0,0.0,0.0,0.0,0.0
112745961,431,1,self,44261.0,11,3,31,0,0,0,0,9,6,6,15,0,0,0,1,0,0,0,0,44,25.0,0.0,5.0,9.0,36.0,0.0,0.0,6.0,33.0,0.0,3.0,2.0,0.0,0.0,0.0,0.0,0.0
112745961,432,0,opponent,44248.0,0,3,31,0,0,0,0,9,6,5,16,0,0,0,1,0,0,0,0,97,25.0,0.0,5.0,9.0,38.0,0.0,6.0,21.0,33.0,24.0,3.0,8.0,0.0,0.0,0.0,0.0,0.0
112745961,432,1,self,44313.0,0,3,31,0,0,0,0,9,6,5,16,0,0,0,1,0,0,0,0,97,25.0,0.0,5.0,9.0,38.0,0.0,6.0,21.0,33.0,24.0,3.0,8.0,0.0,0.0,0.0,0.0,0.0
112745961,455,0,opponent,51109.0,11,3,26,0,0,6,0,12,0,4,14,0,0,0,1,0,0,0,0,51,25.0,0.0,5.0,9.0,38.0,0.0,4.0,3.0,33.0,2.0,3.0,4.0,0.0,0.0,0.0,0.0,0.0
112745961,455,1,self,51174.0,11,3,26,0,0,6,0,12,0,4,14,0,0,0,1,0,0,0,0,51,25.0,0.0,5.0,9.0,38.0,0.0,4.0,3.0,33.0,2.0,3.0,4.0,0.0,0.0,0.0,0.0,0.0
112745961,479,0,opponent,56797.0,11,3,25,0,0,6,0,6,4,10,13,0,0,0,1,0,0,0,0,45,25.0,0.0,5.0,9.0,42.0,0.0,0.0,3.0,33.0,0.0,3.0,0.0,0.0,0.0,0.0,0.0,0.0
112745961,479,1,self,56862.0,11,3,25,0,0,6,0,6,4,10,13,0,0,0,1,0,0,0,0,45,25.0,0.0,5.0,9.0,42.0,0.0,0.0,3.0,33.0,0.0,3.0,0.0,0.0,0.0,0.0,0.0,0.0
112745961,480,0,opponent,56797.0,0,3,25,0,0,6,0,6,4,10,14,0,0,0,1,0,0,0,0,102,25.0,0.0,5.0,9.0,46.0,0.0,8.0,18.0,33.0,24.0,3.0,6.0,0.0,0.0,0.0,0.0,0.0
112745961,480,1,self,56862.0,0,3,25,0,0,6,0,6,4,10,14,0,0,0,1,0,0,0,0,102,25.0,0.0,5.0,9.0,46.0,0.0,8.0,18.0,33.0,24.0,3.0,6.0,0.0,0.0,0.0,0.0,0.0
112745961,503,0,opponent,63428.0,11,3,27,0,0,4,0,6,4,4,12,0,0,0,1,0,0,0,0,61,25.0,0.0,5.0,9.0,49.0,0.0,4.0,6.0,33.0,0.0,3.0,2.0,0.0,0.0,0.0,0.0,0.0
112745961,503,1,self,63493.0,11,3,27,0,0,4,0,6,4,4,13,0,0,0,1,0,0,0,0,61,25.0,0.0,5.0,9.0,49.0,0.0,4.0,6.0,33.0,0.0,3.0,2.0,0.0,0.0,0.0,0.0,0.0
112745961,527,0,opponent,69677.0,11,3,37,0,0,12,0,9,0,6,15,0,0,0,1,0,0,0,0,73,30.0,0.0,5.0,9.0,52.0,0.0,8.0,9.0,28.0,2.0,3.0,2.0,0.0,0.0,0.0,0.0,0.0
112745961,527,1,self,69742.0,11,3,37,0,0,12,0,9,0,6,15,0,0,0,1,0,0,0,0,73,30.0,0.0,5.0,9.0,52.0,0.0,8.0,9.0,28.0,2.0,3.0,2.0,0.0,0.0,0.0,0.0,0.0
112745961,551,0,opponent,73478.0,11,3,49,0,0,9,0,9,4,4,14,0,0,0,1,0,0,0,0,63,31.0,0.0,5.0,9.0,48.0,0.0,0.0,9.0,27.0,2.0,3.0,4.0,0.0,0.0,0.0,0.0,0.0
112745961,551,1,self,73623.0,11,3,49,0,0,9,0,9,4,4,14,0,0,0,1,0,0,0,0,63,31.0,0.0,5.0,9.0,48.0,0.0,0.0,9.0,27.0,2.0,3.0,4.0,0.0,0.0,0.0,0.0,0.0
112745961,575,0,opponent,76420.0,11,3,38,0,0,17,0,6,8,8,17,0,0,0,1,0,0,0,0,77,38.0,0.0,5.0,9.0,64.0,0.0,0.0,8.0,20.0,5.0,3.0,0.0,0.0,0.0,0.0,0.0,0.0
112745961,575,1,self,76751.0,11,3,38,0,0,17,0,6,8,8,18,0,0,0,1,0,0,0,0,77,38.0,0.0,5.0,9.0,64.0,0.0,0.0,8.0,20.0,5.0,3.0,0.0,0.0,0.0,0.0,0.0,0.0
112745961,576,0,opponent,76420.0,0,3,38,0,0,22,0,8,8,8,16,0,0,0,1,0,0,0,0,102,38.0,0.0,5.0,9.0,69.0,0.0,8.0,15.0,20.0,4.0,3.0,6.0,0.0,0.0,0.0,0.0,0.0
112745961,576,1,self,76751.0,0,3,38,0,0,22,0,8,8,8,16,0,0,0,1,0,0,0,0,103,38.0,0.0,5.0,9.0,69.0,0.0,8.0,15.0,20.0,5.0,3.0,6.0,0.0,0.0,0.0,0.0,0.0
112745961,599,0,opponent,79300.0,12,3,51,0,0,5,0,15,0,2,17,0,0,0,1,0,0,0,0,69,37.0,0.0,5.0,9.0,61.0,0.0,0.0,0.0,17.0,0.0,3.0,4.0,4.0,4.0,0.0,0.0,0.0
112745961,599,1,self,79631.0,12,3,51,0,0,6,0,15,0,2,17,0,0,0,1,0,0,0,0,69,37.0,0.0,5.0,9.0,61.0,0.0,0.0,0.0,17.0,0.0,3.0,4.0,4.0,4.0,0.0,0.0,0.0
112745961,623,0,opponent,81186.0,11,3,58,0,0,21,0,4,4,6,16,0,0,0,1,0,0,0,0,80,27.0,0.0,5.0,9.0,57.0,0.0,0.0,4.0,13.0,0.0,3.0,1.0,18.0,18.0,0.0,0.0,0.0
112745961,623,1,self,81518.0,11,3,58,0,0,21,0,4,4,6,18,0,0,0,1,0,0,0,0,80,27.0,0.0,5.0,9.0,57.0,0.0,0.0,4.0,13.0,0.0,3.0,1.0,18.0,18.0,0.0,0.0,0.0
112745961,647,0,opponent,83646.0,11,3,57,0,0,0,0,5,7,2,16,0,0,0,1,0,0,0,0,87,16.0,0.0,5.0,9.0,48.0,0.0,0.0,6.0,13.0,0.0,3.0,3.0,29.0,30.0,0.0,0.0,0.0
112745961,647,1,self,83978.0,11,3,57,0,0,0,0,5,7,2,16,0,0,0,1,0,0,0,0,87,16.0,0.0,5.0,9.0,48.0,0.0,0.0,6.0,13.0,0.0,3.0,3.0,29.0,30.0,0.0,0.0,0.0
112745961,648,0,opponent,83665.0,0,3,57,0,0,0,0,5,7,2,15,0,0,0,1,0,0,0,0,142,16.0,0.0,5.0,9.0,52.0,0.0,7.0,15.0,13.0,26.0,3.0,8.0,29.0,34.0,0.0,0.0,0.0
112745961,648,1,self,83997.0,0,3,57,0,0,0,0,5,7,2,15,0,0,0,1,0,0,0,0,142,16.0,0.0,5.0,9.0,52.0,0.0,7.0,15.0,13.0,26.0,3.0,8.0,29.0,34.0,0.0,0.0,0.0
112745961,671,0,opponent,86592.0,11,3,39,14,0,20,0,8,7,4,6,0,0,0,2,7,0,0,0,87,16.0,0.0,5.0,9.0,41.0,0.0,0.0,3.0,4.0,0.0,3.0,4.0,28.0,39.0,0.0,0.0,0.0
112745961,671,1,self,86974.0,11,3,39,14,0,20,0,8,7,4,6,0,0,0,5,0,0,0,0,87,10.0,0.0,5.0,9.0,35.0,0.0,0.0,3.0,4.0,0.0,3.0,4.0,34.0,45.0,0.0,0.0,0.0
112745961,695,0,opponent,91438.0,11,3,50,29,0,0,0,0,0,6,8,0,0,0,2,7,0,0,0,53,8.0,0.0,5.0,9.0,11.0,0.0,0.0,7.0,0.0,0.0,3.0,0.0,15.0,35.0,0.0,0.0,0.0
112745961,695,1,self,91829.0,11,3,50,29,0,0,0,0,0,6,8,0,0,0,5,0,0,0,0,53,2.0,0.0,5.0,9.0,5.0,0.0,0.0,7.0,0.0,0.0,3.0,0.0,21.0,41.0,0.0,0.0,0.0
112745961,696,0,opponent,91817.0,0,3,45,33,0,0,0,0,0,6,6,0,0,0,2,7,0,0,0,68,7.0,0.0,5.0,9.0,8.0,0.0,8.0,17.0,0.0,0.0,3.0,4.0,14.0,31.0,0.0,0.0,0.0
112745961,696,1,self,92208.0,0,3,45,33,0,0,0,0,0,6,6,0,0,0,5,0,0,0,0,68,1.0,0.0,5.0,9.0,2.0,0.0,8.0,17.0,0.0,0.0,3.0,4.0,20.0,37.0,0.0,0.0,0.0
112745961,719,0,opponent,100195.0,11,3,0,0,0,0,0,0,0,0,0,0,0,0,2,7,0,0,0,1,0.0,0.0,5.0,9.0,0.0,0.0,0.0,1.0,0.0,0.0,3.0,0.0,0.0,0.0,0.0,0.0,0.0
112745961,719,1,self,100723.0,11,3,0,0,0,0,0,0,0,0,0,0,0,0,5,0,0,0,0,1,0.0,0.0,5.0,9.0,0.0,0.0,0.0,1.0,0.0,0.0,3.0,0.0,0.0,0.0,0.0,0.0,0.0
112746444,0,0,self,3000.0,0,1,0,0,0,0,0,0,0,0,0,0,0,0,0,0,0,0,0,0,0.0,0.0,0.0,0.0,0.0,0.0,0.0,0.0,0.0,0.0,0.0,0.0,0.0,0.0,0.0,0.0,0.0
112746444,0,1,opponent,3000.0,0,1,0,0,0,0,0,0,0,0,0,0,0,0,0,0,0,0,0,0,0.0,0.0,0.0,0.0,0.0,0.0,0.0,0.0,0.0,0.0,0.0,0.0,0.0,0.0,0.0,0.0,0.0
112746444,23,0,self,16.0,5,1,3,0,0,0,0,0,0,0,0,0,0,0,0,0,0,0,0,20,8.0,12.0,2.0,2.0,8.0,12.0,0.0,0.0,0.0,0.0,0.0,0.0,0.0,0.0,0.0,0.0,0.0
112746444,23,1,opponent,8.0,5,1,3,0,0,0,0,0,0,0,0,0,0,0,0,0,0,0,0,20,8.0,12.0,2.0,2.0,8.0,12.0,0.0,0.0,0.0,0.0,0.0,0.0,0.0,0.0,0.0,0.0,0.0
112746444,24,0,self,16.0,0,1,3,0,0,0,0,0,0,0,0,0,0,0,0,0,0,0,0,20,8.0,12.0,2.0,2.0,8.0,12.0,0.0,0.0,0.0,0.0,0.0,0.0,0.0,0.0,0.0,0.0,0.0
112746444,24,1,opponent,8.0,0,1,3,0,0,0,0,0,0,0,0,0,0,0,0,0,0,0,0,20,8.0,12.0,2.0,2.0,8.0,12.0,0.0,0.0,0.0,0.0,0.0,0.0,0.0,0.0,0.0,0.0,0.0
112746444,47,0,self,105.0,3,1,6,0,0,0,0,0,0,0,1,0,0,0,0,0,0,0,0,20,8.0,12.0,2.0,2.0,8.0,12.0,0.0,0.0,0.0,0.0,0.0,0.0,0.0,0.0,0.0,0.0,0.0
112746444,47,1,opponent,97.0,3,1,6,0,0,0,0,0,0,0,1,0,0,0,0,0,0,0,0,20,8.0,12.0,2.0,2.0,8.0,12.0,0.0,0.0,0.0,0.0,0.0,0.0,0.0,0.0,0.0,0.0,0.0
112746444,71,0,self,218.0,4,1,6,0,0,0,0,0,0,0,0,0,0,0,0,0,0,0,0,25,8.0,12.0,2.0,3.0,13.0,12.0,0.0,0.0,0.0,0.0,0.0,0.0,0.0,0.0,0.0,0.0,0.0
112746444,71,1,opponent,210.0,4,1,6,0,0,0,0,0,0,0,0,0,0,0,0,0,0,0,0,25,8.0,12.0,2.0,3.0,13.0,12.0,0.0,0.0,0.0,0.0,0.0,0.0,0.0,0.0,0.0,0.0,0.0
112746444,72,0,self,218.0,0,1,6,0,0,0,0,0,0,0,0,0,0,0,0,0,0,0,0,25,8.0,12.0,2.0,3.0,13.0,12.0,0.0,0.0,0.0,0.0,0.0,0.0,0.0,0.0,0.0,0.0,0.0
112746444,72,1,opponent,210.0,0,1,6,0,0,0,0,0,0,0,0,0,0,0,0,0,0,0,0,25,8.0,12.0,2.0,3.0,13.0,12.0,0.0,0.0,0.0,0.0,0.0,0.0,0.0,0.0,0.0,0.0,0.0
112746444,95,0,self,271.0,5,1,14,0,0,0,0,0,0,0,1,1,0,0,0,0,0,0,0,19,7.0,12.0,2.0,3.0,7.0,12.0,0.0,0.0,0.0,0.0,0.0,0.0,0.0,0.0,0.0,0.0,0.0
112746444,95,1,opponent,263.0,5,1,14,0,0,0,0,0,0,0,1,1,0,0,0,0,0,0,0,19,7.0,12.0,2.0,3.0,7.0,12.0,0.0,0.0,0.0,0.0,0.0,0.0,0.0,0.0,0.0,0.0,0.0
112746444,119,0,self,676.0,4,1,19,0,0,0,0,0,0,0,1,0,0,0,0,0,0,0,0,19,7.0,12.0,2.0,4.0,7.0,12.0,0.0,0.0,0.0,0.0,0.0,0.0,0.0,0.0,0.0,0.0,0.0
112746444,119,1,opponent,668.0,4,1,19,0,0,0,0,0,0,0,1,0,0,0,0,0,0,0,0,19,7.0,12.0,2.0,4.0,7.0,12.0,0.0,0.0,0.0,0.0,0.0,0.0,0.0,0.0,0.0,0.0,0.0
112746444,143,0,self,791.0,4,1,19,0,0,0,0,0,0,0,2,0,0,0,0,0,0,0,0,15,3.0,12.0,2.0,4.0,3.0,12.0,0.0,0.0,4.0,0.0,0.0,0.0,0.0,0.0,0.0,0.0,0.0
112746444,143,1,opponent,783.0,4,1,19,0,0,0,0,0,0,0,2,0,0,0,0,0,0,0,0,15,3.0,12.0,2.0,4.0,3.0,12.0,0.0,0.0,4.0,0.0,0.0,0.0,0.0,0.0,0.0,0.0,0.0
112746444,144,0,self,791.0,0,1,19,0,0,0,0,0,0,0,2,0,0,0,0,0,0,0,0,27,3.0,12.0,2.0,4.0,3.0,12.0,12.0,0.0,4.0,0.0,0.0,0.0,0.0,0.0,0.0,0.0,0.0
112746444,144,1,opponent,783.0,0,1,19,0,0,0,0,0,0,0,2,0,0,0,0,0,0,0,0,27,3.0,12.0,2.0,4.0,3.0,12.0,12.0,0.0,4.0,0.0,0.0,0.0,0.0,0.0,0.0,0.0,0.0
112746444,167,0,self,740.0,7,2,16,0,0,0,0,0,2,0,1,0,0,0,0,0,0,0,0,30,6.0,12.0,2.0,6.0,7.0,23.0,0.0,0.0,12.0,0.0,0.0,0.0,0.0,0.0,0.0,0.0,0.0
112746444,167,1,opponent,732.0,7,2,16,0,0,0,0,0,2,0,1,0,0,0,0,0,0,0,0,30,6.0,12.0,2.0,6.0,7.0,23.0,0.0,0.0,12.0,0.0,0.0,0.0,0.0,0.0,0.0,0.0,0.0
112746444,191,0,self,476.0,7,2,13,0,0,0,0,0,0,0,1,0,0,0,0,0,0,0,0,45,9.0,12.0,2.0,8.0,9.0,36.0,0.0,0.0,16.0,0.0,0.0,0.0,0.0,0.0,0.0,0.0,0.0
112746444,191,1,opponent,468.0,7,2,13,0,0,0,0,0,0,0,1,0,0,0,0,0,0,0,0,45,9.0,12.0,2.0,8.0,9.0,36.0,0.0,0.0,16.0,0.0,0.0,0.0,0.0,0.0,0.0,0.0,0.0
112746444,192,0,self,476.0,0,2,13,0,0,0,0,0,0,0,1,0,0,0,0,0,0,0,0,57,9.0,12.0,2.0,8.0,9.0,36.0,0.0,12.0,16.0,0.0,0.0,0.0,0.0,0.0,0.0,0.0,0.0
112746444,192,1,opponent,468.0,0,2,13,0,0,0,0,0,0,0,1,0,0,0,0,0,0,0,0,57,9.0,12.0,2.0,8.0,9.0,36.0,0.0,12.0,16.0,0.0,0.0,0.0,0.0,0.0,0.0,0.0,0.0
112746444,215,0,self,1612.0,8,2,32,0,0,0,0,0,0,0,3,0,0,0,0,0,0,0,0,52,5.0,12.0,4.0,8.0,5.0,47.0,0.0,0.0,20.0,0.0,0.0,0.0,0.0,0.0,0.0,0.0,0.0
112746444,215,1,opponent,1604.0,8,2,32,0,0,0,0,0,0,0,3,0,0,0,0,0,0,0,0,52,5.0,12.0,4.0,8.0,5.0,47.0,0.0,0.0,20.0,0.0,0.0,0.0,0.0,0.0,0.0,0.0,0.0
112746444,239,0,self,2593.0,8,2,40,0,0,0,0,0,0,0,1,0,1,0,0,0,0,0,0,64,5.0,12.0,4.0,9.0,5.0,59.0,0.0,0.0,20.0,0.0,0.0,0.0,0.0,0.0,0.0,0.0,0.0
112746444,239,1,opponent,2585.0,8,2,40,0,0,0,0,0,0,0,1,0,1,0,0,0,0,0,0,64,5.0,12.0,4.0,9.0,5.0,59.0,0.0,0.0,20.0,0.0,0.0,0.0,0.0,0.0,0.0,0.0,0.0
112746444,240,0,self,2593.0,0,2,40,0,0,0,0,0,0,0,1,0,1,0,0,0,0,0,0,77,5.0,12.0,4.0,9.0,5.0,60.0,0.0,12.0,20.0,0.0,0.0,0.0,0.0,0.0,0.0,0.0,0.0
112746444,240,1,opponent,2585.0,0,2,40,0,0,0,0,0,0,0,1,0,1,0,0,0,0,0,0,77,5.0,12.0,4.0,9.0,5.0,60.0,0.0,12.0,20.0,0.0,0.0,0.0,0.0,0.0,0.0,0.0,0.0
112746444,263,0,self,16738.0,11,2,42,0,0,0,12,0,0,0,11,0,0,0,0,0,0,0,0,13,12.0,0.0,5.0,9.0,13.0,0.0,0.0,0.0,20.0,0.0,2.0,0.0,0.0,0.0,0.0,0.0,0.0
112746444,263,1,opponent,16730.0,11,2,42,0,0,0,12,0,0,0,11,0,0,0,0,0,0,0,0,13,12.0,0.0,5.0,9.0,13.0,0.0,0.0,0.0,20.0,0.0,2.0,0.0,0.0,0.0,0.0,0.0,0.0
112746444,287,0,self,16211.0,10,3,37,0,0,0,0,0,0,0,16,0,0,0,0,0,0,0,0,24,21.0,0.0,5.0,9.0,24.0,0.0,0.0,0.0,33.0,0.0,3.0,0.0,0.0,0.0,0.0,0.0,0.0
112746444,287,1,opponent,16203.0,10,3,37,0,0,0,0,0,0,0,16,0,0,0,0,0,0,0,0,24,21.0,0.0,5.0,9.0,24.0,0.0,0.0,0.0,33.0,0.0,3.0,0.0,0.0,0.0,0.0,0.0,0.0
112746444,288,0,self,16211.0,0,3,39,0,0,0,0,0,0,0,17,0,0,0,0,0,0,0,0,39,20.0,0.0,5.0,9.0,22.0,0.0,8.0,9.0,33.0,0.0,3.0,0.0,0.0,0.0,0.0,0.0,0.0
112746444,288,1,opponent,16203.0,0,3,39,0,0,0,0,0,0,0,17,0,0,0,0,0,0,0,0,39,20.0,0.0,5.0,9.0,22.0,0.0,8.0,9.0,33.0,0.0,3.0,0.0,0.0,0.0,0.0,0.0,0.0
112746444,311,0,self,20404.0,9,3,14,0,0,0,0,0,0,0,17,0,0,0,0,0,0,0,0,30,24.0,0.0,5.0,9.0,27.0,0.0,0.0,3.0,33.0,0.0,3.0,0.0,0.0,0.0,0.0,0.0,0.0
112746444,311,1,opponent,20396.0,9,3,14,0,0,0,0,0,0,0,17,0,0,0,0,0,0,0,0,30,24.0,0.0,5.0,9.0,27.0,0.0,0.0,3.0,33.0,0.0,3.0,0.0,0.0,0.0,0.0,0.0,0.0
112746444,335,0,self,22510.0,9,3,16,0,0,0,0,0,0,0,14,0,0,0,0,0,0,0,0,32,24.0,0.0,5.0,9.0,32.0,0.0,0.0,0.0,33.0,0.0,3.0,0.0,0.0,0.0,0.0,0.0,0.0
112746444,335,1,opponent,22502.0,9,3,16,0,0,0,0,0,0,0,14,0,0,0,0,0,0,0,0,32,24.0,0.0,5.0,9.0,32.0,0.0,0.0,0.0,33.0,0.0,3.0,0.0,0.0,0.0,0.0,0.0,0.0
112746444,359,0,self,27295.0,9,3,21,0,0,0,0,6,3,8,20,0,0,0,0,0,0,0,0,38,24.0,0.0,5.0,9.0,38.0,0.0,0.0,0.0,33.0,0.0,3.0,0.0,0.0,0.0,0.0,0.0,0.0
112746444,359,1,opponent,27287.0,9,3,21,0,0,0,0,6,3,8,20,0,0,0,0,0,0,0,0,38,24.0,0.0,5.0,9.0,38.0,0.0,0.0,0.0,33.0,0.0,3.0,0.0,0.0,0.0,0.0,0.0,0.0
112746444,360,0,self,28164.0,0,3,21,0,0,0,0,6,0,8,15,0,0,0,0,0,0,0,0,79,24.0,0.0,5.0,9.0,40.0,0.0,8.0,15.0,33.0,8.0,3.0,8.0,0.0,0.0,0.0,0.0,0.0
112746444,360,1,opponent,28156.0,0,3,21,0,0,0,0,6,0,8,15,0,0,0,0,0,0,0,0,79,24.0,0.0,5.0,9.0,40.0,0.0,8.0,15.0,33.0,8.0,3.0,8.0,0.0,0.0,0.0,0.0,0.0
112746444,383,0,self,34419.0,10,3,23,0,0,0,0,0,8,6,11,0,0,0,1,0,0,0,0,40,24.0,0.0,5.0,9.0,38.0,0.0,0.0,0.0,33.0,0.0,3.0,2.0,0.0,0.0,0.0,0.0,0.0
112746444,383,1,opponent,34411.0,10,3,23,0,0,0,0,0,8,6,11,0,0,0,1,0,0,0,0,40,24.0,0.0,5.0,9.0,38.0,0.0,0.0,0.0,33.0,0.0,3.0,2.0,0.0,0.0,0.0,0.0,0.0
112746444,407,0,self,41299.0,11,3,30,0,0,0,0,3,0,5,11,0,0,0,1,0,0,0,0,38,25.0,0.0,5.0,9.0,36.0,0.0,0.0,0.0,33.0,0.0,3.0,2.0,0.0,0.0,0.0,0.0,0.0
112746444,407,1,opponent,41291.0,11,3,30,0,0,0,0,3,0,5,11,0,0,0,1,0,0,0,0,38,25.0,0.0,5.0,9.0,36.0,0.0,0.0,0.0,33.0,0.0,3.0,2.0,0.0,0.0,0.0,0.0,0.0
112746444,431,0,self,43512.0,11,3,30,0,0,0,0,9,8,6,15,0,0,0,1,0,0,0,0,44,25.0,0.0,5.0,9.0,36.0,0.0,0.0,6.0,33.0,0.0,3.0,2.0,0.0,0.0,0.0,0.0,0.0
112746444,431,1,opponent,43504.0,11,3,30,0,0,0,0,9,8,6,15,0,0,0,1,0,0,0,0,44,25.0,0.0,5.0,9.0,36.0,0.0,0.0,6.0,33.0,0.0,3.0,2.0,0.0,0.0,0.0,0.0,0.0
112746444,432,0,self,43564.0,0,3,30,0,0,0,0,9,8,5,16,0,0,0,1,0,0,0,0,99,25.0,0.0,5.0,9.0,38.0,0.0,8.0,21.0,33.0,24.0,3.0,8.0,0.0,0.0,0.0,0.0,0.0
112746444,432,1,opponent,43556.0,0,3,30,0,0,0,0,9,8,5,16,0,0,0,1,0,0,0,0,99,25.0,0.0,5.0,9.0,38.0,0.0,8.0,21.0,33.0,24.0,3.0,8.0,0.0,0.0,0.0,0.0,0.0
112746444,455,0,self,44723.0,13,4,25,0,0,6,0,12,0,4,14,0,0,0,1,0,0,0,0,51,25.0,0.0,5.0,9.0,38.0,0.0,4.0,3.0,33.0,2.0,3.0,4.0,0.0,0.0,0.0,10.0,0.0
112746444,455,1,opponent,44715.0,13,4,25,0,0,6,0,12,0,4,14,0,0,0,1,0,0,0,0,51,25.0,0.0,5.0,9.0,38.0,0.0,4.0,3.0,33.0,2.0,3.0,4.0,0.0,0.0,0.0,10.0,0.0
112746444,479,0,self,47600.0,11,4,24,0,0,6,0,12,4,10,13,0,0,0,1,0,0,0,0,45,25.0,0.0,5.0,9.0,42.0,0.0,0.0,3.0,33.0,0.0,3.0,0.0,0.0,0.0,0.0,10.0,0.0
112746444,479,1,opponent,47592.0,11,4,24,0,0,6,0,12,4,10,13,0,0,0,1,0,0,0,0,45,25.0,0.0,5.0,9.0,42.0,0.0,0.0,3.0,33.0,0.0,3.0,0.0,0.0,0.0,0.0,10.0,0.0
112746444,480,0,self,48447.0,0,4,24,0,0,6,0,6,4,10,14,0,0,0,1,0,0,0,0,102,25.0,0.0,5.0,9.0,46.0,0.0,8.0,18.0,33.0,24.0,3.0,6.0,0.0,0.0,0.0,10.0,0.0
112746444,480,1,opponent,48439.0,0,4,24,0,0,6,0,6,4,10,14,0,0,0,1,0,0,0,0,102,25.0,0.0,5.0,9.0,46.0,0.0,8.0,18.0,33.0,24.0,3.0,6.0,0.0,0.0,0.0,10.0,0.0
112746444,503,0,self,51152.0,12,4,26,0,0,4,0,6,4,7,13,0,0,0,1,0,0,0,0,61,25.0,0.0,5.0,9.0,49.0,0.0,4.0,6.0,33.0,0.0,3.0,2.0,0.0,0.0,0.0,10.0,0.0
112746444,503,1,opponent,51144.0,12,4,26,0,0,4,0,6,4,7,13,0,0,0,1,0,0,0,0,61,25.0,0.0,5.0,9.0,49.0,0.0,4.0,6.0,33.0,0.0,3.0,2.0,0.0,0.0,0.0,10.0,0.0
112746444,527,0,self,54573.0,11,4,36,0,0,12,0,9,0,4,16,0,0,0,1,0,0,0,0,75,30.0,0.0,5.0,9.0,52.0,0.0,8.0,9.0,28.0,2.0,3.0,4.0,0.0,0.0,0.0,10.0,0.0
112746444,527,1,opponent,54565.0,11,4,36,0,0,12,0,9,0,4,16,0,0,0,1,0,0,0,0,75,30.0,0.0,5.0,9.0,52.0,0.0,8.0,9.0,28.0,2.0,3.0,4.0,0.0,0.0,0.0,10.0,0.0
112746444,551,0,self,58937.0,12,4,33,0,0,10,0,10,4,4,13,0,0,0,1,0,0,0,0,64,31.0,0.0,5.0,9.0,47.0,0.0,0.0,9.0,27.0,2.0,3.0,6.0,0.0,0.0,0.0,10.0,0.0
112746444,551,1,opponent,58929.0,12,4,33,0,0,10,0,10,4,4,13,0,0,0,1,0,0,0,0,64,31.0,0.0,5.0,9.0,47.0,0.0,0.0,9.0,27.0,2.0,3.0,6.0,0.0,0.0,0.0,10.0,0.0
112746444,575,0,self,62582.0,11,4,29,0,0,17,0,6,8,4,17,0,0,0,1,0,0,0,0,81,38.0,0.0,5.0,9.0,65.0,0.0,0.0,9.0,20.0,5.0,3.0,2.0,0.0,0.0,0.0,10.0,0.0
112746444,575,1,opponent,62574.0,11,4,29,0,0,17,0,6,8,4,17,0,0,0,1,0,0,0,0,81,38.0,0.0,5.0,9.0,65.0,0.0,0.0,9.0,20.0,5.0,3.0,2.0,0.0,0.0,1.0,10.0,0.0
112746444,576,0,self,62582.0,0,4,29,0,0,22,0,9,8,4,17,0,0,0,1,0,0,0,0,113,38.0,0.0,5.0,9.0,70.0,0.0,8.0,21.0,20.0,6.0,3.0,8.0,0.0,0.0,1.0,10.0,0.0
112746444,576,1,opponent,62574.0,0,4,29,0,0,22,0,9,8,4,17,0,0,0,1,0,0,0,0,113,38.0,0.0,5.0,9.0,70.0,0.0,8.0,21.0,20.0,6.0,3.0,8.0,0.0,0.0,1.0,10.0,0.0
112746444,599,0,self,67250.0,13,4,47,0,0,6,0,21,0,6,16,0,0,0,1,0,0,0,0,69,37.0,0.0,5.0,9.0,63.0,0.0,0.0,0.0,17.0,0.0,3.0,2.0,4.0,4.0,1.0,10.0,0.0
112746444,599,1,opponent,67242.0,13,4,47,0,0,6,0,21,0,6,16,0,0,0,1,0,0,0,0,69,37.0,0.0,5.0,9.0,63.0,0.0,0.0,0.0,17.0,0.0,3.0,2.0,4.0,4.0,1.0,10.0,0.0
112746444,623,0,self,69788.0,13,4,50,0,0,21,0,6,4,4,15,0,0,0,1,0,0,0,0,85,27.0,0.0,5.0,9.0,60.0,0.0,0.0,6.0,13.0,0.0,3.0,1.0,18.0,18.0,1.0,10.0,0.0
112746444,623,1,opponent,69780.0,13,4,50,0,0,21,0,6,4,4,15,0,0,0,1,0,0,0,0,85,27.0,0.0,5.0,9.0,60.0,0.0,0.0,6.0,13.0,0.0,3.0,1.0,18.0,18.0,1.0,10.0,0.0
112746444,647,0,self,74165.0,14,4,53,0,8,0,0,9,7,2,16,0,0,0,1,0,0,0,0,86,16.0,0.0,5.0,9.0,44.0,0.0,0.0,8.0,13.0,0.0,3.0,3.0,29.0,31.0,1.0,10.0,0.0
112746444,647,1,opponent,74157.0,14,4,53,0,8,0,0,9,7,2,16,0,0,0,1,0,0,0,0,86,16.0,0.0,5.0,9.0,44.0,0.0,0.0,8.0,13.0,0.0,3.0,3.0,29.0,31.0,1.0,10.0,0.0
112746444,648,0,self,74165.0,0,4,53,0,8,0,0,9,7,2,17,0,0,0,1,0,0,0,0,162,16.0,0.0,5.0,9.0,48.0,0.0,7.0,18.0,13.0,26.0,3.0,8.0,29.0,35.0,1.0,10.0,20.0
112746444,648,1,opponent,74157.0,0,4,53,0,8,0,0,9,7,2,17,0,0,0,1,0,0,0,0,162,16.0,0.0,5.0,9.0,48.0,0.0,7.0,18.0,13.0,26.0,3.0,8.0,29.0,35.0,1.0,10.0,20.0
112746444,671,0,self,80182.0,13,4,33,15,14,20,0,10,7,0,5,0,0,0,1,0,0,0,0,87,18.0,0.0,5.0,9.0,38.0,0.0,0.0,3.0,4.0,0.0,3.0,8.0,26.0,38.0,1.0,10.0,0.0
112746444,671,1,opponent,80174.0,13,4,33,15,14,20,0,10,7,0,5,0,0,0,1,0,0,0,0,87,18.0,0.0,5.0,9.0,38.0,0.0,0.0,3.0,4.0,0.0,3.0,8.0,26.0,38.0,1.0,10.0,0.0
112746444,695,0,self,89413.0,13,4,44,33,0,0,0,1,0,8,8,0,0,0,1,0,0,0,0,50,10.0,0.0,5.0,9.0,12.0,0.0,0.0,9.0,0.0,0.0,3.0,0.0,13.0,29.0,1.0,10.0,0.0
112746444,695,1,opponent,89405.0,13,4,44,33,0,0,0,1,0,8,8,0,0,0,1,0,0,0,0,50,10.0,0.0,5.0,9.0,12.0,0.0,0.0,9.0,0.0,0.0,3.0,0.0,13.0,29.0,1.0,10.0,0.0
112746444,696,0,self,89653.0,0,4,42,36,0,0,0,1,0,8,6,0,0,0,1,0,0,0,0,87,9.0,0.0,5.0,9.0,10.0,0.0,8.0,19.0,0.0,0.0,3.0,4.0,12.0,26.0,1.0,10.0,20.0
112746444,696,1,opponent,89645.0,0,4,42,36,0,0,0,1,0,8,6,0,0,0,1,0,0,0,0,87,9.0,0.0,5.0,9.0,10.0,0.0,8.0,19.0,0.0,0.0,3.0,4.0,12.0,26.0,1.0,10.0,20.0
112746444,719,0,self,99253.0,13,4,0,0,0,0,0,0,0,0,0,0,0,0,1,0,0,0,0,1,0.0,0.0,5.0,9.0,0.0,0.0,0.0,1.0,0.0,0.0,3.0,0.0,0.0,0.0,1.0,10.0,0.0
112746444,719,1,opponent,99245.0,13,4,0,0,0,0,0,0,0,0,0,0,0,0,1,0,0,0,0,1,0.0,0.0,5.0,9.0,0.0,0.0,0.0,1.0,0.0,0.0,3.0,0.0,0.0,0.0,1.0,10.0,0.0
112747130,0,0,opponent,3000.0,0,1,0,0,0,0,0,0,0,0,0,0,0,0,0,0,0,0,0,0,0.0,0.0,0.0,0.0,0.0,0.0,0.0,0.0,0.0,0.0,0.0,0.0,0.0,0.0,0.0,0.0,0.0
112747130,0,1,self,3000.0,0,1,0,0,0,0,0,0,0,0,0,0,0,0,0,0,0,0,0,0,0.0,0.0,0.0,0.0,0.0,0.0,0.0,0.0,0.0,0.0,0.0,0.0,0.0,0.0,0.0,0.0,0.0
112747130,23,0,opponent,21.0,5,1,3,0,0,0,0,0,0,0,0,0,0,0,0,0,0,0,0,19,7.0,12.0,2.0,2.0,7.0,12.0,0.0,0.0,0.0,0.0,0.0,0.0,0.0,0.0,0.0,0.0,0.0
112747130,23,1,self,13.0,5,1,3,0,0,0,0,0,0,0,0,0,0,0,0,0,0,0,0,20,8.0,12.0,2.0,2.0,8.0,12.0,0.0,0.0,0.0,0.0,0.0,0.0,0.0,0.0,0.0,0.0,0.0
112747130,24,0,opponent,21.0,0,1,3,0,0,0,0,0,0,0,0,0,0,0,0,0,0,0,0,19,7.0,12.0,2.0,2.0,7.0,12.0,0.0,0.0,0.0,0.0,0.0,0.0,0.0,0.0,0.0,0.0,0.0
112747130,24,1,self,13.0,0,1,3,0,0,0,0,0,0,0,0,0,0,0,0,0,0,0,0,20,8.0,12.0,2.0,2.0,8.0,12.0,0.0,0.0,0.0,0.0,0.0,0.0,0.0,0.0,0.0,0.0,0.0
112747130,47,0,opponent,81.0,3,1,7,0,0,0,0,0,0,0,1,0,0,0,0,0,0,0,0,19,7.0,12.0,2.0,2.0,7.0,12.0,0.0,0.0,0.0,0.0,0.0,0.0,0.0,0.0,0.0,0.0,0.0
112747130,47,1,self,102.0,3,1,6,0,0,0,0,0,0,0,1,0,0,0,0,0,0,0,0,20,8.0,12.0,2.0,2.0,8.0,12.0,0.0,0.0,0.0,0.0,0.0,0.0,0.0,0.0,0.0,0.0,0.0
112747130,71,0,opponent,197.0,3,1,7,0,0,0,0,0,0,0,0,0,0,0,0,0,0,0,0,22,7.0,12.0,2.0,3.0,10.0,12.0,0.0,0.0,0.0,0.0,0.0,0.0,0.0,0.0,0.0,0.0,0.0
112747130,71,1,self,215.0,4,1,6,0,0,0,0,0,0,0,0,0,0,0,0,0,0,0,0,25,8.0,12.0,2.0,3.0,13.0,12.0,0.0,0.0,0.0,0.0,0.0,0.0,0.0,0.0,0.0,0.0,0.0
112747130,72,0,opponent,197.0,0,1,7,0,0,0,0,0,0,0,0,0,0,0,0,0,0,0,0,23,7.0,12.0,2.0,3.0,11.0,12.0,0.0,0.0,0.0,0.0,0.0,0.0,0.0,0.0,0.0,0.0,0.0
112747130,72,1,self,215.0,0,1,6,0,0,0,0,0,0,0,0,0,0,0,0,0,0,0,0,25,8.0,12.0,2.0,3.0,13.0,12.0,0.0,0.0,0.0,0.0,0.0,0.0,0.0,0.0,0.0,0.0,0.0
112747130,95,0,opponent,280.0,5,1,11,0,0,0,0,0,0,0,1,1,0,0,0,0,0,0,0,19,7.0,12.0,2.0,3.0,7.0,12.0,0.0,0.0,0.0,0.0,0.0,0.0,0.0,0.0,0.0,0.0,0.0
112747130,95,1,self,268.0,5,1,14,0,0,0,0,0,0,0,1,1,0,0,0,0,0,0,0,19,7.0,12.0,2.0,3.0,7.0,12.0,0.0,0.0,0.0,0.0,0.0,0.0,0.0,0.0,0.0,0.0,0.0
112747130,119,0,opponent,685.0,4,1,16,0,0,0,0,0,0,0,1,0,0,0,0,0,0,0,0,19,7.0,12.0,2.0,4.0,7.0,12.0,0.0,0.0,0.0,0.0,0.0,0.0,0.0,0.0,0.0,0.0,0.0
112747130,119,1,self,673.0,4,1,19,0,0,0,0,0,0,0,1,0,0,0,0,0,0,0,0,19,7.0,12.0,2.0,4.0,7.0,12.0,0.0,0.0,0.0,0.0,0.0,0.0,0.0,0.0,0.0,0.0,0.0
112747130,143,0,opponent,800.0,4,1,16,0,0,0,0,0,0,0,2,0,0,0,0,0,0,0,0,15,3.0,12.0,2.0,4.0,3.0,12.0,0.0,0.0,4.0,0.0,0.0,0.0,0.0,0.0,0.0,0.0,0.0
112747130,143,1,self,788.0,4,1,19,0,0,0,0,0,0,0,2,0,0,0,0,0,0,0,0,15,3.0,12.0,2.0,4.0,3.0,12.0,0.0,0.0,4.0,0.0,0.0,0.0,0.0,0.0,0.0,0.0,0.0
112747130,144,0,opponent,800.0,0,1,16,0,0,0,0,0,0,0,2,0,0,0,0,0,0,0,0,27,3.0,12.0,2.0,4.0,3.0,12.0,12.0,0.0,4.0,0.0,0.0,0.0,0.0,0.0,0.0,0.0,0.0
112747130,144,1,self,788.0,0,1,19,0,0,0,0,0,0,0,2,0,0,0,0,0,0,0,0,27,3.0,12.0,2.0,4.0,3.0,12.0,12.0,0.0,4.0,0.0,0.0,0.0,0.0,0.0,0.0,0.0,0.0
112747130,167,0,opponent,949.0,7,2,13,0,0,0,0,0,2,0,1,0,0,0,0,0,0,0,0,30,6.0,12.0,2.0,4.0,7.0,23.0,0.0,0.0,12.0,0.0,2.0,0.0,0.0,0.0,0.0,0.0,0.0
112747130,167,1,self,937.0,7,2,16,0,0,0,0,0,2,0,1,0,0,0,0,0,0,0,0,30,6.0,12.0,2.0,4.0,7.0,23.0,0.0,0.0,12.0,0.0,2.0,0.0,0.0,0.0,0.0,0.0,0.0
112747130,191,0,opponent,746.0,7,2,8,0,0,0,0,0,0,0,1,0,0,0,0,0,0,0,0,45,9.0,12.0,2.0,6.0,9.0,36.0,0.0,0.0,16.0,0.0,2.0,0.0,0.0,0.0,0.0,0.0,0.0
112747130,191,1,self,734.0,7,2,11,0,0,0,0,0,0,0,1,0,0,0,0,0,0,0,0,45,9.0,12.0,2.0,6.0,9.0,36.0,0.0,0.0,16.0,0.0,2.0,0.0,0.0,0.0,0.0,0.0,0.0
112747130,192,0,opponent,746.0,0,2,8,0,0,0,0,0,0,0,1,0,0,0,0,0,0,0,0,57,9.0,12.0,2.0,6.0,9.0,36.0,0.0,12.0,16.0,0.0,2.0,0.0,0.0,0.0,0.0,0.0,0.0
112747130,192,1,self,734.0,0,2,11,0,0,0,0,0,0,0,1,0,0,0,0,0,0,0,0,57,9.0,12.0,2.0,6.0,9.0,36.0,0.0,12.0,16.0,0.0,2.0,0.0,0.0,0.0,0.0,0.0,0.0
112747130,215,0,opponent,1275.0,8,2,25,0,0,0,0,0,0,0,3,0,0,0,0,0,0,0,0,52,5.0,12.0,4.0,6.0,5.0,47.0,0.0,0.0,20.0,0.0,2.0,0.0,0.0,0.0,0.0,0.0,0.0
112747130,215,1,self,1263.0,8,2,28,0,0,0,0,0,0,0,3,0,0,0,0,0,0,0,0,52,5.0,12.0,4.0,6.0,5.0,47.0,0.0,0.0,20.0,0.0,2.0,0.0,0.0,0.0,0.0,0.0,0.0
112747130,239,0,opponent,2162.0,8,2,33,0,0,0,0,0,0,0,1,0,1,0,0,0,0,0,0,64,5.0,12.0,5.0,6.0,5.0,59.0,0.0,0.0,20.0,0.0,2.0,0.0,0.0,0.0,0.0,0.0,0.0
112747130,239,1,self,2150.0,8,2,36,0,0,0,0,0,0,0,1,0,1,0,0,0,0,0,0,64,5.0,12.0,5.0,6.0,5.0,59.0,0.0,0.0,20.0,0.0,2.0,0.0,0.0,0.0,0.0,0.0,0.0
112747130,240,0,opponent,2162.0,0,2,33,0,0,0,0,0,0,0,1,0,1,0,0,0,0,0,0,84,5.0,12.0,5.0,6.0,5.0,60.0,0.0,12.0,20.0,0.0,2.0,7.0,0.0,0.0,0.0,0.0,0.0
112747130,240,1,self,2150.0,0,2,36,0,0,0,0,0,0,0,1,0,1,0,0,0,0,0,0,84,5.0,12.0,5.0,6.0,5.0,60.0,0.0,12.0,20.0,0.0,2.0,7.0,0.0,0.0,0.0,0.0,0.0
112747130,263,0,opponent,14613.0,11,2,42,0,0,0,12,3,0,4,10,0,0,0,0,0,0,0,0,16,12.0,0.0,6.0,6.0,13.0,0.0,0.0,0.0,20.0,0.0,4.0,3.0,0.0,0.0,0.0,0.0,0.0
112747130,263,1,self,14721.0,11,2,42,0,0,0,12,3,0,4,10,0,0,0,0,0,0,0,0,16,12.0,0.0,6.0,6.0,13.0,0.0,0.0,0.0,20.0,0.0,4.0,3.0,0.0,0.0,0.0,0.0,0.0
112747130,287,0,opponent,13901.0,11,3,37,0,0,0,0,0,0,0,16,0,0,0,0,0,0,0,0,28,21.0,0.0,6.0,6.0,24.0,0.0,0.0,0.0,33.0,0.0,5.0,4.0,0.0,0.0,0.0,0.0,0.0
112747130,287,1,self,14020.0,11,3,37,0,0,0,0,0,0,0,16,0,0,0,0,0,0,0,0,28,21.0,0.0,6.0,6.0,24.0,0.0,0.0,0.0,33.0,0.0,5.0,4.0,0.0,0.0,0.0,0.0,0.0
112747130,288,0,opponent,13901.0,0,3,39,0,0,0,0,0,0,0,17,0,0,0,0,0,0,0,0,44,20.0,0.0,6.0,6.0,22.0,0.0,8.0,9.0,33.0,0.0,5.0,5.0,0.0,0.0,0.0,0.0,0.0
112747130,288,1,self,14020.0,0,3,39,0,0,0,0,0,0,0,17,0,0,0,0,0,0,0,0,44,20.0,0.0,6.0,6.0,22.0,0.0,8.0,9.0,33.0,0.0,5.0,5.0,0.0,0.0,0.0,0.0,0.0
112747130,311,0,opponent,17306.0,9,3,14,0,0,0,0,0,0,0,17,0,0,0,0,0,0,0,0,35,24.0,0.0,6.0,6.0,27.0,0.0,0.0,3.0,33.0,0.0,5.0,5.0,0.0,0.0,0.0,0.0,0.0
112747130,311,1,self,17363.0,9,3,14,0,0,0,0,0,0,0,17,0,0,0,0,0,0,0,0,35,24.0,0.0,6.0,6.0,27.0,0.0,0.0,3.0,33.0,0.0,5.0,5.0,0.0,0.0,0.0,0.0,0.0
112747130,335,0,opponent,18610.0,9,3,16,0,0,0,0,0,0,4,15,0,0,0,0,0,0,0,0,34,24.0,0.0,6.0,6.0,32.0,0.0,0.0,0.0,33.0,0.0,5.0,2.0,0.0,0.0,0.0,0.0,0.0
112747130,335,1,self,18667.0,9,3,16,0,0,0,0,0,0,4,15,0,0,0,0,0,0,0,0,34,24.0,0.0,6.0,6.0,32.0,0.0,0.0,0.0,33.0,0.0,5.0,2.0,0.0,0.0,0.0,0.0,0.0
112747130,359,0,opponent,19988.0,10,3,24,0,0,0,0,6,3,8,14,0,0,0,0,0,0,0,0,36,24.0,0.0,6.0,6.0,36.0,0.0,0.0,0.0,33.0,0.0,5.0,0.0,0.0,0.0,0.0,0.0,0.0
112747130,359,1,self,20045.0,10,3,24,0,0,0,0,6,3,8,14,0,0,0,0,0,0,0,0,36,24.0,0.0,6.0,6.0,36.0,0.0,0.0,0.0,33.0,0.0,5.0,0.0,0.0,0.0,0.0,0.0,0.0
112747130,360,0,opponent,20209.0,0,3,24,0,0,0,0,6,0,8,12,0,0,0,0,0,0,0,0,84,24.0,0.0,6.0,6.0,38.0,0.0,11.0,15.0,33.0,8.0,5.0,12.0,0.0,0.0,0.0,0.0,0.0
112747130,360,1,self,20266.0,0,3,24,0,0,0,0,6,0,8,12,0,0,0,0,0,0,0,0,84,24.0,0.0,6.0,6.0,38.0,0.0,11.0,15.0,33.0,8.0,5.0,12.0,0.0,0.0,0.0,0.0,0.0
112747130,383,0,opponent,23516.0,11,3,23,0,0,0,0,0,11,2,11,0,0,0,1,0,0,0,0,49,24.0,0.0,6.0,6.0,39.0,0.0,0.0,0.0,33.0,0.0,5.0,10.0,0.0,0.0,0.0,0.0,0.0
112747130,383,1,self,23588.0,11,3,23,0,0,0,0,0,11,2,11,0,0,0,1,0,0,0,0,49,24.0,0.0,6.0,6.0,39.0,0.0,0.0,0.0,33.0,0.0,5.0,10.0,0.0,0.0,0.0,0.0,0.0
112747130,407,0,opponent,28352.0,11,3,42,0,0,0,0,3,0,6,11,0,0,0,0,0,0,0,0,47,25.0,0.0,6.0,6.0,45.0,0.0,0.0,0.0,33.0,0.0,5.0,2.0,0.0,0.0,0.0,0.0,0.0
112747130,407,1,self,28424.0,11,3,42,0,0,0,0,3,0,6,11,0,0,0,1,0,0,0,0,47,25.0,0.0,6.0,6.0,45.0,0.0,0.0,0.0,33.0,0.0,5.0,2.0,0.0,0.0,0.0,0.0,0.0
112747130,431,0,opponent,32716.0,11,3,57,0,0,0,0,9,2,4,16,0,0,0,0,0,0,0,0,47,25.0,0.0,6.0,6.0,40.0,0.0,0.0,0.0,33.0,0.0,5.0,7.0,0.0,0.0,0.0,0.0,0.0
112747130,431,1,self,32882.0,11,3,55,0,0,0,0,9,0,4,16,0,0,0,1,0,0,0,0,47,25.0,0.0,6.0,6.0,40.0,0.0,0.0,0.0,33.0,0.0,5.0,7.0,0.0,0.0,0.0,0.0,0.0
112747130,432,0,opponent,32928.0,0,3,57,0,0,0,0,9,2,0,17,0,0,0,0,0,0,0,0,96,25.0,0.0,6.0,6.0,42.0,0.0,8.0,6.0,33.0,24.0,5.0,16.0,0.0,0.0,0.0,0.0,0.0
112747130,432,1,self,33094.0,0,3,55,0,0,0,0,9,0,0,17,0,0,0,1,0,0,0,0,96,25.0,0.0,6.0,6.0,42.0,0.0,8.0,6.0,33.0,24.0,5.0,16.0,0.0,0.0,0.0,0.0,0.0
112747130,455,0,opponent,38153.0,12,3,42,0,0,6,0,4,3,4,17,0,0,0,0,0,0,0,0,52,25.0,0.0,6.0,6.0,39.0,0.0,3.0,0.0,33.0,2.0,5.0,8.0,0.0,0.0,0.0,0.0,0.0
112747130,455,1,self,38183.0,12,3,40,0,0,6,0,4,3,4,17,0,0,0,1,0,0,0,0,52,25.0,0.0,6.0,6.0,39.0,0.0,3.0,0.0,33.0,2.0,5.0,8.0,0.0,0.0,0.0,0.0,0.0
112747130,479,0,opponent,43203.0,11,3,32,0,0,6,0,4,3,10,16,0,0,0,0,0,0,0,0,52,25.0,0.0,6.0,6.0,49.0,0.0,0.0,0.0,33.0,0.0,5.0,3.0,0.0,0.0,0.0,0.0,0.0
112747130,479,1,self,43205.0,11,3,30,0,0,6,0,7,6,10,16,0,0,0,1,0,0,0,0,52,25.0,0.0,6.0,6.0,49.0,0.0,0.0,0.0,33.0,0.0,5.0,3.0,0.0,0.0,0.0,0.0,0.0
112747130,480,0,opponent,43203.0,0,3,32,0,0,6,0,4,3,10,16,0,0,0,0,0,0,0,0,102,25.0,0.0,6.0,6.0,55.0,0.0,5.0,6.0,33.0,24.0,5.0,12.0,0.0,0.0,0.0,0.0,0.0
112747130,480,1,self,43387.0,0,3,30,0,0,6,0,7,3,10,16,0,0,0,1,0,0,0,0,102,25.0,0.0,6.0,6.0,55.0,0.0,5.0,6.0,33.0,24.0,5.0,12.0,0.0,0.0,0.0,0.0,0.0
112747130,503,0,opponent,49360.0,11,3,37,0,0,6,0,10,5,4,15,0,0,0,0,0,0,0,0,59,25.0,0.0,6.0,6.0,51.0,0.0,0.0,0.0,33.0,0.0,5.0,8.0,0.0,0.0,0.0,0.0,0.0
112747130,503,1,self,49508.0,11,3,37,0,0,6,0,4,5,4,15,0,0,0,1,0,0,0,0,59,25.0,0.0,6.0,6.0,51.0,0.0,0.0,0.0,33.0,0.0,5.0,8.0,0.0,0.0,0.0,0.0,0.0
112747130,527,0,opponent,56763.0,12,3,35,0,0,11,0,6,0,8,15,0,0,0,0,0,0,0,0,70,30.0,0.0,6.0,6.0,53.0,0.0,10.0,0.0,28.0,2.0,5.0,5.0,0.0,0.0,0.0,0.0,0.0
112747130,527,1,self,56882.0,12,3,35,0,0,11,0,6,0,8,15,0,0,0,1,0,0,0,0,70,30.0,0.0,6.0,6.0,53.0,0.0,10.0,0.0,28.0,2.0,5.0,5.0,0.0,0.0,0.0,0.0,0.0
112747130,551,0,opponent,63235.0,10,3,38,0,0,11,0,4,4,6,12,0,0,0,0,0,0,0,0,62,31.0,0.0,6.0,6.0,52.0,0.0,3.0,0.0,27.0,2.0,5.0,5.0,0.0,0.0,0.0,0.0,0.0
112747130,551,1,self,63330.0,10,3,38,0,0,11,0,4,4,6,12,0,0,0,1,0,0,0,0,62,31.0,0.0,6.0,6.0,52.0,0.0,3.0,0.0,27.0,2.0,5.0,5.0,0.0,0.0,0.0,0.0,0.0
112747130,575,0,opponent,69159.0,11,3,34,0,0,16,0,4,8,11,15,0,0,0,0,0,0,0,0,73,38.0,0.0,6.0,6.0,64.0,0.0,0.0,2.0,20.0,5.0,5.0,2.0,0.0,0.0,0.0,0.0,0.0
112747130,575,1,self,69311.0,11,3,34,0,0,16,0,4,8,11,15,0,0,0,1,0,0,0,0,73,38.0,0.0,6.0,6.0,64.0,0.0,0.0,2.0,20.0,5.0,5.0,2.0,0.0,0.0,0.0,0.0,0.0
112747130,576,0,opponent,69159.0,0,3,34,0,0,21,0,6,8,11,15,0,0,0,0,0,0,0,0,107,38.0,0.0,6.0,6.0,70.0,0.0,12.0,6.0,20.0,7.0,5.0,12.0,0.0,0.0,0.0,0.0,0.0
112747130,576,1,self,69311.0,0,3,34,0,0,21,0,6,8,11,15,0,0,0,1,0,0,0,0,107,38.0,0.0,6.0,6.0,70.0,0.0,12.0,6.0,20.0,7.0,5.0,12.0,0.0,0.0,0.0,0.0,0.0
112747130,599,0,opponent,76254.0,11,3,46,0,0,7,0,9,4,8,17,0,0,0,0,0,0,0,0,69,37.0,0.0,6.0,6.0,61.0,0.0,0.0,0.0,17.0,0.0,5.0,4.0,4.0,4.0,0.0,0.0,0.0
112747130,599,1,self,75726.0,11,3,46,0,0,7,0,6,8,8,17,0,0,0,1,0,0,0,0,69,37.0,0.0,6.0,6.0,61.0,0.0,0.0,0.0,17.0,0.0,5.0,4.0,4.0,4.0,0.0,0.0,0.0
112747130,623,0,opponent,79997.0,11,3,49,0,0,20,0,4,4,6,16,0,0,0,0,0,0,0,0,81,27.0,0.0,6.0,6.0,57.0,0.0,0.0,2.0,13.0,0.0,5.0,4.0,18.0,18.0,0.0,0.0,0.0
112747130,623,1,self,80199.0,11,3,49,0,0,20,0,4,4,6,17,0,0,0,1,0,0,0,0,81,27.0,0.0,6.0,6.0,57.0,0.0,0.0,2.0,13.0,0.0,5.0,4.0,18.0,18.0,0.0,0.0,0.0
112747130,647,0,opponent,84906.0,10,3,56,0,0,0,0,6,7,6,16,0,0,0,0,0,0,0,0,81,16.0,0.0,6.0,6.0,45.0,0.0,0.0,0.0,13.0,0.0,5.0,5.0,29.0,31.0,0.0,0.0,0.0
112747130,647,1,self,84824.0,10,3,56,0,0,0,0,6,7,6,17,0,0,0,1,0,0,0,0,81,16.0,0.0,6.0,6.0,45.0,0.0,0.0,0.0,13.0,0.0,5.0,5.0,29.0,31.0,0.0,0.0,0.0
112747130,648,0,opponent,84944.0,0,3,56,0,0,0,0,6,7,6,14,0,0,0,0,0,0,0,0,139,16.0,0.0,6.0,6.0,49.0,0.0,11.0,6.0,13.0,25.0,5.0,14.0,29.0,34.0,0.0,0.0,0.0
112747130,648,1,self,84881.0,0,3,56,0,0,0,0,6,7,6,14,0,0,0,1,0,0,0,0,139,16.0,0.0,6.0,6.0,49.0,0.0,11.0,6.0,13.0,25.0,5.0,14.0,29.0,34.0,0.0,0.0,0.0
112747130,671,0,opponent,89119.0,11,3,39,14,0,19,0,2,11,4,6,0,0,0,0,0,0,0,0,86,18.0,0.0,6.0,6.0,40.0,0.0,0.0,2.0,4.0,0.0,5.0,8.0,26.0,36.0,0.0,0.0,0.0
112747130,671,1,self,89018.0,11,3,39,14,0,19,0,2,11,4,6,0,0,0,1,0,0,0,0,86,18.0,0.0,6.0,6.0,40.0,0.0,0.0,2.0,4.0,0.0,5.0,8.0,26.0,36.0,0.0,0.0,0.0
112747130,695,0,opponent,97228.0,11,3,46,28,0,0,0,0,0,8,8,0,0,0,0,0,0,0,0,48,10.0,0.0,6.0,6.0,12.0,0.0,0.0,2.0,0.0,0.0,5.0,4.0,13.0,30.0,0.0,0.0,0.0
112747130,695,1,self,96521.0,11,3,46,28,0,0,0,0,0,8,8,0,0,0,1,0,0,0,0,48,10.0,0.0,6.0,6.0,12.0,0.0,0.0,2.0,0.0,0.0,5.0,4.0,13.0,30.0,1.0,0.0,0.0
112747130,696,0,opponent,97601.0,0,3,40,31,0,0,0,0,0,8,6,0,0,0,0,0,0,0,0,66,9.0,0.0,6.0,6.0,11.0,0.0,8.0,8.0,0.0,0.0,5.0,12.0,12.0,27.0,0.0,0.0,0.0
112747130,696,1,self,96894.0,0,3,40,31,0,0,0,0,0,8,6,0,0,0,1,0,0,0,0,66,9.0,0.0,6.0,6.0,11.0,0.0,8.0,8.0,0.0,0.0,5.0,12.0,12.0,27.0,1.0,0.0,0.0
112747130,719,0,opponent,105490.0,11,3,0,0,0,0,0,0,0,0,0,0,0,0,0,0,0,0,0,0,0.0,0.0,6.0,6.0,0.0,0.0,0.0,0.0,0.0,0.0,5.0,0.0,0.0,0.0,0.0,0.0,0.0
112747130,719,1,self,104825.0,11,3,0,0,0,0,0,0,0,0,0,0,0,0,1,0,0,0,0,0,0.0,0.0,6.0,6.0,0.0,0.0,0.0,0.0,0.0,0.0,5.0,0.0,0.0,0.0,1.0,0.0,0.0
112748339,0,0,opponent,3000.0,0,1,0,0,0,0,0,0,0,0,0,0,0,0,0,0,0,0,0,0,0.0,0.0,0.0,0.0,0.0,0.0,0.0,0.0,0.0,0.0,0.0,0.0,0.0,0.0,0.0,0.0,0.0
112748339,0,1,self,3000.0,0,1,0,0,0,0,0,0,0,0,0,0,0,0,0,0,0,0,0,0,0.0,0.0,0.0,0.0,0.0,0.0,0.0,0.0,0.0,0.0,0.0,0.0,0.0,0.0,0.0,0.0,0.0
112748339,23,0,opponent,12.0,5,1,3,0,0,0,0,0,0,0,0,0,0,0,0,0,0,0,0,20,8.0,12.0,2.0,2.0,8.0,12.0,0.0,0.0,0.0,0.0,0.0,0.0,0.0,0.0,0.0,0.0,0.0
112748339,23,1,self,12.0,5,1,3,0,0,0,0,0,0,0,0,0,0,0,0,0,0,0,0,20,8.0,12.0,2.0,2.0,8.0,12.0,0.0,0.0,0.0,0.0,0.0,0.0,0.0,0.0,0.0,0.0,0.0
112748339,24,0,opponent,12.0,0,1,3,0,0,0,0,0,0,0,0,0,0,0,0,0,0,0,0,20,8.0,12.0,2.0,2.0,8.0,12.0,0.0,0.0,0.0,0.0,0.0,0.0,0.0,0.0,0.0,0.0,0.0
112748339,24,1,self,12.0,0,1,3,0,0,0,0,0,0,0,0,0,0,0,0,0,0,0,0,20,8.0,12.0,2.0,2.0,8.0,12.0,0.0,0.0,0.0,0.0,0.0,0.0,0.0,0.0,0.0,0.0,0.0
112748339,47,0,opponent,101.0,3,1,6,0,0,0,0,0,0,0,1,0,0,0,0,0,0,0,0,20,8.0,12.0,2.0,2.0,8.0,12.0,0.0,0.0,0.0,0.0,0.0,0.0,0.0,0.0,0.0,0.0,0.0
112748339,47,1,self,101.0,3,1,6,0,0,0,0,0,0,0,1,0,0,0,0,0,0,0,0,20,8.0,12.0,2.0,2.0,8.0,12.0,0.0,0.0,0.0,0.0,0.0,0.0,0.0,0.0,0.0,0.0,0.0
112748339,71,0,opponent,214.0,4,1,6,0,0,0,0,0,0,0,0,0,0,0,0,0,0,0,0,25,8.0,12.0,2.0,3.0,13.0,12.0,0.0,0.0,0.0,0.0,0.0,0.0,0.0,0.0,0.0,0.0,0.0
112748339,71,1,self,214.0,4,1,6,0,0,0,0,0,0,0,0,0,0,0,0,0,0,0,0,25,8.0,12.0,2.0,3.0,13.0,12.0,0.0,0.0,0.0,0.0,0.0,0.0,0.0,0.0,0.0,0.0,0.0
112748339,72,0,opponent,214.0,0,1,6,0,0,0,0,0,0,0,0,0,0,0,0,0,0,0,0,25,8.0,12.0,2.0,3.0,13.0,12.0,0.0,0.0,0.0,0.0,0.0,0.0,0.0,0.0,0.0,0.0,0.0
112748339,72,1,self,214.0,0,1,6,0,0,0,0,0,0,0,0,0,0,0,0,0,0,0,0,25,8.0,12.0,2.0,3.0,13.0,12.0,0.0,0.0,0.0,0.0,0.0,0.0,0.0,0.0,0.0,0.0,0.0
112748339,95,0,opponent,265.0,5,1,14,0,0,0,0,0,0,0,1,1,0,0,0,0,0,0,0,19,7.0,12.0,2.0,3.0,7.0,12.0,0.0,0.0,0.0,0.0,0.0,0.0,0.0,0.0,0.0,0.0,0.0
112748339,95,1,self,265.0,5,1,14,0,0,0,0,0,0,0,1,1,0,0,0,0,0,0,0,19,7.0,12.0,2.0,3.0,7.0,12.0,0.0,0.0,0.0,0.0,0.0,0.0,0.0,0.0,0.0,0.0,0.0
112748339,119,0,opponent,675.0,4,1,19,0,0,0,0,0,0,0,1,0,0,0,0,0,0,0,0,19,7.0,12.0,2.0,4.0,7.0,12.0,0.0,0.0,0.0,0.0,0.0,0.0,0.0,0.0,0.0,0.0,0.0
112748339,119,1,self,675.0,4,1,19,0,0,0,0,0,0,0,1,0,0,0,0,0,0,0,0,19,7.0,12.0,2.0,4.0,7.0,12.0,0.0,0.0,0.0,0.0,0.0,0.0,0.0,0.0,0.0,0.0,0.0
112748339,143,0,opponent,788.0,4,1,19,0,0,0,0,0,0,0,2,0,0,0,0,0,0,0,0,15,3.0,12.0,2.0,4.0,3.0,12.0,0.0,0.0,4.0,0.0,0.0,0.0,0.0,0.0,0.0,0.0,0.0
112748339,143,1,self,788.0,4,1,19,0,0,0,0,0,0,0,2,0,0,0,0,0,0,0,0,15,3.0,12.0,2.0,4.0,3.0,12.0,0.0,0.0,4.0,0.0,0.0,0.0,0.0,0.0,0.0,0.0,0.0
112748339,144,0,opponent,788.0,0,1,19,0,0,0,0,0,0,0,2,0,0,0,0,0,0,0,0,27,3.0,12.0,2.0,4.0,3.0,12.0,12.0,0.0,4.0,0.0,0.0,0.0,0.0,0.0,0.0,0.0,0.0
112748339,144,1,self,788.0,0,1,19,0,0,0,0,0,0,0,2,0,0,0,0,0,0,0,0,27,3.0,12.0,2.0,4.0,3.0,12.0,12.0,0.0,4.0,0.0,0.0,0.0,0.0,0.0,0.0,0.0,0.0
112748339,167,0,opponent,1235.0,8,2,11,0,0,0,0,0,0,0,2,0,0,0,0,8,0,0,0,29,5.0,12.0,4.0,4.0,5.0,24.0,0.0,0.0,12.0,0.0,0.0,0.0,0.0,0.0,0.0,0.0,0.0
112748339,167,1,self,1235.0,8,2,11,0,0,0,0,0,0,0,2,0,0,0,0,8,0,0,0,29,5.0,12.0,4.0,4.0,5.0,24.0,0.0,0.0,12.0,0.0,0.0,0.0,0.0,0.0,0.0,0.0,0.0
112748339,191,0,opponent,551.0,8,2,2,0,0,0,0,0,0,0,3,0,0,0,0,8,0,0,0,45,9.0,12.0,4.0,6.0,9.0,36.0,0.0,0.0,16.0,0.0,0.0,0.0,0.0,0.0,0.0,0.0,0.0
112748339,191,1,self,551.0,8,2,2,0,0,0,0,0,0,0,3,0,0,0,0,8,0,0,0,45,9.0,12.0,4.0,6.0,9.0,36.0,0.0,0.0,16.0,0.0,0.0,0.0,0.0,0.0,0.0,0.0,0.0
112748339,192,0,opponent,307.0,0,2,10,0,0,0,0,0,0,0,3,0,0,0,0,8,0,0,0,57,9.0,12.0,4.0,6.0,9.0,36.0,0.0,12.0,16.0,0.0,0.0,0.0,0.0,0.0,0.0,0.0,0.0
112748339,192,1,self,307.0,0,2,10,0,0,0,0,0,0,0,3,0,0,0,0,8,0,0,0,57,9.0,12.0,4.0,6.0,9.0,36.0,0.0,12.0,16.0,0.0,0.0,0.0,0.0,0.0,0.0,0.0,0.0
112748339,215,0,opponent,1366.0,9,2,15,0,0,0,0,0,0,0,3,0,0,0,0,8,0,0,0,53,5.0,12.0,6.0,6.0,5.0,48.0,0.0,0.0,20.0,0.0,0.0,0.0,0.0,0.0,0.0,0.0,0.0
112748339,215,1,self,1366.0,9,2,15,0,0,0,0,0,0,0,3,0,0,0,0,8,0,0,0,53,5.0,12.0,6.0,6.0,5.0,48.0,0.0,0.0,20.0,0.0,0.0,0.0,0.0,0.0,0.0,0.0,0.0
112748339,239,0,opponent,3687.0,9,2,11,0,0,0,0,0,0,0,1,0,0,0,0,8,0,0,0,63,5.0,12.0,7.0,6.0,5.0,58.0,0.0,0.0,20.0,0.0,0.0,0.0,0.0,0.0,0.0,0.0,0.0
112748339,239,1,self,3687.0,9,2,11,0,0,0,0,0,0,0,1,0,0,0,0,8,0,0,0,63,5.0,12.0,7.0,6.0,5.0,58.0,0.0,0.0,20.0,0.0,0.0,0.0,0.0,0.0,0.0,0.0,0.0
112748339,240,0,opponent,3687.0,0,2,11,0,0,0,0,0,0,0,1,0,0,0,0,8,0,0,0,76,5.0,12.0,7.0,6.0,5.0,60.0,0.0,11.0,20.0,0.0,0.0,0.0,0.0,0.0,0.0,0.0,0.0
112748339,240,1,self,3687.0,0,2,11,0,0,0,0,0,0,0,1,0,0,0,0,8,0,0,0,76,5.0,12.0,7.0,6.0,5.0,60.0,0.0,11.0,20.0,0.0,0.0,0.0,0.0,0.0,0.0,0.0,0.0
112748339,263,0,opponent,16110.0,11,2,2,0,0,0,12,0,0,0,12,0,0,0,0,8,0,0,0,12,12.0,0.0,10.0,6.0,12.0,0.0,0.0,0.0,20.0,0.0,0.0,0.0,0.0,0.0,0.0,0.0,0.0
112748339,263,1,self,16110.0,11,2,2,0,0,0,12,0,0,0,12,0,0,0,0,8,0,0,0,12,12.0,0.0,10.0,6.0,12.0,0.0,0.0,0.0,20.0,0.0,0.0,0.0,0.0,0.0,0.0,0.0,0.0
112748339,287,0,opponent,14130.0,11,3,14,0,0,0,0,0,0,0,16,0,0,0,0,8,0,0,0,22,20.0,0.0,11.0,6.0,22.0,0.0,0.0,0.0,33.0,0.0,0.0,0.0,0.0,0.0,0.0,0.0,0.0
112748339,287,1,self,14130.0,11,3,14,0,0,0,0,0,0,0,16,0,0,0,0,8,0,0,0,22,20.0,0.0,11.0,6.0,22.0,0.0,0.0,0.0,33.0,0.0,0.0,0.0,0.0,0.0,0.0,0.0,0.0
112748339,288,0,opponent,13945.0,0,3,19,0,0,0,0,0,0,0,17,0,0,0,0,8,0,0,0,51,20.0,0.0,11.0,6.0,22.0,0.0,20.0,9.0,33.0,0.0,0.0,0.0,0.0,0.0,0.0,0.0,0.0
112748339,288,1,self,13945.0,0,3,19,0,0,0,0,0,0,0,17,0,0,0,0,8,0,0,0,51,20.0,0.0,11.0,6.0,22.0,0.0,20.0,9.0,33.0,0.0,0.0,0.0,0.0,0.0,0.0,0.0,0.0
112748339,311,0,opponent,18761.0,9,3,17,0,0,0,0,3,4,0,18,0,0,0,0,8,0,0,0,30,24.0,0.0,11.0,6.0,27.0,0.0,0.0,3.0,33.0,0.0,0.0,0.0,0.0,0.0,0.0,0.0,0.0
112748339,311,1,self,18761.0,9,3,17,0,0,0,0,3,4,0,18,0,0,0,0,8,0,0,0,30,24.0,0.0,11.0,6.0,27.0,0.0,0.0,3.0,33.0,0.0,0.0,0.0,0.0,0.0,0.0,0.0,0.0
112748339,335,0,opponent,20585.0,10,3,32,0,0,0,0,0,0,0,22,0,0,0,0,8,0,0,0,33,24.0,0.0,11.0,6.0,33.0,0.0,0.0,0.0,33.0,0.0,0.0,0.0,0.0,0.0,0.0,0.0,0.0
112748339,335,1,self,20571.0,10,3,32,0,0,0,0,0,0,0,22,0,0,0,0,8,0,0,0,33,24.0,0.0,11.0,6.0,33.0,0.0,0.0,0.0,33.0,0.0,0.0,0.0,0.0,0.0,0.0,0.0,0.0
112748339,359,0,opponent,24356.0,10,3,36,0,0,0,0,3,1,0,18,0,0,0,0,8,0,0,0,35,24.0,0.0,11.0,6.0,35.0,0.0,0.0,0.0,33.0,0.0,0.0,0.0,0.0,0.0,0.0,0.0,0.0
112748339,359,1,self,24342.0,10,3,36,0,0,0,0,3,1,0,18,0,0,0,0,8,0,0,0,35,24.0,0.0,11.0,6.0,35.0,0.0,0.0,0.0,33.0,0.0,0.0,0.0,0.0,0.0,0.0,0.0,0.0
112748339,360,0,opponent,24089.0,0,3,36,0,0,0,0,3,1,0,22,0,0,0,0,8,0,0,0,83,24.0,0.0,11.0,6.0,38.0,0.0,22.0,15.0,33.0,8.0,0.0,0.0,0.0,0.0,0.0,0.0,0.0
112748339,360,1,self,24075.0,0,3,36,0,0,0,0,3,1,0,22,0,0,0,0,8,0,0,0,83,24.0,0.0,11.0,6.0,38.0,0.0,22.0,15.0,33.0,8.0,0.0,0.0,0.0,0.0,0.0,0.0,0.0
112748339,383,0,opponent,29741.0,11,3,37,0,0,8,0,9,4,0,16,0,0,0,0,8,0,0,0,38,25.0,0.0,11.0,6.0,38.0,0.0,0.0,0.0,33.0,0.0,0.0,0.0,0.0,0.0,0.0,0.0,0.0
112748339,383,1,self,29709.0,11,3,37,0,0,8,0,9,4,0,16,0,0,0,0,8,0,0,0,38,25.0,0.0,11.0,6.0,38.0,0.0,0.0,0.0,33.0,0.0,0.0,0.0,0.0,0.0,0.0,0.0,0.0
112748339,407,0,opponent,38308.0,11,3,41,0,0,0,0,6,9,0,20,0,0,0,0,8,0,0,0,40,25.0,0.0,11.0,6.0,37.0,0.0,0.0,3.0,33.0,0.0,0.0,0.0,0.0,0.0,0.0,0.0,0.0
112748339,407,1,self,38276.0,11,3,41,0,0,0,0,6,9,0,20,0,0,0,0,8,0,0,0,40,25.0,0.0,11.0,6.0,37.0,0.0,0.0,3.0,33.0,0.0,0.0,0.0,0.0,0.0,0.0,0.0,0.0
112748339,431,0,opponent,45220.0,11,3,49,0,0,0,0,9,8,0,18,0,0,0,0,8,0,0,0,39,25.0,0.0,11.0,6.0,39.0,0.0,0.0,0.0,33.0,0.0,0.0,0.0,0.0,0.0,0.0,0.0,0.0
112748339,431,1,self,45156.0,11,3,49,0,0,0,0,9,8,0,18,0,0,0,0,8,0,0,0,39,25.0,0.0,11.0,6.0,39.0,0.0,0.0,0.0,33.0,0.0,0.0,0.0,0.0,0.0,0.0,0.0,0.0
112748339,432,0,opponent,46422.0,0,3,49,0,0,0,0,9,2,0,19,0,0,0,0,8,0,0,0,91,25.0,0.0,11.0,6.0,41.0,0.0,20.0,6.0,33.0,24.0,0.0,0.0,0.0,0.0,0.0,0.0,0.0
112748339,432,1,self,46358.0,0,3,49,0,0,0,0,9,2,0,19,0,0,0,0,8,0,0,0,91,25.0,0.0,11.0,6.0,41.0,0.0,20.0,6.0,33.0,24.0,0.0,0.0,0.0,0.0,0.0,0.0,0.0
112748339,455,0,opponent,52704.0,12,3,46,0,0,0,0,6,16,0,19,0,0,0,0,8,0,0,0,41,24.0,0.0,11.0,6.0,40.0,0.0,0.0,0.0,33.0,0.0,0.0,0.0,1.0,1.0,0.0,0.0,0.0
112748339,455,1,self,52505.0,12,3,46,0,0,0,0,6,16,0,19,0,0,0,0,8,0,0,0,41,24.0,0.0,11.0,6.0,40.0,0.0,0.0,0.0,33.0,0.0,0.0,0.0,1.0,1.0,0.0,0.0,0.0
112748339,479,0,opponent,57120.0,11,3,48,0,0,6,0,4,8,0,26,0,0,0,1,8,0,0,0,47,20.0,0.0,11.0,6.0,38.0,0.0,4.0,0.0,33.0,0.0,0.0,0.0,5.0,5.0,0.0,0.0,0.0
112748339,479,1,self,56921.0,11,3,48,0,0,6,0,4,8,0,26,0,0,0,1,8,0,0,0,47,20.0,0.0,11.0,6.0,38.0,0.0,4.0,0.0,33.0,0.0,0.0,0.0,5.0,5.0,0.0,0.0,0.0
112748339,480,0,opponent,58111.0,0,3,48,0,0,0,0,4,12,0,26,0,0,0,1,8,0,0,0,85,20.0,0.0,11.0,6.0,38.0,0.0,12.0,6.0,33.0,24.0,0.0,0.0,5.0,5.0,0.0,0.0,0.0
112748339,480,1,self,57912.0,0,3,48,0,0,0,0,4,12,0,26,0,0,0,1,8,0,0,0,85,20.0,0.0,11.0,6.0,38.0,0.0,12.0,6.0,33.0,24.0,0.0,0.0,5.0,5.0,0.0,0.0,0.0
112748339,503,0,opponent,64070.0,12,3,29,0,0,0,0,6,8,0,16,0,0,0,0,8,0,0,0,49,16.0,0.0,11.0,6.0,35.0,0.0,4.0,0.0,33.0,0.0,0.0,0.0,9.0,10.0,0.0,0.0,0.0
112748339,503,1,self,63871.0,12,3,29,0,0,0,0,6,8,0,16,0,0,0,0,8,0,0,0,49,16.0,0.0,11.0,6.0,35.0,0.0,4.0,0.0,33.0,0.0,0.0,0.0,9.0,10.0,0.0,0.0,0.0
112748339,527,0,opponent,67083.0,11,3,38,0,0,11,0,6,4,0,17,0,0,0,0,8,0,0,0,65,14.0,0.0,11.0,6.0,26.0,0.0,16.0,0.0,28.0,2.0,0.0,0.0,16.0,21.0,0.0,0.0,0.0
112748339,527,1,self,66884.0,11,3,38,0,0,11,0,6,4,0,17,0,0,0,0,8,0,0,0,65,14.0,0.0,11.0,6.0,26.0,0.0,16.0,0.0,28.0,2.0,0.0,0.0,16.0,21.0,0.0,0.0,0.0
112748339,551,0,opponent,70140.0,11,3,26,0,0,13,0,4,12,0,17,0,0,0,1,8,0,0,0,51,12.0,0.0,11.0,6.0,17.0,0.0,4.0,0.0,27.0,0.0,0.0,0.0,19.0,30.0,0.0,0.0,0.0
112748339,551,1,self,69941.0,11,3,26,0,0,13,0,4,12,0,17,0,0,0,1,8,0,0,0,51,12.0,0.0,11.0,6.0,17.0,0.0,4.0,0.0,27.0,0.0,0.0,0.0,19.0,30.0,0.0,0.0,0.0
112748339,575,0,opponent,73363.0,11,3,11,3,0,20,0,6,12,0,16,0,0,0,0,8,0,0,0,60,24.0,0.0,11.0,6.0,32.0,0.0,0.0,0.0,20.0,1.0,0.0,0.0,14.0,27.0,0.0,0.0,0.0
112748339,575,1,self,72127.0,11,3,11,3,0,20,0,6,12,0,16,0,0,0,0,8,0,0,0,60,24.0,0.0,11.0,6.0,32.0,0.0,0.0,0.0,20.0,1.0,0.0,0.0,14.0,27.0,0.0,0.0,0.0
112748339,576,0,opponent,72678.0,0,3,24,9,0,21,0,6,12,0,28,0,0,0,0,8,0,0,0,83,24.0,0.0,11.0,6.0,32.0,0.0,20.0,6.0,20.0,7.0,0.0,0.0,11.0,18.0,0.0,0.0,0.0
112748339,576,1,self,71442.0,0,3,24,9,0,21,0,6,12,0,28,0,0,0,0,8,0,0,0,83,24.0,0.0,11.0,6.0,32.0,0.0,20.0,6.0,20.0,7.0,0.0,0.0,11.0,18.0,0.0,0.0,0.0
112748339,599,0,opponent,74082.0,12,3,10,15,0,5,0,6,11,0,22,0,0,0,0,8,0,0,0,59,35.0,0.0,11.0,6.0,46.0,0.0,0.0,0.0,17.0,2.0,0.0,0.0,6.0,11.0,0.0,0.0,0.0
112748339,599,1,self,72478.0,12,3,10,15,0,5,0,6,11,0,22,0,0,0,0,8,0,0,0,59,35.0,0.0,11.0,6.0,46.0,0.0,0.0,0.0,17.0,2.0,0.0,0.0,6.0,11.0,0.0,0.0,0.0
112748339,623,0,opponent,78039.0,12,3,16,12,0,13,0,9,3,0,21,0,0,0,0,8,0,0,0,76,31.0,0.0,11.0,6.0,57.0,0.0,0.0,0.0,13.0,5.0,0.0,0.0,14.0,14.0,0.0,0.0,0.0
112748339,623,1,self,76350.0,12,3,16,12,0,13,0,9,3,0,21,0,0,0,0,8,0,0,0,76,31.0,0.0,11.0,6.0,57.0,0.0,0.0,0.0,13.0,5.0,0.0,0.0,14.0,14.0,0.0,0.0,0.0
112748339,647,0,opponent,80866.0,12,3,52,0,0,0,0,6,0,0,21,0,0,0,0,8,0,0,0,83,19.0,0.0,11.0,6.0,55.0,0.0,0.0,2.0,13.0,0.0,0.0,0.0,26.0,26.0,0.0,0.0,0.0
112748339,647,1,self,78720.0,12,3,52,0,0,0,0,6,0,0,21,0,0,0,0,8,0,0,0,83,19.0,0.0,11.0,6.0,55.0,0.0,0.0,2.0,13.0,0.0,0.0,0.0,26.0,26.0,0.0,0.0,0.0
112748339,648,0,opponent,80328.0,0,3,67,0,0,0,0,8,0,0,17,0,0,0,0,8,0,0,0,140,19.0,0.0,11.0,6.0,59.0,0.0,20.0,9.0,13.0,26.0,0.0,0.0,26.0,26.0,0.0,0.0,0.0
112748339,648,1,self,78182.0,0,3,67,0,0,0,0,8,0,0,17,0,0,0,0,8,0,0,0,140,19.0,0.0,11.0,6.0,59.0,0.0,20.0,9.0,13.0,26.0,0.0,0.0,26.0,26.0,0.0,0.0,0.0
112748339,671,0,opponent,82804.0,11,3,59,1,0,20,0,3,16,0,8,0,0,0,4,0,0,0,0,82,9.0,0.0,11.0,6.0,32.0,0.0,0.0,3.0,4.0,0.0,0.0,0.0,35.0,47.0,0.0,0.0,0.0
112748339,671,1,self,80658.0,11,3,59,1,0,20,0,3,16,0,8,0,0,0,4,0,0,0,0,82,9.0,0.0,11.0,6.0,32.0,0.0,0.0,3.0,4.0,0.0,0.0,0.0,35.0,47.0,0.0,0.0,0.0
112748339,695,0,opponent,89578.0,12,3,48,32,0,0,0,1,0,0,8,0,0,0,4,0,0,0,0,49,1.0,0.0,11.0,6.0,5.0,0.0,0.0,3.0,0.0,0.0,0.0,0.0,22.0,41.0,0.0,0.0,0.0
112748339,695,1,self,87436.0,12,3,48,32,0,0,0,1,0,0,8,0,0,0,4,0,0,0,0,49,1.0,0.0,11.0,6.0,5.0,0.0,0.0,3.0,0.0,0.0,0.0,0.0,22.0,41.0,0.0,0.0,0.0
112748339,696,0,opponent,89725.0,0,3,47,35,0,0,0,1,0,0,6,0,0,0,4,0,0,0,0,59,0.0,0.0,11.0,6.0,0.0,0.0,12.0,8.0,0.0,0.0,0.0,0.0,21.0,39.0,0.0,0.0,0.0
112748339,696,1,self,87583.0,0,3,47,35,0,0,0,1,0,0,6,0,0,0,4,0,0,0,0,59,0.0,0.0,11.0,6.0,0.0,0.0,12.0,8.0,0.0,0.0,0.0,0.0,21.0,39.0,1.0,0.0,0.0
112748339,719,0,opponent,99169.0,11,3,0,0,0,0,0,0,0,0,0,0,0,0,4,0,0,0,0,0,0.0,0.0,11.0,6.0,0.0,0.0,0.0,0.0,0.0,0.0,0.0,0.0,0.0,0.0,0.0,0.0,0.0
112748339,719,1,self,97028.0,11,3,0,0,0,0,0,0,0,0,0,0,0,0,4,0,0,0,0,0,0.0,0.0,11.0,6.0,0.0,0.0,0.0,0.0,0.0,0.0,0.0,0.0,0.0,0.0,1.0,0.0,0.0
112749509,0,0,opponent,3000.0,0,1,0,0,0,0,0,0,0,0,0,0,0,0,0,0,0,0,0,0,0.0,0.0,0.0,0.0,0.0,0.0,0.0,0.0,0.0,0.0,0.0,0.0,0.0,0.0,0.0,0.0,0.0
112749509,0,1,self,3000.0,0,1,0,0,0,0,0,0,0,0,0,0,0,0,0,0,0,0,0,0,0.0,0.0,0.0,0.0,0.0,0.0,0.0,0.0,0.0,0.0,0.0,0.0,0.0,0.0,0.0,0.0,0.0
112749509,23,0,opponent,8.0,5,1,3,0,0,0,0,0,0,0,0,0,0,0,0,0,0,0,0,20,8.0,12.0,2.0,2.0,8.0,12.0,0.0,0.0,0.0,0.0,0.0,0.0,0.0,0.0,0.0,0.0,0.0
112749509,23,1,self,16.0,5,1,3,0,0,0,0,0,0,0,0,0,0,0,0,0,0,0,0,20,8.0,12.0,2.0,2.0,8.0,12.0,0.0,0.0,0.0,0.0,0.0,0.0,0.0,0.0,0.0,0.0,0.0
112749509,24,0,opponent,8.0,0,1,3,0,0,0,0,0,0,0,0,0,0,0,0,0,0,0,0,20,8.0,12.0,2.0,2.0,8.0,12.0,0.0,0.0,0.0,0.0,0.0,0.0,0.0,0.0,1.0,0.0,0.0
112749509,24,1,self,16.0,0,1,3,0,0,0,0,0,0,0,0,0,0,0,0,0,0,0,0,20,8.0,12.0,2.0,2.0,8.0,12.0,0.0,0.0,0.0,0.0,0.0,0.0,0.0,0.0,0.0,0.0,0.0
112749509,47,0,opponent,97.0,3,1,6,0,0,0,0,0,0,0,1,0,0,0,0,0,0,0,0,20,8.0,12.0,2.0,2.0,8.0,12.0,0.0,0.0,0.0,0.0,0.0,0.0,0.0,0.0,0.0,0.0,0.0
112749509,47,1,self,105.0,3,1,6,0,0,0,0,0,0,0,1,0,0,0,0,0,0,0,0,20,8.0,12.0,2.0,2.0,8.0,12.0,0.0,0.0,0.0,0.0,0.0,0.0,0.0,0.0,0.0,0.0,0.0
112749509,71,0,opponent,210.0,4,1,6,0,0,0,0,0,0,0,0,1,0,0,0,0,0,0,0,25,8.0,12.0,2.0,2.0,13.0,12.0,0.0,0.0,0.0,0.0,0.0,0.0,0.0,0.0,0.0,0.0,0.0
112749509,71,1,self,218.0,4,1,6,0,0,0,0,0,0,0,0,0,0,0,0,0,0,0,0,25,8.0,12.0,2.0,3.0,13.0,12.0,0.0,0.0,0.0,0.0,0.0,0.0,0.0,0.0,0.0,0.0,0.0
112749509,72,0,opponent,210.0,0,1,6,0,0,0,0,0,0,0,0,1,0,0,0,0,0,0,0,25,8.0,12.0,2.0,2.0,13.0,12.0,0.0,0.0,0.0,0.0,0.0,0.0,0.0,0.0,0.0,0.0,0.0
112749509,72,1,self,218.0,0,1,6,0,0,0,0,0,0,0,0,0,0,0,0,0,0,0,0,25,8.0,12.0,2.0,3.0,13.0,12.0,0.0,0.0,0.0,0.0,0.0,0.0,0.0,0.0,0.0,0.0,0.0
112749509,95,0,opponent,257.0,5,1,12,0,0,0,0,0,0,0,1,2,0,0,0,0,0,0,0,19,7.0,12.0,2.0,2.0,7.0,12.0,0.0,0.0,0.0,0.0,0.0,0.0,0.0,0.0,0.0,0.0,0.0
112749509,95,1,self,271.0,5,1,14,0,0,0,0,0,0,0,1,1,0,0,0,0,0,0,0,19,7.0,12.0,2.0,3.0,7.0,12.0,0.0,0.0,0.0,0.0,0.0,0.0,0.0,0.0,0.0,0.0,0.0
112749509,119,0,opponent,571.0,4,1,17,0,0,0,0,0,0,0,1,1,0,0,0,0,0,0,0,19,7.0,12.0,2.0,3.0,7.0,12.0,0.0,0.0,0.0,0.0,0.0,0.0,0.0,0.0,0.0,0.0,0.0
112749509,119,1,self,680.0,4,1,19,0,0,0,0,0,0,0,1,0,0,0,0,0,0,0,0,19,7.0,12.0,2.0,4.0,7.0,12.0,0.0,0.0,0.0,0.0,0.0,0.0,0.0,0.0,0.0,0.0,0.0
112749509,143,0,opponent,688.0,4,1,18,0,0,0,0,0,0,0,1,1,0,0,0,0,0,0,0,15,3.0,12.0,2.0,3.0,3.0,12.0,0.0,0.0,4.0,0.0,0.0,0.0,0.0,0.0,0.0,0.0,0.0
112749509,143,1,self,797.0,4,1,19,0,0,0,0,0,0,0,2,0,0,0,0,0,0,0,0,15,3.0,12.0,2.0,4.0,3.0,12.0,0.0,0.0,4.0,0.0,0.0,0.0,0.0,0.0,0.0,0.0,0.0
112749509,144,0,opponent,688.0,0,1,18,0,0,0,0,0,0,0,1,1,0,0,0,0,0,0,0,27,3.0,12.0,2.0,3.0,3.0,12.0,12.0,0.0,4.0,0.0,0.0,0.0,0.0,0.0,0.0,0.0,0.0
112749509,144,1,self,797.0,0,1,19,0,0,0,0,0,0,0,2,0,0,0,0,0,0,0,0,27,3.0,12.0,2.0,4.0,3.0,12.0,12.0,0.0,4.0,0.0,0.0,0.0,0.0,0.0,0.0,0.0,0.0
112749509,167,0,opponent,839.0,7,2,16,0,0,0,0,0,0,0,1,1,0,0,0,0,0,0,0,30,6.0,12.0,2.0,5.0,7.0,23.0,0.0,0.0,12.0,0.0,0.0,0.0,0.0,0.0,0.0,0.0,0.0
112749509,167,1,self,749.0,7,2,16,0,0,0,0,0,2,0,1,0,0,0,0,0,0,0,0,30,6.0,12.0,2.0,6.0,7.0,23.0,0.0,0.0,12.0,0.0,0.0,0.0,0.0,0.0,0.0,0.0,0.0
112749509,191,0,opponent,179.0,7,2,12,0,0,0,0,0,0,0,1,1,0,0,1,0,0,0,0,44,8.0,12.0,2.0,7.0,8.0,36.0,0.0,0.0,16.0,0.0,0.0,0.0,0.0,0.0,0.0,0.0,0.0
112749509,191,1,self,547.0,7,2,11,0,0,0,0,0,0,0,1,0,0,0,1,0,0,0,0,44,8.0,12.0,2.0,8.0,8.0,36.0,0.0,0.0,16.0,0.0,0.0,0.0,0.0,0.0,0.0,0.0,0.0
112749509,192,0,opponent,179.0,0,2,12,0,0,0,0,0,0,0,1,1,0,0,0,0,0,0,0,57,9.0,12.0,2.0,7.0,9.0,36.0,0.0,12.0,16.0,0.0,0.0,0.0,0.0,0.0,0.0,0.0,0.0
112749509,192,1,self,547.0,0,2,11,0,0,0,0,0,0,0,1,0,0,0,0,0,0,0,0,57,9.0,12.0,2.0,8.0,9.0,36.0,0.0,12.0,16.0,0.0,0.0,0.0,0.0,0.0,0.0,0.0,0.0
112749509,215,0,opponent,1287.0,8,2,30,0,0,0,0,0,0,0,2,1,0,0,0,0,0,0,0,52,5.0,12.0,4.0,7.0,5.0,47.0,0.0,0.0,20.0,0.0,0.0,0.0,0.0,0.0,0.0,0.0,0.0
112749509,215,1,self,1655.0,8,2,28,0,0,0,0,0,0,0,3,0,0,0,0,0,0,0,0,52,5.0,12.0,4.0,8.0,5.0,47.0,0.0,0.0,20.0,0.0,0.0,0.0,0.0,0.0,0.0,0.0,0.0
112749509,239,0,opponent,2182.0,8,2,39,0,0,0,0,0,0,0,0,1,1,0,0,0,0,0,0,64,5.0,12.0,5.0,7.0,5.0,59.0,0.0,0.0,20.0,0.0,0.0,0.0,0.0,0.0,0.0,0.0,0.0
112749509,239,1,self,2632.0,8,2,36,0,0,0,0,0,0,0,1,0,1,0,0,0,0,0,0,64,5.0,12.0,5.0,8.0,5.0,59.0,0.0,0.0,20.0,0.0,0.0,0.0,0.0,0.0,0.0,0.0,0.0
112749509,240,0,opponent,2182.0,0,2,39,0,0,0,0,0,0,0,0,1,1,0,0,0,0,0,0,71,5.0,12.0,5.0,7.0,5.0,60.0,0.0,6.0,20.0,0.0,0.0,0.0,0.0,0.0,0.0,0.0,0.0
112749509,240,1,self,2632.0,0,2,36,0,0,0,0,0,0,0,1,0,1,0,0,0,0,0,0,77,5.0,12.0,5.0,8.0,5.0,60.0,0.0,12.0,20.0,0.0,0.0,0.0,0.0,0.0,0.0,0.0,0.0
112749509,263,0,opponent,14397.0,11,2,43,0,0,0,12,0,0,0,10,1,0,0,0,0,0,0,0,13,12.0,0.0,8.0,7.0,13.0,0.0,0.0,0.0,20.0,0.0,0.0,0.0,0.0,0.0,0.0,0.0,0.0
112749509,263,1,self,15993.0,11,2,42,0,0,0,12,0,0,0,11,0,0,0,0,0,0,0,0,13,12.0,0.0,8.0,8.0,13.0,0.0,0.0,0.0,20.0,0.0,0.0,0.0,0.0,0.0,0.0,0.0,0.0
112749509,287,0,opponent,13553.0,10,3,39,0,0,0,0,0,0,0,14,1,0,0,0,0,0,0,0,24,21.0,0.0,9.0,7.0,24.0,0.0,0.0,0.0,33.0,0.0,0.0,0.0,0.0,0.0,0.0,0.0,0.0
112749509,287,1,self,15221.0,10,3,37,0,0,0,0,0,0,0,15,0,0,0,0,0,0,0,0,24,21.0,0.0,9.0,8.0,24.0,0.0,0.0,0.0,33.0,0.0,0.0,0.0,0.0,0.0,0.0,0.0,0.0
112749509,288,0,opponent,13553.0,0,3,41,0,0,0,0,0,0,0,15,1,0,0,0,0,0,0,0,36,20.0,0.0,9.0,7.0,22.0,0.0,8.0,6.0,33.0,0.0,0.0,0.0,0.0,0.0,0.0,0.0,0.0
112749509,288,1,self,15221.0,0,3,39,0,0,0,0,0,0,0,16,0,0,0,0,0,0,0,0,39,20.0,0.0,9.0,8.0,22.0,0.0,8.0,9.0,33.0,0.0,0.0,0.0,0.0,0.0,0.0,0.0,0.0
112749509,311,0,opponent,18008.0,9,3,17,0,0,0,0,0,0,0,16,1,0,0,0,0,0,0,0,27,24.0,0.0,9.0,7.0,27.0,0.0,0.0,0.0,33.0,0.0,0.0,0.0,0.0,0.0,0.0,0.0,0.0
112749509,311,1,self,19742.0,9,3,14,0,0,0,0,0,0,0,17,0,0,0,0,0,0,0,0,30,24.0,0.0,9.0,8.0,27.0,0.0,0.0,3.0,33.0,0.0,0.0,0.0,0.0,0.0,0.0,0.0,0.0
112749509,335,0,opponent,19478.0,9,3,17,0,0,0,0,0,0,0,13,1,0,0,0,0,0,0,0,32,24.0,0.0,9.0,7.0,32.0,0.0,0.0,0.0,33.0,0.0,0.0,0.0,0.0,0.0,0.0,0.0,0.0
112749509,335,1,self,21742.0,9,3,16,0,0,0,0,0,0,0,14,0,0,0,0,0,0,0,0,32,24.0,0.0,9.0,8.0,32.0,0.0,0.0,0.0,33.0,0.0,0.0,0.0,0.0,0.0,0.0,0.0,0.0
112749509,359,0,opponent,24936.0,9,3,22,0,0,0,0,3,0,0,19,1,0,0,0,0,0,0,0,38,24.0,0.0,9.0,7.0,38.0,0.0,0.0,0.0,33.0,0.0,0.0,0.0,0.0,0.0,0.0,0.0,0.0
112749509,359,1,self,27160.0,9,3,21,0,0,0,0,6,0,0,20,0,0,0,0,0,0,0,0,38,24.0,0.0,9.0,8.0,38.0,0.0,0.0,0.0,33.0,0.0,0.0,0.0,0.0,0.0,0.0,0.0,0.0
112749509,360,0,opponent,25328.0,0,3,22,0,0,0,0,3,0,0,14,1,0,0,0,0,0,0,0,76,24.0,0.0,9.0,7.0,40.0,0.0,14.0,15.0,33.0,7.0,0.0,0.0,0.0,0.0,0.0,0.0,0.0
112749509,360,1,self,27552.0,0,3,21,0,0,0,0,6,0,0,15,0,0,0,0,0,0,0,0,77,24.0,0.0,9.0,8.0,40.0,0.0,14.0,15.0,33.0,8.0,0.0,0.0,0.0,0.0,0.0,0.0,0.0
112749509,383,0,opponent,29850.0,10,3,24,0,0,0,0,0,14,0,10,1,0,0,1,0,0,0,0,38,24.0,0.0,9.0,7.0,38.0,0.0,0.0,0.0,33.0,0.0,0.0,0.0,0.0,0.0,0.0,0.0,0.0
112749509,383,1,self,32725.0,10,3,23,0,0,0,0,0,14,0,11,0,0,0,1,0,0,0,0,38,24.0,0.0,9.0,8.0,38.0,0.0,0.0,0.0,33.0,0.0,0.0,0.0,0.0,0.0,0.0,0.0,0.0
112749509,407,0,opponent,39007.0,11,3,32,0,0,0,0,0,11,0,9,1,0,0,1,0,0,0,0,36,25.0,0.0,9.0,7.0,36.0,0.0,0.0,0.0,33.0,0.0,0.0,0.0,0.0,0.0,0.0,0.0,0.0
112749509,407,1,self,41926.0,11,3,30,0,0,0,0,3,11,0,11,0,0,0,1,0,0,0,0,36,25.0,0.0,9.0,8.0,36.0,0.0,0.0,0.0,33.0,0.0,0.0,0.0,0.0,0.0,0.0,0.0,0.0
112749509,431,0,opponent,45375.0,11,3,33,0,0,0,0,9,8,0,14,1,0,0,1,0,0,0,0,36,25.0,0.0,9.0,7.0,36.0,0.0,0.0,0.0,33.0,0.0,0.0,0.0,0.0,0.0,0.0,0.0,0.0
112749509,431,1,self,48837.0,11,3,30,0,0,0,0,9,8,0,15,0,0,0,1,0,0,0,0,36,25.0,0.0,9.0,8.0,36.0,0.0,0.0,0.0,33.0,0.0,0.0,0.0,0.0,0.0,0.0,0.0,0.0
112749509,432,0,opponent,46192.0,0,3,33,0,0,0,0,9,2,0,15,1,0,0,1,0,0,0,0,86,25.0,0.0,9.0,7.0,38.0,0.0,12.0,12.0,33.0,24.0,0.0,0.0,0.0,0.0,0.0,0.0,0.0
112749509,432,1,self,49654.0,0,3,30,0,0,0,0,9,2,0,16,0,0,0,1,0,0,0,0,89,25.0,0.0,9.0,8.0,38.0,0.0,12.0,15.0,33.0,24.0,0.0,0.0,0.0,0.0,0.0,0.0,0.0
112749509,455,0,opponent,52483.0,11,3,29,0,0,6,0,3,4,0,12,1,0,0,1,0,0,0,0,47,25.0,0.0,9.0,7.0,38.0,0.0,4.0,3.0,33.0,2.0,0.0,0.0,0.0,0.0,0.0,0.0,0.0
112749509,455,1,self,55945.0,11,3,25,0,0,6,0,6,4,0,14,0,0,0,1,0,0,0,0,47,25.0,0.0,9.0,8.0,38.0,0.0,4.0,3.0,33.0,2.0,0.0,0.0,0.0,0.0,0.0,0.0,0.0
112749509,479,0,opponent,58019.0,10,3,29,0,0,6,0,6,12,0,12,1,0,0,1,0,0,0,0,40,25.0,0.0,9.0,7.0,40.0,0.0,0.0,0.0,33.0,0.0,0.0,0.0,0.0,0.0,0.0,0.0,0.0
112749509,479,1,self,61871.0,10,3,24,0,0,6,0,6,12,0,14,0,0,0,1,0,0,0,0,40,25.0,0.0,9.0,8.0,40.0,0.0,0.0,0.0,33.0,0.0,0.0,0.0,0.0,0.0,0.0,0.0,0.0
112749509,480,0,opponent,58019.0,0,3,29,0,0,6,0,6,12,0,12,1,0,0,1,0,0,0,0,90,25.0,0.0,9.0,7.0,43.0,0.0,12.0,12.0,33.0,23.0,0.0,0.0,0.0,0.0,0.0,0.0,0.0
112749509,480,1,self,61871.0,0,3,24,0,0,6,0,6,12,0,14,0,0,0,1,0,0,0,0,94,25.0,0.0,9.0,8.0,43.0,0.0,12.0,15.0,33.0,24.0,0.0,0.0,0.0,0.0,0.0,0.0,0.0
112749509,503,0,opponent,65256.0,11,3,30,0,0,4,0,3,8,0,12,1,0,0,1,0,0,0,0,50,25.0,0.0,9.0,7.0,43.0,0.0,4.0,3.0,33.0,0.0,0.0,0.0,0.0,0.0,0.0,0.0,0.0
112749509,503,1,self,68210.0,11,3,24,0,0,4,0,9,8,0,13,0,0,0,1,0,0,0,0,50,25.0,0.0,9.0,8.0,43.0,0.0,4.0,3.0,33.0,0.0,0.0,0.0,0.0,0.0,0.0,0.0,0.0
112749509,527,0,opponent,69858.0,11,3,35,0,0,12,0,9,0,0,16,1,0,0,1,0,0,0,0,65,30.0,0.0,9.0,7.0,48.0,0.0,12.0,3.0,28.0,2.0,0.0,0.0,0.0,0.0,0.0,0.0,0.0
112749509,527,1,self,73142.0,11,3,34,0,0,12,0,9,0,0,17,0,0,0,1,0,0,0,0,65,30.0,0.0,9.0,8.0,48.0,0.0,12.0,3.0,28.0,2.0,0.0,0.0,0.0,0.0,0.0,0.0,0.0
112749509,551,0,opponent,74125.0,11,3,33,0,0,9,0,6,8,0,12,1,0,0,1,0,0,0,0,61,31.0,0.0,9.0,7.0,48.0,0.0,8.0,3.0,27.0,2.0,0.0,0.0,0.0,0.0,0.0,0.0,0.0
112749509,551,1,self,77300.0,11,3,32,0,0,10,0,9,8,0,14,0,0,0,1,0,0,0,0,61,31.0,0.0,9.0,8.0,48.0,0.0,8.0,3.0,27.0,2.0,0.0,0.0,0.0,0.0,0.0,0.0,0.0
112749509,575,0,opponent,76571.0,11,3,32,0,0,17,0,6,9,0,16,1,0,0,1,0,0,0,0,74,38.0,0.0,9.0,7.0,63.0,0.0,0.0,6.0,20.0,5.0,0.0,0.0,0.0,0.0,0.0,0.0,0.0
112749509,575,1,self,79586.0,11,3,31,0,0,17,0,6,9,0,17,0,0,0,1,0,0,0,0,74,38.0,0.0,9.0,8.0,63.0,0.0,0.0,6.0,20.0,5.0,0.0,0.0,0.0,0.0,0.0,0.0,0.0
112749509,576,0,opponent,76571.0,0,3,32,0,0,22,0,9,9,0,16,1,0,0,1,0,0,0,0,98,38.0,0.0,9.0,7.0,68.0,0.0,10.0,15.0,20.0,5.0,0.0,0.0,0.0,0.0,0.0,0.0,0.0
112749509,576,1,self,79586.0,0,3,31,0,0,22,0,9,9,0,17,0,0,0,1,0,0,0,0,102,38.0,0.0,9.0,8.0,68.0,0.0,10.0,18.0,20.0,6.0,0.0,0.0,0.0,0.0,0.0,0.0,0.0
112749509,599,0,opponent,78964.0,11,3,47,0,0,5,0,15,3,0,15,1,0,0,1,0,0,0,0,67,37.0,0.0,9.0,7.0,63.0,0.0,0.0,0.0,17.0,0.0,0.0,0.0,4.0,4.0,0.0,0.0,0.0
112749509,599,1,self,81736.0,11,3,46,0,0,6,0,18,5,0,17,0,0,0,1,0,0,0,0,67,37.0,0.0,9.0,8.0,63.0,0.0,0.0,0.0,17.0,0.0,0.0,0.0,4.0,4.0,0.0,0.0,0.0
112749509,623,0,opponent,82851.0,11,3,49,0,0,21,0,6,10,0,14,1,0,0,1,0,0,0,0,81,27.0,0.0,9.0,7.0,60.0,0.0,0.0,3.0,13.0,0.0,0.0,0.0,18.0,18.0,0.0,0.0,0.0
112749509,623,1,self,86083.0,11,3,48,0,0,21,0,6,10,0,16,0,0,0,1,0,0,0,0,81,27.0,0.0,9.0,8.0,60.0,0.0,0.0,3.0,13.0,0.0,0.0,0.0,18.0,18.0,0.0,0.0,0.0
112749509,647,0,opponent,86284.0,11,3,54,0,0,0,0,6,9,0,15,1,0,0,1,0,0,0,0,80,16.0,0.0,9.0,7.0,44.0,0.0,0.0,5.0,13.0,0.0,0.0,0.0,29.0,31.0,0.0,0.0,0.0
112749509,647,1,self,89295.0,11,3,53,0,0,0,0,9,13,0,16,0,0,0,1,0,0,0,0,80,16.0,0.0,9.0,8.0,44.0,0.0,0.0,5.0,13.0,0.0,0.0,0.0,29.0,31.0,0.0,0.0,0.0
112749509,648,0,opponent,86284.0,0,3,54,0,0,0,0,6,9,0,16,1,0,0,1,0,0,0,0,132,16.0,0.0,9.0,7.0,48.0,0.0,9.0,14.0,13.0,26.0,0.0,0.0,29.0,35.0,0.0,0.0,0.0
112749509,648,1,self,89503.0,0,3,53,0,0,0,0,9,9,0,17,0,0,0,1,0,0,0,0,132,16.0,0.0,9.0,8.0,48.0,0.0,9.0,14.0,13.0,26.0,0.0,0.0,29.0,35.0,0.0,0.0,0.0
112749509,671,0,opponent,90496.0,11,3,38,15,0,20,0,5,9,0,5,1,0,0,0,0,0,0,0,80,18.0,0.0,9.0,7.0,39.0,0.0,0.0,3.0,4.0,0.0,0.0,0.0,26.0,38.0,0.0,0.0,0.0
112749509,671,1,self,94333.0,11,3,36,15,0,20,0,5,9,0,6,0,0,0,1,0,0,0,0,80,18.0,0.0,9.0,8.0,39.0,0.0,0.0,3.0,4.0,0.0,0.0,0.0,26.0,38.0,0.0,0.0,0.0
112749509,695,0,opponent,95424.0,11,3,48,34,0,0,0,0,0,0,8,1,0,0,0,0,0,0,0,51,10.0,0.0,9.0,7.0,12.0,0.0,0.0,9.0,0.0,0.0,0.0,0.0,13.0,30.0,0.0,0.0,0.0
112749509,695,1,self,99599.0,11,3,48,34,0,0,0,1,0,0,8,0,0,0,1,0,0,0,0,51,10.0,0.0,9.0,8.0,12.0,0.0,0.0,9.0,0.0,0.0,0.0,0.0,13.0,30.0,0.0,0.0,0.0
112749509,696,0,opponent,95779.0,0,3,42,37,0,0,0,0,0,0,6,1,0,0,0,0,0,0,0,65,9.0,0.0,9.0,7.0,11.0,0.0,9.0,18.0,0.0,0.0,0.0,0.0,12.0,27.0,0.0,0.0,0.0
112749509,696,1,self,99954.0,0,3,42,37,0,0,0,1,0,0,6,0,0,0,1,0,0,0,0,65,9.0,0.0,9.0,8.0,11.0,0.0,9.0,18.0,0.0,0.0,0.0,0.0,12.0,27.0,0.0,0.0,0.0
112749509,719,0,opponent,104328.0,11,3,0,0,0,0,0,0,0,0,0,1,0,0,0,0,0,0,0,0,0.0,0.0,9.0,7.0,0.0,0.0,0.0,0.0,0.0,0.0,0.0,0.0,0.0,0.0,0.0,0.0,0.0
112749509,719,1,self,108700.0,11,3,0,0,0,0,0,0,0,0,0,0,0,0,1,0,0,0,0,0,0.0,0.0,9.0,8.0,0.0,0.0,0.0,0.0,0.0,0.0,0.0,0.0,0.0,0.0,0.0,0.0,0.0
112749577,0,0,opponent,3000.0,0,1,0,0,0,0,0,0,0,0,0,0,0,0,0,0,0,0,0,0,0.0,0.0,0.0,0.0,0.0,0.0,0.0,0.0,0.0,0.0,0.0,0.0,0.0,0.0,0.0,0.0,0.0
112749577,0,1,self,3000.0,0,1,0,0,0,0,0,0,0,0,0,0,0,0,0,0,0,0,0,0,0.0,0.0,0.0,0.0,0.0,0.0,0.0,0.0,0.0,0.0,0.0,0.0,0.0,0.0,0.0,0.0,0.0
112749577,23,0,opponent,12.0,5,1,3,0,0,0,0,0,0,0,0,0,0,0,0,0,0,0,0,20,8.0,12.0,2.0,2.0,8.0,12.0,0.0,0.0,0.0,0.0,0.0,0.0,0.0,0.0,0.0,0.0,0.0
112749577,23,1,self,12.0,5,1,3,0,0,0,0,0,0,0,0,0,0,0,0,0,0,0,0,20,8.0,12.0,2.0,2.0,8.0,12.0,0.0,0.0,0.0,0.0,0.0,0.0,0.0,0.0,0.0,0.0,0.0
112749577,24,0,opponent,12.0,0,1,3,0,0,0,0,0,0,0,0,0,0,0,0,0,0,0,0,20,8.0,12.0,2.0,2.0,8.0,12.0,0.0,0.0,0.0,0.0,0.0,0.0,0.0,0.0,0.0,0.0,0.0
112749577,24,1,self,12.0,0,1,3,0,0,0,0,0,0,0,0,0,0,0,0,0,0,0,0,20,8.0,12.0,2.0,2.0,8.0,12.0,0.0,0.0,0.0,0.0,0.0,0.0,0.0,0.0,0.0,0.0,0.0
112749577,47,0,opponent,101.0,3,1,6,0,0,0,0,0,0,0,1,0,0,0,0,0,0,0,0,20,8.0,12.0,2.0,2.0,8.0,12.0,0.0,0.0,0.0,0.0,0.0,0.0,0.0,0.0,0.0,0.0,0.0
112749577,47,1,self,101.0,3,1,6,0,0,0,0,0,0,0,1,0,0,0,0,0,0,0,0,20,8.0,12.0,2.0,2.0,8.0,12.0,0.0,0.0,0.0,0.0,0.0,0.0,0.0,0.0,0.0,0.0,0.0
112749577,71,0,opponent,214.0,4,1,6,0,0,0,0,0,0,0,0,0,0,0,0,0,0,0,0,25,8.0,12.0,2.0,3.0,13.0,12.0,0.0,0.0,0.0,0.0,0.0,0.0,0.0,0.0,0.0,0.0,0.0
112749577,71,1,self,214.0,4,1,6,0,0,0,0,0,0,0,0,0,0,0,0,0,0,0,0,25,8.0,12.0,2.0,3.0,13.0,12.0,0.0,0.0,0.0,0.0,0.0,0.0,0.0,0.0,0.0,0.0,0.0
112749577,72,0,opponent,214.0,0,1,6,0,0,0,0,0,0,0,0,0,0,0,0,0,0,0,0,25,8.0,12.0,2.0,3.0,13.0,12.0,0.0,0.0,0.0,0.0,0.0,0.0,0.0,0.0,0.0,0.0,0.0
112749577,72,1,self,214.0,0,1,6,0,0,0,0,0,0,0,0,0,0,0,0,0,0,0,0,25,8.0,12.0,2.0,3.0,13.0,12.0,0.0,0.0,0.0,0.0,0.0,0.0,0.0,0.0,0.0,0.0,0.0
112749577,95,0,opponent,267.0,5,1,14,0,0,0,0,0,0,0,1,1,0,0,0,0,0,0,0,19,7.0,12.0,2.0,3.0,7.0,12.0,0.0,0.0,0.0,0.0,0.0,0.0,0.0,0.0,0.0,0.0,0.0
112749577,95,1,self,267.0,5,1,14,0,0,0,0,0,0,0,1,1,0,0,0,0,0,0,0,19,7.0,12.0,2.0,3.0,7.0,12.0,0.0,0.0,0.0,0.0,0.0,0.0,0.0,0.0,0.0,0.0,0.0
112749577,119,0,opponent,672.0,4,1,19,0,0,0,0,0,0,0,1,0,0,0,0,0,0,0,0,19,7.0,12.0,2.0,4.0,7.0,12.0,0.0,0.0,0.0,0.0,0.0,0.0,0.0,0.0,0.0,0.0,0.0
112749577,119,1,self,672.0,4,1,19,0,0,0,0,0,0,0,1,0,0,0,0,0,0,0,0,19,7.0,12.0,2.0,4.0,7.0,12.0,0.0,0.0,0.0,0.0,0.0,0.0,0.0,0.0,0.0,0.0,0.0
112749577,143,0,opponent,787.0,4,1,19,0,0,0,0,0,0,0,2,0,0,0,0,0,0,0,0,15,3.0,12.0,2.0,4.0,3.0,12.0,0.0,0.0,4.0,0.0,0.0,0.0,0.0,0.0,0.0,0.0,0.0
112749577,143,1,self,787.0,4,1,19,0,0,0,0,0,0,0,2,0,0,0,0,0,0,0,0,15,3.0,12.0,2.0,4.0,3.0,12.0,0.0,0.0,4.0,0.0,0.0,0.0,0.0,0.0,0.0,0.0,0.0
112749577,144,0,opponent,787.0,0,1,19,0,0,0,0,0,0,0,2,0,0,0,0,0,0,0,0,27,3.0,12.0,2.0,4.0,3.0,12.0,12.0,0.0,4.0,0.0,0.0,0.0,0.0,0.0,0.0,0.0,0.0
112749577,144,1,self,787.0,0,1,19,0,0,0,0,0,0,0,2,0,0,0,0,0,0,0,0,27,3.0,12.0,2.0,4.0,3.0,12.0,12.0,0.0,4.0,0.0,0.0,0.0,0.0,0.0,0.0,0.0,0.0
112749577,167,0,opponent,736.0,7,2,16,0,0,0,0,0,2,0,1,0,0,0,0,0,0,0,0,30,6.0,12.0,2.0,6.0,7.0,23.0,0.0,0.0,12.0,0.0,0.0,0.0,0.0,0.0,0.0,0.0,0.0
112749577,167,1,self,736.0,7,2,16,0,0,0,0,0,2,0,1,0,0,0,0,0,0,0,0,30,6.0,12.0,2.0,6.0,7.0,23.0,0.0,0.0,12.0,0.0,0.0,0.0,0.0,0.0,0.0,0.0,0.0
112749577,191,0,opponent,533.0,7,2,11,0,0,0,0,0,0,0,1,0,0,0,1,0,0,0,0,44,8.0,12.0,2.0,8.0,8.0,36.0,0.0,0.0,16.0,0.0,0.0,0.0,0.0,0.0,0.0,0.0,0.0
112749577,191,1,self,533.0,7,2,11,0,0,0,0,0,0,0,1,0,0,0,1,0,0,0,0,44,8.0,12.0,2.0,8.0,8.0,36.0,0.0,0.0,16.0,0.0,0.0,0.0,0.0,0.0,0.0,0.0,0.0
112749577,192,0,opponent,533.0,0,2,11,0,0,0,0,0,0,0,1,0,0,0,0,0,0,0,0,57,9.0,12.0,2.0,8.0,9.0,36.0,0.0,12.0,16.0,0.0,0.0,0.0,0.0,0.0,0.0,0.0,0.0
112749577,192,1,self,533.0,0,2,11,0,0,0,0,0,0,0,1,0,0,0,0,0,0,0,0,57,9.0,12.0,2.0,8.0,9.0,36.0,0.0,12.0,16.0,0.0,0.0,0.0,0.0,0.0,0.0,0.0,0.0
112749577,215,0,opponent,1631.0,8,2,28,0,0,0,0,0,0,0,3,0,0,0,0,0,0,0,0,52,5.0,12.0,4.0,8.0,5.0,47.0,0.0,0.0,20.0,0.0,0.0,0.0,0.0,0.0,0.0,0.0,0.0
112749577,215,1,self,1631.0,8,2,28,0,0,0,0,0,0,0,3,0,0,0,0,0,0,0,0,52,5.0,12.0,4.0,8.0,5.0,47.0,0.0,0.0,20.0,0.0,0.0,0.0,0.0,0.0,0.0,0.0,0.0
112749577,239,0,opponent,2518.0,8,2,36,0,0,0,0,0,0,0,1,0,1,0,0,0,0,0,0,64,5.0,12.0,5.0,8.0,5.0,59.0,0.0,0.0,20.0,0.0,0.0,0.0,0.0,0.0,0.0,0.0,0.0
112749577,239,1,self,2518.0,8,2,36,0,0,0,0,0,0,0,1,0,1,0,0,0,0,0,0,64,5.0,12.0,5.0,8.0,5.0,59.0,0.0,0.0,20.0,0.0,0.0,0.0,0.0,0.0,0.0,0.0,0.0
112749577,240,0,opponent,2518.0,0,2,36,0,0,0,0,0,0,0,1,0,1,0,0,0,0,0,0,77,5.0,12.0,5.0,8.0,5.0,60.0,0.0,12.0,20.0,0.0,0.0,0.0,0.0,0.0,0.0,0.0,0.0
112749577,240,1,self,2518.0,0,2,36,0,0,0,0,0,0,0,1,0,1,0,0,0,0,0,0,77,5.0,12.0,5.0,8.0,5.0,60.0,0.0,12.0,20.0,0.0,0.0,0.0,0.0,0.0,0.0,0.0,0.0
112749577,263,0,opponent,16263.0,11,2,42,0,0,0,12,0,0,0,11,0,0,0,0,0,0,0,0,13,12.0,0.0,6.0,8.0,13.0,0.0,0.0,0.0,20.0,0.0,2.0,0.0,0.0,0.0,0.0,0.0,0.0
112749577,263,1,self,16263.0,11,2,42,0,0,0,12,0,0,0,11,0,0,0,0,0,0,0,0,13,12.0,0.0,6.0,8.0,13.0,0.0,0.0,0.0,20.0,0.0,2.0,0.0,0.0,0.0,0.0,0.0,0.0
112749577,287,0,opponent,15625.0,10,3,37,0,0,0,0,0,0,0,15,0,0,0,0,0,0,0,0,24,21.0,0.0,6.0,8.0,24.0,0.0,0.0,0.0,33.0,0.0,3.0,0.0,0.0,0.0,0.0,0.0,0.0
112749577,287,1,self,15625.0,10,3,37,0,0,0,0,0,0,0,15,0,0,0,0,0,0,0,0,24,21.0,0.0,6.0,8.0,24.0,0.0,0.0,0.0,33.0,0.0,3.0,0.0,0.0,0.0,0.0,0.0,0.0
112749577,288,0,opponent,15625.0,0,3,39,0,0,0,0,0,0,0,16,0,0,0,0,0,0,0,0,39,20.0,0.0,6.0,8.0,22.0,0.0,8.0,9.0,33.0,0.0,3.0,0.0,0.0,0.0,0.0,0.0,0.0
112749577,288,1,self,15625.0,0,3,39,0,0,0,0,0,0,0,16,0,0,0,0,0,0,0,0,39,20.0,0.0,6.0,8.0,22.0,0.0,8.0,9.0,33.0,0.0,3.0,0.0,0.0,0.0,0.0,0.0,0.0
112749577,311,0,opponent,19371.0,9,3,14,0,0,0,0,0,0,0,17,0,0,0,0,0,0,0,0,30,24.0,0.0,6.0,8.0,27.0,0.0,0.0,3.0,33.0,0.0,3.0,0.0,0.0,0.0,0.0,0.0,0.0
112749577,311,1,self,19371.0,9,3,14,0,0,0,0,0,0,0,17,0,0,0,0,0,0,0,0,30,24.0,0.0,6.0,8.0,27.0,0.0,0.0,3.0,33.0,0.0,3.0,0.0,0.0,0.0,0.0,0.0,0.0
112749577,335,0,opponent,21141.0,9,3,16,0,0,0,0,0,0,0,14,0,0,0,0,0,0,0,0,32,24.0,0.0,6.0,8.0,32.0,0.0,0.0,0.0,33.0,0.0,3.0,0.0,0.0,0.0,0.0,0.0,0.0
112749577,335,1,self,21141.0,9,3,16,0,0,0,0,0,0,0,14,0,0,0,0,0,0,0,0,32,24.0,0.0,6.0,8.0,32.0,0.0,0.0,0.0,33.0,0.0,3.0,0.0,0.0,0.0,0.0,0.0,0.0
112749577,359,0,opponent,23684.0,9,3,24,0,0,0,0,6,3,8,20,0,0,0,0,0,0,0,0,38,24.0,0.0,6.0,8.0,38.0,0.0,0.0,0.0,33.0,0.0,3.0,0.0,0.0,0.0,0.0,0.0,0.0
112749577,359,1,self,23684.0,9,3,24,0,0,0,0,6,3,8,20,0,0,0,0,0,0,0,0,38,24.0,0.0,6.0,8.0,38.0,0.0,0.0,0.0,33.0,0.0,3.0,0.0,0.0,0.0,0.0,0.0,0.0
112749577,360,0,opponent,24065.0,0,3,24,0,0,0,0,6,0,8,15,0,0,0,0,0,0,0,0,82,24.0,0.0,6.0,8.0,40.0,0.0,11.0,15.0,33.0,8.0,3.0,8.0,0.0,0.0,0.0,0.0,0.0
112749577,360,1,self,24065.0,0,3,24,0,0,0,0,6,0,8,15,0,0,0,0,0,0,0,0,82,24.0,0.0,6.0,8.0,40.0,0.0,11.0,15.0,33.0,8.0,3.0,8.0,0.0,0.0,0.0,0.0,0.0
112749577,383,0,opponent,28081.0,10,3,25,0,0,0,0,0,11,6,11,0,0,0,1,0,0,0,0,40,24.0,0.0,6.0,8.0,38.0,0.0,0.0,0.0,33.0,0.0,3.0,2.0,0.0,0.0,0.0,0.0,0.0
112749577,383,1,self,28081.0,10,3,25,0,0,0,0,0,11,6,11,0,0,0,1,0,0,0,0,40,24.0,0.0,6.0,8.0,38.0,0.0,0.0,0.0,33.0,0.0,3.0,2.0,0.0,0.0,0.0,0.0,0.0
112749577,407,0,opponent,31642.0,11,3,36,0,0,0,0,3,0,5,11,0,0,0,1,0,0,0,0,38,25.0,0.0,6.0,8.0,36.0,0.0,0.0,0.0,33.0,0.0,3.0,2.0,0.0,0.0,0.0,0.0,0.0
112749577,407,1,self,31642.0,11,3,36,0,0,0,0,3,0,5,11,0,0,0,1,0,0,0,0,38,25.0,0.0,6.0,8.0,36.0,0.0,0.0,0.0,33.0,0.0,3.0,2.0,0.0,0.0,0.0,0.0,0.0
112749577,431,0,opponent,34018.0,11,3,41,0,0,0,0,9,2,6,15,0,0,0,1,0,0,0,0,38,25.0,0.0,6.0,8.0,36.0,0.0,0.0,0.0,33.0,0.0,3.0,2.0,0.0,0.0,0.0,0.0,0.0
112749577,431,1,self,34018.0,11,3,41,0,0,0,0,9,2,6,15,0,0,0,1,0,0,0,0,38,25.0,0.0,6.0,8.0,36.0,0.0,0.0,0.0,33.0,0.0,3.0,2.0,0.0,0.0,0.0,0.0,0.0
112749577,432,0,opponent,34071.0,0,3,41,0,0,0,0,9,2,5,16,0,0,0,1,0,0,0,0,89,25.0,0.0,6.0,8.0,38.0,0.0,4.0,15.0,33.0,24.0,3.0,8.0,0.0,0.0,0.0,0.0,0.0
112749577,432,1,self,34071.0,0,3,41,0,0,0,0,9,2,5,16,0,0,0,1,0,0,0,0,89,25.0,0.0,6.0,8.0,38.0,0.0,4.0,15.0,33.0,24.0,3.0,8.0,0.0,0.0,0.0,0.0,0.0
112749577,455,0,opponent,31302.0,13,4,42,0,0,6,0,6,1,4,14,0,0,0,1,0,0,0,0,48,25.0,0.0,6.0,8.0,38.0,0.0,1.0,3.0,33.0,2.0,3.0,4.0,0.0,0.0,0.0,10.0,0.0
112749577,455,1,self,31302.0,13,4,42,0,0,6,0,6,1,4,14,0,0,0,1,0,0,0,0,48,25.0,0.0,6.0,8.0,38.0,0.0,1.0,3.0,33.0,2.0,3.0,4.0,0.0,0.0,0.0,10.0,0.0
112749577,479,0,opponent,31925.0,11,4,44,0,0,6,0,4,3,10,13,0,0,0,1,0,0,0,0,42,25.0,0.0,6.0,8.0,42.0,0.0,0.0,0.0,33.0,0.0,3.0,0.0,0.0,0.0,0.0,10.0,0.0
112749577,479,1,self,31925.0,11,4,44,0,0,6,0,4,3,10,13,0,0,0,1,0,0,0,0,42,25.0,0.0,6.0,8.0,42.0,0.0,0.0,0.0,33.0,0.0,3.0,0.0,0.0,0.0,0.0,10.0,0.0
112749577,480,0,opponent,31925.0,0,4,44,0,0,6,0,4,3,10,14,0,0,0,1,0,0,0,0,92,25.0,0.0,6.0,8.0,46.0,0.0,6.0,10.0,33.0,24.0,3.0,6.0,0.0,0.0,0.0,10.0,0.0
112749577,480,1,self,31925.0,0,4,44,0,0,6,0,4,3,10,14,0,0,0,1,0,0,0,0,92,25.0,0.0,6.0,8.0,46.0,0.0,6.0,10.0,33.0,24.0,3.0,6.0,0.0,0.0,0.0,10.0,0.0
112749577,503,0,opponent,32967.0,12,4,49,0,0,4,0,4,3,4,13,0,0,0,1,0,0,0,0,56,25.0,0.0,6.0,8.0,49.0,0.0,3.0,2.0,33.0,0.0,3.0,2.0,0.0,0.0,0.0,10.0,0.0
112749577,503,1,self,32967.0,12,4,49,0,0,4,0,4,3,4,13,0,0,0,1,0,0,0,0,56,25.0,0.0,6.0,8.0,49.0,0.0,3.0,2.0,33.0,0.0,3.0,2.0,0.0,0.0,0.0,10.0,0.0
112749577,527,0,opponent,34790.0,12,4,46,0,0,12,0,6,0,6,15,0,0,0,1,0,0,0,0,68,30.0,0.0,6.0,8.0,53.0,0.0,9.0,2.0,28.0,2.0,3.0,2.0,0.0,0.0,0.0,10.0,0.0
112749577,527,1,self,34790.0,12,4,46,0,0,12,0,6,0,6,15,0,0,0,1,0,0,0,0,68,30.0,0.0,6.0,8.0,53.0,0.0,9.0,2.0,28.0,2.0,3.0,2.0,0.0,0.0,0.0,10.0,0.0
112749577,551,0,opponent,37159.0,11,4,40,0,0,9,0,6,4,4,12,0,0,0,3,8,0,0,0,64,28.0,0.0,6.0,8.0,49.0,0.0,3.0,3.0,27.0,2.0,3.0,4.0,3.0,3.0,0.0,10.0,0.0
112749577,551,1,self,37159.0,11,4,40,0,0,9,0,6,4,4,12,0,0,0,3,8,0,0,0,64,28.0,0.0,6.0,8.0,49.0,0.0,3.0,3.0,27.0,2.0,3.0,4.0,3.0,3.0,0.0,10.0,0.0
112749577,575,0,opponent,39104.0,11,4,34,0,0,17,0,4,8,8,16,0,0,0,5,8,0,0,0,74,27.0,0.0,6.0,8.0,53.0,0.0,0.0,5.0,20.0,5.0,3.0,0.0,11.0,11.0,0.0,10.0,0.0
112749577,575,1,self,39104.0,11,4,34,0,0,17,0,4,8,8,16,0,0,0,5,8,0,0,0,74,27.0,0.0,6.0,8.0,53.0,0.0,0.0,5.0,20.0,5.0,3.0,0.0,11.0,11.0,1.0,10.0,0.0
112749577,576,0,opponent,39104.0,0,4,34,0,0,22,0,6,8,8,16,0,0,0,5,8,0,0,0,106,27.0,0.0,6.0,8.0,59.0,0.0,12.0,13.0,20.0,5.0,3.0,6.0,11.0,11.0,0.0,10.0,0.0
112749577,576,1,self,39104.0,0,4,34,0,0,22,0,6,8,8,16,0,0,0,5,8,0,0,0,106,27.0,0.0,6.0,8.0,59.0,0.0,12.0,13.0,20.0,5.0,3.0,6.0,11.0,11.0,1.0,10.0,0.0
112749577,599,0,opponent,40931.0,13,4,48,0,0,5,0,13,8,2,16,0,0,0,2,8,0,0,0,71,25.0,0.0,6.0,8.0,51.0,0.0,0.0,0.0,17.0,0.0,3.0,4.0,16.0,16.0,0.0,10.0,0.0
112749577,599,1,self,40931.0,13,4,48,0,0,5,0,13,8,2,16,0,0,0,2,8,0,0,0,71,25.0,0.0,6.0,8.0,51.0,0.0,0.0,0.0,17.0,0.0,3.0,4.0,16.0,16.0,1.0,10.0,0.0
112749577,623,0,opponent,42405.0,13,4,40,9,0,21,0,4,4,6,15,0,0,0,2,8,0,0,0,83,18.0,0.0,6.0,8.0,43.0,0.0,0.0,2.0,13.0,0.0,3.0,1.0,27.0,37.0,0.0,10.0,0.0
112749577,623,1,self,42405.0,13,4,40,9,0,21,0,4,4,6,15,0,0,0,2,8,0,0,0,83,18.0,0.0,6.0,8.0,43.0,0.0,0.0,2.0,13.0,0.0,3.0,1.0,27.0,37.0,2.0,10.0,0.0
112749577,647,0,opponent,46053.0,14,4,29,28,8,0,0,6,7,2,16,0,0,0,2,8,0,0,0,82,14.0,0.0,6.0,8.0,40.0,0.0,0.0,4.0,13.0,0.0,3.0,3.0,31.0,35.0,0.0,10.0,0.0
112749577,647,1,self,46053.0,14,4,29,28,8,0,0,6,7,2,16,0,0,0,2,8,0,0,0,82,14.0,0.0,6.0,8.0,40.0,0.0,0.0,4.0,13.0,0.0,3.0,3.0,31.0,35.0,2.0,10.0,0.0
112749577,648,0,opponent,46053.0,0,4,29,28,8,0,0,6,7,2,17,0,0,0,2,8,0,0,0,154,14.0,0.0,6.0,8.0,44.0,0.0,9.0,10.0,13.0,26.0,2.0,6.0,31.0,39.0,0.0,10.0,20.0
112749577,648,1,self,46053.0,0,4,29,28,8,0,0,6,7,2,17,0,0,0,2,8,0,0,0,154,14.0,0.0,6.0,8.0,44.0,0.0,9.0,10.0,13.0,26.0,2.0,6.0,31.0,39.0,2.0,10.0,20.0
112749577,671,0,opponent,51298.0,13,4,37,15,14,20,0,4,9,0,5,0,0,0,5,0,0,0,0,83,8.0,0.0,6.0,8.0,24.0,0.0,0.0,2.0,4.0,0.0,2.0,6.0,36.0,51.0,0.0,10.0,0.0
112749577,671,1,self,51298.0,13,4,37,15,14,20,0,4,9,0,5,0,0,0,5,0,0,0,0,83,8.0,0.0,6.0,8.0,24.0,0.0,0.0,2.0,4.0,0.0,2.0,6.0,36.0,51.0,2.0,10.0,0.0
112749577,695,0,opponent,59996.0,13,4,38,33,0,0,0,0,0,4,8,0,0,0,5,0,0,0,0,47,1.0,0.0,6.0,8.0,3.0,0.0,0.0,6.0,0.0,0.0,2.0,0.0,22.0,38.0,0.0,10.0,0.0
112749577,695,1,self,59996.0,13,4,38,33,0,0,0,0,0,4,8,0,0,0,5,0,0,0,0,47,1.0,0.0,6.0,8.0,3.0,0.0,0.0,6.0,0.0,0.0,2.0,0.0,22.0,38.0,2.0,10.0,0.0
112749577,696,0,opponent,60230.0,0,4,36,36,0,0,0,0,0,4,6,0,0,0,5,0,0,0,0,78,0.0,0.0,6.0,8.0,0.0,0.0,7.0,12.0,0.0,0.0,2.0,3.0,21.0,36.0,0.0,10.0,20.0
112749577,696,1,self,60230.0,0,4,36,36,0,0,0,0,0,4,6,0,0,0,5,0,0,0,0,78,0.0,0.0,6.0,8.0,0.0,0.0,7.0,12.0,0.0,0.0,2.0,3.0,21.0,36.0,2.0,10.0,20.0
112749577,719,0,opponent,69691.0,13,4,0,0,0,0,0,0,0,0,0,0,0,0,5,0,0,0,0,0,0.0,0.0,6.0,8.0,0.0,0.0,0.0,0.0,0.0,0.0,2.0,0.0,0.0,0.0,0.0,10.0,0.0
112749577,719,1,self,69691.0,13,4,0,0,0,0,0,0,0,0,0,0,0,0,5,0,0,0,0,0,0.0,0.0,6.0,8.0,0.0,0.0,0.0,0.0,0.0,0.0,2.0,0.0,0.0,0.0,2.0,10.0,0.0
112750796,0,0,self,3000.0,0,1,0,0,0,0,0,0,0,0,0,0,0,0,0,0,0,0,0,0,0.0,0.0,0.0,0.0,0.0,0.0,0.0,0.0,0.0,0.0,0.0,0.0,0.0,0.0,0.0,0.0,0.0
112750796,0,1,opponent,3000.0,0,1,0,0,0,0,0,0,0,0,0,0,0,0,0,0,0,0,0,0,0.0,0.0,0.0,0.0,0.0,0.0,0.0,0.0,0.0,0.0,0.0,0.0,0.0,0.0,0.0,0.0,0.0
112750796,23,0,self,11.0,5,1,3,0,0,0,0,0,0,0,0,0,0,0,0,0,0,0,0,20,8.0,12.0,2.0,2.0,8.0,12.0,0.0,0.0,0.0,0.0,0.0,0.0,0.0,0.0,0.0,0.0,0.0
112750796,23,1,opponent,13.0,5,1,3,0,0,0,0,0,0,0,0,0,0,0,0,0,0,0,0,20,8.0,12.0,2.0,2.0,8.0,12.0,0.0,0.0,0.0,0.0,0.0,0.0,0.0,0.0,0.0,0.0,0.0
112750796,24,0,self,11.0,0,1,3,0,0,0,0,0,0,0,0,0,0,0,0,0,0,0,0,20,8.0,12.0,2.0,2.0,8.0,12.0,0.0,0.0,0.0,0.0,0.0,0.0,0.0,0.0,0.0,0.0,0.0
112750796,24,1,opponent,13.0,0,1,3,0,0,0,0,0,0,0,0,0,0,0,0,0,0,0,0,20,8.0,12.0,2.0,2.0,8.0,12.0,0.0,0.0,0.0,0.0,0.0,0.0,0.0,0.0,0.0,0.0,0.0
112750796,47,0,self,100.0,3,1,6,0,0,0,0,0,0,0,1,0,0,0,0,0,0,0,0,20,8.0,12.0,2.0,2.0,8.0,12.0,0.0,0.0,0.0,0.0,0.0,0.0,0.0,0.0,0.0,0.0,0.0
112750796,47,1,opponent,102.0,3,1,6,0,0,0,0,0,0,0,1,0,0,0,0,0,0,0,0,20,8.0,12.0,2.0,2.0,8.0,12.0,0.0,0.0,0.0,0.0,0.0,0.0,0.0,0.0,0.0,0.0,0.0
112750796,71,0,self,213.0,4,1,6,0,0,0,0,0,0,0,0,0,0,0,0,0,0,0,0,25,8.0,12.0,2.0,3.0,13.0,12.0,0.0,0.0,0.0,0.0,0.0,0.0,0.0,0.0,0.0,0.0,0.0
112750796,71,1,opponent,215.0,4,1,6,0,0,0,0,0,0,0,0,0,0,0,0,0,0,0,0,25,8.0,12.0,2.0,3.0,13.0,12.0,0.0,0.0,0.0,0.0,0.0,0.0,0.0,0.0,0.0,0.0,0.0
112750796,72,0,self,213.0,0,1,6,0,0,0,0,0,0,0,0,0,0,0,0,0,0,0,0,25,8.0,12.0,2.0,3.0,13.0,12.0,0.0,0.0,0.0,0.0,0.0,0.0,0.0,0.0,0.0,0.0,0.0
112750796,72,1,opponent,215.0,0,1,6,0,0,0,0,0,0,0,0,0,0,0,0,0,0,0,0,25,8.0,12.0,2.0,3.0,13.0,12.0,0.0,0.0,0.0,0.0,0.0,0.0,0.0,0.0,0.0,0.0,0.0
112750796,95,0,self,264.0,5,1,14,0,0,0,0,0,0,0,1,1,0,0,0,0,0,0,0,19,7.0,12.0,2.0,3.0,7.0,12.0,0.0,0.0,0.0,0.0,0.0,0.0,0.0,0.0,0.0,0.0,0.0
112750796,95,1,opponent,353.0,5,1,11,0,0,0,0,0,0,0,1,1,0,0,0,0,0,0,0,19,7.0,12.0,2.0,3.0,7.0,12.0,0.0,0.0,0.0,0.0,0.0,0.0,0.0,0.0,0.0,0.0,0.0
112750796,119,0,self,675.0,4,1,19,0,0,0,0,0,0,0,1,0,0,0,0,0,0,0,0,19,7.0,12.0,2.0,4.0,7.0,12.0,0.0,0.0,0.0,0.0,0.0,0.0,0.0,0.0,0.0,0.0,0.0
112750796,119,1,opponent,764.0,4,1,16,0,0,0,0,0,0,0,1,0,0,0,0,0,0,0,0,19,7.0,12.0,2.0,4.0,7.0,12.0,0.0,0.0,0.0,0.0,0.0,0.0,0.0,0.0,0.0,0.0,0.0
112750796,143,0,self,788.0,4,1,19,0,0,0,0,0,0,0,2,0,0,0,0,0,0,0,0,15,3.0,12.0,2.0,4.0,3.0,12.0,0.0,0.0,4.0,0.0,0.0,0.0,0.0,0.0,0.0,0.0,0.0
112750796,143,1,opponent,877.0,4,1,16,0,0,0,0,0,0,0,2,0,0,0,0,0,0,0,0,15,3.0,12.0,2.0,4.0,3.0,12.0,0.0,0.0,4.0,0.0,0.0,0.0,0.0,0.0,0.0,0.0,0.0
112750796,144,0,self,788.0,0,1,19,0,0,0,0,0,0,0,2,0,0,0,0,0,0,0,0,27,3.0,12.0,2.0,4.0,3.0,12.0,12.0,0.0,4.0,0.0,0.0,0.0,0.0,0.0,0.0,0.0,0.0
112750796,144,1,opponent,877.0,0,1,16,0,0,0,0,0,0,0,2,0,0,0,0,0,0,0,0,27,3.0,12.0,2.0,4.0,3.0,12.0,12.0,0.0,4.0,0.0,0.0,0.0,0.0,0.0,0.0,0.0,0.0
112750796,167,0,self,736.0,7,2,16,0,0,0,0,0,2,0,1,0,0,0,0,0,0,0,0,30,6.0,12.0,2.0,6.0,7.0,23.0,0.0,0.0,12.0,0.0,0.0,0.0,0.0,0.0,0.0,0.0,0.0
112750796,167,1,opponent,1204.0,7,2,13,0,0,0,0,0,0,0,1,0,0,0,0,0,0,0,0,30,6.0,12.0,2.0,6.0,7.0,23.0,0.0,0.0,12.0,0.0,0.0,0.0,0.0,0.0,0.0,0.0,0.0
112750796,191,0,self,528.0,7,2,11,0,0,0,0,0,0,0,1,0,0,0,1,0,0,0,0,44,8.0,12.0,2.0,8.0,8.0,36.0,0.0,0.0,16.0,0.0,0.0,0.0,0.0,0.0,0.0,0.0,0.0
112750796,191,1,opponent,624.0,7,2,8,0,0,0,0,0,0,0,1,0,0,0,1,0,0,0,0,44,8.0,12.0,2.0,8.0,8.0,36.0,0.0,0.0,16.0,0.0,0.0,0.0,0.0,0.0,0.0,0.0,0.0
112750796,192,0,self,528.0,0,2,11,0,0,0,0,0,0,0,1,0,0,0,0,0,0,0,0,57,9.0,12.0,2.0,8.0,9.0,36.0,0.0,12.0,16.0,0.0,0.0,0.0,0.0,0.0,0.0,0.0,0.0
112750796,192,1,opponent,624.0,0,2,8,0,0,0,0,0,0,0,1,0,0,0,0,0,0,0,0,57,9.0,12.0,2.0,8.0,9.0,36.0,0.0,12.0,16.0,0.0,0.0,0.0,0.0,0.0,0.0,0.0,0.0
112750796,215,0,self,1677.0,8,2,28,0,0,0,0,0,0,0,3,0,0,0,0,0,0,0,0,52,5.0,12.0,4.0,8.0,5.0,47.0,0.0,0.0,20.0,0.0,0.0,0.0,0.0,0.0,0.0,0.0,0.0
112750796,215,1,opponent,1773.0,8,2,25,0,0,0,0,0,0,0,3,0,0,0,0,0,0,0,0,52,5.0,12.0,4.0,8.0,5.0,47.0,0.0,0.0,20.0,0.0,0.0,0.0,0.0,0.0,0.0,0.0,0.0
112750796,239,0,self,2705.0,8,2,36,0,0,0,0,0,0,0,1,0,1,0,0,0,0,0,0,64,5.0,12.0,4.0,9.0,5.0,59.0,0.0,0.0,20.0,0.0,0.0,0.0,0.0,0.0,0.0,0.0,0.0
112750796,239,1,opponent,2801.0,8,2,33,0,0,0,0,0,0,0,1,0,1,0,0,0,0,0,0,64,5.0,12.0,4.0,9.0,5.0,59.0,0.0,0.0,20.0,0.0,0.0,0.0,0.0,0.0,0.0,0.0,0.0
112750796,240,0,self,2705.0,0,2,36,0,0,0,0,0,0,0,1,0,1,0,0,0,0,0,0,77,5.0,12.0,4.0,9.0,5.0,60.0,0.0,12.0,20.0,0.0,0.0,0.0,0.0,0.0,0.0,0.0,0.0
112750796,240,1,opponent,2801.0,0,2,33,0,0,0,0,0,0,0,1,0,1,0,0,0,0,0,0,77,5.0,12.0,4.0,9.0,5.0,60.0,0.0,12.0,20.0,0.0,0.0,0.0,0.0,0.0,0.0,0.0,0.0
112750796,263,0,self,16615.0,11,2,42,0,0,0,12,0,0,0,11,0,0,0,0,0,0,0,0,13,12.0,0.0,5.0,9.0,13.0,0.0,0.0,0.0,20.0,0.0,2.0,0.0,0.0,0.0,0.0,0.0,0.0
112750796,263,1,opponent,16601.0,11,2,42,0,0,0,12,0,0,0,11,0,0,0,0,0,0,0,0,13,12.0,0.0,5.0,9.0,13.0,0.0,0.0,0.0,20.0,0.0,2.0,0.0,0.0,0.0,0.0,0.0,0.0
112750796,287,0,self,16082.0,10,3,37,0,0,0,0,0,0,0,15,0,0,0,0,0,0,0,0,24,21.0,0.0,5.0,9.0,24.0,0.0,0.0,0.0,33.0,0.0,3.0,0.0,0.0,0.0,0.0,0.0,0.0
112750796,287,1,opponent,16068.0,10,3,37,0,0,0,0,0,0,0,15,0,0,0,0,0,0,0,0,24,21.0,0.0,5.0,9.0,24.0,0.0,0.0,0.0,33.0,0.0,3.0,0.0,0.0,0.0,0.0,0.0,0.0
112750796,288,0,self,16082.0,0,3,39,0,0,0,0,0,0,0,16,0,0,0,0,0,0,0,0,39,20.0,0.0,5.0,9.0,22.0,0.0,8.0,9.0,33.0,0.0,3.0,0.0,0.0,0.0,0.0,0.0,0.0
112750796,288,1,opponent,16068.0,0,3,39,0,0,0,0,0,0,0,16,0,0,0,0,0,0,0,0,39,20.0,0.0,5.0,9.0,22.0,0.0,8.0,9.0,33.0,0.0,3.0,0.0,0.0,0.0,0.0,0.0,0.0
112750796,311,0,self,19958.0,9,3,14,0,0,0,0,0,0,0,17,0,0,0,0,0,0,0,0,30,24.0,0.0,5.0,9.0,27.0,0.0,0.0,3.0,33.0,0.0,3.0,0.0,0.0,0.0,0.0,0.0,0.0
112750796,311,1,opponent,19944.0,9,3,14,0,0,0,0,0,0,0,17,0,0,0,0,0,0,0,0,30,24.0,0.0,5.0,9.0,27.0,0.0,0.0,3.0,33.0,0.0,3.0,0.0,0.0,0.0,0.0,0.0,0.0
112750796,335,0,self,22030.0,9,3,16,0,0,0,0,0,0,0,14,0,0,0,0,0,0,0,0,32,24.0,0.0,5.0,9.0,32.0,0.0,0.0,0.0,33.0,0.0,3.0,0.0,0.0,0.0,0.0,0.0,0.0
112750796,335,1,opponent,22016.0,9,3,16,0,0,0,0,0,0,0,14,0,0,0,0,0,0,0,0,32,24.0,0.0,5.0,9.0,32.0,0.0,0.0,0.0,33.0,0.0,3.0,0.0,0.0,0.0,0.0,0.0,0.0
112750796,359,0,self,25739.0,9,3,24,0,0,0,0,6,3,8,20,0,0,0,0,0,0,0,0,38,24.0,0.0,5.0,9.0,38.0,0.0,0.0,0.0,33.0,0.0,3.0,0.0,0.0,0.0,0.0,0.0,0.0
112750796,359,1,opponent,25728.0,9,3,24,0,0,0,0,6,0,8,20,0,0,0,0,0,0,0,0,38,24.0,0.0,5.0,9.0,38.0,0.0,0.0,0.0,33.0,0.0,3.0,0.0,0.0,0.0,0.0,0.0,0.0
112750796,360,0,self,26120.0,0,3,24,0,0,0,0,6,0,8,15,0,0,0,0,0,0,0,0,76,24.0,0.0,5.0,9.0,40.0,0.0,5.0,15.0,33.0,8.0,3.0,8.0,0.0,0.0,0.0,0.0,0.0
112750796,360,1,opponent,26106.0,0,3,24,0,0,0,0,6,0,8,15,0,0,0,0,0,0,0,0,76,24.0,0.0,5.0,9.0,40.0,0.0,5.0,15.0,33.0,8.0,3.0,8.0,0.0,0.0,0.0,0.0,0.0
112750796,383,0,self,32902.0,10,3,24,0,0,0,0,0,5,6,11,0,0,0,1,0,0,0,0,40,24.0,0.0,5.0,9.0,38.0,0.0,0.0,0.0,33.0,0.0,3.0,2.0,0.0,0.0,0.0,0.0,0.0
112750796,383,1,opponent,32884.0,10,3,24,0,0,0,0,0,5,6,11,0,0,0,1,0,0,0,0,40,24.0,0.0,5.0,9.0,38.0,0.0,0.0,0.0,33.0,0.0,3.0,2.0,0.0,0.0,0.0,0.0,0.0
112750796,407,0,self,38850.0,11,3,35,0,0,0,0,3,0,5,11,0,0,0,1,0,0,0,0,38,25.0,0.0,5.0,9.0,36.0,0.0,0.0,0.0,33.0,0.0,3.0,2.0,0.0,0.0,0.0,0.0,0.0
112750796,407,1,opponent,38826.0,11,3,35,0,0,0,0,3,0,5,11,0,0,0,1,0,0,0,0,38,25.0,0.0,5.0,9.0,36.0,0.0,0.0,0.0,33.0,0.0,3.0,2.0,0.0,0.0,0.0,0.0,0.0
112750796,431,0,self,42822.0,11,3,36,0,0,0,0,9,0,11,15,0,0,0,1,0,0,0,0,44,25.0,0.0,5.0,9.0,36.0,0.0,0.0,6.0,33.0,0.0,3.0,2.0,0.0,0.0,0.0,0.0,0.0
112750796,431,1,opponent,42992.0,11,3,36,0,0,0,0,9,2,7,15,0,0,0,1,0,0,0,0,44,25.0,0.0,5.0,9.0,36.0,0.0,0.0,6.0,33.0,0.0,3.0,2.0,0.0,0.0,0.0,0.0,0.0
112750796,432,0,self,42922.0,0,3,36,0,0,0,0,9,0,9,16,0,0,0,1,0,0,0,0,94,25.0,0.0,5.0,9.0,38.0,0.0,3.0,21.0,33.0,24.0,3.0,8.0,0.0,0.0,0.0,0.0,0.0
112750796,432,1,opponent,43191.0,0,3,36,0,0,0,0,9,2,3,16,0,0,0,1,0,0,0,0,94,25.0,0.0,5.0,9.0,38.0,0.0,3.0,21.0,33.0,24.0,3.0,8.0,0.0,0.0,0.0,0.0,0.0
112750796,455,0,self,49109.0,11,3,35,0,0,6,0,12,0,13,14,0,0,0,1,0,0,0,0,48,25.0,0.0,5.0,9.0,38.0,0.0,1.0,3.0,33.0,2.0,3.0,4.0,0.0,0.0,0.0,0.0,0.0
112750796,455,1,opponent,49534.0,11,3,35,0,0,6,0,12,0,4,14,0,0,0,1,0,0,0,0,48,25.0,0.0,5.0,9.0,38.0,0.0,1.0,3.0,33.0,2.0,3.0,4.0,0.0,0.0,0.0,0.0,0.0
112750796,479,0,self,55109.0,10,3,35,0,0,6,0,6,1,17,13,0,0,0,1,8,0,0,0,43,25.0,0.0,5.0,9.0,40.0,0.0,0.0,3.0,33.0,0.0,3.0,0.0,0.0,0.0,0.0,0.0,0.0
112750796,479,1,opponent,55599.0,10,3,35,0,0,6,0,6,1,10,13,0,0,0,1,0,0,0,0,43,25.0,0.0,5.0,9.0,40.0,0.0,0.0,3.0,33.0,0.0,3.0,0.0,0.0,0.0,0.0,0.0,0.0
112750796,480,0,self,55109.0,0,3,35,0,0,6,0,6,1,17,13,0,0,0,1,8,0,0,0,95,25.0,0.0,5.0,9.0,43.0,0.0,4.0,18.0,33.0,24.0,3.0,6.0,0.0,0.0,0.0,0.0,0.0
112750796,480,1,opponent,55599.0,0,3,35,0,0,6,0,6,1,10,13,0,0,0,1,0,0,0,0,95,25.0,0.0,5.0,9.0,43.0,0.0,4.0,18.0,33.0,24.0,3.0,6.0,0.0,0.0,0.0,0.0,0.0
112750796,503,0,self,61025.0,11,3,39,0,0,4,0,6,2,15,13,0,0,0,1,8,0,0,0,53,24.0,0.0,5.0,9.0,42.0,0.0,2.0,6.0,33.0,0.0,3.0,2.0,1.0,1.0,0.0,0.0,0.0
112750796,503,1,opponent,61757.0,11,3,39,0,0,4,0,6,2,4,13,0,0,0,1,0,0,0,0,53,25.0,0.0,5.0,9.0,43.0,0.0,2.0,6.0,33.0,0.0,3.0,2.0,0.0,0.0,0.0,0.0,0.0
112750796,527,0,self,65519.0,11,3,36,0,0,12,0,9,0,11,16,0,0,0,1,8,0,0,0,66,24.0,0.0,5.0,9.0,42.0,0.0,3.0,9.0,28.0,2.0,3.0,4.0,6.0,6.0,0.0,0.0,0.0
112750796,527,1,opponent,65924.0,11,3,36,0,0,12,0,9,0,4,16,0,0,0,1,8,0,0,0,66,25.0,0.0,5.0,9.0,43.0,0.0,3.0,9.0,28.0,2.0,3.0,4.0,5.0,5.0,0.0,0.0,0.0
112750796,551,0,self,68345.0,11,3,33,0,0,10,0,10,2,13,14,0,0,0,3,8,0,0,0,65,21.0,0.0,5.0,9.0,37.0,0.0,0.0,9.0,27.0,2.0,3.0,6.0,10.0,11.0,0.0,0.0,0.0
112750796,551,1,opponent,68997.0,11,3,33,0,0,10,0,9,2,4,14,0,0,0,3,8,0,0,0,65,22.0,0.0,5.0,9.0,39.0,0.0,0.0,9.0,27.0,2.0,3.0,6.0,9.0,9.0,0.0,0.0,0.0
112750796,575,0,self,70942.0,11,3,26,3,0,17,0,6,2,4,17,0,0,0,5,8,0,0,0,79,23.0,0.0,5.0,9.0,43.0,0.0,0.0,9.0,20.0,5.0,3.0,2.0,15.0,20.0,0.0,0.0,0.0
112750796,575,1,opponent,71440.0,11,3,29,0,0,17,0,6,2,4,17,0,0,0,5,8,0,0,0,79,23.0,0.0,5.0,9.0,43.0,0.0,0.0,9.0,20.0,5.0,3.0,2.0,15.0,20.0,0.0,0.0,0.0
112750796,576,0,self,70942.0,0,3,26,3,0,22,0,9,2,4,17,0,0,0,5,8,0,0,0,108,23.0,0.0,5.0,9.0,48.0,0.0,5.0,21.0,20.0,6.0,3.0,8.0,15.0,20.0,0.0,0.0,0.0
112750796,576,1,opponent,71440.0,0,3,29,0,0,22,0,9,2,4,17,0,0,0,5,8,0,0,0,108,23.0,0.0,5.0,9.0,48.0,0.0,5.0,21.0,20.0,6.0,3.0,8.0,15.0,20.0,0.0,0.0,0.0
112750796,599,0,self,72342.0,11,3,28,16,0,6,0,21,1,6,16,0,0,0,2,8,0,0,0,72,26.0,0.0,5.0,9.0,54.0,0.0,0.0,0.0,17.0,0.0,3.0,2.0,15.0,16.0,0.0,0.0,0.0
112750796,599,1,opponent,72678.0,11,3,28,16,0,6,0,21,1,6,16,0,0,0,2,8,0,0,0,72,26.0,0.0,5.0,9.0,54.0,0.0,0.0,0.0,17.0,0.0,3.0,2.0,15.0,16.0,0.0,0.0,0.0
112750796,623,0,self,75371.0,11,3,37,12,0,21,0,6,3,4,15,0,0,0,2,8,0,0,0,87,20.0,0.0,5.0,9.0,48.0,0.0,0.0,6.0,13.0,0.0,3.0,1.0,25.0,32.0,0.0,0.0,0.0
112750796,623,1,opponent,75726.0,11,3,37,12,0,21,0,6,3,4,15,0,0,0,2,8,0,0,0,87,20.0,0.0,5.0,9.0,48.0,0.0,0.0,6.0,13.0,0.0,3.0,1.0,25.0,32.0,0.0,0.0,0.0
112750796,647,0,self,77877.0,11,3,38,21,0,0,0,9,4,2,16,0,0,0,2,8,0,0,0,86,14.0,0.0,5.0,9.0,40.0,0.0,0.0,8.0,13.0,0.0,3.0,3.0,31.0,35.0,0.0,0.0,0.0
112750796,647,1,opponent,78355.0,11,3,38,21,0,0,0,9,4,2,16,0,0,0,2,2,0,0,0,86,14.0,0.0,5.0,9.0,40.0,0.0,0.0,8.0,13.0,0.0,3.0,3.0,31.0,35.0,0.0,0.0,0.0
112750796,648,0,self,77877.0,0,3,38,21,0,0,0,9,4,2,17,0,0,0,2,8,0,0,0,136,14.0,0.0,5.0,9.0,44.0,0.0,2.0,19.0,13.0,26.0,2.0,6.0,31.0,39.0,0.0,0.0,0.0
112750796,648,1,opponent,78355.0,0,3,38,21,0,0,0,9,4,2,17,0,0,0,2,2,0,0,0,136,14.0,0.0,5.0,9.0,44.0,0.0,2.0,19.0,13.0,26.0,2.0,6.0,31.0,39.0,0.0,0.0,0.0
112750796,671,0,self,80800.0,11,3,32,15,0,20,0,10,2,4,8,0,0,0,4,0,0,0,0,82,9.0,0.0,5.0,9.0,25.0,0.0,0.0,3.0,4.0,0.0,2.0,2.0,35.0,52.0,0.0,0.0,0.0
112750796,671,1,opponent,81212.0,11,3,32,15,0,20,0,10,2,4,8,0,0,0,1,0,0,0,0,82,12.0,0.0,5.0,9.0,28.0,0.0,0.0,3.0,4.0,0.0,2.0,2.0,32.0,49.0,0.0,0.0,0.0
112750796,695,0,self,84045.0,11,3,44,36,0,0,0,0,3,2,8,0,0,0,4,0,0,0,0,52,2.0,0.0,5.0,9.0,4.0,0.0,0.0,9.0,0.0,0.0,2.0,0.0,21.0,39.0,0.0,0.0,0.0
112750796,695,1,opponent,84459.0,11,3,44,36,0,0,0,0,3,2,8,0,0,0,1,0,0,0,0,52,5.0,0.0,5.0,9.0,7.0,0.0,0.0,9.0,0.0,0.0,2.0,0.0,18.0,36.0,0.0,0.0,0.0
112750796,696,0,self,84317.0,0,3,40,39,0,0,0,0,3,2,6,0,0,0,4,0,0,0,0,56,1.0,0.0,5.0,9.0,1.0,0.0,2.0,13.0,0.0,0.0,2.0,3.0,20.0,37.0,0.0,0.0,0.0
112750796,696,1,opponent,84731.0,0,3,40,39,0,0,0,0,3,2,6,0,0,0,1,0,0,0,0,56,4.0,0.0,5.0,9.0,4.0,0.0,2.0,13.0,0.0,0.0,2.0,3.0,17.0,34.0,0.0,0.0,0.0
112750796,719,0,self,91249.0,11,3,0,0,0,0,0,0,0,0,0,0,0,0,4,0,0,0,0,1,0.0,0.0,5.0,9.0,0.0,0.0,0.0,1.0,0.0,0.0,2.0,0.0,0.0,0.0,0.0,0.0,0.0
112750796,719,1,opponent,91566.0,11,3,0,0,0,0,0,0,0,0,0,0,0,0,1,0,0,0,0,1,0.0,0.0,5.0,9.0,0.0,0.0,0.0,1.0,0.0,0.0,2.0,0.0,0.0,0.0,0.0,0.0,0.0
112751861,0,0,opponent,3000.0,0,1,0,0,0,0,0,0,0,0,0,0,0,0,0,0,0,0,0,0,0.0,0.0,0.0,0.0,0.0,0.0,0.0,0.0,0.0,0.0,0.0,0.0,0.0,0.0,0.0,0.0,0.0
112751861,0,1,self,3000.0,0,1,0,0,0,0,0,0,0,0,0,0,0,0,0,0,0,0,0,0,0.0,0.0,0.0,0.0,0.0,0.0,0.0,0.0,0.0,0.0,0.0,0.0,0.0,0.0,0.0,0.0,0.0
112751861,23,0,opponent,12.0,5,1,3,0,0,0,0,0,0,0,0,0,0,0,0,0,0,0,0,20,8.0,12.0,2.0,2.0,8.0,12.0,0.0,0.0,0.0,0.0,0.0,0.0,0.0,0.0,0.0,0.0,0.0
112751861,23,1,self,12.0,5,1,3,0,0,0,0,0,0,0,0,0,0,0,0,0,0,0,0,20,8.0,12.0,2.0,2.0,8.0,12.0,0.0,0.0,0.0,0.0,0.0,0.0,0.0,0.0,0.0,0.0,0.0
112751861,24,0,opponent,12.0,0,1,3,0,0,0,0,0,0,0,0,0,0,0,0,0,0,0,0,20,8.0,12.0,2.0,2.0,8.0,12.0,0.0,0.0,0.0,0.0,0.0,0.0,0.0,0.0,0.0,0.0,0.0
112751861,24,1,self,12.0,0,1,3,0,0,0,0,0,0,0,0,0,0,0,0,0,0,0,0,20,8.0,12.0,2.0,2.0,8.0,12.0,0.0,0.0,0.0,0.0,0.0,0.0,0.0,0.0,0.0,0.0,0.0
112751861,47,0,opponent,101.0,3,1,6,0,0,0,0,0,0,0,1,0,0,0,0,0,0,0,0,20,8.0,12.0,2.0,2.0,8.0,12.0,0.0,0.0,0.0,0.0,0.0,0.0,0.0,0.0,0.0,0.0,0.0
112751861,47,1,self,101.0,3,1,6,0,0,0,0,0,0,0,1,0,0,0,0,0,0,0,0,20,8.0,12.0,2.0,2.0,8.0,12.0,0.0,0.0,0.0,0.0,0.0,0.0,0.0,0.0,0.0,0.0,0.0
112751861,71,0,opponent,214.0,4,1,6,0,0,0,0,0,0,0,0,0,0,0,0,0,0,0,0,25,8.0,12.0,2.0,3.0,13.0,12.0,0.0,0.0,0.0,0.0,0.0,0.0,0.0,0.0,0.0,0.0,0.0
112751861,71,1,self,214.0,4,1,6,0,0,0,0,0,0,0,0,0,0,0,0,0,0,0,0,25,8.0,12.0,2.0,3.0,13.0,12.0,0.0,0.0,0.0,0.0,0.0,0.0,0.0,0.0,0.0,0.0,0.0
112751861,72,0,opponent,214.0,0,1,6,0,0,0,0,0,0,0,0,0,0,0,0,0,0,0,0,25,8.0,12.0,2.0,3.0,13.0,12.0,0.0,0.0,0.0,0.0,0.0,0.0,0.0,0.0,0.0,0.0,0.0
112751861,72,1,self,214.0,0,1,6,0,0,0,0,0,0,0,0,0,0,0,0,0,0,0,0,25,8.0,12.0,2.0,3.0,13.0,12.0,0.0,0.0,0.0,0.0,0.0,0.0,0.0,0.0,0.0,0.0,0.0
112751861,95,0,opponent,267.0,5,1,14,0,0,0,0,0,0,0,1,1,0,0,0,0,0,0,0,19,7.0,12.0,2.0,3.0,7.0,12.0,0.0,0.0,0.0,0.0,0.0,0.0,0.0,0.0,0.0,0.0,0.0
112751861,95,1,self,267.0,5,1,14,0,0,0,0,0,0,0,1,1,0,0,0,0,0,0,0,19,7.0,12.0,2.0,3.0,7.0,12.0,0.0,0.0,0.0,0.0,0.0,0.0,0.0,0.0,0.0,0.0,0.0
112751861,119,0,opponent,672.0,4,1,19,0,0,0,0,0,0,0,1,0,0,0,0,0,0,0,0,19,7.0,12.0,2.0,4.0,7.0,12.0,0.0,0.0,0.0,0.0,0.0,0.0,0.0,0.0,0.0,0.0,0.0
112751861,119,1,self,672.0,4,1,19,0,0,0,0,0,0,0,1,0,0,0,0,0,0,0,0,19,7.0,12.0,2.0,4.0,7.0,12.0,0.0,0.0,0.0,0.0,0.0,0.0,0.0,0.0,0.0,0.0,0.0
112751861,143,0,opponent,787.0,4,1,19,0,0,0,0,0,0,0,2,0,0,0,0,0,0,0,0,15,3.0,12.0,2.0,4.0,3.0,12.0,0.0,0.0,4.0,0.0,0.0,0.0,0.0,0.0,0.0,0.0,0.0
112751861,143,1,self,787.0,4,1,19,0,0,0,0,0,0,0,2,0,0,0,0,0,0,0,0,15,3.0,12.0,2.0,4.0,3.0,12.0,0.0,0.0,4.0,0.0,0.0,0.0,0.0,0.0,0.0,0.0,0.0
112751861,144,0,opponent,787.0,0,1,19,0,0,0,0,0,0,0,2,0,0,0,0,0,0,0,0,27,3.0,12.0,2.0,4.0,3.0,12.0,12.0,0.0,4.0,0.0,0.0,0.0,0.0,0.0,0.0,0.0,0.0
112751861,144,1,self,787.0,0,1,19,0,0,0,0,0,0,0,2,0,0,0,0,0,0,0,0,27,3.0,12.0,2.0,4.0,3.0,12.0,12.0,0.0,4.0,0.0,0.0,0.0,0.0,0.0,0.0,0.0,0.0
112751861,167,0,opponent,736.0,7,2,16,0,0,0,0,0,2,0,1,0,0,0,0,0,0,0,0,30,6.0,12.0,2.0,6.0,7.0,23.0,0.0,0.0,12.0,0.0,0.0,0.0,0.0,0.0,0.0,0.0,0.0
112751861,167,1,self,736.0,7,2,16,0,0,0,0,0,2,0,1,0,0,0,0,0,0,0,0,30,6.0,12.0,2.0,6.0,7.0,23.0,0.0,0.0,12.0,0.0,0.0,0.0,0.0,0.0,0.0,0.0,0.0
112751861,191,0,opponent,533.0,7,2,11,0,0,0,0,0,0,0,1,0,0,0,1,0,0,0,0,44,8.0,12.0,2.0,8.0,8.0,36.0,0.0,0.0,16.0,0.0,0.0,0.0,0.0,0.0,0.0,0.0,0.0
112751861,191,1,self,533.0,7,2,11,0,0,0,0,0,0,0,1,0,0,0,1,0,0,0,0,44,8.0,12.0,2.0,8.0,8.0,36.0,0.0,0.0,16.0,0.0,0.0,0.0,0.0,0.0,0.0,0.0,0.0
112751861,192,0,opponent,533.0,0,2,11,0,0,0,0,0,0,0,1,0,0,0,0,0,0,0,0,57,9.0,12.0,2.0,8.0,9.0,36.0,0.0,12.0,16.0,0.0,0.0,0.0,0.0,0.0,0.0,0.0,0.0
112751861,192,1,self,533.0,0,2,11,0,0,0,0,0,0,0,1,0,0,0,0,0,0,0,0,57,9.0,12.0,2.0,8.0,9.0,36.0,0.0,12.0,16.0,0.0,0.0,0.0,0.0,0.0,0.0,0.0,0.0
112751861,215,0,opponent,1389.0,8,2,28,0,0,0,0,0,0,0,3,0,0,0,0,0,0,0,0,52,5.0,12.0,4.0,8.0,5.0,47.0,0.0,0.0,20.0,0.0,0.0,0.0,0.0,0.0,0.0,0.0,0.0
112751861,215,1,self,1389.0,8,2,28,0,0,0,0,0,0,0,3,0,0,0,0,0,0,0,0,52,5.0,12.0,4.0,8.0,5.0,47.0,0.0,0.0,20.0,0.0,0.0,0.0,0.0,0.0,0.0,0.0,0.0
112751861,239,0,opponent,2276.0,8,2,36,0,0,0,0,0,0,0,1,0,1,0,0,0,0,0,0,64,5.0,12.0,5.0,8.0,5.0,59.0,0.0,0.0,20.0,0.0,0.0,0.0,0.0,0.0,0.0,0.0,0.0
112751861,239,1,self,2276.0,8,2,36,0,0,0,0,0,0,0,1,0,1,0,0,0,0,0,0,64,5.0,12.0,5.0,8.0,5.0,59.0,0.0,0.0,20.0,0.0,0.0,0.0,0.0,0.0,0.0,0.0,0.0
112751861,240,0,opponent,2276.0,0,2,36,0,0,0,0,0,0,0,1,0,1,0,0,0,0,0,0,77,5.0,12.0,5.0,8.0,5.0,60.0,0.0,12.0,20.0,0.0,0.0,0.0,0.0,0.0,0.0,0.0,0.0
112751861,240,1,self,2276.0,0,2,36,0,0,0,0,0,0,0,1,0,1,0,0,0,0,0,0,77,5.0,12.0,5.0,8.0,5.0,60.0,0.0,12.0,20.0,0.0,0.0,0.0,0.0,0.0,0.0,0.0,0.0
112751861,263,0,opponent,15691.0,11,2,42,0,0,0,12,0,0,0,11,0,0,0,0,0,0,0,0,13,12.0,0.0,6.0,8.0,13.0,0.0,0.0,0.0,20.0,0.0,2.0,0.0,0.0,0.0,0.0,0.0,0.0
112751861,263,1,self,15691.0,11,2,42,0,0,0,12,0,0,0,11,0,0,0,0,0,0,0,0,13,12.0,0.0,6.0,8.0,13.0,0.0,0.0,0.0,20.0,0.0,2.0,0.0,0.0,0.0,0.0,0.0,0.0
112751861,287,0,opponent,14789.0,10,3,37,0,0,0,0,0,0,0,15,0,0,0,0,0,0,0,0,24,21.0,0.0,6.0,8.0,24.0,0.0,0.0,0.0,33.0,0.0,3.0,0.0,0.0,0.0,0.0,0.0,0.0
112751861,287,1,self,14789.0,10,3,37,0,0,0,0,0,0,0,15,0,0,0,0,0,0,0,0,24,21.0,0.0,6.0,8.0,24.0,0.0,0.0,0.0,33.0,0.0,3.0,0.0,0.0,0.0,0.0,0.0,0.0
112751861,288,0,opponent,14789.0,0,3,39,0,0,0,0,0,0,0,16,0,0,0,0,0,0,0,0,39,20.0,0.0,6.0,8.0,22.0,0.0,8.0,9.0,33.0,0.0,3.0,0.0,0.0,0.0,0.0,0.0,0.0
112751861,288,1,self,14789.0,0,3,39,0,0,0,0,0,0,0,16,0,0,0,0,0,0,0,0,39,20.0,0.0,6.0,8.0,22.0,0.0,8.0,9.0,33.0,0.0,3.0,0.0,0.0,0.0,0.0,0.0,0.0
112751861,311,0,opponent,18310.0,9,3,14,0,0,0,0,0,0,0,17,0,0,0,0,0,0,0,0,30,24.0,0.0,6.0,8.0,27.0,0.0,0.0,3.0,33.0,0.0,3.0,0.0,0.0,0.0,0.0,0.0,0.0
112751861,311,1,self,18310.0,9,3,14,0,0,0,0,0,0,0,17,0,0,0,0,0,0,0,0,30,24.0,0.0,6.0,8.0,27.0,0.0,0.0,3.0,33.0,0.0,3.0,0.0,0.0,0.0,0.0,0.0,0.0
112751861,335,0,opponent,19835.0,9,3,16,0,0,0,0,0,0,0,14,0,0,0,0,0,0,0,0,32,24.0,0.0,6.0,8.0,32.0,0.0,0.0,0.0,33.0,0.0,3.0,0.0,0.0,0.0,0.0,0.0,0.0
112751861,335,1,self,19835.0,9,3,16,0,0,0,0,0,0,0,14,0,0,0,0,0,0,0,0,32,24.0,0.0,6.0,8.0,32.0,0.0,0.0,0.0,33.0,0.0,3.0,0.0,0.0,0.0,0.0,0.0,0.0
112751861,359,0,opponent,21809.0,9,3,24,0,0,0,0,6,3,8,20,0,0,0,0,0,0,0,0,38,24.0,0.0,6.0,8.0,38.0,0.0,0.0,0.0,33.0,0.0,3.0,0.0,0.0,0.0,0.0,0.0,0.0
112751861,359,1,self,21809.0,9,3,24,0,0,0,0,6,3,8,20,0,0,0,0,0,0,0,0,38,24.0,0.0,6.0,8.0,38.0,0.0,0.0,0.0,33.0,0.0,3.0,0.0,0.0,0.0,0.0,0.0,0.0
112751861,360,0,opponent,22190.0,0,3,24,0,0,0,0,6,0,8,15,0,0,0,0,0,0,0,0,82,24.0,0.0,6.0,8.0,40.0,0.0,11.0,15.0,33.0,8.0,3.0,8.0,0.0,0.0,0.0,0.0,0.0
112751861,360,1,self,22190.0,0,3,24,0,0,0,0,6,0,8,15,0,0,0,0,0,0,0,0,82,24.0,0.0,6.0,8.0,40.0,0.0,11.0,15.0,33.0,8.0,3.0,8.0,0.0,0.0,0.0,0.0,0.0
112751861,383,0,opponent,25903.0,10,3,27,0,0,0,0,0,11,6,11,0,0,0,1,0,0,0,0,40,24.0,0.0,6.0,8.0,38.0,0.0,0.0,0.0,33.0,0.0,3.0,2.0,0.0,0.0,0.0,0.0,0.0
112751861,383,1,self,25903.0,10,3,27,0,0,0,0,0,11,6,11,0,0,0,1,0,0,0,0,40,24.0,0.0,6.0,8.0,38.0,0.0,0.0,0.0,33.0,0.0,3.0,2.0,0.0,0.0,0.0,0.0,0.0
112751861,407,0,opponent,30299.0,11,3,44,0,0,0,0,3,0,5,11,0,0,0,1,0,0,0,0,38,25.0,0.0,6.0,8.0,36.0,0.0,0.0,0.0,33.0,0.0,3.0,2.0,0.0,0.0,0.0,0.0,0.0
112751861,407,1,self,30299.0,11,3,44,0,0,0,0,3,0,5,11,0,0,0,1,0,0,0,0,38,25.0,0.0,6.0,8.0,36.0,0.0,0.0,0.0,33.0,0.0,3.0,2.0,0.0,0.0,0.0,0.0,0.0
112751861,431,0,opponent,34497.0,11,3,48,0,0,0,0,3,2,6,15,0,0,0,1,0,0,0,0,38,25.0,0.0,6.0,8.0,36.0,0.0,0.0,0.0,33.0,0.0,3.0,2.0,0.0,0.0,0.0,0.0,0.0
112751861,431,1,self,34497.0,11,3,48,0,0,0,0,3,2,6,15,0,0,0,1,0,0,0,0,38,25.0,0.0,6.0,8.0,36.0,0.0,0.0,0.0,33.0,0.0,3.0,2.0,0.0,0.0,0.0,0.0,0.0
112751861,432,0,opponent,34557.0,0,3,48,0,0,0,0,3,2,5,16,0,0,0,1,0,0,0,0,82,25.0,0.0,6.0,8.0,38.0,0.0,4.0,8.0,33.0,24.0,3.0,8.0,0.0,0.0,0.0,0.0,0.0
112751861,432,1,self,34557.0,0,3,48,0,0,0,0,3,2,5,16,0,0,0,1,0,0,0,0,82,25.0,0.0,6.0,8.0,38.0,0.0,4.0,8.0,33.0,24.0,3.0,8.0,0.0,0.0,0.0,0.0,0.0
112751861,455,0,opponent,39122.0,11,3,48,0,0,6,0,4,1,4,14,0,0,0,1,0,0,0,0,46,25.0,0.0,6.0,8.0,38.0,0.0,1.0,1.0,33.0,2.0,3.0,4.0,0.0,0.0,0.0,0.0,0.0
112751861,455,1,self,39122.0,11,3,48,0,0,6,0,4,1,4,14,0,0,0,1,0,0,0,0,46,25.0,0.0,6.0,8.0,38.0,0.0,1.0,1.0,33.0,2.0,3.0,4.0,0.0,0.0,0.0,0.0,0.0
112751861,479,0,opponent,43401.0,11,3,51,0,0,6,0,4,3,10,13,0,0,0,1,0,0,0,0,42,25.0,0.0,6.0,8.0,42.0,0.0,0.0,0.0,33.0,0.0,3.0,0.0,0.0,0.0,0.0,0.0,0.0
112751861,479,1,self,43401.0,11,3,51,0,0,6,0,4,3,10,13,0,0,0,1,0,0,0,0,42,25.0,0.0,6.0,8.0,42.0,0.0,0.0,0.0,33.0,0.0,3.0,0.0,0.0,0.0,0.0,0.0,0.0
112751861,480,0,opponent,43401.0,0,3,51,0,0,6,0,4,3,10,14,0,0,0,1,0,0,0,0,91,25.0,0.0,6.0,8.0,46.0,0.0,4.0,11.0,33.0,24.0,3.0,6.0,0.0,0.0,0.0,0.0,0.0
112751861,480,1,self,43401.0,0,3,51,0,0,6,0,4,3,10,14,0,0,0,1,0,0,0,0,91,25.0,0.0,6.0,8.0,46.0,0.0,4.0,11.0,33.0,24.0,3.0,6.0,0.0,0.0,0.0,0.0,0.0
112751861,503,0,opponent,49892.0,11,3,50,0,0,4,0,5,2,7,13,0,0,0,1,0,0,0,0,55,25.0,0.0,6.0,8.0,49.0,0.0,2.0,2.0,33.0,0.0,3.0,2.0,0.0,0.0,0.0,0.0,0.0
112751861,503,1,self,49892.0,11,3,50,0,0,4,0,5,2,7,13,0,0,0,1,0,0,0,0,55,25.0,0.0,6.0,8.0,49.0,0.0,2.0,2.0,33.0,0.0,3.0,2.0,0.0,0.0,0.0,0.0,0.0
112751861,527,0,opponent,56771.0,11,3,55,0,0,12,0,8,0,0,17,0,0,0,1,0,0,0,0,69,30.0,0.0,6.0,8.0,52.0,0.0,5.0,2.0,28.0,2.0,3.0,8.0,0.0,0.0,0.0,0.0,0.0
112751861,527,1,self,56771.0,11,3,55,0,0,12,0,8,0,0,17,0,0,0,1,0,0,0,0,69,30.0,0.0,6.0,8.0,52.0,0.0,5.0,2.0,28.0,2.0,3.0,8.0,0.0,0.0,0.0,0.0,0.0
112751861,551,0,opponent,62479.0,11,3,48,0,0,10,0,9,1,4,13,0,0,0,1,0,0,0,0,63,31.0,0.0,6.0,8.0,48.0,0.0,2.0,3.0,27.0,2.0,3.0,8.0,0.0,0.0,0.0,0.0,0.0
112751861,551,1,self,62479.0,11,3,48,0,0,10,0,9,1,4,13,0,0,0,1,0,0,0,0,63,31.0,0.0,6.0,8.0,48.0,0.0,2.0,3.0,27.0,2.0,3.0,8.0,0.0,0.0,0.0,0.0,0.0
112751861,575,0,opponent,67613.0,12,3,40,0,0,17,0,6,2,4,17,0,0,0,1,0,0,0,0,80,38.0,0.0,6.0,8.0,67.0,0.0,0.0,6.0,20.0,5.0,3.0,2.0,0.0,0.0,0.0,0.0,0.0
112751861,575,1,self,67613.0,12,3,40,0,0,17,0,6,2,4,17,0,0,0,1,0,0,0,0,80,38.0,0.0,6.0,8.0,67.0,0.0,0.0,6.0,20.0,5.0,3.0,2.0,0.0,0.0,0.0,0.0,0.0
112751861,576,0,opponent,67613.0,0,3,40,0,0,22,0,9,2,4,17,0,0,0,1,0,0,0,0,111,38.0,0.0,6.0,8.0,73.0,0.0,6.0,18.0,20.0,6.0,3.0,8.0,0.0,0.0,0.0,0.0,0.0
112751861,576,1,self,67613.0,0,3,40,0,0,22,0,9,2,4,17,0,0,0,1,0,0,0,0,111,38.0,0.0,6.0,8.0,73.0,0.0,6.0,18.0,20.0,6.0,3.0,8.0,0.0,0.0,0.0,0.0,0.0
112751861,599,0,opponent,72382.0,11,3,54,0,0,6,0,18,2,6,16,0,0,0,1,0,0,0,0,71,37.0,0.0,6.0,8.0,65.0,0.0,0.0,0.0,17.0,0.0,3.0,2.0,4.0,4.0,0.0,0.0,0.0
112751861,599,1,self,72382.0,11,3,54,0,0,6,0,18,2,6,16,0,0,0,1,0,0,0,0,71,37.0,0.0,6.0,8.0,65.0,0.0,0.0,0.0,17.0,0.0,3.0,2.0,4.0,4.0,0.0,0.0,0.0
112751861,623,0,opponent,77013.0,11,3,53,0,0,21,0,6,2,4,15,0,0,0,1,0,0,0,0,82,27.0,0.0,6.0,8.0,60.0,0.0,0.0,3.0,13.0,0.0,3.0,1.0,18.0,18.0,0.0,0.0,0.0
112751861,623,1,self,77013.0,11,3,53,0,0,21,0,6,2,4,15,0,0,0,1,0,0,0,0,82,27.0,0.0,6.0,8.0,60.0,0.0,0.0,3.0,13.0,0.0,3.0,1.0,18.0,18.0,0.0,0.0,0.0
112751861,647,0,opponent,81858.0,11,3,57,0,0,0,0,9,4,2,16,0,0,0,1,0,0,0,0,83,16.0,0.0,6.0,8.0,44.0,0.0,0.0,5.0,13.0,0.0,3.0,3.0,29.0,31.0,0.0,0.0,0.0
112751861,647,1,self,81858.0,11,3,57,0,0,0,0,9,4,2,16,0,0,0,1,0,0,0,0,83,16.0,0.0,6.0,8.0,44.0,0.0,0.0,5.0,13.0,0.0,3.0,3.0,29.0,31.0,0.0,0.0,0.0
112751861,648,0,opponent,81858.0,0,3,57,0,0,0,0,9,4,2,17,0,0,0,1,0,0,0,0,135,16.0,0.0,6.0,8.0,48.0,0.0,4.0,14.0,13.0,26.0,3.0,8.0,29.0,35.0,0.0,0.0,0.0
112751861,648,1,self,81858.0,0,3,57,0,0,0,0,9,4,2,17,0,0,0,1,0,0,0,0,135,16.0,0.0,6.0,8.0,48.0,0.0,4.0,14.0,13.0,26.0,3.0,8.0,29.0,35.0,0.0,0.0,0.0
112751861,671,0,opponent,85614.0,11,3,36,15,0,20,0,5,4,0,6,0,0,0,0,0,0,0,0,88,18.0,0.0,6.0,8.0,39.0,0.0,0.0,3.0,4.0,0.0,3.0,8.0,26.0,38.0,0.0,0.0,0.0
112751861,671,1,self,85604.0,11,3,36,15,0,20,0,5,4,0,6,0,0,0,1,0,0,0,0,88,18.0,0.0,6.0,8.0,39.0,0.0,0.0,3.0,4.0,0.0,3.0,8.0,26.0,38.0,0.0,0.0,0.0
112751861,695,0,opponent,91603.0,11,3,51,34,0,0,0,1,3,8,8,0,0,0,0,0,0,0,0,51,10.0,0.0,6.0,8.0,12.0,0.0,0.0,9.0,0.0,0.0,3.0,0.0,13.0,30.0,0.0,0.0,0.0
112751861,695,1,self,91593.0,11,3,51,34,0,0,0,1,3,8,8,0,0,0,1,0,0,0,0,51,10.0,0.0,6.0,8.0,12.0,0.0,0.0,9.0,0.0,0.0,3.0,0.0,13.0,30.0,0.0,0.0,0.0
112751861,696,0,opponent,92037.0,0,3,44,37,0,0,0,1,0,8,6,0,0,0,0,0,0,0,0,62,9.0,0.0,6.0,8.0,11.0,0.0,2.0,18.0,0.0,0.0,3.0,4.0,12.0,27.0,0.0,0.0,0.0
112751861,696,1,self,92027.0,0,3,44,37,0,0,0,1,0,8,6,0,0,0,1,0,0,0,0,62,9.0,0.0,6.0,8.0,11.0,0.0,2.0,18.0,0.0,0.0,3.0,4.0,12.0,27.0,0.0,0.0,0.0
112751861,719,0,opponent,98386.0,11,3,0,0,0,0,0,0,0,0,0,0,0,0,0,0,0,0,0,0,0.0,0.0,6.0,8.0,0.0,0.0,0.0,0.0,0.0,0.0,3.0,0.0,0.0,0.0,0.0,0.0,0.0
112751861,719,1,self,98372.0,11,3,0,0,0,0,0,0,0,0,0,0,0,0,1,0,0,0,0,0,0.0,0.0,6.0,8.0,0.0,0.0,0.0,0.0,0.0,0.0,3.0,0.0,0.0,0.0,0.0,0.0,0.0
112752873,0,0,self,3000.0,0,1,0,0,0,0,0,0,0,0,0,0,0,0,0,0,0,0,0,0,0.0,0.0,0.0,0.0,0.0,0.0,0.0,0.0,0.0,0.0,0.0,0.0,0.0,0.0,0.0,0.0,0.0
112752873,0,1,opponent,3000.0,0,1,0,0,0,0,0,0,0,0,0,0,0,0,0,0,0,0,0,0,0.0,0.0,0.0,0.0,0.0,0.0,0.0,0.0,0.0,0.0,0.0,0.0,0.0,0.0,0.0,0.0,0.0
112752873,23,0,self,15.0,5,1,3,0,0,0,0,0,0,0,0,0,0,0,0,0,0,0,0,20,8.0,12.0,2.0,2.0,8.0,12.0,0.0,0.0,0.0,0.0,0.0,0.0,0.0,0.0,0.0,0.0,0.0
112752873,23,1,opponent,79.0,7,1,1,0,0,0,0,0,0,0,0,0,0,0,0,0,0,0,0,14,8.0,6.0,3.0,2.0,8.0,6.0,0.0,0.0,0.0,0.0,0.0,0.0,0.0,0.0,0.0,0.0,0.0
112752873,24,0,self,15.0,0,1,3,0,0,0,0,0,0,0,0,0,0,0,0,0,0,0,0,20,8.0,12.0,2.0,2.0,8.0,12.0,0.0,0.0,0.0,0.0,0.0,0.0,0.0,0.0,0.0,0.0,0.0
112752873,24,1,opponent,79.0,0,1,1,0,0,0,0,0,0,0,0,0,0,0,0,0,0,0,0,14,8.0,6.0,3.0,2.0,8.0,6.0,0.0,0.0,0.0,0.0,0.0,0.0,0.0,0.0,0.0,0.0,0.0
112752873,47,0,self,106.0,3,1,6,0,0,0,0,0,0,0,1,0,0,0,0,0,0,0,0,20,8.0,12.0,2.0,2.0,8.0,12.0,0.0,0.0,0.0,0.0,0.0,0.0,0.0,0.0,0.0,0.0,0.0
112752873,47,1,opponent,431.0,7,1,0,0,0,0,0,0,0,0,0,0,0,0,0,0,0,0,0,14,8.0,6.0,3.0,2.0,8.0,6.0,0.0,0.0,0.0,0.0,0.0,0.0,0.0,0.0,0.0,0.0,0.0
112752873,71,0,self,215.0,4,1,6,0,0,0,0,0,0,0,0,0,0,0,0,0,0,0,0,25,8.0,12.0,2.0,3.0,13.0,12.0,0.0,0.0,0.0,0.0,0.0,0.0,0.0,0.0,0.0,0.0,0.0
112752873,71,1,opponent,498.0,7,1,0,0,0,0,0,0,0,0,0,0,0,0,0,0,0,0,0,26,12.0,6.0,3.0,2.0,20.0,6.0,0.0,0.0,2.0,0.0,0.0,0.0,0.0,0.0,0.0,0.0,0.0
112752873,72,0,self,215.0,0,1,6,0,0,0,0,0,0,0,0,0,0,0,0,0,0,0,0,25,8.0,12.0,2.0,3.0,13.0,12.0,0.0,0.0,0.0,0.0,0.0,0.0,0.0,0.0,0.0,0.0,0.0
112752873,72,1,opponent,498.0,0,1,0,0,0,0,0,0,0,0,0,0,0,0,0,0,0,0,0,26,12.0,6.0,3.0,2.0,20.0,6.0,0.0,0.0,2.0,0.0,0.0,0.0,0.0,0.0,0.0,0.0,0.0
112752873,95,0,self,357.0,5,1,11,0,0,0,0,0,0,0,1,1,0,0,0,0,0,0,0,19,7.0,12.0,2.0,3.0,7.0,12.0,0.0,0.0,0.0,0.0,0.0,0.0,0.0,0.0,0.0,0.0,0.0
112752873,95,1,opponent,792.0,7,1,0,0,0,0,0,0,0,0,0,0,0,0,0,0,0,0,0,34,12.0,6.0,3.0,2.0,28.0,6.0,0.0,0.0,2.0,0.0,0.0,0.0,0.0,0.0,0.0,0.0,0.0
112752873,119,0,self,756.0,4,1,16,0,0,0,0,0,0,0,1,0,0,0,0,0,0,0,0,19,7.0,12.0,2.0,4.0,7.0,12.0,0.0,0.0,0.0,0.0,0.0,0.0,0.0,0.0,0.0,0.0,0.0
112752873,119,1,opponent,362.0,7,1,32,0,0,0,0,0,0,0,1,0,0,0,0,0,0,0,0,16,6.0,6.0,3.0,2.0,10.0,6.0,0.0,0.0,8.0,0.0,0.0,0.0,0.0,0.0,0.0,0.0,0.0
112752873,143,0,self,863.0,4,1,16,0,0,0,0,0,0,0,2,0,0,0,0,0,0,0,0,15,3.0,12.0,2.0,4.0,3.0,12.0,0.0,0.0,4.0,0.0,0.0,0.0,0.0,0.0,0.0,0.0,0.0
112752873,143,1,opponent,624.0,7,2,0,0,0,0,0,0,0,0,0,0,0,0,0,0,0,0,0,21,6.0,7.0,3.0,2.0,14.0,7.0,0.0,0.0,8.0,0.0,0.0,0.0,0.0,0.0,0.0,0.0,0.0
112752873,144,0,self,863.0,0,1,16,0,0,0,0,0,0,0,2,0,0,0,0,0,0,0,0,27,3.0,12.0,2.0,4.0,3.0,12.0,12.0,0.0,4.0,0.0,0.0,0.0,0.0,0.0,0.0,0.0,0.0
112752873,144,1,opponent,624.0,0,2,0,0,0,0,0,0,0,0,0,0,0,0,0,0,0,0,0,36,6.0,7.0,3.0,2.0,14.0,7.0,15.0,0.0,8.0,0.0,0.0,0.0,0.0,0.0,0.0,0.0,0.0
112752873,167,0,self,867.0,7,2,13,0,0,0,0,0,2,0,1,0,0,0,0,0,0,0,0,30,6.0,12.0,2.0,6.0,7.0,23.0,0.0,0.0,12.0,0.0,0.0,0.0,0.0,0.0,0.0,0.0,0.0
112752873,167,1,opponent,1169.0,7,2,6,0,0,0,0,0,0,0,4,1,0,1,7,1,0,6,0,26,9.0,7.0,3.0,3.0,13.0,13.0,0.0,0.0,14.0,0.0,0.0,0.0,0.0,0.0,0.0,0.0,0.0
112752873,191,0,self,653.0,7,2,8,0,0,0,0,0,0,0,1,0,0,0,1,0,0,0,0,44,8.0,12.0,2.0,8.0,8.0,36.0,0.0,0.0,16.0,0.0,0.0,0.0,0.0,0.0,0.0,0.0,0.0
112752873,191,1,opponent,1071.0,8,2,2,0,0,0,0,0,0,0,2,0,0,0,7,1,0,0,0,32,8.0,8.0,3.0,4.0,12.0,20.0,0.0,0.0,26.0,0.0,1.0,0.0,0.0,0.0,0.0,0.0,0.0
112752873,192,0,self,653.0,0,2,8,0,0,0,0,0,0,0,1,0,0,0,0,0,0,0,0,57,9.0,12.0,2.0,8.0,9.0,36.0,0.0,12.0,16.0,0.0,0.0,0.0,0.0,0.0,0.0,0.0,0.0
112752873,192,1,opponent,1071.0,0,2,2,0,0,0,0,0,0,0,2,0,0,0,7,1,0,0,0,44,8.0,8.0,3.0,4.0,12.0,20.0,0.0,12.0,26.0,0.0,1.0,0.0,0.0,0.0,0.0,0.0,0.0
112752873,215,0,self,1551.0,8,2,25,0,0,0,0,0,0,0,3,0,0,0,0,0,0,0,0,52,5.0,12.0,4.0,8.0,5.0,47.0,0.0,0.0,20.0,0.0,0.0,0.0,0.0,0.0,0.0,0.0,0.0
112752873,215,1,opponent,473.0,8,3,3,0,0,0,0,0,0,0,7,0,0,0,2,0,0,0,0,45,11.0,9.0,3.0,6.0,17.0,27.0,0.0,0.0,27.0,0.0,1.0,0.0,1.0,1.0,0.0,0.0,0.0
112752873,239,0,self,2425.0,8,2,33,0,0,0,0,0,0,0,1,0,1,0,0,0,0,0,0,64,5.0,12.0,5.0,8.0,5.0,59.0,0.0,0.0,20.0,0.0,0.0,0.0,0.0,0.0,0.0,0.0,0.0
112752873,239,1,opponent,1624.0,11,3,1,0,0,0,0,0,3,0,3,0,0,0,2,0,0,0,0,69,22.0,10.0,3.0,7.0,34.0,34.0,0.0,0.0,29.0,0.0,1.0,0.0,1.0,1.0,0.0,0.0,0.0
112752873,240,0,self,2425.0,0,2,33,0,0,0,0,0,0,0,1,0,1,0,0,0,0,0,0,77,5.0,12.0,5.0,8.0,5.0,60.0,0.0,12.0,20.0,0.0,0.0,0.0,0.0,0.0,0.0,0.0,0.0
112752873,240,1,opponent,2101.0,0,3,1,0,0,0,0,0,0,0,2,0,0,0,2,0,0,0,0,75,22.0,10.0,3.0,7.0,34.0,34.0,0.0,6.0,29.0,0.0,1.0,0.0,1.0,1.0,0.0,0.0,0.0
112752873,263,0,self,17511.0,11,2,42,0,0,0,12,0,0,0,11,0,0,0,0,0,0,0,0,13,12.0,0.0,6.0,8.0,13.0,0.0,0.0,0.0,20.0,0.0,2.0,0.0,0.0,0.0,0.0,0.0,0.0
112752873,263,1,opponent,8408.0,12,3,17,0,0,0,6,0,0,0,1,0,0,1,1,0,0,0,0,33,18.0,5.0,3.0,8.0,26.0,5.0,0.0,0.0,38.0,0.0,1.0,0.0,1.0,2.0,0.0,0.0,0.0
112752873,287,0,self,17719.0,10,3,37,0,0,0,0,0,0,0,15,0,0,0,0,0,0,0,0,24,21.0,0.0,6.0,8.0,24.0,0.0,0.0,0.0,33.0,0.0,3.0,0.0,0.0,0.0,0.0,0.0,0.0
112752873,287,1,opponent,10151.0,11,3,1,0,0,0,0,0,0,3,3,0,0,1,1,0,0,0,0,45,17.0,6.0,3.0,8.0,38.0,7.0,0.0,0.0,39.0,0.0,1.0,0.0,0.0,0.0,0.0,0.0,0.0
112752873,288,0,self,17719.0,0,3,39,0,0,0,0,0,0,0,16,0,0,0,0,0,0,0,0,39,20.0,0.0,6.0,8.0,22.0,0.0,8.0,9.0,33.0,0.0,3.0,0.0,0.0,0.0,0.0,0.0,0.0
112752873,288,1,opponent,10151.0,0,3,1,0,0,0,0,0,0,3,3,0,0,1,1,0,0,0,0,68,17.0,6.0,3.0,8.0,38.0,7.0,12.0,6.0,39.0,4.0,1.0,1.0,0.0,0.0,0.0,0.0,0.0
112752873,311,0,self,21470.0,9,3,14,0,0,0,0,0,0,0,17,0,0,0,0,0,0,0,0,30,24.0,0.0,6.0,8.0,27.0,0.0,0.0,3.0,33.0,0.0,3.0,0.0,0.0,0.0,0.0,0.0,0.0
112752873,311,1,opponent,12400.0,12,3,16,0,0,0,0,0,4,1,5,0,0,1,1,0,0,0,0,42,12.0,6.0,3.0,8.0,34.0,8.0,0.0,0.0,43.0,0.0,2.0,0.0,0.0,0.0,0.0,0.0,0.0
112752873,335,0,self,23540.0,9,3,16,0,0,0,0,0,0,0,14,0,0,0,0,0,0,0,0,32,24.0,0.0,6.0,8.0,32.0,0.0,0.0,0.0,33.0,0.0,3.0,0.0,0.0,0.0,0.0,0.0,0.0
112752873,335,1,opponent,12038.0,12,3,44,0,0,0,0,0,0,0,9,0,0,1,0,0,0,0,0,17,4.0,7.0,3.0,8.0,6.0,11.0,0.0,0.0,48.0,0.0,2.0,0.0,0.0,0.0,0.0,0.0,0.0
112752873,359,0,self,26857.0,9,3,24,0,0,0,0,6,3,8,20,0,0,0,0,0,0,0,0,38,24.0,0.0,6.0,8.0,38.0,0.0,0.0,0.0,33.0,0.0,3.0,0.0,0.0,0.0,0.0,0.0,0.0
112752873,359,1,opponent,20228.0,11,3,4,0,0,0,0,0,0,0,3,0,0,0,0,0,0,0,0,20,6.0,7.0,3.0,8.0,6.0,14.0,0.0,0.0,48.0,0.0,3.0,0.0,0.0,0.0,0.0,0.0,0.0
112752873,360,0,self,27252.0,0,3,24,0,0,0,0,6,0,8,15,0,0,0,0,0,0,0,0,82,24.0,0.0,6.0,8.0,40.0,0.0,11.0,15.0,33.0,8.0,3.0,8.0,0.0,0.0,0.0,0.0,0.0
112752873,360,1,opponent,20285.0,0,3,4,0,0,0,0,0,0,0,2,0,0,0,0,0,0,0,0,31,6.0,7.0,3.0,8.0,6.0,14.0,3.0,6.0,48.0,0.0,3.0,2.0,0.0,0.0,0.0,0.0,0.0
112752873,383,0,self,34103.0,10,3,25,0,0,0,0,0,11,6,11,0,0,0,1,0,0,0,0,40,24.0,0.0,6.0,8.0,38.0,0.0,0.0,0.0,33.0,0.0,3.0,2.0,0.0,0.0,0.0,0.0,0.0
112752873,383,1,opponent,21439.0,11,3,1,0,0,0,0,0,3,2,11,0,0,0,0,0,0,0,0,25,7.0,6.0,3.0,8.0,13.0,12.0,0.0,0.0,48.0,0.0,3.0,0.0,0.0,0.0,0.0,0.0,0.0
112752873,407,0,self,40588.0,11,3,36,0,0,0,0,3,0,5,11,0,0,0,1,0,0,0,0,38,25.0,0.0,6.0,8.0,36.0,0.0,0.0,0.0,33.0,0.0,3.0,2.0,0.0,0.0,0.0,0.0,0.0
112752873,407,1,opponent,28245.0,12,3,17,0,0,12,0,0,0,1,8,0,0,0,0,0,0,0,0,28,6.0,6.0,3.0,8.0,12.0,16.0,0.0,0.0,48.0,0.0,3.0,0.0,0.0,0.0,0.0,0.0,0.0
112752873,431,0,self,45584.0,11,3,38,0,0,0,0,9,2,6,15,0,0,0,1,0,0,0,0,38,25.0,0.0,6.0,8.0,36.0,0.0,0.0,0.0,33.0,0.0,3.0,2.0,0.0,0.0,0.0,0.0,0.0
112752873,431,1,opponent,33757.0,12,3,13,0,0,14,6,6,0,2,6,0,0,0,0,0,0,0,0,25,7.0,5.0,3.0,8.0,9.0,15.0,0.0,0.0,48.0,1.0,3.0,0.0,0.0,0.0,0.0,0.0,0.0
112752873,432,0,self,45641.0,0,3,38,0,0,0,0,9,2,5,16,0,0,0,1,0,0,0,0,89,25.0,0.0,6.0,8.0,38.0,0.0,4.0,15.0,33.0,24.0,3.0,8.0,0.0,0.0,0.0,0.0,0.0
112752873,432,1,opponent,36088.0,0,3,13,0,0,8,0,6,0,2,7,0,0,0,0,0,0,0,0,85,7.0,5.0,3.0,8.0,9.0,15.0,3.0,19.0,48.0,31.0,3.0,8.0,0.0,0.0,0.0,0.0,0.0
112752873,455,0,self,52623.0,11,3,36,0,0,6,0,6,1,4,14,0,0,0,1,0,0,0,0,48,25.0,0.0,6.0,8.0,38.0,0.0,1.0,3.0,33.0,2.0,3.0,4.0,0.0,0.0,0.0,0.0,0.0
112752873,455,1,opponent,45330.0,12,3,6,0,0,16,0,3,3,8,6,0,0,0,0,0,0,0,0,28,10.0,4.0,3.0,8.0,14.0,13.0,0.0,0.0,46.0,1.0,3.0,0.0,0.0,0.0,0.0,0.0,0.0
112752873,479,0,self,58940.0,10,3,38,0,0,6,0,6,3,10,13,0,0,0,1,0,0,0,0,40,25.0,0.0,6.0,8.0,40.0,0.0,0.0,0.0,33.0,0.0,3.0,0.0,0.0,0.0,0.0,0.0,0.0
112752873,479,1,opponent,50858.0,12,3,10,0,0,23,0,6,0,6,11,0,0,0,1,0,0,0,0,30,11.0,3.0,3.0,8.0,19.0,11.0,0.0,0.0,46.0,0.0,3.0,0.0,0.0,0.0,0.0,0.0,0.0
112752873,480,0,self,58940.0,0,3,38,0,0,6,0,6,3,10,13,0,0,0,1,0,0,0,0,92,25.0,0.0,6.0,8.0,43.0,0.0,4.0,15.0,33.0,24.0,3.0,6.0,0.0,0.0,0.0,0.0,0.0
112752873,480,1,opponent,52369.0,0,3,10,0,0,17,0,6,0,4,12,0,0,0,1,0,0,0,0,97,11.0,3.0,3.0,8.0,19.0,11.0,0.0,18.0,46.0,44.0,3.0,5.0,0.0,0.0,0.0,0.0,0.0
112752873,503,0,self,66691.0,11,3,41,0,0,4,0,6,2,7,13,0,0,0,1,0,0,0,0,50,25.0,0.0,6.0,8.0,43.0,0.0,2.0,3.0,33.0,0.0,3.0,2.0,0.0,0.0,0.0,0.0,0.0
112752873,503,1,opponent,61660.0,12,3,18,0,0,28,6,6,0,5,14,0,0,0,2,0,0,0,0,30,14.0,2.0,3.0,8.0,22.0,8.0,0.0,0.0,43.0,0.0,3.0,0.0,0.0,0.0,0.0,0.0,0.0
112752873,527,0,self,74931.0,11,3,40,0,0,12,0,9,0,4,16,0,0,0,1,0,0,0,0,62,30.0,0.0,6.0,8.0,48.0,0.0,5.0,3.0,28.0,2.0,3.0,4.0,0.0,0.0,0.0,0.0,0.0
112752873,527,1,opponent,74130.0,12,3,5,0,0,12,0,6,2,5,7,0,0,0,0,0,0,0,0,33,20.0,1.0,3.0,8.0,28.0,4.0,0.0,0.0,40.0,1.0,3.0,0.0,0.0,0.0,0.0,0.0,0.0
112752873,551,0,self,82863.0,10,3,33,0,0,10,0,10,1,4,12,0,0,0,1,0,0,0,0,60,31.0,0.0,6.0,8.0,47.0,0.0,2.0,3.0,27.0,2.0,3.0,6.0,0.0,0.0,0.0,0.0,0.0
112752873,551,1,opponent,82033.0,12,3,22,0,0,20,0,9,0,6,14,0,0,0,0,0,0,0,0,35,21.0,1.0,3.0,8.0,29.0,5.0,0.0,0.0,35.0,1.0,3.0,0.0,0.0,0.0,0.0,0.0,0.0
112752873,575,0,self,89580.0,10,3,29,0,0,17,0,6,2,4,17,0,0,0,1,0,0,0,0,70,38.0,0.0,6.0,8.0,57.0,0.0,0.0,6.0,20.0,5.0,3.0,2.0,0.0,0.0,0.0,0.0,0.0
112752873,575,1,opponent,89931.0,12,3,23,0,0,26,6,3,0,6,13,0,0,0,4,1,0,0,0,41,24.0,0.0,3.0,8.0,36.0,0.0,0.0,0.0,26.0,3.0,3.0,0.0,2.0,2.0,0.0,0.0,0.0
112752873,576,0,self,89580.0,0,3,29,0,0,22,0,9,2,4,17,0,0,0,1,0,0,0,0,99,38.0,0.0,6.0,8.0,61.0,0.0,6.0,18.0,20.0,6.0,3.0,8.0,0.0,0.0,0.0,0.0,0.0
112752873,576,1,opponent,89931.0,0,3,23,0,0,28,6,3,0,6,14,0,0,0,4,1,0,0,0,92,24.0,0.0,3.0,8.0,38.0,0.0,3.0,17.0,25.0,27.0,3.0,5.0,2.0,2.0,1.0,0.0,0.0
112752873,599,0,self,95973.0,11,3,37,0,0,6,0,18,1,6,16,0,0,0,1,0,0,0,0,63,37.0,0.0,6.0,8.0,57.0,0.0,0.0,0.0,17.0,0.0,3.0,2.0,4.0,4.0,0.0,0.0,0.0
112752873,599,1,opponent,100452.0,12,3,27,0,0,16,0,6,3,5,13,0,0,0,4,1,0,0,0,53,31.0,0.0,3.0,8.0,47.0,0.0,0.0,0.0,20.0,1.0,3.0,0.0,5.0,5.0,0.0,0.0,0.0
112752873,623,0,self,101802.0,11,3,40,0,0,21,0,6,2,4,15,0,0,0,1,0,0,0,0,78,27.0,0.0,6.0,8.0,56.0,0.0,0.0,3.0,13.0,0.0,3.0,1.0,18.0,18.0,0.0,0.0,0.0
112752873,623,1,opponent,106503.0,12,3,41,0,0,9,0,6,0,5,14,0,0,0,0,0,0,0,0,55,32.0,0.0,3.0,8.0,46.0,0.0,0.0,0.0,18.0,0.0,3.0,0.0,7.0,9.0,0.0,0.0,0.0
112752873,647,0,self,108310.0,11,3,49,0,0,0,0,9,4,2,17,0,0,0,1,0,0,0,0,83,16.0,0.0,6.0,8.0,44.0,0.0,0.0,5.0,13.0,0.0,3.0,3.0,29.0,31.0,0.0,0.0,0.0
112752873,647,1,opponent,113983.0,11,3,35,0,0,12,0,9,0,2,10,0,0,0,3,0,0,0,0,66,30.0,0.0,3.0,8.0,54.0,0.0,0.0,0.0,12.0,0.0,3.0,0.0,7.0,12.0,0.0,0.0,0.0
112752873,648,0,self,108310.0,0,3,49,0,0,0,0,9,4,2,18,0,0,0,1,0,0,0,0,140,16.0,0.0,6.0,8.0,48.0,0.0,9.0,14.0,13.0,26.0,3.0,8.0,29.0,35.0,0.0,0.0,0.0
112752873,648,1,opponent,114013.0,0,3,40,0,0,12,0,9,0,2,11,0,0,0,3,0,0,0,0,93,28.0,0.0,3.0,8.0,49.0,0.0,8.0,6.0,11.0,12.0,3.0,6.0,7.0,12.0,1.0,0.0,0.0
112752873,671,0,self,114079.0,10,3,32,15,0,20,0,5,9,4,5,0,0,0,1,0,0,0,0,83,18.0,0.0,6.0,8.0,38.0,0.0,0.0,3.0,4.0,0.0,3.0,4.0,26.0,38.0,0.0,0.0,0.0
112752873,671,1,opponent,121409.0,10,3,32,9,0,6,0,6,0,4,11,0,0,0,2,0,0,0,0,53,24.0,0.0,3.0,8.0,49.0,0.0,0.0,0.0,9.0,0.0,3.0,0.0,2.0,4.0,3.0,0.0,0.0
112752873,695,0,self,123729.0,11,3,44,33,0,0,0,1,0,6,8,0,0,0,1,0,0,0,0,50,10.0,0.0,6.0,8.0,12.0,0.0,0.0,9.0,0.0,0.0,3.0,0.0,13.0,29.0,0.0,0.0,0.0
112752873,695,1,opponent,128136.0,8,3,68,6,0,0,0,12,0,2,6,0,0,0,2,0,0,0,0,19,8.0,0.0,3.0,8.0,18.0,0.0,0.0,0.0,6.0,0.0,3.0,1.0,0.0,0.0,4.0,0.0,0.0
112752873,696,0,self,123955.0,0,3,42,36,0,0,0,1,0,6,6,0,0,0,1,0,0,0,0,66,9.0,0.0,6.0,8.0,10.0,0.0,8.0,18.0,0.0,0.0,3.0,4.0,12.0,26.0,0.0,0.0,0.0
112752873,696,1,opponent,128299.0,0,3,63,6,0,0,0,12,0,2,6,0,0,0,2,0,0,0,0,40,8.0,0.0,0.0,8.0,18.0,0.0,0.0,6.0,5.0,10.0,3.0,6.0,0.0,0.0,4.0,0.0,0.0
112752873,719,0,self,132294.0,11,3,0,0,0,0,0,0,0,0,0,0,0,0,1,0,0,0,0,0,0.0,0.0,6.0,8.0,0.0,0.0,0.0,0.0,0.0,0.0,3.0,0.0,0.0,0.0,0.0,0.0,0.0
112752873,719,1,opponent,136064.0,12,3,0,0,0,0,0,0,0,0,0,0,0,0,2,0,0,0,0,0,0.0,0.0,0.0,8.0,0.0,0.0,0.0,0.0,5.0,0.0,3.0,0.0,0.0,0.0,4.0,0.0,0.0
112754190,0,0,self,3000.0,0,1,0,0,0,0,0,0,0,0,0,0,0,0,0,0,0,0,0,0,0.0,0.0,0.0,0.0,0.0,0.0,0.0,0.0,0.0,0.0,0.0,0.0,0.0,0.0,0.0,0.0,0.0
112754190,0,1,opponent,3000.0,0,1,0,0,0,0,0,0,0,0,0,0,0,0,0,0,0,0,0,0,0.0,0.0,0.0,0.0,0.0,0.0,0.0,0.0,0.0,0.0,0.0,0.0,0.0,0.0,0.0,0.0,0.0
112754190,23,0,self,16.0,5,1,3,0,0,0,0,0,0,0,0,0,0,0,0,0,0,0,0,20,8.0,12.0,2.0,2.0,8.0,12.0,0.0,0.0,0.0,0.0,0.0,0.0,0.0,0.0,0.0,0.0,0.0
112754190,23,1,opponent,8.0,5,1,3,0,0,0,0,0,0,0,0,0,0,0,0,0,0,0,0,20,8.0,12.0,2.0,2.0,8.0,12.0,0.0,0.0,0.0,0.0,0.0,0.0,0.0,0.0,0.0,0.0,0.0
112754190,24,0,self,16.0,0,1,3,0,0,0,0,0,0,0,0,0,0,0,0,0,0,0,0,20,8.0,12.0,2.0,2.0,8.0,12.0,0.0,0.0,0.0,0.0,0.0,0.0,0.0,0.0,0.0,0.0,0.0
112754190,24,1,opponent,8.0,0,1,3,0,0,0,0,0,0,0,0,0,0,0,0,0,0,0,0,20,8.0,12.0,2.0,2.0,8.0,12.0,0.0,0.0,0.0,0.0,0.0,0.0,0.0,0.0,0.0,0.0,0.0
112754190,47,0,self,105.0,3,1,6,0,0,0,0,0,0,0,1,0,0,0,0,0,0,0,0,20,8.0,12.0,2.0,2.0,8.0,12.0,0.0,0.0,0.0,0.0,0.0,0.0,0.0,0.0,0.0,0.0,0.0
112754190,47,1,opponent,97.0,3,1,6,0,0,0,0,0,0,0,1,0,0,0,0,0,0,0,0,20,8.0,12.0,2.0,2.0,8.0,12.0,0.0,0.0,0.0,0.0,0.0,0.0,0.0,0.0,0.0,0.0,0.0
112754190,71,0,self,218.0,4,1,6,0,0,0,0,0,0,0,0,0,0,0,0,0,0,0,0,25,8.0,12.0,2.0,3.0,13.0,12.0,0.0,0.0,0.0,0.0,0.0,0.0,0.0,0.0,0.0,0.0,0.0
112754190,71,1,opponent,210.0,4,1,6,0,0,0,0,0,0,0,0,0,0,0,0,0,0,0,0,25,8.0,12.0,2.0,3.0,13.0,12.0,0.0,0.0,0.0,0.0,0.0,0.0,0.0,0.0,0.0,0.0,0.0
112754190,72,0,self,218.0,0,1,6,0,0,0,0,0,0,0,0,0,0,0,0,0,0,0,0,25,8.0,12.0,2.0,3.0,13.0,12.0,0.0,0.0,0.0,0.0,0.0,0.0,0.0,0.0,0.0,0.0,0.0
112754190,72,1,opponent,210.0,0,1,6,0,0,0,0,0,0,0,0,0,0,0,0,0,0,0,0,25,8.0,12.0,2.0,3.0,13.0,12.0,0.0,0.0,0.0,0.0,0.0,0.0,0.0,0.0,0.0,0.0,0.0
112754190,95,0,self,271.0,5,1,14,0,0,0,0,0,0,0,1,1,0,0,0,0,0,0,0,19,7.0,12.0,2.0,3.0,7.0,12.0,0.0,0.0,0.0,0.0,0.0,0.0,0.0,0.0,0.0,0.0,0.0
112754190,95,1,opponent,353.0,5,1,11,0,0,0,0,0,0,0,1,1,0,0,0,0,0,0,0,19,7.0,12.0,2.0,3.0,7.0,12.0,0.0,0.0,0.0,0.0,0.0,0.0,0.0,0.0,0.0,0.0,0.0
112754190,119,0,self,678.0,4,1,19,0,0,0,0,0,0,0,1,0,0,0,0,0,0,0,0,19,7.0,12.0,2.0,4.0,7.0,12.0,0.0,0.0,0.0,0.0,0.0,0.0,0.0,0.0,0.0,0.0,0.0
112754190,119,1,opponent,760.0,4,1,16,0,0,0,0,0,0,0,1,0,0,0,0,0,0,0,0,19,7.0,12.0,2.0,4.0,7.0,12.0,0.0,0.0,0.0,0.0,0.0,0.0,0.0,0.0,0.0,0.0,0.0
112754190,143,0,self,793.0,4,1,19,0,0,0,0,0,0,0,2,0,0,0,0,0,0,0,0,15,3.0,12.0,2.0,4.0,3.0,12.0,0.0,0.0,4.0,0.0,0.0,0.0,0.0,0.0,0.0,0.0,0.0
112754190,143,1,opponent,875.0,4,1,16,0,0,0,0,0,0,0,2,0,0,0,0,0,0,0,0,15,3.0,12.0,2.0,4.0,3.0,12.0,0.0,0.0,4.0,0.0,0.0,0.0,0.0,0.0,0.0,0.0,0.0
112754190,144,0,self,793.0,0,1,19,0,0,0,0,0,0,0,2,0,0,0,0,0,0,0,0,27,3.0,12.0,2.0,4.0,3.0,12.0,12.0,0.0,4.0,0.0,0.0,0.0,0.0,0.0,0.0,0.0,0.0
112754190,144,1,opponent,875.0,0,1,16,0,0,0,0,0,0,0,2,0,0,0,0,0,0,0,0,27,3.0,12.0,2.0,4.0,3.0,12.0,12.0,0.0,4.0,0.0,0.0,0.0,0.0,0.0,0.0,0.0,0.0
112754190,167,0,self,941.0,7,2,16,0,0,0,0,0,2,0,1,0,0,0,0,0,0,0,0,30,6.0,12.0,2.0,4.0,7.0,23.0,0.0,0.0,12.0,0.0,2.0,0.0,0.0,0.0,0.0,0.0,0.0
112754190,167,1,opponent,1402.0,7,2,13,0,0,0,0,0,0,0,1,0,0,0,0,0,0,0,0,30,6.0,12.0,2.0,4.0,7.0,23.0,0.0,0.0,12.0,0.0,2.0,0.0,0.0,0.0,0.0,0.0,0.0
112754190,191,0,self,737.0,7,2,11,0,0,0,0,0,0,0,1,0,0,0,0,0,0,0,0,45,9.0,12.0,2.0,6.0,9.0,36.0,0.0,0.0,16.0,0.0,2.0,0.0,0.0,0.0,0.0,0.0,0.0
112754190,191,1,opponent,822.0,7,2,8,0,0,0,0,0,0,0,1,0,0,0,0,0,0,0,0,45,9.0,12.0,2.0,6.0,9.0,36.0,0.0,0.0,16.0,0.0,2.0,0.0,0.0,0.0,0.0,0.0,0.0
112754190,192,0,self,737.0,0,2,11,0,0,0,0,0,0,0,1,0,0,0,0,0,0,0,0,57,9.0,12.0,2.0,6.0,9.0,36.0,0.0,12.0,16.0,0.0,2.0,0.0,0.0,0.0,0.0,0.0,0.0
112754190,192,1,opponent,822.0,0,2,8,0,0,0,0,0,0,0,1,0,0,0,0,0,0,0,0,57,9.0,12.0,2.0,6.0,9.0,36.0,0.0,12.0,16.0,0.0,2.0,0.0,0.0,0.0,0.0,0.0,0.0
112754190,215,0,self,1268.0,8,2,28,0,0,0,0,0,0,0,3,0,0,0,0,0,0,0,0,52,5.0,12.0,4.0,6.0,5.0,47.0,0.0,0.0,20.0,0.0,2.0,0.0,0.0,0.0,0.0,0.0,0.0
112754190,215,1,opponent,1353.0,8,2,25,0,0,0,0,0,0,0,3,0,0,0,0,0,0,0,0,52,5.0,12.0,4.0,6.0,5.0,47.0,0.0,0.0,20.0,0.0,2.0,0.0,0.0,0.0,0.0,0.0,0.0
112754190,239,0,self,2557.0,8,2,37,0,0,0,0,0,0,0,1,0,0,1,0,0,0,0,0,64,5.0,12.0,4.0,6.0,5.0,59.0,0.0,0.0,20.0,0.0,3.0,0.0,0.0,0.0,0.0,0.0,0.0
112754190,239,1,opponent,2642.0,8,2,34,0,0,0,0,0,0,0,1,0,0,1,0,0,0,0,0,64,5.0,12.0,4.0,6.0,5.0,59.0,0.0,0.0,20.0,0.0,3.0,0.0,0.0,0.0,0.0,0.0,0.0
112754190,240,0,self,2557.0,0,2,37,0,0,0,0,0,0,0,1,0,0,1,0,0,0,0,0,84,5.0,12.0,4.0,6.0,5.0,60.0,0.0,12.0,20.0,0.0,3.0,7.0,0.0,0.0,0.0,0.0,0.0
112754190,240,1,opponent,2642.0,0,2,34,0,0,0,0,0,0,0,1,0,0,1,0,0,0,0,0,84,5.0,12.0,4.0,6.0,5.0,60.0,0.0,12.0,20.0,0.0,3.0,7.0,0.0,0.0,0.0,0.0,0.0
112754190,263,0,self,16359.0,12,2,42,0,0,0,0,0,0,4,10,0,0,0,0,0,0,0,0,16,12.0,0.0,4.0,6.0,13.0,0.0,0.0,0.0,20.0,0.0,6.0,3.0,0.0,0.0,0.0,0.0,0.0
112754190,263,1,opponent,16326.0,12,2,42,0,0,0,0,0,0,4,10,0,0,0,0,0,0,0,0,16,12.0,0.0,4.0,6.0,13.0,0.0,0.0,0.0,20.0,0.0,6.0,3.0,0.0,0.0,0.0,0.0,0.0
112754190,287,0,self,13929.0,10,3,37,0,0,0,0,0,0,0,15,0,0,0,0,0,0,0,0,30,21.0,0.0,4.0,6.0,24.0,0.0,0.0,0.0,33.0,0.0,7.0,6.0,0.0,0.0,0.0,0.0,0.0
112754190,287,1,opponent,13896.0,10,3,37,0,0,0,0,0,0,0,15,0,0,0,0,0,0,0,0,30,21.0,0.0,4.0,6.0,24.0,0.0,0.0,0.0,33.0,0.0,7.0,6.0,0.0,0.0,0.0,0.0,0.0
112754190,288,0,self,13929.0,0,3,39,0,0,0,0,0,0,0,16,0,0,0,0,0,0,0,0,46,20.0,0.0,4.0,6.0,22.0,0.0,8.0,9.0,33.0,0.0,7.0,7.0,0.0,0.0,0.0,0.0,0.0
112754190,288,1,opponent,13896.0,0,3,39,0,0,0,0,0,0,0,16,0,0,0,0,0,0,0,0,46,20.0,0.0,4.0,6.0,22.0,0.0,8.0,9.0,33.0,0.0,7.0,7.0,0.0,0.0,0.0,0.0,0.0
112754190,311,0,self,16940.0,9,3,14,0,0,0,0,3,0,0,17,0,0,0,0,0,0,0,0,34,24.0,0.0,4.0,6.0,27.0,0.0,0.0,0.0,33.0,0.0,7.0,7.0,0.0,0.0,0.0,0.0,0.0
112754190,311,1,opponent,16907.0,9,3,14,0,0,0,0,3,0,0,17,0,0,0,0,0,0,0,0,34,24.0,0.0,4.0,6.0,27.0,0.0,0.0,0.0,33.0,0.0,7.0,7.0,0.0,0.0,0.0,0.0,0.0
112754190,335,0,self,17969.0,9,3,19,0,0,0,0,0,0,11,12,0,0,0,0,0,0,0,0,32,24.0,0.0,4.0,6.0,32.0,0.0,0.0,0.0,33.0,0.0,7.0,0.0,0.0,0.0,0.0,0.0,0.0
112754190,335,1,opponent,17936.0,9,3,19,0,0,0,0,0,0,11,12,0,0,0,0,0,0,0,0,32,24.0,0.0,4.0,6.0,32.0,0.0,0.0,0.0,33.0,0.0,7.0,0.0,0.0,0.0,0.0,0.0,0.0
112754190,359,0,self,19990.0,9,3,28,0,0,0,0,6,0,8,10,0,0,0,0,0,0,0,0,42,24.0,0.0,4.0,6.0,36.0,0.0,0.0,0.0,33.0,0.0,7.0,6.0,0.0,0.0,0.0,0.0,0.0
112754190,359,1,opponent,19923.0,9,3,28,0,0,0,0,6,0,8,10,0,0,0,0,0,0,0,0,42,24.0,0.0,4.0,6.0,36.0,0.0,0.0,0.0,33.0,0.0,7.0,6.0,0.0,0.0,0.0,0.0,0.0
112754190,360,0,self,19990.0,0,3,28,0,0,0,0,6,0,12,11,0,0,0,0,0,0,0,0,81,24.0,0.0,4.0,6.0,38.0,0.0,5.0,12.0,33.0,8.0,7.0,18.0,0.0,0.0,0.0,0.0,0.0
112754190,360,1,opponent,19923.0,0,3,28,0,0,0,0,6,0,12,11,0,0,0,0,0,0,0,0,81,24.0,0.0,4.0,6.0,38.0,0.0,5.0,12.0,33.0,8.0,7.0,18.0,0.0,0.0,0.0,0.0,0.0
112754190,383,0,self,22865.0,10,3,35,0,0,0,0,0,5,6,11,0,0,0,1,0,0,0,0,46,24.0,0.0,4.0,6.0,34.0,0.0,0.0,0.0,33.0,0.0,7.0,12.0,0.0,0.0,0.0,0.0,0.0
112754190,383,1,opponent,22802.0,10,3,35,0,0,0,0,0,5,6,11,0,0,0,1,0,0,0,0,46,24.0,0.0,4.0,6.0,34.0,0.0,0.0,0.0,33.0,0.0,7.0,12.0,0.0,0.0,0.0,0.0,0.0
112754190,407,0,self,28017.0,11,3,42,0,0,0,0,2,0,10,9,0,0,0,1,0,0,0,0,40,25.0,0.0,4.0,6.0,36.0,0.0,0.0,0.0,33.0,0.0,7.0,4.0,0.0,0.0,0.0,0.0,0.0
112754190,407,1,opponent,27937.0,11,3,42,0,0,0,0,2,0,10,9,0,0,0,1,0,0,0,0,40,25.0,0.0,4.0,6.0,36.0,0.0,0.0,0.0,33.0,0.0,7.0,4.0,0.0,0.0,0.0,0.0,0.0
112754190,431,0,self,32487.0,11,3,46,0,0,0,0,6,0,8,15,0,0,0,1,0,0,0,0,46,25.0,0.0,4.0,6.0,36.0,0.0,0.0,0.0,33.0,0.0,7.0,10.0,0.0,0.0,0.0,0.0,0.0
112754190,431,1,opponent,32404.0,11,3,46,0,0,0,0,6,0,8,15,0,0,0,1,0,0,0,0,46,25.0,0.0,4.0,6.0,36.0,0.0,0.0,0.0,33.0,0.0,7.0,10.0,0.0,0.0,0.0,0.0,0.0
112754190,432,0,self,32487.0,0,3,46,0,0,0,0,6,0,10,16,0,0,0,1,0,0,0,0,93,25.0,0.0,4.0,6.0,38.0,0.0,3.0,6.0,33.0,24.0,7.0,22.0,0.0,0.0,0.0,0.0,0.0
112754190,432,1,opponent,32404.0,0,3,46,0,0,0,0,6,0,10,16,0,0,0,1,0,0,0,0,93,25.0,0.0,4.0,6.0,38.0,0.0,3.0,6.0,33.0,24.0,7.0,22.0,0.0,0.0,0.0,0.0,0.0
112754190,455,0,self,37532.0,11,3,48,0,0,6,0,4,0,10,10,0,0,0,1,0,0,0,0,48,25.0,0.0,4.0,6.0,37.0,0.0,1.0,0.0,33.0,2.0,7.0,8.0,0.0,0.0,0.0,0.0,0.0
112754190,455,1,opponent,37411.0,11,3,48,0,0,6,0,4,0,10,10,0,0,0,1,0,0,0,0,48,25.0,0.0,4.0,6.0,37.0,0.0,1.0,0.0,33.0,2.0,7.0,8.0,0.0,0.0,0.0,0.0,0.0
112754190,479,0,self,41681.0,12,3,53,0,0,6,0,4,0,12,13,0,0,0,1,0,0,0,0,53,25.0,0.0,4.0,6.0,47.0,0.0,0.0,0.0,33.0,0.0,7.0,6.0,0.0,0.0,0.0,0.0,0.0
112754190,479,1,opponent,41543.0,12,3,53,0,0,6,0,4,0,12,12,0,0,0,1,0,0,0,0,53,25.0,0.0,4.0,6.0,47.0,0.0,0.0,0.0,33.0,0.0,7.0,6.0,0.0,0.0,0.0,0.0,0.0
112754190,480,0,self,41681.0,0,3,53,0,0,6,0,4,0,12,13,0,0,0,1,0,0,0,0,106,25.0,0.0,4.0,6.0,52.0,0.0,4.0,6.0,33.0,24.0,7.0,20.0,0.0,0.0,0.0,0.0,0.0
112754190,480,1,opponent,41543.0,0,3,53,0,0,6,0,4,0,12,12,0,0,0,1,0,0,0,0,106,25.0,0.0,4.0,6.0,52.0,0.0,4.0,6.0,33.0,24.0,7.0,20.0,0.0,0.0,0.0,0.0,0.0
112754190,503,0,self,47821.0,12,3,52,0,0,6,0,7,4,16,14,0,0,0,1,0,0,0,0,56,25.0,0.0,4.0,6.0,52.0,0.0,0.0,0.0,33.0,0.0,7.0,4.0,0.0,0.0,0.0,0.0,0.0
112754190,503,1,opponent,47641.0,12,3,52,0,0,6,0,4,4,16,14,0,0,0,1,0,0,0,0,56,25.0,0.0,4.0,6.0,52.0,0.0,0.0,0.0,33.0,0.0,7.0,4.0,0.0,0.0,0.0,0.0,0.0
112754190,527,0,self,55246.0,12,3,57,0,0,12,0,6,0,12,15,0,0,0,1,0,0,0,0,62,30.0,0.0,4.0,6.0,50.0,0.0,3.0,0.0,28.0,3.0,7.0,6.0,0.0,0.0,0.0,0.0,0.0
112754190,527,1,opponent,55041.0,12,3,57,0,0,12,0,6,0,12,14,0,0,0,1,0,0,0,0,62,30.0,0.0,4.0,6.0,50.0,0.0,3.0,0.0,28.0,3.0,7.0,6.0,0.0,0.0,0.0,0.0,0.0
112754190,551,0,self,61128.0,11,3,47,0,0,10,0,3,0,7,12,0,0,0,1,0,0,0,0,63,31.0,0.0,4.0,6.0,51.0,0.0,0.0,0.0,27.0,2.0,7.0,10.0,0.0,0.0,0.0,0.0,0.0
112754190,551,1,opponent,60889.0,11,3,47,0,0,10,0,3,0,7,12,0,0,0,1,0,0,0,0,63,31.0,0.0,4.0,6.0,51.0,0.0,0.0,0.0,27.0,2.0,7.0,10.0,0.0,0.0,0.0,0.0,0.0
112754190,575,0,self,66077.0,11,3,39,0,0,18,0,4,6,12,15,0,0,0,5,8,0,0,0,72,30.0,0.0,4.0,6.0,51.0,0.0,0.0,2.0,20.0,6.0,7.0,5.0,8.0,8.0,0.0,0.0,0.0
112754190,575,1,opponent,66121.0,11,3,39,0,0,18,0,4,6,12,15,0,0,0,1,0,0,0,0,72,38.0,0.0,4.0,6.0,59.0,0.0,0.0,2.0,20.0,6.0,7.0,5.0,0.0,0.0,0.0,0.0,0.0
112754190,576,0,self,66077.0,0,3,37,0,0,24,0,6,6,12,15,0,0,0,5,8,0,0,0,101,30.0,0.0,4.0,6.0,55.0,0.0,6.0,5.0,20.0,8.0,7.0,19.0,8.0,8.0,0.0,0.0,0.0
112754190,576,1,opponent,66121.0,0,3,37,0,0,24,0,6,6,12,15,0,0,0,1,0,0,0,0,101,38.0,0.0,4.0,6.0,63.0,0.0,6.0,5.0,20.0,8.0,7.0,19.0,0.0,0.0,0.0,0.0,0.0
112754190,599,0,self,71515.0,12,3,41,0,0,8,0,5,3,15,15,0,0,0,2,8,0,0,0,66,28.0,0.0,4.0,6.0,49.0,0.0,0.0,0.0,17.0,0.0,7.0,4.0,13.0,13.0,0.0,0.0,0.0
112754190,599,1,opponent,71342.0,12,3,41,0,0,8,0,5,3,15,15,0,0,0,2,8,0,0,0,66,36.0,0.0,4.0,6.0,57.0,0.0,0.0,0.0,17.0,0.0,7.0,4.0,5.0,5.0,0.0,0.0,0.0
112754190,623,0,self,74546.0,12,3,59,0,0,20,0,4,0,8,16,0,0,0,2,8,0,0,0,84,18.0,0.0,4.0,6.0,38.0,0.0,0.0,2.0,13.0,0.0,7.0,6.0,27.0,38.0,0.0,0.0,0.0
112754190,623,1,opponent,74331.0,12,3,59,0,0,20,0,4,0,8,15,0,0,0,2,8,0,0,0,84,26.0,0.0,4.0,6.0,57.0,0.0,0.0,2.0,13.0,0.0,7.0,6.0,19.0,19.0,0.0,0.0,0.0
112754190,647,0,self,78235.0,11,3,24,30,0,0,0,5,7,10,16,0,0,0,2,8,0,0,0,87,14.0,0.0,4.0,6.0,47.0,0.0,0.0,0.0,13.0,0.0,7.0,6.0,31.0,34.0,0.0,0.0,0.0
112754190,647,1,opponent,78015.0,11,3,59,0,0,0,0,5,7,10,14,0,0,0,2,8,0,0,0,87,14.0,0.0,4.0,6.0,47.0,0.0,0.0,0.0,13.0,0.0,7.0,6.0,31.0,34.0,0.0,0.0,0.0
112754190,648,0,self,78235.0,0,3,24,30,0,0,0,5,7,10,16,0,0,0,2,8,0,0,0,143,14.0,0.0,4.0,6.0,51.0,0.0,7.0,6.0,13.0,24.0,6.0,16.0,31.0,39.0,0.0,0.0,0.0
112754190,648,1,opponent,78015.0,0,3,59,0,0,0,0,5,7,10,14,0,0,0,2,8,0,0,0,145,14.0,0.0,4.0,6.0,51.0,0.0,7.0,6.0,13.0,24.0,7.0,18.0,31.0,39.0,0.0,0.0,0.0
112754190,671,0,self,83377.0,11,3,38,15,0,18,0,2,7,10,8,0,0,0,4,0,0,0,0,89,9.0,0.0,4.0,6.0,32.0,0.0,0.0,2.0,4.0,0.0,6.0,4.0,35.0,51.0,0.0,0.0,0.0
112754190,671,1,opponent,82192.0,11,3,44,15,0,18,0,2,7,6,7,0,0,0,5,8,0,0,0,95,8.0,0.0,4.0,6.0,31.0,0.0,0.0,2.0,4.0,0.0,7.0,10.0,36.0,52.0,0.0,0.0,0.0
112754190,695,0,self,90622.0,11,3,42,31,0,0,0,0,0,6,8,0,0,0,4,0,0,0,0,51,2.0,0.0,4.0,6.0,5.0,0.0,0.0,2.0,0.0,0.0,6.0,6.0,21.0,38.0,0.0,0.0,0.0
112754190,695,1,opponent,89224.0,11,3,42,31,0,0,0,0,0,12,8,0,0,0,5,8,0,0,0,51,1.0,0.0,4.0,6.0,4.0,0.0,0.0,2.0,0.0,0.0,7.0,6.0,22.0,39.0,0.0,0.0,0.0
112754190,696,0,self,91013.0,0,3,37,34,0,0,0,0,0,6,6,0,0,0,4,0,0,0,0,68,1.0,0.0,4.0,6.0,1.0,0.0,8.0,8.0,0.0,0.0,6.0,15.0,20.0,36.0,0.0,0.0,0.0
112754190,696,1,opponent,89615.0,0,3,37,34,0,0,0,0,0,12,6,0,0,0,5,8,0,0,0,69,0.0,0.0,4.0,6.0,0.0,0.0,8.0,8.0,0.0,0.0,7.0,16.0,21.0,37.0,0.0,0.0,0.0
112754190,719,0,self,99939.0,11,3,0,0,0,0,0,0,0,0,0,0,0,0,4,0,0,0,0,4,0.0,0.0,4.0,6.0,0.0,0.0,0.0,0.0,0.0,0.0,6.0,4.0,0.0,0.0,0.0,0.0,0.0
112754190,719,1,opponent,98870.0,11,3,0,0,0,0,0,0,0,0,0,0,0,0,5,8,0,0,0,4,0.0,0.0,4.0,6.0,0.0,0.0,0.0,0.0,0.0,0.0,7.0,4.0,0.0,0.0,0.0,0.0,0.0
112755365,0,0,opponent,3000.0,0,1,0,0,0,0,0,0,0,0,0,0,0,0,0,0,0,0,0,0,0.0,0.0,0.0,0.0,0.0,0.0,0.0,0.0,0.0,0.0,0.0,0.0,0.0,0.0,0.0,0.0,0.0
112755365,0,1,self,3000.0,0,1,0,0,0,0,0,0,0,0,0,0,0,0,0,0,0,0,0,0,0.0,0.0,0.0,0.0,0.0,0.0,0.0,0.0,0.0,0.0,0.0,0.0,0.0,0.0,0.0,0.0,0.0
112755365,23,0,opponent,12.0,5,1,3,0,0,0,0,0,0,0,0,0,0,0,0,0,0,0,0,20,8.0,12.0,2.0,2.0,8.0,12.0,0.0,0.0,0.0,0.0,0.0,0.0,0.0,0.0,0.0,0.0,0.0
112755365,23,1,self,12.0,5,1,3,0,0,0,0,0,0,0,0,0,0,0,0,0,0,0,0,20,8.0,12.0,2.0,2.0,8.0,12.0,0.0,0.0,0.0,0.0,0.0,0.0,0.0,0.0,0.0,0.0,0.0
112755365,24,0,opponent,12.0,0,1,3,0,0,0,0,0,0,0,0,0,0,0,0,0,0,0,0,20,8.0,12.0,2.0,2.0,8.0,12.0,0.0,0.0,0.0,0.0,0.0,0.0,0.0,0.0,0.0,0.0,0.0
112755365,24,1,self,12.0,0,1,3,0,0,0,0,0,0,0,0,0,0,0,0,0,0,0,0,20,8.0,12.0,2.0,2.0,8.0,12.0,0.0,0.0,0.0,0.0,0.0,0.0,0.0,0.0,0.0,0.0,0.0
112755365,47,0,opponent,101.0,3,1,6,0,0,0,0,0,0,0,1,0,0,0,0,0,0,0,0,20,8.0,12.0,2.0,2.0,8.0,12.0,0.0,0.0,0.0,0.0,0.0,0.0,0.0,0.0,0.0,0.0,0.0
112755365,47,1,self,101.0,3,1,6,0,0,0,0,0,0,0,1,0,0,0,0,0,0,0,0,20,8.0,12.0,2.0,2.0,8.0,12.0,0.0,0.0,0.0,0.0,0.0,0.0,0.0,0.0,0.0,0.0,0.0
112755365,71,0,opponent,214.0,4,1,6,0,0,0,0,0,0,0,0,0,0,0,0,0,0,0,0,24,8.0,12.0,2.0,3.0,12.0,12.0,0.0,0.0,0.0,0.0,0.0,0.0,0.0,0.0,0.0,0.0,0.0
112755365,71,1,self,214.0,4,1,6,0,0,0,0,0,0,0,0,0,0,0,0,0,0,0,0,25,8.0,12.0,2.0,3.0,13.0,12.0,0.0,0.0,0.0,0.0,0.0,0.0,0.0,0.0,0.0,0.0,0.0
112755365,72,0,opponent,214.0,0,1,6,0,0,0,0,0,0,0,0,0,0,0,0,0,0,0,0,25,8.0,12.0,2.0,3.0,13.0,12.0,0.0,0.0,0.0,0.0,0.0,0.0,0.0,0.0,0.0,0.0,0.0
112755365,72,1,self,214.0,0,1,6,0,0,0,0,0,0,0,0,0,0,0,0,0,0,0,0,25,8.0,12.0,2.0,3.0,13.0,12.0,0.0,0.0,0.0,0.0,0.0,0.0,0.0,0.0,0.0,0.0,0.0
112755365,95,0,opponent,357.0,5,1,11,0,0,0,0,0,0,0,1,1,0,0,0,0,0,0,0,19,7.0,12.0,2.0,3.0,7.0,12.0,0.0,0.0,0.0,0.0,0.0,0.0,0.0,0.0,0.0,0.0,0.0
112755365,95,1,self,267.0,5,1,14,0,0,0,0,0,0,0,1,1,0,0,0,0,0,0,0,19,7.0,12.0,2.0,3.0,7.0,12.0,0.0,0.0,0.0,0.0,0.0,0.0,0.0,0.0,0.0,0.0,0.0
112755365,119,0,opponent,764.0,4,1,16,0,0,0,0,0,0,0,1,0,0,0,0,0,0,0,0,19,7.0,12.0,2.0,4.0,7.0,12.0,0.0,0.0,0.0,0.0,0.0,0.0,0.0,0.0,0.0,0.0,0.0
112755365,119,1,self,674.0,4,1,19,0,0,0,0,0,0,0,1,0,0,0,0,0,0,0,0,19,7.0,12.0,2.0,4.0,7.0,12.0,0.0,0.0,0.0,0.0,0.0,0.0,0.0,0.0,0.0,0.0,0.0
112755365,143,0,opponent,879.0,4,1,16,0,0,0,0,0,0,0,2,0,0,0,0,0,0,0,0,15,3.0,12.0,2.0,4.0,3.0,12.0,0.0,0.0,4.0,0.0,0.0,0.0,0.0,0.0,0.0,0.0,0.0
112755365,143,1,self,789.0,4,1,19,0,0,0,0,0,0,0,2,0,0,0,0,0,0,0,0,15,3.0,12.0,2.0,4.0,3.0,12.0,0.0,0.0,4.0,0.0,0.0,0.0,0.0,0.0,0.0,0.0,0.0
112755365,144,0,opponent,879.0,0,1,16,0,0,0,0,0,0,0,2,0,0,0,0,0,0,0,0,27,3.0,12.0,2.0,4.0,3.0,12.0,12.0,0.0,4.0,0.0,0.0,0.0,0.0,0.0,0.0,0.0,0.0
112755365,144,1,self,789.0,0,1,19,0,0,0,0,0,0,0,2,0,0,0,0,0,0,0,0,27,3.0,12.0,2.0,4.0,3.0,12.0,12.0,0.0,4.0,0.0,0.0,0.0,0.0,0.0,0.0,0.0,0.0
112755365,167,0,opponent,1206.0,7,2,15,0,0,0,0,0,0,0,1,0,0,0,0,0,0,0,0,28,5.0,12.0,2.0,6.0,5.0,23.0,0.0,0.0,12.0,0.0,0.0,0.0,0.0,0.0,0.0,0.0,0.0
112755365,167,1,self,737.0,7,2,16,0,0,0,0,0,2,0,1,0,0,0,0,0,0,0,0,30,6.0,12.0,2.0,6.0,7.0,23.0,0.0,0.0,12.0,0.0,0.0,0.0,0.0,0.0,0.0,0.0,0.0
112755365,191,0,opponent,626.0,7,2,8,0,0,0,0,0,0,0,1,0,0,0,1,0,0,0,0,44,8.0,12.0,2.0,8.0,8.0,36.0,0.0,0.0,16.0,0.0,0.0,0.0,0.0,0.0,0.0,0.0,0.0
112755365,191,1,self,529.0,7,2,11,0,0,0,0,0,0,0,1,0,0,0,1,0,0,0,0,44,8.0,12.0,2.0,8.0,8.0,36.0,0.0,0.0,16.0,0.0,0.0,0.0,0.0,0.0,0.0,0.0,0.0
112755365,192,0,opponent,626.0,0,2,8,0,0,0,0,0,0,0,1,0,0,0,0,0,0,0,0,57,9.0,12.0,2.0,8.0,9.0,36.0,0.0,12.0,16.0,0.0,0.0,0.0,0.0,0.0,0.0,0.0,0.0
112755365,192,1,self,529.0,0,2,11,0,0,0,0,0,0,0,1,0,0,0,0,0,0,0,0,57,9.0,12.0,2.0,8.0,9.0,36.0,0.0,12.0,16.0,0.0,0.0,0.0,0.0,0.0,0.0,0.0,0.0
112755365,215,0,opponent,1484.0,8,2,25,0,0,0,0,0,0,0,3,0,0,0,0,0,0,0,0,52,5.0,12.0,4.0,8.0,5.0,47.0,0.0,0.0,20.0,0.0,0.0,0.0,0.0,0.0,0.0,0.0,0.0
112755365,215,1,self,1387.0,8,2,28,0,0,0,0,0,0,0,3,0,0,0,0,0,0,0,0,52,5.0,12.0,4.0,8.0,5.0,47.0,0.0,0.0,20.0,0.0,0.0,0.0,0.0,0.0,0.0,0.0,0.0
112755365,239,0,opponent,2373.0,8,2,33,0,0,0,0,0,0,0,1,0,1,0,0,0,0,0,0,64,5.0,12.0,5.0,8.0,5.0,59.0,0.0,0.0,20.0,0.0,0.0,0.0,0.0,0.0,0.0,0.0,0.0
112755365,239,1,self,2276.0,8,2,36,0,0,0,0,0,0,0,1,0,1,0,0,0,0,0,0,64,5.0,12.0,5.0,8.0,5.0,59.0,0.0,0.0,20.0,0.0,0.0,0.0,0.0,0.0,0.0,0.0,0.0
112755365,240,0,opponent,2373.0,0,2,33,0,0,0,0,0,0,0,1,0,1,0,0,0,0,0,0,77,5.0,12.0,5.0,8.0,5.0,60.0,0.0,12.0,20.0,0.0,0.0,0.0,0.0,0.0,0.0,0.0,0.0
112755365,240,1,self,2276.0,0,2,36,0,0,0,0,0,0,0,1,0,1,0,0,0,0,0,0,77,5.0,12.0,5.0,8.0,5.0,60.0,0.0,12.0,20.0,0.0,0.0,0.0,0.0,0.0,0.0,0.0,0.0
112755365,263,0,opponent,15671.0,11,2,42,0,0,0,12,0,0,0,11,0,0,0,0,0,0,0,0,13,12.0,0.0,6.0,8.0,13.0,0.0,0.0,0.0,20.0,0.0,2.0,0.0,0.0,0.0,0.0,0.0,0.0
112755365,263,1,self,15694.0,11,2,42,0,0,0,12,0,0,0,11,0,0,0,0,0,0,0,0,13,12.0,0.0,6.0,8.0,13.0,0.0,0.0,0.0,20.0,0.0,2.0,0.0,0.0,0.0,0.0,0.0,0.0
112755365,287,0,opponent,14769.0,10,3,37,0,0,0,0,0,0,0,12,0,0,0,0,0,0,0,0,24,21.0,0.0,6.0,8.0,24.0,0.0,0.0,0.0,33.0,0.0,3.0,0.0,0.0,0.0,0.0,0.0,0.0
112755365,287,1,self,14792.0,10,3,37,0,0,0,0,0,0,0,15,0,0,0,0,0,0,0,0,24,21.0,0.0,6.0,8.0,24.0,0.0,0.0,0.0,33.0,0.0,3.0,0.0,0.0,0.0,0.0,0.0,0.0
112755365,288,0,opponent,14769.0,0,3,39,0,0,0,0,0,0,0,13,0,0,0,0,0,0,0,0,39,20.0,0.0,6.0,8.0,22.0,0.0,8.0,9.0,33.0,0.0,3.0,0.0,0.0,0.0,0.0,0.0,0.0
112755365,288,1,self,14792.0,0,3,39,0,0,0,0,0,0,0,16,0,0,0,0,0,0,0,0,39,20.0,0.0,6.0,8.0,22.0,0.0,8.0,9.0,33.0,0.0,3.0,0.0,0.0,0.0,1.0,0.0,0.0
112755365,311,0,opponent,18103.0,9,3,14,0,0,0,0,0,0,0,13,0,0,0,0,0,0,0,0,33,24.0,0.0,6.0,8.0,30.0,0.0,0.0,3.0,33.0,0.0,3.0,0.0,0.0,0.0,0.0,0.0,0.0
112755365,311,1,self,18271.0,9,3,14,0,0,0,0,0,0,0,17,0,0,0,1,0,0,0,0,29,23.0,0.0,6.0,8.0,26.0,0.0,0.0,3.0,33.0,0.0,3.0,0.0,0.0,0.0,0.0,0.0,0.0
112755365,335,0,opponent,19521.0,9,3,24,0,0,0,0,0,0,0,14,0,0,0,0,0,0,0,0,33,24.0,0.0,6.0,8.0,33.0,0.0,0.0,0.0,33.0,0.0,3.0,0.0,0.0,0.0,0.0,0.0,0.0
112755365,335,1,self,19806.0,9,3,16,0,0,0,0,0,0,0,14,0,0,0,1,0,0,0,0,31,23.0,0.0,6.0,8.0,31.0,0.0,0.0,0.0,33.0,0.0,3.0,0.0,0.0,0.0,0.0,0.0,0.0
112755365,359,0,opponent,21836.0,9,3,24,0,0,0,0,6,3,8,19,0,0,0,0,0,0,0,0,41,24.0,0.0,6.0,8.0,41.0,0.0,0.0,0.0,33.0,0.0,3.0,0.0,0.0,0.0,0.0,0.0,0.0
112755365,359,1,self,21785.0,9,3,24,0,0,0,0,6,3,8,20,0,0,0,1,0,0,0,0,37,23.0,0.0,6.0,8.0,37.0,0.0,0.0,0.0,33.0,0.0,3.0,0.0,0.0,0.0,0.0,0.0,0.0
112755365,360,0,opponent,22224.0,0,3,24,0,0,0,0,6,0,8,14,0,0,0,0,0,0,0,0,84,24.0,0.0,6.0,8.0,42.0,0.0,11.0,15.0,33.0,8.0,3.0,8.0,0.0,0.0,0.0,0.0,0.0
112755365,360,1,self,22173.0,0,3,24,0,0,0,0,6,0,8,15,0,0,0,1,0,0,0,0,80,23.0,0.0,6.0,8.0,38.0,0.0,11.0,15.0,33.0,8.0,3.0,8.0,0.0,0.0,0.0,0.0,0.0
112755365,383,0,opponent,25883.0,10,3,27,0,0,0,0,0,11,6,11,0,0,0,1,0,0,0,0,41,24.0,0.0,6.0,8.0,39.0,0.0,0.0,0.0,33.0,0.0,3.0,2.0,0.0,0.0,0.0,0.0,0.0
112755365,383,1,self,25881.0,10,3,22,0,0,0,0,0,11,6,11,0,0,0,2,0,0,0,0,40,24.0,0.0,6.0,8.0,38.0,0.0,0.0,0.0,33.0,0.0,3.0,2.0,0.0,0.0,0.0,0.0,0.0
112755365,407,0,opponent,30810.0,11,3,44,0,0,0,0,3,0,5,11,0,0,0,0,0,0,0,0,40,25.0,0.0,6.0,8.0,38.0,0.0,0.0,0.0,33.0,0.0,3.0,2.0,0.0,0.0,0.0,0.0,0.0
112755365,407,1,self,30756.0,11,3,40,0,0,0,0,3,0,5,11,0,0,0,2,0,0,0,0,38,25.0,0.0,6.0,8.0,36.0,0.0,0.0,0.0,33.0,0.0,3.0,2.0,0.0,0.0,0.0,0.0,0.0
112755365,431,0,opponent,35505.0,11,3,48,0,0,0,0,3,0,6,15,0,0,0,0,0,0,0,0,39,25.0,0.0,6.0,8.0,37.0,0.0,0.0,0.0,33.0,0.0,3.0,2.0,0.0,0.0,0.0,0.0,0.0
112755365,431,1,self,35140.0,11,3,42,0,0,0,0,3,6,6,15,0,0,0,2,0,0,0,0,38,25.0,0.0,6.0,8.0,36.0,0.0,0.0,0.0,33.0,0.0,3.0,2.0,0.0,0.0,0.0,0.0,0.0
112755365,432,0,opponent,35561.0,0,3,48,0,0,0,0,3,0,5,16,0,0,0,0,0,0,0,0,86,25.0,0.0,6.0,8.0,38.0,0.0,8.0,8.0,33.0,24.0,3.0,8.0,0.0,0.0,0.0,0.0,0.0
112755365,432,1,self,35196.0,0,3,42,0,0,0,0,3,6,5,16,0,0,0,2,0,0,0,0,86,25.0,0.0,6.0,8.0,38.0,0.0,8.0,8.0,33.0,24.0,3.0,8.0,0.0,0.0,0.0,0.0,0.0
112755365,455,0,opponent,40335.0,11,3,49,0,0,6,0,4,3,4,13,0,0,0,0,0,0,0,0,49,25.0,0.0,6.0,8.0,39.0,0.0,3.0,1.0,33.0,2.0,3.0,4.0,0.0,0.0,0.0,0.0,0.0
112755365,455,1,self,40512.0,11,3,43,0,0,6,0,4,3,4,14,0,0,0,2,0,0,0,0,48,25.0,0.0,6.0,8.0,38.0,0.0,3.0,1.0,33.0,2.0,3.0,4.0,0.0,0.0,0.0,0.0,0.0
112755365,479,0,opponent,45294.0,11,3,50,0,0,6,0,2,3,10,12,0,0,0,0,0,0,0,0,43,25.0,0.0,6.0,8.0,43.0,0.0,0.0,0.0,33.0,0.0,3.0,0.0,0.0,0.0,0.0,0.0,0.0
112755365,479,1,self,45267.0,11,3,44,0,0,6,0,2,5,10,13,0,0,0,2,0,0,0,0,42,25.0,0.0,6.0,8.0,42.0,0.0,0.0,0.0,33.0,0.0,3.0,0.0,0.0,0.0,0.0,0.0,0.0
112755365,480,0,opponent,45294.0,0,3,50,0,0,6,0,2,3,10,13,0,0,0,0,0,0,0,0,94,25.0,0.0,6.0,8.0,48.0,0.0,8.0,8.0,33.0,24.0,3.0,6.0,0.0,0.0,0.0,0.0,0.0
112755365,480,1,self,45267.0,0,3,44,0,0,6,0,2,5,10,14,0,0,0,2,0,0,0,0,92,25.0,0.0,6.0,8.0,46.0,0.0,8.0,8.0,33.0,24.0,3.0,6.0,0.0,0.0,0.0,0.0,0.0
112755365,503,0,opponent,51615.0,11,3,58,0,0,4,0,4,4,9,13,0,0,0,0,0,0,0,0,56,25.0,0.0,6.0,8.0,49.0,0.0,4.0,1.0,33.0,0.0,3.0,2.0,0.0,0.0,0.0,0.0,0.0
112755365,503,1,self,52026.0,11,3,49,0,0,4,0,4,4,7,13,0,0,0,2,0,0,0,0,56,25.0,0.0,6.0,8.0,49.0,0.0,4.0,1.0,33.0,0.0,3.0,2.0,0.0,0.0,0.0,0.0,0.0
112755365,527,0,opponent,59983.0,11,3,57,0,0,13,0,5,0,4,17,0,0,0,0,0,0,0,0,69,30.0,0.0,6.0,8.0,52.0,0.0,12.0,1.0,28.0,1.0,3.0,3.0,0.0,0.0,0.0,0.0,0.0
112755365,527,1,self,59861.0,11,3,55,0,0,12,0,5,0,4,16,0,0,0,2,0,0,0,0,71,30.0,0.0,6.0,8.0,52.0,0.0,12.0,1.0,28.0,2.0,3.0,4.0,0.0,0.0,0.0,0.0,0.0
112755365,551,0,opponent,65952.0,11,3,55,0,0,11,0,5,4,6,14,0,0,0,0,0,0,0,0,58,31.0,0.0,6.0,8.0,48.0,0.0,4.0,1.0,27.0,2.0,3.0,3.0,0.0,0.0,0.0,0.0,0.0
112755365,551,1,self,66117.0,11,3,49,0,0,10,0,5,4,4,13,0,0,0,2,0,0,0,0,61,31.0,0.0,6.0,8.0,48.0,0.0,4.0,1.0,27.0,2.0,3.0,6.0,0.0,0.0,0.0,0.0,0.0
112755365,575,0,opponent,72283.0,11,3,44,0,0,17,0,3,8,5,17,0,0,0,0,0,0,0,0,73,38.0,0.0,6.0,8.0,63.0,0.0,0.0,3.0,20.0,5.0,3.0,2.0,0.0,0.0,0.0,0.0,0.0
112755365,575,1,self,72031.0,11,3,42,0,0,17,0,3,8,4,17,0,0,0,2,0,0,0,0,73,38.0,0.0,6.0,8.0,63.0,0.0,0.0,3.0,20.0,5.0,3.0,2.0,0.0,0.0,0.0,0.0,0.0
112755365,576,0,opponent,72326.0,0,3,43,0,0,22,0,5,8,5,17,0,0,0,0,0,0,0,0,105,38.0,0.0,6.0,8.0,69.0,0.0,12.0,10.0,20.0,6.0,3.0,8.0,0.0,0.0,0.0,0.0,0.0
112755365,576,1,self,72031.0,0,3,42,0,0,22,0,5,8,4,17,0,0,0,2,0,0,0,0,104,38.0,0.0,6.0,8.0,68.0,0.0,12.0,10.0,20.0,6.0,3.0,8.0,0.0,0.0,0.0,0.0,0.0
112755365,599,0,opponent,78610.0,11,3,51,0,0,6,0,10,6,6,17,0,0,0,0,0,0,0,0,70,37.0,0.0,6.0,8.0,64.0,0.0,0.0,0.0,17.0,0.0,3.0,2.0,4.0,4.0,0.0,0.0,0.0
112755365,599,1,self,78414.0,11,3,47,0,0,6,0,10,6,6,16,0,0,0,2,0,0,0,0,69,37.0,0.0,6.0,8.0,63.0,0.0,0.0,0.0,17.0,0.0,3.0,2.0,4.0,4.0,0.0,0.0,0.0
112755365,623,0,opponent,82521.0,11,3,51,0,0,21,0,4,4,4,14,0,0,0,0,0,0,0,0,85,27.0,0.0,6.0,8.0,64.0,0.0,0.0,2.0,13.0,0.0,3.0,1.0,18.0,18.0,0.0,0.0,0.0
112755365,623,1,self,81998.0,11,3,51,0,0,21,0,4,4,4,15,0,0,0,2,0,0,0,0,81,27.0,0.0,6.0,8.0,60.0,0.0,0.0,2.0,13.0,0.0,3.0,1.0,18.0,18.0,0.0,0.0,0.0
112755365,647,0,opponent,88013.0,11,3,63,0,0,0,0,10,7,2,16,0,0,0,0,0,0,0,0,77,16.0,0.0,6.0,8.0,44.0,0.0,0.0,0.0,13.0,0.0,3.0,2.0,29.0,31.0,0.0,0.0,0.0
112755365,647,1,self,87655.0,11,3,59,0,0,0,0,6,7,2,16,0,0,0,2,0,0,0,0,82,16.0,0.0,6.0,8.0,44.0,0.0,0.0,4.0,13.0,0.0,3.0,3.0,29.0,31.0,0.0,0.0,0.0
112755365,648,0,opponent,88013.0,0,3,63,0,0,0,0,10,7,2,17,0,0,0,0,0,0,0,0,130,16.0,0.0,6.0,8.0,48.0,0.0,10.0,4.0,13.0,26.0,3.0,7.0,29.0,35.0,0.0,0.0,0.0
112755365,648,1,self,87655.0,0,3,59,0,0,0,0,6,7,2,17,0,0,0,2,0,0,0,0,135,16.0,0.0,6.0,8.0,48.0,0.0,10.0,8.0,13.0,26.0,3.0,8.0,29.0,35.0,0.0,0.0,0.0
112755365,671,0,opponent,92064.0,11,3,43,17,0,20,0,3,10,0,6,0,0,0,0,0,0,0,0,83,18.0,0.0,6.0,8.0,39.0,0.0,0.0,0.0,4.0,0.0,3.0,7.0,25.0,37.0,0.0,0.0,0.0
112755365,671,1,self,91484.0,11,3,40,15,0,20,0,3,10,0,6,0,0,0,1,0,0,0,0,87,18.0,0.0,6.0,8.0,39.0,0.0,0.0,2.0,4.0,0.0,3.0,8.0,26.0,38.0,0.0,0.0,0.0
112755365,695,0,opponent,100506.0,11,3,50,34,0,0,0,4,0,8,8,0,0,0,0,0,0,0,0,41,10.0,0.0,6.0,8.0,12.0,0.0,0.0,0.0,0.0,0.0,3.0,0.0,13.0,29.0,0.0,0.0,0.0
112755365,695,1,self,99889.0,11,3,50,34,0,0,0,0,0,8,8,0,0,0,1,0,0,0,0,48,10.0,0.0,6.0,8.0,12.0,0.0,0.0,6.0,0.0,0.0,3.0,0.0,13.0,30.0,0.0,0.0,0.0
112755365,696,0,opponent,100898.0,0,3,43,37,0,0,0,4,0,8,6,0,0,0,0,0,0,0,0,53,9.0,0.0,6.0,8.0,11.0,0.0,8.0,4.0,0.0,0.0,3.0,4.0,12.0,26.0,0.0,0.0,0.0
112755365,696,1,self,100281.0,0,3,43,37,0,0,0,0,0,8,6,0,0,0,1,0,0,0,0,60,9.0,0.0,6.0,8.0,11.0,0.0,8.0,10.0,0.0,0.0,3.0,4.0,12.0,27.0,0.0,0.0,0.0
112755365,719,0,opponent,108230.0,11,3,0,0,0,0,0,0,0,0,0,0,0,0,0,0,0,0,0,0,0.0,0.0,6.0,8.0,0.0,0.0,0.0,0.0,0.0,0.0,3.0,0.0,0.0,0.0,0.0,0.0,0.0
112755365,719,1,self,107603.0,11,3,0,0,0,0,0,0,0,0,0,0,0,0,1,0,0,0,0,0,0.0,0.0,6.0,8.0,0.0,0.0,0.0,0.0,0.0,0.0,3.0,0.0,0.0,0.0,0.0,0.0,0.0
112756505,0,0,opponent,3000.0,0,1,0,0,0,0,0,0,0,0,0,0,0,0,0,0,0,0,0,0,0.0,0.0,0.0,0.0,0.0,0.0,0.0,0.0,0.0,0.0,0.0,0.0,0.0,0.0,0.0,0.0,0.0
112756505,0,1,self,3000.0,0,1,0,0,0,0,0,0,0,0,0,0,0,0,0,0,0,0,0,0,0.0,0.0,0.0,0.0,0.0,0.0,0.0,0.0,0.0,0.0,0.0,0.0,0.0,0.0,0.0,0.0,0.0
112756505,23,0,opponent,12.0,5,1,3,0,0,0,0,0,0,0,0,0,0,0,0,0,0,0,0,20,8.0,12.0,2.0,2.0,8.0,12.0,0.0,0.0,0.0,0.0,0.0,0.0,0.0,0.0,0.0,0.0,0.0
112756505,23,1,self,12.0,5,1,3,0,0,0,0,0,0,0,0,0,0,0,0,0,0,0,0,20,8.0,12.0,2.0,2.0,8.0,12.0,0.0,0.0,0.0,0.0,0.0,0.0,0.0,0.0,0.0,0.0,0.0
112756505,24,0,opponent,12.0,0,1,3,0,0,0,0,0,0,0,0,0,0,0,0,0,0,0,0,20,8.0,12.0,2.0,2.0,8.0,12.0,0.0,0.0,0.0,0.0,0.0,0.0,0.0,0.0,0.0,0.0,0.0
112756505,24,1,self,12.0,0,1,3,0,0,0,0,0,0,0,0,0,0,0,0,0,0,0,0,20,8.0,12.0,2.0,2.0,8.0,12.0,0.0,0.0,0.0,0.0,0.0,0.0,0.0,0.0,0.0,0.0,0.0
112756505,47,0,opponent,101.0,3,1,6,0,0,0,0,0,0,0,1,0,0,0,0,0,0,0,0,20,8.0,12.0,2.0,2.0,8.0,12.0,0.0,0.0,0.0,0.0,0.0,0.0,0.0,0.0,0.0,0.0,0.0
112756505,47,1,self,101.0,3,1,6,0,0,0,0,0,0,0,1,0,0,0,0,0,0,0,0,20,8.0,12.0,2.0,2.0,8.0,12.0,0.0,0.0,0.0,0.0,0.0,0.0,0.0,0.0,0.0,0.0,0.0
112756505,71,0,opponent,214.0,4,1,6,0,0,0,0,0,0,0,0,0,0,0,0,0,0,0,0,25,8.0,12.0,2.0,3.0,13.0,12.0,0.0,0.0,0.0,0.0,0.0,0.0,0.0,0.0,0.0,0.0,0.0
112756505,71,1,self,214.0,4,1,6,0,0,0,0,0,0,0,0,0,0,0,0,0,0,0,0,25,8.0,12.0,2.0,3.0,13.0,12.0,0.0,0.0,0.0,0.0,0.0,0.0,0.0,0.0,0.0,0.0,0.0
112756505,72,0,opponent,214.0,0,1,6,0,0,0,0,0,0,0,0,0,0,0,0,0,0,0,0,25,8.0,12.0,2.0,3.0,13.0,12.0,0.0,0.0,0.0,0.0,0.0,0.0,0.0,0.0,0.0,0.0,0.0
112756505,72,1,self,214.0,0,1,6,0,0,0,0,0,0,0,0,0,0,0,0,0,0,0,0,25,8.0,12.0,2.0,3.0,13.0,12.0,0.0,0.0,0.0,0.0,0.0,0.0,0.0,0.0,0.0,0.0,0.0
112756505,95,0,opponent,267.0,5,1,14,0,0,0,0,0,0,0,1,1,0,0,0,0,0,0,0,19,7.0,12.0,2.0,3.0,7.0,12.0,0.0,0.0,0.0,0.0,0.0,0.0,0.0,0.0,0.0,0.0,0.0
112756505,95,1,self,267.0,5,1,14,0,0,0,0,0,0,0,1,1,0,0,0,0,0,0,0,19,7.0,12.0,2.0,3.0,7.0,12.0,0.0,0.0,0.0,0.0,0.0,0.0,0.0,0.0,0.0,0.0,0.0
112756505,119,0,opponent,672.0,4,1,19,0,0,0,0,0,0,0,1,0,0,0,0,0,0,0,0,19,7.0,12.0,2.0,4.0,7.0,12.0,0.0,0.0,0.0,0.0,0.0,0.0,0.0,0.0,0.0,0.0,0.0
112756505,119,1,self,672.0,4,1,19,0,0,0,0,0,0,0,1,0,0,0,0,0,0,0,0,19,7.0,12.0,2.0,4.0,7.0,12.0,0.0,0.0,0.0,0.0,0.0,0.0,0.0,0.0,0.0,0.0,0.0
112756505,143,0,opponent,787.0,4,1,19,0,0,0,0,0,0,0,2,0,0,0,0,0,0,0,0,15,3.0,12.0,2.0,4.0,3.0,12.0,0.0,0.0,4.0,0.0,0.0,0.0,0.0,0.0,0.0,0.0,0.0
112756505,143,1,self,787.0,4,1,19,0,0,0,0,0,0,0,2,0,0,0,0,0,0,0,0,15,3.0,12.0,2.0,4.0,3.0,12.0,0.0,0.0,4.0,0.0,0.0,0.0,0.0,0.0,0.0,0.0,0.0
112756505,144,0,opponent,787.0,0,1,19,0,0,0,0,0,0,0,2,0,0,0,0,0,0,0,0,27,3.0,12.0,2.0,4.0,3.0,12.0,12.0,0.0,4.0,0.0,0.0,0.0,0.0,0.0,0.0,0.0,0.0
112756505,144,1,self,787.0,0,1,19,0,0,0,0,0,0,0,2,0,0,0,0,0,0,0,0,27,3.0,12.0,2.0,4.0,3.0,12.0,12.0,0.0,4.0,0.0,0.0,0.0,0.0,0.0,0.0,0.0,0.0
112756505,167,0,opponent,1309.0,7,2,16,0,0,0,0,0,0,0,1,0,0,0,0,0,0,0,0,30,6.0,12.0,2.0,4.0,7.0,23.0,0.0,0.0,12.0,0.0,2.0,0.0,0.0,0.0,0.0,0.0,0.0
112756505,167,1,self,1310.0,7,2,16,0,0,0,0,0,0,0,1,0,0,0,0,0,0,0,0,30,6.0,12.0,2.0,4.0,7.0,23.0,0.0,0.0,12.0,0.0,2.0,0.0,0.0,0.0,0.0,0.0,0.0
112756505,191,0,opponent,729.0,7,2,11,0,0,0,0,0,0,0,1,0,0,0,0,0,0,0,0,45,9.0,12.0,2.0,6.0,9.0,36.0,0.0,0.0,16.0,0.0,2.0,0.0,0.0,0.0,0.0,0.0,0.0
112756505,191,1,self,730.0,7,2,11,0,0,0,0,0,0,0,1,0,0,0,0,0,0,0,0,45,9.0,12.0,2.0,6.0,9.0,36.0,0.0,0.0,16.0,0.0,2.0,0.0,0.0,0.0,0.0,0.0,0.0
112756505,192,0,opponent,729.0,0,2,11,0,0,0,0,0,0,0,1,0,0,0,0,0,0,0,0,57,9.0,12.0,2.0,6.0,9.0,36.0,0.0,12.0,16.0,0.0,2.0,0.0,0.0,0.0,0.0,0.0,0.0
112756505,192,1,self,730.0,0,2,11,0,0,0,0,0,0,0,1,0,0,0,0,0,0,0,0,57,9.0,12.0,2.0,6.0,9.0,36.0,0.0,12.0,16.0,0.0,2.0,0.0,0.0,0.0,0.0,0.0,0.0
112756505,215,0,opponent,1199.0,8,2,30,0,0,0,0,0,0,0,3,0,0,0,0,0,0,0,0,52,5.0,12.0,4.0,6.0,5.0,47.0,0.0,0.0,20.0,0.0,2.0,0.0,0.0,0.0,0.0,0.0,0.0
112756505,215,1,self,1270.0,8,2,28,0,0,0,0,0,0,0,3,0,0,0,0,0,0,0,0,52,5.0,12.0,4.0,6.0,5.0,47.0,0.0,0.0,20.0,0.0,2.0,0.0,0.0,0.0,0.0,0.0,0.0
112756505,239,0,opponent,2027.0,8,2,40,0,0,0,0,0,0,0,1,0,1,0,0,0,0,0,0,64,5.0,12.0,5.0,6.0,5.0,59.0,0.0,0.0,20.0,0.0,2.0,0.0,0.0,0.0,0.0,0.0,0.0
112756505,239,1,self,2167.0,8,2,36,0,0,0,0,0,0,0,1,0,1,0,0,0,0,0,0,64,5.0,12.0,5.0,6.0,5.0,59.0,0.0,0.0,20.0,0.0,2.0,0.0,0.0,0.0,0.0,0.0,0.0
112756505,240,0,opponent,2027.0,0,2,40,0,0,0,0,0,0,0,1,0,1,0,0,0,0,0,0,84,5.0,12.0,5.0,6.0,5.0,60.0,0.0,12.0,20.0,0.0,2.0,7.0,0.0,0.0,0.0,0.0,0.0
112756505,240,1,self,2167.0,0,2,36,0,0,0,0,0,0,0,1,0,1,0,0,0,0,0,0,84,5.0,12.0,5.0,6.0,5.0,60.0,0.0,12.0,20.0,0.0,2.0,7.0,0.0,0.0,0.0,0.0,0.0
112756505,263,0,opponent,15005.0,11,2,45,0,0,0,12,0,0,4,10,0,0,0,0,0,0,0,0,16,12.0,0.0,6.0,6.0,13.0,0.0,0.0,0.0,20.0,0.0,4.0,3.0,0.0,0.0,0.0,0.0,0.0
112756505,263,1,self,15106.0,11,2,42,0,0,0,12,0,0,4,10,0,0,0,0,0,0,0,0,16,12.0,0.0,6.0,6.0,13.0,0.0,0.0,0.0,20.0,0.0,4.0,3.0,0.0,0.0,0.0,0.0,0.0
112756505,287,0,opponent,13558.0,10,3,49,0,0,0,0,0,0,2,15,0,0,0,0,0,0,0,0,30,21.0,0.0,6.0,6.0,24.0,0.0,0.0,0.0,33.0,0.0,5.0,6.0,0.0,0.0,0.0,0.0,0.0
112756505,287,1,self,14016.0,10,3,37,0,0,0,0,0,0,2,15,0,0,0,0,0,0,0,0,30,21.0,0.0,6.0,6.0,24.0,0.0,0.0,0.0,33.0,0.0,5.0,6.0,0.0,0.0,0.0,0.0,0.0
112756505,288,0,opponent,13558.0,0,3,51,0,0,0,0,0,0,2,16,0,0,0,0,0,0,0,0,46,20.0,0.0,6.0,6.0,22.0,0.0,8.0,9.0,33.0,0.0,5.0,7.0,0.0,0.0,0.0,0.0,0.0
112756505,288,1,self,14016.0,0,3,39,0,0,0,0,0,0,2,16,0,0,0,0,0,0,0,0,46,20.0,0.0,6.0,6.0,22.0,0.0,8.0,9.0,33.0,0.0,5.0,7.0,0.0,0.0,0.0,0.0,0.0
112756505,311,0,opponent,16521.0,9,3,35,0,0,0,0,0,0,2,17,0,0,0,0,0,0,0,0,37,24.0,0.0,6.0,6.0,27.0,0.0,0.0,3.0,33.0,0.0,5.0,7.0,0.0,0.0,0.0,0.0,0.0
112756505,311,1,self,17279.0,9,3,14,0,0,0,0,0,0,2,17,0,0,0,0,0,0,0,0,37,24.0,0.0,6.0,6.0,27.0,0.0,0.0,3.0,33.0,0.0,5.0,7.0,0.0,0.0,0.0,0.0,0.0
112756505,335,0,opponent,18845.0,9,3,16,0,0,0,0,0,0,8,12,0,0,0,0,0,0,0,0,32,24.0,0.0,6.0,6.0,32.0,0.0,0.0,0.0,33.0,0.0,5.0,0.0,0.0,0.0,0.0,0.0,0.0
112756505,335,1,self,18802.0,9,3,16,0,0,0,0,0,0,8,12,0,0,0,0,0,0,0,0,32,24.0,0.0,6.0,6.0,32.0,0.0,0.0,0.0,33.0,0.0,5.0,0.0,0.0,0.0,0.0,0.0,0.0
112756505,359,0,opponent,20650.0,9,3,24,0,0,0,0,6,3,12,10,0,0,0,0,0,0,0,0,38,24.0,0.0,6.0,6.0,38.0,0.0,0.0,0.0,33.0,0.0,5.0,0.0,0.0,0.0,0.0,0.0,0.0
112756505,359,1,self,20155.0,9,3,24,0,0,0,0,6,3,12,18,0,0,0,0,0,0,0,0,38,24.0,0.0,6.0,6.0,38.0,0.0,0.0,0.0,33.0,0.0,5.0,0.0,0.0,0.0,0.0,0.0,0.0
112756505,360,0,opponent,20653.0,0,3,24,0,0,0,0,6,0,12,12,0,0,0,0,0,0,0,0,86,24.0,0.0,6.0,6.0,40.0,0.0,11.0,15.0,33.0,8.0,5.0,12.0,0.0,0.0,0.0,0.0,0.0
112756505,360,1,self,20532.0,0,3,24,0,0,0,0,6,0,12,13,0,0,0,0,0,0,0,0,86,24.0,0.0,6.0,6.0,40.0,0.0,11.0,15.0,33.0,8.0,5.0,12.0,0.0,0.0,0.0,0.0,0.0
112756505,383,0,opponent,25050.0,10,3,25,0,0,0,0,0,11,12,11,0,0,0,1,0,0,0,0,44,24.0,0.0,6.0,6.0,38.0,0.0,0.0,0.0,33.0,0.0,5.0,6.0,0.0,0.0,0.0,0.0,0.0
112756505,383,1,self,24969.0,10,3,25,0,0,0,0,0,11,12,11,0,0,0,1,0,0,0,0,44,24.0,0.0,6.0,6.0,38.0,0.0,0.0,0.0,33.0,0.0,5.0,6.0,0.0,0.0,0.0,0.0,0.0
112756505,407,0,opponent,29488.0,11,3,36,0,0,0,0,3,0,21,9,0,0,0,1,0,0,0,0,38,25.0,0.0,6.0,6.0,36.0,0.0,0.0,0.0,33.0,0.0,5.0,2.0,0.0,0.0,0.0,0.0,0.0
112756505,407,1,self,29398.0,11,3,36,0,0,0,0,3,0,19,11,0,0,0,1,0,0,0,0,38,25.0,0.0,6.0,6.0,36.0,0.0,0.0,0.0,33.0,0.0,5.0,2.0,0.0,0.0,0.0,0.0,0.0
112756505,431,0,opponent,33483.0,11,3,38,0,0,0,0,9,0,22,15,0,0,0,1,0,0,0,0,42,25.0,0.0,6.0,6.0,36.0,0.0,0.0,0.0,33.0,0.0,5.0,6.0,0.0,0.0,0.0,0.0,0.0
112756505,431,1,self,33635.0,11,3,38,0,0,0,0,9,1,17,15,0,0,0,1,0,0,0,0,42,25.0,0.0,6.0,6.0,36.0,0.0,0.0,0.0,33.0,0.0,5.0,6.0,0.0,0.0,0.0,0.0,0.0
112756505,432,0,opponent,33483.0,0,3,38,0,0,0,0,9,0,22,16,0,0,0,1,0,0,0,0,91,25.0,0.0,6.0,6.0,38.0,0.0,4.0,9.0,33.0,24.0,5.0,16.0,0.0,0.0,0.0,0.0,0.0
112756505,432,1,self,33635.0,0,3,38,0,0,0,0,9,1,17,16,0,0,0,1,0,0,0,0,91,25.0,0.0,6.0,6.0,38.0,0.0,4.0,9.0,33.0,24.0,5.0,16.0,0.0,0.0,0.0,0.0,0.0
112756505,455,0,opponent,38060.0,11,3,39,0,0,6,0,6,1,24,11,0,0,0,2,8,0,0,0,49,24.0,0.0,6.0,6.0,37.0,0.0,1.0,0.0,33.0,2.0,5.0,8.0,1.0,1.0,0.0,0.0,0.0
112756505,455,1,self,38185.0,11,3,37,0,0,6,0,6,1,19,14,0,0,0,2,8,0,0,0,49,24.0,0.0,6.0,6.0,37.0,0.0,1.0,0.0,33.0,2.0,5.0,8.0,1.0,1.0,0.0,0.0,0.0
112756505,479,0,opponent,42536.0,10,3,41,0,0,6,0,6,1,24,13,0,0,0,1,8,0,0,0,48,24.0,0.0,6.0,6.0,39.0,0.0,0.0,0.0,33.0,0.0,5.0,8.0,1.0,1.0,0.0,0.0,0.0
112756505,479,1,self,42653.0,10,3,38,0,0,6,0,6,1,25,13,0,0,0,1,8,0,0,0,44,24.0,0.0,6.0,6.0,39.0,0.0,0.0,0.0,33.0,0.0,5.0,4.0,1.0,1.0,0.0,0.0,0.0
112756505,480,0,opponent,42536.0,0,3,41,0,0,6,0,6,1,24,13,0,0,0,1,8,0,0,0,96,24.0,0.0,6.0,6.0,42.0,0.0,4.0,9.0,33.0,24.0,5.0,16.0,1.0,1.0,0.0,0.0,0.0
112756505,480,1,self,42653.0,0,3,38,0,0,6,0,6,1,25,13,0,0,0,1,8,0,0,0,94,24.0,0.0,6.0,6.0,42.0,0.0,4.0,9.0,33.0,24.0,5.0,14.0,1.0,1.0,0.0,0.0,0.0
112756505,503,0,opponent,48302.0,11,3,44,0,0,4,0,6,2,17,13,0,0,0,1,8,0,0,0,51,23.0,0.0,6.0,6.0,41.0,0.0,2.0,0.0,33.0,0.0,5.0,6.0,2.0,2.0,0.0,0.0,0.0
112756505,503,1,self,48134.0,11,3,42,0,0,4,0,6,2,19,13,0,0,0,1,8,0,0,0,51,23.0,0.0,6.0,6.0,41.0,0.0,2.0,0.0,33.0,0.0,5.0,6.0,2.0,2.0,0.0,0.0,0.0
112756505,527,0,opponent,53479.0,11,3,47,0,0,12,0,9,0,7,17,0,0,0,1,8,0,0,0,67,23.0,0.0,6.0,6.0,39.0,0.0,5.0,0.0,28.0,2.0,5.0,12.0,7.0,9.0,0.0,0.0,0.0
112756505,527,1,self,53247.0,11,3,40,0,0,12,0,9,0,14,17,0,0,0,1,8,0,0,0,67,23.0,0.0,6.0,6.0,39.0,0.0,5.0,0.0,28.0,2.0,5.0,12.0,7.0,9.0,0.0,0.0,0.0
112756505,551,0,opponent,56365.0,11,3,51,0,0,10,0,6,2,6,14,0,0,0,3,8,0,0,0,62,21.0,0.0,6.0,6.0,37.0,0.0,2.0,0.0,27.0,2.0,5.0,10.0,10.0,11.0,0.0,0.0,0.0
112756505,551,1,self,56595.0,11,3,33,0,0,10,0,6,2,13,15,0,0,0,3,8,0,0,0,62,21.0,0.0,6.0,6.0,37.0,0.0,2.0,0.0,27.0,2.0,5.0,10.0,10.0,11.0,0.0,0.0,0.0
112756505,575,0,opponent,58286.0,11,3,42,3,0,17,0,6,2,10,16,0,0,0,5,8,0,0,0,75,21.0,0.0,6.0,6.0,41.0,0.0,0.0,3.0,20.0,5.0,5.0,4.0,17.0,22.0,0.0,0.0,0.0
112756505,575,1,self,58424.0,11,3,29,3,0,17,0,6,2,17,16,0,0,0,5,8,0,0,0,75,23.0,0.0,6.0,6.0,43.0,0.0,0.0,3.0,20.0,5.0,5.0,4.0,15.0,20.0,0.0,0.0,0.0
112756505,576,0,opponent,58442.0,0,3,38,3,0,22,0,9,2,10,16,0,0,0,5,8,0,0,0,100,21.0,0.0,6.0,6.0,46.0,0.0,6.0,6.0,20.0,6.0,5.0,14.0,17.0,22.0,0.0,0.0,0.0
112756505,576,1,self,58688.0,0,3,29,3,0,22,0,9,2,11,16,0,0,0,5,8,0,0,0,100,23.0,0.0,6.0,6.0,48.0,0.0,6.0,6.0,20.0,6.0,5.0,14.0,15.0,20.0,0.0,0.0,0.0
112756505,599,0,opponent,59776.0,11,3,39,16,0,6,0,6,1,12,15,0,0,0,2,8,0,0,0,72,24.0,0.0,6.0,6.0,52.0,0.0,0.0,0.0,17.0,0.0,5.0,2.0,17.0,18.0,0.0,0.0,0.0
112756505,599,1,self,60113.0,11,3,28,16,0,6,0,6,2,15,15,0,0,0,2,8,0,0,0,72,26.0,0.0,6.0,6.0,54.0,0.0,0.0,0.0,17.0,0.0,5.0,2.0,15.0,16.0,0.0,0.0,0.0
112756505,623,0,opponent,62586.0,11,3,41,12,0,21,0,5,3,4,15,0,0,0,2,8,0,0,0,86,18.0,0.0,6.0,6.0,43.0,0.0,0.0,2.0,13.0,0.0,5.0,4.0,27.0,37.0,0.0,0.0,0.0
112756505,623,1,self,62835.0,11,3,37,12,0,21,0,5,3,4,15,0,0,0,2,8,0,0,0,86,20.0,0.0,6.0,6.0,48.0,0.0,0.0,2.0,13.0,0.0,5.0,4.0,25.0,32.0,0.0,0.0,0.0
112756505,647,0,opponent,66311.0,11,3,28,28,0,0,0,9,4,6,15,0,0,0,2,8,0,0,0,80,14.0,0.0,6.0,6.0,40.0,0.0,0.0,0.0,13.0,0.0,5.0,5.0,31.0,35.0,0.0,0.0,0.0
112756505,647,1,self,66315.0,11,3,36,21,0,0,0,9,4,6,16,0,0,0,2,8,0,0,0,80,14.0,0.0,6.0,6.0,40.0,0.0,0.0,0.0,13.0,0.0,5.0,5.0,31.0,35.0,0.0,0.0,0.0
112756505,648,0,opponent,66311.0,0,3,28,28,0,0,0,9,4,6,16,0,0,0,2,8,0,0,0,134,14.0,0.0,6.0,6.0,44.0,0.0,4.0,9.0,13.0,26.0,4.0,12.0,31.0,39.0,0.0,0.0,0.0
112756505,648,1,self,66329.0,0,3,36,21,0,0,0,9,4,6,16,0,0,0,2,8,0,0,0,134,14.0,0.0,6.0,6.0,44.0,0.0,4.0,9.0,13.0,26.0,4.0,12.0,31.0,39.0,0.0,0.0,0.0
112756505,671,0,opponent,70048.0,11,3,32,15,0,20,0,3,4,10,8,0,0,0,4,0,0,0,0,82,9.0,0.0,6.0,6.0,25.0,0.0,0.0,3.0,4.0,0.0,4.0,2.0,35.0,52.0,0.0,0.0,0.0
112756505,671,1,self,70085.0,11,3,32,15,0,20,0,3,4,10,8,0,0,0,4,0,0,0,0,82,9.0,0.0,6.0,6.0,25.0,0.0,0.0,3.0,4.0,0.0,4.0,2.0,35.0,52.0,0.0,0.0,0.0
112756505,695,0,opponent,75387.0,12,3,39,36,0,0,0,1,3,2,8,0,0,0,4,0,0,0,0,51,2.0,0.0,6.0,6.0,4.0,0.0,0.0,3.0,0.0,0.0,4.0,4.0,21.0,40.0,0.0,0.0,0.0
112756505,695,1,self,74947.0,12,3,39,36,0,0,0,1,3,2,8,0,0,0,4,0,0,0,0,51,2.0,0.0,6.0,6.0,4.0,0.0,0.0,3.0,0.0,0.0,4.0,4.0,21.0,40.0,0.0,0.0,0.0
112756505,696,0,opponent,75634.0,0,3,36,39,0,0,0,1,3,2,6,0,0,0,4,0,0,0,0,64,1.0,0.0,6.0,6.0,1.0,0.0,2.0,12.0,0.0,0.0,4.0,11.0,20.0,38.0,0.0,0.0,0.0
112756505,696,1,self,75194.0,0,3,36,39,0,0,0,1,3,2,6,0,0,0,4,0,0,0,0,64,1.0,0.0,6.0,6.0,1.0,0.0,2.0,12.0,0.0,0.0,4.0,11.0,20.0,38.0,0.0,0.0,0.0
112756505,719,0,opponent,84137.0,11,3,0,0,0,0,0,0,0,0,0,0,0,0,4,0,0,0,0,0,0.0,0.0,6.0,6.0,0.0,0.0,0.0,0.0,0.0,0.0,4.0,0.0,0.0,0.0,0.0,0.0,0.0
112756505,719,1,self,83698.0,11,3,0,0,0,0,0,0,0,0,0,0,0,0,4,0,0,0,0,0,0.0,0.0,6.0,6.0,0.0,0.0,0.0,0.0,0.0,0.0,4.0,0.0,0.0,0.0,0.0,0.0,0.0
112756518,0,0,opponent,3000.0,0,1,0,0,0,0,0,0,0,0,0,0,0,0,0,0,0,0,0,0,0.0,0.0,0.0,0.0,0.0,0.0,0.0,0.0,0.0,0.0,0.0,0.0,0.0,0.0,0.0,0.0,0.0
112756518,0,1,self,3000.0,0,1,0,0,0,0,0,0,0,0,0,0,0,0,0,0,0,0,0,0,0.0,0.0,0.0,0.0,0.0,0.0,0.0,0.0,0.0,0.0,0.0,0.0,0.0,0.0,0.0,0.0,0.0
112756518,23,0,opponent,11.0,5,1,3,0,0,0,0,0,0,0,0,0,0,0,0,0,0,0,0,20,8.0,12.0,2.0,2.0,8.0,12.0,0.0,0.0,0.0,0.0,0.0,0.0,0.0,0.0,0.0,0.0,0.0
112756518,23,1,self,13.0,5,1,3,0,0,0,0,0,0,0,0,0,0,0,0,0,0,0,0,20,8.0,12.0,2.0,2.0,8.0,12.0,0.0,0.0,0.0,0.0,0.0,0.0,0.0,0.0,0.0,0.0,0.0
112756518,24,0,opponent,11.0,0,1,3,0,0,0,0,0,0,0,0,0,0,0,0,0,0,0,0,20,8.0,12.0,2.0,2.0,8.0,12.0,0.0,0.0,0.0,0.0,0.0,0.0,0.0,0.0,0.0,0.0,0.0
112756518,24,1,self,13.0,0,1,3,0,0,0,0,0,0,0,0,0,0,0,0,0,0,0,0,20,8.0,12.0,2.0,2.0,8.0,12.0,0.0,0.0,0.0,0.0,0.0,0.0,0.0,0.0,0.0,0.0,0.0
112756518,47,0,opponent,100.0,3,1,6,0,0,0,0,0,0,0,1,0,0,0,0,0,0,0,0,20,8.0,12.0,2.0,2.0,8.0,12.0,0.0,0.0,0.0,0.0,0.0,0.0,0.0,0.0,0.0,0.0,0.0
112756518,47,1,self,102.0,3,1,6,0,0,0,0,0,0,0,1,0,0,0,0,0,0,0,0,20,8.0,12.0,2.0,2.0,8.0,12.0,0.0,0.0,0.0,0.0,0.0,0.0,0.0,0.0,0.0,0.0,0.0
112756518,71,0,opponent,213.0,4,1,6,0,0,0,0,0,0,0,0,0,0,0,0,0,0,0,0,25,8.0,12.0,2.0,3.0,13.0,12.0,0.0,0.0,0.0,0.0,0.0,0.0,0.0,0.0,0.0,0.0,0.0
112756518,71,1,self,215.0,4,1,6,0,0,0,0,0,0,0,0,0,0,0,0,0,0,0,0,25,8.0,12.0,2.0,3.0,13.0,12.0,0.0,0.0,0.0,0.0,0.0,0.0,0.0,0.0,0.0,0.0,0.0
112756518,72,0,opponent,213.0,0,1,6,0,0,0,0,0,0,0,0,0,0,0,0,0,0,0,0,25,8.0,12.0,2.0,3.0,13.0,12.0,0.0,0.0,0.0,0.0,0.0,0.0,0.0,0.0,0.0,0.0,0.0
112756518,72,1,self,215.0,0,1,6,0,0,0,0,0,0,0,0,0,0,0,0,0,0,0,0,25,8.0,12.0,2.0,3.0,13.0,12.0,0.0,0.0,0.0,0.0,0.0,0.0,0.0,0.0,0.0,0.0,0.0
112756518,95,0,opponent,264.0,5,1,14,0,0,0,0,0,0,0,1,1,0,0,0,0,0,0,0,19,7.0,12.0,2.0,3.0,7.0,12.0,0.0,0.0,0.0,0.0,0.0,0.0,0.0,0.0,0.0,0.0,0.0
112756518,95,1,self,266.0,5,1,14,0,0,0,0,0,0,0,1,1,0,0,0,0,0,0,0,19,7.0,12.0,2.0,3.0,7.0,12.0,0.0,0.0,0.0,0.0,0.0,0.0,0.0,0.0,0.0,0.0,0.0
112756518,119,0,opponent,674.0,4,1,19,0,0,0,0,0,0,0,1,0,0,0,0,0,0,0,0,19,7.0,12.0,2.0,4.0,7.0,12.0,0.0,0.0,0.0,0.0,0.0,0.0,0.0,0.0,0.0,0.0,0.0
112756518,119,1,self,676.0,4,1,19,0,0,0,0,0,0,0,1,0,0,0,0,0,0,0,0,19,7.0,12.0,2.0,4.0,7.0,12.0,0.0,0.0,0.0,0.0,0.0,0.0,0.0,0.0,0.0,0.0,0.0
112756518,143,0,opponent,787.0,4,1,19,0,0,0,0,0,0,0,2,0,0,0,0,0,0,0,0,15,3.0,12.0,2.0,4.0,3.0,12.0,0.0,0.0,4.0,0.0,0.0,0.0,0.0,0.0,0.0,0.0,0.0
112756518,143,1,self,789.0,4,1,19,0,0,0,0,0,0,0,2,0,0,0,0,0,0,0,0,15,3.0,12.0,2.0,4.0,3.0,12.0,0.0,0.0,4.0,0.0,0.0,0.0,0.0,0.0,0.0,0.0,0.0
112756518,144,0,opponent,787.0,0,1,19,0,0,0,0,0,0,0,2,0,0,0,0,0,0,0,0,27,3.0,12.0,2.0,4.0,3.0,12.0,12.0,0.0,4.0,0.0,0.0,0.0,0.0,0.0,0.0,0.0,0.0
112756518,144,1,self,789.0,0,1,19,0,0,0,0,0,0,0,2,0,0,0,0,0,0,0,0,27,3.0,12.0,2.0,4.0,3.0,12.0,12.0,0.0,4.0,0.0,0.0,0.0,0.0,0.0,0.0,0.0,0.0
112756518,167,0,opponent,1117.0,7,2,16,0,0,0,0,0,0,0,1,0,0,0,0,0,0,0,0,30,6.0,12.0,2.0,6.0,7.0,23.0,0.0,0.0,12.0,0.0,0.0,0.0,0.0,0.0,0.0,0.0,0.0
112756518,167,1,self,740.0,7,2,16,0,0,0,0,0,2,0,1,0,0,0,0,0,0,0,0,30,6.0,12.0,2.0,6.0,7.0,23.0,0.0,0.0,12.0,0.0,0.0,0.0,0.0,0.0,0.0,0.0,0.0
112756518,191,0,opponent,537.0,7,2,11,0,0,0,0,0,0,0,1,0,0,0,1,0,0,0,0,44,8.0,12.0,2.0,8.0,8.0,36.0,0.0,0.0,16.0,0.0,0.0,0.0,0.0,0.0,0.0,0.0,0.0
112756518,191,1,self,532.0,7,2,11,0,0,0,0,0,0,0,1,0,0,0,1,0,0,0,0,44,8.0,12.0,2.0,8.0,8.0,36.0,0.0,0.0,16.0,0.0,0.0,0.0,0.0,0.0,0.0,0.0,0.0
112756518,192,0,opponent,537.0,0,2,11,0,0,0,0,0,0,0,1,0,0,0,0,0,0,0,0,57,9.0,12.0,2.0,8.0,9.0,36.0,0.0,12.0,16.0,0.0,0.0,0.0,0.0,0.0,0.0,0.0,0.0
112756518,192,1,self,532.0,0,2,11,0,0,0,0,0,0,0,1,0,0,0,0,0,0,0,0,57,9.0,12.0,2.0,8.0,9.0,36.0,0.0,12.0,16.0,0.0,0.0,0.0,0.0,0.0,0.0,0.0,0.0
112756518,215,0,opponent,1779.0,8,2,28,0,0,0,0,0,0,0,3,0,0,0,0,0,0,0,0,52,5.0,12.0,4.0,8.0,5.0,47.0,0.0,0.0,20.0,0.0,0.0,0.0,0.0,0.0,0.0,0.0,0.0
112756518,215,1,self,1774.0,8,2,28,0,0,0,0,0,0,0,3,0,0,0,0,0,0,0,0,52,5.0,12.0,4.0,8.0,5.0,47.0,0.0,0.0,20.0,0.0,0.0,0.0,0.0,0.0,0.0,0.0,0.0
112756518,239,0,opponent,2789.0,8,2,36,0,0,0,0,0,0,0,1,0,1,0,0,0,0,0,0,64,5.0,12.0,4.0,9.0,5.0,59.0,0.0,0.0,20.0,0.0,0.0,0.0,0.0,0.0,0.0,0.0,0.0
112756518,239,1,self,2784.0,8,2,36,0,0,0,0,0,0,0,1,0,1,0,0,0,0,0,0,64,5.0,12.0,4.0,9.0,5.0,59.0,0.0,0.0,20.0,0.0,0.0,0.0,0.0,0.0,0.0,0.0,0.0
112756518,240,0,opponent,2789.0,0,2,36,0,0,0,0,0,0,0,1,0,1,0,0,0,0,0,0,77,5.0,12.0,4.0,9.0,5.0,60.0,0.0,12.0,20.0,0.0,0.0,0.0,0.0,0.0,0.0,0.0,0.0
112756518,240,1,self,2784.0,0,2,36,0,0,0,0,0,0,0,1,0,1,0,0,0,0,0,0,77,5.0,12.0,4.0,9.0,5.0,60.0,0.0,12.0,20.0,0.0,0.0,0.0,0.0,0.0,0.0,0.0,0.0
112756518,263,0,opponent,16700.0,11,2,42,0,0,0,12,0,0,0,11,0,0,0,0,0,0,0,0,13,12.0,0.0,5.0,11.0,13.0,0.0,0.0,0.0,20.0,0.0,0.0,0.0,0.0,0.0,0.0,0.0,0.0
112756518,263,1,self,16693.0,11,2,42,0,0,0,12,0,0,0,11,0,0,0,0,0,0,0,0,13,12.0,0.0,5.0,11.0,13.0,0.0,0.0,0.0,20.0,0.0,0.0,0.0,0.0,0.0,0.0,0.0,0.0
112756518,287,0,opponent,16199.0,10,3,37,0,0,0,0,0,0,0,15,0,0,0,0,0,0,0,0,24,21.0,0.0,5.0,12.0,24.0,0.0,0.0,0.0,33.0,0.0,0.0,0.0,0.0,0.0,0.0,0.0,0.0
112756518,287,1,self,16192.0,10,3,37,0,0,0,0,0,0,0,15,0,0,0,0,0,0,0,0,24,21.0,0.0,5.0,12.0,24.0,0.0,0.0,0.0,33.0,0.0,0.0,0.0,0.0,0.0,0.0,0.0,0.0
112756518,288,0,opponent,16199.0,0,3,39,0,0,0,0,0,0,0,16,0,0,0,0,0,0,0,0,39,20.0,0.0,5.0,12.0,22.0,0.0,8.0,9.0,33.0,0.0,0.0,0.0,0.0,0.0,0.0,0.0,0.0
112756518,288,1,self,16192.0,0,3,39,0,0,0,0,0,0,0,16,0,0,0,0,0,0,0,0,39,20.0,0.0,5.0,12.0,22.0,0.0,8.0,9.0,33.0,0.0,0.0,0.0,0.0,0.0,0.0,0.0,0.0
112756518,311,0,opponent,20251.0,9,3,14,0,0,0,0,0,0,0,17,0,0,0,0,0,0,0,0,30,24.0,0.0,5.0,12.0,27.0,0.0,0.0,3.0,33.0,0.0,0.0,0.0,0.0,0.0,0.0,0.0,0.0
112756518,311,1,self,20244.0,9,3,14,0,0,0,0,0,0,0,17,0,0,0,0,0,0,0,0,30,24.0,0.0,5.0,12.0,27.0,0.0,0.0,3.0,33.0,0.0,0.0,0.0,0.0,0.0,0.0,0.0,0.0
112756518,335,0,opponent,22478.0,9,3,16,0,0,0,0,0,0,0,14,0,0,0,0,0,0,0,0,32,24.0,0.0,5.0,12.0,32.0,0.0,0.0,0.0,33.0,0.0,0.0,0.0,0.0,0.0,0.0,0.0,0.0
112756518,335,1,self,22471.0,9,3,16,0,0,0,0,0,0,0,14,0,0,0,0,0,0,0,0,32,24.0,0.0,5.0,12.0,32.0,0.0,0.0,0.0,33.0,0.0,0.0,0.0,0.0,0.0,0.0,0.0,0.0
112756518,359,0,opponent,26640.0,9,3,24,0,0,0,0,6,3,0,20,0,0,0,0,0,0,0,0,38,24.0,0.0,5.0,12.0,38.0,0.0,0.0,0.0,33.0,0.0,0.0,0.0,0.0,0.0,0.0,0.0,0.0
112756518,359,1,self,26633.0,9,3,24,0,0,0,0,6,3,0,20,0,0,0,0,0,0,0,0,38,24.0,0.0,5.0,12.0,38.0,0.0,0.0,0.0,33.0,0.0,0.0,0.0,0.0,0.0,0.0,0.0,0.0
112756518,360,0,opponent,27021.0,0,3,24,0,0,0,0,6,0,0,15,0,0,0,0,0,0,0,0,68,24.0,0.0,5.0,12.0,40.0,0.0,5.0,15.0,33.0,8.0,0.0,0.0,0.0,0.0,0.0,0.0,0.0
112756518,360,1,self,27014.0,0,3,24,0,0,0,0,6,0,0,15,0,0,0,0,0,0,0,0,68,24.0,0.0,5.0,12.0,40.0,0.0,5.0,15.0,33.0,8.0,0.0,0.0,0.0,0.0,0.0,0.0,0.0
112756518,383,0,opponent,34458.0,10,3,24,0,0,0,0,0,5,0,11,0,0,0,1,0,0,0,0,38,24.0,0.0,5.0,12.0,38.0,0.0,0.0,0.0,33.0,0.0,0.0,0.0,0.0,0.0,0.0,0.0,0.0
112756518,383,1,self,34456.0,10,3,24,0,0,0,0,0,5,0,11,0,0,0,1,0,0,0,0,38,24.0,0.0,5.0,12.0,38.0,0.0,0.0,0.0,33.0,0.0,0.0,0.0,0.0,0.0,0.0,0.0,0.0
112756518,407,0,opponent,41245.0,11,3,35,0,0,0,0,3,0,0,11,0,0,0,1,0,0,0,0,36,25.0,0.0,5.0,12.0,36.0,0.0,0.0,0.0,33.0,0.0,0.0,0.0,0.0,0.0,0.0,0.0,0.0
112756518,407,1,self,41243.0,11,3,35,0,0,0,0,3,0,0,11,0,0,0,1,0,0,0,0,36,25.0,0.0,5.0,12.0,36.0,0.0,0.0,0.0,33.0,0.0,0.0,0.0,0.0,0.0,0.0,0.0,0.0
112756518,431,0,opponent,45904.0,11,3,36,0,0,0,0,9,2,0,15,0,0,0,1,0,0,0,0,42,25.0,0.0,5.0,12.0,36.0,0.0,0.0,6.0,33.0,0.0,0.0,0.0,0.0,0.0,0.0,0.0,0.0
112756518,431,1,self,45902.0,11,3,36,0,0,0,0,9,2,0,15,0,0,0,1,0,0,0,0,42,25.0,0.0,5.0,12.0,36.0,0.0,0.0,6.0,33.0,0.0,0.0,0.0,0.0,0.0,0.0,0.0,0.0
112756518,432,0,opponent,45904.0,0,3,36,0,0,0,0,9,2,0,16,0,0,0,1,0,0,0,0,98,25.0,0.0,5.0,12.0,38.0,0.0,3.0,33.0,33.0,24.0,0.0,0.0,0.0,0.0,0.0,0.0,0.0
112756518,432,1,self,45902.0,0,3,36,0,0,0,0,9,2,0,16,0,0,0,1,0,0,0,0,98,25.0,0.0,5.0,12.0,38.0,0.0,3.0,33.0,33.0,24.0,0.0,0.0,0.0,0.0,0.0,0.0,0.0
112756518,455,0,opponent,53594.0,11,3,35,0,0,6,0,18,0,0,14,0,0,0,1,0,0,0,0,50,25.0,0.0,5.0,12.0,38.0,0.0,1.0,9.0,33.0,2.0,0.0,0.0,0.0,0.0,0.0,0.0,0.0
112756518,455,1,self,53592.0,11,3,35,0,0,6,0,18,0,0,14,0,0,0,1,0,0,0,0,50,25.0,0.0,5.0,12.0,38.0,0.0,1.0,9.0,33.0,2.0,0.0,0.0,0.0,0.0,0.0,0.0,0.0
112756518,479,0,opponent,63256.0,10,3,35,0,0,6,0,12,1,0,14,0,0,0,1,0,0,0,0,49,25.0,0.0,5.0,12.0,40.0,0.0,0.0,9.0,33.0,0.0,0.0,0.0,0.0,0.0,0.0,0.0,0.0
112756518,479,1,self,63250.0,10,3,35,0,0,6,0,12,1,0,14,0,0,0,1,0,0,0,0,49,25.0,0.0,5.0,12.0,40.0,0.0,0.0,9.0,33.0,0.0,0.0,0.0,0.0,0.0,0.0,0.0,0.0
112756518,480,0,opponent,63256.0,0,3,35,0,0,6,0,12,1,0,14,0,0,0,1,0,0,0,0,101,25.0,0.0,5.0,12.0,43.0,0.0,4.0,30.0,33.0,24.0,0.0,0.0,0.0,0.0,0.0,0.0,0.0
112756518,480,1,self,63250.0,0,3,35,0,0,6,0,12,1,0,14,0,0,0,1,0,0,0,0,101,25.0,0.0,5.0,12.0,43.0,0.0,4.0,30.0,33.0,24.0,0.0,0.0,0.0,0.0,0.0,0.0,0.0
112756518,503,0,opponent,72606.0,11,3,39,0,0,4,0,15,2,0,13,0,0,0,1,0,0,0,0,54,25.0,0.0,5.0,12.0,43.0,0.0,2.0,9.0,33.0,0.0,0.0,0.0,0.0,0.0,0.0,0.0,0.0
112756518,503,1,self,72591.0,11,3,39,0,0,4,0,15,2,0,13,0,0,0,1,0,0,0,0,54,25.0,0.0,5.0,12.0,43.0,0.0,2.0,9.0,33.0,0.0,0.0,0.0,0.0,0.0,0.0,0.0,0.0
112756518,527,0,opponent,81956.0,11,3,36,0,0,12,0,9,0,0,17,0,0,0,1,0,0,0,0,68,30.0,0.0,5.0,12.0,48.0,0.0,3.0,15.0,28.0,2.0,0.0,0.0,0.0,0.0,0.0,0.0,0.0
112756518,527,1,self,81956.0,11,3,36,0,0,12,0,9,0,0,17,0,0,0,1,0,0,0,0,68,30.0,0.0,5.0,12.0,48.0,0.0,3.0,15.0,28.0,2.0,0.0,0.0,0.0,0.0,0.0,0.0,0.0
112756518,551,0,opponent,89653.0,11,3,33,0,0,10,0,12,2,0,14,0,0,0,1,0,0,0,0,68,31.0,0.0,5.0,12.0,48.0,0.0,0.0,18.0,27.0,2.0,0.0,0.0,0.0,0.0,0.0,0.0,0.0
112756518,551,1,self,89675.0,11,3,33,0,0,10,0,12,2,0,14,0,0,0,1,0,0,0,0,68,31.0,0.0,5.0,12.0,48.0,0.0,0.0,18.0,27.0,2.0,0.0,0.0,0.0,0.0,0.0,0.0,0.0
112756518,575,0,opponent,98455.0,11,3,31,0,0,17,0,12,2,0,17,0,0,0,1,0,0,0,0,77,38.0,0.0,5.0,12.0,63.0,0.0,0.0,9.0,20.0,5.0,0.0,0.0,0.0,0.0,0.0,0.0,0.0
112756518,575,1,self,98470.0,11,3,31,0,0,17,0,12,2,0,17,0,0,0,1,0,0,0,0,77,38.0,0.0,5.0,12.0,63.0,0.0,0.0,9.0,20.0,5.0,0.0,0.0,0.0,0.0,0.0,0.0,0.0
112756518,576,0,opponent,98455.0,0,3,31,0,0,22,0,15,2,0,17,0,0,0,1,0,0,0,0,106,38.0,0.0,5.0,12.0,68.0,0.0,5.0,27.0,20.0,6.0,0.0,0.0,0.0,0.0,0.0,0.0,0.0
112756518,576,1,self,98470.0,0,3,31,0,0,22,0,15,2,0,17,0,0,0,1,0,0,0,0,106,38.0,0.0,5.0,12.0,68.0,0.0,5.0,27.0,20.0,6.0,0.0,0.0,0.0,0.0,0.0,0.0,0.0
112756518,599,0,opponent,104659.0,11,3,45,0,0,6,0,21,0,0,17,0,0,0,1,0,0,0,0,73,37.0,0.0,5.0,12.0,63.0,0.0,0.0,6.0,17.0,0.0,0.0,0.0,4.0,4.0,0.0,0.0,0.0
112756518,599,1,self,104385.0,11,3,45,0,0,7,0,21,0,0,17,0,0,0,1,0,0,0,0,73,37.0,0.0,5.0,12.0,63.0,0.0,0.0,6.0,17.0,0.0,0.0,0.0,4.0,4.0,0.0,0.0,0.0
112756518,623,0,opponent,111752.0,11,3,48,0,0,21,0,9,3,0,16,0,0,0,1,0,0,0,0,85,27.0,0.0,5.0,12.0,60.0,0.0,0.0,7.0,13.0,0.0,0.0,0.0,18.0,18.0,0.0,0.0,0.0
112756518,623,1,self,111631.0,11,3,48,0,0,21,0,9,3,0,16,0,0,0,1,0,0,0,0,85,27.0,0.0,5.0,12.0,60.0,0.0,0.0,7.0,13.0,0.0,0.0,0.0,18.0,18.0,0.0,0.0,0.0
112756518,647,0,opponent,117111.0,11,3,57,0,0,0,0,10,4,0,18,0,0,0,1,0,0,0,0,87,16.0,0.0,5.0,12.0,44.0,0.0,0.0,12.0,13.0,0.0,0.0,0.0,29.0,31.0,0.0,0.0,0.0
112756518,647,1,self,117086.0,11,3,57,0,0,0,0,10,4,0,18,0,0,0,1,0,0,0,0,87,16.0,0.0,5.0,12.0,44.0,0.0,0.0,12.0,13.0,0.0,0.0,0.0,29.0,31.0,0.0,0.0,0.0
112756518,648,0,opponent,117111.0,0,3,57,0,0,0,0,10,4,0,19,0,0,0,1,0,0,0,0,137,16.0,0.0,5.0,12.0,48.0,0.0,2.0,26.0,13.0,26.0,0.0,0.0,29.0,35.0,0.0,0.0,0.0
112756518,648,1,self,117086.0,0,3,57,0,0,0,0,10,4,0,19,0,0,0,1,0,0,0,0,137,16.0,0.0,5.0,12.0,48.0,0.0,2.0,26.0,13.0,26.0,0.0,0.0,29.0,35.0,0.0,0.0,0.0
112756518,671,0,opponent,122667.0,11,3,36,15,0,20,0,11,2,0,6,0,0,0,1,0,0,0,0,86,18.0,0.0,5.0,12.0,39.0,0.0,0.0,9.0,4.0,0.0,0.0,0.0,26.0,38.0,0.0,0.0,0.0
112756518,671,1,self,122523.0,11,3,36,15,0,20,0,11,2,0,6,0,0,0,5,0,0,0,0,86,10.0,0.0,5.0,12.0,31.0,0.0,0.0,9.0,4.0,0.0,0.0,0.0,34.0,46.0,0.0,0.0,0.0
112756518,695,0,opponent,130996.0,11,3,51,34,0,0,0,10,3,0,8,0,0,0,1,0,0,0,0,51,10.0,0.0,5.0,12.0,12.0,0.0,0.0,9.0,0.0,0.0,0.0,0.0,13.0,30.0,0.0,0.0,0.0
112756518,695,1,self,130846.0,11,3,51,34,0,0,0,10,3,0,8,0,0,0,5,0,0,0,0,51,2.0,0.0,5.0,12.0,4.0,0.0,0.0,9.0,0.0,0.0,0.0,0.0,21.0,38.0,0.0,0.0,0.0
112756518,696,0,opponent,131357.0,0,3,44,37,0,0,0,10,0,0,6,0,0,0,1,0,0,0,0,62,9.0,0.0,5.0,12.0,11.0,0.0,2.0,22.0,0.0,0.0,0.0,0.0,12.0,27.0,0.0,0.0,0.0
112756518,696,1,self,131207.0,0,3,44,37,0,0,0,10,0,0,6,0,0,0,5,0,0,0,0,62,1.0,0.0,5.0,12.0,3.0,0.0,2.0,22.0,0.0,0.0,0.0,0.0,20.0,35.0,0.0,0.0,0.0
112756518,719,0,opponent,143573.0,11,3,0,0,0,0,0,0,0,0,0,0,0,0,1,0,0,0,0,1,0.0,0.0,5.0,12.0,0.0,0.0,0.0,1.0,0.0,0.0,0.0,0.0,0.0,0.0,0.0,0.0,0.0
112756518,719,1,self,143572.0,11,3,0,0,0,0,0,0,0,0,0,0,0,0,5,0,0,0,0,1,0.0,0.0,5.0,12.0,0.0,0.0,0.0,1.0,0.0,0.0,0.0,0.0,0.0,0.0,0.0,0.0,0.0
112757690,0,0,opponent,3000.0,0,1,0,0,0,0,0,0,0,0,0,0,0,0,0,0,0,0,0,0,0.0,0.0,0.0,0.0,0.0,0.0,0.0,0.0,0.0,0.0,0.0,0.0,0.0,0.0,0.0,0.0,0.0
112757690,0,1,self,3000.0,0,1,0,0,0,0,0,0,0,0,0,0,0,0,0,0,0,0,0,0,0.0,0.0,0.0,0.0,0.0,0.0,0.0,0.0,0.0,0.0,0.0,0.0,0.0,0.0,0.0,0.0,0.0
112757690,23,0,opponent,12.0,5,1,3,0,0,0,0,0,0,0,0,0,0,0,0,0,0,0,0,20,8.0,12.0,2.0,2.0,8.0,12.0,0.0,0.0,0.0,0.0,0.0,0.0,0.0,0.0,0.0,0.0,0.0
112757690,23,1,self,12.0,5,1,3,0,0,0,0,0,0,0,0,0,0,0,0,0,0,0,0,20,8.0,12.0,2.0,2.0,8.0,12.0,0.0,0.0,0.0,0.0,0.0,0.0,0.0,0.0,0.0,0.0,0.0
112757690,24,0,opponent,12.0,0,1,3,0,0,0,0,0,0,0,0,0,0,0,0,0,0,0,0,20,8.0,12.0,2.0,2.0,8.0,12.0,0.0,0.0,0.0,0.0,0.0,0.0,0.0,0.0,0.0,0.0,0.0
112757690,24,1,self,12.0,0,1,3,0,0,0,0,0,0,0,0,0,0,0,0,0,0,0,0,20,8.0,12.0,2.0,2.0,8.0,12.0,0.0,0.0,0.0,0.0,0.0,0.0,0.0,0.0,0.0,0.0,0.0
112757690,47,0,opponent,101.0,3,1,6,0,0,0,0,0,0,0,1,0,0,0,0,0,0,0,0,20,8.0,12.0,2.0,2.0,8.0,12.0,0.0,0.0,0.0,0.0,0.0,0.0,0.0,0.0,0.0,0.0,0.0
112757690,47,1,self,101.0,3,1,6,0,0,0,0,0,0,0,1,0,0,0,0,0,0,0,0,20,8.0,12.0,2.0,2.0,8.0,12.0,0.0,0.0,0.0,0.0,0.0,0.0,0.0,0.0,0.0,0.0,0.0
112757690,71,0,opponent,214.0,4,1,6,0,0,0,0,0,0,0,0,0,0,0,0,0,0,0,0,25,8.0,12.0,2.0,3.0,13.0,12.0,0.0,0.0,0.0,0.0,0.0,0.0,0.0,0.0,0.0,0.0,0.0
112757690,71,1,self,214.0,4,1,6,0,0,0,0,0,0,0,0,0,0,0,0,0,0,0,0,25,8.0,12.0,2.0,3.0,13.0,12.0,0.0,0.0,0.0,0.0,0.0,0.0,0.0,0.0,0.0,0.0,0.0
112757690,72,0,opponent,214.0,0,1,6,0,0,0,0,0,0,0,0,0,0,0,0,0,0,0,0,25,8.0,12.0,2.0,3.0,13.0,12.0,0.0,0.0,0.0,0.0,0.0,0.0,0.0,0.0,0.0,0.0,0.0
112757690,72,1,self,214.0,0,1,6,0,0,0,0,0,0,0,0,0,0,0,0,0,0,0,0,25,8.0,12.0,2.0,3.0,13.0,12.0,0.0,0.0,0.0,0.0,0.0,0.0,0.0,0.0,0.0,0.0,0.0
112757690,95,0,opponent,357.0,5,1,11,0,0,0,0,0,0,0,1,1,0,0,0,0,0,0,0,19,7.0,12.0,2.0,3.0,7.0,12.0,0.0,0.0,0.0,0.0,0.0,0.0,0.0,0.0,0.0,0.0,0.0
112757690,95,1,self,267.0,5,1,14,0,0,0,0,0,0,0,1,1,0,0,0,0,0,0,0,19,7.0,12.0,2.0,3.0,7.0,12.0,0.0,0.0,0.0,0.0,0.0,0.0,0.0,0.0,0.0,0.0,0.0
112757690,119,0,opponent,764.0,4,1,16,0,0,0,0,0,0,0,1,0,0,0,0,0,0,0,0,19,7.0,12.0,2.0,4.0,7.0,12.0,0.0,0.0,0.0,0.0,0.0,0.0,0.0,0.0,0.0,0.0,0.0
112757690,119,1,self,674.0,4,1,19,0,0,0,0,0,0,0,1,0,0,0,0,0,0,0,0,19,7.0,12.0,2.0,4.0,7.0,12.0,0.0,0.0,0.0,0.0,0.0,0.0,0.0,0.0,0.0,0.0,0.0
112757690,143,0,opponent,879.0,4,1,16,0,0,0,0,0,0,0,2,0,0,0,0,0,0,0,0,15,3.0,12.0,2.0,4.0,3.0,12.0,0.0,0.0,4.0,0.0,0.0,0.0,0.0,0.0,0.0,0.0,0.0
112757690,143,1,self,789.0,4,1,19,0,0,0,0,0,0,0,2,0,0,0,0,0,0,0,0,15,3.0,12.0,2.0,4.0,3.0,12.0,0.0,0.0,4.0,0.0,0.0,0.0,0.0,0.0,0.0,0.0,0.0
112757690,144,0,opponent,879.0,0,1,16,0,0,0,0,0,0,0,2,0,0,0,0,0,0,0,0,27,3.0,12.0,2.0,4.0,3.0,12.0,12.0,0.0,4.0,0.0,0.0,0.0,0.0,0.0,0.0,0.0,0.0
112757690,144,1,self,789.0,0,1,19,0,0,0,0,0,0,0,2,0,0,0,0,0,0,0,0,27,3.0,12.0,2.0,4.0,3.0,12.0,12.0,0.0,4.0,0.0,0.0,0.0,0.0,0.0,0.0,0.0,0.0
112757690,167,0,opponent,1203.0,8,2,8,0,0,0,0,0,0,0,2,0,0,0,0,0,0,0,0,29,5.0,12.0,4.0,4.0,5.0,24.0,0.0,0.0,12.0,0.0,0.0,0.0,0.0,0.0,0.0,0.0,0.0
112757690,167,1,self,1113.0,8,2,11,0,0,0,0,0,0,0,2,0,0,0,0,0,0,0,0,29,5.0,12.0,4.0,4.0,5.0,24.0,0.0,0.0,12.0,0.0,0.0,0.0,0.0,0.0,0.0,0.0,0.0
112757690,191,0,opponent,488.0,8,2,0,0,0,0,0,0,0,0,3,0,0,0,0,0,0,0,0,45,9.0,12.0,4.0,6.0,9.0,36.0,0.0,0.0,16.0,0.0,0.0,0.0,0.0,0.0,0.0,0.0,0.0
112757690,191,1,self,429.0,8,2,2,0,0,0,0,0,0,0,3,0,0,0,0,0,0,0,0,45,9.0,12.0,4.0,6.0,9.0,36.0,0.0,0.0,16.0,0.0,0.0,0.0,0.0,0.0,0.0,0.0,0.0
112757690,192,0,opponent,234.0,0,2,8,0,0,0,0,0,0,0,3,0,0,0,0,0,0,0,0,57,9.0,12.0,4.0,6.0,9.0,36.0,0.0,12.0,16.0,0.0,0.0,0.0,0.0,0.0,0.0,0.0,0.0
112757690,192,1,self,175.0,0,2,10,0,0,0,0,0,0,0,3,0,0,0,0,0,0,0,0,57,9.0,12.0,4.0,6.0,9.0,36.0,0.0,12.0,16.0,0.0,0.0,0.0,0.0,0.0,0.0,0.0,0.0
112757690,215,0,opponent,1787.0,9,2,15,0,0,0,0,0,0,0,3,0,0,0,0,0,0,0,0,53,5.0,12.0,6.0,6.0,5.0,48.0,0.0,0.0,20.0,0.0,0.0,0.0,0.0,0.0,0.0,0.0,0.0
112757690,215,1,self,1796.0,9,2,15,0,0,0,0,0,0,0,3,0,0,0,0,0,0,0,0,53,5.0,12.0,6.0,6.0,5.0,48.0,0.0,0.0,20.0,0.0,0.0,0.0,0.0,0.0,0.0,0.0,0.0
112757690,239,0,opponent,4099.0,9,2,9,0,0,0,0,0,0,0,1,0,0,0,0,0,0,0,0,63,5.0,12.0,7.0,6.0,5.0,58.0,0.0,0.0,20.0,0.0,0.0,0.0,0.0,0.0,0.0,0.0,0.0
112757690,239,1,self,4041.0,9,2,11,0,0,0,0,0,0,0,1,0,0,0,0,0,0,0,0,63,5.0,12.0,7.0,6.0,5.0,58.0,0.0,0.0,20.0,0.0,0.0,0.0,0.0,0.0,0.0,0.0,0.0
112757690,240,0,opponent,4099.0,0,2,9,0,0,0,0,0,0,0,1,0,0,0,0,0,0,0,0,76,5.0,12.0,7.0,6.0,5.0,60.0,0.0,11.0,20.0,0.0,0.0,0.0,0.0,0.0,0.0,0.0,0.0
112757690,240,1,self,4041.0,0,2,11,0,0,0,0,0,0,0,1,0,0,0,0,0,0,0,0,76,5.0,12.0,7.0,6.0,5.0,60.0,0.0,11.0,20.0,0.0,0.0,0.0,0.0,0.0,0.0,0.0,0.0
112757690,263,0,opponent,17361.0,11,2,0,0,0,0,12,0,0,0,12,0,0,0,0,0,0,0,0,12,12.0,0.0,10.0,6.0,12.0,0.0,0.0,0.0,20.0,0.0,0.0,0.0,0.0,0.0,0.0,0.0,0.0
112757690,263,1,self,17303.0,11,2,2,0,0,0,12,0,0,0,12,0,0,0,0,0,0,0,0,12,12.0,0.0,10.0,6.0,12.0,0.0,0.0,0.0,20.0,0.0,0.0,0.0,0.0,0.0,0.0,0.0,0.0
112757690,287,0,opponent,15943.0,11,3,12,0,0,0,0,0,0,0,16,0,0,0,0,0,0,0,0,22,20.0,0.0,11.0,6.0,22.0,0.0,0.0,0.0,33.0,0.0,0.0,0.0,0.0,0.0,0.0,0.0,0.0
112757690,287,1,self,15885.0,11,3,14,0,0,0,0,0,0,0,16,0,0,0,0,0,0,0,0,22,20.0,0.0,11.0,6.0,22.0,0.0,0.0,0.0,33.0,0.0,0.0,0.0,0.0,0.0,0.0,0.0,0.0
112757690,288,0,opponent,15756.0,0,3,17,0,0,0,0,0,0,0,17,0,0,0,0,0,0,0,0,51,20.0,0.0,11.0,6.0,22.0,0.0,20.0,9.0,33.0,0.0,0.0,0.0,0.0,0.0,0.0,0.0,0.0
112757690,288,1,self,15698.0,0,3,19,0,0,0,0,0,0,0,17,0,0,0,0,0,0,0,0,51,20.0,0.0,11.0,6.0,22.0,0.0,20.0,9.0,33.0,0.0,0.0,0.0,0.0,0.0,0.0,0.0,0.0
112757690,311,0,opponent,21383.0,9,3,15,0,0,0,0,0,4,0,18,0,0,0,0,0,0,0,0,30,24.0,0.0,11.0,6.0,27.0,0.0,0.0,3.0,33.0,0.0,0.0,0.0,0.0,0.0,0.0,0.0,0.0
112757690,311,1,self,21325.0,9,3,17,0,0,0,0,0,4,0,18,0,0,0,0,0,0,0,0,30,24.0,0.0,11.0,6.0,27.0,0.0,0.0,3.0,33.0,0.0,0.0,0.0,0.0,0.0,0.0,0.0,0.0
112757690,335,0,opponent,23589.0,10,3,30,0,0,0,0,0,0,0,22,0,0,0,0,0,0,0,0,33,24.0,0.0,11.0,6.0,33.0,0.0,0.0,0.0,33.0,0.0,0.0,0.0,0.0,0.0,0.0,0.0,0.0
112757690,335,1,self,23531.0,10,3,32,0,0,0,0,0,0,0,22,0,0,0,0,0,0,0,0,33,24.0,0.0,11.0,6.0,33.0,0.0,0.0,0.0,33.0,0.0,0.0,0.0,0.0,0.0,0.0,0.0,0.0
112757690,359,0,opponent,28749.0,10,3,34,0,0,0,0,0,1,0,18,0,0,0,0,0,0,0,0,35,24.0,0.0,11.0,6.0,35.0,0.0,0.0,0.0,33.0,0.0,0.0,0.0,0.0,0.0,0.0,0.0,0.0
112757690,359,1,self,28691.0,10,3,36,0,0,0,0,0,1,0,18,0,0,0,0,0,0,0,0,35,24.0,0.0,11.0,6.0,35.0,0.0,0.0,0.0,33.0,0.0,0.0,0.0,0.0,0.0,0.0,0.0,0.0
112757690,360,0,opponent,28482.0,0,3,34,0,0,0,0,0,1,0,22,0,0,0,0,0,0,0,0,83,24.0,0.0,11.0,6.0,38.0,0.0,22.0,15.0,33.0,8.0,0.0,0.0,0.0,0.0,0.0,0.0,0.0
112757690,360,1,self,28424.0,0,3,36,0,0,0,0,0,1,0,22,0,0,0,0,0,0,0,0,83,24.0,0.0,11.0,6.0,38.0,0.0,22.0,15.0,33.0,8.0,0.0,0.0,0.0,0.0,0.0,0.0,0.0
112757690,383,0,opponent,34571.0,11,3,35,0,0,8,0,9,4,0,16,0,0,0,0,0,0,0,0,38,25.0,0.0,11.0,6.0,38.0,0.0,0.0,0.0,33.0,0.0,0.0,0.0,0.0,0.0,0.0,0.0,0.0
112757690,383,1,self,34513.0,11,3,37,0,0,8,0,9,4,0,16,0,0,0,0,0,0,0,0,38,25.0,0.0,11.0,6.0,38.0,0.0,0.0,0.0,33.0,0.0,0.0,0.0,0.0,0.0,0.0,0.0,0.0
112757690,407,0,opponent,43798.0,11,3,36,0,0,0,0,6,9,0,20,0,0,0,0,0,0,0,0,40,25.0,0.0,11.0,6.0,37.0,0.0,0.0,3.0,33.0,0.0,0.0,0.0,0.0,0.0,0.0,0.0,0.0
112757690,407,1,self,43740.0,11,3,38,0,0,0,0,6,9,0,20,0,0,0,0,0,0,0,0,40,25.0,0.0,11.0,6.0,37.0,0.0,0.0,3.0,33.0,0.0,0.0,0.0,0.0,0.0,0.0,0.0,0.0
112757690,431,0,opponent,50983.0,11,3,42,0,0,0,0,9,8,0,18,0,0,0,0,0,0,0,0,39,25.0,0.0,11.0,6.0,39.0,0.0,0.0,0.0,33.0,0.0,0.0,0.0,0.0,0.0,0.0,0.0,0.0
112757690,431,1,self,51116.0,11,3,44,0,0,0,0,9,8,0,18,0,0,0,0,0,0,0,0,39,25.0,0.0,11.0,6.0,39.0,0.0,0.0,0.0,33.0,0.0,0.0,0.0,0.0,0.0,0.0,0.0,0.0
112757690,432,0,opponent,51650.0,0,3,42,0,0,0,0,9,2,0,19,0,0,0,0,0,0,0,0,94,25.0,0.0,11.0,6.0,41.0,0.0,20.0,9.0,33.0,24.0,0.0,0.0,0.0,0.0,0.0,0.0,0.0
112757690,432,1,self,51783.0,0,3,44,0,0,0,0,9,2,0,19,0,0,0,0,0,0,0,0,94,25.0,0.0,11.0,6.0,41.0,0.0,20.0,9.0,33.0,24.0,0.0,0.0,0.0,0.0,0.0,0.0,0.0
112757690,455,0,opponent,57575.0,12,3,44,0,0,0,0,9,16,0,19,0,0,0,0,0,0,0,0,41,25.0,0.0,11.0,6.0,41.0,0.0,0.0,0.0,33.0,0.0,0.0,0.0,0.0,0.0,0.0,0.0,0.0
112757690,455,1,self,57793.0,12,3,44,0,0,0,0,9,16,0,19,0,0,0,0,0,0,0,0,41,25.0,0.0,11.0,6.0,41.0,0.0,0.0,0.0,33.0,0.0,0.0,0.0,0.0,0.0,0.0,0.0,0.0
112757690,479,0,opponent,61845.0,11,3,45,0,0,6,0,6,8,0,26,0,0,0,0,0,0,0,0,47,25.0,0.0,11.0,6.0,43.0,0.0,4.0,0.0,33.0,0.0,0.0,0.0,0.0,0.0,0.0,0.0,0.0
112757690,479,1,self,62063.0,11,3,45,0,0,6,0,6,8,0,26,0,0,0,0,0,0,0,0,47,25.0,0.0,11.0,6.0,43.0,0.0,4.0,0.0,33.0,0.0,0.0,0.0,0.0,0.0,0.0,0.0,0.0
112757690,480,0,opponent,62277.0,0,3,45,0,0,0,0,6,12,0,26,0,0,0,0,0,0,0,0,88,25.0,0.0,11.0,6.0,43.0,0.0,12.0,9.0,33.0,24.0,0.0,0.0,0.0,0.0,0.0,0.0,0.0
112757690,480,1,self,62495.0,0,3,45,0,0,0,0,6,12,0,26,0,0,0,0,0,0,0,0,88,25.0,0.0,11.0,6.0,43.0,0.0,12.0,9.0,33.0,24.0,0.0,0.0,0.0,0.0,0.0,0.0,0.0
112757690,503,0,opponent,66220.0,12,3,28,0,0,0,0,9,8,0,16,0,0,0,0,0,0,0,0,49,25.0,0.0,11.0,6.0,45.0,0.0,4.0,0.0,33.0,0.0,0.0,0.0,0.0,0.0,0.0,0.0,0.0
112757690,503,1,self,66462.0,12,3,28,0,0,0,0,9,8,0,16,0,0,0,0,0,0,0,0,49,25.0,0.0,11.0,6.0,45.0,0.0,4.0,0.0,33.0,0.0,0.0,0.0,0.0,0.0,0.0,0.0,0.0
112757690,527,0,opponent,69000.0,11,3,36,0,0,11,0,9,3,0,17,0,0,0,0,0,0,0,0,64,30.0,0.0,11.0,6.0,47.0,0.0,15.0,0.0,28.0,2.0,0.0,0.0,0.0,0.0,0.0,0.0,0.0
112757690,527,1,self,69242.0,11,3,36,0,0,11,0,9,3,0,17,0,0,0,0,0,0,0,0,64,30.0,0.0,11.0,6.0,47.0,0.0,15.0,0.0,28.0,2.0,0.0,0.0,0.0,0.0,0.0,0.0,0.0
112757690,551,0,opponent,73147.0,12,3,29,0,0,13,0,6,11,0,17,0,0,0,0,0,0,0,0,53,31.0,0.0,11.0,6.0,49.0,0.0,4.0,0.0,27.0,0.0,0.0,0.0,0.0,0.0,0.0,0.0,0.0
112757690,551,1,self,73431.0,12,3,29,0,0,13,0,6,11,0,17,0,0,0,0,0,0,0,0,53,31.0,0.0,11.0,6.0,49.0,0.0,4.0,0.0,27.0,0.0,0.0,0.0,0.0,0.0,0.0,0.0,0.0
112757690,575,0,opponent,74917.0,12,3,40,0,0,20,0,9,11,0,16,0,0,0,0,0,0,0,0,67,38.0,0.0,11.0,6.0,66.0,0.0,0.0,0.0,20.0,1.0,0.0,0.0,0.0,0.0,0.0,0.0,0.0
112757690,575,1,self,75248.0,12,3,40,0,0,20,0,9,11,0,16,0,0,0,0,0,0,0,0,67,38.0,0.0,11.0,6.0,66.0,0.0,0.0,0.0,20.0,1.0,0.0,0.0,0.0,0.0,0.0,0.0,0.0
112757690,576,0,opponent,74388.0,0,3,43,0,0,18,0,9,7,0,23,0,0,0,0,0,0,0,0,98,38.0,0.0,11.0,6.0,66.0,0.0,16.0,9.0,20.0,7.0,0.0,0.0,0.0,0.0,0.0,0.0,0.0
112757690,576,1,self,74719.0,0,3,43,0,0,18,0,9,7,0,23,0,0,0,0,0,0,0,0,98,38.0,0.0,11.0,6.0,66.0,0.0,16.0,9.0,20.0,7.0,0.0,0.0,0.0,0.0,0.0,0.0,0.0
112757690,599,0,opponent,77673.0,12,3,48,0,0,5,0,9,14,0,17,0,0,0,0,0,0,0,0,68,41.0,0.0,11.0,6.0,66.0,0.0,0.0,0.0,17.0,2.0,0.0,0.0,0.0,0.0,0.0,0.0,0.0
112757690,599,1,self,78178.0,12,3,48,0,0,5,0,9,7,0,17,0,0,0,0,0,0,0,0,68,41.0,0.0,11.0,6.0,66.0,0.0,0.0,0.0,17.0,2.0,0.0,0.0,0.0,0.0,0.0,0.0,0.0
112757690,623,0,opponent,81165.0,12,3,61,0,0,13,0,9,2,0,16,0,0,0,0,0,0,0,0,78,31.0,0.0,11.0,6.0,59.0,0.0,0.0,0.0,13.0,5.0,0.0,0.0,14.0,14.0,0.0,0.0,0.0
112757690,623,1,self,81403.0,12,3,61,0,0,13,0,9,2,0,16,0,0,0,0,0,0,0,0,78,31.0,0.0,11.0,6.0,59.0,0.0,0.0,0.0,13.0,5.0,0.0,0.0,14.0,14.0,0.0,0.0,0.0
112757690,647,0,opponent,85000.0,11,3,64,0,0,0,0,6,5,0,17,0,0,0,0,0,0,0,0,83,19.0,0.0,11.0,6.0,54.0,0.0,0.0,3.0,13.0,0.0,0.0,0.0,26.0,26.0,0.0,0.0,0.0
112757690,647,1,self,85431.0,11,3,64,0,0,0,0,6,0,0,17,0,0,0,0,0,0,0,0,83,19.0,0.0,11.0,6.0,54.0,0.0,0.0,3.0,13.0,0.0,0.0,0.0,26.0,26.0,0.0,0.0,0.0
112757690,648,0,opponent,84669.0,0,3,72,0,0,0,0,9,5,0,14,0,0,0,0,0,0,0,0,130,19.0,0.0,11.0,6.0,58.0,0.0,11.0,9.0,13.0,26.0,0.0,0.0,26.0,26.0,0.0,0.0,0.0
112757690,648,1,self,84890.0,0,3,77,0,0,0,0,9,0,0,14,0,0,0,0,0,0,0,0,130,19.0,0.0,11.0,6.0,58.0,0.0,11.0,9.0,13.0,26.0,0.0,0.0,26.0,26.0,0.0,0.0,0.0
112757690,671,0,opponent,89856.0,11,3,60,1,0,20,0,3,10,0,6,0,0,0,0,0,0,0,0,79,17.0,0.0,11.0,6.0,39.0,0.0,0.0,3.0,4.0,0.0,0.0,0.0,27.0,37.0,0.0,0.0,0.0
112757690,671,1,self,90300.0,11,3,60,1,0,20,0,3,10,0,6,0,0,0,0,0,0,0,0,79,17.0,0.0,11.0,6.0,39.0,0.0,0.0,3.0,4.0,0.0,0.0,0.0,27.0,37.0,0.0,0.0,0.0
112757690,695,0,opponent,95173.0,11,3,48,30,0,0,0,1,0,0,8,0,0,0,0,0,0,0,0,45,9.0,0.0,11.0,6.0,11.0,0.0,0.0,3.0,0.0,0.0,0.0,0.0,14.0,31.0,0.0,0.0,0.0
112757690,695,1,self,96367.0,11,3,48,30,0,0,0,1,0,0,8,0,0,0,0,0,0,0,0,45,9.0,0.0,11.0,6.0,11.0,0.0,0.0,3.0,0.0,0.0,0.0,0.0,14.0,31.0,0.0,0.0,0.0
112757690,696,0,opponent,95550.0,0,3,41,33,0,0,0,1,0,0,6,0,0,0,0,0,0,0,0,58,8.0,0.0,11.0,6.0,8.0,0.0,9.0,12.0,0.0,0.0,0.0,0.0,13.0,29.0,0.0,0.0,0.0
112757690,696,1,self,96744.0,0,3,41,33,0,0,0,1,0,0,6,0,0,0,0,0,0,0,0,58,8.0,0.0,11.0,6.0,8.0,0.0,9.0,12.0,0.0,0.0,0.0,0.0,13.0,29.0,0.0,0.0,0.0
112757690,719,0,opponent,103280.0,11,3,0,0,0,0,0,0,0,0,0,0,0,0,0,0,0,0,0,0,0.0,0.0,11.0,6.0,0.0,0.0,0.0,0.0,0.0,0.0,0.0,0.0,0.0,0.0,0.0,0.0,0.0
112757690,719,1,self,104476.0,11,3,0,0,0,0,0,0,0,0,0,0,0,0,0,0,0,0,0,0,0.0,0.0,11.0,6.0,0.0,0.0,0.0,0.0,0.0,0.0,0.0,0.0,0.0,0.0,0.0,0.0,0.0
112758841,0,0,self,3000.0,0,1,0,0,0,0,0,0,0,0,0,0,0,0,0,0,0,0,0,0,0.0,0.0,0.0,0.0,0.0,0.0,0.0,0.0,0.0,0.0,0.0,0.0,0.0,0.0,0.0,0.0,0.0
112758841,0,1,opponent,3000.0,0,1,0,0,0,0,0,0,0,0,0,0,0,0,0,0,0,0,0,0,0.0,0.0,0.0,0.0,0.0,0.0,0.0,0.0,0.0,0.0,0.0,0.0,0.0,0.0,0.0,0.0,0.0
112758841,23,0,self,16.0,5,1,3,0,0,0,0,0,0,0,0,0,0,0,0,0,0,0,0,20,8.0,12.0,2.0,2.0,8.0,12.0,0.0,0.0,0.0,0.0,0.0,0.0,0.0,0.0,0.0,0.0,0.0
112758841,23,1,opponent,8.0,5,1,3,0,0,0,0,0,0,0,0,0,0,0,0,0,0,0,0,20,8.0,12.0,2.0,2.0,8.0,12.0,0.0,0.0,0.0,0.0,0.0,0.0,0.0,0.0,0.0,0.0,0.0
112758841,24,0,self,16.0,0,1,3,0,0,0,0,0,0,0,0,0,0,0,0,0,0,0,0,20,8.0,12.0,2.0,2.0,8.0,12.0,0.0,0.0,0.0,0.0,0.0,0.0,0.0,0.0,0.0,0.0,0.0
112758841,24,1,opponent,8.0,0,1,3,0,0,0,0,0,0,0,0,0,0,0,0,0,0,0,0,20,8.0,12.0,2.0,2.0,8.0,12.0,0.0,0.0,0.0,0.0,0.0,0.0,0.0,0.0,0.0,0.0,0.0
112758841,47,0,self,105.0,3,1,6,0,0,0,0,0,0,0,1,0,0,0,0,0,0,0,0,20,8.0,12.0,2.0,2.0,8.0,12.0,0.0,0.0,0.0,0.0,0.0,0.0,0.0,0.0,0.0,0.0,0.0
112758841,47,1,opponent,97.0,3,1,6,0,0,0,0,0,0,0,1,0,0,0,0,0,0,0,0,20,8.0,12.0,2.0,2.0,8.0,12.0,0.0,0.0,0.0,0.0,0.0,0.0,0.0,0.0,0.0,0.0,0.0
112758841,71,0,self,218.0,4,1,6,0,0,0,0,0,0,0,0,0,0,0,0,0,0,0,0,25,8.0,12.0,2.0,3.0,13.0,12.0,0.0,0.0,0.0,0.0,0.0,0.0,0.0,0.0,0.0,0.0,0.0
112758841,71,1,opponent,210.0,4,1,6,0,0,0,0,0,0,0,0,0,0,0,0,0,0,0,0,25,8.0,12.0,2.0,3.0,13.0,12.0,0.0,0.0,0.0,0.0,0.0,0.0,0.0,0.0,0.0,0.0,0.0
112758841,72,0,self,218.0,0,1,6,0,0,0,0,0,0,0,0,0,0,0,0,0,0,0,0,25,8.0,12.0,2.0,3.0,13.0,12.0,0.0,0.0,0.0,0.0,0.0,0.0,0.0,0.0,0.0,0.0,0.0
112758841,72,1,opponent,210.0,0,1,6,0,0,0,0,0,0,0,0,0,0,0,0,0,0,0,0,25,8.0,12.0,2.0,3.0,13.0,12.0,0.0,0.0,0.0,0.0,0.0,0.0,0.0,0.0,0.0,0.0,0.0
112758841,95,0,self,271.0,5,1,14,0,0,0,0,0,0,0,1,1,0,0,0,0,0,0,0,19,7.0,12.0,2.0,3.0,7.0,12.0,0.0,0.0,0.0,0.0,0.0,0.0,0.0,0.0,0.0,0.0,0.0
112758841,95,1,opponent,353.0,5,1,11,0,0,0,0,0,0,0,1,1,0,0,0,0,0,0,0,19,7.0,12.0,2.0,3.0,7.0,12.0,0.0,0.0,0.0,0.0,0.0,0.0,0.0,0.0,0.0,0.0,0.0
112758841,119,0,self,678.0,4,1,19,0,0,0,0,0,0,0,1,0,0,0,0,0,0,0,0,19,7.0,12.0,2.0,4.0,7.0,12.0,0.0,0.0,0.0,0.0,0.0,0.0,0.0,0.0,0.0,0.0,0.0
112758841,119,1,opponent,760.0,4,1,16,0,0,0,0,0,0,0,1,0,0,0,0,0,0,0,0,19,7.0,12.0,2.0,4.0,7.0,12.0,0.0,0.0,0.0,0.0,0.0,0.0,0.0,0.0,0.0,0.0,0.0
112758841,143,0,self,793.0,4,1,19,0,0,0,0,0,0,0,2,0,0,0,0,0,0,0,0,15,3.0,12.0,2.0,4.0,3.0,12.0,0.0,0.0,4.0,0.0,0.0,0.0,0.0,0.0,0.0,0.0,0.0
112758841,143,1,opponent,875.0,4,1,16,0,0,0,0,0,0,0,2,0,0,0,0,0,0,0,0,15,3.0,12.0,2.0,4.0,3.0,12.0,0.0,0.0,4.0,0.0,0.0,0.0,0.0,0.0,0.0,0.0,0.0
112758841,144,0,self,793.0,0,1,19,0,0,0,0,0,0,0,2,0,0,0,0,0,0,0,0,27,3.0,12.0,2.0,4.0,3.0,12.0,12.0,0.0,4.0,0.0,0.0,0.0,0.0,0.0,0.0,0.0,0.0
112758841,144,1,opponent,875.0,0,1,16,0,0,0,0,0,0,0,2,0,0,0,0,0,0,0,0,27,3.0,12.0,2.0,4.0,3.0,12.0,12.0,0.0,4.0,0.0,0.0,0.0,0.0,0.0,0.0,0.0,0.0
112758841,167,0,self,1117.0,8,2,11,0,0,0,0,0,0,0,2,0,0,0,0,0,0,0,0,29,5.0,12.0,4.0,4.0,5.0,24.0,0.0,0.0,12.0,0.0,0.0,0.0,0.0,0.0,0.0,0.0,0.0
112758841,167,1,opponent,1199.0,8,2,8,0,0,0,0,0,0,0,2,0,0,0,0,0,0,0,0,29,5.0,12.0,4.0,4.0,5.0,24.0,0.0,0.0,12.0,0.0,0.0,0.0,0.0,0.0,0.0,0.0,0.0
112758841,191,0,self,433.0,8,2,2,0,0,0,0,0,0,0,3,0,0,0,0,0,0,0,0,45,9.0,12.0,4.0,6.0,9.0,36.0,0.0,0.0,16.0,0.0,0.0,0.0,0.0,0.0,0.0,0.0,0.0
112758841,191,1,opponent,484.0,8,2,0,0,0,0,0,0,0,0,3,0,0,0,0,0,0,0,0,45,9.0,12.0,4.0,6.0,9.0,36.0,0.0,0.0,16.0,0.0,0.0,0.0,0.0,0.0,0.0,0.0,0.0
112758841,192,0,self,179.0,0,2,10,0,0,0,0,0,0,0,3,0,0,0,0,0,0,0,0,57,9.0,12.0,4.0,6.0,9.0,36.0,0.0,12.0,16.0,0.0,0.0,0.0,0.0,0.0,0.0,0.0,0.0
112758841,192,1,opponent,230.0,0,2,8,0,0,0,0,0,0,0,3,0,0,0,0,0,0,0,0,57,9.0,12.0,4.0,6.0,9.0,36.0,0.0,12.0,16.0,0.0,0.0,0.0,0.0,0.0,0.0,0.0,0.0
112758841,215,0,self,1231.0,9,2,15,0,0,0,0,0,0,0,3,0,0,0,0,0,0,0,0,53,5.0,12.0,6.0,6.0,5.0,48.0,0.0,0.0,20.0,0.0,0.0,0.0,0.0,0.0,0.0,0.0,0.0
112758841,215,1,opponent,1214.0,9,2,15,0,0,0,0,0,0,0,3,0,0,0,0,0,0,0,0,53,5.0,12.0,6.0,6.0,5.0,48.0,0.0,0.0,20.0,0.0,0.0,0.0,0.0,0.0,0.0,0.0,0.0
112758841,239,0,self,3476.0,9,2,11,0,0,0,0,0,0,0,1,0,0,0,0,0,0,0,0,63,5.0,12.0,7.0,6.0,5.0,58.0,0.0,0.0,20.0,0.0,0.0,0.0,0.0,0.0,0.0,0.0,0.0
112758841,239,1,opponent,3526.0,9,2,9,0,0,0,0,0,0,0,1,0,0,0,0,0,0,0,0,63,5.0,12.0,7.0,6.0,5.0,58.0,0.0,0.0,20.0,0.0,0.0,0.0,0.0,0.0,0.0,0.0,0.0
112758841,240,0,self,3476.0,0,2,11,0,0,0,0,0,0,0,1,0,0,0,0,0,0,0,0,76,5.0,12.0,7.0,6.0,5.0,60.0,0.0,11.0,20.0,0.0,0.0,0.0,0.0,0.0,0.0,0.0,0.0
112758841,240,1,opponent,3526.0,0,2,9,0,0,0,0,0,0,0,1,0,0,0,0,0,0,0,0,76,5.0,12.0,7.0,6.0,5.0,60.0,0.0,11.0,20.0,0.0,0.0,0.0,0.0,0.0,0.0,0.0,0.0
112758841,263,0,self,15662.0,11,2,2,0,0,0,12,0,0,0,12,0,0,0,0,0,0,0,0,12,12.0,0.0,10.0,6.0,12.0,0.0,0.0,0.0,20.0,0.0,0.0,0.0,0.0,0.0,0.0,0.0,0.0
112758841,263,1,opponent,15712.0,11,2,0,0,0,0,12,0,0,0,12,0,0,0,0,0,0,0,0,12,12.0,0.0,10.0,6.0,12.0,0.0,0.0,0.0,20.0,0.0,0.0,0.0,0.0,0.0,0.0,0.0,0.0
112758841,287,0,self,13491.0,11,3,14,0,0,0,0,0,0,0,16,0,0,0,0,0,0,0,0,22,20.0,0.0,11.0,6.0,22.0,0.0,0.0,0.0,33.0,0.0,0.0,0.0,0.0,0.0,0.0,0.0,0.0
112758841,287,1,opponent,13542.0,11,3,12,0,0,0,0,0,0,0,16,0,0,0,0,0,0,0,0,22,20.0,0.0,11.0,6.0,22.0,0.0,0.0,0.0,33.0,0.0,0.0,0.0,0.0,0.0,0.0,0.0,0.0
112758841,288,0,self,13304.0,0,3,19,0,0,0,0,0,0,0,17,0,0,0,0,0,0,0,0,51,20.0,0.0,11.0,6.0,22.0,0.0,20.0,9.0,33.0,0.0,0.0,0.0,0.0,0.0,0.0,0.0,0.0
112758841,288,1,opponent,13355.0,0,3,17,0,0,0,0,0,0,0,17,0,0,0,0,0,0,0,0,51,20.0,0.0,11.0,6.0,22.0,0.0,20.0,9.0,33.0,0.0,0.0,0.0,0.0,0.0,0.0,0.0,0.0
112758841,311,0,self,17900.0,9,3,17,0,0,0,0,3,4,0,18,0,0,0,0,0,0,0,0,30,24.0,0.0,11.0,6.0,27.0,0.0,0.0,3.0,33.0,0.0,0.0,0.0,0.0,0.0,0.0,0.0,0.0
112758841,311,1,opponent,18143.0,9,3,15,0,0,0,0,0,4,0,18,0,0,0,0,0,0,0,0,30,24.0,0.0,11.0,6.0,27.0,0.0,0.0,3.0,33.0,0.0,0.0,0.0,0.0,0.0,0.0,0.0,0.0
112758841,335,0,self,19327.0,10,3,32,0,0,0,0,0,0,0,22,0,0,0,0,0,0,0,0,33,24.0,0.0,11.0,6.0,33.0,0.0,0.0,0.0,33.0,0.0,0.0,0.0,0.0,0.0,0.0,0.0,0.0
112758841,335,1,opponent,19373.0,10,3,30,0,0,0,0,0,0,0,22,0,0,0,0,0,0,0,0,33,24.0,0.0,11.0,6.0,33.0,0.0,0.0,0.0,33.0,0.0,0.0,0.0,0.0,0.0,0.0,0.0,0.0
112758841,359,0,self,22789.0,10,3,38,0,0,0,0,3,1,0,18,0,0,0,0,0,0,0,0,35,24.0,0.0,11.0,6.0,35.0,0.0,0.0,0.0,33.0,0.0,0.0,0.0,0.0,0.0,0.0,0.0,0.0
112758841,359,1,opponent,22835.0,10,3,36,0,0,0,0,3,1,0,18,0,0,0,0,0,0,0,0,35,24.0,0.0,11.0,6.0,35.0,0.0,0.0,0.0,33.0,0.0,0.0,0.0,0.0,0.0,0.0,0.0,0.0
112758841,360,0,self,22522.0,0,3,38,0,0,0,0,3,1,0,22,0,0,0,0,0,0,0,0,83,24.0,0.0,11.0,6.0,38.0,0.0,22.0,15.0,33.0,8.0,0.0,0.0,0.0,0.0,0.0,0.0,0.0
112758841,360,1,opponent,22568.0,0,3,36,0,0,0,0,3,1,0,22,0,0,0,0,0,0,0,0,83,24.0,0.0,11.0,6.0,38.0,0.0,22.0,15.0,33.0,8.0,0.0,0.0,0.0,0.0,0.0,0.0,0.0
112758841,383,0,self,27489.0,11,3,39,0,0,8,0,9,4,0,16,0,0,0,0,0,0,0,0,38,25.0,0.0,11.0,6.0,38.0,0.0,0.0,0.0,33.0,0.0,0.0,0.0,0.0,0.0,0.0,0.0,0.0
112758841,383,1,opponent,27547.0,11,3,37,0,0,8,0,9,4,0,16,0,0,0,0,0,0,0,0,38,25.0,0.0,11.0,6.0,38.0,0.0,0.0,0.0,33.0,0.0,0.0,0.0,0.0,0.0,0.0,0.0,0.0
112758841,407,0,self,35111.0,11,3,44,0,0,0,0,5,9,0,20,0,0,0,0,0,0,0,0,39,25.0,0.0,11.0,6.0,37.0,0.0,0.0,2.0,33.0,0.0,0.0,0.0,0.0,0.0,0.0,0.0,0.0
112758841,407,1,opponent,35169.0,11,3,42,0,0,0,0,5,9,0,20,0,0,0,0,0,0,0,0,39,25.0,0.0,11.0,6.0,37.0,0.0,0.0,2.0,33.0,0.0,0.0,0.0,0.0,0.0,0.0,0.0,0.0
112758841,431,0,self,40701.0,11,3,51,0,0,0,0,7,8,0,18,0,0,0,0,0,0,0,0,39,25.0,0.0,11.0,6.0,39.0,0.0,0.0,0.0,33.0,0.0,0.0,0.0,0.0,0.0,0.0,0.0,0.0
112758841,431,1,opponent,40752.0,11,3,50,0,0,0,0,7,8,0,18,0,0,0,0,0,0,0,0,39,25.0,0.0,11.0,6.0,39.0,0.0,0.0,0.0,33.0,0.0,0.0,0.0,0.0,0.0,0.0,0.0,0.0
112758841,432,0,self,41368.0,0,3,51,0,0,0,0,7,2,0,19,0,0,0,0,0,0,0,0,91,25.0,0.0,11.0,6.0,41.0,0.0,20.0,6.0,33.0,24.0,0.0,0.0,0.0,0.0,0.0,0.0,0.0
112758841,432,1,opponent,41419.0,0,3,50,0,0,0,0,7,2,0,19,0,0,0,0,0,0,0,0,91,25.0,0.0,11.0,6.0,41.0,0.0,20.0,6.0,33.0,24.0,0.0,0.0,0.0,0.0,0.0,0.0,0.0
112758841,455,0,self,45896.0,12,3,47,0,0,0,0,6,16,0,19,0,0,0,0,0,0,0,0,41,25.0,0.0,11.0,6.0,41.0,0.0,0.0,0.0,33.0,0.0,0.0,0.0,0.0,0.0,0.0,0.0,0.0
112758841,455,1,opponent,46008.0,12,3,47,0,0,0,0,6,16,0,19,0,0,0,0,0,0,0,0,41,25.0,0.0,11.0,6.0,41.0,0.0,0.0,0.0,33.0,0.0,0.0,0.0,0.0,0.0,0.0,0.0,0.0
112758841,479,0,self,47336.0,11,3,49,0,0,6,0,4,8,0,26,0,0,0,0,0,0,0,0,47,25.0,0.0,11.0,6.0,43.0,0.0,4.0,0.0,33.0,0.0,0.0,0.0,0.0,0.0,0.0,0.0,0.0
112758841,479,1,opponent,47448.0,11,3,49,0,0,6,0,4,8,0,26,0,0,0,0,0,0,0,0,47,25.0,0.0,11.0,6.0,43.0,0.0,4.0,0.0,33.0,0.0,0.0,0.0,0.0,0.0,0.0,0.0,0.0
112758841,480,0,self,47699.0,0,3,49,0,0,0,0,4,12,0,26,0,0,0,0,0,0,0,0,85,25.0,0.0,11.0,6.0,43.0,0.0,12.0,6.0,33.0,24.0,0.0,0.0,0.0,0.0,0.0,0.0,0.0
112758841,480,1,opponent,47811.0,0,3,49,0,0,0,0,4,12,0,26,0,0,0,0,0,0,0,0,85,25.0,0.0,11.0,6.0,43.0,0.0,12.0,6.0,33.0,24.0,0.0,0.0,0.0,0.0,0.0,0.0,0.0
112758841,503,0,self,49724.0,12,3,31,0,0,0,0,6,8,0,16,0,0,0,0,0,0,0,0,49,25.0,0.0,11.0,6.0,45.0,0.0,4.0,0.0,33.0,0.0,0.0,0.0,0.0,0.0,0.0,0.0,0.0
112758841,503,1,opponent,49836.0,12,3,31,0,0,0,0,6,8,0,16,0,0,0,0,0,0,0,0,49,25.0,0.0,11.0,6.0,45.0,0.0,4.0,0.0,33.0,0.0,0.0,0.0,0.0,0.0,0.0,0.0,0.0
112758841,527,0,self,50295.0,11,3,42,0,0,11,0,6,3,0,17,0,0,0,0,0,0,0,0,64,30.0,0.0,11.0,6.0,47.0,0.0,15.0,0.0,28.0,2.0,0.0,0.0,0.0,0.0,0.0,0.0,0.0
112758841,527,1,opponent,50407.0,11,3,42,0,0,11,0,6,3,0,17,0,0,0,0,0,0,0,0,64,30.0,0.0,11.0,6.0,47.0,0.0,15.0,0.0,28.0,2.0,0.0,0.0,0.0,0.0,0.0,0.0,0.0
112758841,551,0,self,51847.0,12,3,32,0,0,13,0,4,11,0,17,0,0,0,0,0,0,0,0,53,31.0,0.0,11.0,6.0,49.0,0.0,4.0,0.0,27.0,0.0,0.0,0.0,0.0,0.0,0.0,0.0,0.0
112758841,551,1,opponent,51959.0,12,3,32,0,0,13,0,4,11,0,17,0,0,0,0,0,0,0,0,53,31.0,0.0,11.0,6.0,49.0,0.0,4.0,0.0,27.0,0.0,0.0,0.0,0.0,0.0,0.0,0.0,0.0
112758841,575,0,self,52159.0,12,3,43,0,0,20,0,6,11,0,16,0,0,0,0,0,0,0,0,67,38.0,0.0,11.0,6.0,66.0,0.0,0.0,0.0,20.0,1.0,0.0,0.0,0.0,0.0,0.0,0.0,0.0
112758841,575,1,opponent,52920.0,12,3,43,0,0,20,0,6,11,0,16,0,0,0,0,0,0,0,0,67,38.0,0.0,11.0,6.0,66.0,0.0,0.0,0.0,20.0,1.0,0.0,0.0,0.0,0.0,0.0,0.0,0.0
112758841,576,0,self,51641.0,0,3,46,0,0,18,0,6,7,0,23,0,0,0,0,0,0,0,0,96,38.0,0.0,11.0,6.0,66.0,0.0,16.0,7.0,20.0,7.0,0.0,0.0,0.0,0.0,0.0,0.0,0.0
112758841,576,1,opponent,52402.0,0,3,46,0,0,18,0,6,7,0,23,0,0,0,0,0,0,0,0,96,38.0,0.0,11.0,6.0,66.0,0.0,16.0,7.0,20.0,7.0,0.0,0.0,0.0,0.0,0.0,0.0,0.0
112758841,599,0,self,53391.0,12,3,43,0,0,5,0,7,7,0,17,0,0,0,0,8,0,0,0,68,36.0,0.0,11.0,6.0,61.0,0.0,0.0,0.0,17.0,2.0,0.0,0.0,5.0,5.0,0.0,0.0,0.0
112758841,599,1,opponent,54362.0,12,3,43,0,0,5,0,7,7,0,17,0,0,0,0,0,0,0,0,68,41.0,0.0,11.0,6.0,66.0,0.0,0.0,0.0,17.0,2.0,0.0,0.0,0.0,0.0,0.0,0.0,0.0
112758841,623,0,self,55244.0,12,3,60,0,0,13,0,9,1,0,16,0,0,0,0,8,0,0,0,79,26.0,0.0,11.0,6.0,55.0,0.0,0.0,0.0,13.0,5.0,0.0,0.0,19.0,19.0,0.0,0.0,0.0
112758841,623,1,opponent,56548.0,12,3,60,0,0,13,0,9,1,0,16,0,0,0,0,0,0,0,0,78,31.0,0.0,11.0,6.0,59.0,0.0,0.0,0.0,13.0,5.0,0.0,0.0,14.0,14.0,0.0,0.0,0.0
112758841,647,0,self,57623.0,12,3,67,0,0,0,0,6,0,0,17,0,0,0,0,8,0,0,0,85,14.0,0.0,11.0,6.0,45.0,0.0,0.0,3.0,13.0,0.0,0.0,0.0,31.0,37.0,0.0,0.0,0.0
112758841,647,1,opponent,59301.0,11,3,62,0,0,0,0,6,0,0,17,0,0,0,0,2,0,0,0,83,19.0,0.0,11.0,6.0,54.0,0.0,0.0,3.0,13.0,0.0,0.0,0.0,26.0,26.0,0.0,0.0,0.0
112758841,648,0,self,57312.0,0,3,75,0,0,0,0,9,0,0,16,0,0,0,0,8,0,0,0,141,14.0,0.0,11.0,6.0,49.0,0.0,20.0,9.0,13.0,26.0,0.0,0.0,31.0,37.0,0.0,0.0,0.0
112758841,648,1,opponent,58795.0,0,3,75,0,0,0,0,9,0,0,16,0,0,0,0,2,0,0,0,139,19.0,0.0,11.0,6.0,58.0,0.0,20.0,9.0,13.0,26.0,0.0,0.0,26.0,26.0,0.0,0.0,0.0
112758841,671,0,self,60868.0,11,3,46,15,0,20,0,3,16,0,8,0,0,0,4,0,0,0,0,82,8.0,0.0,11.0,6.0,28.0,0.0,0.0,3.0,4.0,0.0,0.0,0.0,36.0,51.0,0.0,0.0,0.0
112758841,671,1,opponent,62262.0,12,3,58,1,0,20,0,3,16,0,8,0,0,0,1,0,0,0,0,80,12.0,0.0,11.0,6.0,35.0,0.0,0.0,3.0,4.0,0.0,0.0,0.0,32.0,42.0,0.0,0.0,0.0
112758841,695,0,self,65929.0,12,3,40,32,0,0,0,1,0,0,8,0,0,0,4,0,0,0,0,48,1.0,0.0,11.0,6.0,5.0,0.0,0.0,3.0,0.0,0.0,0.0,0.0,22.0,40.0,0.0,0.0,0.0
112758841,695,1,opponent,66450.0,11,3,48,32,0,0,0,1,0,0,8,0,0,0,1,0,0,0,0,48,4.0,0.0,11.0,6.0,6.0,0.0,0.0,3.0,0.0,0.0,0.0,0.0,19.0,39.0,0.0,0.0,0.0
112758841,696,0,self,66106.0,0,3,40,35,0,0,0,1,0,0,6,0,0,0,4,0,0,0,0,61,0.0,0.0,11.0,6.0,0.0,0.0,11.0,12.0,0.0,0.0,0.0,0.0,21.0,38.0,0.0,0.0,0.0
112758841,696,1,opponent,66759.0,0,3,42,35,0,0,0,1,0,0,6,0,0,0,1,0,0,0,0,63,3.0,0.0,11.0,6.0,3.0,0.0,11.0,12.0,0.0,0.0,0.0,0.0,18.0,37.0,0.0,0.0,0.0
112758841,719,0,self,73805.0,11,3,0,0,0,0,0,0,0,0,0,0,0,0,4,0,0,0,0,0,0.0,0.0,11.0,6.0,0.0,0.0,0.0,0.0,0.0,0.0,0.0,0.0,0.0,0.0,0.0,0.0,0.0
112758841,719,1,opponent,74206.0,11,3,0,0,0,0,0,0,0,0,0,0,0,0,1,0,0,0,0,0,0.0,0.0,11.0,6.0,0.0,0.0,0.0,0.0,0.0,0.0,0.0,0.0,0.0,0.0,0.0,0.0,0.0
112759854,0,0,self,3000.0,0,1,0,0,0,0,0,0,0,0,0,0,0,0,0,0,0,0,0,0,0.0,0.0,0.0,0.0,0.0,0.0,0.0,0.0,0.0,0.0,0.0,0.0,0.0,0.0,0.0,0.0,0.0
112759854,0,1,opponent,3000.0,0,1,0,0,0,0,0,0,0,0,0,0,0,0,0,0,0,0,0,0,0.0,0.0,0.0,0.0,0.0,0.0,0.0,0.0,0.0,0.0,0.0,0.0,0.0,0.0,0.0,0.0,0.0
112759854,23,0,self,16.0,5,1,3,0,0,0,0,0,0,0,0,0,0,0,0,0,0,0,0,20,8.0,12.0,2.0,2.0,8.0,12.0,0.0,0.0,0.0,0.0,0.0,0.0,0.0,0.0,0.0,0.0,0.0
112759854,23,1,opponent,8.0,5,1,3,0,0,0,0,0,0,0,0,0,0,0,0,0,0,0,0,20,8.0,12.0,2.0,2.0,8.0,12.0,0.0,0.0,0.0,0.0,0.0,0.0,0.0,0.0,0.0,0.0,0.0
112759854,24,0,self,16.0,0,1,3,0,0,0,0,0,0,0,0,0,0,0,0,0,0,0,0,20,8.0,12.0,2.0,2.0,8.0,12.0,0.0,0.0,0.0,0.0,0.0,0.0,0.0,0.0,0.0,0.0,0.0
112759854,24,1,opponent,8.0,0,1,3,0,0,0,0,0,0,0,0,0,0,0,0,0,0,0,0,20,8.0,12.0,2.0,2.0,8.0,12.0,0.0,0.0,0.0,0.0,0.0,0.0,0.0,0.0,0.0,0.0,0.0
112759854,47,0,self,105.0,3,1,6,0,0,0,0,0,0,0,1,0,0,0,0,0,0,0,0,20,8.0,12.0,2.0,2.0,8.0,12.0,0.0,0.0,0.0,0.0,0.0,0.0,0.0,0.0,0.0,0.0,0.0
112759854,47,1,opponent,97.0,3,1,6,0,0,0,0,0,0,0,1,0,0,0,0,0,0,0,0,20,8.0,12.0,2.0,2.0,8.0,12.0,0.0,0.0,0.0,0.0,0.0,0.0,0.0,0.0,0.0,0.0,0.0
112759854,71,0,self,218.0,4,1,6,0,0,0,0,0,0,0,0,0,0,0,0,0,0,0,0,25,8.0,12.0,2.0,3.0,13.0,12.0,0.0,0.0,0.0,0.0,0.0,0.0,0.0,0.0,0.0,0.0,0.0
112759854,71,1,opponent,210.0,4,1,6,0,0,0,0,0,0,0,0,0,0,0,0,0,0,0,0,25,8.0,12.0,2.0,3.0,13.0,12.0,0.0,0.0,0.0,0.0,0.0,0.0,0.0,0.0,0.0,0.0,0.0
112759854,72,0,self,218.0,0,1,6,0,0,0,0,0,0,0,0,0,0,0,0,0,0,0,0,25,8.0,12.0,2.0,3.0,13.0,12.0,0.0,0.0,0.0,0.0,0.0,0.0,0.0,0.0,0.0,0.0,0.0
112759854,72,1,opponent,210.0,0,1,6,0,0,0,0,0,0,0,0,0,0,0,0,0,0,0,0,25,8.0,12.0,2.0,3.0,13.0,12.0,0.0,0.0,0.0,0.0,0.0,0.0,0.0,0.0,0.0,0.0,0.0
112759854,95,0,self,269.0,5,1,14,0,0,0,0,0,0,0,1,1,0,0,0,0,0,0,0,19,7.0,12.0,2.0,3.0,7.0,12.0,0.0,0.0,0.0,0.0,0.0,0.0,0.0,0.0,0.0,0.0,0.0
112759854,95,1,opponent,261.0,5,1,14,0,0,0,0,0,0,0,1,1,0,0,0,0,0,0,0,19,7.0,12.0,2.0,3.0,7.0,12.0,0.0,0.0,0.0,0.0,0.0,0.0,0.0,0.0,0.0,0.0,0.0
112759854,119,0,self,679.0,4,1,19,0,0,0,0,0,0,0,1,0,0,0,0,0,0,0,0,19,7.0,12.0,2.0,4.0,7.0,12.0,0.0,0.0,0.0,0.0,0.0,0.0,0.0,0.0,0.0,0.0,0.0
112759854,119,1,opponent,671.0,4,1,19,0,0,0,0,0,0,0,1,0,0,0,0,0,0,0,0,19,7.0,12.0,2.0,4.0,7.0,12.0,0.0,0.0,0.0,0.0,0.0,0.0,0.0,0.0,0.0,0.0,0.0
112759854,143,0,self,792.0,4,1,19,0,0,0,0,0,0,0,2,0,0,0,0,0,0,0,0,15,3.0,12.0,2.0,4.0,3.0,12.0,0.0,0.0,4.0,0.0,0.0,0.0,0.0,0.0,0.0,0.0,0.0
112759854,143,1,opponent,784.0,4,1,19,0,0,0,0,0,0,0,2,0,0,0,0,0,0,0,0,15,3.0,12.0,2.0,4.0,3.0,12.0,0.0,0.0,4.0,0.0,0.0,0.0,0.0,0.0,0.0,0.0,0.0
112759854,144,0,self,792.0,0,1,19,0,0,0,0,0,0,0,2,0,0,0,0,0,0,0,0,27,3.0,12.0,2.0,4.0,3.0,12.0,12.0,0.0,4.0,0.0,0.0,0.0,0.0,0.0,0.0,0.0,0.0
112759854,144,1,opponent,784.0,0,1,19,0,0,0,0,0,0,0,2,0,0,0,0,0,0,0,0,27,3.0,12.0,2.0,4.0,3.0,12.0,12.0,0.0,4.0,0.0,0.0,0.0,0.0,0.0,0.0,0.0,0.0
112759854,167,0,self,1200.0,8,2,11,0,0,0,0,0,0,0,2,0,0,0,1,8,0,0,0,29,1.0,12.0,4.0,4.0,1.0,24.0,0.0,0.0,12.0,0.0,0.0,0.0,4.0,4.0,0.0,0.0,0.0
112759854,167,1,opponent,1402.0,8,2,11,0,0,0,0,0,0,0,2,0,0,0,0,0,0,0,0,29,5.0,12.0,4.0,4.0,5.0,24.0,0.0,0.0,12.0,0.0,0.0,0.0,0.0,0.0,0.0,0.0,0.0
112759854,191,0,self,526.0,8,2,2,0,0,0,0,0,0,0,3,0,0,0,0,8,0,0,0,45,5.0,12.0,4.0,6.0,5.0,36.0,0.0,0.0,16.0,0.0,0.0,0.0,4.0,4.0,0.0,0.0,0.0
112759854,191,1,opponent,718.0,8,2,2,0,0,0,0,0,0,0,3,0,0,0,0,0,0,0,0,45,9.0,12.0,4.0,6.0,9.0,36.0,0.0,0.0,16.0,0.0,0.0,0.0,0.0,0.0,0.0,0.0,0.0
112759854,192,0,self,292.0,0,2,10,0,0,0,0,0,0,0,3,0,0,0,0,8,0,0,0,57,5.0,12.0,4.0,6.0,5.0,36.0,0.0,12.0,16.0,0.0,0.0,0.0,4.0,4.0,0.0,0.0,0.0
112759854,192,1,opponent,484.0,0,2,10,0,0,0,0,0,0,0,3,0,0,0,0,0,0,0,0,57,9.0,12.0,4.0,6.0,9.0,36.0,0.0,12.0,16.0,0.0,0.0,0.0,0.0,0.0,0.0,0.0,0.0
112759854,215,0,self,1359.0,9,2,7,8,0,0,0,0,0,0,3,0,0,0,0,8,0,0,0,53,5.0,12.0,6.0,6.0,5.0,48.0,0.0,0.0,20.0,0.0,0.0,0.0,0.0,0.0,0.0,0.0,0.0
112759854,215,1,opponent,1551.0,9,2,15,0,0,0,0,0,0,0,3,0,0,0,0,0,0,0,0,53,5.0,12.0,6.0,6.0,5.0,48.0,0.0,0.0,20.0,0.0,0.0,0.0,0.0,0.0,0.0,0.0,0.0
112759854,239,0,self,3842.0,9,2,8,0,0,0,0,0,0,0,1,0,0,0,0,8,0,0,0,63,5.0,12.0,7.0,6.0,5.0,58.0,0.0,0.0,20.0,0.0,0.0,0.0,0.0,0.0,0.0,0.0,0.0
112759854,239,1,opponent,3911.0,9,2,11,0,0,0,0,0,0,0,1,0,0,0,0,0,0,0,0,63,5.0,12.0,7.0,6.0,5.0,58.0,0.0,0.0,20.0,0.0,0.0,0.0,0.0,0.0,0.0,0.0,0.0
112759854,240,0,self,3842.0,0,2,8,0,0,0,0,0,0,0,1,0,0,0,0,8,0,0,0,76,5.0,12.0,7.0,6.0,5.0,60.0,0.0,11.0,20.0,0.0,0.0,0.0,0.0,0.0,0.0,0.0,0.0
112759854,240,1,opponent,3911.0,0,2,11,0,0,0,0,0,0,0,1,0,0,0,0,0,0,0,0,76,5.0,12.0,7.0,6.0,5.0,60.0,0.0,11.0,20.0,0.0,0.0,0.0,0.0,0.0,0.0,0.0,0.0
112759854,263,0,self,16238.0,11,2,0,0,0,0,12,0,0,0,12,0,0,0,0,8,0,0,0,12,12.0,0.0,10.0,6.0,12.0,0.0,0.0,0.0,20.0,0.0,0.0,0.0,0.0,0.0,0.0,0.0,0.0
112759854,263,1,opponent,16340.0,11,2,2,0,0,0,12,0,0,0,12,0,0,0,0,0,0,0,0,12,12.0,0.0,10.0,6.0,12.0,0.0,0.0,0.0,20.0,0.0,0.0,0.0,0.0,0.0,0.0,0.0,0.0
112759854,287,0,self,6676.0,13,4,12,0,0,0,0,0,0,0,16,0,0,0,0,8,0,0,0,22,20.0,0.0,17.0,6.0,22.0,0.0,0.0,0.0,33.0,0.0,0.0,0.0,0.0,0.0,0.0,0.0,0.0
112759854,287,1,opponent,6778.0,13,4,14,0,0,0,0,0,0,0,16,0,0,0,0,0,0,0,0,22,20.0,0.0,17.0,6.0,22.0,0.0,0.0,0.0,33.0,0.0,0.0,0.0,0.0,0.0,0.0,0.0,0.0
112759854,288,0,self,6491.0,0,4,17,0,0,0,0,0,0,0,17,0,0,0,0,8,0,0,0,51,20.0,0.0,17.0,6.0,22.0,0.0,20.0,9.0,33.0,0.0,0.0,0.0,0.0,0.0,0.0,0.0,0.0
112759854,288,1,opponent,6593.0,0,4,19,0,0,0,0,0,0,0,17,0,0,0,0,0,0,0,0,51,20.0,0.0,17.0,6.0,22.0,0.0,20.0,9.0,33.0,0.0,0.0,0.0,0.0,0.0,0.0,0.0,0.0
112759854,311,0,self,11415.0,11,4,15,0,0,0,0,3,4,0,18,0,0,0,0,8,0,0,0,30,24.0,0.0,17.0,6.0,27.0,0.0,0.0,3.0,33.0,0.0,0.0,0.0,0.0,0.0,0.0,0.0,0.0
112759854,311,1,opponent,11517.0,11,4,17,0,0,0,0,3,4,0,18,0,0,0,0,0,0,0,0,30,24.0,0.0,17.0,6.0,27.0,0.0,0.0,3.0,33.0,0.0,0.0,0.0,0.0,0.0,0.0,0.0,0.0
112759854,335,0,self,13106.0,11,4,30,0,0,0,0,0,0,0,22,0,0,0,0,8,0,0,0,33,24.0,0.0,17.0,6.0,33.0,0.0,0.0,0.0,33.0,0.0,0.0,0.0,0.0,0.0,0.0,0.0,0.0
112759854,335,1,opponent,13208.0,11,4,32,0,0,0,0,0,0,0,22,0,0,0,0,0,0,0,0,33,24.0,0.0,17.0,6.0,33.0,0.0,0.0,0.0,33.0,0.0,0.0,0.0,0.0,0.0,0.0,0.0,0.0
112759854,359,0,self,16619.0,11,4,34,0,0,0,0,3,1,0,21,0,0,0,0,8,0,0,0,35,24.0,0.0,17.0,6.0,35.0,0.0,0.0,0.0,33.0,0.0,0.0,0.0,0.0,0.0,0.0,0.0,0.0
112759854,359,1,opponent,16721.0,11,4,36,0,0,0,0,3,1,0,21,0,0,0,0,0,0,0,0,35,24.0,0.0,17.0,6.0,35.0,0.0,0.0,0.0,33.0,0.0,0.0,0.0,0.0,0.0,1.0,0.0,0.0
112759854,360,0,self,16374.0,0,4,34,0,0,0,0,3,1,0,25,0,0,0,0,8,0,0,0,83,24.0,0.0,17.0,6.0,38.0,0.0,22.0,15.0,33.0,8.0,0.0,0.0,0.0,0.0,0.0,0.0,0.0
112759854,360,1,opponent,16476.0,0,4,36,0,0,0,0,3,1,0,25,0,0,0,0,0,0,0,0,83,24.0,0.0,17.0,6.0,38.0,0.0,22.0,15.0,33.0,8.0,0.0,0.0,0.0,0.0,1.0,0.0,0.0
112759854,383,0,self,21923.0,12,4,35,0,0,8,0,9,4,0,19,0,0,0,0,8,0,0,0,38,25.0,0.0,17.0,6.0,38.0,0.0,0.0,0.0,33.0,0.0,0.0,0.0,0.0,0.0,0.0,0.0,0.0
112759854,383,1,opponent,22025.0,12,4,37,0,0,8,0,9,4,0,19,0,0,0,0,0,0,0,0,38,25.0,0.0,17.0,6.0,38.0,0.0,0.0,0.0,33.0,0.0,0.0,0.0,0.0,0.0,1.0,0.0,0.0
112759854,407,0,self,29723.0,12,4,39,0,0,0,0,6,9,0,23,0,0,0,0,8,0,0,0,40,25.0,0.0,17.0,6.0,37.0,0.0,0.0,3.0,33.0,0.0,0.0,0.0,0.0,0.0,0.0,0.0,0.0
112759854,407,1,opponent,30068.0,12,4,41,0,0,0,0,6,8,0,23,0,0,0,0,0,0,0,0,40,25.0,0.0,17.0,6.0,37.0,0.0,0.0,3.0,33.0,0.0,0.0,0.0,0.0,0.0,1.0,0.0,0.0
112759854,431,0,self,40363.0,13,4,46,0,0,0,0,9,26,0,21,0,0,0,0,8,0,0,0,39,25.0,0.0,17.0,6.0,39.0,0.0,0.0,0.0,33.0,0.0,0.0,0.0,0.0,0.0,0.0,0.0,0.0
112759854,431,1,opponent,40549.0,13,4,46,0,0,0,0,9,26,0,21,0,0,0,0,0,0,0,0,39,25.0,0.0,17.0,6.0,39.0,0.0,0.0,0.0,33.0,0.0,0.0,0.0,0.0,0.0,1.0,0.0,0.0
112759854,432,0,self,46290.0,0,4,41,0,0,0,0,9,2,0,22,0,0,0,0,8,0,0,0,91,25.0,0.0,17.0,6.0,41.0,0.0,20.0,6.0,33.0,24.0,0.0,0.0,0.0,0.0,0.0,0.0,0.0
112759854,432,1,opponent,46476.0,0,4,41,0,0,0,0,9,2,0,22,0,0,0,0,0,0,0,0,91,25.0,0.0,17.0,6.0,41.0,0.0,20.0,6.0,33.0,24.0,0.0,0.0,0.0,0.0,1.0,0.0,0.0
112759854,455,0,self,50639.0,13,4,46,0,0,0,0,6,16,0,22,0,0,0,0,8,0,0,0,41,25.0,0.0,17.0,6.0,41.0,0.0,0.0,0.0,33.0,0.0,0.0,0.0,0.0,0.0,0.0,0.0,0.0
112759854,455,1,opponent,50825.0,13,4,46,0,0,0,0,6,16,0,22,0,0,0,0,0,0,0,0,41,25.0,0.0,17.0,6.0,41.0,0.0,0.0,0.0,33.0,0.0,0.0,0.0,0.0,0.0,1.0,0.0,0.0
112759854,479,0,self,55214.0,12,4,48,0,0,6,0,4,8,0,29,0,0,0,0,8,0,0,0,47,25.0,0.0,17.0,6.0,43.0,0.0,4.0,0.0,33.0,0.0,0.0,0.0,0.0,0.0,0.0,0.0,0.0
112759854,479,1,opponent,55400.0,12,4,48,0,0,6,0,4,8,0,29,0,0,0,0,0,0,0,0,47,25.0,0.0,17.0,6.0,43.0,0.0,4.0,0.0,33.0,0.0,0.0,0.0,0.0,0.0,1.0,0.0,0.0
112759854,480,0,self,55646.0,0,4,48,0,0,0,0,4,12,0,29,0,0,0,0,8,0,0,0,109,25.0,0.0,17.0,6.0,43.0,0.0,36.0,6.0,33.0,24.0,0.0,0.0,0.0,0.0,0.0,0.0,0.0
112759854,480,1,opponent,55832.0,0,4,48,0,0,0,0,4,12,0,29,0,0,0,0,0,0,0,0,109,25.0,0.0,17.0,6.0,43.0,0.0,36.0,6.0,33.0,24.0,0.0,0.0,0.0,0.0,1.0,0.0,0.0
112759854,503,0,self,65484.0,14,4,29,0,0,0,0,6,8,0,19,0,0,0,0,8,0,0,0,49,25.0,0.0,17.0,6.0,45.0,0.0,4.0,0.0,33.0,0.0,0.0,0.0,0.0,0.0,0.0,0.0,0.0
112759854,503,1,opponent,65670.0,14,4,29,0,0,0,0,6,8,0,19,0,0,0,0,0,0,0,0,49,25.0,0.0,17.0,6.0,45.0,0.0,4.0,0.0,33.0,0.0,0.0,0.0,0.0,0.0,1.0,0.0,0.0
112759854,527,0,self,67942.0,12,4,38,0,0,11,0,6,4,0,20,0,0,0,0,8,0,0,0,65,30.0,0.0,17.0,6.0,47.0,0.0,16.0,0.0,28.0,2.0,0.0,0.0,0.0,0.0,0.0,0.0,0.0
112759854,527,1,opponent,68128.0,12,4,38,0,0,11,0,6,4,0,20,0,0,0,0,0,0,0,0,65,30.0,0.0,17.0,6.0,47.0,0.0,16.0,0.0,28.0,2.0,0.0,0.0,0.0,0.0,1.0,0.0,0.0
112759854,551,0,self,71775.0,13,4,30,0,0,13,0,4,12,0,20,0,0,0,0,8,0,0,0,53,31.0,0.0,17.0,6.0,49.0,0.0,4.0,0.0,27.0,0.0,0.0,0.0,0.0,0.0,0.0,0.0,0.0
112759854,551,1,opponent,71961.0,13,4,30,0,0,13,0,4,12,0,20,0,0,0,0,0,0,0,0,53,31.0,0.0,17.0,6.0,49.0,0.0,4.0,0.0,27.0,0.0,0.0,0.0,0.0,0.0,1.0,0.0,0.0
112759854,575,0,self,78877.0,13,4,39,0,0,20,0,6,12,0,19,0,0,0,0,8,0,0,0,65,38.0,0.0,17.0,6.0,64.0,0.0,0.0,0.0,20.0,1.0,0.0,0.0,0.0,0.0,0.0,0.0,0.0
112759854,575,1,opponent,79063.0,13,4,39,0,0,20,0,6,12,0,19,0,0,0,0,0,0,0,0,65,38.0,0.0,17.0,6.0,64.0,0.0,0.0,0.0,20.0,1.0,0.0,0.0,0.0,0.0,1.0,0.0,0.0
112759854,576,0,self,78426.0,0,4,45,0,0,18,0,6,8,0,23,0,0,0,0,8,0,0,0,97,38.0,0.0,17.0,6.0,64.0,0.0,20.0,6.0,20.0,7.0,0.0,0.0,0.0,0.0,0.0,0.0,0.0
112759854,576,1,opponent,78612.0,0,4,45,0,0,18,0,6,8,0,23,0,0,0,0,0,0,0,0,97,38.0,0.0,17.0,6.0,64.0,0.0,20.0,6.0,20.0,7.0,0.0,0.0,0.0,0.0,1.0,0.0,0.0
112759854,599,0,self,79826.0,13,4,41,0,0,5,0,6,20,0,20,0,0,0,0,8,0,0,0,62,36.0,0.0,17.0,6.0,55.0,0.0,0.0,0.0,17.0,2.0,0.0,0.0,5.0,5.0,0.0,0.0,0.0
112759854,599,1,opponent,80062.0,13,4,41,0,0,5,0,6,20,0,20,0,0,0,0,0,0,0,0,62,41.0,0.0,17.0,6.0,60.0,0.0,0.0,0.0,17.0,2.0,0.0,0.0,0.0,0.0,1.0,0.0,0.0
112759854,623,0,self,82974.0,13,4,54,0,0,13,0,8,3,0,19,0,0,0,0,8,0,0,0,76,26.0,0.0,17.0,6.0,52.0,0.0,0.0,0.0,13.0,5.0,0.0,0.0,19.0,19.0,0.0,0.0,0.0
112759854,623,1,opponent,83206.0,13,4,54,0,0,13,0,8,3,0,19,0,0,0,0,0,0,0,0,74,31.0,0.0,17.0,6.0,55.0,0.0,0.0,0.0,13.0,5.0,0.0,0.0,14.0,14.0,1.0,0.0,0.0
112759854,647,0,self,84729.0,13,4,65,0,0,0,0,6,12,0,20,0,0,0,0,8,0,0,0,81,14.0,0.0,17.0,6.0,41.0,0.0,0.0,3.0,13.0,0.0,0.0,0.0,31.0,37.0,0.0,0.0,0.0
112759854,647,1,opponent,84845.0,13,4,59,0,0,0,0,6,12,0,20,0,0,0,0,8,0,0,0,83,19.0,0.0,17.0,6.0,54.0,0.0,0.0,3.0,13.0,0.0,0.0,0.0,26.0,26.0,1.0,0.0,0.0
112759854,648,0,self,84309.0,0,4,75,0,0,0,0,9,0,0,16,0,0,0,0,8,0,0,0,137,14.0,0.0,17.0,6.0,45.0,0.0,20.0,9.0,13.0,26.0,0.0,0.0,31.0,37.0,0.0,0.0,0.0
112759854,648,1,opponent,84597.0,0,4,66,0,0,0,0,9,0,0,19,0,0,0,0,8,0,0,0,139,19.0,0.0,17.0,6.0,58.0,0.0,20.0,9.0,13.0,26.0,0.0,0.0,26.0,26.0,1.0,0.0,0.0
112759854,671,0,self,87581.0,12,4,44,14,0,20,0,3,16,0,9,0,0,0,4,0,0,0,0,76,8.0,0.0,17.0,6.0,25.0,0.0,0.0,3.0,4.0,0.0,0.0,0.0,36.0,48.0,0.0,0.0,0.0
112759854,671,1,opponent,87518.0,12,4,58,1,0,20,0,3,16,0,10,0,0,0,4,0,0,0,0,79,9.0,0.0,17.0,6.0,31.0,0.0,0.0,3.0,4.0,0.0,0.0,0.0,35.0,45.0,1.0,0.0,0.0
112759854,695,0,self,93533.0,12,4,38,30,0,0,0,1,4,0,14,0,0,0,4,0,0,0,0,46,1.0,0.0,17.0,6.0,3.0,0.0,0.0,3.0,0.0,0.0,0.0,0.0,22.0,40.0,0.0,0.0,0.0
112759854,695,1,opponent,93587.0,12,4,46,30,0,0,0,1,0,0,14,0,0,0,4,0,0,0,0,46,1.0,0.0,17.0,6.0,3.0,0.0,0.0,3.0,0.0,0.0,0.0,0.0,22.0,40.0,2.0,0.0,0.0
112759854,696,0,self,93893.0,0,4,32,33,0,0,0,1,4,0,6,0,0,0,4,0,0,0,0,85,0.0,0.0,17.0,6.0,0.0,0.0,35.0,12.0,0.0,0.0,0.0,0.0,21.0,38.0,0.0,0.0,0.0
112759854,696,1,opponent,93947.0,0,4,40,33,0,0,0,1,0,0,6,0,0,0,4,0,0,0,0,85,0.0,0.0,17.0,6.0,0.0,0.0,35.0,12.0,0.0,0.0,0.0,0.0,21.0,38.0,3.0,0.0,0.0
112759854,719,0,self,101757.0,12,4,0,0,0,0,0,0,0,0,0,0,0,0,4,0,0,0,0,0,0.0,0.0,17.0,6.0,0.0,0.0,0.0,0.0,0.0,0.0,0.0,0.0,0.0,0.0,0.0,0.0,0.0
112759854,719,1,opponent,101808.0,12,4,0,0,0,0,0,0,0,0,0,0,0,0,4,0,0,0,0,0,0.0,0.0,17.0,6.0,0.0,0.0,0.0,0.0,0.0,0.0,0.0,0.0,0.0,0.0,3.0,0.0,0.0
112761179,0,0,opponent,3000.0,0,1,0,0,0,0,0,0,0,0,0,0,0,0,0,0,0,0,0,0,0.0,0.0,0.0,0.0,0.0,0.0,0.0,0.0,0.0,0.0,0.0,0.0,0.0,0.0,0.0,0.0,0.0
112761179,0,1,self,3000.0,0,1,0,0,0,0,0,0,0,0,0,0,0,0,0,0,0,0,0,0,0.0,0.0,0.0,0.0,0.0,0.0,0.0,0.0,0.0,0.0,0.0,0.0,0.0,0.0,0.0,0.0,0.0
112761179,23,0,opponent,8.0,5,1,3,0,0,0,0,0,0,0,0,0,0,0,0,0,0,0,0,20,8.0,12.0,2.0,2.0,8.0,12.0,0.0,0.0,0.0,0.0,0.0,0.0,0.0,0.0,0.0,0.0,0.0
112761179,23,1,self,16.0,5,1,3,0,0,0,0,0,0,0,0,0,0,0,0,0,0,0,0,20,8.0,12.0,2.0,2.0,8.0,12.0,0.0,0.0,0.0,0.0,0.0,0.0,0.0,0.0,0.0,0.0,0.0
112761179,24,0,opponent,8.0,0,1,3,0,0,0,0,0,0,0,0,0,0,0,0,0,0,0,0,20,8.0,12.0,2.0,2.0,8.0,12.0,0.0,0.0,0.0,0.0,0.0,0.0,0.0,0.0,0.0,0.0,0.0
112761179,24,1,self,16.0,0,1,3,0,0,0,0,0,0,0,0,0,0,0,0,0,0,0,0,20,8.0,12.0,2.0,2.0,8.0,12.0,0.0,0.0,0.0,0.0,0.0,0.0,0.0,0.0,0.0,0.0,0.0
112761179,47,0,opponent,97.0,3,1,6,0,0,0,0,0,0,0,1,0,0,0,0,0,0,0,0,20,8.0,12.0,2.0,2.0,8.0,12.0,0.0,0.0,0.0,0.0,0.0,0.0,0.0,0.0,0.0,0.0,0.0
112761179,47,1,self,105.0,3,1,6,0,0,0,0,0,0,0,1,0,0,0,0,0,0,0,0,20,8.0,12.0,2.0,2.0,8.0,12.0,0.0,0.0,0.0,0.0,0.0,0.0,0.0,0.0,0.0,0.0,0.0
112761179,71,0,opponent,210.0,4,1,6,0,0,0,0,0,0,0,0,0,0,0,0,0,0,0,0,25,8.0,12.0,2.0,3.0,13.0,12.0,0.0,0.0,0.0,0.0,0.0,0.0,0.0,0.0,0.0,0.0,0.0
112761179,71,1,self,218.0,4,1,6,0,0,0,0,0,0,0,0,0,0,0,0,0,0,0,0,25,8.0,12.0,2.0,3.0,13.0,12.0,0.0,0.0,0.0,0.0,0.0,0.0,0.0,0.0,0.0,0.0,0.0
112761179,72,0,opponent,210.0,0,1,6,0,0,0,0,0,0,0,0,0,0,0,0,0,0,0,0,25,8.0,12.0,2.0,3.0,13.0,12.0,0.0,0.0,0.0,0.0,0.0,0.0,0.0,0.0,0.0,0.0,0.0
112761179,72,1,self,218.0,0,1,6,0,0,0,0,0,0,0,0,0,0,0,0,0,0,0,0,25,8.0,12.0,2.0,3.0,13.0,12.0,0.0,0.0,0.0,0.0,0.0,0.0,0.0,0.0,0.0,0.0,0.0
112761179,95,0,opponent,261.0,5,1,14,0,0,0,0,0,0,0,1,1,0,0,0,0,0,0,0,19,7.0,12.0,2.0,3.0,7.0,12.0,0.0,0.0,0.0,0.0,0.0,0.0,0.0,0.0,0.0,0.0,0.0
112761179,95,1,self,269.0,5,1,14,0,0,0,0,0,0,0,1,1,0,0,0,0,0,0,0,19,7.0,12.0,2.0,3.0,7.0,12.0,0.0,0.0,0.0,0.0,0.0,0.0,0.0,0.0,0.0,0.0,0.0
112761179,119,0,opponent,671.0,4,1,19,0,0,0,0,0,0,0,1,0,0,0,0,0,0,0,0,19,7.0,12.0,2.0,4.0,7.0,12.0,0.0,0.0,0.0,0.0,0.0,0.0,0.0,0.0,0.0,0.0,0.0
112761179,119,1,self,679.0,4,1,19,0,0,0,0,0,0,0,1,0,0,0,0,0,0,0,0,19,7.0,12.0,2.0,4.0,7.0,12.0,0.0,0.0,0.0,0.0,0.0,0.0,0.0,0.0,0.0,0.0,0.0
112761179,143,0,opponent,784.0,4,1,19,0,0,0,0,0,0,0,2,0,0,0,0,0,0,0,0,15,3.0,12.0,2.0,4.0,3.0,12.0,0.0,0.0,4.0,0.0,0.0,0.0,0.0,0.0,0.0,0.0,0.0
112761179,143,1,self,792.0,4,1,19,0,0,0,0,0,0,0,2,0,0,0,0,0,0,0,0,15,3.0,12.0,2.0,4.0,3.0,12.0,0.0,0.0,4.0,0.0,0.0,0.0,0.0,0.0,0.0,0.0,0.0
112761179,144,0,opponent,784.0,0,1,19,0,0,0,0,0,0,0,2,0,0,0,0,0,0,0,0,27,3.0,12.0,2.0,4.0,3.0,12.0,12.0,0.0,4.0,0.0,0.0,0.0,0.0,0.0,0.0,0.0,0.0
112761179,144,1,self,792.0,0,1,19,0,0,0,0,0,0,0,2,0,0,0,0,0,0,0,0,27,3.0,12.0,2.0,4.0,3.0,12.0,12.0,0.0,4.0,0.0,0.0,0.0,0.0,0.0,0.0,0.0,0.0
112761179,167,0,opponent,1391.0,8,2,11,0,0,0,0,0,0,0,2,0,0,0,0,0,0,0,0,29,5.0,12.0,4.0,4.0,5.0,24.0,0.0,0.0,12.0,0.0,0.0,0.0,0.0,0.0,0.0,0.0,0.0
112761179,167,1,self,1239.0,8,2,11,0,0,0,0,0,0,0,2,0,0,0,0,8,0,0,0,29,5.0,12.0,4.0,4.0,5.0,24.0,0.0,0.0,12.0,0.0,0.0,0.0,0.0,0.0,0.0,0.0,0.0
112761179,191,0,opponent,707.0,8,2,2,0,0,0,0,0,0,0,3,0,0,0,0,0,0,0,0,45,9.0,12.0,4.0,6.0,9.0,36.0,0.0,0.0,16.0,0.0,0.0,0.0,0.0,0.0,0.0,0.0,0.0
112761179,191,1,self,555.0,8,2,2,0,0,0,0,0,0,0,3,0,0,0,0,8,0,0,0,45,9.0,12.0,4.0,6.0,9.0,36.0,0.0,0.0,16.0,0.0,0.0,0.0,0.0,0.0,0.0,0.0,0.0
112761179,192,0,opponent,463.0,0,2,10,0,0,0,0,0,0,0,3,0,0,0,0,0,0,0,0,57,9.0,12.0,4.0,6.0,9.0,36.0,0.0,12.0,16.0,0.0,0.0,0.0,0.0,0.0,0.0,0.0,0.0
112761179,192,1,self,311.0,0,2,10,0,0,0,0,0,0,0,3,0,0,0,0,8,0,0,0,57,9.0,12.0,4.0,6.0,9.0,36.0,0.0,12.0,16.0,0.0,0.0,0.0,0.0,0.0,0.0,0.0,0.0
112761179,215,0,opponent,1849.0,9,2,15,0,0,0,0,0,0,0,3,0,0,0,0,0,0,0,0,53,5.0,12.0,6.0,6.0,5.0,48.0,0.0,0.0,20.0,0.0,0.0,0.0,0.0,0.0,0.0,0.0,0.0
112761179,215,1,self,1697.0,9,2,15,0,0,0,0,0,0,0,3,0,0,0,0,8,0,0,0,53,5.0,12.0,6.0,6.0,5.0,48.0,0.0,0.0,20.0,0.0,0.0,0.0,0.0,0.0,0.0,0.0,0.0
112761179,239,0,opponent,4170.0,9,2,11,0,0,0,0,0,0,0,1,0,0,0,0,0,0,0,0,63,5.0,12.0,7.0,6.0,5.0,58.0,0.0,0.0,20.0,0.0,0.0,0.0,0.0,0.0,0.0,0.0,0.0
112761179,239,1,self,4018.0,9,2,11,0,0,0,0,0,0,0,1,0,0,0,0,8,0,0,0,63,5.0,12.0,7.0,6.0,5.0,58.0,0.0,0.0,20.0,0.0,0.0,0.0,0.0,0.0,0.0,0.0,0.0
112761179,240,0,opponent,4170.0,0,2,11,0,0,0,0,0,0,0,1,0,0,0,0,0,0,0,0,76,5.0,12.0,7.0,6.0,5.0,60.0,0.0,11.0,20.0,0.0,0.0,0.0,0.0,0.0,0.0,0.0,0.0
112761179,240,1,self,4018.0,0,2,11,0,0,0,0,0,0,0,1,0,0,0,0,8,0,0,0,76,5.0,12.0,7.0,6.0,5.0,60.0,0.0,11.0,20.0,0.0,0.0,0.0,0.0,0.0,0.0,0.0,0.0
112761179,263,0,opponent,17057.0,11,2,2,0,0,0,12,0,0,0,12,0,0,0,0,0,0,0,0,12,12.0,0.0,10.0,6.0,12.0,0.0,0.0,0.0,20.0,0.0,0.0,0.0,0.0,0.0,0.0,0.0,0.0
112761179,263,1,self,16905.0,11,2,2,0,0,0,12,0,0,0,12,0,0,0,0,8,0,0,0,12,12.0,0.0,10.0,6.0,12.0,0.0,0.0,0.0,20.0,0.0,0.0,0.0,0.0,0.0,0.0,0.0,0.0
112761179,287,0,opponent,15292.0,11,3,14,0,0,0,0,0,0,0,16,0,0,0,0,0,0,0,0,22,20.0,0.0,11.0,6.0,22.0,0.0,0.0,0.0,33.0,0.0,0.0,0.0,0.0,0.0,0.0,0.0,0.0
112761179,287,1,self,15140.0,11,3,14,0,0,0,0,0,0,0,16,0,0,0,0,8,0,0,0,22,20.0,0.0,11.0,6.0,22.0,0.0,0.0,0.0,33.0,0.0,0.0,0.0,0.0,0.0,0.0,0.0,0.0
112761179,288,0,opponent,15104.0,0,3,19,0,0,0,0,0,0,0,17,0,0,0,0,0,0,0,0,51,20.0,0.0,11.0,6.0,22.0,0.0,20.0,9.0,33.0,0.0,0.0,0.0,0.0,0.0,0.0,0.0,0.0
112761179,288,1,self,14952.0,0,3,19,0,0,0,0,0,0,0,17,0,0,0,0,8,0,0,0,51,20.0,0.0,11.0,6.0,22.0,0.0,20.0,9.0,33.0,0.0,0.0,0.0,0.0,0.0,0.0,0.0,0.0
112761179,311,0,opponent,20030.0,9,3,17,0,0,0,0,3,4,0,18,0,0,0,0,0,0,0,0,30,24.0,0.0,11.0,6.0,27.0,0.0,0.0,3.0,33.0,0.0,0.0,0.0,0.0,0.0,0.0,0.0,0.0
112761179,311,1,self,19870.0,9,3,17,0,0,0,0,3,4,0,18,0,0,0,0,8,0,0,0,30,24.0,0.0,11.0,6.0,27.0,0.0,0.0,3.0,33.0,0.0,0.0,0.0,0.0,0.0,0.0,0.0,0.0
112761179,335,0,opponent,22178.0,10,3,32,0,0,0,0,0,0,0,22,0,0,0,0,0,0,0,0,33,24.0,0.0,11.0,6.0,33.0,0.0,0.0,0.0,33.0,0.0,0.0,0.0,0.0,0.0,0.0,0.0,0.0
112761179,335,1,self,22018.0,10,3,32,0,0,0,0,0,0,0,22,0,0,0,0,8,0,0,0,33,24.0,0.0,11.0,6.0,33.0,0.0,0.0,0.0,33.0,0.0,0.0,0.0,0.0,0.0,0.0,0.0,0.0
112761179,359,0,opponent,26176.0,10,3,36,0,0,0,0,3,1,0,18,0,0,0,0,0,0,0,0,35,24.0,0.0,11.0,6.0,35.0,0.0,0.0,0.0,33.0,0.0,0.0,0.0,0.0,0.0,0.0,0.0,0.0
112761179,359,1,self,26016.0,10,3,36,0,0,0,0,3,1,0,18,0,0,0,0,8,0,0,0,35,24.0,0.0,11.0,6.0,35.0,0.0,0.0,0.0,33.0,0.0,0.0,0.0,0.0,0.0,0.0,0.0,0.0
112761179,360,0,opponent,25909.0,0,3,36,0,0,0,0,3,1,0,22,0,0,0,0,0,0,0,0,83,24.0,0.0,11.0,6.0,38.0,0.0,22.0,15.0,33.0,8.0,0.0,0.0,0.0,0.0,0.0,0.0,0.0
112761179,360,1,self,25749.0,0,3,36,0,0,0,0,3,1,0,22,0,0,0,0,8,0,0,0,83,24.0,0.0,11.0,6.0,38.0,0.0,22.0,15.0,33.0,8.0,0.0,0.0,0.0,0.0,0.0,0.0,0.0
112761179,383,0,opponent,31908.0,11,3,37,0,0,8,0,9,4,0,16,0,0,0,0,0,0,0,0,38,25.0,0.0,11.0,6.0,38.0,0.0,0.0,0.0,33.0,0.0,0.0,0.0,0.0,0.0,0.0,0.0,0.0
112761179,383,1,self,31748.0,11,3,37,0,0,8,0,9,4,0,16,0,0,0,0,8,0,0,0,38,25.0,0.0,11.0,6.0,38.0,0.0,0.0,0.0,33.0,0.0,0.0,0.0,0.0,0.0,0.0,0.0,0.0
112761179,407,0,opponent,41152.0,11,3,38,0,0,0,0,6,9,0,20,0,0,0,0,0,0,0,0,40,25.0,0.0,11.0,6.0,37.0,0.0,0.0,3.0,33.0,0.0,0.0,0.0,0.0,0.0,0.0,0.0,0.0
112761179,407,1,self,41022.0,11,3,38,0,0,0,0,6,9,0,20,0,0,0,0,8,0,0,0,40,25.0,0.0,11.0,6.0,37.0,0.0,0.0,3.0,33.0,0.0,0.0,0.0,0.0,0.0,0.0,0.0,0.0
112761179,431,0,opponent,48709.0,11,3,44,0,0,0,0,9,8,0,18,0,0,0,0,0,0,0,0,39,25.0,0.0,11.0,6.0,39.0,0.0,0.0,0.0,33.0,0.0,0.0,0.0,0.0,0.0,0.0,0.0,0.0
112761179,431,1,self,48598.0,11,3,44,0,0,0,0,9,8,0,18,0,0,0,0,8,0,0,0,39,25.0,0.0,11.0,6.0,39.0,0.0,0.0,0.0,33.0,0.0,0.0,0.0,0.0,0.0,0.0,0.0,0.0
112761179,432,0,opponent,49911.0,0,3,44,0,0,0,0,9,2,0,19,0,0,0,0,0,0,0,0,94,25.0,0.0,11.0,6.0,41.0,0.0,20.0,9.0,33.0,24.0,0.0,0.0,0.0,0.0,0.0,0.0,0.0
112761179,432,1,self,49800.0,0,3,44,0,0,0,0,9,2,0,19,0,0,0,0,8,0,0,0,94,25.0,0.0,11.0,6.0,41.0,0.0,20.0,9.0,33.0,24.0,0.0,0.0,0.0,0.0,0.0,0.0,0.0
112761179,455,0,opponent,56861.0,12,3,43,0,0,0,0,9,16,0,19,0,0,0,0,0,0,0,0,41,25.0,0.0,11.0,6.0,41.0,0.0,0.0,0.0,33.0,0.0,0.0,0.0,0.0,0.0,0.0,0.0,0.0
112761179,455,1,self,56750.0,12,3,43,0,0,0,0,9,16,0,19,0,0,0,0,8,0,0,0,41,25.0,0.0,11.0,6.0,41.0,0.0,0.0,0.0,33.0,0.0,0.0,0.0,0.0,0.0,0.0,0.0,0.0
112761179,479,0,opponent,61656.0,11,3,49,0,0,6,0,6,8,0,26,0,0,0,0,0,0,0,0,47,25.0,0.0,11.0,6.0,43.0,0.0,4.0,0.0,33.0,0.0,0.0,0.0,0.0,0.0,0.0,0.0,0.0
112761179,479,1,self,61545.0,11,3,49,0,0,6,0,6,8,0,26,0,0,0,0,8,0,0,0,47,25.0,0.0,11.0,6.0,43.0,0.0,4.0,0.0,33.0,0.0,0.0,0.0,0.0,0.0,0.0,0.0,0.0
112761179,480,0,opponent,62867.0,0,3,49,0,0,0,0,6,12,0,26,0,0,0,0,0,0,0,0,82,25.0,0.0,11.0,6.0,43.0,0.0,12.0,3.0,33.0,24.0,0.0,0.0,0.0,0.0,0.0,0.0,0.0
112761179,480,1,self,62756.0,0,3,49,0,0,0,0,6,12,0,26,0,0,0,0,8,0,0,0,82,25.0,0.0,11.0,6.0,43.0,0.0,12.0,3.0,33.0,24.0,0.0,0.0,0.0,0.0,0.0,0.0,0.0
112761179,503,0,opponent,70188.0,12,3,26,0,0,0,0,3,8,0,16,0,0,0,0,0,0,0,0,49,25.0,0.0,11.0,6.0,45.0,0.0,4.0,0.0,33.0,0.0,0.0,0.0,0.0,0.0,0.0,0.0,0.0
112761179,503,1,self,70096.0,12,3,26,0,0,0,0,3,8,0,16,0,0,0,0,8,0,0,0,49,25.0,0.0,11.0,6.0,45.0,0.0,4.0,0.0,33.0,0.0,0.0,0.0,0.0,0.0,0.0,0.0,0.0
112761179,527,0,opponent,75465.0,11,3,38,0,0,11,0,6,4,0,17,0,0,0,0,0,0,0,0,65,30.0,0.0,11.0,6.0,47.0,0.0,16.0,0.0,28.0,2.0,0.0,0.0,0.0,0.0,0.0,0.0,0.0
112761179,527,1,self,75373.0,11,3,38,0,0,11,0,6,4,0,17,0,0,0,0,8,0,0,0,65,30.0,0.0,11.0,6.0,47.0,0.0,16.0,0.0,28.0,2.0,0.0,0.0,0.0,0.0,0.0,0.0,0.0
112761179,551,0,opponent,83038.0,12,3,27,0,0,0,0,2,12,0,17,0,0,0,0,0,0,0,0,53,31.0,0.0,11.0,6.0,49.0,0.0,4.0,0.0,27.0,0.0,0.0,0.0,0.0,0.0,0.0,0.0,0.0
112761179,551,1,self,82946.0,12,3,27,0,0,0,0,2,12,0,17,0,0,0,0,8,0,0,0,53,31.0,0.0,11.0,6.0,49.0,0.0,4.0,0.0,27.0,0.0,0.0,0.0,0.0,0.0,0.0,0.0,0.0
112761179,575,0,opponent,86021.0,12,3,41,0,0,20,0,6,12,0,16,0,0,0,0,0,0,0,0,67,38.0,0.0,11.0,6.0,66.0,0.0,0.0,0.0,20.0,1.0,0.0,0.0,0.0,0.0,0.0,0.0,0.0
112761179,575,1,self,85979.0,12,3,41,0,0,20,0,6,12,0,16,0,0,0,0,8,0,0,0,67,38.0,0.0,11.0,6.0,66.0,0.0,0.0,0.0,20.0,1.0,0.0,0.0,0.0,0.0,0.0,0.0,0.0
112761179,576,0,opponent,85360.0,0,3,45,0,0,18,0,6,8,0,23,0,0,0,0,0,0,0,0,96,38.0,0.0,11.0,6.0,66.0,0.0,20.0,3.0,20.0,7.0,0.0,0.0,0.0,0.0,0.0,0.0,0.0
112761179,576,1,self,85318.0,0,3,45,0,0,18,0,6,8,0,23,0,0,0,0,8,0,0,0,96,38.0,0.0,11.0,6.0,66.0,0.0,20.0,3.0,20.0,7.0,0.0,0.0,0.0,0.0,0.0,0.0,0.0
112761179,599,0,opponent,88523.0,12,3,43,0,0,5,0,3,23,0,17,0,0,0,0,0,0,0,0,68,41.0,0.0,11.0,6.0,66.0,0.0,0.0,0.0,17.0,2.0,0.0,0.0,0.0,0.0,0.0,0.0,0.0
112761179,599,1,self,89572.0,12,3,43,0,0,5,0,3,11,0,17,0,0,0,0,8,0,0,0,68,41.0,0.0,11.0,6.0,66.0,0.0,0.0,0.0,17.0,2.0,0.0,0.0,0.0,0.0,0.0,0.0,0.0
112761179,623,0,opponent,93032.0,12,3,62,0,0,13,0,6,3,0,16,0,0,0,0,0,0,0,0,78,31.0,0.0,11.0,6.0,59.0,0.0,0.0,0.0,13.0,5.0,0.0,0.0,14.0,14.0,0.0,0.0,0.0
112761179,623,1,self,93508.0,12,3,62,0,0,13,0,6,3,0,16,0,0,0,0,8,0,0,0,78,31.0,0.0,11.0,6.0,59.0,0.0,0.0,0.0,13.0,5.0,0.0,0.0,14.0,14.0,0.0,0.0,0.0
112761179,647,0,opponent,96282.0,12,3,64,0,0,0,0,2,8,0,17,0,0,0,0,8,0,0,0,85,19.0,0.0,11.0,6.0,57.0,0.0,0.0,2.0,13.0,0.0,0.0,0.0,26.0,26.0,0.0,0.0,0.0
112761179,647,1,self,96956.0,12,3,64,0,0,0,0,2,8,0,17,0,0,0,0,8,0,0,0,85,19.0,0.0,11.0,6.0,57.0,0.0,0.0,2.0,13.0,0.0,0.0,0.0,26.0,26.0,0.0,0.0,0.0
112761179,648,0,opponent,96781.0,0,3,79,0,0,0,0,4,0,0,16,0,0,0,0,8,0,0,0,139,19.0,0.0,11.0,6.0,61.0,0.0,20.0,6.0,13.0,26.0,0.0,0.0,26.0,26.0,0.0,0.0,0.0
112761179,648,1,self,97455.0,0,3,79,0,0,0,0,4,0,0,16,0,0,0,0,8,0,0,0,139,19.0,0.0,11.0,6.0,61.0,0.0,20.0,6.0,13.0,26.0,0.0,0.0,26.0,26.0,0.0,0.0,0.0
112761179,671,0,opponent,100298.0,11,3,67,1,0,20,0,2,16,0,8,0,0,0,4,0,0,0,0,80,9.0,0.0,11.0,6.0,31.0,0.0,0.0,2.0,4.0,0.0,0.0,0.0,35.0,47.0,0.0,0.0,0.0
112761179,671,1,self,101003.0,11,3,67,1,0,20,0,2,16,0,8,0,0,0,4,0,0,0,0,80,9.0,0.0,11.0,6.0,31.0,0.0,0.0,2.0,4.0,0.0,0.0,0.0,35.0,47.0,0.0,0.0,0.0
112761179,695,0,opponent,108677.0,12,3,44,33,0,0,0,0,2,0,8,0,0,0,4,0,0,0,0,45,1.0,0.0,11.0,6.0,3.0,0.0,0.0,2.0,0.0,0.0,0.0,0.0,22.0,40.0,0.0,0.0,0.0
112761179,695,1,self,109191.0,12,3,44,33,0,2,0,0,0,0,8,0,0,0,4,0,0,0,0,45,1.0,0.0,11.0,6.0,3.0,0.0,0.0,2.0,0.0,0.0,0.0,0.0,22.0,40.0,0.0,0.0,0.0
112761179,696,0,opponent,108871.0,0,3,42,36,0,0,0,0,2,0,6,0,0,0,4,0,0,0,0,58,0.0,0.0,11.0,6.0,0.0,0.0,12.0,8.0,0.0,0.0,0.0,0.0,21.0,38.0,0.0,0.0,0.0
112761179,696,1,self,109385.0,0,3,42,36,0,2,0,0,0,0,6,0,0,0,4,0,0,0,0,58,0.0,0.0,11.0,6.0,0.0,0.0,12.0,8.0,0.0,0.0,0.0,0.0,21.0,38.0,0.0,0.0,0.0
112761179,719,0,opponent,118198.0,11,3,0,0,0,0,0,0,0,0,0,0,0,0,4,0,0,0,0,0,0.0,0.0,11.0,6.0,0.0,0.0,0.0,0.0,0.0,0.0,0.0,0.0,0.0,0.0,0.0,0.0,0.0
112761179,719,1,self,118634.0,11,3,0,0,0,0,0,0,0,0,0,0,0,0,4,0,0,0,0,0,0.0,0.0,11.0,6.0,0.0,0.0,0.0,0.0,0.0,0.0,0.0,0.0,0.0,0.0,0.0,0.0,0.0
112762368,0,0,opponent,3000.0,0,1,0,0,0,0,0,0,0,0,0,0,0,0,0,0,0,0,0,0,0.0,0.0,0.0,0.0,0.0,0.0,0.0,0.0,0.0,0.0,0.0,0.0,0.0,0.0,0.0,0.0,0.0
112762368,0,1,self,3000.0,0,1,0,0,0,0,0,0,0,0,0,0,0,0,0,0,0,0,0,0,0.0,0.0,0.0,0.0,0.0,0.0,0.0,0.0,0.0,0.0,0.0,0.0,0.0,0.0,0.0,0.0,0.0
112762368,23,0,opponent,21.0,5,1,3,0,0,0,0,0,0,0,0,0,0,0,0,0,0,0,0,19,7.0,12.0,2.0,2.0,7.0,12.0,0.0,0.0,0.0,0.0,0.0,0.0,0.0,0.0,0.0,0.0,0.0
112762368,23,1,self,13.0,5,1,3,0,0,0,0,0,0,0,0,0,0,0,0,0,0,0,0,20,8.0,12.0,2.0,2.0,8.0,12.0,0.0,0.0,0.0,0.0,0.0,0.0,0.0,0.0,0.0,0.0,0.0
112762368,24,0,opponent,21.0,0,1,3,0,0,0,0,0,0,0,0,0,0,0,0,0,0,0,0,19,7.0,12.0,2.0,2.0,7.0,12.0,0.0,0.0,0.0,0.0,0.0,0.0,0.0,0.0,0.0,0.0,0.0
112762368,24,1,self,13.0,0,1,3,0,0,0,0,0,0,0,0,0,0,0,0,0,0,0,0,20,8.0,12.0,2.0,2.0,8.0,12.0,0.0,0.0,0.0,0.0,0.0,0.0,0.0,0.0,0.0,0.0,0.0
112762368,47,0,opponent,81.0,3,1,7,0,0,0,0,0,0,0,1,0,0,0,0,0,0,0,0,19,7.0,12.0,2.0,2.0,7.0,12.0,0.0,0.0,0.0,0.0,0.0,0.0,0.0,0.0,0.0,0.0,0.0
112762368,47,1,self,102.0,3,1,6,0,0,0,0,0,0,0,1,0,0,0,0,0,0,0,0,20,8.0,12.0,2.0,2.0,8.0,12.0,0.0,0.0,0.0,0.0,0.0,0.0,0.0,0.0,0.0,0.0,0.0
112762368,71,0,opponent,197.0,3,1,7,0,0,0,0,0,0,0,0,0,0,0,0,0,0,0,0,22,7.0,12.0,2.0,3.0,10.0,12.0,0.0,0.0,0.0,0.0,0.0,0.0,0.0,0.0,0.0,0.0,0.0
112762368,71,1,self,215.0,4,1,6,0,0,0,0,0,0,0,0,0,0,0,0,0,0,0,0,25,8.0,12.0,2.0,3.0,13.0,12.0,0.0,0.0,0.0,0.0,0.0,0.0,0.0,0.0,0.0,0.0,0.0
112762368,72,0,opponent,197.0,0,1,7,0,0,0,0,0,0,0,0,0,0,0,0,0,0,0,0,23,7.0,12.0,2.0,3.0,11.0,12.0,0.0,0.0,0.0,0.0,0.0,0.0,0.0,0.0,0.0,0.0,0.0
112762368,72,1,self,215.0,0,1,6,0,0,0,0,0,0,0,0,0,0,0,0,0,0,0,0,25,8.0,12.0,2.0,3.0,13.0,12.0,0.0,0.0,0.0,0.0,0.0,0.0,0.0,0.0,0.0,0.0,0.0
112762368,95,0,opponent,278.0,5,1,11,0,0,0,0,0,0,0,1,1,0,0,0,0,0,0,0,19,7.0,12.0,2.0,3.0,7.0,12.0,0.0,0.0,0.0,0.0,0.0,0.0,0.0,0.0,0.0,0.0,0.0
112762368,95,1,self,267.0,5,1,14,0,0,0,0,0,0,0,1,1,0,0,0,0,0,0,0,19,7.0,12.0,2.0,3.0,7.0,12.0,0.0,0.0,0.0,0.0,0.0,0.0,0.0,0.0,0.0,0.0,0.0
112762368,119,0,opponent,688.0,4,1,16,0,0,0,0,0,0,0,1,0,0,0,0,0,0,0,0,19,7.0,12.0,2.0,4.0,7.0,12.0,0.0,0.0,0.0,0.0,0.0,0.0,0.0,0.0,0.0,0.0,0.0
112762368,119,1,self,677.0,4,1,19,0,0,0,0,0,0,0,1,0,0,0,0,0,0,0,0,19,7.0,12.0,2.0,4.0,7.0,12.0,0.0,0.0,0.0,0.0,0.0,0.0,0.0,0.0,0.0,0.0,0.0
112762368,143,0,opponent,801.0,4,1,16,0,0,0,0,0,0,0,2,0,0,0,0,0,0,0,0,15,3.0,12.0,2.0,4.0,3.0,12.0,0.0,0.0,4.0,0.0,0.0,0.0,0.0,0.0,0.0,0.0,0.0
112762368,143,1,self,790.0,4,1,19,0,0,0,0,0,0,0,2,0,0,0,0,0,0,0,0,15,3.0,12.0,2.0,4.0,3.0,12.0,0.0,0.0,4.0,0.0,0.0,0.0,0.0,0.0,0.0,0.0,0.0
112762368,144,0,opponent,801.0,0,1,16,0,0,0,0,0,0,0,2,0,0,0,0,0,0,0,0,27,3.0,12.0,2.0,4.0,3.0,12.0,12.0,0.0,4.0,0.0,0.0,0.0,0.0,0.0,0.0,0.0,0.0
112762368,144,1,self,790.0,0,1,19,0,0,0,0,0,0,0,2,0,0,0,0,0,0,0,0,27,3.0,12.0,2.0,4.0,3.0,12.0,12.0,0.0,4.0,0.0,0.0,0.0,0.0,0.0,0.0,0.0,0.0
112762368,167,0,opponent,752.0,7,2,13,0,0,0,0,0,2,0,1,0,0,0,0,0,0,0,0,30,6.0,12.0,2.0,6.0,7.0,23.0,0.0,0.0,12.0,0.0,0.0,0.0,0.0,0.0,0.0,0.0,0.0
112762368,167,1,self,581.0,7,2,16,0,0,0,0,0,2,0,1,0,0,0,0,8,0,0,0,30,6.0,12.0,2.0,6.0,7.0,23.0,0.0,0.0,12.0,0.0,0.0,0.0,0.0,0.0,0.0,0.0,0.0
112762368,191,0,opponent,486.0,7,2,10,0,0,0,0,0,0,0,1,0,0,0,0,0,0,0,0,45,9.0,12.0,2.0,8.0,9.0,36.0,0.0,0.0,16.0,0.0,0.0,0.0,0.0,0.0,0.0,0.0,0.0
112762368,191,1,self,390.0,7,2,11,0,0,0,0,0,0,0,1,0,0,0,3,5,0,0,0,44,5.0,12.0,2.0,8.0,5.0,36.0,0.0,0.0,16.0,0.0,0.0,0.0,3.0,3.0,0.0,0.0,0.0
112762368,192,0,opponent,486.0,0,2,10,0,0,0,0,0,0,0,1,0,0,0,0,0,0,0,0,57,9.0,12.0,2.0,8.0,9.0,36.0,0.0,12.0,16.0,0.0,0.0,0.0,0.0,0.0,0.0,0.0,0.0
112762368,192,1,self,390.0,0,2,11,0,0,0,0,0,0,0,1,0,0,0,3,4,0,0,0,57,5.0,12.0,2.0,8.0,5.0,36.0,0.0,12.0,16.0,0.0,0.0,0.0,4.0,4.0,0.0,0.0,0.0
112762368,215,0,opponent,1303.0,8,2,29,0,0,0,0,0,0,0,3,0,0,0,0,0,0,0,0,52,5.0,12.0,4.0,8.0,5.0,47.0,0.0,0.0,20.0,0.0,0.0,0.0,0.0,0.0,0.0,0.0,0.0
112762368,215,1,self,1281.0,8,2,28,0,0,0,0,0,0,0,3,0,0,0,2,4,0,0,0,52,1.0,12.0,4.0,8.0,1.0,47.0,0.0,0.0,20.0,0.0,0.0,0.0,4.0,4.0,0.0,0.0,0.0
112762368,239,0,opponent,2209.0,8,2,37,0,0,0,0,0,0,0,1,0,1,0,0,0,0,0,0,64,5.0,12.0,5.0,8.0,5.0,59.0,0.0,0.0,20.0,0.0,0.0,0.0,0.0,0.0,0.0,0.0,0.0
112762368,239,1,self,2207.0,8,2,28,8,0,0,0,0,0,0,1,0,1,0,0,4,0,0,0,64,5.0,12.0,5.0,8.0,5.0,59.0,0.0,0.0,20.0,0.0,0.0,0.0,0.0,0.0,0.0,0.0,0.0
112762368,240,0,opponent,2209.0,0,2,37,0,0,0,0,0,0,0,1,0,1,0,0,0,0,0,0,77,5.0,12.0,5.0,8.0,5.0,60.0,0.0,12.0,20.0,0.0,0.0,0.0,0.0,0.0,0.0,0.0,0.0
112762368,240,1,self,2207.0,0,2,28,8,0,0,0,0,0,0,1,0,1,0,0,4,0,0,0,77,5.0,12.0,5.0,8.0,5.0,60.0,0.0,12.0,20.0,0.0,0.0,0.0,0.0,0.0,0.0,0.0,0.0
112762368,263,0,opponent,15703.0,11,2,42,0,0,0,12,0,0,0,11,0,0,0,0,0,0,0,0,13,12.0,0.0,6.0,8.0,13.0,0.0,0.0,0.0,20.0,0.0,2.0,0.0,0.0,0.0,0.0,0.0,0.0
112762368,263,1,self,15685.0,11,2,42,0,0,0,12,0,0,0,11,0,0,0,0,4,0,0,0,13,12.0,0.0,6.0,8.0,13.0,0.0,0.0,0.0,20.0,0.0,2.0,0.0,0.0,0.0,0.0,0.0,0.0
112762368,287,0,opponent,14803.0,10,3,37,0,0,0,0,0,0,0,15,0,0,0,0,0,0,0,0,24,21.0,0.0,6.0,8.0,24.0,0.0,0.0,0.0,33.0,0.0,3.0,0.0,0.0,0.0,0.0,0.0,0.0
112762368,287,1,self,14785.0,10,3,37,0,0,0,0,0,0,0,15,0,0,0,0,4,0,0,0,24,21.0,0.0,6.0,8.0,24.0,0.0,0.0,0.0,33.0,0.0,3.0,0.0,0.0,0.0,0.0,0.0,0.0
112762368,288,0,opponent,14803.0,0,3,39,0,0,0,0,0,0,0,16,0,0,0,0,0,0,0,0,39,20.0,0.0,6.0,8.0,22.0,0.0,8.0,9.0,33.0,0.0,3.0,0.0,0.0,0.0,0.0,0.0,0.0
112762368,288,1,self,14785.0,0,3,39,0,0,0,0,0,0,0,16,0,0,0,0,4,0,0,0,39,20.0,0.0,6.0,8.0,22.0,0.0,8.0,9.0,33.0,0.0,3.0,0.0,0.0,0.0,0.0,0.0,0.0
112762368,311,0,opponent,18298.0,9,3,14,0,0,0,0,0,0,0,17,0,0,0,0,0,0,0,0,30,24.0,0.0,6.0,8.0,27.0,0.0,0.0,3.0,33.0,0.0,3.0,0.0,0.0,0.0,0.0,0.0,0.0
112762368,311,1,self,18230.0,9,3,14,0,0,0,0,0,0,0,17,0,0,0,0,4,0,0,0,30,24.0,0.0,6.0,8.0,27.0,0.0,0.0,3.0,33.0,0.0,3.0,0.0,0.0,0.0,0.0,0.0,0.0
112762368,335,0,opponent,19827.0,9,3,16,0,0,0,0,0,0,0,14,0,0,0,0,0,0,0,0,32,24.0,0.0,6.0,8.0,32.0,0.0,0.0,0.0,33.0,0.0,3.0,0.0,0.0,0.0,0.0,0.0,0.0
112762368,335,1,self,19759.0,9,3,16,0,0,0,0,0,0,0,14,0,0,0,0,4,0,0,0,32,24.0,0.0,6.0,8.0,32.0,0.0,0.0,0.0,33.0,0.0,3.0,0.0,0.0,0.0,0.0,0.0,0.0
112762368,359,0,opponent,21804.0,9,3,24,0,0,0,0,6,3,8,20,0,0,0,0,0,0,0,0,38,24.0,0.0,6.0,8.0,38.0,0.0,0.0,0.0,33.0,0.0,3.0,0.0,0.0,0.0,0.0,0.0,0.0
112762368,359,1,self,21736.0,9,3,24,0,0,0,0,6,3,8,20,0,0,0,0,4,0,0,0,38,24.0,0.0,6.0,8.0,38.0,0.0,0.0,0.0,33.0,0.0,3.0,0.0,0.0,0.0,0.0,0.0,0.0
112762368,360,0,opponent,22185.0,0,3,24,0,0,0,0,6,0,8,15,0,0,0,0,0,0,0,0,82,24.0,0.0,6.0,8.0,40.0,0.0,11.0,15.0,33.0,8.0,3.0,8.0,0.0,0.0,0.0,0.0,0.0
112762368,360,1,self,22117.0,0,3,24,0,0,0,0,6,0,8,15,0,0,0,0,4,0,0,0,82,24.0,0.0,6.0,8.0,40.0,0.0,11.0,15.0,33.0,8.0,3.0,8.0,0.0,0.0,0.0,0.0,0.0
112762368,383,0,opponent,25470.0,10,3,25,0,0,0,0,0,11,6,11,0,0,0,1,0,0,0,0,40,24.0,0.0,6.0,8.0,38.0,0.0,0.0,0.0,33.0,0.0,3.0,2.0,0.0,0.0,0.0,0.0,0.0
112762368,383,1,self,25316.0,10,3,25,0,0,0,0,0,11,6,11,0,0,0,1,8,0,0,0,40,24.0,0.0,6.0,8.0,38.0,0.0,0.0,0.0,33.0,0.0,3.0,2.0,0.0,0.0,0.0,0.0,0.0
112762368,407,0,opponent,29488.0,11,3,42,0,0,0,0,3,0,5,11,0,0,0,0,0,0,0,0,38,25.0,0.0,6.0,8.0,36.0,0.0,0.0,0.0,33.0,0.0,3.0,2.0,0.0,0.0,0.0,0.0,0.0
112762368,407,1,self,29281.0,11,3,42,0,0,0,0,3,0,5,11,0,0,0,4,8,0,0,0,38,22.0,0.0,6.0,8.0,33.0,0.0,0.0,0.0,33.0,0.0,3.0,2.0,3.0,3.0,0.0,0.0,0.0
112762368,431,0,opponent,32888.0,11,3,44,0,0,0,0,3,0,6,15,0,0,0,0,8,0,0,0,38,24.0,0.0,6.0,8.0,35.0,0.0,0.0,0.0,33.0,0.0,3.0,2.0,1.0,1.0,0.0,0.0,0.0
112762368,431,1,self,32560.0,11,3,44,0,0,0,0,3,6,6,15,0,0,0,1,8,0,0,0,38,21.0,0.0,6.0,8.0,32.0,0.0,0.0,0.0,33.0,0.0,3.0,2.0,4.0,4.0,0.0,0.0,0.0
112762368,432,0,opponent,33096.0,0,3,44,0,0,0,0,3,0,2,16,0,0,0,0,8,0,0,0,86,24.0,0.0,6.0,8.0,37.0,0.0,8.0,8.0,33.0,24.0,3.0,8.0,1.0,1.0,0.0,0.0,0.0
112762368,432,1,self,32612.0,0,3,44,0,0,0,0,3,6,5,16,0,0,0,1,8,0,0,0,86,21.0,0.0,6.0,8.0,34.0,0.0,8.0,8.0,33.0,24.0,3.0,8.0,4.0,4.0,0.0,0.0,0.0
112762368,455,0,opponent,36020.0,11,3,44,0,0,6,0,4,3,4,14,0,0,0,1,8,0,0,0,48,23.0,0.0,6.0,8.0,36.0,0.0,3.0,1.0,33.0,2.0,3.0,4.0,2.0,2.0,0.0,0.0,0.0
112762368,455,1,self,36170.0,11,3,42,2,0,6,0,4,3,4,14,0,0,0,2,8,0,0,0,48,21.0,0.0,6.0,8.0,32.0,0.0,3.0,1.0,33.0,2.0,3.0,4.0,4.0,6.0,0.0,0.0,0.0
112762368,479,0,opponent,38420.0,10,3,46,0,0,6,0,3,3,10,13,0,0,0,0,8,0,0,0,40,23.0,0.0,6.0,8.0,37.0,0.0,0.0,0.0,33.0,0.0,3.0,0.0,2.0,3.0,0.0,0.0,0.0
112762368,479,1,self,38496.0,10,3,38,6,0,6,0,3,5,10,13,0,0,0,1,8,0,0,0,40,23.0,0.0,6.0,8.0,37.0,0.0,0.0,0.0,33.0,0.0,3.0,0.0,2.0,3.0,0.0,0.0,0.0
112762368,480,0,opponent,38420.0,0,3,46,0,0,6,0,3,3,10,13,0,0,0,0,8,0,0,0,89,23.0,0.0,6.0,8.0,40.0,0.0,8.0,8.0,33.0,24.0,3.0,6.0,2.0,3.0,0.0,0.0,0.0
112762368,480,1,self,38496.0,0,3,38,6,0,6,0,3,5,10,13,0,0,0,1,8,0,0,0,89,23.0,0.0,6.0,8.0,40.0,0.0,8.0,8.0,33.0,24.0,3.0,6.0,2.0,3.0,0.0,0.0,0.0
112762368,503,0,opponent,39553.0,11,3,47,3,0,4,0,4,4,4,12,0,0,0,0,8,0,0,0,50,23.0,0.0,6.0,8.0,41.0,0.0,4.0,1.0,33.0,0.0,3.0,2.0,2.0,2.0,0.0,0.0,0.0
112762368,503,1,self,40124.0,11,3,39,3,0,4,0,4,4,7,13,0,0,0,1,8,0,0,0,50,23.0,0.0,6.0,8.0,41.0,0.0,4.0,1.0,33.0,0.0,3.0,2.0,2.0,2.0,0.0,0.0,0.0
112762368,527,0,opponent,41616.0,11,3,47,0,0,12,0,5,0,4,16,0,0,0,0,8,0,0,0,67,23.0,0.0,6.0,8.0,39.0,0.0,12.0,1.0,28.0,2.0,3.0,4.0,7.0,9.0,0.0,0.0,0.0
112762368,527,1,self,42188.0,11,3,39,0,0,12,0,5,0,4,16,0,0,0,1,8,0,0,0,67,23.0,0.0,6.0,8.0,39.0,0.0,12.0,1.0,28.0,2.0,3.0,4.0,7.0,9.0,0.0,0.0,0.0
112762368,551,0,opponent,43537.0,11,3,37,0,0,9,0,5,4,4,12,0,0,0,2,8,0,0,0,61,22.0,0.0,6.0,8.0,38.0,0.0,4.0,1.0,27.0,2.0,3.0,6.0,9.0,10.0,0.0,0.0,0.0
112762368,551,1,self,44117.0,11,3,29,0,0,10,0,5,4,4,14,0,0,0,3,8,0,0,0,61,21.0,0.0,6.0,8.0,37.0,0.0,4.0,1.0,27.0,2.0,3.0,6.0,10.0,11.0,0.0,0.0,0.0
112762368,575,0,opponent,45402.0,11,3,29,3,0,17,0,3,8,4,17,0,0,0,1,8,0,0,0,73,29.0,0.0,6.0,8.0,49.0,0.0,0.0,3.0,20.0,5.0,3.0,2.0,9.0,14.0,0.0,0.0,0.0
112762368,575,1,self,45546.0,11,3,29,3,0,17,0,3,8,4,17,0,0,0,5,8,0,0,0,73,23.0,0.0,6.0,8.0,43.0,0.0,0.0,3.0,20.0,5.0,3.0,2.0,15.0,20.0,0.0,0.0,0.0
112762368,576,0,opponent,45402.0,0,3,29,3,0,22,0,5,8,4,17,0,0,0,1,8,0,0,0,103,29.0,0.0,6.0,8.0,54.0,0.0,12.0,10.0,20.0,5.0,3.0,8.0,9.0,14.0,0.0,0.0,0.0
112762368,576,1,self,45546.0,0,3,29,3,0,22,0,5,8,4,17,0,0,0,5,8,0,0,0,104,23.0,0.0,6.0,8.0,48.0,0.0,12.0,10.0,20.0,6.0,3.0,8.0,15.0,20.0,0.0,0.0,0.0
112762368,599,0,opponent,46835.0,11,3,30,16,0,5,0,10,4,6,16,0,0,0,0,8,0,0,0,72,33.0,0.0,6.0,8.0,62.0,0.0,0.0,0.0,17.0,0.0,3.0,2.0,8.0,8.0,0.0,0.0,0.0
112762368,599,1,self,46681.0,11,3,30,16,0,6,0,10,8,6,16,0,0,0,2,8,0,0,0,72,26.0,0.0,6.0,8.0,54.0,0.0,0.0,0.0,17.0,0.0,3.0,2.0,15.0,16.0,0.0,0.0,0.0
112762368,623,0,opponent,48675.0,11,3,44,9,0,21,0,4,4,4,14,0,0,0,0,8,0,0,0,82,26.0,0.0,6.0,8.0,59.0,0.0,0.0,1.0,13.0,0.0,3.0,1.0,19.0,21.0,0.0,0.0,0.0
112762368,623,1,self,48589.0,11,3,41,12,0,21,0,4,4,4,15,0,0,0,2,8,0,0,0,82,20.0,0.0,6.0,8.0,48.0,0.0,0.0,1.0,13.0,0.0,3.0,1.0,25.0,32.0,0.0,0.0,0.0
112762368,647,0,opponent,50634.0,11,3,55,4,0,0,0,6,7,2,16,0,0,0,1,8,0,0,0,81,15.0,0.0,6.0,8.0,43.0,0.0,0.0,3.0,13.0,0.0,3.0,3.0,30.0,32.0,0.0,0.0,0.0
112762368,647,1,self,50486.0,11,3,37,21,0,0,0,6,7,2,16,0,0,0,2,8,0,0,0,81,14.0,0.0,6.0,8.0,40.0,0.0,0.0,3.0,13.0,0.0,3.0,3.0,31.0,35.0,0.0,0.0,0.0
112762368,648,0,opponent,50634.0,0,3,55,4,0,0,0,6,7,2,17,0,0,0,1,8,0,0,0,134,15.0,0.0,6.0,8.0,47.0,0.0,9.0,8.0,13.0,26.0,3.0,8.0,30.0,36.0,0.0,0.0,0.0
112762368,648,1,self,50486.0,0,3,37,21,0,0,0,6,7,2,17,0,0,0,2,8,0,0,0,132,14.0,0.0,6.0,8.0,44.0,0.0,9.0,8.0,13.0,26.0,2.0,6.0,31.0,39.0,0.0,0.0,0.0
112762368,671,0,opponent,52660.0,11,3,38,15,0,20,0,4,9,4,8,0,0,0,4,8,0,0,0,83,9.0,0.0,6.0,8.0,29.0,0.0,0.0,1.0,4.0,0.0,3.0,4.0,35.0,49.0,0.0,0.0,0.0
112762368,671,1,self,53318.0,11,3,36,15,0,20,0,4,9,4,8,0,0,0,4,0,0,0,0,80,9.0,0.0,6.0,8.0,25.0,0.0,0.0,1.0,4.0,0.0,2.0,2.0,35.0,52.0,0.0,0.0,0.0
112762368,695,0,opponent,55745.0,12,3,44,36,0,0,0,0,0,6,8,0,0,0,4,8,0,0,0,48,1.0,0.0,6.0,8.0,3.0,0.0,0.0,4.0,0.0,0.0,3.0,0.0,22.0,41.0,0.0,0.0,0.0
112762368,695,1,self,56693.0,12,3,38,36,0,0,0,0,3,2,8,0,0,0,4,0,0,0,0,48,2.0,0.0,6.0,8.0,4.0,0.0,0.0,4.0,0.0,0.0,2.0,0.0,21.0,40.0,0.0,0.0,0.0
112762368,696,0,opponent,55946.0,0,3,42,39,0,0,0,0,0,6,6,0,0,0,4,8,0,0,0,60,0.0,0.0,6.0,8.0,0.0,0.0,8.0,9.0,0.0,0.0,3.0,4.0,21.0,39.0,0.0,0.0,0.0
112762368,696,1,self,56897.0,0,3,36,39,0,0,0,0,3,2,6,0,0,0,4,0,0,0,0,59,1.0,0.0,6.0,8.0,1.0,0.0,8.0,9.0,0.0,0.0,2.0,3.0,20.0,38.0,1.0,0.0,0.0
112762368,719,0,opponent,64682.0,11,3,0,0,0,0,0,0,0,0,0,0,0,0,4,8,0,0,0,0,0.0,0.0,6.0,8.0,0.0,0.0,0.0,0.0,0.0,0.0,3.0,0.0,0.0,0.0,0.0,0.0,0.0
112762368,719,1,self,65286.0,11,3,0,0,0,0,0,0,0,0,0,0,0,0,4,0,0,0,0,0,0.0,0.0,6.0,8.0,0.0,0.0,0.0,0.0,0.0,0.0,2.0,0.0,0.0,0.0,1.0,0.0,0.0
112763535,0,0,self,3000.0,0,1,0,0,0,0,0,0,0,0,0,0,0,0,0,0,0,0,0,0,0.0,0.0,0.0,0.0,0.0,0.0,0.0,0.0,0.0,0.0,0.0,0.0,0.0,0.0,0.0,0.0,0.0
112763535,0,1,opponent,3000.0,0,1,0,0,0,0,0,0,0,0,0,0,0,0,0,0,0,0,0,0,0.0,0.0,0.0,0.0,0.0,0.0,0.0,0.0,0.0,0.0,0.0,0.0,0.0,0.0,0.0,0.0,0.0
112763535,23,0,self,16.0,5,1,3,0,0,0,0,0,0,0,0,0,0,0,0,0,0,0,0,20,8.0,12.0,2.0,2.0,8.0,12.0,0.0,0.0,0.0,0.0,0.0,0.0,0.0,0.0,0.0,0.0,0.0
112763535,23,1,opponent,8.0,5,1,3,0,0,0,0,0,0,0,0,0,0,0,0,0,0,0,0,20,8.0,12.0,2.0,2.0,8.0,12.0,0.0,0.0,0.0,0.0,0.0,0.0,0.0,0.0,0.0,0.0,0.0
112763535,24,0,self,16.0,0,1,3,0,0,0,0,0,0,0,0,0,0,0,0,0,0,0,0,20,8.0,12.0,2.0,2.0,8.0,12.0,0.0,0.0,0.0,0.0,0.0,0.0,0.0,0.0,0.0,0.0,0.0
112763535,24,1,opponent,8.0,0,1,3,0,0,0,0,0,0,0,0,0,0,0,0,0,0,0,0,20,8.0,12.0,2.0,2.0,8.0,12.0,0.0,0.0,0.0,0.0,0.0,0.0,0.0,0.0,0.0,0.0,0.0
112763535,47,0,self,105.0,3,1,6,0,0,0,0,0,0,0,1,0,0,0,0,0,0,0,0,20,8.0,12.0,2.0,2.0,8.0,12.0,0.0,0.0,0.0,0.0,0.0,0.0,0.0,0.0,0.0,0.0,0.0
112763535,47,1,opponent,97.0,3,1,6,0,0,0,0,0,0,0,1,0,0,0,0,0,0,0,0,20,8.0,12.0,2.0,2.0,8.0,12.0,0.0,0.0,0.0,0.0,0.0,0.0,0.0,0.0,0.0,0.0,0.0
112763535,71,0,self,218.0,4,1,6,0,0,0,0,0,0,0,0,0,0,0,0,0,0,0,0,25,8.0,12.0,2.0,3.0,13.0,12.0,0.0,0.0,0.0,0.0,0.0,0.0,0.0,0.0,0.0,0.0,0.0
112763535,71,1,opponent,210.0,4,1,6,0,0,0,0,0,0,0,0,0,0,0,0,0,0,0,0,25,8.0,12.0,2.0,3.0,13.0,12.0,0.0,0.0,0.0,0.0,0.0,0.0,0.0,0.0,0.0,0.0,0.0
112763535,72,0,self,218.0,0,1,6,0,0,0,0,0,0,0,0,0,0,0,0,0,0,0,0,25,8.0,12.0,2.0,3.0,13.0,12.0,0.0,0.0,0.0,0.0,0.0,0.0,0.0,0.0,0.0,0.0,0.0
112763535,72,1,opponent,210.0,0,1,6,0,0,0,0,0,0,0,0,0,0,0,0,0,0,0,0,25,8.0,12.0,2.0,3.0,13.0,12.0,0.0,0.0,0.0,0.0,0.0,0.0,0.0,0.0,0.0,0.0,0.0
112763535,95,0,self,269.0,5,1,14,0,0,0,0,0,0,0,1,1,0,0,0,0,0,0,0,19,7.0,12.0,2.0,3.0,7.0,12.0,0.0,0.0,0.0,0.0,0.0,0.0,0.0,0.0,0.0,0.0,0.0
112763535,95,1,opponent,348.0,5,1,11,0,0,0,0,0,0,0,1,1,0,0,0,0,0,0,0,19,7.0,12.0,2.0,3.0,7.0,12.0,0.0,0.0,0.0,0.0,0.0,0.0,0.0,0.0,0.0,0.0,0.0
112763535,119,0,self,680.0,4,1,19,0,0,0,0,0,0,0,1,0,0,0,0,0,0,0,0,19,7.0,12.0,2.0,4.0,7.0,12.0,0.0,0.0,0.0,0.0,0.0,0.0,0.0,0.0,0.0,0.0,0.0
112763535,119,1,opponent,759.0,4,1,16,0,0,0,0,0,0,0,1,0,0,0,0,0,0,0,0,19,7.0,12.0,2.0,4.0,7.0,12.0,0.0,0.0,0.0,0.0,0.0,0.0,0.0,0.0,0.0,0.0,0.0
112763535,143,0,self,793.0,4,1,19,0,0,0,0,0,0,0,2,0,0,0,0,0,0,0,0,15,3.0,12.0,2.0,4.0,3.0,12.0,0.0,0.0,4.0,0.0,0.0,0.0,0.0,0.0,0.0,0.0,0.0
112763535,143,1,opponent,872.0,4,1,16,0,0,0,0,0,0,0,2,0,0,0,0,0,0,0,0,15,3.0,12.0,2.0,4.0,3.0,12.0,0.0,0.0,4.0,0.0,0.0,0.0,0.0,0.0,0.0,0.0,0.0
112763535,144,0,self,793.0,0,1,19,0,0,0,0,0,0,0,2,0,0,0,0,0,0,0,0,27,3.0,12.0,2.0,4.0,3.0,12.0,12.0,0.0,4.0,0.0,0.0,0.0,0.0,0.0,0.0,0.0,0.0
112763535,144,1,opponent,872.0,0,1,16,0,0,0,0,0,0,0,2,0,0,0,0,0,0,0,0,27,3.0,12.0,2.0,4.0,3.0,12.0,12.0,0.0,4.0,0.0,0.0,0.0,0.0,0.0,0.0,0.0,0.0
112763535,167,0,self,1188.0,8,2,11,0,0,0,0,0,0,0,2,0,0,0,1,8,0,0,0,29,1.0,12.0,4.0,4.0,1.0,24.0,0.0,0.0,12.0,0.0,0.0,0.0,4.0,4.0,0.0,0.0,0.0
112763535,167,1,opponent,1477.0,8,2,8,0,0,0,0,0,0,0,2,0,0,0,0,0,0,0,0,29,5.0,12.0,4.0,4.0,5.0,24.0,0.0,0.0,12.0,0.0,0.0,0.0,0.0,0.0,0.0,0.0,0.0
112763535,191,0,self,514.0,8,2,2,0,0,0,0,0,0,0,3,0,0,0,0,8,0,0,0,45,5.0,12.0,4.0,6.0,5.0,36.0,0.0,0.0,16.0,0.0,0.0,0.0,4.0,4.0,0.0,0.0,0.0
112763535,191,1,opponent,764.0,8,2,0,0,0,0,0,0,0,0,3,0,0,0,0,0,0,0,0,45,9.0,12.0,4.0,6.0,9.0,36.0,0.0,0.0,16.0,0.0,0.0,0.0,0.0,0.0,0.0,0.0,0.0
112763535,192,0,self,271.0,0,2,10,0,0,0,0,0,0,0,3,0,0,0,0,8,0,0,0,57,5.0,12.0,4.0,6.0,5.0,36.0,0.0,12.0,16.0,0.0,0.0,0.0,4.0,4.0,0.0,0.0,0.0
112763535,192,1,opponent,521.0,0,2,8,0,0,0,0,0,0,0,3,0,0,0,0,0,0,0,0,57,9.0,12.0,4.0,6.0,9.0,36.0,0.0,12.0,16.0,0.0,0.0,0.0,0.0,0.0,0.0,0.0,0.0
112763535,215,0,self,1659.0,9,2,7,8,0,0,0,0,0,0,3,0,0,0,0,8,0,0,0,53,5.0,12.0,6.0,6.0,5.0,48.0,0.0,0.0,20.0,0.0,0.0,0.0,0.0,0.0,0.0,0.0,0.0
112763535,215,1,opponent,1843.0,9,2,15,0,0,0,0,0,0,0,3,0,0,0,0,0,0,0,0,53,5.0,12.0,6.0,6.0,5.0,48.0,0.0,0.0,20.0,0.0,0.0,0.0,0.0,0.0,0.0,0.0,0.0
112763535,239,0,self,4103.0,9,2,8,0,0,0,0,0,0,0,1,0,0,0,0,8,0,0,0,63,5.0,12.0,7.0,6.0,5.0,58.0,0.0,0.0,20.0,0.0,0.0,0.0,0.0,0.0,0.0,0.0,0.0
112763535,239,1,opponent,4233.0,9,2,9,0,0,0,0,0,0,0,1,0,0,0,0,0,0,0,0,63,5.0,12.0,7.0,6.0,5.0,58.0,0.0,0.0,20.0,0.0,0.0,0.0,0.0,0.0,0.0,0.0,0.0
112763535,240,0,self,4103.0,0,2,8,0,0,0,0,0,0,0,1,0,0,0,0,8,0,0,0,76,5.0,12.0,7.0,6.0,5.0,60.0,0.0,11.0,20.0,0.0,0.0,0.0,0.0,0.0,0.0,0.0,0.0
112763535,240,1,opponent,4233.0,0,2,9,0,0,0,0,0,0,0,1,0,0,0,0,0,0,0,0,76,5.0,12.0,7.0,6.0,5.0,60.0,0.0,11.0,20.0,0.0,0.0,0.0,0.0,0.0,0.0,0.0,0.0
112763535,263,0,self,16958.0,11,2,0,0,0,0,12,0,0,0,12,0,0,0,0,8,0,0,0,12,12.0,0.0,10.0,6.0,12.0,0.0,0.0,0.0,20.0,0.0,0.0,0.0,0.0,0.0,0.0,0.0,0.0
112763535,263,1,opponent,17122.0,11,2,0,0,0,0,12,0,0,0,12,0,0,0,0,0,0,0,0,12,12.0,0.0,10.0,6.0,12.0,0.0,0.0,0.0,20.0,0.0,0.0,0.0,0.0,0.0,0.0,0.0,0.0
112763535,287,0,self,7603.0,13,4,12,0,0,0,0,0,0,0,16,0,0,0,0,8,0,0,0,22,20.0,0.0,17.0,6.0,22.0,0.0,0.0,0.0,33.0,0.0,0.0,0.0,0.0,0.0,0.0,0.0,0.0
112763535,287,1,opponent,7767.0,13,4,12,0,0,0,0,0,0,0,16,0,0,0,0,0,0,0,0,22,20.0,0.0,17.0,6.0,22.0,0.0,0.0,0.0,33.0,0.0,0.0,0.0,0.0,0.0,0.0,0.0,0.0
112763535,288,0,self,7416.0,0,4,17,0,0,0,0,0,0,0,17,0,0,0,0,8,0,0,0,51,20.0,0.0,17.0,6.0,22.0,0.0,20.0,9.0,33.0,0.0,0.0,0.0,0.0,0.0,1.0,0.0,0.0
112763535,288,1,opponent,7580.0,0,4,17,0,0,0,0,0,0,0,17,0,0,0,0,0,0,0,0,51,20.0,0.0,17.0,6.0,22.0,0.0,20.0,9.0,33.0,0.0,0.0,0.0,0.0,0.0,0.0,0.0,0.0
112763535,311,0,self,12407.0,11,4,15,0,0,0,0,3,4,0,18,0,0,0,0,8,0,0,0,30,24.0,0.0,17.0,6.0,27.0,0.0,0.0,3.0,33.0,0.0,0.0,0.0,0.0,0.0,1.0,0.0,0.0
112763535,311,1,opponent,12574.0,11,4,15,0,0,0,0,3,4,0,18,0,0,0,0,0,0,0,0,30,24.0,0.0,17.0,6.0,27.0,0.0,0.0,3.0,33.0,0.0,0.0,0.0,0.0,0.0,0.0,0.0,0.0
112763535,335,0,self,14441.0,11,4,30,0,0,0,0,0,0,0,22,0,0,0,0,8,0,0,0,33,24.0,0.0,17.0,6.0,33.0,0.0,0.0,0.0,33.0,0.0,0.0,0.0,0.0,0.0,1.0,0.0,0.0
112763535,335,1,opponent,14608.0,11,4,30,0,0,0,0,0,0,0,22,0,0,0,0,0,0,0,0,33,24.0,0.0,17.0,6.0,33.0,0.0,0.0,0.0,33.0,0.0,0.0,0.0,0.0,0.0,0.0,0.0,0.0
112763535,359,0,self,18152.0,11,4,34,0,0,0,0,3,1,0,21,0,0,0,0,8,0,0,0,35,24.0,0.0,17.0,6.0,35.0,0.0,0.0,0.0,33.0,0.0,0.0,0.0,0.0,0.0,1.0,0.0,0.0
112763535,359,1,opponent,18319.0,11,4,34,0,0,0,0,3,1,0,21,0,0,0,0,0,0,0,0,35,24.0,0.0,17.0,6.0,35.0,0.0,0.0,0.0,33.0,0.0,0.0,0.0,0.0,0.0,0.0,0.0,0.0
112763535,360,0,self,17907.0,0,4,34,0,0,0,0,3,1,0,25,0,0,0,0,8,0,0,0,83,24.0,0.0,17.0,6.0,38.0,0.0,22.0,15.0,33.0,8.0,0.0,0.0,0.0,0.0,2.0,0.0,0.0
112763535,360,1,opponent,18074.0,0,4,34,0,0,0,0,3,1,0,25,0,0,0,0,0,0,0,0,83,24.0,0.0,17.0,6.0,38.0,0.0,22.0,15.0,33.0,8.0,0.0,0.0,0.0,0.0,1.0,0.0,0.0
112763535,383,0,self,23841.0,12,4,35,0,0,8,0,9,4,0,19,0,0,0,0,8,0,0,0,38,25.0,0.0,17.0,6.0,38.0,0.0,0.0,0.0,33.0,0.0,0.0,0.0,0.0,0.0,2.0,0.0,0.0
112763535,383,1,opponent,24008.0,12,4,35,0,0,8,0,9,4,0,19,0,0,0,0,0,0,0,0,38,25.0,0.0,17.0,6.0,38.0,0.0,0.0,0.0,33.0,0.0,0.0,0.0,0.0,0.0,1.0,0.0,0.0
112763535,407,0,self,30887.0,12,4,36,0,0,0,0,6,9,0,23,0,0,0,0,8,0,0,0,40,25.0,0.0,17.0,6.0,37.0,0.0,0.0,3.0,33.0,0.0,0.0,0.0,0.0,0.0,2.0,0.0,0.0
112763535,407,1,opponent,31054.0,12,4,36,0,0,0,0,6,9,0,23,0,0,0,0,0,0,0,0,40,25.0,0.0,17.0,6.0,37.0,0.0,0.0,3.0,33.0,0.0,0.0,0.0,0.0,0.0,1.0,0.0,0.0
112763535,431,0,self,40439.0,13,4,42,0,0,0,0,9,26,0,21,0,0,0,0,8,0,0,0,39,25.0,0.0,17.0,6.0,39.0,0.0,0.0,0.0,33.0,0.0,0.0,0.0,0.0,0.0,2.0,0.0,0.0
112763535,431,1,opponent,40606.0,13,4,42,0,0,0,0,9,26,0,21,0,0,0,0,0,0,0,0,39,25.0,0.0,17.0,6.0,39.0,0.0,0.0,0.0,33.0,0.0,0.0,0.0,0.0,0.0,1.0,0.0,0.0
112763535,432,0,self,46086.0,0,4,41,0,0,0,0,9,2,0,22,0,0,0,0,8,0,0,0,94,25.0,0.0,17.0,6.0,41.0,0.0,20.0,9.0,33.0,24.0,0.0,0.0,0.0,0.0,2.0,0.0,0.0
112763535,432,1,opponent,46253.0,0,4,41,0,0,0,0,9,2,0,22,0,0,0,0,0,0,0,0,94,25.0,0.0,17.0,6.0,41.0,0.0,20.0,9.0,33.0,24.0,0.0,0.0,0.0,0.0,1.0,0.0,0.0
112763535,455,0,self,48278.0,13,4,43,0,0,0,0,9,16,0,22,0,0,0,0,8,0,0,0,41,25.0,0.0,17.0,6.0,41.0,0.0,0.0,0.0,33.0,0.0,0.0,0.0,0.0,0.0,2.0,0.0,0.0
112763535,455,1,opponent,48445.0,13,4,43,0,0,0,0,9,16,0,22,0,0,0,0,0,0,0,0,41,25.0,0.0,17.0,6.0,41.0,0.0,0.0,0.0,33.0,0.0,0.0,0.0,0.0,0.0,1.0,0.0,0.0
112763535,479,0,self,52257.0,12,4,43,0,0,6,0,6,8,0,29,0,0,0,0,8,0,0,0,47,25.0,0.0,17.0,6.0,43.0,0.0,4.0,0.0,33.0,0.0,0.0,0.0,0.0,0.0,2.0,0.0,0.0
112763535,479,1,opponent,52424.0,12,4,43,0,0,6,0,6,8,0,29,0,0,0,0,0,0,0,0,47,25.0,0.0,17.0,6.0,43.0,0.0,4.0,0.0,33.0,0.0,0.0,0.0,0.0,0.0,1.0,0.0,0.0
112763535,480,0,self,52257.0,0,4,43,0,0,6,0,6,12,0,29,0,0,0,0,8,0,0,0,112,25.0,0.0,17.0,6.0,43.0,0.0,36.0,9.0,33.0,24.0,0.0,0.0,0.0,0.0,2.0,0.0,0.0
112763535,480,1,opponent,52424.0,0,4,43,0,0,6,0,6,12,0,29,0,0,0,0,0,0,0,0,112,25.0,0.0,17.0,6.0,43.0,0.0,36.0,9.0,33.0,24.0,0.0,0.0,0.0,0.0,1.0,0.0,0.0
112763535,503,0,self,60429.0,14,4,27,0,0,0,0,9,8,0,19,0,0,0,0,8,0,0,0,49,25.0,0.0,17.0,6.0,45.0,0.0,4.0,0.0,33.0,0.0,0.0,0.0,0.0,0.0,2.0,0.0,0.0
112763535,503,1,opponent,60591.0,14,4,27,0,0,0,0,9,8,0,19,0,0,0,0,0,0,0,0,49,25.0,0.0,17.0,6.0,45.0,0.0,4.0,0.0,33.0,0.0,0.0,0.0,0.0,0.0,1.0,0.0,0.0
112763535,527,0,self,62752.0,12,4,36,0,0,11,0,9,4,0,20,0,0,0,0,8,0,0,0,65,30.0,0.0,17.0,6.0,47.0,0.0,16.0,0.0,28.0,2.0,0.0,0.0,0.0,0.0,3.0,0.0,0.0
112763535,527,1,opponent,62565.0,12,4,36,0,0,11,0,9,4,0,20,0,0,0,0,0,0,0,0,65,30.0,0.0,17.0,6.0,47.0,0.0,16.0,0.0,28.0,2.0,0.0,0.0,0.0,0.0,1.0,0.0,0.0
112763535,551,0,self,65697.0,13,4,30,0,0,11,0,6,12,0,20,0,0,0,0,8,0,0,0,53,31.0,0.0,17.0,6.0,49.0,0.0,4.0,0.0,27.0,0.0,0.0,0.0,0.0,0.0,3.0,0.0,0.0
112763535,551,1,opponent,65470.0,13,4,30,0,0,11,0,6,12,0,20,0,0,0,0,0,0,0,0,53,31.0,0.0,17.0,6.0,49.0,0.0,4.0,0.0,27.0,0.0,0.0,0.0,0.0,0.0,1.0,0.0,0.0
112763535,575,0,self,68926.0,13,4,40,0,0,20,0,6,12,0,19,0,0,0,0,8,0,0,0,65,38.0,0.0,17.0,6.0,64.0,0.0,0.0,0.0,20.0,1.0,0.0,0.0,0.0,0.0,3.0,0.0,0.0
112763535,575,1,opponent,68699.0,13,4,40,0,0,20,0,6,12,0,19,0,0,0,0,0,0,0,0,65,38.0,0.0,17.0,6.0,64.0,0.0,0.0,0.0,20.0,1.0,0.0,0.0,0.0,0.0,1.0,0.0,0.0
112763535,576,0,self,68524.0,0,4,45,0,0,18,0,6,8,0,23,0,0,0,0,8,0,0,0,97,38.0,0.0,17.0,6.0,64.0,0.0,20.0,6.0,20.0,7.0,0.0,0.0,0.0,0.0,3.0,0.0,0.0
112763535,576,1,opponent,68297.0,0,4,45,0,0,18,0,6,8,0,23,0,0,0,0,0,0,0,0,97,38.0,0.0,17.0,6.0,64.0,0.0,20.0,6.0,20.0,7.0,0.0,0.0,0.0,0.0,1.0,0.0,0.0
112763535,599,0,self,69103.0,13,4,50,0,0,5,0,6,11,0,20,0,0,0,0,8,0,0,0,62,36.0,0.0,17.0,6.0,55.0,0.0,0.0,0.0,17.0,2.0,0.0,0.0,5.0,5.0,3.0,0.0,0.0
112763535,599,1,opponent,68703.0,13,4,50,0,0,5,0,6,11,0,20,0,0,0,0,8,0,0,0,62,36.0,0.0,17.0,6.0,55.0,0.0,0.0,0.0,17.0,2.0,0.0,0.0,5.0,5.0,1.0,0.0,0.0
112763535,623,0,self,70088.0,13,4,54,0,0,13,0,7,3,0,19,0,0,0,0,8,0,0,0,76,26.0,0.0,17.0,6.0,52.0,0.0,0.0,0.0,13.0,5.0,0.0,0.0,19.0,19.0,3.0,0.0,0.0
112763535,623,1,opponent,69604.0,13,4,54,0,0,13,0,7,3,0,19,0,0,0,0,8,0,0,0,76,26.0,0.0,17.0,6.0,52.0,0.0,0.0,0.0,13.0,5.0,0.0,0.0,19.0,19.0,1.0,0.0,0.0
112763535,647,0,self,70918.0,13,4,66,0,0,0,0,4,12,0,20,0,0,0,0,8,0,0,0,80,14.0,0.0,17.0,6.0,41.0,0.0,0.0,2.0,13.0,0.0,0.0,0.0,31.0,37.0,3.0,0.0,0.0
112763535,647,1,opponent,70434.0,13,4,66,0,0,0,0,4,12,0,20,0,0,0,0,8,0,0,0,80,14.0,0.0,17.0,6.0,41.0,0.0,0.0,2.0,13.0,0.0,0.0,0.0,31.0,37.0,1.0,0.0,0.0
112763535,648,0,self,70477.0,0,4,78,0,0,0,0,6,0,0,16,0,0,0,0,8,0,0,0,132,14.0,0.0,17.0,6.0,45.0,0.0,16.0,8.0,13.0,26.0,0.0,0.0,31.0,37.0,3.0,0.0,0.0
112763535,648,1,opponent,69993.0,0,4,78,0,0,0,0,6,0,0,16,0,0,0,0,8,0,0,0,132,14.0,0.0,17.0,6.0,45.0,0.0,16.0,8.0,13.0,26.0,0.0,0.0,31.0,37.0,1.0,0.0,0.0
112763535,671,0,self,72538.0,12,4,47,14,0,20,0,3,13,0,9,0,0,0,4,0,0,0,0,76,8.0,0.0,17.0,6.0,25.0,0.0,0.0,3.0,4.0,0.0,0.0,0.0,36.0,48.0,3.0,0.0,0.0
112763535,671,1,opponent,71894.0,12,4,47,14,0,20,0,3,13,0,9,0,0,0,4,8,0,0,0,76,8.0,0.0,17.0,6.0,25.0,0.0,0.0,3.0,4.0,0.0,0.0,0.0,36.0,48.0,1.0,0.0,0.0
112763535,695,0,self,76252.0,12,4,38,30,0,0,0,1,0,0,14,0,0,0,4,0,0,0,0,46,1.0,0.0,17.0,6.0,3.0,0.0,0.0,3.0,0.0,0.0,0.0,0.0,22.0,40.0,3.0,0.0,0.0
112763535,695,1,opponent,75607.0,12,4,38,30,0,0,0,1,0,0,14,0,0,0,4,8,0,0,0,46,1.0,0.0,17.0,6.0,3.0,0.0,0.0,3.0,0.0,0.0,0.0,0.0,22.0,40.0,1.0,0.0,0.0
112763535,696,0,self,76584.0,0,4,32,33,0,0,0,1,0,0,6,0,0,0,4,0,0,0,0,83,0.0,0.0,17.0,6.0,0.0,0.0,36.0,9.0,0.0,0.0,0.0,0.0,21.0,38.0,3.0,0.0,0.0
112763535,696,1,opponent,75939.0,0,4,32,33,0,0,0,1,0,0,6,0,0,0,4,8,0,0,0,83,0.0,0.0,17.0,6.0,0.0,0.0,36.0,9.0,0.0,0.0,0.0,0.0,21.0,38.0,1.0,0.0,0.0
112763535,719,0,self,83987.0,12,4,0,0,0,0,0,0,0,0,0,0,0,0,4,0,0,0,0,0,0.0,0.0,17.0,6.0,0.0,0.0,0.0,0.0,0.0,0.0,0.0,0.0,0.0,0.0,3.0,0.0,0.0
112763535,719,1,opponent,83342.0,12,4,0,0,0,0,0,0,0,0,0,0,0,0,4,8,0,0,0,0,0.0,0.0,17.0,6.0,0.0,0.0,0.0,0.0,0.0,0.0,0.0,0.0,0.0,0.0,1.0,0.0,0.0
112763647,0,0,opponent,3000.0,0,1,0,0,0,0,0,0,0,0,0,0,0,0,0,0,0,0,0,0,0.0,0.0,0.0,0.0,0.0,0.0,0.0,0.0,0.0,0.0,0.0,0.0,0.0,0.0,0.0,0.0,0.0
112763647,0,1,self,3000.0,0,1,0,0,0,0,0,0,0,0,0,0,0,0,0,0,0,0,0,0,0.0,0.0,0.0,0.0,0.0,0.0,0.0,0.0,0.0,0.0,0.0,0.0,0.0,0.0,0.0,0.0,0.0
112763647,23,0,opponent,8.0,5,1,3,0,0,0,0,0,0,0,0,0,0,0,0,0,0,0,0,20,8.0,12.0,2.0,2.0,8.0,12.0,0.0,0.0,0.0,0.0,0.0,0.0,0.0,0.0,0.0,0.0,0.0
112763647,23,1,self,16.0,5,1,3,0,0,0,0,0,0,0,0,0,0,0,0,0,0,0,0,20,8.0,12.0,2.0,2.0,8.0,12.0,0.0,0.0,0.0,0.0,0.0,0.0,0.0,0.0,0.0,0.0,0.0
112763647,24,0,opponent,8.0,0,1,3,0,0,0,0,0,0,0,0,0,0,0,0,0,0,0,0,20,8.0,12.0,2.0,2.0,8.0,12.0,0.0,0.0,0.0,0.0,0.0,0.0,0.0,0.0,0.0,0.0,0.0
112763647,24,1,self,16.0,0,1,3,0,0,0,0,0,0,0,0,0,0,0,0,0,0,0,0,20,8.0,12.0,2.0,2.0,8.0,12.0,0.0,0.0,0.0,0.0,0.0,0.0,0.0,0.0,0.0,0.0,0.0
112763647,47,0,opponent,97.0,3,1,6,0,0,0,0,0,0,0,1,0,0,0,0,0,0,0,0,20,8.0,12.0,2.0,2.0,8.0,12.0,0.0,0.0,0.0,0.0,0.0,0.0,0.0,0.0,0.0,0.0,0.0
112763647,47,1,self,105.0,3,1,6,0,0,0,0,0,0,0,1,0,0,0,0,0,0,0,0,20,8.0,12.0,2.0,2.0,8.0,12.0,0.0,0.0,0.0,0.0,0.0,0.0,0.0,0.0,0.0,0.0,0.0
112763647,71,0,opponent,210.0,4,1,6,0,0,0,0,0,0,0,0,0,0,0,0,0,0,0,0,25,8.0,12.0,2.0,3.0,13.0,12.0,0.0,0.0,0.0,0.0,0.0,0.0,0.0,0.0,0.0,0.0,0.0
112763647,71,1,self,218.0,4,1,6,0,0,0,0,0,0,0,0,0,0,0,0,0,0,0,0,25,8.0,12.0,2.0,3.0,13.0,12.0,0.0,0.0,0.0,0.0,0.0,0.0,0.0,0.0,0.0,0.0,0.0
112763647,72,0,opponent,210.0,0,1,6,0,0,0,0,0,0,0,0,0,0,0,0,0,0,0,0,25,8.0,12.0,2.0,3.0,13.0,12.0,0.0,0.0,0.0,0.0,0.0,0.0,0.0,0.0,0.0,0.0,0.0
112763647,72,1,self,218.0,0,1,6,0,0,0,0,0,0,0,0,0,0,0,0,0,0,0,0,25,8.0,12.0,2.0,3.0,13.0,12.0,0.0,0.0,0.0,0.0,0.0,0.0,0.0,0.0,0.0,0.0,0.0
112763647,95,0,opponent,261.0,5,1,14,0,0,0,0,0,0,0,1,1,0,0,0,0,0,0,0,19,7.0,12.0,2.0,3.0,7.0,12.0,0.0,0.0,0.0,0.0,0.0,0.0,0.0,0.0,0.0,0.0,0.0
112763647,95,1,self,269.0,5,1,14,0,0,0,0,0,0,0,1,1,0,0,0,0,0,0,0,19,7.0,12.0,2.0,3.0,7.0,12.0,0.0,0.0,0.0,0.0,0.0,0.0,0.0,0.0,0.0,0.0,0.0
112763647,119,0,opponent,671.0,4,1,19,0,0,0,0,0,0,0,1,0,0,0,0,0,0,0,0,19,7.0,12.0,2.0,4.0,7.0,12.0,0.0,0.0,0.0,0.0,0.0,0.0,0.0,0.0,0.0,0.0,0.0
112763647,119,1,self,679.0,4,1,19,0,0,0,0,0,0,0,1,0,0,0,0,0,0,0,0,19,7.0,12.0,2.0,4.0,7.0,12.0,0.0,0.0,0.0,0.0,0.0,0.0,0.0,0.0,0.0,0.0,0.0
112763647,143,0,opponent,784.0,4,1,19,0,0,0,0,0,0,0,2,0,0,0,0,0,0,0,0,15,3.0,12.0,2.0,4.0,3.0,12.0,0.0,0.0,4.0,0.0,0.0,0.0,0.0,0.0,0.0,0.0,0.0
112763647,143,1,self,792.0,4,1,19,0,0,0,0,0,0,0,2,0,0,0,0,0,0,0,0,15,3.0,12.0,2.0,4.0,3.0,12.0,0.0,0.0,4.0,0.0,0.0,0.0,0.0,0.0,0.0,0.0,0.0
112763647,144,0,opponent,784.0,0,1,19,0,0,0,0,0,0,0,2,0,0,0,0,0,0,0,0,27,3.0,12.0,2.0,4.0,3.0,12.0,12.0,0.0,4.0,0.0,0.0,0.0,0.0,0.0,0.0,0.0,0.0
112763647,144,1,self,792.0,0,1,19,0,0,0,0,0,0,0,2,0,0,0,0,0,0,0,0,27,3.0,12.0,2.0,4.0,3.0,12.0,12.0,0.0,4.0,0.0,0.0,0.0,0.0,0.0,0.0,0.0,0.0
112763647,167,0,opponent,735.0,7,2,16,0,0,0,0,0,2,0,1,0,0,0,0,0,0,0,0,30,6.0,12.0,2.0,6.0,7.0,23.0,0.0,0.0,12.0,0.0,0.0,0.0,0.0,0.0,0.0,0.0,0.0
112763647,167,1,self,743.0,7,2,16,0,0,0,0,0,2,0,1,0,0,0,0,0,0,0,0,30,6.0,12.0,2.0,6.0,7.0,23.0,0.0,0.0,12.0,0.0,0.0,0.0,0.0,0.0,0.0,0.0,0.0
112763647,191,0,opponent,532.0,7,2,11,0,0,0,0,0,0,0,1,0,0,0,1,0,0,0,0,44,8.0,12.0,2.0,8.0,8.0,36.0,0.0,0.0,16.0,0.0,0.0,0.0,0.0,0.0,0.0,0.0,0.0
112763647,191,1,self,540.0,7,2,11,0,0,0,0,0,0,0,1,0,0,0,1,0,0,0,0,44,8.0,12.0,2.0,8.0,8.0,36.0,0.0,0.0,16.0,0.0,0.0,0.0,0.0,0.0,0.0,0.0,0.0
112763647,192,0,opponent,532.0,0,2,11,0,0,0,0,0,0,0,1,0,0,0,0,0,0,0,0,57,9.0,12.0,2.0,8.0,9.0,36.0,0.0,12.0,16.0,0.0,0.0,0.0,0.0,0.0,0.0,0.0,0.0
112763647,192,1,self,540.0,0,2,11,0,0,0,0,0,0,0,1,0,0,0,0,0,0,0,0,57,9.0,12.0,2.0,8.0,9.0,36.0,0.0,12.0,16.0,0.0,0.0,0.0,0.0,0.0,0.0,0.0,0.0
112763647,215,0,opponent,1660.0,8,2,28,0,0,0,0,0,0,0,3,0,0,0,0,0,0,0,0,52,5.0,12.0,4.0,8.0,5.0,47.0,0.0,0.0,20.0,0.0,0.0,0.0,0.0,0.0,0.0,0.0,0.0
112763647,215,1,self,1668.0,8,2,28,0,0,0,0,0,0,0,3,0,0,0,0,0,0,0,0,52,5.0,12.0,4.0,8.0,5.0,47.0,0.0,0.0,20.0,0.0,0.0,0.0,0.0,0.0,0.0,0.0,0.0
112763647,239,0,opponent,2573.0,8,2,36,0,0,0,0,0,0,0,1,0,1,0,0,0,0,0,0,64,5.0,12.0,5.0,8.0,5.0,59.0,0.0,0.0,20.0,0.0,0.0,0.0,0.0,0.0,0.0,0.0,0.0
112763647,239,1,self,2581.0,8,2,36,0,0,0,0,0,0,0,1,0,1,0,0,0,0,0,0,64,5.0,12.0,5.0,8.0,5.0,59.0,0.0,0.0,20.0,0.0,0.0,0.0,0.0,0.0,0.0,0.0,0.0
112763647,240,0,opponent,2573.0,0,2,36,0,0,0,0,0,0,0,1,0,1,0,0,0,0,0,0,77,5.0,12.0,5.0,8.0,5.0,60.0,0.0,12.0,20.0,0.0,0.0,0.0,0.0,0.0,0.0,0.0,0.0
112763647,240,1,self,2581.0,0,2,36,0,0,0,0,0,0,0,1,0,1,0,0,0,0,0,0,77,5.0,12.0,5.0,8.0,5.0,60.0,0.0,12.0,20.0,0.0,0.0,0.0,0.0,0.0,0.0,0.0,0.0
112763647,263,0,opponent,16354.0,11,2,42,0,0,0,12,0,0,0,11,0,0,0,0,0,0,0,0,13,12.0,0.0,6.0,8.0,13.0,0.0,0.0,0.0,20.0,0.0,2.0,0.0,0.0,0.0,0.0,0.0,0.0
112763647,263,1,self,16362.0,11,2,42,0,0,0,12,0,0,0,11,0,0,0,0,0,0,0,0,13,12.0,0.0,6.0,8.0,13.0,0.0,0.0,0.0,20.0,0.0,2.0,0.0,0.0,0.0,0.0,0.0,0.0
112763647,287,0,opponent,15722.0,10,3,37,0,0,0,0,0,0,0,15,0,0,0,0,0,0,0,0,24,21.0,0.0,6.0,8.0,24.0,0.0,0.0,0.0,33.0,0.0,3.0,0.0,0.0,0.0,0.0,0.0,0.0
112763647,287,1,self,15730.0,10,3,37,0,0,0,0,0,0,0,15,0,0,0,0,0,0,0,0,24,21.0,0.0,6.0,8.0,24.0,0.0,0.0,0.0,33.0,0.0,3.0,0.0,0.0,0.0,0.0,0.0,0.0
112763647,288,0,opponent,15722.0,0,3,39,0,0,0,0,0,0,0,16,0,0,0,0,0,0,0,0,39,20.0,0.0,6.0,8.0,22.0,0.0,8.0,9.0,33.0,0.0,3.0,0.0,0.0,0.0,0.0,0.0,0.0
112763647,288,1,self,15730.0,0,3,39,0,0,0,0,0,0,0,16,0,0,0,0,0,0,0,0,39,20.0,0.0,6.0,8.0,22.0,0.0,8.0,9.0,33.0,0.0,3.0,0.0,0.0,0.0,0.0,0.0,0.0
112763647,311,0,opponent,19432.0,9,3,14,0,0,0,0,0,0,0,17,0,0,0,0,0,0,0,0,30,24.0,0.0,6.0,8.0,27.0,0.0,0.0,3.0,33.0,0.0,3.0,0.0,0.0,0.0,0.0,0.0,0.0
112763647,311,1,self,19440.0,9,3,14,0,0,0,0,0,0,0,17,0,0,0,0,0,0,0,0,30,24.0,0.0,6.0,8.0,27.0,0.0,0.0,3.0,33.0,0.0,3.0,0.0,0.0,0.0,0.0,0.0,0.0
112763647,335,0,opponent,21206.0,9,3,16,0,0,0,0,0,0,0,14,0,0,0,0,0,0,0,0,32,24.0,0.0,6.0,8.0,32.0,0.0,0.0,0.0,33.0,0.0,3.0,0.0,0.0,0.0,0.0,0.0,0.0
112763647,335,1,self,21214.0,9,3,16,0,0,0,0,0,0,0,14,0,0,0,0,0,0,0,0,32,24.0,0.0,6.0,8.0,32.0,0.0,0.0,0.0,33.0,0.0,3.0,0.0,0.0,0.0,0.0,0.0,0.0
112763647,359,0,opponent,23752.0,9,3,24,0,0,0,0,6,3,8,20,0,0,0,0,0,0,0,0,38,24.0,0.0,6.0,8.0,38.0,0.0,0.0,0.0,33.0,0.0,3.0,0.0,0.0,0.0,0.0,0.0,0.0
112763647,359,1,self,23760.0,9,3,24,0,0,0,0,6,3,8,20,0,0,0,0,0,0,0,0,38,24.0,0.0,6.0,8.0,38.0,0.0,0.0,0.0,33.0,0.0,3.0,0.0,0.0,0.0,0.0,0.0,0.0
112763647,360,0,opponent,24133.0,0,3,24,0,0,0,0,6,0,8,15,0,0,0,0,0,0,0,0,82,24.0,0.0,6.0,8.0,40.0,0.0,11.0,15.0,33.0,8.0,3.0,8.0,0.0,0.0,0.0,0.0,0.0
112763647,360,1,self,24141.0,0,3,24,0,0,0,0,6,0,8,15,0,0,0,0,0,0,0,0,82,24.0,0.0,6.0,8.0,40.0,0.0,11.0,15.0,33.0,8.0,3.0,8.0,0.0,0.0,0.0,0.0,0.0
112763647,383,0,opponent,28481.0,10,3,25,0,0,0,0,0,11,6,11,0,0,0,1,0,0,0,0,40,24.0,0.0,6.0,8.0,38.0,0.0,0.0,0.0,33.0,0.0,3.0,2.0,0.0,0.0,0.0,0.0,0.0
112763647,383,1,self,28489.0,10,3,25,0,0,0,0,0,11,6,11,0,0,0,1,0,0,0,0,40,24.0,0.0,6.0,8.0,38.0,0.0,0.0,0.0,33.0,0.0,3.0,2.0,0.0,0.0,0.0,0.0,0.0
112763647,407,0,opponent,32938.0,11,3,36,0,0,0,0,3,0,5,11,0,0,0,1,0,0,0,0,38,25.0,0.0,6.0,8.0,36.0,0.0,0.0,0.0,33.0,0.0,3.0,2.0,0.0,0.0,0.0,0.0,0.0
112763647,407,1,self,32995.0,11,3,36,0,0,0,0,3,0,5,11,0,0,0,1,0,0,0,0,38,25.0,0.0,6.0,8.0,36.0,0.0,0.0,0.0,33.0,0.0,3.0,2.0,0.0,0.0,0.0,0.0,0.0
112763647,431,0,opponent,36895.0,11,3,41,0,0,0,0,9,2,6,15,0,0,0,1,0,0,0,0,38,25.0,0.0,6.0,8.0,36.0,0.0,0.0,0.0,33.0,0.0,3.0,2.0,0.0,0.0,0.0,0.0,0.0
112763647,431,1,self,36952.0,11,3,41,0,0,0,0,9,2,6,15,0,0,0,1,0,0,0,0,38,25.0,0.0,6.0,8.0,36.0,0.0,0.0,0.0,33.0,0.0,3.0,2.0,0.0,0.0,0.0,0.0,0.0
112763647,432,0,opponent,36950.0,0,3,41,0,0,0,0,9,2,5,16,0,0,0,1,0,0,0,0,89,25.0,0.0,6.0,8.0,38.0,0.0,4.0,15.0,33.0,24.0,3.0,8.0,0.0,0.0,0.0,0.0,0.0
112763647,432,1,self,37007.0,0,3,41,0,0,0,0,9,2,5,16,0,0,0,1,0,0,0,0,89,25.0,0.0,6.0,8.0,38.0,0.0,4.0,15.0,33.0,24.0,3.0,8.0,0.0,0.0,0.0,0.0,0.0
112763647,455,0,opponent,41281.0,11,3,44,0,0,6,0,6,1,4,14,0,0,0,1,0,0,0,0,48,25.0,0.0,6.0,8.0,38.0,0.0,1.0,3.0,33.0,2.0,3.0,4.0,0.0,0.0,0.0,0.0,0.0
112763647,455,1,self,41352.0,11,3,44,0,0,6,0,6,1,4,14,0,0,0,1,0,0,0,0,48,25.0,0.0,6.0,8.0,38.0,0.0,1.0,3.0,33.0,2.0,3.0,4.0,0.0,0.0,0.0,0.0,0.0
112763647,479,0,opponent,45376.0,10,3,49,0,0,6,0,4,3,10,13,0,0,0,1,0,0,0,0,40,25.0,0.0,6.0,8.0,40.0,0.0,0.0,0.0,33.0,0.0,3.0,0.0,0.0,0.0,0.0,0.0,0.0
112763647,479,1,self,45448.0,10,3,49,0,0,6,0,4,3,10,13,0,0,0,1,0,0,0,0,40,25.0,0.0,6.0,8.0,40.0,0.0,0.0,0.0,33.0,0.0,3.0,0.0,0.0,0.0,0.0,0.0,0.0
112763647,480,0,opponent,45376.0,0,3,49,0,0,6,0,4,3,10,13,0,0,0,1,0,0,0,0,87,25.0,0.0,6.0,8.0,43.0,0.0,4.0,10.0,33.0,24.0,3.0,6.0,0.0,0.0,0.0,0.0,0.0
112763647,480,1,self,45448.0,0,3,49,0,0,6,0,4,3,10,13,0,0,0,1,0,0,0,0,87,25.0,0.0,6.0,8.0,43.0,0.0,4.0,10.0,33.0,24.0,3.0,6.0,0.0,0.0,0.0,0.0,0.0
112763647,503,0,opponent,50785.0,11,3,52,0,0,4,0,4,2,7,13,0,0,0,1,0,0,0,0,49,25.0,0.0,6.0,8.0,43.0,0.0,2.0,2.0,33.0,0.0,3.0,2.0,0.0,0.0,0.0,0.0,0.0
112763647,503,1,self,50903.0,11,3,52,0,0,4,0,4,2,7,13,0,0,0,1,0,0,0,0,49,25.0,0.0,6.0,8.0,43.0,0.0,2.0,2.0,33.0,0.0,3.0,2.0,0.0,0.0,0.0,0.0,0.0
112763647,527,0,opponent,56605.0,11,3,51,0,0,12,0,6,0,4,16,0,0,0,1,0,0,0,0,61,30.0,0.0,6.0,8.0,48.0,0.0,5.0,2.0,28.0,2.0,3.0,4.0,0.0,0.0,0.0,0.0,0.0
112763647,527,1,self,56728.0,11,3,51,0,0,12,0,6,0,4,16,0,0,0,1,0,0,0,0,61,30.0,0.0,6.0,8.0,48.0,0.0,5.0,2.0,28.0,2.0,3.0,4.0,0.0,0.0,0.0,0.0,0.0
112763647,551,0,opponent,60564.0,11,3,43,0,0,10,0,9,1,4,13,0,0,0,1,0,0,0,0,61,31.0,0.0,6.0,8.0,48.0,0.0,2.0,3.0,27.0,2.0,3.0,6.0,0.0,0.0,0.0,0.0,0.0
112763647,551,1,self,60678.0,11,3,43,0,0,10,0,9,1,4,13,0,0,0,1,0,0,0,0,61,31.0,0.0,6.0,8.0,48.0,0.0,2.0,3.0,27.0,2.0,3.0,6.0,0.0,0.0,0.0,0.0,0.0
112763647,575,0,opponent,63699.0,11,3,35,0,0,17,0,6,2,4,17,0,0,0,1,0,0,0,0,76,38.0,0.0,6.0,8.0,63.0,0.0,0.0,6.0,20.0,5.0,3.0,2.0,0.0,0.0,0.0,0.0,0.0
112763647,575,1,self,63681.0,11,3,35,0,0,17,0,6,2,4,17,0,0,0,5,8,0,0,0,76,30.0,0.0,6.0,8.0,55.0,0.0,0.0,6.0,20.0,5.0,3.0,2.0,8.0,8.0,0.0,0.0,0.0
112763647,576,0,opponent,63699.0,0,3,35,0,0,22,0,9,2,4,17,0,0,0,1,0,0,0,0,106,38.0,0.0,6.0,8.0,68.0,0.0,6.0,18.0,20.0,6.0,3.0,8.0,0.0,0.0,0.0,0.0,0.0
112763647,576,1,self,63681.0,0,3,35,0,0,22,0,9,2,4,17,0,0,0,5,8,0,0,0,106,30.0,0.0,6.0,8.0,60.0,0.0,6.0,18.0,20.0,6.0,3.0,8.0,8.0,8.0,0.0,0.0,0.0
112763647,599,0,opponent,65663.0,11,3,45,0,0,6,0,18,2,6,16,0,0,0,2,8,0,0,0,69,36.0,0.0,6.0,8.0,62.0,0.0,0.0,0.0,17.0,0.0,3.0,2.0,5.0,5.0,0.0,0.0,0.0
112763647,599,1,self,65899.0,11,3,45,0,0,6,0,18,2,6,16,0,0,0,2,8,0,0,0,69,28.0,0.0,6.0,8.0,54.0,0.0,0.0,0.0,17.0,0.0,3.0,2.0,13.0,13.0,0.0,0.0,0.0
112763647,623,0,opponent,68608.0,11,3,49,0,0,21,0,6,2,4,15,0,0,0,2,8,0,0,0,82,26.0,0.0,6.0,8.0,59.0,0.0,0.0,3.0,13.0,0.0,3.0,1.0,19.0,19.0,0.0,0.0,0.0
112763647,623,1,self,68871.0,11,3,49,0,0,21,0,6,2,4,15,0,0,0,2,8,0,0,0,82,18.0,0.0,6.0,8.0,41.0,0.0,0.0,3.0,13.0,0.0,3.0,1.0,27.0,37.0,0.0,0.0,0.0
112763647,647,0,opponent,71161.0,11,3,57,0,0,0,0,10,4,2,17,0,0,0,2,8,0,0,0,83,14.0,0.0,6.0,8.0,40.0,0.0,0.0,5.0,13.0,0.0,3.0,3.0,31.0,35.0,0.0,0.0,0.0
112763647,647,1,self,71477.0,11,3,26,28,0,0,0,9,4,2,17,0,0,0,2,8,0,0,0,83,14.0,0.0,6.0,8.0,40.0,0.0,0.0,5.0,13.0,0.0,3.0,3.0,31.0,35.0,0.0,0.0,0.0
112763647,648,0,opponent,71224.0,0,3,57,0,0,0,0,9,4,2,18,0,0,0,2,8,0,0,0,135,14.0,0.0,6.0,8.0,44.0,0.0,4.0,14.0,13.0,26.0,3.0,8.0,31.0,39.0,0.0,0.0,0.0
112763647,648,1,self,71477.0,0,3,26,28,0,0,0,9,4,2,18,0,0,0,2,8,0,0,0,133,14.0,0.0,6.0,8.0,44.0,0.0,4.0,14.0,13.0,26.0,2.0,6.0,31.0,39.0,0.0,0.0,0.0
112763647,671,0,opponent,73885.0,11,3,36,15,0,20,0,5,4,0,8,0,0,0,5,0,0,0,0,88,8.0,0.0,6.0,8.0,24.0,0.0,0.0,3.0,4.0,0.0,3.0,8.0,36.0,53.0,0.0,0.0,0.0
112763647,671,1,self,75029.0,11,3,32,15,0,20,0,5,4,4,8,0,0,0,4,0,0,0,0,82,9.0,0.0,6.0,8.0,25.0,0.0,0.0,3.0,4.0,0.0,2.0,2.0,35.0,52.0,0.0,0.0,0.0
112763647,695,0,opponent,78104.0,11,3,41,36,0,0,0,1,3,8,8,0,0,0,5,0,0,0,0,52,1.0,0.0,6.0,8.0,3.0,0.0,0.0,9.0,0.0,0.0,3.0,0.0,22.0,40.0,0.0,0.0,0.0
112763647,695,1,self,79409.0,11,3,41,36,0,0,0,1,3,2,8,0,0,0,4,0,0,0,0,52,2.0,0.0,6.0,8.0,4.0,0.0,0.0,9.0,0.0,0.0,2.0,0.0,21.0,39.0,0.0,0.0,0.0
112763647,696,0,opponent,78307.0,0,3,38,39,0,0,0,1,3,8,6,0,0,0,5,0,0,0,0,62,0.0,0.0,6.0,8.0,0.0,0.0,2.0,18.0,0.0,0.0,3.0,4.0,21.0,38.0,1.0,0.0,0.0
112763647,696,1,self,79612.0,0,3,38,39,0,0,0,1,3,2,6,0,0,0,4,0,0,0,0,61,1.0,0.0,6.0,8.0,1.0,0.0,2.0,18.0,0.0,0.0,2.0,3.0,20.0,37.0,0.0,0.0,0.0
112763647,719,0,opponent,85195.0,11,3,0,0,0,0,0,0,0,0,0,0,0,0,5,0,0,0,0,0,0.0,0.0,6.0,8.0,0.0,0.0,0.0,0.0,0.0,0.0,3.0,0.0,0.0,0.0,1.0,0.0,0.0
112763647,719,1,self,86061.0,11,3,0,0,0,0,0,0,0,0,0,0,0,0,4,0,0,0,0,0,0.0,0.0,6.0,8.0,0.0,0.0,0.0,0.0,0.0,0.0,2.0,0.0,0.0,0.0,0.0,0.0,0.0
