arm,baseline_id,opponent_id,opponent_family,seed,seat,self_final_cash,opp_final_cash,margin,result,engine,elapsed_seconds,model_loaded,model_calls,model_selected_tasks,model_changed_final_actions,rule_overrides,planned_retirements,unplanned_losses,contract_failures,shop_sequence_hash,shop_events_json,replay,replay_sha256,agent_sha256,opponent_sha256,engine_sha256,telemetry_json,diagnostics_json,error
B0_v124,B0_v124_source,stress_buy10_sell10,opening_funding_stress,2026092411,0,163329.0,42962.0,120367.0,W,kagsim,6.527802,0,0,0,0,0,0,0,0,3953396c19f258792c914b6921dae03f3624d8252ab08c1ca7609ce4c242438d,"[{""step"":0,""shops"":[]},{""step"":72,""shops"":[""SMOOTHIE_SHOP""]},{""step"":144,""shops"":[""SMOOTHIE_SHOP"",""PIZZA_SHOP""]},{""step"":216,""shops"":[""SMOOTHIE_SHOP"",""PIZZA_SHOP"",""BAKERY""]},{""step"":288,""shops"":[""SMOOTHIE_SHOP"",""PIZZA_SHOP"",""BAKERY"",""ICE_CREAM_SHOP""]},{""step"":360,""shops"":[""SMOOTHIE_SHOP"",""PIZZA_SHOP"",""BAKERY"",""ICE_CREAM_SHOP"",""ICE_CREAM_SHOP""]},{""step"":432,""shops"":[""SMOOTHIE_SHOP"",""PIZZA_SHOP"",""BAKERY"",""ICE_CREAM_SHOP"",""ICE_CREAM_SHOP"",""YARN_STORE""]},{""step"":504,""shops"":[""SMOOTHIE_SHOP"",""PIZZA_SHOP"",""BAKERY"",""ICE_CREAM_SHOP"",""ICE_CREAM_SHOP"",""YARN_STORE"",""FARMERS_MARKET""]},{""step"":576,""shops"":[""SMOOTHIE_SHOP"",""PIZZA_SHOP"",""BAKERY"",""ICE_CREAM_SHOP"",""ICE_CREAM_SHOP"",""YARN_STORE"",""FARMERS_MARKET"",""FARMERS_MARKET""]}]",experiments/round10_public_learning_20260924/evaluations/opening_funding_stress/replays/B0_v124/stress_buy10_sell10/seed_2026092411_seat_0.json.gz,a2d52849e71f3f864a79066bf9f44b7058dc9620836acacd795dbabaab8dec2e,0f0c95d52e82840488078a2feecf9ca4d3c59e9337d3273bf7c64ca572c0e51f,c4ecb6bf92019a15e11b0d8b7c302a7d733a68d2d20436cd715fdc754629d9bb,0fe077cc65622d6f6828160d90b617595a4aa7ea188e4afc67bfee8e4d290c92,"{""players"":[{""sell_dead_units"":15986,""refused_buy_product"":7,""refused_buy_seed"":0,""refused_buy_animal"":0,""refused_hire"":0,""refused_buy_land"":0,""hire_paid"":3630,""sell_zero_fill"":0,""buy_zero_fill"":0,""sell_revenue"":226706.0,""total_spend"":66377.0,""shed_discarded_units"":25,""sold_units"":2471,""feed_no_wheat"":0,""feed_no_animal"":0,""feed_redundant"":0,""water_dead"":13,""harvest_dead"":7,""plant_dead"":0,""animals_escaped"":0,""escape_capital"":0.0,""escape_yield_units"":0,""escape_first_day"":-1,""animal_unfed_days"":38,""plants_dry"":1,""dry_seed_cost"":100.0,""dry_yield_units"":0,""dry_first_day"":21,""plant_unwatered_days"":378,""decay_units"":18,""plants_decayed"":18,""silent_loss_coins"":100.0,""silent_loss_units"":43,""dead_actions"":46,""move_dead"":0,""locked_dead"":0,""pickup_dead"":0,""drop_dead"":0,""place_dead"":0,""build_dead"":0,""dig_dead"":1,""fertilize_dead"":0,""collect_dead"":3,""care_dead"":22,""tile_cap_units"":9,""fertilizer_forgone"":15,""care_unfed"":34,""animal_shed_days"":1,""idle_tile_days"":64,""weed_tile_days"":1,""hand_pass_turns"":370,""farmer_pass_turns"":62,""phantom_hand_actions"":0,""sell_floor_units"":7,""hire_premium"":3370,""shed_units_now"":0,""shed_value_now"":0.0,""animals_in_shed_now"":0,""seeds_unplanted_now"":1,""seeds_unplanted_cost_now"":10.0},{""sell_dead_units"":632,""refused_buy_product"":34,""refused_buy_seed"":12,""refused_buy_animal"":8,""refused_hire"":0,""refused_buy_land"":1,""hire_paid"":3897,""sell_zero_fill"":112,""buy_zero_fill"":23,""sell_revenue"":60432.0,""total_spend"":20470.0,""shed_discarded_units"":0,""sold_units"":741,""feed_no_wheat"":6,""feed_no_animal"":253,""feed_redundant"":0,""water_dead"":111,""harvest_dead"":169,""plant_dead"":4,""animals_escaped"":3,""escape_capital"":1300.0,""escape_yield_units"":0,""escape_first_day"":1,""animal_unfed_days"":17,""plants_dry"":0,""dry_seed_cost"":0.0,""dry_yield_units"":0,""dry_first_day"":-1,""plant_unwatered_days"":135,""decay_units"":0,""plants_decayed"":0,""silent_loss_coins"":1300.0,""silent_loss_units"":0,""dead_actions"":1983,""move_dead"":0,""locked_dead"":774,""pickup_dead"":16,""drop_dead"":0,""place_dead"":52,""build_dead"":0,""dig_dead"":18,""fertilize_dead"":38,""collect_dead"":266,""care_dead"":276,""tile_cap_units"":7,""fertilizer_forgone"":8,""care_unfed"":13,""animal_shed_days"":47,""idle_tile_days"":356,""weed_tile_days"":3,""hand_pass_turns"":362,""farmer_pass_turns"":59,""phantom_hand_actions"":0,""sell_floor_units"":0,""hire_premium"":3634,""shed_units_now"":0,""shed_value_now"":0.0,""animals_in_shed_now"":2,""seeds_unplanted_now"":81,""seeds_unplanted_cost_now"":2510.0}]}",{},
B0_v124,B0_v124_source,stress_buy10_sell10,opening_funding_stress,2026092411,1,163329.0,42962.0,120367.0,W,kagsim,5.191851,0,0,0,0,0,0,0,0,3953396c19f258792c914b6921dae03f3624d8252ab08c1ca7609ce4c242438d,"[{""step"":0,""shops"":[]},{""step"":72,""shops"":[""SMOOTHIE_SHOP""]},{""step"":144,""shops"":[""SMOOTHIE_SHOP"",""PIZZA_SHOP""]},{""step"":216,""shops"":[""SMOOTHIE_SHOP"",""PIZZA_SHOP"",""BAKERY""]},{""step"":288,""shops"":[""SMOOTHIE_SHOP"",""PIZZA_SHOP"",""BAKERY"",""ICE_CREAM_SHOP""]},{""step"":360,""shops"":[""SMOOTHIE_SHOP"",""PIZZA_SHOP"",""BAKERY"",""ICE_CREAM_SHOP"",""ICE_CREAM_SHOP""]},{""step"":432,""shops"":[""SMOOTHIE_SHOP"",""PIZZA_SHOP"",""BAKERY"",""ICE_CREAM_SHOP"",""ICE_CREAM_SHOP"",""YARN_STORE""]},{""step"":504,""shops"":[""SMOOTHIE_SHOP"",""PIZZA_SHOP"",""BAKERY"",""ICE_CREAM_SHOP"",""ICE_CREAM_SHOP"",""YARN_STORE"",""FARMERS_MARKET""]},{""step"":576,""shops"":[""SMOOTHIE_SHOP"",""PIZZA_SHOP"",""BAKERY"",""ICE_CREAM_SHOP"",""ICE_CREAM_SHOP"",""YARN_STORE"",""FARMERS_MARKET"",""FARMERS_MARKET""]}]",experiments/round10_public_learning_20260924/evaluations/opening_funding_stress/replays/B0_v124/stress_buy10_sell10/seed_2026092411_seat_1.json.gz,087983ce338c78fd3843694bb3f41608f52e43b53b27894ba613d4e450d63a5c,0f0c95d52e82840488078a2feecf9ca4d3c59e9337d3273bf7c64ca572c0e51f,c4ecb6bf92019a15e11b0d8b7c302a7d733a68d2d20436cd715fdc754629d9bb,0fe077cc65622d6f6828160d90b617595a4aa7ea188e4afc67bfee8e4d290c92,"{""players"":[{""sell_dead_units"":632,""refused_buy_product"":34,""refused_buy_seed"":12,""refused_buy_animal"":8,""refused_hire"":0,""refused_buy_land"":1,""hire_paid"":3897,""sell_zero_fill"":112,""buy_zero_fill"":23,""sell_revenue"":60432.0,""total_spend"":20470.0,""shed_discarded_units"":0,""sold_units"":741,""feed_no_wheat"":6,""feed_no_animal"":253,""feed_redundant"":0,""water_dead"":111,""harvest_dead"":170,""plant_dead"":4,""animals_escaped"":3,""escape_capital"":1300.0,""escape_yield_units"":0,""escape_first_day"":1,""animal_unfed_days"":17,""plants_dry"":0,""dry_seed_cost"":0.0,""dry_yield_units"":0,""dry_first_day"":-1,""plant_unwatered_days"":135,""decay_units"":0,""plants_decayed"":0,""silent_loss_coins"":1300.0,""silent_loss_units"":0,""dead_actions"":1984,""move_dead"":0,""locked_dead"":774,""pickup_dead"":16,""drop_dead"":0,""place_dead"":52,""build_dead"":0,""dig_dead"":18,""fertilize_dead"":38,""collect_dead"":266,""care_dead"":276,""tile_cap_units"":7,""fertilizer_forgone"":8,""care_unfed"":13,""animal_shed_days"":47,""idle_tile_days"":356,""weed_tile_days"":1,""hand_pass_turns"":362,""farmer_pass_turns"":59,""phantom_hand_actions"":0,""sell_floor_units"":0,""hire_premium"":3634,""shed_units_now"":0,""shed_value_now"":0.0,""animals_in_shed_now"":2,""seeds_unplanted_now"":81,""seeds_unplanted_cost_now"":2510.0},{""sell_dead_units"":15986,""refused_buy_product"":7,""refused_buy_seed"":0,""refused_buy_animal"":0,""refused_hire"":0,""refused_buy_land"":0,""hire_paid"":3630,""sell_zero_fill"":0,""buy_zero_fill"":0,""sell_revenue"":226706.0,""total_spend"":66377.0,""shed_discarded_units"":25,""sold_units"":2471,""feed_no_wheat"":0,""feed_no_animal"":0,""feed_redundant"":0,""water_dead"":13,""harvest_dead"":7,""plant_dead"":0,""animals_escaped"":0,""escape_capital"":0.0,""escape_yield_units"":0,""escape_first_day"":-1,""animal_unfed_days"":38,""plants_dry"":1,""dry_seed_cost"":100.0,""dry_yield_units"":0,""dry_first_day"":21,""plant_unwatered_days"":378,""decay_units"":18,""plants_decayed"":18,""silent_loss_coins"":100.0,""silent_loss_units"":43,""dead_actions"":46,""move_dead"":0,""locked_dead"":0,""pickup_dead"":0,""drop_dead"":0,""place_dead"":0,""build_dead"":0,""dig_dead"":1,""fertilize_dead"":0,""collect_dead"":3,""care_dead"":22,""tile_cap_units"":9,""fertilizer_forgone"":15,""care_unfed"":34,""animal_shed_days"":1,""idle_tile_days"":64,""weed_tile_days"":3,""hand_pass_turns"":370,""farmer_pass_turns"":62,""phantom_hand_actions"":0,""sell_floor_units"":7,""hire_premium"":3370,""shed_units_now"":0,""shed_value_now"":0.0,""animals_in_shed_now"":0,""seeds_unplanted_now"":1,""seeds_unplanted_cost_now"":10.0}]}",{},
B0_v124,B0_v124_source,stress_buy10_sell10,opening_funding_stress,2026092412,0,163628.0,37463.0,126165.0,W,kagsim,6.129229,0,0,0,0,0,0,0,0,c4f13123c4af60a18d77089068d704e94cea9d5b0702579610a6184ad0a36465,"[{""step"":0,""shops"":[]},{""step"":72,""shops"":[""SMOOTHIE_SHOP""]},{""step"":144,""shops"":[""SMOOTHIE_SHOP"",""FARMERS_MARKET""]},{""step"":216,""shops"":[""SMOOTHIE_SHOP"",""FARMERS_MARKET"",""PIZZA_SHOP""]},{""step"":288,""shops"":[""SMOOTHIE_SHOP"",""FARMERS_MARKET"",""PIZZA_SHOP"",""PIZZA_SHOP""]},{""step"":360,""shops"":[""SMOOTHIE_SHOP"",""FARMERS_MARKET"",""PIZZA_SHOP"",""PIZZA_SHOP"",""PET_CAFE""]},{""step"":432,""shops"":[""SMOOTHIE_SHOP"",""FARMERS_MARKET"",""PIZZA_SHOP"",""PIZZA_SHOP"",""PET_CAFE"",""ICE_CREAM_SHOP""]},{""step"":504,""shops"":[""SMOOTHIE_SHOP"",""FARMERS_MARKET"",""PIZZA_SHOP"",""PIZZA_SHOP"",""PET_CAFE"",""ICE_CREAM_SHOP"",""BRUNCH_SPOT""]},{""step"":576,""shops"":[""SMOOTHIE_SHOP"",""FARMERS_MARKET"",""PIZZA_SHOP"",""PIZZA_SHOP"",""PET_CAFE"",""ICE_CREAM_SHOP"",""BRUNCH_SPOT"",""FARMERS_MARKET""]}]",experiments/round10_public_learning_20260924/evaluations/opening_funding_stress/replays/B0_v124/stress_buy10_sell10/seed_2026092412_seat_0.json.gz,a92bc2b5e07eb76804a3f7e490efd81d27396fc4982c594d98e955ed82461064,0f0c95d52e82840488078a2feecf9ca4d3c59e9337d3273bf7c64ca572c0e51f,c4ecb6bf92019a15e11b0d8b7c302a7d733a68d2d20436cd715fdc754629d9bb,0fe077cc65622d6f6828160d90b617595a4aa7ea188e4afc67bfee8e4d290c92,"{""players"":[{""sell_dead_units"":16949,""refused_buy_product"":6,""refused_buy_seed"":0,""refused_buy_animal"":0,""refused_hire"":0,""refused_buy_land"":0,""hire_paid"":3630,""sell_zero_fill"":0,""buy_zero_fill"":0,""sell_revenue"":191282.0,""total_spend"":30654.0,""shed_discarded_units"":4,""sold_units"":1606,""feed_no_wheat"":0,""feed_no_animal"":0,""feed_redundant"":0,""water_dead"":12,""harvest_dead"":4,""plant_dead"":0,""animals_escaped"":0,""escape_capital"":0.0,""escape_yield_units"":0,""escape_first_day"":-1,""animal_unfed_days"":38,""plants_dry"":1,""dry_seed_cost"":100.0,""dry_yield_units"":0,""dry_first_day"":21,""plant_unwatered_days"":381,""decay_units"":18,""plants_decayed"":18,""silent_loss_coins"":100.0,""silent_loss_units"":22,""dead_actions"":47,""move_dead"":0,""locked_dead"":0,""pickup_dead"":0,""drop_dead"":0,""place_dead"":1,""build_dead"":0,""dig_dead"":4,""fertilize_dead"":0,""collect_dead"":8,""care_dead"":18,""tile_cap_units"":9,""fertilizer_forgone"":17,""care_unfed"":34,""animal_shed_days"":1,""idle_tile_days"":64,""weed_tile_days"":1,""hand_pass_turns"":358,""farmer_pass_turns"":60,""phantom_hand_actions"":0,""sell_floor_units"":51,""hire_premium"":3370,""shed_units_now"":0,""shed_value_now"":0.0,""animals_in_shed_now"":0,""seeds_unplanted_now"":1,""seeds_unplanted_cost_now"":10.0},{""sell_dead_units"":1684,""refused_buy_product"":35,""refused_buy_seed"":11,""refused_buy_animal"":9,""refused_hire"":5,""refused_buy_land"":1,""hire_paid"":3761,""sell_zero_fill"":127,""buy_zero_fill"":26,""sell_revenue"":54384.0,""total_spend"":19921.0,""shed_discarded_units"":0,""sold_units"":698,""feed_no_wheat"":5,""feed_no_animal"":267,""feed_redundant"":0,""water_dead"":112,""harvest_dead"":176,""plant_dead"":5,""animals_escaped"":3,""escape_capital"":1300.0,""escape_yield_units"":0,""escape_first_day"":1,""animal_unfed_days"":16,""plants_dry"":0,""dry_seed_cost"":0.0,""dry_yield_units"":0,""dry_first_day"":-1,""plant_unwatered_days"":144,""decay_units"":5,""plants_decayed"":0,""silent_loss_coins"":1300.0,""silent_loss_units"":5,""dead_actions"":2022,""move_dead"":0,""locked_dead"":757,""pickup_dead"":16,""drop_dead"":0,""place_dead"":50,""build_dead"":0,""dig_dead"":18,""fertilize_dead"":39,""collect_dead"":283,""care_dead"":294,""tile_cap_units"":9,""fertilizer_forgone"":8,""care_unfed"":11,""animal_shed_days"":46,""idle_tile_days"":376,""weed_tile_days"":2,""hand_pass_turns"":344,""farmer_pass_turns"":59,""phantom_hand_actions"":0,""sell_floor_units"":6,""hire_premium"":3503,""shed_units_now"":0,""shed_value_now"":0.0,""animals_in_shed_now"":2,""seeds_unplanted_now"":85,""seeds_unplanted_cost_now"":2550.0}]}",{},
B0_v124,B0_v124_source,stress_buy10_sell10,opening_funding_stress,2026092412,1,163628.0,37463.0,126165.0,W,kagsim,6.346368,0,0,0,0,0,0,0,0,c4f13123c4af60a18d77089068d704e94cea9d5b0702579610a6184ad0a36465,"[{""step"":0,""shops"":[]},{""step"":72,""shops"":[""SMOOTHIE_SHOP""]},{""step"":144,""shops"":[""SMOOTHIE_SHOP"",""FARMERS_MARKET""]},{""step"":216,""shops"":[""SMOOTHIE_SHOP"",""FARMERS_MARKET"",""PIZZA_SHOP""]},{""step"":288,""shops"":[""SMOOTHIE_SHOP"",""FARMERS_MARKET"",""PIZZA_SHOP"",""PIZZA_SHOP""]},{""step"":360,""shops"":[""SMOOTHIE_SHOP"",""FARMERS_MARKET"",""PIZZA_SHOP"",""PIZZA_SHOP"",""PET_CAFE""]},{""step"":432,""shops"":[""SMOOTHIE_SHOP"",""FARMERS_MARKET"",""PIZZA_SHOP"",""PIZZA_SHOP"",""PET_CAFE"",""ICE_CREAM_SHOP""]},{""step"":504,""shops"":[""SMOOTHIE_SHOP"",""FARMERS_MARKET"",""PIZZA_SHOP"",""PIZZA_SHOP"",""PET_CAFE"",""ICE_CREAM_SHOP"",""BRUNCH_SPOT""]},{""step"":576,""shops"":[""SMOOTHIE_SHOP"",""FARMERS_MARKET"",""PIZZA_SHOP"",""PIZZA_SHOP"",""PET_CAFE"",""ICE_CREAM_SHOP"",""BRUNCH_SPOT"",""FARMERS_MARKET""]}]",experiments/round10_public_learning_20260924/evaluations/opening_funding_stress/replays/B0_v124/stress_buy10_sell10/seed_2026092412_seat_1.json.gz,470e5e19eb8eb6d04c38ceea151e5f557c718e2657affc3498f38637deef3bb1,0f0c95d52e82840488078a2feecf9ca4d3c59e9337d3273bf7c64ca572c0e51f,c4ecb6bf92019a15e11b0d8b7c302a7d733a68d2d20436cd715fdc754629d9bb,0fe077cc65622d6f6828160d90b617595a4aa7ea188e4afc67bfee8e4d290c92,"{""players"":[{""sell_dead_units"":1684,""refused_buy_product"":35,""refused_buy_seed"":11,""refused_buy_animal"":9,""refused_hire"":5,""refused_buy_land"":1,""hire_paid"":3761,""sell_zero_fill"":127,""buy_zero_fill"":26,""sell_revenue"":54384.0,""total_spend"":19921.0,""shed_discarded_units"":0,""sold_units"":698,""feed_no_wheat"":5,""feed_no_animal"":267,""feed_redundant"":0,""water_dead"":112,""harvest_dead"":176,""plant_dead"":5,""animals_escaped"":3,""escape_capital"":1300.0,""escape_yield_units"":0,""escape_first_day"":1,""animal_unfed_days"":16,""plants_dry"":0,""dry_seed_cost"":0.0,""dry_yield_units"":0,""dry_first_day"":-1,""plant_unwatered_days"":144,""decay_units"":5,""plants_decayed"":0,""silent_loss_coins"":1300.0,""silent_loss_units"":5,""dead_actions"":2022,""move_dead"":0,""locked_dead"":757,""pickup_dead"":16,""drop_dead"":0,""place_dead"":50,""build_dead"":0,""dig_dead"":18,""fertilize_dead"":39,""collect_dead"":283,""care_dead"":294,""tile_cap_units"":9,""fertilizer_forgone"":8,""care_unfed"":11,""animal_shed_days"":46,""idle_tile_days"":376,""weed_tile_days"":2,""hand_pass_turns"":344,""farmer_pass_turns"":59,""phantom_hand_actions"":0,""sell_floor_units"":6,""hire_premium"":3503,""shed_units_now"":0,""shed_value_now"":0.0,""animals_in_shed_now"":2,""seeds_unplanted_now"":85,""seeds_unplanted_cost_now"":2550.0},{""sell_dead_units"":16949,""refused_buy_product"":6,""refused_buy_seed"":0,""refused_buy_animal"":0,""refused_hire"":0,""refused_buy_land"":0,""hire_paid"":3630,""sell_zero_fill"":0,""buy_zero_fill"":0,""sell_revenue"":191282.0,""total_spend"":30654.0,""shed_discarded_units"":4,""sold_units"":1606,""feed_no_wheat"":0,""feed_no_animal"":0,""feed_redundant"":0,""water_dead"":12,""harvest_dead"":4,""plant_dead"":0,""animals_escaped"":0,""escape_capital"":0.0,""escape_yield_units"":0,""escape_first_day"":-1,""animal_unfed_days"":38,""plants_dry"":1,""dry_seed_cost"":100.0,""dry_yield_units"":0,""dry_first_day"":21,""plant_unwatered_days"":381,""decay_units"":18,""plants_decayed"":18,""silent_loss_coins"":100.0,""silent_loss_units"":22,""dead_actions"":47,""move_dead"":0,""locked_dead"":0,""pickup_dead"":0,""drop_dead"":0,""place_dead"":1,""build_dead"":0,""dig_dead"":4,""fertilize_dead"":0,""collect_dead"":8,""care_dead"":18,""tile_cap_units"":9,""fertilizer_forgone"":17,""care_unfed"":34,""animal_shed_days"":1,""idle_tile_days"":64,""weed_tile_days"":1,""hand_pass_turns"":358,""farmer_pass_turns"":60,""phantom_hand_actions"":0,""sell_floor_units"":51,""hire_premium"":3370,""shed_units_now"":0,""shed_value_now"":0.0,""animals_in_shed_now"":0,""seeds_unplanted_now"":1,""seeds_unplanted_cost_now"":10.0}]}",{},
B0_v124,B0_v124_source,stress_buy4_sell4,opening_funding_stress,2026092411,0,163328.0,42964.0,120364.0,W,kagsim,7.002745,0,0,0,0,0,0,0,0,3953396c19f258792c914b6921dae03f3624d8252ab08c1ca7609ce4c242438d,"[{""step"":0,""shops"":[]},{""step"":72,""shops"":[""SMOOTHIE_SHOP""]},{""step"":144,""shops"":[""SMOOTHIE_SHOP"",""PIZZA_SHOP""]},{""step"":216,""shops"":[""SMOOTHIE_SHOP"",""PIZZA_SHOP"",""BAKERY""]},{""step"":288,""shops"":[""SMOOTHIE_SHOP"",""PIZZA_SHOP"",""BAKERY"",""ICE_CREAM_SHOP""]},{""step"":360,""shops"":[""SMOOTHIE_SHOP"",""PIZZA_SHOP"",""BAKERY"",""ICE_CREAM_SHOP"",""ICE_CREAM_SHOP""]},{""step"":432,""shops"":[""SMOOTHIE_SHOP"",""PIZZA_SHOP"",""BAKERY"",""ICE_CREAM_SHOP"",""ICE_CREAM_SHOP"",""YARN_STORE""]},{""step"":504,""shops"":[""SMOOTHIE_SHOP"",""PIZZA_SHOP"",""BAKERY"",""ICE_CREAM_SHOP"",""ICE_CREAM_SHOP"",""YARN_STORE"",""FARMERS_MARKET""]},{""step"":576,""shops"":[""SMOOTHIE_SHOP"",""PIZZA_SHOP"",""BAKERY"",""ICE_CREAM_SHOP"",""ICE_CREAM_SHOP"",""YARN_STORE"",""FARMERS_MARKET"",""FARMERS_MARKET""]}]",experiments/round10_public_learning_20260924/evaluations/opening_funding_stress/replays/B0_v124/stress_buy4_sell4/seed_2026092411_seat_0.json.gz,e860e8a58dd66475526202c80c48eef72674f71be6e14786b17123148308993d,0f0c95d52e82840488078a2feecf9ca4d3c59e9337d3273bf7c64ca572c0e51f,e90335a7c3f24359539588e6d127dcdf3ba61ab5afb578fb1eb61309c13a8f8a,0fe077cc65622d6f6828160d90b617595a4aa7ea188e4afc67bfee8e4d290c92,"{""players"":[{""sell_dead_units"":15986,""refused_buy_product"":7,""refused_buy_seed"":0,""refused_buy_animal"":0,""refused_hire"":0,""refused_buy_land"":0,""hire_paid"":3630,""sell_zero_fill"":0,""buy_zero_fill"":0,""sell_revenue"":226704.0,""total_spend"":66376.0,""shed_discarded_units"":25,""sold_units"":2471,""feed_no_wheat"":0,""feed_no_animal"":0,""feed_redundant"":0,""water_dead"":13,""harvest_dead"":7,""plant_dead"":0,""animals_escaped"":0,""escape_capital"":0.0,""escape_yield_units"":0,""escape_first_day"":-1,""animal_unfed_days"":38,""plants_dry"":1,""dry_seed_cost"":100.0,""dry_yield_units"":0,""dry_first_day"":21,""plant_unwatered_days"":378,""decay_units"":18,""plants_decayed"":18,""silent_loss_coins"":100.0,""silent_loss_units"":43,""dead_actions"":46,""move_dead"":0,""locked_dead"":0,""pickup_dead"":0,""drop_dead"":0,""place_dead"":0,""build_dead"":0,""dig_dead"":1,""fertilize_dead"":0,""collect_dead"":3,""care_dead"":22,""tile_cap_units"":9,""fertilizer_forgone"":15,""care_unfed"":34,""animal_shed_days"":1,""idle_tile_days"":64,""weed_tile_days"":1,""hand_pass_turns"":370,""farmer_pass_turns"":62,""phantom_hand_actions"":0,""sell_floor_units"":7,""hire_premium"":3370,""shed_units_now"":0,""shed_value_now"":0.0,""animals_in_shed_now"":0,""seeds_unplanted_now"":1,""seeds_unplanted_cost_now"":10.0},{""sell_dead_units"":632,""refused_buy_product"":34,""refused_buy_seed"":12,""refused_buy_animal"":8,""refused_hire"":0,""refused_buy_land"":1,""hire_paid"":3897,""sell_zero_fill"":112,""buy_zero_fill"":24,""sell_revenue"":60261.0,""total_spend"":20297.0,""shed_discarded_units"":0,""sold_units"":735,""feed_no_wheat"":6,""feed_no_animal"":253,""feed_redundant"":0,""water_dead"":111,""harvest_dead"":169,""plant_dead"":4,""animals_escaped"":3,""escape_capital"":1300.0,""escape_yield_units"":0,""escape_first_day"":1,""animal_unfed_days"":17,""plants_dry"":0,""dry_seed_cost"":0.0,""dry_yield_units"":0,""dry_first_day"":-1,""plant_unwatered_days"":135,""decay_units"":0,""plants_decayed"":0,""silent_loss_coins"":1300.0,""silent_loss_units"":0,""dead_actions"":1983,""move_dead"":0,""locked_dead"":774,""pickup_dead"":16,""drop_dead"":0,""place_dead"":52,""build_dead"":0,""dig_dead"":18,""fertilize_dead"":38,""collect_dead"":266,""care_dead"":276,""tile_cap_units"":7,""fertilizer_forgone"":8,""care_unfed"":13,""animal_shed_days"":47,""idle_tile_days"":356,""weed_tile_days"":3,""hand_pass_turns"":362,""farmer_pass_turns"":59,""phantom_hand_actions"":0,""sell_floor_units"":0,""hire_premium"":3634,""shed_units_now"":0,""shed_value_now"":0.0,""animals_in_shed_now"":2,""seeds_unplanted_now"":81,""seeds_unplanted_cost_now"":2510.0}]}",{},
B0_v124,B0_v124_source,stress_buy4_sell4,opening_funding_stress,2026092411,1,163328.0,42964.0,120364.0,W,kagsim,5.430869,0,0,0,0,0,0,0,0,3953396c19f258792c914b6921dae03f3624d8252ab08c1ca7609ce4c242438d,"[{""step"":0,""shops"":[]},{""step"":72,""shops"":[""SMOOTHIE_SHOP""]},{""step"":144,""shops"":[""SMOOTHIE_SHOP"",""PIZZA_SHOP""]},{""step"":216,""shops"":[""SMOOTHIE_SHOP"",""PIZZA_SHOP"",""BAKERY""]},{""step"":288,""shops"":[""SMOOTHIE_SHOP"",""PIZZA_SHOP"",""BAKERY"",""ICE_CREAM_SHOP""]},{""step"":360,""shops"":[""SMOOTHIE_SHOP"",""PIZZA_SHOP"",""BAKERY"",""ICE_CREAM_SHOP"",""ICE_CREAM_SHOP""]},{""step"":432,""shops"":[""SMOOTHIE_SHOP"",""PIZZA_SHOP"",""BAKERY"",""ICE_CREAM_SHOP"",""ICE_CREAM_SHOP"",""YARN_STORE""]},{""step"":504,""shops"":[""SMOOTHIE_SHOP"",""PIZZA_SHOP"",""BAKERY"",""ICE_CREAM_SHOP"",""ICE_CREAM_SHOP"",""YARN_STORE"",""FARMERS_MARKET""]},{""step"":576,""shops"":[""SMOOTHIE_SHOP"",""PIZZA_SHOP"",""BAKERY"",""ICE_CREAM_SHOP"",""ICE_CREAM_SHOP"",""YARN_STORE"",""FARMERS_MARKET"",""FARMERS_MARKET""]}]",experiments/round10_public_learning_20260924/evaluations/opening_funding_stress/replays/B0_v124/stress_buy4_sell4/seed_2026092411_seat_1.json.gz,7b4a7cdaf44b75dae2bf310145bd5aa961e896b1f3ed28417e2dd05685b1c912,0f0c95d52e82840488078a2feecf9ca4d3c59e9337d3273bf7c64ca572c0e51f,e90335a7c3f24359539588e6d127dcdf3ba61ab5afb578fb1eb61309c13a8f8a,0fe077cc65622d6f6828160d90b617595a4aa7ea188e4afc67bfee8e4d290c92,"{""players"":[{""sell_dead_units"":632,""refused_buy_product"":34,""refused_buy_seed"":12,""refused_buy_animal"":8,""refused_hire"":0,""refused_buy_land"":1,""hire_paid"":3897,""sell_zero_fill"":112,""buy_zero_fill"":24,""sell_revenue"":60261.0,""total_spend"":20297.0,""shed_discarded_units"":0,""sold_units"":735,""feed_no_wheat"":6,""feed_no_animal"":253,""feed_redundant"":0,""water_dead"":111,""harvest_dead"":170,""plant_dead"":4,""animals_escaped"":3,""escape_capital"":1300.0,""escape_yield_units"":0,""escape_first_day"":1,""animal_unfed_days"":17,""plants_dry"":0,""dry_seed_cost"":0.0,""dry_yield_units"":0,""dry_first_day"":-1,""plant_unwatered_days"":135,""decay_units"":0,""plants_decayed"":0,""silent_loss_coins"":1300.0,""silent_loss_units"":0,""dead_actions"":1984,""move_dead"":0,""locked_dead"":774,""pickup_dead"":16,""drop_dead"":0,""place_dead"":52,""build_dead"":0,""dig_dead"":18,""fertilize_dead"":38,""collect_dead"":266,""care_dead"":276,""tile_cap_units"":7,""fertilizer_forgone"":8,""care_unfed"":13,""animal_shed_days"":47,""idle_tile_days"":356,""weed_tile_days"":1,""hand_pass_turns"":362,""farmer_pass_turns"":59,""phantom_hand_actions"":0,""sell_floor_units"":0,""hire_premium"":3634,""shed_units_now"":0,""shed_value_now"":0.0,""animals_in_shed_now"":2,""seeds_unplanted_now"":81,""seeds_unplanted_cost_now"":2510.0},{""sell_dead_units"":15986,""refused_buy_product"":7,""refused_buy_seed"":0,""refused_buy_animal"":0,""refused_hire"":0,""refused_buy_land"":0,""hire_paid"":3630,""sell_zero_fill"":0,""buy_zero_fill"":0,""sell_revenue"":226704.0,""total_spend"":66376.0,""shed_discarded_units"":25,""sold_units"":2471,""feed_no_wheat"":0,""feed_no_animal"":0,""feed_redundant"":0,""water_dead"":13,""harvest_dead"":7,""plant_dead"":0,""animals_escaped"":0,""escape_capital"":0.0,""escape_yield_units"":0,""escape_first_day"":-1,""animal_unfed_days"":38,""plants_dry"":1,""dry_seed_cost"":100.0,""dry_yield_units"":0,""dry_first_day"":21,""plant_unwatered_days"":378,""decay_units"":18,""plants_decayed"":18,""silent_loss_coins"":100.0,""silent_loss_units"":43,""dead_actions"":46,""move_dead"":0,""locked_dead"":0,""pickup_dead"":0,""drop_dead"":0,""place_dead"":0,""build_dead"":0,""dig_dead"":1,""fertilize_dead"":0,""collect_dead"":3,""care_dead"":22,""tile_cap_units"":9,""fertilizer_forgone"":15,""care_unfed"":34,""animal_shed_days"":1,""idle_tile_days"":64,""weed_tile_days"":3,""hand_pass_turns"":370,""farmer_pass_turns"":62,""phantom_hand_actions"":0,""sell_floor_units"":7,""hire_premium"":3370,""shed_units_now"":0,""shed_value_now"":0.0,""animals_in_shed_now"":0,""seeds_unplanted_now"":1,""seeds_unplanted_cost_now"":10.0}]}",{},
B0_v124,B0_v124_source,stress_buy4_sell4,opening_funding_stress,2026092412,0,163627.0,37464.0,126163.0,W,kagsim,5.891595,0,0,0,0,0,0,0,0,c4f13123c4af60a18d77089068d704e94cea9d5b0702579610a6184ad0a36465,"[{""step"":0,""shops"":[]},{""step"":72,""shops"":[""SMOOTHIE_SHOP""]},{""step"":144,""shops"":[""SMOOTHIE_SHOP"",""FARMERS_MARKET""]},{""step"":216,""shops"":[""SMOOTHIE_SHOP"",""FARMERS_MARKET"",""PIZZA_SHOP""]},{""step"":288,""shops"":[""SMOOTHIE_SHOP"",""FARMERS_MARKET"",""PIZZA_SHOP"",""PIZZA_SHOP""]},{""step"":360,""shops"":[""SMOOTHIE_SHOP"",""FARMERS_MARKET"",""PIZZA_SHOP"",""PIZZA_SHOP"",""PET_CAFE""]},{""step"":432,""shops"":[""SMOOTHIE_SHOP"",""FARMERS_MARKET"",""PIZZA_SHOP"",""PIZZA_SHOP"",""PET_CAFE"",""ICE_CREAM_SHOP""]},{""step"":504,""shops"":[""SMOOTHIE_SHOP"",""FARMERS_MARKET"",""PIZZA_SHOP"",""PIZZA_SHOP"",""PET_CAFE"",""ICE_CREAM_SHOP"",""BRUNCH_SPOT""]},{""step"":576,""shops"":[""SMOOTHIE_SHOP"",""FARMERS_MARKET"",""PIZZA_SHOP"",""PIZZA_SHOP"",""PET_CAFE"",""ICE_CREAM_SHOP"",""BRUNCH_SPOT"",""FARMERS_MARKET""]}]",experiments/round10_public_learning_20260924/evaluations/opening_funding_stress/replays/B0_v124/stress_buy4_sell4/seed_2026092412_seat_0.json.gz,24fffb4ccd3b3432ac93673d8c74f40fe6db55bcd68938cfbd4f8e48e2fb699f,0f0c95d52e82840488078a2feecf9ca4d3c59e9337d3273bf7c64ca572c0e51f,e90335a7c3f24359539588e6d127dcdf3ba61ab5afb578fb1eb61309c13a8f8a,0fe077cc65622d6f6828160d90b617595a4aa7ea188e4afc67bfee8e4d290c92,"{""players"":[{""sell_dead_units"":16949,""refused_buy_product"":6,""refused_buy_seed"":0,""refused_buy_animal"":0,""refused_hire"":0,""refused_buy_land"":0,""hire_paid"":3630,""sell_zero_fill"":0,""buy_zero_fill"":0,""sell_revenue"":191280.0,""total_spend"":30653.0,""shed_discarded_units"":4,""sold_units"":1606,""feed_no_wheat"":0,""feed_no_animal"":0,""feed_redundant"":0,""water_dead"":12,""harvest_dead"":4,""plant_dead"":0,""animals_escaped"":0,""escape_capital"":0.0,""escape_yield_units"":0,""escape_first_day"":-1,""animal_unfed_days"":38,""plants_dry"":1,""dry_seed_cost"":100.0,""dry_yield_units"":0,""dry_first_day"":21,""plant_unwatered_days"":381,""decay_units"":18,""plants_decayed"":18,""silent_loss_coins"":100.0,""silent_loss_units"":22,""dead_actions"":47,""move_dead"":0,""locked_dead"":0,""pickup_dead"":0,""drop_dead"":0,""place_dead"":1,""build_dead"":0,""dig_dead"":4,""fertilize_dead"":0,""collect_dead"":8,""care_dead"":18,""tile_cap_units"":9,""fertilizer_forgone"":17,""care_unfed"":34,""animal_shed_days"":1,""idle_tile_days"":64,""weed_tile_days"":1,""hand_pass_turns"":358,""farmer_pass_turns"":60,""phantom_hand_actions"":0,""sell_floor_units"":51,""hire_premium"":3370,""shed_units_now"":0,""shed_value_now"":0.0,""animals_in_shed_now"":0,""seeds_unplanted_now"":1,""seeds_unplanted_cost_now"":10.0},{""sell_dead_units"":1684,""refused_buy_product"":35,""refused_buy_seed"":11,""refused_buy_animal"":9,""refused_hire"":5,""refused_buy_land"":1,""hire_paid"":3761,""sell_zero_fill"":127,""buy_zero_fill"":26,""sell_revenue"":54213.0,""total_spend"":19749.0,""shed_discarded_units"":0,""sold_units"":692,""feed_no_wheat"":5,""feed_no_animal"":267,""feed_redundant"":0,""water_dead"":112,""harvest_dead"":176,""plant_dead"":5,""animals_escaped"":3,""escape_capital"":1300.0,""escape_yield_units"":0,""escape_first_day"":1,""animal_unfed_days"":16,""plants_dry"":0,""dry_seed_cost"":0.0,""dry_yield_units"":0,""dry_first_day"":-1,""plant_unwatered_days"":144,""decay_units"":5,""plants_decayed"":0,""silent_loss_coins"":1300.0,""silent_loss_units"":5,""dead_actions"":2022,""move_dead"":0,""locked_dead"":757,""pickup_dead"":16,""drop_dead"":0,""place_dead"":50,""build_dead"":0,""dig_dead"":18,""fertilize_dead"":39,""collect_dead"":283,""care_dead"":294,""tile_cap_units"":9,""fertilizer_forgone"":8,""care_unfed"":11,""animal_shed_days"":46,""idle_tile_days"":376,""weed_tile_days"":2,""hand_pass_turns"":344,""farmer_pass_turns"":59,""phantom_hand_actions"":0,""sell_floor_units"":6,""hire_premium"":3503,""shed_units_now"":0,""shed_value_now"":0.0,""animals_in_shed_now"":2,""seeds_unplanted_now"":85,""seeds_unplanted_cost_now"":2550.0}]}",{},
B0_v124,B0_v124_source,stress_buy4_sell4,opening_funding_stress,2026092412,1,163627.0,37464.0,126163.0,W,kagsim,5.339276,0,0,0,0,0,0,0,0,c4f13123c4af60a18d77089068d704e94cea9d5b0702579610a6184ad0a36465,"[{""step"":0,""shops"":[]},{""step"":72,""shops"":[""SMOOTHIE_SHOP""]},{""step"":144,""shops"":[""SMOOTHIE_SHOP"",""FARMERS_MARKET""]},{""step"":216,""shops"":[""SMOOTHIE_SHOP"",""FARMERS_MARKET"",""PIZZA_SHOP""]},{""step"":288,""shops"":[""SMOOTHIE_SHOP"",""FARMERS_MARKET"",""PIZZA_SHOP"",""PIZZA_SHOP""]},{""step"":360,""shops"":[""SMOOTHIE_SHOP"",""FARMERS_MARKET"",""PIZZA_SHOP"",""PIZZA_SHOP"",""PET_CAFE""]},{""step"":432,""shops"":[""SMOOTHIE_SHOP"",""FARMERS_MARKET"",""PIZZA_SHOP"",""PIZZA_SHOP"",""PET_CAFE"",""ICE_CREAM_SHOP""]},{""step"":504,""shops"":[""SMOOTHIE_SHOP"",""FARMERS_MARKET"",""PIZZA_SHOP"",""PIZZA_SHOP"",""PET_CAFE"",""ICE_CREAM_SHOP"",""BRUNCH_SPOT""]},{""step"":576,""shops"":[""SMOOTHIE_SHOP"",""FARMERS_MARKET"",""PIZZA_SHOP"",""PIZZA_SHOP"",""PET_CAFE"",""ICE_CREAM_SHOP"",""BRUNCH_SPOT"",""FARMERS_MARKET""]}]",experiments/round10_public_learning_20260924/evaluations/opening_funding_stress/replays/B0_v124/stress_buy4_sell4/seed_2026092412_seat_1.json.gz,4504e4f5cb3cac5506996737cfc6279131e9dfe292067da91942b3b33aae8ab9,0f0c95d52e82840488078a2feecf9ca4d3c59e9337d3273bf7c64ca572c0e51f,e90335a7c3f24359539588e6d127dcdf3ba61ab5afb578fb1eb61309c13a8f8a,0fe077cc65622d6f6828160d90b617595a4aa7ea188e4afc67bfee8e4d290c92,"{""players"":[{""sell_dead_units"":1684,""refused_buy_product"":35,""refused_buy_seed"":11,""refused_buy_animal"":9,""refused_hire"":5,""refused_buy_land"":1,""hire_paid"":3761,""sell_zero_fill"":127,""buy_zero_fill"":26,""sell_revenue"":54213.0,""total_spend"":19749.0,""shed_discarded_units"":0,""sold_units"":692,""feed_no_wheat"":5,""feed_no_animal"":267,""feed_redundant"":0,""water_dead"":112,""harvest_dead"":176,""plant_dead"":5,""animals_escaped"":3,""escape_capital"":1300.0,""escape_yield_units"":0,""escape_first_day"":1,""animal_unfed_days"":16,""plants_dry"":0,""dry_seed_cost"":0.0,""dry_yield_units"":0,""dry_first_day"":-1,""plant_unwatered_days"":144,""decay_units"":5,""plants_decayed"":0,""silent_loss_coins"":1300.0,""silent_loss_units"":5,""dead_actions"":2022,""move_dead"":0,""locked_dead"":757,""pickup_dead"":16,""drop_dead"":0,""place_dead"":50,""build_dead"":0,""dig_dead"":18,""fertilize_dead"":39,""collect_dead"":283,""care_dead"":294,""tile_cap_units"":9,""fertilizer_forgone"":8,""care_unfed"":11,""animal_shed_days"":46,""idle_tile_days"":376,""weed_tile_days"":2,""hand_pass_turns"":344,""farmer_pass_turns"":59,""phantom_hand_actions"":0,""sell_floor_units"":6,""hire_premium"":3503,""shed_units_now"":0,""shed_value_now"":0.0,""animals_in_shed_now"":2,""seeds_unplanted_now"":85,""seeds_unplanted_cost_now"":2550.0},{""sell_dead_units"":16949,""refused_buy_product"":6,""refused_buy_seed"":0,""refused_buy_animal"":0,""refused_hire"":0,""refused_buy_land"":0,""hire_paid"":3630,""sell_zero_fill"":0,""buy_zero_fill"":0,""sell_revenue"":191280.0,""total_spend"":30653.0,""shed_discarded_units"":4,""sold_units"":1606,""feed_no_wheat"":0,""feed_no_animal"":0,""feed_redundant"":0,""water_dead"":12,""harvest_dead"":4,""plant_dead"":0,""animals_escaped"":0,""escape_capital"":0.0,""escape_yield_units"":0,""escape_first_day"":-1,""animal_unfed_days"":38,""plants_dry"":1,""dry_seed_cost"":100.0,""dry_yield_units"":0,""dry_first_day"":21,""plant_unwatered_days"":381,""decay_units"":18,""plants_decayed"":18,""silent_loss_coins"":100.0,""silent_loss_units"":22,""dead_actions"":47,""move_dead"":0,""locked_dead"":0,""pickup_dead"":0,""drop_dead"":0,""place_dead"":1,""build_dead"":0,""dig_dead"":4,""fertilize_dead"":0,""collect_dead"":8,""care_dead"":18,""tile_cap_units"":9,""fertilizer_forgone"":17,""care_unfed"":34,""animal_shed_days"":1,""idle_tile_days"":64,""weed_tile_days"":1,""hand_pass_turns"":358,""farmer_pass_turns"":60,""phantom_hand_actions"":0,""sell_floor_units"":51,""hire_premium"":3370,""shed_units_now"":0,""shed_value_now"":0.0,""animals_in_shed_now"":0,""seeds_unplanted_now"":1,""seeds_unplanted_cost_now"":10.0}]}",{},
B0_v124,B0_v124_source,stress_buy70_sell70,opening_funding_stress,2026092411,0,163339.0,42962.0,120377.0,W,kagsim,5.693118,0,0,0,0,0,0,0,0,3953396c19f258792c914b6921dae03f3624d8252ab08c1ca7609ce4c242438d,"[{""step"":0,""shops"":[]},{""step"":72,""shops"":[""SMOOTHIE_SHOP""]},{""step"":144,""shops"":[""SMOOTHIE_SHOP"",""PIZZA_SHOP""]},{""step"":216,""shops"":[""SMOOTHIE_SHOP"",""PIZZA_SHOP"",""BAKERY""]},{""step"":288,""shops"":[""SMOOTHIE_SHOP"",""PIZZA_SHOP"",""BAKERY"",""ICE_CREAM_SHOP""]},{""step"":360,""shops"":[""SMOOTHIE_SHOP"",""PIZZA_SHOP"",""BAKERY"",""ICE_CREAM_SHOP"",""ICE_CREAM_SHOP""]},{""step"":432,""shops"":[""SMOOTHIE_SHOP"",""PIZZA_SHOP"",""BAKERY"",""ICE_CREAM_SHOP"",""ICE_CREAM_SHOP"",""YARN_STORE""]},{""step"":504,""shops"":[""SMOOTHIE_SHOP"",""PIZZA_SHOP"",""BAKERY"",""ICE_CREAM_SHOP"",""ICE_CREAM_SHOP"",""YARN_STORE"",""FARMERS_MARKET""]},{""step"":576,""shops"":[""SMOOTHIE_SHOP"",""PIZZA_SHOP"",""BAKERY"",""ICE_CREAM_SHOP"",""ICE_CREAM_SHOP"",""YARN_STORE"",""FARMERS_MARKET"",""FARMERS_MARKET""]}]",experiments/round10_public_learning_20260924/evaluations/opening_funding_stress/replays/B0_v124/stress_buy70_sell70/seed_2026092411_seat_0.json.gz,24f958c8cb408cd0d2f6c88413ed59411cf91fba08c231a0ca73c2509cd5b340,0f0c95d52e82840488078a2feecf9ca4d3c59e9337d3273bf7c64ca572c0e51f,72c0eb4954747f9138fd20c2404280c35e11b0f71e1e846cab67123ed6dea204,0fe077cc65622d6f6828160d90b617595a4aa7ea188e4afc67bfee8e4d290c92,"{""players"":[{""sell_dead_units"":15986,""refused_buy_product"":7,""refused_buy_seed"":0,""refused_buy_animal"":0,""refused_hire"":0,""refused_buy_land"":0,""hire_paid"":3630,""sell_zero_fill"":0,""buy_zero_fill"":0,""sell_revenue"":226716.0,""total_spend"":66377.0,""shed_discarded_units"":25,""sold_units"":2471,""feed_no_wheat"":0,""feed_no_animal"":0,""feed_redundant"":0,""water_dead"":13,""harvest_dead"":7,""plant_dead"":0,""animals_escaped"":0,""escape_capital"":0.0,""escape_yield_units"":0,""escape_first_day"":-1,""animal_unfed_days"":38,""plants_dry"":1,""dry_seed_cost"":100.0,""dry_yield_units"":0,""dry_first_day"":21,""plant_unwatered_days"":378,""decay_units"":18,""plants_decayed"":18,""silent_loss_coins"":100.0,""silent_loss_units"":43,""dead_actions"":46,""move_dead"":0,""locked_dead"":0,""pickup_dead"":0,""drop_dead"":0,""place_dead"":0,""build_dead"":0,""dig_dead"":1,""fertilize_dead"":0,""collect_dead"":3,""care_dead"":22,""tile_cap_units"":9,""fertilizer_forgone"":15,""care_unfed"":34,""animal_shed_days"":1,""idle_tile_days"":64,""weed_tile_days"":1,""hand_pass_turns"":370,""farmer_pass_turns"":62,""phantom_hand_actions"":0,""sell_floor_units"":7,""hire_premium"":3370,""shed_units_now"":0,""shed_value_now"":0.0,""animals_in_shed_now"":0,""seeds_unplanted_now"":1,""seeds_unplanted_cost_now"":10.0},{""sell_dead_units"":632,""refused_buy_product"":34,""refused_buy_seed"":13,""refused_buy_animal"":8,""refused_hire"":0,""refused_buy_land"":1,""hire_paid"":3897,""sell_zero_fill"":112,""buy_zero_fill"":24,""sell_revenue"":62327.0,""total_spend"":22365.0,""shed_discarded_units"":0,""sold_units"":801,""feed_no_wheat"":6,""feed_no_animal"":253,""feed_redundant"":0,""water_dead"":111,""harvest_dead"":169,""plant_dead"":6,""animals_escaped"":3,""escape_capital"":1300.0,""escape_yield_units"":0,""escape_first_day"":1,""animal_unfed_days"":17,""plants_dry"":0,""dry_seed_cost"":0.0,""dry_yield_units"":0,""dry_first_day"":-1,""plant_unwatered_days"":135,""decay_units"":0,""plants_decayed"":0,""silent_loss_coins"":1300.0,""silent_loss_units"":0,""dead_actions"":1983,""move_dead"":0,""locked_dead"":772,""pickup_dead"":16,""drop_dead"":0,""place_dead"":52,""build_dead"":0,""dig_dead"":18,""fertilize_dead"":38,""collect_dead"":266,""care_dead"":276,""tile_cap_units"":7,""fertilizer_forgone"":8,""care_unfed"":13,""animal_shed_days"":47,""idle_tile_days"":356,""weed_tile_days"":3,""hand_pass_turns"":362,""farmer_pass_turns"":59,""phantom_hand_actions"":0,""sell_floor_units"":0,""hire_premium"":3634,""shed_units_now"":0,""shed_value_now"":0.0,""animals_in_shed_now"":2,""seeds_unplanted_now"":80,""seeds_unplanted_cost_now"":2500.0}]}",{},
B0_v124,B0_v124_source,stress_buy70_sell70,opening_funding_stress,2026092411,1,163339.0,42962.0,120377.0,W,kagsim,5.708713,0,0,0,0,0,0,0,0,3953396c19f258792c914b6921dae03f3624d8252ab08c1ca7609ce4c242438d,"[{""step"":0,""shops"":[]},{""step"":72,""shops"":[""SMOOTHIE_SHOP""]},{""step"":144,""shops"":[""SMOOTHIE_SHOP"",""PIZZA_SHOP""]},{""step"":216,""shops"":[""SMOOTHIE_SHOP"",""PIZZA_SHOP"",""BAKERY""]},{""step"":288,""shops"":[""SMOOTHIE_SHOP"",""PIZZA_SHOP"",""BAKERY"",""ICE_CREAM_SHOP""]},{""step"":360,""shops"":[""SMOOTHIE_SHOP"",""PIZZA_SHOP"",""BAKERY"",""ICE_CREAM_SHOP"",""ICE_CREAM_SHOP""]},{""step"":432,""shops"":[""SMOOTHIE_SHOP"",""PIZZA_SHOP"",""BAKERY"",""ICE_CREAM_SHOP"",""ICE_CREAM_SHOP"",""YARN_STORE""]},{""step"":504,""shops"":[""SMOOTHIE_SHOP"",""PIZZA_SHOP"",""BAKERY"",""ICE_CREAM_SHOP"",""ICE_CREAM_SHOP"",""YARN_STORE"",""FARMERS_MARKET""]},{""step"":576,""shops"":[""SMOOTHIE_SHOP"",""PIZZA_SHOP"",""BAKERY"",""ICE_CREAM_SHOP"",""ICE_CREAM_SHOP"",""YARN_STORE"",""FARMERS_MARKET"",""FARMERS_MARKET""]}]",experiments/round10_public_learning_20260924/evaluations/opening_funding_stress/replays/B0_v124/stress_buy70_sell70/seed_2026092411_seat_1.json.gz,c14abe871f0b9b42f515f0a264c0cc6ea06ae0654fc9e57f9c1d506b1ef4b2f5,0f0c95d52e82840488078a2feecf9ca4d3c59e9337d3273bf7c64ca572c0e51f,72c0eb4954747f9138fd20c2404280c35e11b0f71e1e846cab67123ed6dea204,0fe077cc65622d6f6828160d90b617595a4aa7ea188e4afc67bfee8e4d290c92,"{""players"":[{""sell_dead_units"":632,""refused_buy_product"":34,""refused_buy_seed"":13,""refused_buy_animal"":8,""refused_hire"":0,""refused_buy_land"":1,""hire_paid"":3897,""sell_zero_fill"":112,""buy_zero_fill"":24,""sell_revenue"":62327.0,""total_spend"":22365.0,""shed_discarded_units"":0,""sold_units"":801,""feed_no_wheat"":6,""feed_no_animal"":253,""feed_redundant"":0,""water_dead"":111,""harvest_dead"":170,""plant_dead"":6,""animals_escaped"":3,""escape_capital"":1300.0,""escape_yield_units"":0,""escape_first_day"":1,""animal_unfed_days"":17,""plants_dry"":0,""dry_seed_cost"":0.0,""dry_yield_units"":0,""dry_first_day"":-1,""plant_unwatered_days"":135,""decay_units"":0,""plants_decayed"":0,""silent_loss_coins"":1300.0,""silent_loss_units"":0,""dead_actions"":1984,""move_dead"":0,""locked_dead"":772,""pickup_dead"":16,""drop_dead"":0,""place_dead"":52,""build_dead"":0,""dig_dead"":18,""fertilize_dead"":38,""collect_dead"":266,""care_dead"":276,""tile_cap_units"":7,""fertilizer_forgone"":8,""care_unfed"":13,""animal_shed_days"":47,""idle_tile_days"":356,""weed_tile_days"":1,""hand_pass_turns"":362,""farmer_pass_turns"":59,""phantom_hand_actions"":0,""sell_floor_units"":0,""hire_premium"":3634,""shed_units_now"":0,""shed_value_now"":0.0,""animals_in_shed_now"":2,""seeds_unplanted_now"":80,""seeds_unplanted_cost_now"":2500.0},{""sell_dead_units"":15986,""refused_buy_product"":7,""refused_buy_seed"":0,""refused_buy_animal"":0,""refused_hire"":0,""refused_buy_land"":0,""hire_paid"":3630,""sell_zero_fill"":0,""buy_zero_fill"":0,""sell_revenue"":226716.0,""total_spend"":66377.0,""shed_discarded_units"":25,""sold_units"":2471,""feed_no_wheat"":0,""feed_no_animal"":0,""feed_redundant"":0,""water_dead"":13,""harvest_dead"":7,""plant_dead"":0,""animals_escaped"":0,""escape_capital"":0.0,""escape_yield_units"":0,""escape_first_day"":-1,""animal_unfed_days"":38,""plants_dry"":1,""dry_seed_cost"":100.0,""dry_yield_units"":0,""dry_first_day"":21,""plant_unwatered_days"":378,""decay_units"":18,""plants_decayed"":18,""silent_loss_coins"":100.0,""silent_loss_units"":43,""dead_actions"":46,""move_dead"":0,""locked_dead"":0,""pickup_dead"":0,""drop_dead"":0,""place_dead"":0,""build_dead"":0,""dig_dead"":1,""fertilize_dead"":0,""collect_dead"":3,""care_dead"":22,""tile_cap_units"":9,""fertilizer_forgone"":15,""care_unfed"":34,""animal_shed_days"":1,""idle_tile_days"":64,""weed_tile_days"":3,""hand_pass_turns"":370,""farmer_pass_turns"":62,""phantom_hand_actions"":0,""sell_floor_units"":7,""hire_premium"":3370,""shed_units_now"":0,""shed_value_now"":0.0,""animals_in_shed_now"":0,""seeds_unplanted_now"":1,""seeds_unplanted_cost_now"":10.0}]}",{},
B0_v124,B0_v124_source,stress_buy70_sell70,opening_funding_stress,2026092412,0,163638.0,37463.0,126175.0,W,kagsim,5.695623,0,0,0,0,0,0,0,0,c4f13123c4af60a18d77089068d704e94cea9d5b0702579610a6184ad0a36465,"[{""step"":0,""shops"":[]},{""step"":72,""shops"":[""SMOOTHIE_SHOP""]},{""step"":144,""shops"":[""SMOOTHIE_SHOP"",""FARMERS_MARKET""]},{""step"":216,""shops"":[""SMOOTHIE_SHOP"",""FARMERS_MARKET"",""PIZZA_SHOP""]},{""step"":288,""shops"":[""SMOOTHIE_SHOP"",""FARMERS_MARKET"",""PIZZA_SHOP"",""PIZZA_SHOP""]},{""step"":360,""shops"":[""SMOOTHIE_SHOP"",""FARMERS_MARKET"",""PIZZA_SHOP"",""PIZZA_SHOP"",""PET_CAFE""]},{""step"":432,""shops"":[""SMOOTHIE_SHOP"",""FARMERS_MARKET"",""PIZZA_SHOP"",""PIZZA_SHOP"",""PET_CAFE"",""ICE_CREAM_SHOP""]},{""step"":504,""shops"":[""SMOOTHIE_SHOP"",""FARMERS_MARKET"",""PIZZA_SHOP"",""PIZZA_SHOP"",""PET_CAFE"",""ICE_CREAM_SHOP"",""BRUNCH_SPOT""]},{""step"":576,""shops"":[""SMOOTHIE_SHOP"",""FARMERS_MARKET"",""PIZZA_SHOP"",""PIZZA_SHOP"",""PET_CAFE"",""ICE_CREAM_SHOP"",""BRUNCH_SPOT"",""FARMERS_MARKET""]}]",experiments/round10_public_learning_20260924/evaluations/opening_funding_stress/replays/B0_v124/stress_buy70_sell70/seed_2026092412_seat_0.json.gz,6608c95e65acc32ae9400006bae6a8815f5649e2574ded986e04391285247089,0f0c95d52e82840488078a2feecf9ca4d3c59e9337d3273bf7c64ca572c0e51f,72c0eb4954747f9138fd20c2404280c35e11b0f71e1e846cab67123ed6dea204,0fe077cc65622d6f6828160d90b617595a4aa7ea188e4afc67bfee8e4d290c92,"{""players"":[{""sell_dead_units"":16949,""refused_buy_product"":6,""refused_buy_seed"":0,""refused_buy_animal"":0,""refused_hire"":0,""refused_buy_land"":0,""hire_paid"":3630,""sell_zero_fill"":0,""buy_zero_fill"":0,""sell_revenue"":191292.0,""total_spend"":30654.0,""shed_discarded_units"":4,""sold_units"":1606,""feed_no_wheat"":0,""feed_no_animal"":0,""feed_redundant"":0,""water_dead"":12,""harvest_dead"":4,""plant_dead"":0,""animals_escaped"":0,""escape_capital"":0.0,""escape_yield_units"":0,""escape_first_day"":-1,""animal_unfed_days"":38,""plants_dry"":1,""dry_seed_cost"":100.0,""dry_yield_units"":0,""dry_first_day"":21,""plant_unwatered_days"":381,""decay_units"":18,""plants_decayed"":18,""silent_loss_coins"":100.0,""silent_loss_units"":22,""dead_actions"":47,""move_dead"":0,""locked_dead"":0,""pickup_dead"":0,""drop_dead"":0,""place_dead"":1,""build_dead"":0,""dig_dead"":4,""fertilize_dead"":0,""collect_dead"":8,""care_dead"":18,""tile_cap_units"":9,""fertilizer_forgone"":17,""care_unfed"":34,""animal_shed_days"":1,""idle_tile_days"":64,""weed_tile_days"":1,""hand_pass_turns"":358,""farmer_pass_turns"":60,""phantom_hand_actions"":0,""sell_floor_units"":51,""hire_premium"":3370,""shed_units_now"":0,""shed_value_now"":0.0,""animals_in_shed_now"":0,""seeds_unplanted_now"":1,""seeds_unplanted_cost_now"":10.0},{""sell_dead_units"":1684,""refused_buy_product"":35,""refused_buy_seed"":12,""refused_buy_animal"":9,""refused_hire"":5,""refused_buy_land"":1,""hire_paid"":3761,""sell_zero_fill"":127,""buy_zero_fill"":27,""sell_revenue"":56279.0,""total_spend"":21816.0,""shed_discarded_units"":0,""sold_units"":758,""feed_no_wheat"":5,""feed_no_animal"":267,""feed_redundant"":0,""water_dead"":112,""harvest_dead"":176,""plant_dead"":5,""animals_escaped"":3,""escape_capital"":1300.0,""escape_yield_units"":0,""escape_first_day"":1,""animal_unfed_days"":16,""plants_dry"":0,""dry_seed_cost"":0.0,""dry_yield_units"":0,""dry_first_day"":-1,""plant_unwatered_days"":144,""decay_units"":5,""plants_decayed"":0,""silent_loss_coins"":1300.0,""silent_loss_units"":5,""dead_actions"":2022,""move_dead"":0,""locked_dead"":757,""pickup_dead"":16,""drop_dead"":0,""place_dead"":50,""build_dead"":0,""dig_dead"":18,""fertilize_dead"":39,""collect_dead"":283,""care_dead"":294,""tile_cap_units"":9,""fertilizer_forgone"":8,""care_unfed"":11,""animal_shed_days"":46,""idle_tile_days"":376,""weed_tile_days"":2,""hand_pass_turns"":344,""farmer_pass_turns"":59,""phantom_hand_actions"":0,""sell_floor_units"":6,""hire_premium"":3503,""shed_units_now"":0,""shed_value_now"":0.0,""animals_in_shed_now"":2,""seeds_unplanted_now"":84,""seeds_unplanted_cost_now"":2540.0}]}",{},
B0_v124,B0_v124_source,stress_buy70_sell70,opening_funding_stress,2026092412,1,163638.0,37463.0,126175.0,W,kagsim,5.516411,0,0,0,0,0,0,0,0,c4f13123c4af60a18d77089068d704e94cea9d5b0702579610a6184ad0a36465,"[{""step"":0,""shops"":[]},{""step"":72,""shops"":[""SMOOTHIE_SHOP""]},{""step"":144,""shops"":[""SMOOTHIE_SHOP"",""FARMERS_MARKET""]},{""step"":216,""shops"":[""SMOOTHIE_SHOP"",""FARMERS_MARKET"",""PIZZA_SHOP""]},{""step"":288,""shops"":[""SMOOTHIE_SHOP"",""FARMERS_MARKET"",""PIZZA_SHOP"",""PIZZA_SHOP""]},{""step"":360,""shops"":[""SMOOTHIE_SHOP"",""FARMERS_MARKET"",""PIZZA_SHOP"",""PIZZA_SHOP"",""PET_CAFE""]},{""step"":432,""shops"":[""SMOOTHIE_SHOP"",""FARMERS_MARKET"",""PIZZA_SHOP"",""PIZZA_SHOP"",""PET_CAFE"",""ICE_CREAM_SHOP""]},{""step"":504,""shops"":[""SMOOTHIE_SHOP"",""FARMERS_MARKET"",""PIZZA_SHOP"",""PIZZA_SHOP"",""PET_CAFE"",""ICE_CREAM_SHOP"",""BRUNCH_SPOT""]},{""step"":576,""shops"":[""SMOOTHIE_SHOP"",""FARMERS_MARKET"",""PIZZA_SHOP"",""PIZZA_SHOP"",""PET_CAFE"",""ICE_CREAM_SHOP"",""BRUNCH_SPOT"",""FARMERS_MARKET""]}]",experiments/round10_public_learning_20260924/evaluations/opening_funding_stress/replays/B0_v124/stress_buy70_sell70/seed_2026092412_seat_1.json.gz,5324e948ac5603ba0eab33f863bcecaa7f3f8069b8eb9bdbcbe88bf7d819a316,0f0c95d52e82840488078a2feecf9ca4d3c59e9337d3273bf7c64ca572c0e51f,72c0eb4954747f9138fd20c2404280c35e11b0f71e1e846cab67123ed6dea204,0fe077cc65622d6f6828160d90b617595a4aa7ea188e4afc67bfee8e4d290c92,"{""players"":[{""sell_dead_units"":1684,""refused_buy_product"":35,""refused_buy_seed"":12,""refused_buy_animal"":9,""refused_hire"":5,""refused_buy_land"":1,""hire_paid"":3761,""sell_zero_fill"":127,""buy_zero_fill"":27,""sell_revenue"":56279.0,""total_spend"":21816.0,""shed_discarded_units"":0,""sold_units"":758,""feed_no_wheat"":5,""feed_no_animal"":267,""feed_redundant"":0,""water_dead"":112,""harvest_dead"":176,""plant_dead"":5,""animals_escaped"":3,""escape_capital"":1300.0,""escape_yield_units"":0,""escape_first_day"":1,""animal_unfed_days"":16,""plants_dry"":0,""dry_seed_cost"":0.0,""dry_yield_units"":0,""dry_first_day"":-1,""plant_unwatered_days"":144,""decay_units"":5,""plants_decayed"":0,""silent_loss_coins"":1300.0,""silent_loss_units"":5,""dead_actions"":2022,""move_dead"":0,""locked_dead"":757,""pickup_dead"":16,""drop_dead"":0,""place_dead"":50,""build_dead"":0,""dig_dead"":18,""fertilize_dead"":39,""collect_dead"":283,""care_dead"":294,""tile_cap_units"":9,""fertilizer_forgone"":8,""care_unfed"":11,""animal_shed_days"":46,""idle_tile_days"":376,""weed_tile_days"":2,""hand_pass_turns"":344,""farmer_pass_turns"":59,""phantom_hand_actions"":0,""sell_floor_units"":6,""hire_premium"":3503,""shed_units_now"":0,""shed_value_now"":0.0,""animals_in_shed_now"":2,""seeds_unplanted_now"":84,""seeds_unplanted_cost_now"":2540.0},{""sell_dead_units"":16949,""refused_buy_product"":6,""refused_buy_seed"":0,""refused_buy_animal"":0,""refused_hire"":0,""refused_buy_land"":0,""hire_paid"":3630,""sell_zero_fill"":0,""buy_zero_fill"":0,""sell_revenue"":191292.0,""total_spend"":30654.0,""shed_discarded_units"":4,""sold_units"":1606,""feed_no_wheat"":0,""feed_no_animal"":0,""feed_redundant"":0,""water_dead"":12,""harvest_dead"":4,""plant_dead"":0,""animals_escaped"":0,""escape_capital"":0.0,""escape_yield_units"":0,""escape_first_day"":-1,""animal_unfed_days"":38,""plants_dry"":1,""dry_seed_cost"":100.0,""dry_yield_units"":0,""dry_first_day"":21,""plant_unwatered_days"":381,""decay_units"":18,""plants_decayed"":18,""silent_loss_coins"":100.0,""silent_loss_units"":22,""dead_actions"":47,""move_dead"":0,""locked_dead"":0,""pickup_dead"":0,""drop_dead"":0,""place_dead"":1,""build_dead"":0,""dig_dead"":4,""fertilize_dead"":0,""collect_dead"":8,""care_dead"":18,""tile_cap_units"":9,""fertilizer_forgone"":17,""care_unfed"":34,""animal_shed_days"":1,""idle_tile_days"":64,""weed_tile_days"":1,""hand_pass_turns"":358,""farmer_pass_turns"":60,""phantom_hand_actions"":0,""sell_floor_units"":51,""hire_premium"":3370,""shed_units_now"":0,""shed_value_now"":0.0,""animals_in_shed_now"":0,""seeds_unplanted_now"":1,""seeds_unplanted_cost_now"":10.0}]}",{},
B0_v124,B0_v124_source,stress_buy90_sell90_buy5,opening_funding_stress,2026092411,0,89943.0,98154.0,-8211.0,L,kagsim,7.17704,0,0,0,0,0,0,0,0,c3ab682da4441177fc618eabaaaaed6a116e062aeb30b7c5493fa222eec90ca7,"[{""step"":0,""shops"":[]},{""step"":72,""shops"":[""SMOOTHIE_SHOP""]},{""step"":144,""shops"":[""SMOOTHIE_SHOP"",""PIZZA_SHOP""]},{""step"":216,""shops"":[""SMOOTHIE_SHOP"",""PIZZA_SHOP"",""BAKERY""]},{""step"":288,""shops"":[""SMOOTHIE_SHOP"",""PIZZA_SHOP"",""BAKERY"",""BAKERY""]},{""step"":360,""shops"":[""SMOOTHIE_SHOP"",""PIZZA_SHOP"",""BAKERY"",""BAKERY"",""SMOOTHIE_SHOP""]},{""step"":432,""shops"":[""SMOOTHIE_SHOP"",""PIZZA_SHOP"",""BAKERY"",""BAKERY"",""SMOOTHIE_SHOP"",""BRUNCH_SPOT""]},{""step"":504,""shops"":[""SMOOTHIE_SHOP"",""PIZZA_SHOP"",""BAKERY"",""BAKERY"",""SMOOTHIE_SHOP"",""BRUNCH_SPOT"",""PIZZA_SHOP""]},{""step"":576,""shops"":[""SMOOTHIE_SHOP"",""PIZZA_SHOP"",""BAKERY"",""BAKERY"",""SMOOTHIE_SHOP"",""BRUNCH_SPOT"",""PIZZA_SHOP"",""BAKERY""]}]",experiments/round10_public_learning_20260924/evaluations/opening_funding_stress/replays/B0_v124/stress_buy90_sell90_buy5/seed_2026092411_seat_0.json.gz,18370ddeb933489c4af59accfe37e6fe73833918b01b2b2035bbc63cb4e3d02e,0f0c95d52e82840488078a2feecf9ca4d3c59e9337d3273bf7c64ca572c0e51f,956d002c34c84d1afc72c89d097ec10ced6d2509c18aca204783d68f3ba40169,0fe077cc65622d6f6828160d90b617595a4aa7ea188e4afc67bfee8e4d290c92,"{""players"":[{""sell_dead_units"":15955,""refused_buy_product"":0,""refused_buy_seed"":0,""refused_buy_animal"":0,""refused_hire"":0,""refused_buy_land"":0,""hire_paid"":3630,""sell_zero_fill"":0,""buy_zero_fill"":0,""sell_revenue"":114564.0,""total_spend"":27621.0,""shed_discarded_units"":3,""sold_units"":1551,""feed_no_wheat"":0,""feed_no_animal"":0,""feed_redundant"":0,""water_dead"":12,""harvest_dead"":4,""plant_dead"":0,""animals_escaped"":0,""escape_capital"":0.0,""escape_yield_units"":0,""escape_first_day"":-1,""animal_unfed_days"":29,""plants_dry"":2,""dry_seed_cost"":110.0,""dry_yield_units"":1,""dry_first_day"":15,""plant_unwatered_days"":379,""decay_units"":18,""plants_decayed"":18,""silent_loss_coins"":110.0,""silent_loss_units"":22,""dead_actions"":42,""move_dead"":0,""locked_dead"":0,""pickup_dead"":0,""drop_dead"":0,""place_dead"":0,""build_dead"":0,""dig_dead"":1,""fertilize_dead"":0,""collect_dead"":3,""care_dead"":22,""tile_cap_units"":17,""fertilizer_forgone"":15,""care_unfed"":25,""animal_shed_days"":1,""idle_tile_days"":64,""weed_tile_days"":2,""hand_pass_turns"":350,""farmer_pass_turns"":59,""phantom_hand_actions"":0,""sell_floor_units"":200,""hire_premium"":3370,""shed_units_now"":0,""shed_value_now"":0.0,""animals_in_shed_now"":0,""seeds_unplanted_now"":0,""seeds_unplanted_cost_now"":0.0},{""sell_dead_units"":192,""refused_buy_product"":1,""refused_buy_seed"":0,""refused_buy_animal"":0,""refused_hire"":0,""refused_buy_land"":0,""hire_paid"":4397,""sell_zero_fill"":31,""buy_zero_fill"":1,""sell_revenue"":125981.0,""total_spend"":30827.0,""shed_discarded_units"":7,""sold_units"":1689,""feed_no_wheat"":0,""feed_no_animal"":0,""feed_redundant"":0,""water_dead"":14,""harvest_dead"":5,""plant_dead"":1,""animals_escaped"":0,""escape_capital"":0.0,""escape_yield_units"":0,""escape_first_day"":-1,""animal_unfed_days"":63,""plants_dry"":1,""dry_seed_cost"":100.0,""dry_yield_units"":0,""dry_first_day"":21,""plant_unwatered_days"":391,""decay_units"":18,""plants_decayed"":18,""silent_loss_coins"":100.0,""silent_loss_units"":25,""dead_actions"":47,""move_dead"":0,""locked_dead"":0,""pickup_dead"":0,""drop_dead"":0,""place_dead"":1,""build_dead"":0,""dig_dead"":4,""fertilize_dead"":1,""collect_dead"":8,""care_dead"":13,""tile_cap_units"":22,""fertilizer_forgone"":19,""care_unfed"":59,""animal_shed_days"":1,""idle_tile_days"":66,""weed_tile_days"":3,""hand_pass_turns"":384,""farmer_pass_turns"":64,""phantom_hand_actions"":0,""sell_floor_units"":107,""hire_premium"":4129,""shed_units_now"":0,""shed_value_now"":0.0,""animals_in_shed_now"":0,""seeds_unplanted_now"":0,""seeds_unplanted_cost_now"":0.0}]}",{},
B0_v124,B0_v124_source,stress_buy90_sell90_buy5,opening_funding_stress,2026092411,1,89943.0,98154.0,-8211.0,L,kagsim,6.095994,0,0,0,0,0,0,0,0,c3ab682da4441177fc618eabaaaaed6a116e062aeb30b7c5493fa222eec90ca7,"[{""step"":0,""shops"":[]},{""step"":72,""shops"":[""SMOOTHIE_SHOP""]},{""step"":144,""shops"":[""SMOOTHIE_SHOP"",""PIZZA_SHOP""]},{""step"":216,""shops"":[""SMOOTHIE_SHOP"",""PIZZA_SHOP"",""BAKERY""]},{""step"":288,""shops"":[""SMOOTHIE_SHOP"",""PIZZA_SHOP"",""BAKERY"",""BAKERY""]},{""step"":360,""shops"":[""SMOOTHIE_SHOP"",""PIZZA_SHOP"",""BAKERY"",""BAKERY"",""SMOOTHIE_SHOP""]},{""step"":432,""shops"":[""SMOOTHIE_SHOP"",""PIZZA_SHOP"",""BAKERY"",""BAKERY"",""SMOOTHIE_SHOP"",""BRUNCH_SPOT""]},{""step"":504,""shops"":[""SMOOTHIE_SHOP"",""PIZZA_SHOP"",""BAKERY"",""BAKERY"",""SMOOTHIE_SHOP"",""BRUNCH_SPOT"",""PIZZA_SHOP""]},{""step"":576,""shops"":[""SMOOTHIE_SHOP"",""PIZZA_SHOP"",""BAKERY"",""BAKERY"",""SMOOTHIE_SHOP"",""BRUNCH_SPOT"",""PIZZA_SHOP"",""BAKERY""]}]",experiments/round10_public_learning_20260924/evaluations/opening_funding_stress/replays/B0_v124/stress_buy90_sell90_buy5/seed_2026092411_seat_1.json.gz,20e212e48643225fa908074ef950bb08074e51f881dca45e2015707c95b72c31,0f0c95d52e82840488078a2feecf9ca4d3c59e9337d3273bf7c64ca572c0e51f,956d002c34c84d1afc72c89d097ec10ced6d2509c18aca204783d68f3ba40169,0fe077cc65622d6f6828160d90b617595a4aa7ea188e4afc67bfee8e4d290c92,"{""players"":[{""sell_dead_units"":192,""refused_buy_product"":1,""refused_buy_seed"":0,""refused_buy_animal"":0,""refused_hire"":0,""refused_buy_land"":0,""hire_paid"":4397,""sell_zero_fill"":31,""buy_zero_fill"":1,""sell_revenue"":125981.0,""total_spend"":30827.0,""shed_discarded_units"":7,""sold_units"":1689,""feed_no_wheat"":0,""feed_no_animal"":0,""feed_redundant"":0,""water_dead"":14,""harvest_dead"":5,""plant_dead"":1,""animals_escaped"":0,""escape_capital"":0.0,""escape_yield_units"":0,""escape_first_day"":-1,""animal_unfed_days"":63,""plants_dry"":1,""dry_seed_cost"":100.0,""dry_yield_units"":0,""dry_first_day"":21,""plant_unwatered_days"":391,""decay_units"":18,""plants_decayed"":18,""silent_loss_coins"":100.0,""silent_loss_units"":25,""dead_actions"":47,""move_dead"":0,""locked_dead"":0,""pickup_dead"":0,""drop_dead"":0,""place_dead"":1,""build_dead"":0,""dig_dead"":4,""fertilize_dead"":1,""collect_dead"":8,""care_dead"":13,""tile_cap_units"":22,""fertilizer_forgone"":19,""care_unfed"":59,""animal_shed_days"":1,""idle_tile_days"":66,""weed_tile_days"":1,""hand_pass_turns"":384,""farmer_pass_turns"":64,""phantom_hand_actions"":0,""sell_floor_units"":107,""hire_premium"":4129,""shed_units_now"":0,""shed_value_now"":0.0,""animals_in_shed_now"":0,""seeds_unplanted_now"":0,""seeds_unplanted_cost_now"":0.0},{""sell_dead_units"":15955,""refused_buy_product"":0,""refused_buy_seed"":0,""refused_buy_animal"":0,""refused_hire"":0,""refused_buy_land"":0,""hire_paid"":3630,""sell_zero_fill"":0,""buy_zero_fill"":0,""sell_revenue"":114564.0,""total_spend"":27621.0,""shed_discarded_units"":3,""sold_units"":1551,""feed_no_wheat"":0,""feed_no_animal"":0,""feed_redundant"":0,""water_dead"":12,""harvest_dead"":4,""plant_dead"":0,""animals_escaped"":0,""escape_capital"":0.0,""escape_yield_units"":0,""escape_first_day"":-1,""animal_unfed_days"":29,""plants_dry"":2,""dry_seed_cost"":110.0,""dry_yield_units"":1,""dry_first_day"":15,""plant_unwatered_days"":379,""decay_units"":18,""plants_decayed"":18,""silent_loss_coins"":110.0,""silent_loss_units"":22,""dead_actions"":42,""move_dead"":0,""locked_dead"":0,""pickup_dead"":0,""drop_dead"":0,""place_dead"":0,""build_dead"":0,""dig_dead"":1,""fertilize_dead"":0,""collect_dead"":3,""care_dead"":22,""tile_cap_units"":17,""fertilizer_forgone"":15,""care_unfed"":25,""animal_shed_days"":1,""idle_tile_days"":64,""weed_tile_days"":4,""hand_pass_turns"":350,""farmer_pass_turns"":59,""phantom_hand_actions"":0,""sell_floor_units"":200,""hire_premium"":3370,""shed_units_now"":0,""shed_value_now"":0.0,""animals_in_shed_now"":0,""seeds_unplanted_now"":0,""seeds_unplanted_cost_now"":0.0}]}",{},
B0_v124,B0_v124_source,stress_buy90_sell90_buy5,opening_funding_stress,2026092412,0,100095.0,105343.0,-5248.0,L,kagsim,7.54354,0,0,0,0,0,0,0,0,630833f49060cc2553e7c0ddf98be43c162c5e4ca82600ec318c29eb101cfbbb,"[{""step"":0,""shops"":[]},{""step"":72,""shops"":[""SMOOTHIE_SHOP""]},{""step"":144,""shops"":[""SMOOTHIE_SHOP"",""FARMERS_MARKET""]},{""step"":216,""shops"":[""SMOOTHIE_SHOP"",""FARMERS_MARKET"",""PIZZA_SHOP""]},{""step"":288,""shops"":[""SMOOTHIE_SHOP"",""FARMERS_MARKET"",""PIZZA_SHOP"",""BRUNCH_SPOT""]},{""step"":360,""shops"":[""SMOOTHIE_SHOP"",""FARMERS_MARKET"",""PIZZA_SHOP"",""BRUNCH_SPOT"",""YARN_STORE""]},{""step"":432,""shops"":[""SMOOTHIE_SHOP"",""FARMERS_MARKET"",""PIZZA_SHOP"",""BRUNCH_SPOT"",""YARN_STORE"",""PET_CAFE""]},{""step"":504,""shops"":[""SMOOTHIE_SHOP"",""FARMERS_MARKET"",""PIZZA_SHOP"",""BRUNCH_SPOT"",""YARN_STORE"",""PET_CAFE"",""SMOOTHIE_SHOP""]},{""step"":576,""shops"":[""SMOOTHIE_SHOP"",""FARMERS_MARKET"",""PIZZA_SHOP"",""BRUNCH_SPOT"",""YARN_STORE"",""PET_CAFE"",""SMOOTHIE_SHOP"",""PET_CAFE""]}]",experiments/round10_public_learning_20260924/evaluations/opening_funding_stress/replays/B0_v124/stress_buy90_sell90_buy5/seed_2026092412_seat_0.json.gz,36670f30b8f7181d869e54ae6f5b316023ca036a2ce93658bed26898d2e39ca9,0f0c95d52e82840488078a2feecf9ca4d3c59e9337d3273bf7c64ca572c0e51f,956d002c34c84d1afc72c89d097ec10ced6d2509c18aca204783d68f3ba40169,0fe077cc65622d6f6828160d90b617595a4aa7ea188e4afc67bfee8e4d290c92,"{""players"":[{""sell_dead_units"":14978,""refused_buy_product"":0,""refused_buy_seed"":0,""refused_buy_animal"":0,""refused_hire"":0,""refused_buy_land"":0,""hire_paid"":3630,""sell_zero_fill"":0,""buy_zero_fill"":0,""sell_revenue"":124676.0,""total_spend"":27581.0,""shed_discarded_units"":7,""sold_units"":1549,""feed_no_wheat"":0,""feed_no_animal"":0,""feed_redundant"":0,""water_dead"":12,""harvest_dead"":4,""plant_dead"":0,""animals_escaped"":0,""escape_capital"":0.0,""escape_yield_units"":0,""escape_first_day"":-1,""animal_unfed_days"":29,""plants_dry"":2,""dry_seed_cost"":110.0,""dry_yield_units"":1,""dry_first_day"":15,""plant_unwatered_days"":379,""decay_units"":18,""plants_decayed"":18,""silent_loss_coins"":110.0,""silent_loss_units"":26,""dead_actions"":44,""move_dead"":0,""locked_dead"":0,""pickup_dead"":0,""drop_dead"":0,""place_dead"":0,""build_dead"":0,""dig_dead"":1,""fertilize_dead"":0,""collect_dead"":3,""care_dead"":24,""tile_cap_units"":17,""fertilizer_forgone"":15,""care_unfed"":25,""animal_shed_days"":1,""idle_tile_days"":64,""weed_tile_days"":2,""hand_pass_turns"":345,""farmer_pass_turns"":59,""phantom_hand_actions"":0,""sell_floor_units"":39,""hire_premium"":3370,""shed_units_now"":0,""shed_value_now"":0.0,""animals_in_shed_now"":0,""seeds_unplanted_now"":0,""seeds_unplanted_cost_now"":0.0},{""sell_dead_units"":2223,""refused_buy_product"":1,""refused_buy_seed"":0,""refused_buy_animal"":0,""refused_hire"":0,""refused_buy_land"":0,""hire_paid"":4452,""sell_zero_fill"":46,""buy_zero_fill"":1,""sell_revenue"":133078.0,""total_spend"":30735.0,""shed_discarded_units"":6,""sold_units"":1692,""feed_no_wheat"":0,""feed_no_animal"":0,""feed_redundant"":0,""water_dead"":14,""harvest_dead"":5,""plant_dead"":1,""animals_escaped"":0,""escape_capital"":0.0,""escape_yield_units"":0,""escape_first_day"":-1,""animal_unfed_days"":63,""plants_dry"":1,""dry_seed_cost"":100.0,""dry_yield_units"":0,""dry_first_day"":21,""plant_unwatered_days"":390,""decay_units"":18,""plants_decayed"":18,""silent_loss_coins"":100.0,""silent_loss_units"":24,""dead_actions"":48,""move_dead"":0,""locked_dead"":0,""pickup_dead"":0,""drop_dead"":0,""place_dead"":2,""build_dead"":0,""dig_dead"":4,""fertilize_dead"":1,""collect_dead"":8,""care_dead"":13,""tile_cap_units"":26,""fertilizer_forgone"":19,""care_unfed"":59,""animal_shed_days"":1,""idle_tile_days"":66,""weed_tile_days"":1,""hand_pass_turns"":385,""farmer_pass_turns"":62,""phantom_hand_actions"":0,""sell_floor_units"":63,""hire_premium"":4184,""shed_units_now"":0,""shed_value_now"":0.0,""animals_in_shed_now"":0,""seeds_unplanted_now"":4,""seeds_unplanted_cost_now"":40.0}]}",{},
B0_v124,B0_v124_source,stress_buy90_sell90_buy5,opening_funding_stress,2026092412,1,100095.0,105343.0,-5248.0,L,kagsim,6.291732,0,0,0,0,0,0,0,0,630833f49060cc2553e7c0ddf98be43c162c5e4ca82600ec318c29eb101cfbbb,"[{""step"":0,""shops"":[]},{""step"":72,""shops"":[""SMOOTHIE_SHOP""]},{""step"":144,""shops"":[""SMOOTHIE_SHOP"",""FARMERS_MARKET""]},{""step"":216,""shops"":[""SMOOTHIE_SHOP"",""FARMERS_MARKET"",""PIZZA_SHOP""]},{""step"":288,""shops"":[""SMOOTHIE_SHOP"",""FARMERS_MARKET"",""PIZZA_SHOP"",""BRUNCH_SPOT""]},{""step"":360,""shops"":[""SMOOTHIE_SHOP"",""FARMERS_MARKET"",""PIZZA_SHOP"",""BRUNCH_SPOT"",""YARN_STORE""]},{""step"":432,""shops"":[""SMOOTHIE_SHOP"",""FARMERS_MARKET"",""PIZZA_SHOP"",""BRUNCH_SPOT"",""YARN_STORE"",""PET_CAFE""]},{""step"":504,""shops"":[""SMOOTHIE_SHOP"",""FARMERS_MARKET"",""PIZZA_SHOP"",""BRUNCH_SPOT"",""YARN_STORE"",""PET_CAFE"",""SMOOTHIE_SHOP""]},{""step"":576,""shops"":[""SMOOTHIE_SHOP"",""FARMERS_MARKET"",""PIZZA_SHOP"",""BRUNCH_SPOT"",""YARN_STORE"",""PET_CAFE"",""SMOOTHIE_SHOP"",""PET_CAFE""]}]",experiments/round10_public_learning_20260924/evaluations/opening_funding_stress/replays/B0_v124/stress_buy90_sell90_buy5/seed_2026092412_seat_1.json.gz,c6f58e970ae7dbd5f2324c3616ce16747f96ed16ad08e13e9e8e3211a216afdb,0f0c95d52e82840488078a2feecf9ca4d3c59e9337d3273bf7c64ca572c0e51f,956d002c34c84d1afc72c89d097ec10ced6d2509c18aca204783d68f3ba40169,0fe077cc65622d6f6828160d90b617595a4aa7ea188e4afc67bfee8e4d290c92,"{""players"":[{""sell_dead_units"":2223,""refused_buy_product"":1,""refused_buy_seed"":0,""refused_buy_animal"":0,""refused_hire"":0,""refused_buy_land"":0,""hire_paid"":4452,""sell_zero_fill"":46,""buy_zero_fill"":1,""sell_revenue"":133078.0,""total_spend"":30735.0,""shed_discarded_units"":6,""sold_units"":1692,""feed_no_wheat"":0,""feed_no_animal"":0,""feed_redundant"":0,""water_dead"":14,""harvest_dead"":5,""plant_dead"":1,""animals_escaped"":0,""escape_capital"":0.0,""escape_yield_units"":0,""escape_first_day"":-1,""animal_unfed_days"":63,""plants_dry"":1,""dry_seed_cost"":100.0,""dry_yield_units"":0,""dry_first_day"":21,""plant_unwatered_days"":390,""decay_units"":18,""plants_decayed"":18,""silent_loss_coins"":100.0,""silent_loss_units"":24,""dead_actions"":48,""move_dead"":0,""locked_dead"":0,""pickup_dead"":0,""drop_dead"":0,""place_dead"":2,""build_dead"":0,""dig_dead"":4,""fertilize_dead"":1,""collect_dead"":8,""care_dead"":13,""tile_cap_units"":26,""fertilizer_forgone"":19,""care_unfed"":59,""animal_shed_days"":1,""idle_tile_days"":66,""weed_tile_days"":1,""hand_pass_turns"":385,""farmer_pass_turns"":62,""phantom_hand_actions"":0,""sell_floor_units"":63,""hire_premium"":4184,""shed_units_now"":0,""shed_value_now"":0.0,""animals_in_shed_now"":0,""seeds_unplanted_now"":4,""seeds_unplanted_cost_now"":40.0},{""sell_dead_units"":14978,""refused_buy_product"":0,""refused_buy_seed"":0,""refused_buy_animal"":0,""refused_hire"":0,""refused_buy_land"":0,""hire_paid"":3630,""sell_zero_fill"":0,""buy_zero_fill"":0,""sell_revenue"":124676.0,""total_spend"":27581.0,""shed_discarded_units"":7,""sold_units"":1549,""feed_no_wheat"":0,""feed_no_animal"":0,""feed_redundant"":0,""water_dead"":12,""harvest_dead"":4,""plant_dead"":0,""animals_escaped"":0,""escape_capital"":0.0,""escape_yield_units"":0,""escape_first_day"":-1,""animal_unfed_days"":29,""plants_dry"":2,""dry_seed_cost"":110.0,""dry_yield_units"":1,""dry_first_day"":15,""plant_unwatered_days"":379,""decay_units"":18,""plants_decayed"":18,""silent_loss_coins"":110.0,""silent_loss_units"":26,""dead_actions"":44,""move_dead"":0,""locked_dead"":0,""pickup_dead"":0,""drop_dead"":0,""place_dead"":0,""build_dead"":0,""dig_dead"":1,""fertilize_dead"":0,""collect_dead"":3,""care_dead"":24,""tile_cap_units"":17,""fertilizer_forgone"":15,""care_unfed"":25,""animal_shed_days"":1,""idle_tile_days"":64,""weed_tile_days"":2,""hand_pass_turns"":345,""farmer_pass_turns"":59,""phantom_hand_actions"":0,""sell_floor_units"":39,""hire_premium"":3370,""shed_units_now"":0,""shed_value_now"":0.0,""animals_in_shed_now"":0,""seeds_unplanted_now"":0,""seeds_unplanted_cost_now"":0.0}]}",{},
B0_v124,B0_v124_source,stress_no_trade,opening_funding_stress,2026092411,0,163331.0,42960.0,120371.0,W,kagsim,3.948034,0,0,0,0,0,0,0,0,3953396c19f258792c914b6921dae03f3624d8252ab08c1ca7609ce4c242438d,"[{""step"":0,""shops"":[]},{""step"":72,""shops"":[""SMOOTHIE_SHOP""]},{""step"":144,""shops"":[""SMOOTHIE_SHOP"",""PIZZA_SHOP""]},{""step"":216,""shops"":[""SMOOTHIE_SHOP"",""PIZZA_SHOP"",""BAKERY""]},{""step"":288,""shops"":[""SMOOTHIE_SHOP"",""PIZZA_SHOP"",""BAKERY"",""ICE_CREAM_SHOP""]},{""step"":360,""shops"":[""SMOOTHIE_SHOP"",""PIZZA_SHOP"",""BAKERY"",""ICE_CREAM_SHOP"",""ICE_CREAM_SHOP""]},{""step"":432,""shops"":[""SMOOTHIE_SHOP"",""PIZZA_SHOP"",""BAKERY"",""ICE_CREAM_SHOP"",""ICE_CREAM_SHOP"",""YARN_STORE""]},{""step"":504,""shops"":[""SMOOTHIE_SHOP"",""PIZZA_SHOP"",""BAKERY"",""ICE_CREAM_SHOP"",""ICE_CREAM_SHOP"",""YARN_STORE"",""FARMERS_MARKET""]},{""step"":576,""shops"":[""SMOOTHIE_SHOP"",""PIZZA_SHOP"",""BAKERY"",""ICE_CREAM_SHOP"",""ICE_CREAM_SHOP"",""YARN_STORE"",""FARMERS_MARKET"",""FARMERS_MARKET""]}]",experiments/round10_public_learning_20260924/evaluations/opening_funding_stress/replays/B0_v124/stress_no_trade/seed_2026092411_seat_0.json.gz,a4bdf69656b5c3c8743f9b39e521ddac3ff676718ca2c9c3d1c06b99fc57cf8b,0f0c95d52e82840488078a2feecf9ca4d3c59e9337d3273bf7c64ca572c0e51f,41fcc9a53da64be53e092ba541d01ce0a3d26ac59aa779fec35836dedc66bd4b,0fe077cc65622d6f6828160d90b617595a4aa7ea188e4afc67bfee8e4d290c92,"{""players"":[{""sell_dead_units"":15986,""refused_buy_product"":7,""refused_buy_seed"":0,""refused_buy_animal"":0,""refused_hire"":0,""refused_buy_land"":0,""hire_paid"":3630,""sell_zero_fill"":0,""buy_zero_fill"":0,""sell_revenue"":226703.0,""total_spend"":66372.0,""shed_discarded_units"":25,""sold_units"":2471,""feed_no_wheat"":0,""feed_no_animal"":0,""feed_redundant"":0,""water_dead"":13,""harvest_dead"":7,""plant_dead"":0,""animals_escaped"":0,""escape_capital"":0.0,""escape_yield_units"":0,""escape_first_day"":-1,""animal_unfed_days"":38,""plants_dry"":1,""dry_seed_cost"":100.0,""dry_yield_units"":0,""dry_first_day"":21,""plant_unwatered_days"":378,""decay_units"":18,""plants_decayed"":18,""silent_loss_coins"":100.0,""silent_loss_units"":43,""dead_actions"":46,""move_dead"":0,""locked_dead"":0,""pickup_dead"":0,""drop_dead"":0,""place_dead"":0,""build_dead"":0,""dig_dead"":1,""fertilize_dead"":0,""collect_dead"":3,""care_dead"":22,""tile_cap_units"":9,""fertilizer_forgone"":15,""care_unfed"":34,""animal_shed_days"":1,""idle_tile_days"":64,""weed_tile_days"":1,""hand_pass_turns"":370,""farmer_pass_turns"":62,""phantom_hand_actions"":0,""sell_floor_units"":7,""hire_premium"":3370,""shed_units_now"":0,""shed_value_now"":0.0,""animals_in_shed_now"":0,""seeds_unplanted_now"":1,""seeds_unplanted_cost_now"":10.0},{""sell_dead_units"":632,""refused_buy_product"":34,""refused_buy_seed"":12,""refused_buy_animal"":8,""refused_hire"":0,""refused_buy_land"":1,""hire_paid"":3897,""sell_zero_fill"":112,""buy_zero_fill"":23,""sell_revenue"":60150.0,""total_spend"":20190.0,""shed_discarded_units"":0,""sold_units"":731,""feed_no_wheat"":6,""feed_no_animal"":253,""feed_redundant"":0,""water_dead"":111,""harvest_dead"":169,""plant_dead"":4,""animals_escaped"":3,""escape_capital"":1300.0,""escape_yield_units"":0,""escape_first_day"":1,""animal_unfed_days"":17,""plants_dry"":0,""dry_seed_cost"":0.0,""dry_yield_units"":0,""dry_first_day"":-1,""plant_unwatered_days"":135,""decay_units"":0,""plants_decayed"":0,""silent_loss_coins"":1300.0,""silent_loss_units"":0,""dead_actions"":1983,""move_dead"":0,""locked_dead"":774,""pickup_dead"":16,""drop_dead"":0,""place_dead"":52,""build_dead"":0,""dig_dead"":18,""fertilize_dead"":38,""collect_dead"":266,""care_dead"":276,""tile_cap_units"":7,""fertilizer_forgone"":8,""care_unfed"":13,""animal_shed_days"":47,""idle_tile_days"":356,""weed_tile_days"":3,""hand_pass_turns"":362,""farmer_pass_turns"":59,""phantom_hand_actions"":0,""sell_floor_units"":0,""hire_premium"":3634,""shed_units_now"":0,""shed_value_now"":0.0,""animals_in_shed_now"":2,""seeds_unplanted_now"":81,""seeds_unplanted_cost_now"":2510.0}]}",{},
B0_v124,B0_v124_source,stress_no_trade,opening_funding_stress,2026092411,1,163331.0,42960.0,120371.0,W,kagsim,4.904742,0,0,0,0,0,0,0,0,3953396c19f258792c914b6921dae03f3624d8252ab08c1ca7609ce4c242438d,"[{""step"":0,""shops"":[]},{""step"":72,""shops"":[""SMOOTHIE_SHOP""]},{""step"":144,""shops"":[""SMOOTHIE_SHOP"",""PIZZA_SHOP""]},{""step"":216,""shops"":[""SMOOTHIE_SHOP"",""PIZZA_SHOP"",""BAKERY""]},{""step"":288,""shops"":[""SMOOTHIE_SHOP"",""PIZZA_SHOP"",""BAKERY"",""ICE_CREAM_SHOP""]},{""step"":360,""shops"":[""SMOOTHIE_SHOP"",""PIZZA_SHOP"",""BAKERY"",""ICE_CREAM_SHOP"",""ICE_CREAM_SHOP""]},{""step"":432,""shops"":[""SMOOTHIE_SHOP"",""PIZZA_SHOP"",""BAKERY"",""ICE_CREAM_SHOP"",""ICE_CREAM_SHOP"",""YARN_STORE""]},{""step"":504,""shops"":[""SMOOTHIE_SHOP"",""PIZZA_SHOP"",""BAKERY"",""ICE_CREAM_SHOP"",""ICE_CREAM_SHOP"",""YARN_STORE"",""FARMERS_MARKET""]},{""step"":576,""shops"":[""SMOOTHIE_SHOP"",""PIZZA_SHOP"",""BAKERY"",""ICE_CREAM_SHOP"",""ICE_CREAM_SHOP"",""YARN_STORE"",""FARMERS_MARKET"",""FARMERS_MARKET""]}]",experiments/round10_public_learning_20260924/evaluations/opening_funding_stress/replays/B0_v124/stress_no_trade/seed_2026092411_seat_1.json.gz,bec465634430399d91c32d7bde299497626539f93739c4d069f16ca186e12e5a,0f0c95d52e82840488078a2feecf9ca4d3c59e9337d3273bf7c64ca572c0e51f,41fcc9a53da64be53e092ba541d01ce0a3d26ac59aa779fec35836dedc66bd4b,0fe077cc65622d6f6828160d90b617595a4aa7ea188e4afc67bfee8e4d290c92,"{""players"":[{""sell_dead_units"":632,""refused_buy_product"":34,""refused_buy_seed"":12,""refused_buy_animal"":8,""refused_hire"":0,""refused_buy_land"":1,""hire_paid"":3897,""sell_zero_fill"":112,""buy_zero_fill"":23,""sell_revenue"":60150.0,""total_spend"":20190.0,""shed_discarded_units"":0,""sold_units"":731,""feed_no_wheat"":6,""feed_no_animal"":253,""feed_redundant"":0,""water_dead"":111,""harvest_dead"":170,""plant_dead"":4,""animals_escaped"":3,""escape_capital"":1300.0,""escape_yield_units"":0,""escape_first_day"":1,""animal_unfed_days"":17,""plants_dry"":0,""dry_seed_cost"":0.0,""dry_yield_units"":0,""dry_first_day"":-1,""plant_unwatered_days"":135,""decay_units"":0,""plants_decayed"":0,""silent_loss_coins"":1300.0,""silent_loss_units"":0,""dead_actions"":1984,""move_dead"":0,""locked_dead"":774,""pickup_dead"":16,""drop_dead"":0,""place_dead"":52,""build_dead"":0,""dig_dead"":18,""fertilize_dead"":38,""collect_dead"":266,""care_dead"":276,""tile_cap_units"":7,""fertilizer_forgone"":8,""care_unfed"":13,""animal_shed_days"":47,""idle_tile_days"":356,""weed_tile_days"":1,""hand_pass_turns"":362,""farmer_pass_turns"":59,""phantom_hand_actions"":0,""sell_floor_units"":0,""hire_premium"":3634,""shed_units_now"":0,""shed_value_now"":0.0,""animals_in_shed_now"":2,""seeds_unplanted_now"":81,""seeds_unplanted_cost_now"":2510.0},{""sell_dead_units"":15986,""refused_buy_product"":7,""refused_buy_seed"":0,""refused_buy_animal"":0,""refused_hire"":0,""refused_buy_land"":0,""hire_paid"":3630,""sell_zero_fill"":0,""buy_zero_fill"":0,""sell_revenue"":226703.0,""total_spend"":66372.0,""shed_discarded_units"":25,""sold_units"":2471,""feed_no_wheat"":0,""feed_no_animal"":0,""feed_redundant"":0,""water_dead"":13,""harvest_dead"":7,""plant_dead"":0,""animals_escaped"":0,""escape_capital"":0.0,""escape_yield_units"":0,""escape_first_day"":-1,""animal_unfed_days"":38,""plants_dry"":1,""dry_seed_cost"":100.0,""dry_yield_units"":0,""dry_first_day"":21,""plant_unwatered_days"":378,""decay_units"":18,""plants_decayed"":18,""silent_loss_coins"":100.0,""silent_loss_units"":43,""dead_actions"":46,""move_dead"":0,""locked_dead"":0,""pickup_dead"":0,""drop_dead"":0,""place_dead"":0,""build_dead"":0,""dig_dead"":1,""fertilize_dead"":0,""collect_dead"":3,""care_dead"":22,""tile_cap_units"":9,""fertilizer_forgone"":15,""care_unfed"":34,""animal_shed_days"":1,""idle_tile_days"":64,""weed_tile_days"":3,""hand_pass_turns"":370,""farmer_pass_turns"":62,""phantom_hand_actions"":0,""sell_floor_units"":7,""hire_premium"":3370,""shed_units_now"":0,""shed_value_now"":0.0,""animals_in_shed_now"":0,""seeds_unplanted_now"":1,""seeds_unplanted_cost_now"":10.0}]}",{},
B0_v124,B0_v124_source,stress_no_trade,opening_funding_stress,2026092412,0,163630.0,37464.0,126166.0,W,kagsim,4.819915,0,0,0,0,0,0,0,0,c4f13123c4af60a18d77089068d704e94cea9d5b0702579610a6184ad0a36465,"[{""step"":0,""shops"":[]},{""step"":72,""shops"":[""SMOOTHIE_SHOP""]},{""step"":144,""shops"":[""SMOOTHIE_SHOP"",""FARMERS_MARKET""]},{""step"":216,""shops"":[""SMOOTHIE_SHOP"",""FARMERS_MARKET"",""PIZZA_SHOP""]},{""step"":288,""shops"":[""SMOOTHIE_SHOP"",""FARMERS_MARKET"",""PIZZA_SHOP"",""PIZZA_SHOP""]},{""step"":360,""shops"":[""SMOOTHIE_SHOP"",""FARMERS_MARKET"",""PIZZA_SHOP"",""PIZZA_SHOP"",""PET_CAFE""]},{""step"":432,""shops"":[""SMOOTHIE_SHOP"",""FARMERS_MARKET"",""PIZZA_SHOP"",""PIZZA_SHOP"",""PET_CAFE"",""ICE_CREAM_SHOP""]},{""step"":504,""shops"":[""SMOOTHIE_SHOP"",""FARMERS_MARKET"",""PIZZA_SHOP"",""PIZZA_SHOP"",""PET_CAFE"",""ICE_CREAM_SHOP"",""BRUNCH_SPOT""]},{""step"":576,""shops"":[""SMOOTHIE_SHOP"",""FARMERS_MARKET"",""PIZZA_SHOP"",""PIZZA_SHOP"",""PET_CAFE"",""ICE_CREAM_SHOP"",""BRUNCH_SPOT"",""FARMERS_MARKET""]}]",experiments/round10_public_learning_20260924/evaluations/opening_funding_stress/replays/B0_v124/stress_no_trade/seed_2026092412_seat_0.json.gz,0cac1c216cb7772e4b1e2863c7a12c519b327aa8a68ff8a6c58f522c59b6892f,0f0c95d52e82840488078a2feecf9ca4d3c59e9337d3273bf7c64ca572c0e51f,41fcc9a53da64be53e092ba541d01ce0a3d26ac59aa779fec35836dedc66bd4b,0fe077cc65622d6f6828160d90b617595a4aa7ea188e4afc67bfee8e4d290c92,"{""players"":[{""sell_dead_units"":16949,""refused_buy_product"":6,""refused_buy_seed"":0,""refused_buy_animal"":0,""refused_hire"":0,""refused_buy_land"":0,""hire_paid"":3630,""sell_zero_fill"":0,""buy_zero_fill"":0,""sell_revenue"":191279.0,""total_spend"":30649.0,""shed_discarded_units"":4,""sold_units"":1606,""feed_no_wheat"":0,""feed_no_animal"":0,""feed_redundant"":0,""water_dead"":12,""harvest_dead"":4,""plant_dead"":0,""animals_escaped"":0,""escape_capital"":0.0,""escape_yield_units"":0,""escape_first_day"":-1,""animal_unfed_days"":38,""plants_dry"":1,""dry_seed_cost"":100.0,""dry_yield_units"":0,""dry_first_day"":21,""plant_unwatered_days"":381,""decay_units"":18,""plants_decayed"":18,""silent_loss_coins"":100.0,""silent_loss_units"":22,""dead_actions"":47,""move_dead"":0,""locked_dead"":0,""pickup_dead"":0,""drop_dead"":0,""place_dead"":1,""build_dead"":0,""dig_dead"":4,""fertilize_dead"":0,""collect_dead"":8,""care_dead"":18,""tile_cap_units"":9,""fertilizer_forgone"":17,""care_unfed"":34,""animal_shed_days"":1,""idle_tile_days"":64,""weed_tile_days"":1,""hand_pass_turns"":358,""farmer_pass_turns"":60,""phantom_hand_actions"":0,""sell_floor_units"":51,""hire_premium"":3370,""shed_units_now"":0,""shed_value_now"":0.0,""animals_in_shed_now"":0,""seeds_unplanted_now"":1,""seeds_unplanted_cost_now"":10.0},{""sell_dead_units"":1684,""refused_buy_product"":35,""refused_buy_seed"":11,""refused_buy_animal"":9,""refused_hire"":6,""refused_buy_land"":1,""hire_paid"":3758,""sell_zero_fill"":127,""buy_zero_fill"":26,""sell_revenue"":54102.0,""total_spend"":19638.0,""shed_discarded_units"":0,""sold_units"":688,""feed_no_wheat"":5,""feed_no_animal"":267,""feed_redundant"":0,""water_dead"":112,""harvest_dead"":176,""plant_dead"":5,""animals_escaped"":3,""escape_capital"":1300.0,""escape_yield_units"":0,""escape_first_day"":1,""animal_unfed_days"":16,""plants_dry"":0,""dry_seed_cost"":0.0,""dry_yield_units"":0,""dry_first_day"":-1,""plant_unwatered_days"":144,""decay_units"":5,""plants_decayed"":0,""silent_loss_coins"":1300.0,""silent_loss_units"":5,""dead_actions"":2013,""move_dead"":0,""locked_dead"":748,""pickup_dead"":16,""drop_dead"":0,""place_dead"":50,""build_dead"":0,""dig_dead"":18,""fertilize_dead"":39,""collect_dead"":283,""care_dead"":294,""tile_cap_units"":9,""fertilizer_forgone"":8,""care_unfed"":11,""animal_shed_days"":46,""idle_tile_days"":376,""weed_tile_days"":2,""hand_pass_turns"":344,""farmer_pass_turns"":59,""phantom_hand_actions"":0,""sell_floor_units"":6,""hire_premium"":3501,""shed_units_now"":0,""shed_value_now"":0.0,""animals_in_shed_now"":2,""seeds_unplanted_now"":85,""seeds_unplanted_cost_now"":2550.0}]}",{},
B0_v124,B0_v124_source,stress_no_trade,opening_funding_stress,2026092412,1,163630.0,37464.0,126166.0,W,kagsim,4.783578,0,0,0,0,0,0,0,0,c4f13123c4af60a18d77089068d704e94cea9d5b0702579610a6184ad0a36465,"[{""step"":0,""shops"":[]},{""step"":72,""shops"":[""SMOOTHIE_SHOP""]},{""step"":144,""shops"":[""SMOOTHIE_SHOP"",""FARMERS_MARKET""]},{""step"":216,""shops"":[""SMOOTHIE_SHOP"",""FARMERS_MARKET"",""PIZZA_SHOP""]},{""step"":288,""shops"":[""SMOOTHIE_SHOP"",""FARMERS_MARKET"",""PIZZA_SHOP"",""PIZZA_SHOP""]},{""step"":360,""shops"":[""SMOOTHIE_SHOP"",""FARMERS_MARKET"",""PIZZA_SHOP"",""PIZZA_SHOP"",""PET_CAFE""]},{""step"":432,""shops"":[""SMOOTHIE_SHOP"",""FARMERS_MARKET"",""PIZZA_SHOP"",""PIZZA_SHOP"",""PET_CAFE"",""ICE_CREAM_SHOP""]},{""step"":504,""shops"":[""SMOOTHIE_SHOP"",""FARMERS_MARKET"",""PIZZA_SHOP"",""PIZZA_SHOP"",""PET_CAFE"",""ICE_CREAM_SHOP"",""BRUNCH_SPOT""]},{""step"":576,""shops"":[""SMOOTHIE_SHOP"",""FARMERS_MARKET"",""PIZZA_SHOP"",""PIZZA_SHOP"",""PET_CAFE"",""ICE_CREAM_SHOP"",""BRUNCH_SPOT"",""FARMERS_MARKET""]}]",experiments/round10_public_learning_20260924/evaluations/opening_funding_stress/replays/B0_v124/stress_no_trade/seed_2026092412_seat_1.json.gz,11d4d303aa0afa3e6d5106b021afd597bd0340c67f3e84b7b8ebc11e0e9c0a6f,0f0c95d52e82840488078a2feecf9ca4d3c59e9337d3273bf7c64ca572c0e51f,41fcc9a53da64be53e092ba541d01ce0a3d26ac59aa779fec35836dedc66bd4b,0fe077cc65622d6f6828160d90b617595a4aa7ea188e4afc67bfee8e4d290c92,"{""players"":[{""sell_dead_units"":1684,""refused_buy_product"":35,""refused_buy_seed"":11,""refused_buy_animal"":9,""refused_hire"":6,""refused_buy_land"":1,""hire_paid"":3758,""sell_zero_fill"":127,""buy_zero_fill"":26,""sell_revenue"":54102.0,""total_spend"":19638.0,""shed_discarded_units"":0,""sold_units"":688,""feed_no_wheat"":5,""feed_no_animal"":267,""feed_redundant"":0,""water_dead"":112,""harvest_dead"":176,""plant_dead"":5,""animals_escaped"":3,""escape_capital"":1300.0,""escape_yield_units"":0,""escape_first_day"":1,""animal_unfed_days"":16,""plants_dry"":0,""dry_seed_cost"":0.0,""dry_yield_units"":0,""dry_first_day"":-1,""plant_unwatered_days"":144,""decay_units"":5,""plants_decayed"":0,""silent_loss_coins"":1300.0,""silent_loss_units"":5,""dead_actions"":2013,""move_dead"":0,""locked_dead"":748,""pickup_dead"":16,""drop_dead"":0,""place_dead"":50,""build_dead"":0,""dig_dead"":18,""fertilize_dead"":39,""collect_dead"":283,""care_dead"":294,""tile_cap_units"":9,""fertilizer_forgone"":8,""care_unfed"":11,""animal_shed_days"":46,""idle_tile_days"":376,""weed_tile_days"":2,""hand_pass_turns"":344,""farmer_pass_turns"":59,""phantom_hand_actions"":0,""sell_floor_units"":6,""hire_premium"":3501,""shed_units_now"":0,""shed_value_now"":0.0,""animals_in_shed_now"":2,""seeds_unplanted_now"":85,""seeds_unplanted_cost_now"":2550.0},{""sell_dead_units"":16949,""refused_buy_product"":6,""refused_buy_seed"":0,""refused_buy_animal"":0,""refused_hire"":0,""refused_buy_land"":0,""hire_paid"":3630,""sell_zero_fill"":0,""buy_zero_fill"":0,""sell_revenue"":191279.0,""total_spend"":30649.0,""shed_discarded_units"":4,""sold_units"":1606,""feed_no_wheat"":0,""feed_no_animal"":0,""feed_redundant"":0,""water_dead"":12,""harvest_dead"":4,""plant_dead"":0,""animals_escaped"":0,""escape_capital"":0.0,""escape_yield_units"":0,""escape_first_day"":-1,""animal_unfed_days"":38,""plants_dry"":1,""dry_seed_cost"":100.0,""dry_yield_units"":0,""dry_first_day"":21,""plant_unwatered_days"":381,""decay_units"":18,""plants_decayed"":18,""silent_loss_coins"":100.0,""silent_loss_units"":22,""dead_actions"":47,""move_dead"":0,""locked_dead"":0,""pickup_dead"":0,""drop_dead"":0,""place_dead"":1,""build_dead"":0,""dig_dead"":4,""fertilize_dead"":0,""collect_dead"":8,""care_dead"":18,""tile_cap_units"":9,""fertilizer_forgone"":17,""care_unfed"":34,""animal_shed_days"":1,""idle_tile_days"":64,""weed_tile_days"":1,""hand_pass_turns"":358,""farmer_pass_turns"":60,""phantom_hand_actions"":0,""sell_floor_units"":51,""hire_premium"":3370,""shed_units_now"":0,""shed_value_now"":0.0,""animals_in_shed_now"":0,""seeds_unplanted_now"":1,""seeds_unplanted_cost_now"":10.0}]}",{},
B0_v124,B0_v124_source,stress_sell5_buy10,opening_funding_stress,2026092411,0,59956.0,64104.0,-4148.0,L,kagsim,7.171014,0,0,0,0,0,0,0,0,9d679a04893492b7c7075b77be82ae4c9fb9befdbad48e27e7b2959d7765cbf9,"[{""step"":0,""shops"":[]},{""step"":72,""shops"":[""PIZZA_SHOP""]},{""step"":144,""shops"":[""PIZZA_SHOP"",""BAKERY""]},{""step"":216,""shops"":[""PIZZA_SHOP"",""BAKERY"",""BRUNCH_SPOT""]},{""step"":288,""shops"":[""PIZZA_SHOP"",""BAKERY"",""BRUNCH_SPOT"",""BAKERY""]},{""step"":360,""shops"":[""PIZZA_SHOP"",""BAKERY"",""BRUNCH_SPOT"",""BAKERY"",""SMOOTHIE_SHOP""]},{""step"":432,""shops"":[""PIZZA_SHOP"",""BAKERY"",""BRUNCH_SPOT"",""BAKERY"",""SMOOTHIE_SHOP"",""BRUNCH_SPOT""]},{""step"":504,""shops"":[""PIZZA_SHOP"",""BAKERY"",""BRUNCH_SPOT"",""BAKERY"",""SMOOTHIE_SHOP"",""BRUNCH_SPOT"",""PIZZA_SHOP""]},{""step"":576,""shops"":[""PIZZA_SHOP"",""BAKERY"",""BRUNCH_SPOT"",""BAKERY"",""SMOOTHIE_SHOP"",""BRUNCH_SPOT"",""PIZZA_SHOP"",""BAKERY""]}]",experiments/round10_public_learning_20260924/evaluations/opening_funding_stress/replays/B0_v124/stress_sell5_buy10/seed_2026092411_seat_0.json.gz,b9b803bd577abfe6a4bf8db95da9c75981e46762e2c2c87215eb1c3ba328cb1b,0f0c95d52e82840488078a2feecf9ca4d3c59e9337d3273bf7c64ca572c0e51f,d3161d1e63eb6fcec46132d446b85ba26650973622420d90464f1bf5ab58d652,0fe077cc65622d6f6828160d90b617595a4aa7ea188e4afc67bfee8e4d290c92,"{""players"":[{""sell_dead_units"":2043,""refused_buy_product"":0,""refused_buy_seed"":0,""refused_buy_animal"":0,""refused_hire"":0,""refused_buy_land"":0,""hire_paid"":3986,""sell_zero_fill"":0,""buy_zero_fill"":0,""sell_revenue"":85416.0,""total_spend"":28460.0,""shed_discarded_units"":0,""sold_units"":1597,""feed_no_wheat"":0,""feed_no_animal"":0,""feed_redundant"":0,""water_dead"":13,""harvest_dead"":4,""plant_dead"":0,""animals_escaped"":0,""escape_capital"":0.0,""escape_yield_units"":0,""escape_first_day"":-1,""animal_unfed_days"":49,""plants_dry"":2,""dry_seed_cost"":110.0,""dry_yield_units"":1,""dry_first_day"":15,""plant_unwatered_days"":382,""decay_units"":18,""plants_decayed"":18,""silent_loss_coins"":110.0,""silent_loss_units"":19,""dead_actions"":41,""move_dead"":0,""locked_dead"":0,""pickup_dead"":0,""drop_dead"":0,""place_dead"":0,""build_dead"":0,""dig_dead"":1,""fertilize_dead"":0,""collect_dead"":3,""care_dead"":20,""tile_cap_units"":26,""fertilizer_forgone"":15,""care_unfed"":45,""animal_shed_days"":1,""idle_tile_days"":64,""weed_tile_days"":2,""hand_pass_turns"":373,""farmer_pass_turns"":60,""phantom_hand_actions"":0,""sell_floor_units"":225,""hire_premium"":3722,""shed_units_now"":0,""shed_value_now"":0.0,""animals_in_shed_now"":0,""seeds_unplanted_now"":0,""seeds_unplanted_cost_now"":0.0},{""sell_dead_units"":194,""refused_buy_product"":0,""refused_buy_seed"":2,""refused_buy_animal"":0,""refused_hire"":0,""refused_buy_land"":0,""hire_paid"":4397,""sell_zero_fill"":24,""buy_zero_fill"":1,""sell_revenue"":89312.0,""total_spend"":28208.0,""shed_discarded_units"":4,""sold_units"":1584,""feed_no_wheat"":0,""feed_no_animal"":0,""feed_redundant"":0,""water_dead"":32,""harvest_dead"":6,""plant_dead"":3,""animals_escaped"":0,""escape_capital"":0.0,""escape_yield_units"":0,""escape_first_day"":-1,""animal_unfed_days"":105,""plants_dry"":1,""dry_seed_cost"":100.0,""dry_yield_units"":0,""dry_first_day"":21,""plant_unwatered_days"":386,""decay_units"":18,""plants_decayed"":18,""silent_loss_coins"":100.0,""silent_loss_units"":22,""dead_actions"":70,""move_dead"":0,""locked_dead"":0,""pickup_dead"":0,""drop_dead"":0,""place_dead"":2,""build_dead"":0,""dig_dead"":4,""fertilize_dead"":2,""collect_dead"":8,""care_dead"":13,""tile_cap_units"":22,""fertilizer_forgone"":18,""care_unfed"":101,""animal_shed_days"":1,""idle_tile_days"":86,""weed_tile_days"":3,""hand_pass_turns"":420,""farmer_pass_turns"":70,""phantom_hand_actions"":0,""sell_floor_units"":134,""hire_premium"":4129,""shed_units_now"":0,""shed_value_now"":0.0,""animals_in_shed_now"":0,""seeds_unplanted_now"":0,""seeds_unplanted_cost_now"":0.0}]}",{},
B0_v124,B0_v124_source,stress_sell5_buy10,opening_funding_stress,2026092411,1,59956.0,64104.0,-4148.0,L,kagsim,6.392972,0,0,0,0,0,0,0,0,9d679a04893492b7c7075b77be82ae4c9fb9befdbad48e27e7b2959d7765cbf9,"[{""step"":0,""shops"":[]},{""step"":72,""shops"":[""PIZZA_SHOP""]},{""step"":144,""shops"":[""PIZZA_SHOP"",""BAKERY""]},{""step"":216,""shops"":[""PIZZA_SHOP"",""BAKERY"",""BRUNCH_SPOT""]},{""step"":288,""shops"":[""PIZZA_SHOP"",""BAKERY"",""BRUNCH_SPOT"",""BAKERY""]},{""step"":360,""shops"":[""PIZZA_SHOP"",""BAKERY"",""BRUNCH_SPOT"",""BAKERY"",""SMOOTHIE_SHOP""]},{""step"":432,""shops"":[""PIZZA_SHOP"",""BAKERY"",""BRUNCH_SPOT"",""BAKERY"",""SMOOTHIE_SHOP"",""BRUNCH_SPOT""]},{""step"":504,""shops"":[""PIZZA_SHOP"",""BAKERY"",""BRUNCH_SPOT"",""BAKERY"",""SMOOTHIE_SHOP"",""BRUNCH_SPOT"",""PIZZA_SHOP""]},{""step"":576,""shops"":[""PIZZA_SHOP"",""BAKERY"",""BRUNCH_SPOT"",""BAKERY"",""SMOOTHIE_SHOP"",""BRUNCH_SPOT"",""PIZZA_SHOP"",""BAKERY""]}]",experiments/round10_public_learning_20260924/evaluations/opening_funding_stress/replays/B0_v124/stress_sell5_buy10/seed_2026092411_seat_1.json.gz,aaeea4e570b5b22f1af958a1d2dbdb1fcd489be3639b6b7f89ba29c64ef6e96d,0f0c95d52e82840488078a2feecf9ca4d3c59e9337d3273bf7c64ca572c0e51f,d3161d1e63eb6fcec46132d446b85ba26650973622420d90464f1bf5ab58d652,0fe077cc65622d6f6828160d90b617595a4aa7ea188e4afc67bfee8e4d290c92,"{""players"":[{""sell_dead_units"":194,""refused_buy_product"":0,""refused_buy_seed"":2,""refused_buy_animal"":0,""refused_hire"":0,""refused_buy_land"":0,""hire_paid"":4397,""sell_zero_fill"":24,""buy_zero_fill"":1,""sell_revenue"":89312.0,""total_spend"":28208.0,""shed_discarded_units"":4,""sold_units"":1584,""feed_no_wheat"":0,""feed_no_animal"":0,""feed_redundant"":0,""water_dead"":32,""harvest_dead"":6,""plant_dead"":3,""animals_escaped"":0,""escape_capital"":0.0,""escape_yield_units"":0,""escape_first_day"":-1,""animal_unfed_days"":105,""plants_dry"":1,""dry_seed_cost"":100.0,""dry_yield_units"":0,""dry_first_day"":21,""plant_unwatered_days"":386,""decay_units"":18,""plants_decayed"":18,""silent_loss_coins"":100.0,""silent_loss_units"":22,""dead_actions"":70,""move_dead"":0,""locked_dead"":0,""pickup_dead"":0,""drop_dead"":0,""place_dead"":2,""build_dead"":0,""dig_dead"":4,""fertilize_dead"":2,""collect_dead"":8,""care_dead"":13,""tile_cap_units"":22,""fertilizer_forgone"":18,""care_unfed"":101,""animal_shed_days"":1,""idle_tile_days"":86,""weed_tile_days"":1,""hand_pass_turns"":420,""farmer_pass_turns"":70,""phantom_hand_actions"":0,""sell_floor_units"":134,""hire_premium"":4129,""shed_units_now"":0,""shed_value_now"":0.0,""animals_in_shed_now"":0,""seeds_unplanted_now"":0,""seeds_unplanted_cost_now"":0.0},{""sell_dead_units"":2043,""refused_buy_product"":0,""refused_buy_seed"":0,""refused_buy_animal"":0,""refused_hire"":0,""refused_buy_land"":0,""hire_paid"":3986,""sell_zero_fill"":0,""buy_zero_fill"":0,""sell_revenue"":85416.0,""total_spend"":28460.0,""shed_discarded_units"":0,""sold_units"":1597,""feed_no_wheat"":0,""feed_no_animal"":0,""feed_redundant"":0,""water_dead"":13,""harvest_dead"":4,""plant_dead"":0,""animals_escaped"":0,""escape_capital"":0.0,""escape_yield_units"":0,""escape_first_day"":-1,""animal_unfed_days"":49,""plants_dry"":2,""dry_seed_cost"":110.0,""dry_yield_units"":1,""dry_first_day"":15,""plant_unwatered_days"":382,""decay_units"":18,""plants_decayed"":18,""silent_loss_coins"":110.0,""silent_loss_units"":19,""dead_actions"":41,""move_dead"":0,""locked_dead"":0,""pickup_dead"":0,""drop_dead"":0,""place_dead"":0,""build_dead"":0,""dig_dead"":1,""fertilize_dead"":0,""collect_dead"":3,""care_dead"":20,""tile_cap_units"":26,""fertilizer_forgone"":15,""care_unfed"":45,""animal_shed_days"":1,""idle_tile_days"":64,""weed_tile_days"":4,""hand_pass_turns"":373,""farmer_pass_turns"":60,""phantom_hand_actions"":0,""sell_floor_units"":225,""hire_premium"":3722,""shed_units_now"":0,""shed_value_now"":0.0,""animals_in_shed_now"":0,""seeds_unplanted_now"":0,""seeds_unplanted_cost_now"":0.0}]}",{},
B0_v124,B0_v124_source,stress_sell5_buy10,opening_funding_stress,2026092412,0,97635.0,103528.0,-5893.0,L,kagsim,5.830108,0,0,0,0,0,0,0,0,86e8fe9d6e8829b8541bbd38a980316cd653771557027a69ca4959ed81871b92,"[{""step"":0,""shops"":[]},{""step"":72,""shops"":[""YARN_STORE""]},{""step"":144,""shops"":[""YARN_STORE"",""BAKERY""]},{""step"":216,""shops"":[""YARN_STORE"",""BAKERY"",""SMOOTHIE_SHOP""]},{""step"":288,""shops"":[""YARN_STORE"",""BAKERY"",""SMOOTHIE_SHOP"",""BRUNCH_SPOT""]},{""step"":360,""shops"":[""YARN_STORE"",""BAKERY"",""SMOOTHIE_SHOP"",""BRUNCH_SPOT"",""YARN_STORE""]},{""step"":432,""shops"":[""YARN_STORE"",""BAKERY"",""SMOOTHIE_SHOP"",""BRUNCH_SPOT"",""YARN_STORE"",""PET_CAFE""]},{""step"":504,""shops"":[""YARN_STORE"",""BAKERY"",""SMOOTHIE_SHOP"",""BRUNCH_SPOT"",""YARN_STORE"",""PET_CAFE"",""SMOOTHIE_SHOP""]},{""step"":576,""shops"":[""YARN_STORE"",""BAKERY"",""SMOOTHIE_SHOP"",""BRUNCH_SPOT"",""YARN_STORE"",""PET_CAFE"",""SMOOTHIE_SHOP"",""PET_CAFE""]}]",experiments/round10_public_learning_20260924/evaluations/opening_funding_stress/replays/B0_v124/stress_sell5_buy10/seed_2026092412_seat_0.json.gz,940c054cf5655081a782d4309e6e1967ca8f2eaf5e826a042b8eeaa27371c84b,0f0c95d52e82840488078a2feecf9ca4d3c59e9337d3273bf7c64ca572c0e51f,d3161d1e63eb6fcec46132d446b85ba26650973622420d90464f1bf5ab58d652,0fe077cc65622d6f6828160d90b617595a4aa7ea188e4afc67bfee8e4d290c92,"{""players"":[{""sell_dead_units"":17443,""refused_buy_product"":0,""refused_buy_seed"":0,""refused_buy_animal"":0,""refused_hire"":0,""refused_buy_land"":0,""hire_paid"":5926,""sell_zero_fill"":0,""buy_zero_fill"":0,""sell_revenue"":123257.0,""total_spend"":28622.0,""shed_discarded_units"":12,""sold_units"":1537,""feed_no_wheat"":8,""feed_no_animal"":18,""feed_redundant"":5,""water_dead"":8,""harvest_dead"":23,""plant_dead"":0,""animals_escaped"":0,""escape_capital"":0.0,""escape_yield_units"":0,""escape_first_day"":-1,""animal_unfed_days"":51,""plants_dry"":2,""dry_seed_cost"":110.0,""dry_yield_units"":1,""dry_first_day"":15,""plant_unwatered_days"":380,""decay_units"":18,""plants_decayed"":18,""silent_loss_coins"":110.0,""silent_loss_units"":31,""dead_actions"":115,""move_dead"":0,""locked_dead"":0,""pickup_dead"":1,""drop_dead"":0,""place_dead"":3,""build_dead"":0,""dig_dead"":0,""fertilize_dead"":1,""collect_dead"":25,""care_dead"":23,""tile_cap_units"":10,""fertilizer_forgone"":11,""care_unfed"":48,""animal_shed_days"":0,""idle_tile_days"":64,""weed_tile_days"":2,""hand_pass_turns"":530,""farmer_pass_turns"":71,""phantom_hand_actions"":0,""sell_floor_units"":89,""hire_premium"":5643,""shed_units_now"":0,""shed_value_now"":0.0,""animals_in_shed_now"":0,""seeds_unplanted_now"":0,""seeds_unplanted_cost_now"":0.0},{""sell_dead_units"":2191,""refused_buy_product"":0,""refused_buy_seed"":2,""refused_buy_animal"":0,""refused_hire"":0,""refused_buy_land"":0,""hire_paid"":5515,""sell_zero_fill"":23,""buy_zero_fill"":1,""sell_revenue"":129510.0,""total_spend"":28982.0,""shed_discarded_units"":16,""sold_units"":1535,""feed_no_wheat"":0,""feed_no_animal"":0,""feed_redundant"":0,""water_dead"":23,""harvest_dead"":9,""plant_dead"":3,""animals_escaped"":0,""escape_capital"":0.0,""escape_yield_units"":0,""escape_first_day"":-1,""animal_unfed_days"":54,""plants_dry"":1,""dry_seed_cost"":100.0,""dry_yield_units"":0,""dry_first_day"":21,""plant_unwatered_days"":382,""decay_units"":18,""plants_decayed"":18,""silent_loss_coins"":100.0,""silent_loss_units"":34,""dead_actions"":49,""move_dead"":0,""locked_dead"":0,""pickup_dead"":0,""drop_dead"":0,""place_dead"":3,""build_dead"":0,""dig_dead"":2,""fertilize_dead"":0,""collect_dead"":4,""care_dead"":5,""tile_cap_units"":10,""fertilizer_forgone"":14,""care_unfed"":49,""animal_shed_days"":0,""idle_tile_days"":85,""weed_tile_days"":1,""hand_pass_turns"":608,""farmer_pass_turns"":81,""phantom_hand_actions"":0,""sell_floor_units"":107,""hire_premium"":5234,""shed_units_now"":0,""shed_value_now"":0.0,""animals_in_shed_now"":0,""seeds_unplanted_now"":4,""seeds_unplanted_cost_now"":40.0}]}",{},
B0_v124,B0_v124_source,stress_sell5_buy10,opening_funding_stress,2026092412,1,97635.0,103528.0,-5893.0,L,kagsim,7.172456,0,0,0,0,0,0,0,0,86e8fe9d6e8829b8541bbd38a980316cd653771557027a69ca4959ed81871b92,"[{""step"":0,""shops"":[]},{""step"":72,""shops"":[""YARN_STORE""]},{""step"":144,""shops"":[""YARN_STORE"",""BAKERY""]},{""step"":216,""shops"":[""YARN_STORE"",""BAKERY"",""SMOOTHIE_SHOP""]},{""step"":288,""shops"":[""YARN_STORE"",""BAKERY"",""SMOOTHIE_SHOP"",""BRUNCH_SPOT""]},{""step"":360,""shops"":[""YARN_STORE"",""BAKERY"",""SMOOTHIE_SHOP"",""BRUNCH_SPOT"",""YARN_STORE""]},{""step"":432,""shops"":[""YARN_STORE"",""BAKERY"",""SMOOTHIE_SHOP"",""BRUNCH_SPOT"",""YARN_STORE"",""PET_CAFE""]},{""step"":504,""shops"":[""YARN_STORE"",""BAKERY"",""SMOOTHIE_SHOP"",""BRUNCH_SPOT"",""YARN_STORE"",""PET_CAFE"",""SMOOTHIE_SHOP""]},{""step"":576,""shops"":[""YARN_STORE"",""BAKERY"",""SMOOTHIE_SHOP"",""BRUNCH_SPOT"",""YARN_STORE"",""PET_CAFE"",""SMOOTHIE_SHOP"",""PET_CAFE""]}]",experiments/round10_public_learning_20260924/evaluations/opening_funding_stress/replays/B0_v124/stress_sell5_buy10/seed_2026092412_seat_1.json.gz,bcc9fcdaf73299fd7179e14591b13e2e4de54995b0ff0162f50bba4cc3af9935,0f0c95d52e82840488078a2feecf9ca4d3c59e9337d3273bf7c64ca572c0e51f,d3161d1e63eb6fcec46132d446b85ba26650973622420d90464f1bf5ab58d652,0fe077cc65622d6f6828160d90b617595a4aa7ea188e4afc67bfee8e4d290c92,"{""players"":[{""sell_dead_units"":2191,""refused_buy_product"":0,""refused_buy_seed"":2,""refused_buy_animal"":0,""refused_hire"":0,""refused_buy_land"":0,""hire_paid"":5515,""sell_zero_fill"":23,""buy_zero_fill"":1,""sell_revenue"":129510.0,""total_spend"":28982.0,""shed_discarded_units"":16,""sold_units"":1535,""feed_no_wheat"":0,""feed_no_animal"":0,""feed_redundant"":0,""water_dead"":23,""harvest_dead"":9,""plant_dead"":3,""animals_escaped"":0,""escape_capital"":0.0,""escape_yield_units"":0,""escape_first_day"":-1,""animal_unfed_days"":54,""plants_dry"":1,""dry_seed_cost"":100.0,""dry_yield_units"":0,""dry_first_day"":21,""plant_unwatered_days"":382,""decay_units"":18,""plants_decayed"":18,""silent_loss_coins"":100.0,""silent_loss_units"":34,""dead_actions"":49,""move_dead"":0,""locked_dead"":0,""pickup_dead"":0,""drop_dead"":0,""place_dead"":3,""build_dead"":0,""dig_dead"":2,""fertilize_dead"":0,""collect_dead"":4,""care_dead"":5,""tile_cap_units"":10,""fertilizer_forgone"":14,""care_unfed"":49,""animal_shed_days"":0,""idle_tile_days"":85,""weed_tile_days"":1,""hand_pass_turns"":608,""farmer_pass_turns"":81,""phantom_hand_actions"":0,""sell_floor_units"":107,""hire_premium"":5234,""shed_units_now"":0,""shed_value_now"":0.0,""animals_in_shed_now"":0,""seeds_unplanted_now"":4,""seeds_unplanted_cost_now"":40.0},{""sell_dead_units"":17443,""refused_buy_product"":0,""refused_buy_seed"":0,""refused_buy_animal"":0,""refused_hire"":0,""refused_buy_land"":0,""hire_paid"":5926,""sell_zero_fill"":0,""buy_zero_fill"":0,""sell_revenue"":123257.0,""total_spend"":28622.0,""shed_discarded_units"":12,""sold_units"":1537,""feed_no_wheat"":8,""feed_no_animal"":18,""feed_redundant"":5,""water_dead"":8,""harvest_dead"":23,""plant_dead"":0,""animals_escaped"":0,""escape_capital"":0.0,""escape_yield_units"":0,""escape_first_day"":-1,""animal_unfed_days"":51,""plants_dry"":2,""dry_seed_cost"":110.0,""dry_yield_units"":1,""dry_first_day"":15,""plant_unwatered_days"":380,""decay_units"":18,""plants_decayed"":18,""silent_loss_coins"":110.0,""silent_loss_units"":31,""dead_actions"":115,""move_dead"":0,""locked_dead"":0,""pickup_dead"":1,""drop_dead"":0,""place_dead"":3,""build_dead"":0,""dig_dead"":0,""fertilize_dead"":1,""collect_dead"":25,""care_dead"":23,""tile_cap_units"":10,""fertilizer_forgone"":11,""care_unfed"":48,""animal_shed_days"":0,""idle_tile_days"":64,""weed_tile_days"":2,""hand_pass_turns"":530,""farmer_pass_turns"":71,""phantom_hand_actions"":0,""sell_floor_units"":89,""hire_premium"":5643,""shed_units_now"":0,""shed_value_now"":0.0,""animals_in_shed_now"":0,""seeds_unplanted_now"":0,""seeds_unplanted_cost_now"":0.0}]}",{},
B1_herd_safe,B1_public_source,stress_buy10_sell10,opening_funding_stress,2026092411,0,181890.0,43007.0,138883.0,W,kagsim,3.50185,0,0,0,0,0,0,0,0,3953396c19f258792c914b6921dae03f3624d8252ab08c1ca7609ce4c242438d,"[{""step"":0,""shops"":[]},{""step"":72,""shops"":[""SMOOTHIE_SHOP""]},{""step"":144,""shops"":[""SMOOTHIE_SHOP"",""PIZZA_SHOP""]},{""step"":216,""shops"":[""SMOOTHIE_SHOP"",""PIZZA_SHOP"",""BAKERY""]},{""step"":288,""shops"":[""SMOOTHIE_SHOP"",""PIZZA_SHOP"",""BAKERY"",""ICE_CREAM_SHOP""]},{""step"":360,""shops"":[""SMOOTHIE_SHOP"",""PIZZA_SHOP"",""BAKERY"",""ICE_CREAM_SHOP"",""ICE_CREAM_SHOP""]},{""step"":432,""shops"":[""SMOOTHIE_SHOP"",""PIZZA_SHOP"",""BAKERY"",""ICE_CREAM_SHOP"",""ICE_CREAM_SHOP"",""YARN_STORE""]},{""step"":504,""shops"":[""SMOOTHIE_SHOP"",""PIZZA_SHOP"",""BAKERY"",""ICE_CREAM_SHOP"",""ICE_CREAM_SHOP"",""YARN_STORE"",""FARMERS_MARKET""]},{""step"":576,""shops"":[""SMOOTHIE_SHOP"",""PIZZA_SHOP"",""BAKERY"",""ICE_CREAM_SHOP"",""ICE_CREAM_SHOP"",""YARN_STORE"",""FARMERS_MARKET"",""FARMERS_MARKET""]}]",experiments/round10_public_learning_20260924/evaluations/opening_funding_stress/replays/B1_herd_safe/stress_buy10_sell10/seed_2026092411_seat_0.json.gz,605dca2b150aad9d08ec0c6160fec244e03347adb4ef866ac4d46a51c9d4df65,b6553c296c556aff5b5e2d12b75618e505fa4d852afb5338414ac6d6e039cb02,c4ecb6bf92019a15e11b0d8b7c302a7d733a68d2d20436cd715fdc754629d9bb,0fe077cc65622d6f6828160d90b617595a4aa7ea188e4afc67bfee8e4d290c92,"{""players"":[{""sell_dead_units"":195,""refused_buy_product"":1,""refused_buy_seed"":0,""refused_buy_animal"":0,""refused_hire"":0,""refused_buy_land"":0,""hire_paid"":3897,""sell_zero_fill"":36,""buy_zero_fill"":1,""sell_revenue"":207512.0,""total_spend"":28622.0,""shed_discarded_units"":0,""sold_units"":1543,""feed_no_wheat"":0,""feed_no_animal"":0,""feed_redundant"":0,""water_dead"":10,""harvest_dead"":18,""plant_dead"":0,""animals_escaped"":0,""escape_capital"":0.0,""escape_yield_units"":0,""escape_first_day"":-1,""animal_unfed_days"":34,""plants_dry"":1,""dry_seed_cost"":100.0,""dry_yield_units"":0,""dry_first_day"":21,""plant_unwatered_days"":392,""decay_units"":18,""plants_decayed"":18,""silent_loss_coins"":100.0,""silent_loss_units"":18,""dead_actions"":55,""move_dead"":0,""locked_dead"":0,""pickup_dead"":0,""drop_dead"":0,""place_dead"":1,""build_dead"":0,""dig_dead"":4,""fertilize_dead"":1,""collect_dead"":8,""care_dead"":13,""tile_cap_units"":21,""fertilizer_forgone"":15,""care_unfed"":30,""animal_shed_days"":1,""idle_tile_days"":63,""weed_tile_days"":1,""hand_pass_turns"":347,""farmer_pass_turns"":60,""phantom_hand_actions"":0,""sell_floor_units"":0,""hire_premium"":3634,""shed_units_now"":0,""shed_value_now"":0.0,""animals_in_shed_now"":0,""seeds_unplanted_now"":1,""seeds_unplanted_cost_now"":10.0},{""sell_dead_units"":640,""refused_buy_product"":35,""refused_buy_seed"":12,""refused_buy_animal"":8,""refused_hire"":0,""refused_buy_land"":1,""hire_paid"":3897,""sell_zero_fill"":114,""buy_zero_fill"":24,""sell_revenue"":60585.0,""total_spend"":20578.0,""shed_discarded_units"":0,""sold_units"":741,""feed_no_wheat"":6,""feed_no_animal"":253,""feed_redundant"":0,""water_dead"":111,""harvest_dead"":169,""plant_dead"":4,""animals_escaped"":3,""escape_capital"":1300.0,""escape_yield_units"":0,""escape_first_day"":1,""animal_unfed_days"":16,""plants_dry"":0,""dry_seed_cost"":0.0,""dry_yield_units"":0,""dry_first_day"":-1,""plant_unwatered_days"":135,""decay_units"":0,""plants_decayed"":0,""silent_loss_coins"":1300.0,""silent_loss_units"":0,""dead_actions"":1983,""move_dead"":0,""locked_dead"":774,""pickup_dead"":16,""drop_dead"":0,""place_dead"":52,""build_dead"":0,""dig_dead"":18,""fertilize_dead"":38,""collect_dead"":266,""care_dead"":276,""tile_cap_units"":7,""fertilizer_forgone"":8,""care_unfed"":12,""animal_shed_days"":47,""idle_tile_days"":356,""weed_tile_days"":3,""hand_pass_turns"":361,""farmer_pass_turns"":59,""phantom_hand_actions"":0,""sell_floor_units"":0,""hire_premium"":3634,""shed_units_now"":0,""shed_value_now"":0.0,""animals_in_shed_now"":2,""seeds_unplanted_now"":81,""seeds_unplanted_cost_now"":2510.0}]}",{},
B1_herd_safe,B1_public_source,stress_buy10_sell10,opening_funding_stress,2026092411,1,181890.0,43007.0,138883.0,W,kagsim,3.558103,0,0,0,0,0,0,0,0,3953396c19f258792c914b6921dae03f3624d8252ab08c1ca7609ce4c242438d,"[{""step"":0,""shops"":[]},{""step"":72,""shops"":[""SMOOTHIE_SHOP""]},{""step"":144,""shops"":[""SMOOTHIE_SHOP"",""PIZZA_SHOP""]},{""step"":216,""shops"":[""SMOOTHIE_SHOP"",""PIZZA_SHOP"",""BAKERY""]},{""step"":288,""shops"":[""SMOOTHIE_SHOP"",""PIZZA_SHOP"",""BAKERY"",""ICE_CREAM_SHOP""]},{""step"":360,""shops"":[""SMOOTHIE_SHOP"",""PIZZA_SHOP"",""BAKERY"",""ICE_CREAM_SHOP"",""ICE_CREAM_SHOP""]},{""step"":432,""shops"":[""SMOOTHIE_SHOP"",""PIZZA_SHOP"",""BAKERY"",""ICE_CREAM_SHOP"",""ICE_CREAM_SHOP"",""YARN_STORE""]},{""step"":504,""shops"":[""SMOOTHIE_SHOP"",""PIZZA_SHOP"",""BAKERY"",""ICE_CREAM_SHOP"",""ICE_CREAM_SHOP"",""YARN_STORE"",""FARMERS_MARKET""]},{""step"":576,""shops"":[""SMOOTHIE_SHOP"",""PIZZA_SHOP"",""BAKERY"",""ICE_CREAM_SHOP"",""ICE_CREAM_SHOP"",""YARN_STORE"",""FARMERS_MARKET"",""FARMERS_MARKET""]}]",experiments/round10_public_learning_20260924/evaluations/opening_funding_stress/replays/B1_herd_safe/stress_buy10_sell10/seed_2026092411_seat_1.json.gz,4abb51bbeb46839aae404232bc6b8599adb4803c69841276ce850ec1158cc87d,b6553c296c556aff5b5e2d12b75618e505fa4d852afb5338414ac6d6e039cb02,c4ecb6bf92019a15e11b0d8b7c302a7d733a68d2d20436cd715fdc754629d9bb,0fe077cc65622d6f6828160d90b617595a4aa7ea188e4afc67bfee8e4d290c92,"{""players"":[{""sell_dead_units"":640,""refused_buy_product"":35,""refused_buy_seed"":12,""refused_buy_animal"":8,""refused_hire"":0,""refused_buy_land"":1,""hire_paid"":3897,""sell_zero_fill"":114,""buy_zero_fill"":24,""sell_revenue"":60585.0,""total_spend"":20578.0,""shed_discarded_units"":0,""sold_units"":741,""feed_no_wheat"":6,""feed_no_animal"":253,""feed_redundant"":0,""water_dead"":111,""harvest_dead"":170,""plant_dead"":4,""animals_escaped"":3,""escape_capital"":1300.0,""escape_yield_units"":0,""escape_first_day"":1,""animal_unfed_days"":16,""plants_dry"":0,""dry_seed_cost"":0.0,""dry_yield_units"":0,""dry_first_day"":-1,""plant_unwatered_days"":135,""decay_units"":0,""plants_decayed"":0,""silent_loss_coins"":1300.0,""silent_loss_units"":0,""dead_actions"":1984,""move_dead"":0,""locked_dead"":774,""pickup_dead"":16,""drop_dead"":0,""place_dead"":52,""build_dead"":0,""dig_dead"":18,""fertilize_dead"":38,""collect_dead"":266,""care_dead"":276,""tile_cap_units"":7,""fertilizer_forgone"":8,""care_unfed"":12,""animal_shed_days"":47,""idle_tile_days"":356,""weed_tile_days"":1,""hand_pass_turns"":361,""farmer_pass_turns"":59,""phantom_hand_actions"":0,""sell_floor_units"":0,""hire_premium"":3634,""shed_units_now"":0,""shed_value_now"":0.0,""animals_in_shed_now"":2,""seeds_unplanted_now"":81,""seeds_unplanted_cost_now"":2510.0},{""sell_dead_units"":195,""refused_buy_product"":1,""refused_buy_seed"":0,""refused_buy_animal"":0,""refused_hire"":0,""refused_buy_land"":0,""hire_paid"":3897,""sell_zero_fill"":36,""buy_zero_fill"":1,""sell_revenue"":207512.0,""total_spend"":28622.0,""shed_discarded_units"":0,""sold_units"":1543,""feed_no_wheat"":0,""feed_no_animal"":0,""feed_redundant"":0,""water_dead"":10,""harvest_dead"":18,""plant_dead"":0,""animals_escaped"":0,""escape_capital"":0.0,""escape_yield_units"":0,""escape_first_day"":-1,""animal_unfed_days"":34,""plants_dry"":1,""dry_seed_cost"":100.0,""dry_yield_units"":0,""dry_first_day"":21,""plant_unwatered_days"":392,""decay_units"":18,""plants_decayed"":18,""silent_loss_coins"":100.0,""silent_loss_units"":18,""dead_actions"":55,""move_dead"":0,""locked_dead"":0,""pickup_dead"":0,""drop_dead"":0,""place_dead"":1,""build_dead"":0,""dig_dead"":4,""fertilize_dead"":1,""collect_dead"":8,""care_dead"":13,""tile_cap_units"":21,""fertilizer_forgone"":15,""care_unfed"":30,""animal_shed_days"":1,""idle_tile_days"":63,""weed_tile_days"":3,""hand_pass_turns"":347,""farmer_pass_turns"":60,""phantom_hand_actions"":0,""sell_floor_units"":0,""hire_premium"":3634,""shed_units_now"":0,""shed_value_now"":0.0,""animals_in_shed_now"":0,""seeds_unplanted_now"":1,""seeds_unplanted_cost_now"":10.0}]}",{},
B1_herd_safe,B1_public_source,stress_buy10_sell10,opening_funding_stress,2026092412,0,176425.0,36907.0,139518.0,W,kagsim,3.550751,0,0,0,0,0,0,0,0,31c5943ae1583141aa209bc6de1afc2ab471d737fe249ecaaa7a6b45265c2163,"[{""step"":0,""shops"":[]},{""step"":72,""shops"":[""SMOOTHIE_SHOP""]},{""step"":144,""shops"":[""SMOOTHIE_SHOP"",""FARMERS_MARKET""]},{""step"":216,""shops"":[""SMOOTHIE_SHOP"",""FARMERS_MARKET"",""PIZZA_SHOP""]},{""step"":288,""shops"":[""SMOOTHIE_SHOP"",""FARMERS_MARKET"",""PIZZA_SHOP"",""PIZZA_SHOP""]},{""step"":360,""shops"":[""SMOOTHIE_SHOP"",""FARMERS_MARKET"",""PIZZA_SHOP"",""PIZZA_SHOP"",""PET_CAFE""]},{""step"":432,""shops"":[""SMOOTHIE_SHOP"",""FARMERS_MARKET"",""PIZZA_SHOP"",""PIZZA_SHOP"",""PET_CAFE"",""ICE_CREAM_SHOP""]},{""step"":504,""shops"":[""SMOOTHIE_SHOP"",""FARMERS_MARKET"",""PIZZA_SHOP"",""PIZZA_SHOP"",""PET_CAFE"",""ICE_CREAM_SHOP"",""BRUNCH_SPOT""]},{""step"":576,""shops"":[""SMOOTHIE_SHOP"",""FARMERS_MARKET"",""PIZZA_SHOP"",""PIZZA_SHOP"",""PET_CAFE"",""ICE_CREAM_SHOP"",""BRUNCH_SPOT"",""PET_CAFE""]}]",experiments/round10_public_learning_20260924/evaluations/opening_funding_stress/replays/B1_herd_safe/stress_buy10_sell10/seed_2026092412_seat_0.json.gz,5c6f0657b0d3df851696deaecfa9e5bf6d7cbf80decc8e9e6d87f60c86239a75,b6553c296c556aff5b5e2d12b75618e505fa4d852afb5338414ac6d6e039cb02,c4ecb6bf92019a15e11b0d8b7c302a7d733a68d2d20436cd715fdc754629d9bb,0fe077cc65622d6f6828160d90b617595a4aa7ea188e4afc67bfee8e4d290c92,"{""players"":[{""sell_dead_units"":2217,""refused_buy_product"":1,""refused_buy_seed"":0,""refused_buy_animal"":0,""refused_hire"":0,""refused_buy_land"":0,""hire_paid"":7235,""sell_zero_fill"":43,""buy_zero_fill"":1,""sell_revenue"":210643.0,""total_spend"":37218.0,""shed_discarded_units"":0,""sold_units"":1575,""feed_no_wheat"":1,""feed_no_animal"":1,""feed_redundant"":0,""water_dead"":11,""harvest_dead"":20,""plant_dead"":0,""animals_escaped"":1,""escape_capital"":400.0,""escape_yield_units"":1,""escape_first_day"":26,""animal_unfed_days"":53,""plants_dry"":1,""dry_seed_cost"":100.0,""dry_yield_units"":0,""dry_first_day"":21,""plant_unwatered_days"":422,""decay_units"":18,""plants_decayed"":18,""silent_loss_coins"":500.0,""silent_loss_units"":19,""dead_actions"":62,""move_dead"":0,""locked_dead"":0,""pickup_dead"":0,""drop_dead"":0,""place_dead"":2,""build_dead"":0,""dig_dead"":4,""fertilize_dead"":1,""collect_dead"":8,""care_dead"":14,""tile_cap_units"":25,""fertilizer_forgone"":13,""care_unfed"":49,""animal_shed_days"":1,""idle_tile_days"":229,""weed_tile_days"":1,""hand_pass_turns"":467,""farmer_pass_turns"":63,""phantom_hand_actions"":0,""sell_floor_units"":31,""hire_premium"":6954,""shed_units_now"":0,""shed_value_now"":0.0,""animals_in_shed_now"":0,""seeds_unplanted_now"":4,""seeds_unplanted_cost_now"":40.0},{""sell_dead_units"":1685,""refused_buy_product"":36,""refused_buy_seed"":11,""refused_buy_animal"":9,""refused_hire"":6,""refused_buy_land"":1,""hire_paid"":3758,""sell_zero_fill"":125,""buy_zero_fill"":26,""sell_revenue"":53897.0,""total_spend"":19990.0,""shed_discarded_units"":0,""sold_units"":697,""feed_no_wheat"":5,""feed_no_animal"":267,""feed_redundant"":0,""water_dead"":112,""harvest_dead"":176,""plant_dead"":5,""animals_escaped"":3,""escape_capital"":1300.0,""escape_yield_units"":0,""escape_first_day"":1,""animal_unfed_days"":17,""plants_dry"":0,""dry_seed_cost"":0.0,""dry_yield_units"":0,""dry_first_day"":-1,""plant_unwatered_days"":144,""decay_units"":5,""plants_decayed"":0,""silent_loss_coins"":1300.0,""silent_loss_units"":5,""dead_actions"":2013,""move_dead"":0,""locked_dead"":748,""pickup_dead"":16,""drop_dead"":0,""place_dead"":50,""build_dead"":0,""dig_dead"":18,""fertilize_dead"":39,""collect_dead"":283,""care_dead"":294,""tile_cap_units"":9,""fertilizer_forgone"":8,""care_unfed"":12,""animal_shed_days"":46,""idle_tile_days"":376,""weed_tile_days"":2,""hand_pass_turns"":345,""farmer_pass_turns"":59,""phantom_hand_actions"":0,""sell_floor_units"":6,""hire_premium"":3501,""shed_units_now"":0,""shed_value_now"":0.0,""animals_in_shed_now"":2,""seeds_unplanted_now"":85,""seeds_unplanted_cost_now"":2550.0}]}",{},
B1_herd_safe,B1_public_source,stress_buy10_sell10,opening_funding_stress,2026092412,1,176425.0,36907.0,139518.0,W,kagsim,3.523553,0,0,0,0,0,0,0,0,31c5943ae1583141aa209bc6de1afc2ab471d737fe249ecaaa7a6b45265c2163,"[{""step"":0,""shops"":[]},{""step"":72,""shops"":[""SMOOTHIE_SHOP""]},{""step"":144,""shops"":[""SMOOTHIE_SHOP"",""FARMERS_MARKET""]},{""step"":216,""shops"":[""SMOOTHIE_SHOP"",""FARMERS_MARKET"",""PIZZA_SHOP""]},{""step"":288,""shops"":[""SMOOTHIE_SHOP"",""FARMERS_MARKET"",""PIZZA_SHOP"",""PIZZA_SHOP""]},{""step"":360,""shops"":[""SMOOTHIE_SHOP"",""FARMERS_MARKET"",""PIZZA_SHOP"",""PIZZA_SHOP"",""PET_CAFE""]},{""step"":432,""shops"":[""SMOOTHIE_SHOP"",""FARMERS_MARKET"",""PIZZA_SHOP"",""PIZZA_SHOP"",""PET_CAFE"",""ICE_CREAM_SHOP""]},{""step"":504,""shops"":[""SMOOTHIE_SHOP"",""FARMERS_MARKET"",""PIZZA_SHOP"",""PIZZA_SHOP"",""PET_CAFE"",""ICE_CREAM_SHOP"",""BRUNCH_SPOT""]},{""step"":576,""shops"":[""SMOOTHIE_SHOP"",""FARMERS_MARKET"",""PIZZA_SHOP"",""PIZZA_SHOP"",""PET_CAFE"",""ICE_CREAM_SHOP"",""BRUNCH_SPOT"",""PET_CAFE""]}]",experiments/round10_public_learning_20260924/evaluations/opening_funding_stress/replays/B1_herd_safe/stress_buy10_sell10/seed_2026092412_seat_1.json.gz,65e3fcf3762599e649f2228391af6cc3a454926569916c574bdc2842ad66f4a5,b6553c296c556aff5b5e2d12b75618e505fa4d852afb5338414ac6d6e039cb02,c4ecb6bf92019a15e11b0d8b7c302a7d733a68d2d20436cd715fdc754629d9bb,0fe077cc65622d6f6828160d90b617595a4aa7ea188e4afc67bfee8e4d290c92,"{""players"":[{""sell_dead_units"":1685,""refused_buy_product"":36,""refused_buy_seed"":11,""refused_buy_animal"":9,""refused_hire"":6,""refused_buy_land"":1,""hire_paid"":3758,""sell_zero_fill"":125,""buy_zero_fill"":26,""sell_revenue"":53897.0,""total_spend"":19990.0,""shed_discarded_units"":0,""sold_units"":697,""feed_no_wheat"":5,""feed_no_animal"":267,""feed_redundant"":0,""water_dead"":112,""harvest_dead"":176,""plant_dead"":5,""animals_escaped"":3,""escape_capital"":1300.0,""escape_yield_units"":0,""escape_first_day"":1,""animal_unfed_days"":17,""plants_dry"":0,""dry_seed_cost"":0.0,""dry_yield_units"":0,""dry_first_day"":-1,""plant_unwatered_days"":144,""decay_units"":5,""plants_decayed"":0,""silent_loss_coins"":1300.0,""silent_loss_units"":5,""dead_actions"":2013,""move_dead"":0,""locked_dead"":748,""pickup_dead"":16,""drop_dead"":0,""place_dead"":50,""build_dead"":0,""dig_dead"":18,""fertilize_dead"":39,""collect_dead"":283,""care_dead"":294,""tile_cap_units"":9,""fertilizer_forgone"":8,""care_unfed"":12,""animal_shed_days"":46,""idle_tile_days"":376,""weed_tile_days"":2,""hand_pass_turns"":345,""farmer_pass_turns"":59,""phantom_hand_actions"":0,""sell_floor_units"":6,""hire_premium"":3501,""shed_units_now"":0,""shed_value_now"":0.0,""animals_in_shed_now"":2,""seeds_unplanted_now"":85,""seeds_unplanted_cost_now"":2550.0},{""sell_dead_units"":2217,""refused_buy_product"":1,""refused_buy_seed"":0,""refused_buy_animal"":0,""refused_hire"":0,""refused_buy_land"":0,""hire_paid"":7235,""sell_zero_fill"":43,""buy_zero_fill"":1,""sell_revenue"":210643.0,""total_spend"":37218.0,""shed_discarded_units"":0,""sold_units"":1575,""feed_no_wheat"":1,""feed_no_animal"":1,""feed_redundant"":0,""water_dead"":11,""harvest_dead"":20,""plant_dead"":0,""animals_escaped"":1,""escape_capital"":400.0,""escape_yield_units"":1,""escape_first_day"":26,""animal_unfed_days"":53,""plants_dry"":1,""dry_seed_cost"":100.0,""dry_yield_units"":0,""dry_first_day"":21,""plant_unwatered_days"":422,""decay_units"":18,""plants_decayed"":18,""silent_loss_coins"":500.0,""silent_loss_units"":19,""dead_actions"":62,""move_dead"":0,""locked_dead"":0,""pickup_dead"":0,""drop_dead"":0,""place_dead"":2,""build_dead"":0,""dig_dead"":4,""fertilize_dead"":1,""collect_dead"":8,""care_dead"":14,""tile_cap_units"":25,""fertilizer_forgone"":13,""care_unfed"":49,""animal_shed_days"":1,""idle_tile_days"":229,""weed_tile_days"":1,""hand_pass_turns"":467,""farmer_pass_turns"":63,""phantom_hand_actions"":0,""sell_floor_units"":31,""hire_premium"":6954,""shed_units_now"":0,""shed_value_now"":0.0,""animals_in_shed_now"":0,""seeds_unplanted_now"":4,""seeds_unplanted_cost_now"":40.0}]}",{},
B1_herd_safe,B1_public_source,stress_buy4_sell4,opening_funding_stress,2026092411,0,181889.0,43008.0,138881.0,W,kagsim,3.558385,0,0,0,0,0,0,0,0,3953396c19f258792c914b6921dae03f3624d8252ab08c1ca7609ce4c242438d,"[{""step"":0,""shops"":[]},{""step"":72,""shops"":[""SMOOTHIE_SHOP""]},{""step"":144,""shops"":[""SMOOTHIE_SHOP"",""PIZZA_SHOP""]},{""step"":216,""shops"":[""SMOOTHIE_SHOP"",""PIZZA_SHOP"",""BAKERY""]},{""step"":288,""shops"":[""SMOOTHIE_SHOP"",""PIZZA_SHOP"",""BAKERY"",""ICE_CREAM_SHOP""]},{""step"":360,""shops"":[""SMOOTHIE_SHOP"",""PIZZA_SHOP"",""BAKERY"",""ICE_CREAM_SHOP"",""ICE_CREAM_SHOP""]},{""step"":432,""shops"":[""SMOOTHIE_SHOP"",""PIZZA_SHOP"",""BAKERY"",""ICE_CREAM_SHOP"",""ICE_CREAM_SHOP"",""YARN_STORE""]},{""step"":504,""shops"":[""SMOOTHIE_SHOP"",""PIZZA_SHOP"",""BAKERY"",""ICE_CREAM_SHOP"",""ICE_CREAM_SHOP"",""YARN_STORE"",""FARMERS_MARKET""]},{""step"":576,""shops"":[""SMOOTHIE_SHOP"",""PIZZA_SHOP"",""BAKERY"",""ICE_CREAM_SHOP"",""ICE_CREAM_SHOP"",""YARN_STORE"",""FARMERS_MARKET"",""FARMERS_MARKET""]}]",experiments/round10_public_learning_20260924/evaluations/opening_funding_stress/replays/B1_herd_safe/stress_buy4_sell4/seed_2026092411_seat_0.json.gz,cbc96358e271ed3e238e1d05375c0e58df437f37432692b122a7bffbbb9b12c8,b6553c296c556aff5b5e2d12b75618e505fa4d852afb5338414ac6d6e039cb02,e90335a7c3f24359539588e6d127dcdf3ba61ab5afb578fb1eb61309c13a8f8a,0fe077cc65622d6f6828160d90b617595a4aa7ea188e4afc67bfee8e4d290c92,"{""players"":[{""sell_dead_units"":195,""refused_buy_product"":1,""refused_buy_seed"":0,""refused_buy_animal"":0,""refused_hire"":0,""refused_buy_land"":0,""hire_paid"":3897,""sell_zero_fill"":36,""buy_zero_fill"":1,""sell_revenue"":207509.0,""total_spend"":28620.0,""shed_discarded_units"":0,""sold_units"":1543,""feed_no_wheat"":0,""feed_no_animal"":0,""feed_redundant"":0,""water_dead"":10,""harvest_dead"":18,""plant_dead"":0,""animals_escaped"":0,""escape_capital"":0.0,""escape_yield_units"":0,""escape_first_day"":-1,""animal_unfed_days"":34,""plants_dry"":1,""dry_seed_cost"":100.0,""dry_yield_units"":0,""dry_first_day"":21,""plant_unwatered_days"":392,""decay_units"":18,""plants_decayed"":18,""silent_loss_coins"":100.0,""silent_loss_units"":18,""dead_actions"":55,""move_dead"":0,""locked_dead"":0,""pickup_dead"":0,""drop_dead"":0,""place_dead"":1,""build_dead"":0,""dig_dead"":4,""fertilize_dead"":1,""collect_dead"":8,""care_dead"":13,""tile_cap_units"":21,""fertilizer_forgone"":15,""care_unfed"":30,""animal_shed_days"":1,""idle_tile_days"":63,""weed_tile_days"":1,""hand_pass_turns"":347,""farmer_pass_turns"":60,""phantom_hand_actions"":0,""sell_floor_units"":0,""hire_premium"":3634,""shed_units_now"":0,""shed_value_now"":0.0,""animals_in_shed_now"":0,""seeds_unplanted_now"":1,""seeds_unplanted_cost_now"":10.0},{""sell_dead_units"":640,""refused_buy_product"":35,""refused_buy_seed"":12,""refused_buy_animal"":8,""refused_hire"":0,""refused_buy_land"":1,""hire_paid"":3897,""sell_zero_fill"":114,""buy_zero_fill"":24,""sell_revenue"":60414.0,""total_spend"":20406.0,""shed_discarded_units"":0,""sold_units"":735,""feed_no_wheat"":6,""feed_no_animal"":253,""feed_redundant"":0,""water_dead"":111,""harvest_dead"":169,""plant_dead"":4,""animals_escaped"":3,""escape_capital"":1300.0,""escape_yield_units"":0,""escape_first_day"":1,""animal_unfed_days"":16,""plants_dry"":0,""dry_seed_cost"":0.0,""dry_yield_units"":0,""dry_first_day"":-1,""plant_unwatered_days"":135,""decay_units"":0,""plants_decayed"":0,""silent_loss_coins"":1300.0,""silent_loss_units"":0,""dead_actions"":1983,""move_dead"":0,""locked_dead"":774,""pickup_dead"":16,""drop_dead"":0,""place_dead"":52,""build_dead"":0,""dig_dead"":18,""fertilize_dead"":38,""collect_dead"":266,""care_dead"":276,""tile_cap_units"":7,""fertilizer_forgone"":8,""care_unfed"":12,""animal_shed_days"":47,""idle_tile_days"":356,""weed_tile_days"":3,""hand_pass_turns"":361,""farmer_pass_turns"":59,""phantom_hand_actions"":0,""sell_floor_units"":0,""hire_premium"":3634,""shed_units_now"":0,""shed_value_now"":0.0,""animals_in_shed_now"":2,""seeds_unplanted_now"":81,""seeds_unplanted_cost_now"":2510.0}]}",{},
B1_herd_safe,B1_public_source,stress_buy4_sell4,opening_funding_stress,2026092411,1,181889.0,43008.0,138881.0,W,kagsim,3.502812,0,0,0,0,0,0,0,0,3953396c19f258792c914b6921dae03f3624d8252ab08c1ca7609ce4c242438d,"[{""step"":0,""shops"":[]},{""step"":72,""shops"":[""SMOOTHIE_SHOP""]},{""step"":144,""shops"":[""SMOOTHIE_SHOP"",""PIZZA_SHOP""]},{""step"":216,""shops"":[""SMOOTHIE_SHOP"",""PIZZA_SHOP"",""BAKERY""]},{""step"":288,""shops"":[""SMOOTHIE_SHOP"",""PIZZA_SHOP"",""BAKERY"",""ICE_CREAM_SHOP""]},{""step"":360,""shops"":[""SMOOTHIE_SHOP"",""PIZZA_SHOP"",""BAKERY"",""ICE_CREAM_SHOP"",""ICE_CREAM_SHOP""]},{""step"":432,""shops"":[""SMOOTHIE_SHOP"",""PIZZA_SHOP"",""BAKERY"",""ICE_CREAM_SHOP"",""ICE_CREAM_SHOP"",""YARN_STORE""]},{""step"":504,""shops"":[""SMOOTHIE_SHOP"",""PIZZA_SHOP"",""BAKERY"",""ICE_CREAM_SHOP"",""ICE_CREAM_SHOP"",""YARN_STORE"",""FARMERS_MARKET""]},{""step"":576,""shops"":[""SMOOTHIE_SHOP"",""PIZZA_SHOP"",""BAKERY"",""ICE_CREAM_SHOP"",""ICE_CREAM_SHOP"",""YARN_STORE"",""FARMERS_MARKET"",""FARMERS_MARKET""]}]",experiments/round10_public_learning_20260924/evaluations/opening_funding_stress/replays/B1_herd_safe/stress_buy4_sell4/seed_2026092411_seat_1.json.gz,0ffaec164bec2f3e061a41f4fdc20de62a6505c3b003e28c4d84434975cb3a04,b6553c296c556aff5b5e2d12b75618e505fa4d852afb5338414ac6d6e039cb02,e90335a7c3f24359539588e6d127dcdf3ba61ab5afb578fb1eb61309c13a8f8a,0fe077cc65622d6f6828160d90b617595a4aa7ea188e4afc67bfee8e4d290c92,"{""players"":[{""sell_dead_units"":640,""refused_buy_product"":35,""refused_buy_seed"":12,""refused_buy_animal"":8,""refused_hire"":0,""refused_buy_land"":1,""hire_paid"":3897,""sell_zero_fill"":114,""buy_zero_fill"":24,""sell_revenue"":60414.0,""total_spend"":20406.0,""shed_discarded_units"":0,""sold_units"":735,""feed_no_wheat"":6,""feed_no_animal"":253,""feed_redundant"":0,""water_dead"":111,""harvest_dead"":170,""plant_dead"":4,""animals_escaped"":3,""escape_capital"":1300.0,""escape_yield_units"":0,""escape_first_day"":1,""animal_unfed_days"":16,""plants_dry"":0,""dry_seed_cost"":0.0,""dry_yield_units"":0,""dry_first_day"":-1,""plant_unwatered_days"":135,""decay_units"":0,""plants_decayed"":0,""silent_loss_coins"":1300.0,""silent_loss_units"":0,""dead_actions"":1984,""move_dead"":0,""locked_dead"":774,""pickup_dead"":16,""drop_dead"":0,""place_dead"":52,""build_dead"":0,""dig_dead"":18,""fertilize_dead"":38,""collect_dead"":266,""care_dead"":276,""tile_cap_units"":7,""fertilizer_forgone"":8,""care_unfed"":12,""animal_shed_days"":47,""idle_tile_days"":356,""weed_tile_days"":1,""hand_pass_turns"":361,""farmer_pass_turns"":59,""phantom_hand_actions"":0,""sell_floor_units"":0,""hire_premium"":3634,""shed_units_now"":0,""shed_value_now"":0.0,""animals_in_shed_now"":2,""seeds_unplanted_now"":81,""seeds_unplanted_cost_now"":2510.0},{""sell_dead_units"":195,""refused_buy_product"":1,""refused_buy_seed"":0,""refused_buy_animal"":0,""refused_hire"":0,""refused_buy_land"":0,""hire_paid"":3897,""sell_zero_fill"":36,""buy_zero_fill"":1,""sell_revenue"":207509.0,""total_spend"":28620.0,""shed_discarded_units"":0,""sold_units"":1543,""feed_no_wheat"":0,""feed_no_animal"":0,""feed_redundant"":0,""water_dead"":10,""harvest_dead"":18,""plant_dead"":0,""animals_escaped"":0,""escape_capital"":0.0,""escape_yield_units"":0,""escape_first_day"":-1,""animal_unfed_days"":34,""plants_dry"":1,""dry_seed_cost"":100.0,""dry_yield_units"":0,""dry_first_day"":21,""plant_unwatered_days"":392,""decay_units"":18,""plants_decayed"":18,""silent_loss_coins"":100.0,""silent_loss_units"":18,""dead_actions"":55,""move_dead"":0,""locked_dead"":0,""pickup_dead"":0,""drop_dead"":0,""place_dead"":1,""build_dead"":0,""dig_dead"":4,""fertilize_dead"":1,""collect_dead"":8,""care_dead"":13,""tile_cap_units"":21,""fertilizer_forgone"":15,""care_unfed"":30,""animal_shed_days"":1,""idle_tile_days"":63,""weed_tile_days"":3,""hand_pass_turns"":347,""farmer_pass_turns"":60,""phantom_hand_actions"":0,""sell_floor_units"":0,""hire_premium"":3634,""shed_units_now"":0,""shed_value_now"":0.0,""animals_in_shed_now"":0,""seeds_unplanted_now"":1,""seeds_unplanted_cost_now"":10.0}]}",{},
B1_herd_safe,B1_public_source,stress_buy4_sell4,opening_funding_stress,2026092412,0,176424.0,36908.0,139516.0,W,kagsim,3.743083,0,0,0,0,0,0,0,0,31c5943ae1583141aa209bc6de1afc2ab471d737fe249ecaaa7a6b45265c2163,"[{""step"":0,""shops"":[]},{""step"":72,""shops"":[""SMOOTHIE_SHOP""]},{""step"":144,""shops"":[""SMOOTHIE_SHOP"",""FARMERS_MARKET""]},{""step"":216,""shops"":[""SMOOTHIE_SHOP"",""FARMERS_MARKET"",""PIZZA_SHOP""]},{""step"":288,""shops"":[""SMOOTHIE_SHOP"",""FARMERS_MARKET"",""PIZZA_SHOP"",""PIZZA_SHOP""]},{""step"":360,""shops"":[""SMOOTHIE_SHOP"",""FARMERS_MARKET"",""PIZZA_SHOP"",""PIZZA_SHOP"",""PET_CAFE""]},{""step"":432,""shops"":[""SMOOTHIE_SHOP"",""FARMERS_MARKET"",""PIZZA_SHOP"",""PIZZA_SHOP"",""PET_CAFE"",""ICE_CREAM_SHOP""]},{""step"":504,""shops"":[""SMOOTHIE_SHOP"",""FARMERS_MARKET"",""PIZZA_SHOP"",""PIZZA_SHOP"",""PET_CAFE"",""ICE_CREAM_SHOP"",""BRUNCH_SPOT""]},{""step"":576,""shops"":[""SMOOTHIE_SHOP"",""FARMERS_MARKET"",""PIZZA_SHOP"",""PIZZA_SHOP"",""PET_CAFE"",""ICE_CREAM_SHOP"",""BRUNCH_SPOT"",""PET_CAFE""]}]",experiments/round10_public_learning_20260924/evaluations/opening_funding_stress/replays/B1_herd_safe/stress_buy4_sell4/seed_2026092412_seat_0.json.gz,f75a51bdb34c3d0c1b03ba66867b3e81db0e52e04f28ac92d03d06dff2c191bd,b6553c296c556aff5b5e2d12b75618e505fa4d852afb5338414ac6d6e039cb02,e90335a7c3f24359539588e6d127dcdf3ba61ab5afb578fb1eb61309c13a8f8a,0fe077cc65622d6f6828160d90b617595a4aa7ea188e4afc67bfee8e4d290c92,"{""players"":[{""sell_dead_units"":2217,""refused_buy_product"":1,""refused_buy_seed"":0,""refused_buy_animal"":0,""refused_hire"":0,""refused_buy_land"":0,""hire_paid"":7235,""sell_zero_fill"":43,""buy_zero_fill"":1,""sell_revenue"":210640.0,""total_spend"":37216.0,""shed_discarded_units"":0,""sold_units"":1575,""feed_no_wheat"":1,""feed_no_animal"":1,""feed_redundant"":0,""water_dead"":11,""harvest_dead"":20,""plant_dead"":0,""animals_escaped"":1,""escape_capital"":400.0,""escape_yield_units"":1,""escape_first_day"":26,""animal_unfed_days"":53,""plants_dry"":1,""dry_seed_cost"":100.0,""dry_yield_units"":0,""dry_first_day"":21,""plant_unwatered_days"":422,""decay_units"":18,""plants_decayed"":18,""silent_loss_coins"":500.0,""silent_loss_units"":19,""dead_actions"":62,""move_dead"":0,""locked_dead"":0,""pickup_dead"":0,""drop_dead"":0,""place_dead"":2,""build_dead"":0,""dig_dead"":4,""fertilize_dead"":1,""collect_dead"":8,""care_dead"":14,""tile_cap_units"":25,""fertilizer_forgone"":13,""care_unfed"":49,""animal_shed_days"":1,""idle_tile_days"":229,""weed_tile_days"":1,""hand_pass_turns"":467,""farmer_pass_turns"":63,""phantom_hand_actions"":0,""sell_floor_units"":31,""hire_premium"":6954,""shed_units_now"":0,""shed_value_now"":0.0,""animals_in_shed_now"":0,""seeds_unplanted_now"":4,""seeds_unplanted_cost_now"":40.0},{""sell_dead_units"":1685,""refused_buy_product"":36,""refused_buy_seed"":11,""refused_buy_animal"":9,""refused_hire"":6,""refused_buy_land"":1,""hire_paid"":3758,""sell_zero_fill"":125,""buy_zero_fill"":26,""sell_revenue"":53726.0,""total_spend"":19818.0,""shed_discarded_units"":0,""sold_units"":691,""feed_no_wheat"":5,""feed_no_animal"":267,""feed_redundant"":0,""water_dead"":112,""harvest_dead"":176,""plant_dead"":5,""animals_escaped"":3,""escape_capital"":1300.0,""escape_yield_units"":0,""escape_first_day"":1,""animal_unfed_days"":17,""plants_dry"":0,""dry_seed_cost"":0.0,""dry_yield_units"":0,""dry_first_day"":-1,""plant_unwatered_days"":144,""decay_units"":5,""plants_decayed"":0,""silent_loss_coins"":1300.0,""silent_loss_units"":5,""dead_actions"":2013,""move_dead"":0,""locked_dead"":748,""pickup_dead"":16,""drop_dead"":0,""place_dead"":50,""build_dead"":0,""dig_dead"":18,""fertilize_dead"":39,""collect_dead"":283,""care_dead"":294,""tile_cap_units"":9,""fertilizer_forgone"":8,""care_unfed"":12,""animal_shed_days"":46,""idle_tile_days"":376,""weed_tile_days"":2,""hand_pass_turns"":345,""farmer_pass_turns"":59,""phantom_hand_actions"":0,""sell_floor_units"":6,""hire_premium"":3501,""shed_units_now"":0,""shed_value_now"":0.0,""animals_in_shed_now"":2,""seeds_unplanted_now"":85,""seeds_unplanted_cost_now"":2550.0}]}",{},
B1_herd_safe,B1_public_source,stress_buy4_sell4,opening_funding_stress,2026092412,1,176424.0,36908.0,139516.0,W,kagsim,3.515238,0,0,0,0,0,0,0,0,31c5943ae1583141aa209bc6de1afc2ab471d737fe249ecaaa7a6b45265c2163,"[{""step"":0,""shops"":[]},{""step"":72,""shops"":[""SMOOTHIE_SHOP""]},{""step"":144,""shops"":[""SMOOTHIE_SHOP"",""FARMERS_MARKET""]},{""step"":216,""shops"":[""SMOOTHIE_SHOP"",""FARMERS_MARKET"",""PIZZA_SHOP""]},{""step"":288,""shops"":[""SMOOTHIE_SHOP"",""FARMERS_MARKET"",""PIZZA_SHOP"",""PIZZA_SHOP""]},{""step"":360,""shops"":[""SMOOTHIE_SHOP"",""FARMERS_MARKET"",""PIZZA_SHOP"",""PIZZA_SHOP"",""PET_CAFE""]},{""step"":432,""shops"":[""SMOOTHIE_SHOP"",""FARMERS_MARKET"",""PIZZA_SHOP"",""PIZZA_SHOP"",""PET_CAFE"",""ICE_CREAM_SHOP""]},{""step"":504,""shops"":[""SMOOTHIE_SHOP"",""FARMERS_MARKET"",""PIZZA_SHOP"",""PIZZA_SHOP"",""PET_CAFE"",""ICE_CREAM_SHOP"",""BRUNCH_SPOT""]},{""step"":576,""shops"":[""SMOOTHIE_SHOP"",""FARMERS_MARKET"",""PIZZA_SHOP"",""PIZZA_SHOP"",""PET_CAFE"",""ICE_CREAM_SHOP"",""BRUNCH_SPOT"",""PET_CAFE""]}]",experiments/round10_public_learning_20260924/evaluations/opening_funding_stress/replays/B1_herd_safe/stress_buy4_sell4/seed_2026092412_seat_1.json.gz,c745ba1bdfd805fe3edbe08bbc38521ab6ce9b6ef00010a0cb186640e312e3a2,b6553c296c556aff5b5e2d12b75618e505fa4d852afb5338414ac6d6e039cb02,e90335a7c3f24359539588e6d127dcdf3ba61ab5afb578fb1eb61309c13a8f8a,0fe077cc65622d6f6828160d90b617595a4aa7ea188e4afc67bfee8e4d290c92,"{""players"":[{""sell_dead_units"":1685,""refused_buy_product"":36,""refused_buy_seed"":11,""refused_buy_animal"":9,""refused_hire"":6,""refused_buy_land"":1,""hire_paid"":3758,""sell_zero_fill"":125,""buy_zero_fill"":26,""sell_revenue"":53726.0,""total_spend"":19818.0,""shed_discarded_units"":0,""sold_units"":691,""feed_no_wheat"":5,""feed_no_animal"":267,""feed_redundant"":0,""water_dead"":112,""harvest_dead"":176,""plant_dead"":5,""animals_escaped"":3,""escape_capital"":1300.0,""escape_yield_units"":0,""escape_first_day"":1,""animal_unfed_days"":17,""plants_dry"":0,""dry_seed_cost"":0.0,""dry_yield_units"":0,""dry_first_day"":-1,""plant_unwatered_days"":144,""decay_units"":5,""plants_decayed"":0,""silent_loss_coins"":1300.0,""silent_loss_units"":5,""dead_actions"":2013,""move_dead"":0,""locked_dead"":748,""pickup_dead"":16,""drop_dead"":0,""place_dead"":50,""build_dead"":0,""dig_dead"":18,""fertilize_dead"":39,""collect_dead"":283,""care_dead"":294,""tile_cap_units"":9,""fertilizer_forgone"":8,""care_unfed"":12,""animal_shed_days"":46,""idle_tile_days"":376,""weed_tile_days"":2,""hand_pass_turns"":345,""farmer_pass_turns"":59,""phantom_hand_actions"":0,""sell_floor_units"":6,""hire_premium"":3501,""shed_units_now"":0,""shed_value_now"":0.0,""animals_in_shed_now"":2,""seeds_unplanted_now"":85,""seeds_unplanted_cost_now"":2550.0},{""sell_dead_units"":2217,""refused_buy_product"":1,""refused_buy_seed"":0,""refused_buy_animal"":0,""refused_hire"":0,""refused_buy_land"":0,""hire_paid"":7235,""sell_zero_fill"":43,""buy_zero_fill"":1,""sell_revenue"":210640.0,""total_spend"":37216.0,""shed_discarded_units"":0,""sold_units"":1575,""feed_no_wheat"":1,""feed_no_animal"":1,""feed_redundant"":0,""water_dead"":11,""harvest_dead"":20,""plant_dead"":0,""animals_escaped"":1,""escape_capital"":400.0,""escape_yield_units"":1,""escape_first_day"":26,""animal_unfed_days"":53,""plants_dry"":1,""dry_seed_cost"":100.0,""dry_yield_units"":0,""dry_first_day"":21,""plant_unwatered_days"":422,""decay_units"":18,""plants_decayed"":18,""silent_loss_coins"":500.0,""silent_loss_units"":19,""dead_actions"":62,""move_dead"":0,""locked_dead"":0,""pickup_dead"":0,""drop_dead"":0,""place_dead"":2,""build_dead"":0,""dig_dead"":4,""fertilize_dead"":1,""collect_dead"":8,""care_dead"":14,""tile_cap_units"":25,""fertilizer_forgone"":13,""care_unfed"":49,""animal_shed_days"":1,""idle_tile_days"":229,""weed_tile_days"":1,""hand_pass_turns"":467,""farmer_pass_turns"":63,""phantom_hand_actions"":0,""sell_floor_units"":31,""hire_premium"":6954,""shed_units_now"":0,""shed_value_now"":0.0,""animals_in_shed_now"":0,""seeds_unplanted_now"":4,""seeds_unplanted_cost_now"":40.0}]}",{},
B1_herd_safe,B1_public_source,stress_buy70_sell70,opening_funding_stress,2026092411,0,181908.0,42967.0,138941.0,W,kagsim,4.499634,0,0,0,0,0,0,0,0,3953396c19f258792c914b6921dae03f3624d8252ab08c1ca7609ce4c242438d,"[{""step"":0,""shops"":[]},{""step"":72,""shops"":[""SMOOTHIE_SHOP""]},{""step"":144,""shops"":[""SMOOTHIE_SHOP"",""PIZZA_SHOP""]},{""step"":216,""shops"":[""SMOOTHIE_SHOP"",""PIZZA_SHOP"",""BAKERY""]},{""step"":288,""shops"":[""SMOOTHIE_SHOP"",""PIZZA_SHOP"",""BAKERY"",""ICE_CREAM_SHOP""]},{""step"":360,""shops"":[""SMOOTHIE_SHOP"",""PIZZA_SHOP"",""BAKERY"",""ICE_CREAM_SHOP"",""ICE_CREAM_SHOP""]},{""step"":432,""shops"":[""SMOOTHIE_SHOP"",""PIZZA_SHOP"",""BAKERY"",""ICE_CREAM_SHOP"",""ICE_CREAM_SHOP"",""YARN_STORE""]},{""step"":504,""shops"":[""SMOOTHIE_SHOP"",""PIZZA_SHOP"",""BAKERY"",""ICE_CREAM_SHOP"",""ICE_CREAM_SHOP"",""YARN_STORE"",""FARMERS_MARKET""]},{""step"":576,""shops"":[""SMOOTHIE_SHOP"",""PIZZA_SHOP"",""BAKERY"",""ICE_CREAM_SHOP"",""ICE_CREAM_SHOP"",""YARN_STORE"",""FARMERS_MARKET"",""FARMERS_MARKET""]}]",experiments/round10_public_learning_20260924/evaluations/opening_funding_stress/replays/B1_herd_safe/stress_buy70_sell70/seed_2026092411_seat_0.json.gz,2b00b56a586ceb6998864d00f0c5b9a3bb9cf8833d12ea43405805f08e092c53,b6553c296c556aff5b5e2d12b75618e505fa4d852afb5338414ac6d6e039cb02,72c0eb4954747f9138fd20c2404280c35e11b0f71e1e846cab67123ed6dea204,0fe077cc65622d6f6828160d90b617595a4aa7ea188e4afc67bfee8e4d290c92,"{""players"":[{""sell_dead_units"":194,""refused_buy_product"":0,""refused_buy_seed"":0,""refused_buy_animal"":0,""refused_hire"":0,""refused_buy_land"":0,""hire_paid"":3897,""sell_zero_fill"":35,""buy_zero_fill"":0,""sell_revenue"":207555.0,""total_spend"":28647.0,""shed_discarded_units"":0,""sold_units"":1544,""feed_no_wheat"":0,""feed_no_animal"":0,""feed_redundant"":0,""water_dead"":10,""harvest_dead"":18,""plant_dead"":0,""animals_escaped"":0,""escape_capital"":0.0,""escape_yield_units"":0,""escape_first_day"":-1,""animal_unfed_days"":34,""plants_dry"":1,""dry_seed_cost"":100.0,""dry_yield_units"":0,""dry_first_day"":21,""plant_unwatered_days"":392,""decay_units"":18,""plants_decayed"":18,""silent_loss_coins"":100.0,""silent_loss_units"":18,""dead_actions"":55,""move_dead"":0,""locked_dead"":0,""pickup_dead"":0,""drop_dead"":0,""place_dead"":1,""build_dead"":0,""dig_dead"":4,""fertilize_dead"":1,""collect_dead"":8,""care_dead"":13,""tile_cap_units"":21,""fertilizer_forgone"":15,""care_unfed"":30,""animal_shed_days"":1,""idle_tile_days"":63,""weed_tile_days"":1,""hand_pass_turns"":347,""farmer_pass_turns"":60,""phantom_hand_actions"":0,""sell_floor_units"":0,""hire_premium"":3634,""shed_units_now"":0,""shed_value_now"":0.0,""animals_in_shed_now"":0,""seeds_unplanted_now"":1,""seeds_unplanted_cost_now"":10.0},{""sell_dead_units"":640,""refused_buy_product"":36,""refused_buy_seed"":10,""refused_buy_animal"":8,""refused_hire"":0,""refused_buy_land"":1,""hire_paid"":3897,""sell_zero_fill"":114,""buy_zero_fill"":24,""sell_revenue"":62479.0,""total_spend"":22512.0,""shed_discarded_units"":0,""sold_units"":801,""feed_no_wheat"":6,""feed_no_animal"":253,""feed_redundant"":0,""water_dead"":111,""harvest_dead"":169,""plant_dead"":4,""animals_escaped"":3,""escape_capital"":1300.0,""escape_yield_units"":0,""escape_first_day"":1,""animal_unfed_days"":16,""plants_dry"":0,""dry_seed_cost"":0.0,""dry_yield_units"":0,""dry_first_day"":-1,""plant_unwatered_days"":135,""decay_units"":0,""plants_decayed"":0,""silent_loss_coins"":1300.0,""silent_loss_units"":0,""dead_actions"":1983,""move_dead"":0,""locked_dead"":774,""pickup_dead"":16,""drop_dead"":0,""place_dead"":52,""build_dead"":0,""dig_dead"":18,""fertilize_dead"":38,""collect_dead"":266,""care_dead"":276,""tile_cap_units"":7,""fertilizer_forgone"":8,""care_unfed"":12,""animal_shed_days"":47,""idle_tile_days"":356,""weed_tile_days"":3,""hand_pass_turns"":361,""farmer_pass_turns"":59,""phantom_hand_actions"":0,""sell_floor_units"":0,""hire_premium"":3634,""shed_units_now"":0,""shed_value_now"":0.0,""animals_in_shed_now"":2,""seeds_unplanted_now"":83,""seeds_unplanted_cost_now"":2530.0}]}",{},
B1_herd_safe,B1_public_source,stress_buy70_sell70,opening_funding_stress,2026092411,1,181908.0,42967.0,138941.0,W,kagsim,4.466156,0,0,0,0,0,0,0,0,3953396c19f258792c914b6921dae03f3624d8252ab08c1ca7609ce4c242438d,"[{""step"":0,""shops"":[]},{""step"":72,""shops"":[""SMOOTHIE_SHOP""]},{""step"":144,""shops"":[""SMOOTHIE_SHOP"",""PIZZA_SHOP""]},{""step"":216,""shops"":[""SMOOTHIE_SHOP"",""PIZZA_SHOP"",""BAKERY""]},{""step"":288,""shops"":[""SMOOTHIE_SHOP"",""PIZZA_SHOP"",""BAKERY"",""ICE_CREAM_SHOP""]},{""step"":360,""shops"":[""SMOOTHIE_SHOP"",""PIZZA_SHOP"",""BAKERY"",""ICE_CREAM_SHOP"",""ICE_CREAM_SHOP""]},{""step"":432,""shops"":[""SMOOTHIE_SHOP"",""PIZZA_SHOP"",""BAKERY"",""ICE_CREAM_SHOP"",""ICE_CREAM_SHOP"",""YARN_STORE""]},{""step"":504,""shops"":[""SMOOTHIE_SHOP"",""PIZZA_SHOP"",""BAKERY"",""ICE_CREAM_SHOP"",""ICE_CREAM_SHOP"",""YARN_STORE"",""FARMERS_MARKET""]},{""step"":576,""shops"":[""SMOOTHIE_SHOP"",""PIZZA_SHOP"",""BAKERY"",""ICE_CREAM_SHOP"",""ICE_CREAM_SHOP"",""YARN_STORE"",""FARMERS_MARKET"",""FARMERS_MARKET""]}]",experiments/round10_public_learning_20260924/evaluations/opening_funding_stress/replays/B1_herd_safe/stress_buy70_sell70/seed_2026092411_seat_1.json.gz,000594ff2a63410acae405647a98525036cc44753ea77ea36b6f663063db7f0b,b6553c296c556aff5b5e2d12b75618e505fa4d852afb5338414ac6d6e039cb02,72c0eb4954747f9138fd20c2404280c35e11b0f71e1e846cab67123ed6dea204,0fe077cc65622d6f6828160d90b617595a4aa7ea188e4afc67bfee8e4d290c92,"{""players"":[{""sell_dead_units"":640,""refused_buy_product"":36,""refused_buy_seed"":10,""refused_buy_animal"":8,""refused_hire"":0,""refused_buy_land"":1,""hire_paid"":3897,""sell_zero_fill"":114,""buy_zero_fill"":24,""sell_revenue"":62479.0,""total_spend"":22512.0,""shed_discarded_units"":0,""sold_units"":801,""feed_no_wheat"":6,""feed_no_animal"":253,""feed_redundant"":0,""water_dead"":111,""harvest_dead"":170,""plant_dead"":4,""animals_escaped"":3,""escape_capital"":1300.0,""escape_yield_units"":0,""escape_first_day"":1,""animal_unfed_days"":16,""plants_dry"":0,""dry_seed_cost"":0.0,""dry_yield_units"":0,""dry_first_day"":-1,""plant_unwatered_days"":135,""decay_units"":0,""plants_decayed"":0,""silent_loss_coins"":1300.0,""silent_loss_units"":0,""dead_actions"":1984,""move_dead"":0,""locked_dead"":774,""pickup_dead"":16,""drop_dead"":0,""place_dead"":52,""build_dead"":0,""dig_dead"":18,""fertilize_dead"":38,""collect_dead"":266,""care_dead"":276,""tile_cap_units"":7,""fertilizer_forgone"":8,""care_unfed"":12,""animal_shed_days"":47,""idle_tile_days"":356,""weed_tile_days"":1,""hand_pass_turns"":361,""farmer_pass_turns"":59,""phantom_hand_actions"":0,""sell_floor_units"":0,""hire_premium"":3634,""shed_units_now"":0,""shed_value_now"":0.0,""animals_in_shed_now"":2,""seeds_unplanted_now"":83,""seeds_unplanted_cost_now"":2530.0},{""sell_dead_units"":194,""refused_buy_product"":0,""refused_buy_seed"":0,""refused_buy_animal"":0,""refused_hire"":0,""refused_buy_land"":0,""hire_paid"":3897,""sell_zero_fill"":35,""buy_zero_fill"":0,""sell_revenue"":207555.0,""total_spend"":28647.0,""shed_discarded_units"":0,""sold_units"":1544,""feed_no_wheat"":0,""feed_no_animal"":0,""feed_redundant"":0,""water_dead"":10,""harvest_dead"":18,""plant_dead"":0,""animals_escaped"":0,""escape_capital"":0.0,""escape_yield_units"":0,""escape_first_day"":-1,""animal_unfed_days"":34,""plants_dry"":1,""dry_seed_cost"":100.0,""dry_yield_units"":0,""dry_first_day"":21,""plant_unwatered_days"":392,""decay_units"":18,""plants_decayed"":18,""silent_loss_coins"":100.0,""silent_loss_units"":18,""dead_actions"":55,""move_dead"":0,""locked_dead"":0,""pickup_dead"":0,""drop_dead"":0,""place_dead"":1,""build_dead"":0,""dig_dead"":4,""fertilize_dead"":1,""collect_dead"":8,""care_dead"":13,""tile_cap_units"":21,""fertilizer_forgone"":15,""care_unfed"":30,""animal_shed_days"":1,""idle_tile_days"":63,""weed_tile_days"":3,""hand_pass_turns"":347,""farmer_pass_turns"":60,""phantom_hand_actions"":0,""sell_floor_units"":0,""hire_premium"":3634,""shed_units_now"":0,""shed_value_now"":0.0,""animals_in_shed_now"":0,""seeds_unplanted_now"":1,""seeds_unplanted_cost_now"":10.0}]}",{},
B1_herd_safe,B1_public_source,stress_buy70_sell70,opening_funding_stress,2026092412,0,176594.0,36423.0,140171.0,W,kagsim,4.310982,0,0,0,0,0,0,0,0,31c5943ae1583141aa209bc6de1afc2ab471d737fe249ecaaa7a6b45265c2163,"[{""step"":0,""shops"":[]},{""step"":72,""shops"":[""SMOOTHIE_SHOP""]},{""step"":144,""shops"":[""SMOOTHIE_SHOP"",""FARMERS_MARKET""]},{""step"":216,""shops"":[""SMOOTHIE_SHOP"",""FARMERS_MARKET"",""PIZZA_SHOP""]},{""step"":288,""shops"":[""SMOOTHIE_SHOP"",""FARMERS_MARKET"",""PIZZA_SHOP"",""PIZZA_SHOP""]},{""step"":360,""shops"":[""SMOOTHIE_SHOP"",""FARMERS_MARKET"",""PIZZA_SHOP"",""PIZZA_SHOP"",""PET_CAFE""]},{""step"":432,""shops"":[""SMOOTHIE_SHOP"",""FARMERS_MARKET"",""PIZZA_SHOP"",""PIZZA_SHOP"",""PET_CAFE"",""ICE_CREAM_SHOP""]},{""step"":504,""shops"":[""SMOOTHIE_SHOP"",""FARMERS_MARKET"",""PIZZA_SHOP"",""PIZZA_SHOP"",""PET_CAFE"",""ICE_CREAM_SHOP"",""BRUNCH_SPOT""]},{""step"":576,""shops"":[""SMOOTHIE_SHOP"",""FARMERS_MARKET"",""PIZZA_SHOP"",""PIZZA_SHOP"",""PET_CAFE"",""ICE_CREAM_SHOP"",""BRUNCH_SPOT"",""PET_CAFE""]}]",experiments/round10_public_learning_20260924/evaluations/opening_funding_stress/replays/B1_herd_safe/stress_buy70_sell70/seed_2026092412_seat_0.json.gz,2678b9d688c9eda118ee96e36e6d94ff9d66cea53844f5f1293668e602e61ebd,b6553c296c556aff5b5e2d12b75618e505fa4d852afb5338414ac6d6e039cb02,72c0eb4954747f9138fd20c2404280c35e11b0f71e1e846cab67123ed6dea204,0fe077cc65622d6f6828160d90b617595a4aa7ea188e4afc67bfee8e4d290c92,"{""players"":[{""sell_dead_units"":2216,""refused_buy_product"":0,""refused_buy_seed"":0,""refused_buy_animal"":0,""refused_hire"":0,""refused_buy_land"":0,""hire_paid"":7235,""sell_zero_fill"":42,""buy_zero_fill"":0,""sell_revenue"":210841.0,""total_spend"":37247.0,""shed_discarded_units"":0,""sold_units"":1576,""feed_no_wheat"":1,""feed_no_animal"":1,""feed_redundant"":0,""water_dead"":11,""harvest_dead"":20,""plant_dead"":0,""animals_escaped"":1,""escape_capital"":400.0,""escape_yield_units"":1,""escape_first_day"":26,""animal_unfed_days"":53,""plants_dry"":1,""dry_seed_cost"":100.0,""dry_yield_units"":0,""dry_first_day"":21,""plant_unwatered_days"":422,""decay_units"":18,""plants_decayed"":18,""silent_loss_coins"":500.0,""silent_loss_units"":19,""dead_actions"":62,""move_dead"":0,""locked_dead"":0,""pickup_dead"":0,""drop_dead"":0,""place_dead"":2,""build_dead"":0,""dig_dead"":4,""fertilize_dead"":1,""collect_dead"":8,""care_dead"":14,""tile_cap_units"":25,""fertilizer_forgone"":13,""care_unfed"":49,""animal_shed_days"":1,""idle_tile_days"":229,""weed_tile_days"":1,""hand_pass_turns"":467,""farmer_pass_turns"":63,""phantom_hand_actions"":0,""sell_floor_units"":31,""hire_premium"":6954,""shed_units_now"":0,""shed_value_now"":0.0,""animals_in_shed_now"":0,""seeds_unplanted_now"":4,""seeds_unplanted_cost_now"":40.0},{""sell_dead_units"":1688,""refused_buy_product"":36,""refused_buy_seed"":12,""refused_buy_animal"":9,""refused_hire"":9,""refused_buy_land"":1,""hire_paid"":3754,""sell_zero_fill"":125,""buy_zero_fill"":27,""sell_revenue"":55309.0,""total_spend"":21886.0,""shed_discarded_units"":0,""sold_units"":754,""feed_no_wheat"":5,""feed_no_animal"":266,""feed_redundant"":0,""water_dead"":112,""harvest_dead"":175,""plant_dead"":5,""animals_escaped"":3,""escape_capital"":1300.0,""escape_yield_units"":0,""escape_first_day"":1,""animal_unfed_days"":17,""plants_dry"":0,""dry_seed_cost"":0.0,""dry_yield_units"":0,""dry_first_day"":-1,""plant_unwatered_days"":147,""decay_units"":5,""plants_decayed"":0,""silent_loss_coins"":1300.0,""silent_loss_units"":5,""dead_actions"":1983,""move_dead"":0,""locked_dead"":724,""pickup_dead"":16,""drop_dead"":0,""place_dead"":50,""build_dead"":0,""dig_dead"":18,""fertilize_dead"":39,""collect_dead"":281,""care_dead"":292,""tile_cap_units"":9,""fertilizer_forgone"":8,""care_unfed"":12,""animal_shed_days"":46,""idle_tile_days"":376,""weed_tile_days"":2,""hand_pass_turns"":337,""farmer_pass_turns"":59,""phantom_hand_actions"":0,""sell_floor_units"":6,""hire_premium"":3500,""shed_units_now"":0,""shed_value_now"":0.0,""animals_in_shed_now"":2,""seeds_unplanted_now"":84,""seeds_unplanted_cost_now"":2540.0}]}",{},
B1_herd_safe,B1_public_source,stress_buy70_sell70,opening_funding_stress,2026092412,1,176594.0,36423.0,140171.0,W,kagsim,4.328635,0,0,0,0,0,0,0,0,31c5943ae1583141aa209bc6de1afc2ab471d737fe249ecaaa7a6b45265c2163,"[{""step"":0,""shops"":[]},{""step"":72,""shops"":[""SMOOTHIE_SHOP""]},{""step"":144,""shops"":[""SMOOTHIE_SHOP"",""FARMERS_MARKET""]},{""step"":216,""shops"":[""SMOOTHIE_SHOP"",""FARMERS_MARKET"",""PIZZA_SHOP""]},{""step"":288,""shops"":[""SMOOTHIE_SHOP"",""FARMERS_MARKET"",""PIZZA_SHOP"",""PIZZA_SHOP""]},{""step"":360,""shops"":[""SMOOTHIE_SHOP"",""FARMERS_MARKET"",""PIZZA_SHOP"",""PIZZA_SHOP"",""PET_CAFE""]},{""step"":432,""shops"":[""SMOOTHIE_SHOP"",""FARMERS_MARKET"",""PIZZA_SHOP"",""PIZZA_SHOP"",""PET_CAFE"",""ICE_CREAM_SHOP""]},{""step"":504,""shops"":[""SMOOTHIE_SHOP"",""FARMERS_MARKET"",""PIZZA_SHOP"",""PIZZA_SHOP"",""PET_CAFE"",""ICE_CREAM_SHOP"",""BRUNCH_SPOT""]},{""step"":576,""shops"":[""SMOOTHIE_SHOP"",""FARMERS_MARKET"",""PIZZA_SHOP"",""PIZZA_SHOP"",""PET_CAFE"",""ICE_CREAM_SHOP"",""BRUNCH_SPOT"",""PET_CAFE""]}]",experiments/round10_public_learning_20260924/evaluations/opening_funding_stress/replays/B1_herd_safe/stress_buy70_sell70/seed_2026092412_seat_1.json.gz,49026d6c60650391bb21ab5ff0c48ab93e8b858149d5ba9217d42bc948526c0f,b6553c296c556aff5b5e2d12b75618e505fa4d852afb5338414ac6d6e039cb02,72c0eb4954747f9138fd20c2404280c35e11b0f71e1e846cab67123ed6dea204,0fe077cc65622d6f6828160d90b617595a4aa7ea188e4afc67bfee8e4d290c92,"{""players"":[{""sell_dead_units"":1688,""refused_buy_product"":36,""refused_buy_seed"":12,""refused_buy_animal"":9,""refused_hire"":9,""refused_buy_land"":1,""hire_paid"":3754,""sell_zero_fill"":125,""buy_zero_fill"":27,""sell_revenue"":55309.0,""total_spend"":21886.0,""shed_discarded_units"":0,""sold_units"":754,""feed_no_wheat"":5,""feed_no_animal"":266,""feed_redundant"":0,""water_dead"":112,""harvest_dead"":175,""plant_dead"":5,""animals_escaped"":3,""escape_capital"":1300.0,""escape_yield_units"":0,""escape_first_day"":1,""animal_unfed_days"":17,""plants_dry"":0,""dry_seed_cost"":0.0,""dry_yield_units"":0,""dry_first_day"":-1,""plant_unwatered_days"":147,""decay_units"":5,""plants_decayed"":0,""silent_loss_coins"":1300.0,""silent_loss_units"":5,""dead_actions"":1983,""move_dead"":0,""locked_dead"":724,""pickup_dead"":16,""drop_dead"":0,""place_dead"":50,""build_dead"":0,""dig_dead"":18,""fertilize_dead"":39,""collect_dead"":281,""care_dead"":292,""tile_cap_units"":9,""fertilizer_forgone"":8,""care_unfed"":12,""animal_shed_days"":46,""idle_tile_days"":376,""weed_tile_days"":2,""hand_pass_turns"":337,""farmer_pass_turns"":59,""phantom_hand_actions"":0,""sell_floor_units"":6,""hire_premium"":3500,""shed_units_now"":0,""shed_value_now"":0.0,""animals_in_shed_now"":2,""seeds_unplanted_now"":84,""seeds_unplanted_cost_now"":2540.0},{""sell_dead_units"":2216,""refused_buy_product"":0,""refused_buy_seed"":0,""refused_buy_animal"":0,""refused_hire"":0,""refused_buy_land"":0,""hire_paid"":7235,""sell_zero_fill"":42,""buy_zero_fill"":0,""sell_revenue"":210841.0,""total_spend"":37247.0,""shed_discarded_units"":0,""sold_units"":1576,""feed_no_wheat"":1,""feed_no_animal"":1,""feed_redundant"":0,""water_dead"":11,""harvest_dead"":20,""plant_dead"":0,""animals_escaped"":1,""escape_capital"":400.0,""escape_yield_units"":1,""escape_first_day"":26,""animal_unfed_days"":53,""plants_dry"":1,""dry_seed_cost"":100.0,""dry_yield_units"":0,""dry_first_day"":21,""plant_unwatered_days"":422,""decay_units"":18,""plants_decayed"":18,""silent_loss_coins"":500.0,""silent_loss_units"":19,""dead_actions"":62,""move_dead"":0,""locked_dead"":0,""pickup_dead"":0,""drop_dead"":0,""place_dead"":2,""build_dead"":0,""dig_dead"":4,""fertilize_dead"":1,""collect_dead"":8,""care_dead"":14,""tile_cap_units"":25,""fertilizer_forgone"":13,""care_unfed"":49,""animal_shed_days"":1,""idle_tile_days"":229,""weed_tile_days"":1,""hand_pass_turns"":467,""farmer_pass_turns"":63,""phantom_hand_actions"":0,""sell_floor_units"":31,""hire_premium"":6954,""shed_units_now"":0,""shed_value_now"":0.0,""animals_in_shed_now"":0,""seeds_unplanted_now"":4,""seeds_unplanted_cost_now"":40.0}]}",{},
B1_herd_safe,B1_public_source,stress_buy90_sell90_buy5,opening_funding_stress,2026092411,0,92920.0,92513.0,407.0,W,kagsim,3.908781,0,0,0,0,0,0,0,0,c3ab682da4441177fc618eabaaaaed6a116e062aeb30b7c5493fa222eec90ca7,"[{""step"":0,""shops"":[]},{""step"":72,""shops"":[""SMOOTHIE_SHOP""]},{""step"":144,""shops"":[""SMOOTHIE_SHOP"",""PIZZA_SHOP""]},{""step"":216,""shops"":[""SMOOTHIE_SHOP"",""PIZZA_SHOP"",""BAKERY""]},{""step"":288,""shops"":[""SMOOTHIE_SHOP"",""PIZZA_SHOP"",""BAKERY"",""BAKERY""]},{""step"":360,""shops"":[""SMOOTHIE_SHOP"",""PIZZA_SHOP"",""BAKERY"",""BAKERY"",""SMOOTHIE_SHOP""]},{""step"":432,""shops"":[""SMOOTHIE_SHOP"",""PIZZA_SHOP"",""BAKERY"",""BAKERY"",""SMOOTHIE_SHOP"",""BRUNCH_SPOT""]},{""step"":504,""shops"":[""SMOOTHIE_SHOP"",""PIZZA_SHOP"",""BAKERY"",""BAKERY"",""SMOOTHIE_SHOP"",""BRUNCH_SPOT"",""PIZZA_SHOP""]},{""step"":576,""shops"":[""SMOOTHIE_SHOP"",""PIZZA_SHOP"",""BAKERY"",""BAKERY"",""SMOOTHIE_SHOP"",""BRUNCH_SPOT"",""PIZZA_SHOP"",""BAKERY""]}]",experiments/round10_public_learning_20260924/evaluations/opening_funding_stress/replays/B1_herd_safe/stress_buy90_sell90_buy5/seed_2026092411_seat_0.json.gz,e556970dd8ffa64e8862d6c0f5caa7c71976e024fcc23df7dcc21a85c367f791,b6553c296c556aff5b5e2d12b75618e505fa4d852afb5338414ac6d6e039cb02,956d002c34c84d1afc72c89d097ec10ced6d2509c18aca204783d68f3ba40169,0fe077cc65622d6f6828160d90b617595a4aa7ea188e4afc67bfee8e4d290c92,"{""players"":[{""sell_dead_units"":200,""refused_buy_product"":0,""refused_buy_seed"":0,""refused_buy_animal"":0,""refused_hire"":0,""refused_buy_land"":0,""hire_paid"":4308,""sell_zero_fill"":34,""buy_zero_fill"":0,""sell_revenue"":117823.0,""total_spend"":27903.0,""shed_discarded_units"":6,""sold_units"":1593,""feed_no_wheat"":0,""feed_no_animal"":0,""feed_redundant"":0,""water_dead"":10,""harvest_dead"":4,""plant_dead"":0,""animals_escaped"":0,""escape_capital"":0.0,""escape_yield_units"":0,""escape_first_day"":-1,""animal_unfed_days"":63,""plants_dry"":1,""dry_seed_cost"":100.0,""dry_yield_units"":0,""dry_first_day"":21,""plant_unwatered_days"":392,""decay_units"":18,""plants_decayed"":18,""silent_loss_coins"":100.0,""silent_loss_units"":24,""dead_actions"":41,""move_dead"":0,""locked_dead"":0,""pickup_dead"":0,""drop_dead"":0,""place_dead"":1,""build_dead"":0,""dig_dead"":4,""fertilize_dead"":1,""collect_dead"":8,""care_dead"":13,""tile_cap_units"":20,""fertilizer_forgone"":19,""care_unfed"":59,""animal_shed_days"":1,""idle_tile_days"":63,""weed_tile_days"":1,""hand_pass_turns"":382,""farmer_pass_turns"":64,""phantom_hand_actions"":0,""sell_floor_units"":83,""hire_premium"":4041,""shed_units_now"":0,""shed_value_now"":0.0,""animals_in_shed_now"":0,""seeds_unplanted_now"":1,""seeds_unplanted_cost_now"":10.0},{""sell_dead_units"":198,""refused_buy_product"":1,""refused_buy_seed"":0,""refused_buy_animal"":0,""refused_hire"":1,""refused_buy_land"":0,""hire_paid"":4306,""sell_zero_fill"":35,""buy_zero_fill"":1,""sell_revenue"":120256.0,""total_spend"":30743.0,""shed_discarded_units"":6,""sold_units"":1677,""feed_no_wheat"":0,""feed_no_animal"":0,""feed_redundant"":0,""water_dead"":13,""harvest_dead"":5,""plant_dead"":1,""animals_escaped"":0,""escape_capital"":0.0,""escape_yield_units"":0,""escape_first_day"":-1,""animal_unfed_days"":63,""plants_dry"":1,""dry_seed_cost"":100.0,""dry_yield_units"":0,""dry_first_day"":21,""plant_unwatered_days"":399,""decay_units"":18,""plants_decayed"":18,""silent_loss_coins"":100.0,""silent_loss_units"":24,""dead_actions"":46,""move_dead"":0,""locked_dead"":0,""pickup_dead"":0,""drop_dead"":0,""place_dead"":1,""build_dead"":0,""dig_dead"":4,""fertilize_dead"":1,""collect_dead"":8,""care_dead"":13,""tile_cap_units"":20,""fertilizer_forgone"":19,""care_unfed"":59,""animal_shed_days"":1,""idle_tile_days"":66,""weed_tile_days"":3,""hand_pass_turns"":381,""farmer_pass_turns"":64,""phantom_hand_actions"":0,""sell_floor_units"":96,""hire_premium"":4040,""shed_units_now"":0,""shed_value_now"":0.0,""animals_in_shed_now"":0,""seeds_unplanted_now"":0,""seeds_unplanted_cost_now"":0.0}]}",{},
B1_herd_safe,B1_public_source,stress_buy90_sell90_buy5,opening_funding_stress,2026092411,1,92920.0,92513.0,407.0,W,kagsim,4.043875,0,0,0,0,0,0,0,0,c3ab682da4441177fc618eabaaaaed6a116e062aeb30b7c5493fa222eec90ca7,"[{""step"":0,""shops"":[]},{""step"":72,""shops"":[""SMOOTHIE_SHOP""]},{""step"":144,""shops"":[""SMOOTHIE_SHOP"",""PIZZA_SHOP""]},{""step"":216,""shops"":[""SMOOTHIE_SHOP"",""PIZZA_SHOP"",""BAKERY""]},{""step"":288,""shops"":[""SMOOTHIE_SHOP"",""PIZZA_SHOP"",""BAKERY"",""BAKERY""]},{""step"":360,""shops"":[""SMOOTHIE_SHOP"",""PIZZA_SHOP"",""BAKERY"",""BAKERY"",""SMOOTHIE_SHOP""]},{""step"":432,""shops"":[""SMOOTHIE_SHOP"",""PIZZA_SHOP"",""BAKERY"",""BAKERY"",""SMOOTHIE_SHOP"",""BRUNCH_SPOT""]},{""step"":504,""shops"":[""SMOOTHIE_SHOP"",""PIZZA_SHOP"",""BAKERY"",""BAKERY"",""SMOOTHIE_SHOP"",""BRUNCH_SPOT"",""PIZZA_SHOP""]},{""step"":576,""shops"":[""SMOOTHIE_SHOP"",""PIZZA_SHOP"",""BAKERY"",""BAKERY"",""SMOOTHIE_SHOP"",""BRUNCH_SPOT"",""PIZZA_SHOP"",""BAKERY""]}]",experiments/round10_public_learning_20260924/evaluations/opening_funding_stress/replays/B1_herd_safe/stress_buy90_sell90_buy5/seed_2026092411_seat_1.json.gz,02f54298035f4b15a9ce3f12681e84c9aeeb935ac616562ec466948bdc75ac81,b6553c296c556aff5b5e2d12b75618e505fa4d852afb5338414ac6d6e039cb02,956d002c34c84d1afc72c89d097ec10ced6d2509c18aca204783d68f3ba40169,0fe077cc65622d6f6828160d90b617595a4aa7ea188e4afc67bfee8e4d290c92,"{""players"":[{""sell_dead_units"":198,""refused_buy_product"":1,""refused_buy_seed"":0,""refused_buy_animal"":0,""refused_hire"":1,""refused_buy_land"":0,""hire_paid"":4306,""sell_zero_fill"":35,""buy_zero_fill"":1,""sell_revenue"":120256.0,""total_spend"":30743.0,""shed_discarded_units"":6,""sold_units"":1677,""feed_no_wheat"":0,""feed_no_animal"":0,""feed_redundant"":0,""water_dead"":13,""harvest_dead"":5,""plant_dead"":1,""animals_escaped"":0,""escape_capital"":0.0,""escape_yield_units"":0,""escape_first_day"":-1,""animal_unfed_days"":63,""plants_dry"":1,""dry_seed_cost"":100.0,""dry_yield_units"":0,""dry_first_day"":21,""plant_unwatered_days"":399,""decay_units"":18,""plants_decayed"":18,""silent_loss_coins"":100.0,""silent_loss_units"":24,""dead_actions"":46,""move_dead"":0,""locked_dead"":0,""pickup_dead"":0,""drop_dead"":0,""place_dead"":1,""build_dead"":0,""dig_dead"":4,""fertilize_dead"":1,""collect_dead"":8,""care_dead"":13,""tile_cap_units"":20,""fertilizer_forgone"":19,""care_unfed"":59,""animal_shed_days"":1,""idle_tile_days"":66,""weed_tile_days"":1,""hand_pass_turns"":381,""farmer_pass_turns"":64,""phantom_hand_actions"":0,""sell_floor_units"":96,""hire_premium"":4040,""shed_units_now"":0,""shed_value_now"":0.0,""animals_in_shed_now"":0,""seeds_unplanted_now"":0,""seeds_unplanted_cost_now"":0.0},{""sell_dead_units"":200,""refused_buy_product"":0,""refused_buy_seed"":0,""refused_buy_animal"":0,""refused_hire"":0,""refused_buy_land"":0,""hire_paid"":4308,""sell_zero_fill"":34,""buy_zero_fill"":0,""sell_revenue"":117823.0,""total_spend"":27903.0,""shed_discarded_units"":6,""sold_units"":1593,""feed_no_wheat"":0,""feed_no_animal"":0,""feed_redundant"":0,""water_dead"":10,""harvest_dead"":4,""plant_dead"":0,""animals_escaped"":0,""escape_capital"":0.0,""escape_yield_units"":0,""escape_first_day"":-1,""animal_unfed_days"":63,""plants_dry"":1,""dry_seed_cost"":100.0,""dry_yield_units"":0,""dry_first_day"":21,""plant_unwatered_days"":392,""decay_units"":18,""plants_decayed"":18,""silent_loss_coins"":100.0,""silent_loss_units"":24,""dead_actions"":41,""move_dead"":0,""locked_dead"":0,""pickup_dead"":0,""drop_dead"":0,""place_dead"":1,""build_dead"":0,""dig_dead"":4,""fertilize_dead"":1,""collect_dead"":8,""care_dead"":13,""tile_cap_units"":20,""fertilizer_forgone"":19,""care_unfed"":59,""animal_shed_days"":1,""idle_tile_days"":63,""weed_tile_days"":3,""hand_pass_turns"":382,""farmer_pass_turns"":64,""phantom_hand_actions"":0,""sell_floor_units"":83,""hire_premium"":4041,""shed_units_now"":0,""shed_value_now"":0.0,""animals_in_shed_now"":0,""seeds_unplanted_now"":1,""seeds_unplanted_cost_now"":10.0}]}",{},
B1_herd_safe,B1_public_source,stress_buy90_sell90_buy5,opening_funding_stress,2026092412,0,104314.0,104487.0,-173.0,L,kagsim,3.887829,0,0,0,0,0,0,0,0,630833f49060cc2553e7c0ddf98be43c162c5e4ca82600ec318c29eb101cfbbb,"[{""step"":0,""shops"":[]},{""step"":72,""shops"":[""SMOOTHIE_SHOP""]},{""step"":144,""shops"":[""SMOOTHIE_SHOP"",""FARMERS_MARKET""]},{""step"":216,""shops"":[""SMOOTHIE_SHOP"",""FARMERS_MARKET"",""PIZZA_SHOP""]},{""step"":288,""shops"":[""SMOOTHIE_SHOP"",""FARMERS_MARKET"",""PIZZA_SHOP"",""BRUNCH_SPOT""]},{""step"":360,""shops"":[""SMOOTHIE_SHOP"",""FARMERS_MARKET"",""PIZZA_SHOP"",""BRUNCH_SPOT"",""YARN_STORE""]},{""step"":432,""shops"":[""SMOOTHIE_SHOP"",""FARMERS_MARKET"",""PIZZA_SHOP"",""BRUNCH_SPOT"",""YARN_STORE"",""PET_CAFE""]},{""step"":504,""shops"":[""SMOOTHIE_SHOP"",""FARMERS_MARKET"",""PIZZA_SHOP"",""BRUNCH_SPOT"",""YARN_STORE"",""PET_CAFE"",""SMOOTHIE_SHOP""]},{""step"":576,""shops"":[""SMOOTHIE_SHOP"",""FARMERS_MARKET"",""PIZZA_SHOP"",""BRUNCH_SPOT"",""YARN_STORE"",""PET_CAFE"",""SMOOTHIE_SHOP"",""PET_CAFE""]}]",experiments/round10_public_learning_20260924/evaluations/opening_funding_stress/replays/B1_herd_safe/stress_buy90_sell90_buy5/seed_2026092412_seat_0.json.gz,1e2d67bb8bb9dd618adb25bdfc415b3cfa8287558df4316392bff6a925c3df20,b6553c296c556aff5b5e2d12b75618e505fa4d852afb5338414ac6d6e039cb02,956d002c34c84d1afc72c89d097ec10ced6d2509c18aca204783d68f3ba40169,0fe077cc65622d6f6828160d90b617595a4aa7ea188e4afc67bfee8e4d290c92,"{""players"":[{""sell_dead_units"":2228,""refused_buy_product"":0,""refused_buy_seed"":0,""refused_buy_animal"":0,""refused_hire"":0,""refused_buy_land"":0,""hire_paid"":4308,""sell_zero_fill"":41,""buy_zero_fill"":0,""sell_revenue"":129214.0,""total_spend"":27900.0,""shed_discarded_units"":5,""sold_units"":1600,""feed_no_wheat"":0,""feed_no_animal"":0,""feed_redundant"":0,""water_dead"":11,""harvest_dead"":5,""plant_dead"":0,""animals_escaped"":0,""escape_capital"":0.0,""escape_yield_units"":0,""escape_first_day"":-1,""animal_unfed_days"":59,""plants_dry"":1,""dry_seed_cost"":100.0,""dry_yield_units"":0,""dry_first_day"":21,""plant_unwatered_days"":390,""decay_units"":18,""plants_decayed"":18,""silent_loss_coins"":100.0,""silent_loss_units"":23,""dead_actions"":44,""move_dead"":0,""locked_dead"":0,""pickup_dead"":0,""drop_dead"":0,""place_dead"":2,""build_dead"":0,""dig_dead"":4,""fertilize_dead"":1,""collect_dead"":8,""care_dead"":13,""tile_cap_units"":24,""fertilizer_forgone"":19,""care_unfed"":53,""animal_shed_days"":1,""idle_tile_days"":64,""weed_tile_days"":1,""hand_pass_turns"":376,""farmer_pass_turns"":65,""phantom_hand_actions"":0,""sell_floor_units"":15,""hire_premium"":4041,""shed_units_now"":0,""shed_value_now"":0.0,""animals_in_shed_now"":0,""seeds_unplanted_now"":5,""seeds_unplanted_cost_now"":50.0},{""sell_dead_units"":2222,""refused_buy_product"":1,""refused_buy_seed"":0,""refused_buy_animal"":0,""refused_hire"":1,""refused_buy_land"":0,""hire_paid"":4306,""sell_zero_fill"":40,""buy_zero_fill"":1,""sell_revenue"":132240.0,""total_spend"":30753.0,""shed_discarded_units"":1,""sold_units"":1690,""feed_no_wheat"":0,""feed_no_animal"":0,""feed_redundant"":0,""water_dead"":13,""harvest_dead"":5,""plant_dead"":1,""animals_escaped"":0,""escape_capital"":0.0,""escape_yield_units"":0,""escape_first_day"":-1,""animal_unfed_days"":59,""plants_dry"":1,""dry_seed_cost"":100.0,""dry_yield_units"":0,""dry_first_day"":21,""plant_unwatered_days"":397,""decay_units"":18,""plants_decayed"":18,""silent_loss_coins"":100.0,""silent_loss_units"":19,""dead_actions"":47,""move_dead"":0,""locked_dead"":0,""pickup_dead"":0,""drop_dead"":0,""place_dead"":2,""build_dead"":0,""dig_dead"":4,""fertilize_dead"":1,""collect_dead"":8,""care_dead"":13,""tile_cap_units"":23,""fertilizer_forgone"":19,""care_unfed"":53,""animal_shed_days"":1,""idle_tile_days"":66,""weed_tile_days"":1,""hand_pass_turns"":376,""farmer_pass_turns"":65,""phantom_hand_actions"":0,""sell_floor_units"":20,""hire_premium"":4040,""shed_units_now"":0,""shed_value_now"":0.0,""animals_in_shed_now"":0,""seeds_unplanted_now"":4,""seeds_unplanted_cost_now"":40.0}]}",{},
B1_herd_safe,B1_public_source,stress_buy90_sell90_buy5,opening_funding_stress,2026092412,1,104314.0,104487.0,-173.0,L,kagsim,3.943064,0,0,0,0,0,0,0,0,630833f49060cc2553e7c0ddf98be43c162c5e4ca82600ec318c29eb101cfbbb,"[{""step"":0,""shops"":[]},{""step"":72,""shops"":[""SMOOTHIE_SHOP""]},{""step"":144,""shops"":[""SMOOTHIE_SHOP"",""FARMERS_MARKET""]},{""step"":216,""shops"":[""SMOOTHIE_SHOP"",""FARMERS_MARKET"",""PIZZA_SHOP""]},{""step"":288,""shops"":[""SMOOTHIE_SHOP"",""FARMERS_MARKET"",""PIZZA_SHOP"",""BRUNCH_SPOT""]},{""step"":360,""shops"":[""SMOOTHIE_SHOP"",""FARMERS_MARKET"",""PIZZA_SHOP"",""BRUNCH_SPOT"",""YARN_STORE""]},{""step"":432,""shops"":[""SMOOTHIE_SHOP"",""FARMERS_MARKET"",""PIZZA_SHOP"",""BRUNCH_SPOT"",""YARN_STORE"",""PET_CAFE""]},{""step"":504,""shops"":[""SMOOTHIE_SHOP"",""FARMERS_MARKET"",""PIZZA_SHOP"",""BRUNCH_SPOT"",""YARN_STORE"",""PET_CAFE"",""SMOOTHIE_SHOP""]},{""step"":576,""shops"":[""SMOOTHIE_SHOP"",""FARMERS_MARKET"",""PIZZA_SHOP"",""BRUNCH_SPOT"",""YARN_STORE"",""PET_CAFE"",""SMOOTHIE_SHOP"",""PET_CAFE""]}]",experiments/round10_public_learning_20260924/evaluations/opening_funding_stress/replays/B1_herd_safe/stress_buy90_sell90_buy5/seed_2026092412_seat_1.json.gz,a98ac50bdc1c80a11d3404a9bf3d4e46d5e960f9362f62ed4d329878783e9347,b6553c296c556aff5b5e2d12b75618e505fa4d852afb5338414ac6d6e039cb02,956d002c34c84d1afc72c89d097ec10ced6d2509c18aca204783d68f3ba40169,0fe077cc65622d6f6828160d90b617595a4aa7ea188e4afc67bfee8e4d290c92,"{""players"":[{""sell_dead_units"":2222,""refused_buy_product"":1,""refused_buy_seed"":0,""refused_buy_animal"":0,""refused_hire"":1,""refused_buy_land"":0,""hire_paid"":4306,""sell_zero_fill"":40,""buy_zero_fill"":1,""sell_revenue"":132240.0,""total_spend"":30753.0,""shed_discarded_units"":1,""sold_units"":1690,""feed_no_wheat"":0,""feed_no_animal"":0,""feed_redundant"":0,""water_dead"":13,""harvest_dead"":5,""plant_dead"":1,""animals_escaped"":0,""escape_capital"":0.0,""escape_yield_units"":0,""escape_first_day"":-1,""animal_unfed_days"":59,""plants_dry"":1,""dry_seed_cost"":100.0,""dry_yield_units"":0,""dry_first_day"":21,""plant_unwatered_days"":397,""decay_units"":18,""plants_decayed"":18,""silent_loss_coins"":100.0,""silent_loss_units"":19,""dead_actions"":47,""move_dead"":0,""locked_dead"":0,""pickup_dead"":0,""drop_dead"":0,""place_dead"":2,""build_dead"":0,""dig_dead"":4,""fertilize_dead"":1,""collect_dead"":8,""care_dead"":13,""tile_cap_units"":23,""fertilizer_forgone"":19,""care_unfed"":53,""animal_shed_days"":1,""idle_tile_days"":66,""weed_tile_days"":1,""hand_pass_turns"":376,""farmer_pass_turns"":65,""phantom_hand_actions"":0,""sell_floor_units"":20,""hire_premium"":4040,""shed_units_now"":0,""shed_value_now"":0.0,""animals_in_shed_now"":0,""seeds_unplanted_now"":4,""seeds_unplanted_cost_now"":40.0},{""sell_dead_units"":2228,""refused_buy_product"":0,""refused_buy_seed"":0,""refused_buy_animal"":0,""refused_hire"":0,""refused_buy_land"":0,""hire_paid"":4308,""sell_zero_fill"":41,""buy_zero_fill"":0,""sell_revenue"":129214.0,""total_spend"":27900.0,""shed_discarded_units"":5,""sold_units"":1600,""feed_no_wheat"":0,""feed_no_animal"":0,""feed_redundant"":0,""water_dead"":11,""harvest_dead"":5,""plant_dead"":0,""animals_escaped"":0,""escape_capital"":0.0,""escape_yield_units"":0,""escape_first_day"":-1,""animal_unfed_days"":59,""plants_dry"":1,""dry_seed_cost"":100.0,""dry_yield_units"":0,""dry_first_day"":21,""plant_unwatered_days"":390,""decay_units"":18,""plants_decayed"":18,""silent_loss_coins"":100.0,""silent_loss_units"":23,""dead_actions"":44,""move_dead"":0,""locked_dead"":0,""pickup_dead"":0,""drop_dead"":0,""place_dead"":2,""build_dead"":0,""dig_dead"":4,""fertilize_dead"":1,""collect_dead"":8,""care_dead"":13,""tile_cap_units"":24,""fertilizer_forgone"":19,""care_unfed"":53,""animal_shed_days"":1,""idle_tile_days"":64,""weed_tile_days"":1,""hand_pass_turns"":376,""farmer_pass_turns"":65,""phantom_hand_actions"":0,""sell_floor_units"":15,""hire_premium"":4041,""shed_units_now"":0,""shed_value_now"":0.0,""animals_in_shed_now"":0,""seeds_unplanted_now"":5,""seeds_unplanted_cost_now"":50.0}]}",{},
B1_herd_safe,B1_public_source,stress_no_trade,opening_funding_stress,2026092411,0,181892.0,43005.0,138887.0,W,kagsim,3.485654,0,0,0,0,0,0,0,0,3953396c19f258792c914b6921dae03f3624d8252ab08c1ca7609ce4c242438d,"[{""step"":0,""shops"":[]},{""step"":72,""shops"":[""SMOOTHIE_SHOP""]},{""step"":144,""shops"":[""SMOOTHIE_SHOP"",""PIZZA_SHOP""]},{""step"":216,""shops"":[""SMOOTHIE_SHOP"",""PIZZA_SHOP"",""BAKERY""]},{""step"":288,""shops"":[""SMOOTHIE_SHOP"",""PIZZA_SHOP"",""BAKERY"",""ICE_CREAM_SHOP""]},{""step"":360,""shops"":[""SMOOTHIE_SHOP"",""PIZZA_SHOP"",""BAKERY"",""ICE_CREAM_SHOP"",""ICE_CREAM_SHOP""]},{""step"":432,""shops"":[""SMOOTHIE_SHOP"",""PIZZA_SHOP"",""BAKERY"",""ICE_CREAM_SHOP"",""ICE_CREAM_SHOP"",""YARN_STORE""]},{""step"":504,""shops"":[""SMOOTHIE_SHOP"",""PIZZA_SHOP"",""BAKERY"",""ICE_CREAM_SHOP"",""ICE_CREAM_SHOP"",""YARN_STORE"",""FARMERS_MARKET""]},{""step"":576,""shops"":[""SMOOTHIE_SHOP"",""PIZZA_SHOP"",""BAKERY"",""ICE_CREAM_SHOP"",""ICE_CREAM_SHOP"",""YARN_STORE"",""FARMERS_MARKET"",""FARMERS_MARKET""]}]",experiments/round10_public_learning_20260924/evaluations/opening_funding_stress/replays/B1_herd_safe/stress_no_trade/seed_2026092411_seat_0.json.gz,0e20df4fda3df48a3f800269f96dc87ca2c40e4b7598059eea986f43e77c492b,b6553c296c556aff5b5e2d12b75618e505fa4d852afb5338414ac6d6e039cb02,41fcc9a53da64be53e092ba541d01ce0a3d26ac59aa779fec35836dedc66bd4b,0fe077cc65622d6f6828160d90b617595a4aa7ea188e4afc67bfee8e4d290c92,"{""players"":[{""sell_dead_units"":195,""refused_buy_product"":1,""refused_buy_seed"":0,""refused_buy_animal"":0,""refused_hire"":0,""refused_buy_land"":0,""hire_paid"":3897,""sell_zero_fill"":36,""buy_zero_fill"":1,""sell_revenue"":207508.0,""total_spend"":28616.0,""shed_discarded_units"":0,""sold_units"":1543,""feed_no_wheat"":0,""feed_no_animal"":0,""feed_redundant"":0,""water_dead"":10,""harvest_dead"":18,""plant_dead"":0,""animals_escaped"":0,""escape_capital"":0.0,""escape_yield_units"":0,""escape_first_day"":-1,""animal_unfed_days"":34,""plants_dry"":1,""dry_seed_cost"":100.0,""dry_yield_units"":0,""dry_first_day"":21,""plant_unwatered_days"":392,""decay_units"":18,""plants_decayed"":18,""silent_loss_coins"":100.0,""silent_loss_units"":18,""dead_actions"":55,""move_dead"":0,""locked_dead"":0,""pickup_dead"":0,""drop_dead"":0,""place_dead"":1,""build_dead"":0,""dig_dead"":4,""fertilize_dead"":1,""collect_dead"":8,""care_dead"":13,""tile_cap_units"":21,""fertilizer_forgone"":15,""care_unfed"":30,""animal_shed_days"":1,""idle_tile_days"":63,""weed_tile_days"":1,""hand_pass_turns"":347,""farmer_pass_turns"":60,""phantom_hand_actions"":0,""sell_floor_units"":0,""hire_premium"":3634,""shed_units_now"":0,""shed_value_now"":0.0,""animals_in_shed_now"":0,""seeds_unplanted_now"":1,""seeds_unplanted_cost_now"":10.0},{""sell_dead_units"":640,""refused_buy_product"":35,""refused_buy_seed"":12,""refused_buy_animal"":8,""refused_hire"":0,""refused_buy_land"":1,""hire_paid"":3897,""sell_zero_fill"":114,""buy_zero_fill"":24,""sell_revenue"":60303.0,""total_spend"":20298.0,""shed_discarded_units"":0,""sold_units"":731,""feed_no_wheat"":6,""feed_no_animal"":253,""feed_redundant"":0,""water_dead"":111,""harvest_dead"":169,""plant_dead"":4,""animals_escaped"":3,""escape_capital"":1300.0,""escape_yield_units"":0,""escape_first_day"":1,""animal_unfed_days"":16,""plants_dry"":0,""dry_seed_cost"":0.0,""dry_yield_units"":0,""dry_first_day"":-1,""plant_unwatered_days"":135,""decay_units"":0,""plants_decayed"":0,""silent_loss_coins"":1300.0,""silent_loss_units"":0,""dead_actions"":1983,""move_dead"":0,""locked_dead"":774,""pickup_dead"":16,""drop_dead"":0,""place_dead"":52,""build_dead"":0,""dig_dead"":18,""fertilize_dead"":38,""collect_dead"":266,""care_dead"":276,""tile_cap_units"":7,""fertilizer_forgone"":8,""care_unfed"":12,""animal_shed_days"":47,""idle_tile_days"":356,""weed_tile_days"":3,""hand_pass_turns"":361,""farmer_pass_turns"":59,""phantom_hand_actions"":0,""sell_floor_units"":0,""hire_premium"":3634,""shed_units_now"":0,""shed_value_now"":0.0,""animals_in_shed_now"":2,""seeds_unplanted_now"":81,""seeds_unplanted_cost_now"":2510.0}]}",{},
B1_herd_safe,B1_public_source,stress_no_trade,opening_funding_stress,2026092411,1,181892.0,43005.0,138887.0,W,kagsim,3.396964,0,0,0,0,0,0,0,0,3953396c19f258792c914b6921dae03f3624d8252ab08c1ca7609ce4c242438d,"[{""step"":0,""shops"":[]},{""step"":72,""shops"":[""SMOOTHIE_SHOP""]},{""step"":144,""shops"":[""SMOOTHIE_SHOP"",""PIZZA_SHOP""]},{""step"":216,""shops"":[""SMOOTHIE_SHOP"",""PIZZA_SHOP"",""BAKERY""]},{""step"":288,""shops"":[""SMOOTHIE_SHOP"",""PIZZA_SHOP"",""BAKERY"",""ICE_CREAM_SHOP""]},{""step"":360,""shops"":[""SMOOTHIE_SHOP"",""PIZZA_SHOP"",""BAKERY"",""ICE_CREAM_SHOP"",""ICE_CREAM_SHOP""]},{""step"":432,""shops"":[""SMOOTHIE_SHOP"",""PIZZA_SHOP"",""BAKERY"",""ICE_CREAM_SHOP"",""ICE_CREAM_SHOP"",""YARN_STORE""]},{""step"":504,""shops"":[""SMOOTHIE_SHOP"",""PIZZA_SHOP"",""BAKERY"",""ICE_CREAM_SHOP"",""ICE_CREAM_SHOP"",""YARN_STORE"",""FARMERS_MARKET""]},{""step"":576,""shops"":[""SMOOTHIE_SHOP"",""PIZZA_SHOP"",""BAKERY"",""ICE_CREAM_SHOP"",""ICE_CREAM_SHOP"",""YARN_STORE"",""FARMERS_MARKET"",""FARMERS_MARKET""]}]",experiments/round10_public_learning_20260924/evaluations/opening_funding_stress/replays/B1_herd_safe/stress_no_trade/seed_2026092411_seat_1.json.gz,13c11c96dc84b90e047bc7de28b318281b3bc276d26fb4dc29010fe3c42fbc8d,b6553c296c556aff5b5e2d12b75618e505fa4d852afb5338414ac6d6e039cb02,41fcc9a53da64be53e092ba541d01ce0a3d26ac59aa779fec35836dedc66bd4b,0fe077cc65622d6f6828160d90b617595a4aa7ea188e4afc67bfee8e4d290c92,"{""players"":[{""sell_dead_units"":640,""refused_buy_product"":35,""refused_buy_seed"":12,""refused_buy_animal"":8,""refused_hire"":0,""refused_buy_land"":1,""hire_paid"":3897,""sell_zero_fill"":114,""buy_zero_fill"":24,""sell_revenue"":60303.0,""total_spend"":20298.0,""shed_discarded_units"":0,""sold_units"":731,""feed_no_wheat"":6,""feed_no_animal"":253,""feed_redundant"":0,""water_dead"":111,""harvest_dead"":170,""plant_dead"":4,""animals_escaped"":3,""escape_capital"":1300.0,""escape_yield_units"":0,""escape_first_day"":1,""animal_unfed_days"":16,""plants_dry"":0,""dry_seed_cost"":0.0,""dry_yield_units"":0,""dry_first_day"":-1,""plant_unwatered_days"":135,""decay_units"":0,""plants_decayed"":0,""silent_loss_coins"":1300.0,""silent_loss_units"":0,""dead_actions"":1984,""move_dead"":0,""locked_dead"":774,""pickup_dead"":16,""drop_dead"":0,""place_dead"":52,""build_dead"":0,""dig_dead"":18,""fertilize_dead"":38,""collect_dead"":266,""care_dead"":276,""tile_cap_units"":7,""fertilizer_forgone"":8,""care_unfed"":12,""animal_shed_days"":47,""idle_tile_days"":356,""weed_tile_days"":1,""hand_pass_turns"":361,""farmer_pass_turns"":59,""phantom_hand_actions"":0,""sell_floor_units"":0,""hire_premium"":3634,""shed_units_now"":0,""shed_value_now"":0.0,""animals_in_shed_now"":2,""seeds_unplanted_now"":81,""seeds_unplanted_cost_now"":2510.0},{""sell_dead_units"":195,""refused_buy_product"":1,""refused_buy_seed"":0,""refused_buy_animal"":0,""refused_hire"":0,""refused_buy_land"":0,""hire_paid"":3897,""sell_zero_fill"":36,""buy_zero_fill"":1,""sell_revenue"":207508.0,""total_spend"":28616.0,""shed_discarded_units"":0,""sold_units"":1543,""feed_no_wheat"":0,""feed_no_animal"":0,""feed_redundant"":0,""water_dead"":10,""harvest_dead"":18,""plant_dead"":0,""animals_escaped"":0,""escape_capital"":0.0,""escape_yield_units"":0,""escape_first_day"":-1,""animal_unfed_days"":34,""plants_dry"":1,""dry_seed_cost"":100.0,""dry_yield_units"":0,""dry_first_day"":21,""plant_unwatered_days"":392,""decay_units"":18,""plants_decayed"":18,""silent_loss_coins"":100.0,""silent_loss_units"":18,""dead_actions"":55,""move_dead"":0,""locked_dead"":0,""pickup_dead"":0,""drop_dead"":0,""place_dead"":1,""build_dead"":0,""dig_dead"":4,""fertilize_dead"":1,""collect_dead"":8,""care_dead"":13,""tile_cap_units"":21,""fertilizer_forgone"":15,""care_unfed"":30,""animal_shed_days"":1,""idle_tile_days"":63,""weed_tile_days"":3,""hand_pass_turns"":347,""farmer_pass_turns"":60,""phantom_hand_actions"":0,""sell_floor_units"":0,""hire_premium"":3634,""shed_units_now"":0,""shed_value_now"":0.0,""animals_in_shed_now"":0,""seeds_unplanted_now"":1,""seeds_unplanted_cost_now"":10.0}]}",{},
B1_herd_safe,B1_public_source,stress_no_trade,opening_funding_stress,2026092412,0,176580.0,36423.0,140157.0,W,kagsim,3.275174,0,0,0,0,0,0,0,0,31c5943ae1583141aa209bc6de1afc2ab471d737fe249ecaaa7a6b45265c2163,"[{""step"":0,""shops"":[]},{""step"":72,""shops"":[""SMOOTHIE_SHOP""]},{""step"":144,""shops"":[""SMOOTHIE_SHOP"",""FARMERS_MARKET""]},{""step"":216,""shops"":[""SMOOTHIE_SHOP"",""FARMERS_MARKET"",""PIZZA_SHOP""]},{""step"":288,""shops"":[""SMOOTHIE_SHOP"",""FARMERS_MARKET"",""PIZZA_SHOP"",""PIZZA_SHOP""]},{""step"":360,""shops"":[""SMOOTHIE_SHOP"",""FARMERS_MARKET"",""PIZZA_SHOP"",""PIZZA_SHOP"",""PET_CAFE""]},{""step"":432,""shops"":[""SMOOTHIE_SHOP"",""FARMERS_MARKET"",""PIZZA_SHOP"",""PIZZA_SHOP"",""PET_CAFE"",""ICE_CREAM_SHOP""]},{""step"":504,""shops"":[""SMOOTHIE_SHOP"",""FARMERS_MARKET"",""PIZZA_SHOP"",""PIZZA_SHOP"",""PET_CAFE"",""ICE_CREAM_SHOP"",""BRUNCH_SPOT""]},{""step"":576,""shops"":[""SMOOTHIE_SHOP"",""FARMERS_MARKET"",""PIZZA_SHOP"",""PIZZA_SHOP"",""PET_CAFE"",""ICE_CREAM_SHOP"",""BRUNCH_SPOT"",""PET_CAFE""]}]",experiments/round10_public_learning_20260924/evaluations/opening_funding_stress/replays/B1_herd_safe/stress_no_trade/seed_2026092412_seat_0.json.gz,ac3eb1ee43b18a692b258372f95bbf704525806494ac9ff607355b7f4838e4e3,b6553c296c556aff5b5e2d12b75618e505fa4d852afb5338414ac6d6e039cb02,41fcc9a53da64be53e092ba541d01ce0a3d26ac59aa779fec35836dedc66bd4b,0fe077cc65622d6f6828160d90b617595a4aa7ea188e4afc67bfee8e4d290c92,"{""players"":[{""sell_dead_units"":2217,""refused_buy_product"":1,""refused_buy_seed"":0,""refused_buy_animal"":0,""refused_hire"":0,""refused_buy_land"":0,""hire_paid"":7235,""sell_zero_fill"":43,""buy_zero_fill"":1,""sell_revenue"":210792.0,""total_spend"":37212.0,""shed_discarded_units"":0,""sold_units"":1575,""feed_no_wheat"":1,""feed_no_animal"":1,""feed_redundant"":0,""water_dead"":11,""harvest_dead"":20,""plant_dead"":0,""animals_escaped"":1,""escape_capital"":400.0,""escape_yield_units"":1,""escape_first_day"":26,""animal_unfed_days"":53,""plants_dry"":1,""dry_seed_cost"":100.0,""dry_yield_units"":0,""dry_first_day"":21,""plant_unwatered_days"":422,""decay_units"":18,""plants_decayed"":18,""silent_loss_coins"":500.0,""silent_loss_units"":19,""dead_actions"":62,""move_dead"":0,""locked_dead"":0,""pickup_dead"":0,""drop_dead"":0,""place_dead"":2,""build_dead"":0,""dig_dead"":4,""fertilize_dead"":1,""collect_dead"":8,""care_dead"":14,""tile_cap_units"":25,""fertilizer_forgone"":13,""care_unfed"":49,""animal_shed_days"":1,""idle_tile_days"":229,""weed_tile_days"":1,""hand_pass_turns"":467,""farmer_pass_turns"":63,""phantom_hand_actions"":0,""sell_floor_units"":31,""hire_premium"":6954,""shed_units_now"":0,""shed_value_now"":0.0,""animals_in_shed_now"":0,""seeds_unplanted_now"":4,""seeds_unplanted_cost_now"":40.0},{""sell_dead_units"":1688,""refused_buy_product"":36,""refused_buy_seed"":11,""refused_buy_animal"":9,""refused_hire"":7,""refused_buy_land"":1,""hire_paid"":3756,""sell_zero_fill"":125,""buy_zero_fill"":26,""sell_revenue"":53131.0,""total_spend"":19708.0,""shed_discarded_units"":0,""sold_units"":684,""feed_no_wheat"":5,""feed_no_animal"":267,""feed_redundant"":0,""water_dead"":112,""harvest_dead"":176,""plant_dead"":5,""animals_escaped"":3,""escape_capital"":1300.0,""escape_yield_units"":0,""escape_first_day"":1,""animal_unfed_days"":17,""plants_dry"":0,""dry_seed_cost"":0.0,""dry_yield_units"":0,""dry_first_day"":-1,""plant_unwatered_days"":147,""decay_units"":5,""plants_decayed"":0,""silent_loss_coins"":1300.0,""silent_loss_units"":5,""dead_actions"":2003,""move_dead"":0,""locked_dead"":738,""pickup_dead"":16,""drop_dead"":0,""place_dead"":50,""build_dead"":0,""dig_dead"":18,""fertilize_dead"":39,""collect_dead"":283,""care_dead"":294,""tile_cap_units"":9,""fertilizer_forgone"":8,""care_unfed"":12,""animal_shed_days"":46,""idle_tile_days"":376,""weed_tile_days"":2,""hand_pass_turns"":345,""farmer_pass_turns"":59,""phantom_hand_actions"":0,""sell_floor_units"":6,""hire_premium"":3500,""shed_units_now"":0,""shed_value_now"":0.0,""animals_in_shed_now"":2,""seeds_unplanted_now"":85,""seeds_unplanted_cost_now"":2550.0}]}",{},
B1_herd_safe,B1_public_source,stress_no_trade,opening_funding_stress,2026092412,1,176580.0,36423.0,140157.0,W,kagsim,3.406862,0,0,0,0,0,0,0,0,31c5943ae1583141aa209bc6de1afc2ab471d737fe249ecaaa7a6b45265c2163,"[{""step"":0,""shops"":[]},{""step"":72,""shops"":[""SMOOTHIE_SHOP""]},{""step"":144,""shops"":[""SMOOTHIE_SHOP"",""FARMERS_MARKET""]},{""step"":216,""shops"":[""SMOOTHIE_SHOP"",""FARMERS_MARKET"",""PIZZA_SHOP""]},{""step"":288,""shops"":[""SMOOTHIE_SHOP"",""FARMERS_MARKET"",""PIZZA_SHOP"",""PIZZA_SHOP""]},{""step"":360,""shops"":[""SMOOTHIE_SHOP"",""FARMERS_MARKET"",""PIZZA_SHOP"",""PIZZA_SHOP"",""PET_CAFE""]},{""step"":432,""shops"":[""SMOOTHIE_SHOP"",""FARMERS_MARKET"",""PIZZA_SHOP"",""PIZZA_SHOP"",""PET_CAFE"",""ICE_CREAM_SHOP""]},{""step"":504,""shops"":[""SMOOTHIE_SHOP"",""FARMERS_MARKET"",""PIZZA_SHOP"",""PIZZA_SHOP"",""PET_CAFE"",""ICE_CREAM_SHOP"",""BRUNCH_SPOT""]},{""step"":576,""shops"":[""SMOOTHIE_SHOP"",""FARMERS_MARKET"",""PIZZA_SHOP"",""PIZZA_SHOP"",""PET_CAFE"",""ICE_CREAM_SHOP"",""BRUNCH_SPOT"",""PET_CAFE""]}]",experiments/round10_public_learning_20260924/evaluations/opening_funding_stress/replays/B1_herd_safe/stress_no_trade/seed_2026092412_seat_1.json.gz,be9eeab93636594fa6e46500a1a5082351f32e9f3a992cccb55c77e3244b5aa1,b6553c296c556aff5b5e2d12b75618e505fa4d852afb5338414ac6d6e039cb02,41fcc9a53da64be53e092ba541d01ce0a3d26ac59aa779fec35836dedc66bd4b,0fe077cc65622d6f6828160d90b617595a4aa7ea188e4afc67bfee8e4d290c92,"{""players"":[{""sell_dead_units"":1688,""refused_buy_product"":36,""refused_buy_seed"":11,""refused_buy_animal"":9,""refused_hire"":7,""refused_buy_land"":1,""hire_paid"":3756,""sell_zero_fill"":125,""buy_zero_fill"":26,""sell_revenue"":53131.0,""total_spend"":19708.0,""shed_discarded_units"":0,""sold_units"":684,""feed_no_wheat"":5,""feed_no_animal"":267,""feed_redundant"":0,""water_dead"":112,""harvest_dead"":176,""plant_dead"":5,""animals_escaped"":3,""escape_capital"":1300.0,""escape_yield_units"":0,""escape_first_day"":1,""animal_unfed_days"":17,""plants_dry"":0,""dry_seed_cost"":0.0,""dry_yield_units"":0,""dry_first_day"":-1,""plant_unwatered_days"":147,""decay_units"":5,""plants_decayed"":0,""silent_loss_coins"":1300.0,""silent_loss_units"":5,""dead_actions"":2003,""move_dead"":0,""locked_dead"":738,""pickup_dead"":16,""drop_dead"":0,""place_dead"":50,""build_dead"":0,""dig_dead"":18,""fertilize_dead"":39,""collect_dead"":283,""care_dead"":294,""tile_cap_units"":9,""fertilizer_forgone"":8,""care_unfed"":12,""animal_shed_days"":46,""idle_tile_days"":376,""weed_tile_days"":2,""hand_pass_turns"":345,""farmer_pass_turns"":59,""phantom_hand_actions"":0,""sell_floor_units"":6,""hire_premium"":3500,""shed_units_now"":0,""shed_value_now"":0.0,""animals_in_shed_now"":2,""seeds_unplanted_now"":85,""seeds_unplanted_cost_now"":2550.0},{""sell_dead_units"":2217,""refused_buy_product"":1,""refused_buy_seed"":0,""refused_buy_animal"":0,""refused_hire"":0,""refused_buy_land"":0,""hire_paid"":7235,""sell_zero_fill"":43,""buy_zero_fill"":1,""sell_revenue"":210792.0,""total_spend"":37212.0,""shed_discarded_units"":0,""sold_units"":1575,""feed_no_wheat"":1,""feed_no_animal"":1,""feed_redundant"":0,""water_dead"":11,""harvest_dead"":20,""plant_dead"":0,""animals_escaped"":1,""escape_capital"":400.0,""escape_yield_units"":1,""escape_first_day"":26,""animal_unfed_days"":53,""plants_dry"":1,""dry_seed_cost"":100.0,""dry_yield_units"":0,""dry_first_day"":21,""plant_unwatered_days"":422,""decay_units"":18,""plants_decayed"":18,""silent_loss_coins"":500.0,""silent_loss_units"":19,""dead_actions"":62,""move_dead"":0,""locked_dead"":0,""pickup_dead"":0,""drop_dead"":0,""place_dead"":2,""build_dead"":0,""dig_dead"":4,""fertilize_dead"":1,""collect_dead"":8,""care_dead"":14,""tile_cap_units"":25,""fertilizer_forgone"":13,""care_unfed"":49,""animal_shed_days"":1,""idle_tile_days"":229,""weed_tile_days"":1,""hand_pass_turns"":467,""farmer_pass_turns"":63,""phantom_hand_actions"":0,""sell_floor_units"":31,""hire_premium"":6954,""shed_units_now"":0,""shed_value_now"":0.0,""animals_in_shed_now"":0,""seeds_unplanted_now"":4,""seeds_unplanted_cost_now"":40.0}]}",{},
B1_herd_safe,B1_public_source,stress_sell5_buy10,opening_funding_stress,2026092411,0,66091.0,64349.0,1742.0,W,kagsim,4.071932,0,0,0,0,0,0,0,0,9d679a04893492b7c7075b77be82ae4c9fb9befdbad48e27e7b2959d7765cbf9,"[{""step"":0,""shops"":[]},{""step"":72,""shops"":[""PIZZA_SHOP""]},{""step"":144,""shops"":[""PIZZA_SHOP"",""BAKERY""]},{""step"":216,""shops"":[""PIZZA_SHOP"",""BAKERY"",""BRUNCH_SPOT""]},{""step"":288,""shops"":[""PIZZA_SHOP"",""BAKERY"",""BRUNCH_SPOT"",""BAKERY""]},{""step"":360,""shops"":[""PIZZA_SHOP"",""BAKERY"",""BRUNCH_SPOT"",""BAKERY"",""SMOOTHIE_SHOP""]},{""step"":432,""shops"":[""PIZZA_SHOP"",""BAKERY"",""BRUNCH_SPOT"",""BAKERY"",""SMOOTHIE_SHOP"",""BRUNCH_SPOT""]},{""step"":504,""shops"":[""PIZZA_SHOP"",""BAKERY"",""BRUNCH_SPOT"",""BAKERY"",""SMOOTHIE_SHOP"",""BRUNCH_SPOT"",""PIZZA_SHOP""]},{""step"":576,""shops"":[""PIZZA_SHOP"",""BAKERY"",""BRUNCH_SPOT"",""BAKERY"",""SMOOTHIE_SHOP"",""BRUNCH_SPOT"",""PIZZA_SHOP"",""BAKERY""]}]",experiments/round10_public_learning_20260924/evaluations/opening_funding_stress/replays/B1_herd_safe/stress_sell5_buy10/seed_2026092411_seat_0.json.gz,39163b567c78a45dbc8c83657756821b7e1b36b418a1c6d20a8be6bf980fab4a,b6553c296c556aff5b5e2d12b75618e505fa4d852afb5338414ac6d6e039cb02,d3161d1e63eb6fcec46132d446b85ba26650973622420d90464f1bf5ab58d652,0fe077cc65622d6f6828160d90b617595a4aa7ea188e4afc67bfee8e4d290c92,"{""players"":[{""sell_dead_units"":229,""refused_buy_product"":1,""refused_buy_seed"":0,""refused_buy_animal"":0,""refused_hire"":0,""refused_buy_land"":0,""hire_paid"":4397,""sell_zero_fill"":36,""buy_zero_fill"":1,""sell_revenue"":91810.0,""total_spend"":28719.0,""shed_discarded_units"":1,""sold_units"":1605,""feed_no_wheat"":0,""feed_no_animal"":0,""feed_redundant"":0,""water_dead"":10,""harvest_dead"":3,""plant_dead"":0,""animals_escaped"":0,""escape_capital"":0.0,""escape_yield_units"":0,""escape_first_day"":-1,""animal_unfed_days"":96,""plants_dry"":1,""dry_seed_cost"":100.0,""dry_yield_units"":0,""dry_first_day"":21,""plant_unwatered_days"":390,""decay_units"":18,""plants_decayed"":18,""silent_loss_coins"":100.0,""silent_loss_units"":19,""dead_actions"":41,""move_dead"":0,""locked_dead"":0,""pickup_dead"":0,""drop_dead"":0,""place_dead"":1,""build_dead"":0,""dig_dead"":4,""fertilize_dead"":2,""collect_dead"":8,""care_dead"":13,""tile_cap_units"":22,""fertilizer_forgone"":18,""care_unfed"":92,""animal_shed_days"":1,""idle_tile_days"":63,""weed_tile_days"":1,""hand_pass_turns"":411,""farmer_pass_turns"":69,""phantom_hand_actions"":0,""sell_floor_units"":132,""hire_premium"":4129,""shed_units_now"":0,""shed_value_now"":0.0,""animals_in_shed_now"":0,""seeds_unplanted_now"":1,""seeds_unplanted_cost_now"":10.0},{""sell_dead_units"":235,""refused_buy_product"":0,""refused_buy_seed"":2,""refused_buy_animal"":0,""refused_hire"":0,""refused_buy_land"":0,""hire_paid"":4397,""sell_zero_fill"":34,""buy_zero_fill"":1,""sell_revenue"":89882.0,""total_spend"":28533.0,""shed_discarded_units"":1,""sold_units"":1589,""feed_no_wheat"":0,""feed_no_animal"":0,""feed_redundant"":0,""water_dead"":32,""harvest_dead"":6,""plant_dead"":3,""animals_escaped"":0,""escape_capital"":0.0,""escape_yield_units"":0,""escape_first_day"":-1,""animal_unfed_days"":96,""plants_dry"":1,""dry_seed_cost"":100.0,""dry_yield_units"":0,""dry_first_day"":21,""plant_unwatered_days"":386,""decay_units"":18,""plants_decayed"":18,""silent_loss_coins"":100.0,""silent_loss_units"":19,""dead_actions"":70,""move_dead"":0,""locked_dead"":0,""pickup_dead"":0,""drop_dead"":0,""place_dead"":2,""build_dead"":0,""dig_dead"":4,""fertilize_dead"":2,""collect_dead"":8,""care_dead"":13,""tile_cap_units"":22,""fertilizer_forgone"":18,""care_unfed"":92,""animal_shed_days"":1,""idle_tile_days"":86,""weed_tile_days"":3,""hand_pass_turns"":411,""farmer_pass_turns"":69,""phantom_hand_actions"":0,""sell_floor_units"":137,""hire_premium"":4129,""shed_units_now"":0,""shed_value_now"":0.0,""animals_in_shed_now"":0,""seeds_unplanted_now"":0,""seeds_unplanted_cost_now"":0.0}]}",{},
B1_herd_safe,B1_public_source,stress_sell5_buy10,opening_funding_stress,2026092411,1,66091.0,64349.0,1742.0,W,kagsim,4.107058,0,0,0,0,0,0,0,0,9d679a04893492b7c7075b77be82ae4c9fb9befdbad48e27e7b2959d7765cbf9,"[{""step"":0,""shops"":[]},{""step"":72,""shops"":[""PIZZA_SHOP""]},{""step"":144,""shops"":[""PIZZA_SHOP"",""BAKERY""]},{""step"":216,""shops"":[""PIZZA_SHOP"",""BAKERY"",""BRUNCH_SPOT""]},{""step"":288,""shops"":[""PIZZA_SHOP"",""BAKERY"",""BRUNCH_SPOT"",""BAKERY""]},{""step"":360,""shops"":[""PIZZA_SHOP"",""BAKERY"",""BRUNCH_SPOT"",""BAKERY"",""SMOOTHIE_SHOP""]},{""step"":432,""shops"":[""PIZZA_SHOP"",""BAKERY"",""BRUNCH_SPOT"",""BAKERY"",""SMOOTHIE_SHOP"",""BRUNCH_SPOT""]},{""step"":504,""shops"":[""PIZZA_SHOP"",""BAKERY"",""BRUNCH_SPOT"",""BAKERY"",""SMOOTHIE_SHOP"",""BRUNCH_SPOT"",""PIZZA_SHOP""]},{""step"":576,""shops"":[""PIZZA_SHOP"",""BAKERY"",""BRUNCH_SPOT"",""BAKERY"",""SMOOTHIE_SHOP"",""BRUNCH_SPOT"",""PIZZA_SHOP"",""BAKERY""]}]",experiments/round10_public_learning_20260924/evaluations/opening_funding_stress/replays/B1_herd_safe/stress_sell5_buy10/seed_2026092411_seat_1.json.gz,46da5e8a654bce256181a7874cbc5c8f302f1debffdbf61120df4cfdb50de4cc,b6553c296c556aff5b5e2d12b75618e505fa4d852afb5338414ac6d6e039cb02,d3161d1e63eb6fcec46132d446b85ba26650973622420d90464f1bf5ab58d652,0fe077cc65622d6f6828160d90b617595a4aa7ea188e4afc67bfee8e4d290c92,"{""players"":[{""sell_dead_units"":235,""refused_buy_product"":0,""refused_buy_seed"":2,""refused_buy_animal"":0,""refused_hire"":0,""refused_buy_land"":0,""hire_paid"":4397,""sell_zero_fill"":34,""buy_zero_fill"":1,""sell_revenue"":89882.0,""total_spend"":28533.0,""shed_discarded_units"":1,""sold_units"":1589,""feed_no_wheat"":0,""feed_no_animal"":0,""feed_redundant"":0,""water_dead"":32,""harvest_dead"":6,""plant_dead"":3,""animals_escaped"":0,""escape_capital"":0.0,""escape_yield_units"":0,""escape_first_day"":-1,""animal_unfed_days"":96,""plants_dry"":1,""dry_seed_cost"":100.0,""dry_yield_units"":0,""dry_first_day"":21,""plant_unwatered_days"":386,""decay_units"":18,""plants_decayed"":18,""silent_loss_coins"":100.0,""silent_loss_units"":19,""dead_actions"":70,""move_dead"":0,""locked_dead"":0,""pickup_dead"":0,""drop_dead"":0,""place_dead"":2,""build_dead"":0,""dig_dead"":4,""fertilize_dead"":2,""collect_dead"":8,""care_dead"":13,""tile_cap_units"":22,""fertilizer_forgone"":18,""care_unfed"":92,""animal_shed_days"":1,""idle_tile_days"":86,""weed_tile_days"":1,""hand_pass_turns"":411,""farmer_pass_turns"":69,""phantom_hand_actions"":0,""sell_floor_units"":137,""hire_premium"":4129,""shed_units_now"":0,""shed_value_now"":0.0,""animals_in_shed_now"":0,""seeds_unplanted_now"":0,""seeds_unplanted_cost_now"":0.0},{""sell_dead_units"":229,""refused_buy_product"":1,""refused_buy_seed"":0,""refused_buy_animal"":0,""refused_hire"":0,""refused_buy_land"":0,""hire_paid"":4397,""sell_zero_fill"":36,""buy_zero_fill"":1,""sell_revenue"":91810.0,""total_spend"":28719.0,""shed_discarded_units"":1,""sold_units"":1605,""feed_no_wheat"":0,""feed_no_animal"":0,""feed_redundant"":0,""water_dead"":10,""harvest_dead"":3,""plant_dead"":0,""animals_escaped"":0,""escape_capital"":0.0,""escape_yield_units"":0,""escape_first_day"":-1,""animal_unfed_days"":96,""plants_dry"":1,""dry_seed_cost"":100.0,""dry_yield_units"":0,""dry_first_day"":21,""plant_unwatered_days"":390,""decay_units"":18,""plants_decayed"":18,""silent_loss_coins"":100.0,""silent_loss_units"":19,""dead_actions"":41,""move_dead"":0,""locked_dead"":0,""pickup_dead"":0,""drop_dead"":0,""place_dead"":1,""build_dead"":0,""dig_dead"":4,""fertilize_dead"":2,""collect_dead"":8,""care_dead"":13,""tile_cap_units"":22,""fertilizer_forgone"":18,""care_unfed"":92,""animal_shed_days"":1,""idle_tile_days"":63,""weed_tile_days"":3,""hand_pass_turns"":411,""farmer_pass_turns"":69,""phantom_hand_actions"":0,""sell_floor_units"":132,""hire_premium"":4129,""shed_units_now"":0,""shed_value_now"":0.0,""animals_in_shed_now"":0,""seeds_unplanted_now"":1,""seeds_unplanted_cost_now"":10.0}]}",{},
B1_herd_safe,B1_public_source,stress_sell5_buy10,opening_funding_stress,2026092412,0,103662.0,101861.0,1801.0,W,kagsim,4.374999,0,0,0,0,0,0,0,0,86e8fe9d6e8829b8541bbd38a980316cd653771557027a69ca4959ed81871b92,"[{""step"":0,""shops"":[]},{""step"":72,""shops"":[""YARN_STORE""]},{""step"":144,""shops"":[""YARN_STORE"",""BAKERY""]},{""step"":216,""shops"":[""YARN_STORE"",""BAKERY"",""SMOOTHIE_SHOP""]},{""step"":288,""shops"":[""YARN_STORE"",""BAKERY"",""SMOOTHIE_SHOP"",""BRUNCH_SPOT""]},{""step"":360,""shops"":[""YARN_STORE"",""BAKERY"",""SMOOTHIE_SHOP"",""BRUNCH_SPOT"",""YARN_STORE""]},{""step"":432,""shops"":[""YARN_STORE"",""BAKERY"",""SMOOTHIE_SHOP"",""BRUNCH_SPOT"",""YARN_STORE"",""PET_CAFE""]},{""step"":504,""shops"":[""YARN_STORE"",""BAKERY"",""SMOOTHIE_SHOP"",""BRUNCH_SPOT"",""YARN_STORE"",""PET_CAFE"",""SMOOTHIE_SHOP""]},{""step"":576,""shops"":[""YARN_STORE"",""BAKERY"",""SMOOTHIE_SHOP"",""BRUNCH_SPOT"",""YARN_STORE"",""PET_CAFE"",""SMOOTHIE_SHOP"",""PET_CAFE""]}]",experiments/round10_public_learning_20260924/evaluations/opening_funding_stress/replays/B1_herd_safe/stress_sell5_buy10/seed_2026092412_seat_0.json.gz,b12c882259be45424ecb30b74f2f0422076228adfa19ffc8f756a7a3a40d528d,b6553c296c556aff5b5e2d12b75618e505fa4d852afb5338414ac6d6e039cb02,d3161d1e63eb6fcec46132d446b85ba26650973622420d90464f1bf5ab58d652,0fe077cc65622d6f6828160d90b617595a4aa7ea188e4afc67bfee8e4d290c92,"{""players"":[{""sell_dead_units"":2202,""refused_buy_product"":1,""refused_buy_seed"":0,""refused_buy_animal"":0,""refused_hire"":0,""refused_buy_land"":0,""hire_paid"":5659,""sell_zero_fill"":26,""buy_zero_fill"":1,""sell_revenue"":129974.0,""total_spend"":29312.0,""shed_discarded_units"":19,""sold_units"":1562,""feed_no_wheat"":0,""feed_no_animal"":0,""feed_redundant"":0,""water_dead"":1,""harvest_dead"":4,""plant_dead"":0,""animals_escaped"":0,""escape_capital"":0.0,""escape_yield_units"":0,""escape_first_day"":-1,""animal_unfed_days"":47,""plants_dry"":1,""dry_seed_cost"":100.0,""dry_yield_units"":0,""dry_first_day"":21,""plant_unwatered_days"":385,""decay_units"":18,""plants_decayed"":18,""silent_loss_coins"":100.0,""silent_loss_units"":37,""dead_actions"":17,""move_dead"":0,""locked_dead"":0,""pickup_dead"":0,""drop_dead"":0,""place_dead"":1,""build_dead"":0,""dig_dead"":2,""fertilize_dead"":0,""collect_dead"":4,""care_dead"":5,""tile_cap_units"":11,""fertilizer_forgone"":14,""care_unfed"":42,""animal_shed_days"":0,""idle_tile_days"":62,""weed_tile_days"":1,""hand_pass_turns"":602,""farmer_pass_turns"":80,""phantom_hand_actions"":0,""sell_floor_units"":104,""hire_premium"":5377,""shed_units_now"":0,""shed_value_now"":0.0,""animals_in_shed_now"":0,""seeds_unplanted_now"":4,""seeds_unplanted_cost_now"":40.0},{""sell_dead_units"":2240,""refused_buy_product"":0,""refused_buy_seed"":2,""refused_buy_animal"":0,""refused_hire"":0,""refused_buy_land"":0,""hire_paid"":5659,""sell_zero_fill"":28,""buy_zero_fill"":1,""sell_revenue"":128098.0,""total_spend"":29237.0,""shed_discarded_units"":19,""sold_units"":1546,""feed_no_wheat"":0,""feed_no_animal"":0,""feed_redundant"":0,""water_dead"":23,""harvest_dead"":9,""plant_dead"":3,""animals_escaped"":0,""escape_capital"":0.0,""escape_yield_units"":0,""escape_first_day"":-1,""animal_unfed_days"":47,""plants_dry"":1,""dry_seed_cost"":100.0,""dry_yield_units"":0,""dry_first_day"":21,""plant_unwatered_days"":381,""decay_units"":18,""plants_decayed"":18,""silent_loss_coins"":100.0,""silent_loss_units"":37,""dead_actions"":49,""move_dead"":0,""locked_dead"":0,""pickup_dead"":0,""drop_dead"":0,""place_dead"":3,""build_dead"":0,""dig_dead"":2,""fertilize_dead"":0,""collect_dead"":4,""care_dead"":5,""tile_cap_units"":11,""fertilizer_forgone"":14,""care_unfed"":42,""animal_shed_days"":0,""idle_tile_days"":85,""weed_tile_days"":1,""hand_pass_turns"":601,""farmer_pass_turns"":80,""phantom_hand_actions"":0,""sell_floor_units"":98,""hire_premium"":5377,""shed_units_now"":0,""shed_value_now"":0.0,""animals_in_shed_now"":0,""seeds_unplanted_now"":4,""seeds_unplanted_cost_now"":40.0}]}",{},
B1_herd_safe,B1_public_source,stress_sell5_buy10,opening_funding_stress,2026092412,1,103662.0,101861.0,1801.0,W,kagsim,4.223148,0,0,0,0,0,0,0,0,86e8fe9d6e8829b8541bbd38a980316cd653771557027a69ca4959ed81871b92,"[{""step"":0,""shops"":[]},{""step"":72,""shops"":[""YARN_STORE""]},{""step"":144,""shops"":[""YARN_STORE"",""BAKERY""]},{""step"":216,""shops"":[""YARN_STORE"",""BAKERY"",""SMOOTHIE_SHOP""]},{""step"":288,""shops"":[""YARN_STORE"",""BAKERY"",""SMOOTHIE_SHOP"",""BRUNCH_SPOT""]},{""step"":360,""shops"":[""YARN_STORE"",""BAKERY"",""SMOOTHIE_SHOP"",""BRUNCH_SPOT"",""YARN_STORE""]},{""step"":432,""shops"":[""YARN_STORE"",""BAKERY"",""SMOOTHIE_SHOP"",""BRUNCH_SPOT"",""YARN_STORE"",""PET_CAFE""]},{""step"":504,""shops"":[""YARN_STORE"",""BAKERY"",""SMOOTHIE_SHOP"",""BRUNCH_SPOT"",""YARN_STORE"",""PET_CAFE"",""SMOOTHIE_SHOP""]},{""step"":576,""shops"":[""YARN_STORE"",""BAKERY"",""SMOOTHIE_SHOP"",""BRUNCH_SPOT"",""YARN_STORE"",""PET_CAFE"",""SMOOTHIE_SHOP"",""PET_CAFE""]}]",experiments/round10_public_learning_20260924/evaluations/opening_funding_stress/replays/B1_herd_safe/stress_sell5_buy10/seed_2026092412_seat_1.json.gz,5cee69276f7e1d5d3c454059799509669e7c596d6e182d59ec8d9940a291861d,b6553c296c556aff5b5e2d12b75618e505fa4d852afb5338414ac6d6e039cb02,d3161d1e63eb6fcec46132d446b85ba26650973622420d90464f1bf5ab58d652,0fe077cc65622d6f6828160d90b617595a4aa7ea188e4afc67bfee8e4d290c92,"{""players"":[{""sell_dead_units"":2240,""refused_buy_product"":0,""refused_buy_seed"":2,""refused_buy_animal"":0,""refused_hire"":0,""refused_buy_land"":0,""hire_paid"":5659,""sell_zero_fill"":28,""buy_zero_fill"":1,""sell_revenue"":128098.0,""total_spend"":29237.0,""shed_discarded_units"":19,""sold_units"":1546,""feed_no_wheat"":0,""feed_no_animal"":0,""feed_redundant"":0,""water_dead"":23,""harvest_dead"":9,""plant_dead"":3,""animals_escaped"":0,""escape_capital"":0.0,""escape_yield_units"":0,""escape_first_day"":-1,""animal_unfed_days"":47,""plants_dry"":1,""dry_seed_cost"":100.0,""dry_yield_units"":0,""dry_first_day"":21,""plant_unwatered_days"":381,""decay_units"":18,""plants_decayed"":18,""silent_loss_coins"":100.0,""silent_loss_units"":37,""dead_actions"":49,""move_dead"":0,""locked_dead"":0,""pickup_dead"":0,""drop_dead"":0,""place_dead"":3,""build_dead"":0,""dig_dead"":2,""fertilize_dead"":0,""collect_dead"":4,""care_dead"":5,""tile_cap_units"":11,""fertilizer_forgone"":14,""care_unfed"":42,""animal_shed_days"":0,""idle_tile_days"":85,""weed_tile_days"":1,""hand_pass_turns"":601,""farmer_pass_turns"":80,""phantom_hand_actions"":0,""sell_floor_units"":98,""hire_premium"":5377,""shed_units_now"":0,""shed_value_now"":0.0,""animals_in_shed_now"":0,""seeds_unplanted_now"":4,""seeds_unplanted_cost_now"":40.0},{""sell_dead_units"":2202,""refused_buy_product"":1,""refused_buy_seed"":0,""refused_buy_animal"":0,""refused_hire"":0,""refused_buy_land"":0,""hire_paid"":5659,""sell_zero_fill"":26,""buy_zero_fill"":1,""sell_revenue"":129974.0,""total_spend"":29312.0,""shed_discarded_units"":19,""sold_units"":1562,""feed_no_wheat"":0,""feed_no_animal"":0,""feed_redundant"":0,""water_dead"":1,""harvest_dead"":4,""plant_dead"":0,""animals_escaped"":0,""escape_capital"":0.0,""escape_yield_units"":0,""escape_first_day"":-1,""animal_unfed_days"":47,""plants_dry"":1,""dry_seed_cost"":100.0,""dry_yield_units"":0,""dry_first_day"":21,""plant_unwatered_days"":385,""decay_units"":18,""plants_decayed"":18,""silent_loss_coins"":100.0,""silent_loss_units"":37,""dead_actions"":17,""move_dead"":0,""locked_dead"":0,""pickup_dead"":0,""drop_dead"":0,""place_dead"":1,""build_dead"":0,""dig_dead"":2,""fertilize_dead"":0,""collect_dead"":4,""care_dead"":5,""tile_cap_units"":11,""fertilizer_forgone"":14,""care_unfed"":42,""animal_shed_days"":0,""idle_tile_days"":62,""weed_tile_days"":1,""hand_pass_turns"":602,""farmer_pass_turns"":80,""phantom_hand_actions"":0,""sell_floor_units"":104,""hire_premium"":5377,""shed_units_now"":0,""shed_value_now"":0.0,""animals_in_shed_now"":0,""seeds_unplanted_now"":4,""seeds_unplanted_cost_now"":40.0}]}",{},
