arm,baseline_id,opponent_id,opponent_family,seed,seat,self_final_cash,opp_final_cash,margin,result,engine,elapsed_seconds,model_loaded,model_calls,model_selected_tasks,model_changed_final_actions,rule_overrides,planned_retirements,unplanned_losses,contract_failures,shop_sequence_hash,shop_events_json,replay,replay_sha256,agent_sha256,opponent_sha256,engine_sha256,telemetry_json,diagnostics_json,error
B0_v124,B0_v124_source,mooman_e052a,mooman,2026092407,0,63203.0,57408.0,5795.0,W,kagsim,32.692001,0,0,0,0,0,0,0,0,83a1e1def3a4d86f1eea73bb44de5b1b387dd44f243a722fb9709a1779a24134,"[{""step"":0,""shops"":[]},{""step"":72,""shops"":[""BAKERY""]},{""step"":144,""shops"":[""BAKERY"",""BRUNCH_SPOT""]},{""step"":216,""shops"":[""BAKERY"",""BRUNCH_SPOT"",""BRUNCH_SPOT""]},{""step"":288,""shops"":[""BAKERY"",""BRUNCH_SPOT"",""BRUNCH_SPOT"",""BAKERY""]},{""step"":360,""shops"":[""BAKERY"",""BRUNCH_SPOT"",""BRUNCH_SPOT"",""BAKERY"",""PIZZA_SHOP""]},{""step"":432,""shops"":[""BAKERY"",""BRUNCH_SPOT"",""BRUNCH_SPOT"",""BAKERY"",""PIZZA_SHOP"",""PET_CAFE""]},{""step"":504,""shops"":[""BAKERY"",""BRUNCH_SPOT"",""BRUNCH_SPOT"",""BAKERY"",""PIZZA_SHOP"",""PET_CAFE"",""YARN_STORE""]},{""step"":576,""shops"":[""BAKERY"",""BRUNCH_SPOT"",""BRUNCH_SPOT"",""BAKERY"",""PIZZA_SHOP"",""PET_CAFE"",""YARN_STORE"",""BAKERY""]}]",experiments/round10_public_learning_20260924/evaluations/b1_regression/replays/B0_v124/mooman_e052a/seed_2026092407_seat_0.json.gz,e69d5461ea1c8388ac94934c26542c46e6de504e30adf1edce4774814e10efc6,0f0c95d52e82840488078a2feecf9ca4d3c59e9337d3273bf7c64ca572c0e51f,a5fb09be01ac6558e84c1e4c8e91c3848f6a8f7aaf4c603f0426f07179cee362,0fe077cc65622d6f6828160d90b617595a4aa7ea188e4afc67bfee8e4d290c92,"{""players"":[{""sell_dead_units"":1036,""refused_buy_product"":0,""refused_buy_seed"":0,""refused_buy_animal"":0,""refused_hire"":0,""refused_buy_land"":0,""hire_paid"":3986,""sell_zero_fill"":0,""buy_zero_fill"":0,""sell_revenue"":98245.0,""total_spend"":38042.0,""shed_discarded_units"":0,""sold_units"":1820,""feed_no_wheat"":0,""feed_no_animal"":0,""feed_redundant"":0,""water_dead"":13,""harvest_dead"":6,""plant_dead"":0,""animals_escaped"":0,""escape_capital"":0.0,""escape_yield_units"":0,""escape_first_day"":-1,""animal_unfed_days"":63,""plants_dry"":2,""dry_seed_cost"":110.0,""dry_yield_units"":1,""dry_first_day"":15,""plant_unwatered_days"":384,""decay_units"":18,""plants_decayed"":18,""silent_loss_coins"":110.0,""silent_loss_units"":19,""dead_actions"":43,""move_dead"":0,""locked_dead"":0,""pickup_dead"":0,""drop_dead"":0,""place_dead"":0,""build_dead"":0,""dig_dead"":1,""fertilize_dead"":0,""collect_dead"":3,""care_dead"":20,""tile_cap_units"":29,""fertilizer_forgone"":13,""care_unfed"":59,""animal_shed_days"":1,""idle_tile_days"":64,""weed_tile_days"":2,""hand_pass_turns"":379,""farmer_pass_turns"":63,""phantom_hand_actions"":0,""sell_floor_units"":232,""hire_premium"":3722,""shed_units_now"":0,""shed_value_now"":0.0,""animals_in_shed_now"":0,""seeds_unplanted_now"":0,""seeds_unplanted_cost_now"":0.0},{""sell_dead_units"":25,""refused_buy_product"":18,""refused_buy_seed"":0,""refused_buy_animal"":0,""refused_hire"":0,""refused_buy_land"":0,""hire_paid"":5489,""sell_zero_fill"":3,""buy_zero_fill"":7,""sell_revenue"":83191.0,""total_spend"":28783.0,""shed_discarded_units"":9,""sold_units"":1459,""feed_no_wheat"":4,""feed_no_animal"":14,""feed_redundant"":0,""water_dead"":20,""harvest_dead"":20,""plant_dead"":0,""animals_escaped"":14,""escape_capital"":6100.0,""escape_yield_units"":0,""escape_first_day"":8,""animal_unfed_days"":48,""plants_dry"":1,""dry_seed_cost"":10.0,""dry_yield_units"":1,""dry_first_day"":19,""plant_unwatered_days"":377,""decay_units"":25,""plants_decayed"":24,""silent_loss_coins"":6110.0,""silent_loss_units"":35,""dead_actions"":136,""move_dead"":0,""locked_dead"":0,""pickup_dead"":1,""drop_dead"":0,""place_dead"":11,""build_dead"":0,""dig_dead"":0,""fertilize_dead"":0,""collect_dead"":40,""care_dead"":26,""tile_cap_units"":21,""fertilizer_forgone"":6,""care_unfed"":30,""animal_shed_days"":1,""idle_tile_days"":61,""weed_tile_days"":1,""hand_pass_turns"":541,""farmer_pass_turns"":61,""phantom_hand_actions"":2,""sell_floor_units"":254,""hire_premium"":5207,""shed_units_now"":0,""shed_value_now"":0.0,""animals_in_shed_now"":0,""seeds_unplanted_now"":24,""seeds_unplanted_cost_now"":240.0}]}",{},
B0_v124,B0_v124_source,mooman_e052a,mooman,2026092407,1,63203.0,57408.0,5795.0,W,kagsim,32.90882,0,0,0,0,0,0,0,0,83a1e1def3a4d86f1eea73bb44de5b1b387dd44f243a722fb9709a1779a24134,"[{""step"":0,""shops"":[]},{""step"":72,""shops"":[""BAKERY""]},{""step"":144,""shops"":[""BAKERY"",""BRUNCH_SPOT""]},{""step"":216,""shops"":[""BAKERY"",""BRUNCH_SPOT"",""BRUNCH_SPOT""]},{""step"":288,""shops"":[""BAKERY"",""BRUNCH_SPOT"",""BRUNCH_SPOT"",""BAKERY""]},{""step"":360,""shops"":[""BAKERY"",""BRUNCH_SPOT"",""BRUNCH_SPOT"",""BAKERY"",""PIZZA_SHOP""]},{""step"":432,""shops"":[""BAKERY"",""BRUNCH_SPOT"",""BRUNCH_SPOT"",""BAKERY"",""PIZZA_SHOP"",""PET_CAFE""]},{""step"":504,""shops"":[""BAKERY"",""BRUNCH_SPOT"",""BRUNCH_SPOT"",""BAKERY"",""PIZZA_SHOP"",""PET_CAFE"",""YARN_STORE""]},{""step"":576,""shops"":[""BAKERY"",""BRUNCH_SPOT"",""BRUNCH_SPOT"",""BAKERY"",""PIZZA_SHOP"",""PET_CAFE"",""YARN_STORE"",""BAKERY""]}]",experiments/round10_public_learning_20260924/evaluations/b1_regression/replays/B0_v124/mooman_e052a/seed_2026092407_seat_1.json.gz,91535e3236d63489d32a769f2d643afae941f52a7568a1ece20d03dbf8119aaf,0f0c95d52e82840488078a2feecf9ca4d3c59e9337d3273bf7c64ca572c0e51f,a5fb09be01ac6558e84c1e4c8e91c3848f6a8f7aaf4c603f0426f07179cee362,0fe077cc65622d6f6828160d90b617595a4aa7ea188e4afc67bfee8e4d290c92,"{""players"":[{""sell_dead_units"":25,""refused_buy_product"":18,""refused_buy_seed"":0,""refused_buy_animal"":0,""refused_hire"":0,""refused_buy_land"":0,""hire_paid"":5489,""sell_zero_fill"":3,""buy_zero_fill"":7,""sell_revenue"":83191.0,""total_spend"":28783.0,""shed_discarded_units"":9,""sold_units"":1459,""feed_no_wheat"":4,""feed_no_animal"":14,""feed_redundant"":0,""water_dead"":20,""harvest_dead"":20,""plant_dead"":0,""animals_escaped"":14,""escape_capital"":6100.0,""escape_yield_units"":0,""escape_first_day"":8,""animal_unfed_days"":48,""plants_dry"":1,""dry_seed_cost"":10.0,""dry_yield_units"":1,""dry_first_day"":19,""plant_unwatered_days"":377,""decay_units"":25,""plants_decayed"":24,""silent_loss_coins"":6110.0,""silent_loss_units"":35,""dead_actions"":136,""move_dead"":0,""locked_dead"":0,""pickup_dead"":1,""drop_dead"":0,""place_dead"":11,""build_dead"":0,""dig_dead"":0,""fertilize_dead"":0,""collect_dead"":40,""care_dead"":26,""tile_cap_units"":21,""fertilizer_forgone"":6,""care_unfed"":30,""animal_shed_days"":1,""idle_tile_days"":61,""weed_tile_days"":1,""hand_pass_turns"":541,""farmer_pass_turns"":61,""phantom_hand_actions"":2,""sell_floor_units"":254,""hire_premium"":5207,""shed_units_now"":0,""shed_value_now"":0.0,""animals_in_shed_now"":0,""seeds_unplanted_now"":24,""seeds_unplanted_cost_now"":240.0},{""sell_dead_units"":1036,""refused_buy_product"":0,""refused_buy_seed"":0,""refused_buy_animal"":0,""refused_hire"":0,""refused_buy_land"":0,""hire_paid"":3986,""sell_zero_fill"":0,""buy_zero_fill"":0,""sell_revenue"":98245.0,""total_spend"":38042.0,""shed_discarded_units"":0,""sold_units"":1820,""feed_no_wheat"":0,""feed_no_animal"":0,""feed_redundant"":0,""water_dead"":13,""harvest_dead"":6,""plant_dead"":0,""animals_escaped"":0,""escape_capital"":0.0,""escape_yield_units"":0,""escape_first_day"":-1,""animal_unfed_days"":63,""plants_dry"":2,""dry_seed_cost"":110.0,""dry_yield_units"":1,""dry_first_day"":15,""plant_unwatered_days"":384,""decay_units"":18,""plants_decayed"":18,""silent_loss_coins"":110.0,""silent_loss_units"":19,""dead_actions"":43,""move_dead"":0,""locked_dead"":0,""pickup_dead"":0,""drop_dead"":0,""place_dead"":0,""build_dead"":0,""dig_dead"":1,""fertilize_dead"":0,""collect_dead"":3,""care_dead"":20,""tile_cap_units"":29,""fertilizer_forgone"":13,""care_unfed"":59,""animal_shed_days"":1,""idle_tile_days"":64,""weed_tile_days"":2,""hand_pass_turns"":379,""farmer_pass_turns"":63,""phantom_hand_actions"":0,""sell_floor_units"":232,""hire_premium"":3722,""shed_units_now"":0,""shed_value_now"":0.0,""animals_in_shed_now"":0,""seeds_unplanted_now"":0,""seeds_unplanted_cost_now"":0.0}]}",{},
B0_v124,B0_v124_source,mooman_e052a,mooman,2026092408,0,105064.0,100162.0,4902.0,W,kagsim,31.749838,0,0,0,0,0,0,0,0,6472826f8af18313fb2082f44f275269bbe23389ef5b716c8ab3b615fd5e2119,"[{""step"":0,""shops"":[]},{""step"":72,""shops"":[""BRUNCH_SPOT""]},{""step"":144,""shops"":[""BRUNCH_SPOT"",""YARN_STORE""]},{""step"":216,""shops"":[""BRUNCH_SPOT"",""YARN_STORE"",""BAKERY""]},{""step"":288,""shops"":[""BRUNCH_SPOT"",""YARN_STORE"",""BAKERY"",""FARMERS_MARKET""]},{""step"":360,""shops"":[""BRUNCH_SPOT"",""YARN_STORE"",""BAKERY"",""FARMERS_MARKET"",""YARN_STORE""]},{""step"":432,""shops"":[""BRUNCH_SPOT"",""YARN_STORE"",""BAKERY"",""FARMERS_MARKET"",""YARN_STORE"",""YARN_STORE""]},{""step"":504,""shops"":[""BRUNCH_SPOT"",""YARN_STORE"",""BAKERY"",""FARMERS_MARKET"",""YARN_STORE"",""YARN_STORE"",""YARN_STORE""]},{""step"":576,""shops"":[""BRUNCH_SPOT"",""YARN_STORE"",""BAKERY"",""FARMERS_MARKET"",""YARN_STORE"",""YARN_STORE"",""YARN_STORE"",""FARMERS_MARKET""]}]",experiments/round10_public_learning_20260924/evaluations/b1_regression/replays/B0_v124/mooman_e052a/seed_2026092408_seat_0.json.gz,543504a099e13b9fecc5c1c3187df159ec3e5cb8d7be8fa45b88b2268f3f947a,0f0c95d52e82840488078a2feecf9ca4d3c59e9337d3273bf7c64ca572c0e51f,a5fb09be01ac6558e84c1e4c8e91c3848f6a8f7aaf4c603f0426f07179cee362,0fe077cc65622d6f6828160d90b617595a4aa7ea188e4afc67bfee8e4d290c92,"{""players"":[{""sell_dead_units"":18447,""refused_buy_product"":0,""refused_buy_seed"":0,""refused_buy_animal"":0,""refused_hire"":0,""refused_buy_land"":0,""hire_paid"":4973,""sell_zero_fill"":0,""buy_zero_fill"":0,""sell_revenue"":129356.0,""total_spend"":27292.0,""shed_discarded_units"":0,""sold_units"":1472,""feed_no_wheat"":0,""feed_no_animal"":18,""feed_redundant"":0,""water_dead"":6,""harvest_dead"":23,""plant_dead"":0,""animals_escaped"":0,""escape_capital"":0.0,""escape_yield_units"":0,""escape_first_day"":-1,""animal_unfed_days"":32,""plants_dry"":2,""dry_seed_cost"":110.0,""dry_yield_units"":1,""dry_first_day"":15,""plant_unwatered_days"":380,""decay_units"":18,""plants_decayed"":18,""silent_loss_coins"":110.0,""silent_loss_units"":19,""dead_actions"":100,""move_dead"":0,""locked_dead"":0,""pickup_dead"":1,""drop_dead"":0,""place_dead"":3,""build_dead"":0,""dig_dead"":0,""fertilize_dead"":1,""collect_dead"":25,""care_dead"":23,""tile_cap_units"":1,""fertilizer_forgone"":11,""care_unfed"":29,""animal_shed_days"":0,""idle_tile_days"":64,""weed_tile_days"":2,""hand_pass_turns"":514,""farmer_pass_turns"":68,""phantom_hand_actions"":0,""sell_floor_units"":210,""hire_premium"":4697,""shed_units_now"":0,""shed_value_now"":0.0,""animals_in_shed_now"":0,""seeds_unplanted_now"":0,""seeds_unplanted_cost_now"":0.0},{""sell_dead_units"":282,""refused_buy_product"":0,""refused_buy_seed"":2,""refused_buy_animal"":1,""refused_hire"":0,""refused_buy_land"":0,""hire_paid"":4947,""sell_zero_fill"":27,""buy_zero_fill"":0,""sell_revenue"":208036.0,""total_spend"":110874.0,""shed_discarded_units"":36,""sold_units"":3401,""feed_no_wheat"":0,""feed_no_animal"":19,""feed_redundant"":0,""water_dead"":32,""harvest_dead"":16,""plant_dead"":3,""animals_escaped"":0,""escape_capital"":0.0,""escape_yield_units"":0,""escape_first_day"":-1,""animal_unfed_days"":12,""plants_dry"":0,""dry_seed_cost"":0.0,""dry_yield_units"":0,""dry_first_day"":-1,""plant_unwatered_days"":354,""decay_units"":16,""plants_decayed"":16,""silent_loss_coins"":0.0,""silent_loss_units"":52,""dead_actions"":127,""move_dead"":0,""locked_dead"":0,""pickup_dead"":1,""drop_dead"":0,""place_dead"":1,""build_dead"":0,""dig_dead"":5,""fertilize_dead"":6,""collect_dead"":17,""care_dead"":27,""tile_cap_units"":1,""fertilizer_forgone"":12,""care_unfed"":11,""animal_shed_days"":0,""idle_tile_days"":110,""weed_tile_days"":0,""hand_pass_turns"":567,""farmer_pass_turns"":81,""phantom_hand_actions"":0,""sell_floor_units"":237,""hire_premium"":4668,""shed_units_now"":0,""shed_value_now"":0.0,""animals_in_shed_now"":0,""seeds_unplanted_now"":15,""seeds_unplanted_cost_now"":1230.0}]}",{},
B0_v124,B0_v124_source,mooman_e052a,mooman,2026092408,1,105064.0,100162.0,4902.0,W,kagsim,32.121483,0,0,0,0,0,0,0,0,6472826f8af18313fb2082f44f275269bbe23389ef5b716c8ab3b615fd5e2119,"[{""step"":0,""shops"":[]},{""step"":72,""shops"":[""BRUNCH_SPOT""]},{""step"":144,""shops"":[""BRUNCH_SPOT"",""YARN_STORE""]},{""step"":216,""shops"":[""BRUNCH_SPOT"",""YARN_STORE"",""BAKERY""]},{""step"":288,""shops"":[""BRUNCH_SPOT"",""YARN_STORE"",""BAKERY"",""FARMERS_MARKET""]},{""step"":360,""shops"":[""BRUNCH_SPOT"",""YARN_STORE"",""BAKERY"",""FARMERS_MARKET"",""YARN_STORE""]},{""step"":432,""shops"":[""BRUNCH_SPOT"",""YARN_STORE"",""BAKERY"",""FARMERS_MARKET"",""YARN_STORE"",""YARN_STORE""]},{""step"":504,""shops"":[""BRUNCH_SPOT"",""YARN_STORE"",""BAKERY"",""FARMERS_MARKET"",""YARN_STORE"",""YARN_STORE"",""YARN_STORE""]},{""step"":576,""shops"":[""BRUNCH_SPOT"",""YARN_STORE"",""BAKERY"",""FARMERS_MARKET"",""YARN_STORE"",""YARN_STORE"",""YARN_STORE"",""FARMERS_MARKET""]}]",experiments/round10_public_learning_20260924/evaluations/b1_regression/replays/B0_v124/mooman_e052a/seed_2026092408_seat_1.json.gz,4ea7bee3921a8472739d00457ad8a374915db043d1e5c7f8ec4a9dc86d50553d,0f0c95d52e82840488078a2feecf9ca4d3c59e9337d3273bf7c64ca572c0e51f,a5fb09be01ac6558e84c1e4c8e91c3848f6a8f7aaf4c603f0426f07179cee362,0fe077cc65622d6f6828160d90b617595a4aa7ea188e4afc67bfee8e4d290c92,"{""players"":[{""sell_dead_units"":282,""refused_buy_product"":0,""refused_buy_seed"":2,""refused_buy_animal"":1,""refused_hire"":0,""refused_buy_land"":0,""hire_paid"":4947,""sell_zero_fill"":27,""buy_zero_fill"":0,""sell_revenue"":208036.0,""total_spend"":110874.0,""shed_discarded_units"":36,""sold_units"":3401,""feed_no_wheat"":0,""feed_no_animal"":19,""feed_redundant"":0,""water_dead"":32,""harvest_dead"":16,""plant_dead"":3,""animals_escaped"":0,""escape_capital"":0.0,""escape_yield_units"":0,""escape_first_day"":-1,""animal_unfed_days"":12,""plants_dry"":0,""dry_seed_cost"":0.0,""dry_yield_units"":0,""dry_first_day"":-1,""plant_unwatered_days"":354,""decay_units"":16,""plants_decayed"":16,""silent_loss_coins"":0.0,""silent_loss_units"":52,""dead_actions"":127,""move_dead"":0,""locked_dead"":0,""pickup_dead"":1,""drop_dead"":0,""place_dead"":1,""build_dead"":0,""dig_dead"":5,""fertilize_dead"":6,""collect_dead"":17,""care_dead"":27,""tile_cap_units"":1,""fertilizer_forgone"":12,""care_unfed"":11,""animal_shed_days"":0,""idle_tile_days"":110,""weed_tile_days"":0,""hand_pass_turns"":567,""farmer_pass_turns"":81,""phantom_hand_actions"":0,""sell_floor_units"":237,""hire_premium"":4668,""shed_units_now"":0,""shed_value_now"":0.0,""animals_in_shed_now"":0,""seeds_unplanted_now"":15,""seeds_unplanted_cost_now"":1230.0},{""sell_dead_units"":18447,""refused_buy_product"":0,""refused_buy_seed"":0,""refused_buy_animal"":0,""refused_hire"":0,""refused_buy_land"":0,""hire_paid"":4973,""sell_zero_fill"":0,""buy_zero_fill"":0,""sell_revenue"":129356.0,""total_spend"":27292.0,""shed_discarded_units"":0,""sold_units"":1472,""feed_no_wheat"":0,""feed_no_animal"":18,""feed_redundant"":0,""water_dead"":6,""harvest_dead"":23,""plant_dead"":0,""animals_escaped"":0,""escape_capital"":0.0,""escape_yield_units"":0,""escape_first_day"":-1,""animal_unfed_days"":32,""plants_dry"":2,""dry_seed_cost"":110.0,""dry_yield_units"":1,""dry_first_day"":15,""plant_unwatered_days"":380,""decay_units"":18,""plants_decayed"":18,""silent_loss_coins"":110.0,""silent_loss_units"":19,""dead_actions"":100,""move_dead"":0,""locked_dead"":0,""pickup_dead"":1,""drop_dead"":0,""place_dead"":3,""build_dead"":0,""dig_dead"":0,""fertilize_dead"":1,""collect_dead"":25,""care_dead"":23,""tile_cap_units"":1,""fertilizer_forgone"":11,""care_unfed"":29,""animal_shed_days"":0,""idle_tile_days"":64,""weed_tile_days"":2,""hand_pass_turns"":514,""farmer_pass_turns"":68,""phantom_hand_actions"":0,""sell_floor_units"":210,""hire_premium"":4697,""shed_units_now"":0,""shed_value_now"":0.0,""animals_in_shed_now"":0,""seeds_unplanted_now"":0,""seeds_unplanted_cost_now"":0.0}]}",{},
B0_v124,B0_v124_source,mooman_e052a,mooman,2026092409,0,135126.0,118264.0,16862.0,W,kagsim,22.567226,0,0,0,0,0,0,0,0,1f5c4222802fe0a0970aa015d78d4bdb1ddb248960d1241d29d49ed24e9775b2,"[{""step"":0,""shops"":[]},{""step"":72,""shops"":[""SMOOTHIE_SHOP""]},{""step"":144,""shops"":[""SMOOTHIE_SHOP"",""PIZZA_SHOP""]},{""step"":216,""shops"":[""SMOOTHIE_SHOP"",""PIZZA_SHOP"",""SMOOTHIE_SHOP""]},{""step"":288,""shops"":[""SMOOTHIE_SHOP"",""PIZZA_SHOP"",""SMOOTHIE_SHOP"",""PIZZA_SHOP""]},{""step"":360,""shops"":[""SMOOTHIE_SHOP"",""PIZZA_SHOP"",""SMOOTHIE_SHOP"",""PIZZA_SHOP"",""YARN_STORE""]},{""step"":432,""shops"":[""SMOOTHIE_SHOP"",""PIZZA_SHOP"",""SMOOTHIE_SHOP"",""PIZZA_SHOP"",""YARN_STORE"",""SMOOTHIE_SHOP""]},{""step"":504,""shops"":[""SMOOTHIE_SHOP"",""PIZZA_SHOP"",""SMOOTHIE_SHOP"",""PIZZA_SHOP"",""YARN_STORE"",""SMOOTHIE_SHOP"",""BRUNCH_SPOT""]},{""step"":576,""shops"":[""SMOOTHIE_SHOP"",""PIZZA_SHOP"",""SMOOTHIE_SHOP"",""PIZZA_SHOP"",""YARN_STORE"",""SMOOTHIE_SHOP"",""BRUNCH_SPOT"",""FARMERS_MARKET""]}]",experiments/round10_public_learning_20260924/evaluations/b1_regression/replays/B0_v124/mooman_e052a/seed_2026092409_seat_0.json.gz,4bb23dd2f6ea9fe829eddb3c08001e24c2074d1a38206471c2fc6e57a9b41644,0f0c95d52e82840488078a2feecf9ca4d3c59e9337d3273bf7c64ca572c0e51f,a5fb09be01ac6558e84c1e4c8e91c3848f6a8f7aaf4c603f0426f07179cee362,0fe077cc65622d6f6828160d90b617595a4aa7ea188e4afc67bfee8e4d290c92,"{""players"":[{""sell_dead_units"":16977,""refused_buy_product"":0,""refused_buy_seed"":0,""refused_buy_animal"":0,""refused_hire"":0,""refused_buy_land"":0,""hire_paid"":3630,""sell_zero_fill"":0,""buy_zero_fill"":0,""sell_revenue"":170036.0,""total_spend"":37910.0,""shed_discarded_units"":4,""sold_units"":1804,""feed_no_wheat"":0,""feed_no_animal"":0,""feed_redundant"":0,""water_dead"":9,""harvest_dead"":5,""plant_dead"":0,""animals_escaped"":0,""escape_capital"":0.0,""escape_yield_units"":0,""escape_first_day"":-1,""animal_unfed_days"":37,""plants_dry"":1,""dry_seed_cost"":100.0,""dry_yield_units"":0,""dry_first_day"":21,""plant_unwatered_days"":381,""decay_units"":18,""plants_decayed"":18,""silent_loss_coins"":100.0,""silent_loss_units"":22,""dead_actions"":42,""move_dead"":0,""locked_dead"":0,""pickup_dead"":0,""drop_dead"":0,""place_dead"":1,""build_dead"":0,""dig_dead"":3,""fertilize_dead"":0,""collect_dead"":8,""care_dead"":16,""tile_cap_units"":11,""fertilizer_forgone"":16,""care_unfed"":33,""animal_shed_days"":1,""idle_tile_days"":64,""weed_tile_days"":2,""hand_pass_turns"":359,""farmer_pass_turns"":60,""phantom_hand_actions"":0,""sell_floor_units"":37,""hire_premium"":3370,""shed_units_now"":0,""shed_value_now"":0.0,""animals_in_shed_now"":0,""seeds_unplanted_now"":1,""seeds_unplanted_cost_now"":10.0},{""sell_dead_units"":22,""refused_buy_product"":7,""refused_buy_seed"":0,""refused_buy_animal"":0,""refused_hire"":0,""refused_buy_land"":0,""hire_paid"":5578,""sell_zero_fill"":3,""buy_zero_fill"":4,""sell_revenue"":144361.0,""total_spend"":29097.0,""shed_discarded_units"":34,""sold_units"":1481,""feed_no_wheat"":4,""feed_no_animal"":18,""feed_redundant"":0,""water_dead"":20,""harvest_dead"":12,""plant_dead"":0,""animals_escaped"":1,""escape_capital"":400.0,""escape_yield_units"":0,""escape_first_day"":8,""animal_unfed_days"":35,""plants_dry"":1,""dry_seed_cost"":10.0,""dry_yield_units"":1,""dry_first_day"":19,""plant_unwatered_days"":377,""decay_units"":25,""plants_decayed"":24,""silent_loss_coins"":410.0,""silent_loss_units"":60,""dead_actions"":118,""move_dead"":0,""locked_dead"":0,""pickup_dead"":2,""drop_dead"":0,""place_dead"":9,""build_dead"":0,""dig_dead"":0,""fertilize_dead"":2,""collect_dead"":23,""care_dead"":28,""tile_cap_units"":21,""fertilizer_forgone"":10,""care_unfed"":18,""animal_shed_days"":1,""idle_tile_days"":61,""weed_tile_days"":1,""hand_pass_turns"":464,""farmer_pass_turns"":58,""phantom_hand_actions"":0,""sell_floor_units"":58,""hire_premium"":5295,""shed_units_now"":0,""shed_value_now"":0.0,""animals_in_shed_now"":0,""seeds_unplanted_now"":24,""seeds_unplanted_cost_now"":240.0}]}",{},
B0_v124,B0_v124_source,mooman_e052a,mooman,2026092409,1,135126.0,118264.0,16862.0,W,kagsim,22.593086,0,0,0,0,0,0,0,0,1f5c4222802fe0a0970aa015d78d4bdb1ddb248960d1241d29d49ed24e9775b2,"[{""step"":0,""shops"":[]},{""step"":72,""shops"":[""SMOOTHIE_SHOP""]},{""step"":144,""shops"":[""SMOOTHIE_SHOP"",""PIZZA_SHOP""]},{""step"":216,""shops"":[""SMOOTHIE_SHOP"",""PIZZA_SHOP"",""SMOOTHIE_SHOP""]},{""step"":288,""shops"":[""SMOOTHIE_SHOP"",""PIZZA_SHOP"",""SMOOTHIE_SHOP"",""PIZZA_SHOP""]},{""step"":360,""shops"":[""SMOOTHIE_SHOP"",""PIZZA_SHOP"",""SMOOTHIE_SHOP"",""PIZZA_SHOP"",""YARN_STORE""]},{""step"":432,""shops"":[""SMOOTHIE_SHOP"",""PIZZA_SHOP"",""SMOOTHIE_SHOP"",""PIZZA_SHOP"",""YARN_STORE"",""SMOOTHIE_SHOP""]},{""step"":504,""shops"":[""SMOOTHIE_SHOP"",""PIZZA_SHOP"",""SMOOTHIE_SHOP"",""PIZZA_SHOP"",""YARN_STORE"",""SMOOTHIE_SHOP"",""BRUNCH_SPOT""]},{""step"":576,""shops"":[""SMOOTHIE_SHOP"",""PIZZA_SHOP"",""SMOOTHIE_SHOP"",""PIZZA_SHOP"",""YARN_STORE"",""SMOOTHIE_SHOP"",""BRUNCH_SPOT"",""FARMERS_MARKET""]}]",experiments/round10_public_learning_20260924/evaluations/b1_regression/replays/B0_v124/mooman_e052a/seed_2026092409_seat_1.json.gz,d2c39014f63ae939753aca726e8f92675ec5f7949a9e15a2c4f469262d1c0000,0f0c95d52e82840488078a2feecf9ca4d3c59e9337d3273bf7c64ca572c0e51f,a5fb09be01ac6558e84c1e4c8e91c3848f6a8f7aaf4c603f0426f07179cee362,0fe077cc65622d6f6828160d90b617595a4aa7ea188e4afc67bfee8e4d290c92,"{""players"":[{""sell_dead_units"":22,""refused_buy_product"":7,""refused_buy_seed"":0,""refused_buy_animal"":0,""refused_hire"":0,""refused_buy_land"":0,""hire_paid"":5578,""sell_zero_fill"":3,""buy_zero_fill"":4,""sell_revenue"":144361.0,""total_spend"":29097.0,""shed_discarded_units"":34,""sold_units"":1481,""feed_no_wheat"":4,""feed_no_animal"":18,""feed_redundant"":0,""water_dead"":20,""harvest_dead"":12,""plant_dead"":0,""animals_escaped"":1,""escape_capital"":400.0,""escape_yield_units"":0,""escape_first_day"":8,""animal_unfed_days"":35,""plants_dry"":1,""dry_seed_cost"":10.0,""dry_yield_units"":1,""dry_first_day"":19,""plant_unwatered_days"":377,""decay_units"":25,""plants_decayed"":24,""silent_loss_coins"":410.0,""silent_loss_units"":60,""dead_actions"":118,""move_dead"":0,""locked_dead"":0,""pickup_dead"":2,""drop_dead"":0,""place_dead"":9,""build_dead"":0,""dig_dead"":0,""fertilize_dead"":2,""collect_dead"":23,""care_dead"":28,""tile_cap_units"":21,""fertilizer_forgone"":10,""care_unfed"":18,""animal_shed_days"":1,""idle_tile_days"":61,""weed_tile_days"":2,""hand_pass_turns"":464,""farmer_pass_turns"":58,""phantom_hand_actions"":0,""sell_floor_units"":58,""hire_premium"":5295,""shed_units_now"":0,""shed_value_now"":0.0,""animals_in_shed_now"":0,""seeds_unplanted_now"":24,""seeds_unplanted_cost_now"":240.0},{""sell_dead_units"":16977,""refused_buy_product"":0,""refused_buy_seed"":0,""refused_buy_animal"":0,""refused_hire"":0,""refused_buy_land"":0,""hire_paid"":3630,""sell_zero_fill"":0,""buy_zero_fill"":0,""sell_revenue"":170036.0,""total_spend"":37910.0,""shed_discarded_units"":4,""sold_units"":1804,""feed_no_wheat"":0,""feed_no_animal"":0,""feed_redundant"":0,""water_dead"":9,""harvest_dead"":5,""plant_dead"":0,""animals_escaped"":0,""escape_capital"":0.0,""escape_yield_units"":0,""escape_first_day"":-1,""animal_unfed_days"":37,""plants_dry"":1,""dry_seed_cost"":100.0,""dry_yield_units"":0,""dry_first_day"":21,""plant_unwatered_days"":381,""decay_units"":18,""plants_decayed"":18,""silent_loss_coins"":100.0,""silent_loss_units"":22,""dead_actions"":42,""move_dead"":0,""locked_dead"":0,""pickup_dead"":0,""drop_dead"":0,""place_dead"":1,""build_dead"":0,""dig_dead"":3,""fertilize_dead"":0,""collect_dead"":8,""care_dead"":16,""tile_cap_units"":11,""fertilizer_forgone"":16,""care_unfed"":33,""animal_shed_days"":1,""idle_tile_days"":64,""weed_tile_days"":1,""hand_pass_turns"":359,""farmer_pass_turns"":60,""phantom_hand_actions"":0,""sell_floor_units"":37,""hire_premium"":3370,""shed_units_now"":0,""shed_value_now"":0.0,""animals_in_shed_now"":0,""seeds_unplanted_now"":1,""seeds_unplanted_cost_now"":10.0}]}",{},
B0_v124,B0_v124_source,mooman_e052a,mooman,2026092410,0,74291.0,73433.0,858.0,W,kagsim,22.364253,0,0,0,0,0,0,0,0,724967091525804518622d00f6d22fb0dbef5668c29a0bff9d5170032c2f6145,"[{""step"":0,""shops"":[]},{""step"":72,""shops"":[""YARN_STORE""]},{""step"":144,""shops"":[""YARN_STORE"",""BRUNCH_SPOT""]},{""step"":216,""shops"":[""YARN_STORE"",""BRUNCH_SPOT"",""PET_CAFE""]},{""step"":288,""shops"":[""YARN_STORE"",""BRUNCH_SPOT"",""PET_CAFE"",""PET_CAFE""]},{""step"":360,""shops"":[""YARN_STORE"",""BRUNCH_SPOT"",""PET_CAFE"",""PET_CAFE"",""PIZZA_SHOP""]},{""step"":432,""shops"":[""YARN_STORE"",""BRUNCH_SPOT"",""PET_CAFE"",""PET_CAFE"",""PIZZA_SHOP"",""SMOOTHIE_SHOP""]},{""step"":504,""shops"":[""YARN_STORE"",""BRUNCH_SPOT"",""PET_CAFE"",""PET_CAFE"",""PIZZA_SHOP"",""SMOOTHIE_SHOP"",""ICE_CREAM_SHOP""]},{""step"":576,""shops"":[""YARN_STORE"",""BRUNCH_SPOT"",""PET_CAFE"",""PET_CAFE"",""PIZZA_SHOP"",""SMOOTHIE_SHOP"",""ICE_CREAM_SHOP"",""FARMERS_MARKET""]}]",experiments/round10_public_learning_20260924/evaluations/b1_regression/replays/B0_v124/mooman_e052a/seed_2026092410_seat_0.json.gz,cf5a1c71685ac865a0bdf9bfa955b5d85dd0abdfd3be2a18a3450a03970cc9c9,0f0c95d52e82840488078a2feecf9ca4d3c59e9337d3273bf7c64ca572c0e51f,a5fb09be01ac6558e84c1e4c8e91c3848f6a8f7aaf4c603f0426f07179cee362,0fe077cc65622d6f6828160d90b617595a4aa7ea188e4afc67bfee8e4d290c92,"{""players"":[{""sell_dead_units"":19414,""refused_buy_product"":0,""refused_buy_seed"":0,""refused_buy_animal"":0,""refused_hire"":0,""refused_buy_land"":0,""hire_paid"":5926,""sell_zero_fill"":0,""buy_zero_fill"":0,""sell_revenue"":99930.0,""total_spend"":28639.0,""shed_discarded_units"":2,""sold_units"":1551,""feed_no_wheat"":5,""feed_no_animal"":18,""feed_redundant"":0,""water_dead"":7,""harvest_dead"":23,""plant_dead"":0,""animals_escaped"":0,""escape_capital"":0.0,""escape_yield_units"":0,""escape_first_day"":-1,""animal_unfed_days"":49,""plants_dry"":2,""dry_seed_cost"":110.0,""dry_yield_units"":1,""dry_first_day"":15,""plant_unwatered_days"":381,""decay_units"":18,""plants_decayed"":18,""silent_loss_coins"":110.0,""silent_loss_units"":21,""dead_actions"":106,""move_dead"":0,""locked_dead"":0,""pickup_dead"":1,""drop_dead"":0,""place_dead"":3,""build_dead"":0,""dig_dead"":0,""fertilize_dead"":1,""collect_dead"":25,""care_dead"":23,""tile_cap_units"":10,""fertilizer_forgone"":11,""care_unfed"":45,""animal_shed_days"":0,""idle_tile_days"":64,""weed_tile_days"":3,""hand_pass_turns"":537,""farmer_pass_turns"":71,""phantom_hand_actions"":0,""sell_floor_units"":151,""hire_premium"":5643,""shed_units_now"":0,""shed_value_now"":0.0,""animals_in_shed_now"":0,""seeds_unplanted_now"":0,""seeds_unplanted_cost_now"":0.0},{""sell_dead_units"":313,""refused_buy_product"":2,""refused_buy_seed"":1,""refused_buy_animal"":0,""refused_hire"":1,""refused_buy_land"":0,""hire_paid"":4939,""sell_zero_fill"":28,""buy_zero_fill"":2,""sell_revenue"":175058.0,""total_spend"":104625.0,""shed_discarded_units"":3,""sold_units"":3459,""feed_no_wheat"":5,""feed_no_animal"":0,""feed_redundant"":2,""water_dead"":12,""harvest_dead"":4,""plant_dead"":1,""animals_escaped"":0,""escape_capital"":0.0,""escape_yield_units"":0,""escape_first_day"":-1,""animal_unfed_days"":13,""plants_dry"":1,""dry_seed_cost"":100.0,""dry_yield_units"":0,""dry_first_day"":21,""plant_unwatered_days"":375,""decay_units"":17,""plants_decayed"":17,""silent_loss_coins"":100.0,""silent_loss_units"":20,""dead_actions"":32,""move_dead"":0,""locked_dead"":0,""pickup_dead"":0,""drop_dead"":0,""place_dead"":0,""build_dead"":0,""dig_dead"":3,""fertilize_dead"":2,""collect_dead"":1,""care_dead"":2,""tile_cap_units"":1,""fertilizer_forgone"":14,""care_unfed"":12,""animal_shed_days"":1,""idle_tile_days"":78,""weed_tile_days"":1,""hand_pass_turns"":606,""farmer_pass_turns"":83,""phantom_hand_actions"":0,""sell_floor_units"":202,""hire_premium"":4662,""shed_units_now"":0,""shed_value_now"":0.0,""animals_in_shed_now"":0,""seeds_unplanted_now"":56,""seeds_unplanted_cost_now"":1670.0}]}",{},
B0_v124,B0_v124_source,mooman_e052a,mooman,2026092410,1,93946.0,96745.0,-2799.0,L,kagsim,22.112004,0,0,0,0,0,0,0,0,dd9de55c95c54aac08a23ea1a814f86954a3db64eb528d9ab21ae8e7d70c7f8b,"[{""step"":0,""shops"":[]},{""step"":72,""shops"":[""YARN_STORE""]},{""step"":144,""shops"":[""YARN_STORE"",""BRUNCH_SPOT""]},{""step"":216,""shops"":[""YARN_STORE"",""BRUNCH_SPOT"",""PET_CAFE""]},{""step"":288,""shops"":[""YARN_STORE"",""BRUNCH_SPOT"",""PET_CAFE"",""PET_CAFE""]},{""step"":360,""shops"":[""YARN_STORE"",""BRUNCH_SPOT"",""PET_CAFE"",""PET_CAFE"",""SMOOTHIE_SHOP""]},{""step"":432,""shops"":[""YARN_STORE"",""BRUNCH_SPOT"",""PET_CAFE"",""PET_CAFE"",""SMOOTHIE_SHOP"",""YARN_STORE""]},{""step"":504,""shops"":[""YARN_STORE"",""BRUNCH_SPOT"",""PET_CAFE"",""PET_CAFE"",""SMOOTHIE_SHOP"",""YARN_STORE"",""ICE_CREAM_SHOP""]},{""step"":576,""shops"":[""YARN_STORE"",""BRUNCH_SPOT"",""PET_CAFE"",""PET_CAFE"",""SMOOTHIE_SHOP"",""YARN_STORE"",""ICE_CREAM_SHOP"",""FARMERS_MARKET""]}]",experiments/round10_public_learning_20260924/evaluations/b1_regression/replays/B0_v124/mooman_e052a/seed_2026092410_seat_1.json.gz,3a6d74f949c96e0e2bda01095a2235b6f8dda8cea25f185e1fe8c04b788fb373,0f0c95d52e82840488078a2feecf9ca4d3c59e9337d3273bf7c64ca572c0e51f,a5fb09be01ac6558e84c1e4c8e91c3848f6a8f7aaf4c603f0426f07179cee362,0fe077cc65622d6f6828160d90b617595a4aa7ea188e4afc67bfee8e4d290c92,"{""players"":[{""sell_dead_units"":313,""refused_buy_product"":2,""refused_buy_seed"":1,""refused_buy_animal"":0,""refused_hire"":1,""refused_buy_land"":0,""hire_paid"":4939,""sell_zero_fill"":28,""buy_zero_fill"":2,""sell_revenue"":196315.0,""total_spend"":102570.0,""shed_discarded_units"":3,""sold_units"":3459,""feed_no_wheat"":5,""feed_no_animal"":0,""feed_redundant"":2,""water_dead"":12,""harvest_dead"":4,""plant_dead"":1,""animals_escaped"":0,""escape_capital"":0.0,""escape_yield_units"":0,""escape_first_day"":-1,""animal_unfed_days"":13,""plants_dry"":1,""dry_seed_cost"":100.0,""dry_yield_units"":0,""dry_first_day"":21,""plant_unwatered_days"":375,""decay_units"":17,""plants_decayed"":17,""silent_loss_coins"":100.0,""silent_loss_units"":20,""dead_actions"":31,""move_dead"":0,""locked_dead"":0,""pickup_dead"":0,""drop_dead"":0,""place_dead"":0,""build_dead"":0,""dig_dead"":2,""fertilize_dead"":2,""collect_dead"":1,""care_dead"":2,""tile_cap_units"":1,""fertilizer_forgone"":14,""care_unfed"":12,""animal_shed_days"":1,""idle_tile_days"":78,""weed_tile_days"":13,""hand_pass_turns"":606,""farmer_pass_turns"":83,""phantom_hand_actions"":0,""sell_floor_units"":196,""hire_premium"":4662,""shed_units_now"":0,""shed_value_now"":0.0,""animals_in_shed_now"":0,""seeds_unplanted_now"":56,""seeds_unplanted_cost_now"":1670.0},{""sell_dead_units"":18450,""refused_buy_product"":0,""refused_buy_seed"":0,""refused_buy_animal"":0,""refused_hire"":0,""refused_buy_land"":0,""hire_paid"":4973,""sell_zero_fill"":0,""buy_zero_fill"":0,""sell_revenue"":118101.0,""total_spend"":27155.0,""shed_discarded_units"":0,""sold_units"":1472,""feed_no_wheat"":0,""feed_no_animal"":18,""feed_redundant"":0,""water_dead"":6,""harvest_dead"":23,""plant_dead"":0,""animals_escaped"":0,""escape_capital"":0.0,""escape_yield_units"":0,""escape_first_day"":-1,""animal_unfed_days"":32,""plants_dry"":2,""dry_seed_cost"":110.0,""dry_yield_units"":1,""dry_first_day"":15,""plant_unwatered_days"":380,""decay_units"":18,""plants_decayed"":18,""silent_loss_coins"":110.0,""silent_loss_units"":19,""dead_actions"":100,""move_dead"":0,""locked_dead"":0,""pickup_dead"":1,""drop_dead"":0,""place_dead"":3,""build_dead"":0,""dig_dead"":0,""fertilize_dead"":1,""collect_dead"":25,""care_dead"":23,""tile_cap_units"":1,""fertilizer_forgone"":11,""care_unfed"":29,""animal_shed_days"":0,""idle_tile_days"":64,""weed_tile_days"":2,""hand_pass_turns"":513,""farmer_pass_turns"":69,""phantom_hand_actions"":0,""sell_floor_units"":146,""hire_premium"":4697,""shed_units_now"":0,""shed_value_now"":0.0,""animals_in_shed_now"":0,""seeds_unplanted_now"":0,""seeds_unplanted_cost_now"":0.0}]}",{},
B0_v124,B0_v124_source,qeinstein_moev2,qeinstein,2026092407,0,58436.0,57142.0,1294.0,W,kagsim,2.81438,0,0,0,0,0,0,0,0,bb4de613dcd1753413157be95d316396c9fc0cb87cbabd0897ecd6970ea3c38b,"[{""step"":0,""shops"":[]},{""step"":72,""shops"":[""PIZZA_SHOP""]},{""step"":144,""shops"":[""PIZZA_SHOP"",""PET_CAFE""]},{""step"":216,""shops"":[""PIZZA_SHOP"",""PET_CAFE"",""BAKERY""]},{""step"":288,""shops"":[""PIZZA_SHOP"",""PET_CAFE"",""BAKERY"",""PIZZA_SHOP""]},{""step"":360,""shops"":[""PIZZA_SHOP"",""PET_CAFE"",""BAKERY"",""PIZZA_SHOP"",""PIZZA_SHOP""]},{""step"":432,""shops"":[""PIZZA_SHOP"",""PET_CAFE"",""BAKERY"",""PIZZA_SHOP"",""PIZZA_SHOP"",""PET_CAFE""]},{""step"":504,""shops"":[""PIZZA_SHOP"",""PET_CAFE"",""BAKERY"",""PIZZA_SHOP"",""PIZZA_SHOP"",""PET_CAFE"",""YARN_STORE""]},{""step"":576,""shops"":[""PIZZA_SHOP"",""PET_CAFE"",""BAKERY"",""PIZZA_SHOP"",""PIZZA_SHOP"",""PET_CAFE"",""YARN_STORE"",""BAKERY""]}]",experiments/round10_public_learning_20260924/evaluations/b1_regression/replays/B0_v124/qeinstein_moev2/seed_2026092407_seat_0.json.gz,8558a924d8218fb5e32912bc6e568f90671552a54b2b99e00c6783bbd2bc3a02,0f0c95d52e82840488078a2feecf9ca4d3c59e9337d3273bf7c64ca572c0e51f,45fa89710e66327379fb27dfa3569b153abf8ead9f5f9be0da02dbe9e792105c,0fe077cc65622d6f6828160d90b617595a4aa7ea188e4afc67bfee8e4d290c92,"{""players"":[{""sell_dead_units"":16010,""refused_buy_product"":0,""refused_buy_seed"":1,""refused_buy_animal"":0,""refused_hire"":0,""refused_buy_land"":0,""hire_paid"":3719,""sell_zero_fill"":0,""buy_zero_fill"":0,""sell_revenue"":83548.0,""total_spend"":28112.0,""shed_discarded_units"":32,""sold_units"":1517,""feed_no_wheat"":0,""feed_no_animal"":0,""feed_redundant"":0,""water_dead"":31,""harvest_dead"":7,""plant_dead"":2,""animals_escaped"":0,""escape_capital"":0.0,""escape_yield_units"":0,""escape_first_day"":-1,""animal_unfed_days"":46,""plants_dry"":1,""dry_seed_cost"":100.0,""dry_yield_units"":0,""dry_first_day"":21,""plant_unwatered_days"":381,""decay_units"":18,""plants_decayed"":18,""silent_loss_coins"":100.0,""silent_loss_units"":50,""dead_actions"":70,""move_dead"":0,""locked_dead"":0,""pickup_dead"":0,""drop_dead"":0,""place_dead"":1,""build_dead"":0,""dig_dead"":3,""fertilize_dead"":0,""collect_dead"":8,""care_dead"":18,""tile_cap_units"":9,""fertilizer_forgone"":17,""care_unfed"":41,""animal_shed_days"":1,""idle_tile_days"":84,""weed_tile_days"":1,""hand_pass_turns"":362,""farmer_pass_turns"":62,""phantom_hand_actions"":0,""sell_floor_units"":271,""hire_premium"":3458,""shed_units_now"":0,""shed_value_now"":0.0,""animals_in_shed_now"":0,""seeds_unplanted_now"":2,""seeds_unplanted_cost_now"":90.0},{""sell_dead_units"":28,""refused_buy_product"":39,""refused_buy_seed"":0,""refused_buy_animal"":0,""refused_hire"":0,""refused_buy_land"":0,""hire_paid"":6298,""sell_zero_fill"":0,""buy_zero_fill"":0,""sell_revenue"":85074.0,""total_spend"":30932.0,""shed_discarded_units"":4,""sold_units"":1456,""feed_no_wheat"":7,""feed_no_animal"":0,""feed_redundant"":3,""water_dead"":36,""harvest_dead"":56,""plant_dead"":0,""animals_escaped"":0,""escape_capital"":0.0,""escape_yield_units"":0,""escape_first_day"":-1,""animal_unfed_days"":19,""plants_dry"":3,""dry_seed_cost"":50.0,""dry_yield_units"":3,""dry_first_day"":17,""plant_unwatered_days"":357,""decay_units"":44,""plants_decayed"":40,""silent_loss_coins"":50.0,""silent_loss_units"":51,""dead_actions"":122,""move_dead"":0,""locked_dead"":0,""pickup_dead"":2,""drop_dead"":0,""place_dead"":8,""build_dead"":1,""dig_dead"":0,""fertilize_dead"":9,""collect_dead"":0,""care_dead"":0,""tile_cap_units"":9,""fertilizer_forgone"":0,""care_unfed"":14,""animal_shed_days"":0,""idle_tile_days"":137,""weed_tile_days"":88,""hand_pass_turns"":778,""farmer_pass_turns"":70,""phantom_hand_actions"":0,""sell_floor_units"":237,""hire_premium"":6008,""shed_units_now"":1,""shed_value_now"":1.0,""animals_in_shed_now"":0,""seeds_unplanted_now"":0,""seeds_unplanted_cost_now"":0.0}]}",{},
B0_v124,B0_v124_source,qeinstein_moev2,qeinstein,2026092407,1,58436.0,57142.0,1294.0,W,kagsim,2.755173,0,0,0,0,0,0,0,0,bb4de613dcd1753413157be95d316396c9fc0cb87cbabd0897ecd6970ea3c38b,"[{""step"":0,""shops"":[]},{""step"":72,""shops"":[""PIZZA_SHOP""]},{""step"":144,""shops"":[""PIZZA_SHOP"",""PET_CAFE""]},{""step"":216,""shops"":[""PIZZA_SHOP"",""PET_CAFE"",""BAKERY""]},{""step"":288,""shops"":[""PIZZA_SHOP"",""PET_CAFE"",""BAKERY"",""PIZZA_SHOP""]},{""step"":360,""shops"":[""PIZZA_SHOP"",""PET_CAFE"",""BAKERY"",""PIZZA_SHOP"",""PIZZA_SHOP""]},{""step"":432,""shops"":[""PIZZA_SHOP"",""PET_CAFE"",""BAKERY"",""PIZZA_SHOP"",""PIZZA_SHOP"",""PET_CAFE""]},{""step"":504,""shops"":[""PIZZA_SHOP"",""PET_CAFE"",""BAKERY"",""PIZZA_SHOP"",""PIZZA_SHOP"",""PET_CAFE"",""YARN_STORE""]},{""step"":576,""shops"":[""PIZZA_SHOP"",""PET_CAFE"",""BAKERY"",""PIZZA_SHOP"",""PIZZA_SHOP"",""PET_CAFE"",""YARN_STORE"",""BAKERY""]}]",experiments/round10_public_learning_20260924/evaluations/b1_regression/replays/B0_v124/qeinstein_moev2/seed_2026092407_seat_1.json.gz,d39e6ae6eb2629eb3aa4e9f91ba3ec5b901aec8c7a6d490c5b4431b2e944bdaa,0f0c95d52e82840488078a2feecf9ca4d3c59e9337d3273bf7c64ca572c0e51f,45fa89710e66327379fb27dfa3569b153abf8ead9f5f9be0da02dbe9e792105c,0fe077cc65622d6f6828160d90b617595a4aa7ea188e4afc67bfee8e4d290c92,"{""players"":[{""sell_dead_units"":28,""refused_buy_product"":39,""refused_buy_seed"":0,""refused_buy_animal"":0,""refused_hire"":0,""refused_buy_land"":0,""hire_paid"":6298,""sell_zero_fill"":0,""buy_zero_fill"":0,""sell_revenue"":85074.0,""total_spend"":30932.0,""shed_discarded_units"":4,""sold_units"":1456,""feed_no_wheat"":7,""feed_no_animal"":0,""feed_redundant"":3,""water_dead"":36,""harvest_dead"":56,""plant_dead"":0,""animals_escaped"":0,""escape_capital"":0.0,""escape_yield_units"":0,""escape_first_day"":-1,""animal_unfed_days"":19,""plants_dry"":3,""dry_seed_cost"":50.0,""dry_yield_units"":3,""dry_first_day"":17,""plant_unwatered_days"":357,""decay_units"":44,""plants_decayed"":40,""silent_loss_coins"":50.0,""silent_loss_units"":51,""dead_actions"":122,""move_dead"":0,""locked_dead"":0,""pickup_dead"":2,""drop_dead"":0,""place_dead"":8,""build_dead"":1,""dig_dead"":0,""fertilize_dead"":9,""collect_dead"":0,""care_dead"":0,""tile_cap_units"":9,""fertilizer_forgone"":0,""care_unfed"":14,""animal_shed_days"":0,""idle_tile_days"":137,""weed_tile_days"":88,""hand_pass_turns"":778,""farmer_pass_turns"":70,""phantom_hand_actions"":0,""sell_floor_units"":237,""hire_premium"":6008,""shed_units_now"":1,""shed_value_now"":1.0,""animals_in_shed_now"":0,""seeds_unplanted_now"":0,""seeds_unplanted_cost_now"":0.0},{""sell_dead_units"":16010,""refused_buy_product"":0,""refused_buy_seed"":1,""refused_buy_animal"":0,""refused_hire"":0,""refused_buy_land"":0,""hire_paid"":3719,""sell_zero_fill"":0,""buy_zero_fill"":0,""sell_revenue"":83548.0,""total_spend"":28112.0,""shed_discarded_units"":32,""sold_units"":1517,""feed_no_wheat"":0,""feed_no_animal"":0,""feed_redundant"":0,""water_dead"":31,""harvest_dead"":7,""plant_dead"":2,""animals_escaped"":0,""escape_capital"":0.0,""escape_yield_units"":0,""escape_first_day"":-1,""animal_unfed_days"":46,""plants_dry"":1,""dry_seed_cost"":100.0,""dry_yield_units"":0,""dry_first_day"":21,""plant_unwatered_days"":381,""decay_units"":18,""plants_decayed"":18,""silent_loss_coins"":100.0,""silent_loss_units"":50,""dead_actions"":70,""move_dead"":0,""locked_dead"":0,""pickup_dead"":0,""drop_dead"":0,""place_dead"":1,""build_dead"":0,""dig_dead"":3,""fertilize_dead"":0,""collect_dead"":8,""care_dead"":18,""tile_cap_units"":9,""fertilizer_forgone"":17,""care_unfed"":41,""animal_shed_days"":1,""idle_tile_days"":84,""weed_tile_days"":1,""hand_pass_turns"":362,""farmer_pass_turns"":62,""phantom_hand_actions"":0,""sell_floor_units"":271,""hire_premium"":3458,""shed_units_now"":0,""shed_value_now"":0.0,""animals_in_shed_now"":0,""seeds_unplanted_now"":2,""seeds_unplanted_cost_now"":90.0}]}",{},
B0_v124,B0_v124_source,qeinstein_moev2,qeinstein,2026092408,0,125270.0,118622.0,6648.0,W,kagsim,2.806381,0,0,0,0,0,0,0,0,41386ab995dc70ddda86e20f714f9705c98c5119d84c21423b79039ae805ca0d,"[{""step"":0,""shops"":[]},{""step"":72,""shops"":[""PIZZA_SHOP""]},{""step"":144,""shops"":[""PIZZA_SHOP"",""ICE_CREAM_SHOP""]},{""step"":216,""shops"":[""PIZZA_SHOP"",""ICE_CREAM_SHOP"",""PIZZA_SHOP""]},{""step"":288,""shops"":[""PIZZA_SHOP"",""ICE_CREAM_SHOP"",""PIZZA_SHOP"",""YARN_STORE""]},{""step"":360,""shops"":[""PIZZA_SHOP"",""ICE_CREAM_SHOP"",""PIZZA_SHOP"",""YARN_STORE"",""SMOOTHIE_SHOP""]},{""step"":432,""shops"":[""PIZZA_SHOP"",""ICE_CREAM_SHOP"",""PIZZA_SHOP"",""YARN_STORE"",""SMOOTHIE_SHOP"",""PET_CAFE""]},{""step"":504,""shops"":[""PIZZA_SHOP"",""ICE_CREAM_SHOP"",""PIZZA_SHOP"",""YARN_STORE"",""SMOOTHIE_SHOP"",""PET_CAFE"",""ICE_CREAM_SHOP""]},{""step"":576,""shops"":[""PIZZA_SHOP"",""ICE_CREAM_SHOP"",""PIZZA_SHOP"",""YARN_STORE"",""SMOOTHIE_SHOP"",""PET_CAFE"",""ICE_CREAM_SHOP"",""FARMERS_MARKET""]}]",experiments/round10_public_learning_20260924/evaluations/b1_regression/replays/B0_v124/qeinstein_moev2/seed_2026092408_seat_0.json.gz,2fa38857f2dd58b86aa95843b2af2383258cc58f6992bc2a988f464684e7bff5,0f0c95d52e82840488078a2feecf9ca4d3c59e9337d3273bf7c64ca572c0e51f,45fa89710e66327379fb27dfa3569b153abf8ead9f5f9be0da02dbe9e792105c,0fe077cc65622d6f6828160d90b617595a4aa7ea188e4afc67bfee8e4d290c92,"{""players"":[{""sell_dead_units"":15965,""refused_buy_product"":0,""refused_buy_seed"":1,""refused_buy_animal"":0,""refused_hire"":0,""refused_buy_land"":0,""hire_paid"":3630,""sell_zero_fill"":0,""buy_zero_fill"":0,""sell_revenue"":154050.0,""total_spend"":31780.0,""shed_discarded_units"":0,""sold_units"":1630,""feed_no_wheat"":0,""feed_no_animal"":0,""feed_redundant"":0,""water_dead"":31,""harvest_dead"":7,""plant_dead"":2,""animals_escaped"":0,""escape_capital"":0.0,""escape_yield_units"":0,""escape_first_day"":-1,""animal_unfed_days"":29,""plants_dry"":2,""dry_seed_cost"":110.0,""dry_yield_units"":1,""dry_first_day"":15,""plant_unwatered_days"":375,""decay_units"":18,""plants_decayed"":18,""silent_loss_coins"":110.0,""silent_loss_units"":19,""dead_actions"":69,""move_dead"":0,""locked_dead"":0,""pickup_dead"":0,""drop_dead"":0,""place_dead"":1,""build_dead"":0,""dig_dead"":1,""fertilize_dead"":0,""collect_dead"":3,""care_dead"":24,""tile_cap_units"":19,""fertilizer_forgone"":15,""care_unfed"":24,""animal_shed_days"":1,""idle_tile_days"":84,""weed_tile_days"":2,""hand_pass_turns"":347,""farmer_pass_turns"":60,""phantom_hand_actions"":0,""sell_floor_units"":81,""hire_premium"":3370,""shed_units_now"":0,""shed_value_now"":0.0,""animals_in_shed_now"":0,""seeds_unplanted_now"":1,""seeds_unplanted_cost_now"":80.0},{""sell_dead_units"":28,""refused_buy_product"":39,""refused_buy_seed"":0,""refused_buy_animal"":0,""refused_hire"":0,""refused_buy_land"":0,""hire_paid"":6298,""sell_zero_fill"":0,""buy_zero_fill"":0,""sell_revenue"":147187.0,""total_spend"":31565.0,""shed_discarded_units"":0,""sold_units"":1498,""feed_no_wheat"":7,""feed_no_animal"":0,""feed_redundant"":3,""water_dead"":8,""harvest_dead"":14,""plant_dead"":0,""animals_escaped"":0,""escape_capital"":0.0,""escape_yield_units"":0,""escape_first_day"":-1,""animal_unfed_days"":19,""plants_dry"":3,""dry_seed_cost"":50.0,""dry_yield_units"":3,""dry_first_day"":17,""plant_unwatered_days"":394,""decay_units"":36,""plants_decayed"":36,""silent_loss_coins"":50.0,""silent_loss_units"":39,""dead_actions"":39,""move_dead"":0,""locked_dead"":0,""pickup_dead"":2,""drop_dead"":0,""place_dead"":1,""build_dead"":0,""dig_dead"":0,""fertilize_dead"":4,""collect_dead"":0,""care_dead"":0,""tile_cap_units"":5,""fertilizer_forgone"":0,""care_unfed"":14,""animal_shed_days"":0,""idle_tile_days"":73,""weed_tile_days"":23,""hand_pass_turns"":778,""farmer_pass_turns"":70,""phantom_hand_actions"":0,""sell_floor_units"":102,""hire_premium"":6008,""shed_units_now"":1,""shed_value_now"":1.0,""animals_in_shed_now"":0,""seeds_unplanted_now"":0,""seeds_unplanted_cost_now"":0.0}]}",{},
B0_v124,B0_v124_source,qeinstein_moev2,qeinstein,2026092408,1,125270.0,118622.0,6648.0,W,kagsim,2.818121,0,0,0,0,0,0,0,0,41386ab995dc70ddda86e20f714f9705c98c5119d84c21423b79039ae805ca0d,"[{""step"":0,""shops"":[]},{""step"":72,""shops"":[""PIZZA_SHOP""]},{""step"":144,""shops"":[""PIZZA_SHOP"",""ICE_CREAM_SHOP""]},{""step"":216,""shops"":[""PIZZA_SHOP"",""ICE_CREAM_SHOP"",""PIZZA_SHOP""]},{""step"":288,""shops"":[""PIZZA_SHOP"",""ICE_CREAM_SHOP"",""PIZZA_SHOP"",""YARN_STORE""]},{""step"":360,""shops"":[""PIZZA_SHOP"",""ICE_CREAM_SHOP"",""PIZZA_SHOP"",""YARN_STORE"",""SMOOTHIE_SHOP""]},{""step"":432,""shops"":[""PIZZA_SHOP"",""ICE_CREAM_SHOP"",""PIZZA_SHOP"",""YARN_STORE"",""SMOOTHIE_SHOP"",""PET_CAFE""]},{""step"":504,""shops"":[""PIZZA_SHOP"",""ICE_CREAM_SHOP"",""PIZZA_SHOP"",""YARN_STORE"",""SMOOTHIE_SHOP"",""PET_CAFE"",""ICE_CREAM_SHOP""]},{""step"":576,""shops"":[""PIZZA_SHOP"",""ICE_CREAM_SHOP"",""PIZZA_SHOP"",""YARN_STORE"",""SMOOTHIE_SHOP"",""PET_CAFE"",""ICE_CREAM_SHOP"",""FARMERS_MARKET""]}]",experiments/round10_public_learning_20260924/evaluations/b1_regression/replays/B0_v124/qeinstein_moev2/seed_2026092408_seat_1.json.gz,6d85dbccc914ee93a4654b32d554e76ac996c95499c1292b714b6693c4e0a368,0f0c95d52e82840488078a2feecf9ca4d3c59e9337d3273bf7c64ca572c0e51f,45fa89710e66327379fb27dfa3569b153abf8ead9f5f9be0da02dbe9e792105c,0fe077cc65622d6f6828160d90b617595a4aa7ea188e4afc67bfee8e4d290c92,"{""players"":[{""sell_dead_units"":28,""refused_buy_product"":39,""refused_buy_seed"":0,""refused_buy_animal"":0,""refused_hire"":0,""refused_buy_land"":0,""hire_paid"":6298,""sell_zero_fill"":0,""buy_zero_fill"":0,""sell_revenue"":147187.0,""total_spend"":31565.0,""shed_discarded_units"":0,""sold_units"":1498,""feed_no_wheat"":7,""feed_no_animal"":0,""feed_redundant"":3,""water_dead"":8,""harvest_dead"":14,""plant_dead"":0,""animals_escaped"":0,""escape_capital"":0.0,""escape_yield_units"":0,""escape_first_day"":-1,""animal_unfed_days"":19,""plants_dry"":3,""dry_seed_cost"":50.0,""dry_yield_units"":3,""dry_first_day"":17,""plant_unwatered_days"":394,""decay_units"":36,""plants_decayed"":36,""silent_loss_coins"":50.0,""silent_loss_units"":39,""dead_actions"":39,""move_dead"":0,""locked_dead"":0,""pickup_dead"":2,""drop_dead"":0,""place_dead"":1,""build_dead"":0,""dig_dead"":0,""fertilize_dead"":4,""collect_dead"":0,""care_dead"":0,""tile_cap_units"":5,""fertilizer_forgone"":0,""care_unfed"":14,""animal_shed_days"":0,""idle_tile_days"":73,""weed_tile_days"":23,""hand_pass_turns"":778,""farmer_pass_turns"":70,""phantom_hand_actions"":0,""sell_floor_units"":102,""hire_premium"":6008,""shed_units_now"":1,""shed_value_now"":1.0,""animals_in_shed_now"":0,""seeds_unplanted_now"":0,""seeds_unplanted_cost_now"":0.0},{""sell_dead_units"":15965,""refused_buy_product"":0,""refused_buy_seed"":1,""refused_buy_animal"":0,""refused_hire"":0,""refused_buy_land"":0,""hire_paid"":3630,""sell_zero_fill"":0,""buy_zero_fill"":0,""sell_revenue"":154050.0,""total_spend"":31780.0,""shed_discarded_units"":0,""sold_units"":1630,""feed_no_wheat"":0,""feed_no_animal"":0,""feed_redundant"":0,""water_dead"":31,""harvest_dead"":7,""plant_dead"":2,""animals_escaped"":0,""escape_capital"":0.0,""escape_yield_units"":0,""escape_first_day"":-1,""animal_unfed_days"":29,""plants_dry"":2,""dry_seed_cost"":110.0,""dry_yield_units"":1,""dry_first_day"":15,""plant_unwatered_days"":375,""decay_units"":18,""plants_decayed"":18,""silent_loss_coins"":110.0,""silent_loss_units"":19,""dead_actions"":69,""move_dead"":0,""locked_dead"":0,""pickup_dead"":0,""drop_dead"":0,""place_dead"":1,""build_dead"":0,""dig_dead"":1,""fertilize_dead"":0,""collect_dead"":3,""care_dead"":24,""tile_cap_units"":19,""fertilizer_forgone"":15,""care_unfed"":24,""animal_shed_days"":1,""idle_tile_days"":84,""weed_tile_days"":2,""hand_pass_turns"":347,""farmer_pass_turns"":60,""phantom_hand_actions"":0,""sell_floor_units"":81,""hire_premium"":3370,""shed_units_now"":0,""shed_value_now"":0.0,""animals_in_shed_now"":0,""seeds_unplanted_now"":1,""seeds_unplanted_cost_now"":80.0}]}",{},
B0_v124,B0_v124_source,qeinstein_moev2,qeinstein,2026092409,0,57327.0,50166.0,7161.0,W,kagsim,5.423718,0,0,0,0,0,0,0,0,004222e501c01a23108b1124966c1068a537b1a4672a2c1ed1c997efc4b95130,"[{""step"":0,""shops"":[]},{""step"":72,""shops"":[""BAKERY""]},{""step"":144,""shops"":[""BAKERY"",""PET_CAFE""]},{""step"":216,""shops"":[""BAKERY"",""PET_CAFE"",""PET_CAFE""]},{""step"":288,""shops"":[""BAKERY"",""PET_CAFE"",""PET_CAFE"",""ICE_CREAM_SHOP""]},{""step"":360,""shops"":[""BAKERY"",""PET_CAFE"",""PET_CAFE"",""ICE_CREAM_SHOP"",""YARN_STORE""]},{""step"":432,""shops"":[""BAKERY"",""PET_CAFE"",""PET_CAFE"",""ICE_CREAM_SHOP"",""YARN_STORE"",""SMOOTHIE_SHOP""]},{""step"":504,""shops"":[""BAKERY"",""PET_CAFE"",""PET_CAFE"",""ICE_CREAM_SHOP"",""YARN_STORE"",""SMOOTHIE_SHOP"",""BRUNCH_SPOT""]},{""step"":576,""shops"":[""BAKERY"",""PET_CAFE"",""PET_CAFE"",""ICE_CREAM_SHOP"",""YARN_STORE"",""SMOOTHIE_SHOP"",""BRUNCH_SPOT"",""FARMERS_MARKET""]}]",experiments/round10_public_learning_20260924/evaluations/b1_regression/replays/B0_v124/qeinstein_moev2/seed_2026092409_seat_0.json.gz,8a2ebe242284aed223ff9c28b99afee8500051504182824c17f0385a6b250999,0f0c95d52e82840488078a2feecf9ca4d3c59e9337d3273bf7c64ca572c0e51f,45fa89710e66327379fb27dfa3569b153abf8ead9f5f9be0da02dbe9e792105c,0fe077cc65622d6f6828160d90b617595a4aa7ea188e4afc67bfee8e4d290c92,"{""players"":[{""sell_dead_units"":39,""refused_buy_product"":0,""refused_buy_seed"":1,""refused_buy_animal"":0,""refused_hire"":0,""refused_buy_land"":0,""hire_paid"":4685,""sell_zero_fill"":0,""buy_zero_fill"":0,""sell_revenue"":85104.0,""total_spend"":30777.0,""shed_discarded_units"":8,""sold_units"":1639,""feed_no_wheat"":0,""feed_no_animal"":0,""feed_redundant"":0,""water_dead"":30,""harvest_dead"":6,""plant_dead"":2,""animals_escaped"":0,""escape_capital"":0.0,""escape_yield_units"":0,""escape_first_day"":-1,""animal_unfed_days"":63,""plants_dry"":2,""dry_seed_cost"":110.0,""dry_yield_units"":1,""dry_first_day"":15,""plant_unwatered_days"":381,""decay_units"":18,""plants_decayed"":18,""silent_loss_coins"":110.0,""silent_loss_units"":27,""dead_actions"":65,""move_dead"":0,""locked_dead"":0,""pickup_dead"":0,""drop_dead"":0,""place_dead"":1,""build_dead"":0,""dig_dead"":1,""fertilize_dead"":0,""collect_dead"":6,""care_dead"":19,""tile_cap_units"":38,""fertilizer_forgone"":13,""care_unfed"":58,""animal_shed_days"":1,""idle_tile_days"":84,""weed_tile_days"":3,""hand_pass_turns"":398,""farmer_pass_turns"":65,""phantom_hand_actions"":0,""sell_floor_units"":146,""hire_premium"":4415,""shed_units_now"":0,""shed_value_now"":0.0,""animals_in_shed_now"":0,""seeds_unplanted_now"":1,""seeds_unplanted_cost_now"":80.0},{""sell_dead_units"":28,""refused_buy_product"":39,""refused_buy_seed"":0,""refused_buy_animal"":0,""refused_hire"":0,""refused_buy_land"":0,""hire_paid"":6298,""sell_zero_fill"":0,""buy_zero_fill"":0,""sell_revenue"":77987.0,""total_spend"":30821.0,""shed_discarded_units"":7,""sold_units"":1463,""feed_no_wheat"":7,""feed_no_animal"":0,""feed_redundant"":3,""water_dead"":36,""harvest_dead"":56,""plant_dead"":0,""animals_escaped"":0,""escape_capital"":0.0,""escape_yield_units"":0,""escape_first_day"":-1,""animal_unfed_days"":19,""plants_dry"":3,""dry_seed_cost"":50.0,""dry_yield_units"":3,""dry_first_day"":17,""plant_unwatered_days"":357,""decay_units"":44,""plants_decayed"":40,""silent_loss_coins"":50.0,""silent_loss_units"":54,""dead_actions"":122,""move_dead"":0,""locked_dead"":0,""pickup_dead"":2,""drop_dead"":0,""place_dead"":8,""build_dead"":1,""dig_dead"":0,""fertilize_dead"":9,""collect_dead"":0,""care_dead"":0,""tile_cap_units"":21,""fertilizer_forgone"":0,""care_unfed"":14,""animal_shed_days"":0,""idle_tile_days"":137,""weed_tile_days"":88,""hand_pass_turns"":778,""farmer_pass_turns"":70,""phantom_hand_actions"":0,""sell_floor_units"":158,""hire_premium"":6008,""shed_units_now"":1,""shed_value_now"":1.0,""animals_in_shed_now"":0,""seeds_unplanted_now"":0,""seeds_unplanted_cost_now"":0.0}]}",{},
B0_v124,B0_v124_source,qeinstein_moev2,qeinstein,2026092409,1,57327.0,50166.0,7161.0,W,kagsim,5.409346,0,0,0,0,0,0,0,0,004222e501c01a23108b1124966c1068a537b1a4672a2c1ed1c997efc4b95130,"[{""step"":0,""shops"":[]},{""step"":72,""shops"":[""BAKERY""]},{""step"":144,""shops"":[""BAKERY"",""PET_CAFE""]},{""step"":216,""shops"":[""BAKERY"",""PET_CAFE"",""PET_CAFE""]},{""step"":288,""shops"":[""BAKERY"",""PET_CAFE"",""PET_CAFE"",""ICE_CREAM_SHOP""]},{""step"":360,""shops"":[""BAKERY"",""PET_CAFE"",""PET_CAFE"",""ICE_CREAM_SHOP"",""YARN_STORE""]},{""step"":432,""shops"":[""BAKERY"",""PET_CAFE"",""PET_CAFE"",""ICE_CREAM_SHOP"",""YARN_STORE"",""SMOOTHIE_SHOP""]},{""step"":504,""shops"":[""BAKERY"",""PET_CAFE"",""PET_CAFE"",""ICE_CREAM_SHOP"",""YARN_STORE"",""SMOOTHIE_SHOP"",""BRUNCH_SPOT""]},{""step"":576,""shops"":[""BAKERY"",""PET_CAFE"",""PET_CAFE"",""ICE_CREAM_SHOP"",""YARN_STORE"",""SMOOTHIE_SHOP"",""BRUNCH_SPOT"",""FARMERS_MARKET""]}]",experiments/round10_public_learning_20260924/evaluations/b1_regression/replays/B0_v124/qeinstein_moev2/seed_2026092409_seat_1.json.gz,7c83462183f4c2d956cd94aae2333fa36a2647eb1fa8a8b7f8f847f2b4024487,0f0c95d52e82840488078a2feecf9ca4d3c59e9337d3273bf7c64ca572c0e51f,45fa89710e66327379fb27dfa3569b153abf8ead9f5f9be0da02dbe9e792105c,0fe077cc65622d6f6828160d90b617595a4aa7ea188e4afc67bfee8e4d290c92,"{""players"":[{""sell_dead_units"":28,""refused_buy_product"":39,""refused_buy_seed"":0,""refused_buy_animal"":0,""refused_hire"":0,""refused_buy_land"":0,""hire_paid"":6298,""sell_zero_fill"":0,""buy_zero_fill"":0,""sell_revenue"":77987.0,""total_spend"":30821.0,""shed_discarded_units"":7,""sold_units"":1463,""feed_no_wheat"":7,""feed_no_animal"":0,""feed_redundant"":3,""water_dead"":36,""harvest_dead"":56,""plant_dead"":0,""animals_escaped"":0,""escape_capital"":0.0,""escape_yield_units"":0,""escape_first_day"":-1,""animal_unfed_days"":19,""plants_dry"":3,""dry_seed_cost"":50.0,""dry_yield_units"":3,""dry_first_day"":17,""plant_unwatered_days"":357,""decay_units"":44,""plants_decayed"":40,""silent_loss_coins"":50.0,""silent_loss_units"":54,""dead_actions"":122,""move_dead"":0,""locked_dead"":0,""pickup_dead"":2,""drop_dead"":0,""place_dead"":8,""build_dead"":1,""dig_dead"":0,""fertilize_dead"":9,""collect_dead"":0,""care_dead"":0,""tile_cap_units"":21,""fertilizer_forgone"":0,""care_unfed"":14,""animal_shed_days"":0,""idle_tile_days"":137,""weed_tile_days"":89,""hand_pass_turns"":778,""farmer_pass_turns"":70,""phantom_hand_actions"":0,""sell_floor_units"":158,""hire_premium"":6008,""shed_units_now"":1,""shed_value_now"":1.0,""animals_in_shed_now"":0,""seeds_unplanted_now"":0,""seeds_unplanted_cost_now"":0.0},{""sell_dead_units"":39,""refused_buy_product"":0,""refused_buy_seed"":1,""refused_buy_animal"":0,""refused_hire"":0,""refused_buy_land"":0,""hire_paid"":4685,""sell_zero_fill"":0,""buy_zero_fill"":0,""sell_revenue"":85104.0,""total_spend"":30777.0,""shed_discarded_units"":8,""sold_units"":1639,""feed_no_wheat"":0,""feed_no_animal"":0,""feed_redundant"":0,""water_dead"":30,""harvest_dead"":6,""plant_dead"":2,""animals_escaped"":0,""escape_capital"":0.0,""escape_yield_units"":0,""escape_first_day"":-1,""animal_unfed_days"":63,""plants_dry"":2,""dry_seed_cost"":110.0,""dry_yield_units"":1,""dry_first_day"":15,""plant_unwatered_days"":381,""decay_units"":18,""plants_decayed"":18,""silent_loss_coins"":110.0,""silent_loss_units"":27,""dead_actions"":65,""move_dead"":0,""locked_dead"":0,""pickup_dead"":0,""drop_dead"":0,""place_dead"":1,""build_dead"":0,""dig_dead"":1,""fertilize_dead"":0,""collect_dead"":6,""care_dead"":19,""tile_cap_units"":38,""fertilizer_forgone"":13,""care_unfed"":58,""animal_shed_days"":1,""idle_tile_days"":84,""weed_tile_days"":2,""hand_pass_turns"":398,""farmer_pass_turns"":65,""phantom_hand_actions"":0,""sell_floor_units"":146,""hire_premium"":4415,""shed_units_now"":0,""shed_value_now"":0.0,""animals_in_shed_now"":0,""seeds_unplanted_now"":1,""seeds_unplanted_cost_now"":80.0}]}",{},
B0_v124,B0_v124_source,qeinstein_moev2,qeinstein,2026092410,0,83542.0,83635.0,-93.0,L,kagsim,5.285122,0,0,0,0,0,0,0,0,c404249ffa46f9a4875559d16129a98565b817bab9298e74fd16212ed4fc1be4,"[{""step"":0,""shops"":[]},{""step"":72,""shops"":[""PET_CAFE""]},{""step"":144,""shops"":[""PET_CAFE"",""YARN_STORE""]},{""step"":216,""shops"":[""PET_CAFE"",""YARN_STORE"",""FARMERS_MARKET""]},{""step"":288,""shops"":[""PET_CAFE"",""YARN_STORE"",""FARMERS_MARKET"",""FARMERS_MARKET""]},{""step"":360,""shops"":[""PET_CAFE"",""YARN_STORE"",""FARMERS_MARKET"",""FARMERS_MARKET"",""FARMERS_MARKET""]},{""step"":432,""shops"":[""PET_CAFE"",""YARN_STORE"",""FARMERS_MARKET"",""FARMERS_MARKET"",""FARMERS_MARKET"",""PET_CAFE""]},{""step"":504,""shops"":[""PET_CAFE"",""YARN_STORE"",""FARMERS_MARKET"",""FARMERS_MARKET"",""FARMERS_MARKET"",""PET_CAFE"",""PIZZA_SHOP""]},{""step"":576,""shops"":[""PET_CAFE"",""YARN_STORE"",""FARMERS_MARKET"",""FARMERS_MARKET"",""FARMERS_MARKET"",""PET_CAFE"",""PIZZA_SHOP"",""SMOOTHIE_SHOP""]}]",experiments/round10_public_learning_20260924/evaluations/b1_regression/replays/B0_v124/qeinstein_moev2/seed_2026092410_seat_0.json.gz,9021b221d796381c04799e5b34c38a7f7882a037a8a23c97b58251fd77855a3d,0f0c95d52e82840488078a2feecf9ca4d3c59e9337d3273bf7c64ca572c0e51f,45fa89710e66327379fb27dfa3569b153abf8ead9f5f9be0da02dbe9e792105c,0fe077cc65622d6f6828160d90b617595a4aa7ea188e4afc67bfee8e4d290c92,"{""players"":[{""sell_dead_units"":20598,""refused_buy_product"":0,""refused_buy_seed"":1,""refused_buy_animal"":1,""refused_hire"":0,""refused_buy_land"":0,""hire_paid"":5028,""sell_zero_fill"":0,""buy_zero_fill"":0,""sell_revenue"":109946.0,""total_spend"":29404.0,""shed_discarded_units"":0,""sold_units"":1494,""feed_no_wheat"":5,""feed_no_animal"":18,""feed_redundant"":0,""water_dead"":51,""harvest_dead"":33,""plant_dead"":5,""animals_escaped"":0,""escape_capital"":0.0,""escape_yield_units"":0,""escape_first_day"":-1,""animal_unfed_days"":33,""plants_dry"":4,""dry_seed_cost"":220.0,""dry_yield_units"":2,""dry_first_day"":7,""plant_unwatered_days"":371,""decay_units"":17,""plants_decayed"":17,""silent_loss_coins"":220.0,""silent_loss_units"":19,""dead_actions"":173,""move_dead"":0,""locked_dead"":0,""pickup_dead"":1,""drop_dead"":0,""place_dead"":4,""build_dead"":0,""dig_dead"":0,""fertilize_dead"":2,""collect_dead"":27,""care_dead"":27,""tile_cap_units"":2,""fertilizer_forgone"":11,""care_unfed"":28,""animal_shed_days"":0,""idle_tile_days"":109,""weed_tile_days"":20,""hand_pass_turns"":463,""farmer_pass_turns"":70,""phantom_hand_actions"":0,""sell_floor_units"":178,""hire_premium"":4751,""shed_units_now"":0,""shed_value_now"":0.0,""animals_in_shed_now"":0,""seeds_unplanted_now"":3,""seeds_unplanted_cost_now"":190.0},{""sell_dead_units"":28,""refused_buy_product"":48,""refused_buy_seed"":3,""refused_buy_animal"":0,""refused_hire"":0,""refused_buy_land"":0,""hire_paid"":6298,""sell_zero_fill"":0,""buy_zero_fill"":6,""sell_revenue"":111951.0,""total_spend"":31316.0,""shed_discarded_units"":2,""sold_units"":1456,""feed_no_wheat"":7,""feed_no_animal"":0,""feed_redundant"":3,""water_dead"":31,""harvest_dead"":33,""plant_dead"":3,""animals_escaped"":0,""escape_capital"":0.0,""escape_yield_units"":0,""escape_first_day"":-1,""animal_unfed_days"":19,""plants_dry"":3,""dry_seed_cost"":50.0,""dry_yield_units"":3,""dry_first_day"":17,""plant_unwatered_days"":377,""decay_units"":40,""plants_decayed"":36,""silent_loss_coins"":50.0,""silent_loss_units"":45,""dead_actions"":94,""move_dead"":0,""locked_dead"":0,""pickup_dead"":2,""drop_dead"":0,""place_dead"":4,""build_dead"":1,""dig_dead"":2,""fertilize_dead"":8,""collect_dead"":0,""care_dead"":0,""tile_cap_units"":1,""fertilizer_forgone"":0,""care_unfed"":14,""animal_shed_days"":0,""idle_tile_days"":111,""weed_tile_days"":25,""hand_pass_turns"":778,""farmer_pass_turns"":70,""phantom_hand_actions"":0,""sell_floor_units"":203,""hire_premium"":6008,""shed_units_now"":1,""shed_value_now"":1.0,""animals_in_shed_now"":0,""seeds_unplanted_now"":0,""seeds_unplanted_cost_now"":0.0}]}",{},
B0_v124,B0_v124_source,qeinstein_moev2,qeinstein,2026092410,1,81203.0,76182.0,5021.0,W,kagsim,5.314822,0,0,0,0,0,0,0,0,0438e2ab806fda5e6d0939a1e128ff2fc7e382cc33af3508859eb1830b4d983c,"[{""step"":0,""shops"":[]},{""step"":72,""shops"":[""PET_CAFE""]},{""step"":144,""shops"":[""PET_CAFE"",""YARN_STORE""]},{""step"":216,""shops"":[""PET_CAFE"",""YARN_STORE"",""FARMERS_MARKET""]},{""step"":288,""shops"":[""PET_CAFE"",""YARN_STORE"",""FARMERS_MARKET"",""FARMERS_MARKET""]},{""step"":360,""shops"":[""PET_CAFE"",""YARN_STORE"",""FARMERS_MARKET"",""FARMERS_MARKET"",""PIZZA_SHOP""]},{""step"":432,""shops"":[""PET_CAFE"",""YARN_STORE"",""FARMERS_MARKET"",""FARMERS_MARKET"",""PIZZA_SHOP"",""SMOOTHIE_SHOP""]},{""step"":504,""shops"":[""PET_CAFE"",""YARN_STORE"",""FARMERS_MARKET"",""FARMERS_MARKET"",""PIZZA_SHOP"",""SMOOTHIE_SHOP"",""ICE_CREAM_SHOP""]},{""step"":576,""shops"":[""PET_CAFE"",""YARN_STORE"",""FARMERS_MARKET"",""FARMERS_MARKET"",""PIZZA_SHOP"",""SMOOTHIE_SHOP"",""ICE_CREAM_SHOP"",""ICE_CREAM_SHOP""]}]",experiments/round10_public_learning_20260924/evaluations/b1_regression/replays/B0_v124/qeinstein_moev2/seed_2026092410_seat_1.json.gz,48be57096517b391331bbf67c42f1f5332ac01c502f1b3ef62e208eeb0aa24ed,0f0c95d52e82840488078a2feecf9ca4d3c59e9337d3273bf7c64ca572c0e51f,45fa89710e66327379fb27dfa3569b153abf8ead9f5f9be0da02dbe9e792105c,0fe077cc65622d6f6828160d90b617595a4aa7ea188e4afc67bfee8e4d290c92,"{""players"":[{""sell_dead_units"":28,""refused_buy_product"":48,""refused_buy_seed"":3,""refused_buy_animal"":0,""refused_hire"":0,""refused_buy_land"":0,""hire_paid"":6298,""sell_zero_fill"":0,""buy_zero_fill"":6,""sell_revenue"":104495.0,""total_spend"":31313.0,""shed_discarded_units"":2,""sold_units"":1456,""feed_no_wheat"":7,""feed_no_animal"":0,""feed_redundant"":3,""water_dead"":31,""harvest_dead"":33,""plant_dead"":3,""animals_escaped"":0,""escape_capital"":0.0,""escape_yield_units"":0,""escape_first_day"":-1,""animal_unfed_days"":19,""plants_dry"":3,""dry_seed_cost"":50.0,""dry_yield_units"":3,""dry_first_day"":17,""plant_unwatered_days"":377,""decay_units"":40,""plants_decayed"":36,""silent_loss_coins"":50.0,""silent_loss_units"":45,""dead_actions"":93,""move_dead"":0,""locked_dead"":0,""pickup_dead"":2,""drop_dead"":0,""place_dead"":4,""build_dead"":1,""dig_dead"":1,""fertilize_dead"":8,""collect_dead"":0,""care_dead"":0,""tile_cap_units"":1,""fertilizer_forgone"":0,""care_unfed"":14,""animal_shed_days"":0,""idle_tile_days"":111,""weed_tile_days"":39,""hand_pass_turns"":778,""farmer_pass_turns"":70,""phantom_hand_actions"":0,""sell_floor_units"":151,""hire_premium"":6008,""shed_units_now"":1,""shed_value_now"":1.0,""animals_in_shed_now"":0,""seeds_unplanted_now"":0,""seeds_unplanted_cost_now"":0.0},{""sell_dead_units"":19782,""refused_buy_product"":0,""refused_buy_seed"":1,""refused_buy_animal"":1,""refused_hire"":0,""refused_buy_land"":0,""hire_paid"":5028,""sell_zero_fill"":0,""buy_zero_fill"":0,""sell_revenue"":107607.0,""total_spend"":29404.0,""shed_discarded_units"":0,""sold_units"":1492,""feed_no_wheat"":0,""feed_no_animal"":18,""feed_redundant"":0,""water_dead"":52,""harvest_dead"":33,""plant_dead"":5,""animals_escaped"":0,""escape_capital"":0.0,""escape_yield_units"":0,""escape_first_day"":-1,""animal_unfed_days"":29,""plants_dry"":4,""dry_seed_cost"":220.0,""dry_yield_units"":2,""dry_first_day"":7,""plant_unwatered_days"":371,""decay_units"":17,""plants_decayed"":17,""silent_loss_coins"":220.0,""silent_loss_units"":19,""dead_actions"":171,""move_dead"":0,""locked_dead"":0,""pickup_dead"":1,""drop_dead"":0,""place_dead"":4,""build_dead"":0,""dig_dead"":0,""fertilize_dead"":2,""collect_dead"":29,""care_dead"":27,""tile_cap_units"":2,""fertilizer_forgone"":10,""care_unfed"":25,""animal_shed_days"":0,""idle_tile_days"":109,""weed_tile_days"":18,""hand_pass_turns"":460,""farmer_pass_turns"":71,""phantom_hand_actions"":0,""sell_floor_units"":127,""hire_premium"":4751,""shed_units_now"":0,""shed_value_now"":0.0,""animals_in_shed_now"":0,""seeds_unplanted_now"":3,""seeds_unplanted_cost_now"":190.0}]}",{},
B0_v124,B0_v124_source,smart_farm,smart_farm,2026092407,0,62167.0,60638.0,1529.0,W,kagsim,3.86339,0,0,0,0,0,0,0,0,83a1e1def3a4d86f1eea73bb44de5b1b387dd44f243a722fb9709a1779a24134,"[{""step"":0,""shops"":[]},{""step"":72,""shops"":[""BAKERY""]},{""step"":144,""shops"":[""BAKERY"",""BRUNCH_SPOT""]},{""step"":216,""shops"":[""BAKERY"",""BRUNCH_SPOT"",""BRUNCH_SPOT""]},{""step"":288,""shops"":[""BAKERY"",""BRUNCH_SPOT"",""BRUNCH_SPOT"",""BAKERY""]},{""step"":360,""shops"":[""BAKERY"",""BRUNCH_SPOT"",""BRUNCH_SPOT"",""BAKERY"",""PIZZA_SHOP""]},{""step"":432,""shops"":[""BAKERY"",""BRUNCH_SPOT"",""BRUNCH_SPOT"",""BAKERY"",""PIZZA_SHOP"",""PET_CAFE""]},{""step"":504,""shops"":[""BAKERY"",""BRUNCH_SPOT"",""BRUNCH_SPOT"",""BAKERY"",""PIZZA_SHOP"",""PET_CAFE"",""YARN_STORE""]},{""step"":576,""shops"":[""BAKERY"",""BRUNCH_SPOT"",""BRUNCH_SPOT"",""BAKERY"",""PIZZA_SHOP"",""PET_CAFE"",""YARN_STORE"",""BAKERY""]}]",experiments/round10_public_learning_20260924/evaluations/b1_regression/replays/B0_v124/smart_farm/seed_2026092407_seat_0.json.gz,0800d2418b968283cdd84e18a38f26f500dced1860fc513de7dfe20eccd8453b,0f0c95d52e82840488078a2feecf9ca4d3c59e9337d3273bf7c64ca572c0e51f,004eae43a514acf76a763298683e4ee8028c445e2be6809a3a98842bfd7bd1e4,0fe077cc65622d6f6828160d90b617595a4aa7ea188e4afc67bfee8e4d290c92,"{""players"":[{""sell_dead_units"":42,""refused_buy_product"":1,""refused_buy_seed"":0,""refused_buy_animal"":0,""refused_hire"":0,""refused_buy_land"":0,""hire_paid"":3986,""sell_zero_fill"":0,""buy_zero_fill"":1,""sell_revenue"":97114.0,""total_spend"":37947.0,""shed_discarded_units"":0,""sold_units"":1817,""feed_no_wheat"":0,""feed_no_animal"":0,""feed_redundant"":0,""water_dead"":13,""harvest_dead"":6,""plant_dead"":0,""animals_escaped"":0,""escape_capital"":0.0,""escape_yield_units"":0,""escape_first_day"":-1,""animal_unfed_days"":62,""plants_dry"":2,""dry_seed_cost"":110.0,""dry_yield_units"":1,""dry_first_day"":15,""plant_unwatered_days"":384,""decay_units"":18,""plants_decayed"":18,""silent_loss_coins"":110.0,""silent_loss_units"":19,""dead_actions"":43,""move_dead"":0,""locked_dead"":0,""pickup_dead"":0,""drop_dead"":0,""place_dead"":0,""build_dead"":0,""dig_dead"":1,""fertilize_dead"":0,""collect_dead"":3,""care_dead"":20,""tile_cap_units"":32,""fertilizer_forgone"":13,""care_unfed"":58,""animal_shed_days"":1,""idle_tile_days"":64,""weed_tile_days"":2,""hand_pass_turns"":378,""farmer_pass_turns"":63,""phantom_hand_actions"":0,""sell_floor_units"":264,""hire_premium"":3722,""shed_units_now"":0,""shed_value_now"":0.0,""animals_in_shed_now"":0,""seeds_unplanted_now"":0,""seeds_unplanted_cost_now"":0.0},{""sell_dead_units"":10000390,""refused_buy_product"":9,""refused_buy_seed"":0,""refused_buy_animal"":1,""refused_hire"":0,""refused_buy_land"":0,""hire_paid"":5400,""sell_zero_fill"":77,""buy_zero_fill"":4,""sell_revenue"":92267.0,""total_spend"":34629.0,""shed_discarded_units"":0,""sold_units"":1735,""feed_no_wheat"":1,""feed_no_animal"":0,""feed_redundant"":0,""water_dead"":12,""harvest_dead"":3,""plant_dead"":0,""animals_escaped"":2,""escape_capital"":1000.0,""escape_yield_units"":0,""escape_first_day"":28,""animal_unfed_days"":34,""plants_dry"":2,""dry_seed_cost"":20.0,""dry_yield_units"":2,""dry_first_day"":19,""plant_unwatered_days"":398,""decay_units"":23,""plants_decayed"":23,""silent_loss_coins"":1020.0,""silent_loss_units"":25,""dead_actions"":42,""move_dead"":0,""locked_dead"":0,""pickup_dead"":1,""drop_dead"":0,""place_dead"":9,""build_dead"":0,""dig_dead"":0,""fertilize_dead"":0,""collect_dead"":6,""care_dead"":10,""tile_cap_units"":34,""fertilizer_forgone"":21,""care_unfed"":18,""animal_shed_days"":1,""idle_tile_days"":48,""weed_tile_days"":5,""hand_pass_turns"":458,""farmer_pass_turns"":56,""phantom_hand_actions"":0,""sell_floor_units"":297,""hire_premium"":5120,""shed_units_now"":0,""shed_value_now"":0.0,""animals_in_shed_now"":0,""seeds_unplanted_now"":9,""seeds_unplanted_cost_now"":90.0}]}",{},
B0_v124,B0_v124_source,smart_farm,smart_farm,2026092407,1,62167.0,60638.0,1529.0,W,kagsim,3.923007,0,0,0,0,0,0,0,0,83a1e1def3a4d86f1eea73bb44de5b1b387dd44f243a722fb9709a1779a24134,"[{""step"":0,""shops"":[]},{""step"":72,""shops"":[""BAKERY""]},{""step"":144,""shops"":[""BAKERY"",""BRUNCH_SPOT""]},{""step"":216,""shops"":[""BAKERY"",""BRUNCH_SPOT"",""BRUNCH_SPOT""]},{""step"":288,""shops"":[""BAKERY"",""BRUNCH_SPOT"",""BRUNCH_SPOT"",""BAKERY""]},{""step"":360,""shops"":[""BAKERY"",""BRUNCH_SPOT"",""BRUNCH_SPOT"",""BAKERY"",""PIZZA_SHOP""]},{""step"":432,""shops"":[""BAKERY"",""BRUNCH_SPOT"",""BRUNCH_SPOT"",""BAKERY"",""PIZZA_SHOP"",""PET_CAFE""]},{""step"":504,""shops"":[""BAKERY"",""BRUNCH_SPOT"",""BRUNCH_SPOT"",""BAKERY"",""PIZZA_SHOP"",""PET_CAFE"",""YARN_STORE""]},{""step"":576,""shops"":[""BAKERY"",""BRUNCH_SPOT"",""BRUNCH_SPOT"",""BAKERY"",""PIZZA_SHOP"",""PET_CAFE"",""YARN_STORE"",""BAKERY""]}]",experiments/round10_public_learning_20260924/evaluations/b1_regression/replays/B0_v124/smart_farm/seed_2026092407_seat_1.json.gz,88eab55368097ba964fe5480626057d052f8881ec6f9fc3c581cc260b76144cf,0f0c95d52e82840488078a2feecf9ca4d3c59e9337d3273bf7c64ca572c0e51f,004eae43a514acf76a763298683e4ee8028c445e2be6809a3a98842bfd7bd1e4,0fe077cc65622d6f6828160d90b617595a4aa7ea188e4afc67bfee8e4d290c92,"{""players"":[{""sell_dead_units"":10000390,""refused_buy_product"":9,""refused_buy_seed"":0,""refused_buy_animal"":1,""refused_hire"":0,""refused_buy_land"":0,""hire_paid"":5400,""sell_zero_fill"":77,""buy_zero_fill"":4,""sell_revenue"":92267.0,""total_spend"":34629.0,""shed_discarded_units"":0,""sold_units"":1735,""feed_no_wheat"":1,""feed_no_animal"":0,""feed_redundant"":0,""water_dead"":12,""harvest_dead"":3,""plant_dead"":0,""animals_escaped"":2,""escape_capital"":1000.0,""escape_yield_units"":0,""escape_first_day"":28,""animal_unfed_days"":34,""plants_dry"":2,""dry_seed_cost"":20.0,""dry_yield_units"":2,""dry_first_day"":19,""plant_unwatered_days"":398,""decay_units"":23,""plants_decayed"":23,""silent_loss_coins"":1020.0,""silent_loss_units"":25,""dead_actions"":42,""move_dead"":0,""locked_dead"":0,""pickup_dead"":1,""drop_dead"":0,""place_dead"":9,""build_dead"":0,""dig_dead"":0,""fertilize_dead"":0,""collect_dead"":6,""care_dead"":10,""tile_cap_units"":34,""fertilizer_forgone"":21,""care_unfed"":18,""animal_shed_days"":1,""idle_tile_days"":48,""weed_tile_days"":5,""hand_pass_turns"":458,""farmer_pass_turns"":56,""phantom_hand_actions"":0,""sell_floor_units"":297,""hire_premium"":5120,""shed_units_now"":0,""shed_value_now"":0.0,""animals_in_shed_now"":0,""seeds_unplanted_now"":9,""seeds_unplanted_cost_now"":90.0},{""sell_dead_units"":42,""refused_buy_product"":1,""refused_buy_seed"":0,""refused_buy_animal"":0,""refused_hire"":0,""refused_buy_land"":0,""hire_paid"":3986,""sell_zero_fill"":0,""buy_zero_fill"":1,""sell_revenue"":97114.0,""total_spend"":37947.0,""shed_discarded_units"":0,""sold_units"":1817,""feed_no_wheat"":0,""feed_no_animal"":0,""feed_redundant"":0,""water_dead"":13,""harvest_dead"":6,""plant_dead"":0,""animals_escaped"":0,""escape_capital"":0.0,""escape_yield_units"":0,""escape_first_day"":-1,""animal_unfed_days"":62,""plants_dry"":2,""dry_seed_cost"":110.0,""dry_yield_units"":1,""dry_first_day"":15,""plant_unwatered_days"":384,""decay_units"":18,""plants_decayed"":18,""silent_loss_coins"":110.0,""silent_loss_units"":19,""dead_actions"":43,""move_dead"":0,""locked_dead"":0,""pickup_dead"":0,""drop_dead"":0,""place_dead"":0,""build_dead"":0,""dig_dead"":1,""fertilize_dead"":0,""collect_dead"":3,""care_dead"":20,""tile_cap_units"":32,""fertilizer_forgone"":13,""care_unfed"":58,""animal_shed_days"":1,""idle_tile_days"":64,""weed_tile_days"":2,""hand_pass_turns"":378,""farmer_pass_turns"":63,""phantom_hand_actions"":0,""sell_floor_units"":264,""hire_premium"":3722,""shed_units_now"":0,""shed_value_now"":0.0,""animals_in_shed_now"":0,""seeds_unplanted_now"":0,""seeds_unplanted_cost_now"":0.0}]}",{},
B0_v124,B0_v124_source,smart_farm,smart_farm,2026092408,0,90591.0,85318.0,5273.0,W,kagsim,3.831394,0,0,0,0,0,0,0,0,7642378dc7d6547fa19fed94476315139d3022b57df73128cc261789dd526130,"[{""step"":0,""shops"":[]},{""step"":72,""shops"":[""BRUNCH_SPOT""]},{""step"":144,""shops"":[""BRUNCH_SPOT"",""YARN_STORE""]},{""step"":216,""shops"":[""BRUNCH_SPOT"",""YARN_STORE"",""PIZZA_SHOP""]},{""step"":288,""shops"":[""BRUNCH_SPOT"",""YARN_STORE"",""PIZZA_SHOP"",""BAKERY""]},{""step"":360,""shops"":[""BRUNCH_SPOT"",""YARN_STORE"",""PIZZA_SHOP"",""BAKERY"",""SMOOTHIE_SHOP""]},{""step"":432,""shops"":[""BRUNCH_SPOT"",""YARN_STORE"",""PIZZA_SHOP"",""BAKERY"",""SMOOTHIE_SHOP"",""SMOOTHIE_SHOP""]},{""step"":504,""shops"":[""BRUNCH_SPOT"",""YARN_STORE"",""PIZZA_SHOP"",""BAKERY"",""SMOOTHIE_SHOP"",""SMOOTHIE_SHOP"",""ICE_CREAM_SHOP""]},{""step"":576,""shops"":[""BRUNCH_SPOT"",""YARN_STORE"",""PIZZA_SHOP"",""BAKERY"",""SMOOTHIE_SHOP"",""SMOOTHIE_SHOP"",""ICE_CREAM_SHOP"",""ICE_CREAM_SHOP""]}]",experiments/round10_public_learning_20260924/evaluations/b1_regression/replays/B0_v124/smart_farm/seed_2026092408_seat_0.json.gz,9d079b67ec8f3d8c8ebaf8fcf5e34e061df901d05f92235f1efcc496323ee641,0f0c95d52e82840488078a2feecf9ca4d3c59e9337d3273bf7c64ca572c0e51f,004eae43a514acf76a763298683e4ee8028c445e2be6809a3a98842bfd7bd1e4,0fe077cc65622d6f6828160d90b617595a4aa7ea188e4afc67bfee8e4d290c92,"{""players"":[{""sell_dead_units"":19403,""refused_buy_product"":1,""refused_buy_seed"":0,""refused_buy_animal"":0,""refused_hire"":0,""refused_buy_land"":0,""hire_paid"":5926,""sell_zero_fill"":0,""buy_zero_fill"":1,""sell_revenue"":115976.0,""total_spend"":28385.0,""shed_discarded_units"":2,""sold_units"":1535,""feed_no_wheat"":13,""feed_no_animal"":18,""feed_redundant"":0,""water_dead"":6,""harvest_dead"":23,""plant_dead"":0,""animals_escaped"":0,""escape_capital"":0.0,""escape_yield_units"":0,""escape_first_day"":-1,""animal_unfed_days"":67,""plants_dry"":1,""dry_seed_cost"":100.0,""dry_yield_units"":0,""dry_first_day"":21,""plant_unwatered_days"":379,""decay_units"":18,""plants_decayed"":18,""silent_loss_coins"":100.0,""silent_loss_units"":20,""dead_actions"":115,""move_dead"":0,""locked_dead"":0,""pickup_dead"":2,""drop_dead"":0,""place_dead"":3,""build_dead"":0,""dig_dead"":1,""fertilize_dead"":1,""collect_dead"":25,""care_dead"":23,""tile_cap_units"":10,""fertilizer_forgone"":11,""care_unfed"":63,""animal_shed_days"":0,""idle_tile_days"":64,""weed_tile_days"":1,""hand_pass_turns"":548,""farmer_pass_turns"":71,""phantom_hand_actions"":0,""sell_floor_units"":51,""hire_premium"":5643,""shed_units_now"":0,""shed_value_now"":0.0,""animals_in_shed_now"":0,""seeds_unplanted_now"":1,""seeds_unplanted_cost_now"":10.0},{""sell_dead_units"":10000644,""refused_buy_product"":14,""refused_buy_seed"":1,""refused_buy_animal"":1,""refused_hire"":0,""refused_buy_land"":0,""hire_paid"":5400,""sell_zero_fill"":98,""buy_zero_fill"":8,""sell_revenue"":117419.0,""total_spend"":35101.0,""shed_discarded_units"":0,""sold_units"":1697,""feed_no_wheat"":2,""feed_no_animal"":0,""feed_redundant"":0,""water_dead"":21,""harvest_dead"":24,""plant_dead"":1,""animals_escaped"":2,""escape_capital"":1000.0,""escape_yield_units"":0,""escape_first_day"":28,""animal_unfed_days"":35,""plants_dry"":2,""dry_seed_cost"":20.0,""dry_yield_units"":2,""dry_first_day"":19,""plant_unwatered_days"":390,""decay_units"":22,""plants_decayed"":22,""silent_loss_coins"":1020.0,""silent_loss_units"":24,""dead_actions"":70,""move_dead"":0,""locked_dead"":0,""pickup_dead"":2,""drop_dead"":0,""place_dead"":3,""build_dead"":0,""dig_dead"":1,""fertilize_dead"":2,""collect_dead"":5,""care_dead"":9,""tile_cap_units"":1,""fertilizer_forgone"":21,""care_unfed"":18,""animal_shed_days"":1,""idle_tile_days"":65,""weed_tile_days"":5,""hand_pass_turns"":461,""farmer_pass_turns"":56,""phantom_hand_actions"":0,""sell_floor_units"":132,""hire_premium"":5120,""shed_units_now"":2,""shed_value_now"":2.0,""animals_in_shed_now"":0,""seeds_unplanted_now"":9,""seeds_unplanted_cost_now"":90.0}]}",{},
B0_v124,B0_v124_source,smart_farm,smart_farm,2026092408,1,90591.0,85318.0,5273.0,W,kagsim,3.740734,0,0,0,0,0,0,0,0,7642378dc7d6547fa19fed94476315139d3022b57df73128cc261789dd526130,"[{""step"":0,""shops"":[]},{""step"":72,""shops"":[""BRUNCH_SPOT""]},{""step"":144,""shops"":[""BRUNCH_SPOT"",""YARN_STORE""]},{""step"":216,""shops"":[""BRUNCH_SPOT"",""YARN_STORE"",""PIZZA_SHOP""]},{""step"":288,""shops"":[""BRUNCH_SPOT"",""YARN_STORE"",""PIZZA_SHOP"",""BAKERY""]},{""step"":360,""shops"":[""BRUNCH_SPOT"",""YARN_STORE"",""PIZZA_SHOP"",""BAKERY"",""SMOOTHIE_SHOP""]},{""step"":432,""shops"":[""BRUNCH_SPOT"",""YARN_STORE"",""PIZZA_SHOP"",""BAKERY"",""SMOOTHIE_SHOP"",""SMOOTHIE_SHOP""]},{""step"":504,""shops"":[""BRUNCH_SPOT"",""YARN_STORE"",""PIZZA_SHOP"",""BAKERY"",""SMOOTHIE_SHOP"",""SMOOTHIE_SHOP"",""ICE_CREAM_SHOP""]},{""step"":576,""shops"":[""BRUNCH_SPOT"",""YARN_STORE"",""PIZZA_SHOP"",""BAKERY"",""SMOOTHIE_SHOP"",""SMOOTHIE_SHOP"",""ICE_CREAM_SHOP"",""ICE_CREAM_SHOP""]}]",experiments/round10_public_learning_20260924/evaluations/b1_regression/replays/B0_v124/smart_farm/seed_2026092408_seat_1.json.gz,47874b760a30d5d949c80ed5f978ee99d349727d1234e4bb4d39538466298d47,0f0c95d52e82840488078a2feecf9ca4d3c59e9337d3273bf7c64ca572c0e51f,004eae43a514acf76a763298683e4ee8028c445e2be6809a3a98842bfd7bd1e4,0fe077cc65622d6f6828160d90b617595a4aa7ea188e4afc67bfee8e4d290c92,"{""players"":[{""sell_dead_units"":10000644,""refused_buy_product"":14,""refused_buy_seed"":1,""refused_buy_animal"":1,""refused_hire"":0,""refused_buy_land"":0,""hire_paid"":5400,""sell_zero_fill"":98,""buy_zero_fill"":8,""sell_revenue"":117419.0,""total_spend"":35101.0,""shed_discarded_units"":0,""sold_units"":1697,""feed_no_wheat"":2,""feed_no_animal"":0,""feed_redundant"":0,""water_dead"":21,""harvest_dead"":24,""plant_dead"":1,""animals_escaped"":2,""escape_capital"":1000.0,""escape_yield_units"":0,""escape_first_day"":28,""animal_unfed_days"":35,""plants_dry"":2,""dry_seed_cost"":20.0,""dry_yield_units"":2,""dry_first_day"":19,""plant_unwatered_days"":390,""decay_units"":22,""plants_decayed"":22,""silent_loss_coins"":1020.0,""silent_loss_units"":24,""dead_actions"":70,""move_dead"":0,""locked_dead"":0,""pickup_dead"":2,""drop_dead"":0,""place_dead"":3,""build_dead"":0,""dig_dead"":1,""fertilize_dead"":2,""collect_dead"":5,""care_dead"":9,""tile_cap_units"":1,""fertilizer_forgone"":21,""care_unfed"":18,""animal_shed_days"":1,""idle_tile_days"":65,""weed_tile_days"":5,""hand_pass_turns"":461,""farmer_pass_turns"":56,""phantom_hand_actions"":0,""sell_floor_units"":132,""hire_premium"":5120,""shed_units_now"":2,""shed_value_now"":2.0,""animals_in_shed_now"":0,""seeds_unplanted_now"":9,""seeds_unplanted_cost_now"":90.0},{""sell_dead_units"":19403,""refused_buy_product"":1,""refused_buy_seed"":0,""refused_buy_animal"":0,""refused_hire"":0,""refused_buy_land"":0,""hire_paid"":5926,""sell_zero_fill"":0,""buy_zero_fill"":1,""sell_revenue"":115976.0,""total_spend"":28385.0,""shed_discarded_units"":2,""sold_units"":1535,""feed_no_wheat"":13,""feed_no_animal"":18,""feed_redundant"":0,""water_dead"":6,""harvest_dead"":23,""plant_dead"":0,""animals_escaped"":0,""escape_capital"":0.0,""escape_yield_units"":0,""escape_first_day"":-1,""animal_unfed_days"":67,""plants_dry"":1,""dry_seed_cost"":100.0,""dry_yield_units"":0,""dry_first_day"":21,""plant_unwatered_days"":379,""decay_units"":18,""plants_decayed"":18,""silent_loss_coins"":100.0,""silent_loss_units"":20,""dead_actions"":115,""move_dead"":0,""locked_dead"":0,""pickup_dead"":2,""drop_dead"":0,""place_dead"":3,""build_dead"":0,""dig_dead"":1,""fertilize_dead"":1,""collect_dead"":25,""care_dead"":23,""tile_cap_units"":10,""fertilizer_forgone"":11,""care_unfed"":63,""animal_shed_days"":0,""idle_tile_days"":64,""weed_tile_days"":1,""hand_pass_turns"":548,""farmer_pass_turns"":71,""phantom_hand_actions"":0,""sell_floor_units"":51,""hire_premium"":5643,""shed_units_now"":0,""shed_value_now"":0.0,""animals_in_shed_now"":0,""seeds_unplanted_now"":1,""seeds_unplanted_cost_now"":10.0}]}",{},
B0_v124,B0_v124_source,smart_farm,smart_farm,2026092409,0,134188.0,118523.0,15665.0,W,kagsim,3.944381,0,0,0,0,0,0,0,0,1f5c4222802fe0a0970aa015d78d4bdb1ddb248960d1241d29d49ed24e9775b2,"[{""step"":0,""shops"":[]},{""step"":72,""shops"":[""SMOOTHIE_SHOP""]},{""step"":144,""shops"":[""SMOOTHIE_SHOP"",""PIZZA_SHOP""]},{""step"":216,""shops"":[""SMOOTHIE_SHOP"",""PIZZA_SHOP"",""SMOOTHIE_SHOP""]},{""step"":288,""shops"":[""SMOOTHIE_SHOP"",""PIZZA_SHOP"",""SMOOTHIE_SHOP"",""PIZZA_SHOP""]},{""step"":360,""shops"":[""SMOOTHIE_SHOP"",""PIZZA_SHOP"",""SMOOTHIE_SHOP"",""PIZZA_SHOP"",""YARN_STORE""]},{""step"":432,""shops"":[""SMOOTHIE_SHOP"",""PIZZA_SHOP"",""SMOOTHIE_SHOP"",""PIZZA_SHOP"",""YARN_STORE"",""SMOOTHIE_SHOP""]},{""step"":504,""shops"":[""SMOOTHIE_SHOP"",""PIZZA_SHOP"",""SMOOTHIE_SHOP"",""PIZZA_SHOP"",""YARN_STORE"",""SMOOTHIE_SHOP"",""BRUNCH_SPOT""]},{""step"":576,""shops"":[""SMOOTHIE_SHOP"",""PIZZA_SHOP"",""SMOOTHIE_SHOP"",""PIZZA_SHOP"",""YARN_STORE"",""SMOOTHIE_SHOP"",""BRUNCH_SPOT"",""FARMERS_MARKET""]}]",experiments/round10_public_learning_20260924/evaluations/b1_regression/replays/B0_v124/smart_farm/seed_2026092409_seat_0.json.gz,c74deed8f7e6027367bbca7622d35f95d806368e94af0b00682478fd2f32a3d8,0f0c95d52e82840488078a2feecf9ca4d3c59e9337d3273bf7c64ca572c0e51f,004eae43a514acf76a763298683e4ee8028c445e2be6809a3a98842bfd7bd1e4,0fe077cc65622d6f6828160d90b617595a4aa7ea188e4afc67bfee8e4d290c92,"{""players"":[{""sell_dead_units"":16978,""refused_buy_product"":1,""refused_buy_seed"":0,""refused_buy_animal"":0,""refused_hire"":0,""refused_buy_land"":0,""hire_paid"":3630,""sell_zero_fill"":0,""buy_zero_fill"":1,""sell_revenue"":169040.0,""total_spend"":37852.0,""shed_discarded_units"":4,""sold_units"":1803,""feed_no_wheat"":0,""feed_no_animal"":0,""feed_redundant"":0,""water_dead"":9,""harvest_dead"":5,""plant_dead"":0,""animals_escaped"":0,""escape_capital"":0.0,""escape_yield_units"":0,""escape_first_day"":-1,""animal_unfed_days"":37,""plants_dry"":1,""dry_seed_cost"":100.0,""dry_yield_units"":0,""dry_first_day"":21,""plant_unwatered_days"":381,""decay_units"":18,""plants_decayed"":18,""silent_loss_coins"":100.0,""silent_loss_units"":22,""dead_actions"":42,""move_dead"":0,""locked_dead"":0,""pickup_dead"":0,""drop_dead"":0,""place_dead"":1,""build_dead"":0,""dig_dead"":3,""fertilize_dead"":0,""collect_dead"":8,""care_dead"":16,""tile_cap_units"":11,""fertilizer_forgone"":16,""care_unfed"":33,""animal_shed_days"":1,""idle_tile_days"":64,""weed_tile_days"":2,""hand_pass_turns"":359,""farmer_pass_turns"":60,""phantom_hand_actions"":0,""sell_floor_units"":49,""hire_premium"":3370,""shed_units_now"":0,""shed_value_now"":0.0,""animals_in_shed_now"":0,""seeds_unplanted_now"":1,""seeds_unplanted_cost_now"":10.0},{""sell_dead_units"":10000456,""refused_buy_product"":6,""refused_buy_seed"":0,""refused_buy_animal"":0,""refused_hire"":0,""refused_buy_land"":0,""hire_paid"":5400,""sell_zero_fill"":77,""buy_zero_fill"":3,""sell_revenue"":150456.0,""total_spend"":34933.0,""shed_discarded_units"":36,""sold_units"":1668,""feed_no_wheat"":1,""feed_no_animal"":19,""feed_redundant"":0,""water_dead"":12,""harvest_dead"":14,""plant_dead"":0,""animals_escaped"":3,""escape_capital"":1400.0,""escape_yield_units"":0,""escape_first_day"":8,""animal_unfed_days"":33,""plants_dry"":2,""dry_seed_cost"":20.0,""dry_yield_units"":2,""dry_first_day"":19,""plant_unwatered_days"":398,""decay_units"":23,""plants_decayed"":23,""silent_loss_coins"":1420.0,""silent_loss_units"":61,""dead_actions"":112,""move_dead"":0,""locked_dead"":0,""pickup_dead"":2,""drop_dead"":0,""place_dead"":8,""build_dead"":0,""dig_dead"":0,""fertilize_dead"":2,""collect_dead"":25,""care_dead"":29,""tile_cap_units"":21,""fertilizer_forgone"":20,""care_unfed"":17,""animal_shed_days"":21,""idle_tile_days"":48,""weed_tile_days"":5,""hand_pass_turns"":458,""farmer_pass_turns"":56,""phantom_hand_actions"":0,""sell_floor_units"":41,""hire_premium"":5120,""shed_units_now"":0,""shed_value_now"":0.0,""animals_in_shed_now"":1,""seeds_unplanted_now"":9,""seeds_unplanted_cost_now"":90.0}]}",{},
B0_v124,B0_v124_source,smart_farm,smart_farm,2026092409,1,134188.0,118523.0,15665.0,W,kagsim,4.085023,0,0,0,0,0,0,0,0,1f5c4222802fe0a0970aa015d78d4bdb1ddb248960d1241d29d49ed24e9775b2,"[{""step"":0,""shops"":[]},{""step"":72,""shops"":[""SMOOTHIE_SHOP""]},{""step"":144,""shops"":[""SMOOTHIE_SHOP"",""PIZZA_SHOP""]},{""step"":216,""shops"":[""SMOOTHIE_SHOP"",""PIZZA_SHOP"",""SMOOTHIE_SHOP""]},{""step"":288,""shops"":[""SMOOTHIE_SHOP"",""PIZZA_SHOP"",""SMOOTHIE_SHOP"",""PIZZA_SHOP""]},{""step"":360,""shops"":[""SMOOTHIE_SHOP"",""PIZZA_SHOP"",""SMOOTHIE_SHOP"",""PIZZA_SHOP"",""YARN_STORE""]},{""step"":432,""shops"":[""SMOOTHIE_SHOP"",""PIZZA_SHOP"",""SMOOTHIE_SHOP"",""PIZZA_SHOP"",""YARN_STORE"",""SMOOTHIE_SHOP""]},{""step"":504,""shops"":[""SMOOTHIE_SHOP"",""PIZZA_SHOP"",""SMOOTHIE_SHOP"",""PIZZA_SHOP"",""YARN_STORE"",""SMOOTHIE_SHOP"",""BRUNCH_SPOT""]},{""step"":576,""shops"":[""SMOOTHIE_SHOP"",""PIZZA_SHOP"",""SMOOTHIE_SHOP"",""PIZZA_SHOP"",""YARN_STORE"",""SMOOTHIE_SHOP"",""BRUNCH_SPOT"",""FARMERS_MARKET""]}]",experiments/round10_public_learning_20260924/evaluations/b1_regression/replays/B0_v124/smart_farm/seed_2026092409_seat_1.json.gz,3da20360daa852a99131da177a8b5531c42890768bfde00aa1cc3f779fa01379,0f0c95d52e82840488078a2feecf9ca4d3c59e9337d3273bf7c64ca572c0e51f,004eae43a514acf76a763298683e4ee8028c445e2be6809a3a98842bfd7bd1e4,0fe077cc65622d6f6828160d90b617595a4aa7ea188e4afc67bfee8e4d290c92,"{""players"":[{""sell_dead_units"":10000456,""refused_buy_product"":6,""refused_buy_seed"":0,""refused_buy_animal"":0,""refused_hire"":0,""refused_buy_land"":0,""hire_paid"":5400,""sell_zero_fill"":77,""buy_zero_fill"":3,""sell_revenue"":150456.0,""total_spend"":34933.0,""shed_discarded_units"":36,""sold_units"":1668,""feed_no_wheat"":1,""feed_no_animal"":19,""feed_redundant"":0,""water_dead"":12,""harvest_dead"":14,""plant_dead"":0,""animals_escaped"":3,""escape_capital"":1400.0,""escape_yield_units"":0,""escape_first_day"":8,""animal_unfed_days"":33,""plants_dry"":2,""dry_seed_cost"":20.0,""dry_yield_units"":2,""dry_first_day"":19,""plant_unwatered_days"":398,""decay_units"":23,""plants_decayed"":23,""silent_loss_coins"":1420.0,""silent_loss_units"":61,""dead_actions"":112,""move_dead"":0,""locked_dead"":0,""pickup_dead"":2,""drop_dead"":0,""place_dead"":8,""build_dead"":0,""dig_dead"":0,""fertilize_dead"":2,""collect_dead"":25,""care_dead"":29,""tile_cap_units"":21,""fertilizer_forgone"":20,""care_unfed"":17,""animal_shed_days"":21,""idle_tile_days"":48,""weed_tile_days"":5,""hand_pass_turns"":458,""farmer_pass_turns"":56,""phantom_hand_actions"":0,""sell_floor_units"":41,""hire_premium"":5120,""shed_units_now"":0,""shed_value_now"":0.0,""animals_in_shed_now"":1,""seeds_unplanted_now"":9,""seeds_unplanted_cost_now"":90.0},{""sell_dead_units"":16978,""refused_buy_product"":1,""refused_buy_seed"":0,""refused_buy_animal"":0,""refused_hire"":0,""refused_buy_land"":0,""hire_paid"":3630,""sell_zero_fill"":0,""buy_zero_fill"":1,""sell_revenue"":169040.0,""total_spend"":37852.0,""shed_discarded_units"":4,""sold_units"":1803,""feed_no_wheat"":0,""feed_no_animal"":0,""feed_redundant"":0,""water_dead"":9,""harvest_dead"":5,""plant_dead"":0,""animals_escaped"":0,""escape_capital"":0.0,""escape_yield_units"":0,""escape_first_day"":-1,""animal_unfed_days"":37,""plants_dry"":1,""dry_seed_cost"":100.0,""dry_yield_units"":0,""dry_first_day"":21,""plant_unwatered_days"":381,""decay_units"":18,""plants_decayed"":18,""silent_loss_coins"":100.0,""silent_loss_units"":22,""dead_actions"":42,""move_dead"":0,""locked_dead"":0,""pickup_dead"":0,""drop_dead"":0,""place_dead"":1,""build_dead"":0,""dig_dead"":3,""fertilize_dead"":0,""collect_dead"":8,""care_dead"":16,""tile_cap_units"":11,""fertilizer_forgone"":16,""care_unfed"":33,""animal_shed_days"":1,""idle_tile_days"":64,""weed_tile_days"":2,""hand_pass_turns"":359,""farmer_pass_turns"":60,""phantom_hand_actions"":0,""sell_floor_units"":49,""hire_premium"":3370,""shed_units_now"":0,""shed_value_now"":0.0,""animals_in_shed_now"":0,""seeds_unplanted_now"":1,""seeds_unplanted_cost_now"":10.0}]}",{},
B0_v124,B0_v124_source,smart_farm,smart_farm,2026092410,0,106541.0,105965.0,576.0,W,kagsim,3.894322,0,0,0,0,0,0,0,0,b12b428d0c32e987277df9ba996593210ceb60ed4e849800337c436e0d2f5978,"[{""step"":0,""shops"":[]},{""step"":72,""shops"":[""YARN_STORE""]},{""step"":144,""shops"":[""YARN_STORE"",""BRUNCH_SPOT""]},{""step"":216,""shops"":[""YARN_STORE"",""BRUNCH_SPOT"",""YARN_STORE""]},{""step"":288,""shops"":[""YARN_STORE"",""BRUNCH_SPOT"",""YARN_STORE"",""SMOOTHIE_SHOP""]},{""step"":360,""shops"":[""YARN_STORE"",""BRUNCH_SPOT"",""YARN_STORE"",""SMOOTHIE_SHOP"",""SMOOTHIE_SHOP""]},{""step"":432,""shops"":[""YARN_STORE"",""BRUNCH_SPOT"",""YARN_STORE"",""SMOOTHIE_SHOP"",""SMOOTHIE_SHOP"",""YARN_STORE""]},{""step"":504,""shops"":[""YARN_STORE"",""BRUNCH_SPOT"",""YARN_STORE"",""SMOOTHIE_SHOP"",""SMOOTHIE_SHOP"",""YARN_STORE"",""ICE_CREAM_SHOP""]},{""step"":576,""shops"":[""YARN_STORE"",""BRUNCH_SPOT"",""YARN_STORE"",""SMOOTHIE_SHOP"",""SMOOTHIE_SHOP"",""YARN_STORE"",""ICE_CREAM_SHOP"",""FARMERS_MARKET""]}]",experiments/round10_public_learning_20260924/evaluations/b1_regression/replays/B0_v124/smart_farm/seed_2026092410_seat_0.json.gz,caadb8c3d29cb1576619c2cfbcbcccd121db20f9a60d94cd6915691f299b473c,0f0c95d52e82840488078a2feecf9ca4d3c59e9337d3273bf7c64ca572c0e51f,004eae43a514acf76a763298683e4ee8028c445e2be6809a3a98842bfd7bd1e4,0fe077cc65622d6f6828160d90b617595a4aa7ea188e4afc67bfee8e4d290c92,"{""players"":[{""sell_dead_units"":17371,""refused_buy_product"":1,""refused_buy_seed"":0,""refused_buy_animal"":0,""refused_hire"":0,""refused_buy_land"":0,""hire_paid"":5261,""sell_zero_fill"":0,""buy_zero_fill"":1,""sell_revenue"":132569.0,""total_spend"":29028.0,""shed_discarded_units"":20,""sold_units"":1476,""feed_no_wheat"":0,""feed_no_animal"":21,""feed_redundant"":1,""water_dead"":29,""harvest_dead"":32,""plant_dead"":1,""animals_escaped"":1,""escape_capital"":500.0,""escape_yield_units"":0,""escape_first_day"":24,""animal_unfed_days"":52,""plants_dry"":3,""dry_seed_cost"":130.0,""dry_yield_units"":2,""dry_first_day"":21,""plant_unwatered_days"":383,""decay_units"":25,""plants_decayed"":20,""silent_loss_coins"":630.0,""silent_loss_units"":47,""dead_actions"":148,""move_dead"":0,""locked_dead"":2,""pickup_dead"":1,""drop_dead"":0,""place_dead"":4,""build_dead"":0,""dig_dead"":1,""fertilize_dead"":2,""collect_dead"":27,""care_dead"":27,""tile_cap_units"":1,""fertilizer_forgone"":10,""care_unfed"":49,""animal_shed_days"":0,""idle_tile_days"":73,""weed_tile_days"":13,""hand_pass_turns"":522,""farmer_pass_turns"":73,""phantom_hand_actions"":0,""sell_floor_units"":52,""hire_premium"":4983,""shed_units_now"":0,""shed_value_now"":0.0,""animals_in_shed_now"":0,""seeds_unplanted_now"":2,""seeds_unplanted_cost_now"":40.0},{""sell_dead_units"":10000627,""refused_buy_product"":4,""refused_buy_seed"":0,""refused_buy_animal"":1,""refused_hire"":0,""refused_buy_land"":0,""hire_paid"":5400,""sell_zero_fill"":96,""buy_zero_fill"":2,""sell_revenue"":138584.0,""total_spend"":35619.0,""shed_discarded_units"":3,""sold_units"":1714,""feed_no_wheat"":0,""feed_no_animal"":0,""feed_redundant"":0,""water_dead"":12,""harvest_dead"":20,""plant_dead"":0,""animals_escaped"":2,""escape_capital"":1000.0,""escape_yield_units"":0,""escape_first_day"":28,""animal_unfed_days"":33,""plants_dry"":2,""dry_seed_cost"":20.0,""dry_yield_units"":2,""dry_first_day"":19,""plant_unwatered_days"":398,""decay_units"":23,""plants_decayed"":23,""silent_loss_coins"":1020.0,""silent_loss_units"":28,""dead_actions"":50,""move_dead"":0,""locked_dead"":0,""pickup_dead"":1,""drop_dead"":0,""place_dead"":3,""build_dead"":0,""dig_dead"":0,""fertilize_dead"":0,""collect_dead"":5,""care_dead"":9,""tile_cap_units"":1,""fertilizer_forgone"":21,""care_unfed"":18,""animal_shed_days"":1,""idle_tile_days"":48,""weed_tile_days"":5,""hand_pass_turns"":461,""farmer_pass_turns"":56,""phantom_hand_actions"":0,""sell_floor_units"":76,""hire_premium"":5120,""shed_units_now"":0,""shed_value_now"":0.0,""animals_in_shed_now"":0,""seeds_unplanted_now"":9,""seeds_unplanted_cost_now"":90.0}]}",{},
B0_v124,B0_v124_source,smart_farm,smart_farm,2026092410,1,106263.0,104699.0,1564.0,W,kagsim,3.883789,0,0,0,0,0,0,0,0,b12b428d0c32e987277df9ba996593210ceb60ed4e849800337c436e0d2f5978,"[{""step"":0,""shops"":[]},{""step"":72,""shops"":[""YARN_STORE""]},{""step"":144,""shops"":[""YARN_STORE"",""BRUNCH_SPOT""]},{""step"":216,""shops"":[""YARN_STORE"",""BRUNCH_SPOT"",""YARN_STORE""]},{""step"":288,""shops"":[""YARN_STORE"",""BRUNCH_SPOT"",""YARN_STORE"",""SMOOTHIE_SHOP""]},{""step"":360,""shops"":[""YARN_STORE"",""BRUNCH_SPOT"",""YARN_STORE"",""SMOOTHIE_SHOP"",""SMOOTHIE_SHOP""]},{""step"":432,""shops"":[""YARN_STORE"",""BRUNCH_SPOT"",""YARN_STORE"",""SMOOTHIE_SHOP"",""SMOOTHIE_SHOP"",""YARN_STORE""]},{""step"":504,""shops"":[""YARN_STORE"",""BRUNCH_SPOT"",""YARN_STORE"",""SMOOTHIE_SHOP"",""SMOOTHIE_SHOP"",""YARN_STORE"",""ICE_CREAM_SHOP""]},{""step"":576,""shops"":[""YARN_STORE"",""BRUNCH_SPOT"",""YARN_STORE"",""SMOOTHIE_SHOP"",""SMOOTHIE_SHOP"",""YARN_STORE"",""ICE_CREAM_SHOP"",""FARMERS_MARKET""]}]",experiments/round10_public_learning_20260924/evaluations/b1_regression/replays/B0_v124/smart_farm/seed_2026092410_seat_1.json.gz,faca320ddbe63cc7246d986b5f6d14999b9a75e6fa2d684265175fd4781a0fda,0f0c95d52e82840488078a2feecf9ca4d3c59e9337d3273bf7c64ca572c0e51f,004eae43a514acf76a763298683e4ee8028c445e2be6809a3a98842bfd7bd1e4,0fe077cc65622d6f6828160d90b617595a4aa7ea188e4afc67bfee8e4d290c92,"{""players"":[{""sell_dead_units"":10000641,""refused_buy_product"":4,""refused_buy_seed"":0,""refused_buy_animal"":1,""refused_hire"":0,""refused_buy_land"":0,""hire_paid"":5400,""sell_zero_fill"":96,""buy_zero_fill"":2,""sell_revenue"":137322.0,""total_spend"":35623.0,""shed_discarded_units"":0,""sold_units"":1700,""feed_no_wheat"":2,""feed_no_animal"":0,""feed_redundant"":0,""water_dead"":26,""harvest_dead"":25,""plant_dead"":5,""animals_escaped"":2,""escape_capital"":1000.0,""escape_yield_units"":0,""escape_first_day"":28,""animal_unfed_days"":35,""plants_dry"":2,""dry_seed_cost"":20.0,""dry_yield_units"":2,""dry_first_day"":19,""plant_unwatered_days"":393,""decay_units"":23,""plants_decayed"":23,""silent_loss_coins"":1020.0,""silent_loss_units"":25,""dead_actions"":77,""move_dead"":0,""locked_dead"":0,""pickup_dead"":2,""drop_dead"":0,""place_dead"":3,""build_dead"":0,""dig_dead"":0,""fertilize_dead"":0,""collect_dead"":5,""care_dead"":9,""tile_cap_units"":1,""fertilizer_forgone"":21,""care_unfed"":18,""animal_shed_days"":1,""idle_tile_days"":63,""weed_tile_days"":23,""hand_pass_turns"":461,""farmer_pass_turns"":56,""phantom_hand_actions"":0,""sell_floor_units"":76,""hire_premium"":5120,""shed_units_now"":0,""shed_value_now"":0.0,""animals_in_shed_now"":0,""seeds_unplanted_now"":14,""seeds_unplanted_cost_now"":150.0},{""sell_dead_units"":17349,""refused_buy_product"":1,""refused_buy_seed"":0,""refused_buy_animal"":0,""refused_hire"":0,""refused_buy_land"":0,""hire_paid"":5261,""sell_zero_fill"":0,""buy_zero_fill"":1,""sell_revenue"":132318.0,""total_spend"":29055.0,""shed_discarded_units"":41,""sold_units"":1473,""feed_no_wheat"":0,""feed_no_animal"":21,""feed_redundant"":1,""water_dead"":20,""harvest_dead"":27,""plant_dead"":0,""animals_escaped"":1,""escape_capital"":500.0,""escape_yield_units"":0,""escape_first_day"":24,""animal_unfed_days"":52,""plants_dry"":2,""dry_seed_cost"":120.0,""dry_yield_units"":1,""dry_first_day"":21,""plant_unwatered_days"":378,""decay_units"":20,""plants_decayed"":19,""silent_loss_coins"":620.0,""silent_loss_units"":62,""dead_actions"":133,""move_dead"":0,""locked_dead"":2,""pickup_dead"":1,""drop_dead"":0,""place_dead"":4,""build_dead"":0,""dig_dead"":1,""fertilize_dead"":2,""collect_dead"":27,""care_dead"":27,""tile_cap_units"":2,""fertilizer_forgone"":10,""care_unfed"":49,""animal_shed_days"":0,""idle_tile_days"":70,""weed_tile_days"":8,""hand_pass_turns"":522,""farmer_pass_turns"":73,""phantom_hand_actions"":0,""sell_floor_units"":51,""hire_premium"":4983,""shed_units_now"":0,""shed_value_now"":0.0,""animals_in_shed_now"":0,""seeds_unplanted_now"":1,""seeds_unplanted_cost_now"":20.0}]}",{},
B0_v124,B0_v124_source,souvik_v4,souvik,2026092407,0,62775.0,55744.0,7031.0,W,kagsim,4.218278,0,0,0,0,0,0,0,0,83a1e1def3a4d86f1eea73bb44de5b1b387dd44f243a722fb9709a1779a24134,"[{""step"":0,""shops"":[]},{""step"":72,""shops"":[""BAKERY""]},{""step"":144,""shops"":[""BAKERY"",""BRUNCH_SPOT""]},{""step"":216,""shops"":[""BAKERY"",""BRUNCH_SPOT"",""BRUNCH_SPOT""]},{""step"":288,""shops"":[""BAKERY"",""BRUNCH_SPOT"",""BRUNCH_SPOT"",""BAKERY""]},{""step"":360,""shops"":[""BAKERY"",""BRUNCH_SPOT"",""BRUNCH_SPOT"",""BAKERY"",""PIZZA_SHOP""]},{""step"":432,""shops"":[""BAKERY"",""BRUNCH_SPOT"",""BRUNCH_SPOT"",""BAKERY"",""PIZZA_SHOP"",""PET_CAFE""]},{""step"":504,""shops"":[""BAKERY"",""BRUNCH_SPOT"",""BRUNCH_SPOT"",""BAKERY"",""PIZZA_SHOP"",""PET_CAFE"",""YARN_STORE""]},{""step"":576,""shops"":[""BAKERY"",""BRUNCH_SPOT"",""BRUNCH_SPOT"",""BAKERY"",""PIZZA_SHOP"",""PET_CAFE"",""YARN_STORE"",""BAKERY""]}]",experiments/round10_public_learning_20260924/evaluations/b1_regression/replays/B0_v124/souvik_v4/seed_2026092407_seat_0.json.gz,52327014180df0782f18438172068c9fd62f620b89d2e6db64058156f6c92975,0f0c95d52e82840488078a2feecf9ca4d3c59e9337d3273bf7c64ca572c0e51f,540d92b8982b9b387946a7c40731ee4ea81bcff5957ad39aadcc05813e57046b,0fe077cc65622d6f6828160d90b617595a4aa7ea188e4afc67bfee8e4d290c92,"{""players"":[{""sell_dead_units"":1036,""refused_buy_product"":0,""refused_buy_seed"":0,""refused_buy_animal"":0,""refused_hire"":0,""refused_buy_land"":0,""hire_paid"":3986,""sell_zero_fill"":0,""buy_zero_fill"":0,""sell_revenue"":97811.0,""total_spend"":38036.0,""shed_discarded_units"":0,""sold_units"":1820,""feed_no_wheat"":0,""feed_no_animal"":0,""feed_redundant"":0,""water_dead"":13,""harvest_dead"":6,""plant_dead"":0,""animals_escaped"":0,""escape_capital"":0.0,""escape_yield_units"":0,""escape_first_day"":-1,""animal_unfed_days"":63,""plants_dry"":2,""dry_seed_cost"":110.0,""dry_yield_units"":1,""dry_first_day"":15,""plant_unwatered_days"":384,""decay_units"":18,""plants_decayed"":18,""silent_loss_coins"":110.0,""silent_loss_units"":19,""dead_actions"":43,""move_dead"":0,""locked_dead"":0,""pickup_dead"":0,""drop_dead"":0,""place_dead"":0,""build_dead"":0,""dig_dead"":1,""fertilize_dead"":0,""collect_dead"":3,""care_dead"":20,""tile_cap_units"":29,""fertilizer_forgone"":13,""care_unfed"":59,""animal_shed_days"":1,""idle_tile_days"":64,""weed_tile_days"":2,""hand_pass_turns"":379,""farmer_pass_turns"":63,""phantom_hand_actions"":0,""sell_floor_units"":240,""hire_premium"":3722,""shed_units_now"":0,""shed_value_now"":0.0,""animals_in_shed_now"":0,""seeds_unplanted_now"":0,""seeds_unplanted_cost_now"":0.0},{""sell_dead_units"":22,""refused_buy_product"":18,""refused_buy_seed"":0,""refused_buy_animal"":0,""refused_hire"":0,""refused_buy_land"":0,""hire_paid"":5578,""sell_zero_fill"":1,""buy_zero_fill"":7,""sell_revenue"":81784.0,""total_spend"":29040.0,""shed_discarded_units"":8,""sold_units"":1504,""feed_no_wheat"":1,""feed_no_animal"":18,""feed_redundant"":0,""water_dead"":20,""harvest_dead"":12,""plant_dead"":0,""animals_escaped"":1,""escape_capital"":400.0,""escape_yield_units"":0,""escape_first_day"":8,""animal_unfed_days"":35,""plants_dry"":1,""dry_seed_cost"":10.0,""dry_yield_units"":1,""dry_first_day"":19,""plant_unwatered_days"":377,""decay_units"":25,""plants_decayed"":24,""silent_loss_coins"":410.0,""silent_loss_units"":34,""dead_actions"":112,""move_dead"":0,""locked_dead"":0,""pickup_dead"":1,""drop_dead"":0,""place_dead"":9,""build_dead"":0,""dig_dead"":0,""fertilize_dead"":0,""collect_dead"":23,""care_dead"":28,""tile_cap_units"":21,""fertilizer_forgone"":10,""care_unfed"":18,""animal_shed_days"":1,""idle_tile_days"":61,""weed_tile_days"":1,""hand_pass_turns"":470,""farmer_pass_turns"":58,""phantom_hand_actions"":0,""sell_floor_units"":325,""hire_premium"":5295,""shed_units_now"":0,""shed_value_now"":0.0,""animals_in_shed_now"":0,""seeds_unplanted_now"":24,""seeds_unplanted_cost_now"":240.0}]}",{},
B0_v124,B0_v124_source,souvik_v4,souvik,2026092407,1,62775.0,55744.0,7031.0,W,kagsim,4.11996,0,0,0,0,0,0,0,0,83a1e1def3a4d86f1eea73bb44de5b1b387dd44f243a722fb9709a1779a24134,"[{""step"":0,""shops"":[]},{""step"":72,""shops"":[""BAKERY""]},{""step"":144,""shops"":[""BAKERY"",""BRUNCH_SPOT""]},{""step"":216,""shops"":[""BAKERY"",""BRUNCH_SPOT"",""BRUNCH_SPOT""]},{""step"":288,""shops"":[""BAKERY"",""BRUNCH_SPOT"",""BRUNCH_SPOT"",""BAKERY""]},{""step"":360,""shops"":[""BAKERY"",""BRUNCH_SPOT"",""BRUNCH_SPOT"",""BAKERY"",""PIZZA_SHOP""]},{""step"":432,""shops"":[""BAKERY"",""BRUNCH_SPOT"",""BRUNCH_SPOT"",""BAKERY"",""PIZZA_SHOP"",""PET_CAFE""]},{""step"":504,""shops"":[""BAKERY"",""BRUNCH_SPOT"",""BRUNCH_SPOT"",""BAKERY"",""PIZZA_SHOP"",""PET_CAFE"",""YARN_STORE""]},{""step"":576,""shops"":[""BAKERY"",""BRUNCH_SPOT"",""BRUNCH_SPOT"",""BAKERY"",""PIZZA_SHOP"",""PET_CAFE"",""YARN_STORE"",""BAKERY""]}]",experiments/round10_public_learning_20260924/evaluations/b1_regression/replays/B0_v124/souvik_v4/seed_2026092407_seat_1.json.gz,da0049b951ef2264854033936fbe3687f696857ddfc73127c1c3b55e5c22b494,0f0c95d52e82840488078a2feecf9ca4d3c59e9337d3273bf7c64ca572c0e51f,540d92b8982b9b387946a7c40731ee4ea81bcff5957ad39aadcc05813e57046b,0fe077cc65622d6f6828160d90b617595a4aa7ea188e4afc67bfee8e4d290c92,"{""players"":[{""sell_dead_units"":22,""refused_buy_product"":18,""refused_buy_seed"":0,""refused_buy_animal"":0,""refused_hire"":0,""refused_buy_land"":0,""hire_paid"":5578,""sell_zero_fill"":1,""buy_zero_fill"":7,""sell_revenue"":81784.0,""total_spend"":29040.0,""shed_discarded_units"":8,""sold_units"":1504,""feed_no_wheat"":1,""feed_no_animal"":18,""feed_redundant"":0,""water_dead"":20,""harvest_dead"":12,""plant_dead"":0,""animals_escaped"":1,""escape_capital"":400.0,""escape_yield_units"":0,""escape_first_day"":8,""animal_unfed_days"":35,""plants_dry"":1,""dry_seed_cost"":10.0,""dry_yield_units"":1,""dry_first_day"":19,""plant_unwatered_days"":377,""decay_units"":25,""plants_decayed"":24,""silent_loss_coins"":410.0,""silent_loss_units"":34,""dead_actions"":112,""move_dead"":0,""locked_dead"":0,""pickup_dead"":1,""drop_dead"":0,""place_dead"":9,""build_dead"":0,""dig_dead"":0,""fertilize_dead"":0,""collect_dead"":23,""care_dead"":28,""tile_cap_units"":21,""fertilizer_forgone"":10,""care_unfed"":18,""animal_shed_days"":1,""idle_tile_days"":61,""weed_tile_days"":1,""hand_pass_turns"":470,""farmer_pass_turns"":58,""phantom_hand_actions"":0,""sell_floor_units"":325,""hire_premium"":5295,""shed_units_now"":0,""shed_value_now"":0.0,""animals_in_shed_now"":0,""seeds_unplanted_now"":24,""seeds_unplanted_cost_now"":240.0},{""sell_dead_units"":1036,""refused_buy_product"":0,""refused_buy_seed"":0,""refused_buy_animal"":0,""refused_hire"":0,""refused_buy_land"":0,""hire_paid"":3986,""sell_zero_fill"":0,""buy_zero_fill"":0,""sell_revenue"":97811.0,""total_spend"":38036.0,""shed_discarded_units"":0,""sold_units"":1820,""feed_no_wheat"":0,""feed_no_animal"":0,""feed_redundant"":0,""water_dead"":13,""harvest_dead"":6,""plant_dead"":0,""animals_escaped"":0,""escape_capital"":0.0,""escape_yield_units"":0,""escape_first_day"":-1,""animal_unfed_days"":63,""plants_dry"":2,""dry_seed_cost"":110.0,""dry_yield_units"":1,""dry_first_day"":15,""plant_unwatered_days"":384,""decay_units"":18,""plants_decayed"":18,""silent_loss_coins"":110.0,""silent_loss_units"":19,""dead_actions"":43,""move_dead"":0,""locked_dead"":0,""pickup_dead"":0,""drop_dead"":0,""place_dead"":0,""build_dead"":0,""dig_dead"":1,""fertilize_dead"":0,""collect_dead"":3,""care_dead"":20,""tile_cap_units"":29,""fertilizer_forgone"":13,""care_unfed"":59,""animal_shed_days"":1,""idle_tile_days"":64,""weed_tile_days"":2,""hand_pass_turns"":379,""farmer_pass_turns"":63,""phantom_hand_actions"":0,""sell_floor_units"":240,""hire_premium"":3722,""shed_units_now"":0,""shed_value_now"":0.0,""animals_in_shed_now"":0,""seeds_unplanted_now"":0,""seeds_unplanted_cost_now"":0.0}]}",{},
B0_v124,B0_v124_source,souvik_v4,souvik,2026092408,0,78822.0,69039.0,9783.0,W,kagsim,4.085647,0,0,0,0,0,0,0,0,fc65e44e43ee8aebad50cb264faaca5959fc46ba0132006384b565f0b85ad872,"[{""step"":0,""shops"":[]},{""step"":72,""shops"":[""BRUNCH_SPOT""]},{""step"":144,""shops"":[""BRUNCH_SPOT"",""YARN_STORE""]},{""step"":216,""shops"":[""BRUNCH_SPOT"",""YARN_STORE"",""PET_CAFE""]},{""step"":288,""shops"":[""BRUNCH_SPOT"",""YARN_STORE"",""PET_CAFE"",""BAKERY""]},{""step"":360,""shops"":[""BRUNCH_SPOT"",""YARN_STORE"",""PET_CAFE"",""BAKERY"",""SMOOTHIE_SHOP""]},{""step"":432,""shops"":[""BRUNCH_SPOT"",""YARN_STORE"",""PET_CAFE"",""BAKERY"",""SMOOTHIE_SHOP"",""PET_CAFE""]},{""step"":504,""shops"":[""BRUNCH_SPOT"",""YARN_STORE"",""PET_CAFE"",""BAKERY"",""SMOOTHIE_SHOP"",""PET_CAFE"",""ICE_CREAM_SHOP""]},{""step"":576,""shops"":[""BRUNCH_SPOT"",""YARN_STORE"",""PET_CAFE"",""BAKERY"",""SMOOTHIE_SHOP"",""PET_CAFE"",""ICE_CREAM_SHOP"",""FARMERS_MARKET""]}]",experiments/round10_public_learning_20260924/evaluations/b1_regression/replays/B0_v124/souvik_v4/seed_2026092408_seat_0.json.gz,346d6d123cf9175949b0afc296f9320b0a80d08481babdea78b768bb7ec6744e,0f0c95d52e82840488078a2feecf9ca4d3c59e9337d3273bf7c64ca572c0e51f,540d92b8982b9b387946a7c40731ee4ea81bcff5957ad39aadcc05813e57046b,0fe077cc65622d6f6828160d90b617595a4aa7ea188e4afc67bfee8e4d290c92,"{""players"":[{""sell_dead_units"":19405,""refused_buy_product"":0,""refused_buy_seed"":0,""refused_buy_animal"":0,""refused_hire"":0,""refused_buy_land"":0,""hire_paid"":5926,""sell_zero_fill"":0,""buy_zero_fill"":0,""sell_revenue"":104627.0,""total_spend"":28805.0,""shed_discarded_units"":2,""sold_units"":1551,""feed_no_wheat"":5,""feed_no_animal"":18,""feed_redundant"":0,""water_dead"":6,""harvest_dead"":23,""plant_dead"":0,""animals_escaped"":0,""escape_capital"":0.0,""escape_yield_units"":0,""escape_first_day"":-1,""animal_unfed_days"":61,""plants_dry"":1,""dry_seed_cost"":100.0,""dry_yield_units"":0,""dry_first_day"":21,""plant_unwatered_days"":379,""decay_units"":18,""plants_decayed"":18,""silent_loss_coins"":100.0,""silent_loss_units"":20,""dead_actions"":106,""move_dead"":0,""locked_dead"":0,""pickup_dead"":1,""drop_dead"":0,""place_dead"":3,""build_dead"":0,""dig_dead"":1,""fertilize_dead"":1,""collect_dead"":25,""care_dead"":23,""tile_cap_units"":10,""fertilizer_forgone"":11,""care_unfed"":57,""animal_shed_days"":0,""idle_tile_days"":64,""weed_tile_days"":1,""hand_pass_turns"":550,""farmer_pass_turns"":71,""phantom_hand_actions"":0,""sell_floor_units"":107,""hire_premium"":5643,""shed_units_now"":0,""shed_value_now"":0.0,""animals_in_shed_now"":0,""seeds_unplanted_now"":1,""seeds_unplanted_cost_now"":10.0},{""sell_dead_units"":23,""refused_buy_product"":14,""refused_buy_seed"":0,""refused_buy_animal"":0,""refused_hire"":0,""refused_buy_land"":0,""hire_paid"":5544,""sell_zero_fill"":1,""buy_zero_fill"":6,""sell_revenue"":95629.0,""total_spend"":29590.0,""shed_discarded_units"":4,""sold_units"":1483,""feed_no_wheat"":0,""feed_no_animal"":0,""feed_redundant"":0,""water_dead"":20,""harvest_dead"":20,""plant_dead"":0,""animals_escaped"":9,""escape_capital"":3600.0,""escape_yield_units"":0,""escape_first_day"":25,""animal_unfed_days"":45,""plants_dry"":1,""dry_seed_cost"":10.0,""dry_yield_units"":1,""dry_first_day"":19,""plant_unwatered_days"":377,""decay_units"":25,""plants_decayed"":24,""silent_loss_coins"":3610.0,""silent_loss_units"":30,""dead_actions"":85,""move_dead"":0,""locked_dead"":0,""pickup_dead"":1,""drop_dead"":0,""place_dead"":6,""build_dead"":0,""dig_dead"":0,""fertilize_dead"":0,""collect_dead"":29,""care_dead"":9,""tile_cap_units"":2,""fertilizer_forgone"":10,""care_unfed"":27,""animal_shed_days"":1,""idle_tile_days"":61,""weed_tile_days"":1,""hand_pass_turns"":529,""farmer_pass_turns"":67,""phantom_hand_actions"":0,""sell_floor_units"":202,""hire_premium"":5262,""shed_units_now"":0,""shed_value_now"":0.0,""animals_in_shed_now"":0,""seeds_unplanted_now"":24,""seeds_unplanted_cost_now"":240.0}]}",{},
B0_v124,B0_v124_source,souvik_v4,souvik,2026092408,1,78822.0,69039.0,9783.0,W,kagsim,4.017307,0,0,0,0,0,0,0,0,fc65e44e43ee8aebad50cb264faaca5959fc46ba0132006384b565f0b85ad872,"[{""step"":0,""shops"":[]},{""step"":72,""shops"":[""BRUNCH_SPOT""]},{""step"":144,""shops"":[""BRUNCH_SPOT"",""YARN_STORE""]},{""step"":216,""shops"":[""BRUNCH_SPOT"",""YARN_STORE"",""PET_CAFE""]},{""step"":288,""shops"":[""BRUNCH_SPOT"",""YARN_STORE"",""PET_CAFE"",""BAKERY""]},{""step"":360,""shops"":[""BRUNCH_SPOT"",""YARN_STORE"",""PET_CAFE"",""BAKERY"",""SMOOTHIE_SHOP""]},{""step"":432,""shops"":[""BRUNCH_SPOT"",""YARN_STORE"",""PET_CAFE"",""BAKERY"",""SMOOTHIE_SHOP"",""PET_CAFE""]},{""step"":504,""shops"":[""BRUNCH_SPOT"",""YARN_STORE"",""PET_CAFE"",""BAKERY"",""SMOOTHIE_SHOP"",""PET_CAFE"",""ICE_CREAM_SHOP""]},{""step"":576,""shops"":[""BRUNCH_SPOT"",""YARN_STORE"",""PET_CAFE"",""BAKERY"",""SMOOTHIE_SHOP"",""PET_CAFE"",""ICE_CREAM_SHOP"",""FARMERS_MARKET""]}]",experiments/round10_public_learning_20260924/evaluations/b1_regression/replays/B0_v124/souvik_v4/seed_2026092408_seat_1.json.gz,9ac3aebad82c5456c7750b8ae049170f086734d9be2e35ce13ee3011abb4ae1d,0f0c95d52e82840488078a2feecf9ca4d3c59e9337d3273bf7c64ca572c0e51f,540d92b8982b9b387946a7c40731ee4ea81bcff5957ad39aadcc05813e57046b,0fe077cc65622d6f6828160d90b617595a4aa7ea188e4afc67bfee8e4d290c92,"{""players"":[{""sell_dead_units"":23,""refused_buy_product"":14,""refused_buy_seed"":0,""refused_buy_animal"":0,""refused_hire"":0,""refused_buy_land"":0,""hire_paid"":5544,""sell_zero_fill"":1,""buy_zero_fill"":6,""sell_revenue"":95629.0,""total_spend"":29590.0,""shed_discarded_units"":4,""sold_units"":1483,""feed_no_wheat"":0,""feed_no_animal"":0,""feed_redundant"":0,""water_dead"":20,""harvest_dead"":20,""plant_dead"":0,""animals_escaped"":9,""escape_capital"":3600.0,""escape_yield_units"":0,""escape_first_day"":25,""animal_unfed_days"":45,""plants_dry"":1,""dry_seed_cost"":10.0,""dry_yield_units"":1,""dry_first_day"":19,""plant_unwatered_days"":377,""decay_units"":25,""plants_decayed"":24,""silent_loss_coins"":3610.0,""silent_loss_units"":30,""dead_actions"":85,""move_dead"":0,""locked_dead"":0,""pickup_dead"":1,""drop_dead"":0,""place_dead"":6,""build_dead"":0,""dig_dead"":0,""fertilize_dead"":0,""collect_dead"":29,""care_dead"":9,""tile_cap_units"":2,""fertilizer_forgone"":10,""care_unfed"":27,""animal_shed_days"":1,""idle_tile_days"":61,""weed_tile_days"":1,""hand_pass_turns"":529,""farmer_pass_turns"":67,""phantom_hand_actions"":0,""sell_floor_units"":202,""hire_premium"":5262,""shed_units_now"":0,""shed_value_now"":0.0,""animals_in_shed_now"":0,""seeds_unplanted_now"":24,""seeds_unplanted_cost_now"":240.0},{""sell_dead_units"":19405,""refused_buy_product"":0,""refused_buy_seed"":0,""refused_buy_animal"":0,""refused_hire"":0,""refused_buy_land"":0,""hire_paid"":5926,""sell_zero_fill"":0,""buy_zero_fill"":0,""sell_revenue"":104627.0,""total_spend"":28805.0,""shed_discarded_units"":2,""sold_units"":1551,""feed_no_wheat"":5,""feed_no_animal"":18,""feed_redundant"":0,""water_dead"":6,""harvest_dead"":23,""plant_dead"":0,""animals_escaped"":0,""escape_capital"":0.0,""escape_yield_units"":0,""escape_first_day"":-1,""animal_unfed_days"":61,""plants_dry"":1,""dry_seed_cost"":100.0,""dry_yield_units"":0,""dry_first_day"":21,""plant_unwatered_days"":379,""decay_units"":18,""plants_decayed"":18,""silent_loss_coins"":100.0,""silent_loss_units"":20,""dead_actions"":106,""move_dead"":0,""locked_dead"":0,""pickup_dead"":1,""drop_dead"":0,""place_dead"":3,""build_dead"":0,""dig_dead"":1,""fertilize_dead"":1,""collect_dead"":25,""care_dead"":23,""tile_cap_units"":10,""fertilizer_forgone"":11,""care_unfed"":57,""animal_shed_days"":0,""idle_tile_days"":64,""weed_tile_days"":1,""hand_pass_turns"":550,""farmer_pass_turns"":71,""phantom_hand_actions"":0,""sell_floor_units"":107,""hire_premium"":5643,""shed_units_now"":0,""shed_value_now"":0.0,""animals_in_shed_now"":0,""seeds_unplanted_now"":1,""seeds_unplanted_cost_now"":10.0}]}",{},
B0_v124,B0_v124_source,souvik_v4,souvik,2026092409,0,135122.0,118270.0,16852.0,W,kagsim,3.631418,0,0,0,0,0,0,0,0,1f5c4222802fe0a0970aa015d78d4bdb1ddb248960d1241d29d49ed24e9775b2,"[{""step"":0,""shops"":[]},{""step"":72,""shops"":[""SMOOTHIE_SHOP""]},{""step"":144,""shops"":[""SMOOTHIE_SHOP"",""PIZZA_SHOP""]},{""step"":216,""shops"":[""SMOOTHIE_SHOP"",""PIZZA_SHOP"",""SMOOTHIE_SHOP""]},{""step"":288,""shops"":[""SMOOTHIE_SHOP"",""PIZZA_SHOP"",""SMOOTHIE_SHOP"",""PIZZA_SHOP""]},{""step"":360,""shops"":[""SMOOTHIE_SHOP"",""PIZZA_SHOP"",""SMOOTHIE_SHOP"",""PIZZA_SHOP"",""YARN_STORE""]},{""step"":432,""shops"":[""SMOOTHIE_SHOP"",""PIZZA_SHOP"",""SMOOTHIE_SHOP"",""PIZZA_SHOP"",""YARN_STORE"",""SMOOTHIE_SHOP""]},{""step"":504,""shops"":[""SMOOTHIE_SHOP"",""PIZZA_SHOP"",""SMOOTHIE_SHOP"",""PIZZA_SHOP"",""YARN_STORE"",""SMOOTHIE_SHOP"",""BRUNCH_SPOT""]},{""step"":576,""shops"":[""SMOOTHIE_SHOP"",""PIZZA_SHOP"",""SMOOTHIE_SHOP"",""PIZZA_SHOP"",""YARN_STORE"",""SMOOTHIE_SHOP"",""BRUNCH_SPOT"",""FARMERS_MARKET""]}]",experiments/round10_public_learning_20260924/evaluations/b1_regression/replays/B0_v124/souvik_v4/seed_2026092409_seat_0.json.gz,3c5344d834254bd5e2b918a57ab17a509ce085b7a1ccb1e2740e9f04c0ed28cc,0f0c95d52e82840488078a2feecf9ca4d3c59e9337d3273bf7c64ca572c0e51f,540d92b8982b9b387946a7c40731ee4ea81bcff5957ad39aadcc05813e57046b,0fe077cc65622d6f6828160d90b617595a4aa7ea188e4afc67bfee8e4d290c92,"{""players"":[{""sell_dead_units"":16977,""refused_buy_product"":0,""refused_buy_seed"":0,""refused_buy_animal"":0,""refused_hire"":0,""refused_buy_land"":0,""hire_paid"":3630,""sell_zero_fill"":0,""buy_zero_fill"":0,""sell_revenue"":170030.0,""total_spend"":37908.0,""shed_discarded_units"":4,""sold_units"":1804,""feed_no_wheat"":0,""feed_no_animal"":0,""feed_redundant"":0,""water_dead"":9,""harvest_dead"":5,""plant_dead"":0,""animals_escaped"":0,""escape_capital"":0.0,""escape_yield_units"":0,""escape_first_day"":-1,""animal_unfed_days"":37,""plants_dry"":1,""dry_seed_cost"":100.0,""dry_yield_units"":0,""dry_first_day"":21,""plant_unwatered_days"":381,""decay_units"":18,""plants_decayed"":18,""silent_loss_coins"":100.0,""silent_loss_units"":22,""dead_actions"":42,""move_dead"":0,""locked_dead"":0,""pickup_dead"":0,""drop_dead"":0,""place_dead"":1,""build_dead"":0,""dig_dead"":3,""fertilize_dead"":0,""collect_dead"":8,""care_dead"":16,""tile_cap_units"":11,""fertilizer_forgone"":16,""care_unfed"":33,""animal_shed_days"":1,""idle_tile_days"":64,""weed_tile_days"":2,""hand_pass_turns"":359,""farmer_pass_turns"":60,""phantom_hand_actions"":0,""sell_floor_units"":37,""hire_premium"":3370,""shed_units_now"":0,""shed_value_now"":0.0,""animals_in_shed_now"":0,""seeds_unplanted_now"":1,""seeds_unplanted_cost_now"":10.0},{""sell_dead_units"":20,""refused_buy_product"":7,""refused_buy_seed"":0,""refused_buy_animal"":0,""refused_hire"":0,""refused_buy_land"":0,""hire_paid"":5578,""sell_zero_fill"":1,""buy_zero_fill"":4,""sell_revenue"":144591.0,""total_spend"":29321.0,""shed_discarded_units"":34,""sold_units"":1489,""feed_no_wheat"":1,""feed_no_animal"":18,""feed_redundant"":0,""water_dead"":20,""harvest_dead"":12,""plant_dead"":0,""animals_escaped"":1,""escape_capital"":400.0,""escape_yield_units"":0,""escape_first_day"":8,""animal_unfed_days"":35,""plants_dry"":1,""dry_seed_cost"":10.0,""dry_yield_units"":1,""dry_first_day"":19,""plant_unwatered_days"":377,""decay_units"":25,""plants_decayed"":24,""silent_loss_coins"":410.0,""silent_loss_units"":60,""dead_actions"":115,""move_dead"":0,""locked_dead"":0,""pickup_dead"":2,""drop_dead"":0,""place_dead"":9,""build_dead"":0,""dig_dead"":0,""fertilize_dead"":2,""collect_dead"":23,""care_dead"":28,""tile_cap_units"":21,""fertilizer_forgone"":10,""care_unfed"":18,""animal_shed_days"":1,""idle_tile_days"":61,""weed_tile_days"":1,""hand_pass_turns"":470,""farmer_pass_turns"":58,""phantom_hand_actions"":0,""sell_floor_units"":58,""hire_premium"":5295,""shed_units_now"":0,""shed_value_now"":0.0,""animals_in_shed_now"":0,""seeds_unplanted_now"":24,""seeds_unplanted_cost_now"":240.0}]}",{},
B0_v124,B0_v124_source,souvik_v4,souvik,2026092409,1,135122.0,118270.0,16852.0,W,kagsim,3.661734,0,0,0,0,0,0,0,0,1f5c4222802fe0a0970aa015d78d4bdb1ddb248960d1241d29d49ed24e9775b2,"[{""step"":0,""shops"":[]},{""step"":72,""shops"":[""SMOOTHIE_SHOP""]},{""step"":144,""shops"":[""SMOOTHIE_SHOP"",""PIZZA_SHOP""]},{""step"":216,""shops"":[""SMOOTHIE_SHOP"",""PIZZA_SHOP"",""SMOOTHIE_SHOP""]},{""step"":288,""shops"":[""SMOOTHIE_SHOP"",""PIZZA_SHOP"",""SMOOTHIE_SHOP"",""PIZZA_SHOP""]},{""step"":360,""shops"":[""SMOOTHIE_SHOP"",""PIZZA_SHOP"",""SMOOTHIE_SHOP"",""PIZZA_SHOP"",""YARN_STORE""]},{""step"":432,""shops"":[""SMOOTHIE_SHOP"",""PIZZA_SHOP"",""SMOOTHIE_SHOP"",""PIZZA_SHOP"",""YARN_STORE"",""SMOOTHIE_SHOP""]},{""step"":504,""shops"":[""SMOOTHIE_SHOP"",""PIZZA_SHOP"",""SMOOTHIE_SHOP"",""PIZZA_SHOP"",""YARN_STORE"",""SMOOTHIE_SHOP"",""BRUNCH_SPOT""]},{""step"":576,""shops"":[""SMOOTHIE_SHOP"",""PIZZA_SHOP"",""SMOOTHIE_SHOP"",""PIZZA_SHOP"",""YARN_STORE"",""SMOOTHIE_SHOP"",""BRUNCH_SPOT"",""FARMERS_MARKET""]}]",experiments/round10_public_learning_20260924/evaluations/b1_regression/replays/B0_v124/souvik_v4/seed_2026092409_seat_1.json.gz,fc1817da549ecdecbd355f8143671cf834beac97adb4bf4e108e87547a7b4283,0f0c95d52e82840488078a2feecf9ca4d3c59e9337d3273bf7c64ca572c0e51f,540d92b8982b9b387946a7c40731ee4ea81bcff5957ad39aadcc05813e57046b,0fe077cc65622d6f6828160d90b617595a4aa7ea188e4afc67bfee8e4d290c92,"{""players"":[{""sell_dead_units"":20,""refused_buy_product"":7,""refused_buy_seed"":0,""refused_buy_animal"":0,""refused_hire"":0,""refused_buy_land"":0,""hire_paid"":5578,""sell_zero_fill"":1,""buy_zero_fill"":4,""sell_revenue"":144591.0,""total_spend"":29321.0,""shed_discarded_units"":34,""sold_units"":1489,""feed_no_wheat"":1,""feed_no_animal"":18,""feed_redundant"":0,""water_dead"":20,""harvest_dead"":12,""plant_dead"":0,""animals_escaped"":1,""escape_capital"":400.0,""escape_yield_units"":0,""escape_first_day"":8,""animal_unfed_days"":35,""plants_dry"":1,""dry_seed_cost"":10.0,""dry_yield_units"":1,""dry_first_day"":19,""plant_unwatered_days"":377,""decay_units"":25,""plants_decayed"":24,""silent_loss_coins"":410.0,""silent_loss_units"":60,""dead_actions"":115,""move_dead"":0,""locked_dead"":0,""pickup_dead"":2,""drop_dead"":0,""place_dead"":9,""build_dead"":0,""dig_dead"":0,""fertilize_dead"":2,""collect_dead"":23,""care_dead"":28,""tile_cap_units"":21,""fertilizer_forgone"":10,""care_unfed"":18,""animal_shed_days"":1,""idle_tile_days"":61,""weed_tile_days"":2,""hand_pass_turns"":470,""farmer_pass_turns"":58,""phantom_hand_actions"":0,""sell_floor_units"":58,""hire_premium"":5295,""shed_units_now"":0,""shed_value_now"":0.0,""animals_in_shed_now"":0,""seeds_unplanted_now"":24,""seeds_unplanted_cost_now"":240.0},{""sell_dead_units"":16977,""refused_buy_product"":0,""refused_buy_seed"":0,""refused_buy_animal"":0,""refused_hire"":0,""refused_buy_land"":0,""hire_paid"":3630,""sell_zero_fill"":0,""buy_zero_fill"":0,""sell_revenue"":170030.0,""total_spend"":37908.0,""shed_discarded_units"":4,""sold_units"":1804,""feed_no_wheat"":0,""feed_no_animal"":0,""feed_redundant"":0,""water_dead"":9,""harvest_dead"":5,""plant_dead"":0,""animals_escaped"":0,""escape_capital"":0.0,""escape_yield_units"":0,""escape_first_day"":-1,""animal_unfed_days"":37,""plants_dry"":1,""dry_seed_cost"":100.0,""dry_yield_units"":0,""dry_first_day"":21,""plant_unwatered_days"":381,""decay_units"":18,""plants_decayed"":18,""silent_loss_coins"":100.0,""silent_loss_units"":22,""dead_actions"":42,""move_dead"":0,""locked_dead"":0,""pickup_dead"":0,""drop_dead"":0,""place_dead"":1,""build_dead"":0,""dig_dead"":3,""fertilize_dead"":0,""collect_dead"":8,""care_dead"":16,""tile_cap_units"":11,""fertilizer_forgone"":16,""care_unfed"":33,""animal_shed_days"":1,""idle_tile_days"":64,""weed_tile_days"":1,""hand_pass_turns"":359,""farmer_pass_turns"":60,""phantom_hand_actions"":0,""sell_floor_units"":37,""hire_premium"":3370,""shed_units_now"":0,""shed_value_now"":0.0,""animals_in_shed_now"":0,""seeds_unplanted_now"":1,""seeds_unplanted_cost_now"":10.0}]}",{},
B0_v124,B0_v124_source,souvik_v4,souvik,2026092410,0,107644.0,92521.0,15123.0,W,kagsim,3.58632,0,0,0,0,0,0,0,0,b12b428d0c32e987277df9ba996593210ceb60ed4e849800337c436e0d2f5978,"[{""step"":0,""shops"":[]},{""step"":72,""shops"":[""YARN_STORE""]},{""step"":144,""shops"":[""YARN_STORE"",""BRUNCH_SPOT""]},{""step"":216,""shops"":[""YARN_STORE"",""BRUNCH_SPOT"",""YARN_STORE""]},{""step"":288,""shops"":[""YARN_STORE"",""BRUNCH_SPOT"",""YARN_STORE"",""SMOOTHIE_SHOP""]},{""step"":360,""shops"":[""YARN_STORE"",""BRUNCH_SPOT"",""YARN_STORE"",""SMOOTHIE_SHOP"",""SMOOTHIE_SHOP""]},{""step"":432,""shops"":[""YARN_STORE"",""BRUNCH_SPOT"",""YARN_STORE"",""SMOOTHIE_SHOP"",""SMOOTHIE_SHOP"",""YARN_STORE""]},{""step"":504,""shops"":[""YARN_STORE"",""BRUNCH_SPOT"",""YARN_STORE"",""SMOOTHIE_SHOP"",""SMOOTHIE_SHOP"",""YARN_STORE"",""ICE_CREAM_SHOP""]},{""step"":576,""shops"":[""YARN_STORE"",""BRUNCH_SPOT"",""YARN_STORE"",""SMOOTHIE_SHOP"",""SMOOTHIE_SHOP"",""YARN_STORE"",""ICE_CREAM_SHOP"",""FARMERS_MARKET""]}]",experiments/round10_public_learning_20260924/evaluations/b1_regression/replays/B0_v124/souvik_v4/seed_2026092410_seat_0.json.gz,dd3c450c0a1f2c5a280b2cf1a9423e3b56b11c149a7ac2a40306680ca0d3bb53,0f0c95d52e82840488078a2feecf9ca4d3c59e9337d3273bf7c64ca572c0e51f,540d92b8982b9b387946a7c40731ee4ea81bcff5957ad39aadcc05813e57046b,0fe077cc65622d6f6828160d90b617595a4aa7ea188e4afc67bfee8e4d290c92,"{""players"":[{""sell_dead_units"":18422,""refused_buy_product"":0,""refused_buy_seed"":0,""refused_buy_animal"":0,""refused_hire"":0,""refused_buy_land"":0,""hire_paid"":5549,""sell_zero_fill"":0,""buy_zero_fill"":0,""sell_revenue"":133377.0,""total_spend"":28733.0,""shed_discarded_units"":42,""sold_units"":1491,""feed_no_wheat"":0,""feed_no_animal"":18,""feed_redundant"":0,""water_dead"":16,""harvest_dead"":23,""plant_dead"":0,""animals_escaped"":0,""escape_capital"":0.0,""escape_yield_units"":0,""escape_first_day"":-1,""animal_unfed_days"":57,""plants_dry"":1,""dry_seed_cost"":100.0,""dry_yield_units"":0,""dry_first_day"":21,""plant_unwatered_days"":380,""decay_units"":18,""plants_decayed"":18,""silent_loss_coins"":100.0,""silent_loss_units"":60,""dead_actions"":113,""move_dead"":0,""locked_dead"":2,""pickup_dead"":1,""drop_dead"":0,""place_dead"":3,""build_dead"":0,""dig_dead"":1,""fertilize_dead"":1,""collect_dead"":25,""care_dead"":23,""tile_cap_units"":2,""fertilizer_forgone"":11,""care_unfed"":54,""animal_shed_days"":0,""idle_tile_days"":64,""weed_tile_days"":2,""hand_pass_turns"":526,""farmer_pass_turns"":74,""phantom_hand_actions"":0,""sell_floor_units"":39,""hire_premium"":5269,""shed_units_now"":0,""shed_value_now"":0.0,""animals_in_shed_now"":0,""seeds_unplanted_now"":1,""seeds_unplanted_cost_now"":10.0},{""sell_dead_units"":21,""refused_buy_product"":2,""refused_buy_seed"":0,""refused_buy_animal"":0,""refused_hire"":0,""refused_buy_land"":0,""hire_paid"":5832,""sell_zero_fill"":1,""buy_zero_fill"":0,""sell_revenue"":119647.0,""total_spend"":30126.0,""shed_discarded_units"":0,""sold_units"":1535,""feed_no_wheat"":0,""feed_no_animal"":0,""feed_redundant"":0,""water_dead"":19,""harvest_dead"":4,""plant_dead"":0,""animals_escaped"":0,""escape_capital"":0.0,""escape_yield_units"":0,""escape_first_day"":-1,""animal_unfed_days"":36,""plants_dry"":2,""dry_seed_cost"":20.0,""dry_yield_units"":2,""dry_first_day"":15,""plant_unwatered_days"":381,""decay_units"":25,""plants_decayed"":24,""silent_loss_coins"":20.0,""silent_loss_units"":27,""dead_actions"":35,""move_dead"":0,""locked_dead"":0,""pickup_dead"":1,""drop_dead"":0,""place_dead"":2,""build_dead"":0,""dig_dead"":0,""fertilize_dead"":0,""collect_dead"":0,""care_dead"":9,""tile_cap_units"":2,""fertilizer_forgone"":10,""care_unfed"":19,""animal_shed_days"":1,""idle_tile_days"":66,""weed_tile_days"":2,""hand_pass_turns"":524,""farmer_pass_turns"":61,""phantom_hand_actions"":0,""sell_floor_units"":132,""hire_premium"":5548,""shed_units_now"":0,""shed_value_now"":0.0,""animals_in_shed_now"":0,""seeds_unplanted_now"":0,""seeds_unplanted_cost_now"":0.0}]}",{},
B0_v124,B0_v124_source,souvik_v4,souvik,2026092410,1,103385.0,88508.0,14877.0,W,kagsim,3.593214,0,0,0,0,0,0,0,0,f060a3cba23cc94eb3522ecddfbbde9d0b94c5d8aed0e1d9424e4c8936fceb06,"[{""step"":0,""shops"":[]},{""step"":72,""shops"":[""YARN_STORE""]},{""step"":144,""shops"":[""YARN_STORE"",""BRUNCH_SPOT""]},{""step"":216,""shops"":[""YARN_STORE"",""BRUNCH_SPOT"",""YARN_STORE""]},{""step"":288,""shops"":[""YARN_STORE"",""BRUNCH_SPOT"",""YARN_STORE"",""SMOOTHIE_SHOP""]},{""step"":360,""shops"":[""YARN_STORE"",""BRUNCH_SPOT"",""YARN_STORE"",""SMOOTHIE_SHOP"",""PIZZA_SHOP""]},{""step"":432,""shops"":[""YARN_STORE"",""BRUNCH_SPOT"",""YARN_STORE"",""SMOOTHIE_SHOP"",""PIZZA_SHOP"",""YARN_STORE""]},{""step"":504,""shops"":[""YARN_STORE"",""BRUNCH_SPOT"",""YARN_STORE"",""SMOOTHIE_SHOP"",""PIZZA_SHOP"",""YARN_STORE"",""ICE_CREAM_SHOP""]},{""step"":576,""shops"":[""YARN_STORE"",""BRUNCH_SPOT"",""YARN_STORE"",""SMOOTHIE_SHOP"",""PIZZA_SHOP"",""YARN_STORE"",""ICE_CREAM_SHOP"",""FARMERS_MARKET""]}]",experiments/round10_public_learning_20260924/evaluations/b1_regression/replays/B0_v124/souvik_v4/seed_2026092410_seat_1.json.gz,5fa811d3b2666d44447f9b5b8db50ff7f7876eb4218a24578a71caeb2b59bb80,0f0c95d52e82840488078a2feecf9ca4d3c59e9337d3273bf7c64ca572c0e51f,540d92b8982b9b387946a7c40731ee4ea81bcff5957ad39aadcc05813e57046b,0fe077cc65622d6f6828160d90b617595a4aa7ea188e4afc67bfee8e4d290c92,"{""players"":[{""sell_dead_units"":21,""refused_buy_product"":2,""refused_buy_seed"":0,""refused_buy_animal"":0,""refused_hire"":0,""refused_buy_land"":0,""hire_paid"":5832,""sell_zero_fill"":1,""buy_zero_fill"":0,""sell_revenue"":115624.0,""total_spend"":30116.0,""shed_discarded_units"":0,""sold_units"":1532,""feed_no_wheat"":0,""feed_no_animal"":0,""feed_redundant"":0,""water_dead"":22,""harvest_dead"":5,""plant_dead"":0,""animals_escaped"":0,""escape_capital"":0.0,""escape_yield_units"":0,""escape_first_day"":-1,""animal_unfed_days"":36,""plants_dry"":2,""dry_seed_cost"":20.0,""dry_yield_units"":2,""dry_first_day"":15,""plant_unwatered_days"":380,""decay_units"":25,""plants_decayed"":24,""silent_loss_coins"":20.0,""silent_loss_units"":27,""dead_actions"":39,""move_dead"":0,""locked_dead"":0,""pickup_dead"":1,""drop_dead"":0,""place_dead"":2,""build_dead"":0,""dig_dead"":0,""fertilize_dead"":0,""collect_dead"":0,""care_dead"":9,""tile_cap_units"":2,""fertilizer_forgone"":10,""care_unfed"":19,""animal_shed_days"":1,""idle_tile_days"":69,""weed_tile_days"":3,""hand_pass_turns"":524,""farmer_pass_turns"":61,""phantom_hand_actions"":0,""sell_floor_units"":179,""hire_premium"":5548,""shed_units_now"":0,""shed_value_now"":0.0,""animals_in_shed_now"":0,""seeds_unplanted_now"":1,""seeds_unplanted_cost_now"":10.0},{""sell_dead_units"":19438,""refused_buy_product"":0,""refused_buy_seed"":0,""refused_buy_animal"":0,""refused_hire"":0,""refused_buy_land"":0,""hire_paid"":4973,""sell_zero_fill"":0,""buy_zero_fill"":0,""sell_revenue"":128802.0,""total_spend"":28417.0,""shed_discarded_units"":51,""sold_units"":1455,""feed_no_wheat"":0,""feed_no_animal"":18,""feed_redundant"":0,""water_dead"":15,""harvest_dead"":23,""plant_dead"":0,""animals_escaped"":0,""escape_capital"":0.0,""escape_yield_units"":0,""escape_first_day"":-1,""animal_unfed_days"":32,""plants_dry"":2,""dry_seed_cost"":110.0,""dry_yield_units"":1,""dry_first_day"":15,""plant_unwatered_days"":380,""decay_units"":18,""plants_decayed"":18,""silent_loss_coins"":110.0,""silent_loss_units"":70,""dead_actions"":111,""move_dead"":1,""locked_dead"":2,""pickup_dead"":1,""drop_dead"":0,""place_dead"":3,""build_dead"":0,""dig_dead"":0,""fertilize_dead"":1,""collect_dead"":24,""care_dead"":23,""tile_cap_units"":1,""fertilizer_forgone"":11,""care_unfed"":29,""animal_shed_days"":0,""idle_tile_days"":64,""weed_tile_days"":2,""hand_pass_turns"":505,""farmer_pass_turns"":70,""phantom_hand_actions"":0,""sell_floor_units"":81,""hire_premium"":4697,""shed_units_now"":0,""shed_value_now"":0.0,""animals_in_shed_now"":0,""seeds_unplanted_now"":0,""seeds_unplanted_cost_now"":0.0}]}",{},
B1_herd_safe,B1_public_source,mooman_e052a,mooman,2026092407,0,70898.0,57342.0,13556.0,W,kagsim,23.466358,0,0,0,0,0,0,0,0,83a1e1def3a4d86f1eea73bb44de5b1b387dd44f243a722fb9709a1779a24134,"[{""step"":0,""shops"":[]},{""step"":72,""shops"":[""BAKERY""]},{""step"":144,""shops"":[""BAKERY"",""BRUNCH_SPOT""]},{""step"":216,""shops"":[""BAKERY"",""BRUNCH_SPOT"",""BRUNCH_SPOT""]},{""step"":288,""shops"":[""BAKERY"",""BRUNCH_SPOT"",""BRUNCH_SPOT"",""BAKERY""]},{""step"":360,""shops"":[""BAKERY"",""BRUNCH_SPOT"",""BRUNCH_SPOT"",""BAKERY"",""PIZZA_SHOP""]},{""step"":432,""shops"":[""BAKERY"",""BRUNCH_SPOT"",""BRUNCH_SPOT"",""BAKERY"",""PIZZA_SHOP"",""PET_CAFE""]},{""step"":504,""shops"":[""BAKERY"",""BRUNCH_SPOT"",""BRUNCH_SPOT"",""BAKERY"",""PIZZA_SHOP"",""PET_CAFE"",""YARN_STORE""]},{""step"":576,""shops"":[""BAKERY"",""BRUNCH_SPOT"",""BRUNCH_SPOT"",""BAKERY"",""PIZZA_SHOP"",""PET_CAFE"",""YARN_STORE"",""BAKERY""]}]",experiments/round10_public_learning_20260924/evaluations/b1_regression/replays/B1_herd_safe/mooman_e052a/seed_2026092407_seat_0.json.gz,23165600c1e75a8a404d6d72c26489b1981afc70ed6903168b8431c920e77137,b6553c296c556aff5b5e2d12b75618e505fa4d852afb5338414ac6d6e039cb02,a5fb09be01ac6558e84c1e4c8e91c3848f6a8f7aaf4c603f0426f07179cee362,0fe077cc65622d6f6828160d90b617595a4aa7ea188e4afc67bfee8e4d290c92,"{""players"":[{""sell_dead_units"":220,""refused_buy_product"":35,""refused_buy_seed"":0,""refused_buy_animal"":0,""refused_hire"":0,""refused_buy_land"":0,""hire_paid"":4308,""sell_zero_fill"":38,""buy_zero_fill"":1,""sell_revenue"":241113.0,""total_spend"":173215.0,""shed_discarded_units"":11,""sold_units"":4863,""feed_no_wheat"":0,""feed_no_animal"":0,""feed_redundant"":0,""water_dead"":12,""harvest_dead"":4,""plant_dead"":0,""animals_escaped"":0,""escape_capital"":0.0,""escape_yield_units"":0,""escape_first_day"":-1,""animal_unfed_days"":100,""plants_dry"":2,""dry_seed_cost"":120.0,""dry_yield_units"":1,""dry_first_day"":21,""plant_unwatered_days"":388,""decay_units"":18,""plants_decayed"":18,""silent_loss_coins"":120.0,""silent_loss_units"":30,""dead_actions"":45,""move_dead"":0,""locked_dead"":0,""pickup_dead"":0,""drop_dead"":0,""place_dead"":1,""build_dead"":0,""dig_dead"":2,""fertilize_dead"":0,""collect_dead"":3,""care_dead"":23,""tile_cap_units"":18,""fertilizer_forgone"":18,""care_unfed"":96,""animal_shed_days"":1,""idle_tile_days"":64,""weed_tile_days"":2,""hand_pass_turns"":388,""farmer_pass_turns"":71,""phantom_hand_actions"":0,""sell_floor_units"":144,""hire_premium"":4041,""shed_units_now"":0,""shed_value_now"":0.0,""animals_in_shed_now"":0,""seeds_unplanted_now"":1,""seeds_unplanted_cost_now"":10.0},{""sell_dead_units"":25,""refused_buy_product"":18,""refused_buy_seed"":0,""refused_buy_animal"":0,""refused_hire"":0,""refused_buy_land"":0,""hire_paid"":5489,""sell_zero_fill"":3,""buy_zero_fill"":7,""sell_revenue"":83237.0,""total_spend"":28895.0,""shed_discarded_units"":9,""sold_units"":1459,""feed_no_wheat"":4,""feed_no_animal"":14,""feed_redundant"":0,""water_dead"":20,""harvest_dead"":20,""plant_dead"":0,""animals_escaped"":14,""escape_capital"":6100.0,""escape_yield_units"":0,""escape_first_day"":8,""animal_unfed_days"":48,""plants_dry"":1,""dry_seed_cost"":10.0,""dry_yield_units"":1,""dry_first_day"":19,""plant_unwatered_days"":377,""decay_units"":25,""plants_decayed"":24,""silent_loss_coins"":6110.0,""silent_loss_units"":35,""dead_actions"":136,""move_dead"":0,""locked_dead"":0,""pickup_dead"":1,""drop_dead"":0,""place_dead"":11,""build_dead"":0,""dig_dead"":0,""fertilize_dead"":0,""collect_dead"":40,""care_dead"":26,""tile_cap_units"":21,""fertilizer_forgone"":6,""care_unfed"":30,""animal_shed_days"":1,""idle_tile_days"":61,""weed_tile_days"":1,""hand_pass_turns"":541,""farmer_pass_turns"":61,""phantom_hand_actions"":2,""sell_floor_units"":222,""hire_premium"":5207,""shed_units_now"":0,""shed_value_now"":0.0,""animals_in_shed_now"":0,""seeds_unplanted_now"":24,""seeds_unplanted_cost_now"":240.0}]}",{},
B1_herd_safe,B1_public_source,mooman_e052a,mooman,2026092407,1,70898.0,57342.0,13556.0,W,kagsim,22.82912,0,0,0,0,0,0,0,0,83a1e1def3a4d86f1eea73bb44de5b1b387dd44f243a722fb9709a1779a24134,"[{""step"":0,""shops"":[]},{""step"":72,""shops"":[""BAKERY""]},{""step"":144,""shops"":[""BAKERY"",""BRUNCH_SPOT""]},{""step"":216,""shops"":[""BAKERY"",""BRUNCH_SPOT"",""BRUNCH_SPOT""]},{""step"":288,""shops"":[""BAKERY"",""BRUNCH_SPOT"",""BRUNCH_SPOT"",""BAKERY""]},{""step"":360,""shops"":[""BAKERY"",""BRUNCH_SPOT"",""BRUNCH_SPOT"",""BAKERY"",""PIZZA_SHOP""]},{""step"":432,""shops"":[""BAKERY"",""BRUNCH_SPOT"",""BRUNCH_SPOT"",""BAKERY"",""PIZZA_SHOP"",""PET_CAFE""]},{""step"":504,""shops"":[""BAKERY"",""BRUNCH_SPOT"",""BRUNCH_SPOT"",""BAKERY"",""PIZZA_SHOP"",""PET_CAFE"",""YARN_STORE""]},{""step"":576,""shops"":[""BAKERY"",""BRUNCH_SPOT"",""BRUNCH_SPOT"",""BAKERY"",""PIZZA_SHOP"",""PET_CAFE"",""YARN_STORE"",""BAKERY""]}]",experiments/round10_public_learning_20260924/evaluations/b1_regression/replays/B1_herd_safe/mooman_e052a/seed_2026092407_seat_1.json.gz,a4c7bc318930b2894722df1ebdf9bcb0ffb38b5e71f9545f95c8f9c68a2ca2df,b6553c296c556aff5b5e2d12b75618e505fa4d852afb5338414ac6d6e039cb02,a5fb09be01ac6558e84c1e4c8e91c3848f6a8f7aaf4c603f0426f07179cee362,0fe077cc65622d6f6828160d90b617595a4aa7ea188e4afc67bfee8e4d290c92,"{""players"":[{""sell_dead_units"":25,""refused_buy_product"":18,""refused_buy_seed"":0,""refused_buy_animal"":0,""refused_hire"":0,""refused_buy_land"":0,""hire_paid"":5489,""sell_zero_fill"":3,""buy_zero_fill"":7,""sell_revenue"":83237.0,""total_spend"":28895.0,""shed_discarded_units"":9,""sold_units"":1459,""feed_no_wheat"":4,""feed_no_animal"":14,""feed_redundant"":0,""water_dead"":20,""harvest_dead"":20,""plant_dead"":0,""animals_escaped"":14,""escape_capital"":6100.0,""escape_yield_units"":0,""escape_first_day"":8,""animal_unfed_days"":48,""plants_dry"":1,""dry_seed_cost"":10.0,""dry_yield_units"":1,""dry_first_day"":19,""plant_unwatered_days"":377,""decay_units"":25,""plants_decayed"":24,""silent_loss_coins"":6110.0,""silent_loss_units"":35,""dead_actions"":136,""move_dead"":0,""locked_dead"":0,""pickup_dead"":1,""drop_dead"":0,""place_dead"":11,""build_dead"":0,""dig_dead"":0,""fertilize_dead"":0,""collect_dead"":40,""care_dead"":26,""tile_cap_units"":21,""fertilizer_forgone"":6,""care_unfed"":30,""animal_shed_days"":1,""idle_tile_days"":61,""weed_tile_days"":1,""hand_pass_turns"":541,""farmer_pass_turns"":61,""phantom_hand_actions"":2,""sell_floor_units"":222,""hire_premium"":5207,""shed_units_now"":0,""shed_value_now"":0.0,""animals_in_shed_now"":0,""seeds_unplanted_now"":24,""seeds_unplanted_cost_now"":240.0},{""sell_dead_units"":220,""refused_buy_product"":35,""refused_buy_seed"":0,""refused_buy_animal"":0,""refused_hire"":0,""refused_buy_land"":0,""hire_paid"":4308,""sell_zero_fill"":38,""buy_zero_fill"":1,""sell_revenue"":241113.0,""total_spend"":173215.0,""shed_discarded_units"":11,""sold_units"":4863,""feed_no_wheat"":0,""feed_no_animal"":0,""feed_redundant"":0,""water_dead"":12,""harvest_dead"":4,""plant_dead"":0,""animals_escaped"":0,""escape_capital"":0.0,""escape_yield_units"":0,""escape_first_day"":-1,""animal_unfed_days"":100,""plants_dry"":2,""dry_seed_cost"":120.0,""dry_yield_units"":1,""dry_first_day"":21,""plant_unwatered_days"":388,""decay_units"":18,""plants_decayed"":18,""silent_loss_coins"":120.0,""silent_loss_units"":30,""dead_actions"":45,""move_dead"":0,""locked_dead"":0,""pickup_dead"":0,""drop_dead"":0,""place_dead"":1,""build_dead"":0,""dig_dead"":2,""fertilize_dead"":0,""collect_dead"":3,""care_dead"":23,""tile_cap_units"":18,""fertilizer_forgone"":18,""care_unfed"":96,""animal_shed_days"":1,""idle_tile_days"":64,""weed_tile_days"":2,""hand_pass_turns"":388,""farmer_pass_turns"":71,""phantom_hand_actions"":0,""sell_floor_units"":144,""hire_premium"":4041,""shed_units_now"":0,""shed_value_now"":0.0,""animals_in_shed_now"":0,""seeds_unplanted_now"":1,""seeds_unplanted_cost_now"":10.0}]}",{},
B1_herd_safe,B1_public_source,mooman_e052a,mooman,2026092408,0,111771.0,98250.0,13521.0,W,kagsim,21.532869,0,0,0,0,0,0,0,0,6472826f8af18313fb2082f44f275269bbe23389ef5b716c8ab3b615fd5e2119,"[{""step"":0,""shops"":[]},{""step"":72,""shops"":[""BRUNCH_SPOT""]},{""step"":144,""shops"":[""BRUNCH_SPOT"",""YARN_STORE""]},{""step"":216,""shops"":[""BRUNCH_SPOT"",""YARN_STORE"",""BAKERY""]},{""step"":288,""shops"":[""BRUNCH_SPOT"",""YARN_STORE"",""BAKERY"",""FARMERS_MARKET""]},{""step"":360,""shops"":[""BRUNCH_SPOT"",""YARN_STORE"",""BAKERY"",""FARMERS_MARKET"",""YARN_STORE""]},{""step"":432,""shops"":[""BRUNCH_SPOT"",""YARN_STORE"",""BAKERY"",""FARMERS_MARKET"",""YARN_STORE"",""YARN_STORE""]},{""step"":504,""shops"":[""BRUNCH_SPOT"",""YARN_STORE"",""BAKERY"",""FARMERS_MARKET"",""YARN_STORE"",""YARN_STORE"",""YARN_STORE""]},{""step"":576,""shops"":[""BRUNCH_SPOT"",""YARN_STORE"",""BAKERY"",""FARMERS_MARKET"",""YARN_STORE"",""YARN_STORE"",""YARN_STORE"",""FARMERS_MARKET""]}]",experiments/round10_public_learning_20260924/evaluations/b1_regression/replays/B1_herd_safe/mooman_e052a/seed_2026092408_seat_0.json.gz,80971a2a26e99129df4d894f81c2b9b79e6e3457755cb68d19982ed3646f3bac,b6553c296c556aff5b5e2d12b75618e505fa4d852afb5338414ac6d6e039cb02,a5fb09be01ac6558e84c1e4c8e91c3848f6a8f7aaf4c603f0426f07179cee362,0fe077cc65622d6f6828160d90b617595a4aa7ea188e4afc67bfee8e4d290c92,"{""players"":[{""sell_dead_units"":164,""refused_buy_product"":1,""refused_buy_seed"":0,""refused_buy_animal"":0,""refused_hire"":0,""refused_buy_land"":0,""hire_paid"":5659,""sell_zero_fill"":21,""buy_zero_fill"":1,""sell_revenue"":138459.0,""total_spend"":29688.0,""shed_discarded_units"":24,""sold_units"":1563,""feed_no_wheat"":0,""feed_no_animal"":0,""feed_redundant"":0,""water_dead"":1,""harvest_dead"":4,""plant_dead"":0,""animals_escaped"":0,""escape_capital"":0.0,""escape_yield_units"":0,""escape_first_day"":-1,""animal_unfed_days"":67,""plants_dry"":1,""dry_seed_cost"":100.0,""dry_yield_units"":0,""dry_first_day"":21,""plant_unwatered_days"":385,""decay_units"":18,""plants_decayed"":18,""silent_loss_coins"":100.0,""silent_loss_units"":42,""dead_actions"":17,""move_dead"":0,""locked_dead"":0,""pickup_dead"":0,""drop_dead"":0,""place_dead"":1,""build_dead"":0,""dig_dead"":2,""fertilize_dead"":0,""collect_dead"":4,""care_dead"":5,""tile_cap_units"":8,""fertilizer_forgone"":14,""care_unfed"":63,""animal_shed_days"":0,""idle_tile_days"":62,""weed_tile_days"":1,""hand_pass_turns"":623,""farmer_pass_turns"":82,""phantom_hand_actions"":0,""sell_floor_units"":166,""hire_premium"":5377,""shed_units_now"":0,""shed_value_now"":0.0,""animals_in_shed_now"":0,""seeds_unplanted_now"":0,""seeds_unplanted_cost_now"":0.0},{""sell_dead_units"":277,""refused_buy_product"":1,""refused_buy_seed"":2,""refused_buy_animal"":1,""refused_hire"":0,""refused_buy_land"":0,""hire_paid"":4947,""sell_zero_fill"":26,""buy_zero_fill"":0,""sell_revenue"":204801.0,""total_spend"":109551.0,""shed_discarded_units"":35,""sold_units"":3401,""feed_no_wheat"":0,""feed_no_animal"":19,""feed_redundant"":0,""water_dead"":32,""harvest_dead"":16,""plant_dead"":3,""animals_escaped"":0,""escape_capital"":0.0,""escape_yield_units"":0,""escape_first_day"":-1,""animal_unfed_days"":12,""plants_dry"":0,""dry_seed_cost"":0.0,""dry_yield_units"":0,""dry_first_day"":-1,""plant_unwatered_days"":354,""decay_units"":16,""plants_decayed"":16,""silent_loss_coins"":0.0,""silent_loss_units"":51,""dead_actions"":127,""move_dead"":0,""locked_dead"":0,""pickup_dead"":1,""drop_dead"":0,""place_dead"":1,""build_dead"":0,""dig_dead"":5,""fertilize_dead"":6,""collect_dead"":17,""care_dead"":27,""tile_cap_units"":1,""fertilizer_forgone"":12,""care_unfed"":11,""animal_shed_days"":0,""idle_tile_days"":110,""weed_tile_days"":0,""hand_pass_turns"":567,""farmer_pass_turns"":81,""phantom_hand_actions"":0,""sell_floor_units"":209,""hire_premium"":4668,""shed_units_now"":0,""shed_value_now"":0.0,""animals_in_shed_now"":0,""seeds_unplanted_now"":15,""seeds_unplanted_cost_now"":1230.0}]}",{},
B1_herd_safe,B1_public_source,mooman_e052a,mooman,2026092408,1,111771.0,98250.0,13521.0,W,kagsim,22.58093,0,0,0,0,0,0,0,0,6472826f8af18313fb2082f44f275269bbe23389ef5b716c8ab3b615fd5e2119,"[{""step"":0,""shops"":[]},{""step"":72,""shops"":[""BRUNCH_SPOT""]},{""step"":144,""shops"":[""BRUNCH_SPOT"",""YARN_STORE""]},{""step"":216,""shops"":[""BRUNCH_SPOT"",""YARN_STORE"",""BAKERY""]},{""step"":288,""shops"":[""BRUNCH_SPOT"",""YARN_STORE"",""BAKERY"",""FARMERS_MARKET""]},{""step"":360,""shops"":[""BRUNCH_SPOT"",""YARN_STORE"",""BAKERY"",""FARMERS_MARKET"",""YARN_STORE""]},{""step"":432,""shops"":[""BRUNCH_SPOT"",""YARN_STORE"",""BAKERY"",""FARMERS_MARKET"",""YARN_STORE"",""YARN_STORE""]},{""step"":504,""shops"":[""BRUNCH_SPOT"",""YARN_STORE"",""BAKERY"",""FARMERS_MARKET"",""YARN_STORE"",""YARN_STORE"",""YARN_STORE""]},{""step"":576,""shops"":[""BRUNCH_SPOT"",""YARN_STORE"",""BAKERY"",""FARMERS_MARKET"",""YARN_STORE"",""YARN_STORE"",""YARN_STORE"",""FARMERS_MARKET""]}]",experiments/round10_public_learning_20260924/evaluations/b1_regression/replays/B1_herd_safe/mooman_e052a/seed_2026092408_seat_1.json.gz,86eb290fe0c990f78087d8ec1875dd30ef954a10aa43690a79b911337627bfff,b6553c296c556aff5b5e2d12b75618e505fa4d852afb5338414ac6d6e039cb02,a5fb09be01ac6558e84c1e4c8e91c3848f6a8f7aaf4c603f0426f07179cee362,0fe077cc65622d6f6828160d90b617595a4aa7ea188e4afc67bfee8e4d290c92,"{""players"":[{""sell_dead_units"":277,""refused_buy_product"":1,""refused_buy_seed"":2,""refused_buy_animal"":1,""refused_hire"":0,""refused_buy_land"":0,""hire_paid"":4947,""sell_zero_fill"":26,""buy_zero_fill"":0,""sell_revenue"":204801.0,""total_spend"":109551.0,""shed_discarded_units"":35,""sold_units"":3401,""feed_no_wheat"":0,""feed_no_animal"":19,""feed_redundant"":0,""water_dead"":32,""harvest_dead"":16,""plant_dead"":3,""animals_escaped"":0,""escape_capital"":0.0,""escape_yield_units"":0,""escape_first_day"":-1,""animal_unfed_days"":12,""plants_dry"":0,""dry_seed_cost"":0.0,""dry_yield_units"":0,""dry_first_day"":-1,""plant_unwatered_days"":354,""decay_units"":16,""plants_decayed"":16,""silent_loss_coins"":0.0,""silent_loss_units"":51,""dead_actions"":127,""move_dead"":0,""locked_dead"":0,""pickup_dead"":1,""drop_dead"":0,""place_dead"":1,""build_dead"":0,""dig_dead"":5,""fertilize_dead"":6,""collect_dead"":17,""care_dead"":27,""tile_cap_units"":1,""fertilizer_forgone"":12,""care_unfed"":11,""animal_shed_days"":0,""idle_tile_days"":110,""weed_tile_days"":0,""hand_pass_turns"":567,""farmer_pass_turns"":81,""phantom_hand_actions"":0,""sell_floor_units"":209,""hire_premium"":4668,""shed_units_now"":0,""shed_value_now"":0.0,""animals_in_shed_now"":0,""seeds_unplanted_now"":15,""seeds_unplanted_cost_now"":1230.0},{""sell_dead_units"":164,""refused_buy_product"":1,""refused_buy_seed"":0,""refused_buy_animal"":0,""refused_hire"":0,""refused_buy_land"":0,""hire_paid"":5659,""sell_zero_fill"":21,""buy_zero_fill"":1,""sell_revenue"":138459.0,""total_spend"":29688.0,""shed_discarded_units"":24,""sold_units"":1563,""feed_no_wheat"":0,""feed_no_animal"":0,""feed_redundant"":0,""water_dead"":1,""harvest_dead"":4,""plant_dead"":0,""animals_escaped"":0,""escape_capital"":0.0,""escape_yield_units"":0,""escape_first_day"":-1,""animal_unfed_days"":67,""plants_dry"":1,""dry_seed_cost"":100.0,""dry_yield_units"":0,""dry_first_day"":21,""plant_unwatered_days"":385,""decay_units"":18,""plants_decayed"":18,""silent_loss_coins"":100.0,""silent_loss_units"":42,""dead_actions"":17,""move_dead"":0,""locked_dead"":0,""pickup_dead"":0,""drop_dead"":0,""place_dead"":1,""build_dead"":0,""dig_dead"":2,""fertilize_dead"":0,""collect_dead"":4,""care_dead"":5,""tile_cap_units"":8,""fertilizer_forgone"":14,""care_unfed"":63,""animal_shed_days"":0,""idle_tile_days"":62,""weed_tile_days"":1,""hand_pass_turns"":623,""farmer_pass_turns"":82,""phantom_hand_actions"":0,""sell_floor_units"":166,""hire_premium"":5377,""shed_units_now"":0,""shed_value_now"":0.0,""animals_in_shed_now"":0,""seeds_unplanted_now"":0,""seeds_unplanted_cost_now"":0.0}]}",{},
B1_herd_safe,B1_public_source,mooman_e052a,mooman,2026092409,0,139289.0,113409.0,25880.0,W,kagsim,22.497246,0,0,0,0,0,0,0,0,1f5c4222802fe0a0970aa015d78d4bdb1ddb248960d1241d29d49ed24e9775b2,"[{""step"":0,""shops"":[]},{""step"":72,""shops"":[""SMOOTHIE_SHOP""]},{""step"":144,""shops"":[""SMOOTHIE_SHOP"",""PIZZA_SHOP""]},{""step"":216,""shops"":[""SMOOTHIE_SHOP"",""PIZZA_SHOP"",""SMOOTHIE_SHOP""]},{""step"":288,""shops"":[""SMOOTHIE_SHOP"",""PIZZA_SHOP"",""SMOOTHIE_SHOP"",""PIZZA_SHOP""]},{""step"":360,""shops"":[""SMOOTHIE_SHOP"",""PIZZA_SHOP"",""SMOOTHIE_SHOP"",""PIZZA_SHOP"",""YARN_STORE""]},{""step"":432,""shops"":[""SMOOTHIE_SHOP"",""PIZZA_SHOP"",""SMOOTHIE_SHOP"",""PIZZA_SHOP"",""YARN_STORE"",""SMOOTHIE_SHOP""]},{""step"":504,""shops"":[""SMOOTHIE_SHOP"",""PIZZA_SHOP"",""SMOOTHIE_SHOP"",""PIZZA_SHOP"",""YARN_STORE"",""SMOOTHIE_SHOP"",""BRUNCH_SPOT""]},{""step"":576,""shops"":[""SMOOTHIE_SHOP"",""PIZZA_SHOP"",""SMOOTHIE_SHOP"",""PIZZA_SHOP"",""YARN_STORE"",""SMOOTHIE_SHOP"",""BRUNCH_SPOT"",""FARMERS_MARKET""]}]",experiments/round10_public_learning_20260924/evaluations/b1_regression/replays/B1_herd_safe/mooman_e052a/seed_2026092409_seat_0.json.gz,dab5c8ccc5ffaf74e9c67fae08d2d47528bc4f522d79c9da19a6425a4aeace53,b6553c296c556aff5b5e2d12b75618e505fa4d852afb5338414ac6d6e039cb02,a5fb09be01ac6558e84c1e4c8e91c3848f6a8f7aaf4c603f0426f07179cee362,0fe077cc65622d6f6828160d90b617595a4aa7ea188e4afc67bfee8e4d290c92,"{""players"":[{""sell_dead_units"":171,""refused_buy_product"":1,""refused_buy_seed"":0,""refused_buy_animal"":0,""refused_hire"":0,""refused_buy_land"":0,""hire_paid"":4164,""sell_zero_fill"":31,""buy_zero_fill"":1,""sell_revenue"":164134.0,""total_spend"":27845.0,""shed_discarded_units"":1,""sold_units"":1576,""feed_no_wheat"":0,""feed_no_animal"":0,""feed_redundant"":0,""water_dead"":10,""harvest_dead"":18,""plant_dead"":0,""animals_escaped"":0,""escape_capital"":0.0,""escape_yield_units"":0,""escape_first_day"":-1,""animal_unfed_days"":40,""plants_dry"":1,""dry_seed_cost"":100.0,""dry_yield_units"":0,""dry_first_day"":21,""plant_unwatered_days"":392,""decay_units"":18,""plants_decayed"":18,""silent_loss_coins"":100.0,""silent_loss_units"":19,""dead_actions"":56,""move_dead"":0,""locked_dead"":0,""pickup_dead"":0,""drop_dead"":0,""place_dead"":2,""build_dead"":0,""dig_dead"":4,""fertilize_dead"":1,""collect_dead"":8,""care_dead"":13,""tile_cap_units"":24,""fertilizer_forgone"":15,""care_unfed"":36,""animal_shed_days"":1,""idle_tile_days"":63,""weed_tile_days"":2,""hand_pass_turns"":357,""farmer_pass_turns"":63,""phantom_hand_actions"":0,""sell_floor_units"":14,""hire_premium"":3898,""shed_units_now"":0,""shed_value_now"":0.0,""animals_in_shed_now"":0,""seeds_unplanted_now"":1,""seeds_unplanted_cost_now"":10.0},{""sell_dead_units"":22,""refused_buy_product"":7,""refused_buy_seed"":0,""refused_buy_animal"":0,""refused_hire"":0,""refused_buy_land"":0,""hire_paid"":5578,""sell_zero_fill"":3,""buy_zero_fill"":4,""sell_revenue"":139569.0,""total_spend"":29160.0,""shed_discarded_units"":34,""sold_units"":1481,""feed_no_wheat"":4,""feed_no_animal"":18,""feed_redundant"":0,""water_dead"":20,""harvest_dead"":12,""plant_dead"":0,""animals_escaped"":1,""escape_capital"":400.0,""escape_yield_units"":0,""escape_first_day"":8,""animal_unfed_days"":35,""plants_dry"":1,""dry_seed_cost"":10.0,""dry_yield_units"":1,""dry_first_day"":19,""plant_unwatered_days"":377,""decay_units"":25,""plants_decayed"":24,""silent_loss_coins"":410.0,""silent_loss_units"":60,""dead_actions"":118,""move_dead"":0,""locked_dead"":0,""pickup_dead"":2,""drop_dead"":0,""place_dead"":9,""build_dead"":0,""dig_dead"":0,""fertilize_dead"":2,""collect_dead"":23,""care_dead"":28,""tile_cap_units"":21,""fertilizer_forgone"":10,""care_unfed"":18,""animal_shed_days"":1,""idle_tile_days"":61,""weed_tile_days"":1,""hand_pass_turns"":464,""farmer_pass_turns"":58,""phantom_hand_actions"":0,""sell_floor_units"":42,""hire_premium"":5295,""shed_units_now"":0,""shed_value_now"":0.0,""animals_in_shed_now"":0,""seeds_unplanted_now"":24,""seeds_unplanted_cost_now"":240.0}]}",{},
B1_herd_safe,B1_public_source,mooman_e052a,mooman,2026092409,1,139289.0,113409.0,25880.0,W,kagsim,22.580168,0,0,0,0,0,0,0,0,1f5c4222802fe0a0970aa015d78d4bdb1ddb248960d1241d29d49ed24e9775b2,"[{""step"":0,""shops"":[]},{""step"":72,""shops"":[""SMOOTHIE_SHOP""]},{""step"":144,""shops"":[""SMOOTHIE_SHOP"",""PIZZA_SHOP""]},{""step"":216,""shops"":[""SMOOTHIE_SHOP"",""PIZZA_SHOP"",""SMOOTHIE_SHOP""]},{""step"":288,""shops"":[""SMOOTHIE_SHOP"",""PIZZA_SHOP"",""SMOOTHIE_SHOP"",""PIZZA_SHOP""]},{""step"":360,""shops"":[""SMOOTHIE_SHOP"",""PIZZA_SHOP"",""SMOOTHIE_SHOP"",""PIZZA_SHOP"",""YARN_STORE""]},{""step"":432,""shops"":[""SMOOTHIE_SHOP"",""PIZZA_SHOP"",""SMOOTHIE_SHOP"",""PIZZA_SHOP"",""YARN_STORE"",""SMOOTHIE_SHOP""]},{""step"":504,""shops"":[""SMOOTHIE_SHOP"",""PIZZA_SHOP"",""SMOOTHIE_SHOP"",""PIZZA_SHOP"",""YARN_STORE"",""SMOOTHIE_SHOP"",""BRUNCH_SPOT""]},{""step"":576,""shops"":[""SMOOTHIE_SHOP"",""PIZZA_SHOP"",""SMOOTHIE_SHOP"",""PIZZA_SHOP"",""YARN_STORE"",""SMOOTHIE_SHOP"",""BRUNCH_SPOT"",""FARMERS_MARKET""]}]",experiments/round10_public_learning_20260924/evaluations/b1_regression/replays/B1_herd_safe/mooman_e052a/seed_2026092409_seat_1.json.gz,aa0978e333db892e71c61e3cb0408eed9e81dff71914455a3e0e8b8131948675,b6553c296c556aff5b5e2d12b75618e505fa4d852afb5338414ac6d6e039cb02,a5fb09be01ac6558e84c1e4c8e91c3848f6a8f7aaf4c603f0426f07179cee362,0fe077cc65622d6f6828160d90b617595a4aa7ea188e4afc67bfee8e4d290c92,"{""players"":[{""sell_dead_units"":22,""refused_buy_product"":7,""refused_buy_seed"":0,""refused_buy_animal"":0,""refused_hire"":0,""refused_buy_land"":0,""hire_paid"":5578,""sell_zero_fill"":3,""buy_zero_fill"":4,""sell_revenue"":139569.0,""total_spend"":29160.0,""shed_discarded_units"":34,""sold_units"":1481,""feed_no_wheat"":4,""feed_no_animal"":18,""feed_redundant"":0,""water_dead"":20,""harvest_dead"":12,""plant_dead"":0,""animals_escaped"":1,""escape_capital"":400.0,""escape_yield_units"":0,""escape_first_day"":8,""animal_unfed_days"":35,""plants_dry"":1,""dry_seed_cost"":10.0,""dry_yield_units"":1,""dry_first_day"":19,""plant_unwatered_days"":377,""decay_units"":25,""plants_decayed"":24,""silent_loss_coins"":410.0,""silent_loss_units"":60,""dead_actions"":118,""move_dead"":0,""locked_dead"":0,""pickup_dead"":2,""drop_dead"":0,""place_dead"":9,""build_dead"":0,""dig_dead"":0,""fertilize_dead"":2,""collect_dead"":23,""care_dead"":28,""tile_cap_units"":21,""fertilizer_forgone"":10,""care_unfed"":18,""animal_shed_days"":1,""idle_tile_days"":61,""weed_tile_days"":2,""hand_pass_turns"":464,""farmer_pass_turns"":58,""phantom_hand_actions"":0,""sell_floor_units"":42,""hire_premium"":5295,""shed_units_now"":0,""shed_value_now"":0.0,""animals_in_shed_now"":0,""seeds_unplanted_now"":24,""seeds_unplanted_cost_now"":240.0},{""sell_dead_units"":171,""refused_buy_product"":1,""refused_buy_seed"":0,""refused_buy_animal"":0,""refused_hire"":0,""refused_buy_land"":0,""hire_paid"":4164,""sell_zero_fill"":31,""buy_zero_fill"":1,""sell_revenue"":164134.0,""total_spend"":27845.0,""shed_discarded_units"":1,""sold_units"":1576,""feed_no_wheat"":0,""feed_no_animal"":0,""feed_redundant"":0,""water_dead"":10,""harvest_dead"":18,""plant_dead"":0,""animals_escaped"":0,""escape_capital"":0.0,""escape_yield_units"":0,""escape_first_day"":-1,""animal_unfed_days"":40,""plants_dry"":1,""dry_seed_cost"":100.0,""dry_yield_units"":0,""dry_first_day"":21,""plant_unwatered_days"":392,""decay_units"":18,""plants_decayed"":18,""silent_loss_coins"":100.0,""silent_loss_units"":19,""dead_actions"":56,""move_dead"":0,""locked_dead"":0,""pickup_dead"":0,""drop_dead"":0,""place_dead"":2,""build_dead"":0,""dig_dead"":4,""fertilize_dead"":1,""collect_dead"":8,""care_dead"":13,""tile_cap_units"":24,""fertilizer_forgone"":15,""care_unfed"":36,""animal_shed_days"":1,""idle_tile_days"":63,""weed_tile_days"":1,""hand_pass_turns"":358,""farmer_pass_turns"":63,""phantom_hand_actions"":0,""sell_floor_units"":14,""hire_premium"":3898,""shed_units_now"":0,""shed_value_now"":0.0,""animals_in_shed_now"":0,""seeds_unplanted_now"":1,""seeds_unplanted_cost_now"":10.0}]}",{},
B1_herd_safe,B1_public_source,mooman_e052a,mooman,2026092410,0,87453.0,75085.0,12368.0,W,kagsim,22.455552,0,0,0,0,0,0,0,0,685d9bdc5f167dd30422389171e04ebcfa121042d8c8288684619be311510f95,"[{""step"":0,""shops"":[]},{""step"":72,""shops"":[""YARN_STORE""]},{""step"":144,""shops"":[""YARN_STORE"",""BRUNCH_SPOT""]},{""step"":216,""shops"":[""YARN_STORE"",""BRUNCH_SPOT"",""PET_CAFE""]},{""step"":288,""shops"":[""YARN_STORE"",""BRUNCH_SPOT"",""PET_CAFE"",""PET_CAFE""]},{""step"":360,""shops"":[""YARN_STORE"",""BRUNCH_SPOT"",""PET_CAFE"",""PET_CAFE"",""FARMERS_MARKET""]},{""step"":432,""shops"":[""YARN_STORE"",""BRUNCH_SPOT"",""PET_CAFE"",""PET_CAFE"",""FARMERS_MARKET"",""SMOOTHIE_SHOP""]},{""step"":504,""shops"":[""YARN_STORE"",""BRUNCH_SPOT"",""PET_CAFE"",""PET_CAFE"",""FARMERS_MARKET"",""SMOOTHIE_SHOP"",""ICE_CREAM_SHOP""]},{""step"":576,""shops"":[""YARN_STORE"",""BRUNCH_SPOT"",""PET_CAFE"",""PET_CAFE"",""FARMERS_MARKET"",""SMOOTHIE_SHOP"",""ICE_CREAM_SHOP"",""SMOOTHIE_SHOP""]}]",experiments/round10_public_learning_20260924/evaluations/b1_regression/replays/B1_herd_safe/mooman_e052a/seed_2026092410_seat_0.json.gz,4e1d72ec0f1dc49c0053ee695489ca03bc7164e9285d6b42dd36609dfe4ff6ad,b6553c296c556aff5b5e2d12b75618e505fa4d852afb5338414ac6d6e039cb02,a5fb09be01ac6558e84c1e4c8e91c3848f6a8f7aaf4c603f0426f07179cee362,0fe077cc65622d6f6828160d90b617595a4aa7ea188e4afc67bfee8e4d290c92,"{""players"":[{""sell_dead_units"":2165,""refused_buy_product"":1,""refused_buy_seed"":0,""refused_buy_animal"":0,""refused_hire"":0,""refused_buy_land"":0,""hire_paid"":5803,""sell_zero_fill"":22,""buy_zero_fill"":1,""sell_revenue"":114613.0,""total_spend"":30160.0,""shed_discarded_units"":15,""sold_units"":1553,""feed_no_wheat"":0,""feed_no_animal"":0,""feed_redundant"":0,""water_dead"":15,""harvest_dead"":17,""plant_dead"":0,""animals_escaped"":0,""escape_capital"":0.0,""escape_yield_units"":0,""escape_first_day"":-1,""animal_unfed_days"":79,""plants_dry"":1,""dry_seed_cost"":100.0,""dry_yield_units"":0,""dry_first_day"":21,""plant_unwatered_days"":382,""decay_units"":21,""plants_decayed"":19,""silent_loss_coins"":100.0,""silent_loss_units"":36,""dead_actions"":44,""move_dead"":0,""locked_dead"":0,""pickup_dead"":0,""drop_dead"":0,""place_dead"":1,""build_dead"":0,""dig_dead"":2,""fertilize_dead"":0,""collect_dead"":4,""care_dead"":5,""tile_cap_units"":28,""fertilizer_forgone"":14,""care_unfed"":75,""animal_shed_days"":0,""idle_tile_days"":76,""weed_tile_days"":2,""hand_pass_turns"":621,""farmer_pass_turns"":84,""phantom_hand_actions"":0,""sell_floor_units"":158,""hire_premium"":5520,""shed_units_now"":0,""shed_value_now"":0.0,""animals_in_shed_now"":0,""seeds_unplanted_now"":5,""seeds_unplanted_cost_now"":50.0},{""sell_dead_units"":328,""refused_buy_product"":1,""refused_buy_seed"":1,""refused_buy_animal"":1,""refused_hire"":2,""refused_buy_land"":0,""hire_paid"":4937,""sell_zero_fill"":32,""buy_zero_fill"":2,""sell_revenue"":177988.0,""total_spend"":105903.0,""shed_discarded_units"":22,""sold_units"":3421,""feed_no_wheat"":5,""feed_no_animal"":19,""feed_redundant"":2,""water_dead"":12,""harvest_dead"":9,""plant_dead"":1,""animals_escaped"":0,""escape_capital"":0.0,""escape_yield_units"":0,""escape_first_day"":-1,""animal_unfed_days"":13,""plants_dry"":1,""dry_seed_cost"":100.0,""dry_yield_units"":0,""dry_first_day"":21,""plant_unwatered_days"":375,""decay_units"":17,""plants_decayed"":17,""silent_loss_coins"":100.0,""silent_loss_units"":39,""dead_actions"":94,""move_dead"":0,""locked_dead"":0,""pickup_dead"":1,""drop_dead"":0,""place_dead"":1,""build_dead"":0,""dig_dead"":3,""fertilize_dead"":3,""collect_dead"":17,""care_dead"":21,""tile_cap_units"":1,""fertilizer_forgone"":12,""care_unfed"":12,""animal_shed_days"":0,""idle_tile_days"":78,""weed_tile_days"":1,""hand_pass_turns"":583,""farmer_pass_turns"":83,""phantom_hand_actions"":0,""sell_floor_units"":160,""hire_premium"":4661,""shed_units_now"":0,""shed_value_now"":0.0,""animals_in_shed_now"":0,""seeds_unplanted_now"":56,""seeds_unplanted_cost_now"":1670.0}]}",{},
B1_herd_safe,B1_public_source,mooman_e052a,mooman,2026092410,1,101562.0,90473.0,11089.0,W,kagsim,22.516664,0,0,0,0,0,0,0,0,55463eca4030f50c27b9360337ddf8e68ccbe99106735b3511142eea2802899b,"[{""step"":0,""shops"":[]},{""step"":72,""shops"":[""YARN_STORE""]},{""step"":144,""shops"":[""YARN_STORE"",""BRUNCH_SPOT""]},{""step"":216,""shops"":[""YARN_STORE"",""BRUNCH_SPOT"",""PET_CAFE""]},{""step"":288,""shops"":[""YARN_STORE"",""BRUNCH_SPOT"",""PET_CAFE"",""PET_CAFE""]},{""step"":360,""shops"":[""YARN_STORE"",""BRUNCH_SPOT"",""PET_CAFE"",""PET_CAFE"",""SMOOTHIE_SHOP""]},{""step"":432,""shops"":[""YARN_STORE"",""BRUNCH_SPOT"",""PET_CAFE"",""PET_CAFE"",""SMOOTHIE_SHOP"",""YARN_STORE""]},{""step"":504,""shops"":[""YARN_STORE"",""BRUNCH_SPOT"",""PET_CAFE"",""PET_CAFE"",""SMOOTHIE_SHOP"",""YARN_STORE"",""ICE_CREAM_SHOP""]},{""step"":576,""shops"":[""YARN_STORE"",""BRUNCH_SPOT"",""PET_CAFE"",""PET_CAFE"",""SMOOTHIE_SHOP"",""YARN_STORE"",""ICE_CREAM_SHOP"",""SMOOTHIE_SHOP""]}]",experiments/round10_public_learning_20260924/evaluations/b1_regression/replays/B1_herd_safe/mooman_e052a/seed_2026092410_seat_1.json.gz,49c487c0eb8892fd4f835228b29839b44cf8d1172dd03e5b5e35a9a13bcb81ac,b6553c296c556aff5b5e2d12b75618e505fa4d852afb5338414ac6d6e039cb02,a5fb09be01ac6558e84c1e4c8e91c3848f6a8f7aaf4c603f0426f07179cee362,0fe077cc65622d6f6828160d90b617595a4aa7ea188e4afc67bfee8e4d290c92,"{""players"":[{""sell_dead_units"":328,""refused_buy_product"":1,""refused_buy_seed"":1,""refused_buy_animal"":1,""refused_hire"":2,""refused_buy_land"":0,""hire_paid"":4937,""sell_zero_fill"":30,""buy_zero_fill"":2,""sell_revenue"":189476.0,""total_spend"":102003.0,""shed_discarded_units"":22,""sold_units"":3421,""feed_no_wheat"":5,""feed_no_animal"":19,""feed_redundant"":2,""water_dead"":12,""harvest_dead"":9,""plant_dead"":1,""animals_escaped"":0,""escape_capital"":0.0,""escape_yield_units"":0,""escape_first_day"":-1,""animal_unfed_days"":13,""plants_dry"":1,""dry_seed_cost"":100.0,""dry_yield_units"":0,""dry_first_day"":21,""plant_unwatered_days"":375,""decay_units"":17,""plants_decayed"":17,""silent_loss_coins"":100.0,""silent_loss_units"":39,""dead_actions"":93,""move_dead"":0,""locked_dead"":0,""pickup_dead"":1,""drop_dead"":0,""place_dead"":1,""build_dead"":0,""dig_dead"":2,""fertilize_dead"":3,""collect_dead"":17,""care_dead"":21,""tile_cap_units"":1,""fertilizer_forgone"":12,""care_unfed"":12,""animal_shed_days"":0,""idle_tile_days"":78,""weed_tile_days"":13,""hand_pass_turns"":583,""farmer_pass_turns"":83,""phantom_hand_actions"":0,""sell_floor_units"":121,""hire_premium"":4661,""shed_units_now"":0,""shed_value_now"":0.0,""animals_in_shed_now"":0,""seeds_unplanted_now"":56,""seeds_unplanted_cost_now"":1670.0},{""sell_dead_units"":2180,""refused_buy_product"":1,""refused_buy_seed"":0,""refused_buy_animal"":0,""refused_hire"":0,""refused_buy_land"":0,""hire_paid"":5659,""sell_zero_fill"":22,""buy_zero_fill"":1,""sell_revenue"":128344.0,""total_spend"":29782.0,""shed_discarded_units"":15,""sold_units"":1556,""feed_no_wheat"":0,""feed_no_animal"":0,""feed_redundant"":0,""water_dead"":12,""harvest_dead"":16,""plant_dead"":0,""animals_escaped"":0,""escape_capital"":0.0,""escape_yield_units"":0,""escape_first_day"":-1,""animal_unfed_days"":62,""plants_dry"":1,""dry_seed_cost"":100.0,""dry_yield_units"":0,""dry_first_day"":21,""plant_unwatered_days"":383,""decay_units"":21,""plants_decayed"":19,""silent_loss_coins"":100.0,""silent_loss_units"":36,""dead_actions"":40,""move_dead"":0,""locked_dead"":0,""pickup_dead"":0,""drop_dead"":0,""place_dead"":1,""build_dead"":0,""dig_dead"":2,""fertilize_dead"":0,""collect_dead"":4,""care_dead"":5,""tile_cap_units"":16,""fertilizer_forgone"":14,""care_unfed"":58,""animal_shed_days"":0,""idle_tile_days"":73,""weed_tile_days"":1,""hand_pass_turns"":601,""farmer_pass_turns"":82,""phantom_hand_actions"":0,""sell_floor_units"":126,""hire_premium"":5377,""shed_units_now"":0,""shed_value_now"":0.0,""animals_in_shed_now"":0,""seeds_unplanted_now"":4,""seeds_unplanted_cost_now"":40.0}]}",{},
B1_herd_safe,B1_public_source,qeinstein_moev2,qeinstein,2026092407,0,71936.0,55861.0,16075.0,W,kagsim,2.498128,0,0,0,0,0,0,0,0,26e40ec2c9c992962f6740d7242b871c5b89fc5339ff3443fccb394e7a42059a,"[{""step"":0,""shops"":[]},{""step"":72,""shops"":[""BAKERY""]},{""step"":144,""shops"":[""BAKERY"",""BRUNCH_SPOT""]},{""step"":216,""shops"":[""BAKERY"",""BRUNCH_SPOT"",""BRUNCH_SPOT""]},{""step"":288,""shops"":[""BAKERY"",""BRUNCH_SPOT"",""BRUNCH_SPOT"",""PIZZA_SHOP""]},{""step"":360,""shops"":[""BAKERY"",""BRUNCH_SPOT"",""BRUNCH_SPOT"",""PIZZA_SHOP"",""PIZZA_SHOP""]},{""step"":432,""shops"":[""BAKERY"",""BRUNCH_SPOT"",""BRUNCH_SPOT"",""PIZZA_SHOP"",""PIZZA_SHOP"",""PET_CAFE""]},{""step"":504,""shops"":[""BAKERY"",""BRUNCH_SPOT"",""BRUNCH_SPOT"",""PIZZA_SHOP"",""PIZZA_SHOP"",""PET_CAFE"",""YARN_STORE""]},{""step"":576,""shops"":[""BAKERY"",""BRUNCH_SPOT"",""BRUNCH_SPOT"",""PIZZA_SHOP"",""PIZZA_SHOP"",""PET_CAFE"",""YARN_STORE"",""BAKERY""]}]",experiments/round10_public_learning_20260924/evaluations/b1_regression/replays/B1_herd_safe/qeinstein_moev2/seed_2026092407_seat_0.json.gz,029c84a9cf1a84b578b2dbcb613ba7f3020f7d02bf7c4e6787c6e39631c6b831,b6553c296c556aff5b5e2d12b75618e505fa4d852afb5338414ac6d6e039cb02,45fa89710e66327379fb27dfa3569b153abf8ead9f5f9be0da02dbe9e792105c,0fe077cc65622d6f6828160d90b617595a4aa7ea188e4afc67bfee8e4d290c92,"{""players"":[{""sell_dead_units"":218,""refused_buy_product"":38,""refused_buy_seed"":0,""refused_buy_animal"":0,""refused_hire"":0,""refused_buy_land"":0,""hire_paid"":4308,""sell_zero_fill"":38,""buy_zero_fill"":0,""sell_revenue"":242970.0,""total_spend"":174034.0,""shed_discarded_units"":11,""sold_units"":4858,""feed_no_wheat"":0,""feed_no_animal"":0,""feed_redundant"":0,""water_dead"":12,""harvest_dead"":4,""plant_dead"":0,""animals_escaped"":0,""escape_capital"":0.0,""escape_yield_units"":0,""escape_first_day"":-1,""animal_unfed_days"":93,""plants_dry"":2,""dry_seed_cost"":120.0,""dry_yield_units"":1,""dry_first_day"":21,""plant_unwatered_days"":388,""decay_units"":18,""plants_decayed"":18,""silent_loss_coins"":120.0,""silent_loss_units"":30,""dead_actions"":45,""move_dead"":0,""locked_dead"":0,""pickup_dead"":0,""drop_dead"":0,""place_dead"":1,""build_dead"":0,""dig_dead"":2,""fertilize_dead"":0,""collect_dead"":3,""care_dead"":23,""tile_cap_units"":17,""fertilizer_forgone"":18,""care_unfed"":89,""animal_shed_days"":1,""idle_tile_days"":64,""weed_tile_days"":2,""hand_pass_turns"":384,""farmer_pass_turns"":67,""phantom_hand_actions"":0,""sell_floor_units"":136,""hire_premium"":4041,""shed_units_now"":0,""shed_value_now"":0.0,""animals_in_shed_now"":0,""seeds_unplanted_now"":1,""seeds_unplanted_cost_now"":10.0},{""sell_dead_units"":28,""refused_buy_product"":42,""refused_buy_seed"":0,""refused_buy_animal"":0,""refused_hire"":0,""refused_buy_land"":0,""hire_paid"":6298,""sell_zero_fill"":0,""buy_zero_fill"":0,""sell_revenue"":84330.0,""total_spend"":31469.0,""shed_discarded_units"":2,""sold_units"":1512,""feed_no_wheat"":7,""feed_no_animal"":0,""feed_redundant"":3,""water_dead"":0,""harvest_dead"":3,""plant_dead"":0,""animals_escaped"":0,""escape_capital"":0.0,""escape_yield_units"":0,""escape_first_day"":-1,""animal_unfed_days"":19,""plants_dry"":3,""dry_seed_cost"":50.0,""dry_yield_units"":3,""dry_first_day"":17,""plant_unwatered_days"":406,""decay_units"":36,""plants_decayed"":36,""silent_loss_coins"":50.0,""silent_loss_units"":41,""dead_actions"":19,""move_dead"":0,""locked_dead"":0,""pickup_dead"":2,""drop_dead"":0,""place_dead"":4,""build_dead"":0,""dig_dead"":0,""fertilize_dead"":0,""collect_dead"":0,""care_dead"":0,""tile_cap_units"":19,""fertilizer_forgone"":0,""care_unfed"":14,""animal_shed_days"":0,""idle_tile_days"":53,""weed_tile_days"":3,""hand_pass_turns"":778,""farmer_pass_turns"":70,""phantom_hand_actions"":0,""sell_floor_units"":188,""hire_premium"":6008,""shed_units_now"":1,""shed_value_now"":1.0,""animals_in_shed_now"":0,""seeds_unplanted_now"":0,""seeds_unplanted_cost_now"":0.0}]}",{},
B1_herd_safe,B1_public_source,qeinstein_moev2,qeinstein,2026092407,1,71936.0,55861.0,16075.0,W,kagsim,2.663486,0,0,0,0,0,0,0,0,26e40ec2c9c992962f6740d7242b871c5b89fc5339ff3443fccb394e7a42059a,"[{""step"":0,""shops"":[]},{""step"":72,""shops"":[""BAKERY""]},{""step"":144,""shops"":[""BAKERY"",""BRUNCH_SPOT""]},{""step"":216,""shops"":[""BAKERY"",""BRUNCH_SPOT"",""BRUNCH_SPOT""]},{""step"":288,""shops"":[""BAKERY"",""BRUNCH_SPOT"",""BRUNCH_SPOT"",""PIZZA_SHOP""]},{""step"":360,""shops"":[""BAKERY"",""BRUNCH_SPOT"",""BRUNCH_SPOT"",""PIZZA_SHOP"",""PIZZA_SHOP""]},{""step"":432,""shops"":[""BAKERY"",""BRUNCH_SPOT"",""BRUNCH_SPOT"",""PIZZA_SHOP"",""PIZZA_SHOP"",""PET_CAFE""]},{""step"":504,""shops"":[""BAKERY"",""BRUNCH_SPOT"",""BRUNCH_SPOT"",""PIZZA_SHOP"",""PIZZA_SHOP"",""PET_CAFE"",""YARN_STORE""]},{""step"":576,""shops"":[""BAKERY"",""BRUNCH_SPOT"",""BRUNCH_SPOT"",""PIZZA_SHOP"",""PIZZA_SHOP"",""PET_CAFE"",""YARN_STORE"",""BAKERY""]}]",experiments/round10_public_learning_20260924/evaluations/b1_regression/replays/B1_herd_safe/qeinstein_moev2/seed_2026092407_seat_1.json.gz,683c45804c9e271972d9a89c083bc70446382369beee201d5d573f8cf64d269d,b6553c296c556aff5b5e2d12b75618e505fa4d852afb5338414ac6d6e039cb02,45fa89710e66327379fb27dfa3569b153abf8ead9f5f9be0da02dbe9e792105c,0fe077cc65622d6f6828160d90b617595a4aa7ea188e4afc67bfee8e4d290c92,"{""players"":[{""sell_dead_units"":28,""refused_buy_product"":42,""refused_buy_seed"":0,""refused_buy_animal"":0,""refused_hire"":0,""refused_buy_land"":0,""hire_paid"":6298,""sell_zero_fill"":0,""buy_zero_fill"":0,""sell_revenue"":84330.0,""total_spend"":31469.0,""shed_discarded_units"":2,""sold_units"":1512,""feed_no_wheat"":7,""feed_no_animal"":0,""feed_redundant"":3,""water_dead"":0,""harvest_dead"":3,""plant_dead"":0,""animals_escaped"":0,""escape_capital"":0.0,""escape_yield_units"":0,""escape_first_day"":-1,""animal_unfed_days"":19,""plants_dry"":3,""dry_seed_cost"":50.0,""dry_yield_units"":3,""dry_first_day"":17,""plant_unwatered_days"":406,""decay_units"":36,""plants_decayed"":36,""silent_loss_coins"":50.0,""silent_loss_units"":41,""dead_actions"":19,""move_dead"":0,""locked_dead"":0,""pickup_dead"":2,""drop_dead"":0,""place_dead"":4,""build_dead"":0,""dig_dead"":0,""fertilize_dead"":0,""collect_dead"":0,""care_dead"":0,""tile_cap_units"":19,""fertilizer_forgone"":0,""care_unfed"":14,""animal_shed_days"":0,""idle_tile_days"":53,""weed_tile_days"":3,""hand_pass_turns"":778,""farmer_pass_turns"":70,""phantom_hand_actions"":0,""sell_floor_units"":188,""hire_premium"":6008,""shed_units_now"":1,""shed_value_now"":1.0,""animals_in_shed_now"":0,""seeds_unplanted_now"":0,""seeds_unplanted_cost_now"":0.0},{""sell_dead_units"":218,""refused_buy_product"":38,""refused_buy_seed"":0,""refused_buy_animal"":0,""refused_hire"":0,""refused_buy_land"":0,""hire_paid"":4308,""sell_zero_fill"":38,""buy_zero_fill"":0,""sell_revenue"":242970.0,""total_spend"":174034.0,""shed_discarded_units"":11,""sold_units"":4858,""feed_no_wheat"":0,""feed_no_animal"":0,""feed_redundant"":0,""water_dead"":12,""harvest_dead"":4,""plant_dead"":0,""animals_escaped"":0,""escape_capital"":0.0,""escape_yield_units"":0,""escape_first_day"":-1,""animal_unfed_days"":93,""plants_dry"":2,""dry_seed_cost"":120.0,""dry_yield_units"":1,""dry_first_day"":21,""plant_unwatered_days"":388,""decay_units"":18,""plants_decayed"":18,""silent_loss_coins"":120.0,""silent_loss_units"":30,""dead_actions"":45,""move_dead"":0,""locked_dead"":0,""pickup_dead"":0,""drop_dead"":0,""place_dead"":1,""build_dead"":0,""dig_dead"":2,""fertilize_dead"":0,""collect_dead"":3,""care_dead"":23,""tile_cap_units"":17,""fertilizer_forgone"":18,""care_unfed"":89,""animal_shed_days"":1,""idle_tile_days"":64,""weed_tile_days"":2,""hand_pass_turns"":384,""farmer_pass_turns"":67,""phantom_hand_actions"":0,""sell_floor_units"":136,""hire_premium"":4041,""shed_units_now"":0,""shed_value_now"":0.0,""animals_in_shed_now"":0,""seeds_unplanted_now"":1,""seeds_unplanted_cost_now"":10.0}]}",{},
B1_herd_safe,B1_public_source,qeinstein_moev2,qeinstein,2026092408,0,97758.0,82781.0,14977.0,W,kagsim,2.460023,0,0,0,0,0,0,0,0,7642378dc7d6547fa19fed94476315139d3022b57df73128cc261789dd526130,"[{""step"":0,""shops"":[]},{""step"":72,""shops"":[""BRUNCH_SPOT""]},{""step"":144,""shops"":[""BRUNCH_SPOT"",""YARN_STORE""]},{""step"":216,""shops"":[""BRUNCH_SPOT"",""YARN_STORE"",""PIZZA_SHOP""]},{""step"":288,""shops"":[""BRUNCH_SPOT"",""YARN_STORE"",""PIZZA_SHOP"",""BAKERY""]},{""step"":360,""shops"":[""BRUNCH_SPOT"",""YARN_STORE"",""PIZZA_SHOP"",""BAKERY"",""SMOOTHIE_SHOP""]},{""step"":432,""shops"":[""BRUNCH_SPOT"",""YARN_STORE"",""PIZZA_SHOP"",""BAKERY"",""SMOOTHIE_SHOP"",""SMOOTHIE_SHOP""]},{""step"":504,""shops"":[""BRUNCH_SPOT"",""YARN_STORE"",""PIZZA_SHOP"",""BAKERY"",""SMOOTHIE_SHOP"",""SMOOTHIE_SHOP"",""ICE_CREAM_SHOP""]},{""step"":576,""shops"":[""BRUNCH_SPOT"",""YARN_STORE"",""PIZZA_SHOP"",""BAKERY"",""SMOOTHIE_SHOP"",""SMOOTHIE_SHOP"",""ICE_CREAM_SHOP"",""ICE_CREAM_SHOP""]}]",experiments/round10_public_learning_20260924/evaluations/b1_regression/replays/B1_herd_safe/qeinstein_moev2/seed_2026092408_seat_0.json.gz,337955b059783ee8d7c10cbe76c3dfc5711e5f8cf84666654c54964c6d463834,b6553c296c556aff5b5e2d12b75618e505fa4d852afb5338414ac6d6e039cb02,45fa89710e66327379fb27dfa3569b153abf8ead9f5f9be0da02dbe9e792105c,0fe077cc65622d6f6828160d90b617595a4aa7ea188e4afc67bfee8e4d290c92,"{""players"":[{""sell_dead_units"":198,""refused_buy_product"":0,""refused_buy_seed"":0,""refused_buy_animal"":0,""refused_hire"":0,""refused_buy_land"":0,""hire_paid"":5371,""sell_zero_fill"":18,""buy_zero_fill"":0,""sell_revenue"":124173.0,""total_spend"":29415.0,""shed_discarded_units"":20,""sold_units"":1542,""feed_no_wheat"":0,""feed_no_animal"":0,""feed_redundant"":0,""water_dead"":1,""harvest_dead"":4,""plant_dead"":0,""animals_escaped"":0,""escape_capital"":0.0,""escape_yield_units"":0,""escape_first_day"":-1,""animal_unfed_days"":46,""plants_dry"":1,""dry_seed_cost"":100.0,""dry_yield_units"":0,""dry_first_day"":21,""plant_unwatered_days"":385,""decay_units"":18,""plants_decayed"":18,""silent_loss_coins"":100.0,""silent_loss_units"":38,""dead_actions"":17,""move_dead"":0,""locked_dead"":0,""pickup_dead"":0,""drop_dead"":0,""place_dead"":1,""build_dead"":0,""dig_dead"":2,""fertilize_dead"":0,""collect_dead"":4,""care_dead"":5,""tile_cap_units"":8,""fertilizer_forgone"":14,""care_unfed"":42,""animal_shed_days"":0,""idle_tile_days"":62,""weed_tile_days"":1,""hand_pass_turns"":597,""farmer_pass_turns"":83,""phantom_hand_actions"":0,""sell_floor_units"":89,""hire_premium"":5091,""shed_units_now"":0,""shed_value_now"":0.0,""animals_in_shed_now"":0,""seeds_unplanted_now"":0,""seeds_unplanted_cost_now"":0.0},{""sell_dead_units"":28,""refused_buy_product"":46,""refused_buy_seed"":2,""refused_buy_animal"":0,""refused_hire"":0,""refused_buy_land"":0,""hire_paid"":6298,""sell_zero_fill"":0,""buy_zero_fill"":3,""sell_revenue"":110677.0,""total_spend"":30896.0,""shed_discarded_units"":0,""sold_units"":1486,""feed_no_wheat"":7,""feed_no_animal"":0,""feed_redundant"":3,""water_dead"":20,""harvest_dead"":25,""plant_dead"":2,""animals_escaped"":0,""escape_capital"":0.0,""escape_yield_units"":0,""escape_first_day"":-1,""animal_unfed_days"":19,""plants_dry"":3,""dry_seed_cost"":50.0,""dry_yield_units"":3,""dry_first_day"":17,""plant_unwatered_days"":385,""decay_units"":35,""plants_decayed"":35,""silent_loss_coins"":50.0,""silent_loss_units"":38,""dead_actions"":71,""move_dead"":0,""locked_dead"":0,""pickup_dead"":2,""drop_dead"":0,""place_dead"":5,""build_dead"":0,""dig_dead"":1,""fertilize_dead"":6,""collect_dead"":0,""care_dead"":0,""tile_cap_units"":14,""fertilizer_forgone"":0,""care_unfed"":14,""animal_shed_days"":0,""idle_tile_days"":93,""weed_tile_days"":23,""hand_pass_turns"":778,""farmer_pass_turns"":70,""phantom_hand_actions"":0,""sell_floor_units"":84,""hire_premium"":6008,""shed_units_now"":1,""shed_value_now"":1.0,""animals_in_shed_now"":0,""seeds_unplanted_now"":0,""seeds_unplanted_cost_now"":0.0}]}",{},
B1_herd_safe,B1_public_source,qeinstein_moev2,qeinstein,2026092408,1,97758.0,82781.0,14977.0,W,kagsim,2.441057,0,0,0,0,0,0,0,0,7642378dc7d6547fa19fed94476315139d3022b57df73128cc261789dd526130,"[{""step"":0,""shops"":[]},{""step"":72,""shops"":[""BRUNCH_SPOT""]},{""step"":144,""shops"":[""BRUNCH_SPOT"",""YARN_STORE""]},{""step"":216,""shops"":[""BRUNCH_SPOT"",""YARN_STORE"",""PIZZA_SHOP""]},{""step"":288,""shops"":[""BRUNCH_SPOT"",""YARN_STORE"",""PIZZA_SHOP"",""BAKERY""]},{""step"":360,""shops"":[""BRUNCH_SPOT"",""YARN_STORE"",""PIZZA_SHOP"",""BAKERY"",""SMOOTHIE_SHOP""]},{""step"":432,""shops"":[""BRUNCH_SPOT"",""YARN_STORE"",""PIZZA_SHOP"",""BAKERY"",""SMOOTHIE_SHOP"",""SMOOTHIE_SHOP""]},{""step"":504,""shops"":[""BRUNCH_SPOT"",""YARN_STORE"",""PIZZA_SHOP"",""BAKERY"",""SMOOTHIE_SHOP"",""SMOOTHIE_SHOP"",""ICE_CREAM_SHOP""]},{""step"":576,""shops"":[""BRUNCH_SPOT"",""YARN_STORE"",""PIZZA_SHOP"",""BAKERY"",""SMOOTHIE_SHOP"",""SMOOTHIE_SHOP"",""ICE_CREAM_SHOP"",""ICE_CREAM_SHOP""]}]",experiments/round10_public_learning_20260924/evaluations/b1_regression/replays/B1_herd_safe/qeinstein_moev2/seed_2026092408_seat_1.json.gz,03281da70c96d17736375da7f8b3791578cc74441899ddb780dd8256b9de2639,b6553c296c556aff5b5e2d12b75618e505fa4d852afb5338414ac6d6e039cb02,45fa89710e66327379fb27dfa3569b153abf8ead9f5f9be0da02dbe9e792105c,0fe077cc65622d6f6828160d90b617595a4aa7ea188e4afc67bfee8e4d290c92,"{""players"":[{""sell_dead_units"":28,""refused_buy_product"":46,""refused_buy_seed"":2,""refused_buy_animal"":0,""refused_hire"":0,""refused_buy_land"":0,""hire_paid"":6298,""sell_zero_fill"":0,""buy_zero_fill"":3,""sell_revenue"":110677.0,""total_spend"":30896.0,""shed_discarded_units"":0,""sold_units"":1486,""feed_no_wheat"":7,""feed_no_animal"":0,""feed_redundant"":3,""water_dead"":20,""harvest_dead"":25,""plant_dead"":2,""animals_escaped"":0,""escape_capital"":0.0,""escape_yield_units"":0,""escape_first_day"":-1,""animal_unfed_days"":19,""plants_dry"":3,""dry_seed_cost"":50.0,""dry_yield_units"":3,""dry_first_day"":17,""plant_unwatered_days"":385,""decay_units"":35,""plants_decayed"":35,""silent_loss_coins"":50.0,""silent_loss_units"":38,""dead_actions"":71,""move_dead"":0,""locked_dead"":0,""pickup_dead"":2,""drop_dead"":0,""place_dead"":5,""build_dead"":0,""dig_dead"":1,""fertilize_dead"":6,""collect_dead"":0,""care_dead"":0,""tile_cap_units"":14,""fertilizer_forgone"":0,""care_unfed"":14,""animal_shed_days"":0,""idle_tile_days"":93,""weed_tile_days"":23,""hand_pass_turns"":778,""farmer_pass_turns"":70,""phantom_hand_actions"":0,""sell_floor_units"":84,""hire_premium"":6008,""shed_units_now"":1,""shed_value_now"":1.0,""animals_in_shed_now"":0,""seeds_unplanted_now"":0,""seeds_unplanted_cost_now"":0.0},{""sell_dead_units"":198,""refused_buy_product"":0,""refused_buy_seed"":0,""refused_buy_animal"":0,""refused_hire"":0,""refused_buy_land"":0,""hire_paid"":5371,""sell_zero_fill"":18,""buy_zero_fill"":0,""sell_revenue"":124173.0,""total_spend"":29415.0,""shed_discarded_units"":20,""sold_units"":1542,""feed_no_wheat"":0,""feed_no_animal"":0,""feed_redundant"":0,""water_dead"":1,""harvest_dead"":4,""plant_dead"":0,""animals_escaped"":0,""escape_capital"":0.0,""escape_yield_units"":0,""escape_first_day"":-1,""animal_unfed_days"":46,""plants_dry"":1,""dry_seed_cost"":100.0,""dry_yield_units"":0,""dry_first_day"":21,""plant_unwatered_days"":385,""decay_units"":18,""plants_decayed"":18,""silent_loss_coins"":100.0,""silent_loss_units"":38,""dead_actions"":17,""move_dead"":0,""locked_dead"":0,""pickup_dead"":0,""drop_dead"":0,""place_dead"":1,""build_dead"":0,""dig_dead"":2,""fertilize_dead"":0,""collect_dead"":4,""care_dead"":5,""tile_cap_units"":8,""fertilizer_forgone"":14,""care_unfed"":42,""animal_shed_days"":0,""idle_tile_days"":62,""weed_tile_days"":1,""hand_pass_turns"":597,""farmer_pass_turns"":83,""phantom_hand_actions"":0,""sell_floor_units"":89,""hire_premium"":5091,""shed_units_now"":0,""shed_value_now"":0.0,""animals_in_shed_now"":0,""seeds_unplanted_now"":0,""seeds_unplanted_cost_now"":0.0}]}",{},
B1_herd_safe,B1_public_source,qeinstein_moev2,qeinstein,2026092409,0,154637.0,139979.0,14658.0,W,kagsim,2.971685,0,0,0,0,0,0,0,0,8893ebb15f9495be2799b2da6da117bbf77f0b2f91b650b02a258e61503bb700,"[{""step"":0,""shops"":[]},{""step"":72,""shops"":[""SMOOTHIE_SHOP""]},{""step"":144,""shops"":[""SMOOTHIE_SHOP"",""PIZZA_SHOP""]},{""step"":216,""shops"":[""SMOOTHIE_SHOP"",""PIZZA_SHOP"",""SMOOTHIE_SHOP""]},{""step"":288,""shops"":[""SMOOTHIE_SHOP"",""PIZZA_SHOP"",""SMOOTHIE_SHOP"",""ICE_CREAM_SHOP""]},{""step"":360,""shops"":[""SMOOTHIE_SHOP"",""PIZZA_SHOP"",""SMOOTHIE_SHOP"",""ICE_CREAM_SHOP"",""YARN_STORE""]},{""step"":432,""shops"":[""SMOOTHIE_SHOP"",""PIZZA_SHOP"",""SMOOTHIE_SHOP"",""ICE_CREAM_SHOP"",""YARN_STORE"",""SMOOTHIE_SHOP""]},{""step"":504,""shops"":[""SMOOTHIE_SHOP"",""PIZZA_SHOP"",""SMOOTHIE_SHOP"",""ICE_CREAM_SHOP"",""YARN_STORE"",""SMOOTHIE_SHOP"",""BRUNCH_SPOT""]},{""step"":576,""shops"":[""SMOOTHIE_SHOP"",""PIZZA_SHOP"",""SMOOTHIE_SHOP"",""ICE_CREAM_SHOP"",""YARN_STORE"",""SMOOTHIE_SHOP"",""BRUNCH_SPOT"",""FARMERS_MARKET""]}]",experiments/round10_public_learning_20260924/evaluations/b1_regression/replays/B1_herd_safe/qeinstein_moev2/seed_2026092409_seat_0.json.gz,cfff66f90f4f4f7e33328d18dc9876cf9d752694491870ddffbd3d5126478bc9,b6553c296c556aff5b5e2d12b75618e505fa4d852afb5338414ac6d6e039cb02,45fa89710e66327379fb27dfa3569b153abf8ead9f5f9be0da02dbe9e792105c,0fe077cc65622d6f6828160d90b617595a4aa7ea188e4afc67bfee8e4d290c92,"{""players"":[{""sell_dead_units"":186,""refused_buy_product"":0,""refused_buy_seed"":0,""refused_buy_animal"":0,""refused_hire"":0,""refused_buy_land"":0,""hire_paid"":4075,""sell_zero_fill"":31,""buy_zero_fill"":0,""sell_revenue"":179395.0,""total_spend"":27758.0,""shed_discarded_units"":0,""sold_units"":1562,""feed_no_wheat"":0,""feed_no_animal"":0,""feed_redundant"":0,""water_dead"":10,""harvest_dead"":18,""plant_dead"":0,""animals_escaped"":0,""escape_capital"":0.0,""escape_yield_units"":0,""escape_first_day"":-1,""animal_unfed_days"":35,""plants_dry"":1,""dry_seed_cost"":100.0,""dry_yield_units"":0,""dry_first_day"":21,""plant_unwatered_days"":392,""decay_units"":18,""plants_decayed"":18,""silent_loss_coins"":100.0,""silent_loss_units"":18,""dead_actions"":56,""move_dead"":0,""locked_dead"":0,""pickup_dead"":0,""drop_dead"":0,""place_dead"":2,""build_dead"":0,""dig_dead"":4,""fertilize_dead"":1,""collect_dead"":8,""care_dead"":13,""tile_cap_units"":24,""fertilizer_forgone"":15,""care_unfed"":31,""animal_shed_days"":1,""idle_tile_days"":63,""weed_tile_days"":2,""hand_pass_turns"":352,""farmer_pass_turns"":60,""phantom_hand_actions"":0,""sell_floor_units"":21,""hire_premium"":3810,""shed_units_now"":0,""shed_value_now"":0.0,""animals_in_shed_now"":0,""seeds_unplanted_now"":1,""seeds_unplanted_cost_now"":10.0},{""sell_dead_units"":28,""refused_buy_product"":42,""refused_buy_seed"":0,""refused_buy_animal"":0,""refused_hire"":0,""refused_buy_land"":0,""hire_paid"":6298,""sell_zero_fill"":0,""buy_zero_fill"":0,""sell_revenue"":168139.0,""total_spend"":31160.0,""shed_discarded_units"":0,""sold_units"":1504,""feed_no_wheat"":7,""feed_no_animal"":0,""feed_redundant"":3,""water_dead"":0,""harvest_dead"":3,""plant_dead"":0,""animals_escaped"":0,""escape_capital"":0.0,""escape_yield_units"":0,""escape_first_day"":-1,""animal_unfed_days"":19,""plants_dry"":3,""dry_seed_cost"":50.0,""dry_yield_units"":3,""dry_first_day"":17,""plant_unwatered_days"":406,""decay_units"":36,""plants_decayed"":36,""silent_loss_coins"":50.0,""silent_loss_units"":39,""dead_actions"":20,""move_dead"":0,""locked_dead"":0,""pickup_dead"":2,""drop_dead"":0,""place_dead"":5,""build_dead"":0,""dig_dead"":0,""fertilize_dead"":0,""collect_dead"":0,""care_dead"":0,""tile_cap_units"":7,""fertilizer_forgone"":0,""care_unfed"":14,""animal_shed_days"":0,""idle_tile_days"":53,""weed_tile_days"":3,""hand_pass_turns"":778,""farmer_pass_turns"":70,""phantom_hand_actions"":0,""sell_floor_units"":24,""hire_premium"":6008,""shed_units_now"":1,""shed_value_now"":1.0,""animals_in_shed_now"":0,""seeds_unplanted_now"":0,""seeds_unplanted_cost_now"":0.0}]}",{},
B1_herd_safe,B1_public_source,qeinstein_moev2,qeinstein,2026092409,1,154637.0,139979.0,14658.0,W,kagsim,4.246257,0,0,0,0,0,0,0,0,8893ebb15f9495be2799b2da6da117bbf77f0b2f91b650b02a258e61503bb700,"[{""step"":0,""shops"":[]},{""step"":72,""shops"":[""SMOOTHIE_SHOP""]},{""step"":144,""shops"":[""SMOOTHIE_SHOP"",""PIZZA_SHOP""]},{""step"":216,""shops"":[""SMOOTHIE_SHOP"",""PIZZA_SHOP"",""SMOOTHIE_SHOP""]},{""step"":288,""shops"":[""SMOOTHIE_SHOP"",""PIZZA_SHOP"",""SMOOTHIE_SHOP"",""ICE_CREAM_SHOP""]},{""step"":360,""shops"":[""SMOOTHIE_SHOP"",""PIZZA_SHOP"",""SMOOTHIE_SHOP"",""ICE_CREAM_SHOP"",""YARN_STORE""]},{""step"":432,""shops"":[""SMOOTHIE_SHOP"",""PIZZA_SHOP"",""SMOOTHIE_SHOP"",""ICE_CREAM_SHOP"",""YARN_STORE"",""SMOOTHIE_SHOP""]},{""step"":504,""shops"":[""SMOOTHIE_SHOP"",""PIZZA_SHOP"",""SMOOTHIE_SHOP"",""ICE_CREAM_SHOP"",""YARN_STORE"",""SMOOTHIE_SHOP"",""BRUNCH_SPOT""]},{""step"":576,""shops"":[""SMOOTHIE_SHOP"",""PIZZA_SHOP"",""SMOOTHIE_SHOP"",""ICE_CREAM_SHOP"",""YARN_STORE"",""SMOOTHIE_SHOP"",""BRUNCH_SPOT"",""FARMERS_MARKET""]}]",experiments/round10_public_learning_20260924/evaluations/b1_regression/replays/B1_herd_safe/qeinstein_moev2/seed_2026092409_seat_1.json.gz,066565d3c3b8f6a67df5e4b6f7499be51853ddd71298dd5a1bb13f8158c18236,b6553c296c556aff5b5e2d12b75618e505fa4d852afb5338414ac6d6e039cb02,45fa89710e66327379fb27dfa3569b153abf8ead9f5f9be0da02dbe9e792105c,0fe077cc65622d6f6828160d90b617595a4aa7ea188e4afc67bfee8e4d290c92,"{""players"":[{""sell_dead_units"":28,""refused_buy_product"":42,""refused_buy_seed"":0,""refused_buy_animal"":0,""refused_hire"":0,""refused_buy_land"":0,""hire_paid"":6298,""sell_zero_fill"":0,""buy_zero_fill"":0,""sell_revenue"":168139.0,""total_spend"":31160.0,""shed_discarded_units"":0,""sold_units"":1504,""feed_no_wheat"":7,""feed_no_animal"":0,""feed_redundant"":3,""water_dead"":0,""harvest_dead"":3,""plant_dead"":0,""animals_escaped"":0,""escape_capital"":0.0,""escape_yield_units"":0,""escape_first_day"":-1,""animal_unfed_days"":19,""plants_dry"":3,""dry_seed_cost"":50.0,""dry_yield_units"":3,""dry_first_day"":17,""plant_unwatered_days"":406,""decay_units"":36,""plants_decayed"":36,""silent_loss_coins"":50.0,""silent_loss_units"":39,""dead_actions"":20,""move_dead"":0,""locked_dead"":0,""pickup_dead"":2,""drop_dead"":0,""place_dead"":5,""build_dead"":0,""dig_dead"":0,""fertilize_dead"":0,""collect_dead"":0,""care_dead"":0,""tile_cap_units"":7,""fertilizer_forgone"":0,""care_unfed"":14,""animal_shed_days"":0,""idle_tile_days"":53,""weed_tile_days"":4,""hand_pass_turns"":778,""farmer_pass_turns"":70,""phantom_hand_actions"":0,""sell_floor_units"":24,""hire_premium"":6008,""shed_units_now"":1,""shed_value_now"":1.0,""animals_in_shed_now"":0,""seeds_unplanted_now"":0,""seeds_unplanted_cost_now"":0.0},{""sell_dead_units"":186,""refused_buy_product"":0,""refused_buy_seed"":0,""refused_buy_animal"":0,""refused_hire"":0,""refused_buy_land"":0,""hire_paid"":4075,""sell_zero_fill"":31,""buy_zero_fill"":0,""sell_revenue"":179395.0,""total_spend"":27758.0,""shed_discarded_units"":0,""sold_units"":1562,""feed_no_wheat"":0,""feed_no_animal"":0,""feed_redundant"":0,""water_dead"":10,""harvest_dead"":18,""plant_dead"":0,""animals_escaped"":0,""escape_capital"":0.0,""escape_yield_units"":0,""escape_first_day"":-1,""animal_unfed_days"":35,""plants_dry"":1,""dry_seed_cost"":100.0,""dry_yield_units"":0,""dry_first_day"":21,""plant_unwatered_days"":392,""decay_units"":18,""plants_decayed"":18,""silent_loss_coins"":100.0,""silent_loss_units"":18,""dead_actions"":56,""move_dead"":0,""locked_dead"":0,""pickup_dead"":0,""drop_dead"":0,""place_dead"":2,""build_dead"":0,""dig_dead"":4,""fertilize_dead"":1,""collect_dead"":8,""care_dead"":13,""tile_cap_units"":24,""fertilizer_forgone"":15,""care_unfed"":31,""animal_shed_days"":1,""idle_tile_days"":63,""weed_tile_days"":1,""hand_pass_turns"":353,""farmer_pass_turns"":60,""phantom_hand_actions"":0,""sell_floor_units"":21,""hire_premium"":3810,""shed_units_now"":0,""shed_value_now"":0.0,""animals_in_shed_now"":0,""seeds_unplanted_now"":1,""seeds_unplanted_cost_now"":10.0}]}",{},
B1_herd_safe,B1_public_source,qeinstein_moev2,qeinstein,2026092410,0,110464.0,90293.0,20171.0,W,kagsim,4.22861,0,0,0,0,0,0,0,0,057e40695d51348a2d8bb724954052f5d37c60596ea053a501bc14b9c933f01c,"[{""step"":0,""shops"":[]},{""step"":72,""shops"":[""YARN_STORE""]},{""step"":144,""shops"":[""YARN_STORE"",""BRUNCH_SPOT""]},{""step"":216,""shops"":[""YARN_STORE"",""BRUNCH_SPOT"",""YARN_STORE""]},{""step"":288,""shops"":[""YARN_STORE"",""BRUNCH_SPOT"",""YARN_STORE"",""PIZZA_SHOP""]},{""step"":360,""shops"":[""YARN_STORE"",""BRUNCH_SPOT"",""YARN_STORE"",""PIZZA_SHOP"",""BRUNCH_SPOT""]},{""step"":432,""shops"":[""YARN_STORE"",""BRUNCH_SPOT"",""YARN_STORE"",""PIZZA_SHOP"",""BRUNCH_SPOT"",""BAKERY""]},{""step"":504,""shops"":[""YARN_STORE"",""BRUNCH_SPOT"",""YARN_STORE"",""PIZZA_SHOP"",""BRUNCH_SPOT"",""BAKERY"",""BAKERY""]},{""step"":576,""shops"":[""YARN_STORE"",""BRUNCH_SPOT"",""YARN_STORE"",""PIZZA_SHOP"",""BRUNCH_SPOT"",""BAKERY"",""BAKERY"",""BAKERY""]}]",experiments/round10_public_learning_20260924/evaluations/b1_regression/replays/B1_herd_safe/qeinstein_moev2/seed_2026092410_seat_0.json.gz,9028c398dbaed4898e6a41674ae11f534e57ae327500a8462a2b9fa6c5f1e2a2,b6553c296c556aff5b5e2d12b75618e505fa4d852afb5338414ac6d6e039cb02,45fa89710e66327379fb27dfa3569b153abf8ead9f5f9be0da02dbe9e792105c,0fe077cc65622d6f6828160d90b617595a4aa7ea188e4afc67bfee8e4d290c92,"{""players"":[{""sell_dead_units"":199,""refused_buy_product"":0,""refused_buy_seed"":0,""refused_buy_animal"":0,""refused_hire"":0,""refused_buy_land"":0,""hire_paid"":9518,""sell_zero_fill"":20,""buy_zero_fill"":0,""sell_revenue"":152231.0,""total_spend"":44767.0,""shed_discarded_units"":22,""sold_units"":1709,""feed_no_wheat"":0,""feed_no_animal"":0,""feed_redundant"":0,""water_dead"":1,""harvest_dead"":7,""plant_dead"":0,""animals_escaped"":0,""escape_capital"":0.0,""escape_yield_units"":0,""escape_first_day"":-1,""animal_unfed_days"":61,""plants_dry"":1,""dry_seed_cost"":100.0,""dry_yield_units"":0,""dry_first_day"":21,""plant_unwatered_days"":385,""decay_units"":18,""plants_decayed"":18,""silent_loss_coins"":100.0,""silent_loss_units"":40,""dead_actions"":22,""move_dead"":0,""locked_dead"":0,""pickup_dead"":0,""drop_dead"":0,""place_dead"":3,""build_dead"":0,""dig_dead"":2,""fertilize_dead"":0,""collect_dead"":4,""care_dead"":5,""tile_cap_units"":7,""fertilizer_forgone"":46,""care_unfed"":56,""animal_shed_days"":0,""idle_tile_days"":404,""weed_tile_days"":80,""hand_pass_turns"":664,""farmer_pass_turns"":79,""phantom_hand_actions"":0,""sell_floor_units"":163,""hire_premium"":9214,""shed_units_now"":0,""shed_value_now"":0.0,""animals_in_shed_now"":0,""seeds_unplanted_now"":0,""seeds_unplanted_cost_now"":0.0},{""sell_dead_units"":32,""refused_buy_product"":42,""refused_buy_seed"":0,""refused_buy_animal"":0,""refused_hire"":0,""refused_buy_land"":0,""hire_paid"":9725,""sell_zero_fill"":0,""buy_zero_fill"":0,""sell_revenue"":122978.0,""total_spend"":35685.0,""shed_discarded_units"":0,""sold_units"":1488,""feed_no_wheat"":7,""feed_no_animal"":0,""feed_redundant"":3,""water_dead"":30,""harvest_dead"":26,""plant_dead"":1,""animals_escaped"":1,""escape_capital"":500.0,""escape_yield_units"":0,""escape_first_day"":28,""animal_unfed_days"":24,""plants_dry"":1,""dry_seed_cost"":10.0,""dry_yield_units"":1,""dry_first_day"":17,""plant_unwatered_days"":366,""decay_units"":32,""plants_decayed"":32,""silent_loss_coins"":510.0,""silent_loss_units"":33,""dead_actions"":84,""move_dead"":0,""locked_dead"":0,""pickup_dead"":2,""drop_dead"":0,""place_dead"":3,""build_dead"":0,""dig_dead"":3,""fertilize_dead"":8,""collect_dead"":0,""care_dead"":1,""tile_cap_units"":16,""fertilizer_forgone"":40,""care_unfed"":14,""animal_shed_days"":0,""idle_tile_days"":69,""weed_tile_days"":21,""hand_pass_turns"":974,""farmer_pass_turns"":69,""phantom_hand_actions"":0,""sell_floor_units"":172,""hire_premium"":9416,""shed_units_now"":1,""shed_value_now"":1.0,""animals_in_shed_now"":0,""seeds_unplanted_now"":6,""seeds_unplanted_cost_now"":440.0}]}",{},
B1_herd_safe,B1_public_source,qeinstein_moev2,qeinstein,2026092410,1,126335.0,97838.0,28497.0,W,kagsim,2.935622,0,0,0,0,0,0,0,0,5ab47196b7810ec3077c04f9c4b627c6a8217ea99b15a9f0fe623e405996ecb7,"[{""step"":0,""shops"":[]},{""step"":72,""shops"":[""YARN_STORE""]},{""step"":144,""shops"":[""YARN_STORE"",""BRUNCH_SPOT""]},{""step"":216,""shops"":[""YARN_STORE"",""BRUNCH_SPOT"",""YARN_STORE""]},{""step"":288,""shops"":[""YARN_STORE"",""BRUNCH_SPOT"",""YARN_STORE"",""PIZZA_SHOP""]},{""step"":360,""shops"":[""YARN_STORE"",""BRUNCH_SPOT"",""YARN_STORE"",""PIZZA_SHOP"",""FARMERS_MARKET""]},{""step"":432,""shops"":[""YARN_STORE"",""BRUNCH_SPOT"",""YARN_STORE"",""PIZZA_SHOP"",""FARMERS_MARKET"",""ICE_CREAM_SHOP""]},{""step"":504,""shops"":[""YARN_STORE"",""BRUNCH_SPOT"",""YARN_STORE"",""PIZZA_SHOP"",""FARMERS_MARKET"",""ICE_CREAM_SHOP"",""PET_CAFE""]},{""step"":576,""shops"":[""YARN_STORE"",""BRUNCH_SPOT"",""YARN_STORE"",""PIZZA_SHOP"",""FARMERS_MARKET"",""ICE_CREAM_SHOP"",""PET_CAFE"",""YARN_STORE""]}]",experiments/round10_public_learning_20260924/evaluations/b1_regression/replays/B1_herd_safe/qeinstein_moev2/seed_2026092410_seat_1.json.gz,e7dff48d7a05231735ced4cb74e615e68e8936e1bf9653fdb90b1dd18540f082,b6553c296c556aff5b5e2d12b75618e505fa4d852afb5338414ac6d6e039cb02,45fa89710e66327379fb27dfa3569b153abf8ead9f5f9be0da02dbe9e792105c,0fe077cc65622d6f6828160d90b617595a4aa7ea188e4afc67bfee8e4d290c92,"{""players"":[{""sell_dead_units"":32,""refused_buy_product"":42,""refused_buy_seed"":0,""refused_buy_animal"":0,""refused_hire"":0,""refused_buy_land"":0,""hire_paid"":9725,""sell_zero_fill"":0,""buy_zero_fill"":0,""sell_revenue"":130806.0,""total_spend"":35968.0,""shed_discarded_units"":0,""sold_units"":1488,""feed_no_wheat"":7,""feed_no_animal"":0,""feed_redundant"":3,""water_dead"":30,""harvest_dead"":26,""plant_dead"":1,""animals_escaped"":1,""escape_capital"":500.0,""escape_yield_units"":0,""escape_first_day"":28,""animal_unfed_days"":24,""plants_dry"":1,""dry_seed_cost"":10.0,""dry_yield_units"":1,""dry_first_day"":17,""plant_unwatered_days"":366,""decay_units"":32,""plants_decayed"":32,""silent_loss_coins"":510.0,""silent_loss_units"":33,""dead_actions"":83,""move_dead"":0,""locked_dead"":0,""pickup_dead"":2,""drop_dead"":0,""place_dead"":2,""build_dead"":0,""dig_dead"":3,""fertilize_dead"":8,""collect_dead"":0,""care_dead"":1,""tile_cap_units"":16,""fertilizer_forgone"":40,""care_unfed"":14,""animal_shed_days"":0,""idle_tile_days"":69,""weed_tile_days"":21,""hand_pass_turns"":974,""farmer_pass_turns"":69,""phantom_hand_actions"":0,""sell_floor_units"":124,""hire_premium"":9416,""shed_units_now"":1,""shed_value_now"":1.0,""animals_in_shed_now"":0,""seeds_unplanted_now"":6,""seeds_unplanted_cost_now"":440.0},{""sell_dead_units"":192,""refused_buy_product"":0,""refused_buy_seed"":0,""refused_buy_animal"":0,""refused_hire"":0,""refused_buy_land"":0,""hire_paid"":9518,""sell_zero_fill"":22,""buy_zero_fill"":0,""sell_revenue"":168031.0,""total_spend"":44696.0,""shed_discarded_units"":22,""sold_units"":1718,""feed_no_wheat"":0,""feed_no_animal"":0,""feed_redundant"":0,""water_dead"":1,""harvest_dead"":7,""plant_dead"":0,""animals_escaped"":0,""escape_capital"":0.0,""escape_yield_units"":0,""escape_first_day"":-1,""animal_unfed_days"":48,""plants_dry"":1,""dry_seed_cost"":100.0,""dry_yield_units"":0,""dry_first_day"":21,""plant_unwatered_days"":385,""decay_units"":18,""plants_decayed"":18,""silent_loss_coins"":100.0,""silent_loss_units"":40,""dead_actions"":21,""move_dead"":0,""locked_dead"":0,""pickup_dead"":0,""drop_dead"":0,""place_dead"":3,""build_dead"":0,""dig_dead"":1,""fertilize_dead"":0,""collect_dead"":4,""care_dead"":5,""tile_cap_units"":8,""fertilizer_forgone"":46,""care_unfed"":44,""animal_shed_days"":0,""idle_tile_days"":404,""weed_tile_days"":63,""hand_pass_turns"":649,""farmer_pass_turns"":81,""phantom_hand_actions"":0,""sell_floor_units"":93,""hire_premium"":9214,""shed_units_now"":0,""shed_value_now"":0.0,""animals_in_shed_now"":0,""seeds_unplanted_now"":0,""seeds_unplanted_cost_now"":0.0}]}",{},
B1_herd_safe,B1_public_source,smart_farm,smart_farm,2026092407,0,69925.0,60309.0,9616.0,W,kagsim,4.777196,0,0,0,0,0,0,0,0,83a1e1def3a4d86f1eea73bb44de5b1b387dd44f243a722fb9709a1779a24134,"[{""step"":0,""shops"":[]},{""step"":72,""shops"":[""BAKERY""]},{""step"":144,""shops"":[""BAKERY"",""BRUNCH_SPOT""]},{""step"":216,""shops"":[""BAKERY"",""BRUNCH_SPOT"",""BRUNCH_SPOT""]},{""step"":288,""shops"":[""BAKERY"",""BRUNCH_SPOT"",""BRUNCH_SPOT"",""BAKERY""]},{""step"":360,""shops"":[""BAKERY"",""BRUNCH_SPOT"",""BRUNCH_SPOT"",""BAKERY"",""PIZZA_SHOP""]},{""step"":432,""shops"":[""BAKERY"",""BRUNCH_SPOT"",""BRUNCH_SPOT"",""BAKERY"",""PIZZA_SHOP"",""PET_CAFE""]},{""step"":504,""shops"":[""BAKERY"",""BRUNCH_SPOT"",""BRUNCH_SPOT"",""BAKERY"",""PIZZA_SHOP"",""PET_CAFE"",""YARN_STORE""]},{""step"":576,""shops"":[""BAKERY"",""BRUNCH_SPOT"",""BRUNCH_SPOT"",""BAKERY"",""PIZZA_SHOP"",""PET_CAFE"",""YARN_STORE"",""BAKERY""]}]",experiments/round10_public_learning_20260924/evaluations/b1_regression/replays/B1_herd_safe/smart_farm/seed_2026092407_seat_0.json.gz,76c34fe305b4b7308902402ac1303c2f29207aac1a9dc0f091b44fdc76b5b731,b6553c296c556aff5b5e2d12b75618e505fa4d852afb5338414ac6d6e039cb02,004eae43a514acf76a763298683e4ee8028c445e2be6809a3a98842bfd7bd1e4,0fe077cc65622d6f6828160d90b617595a4aa7ea188e4afc67bfee8e4d290c92,"{""players"":[{""sell_dead_units"":223,""refused_buy_product"":51,""refused_buy_seed"":0,""refused_buy_animal"":0,""refused_hire"":0,""refused_buy_land"":0,""hire_paid"":4541,""sell_zero_fill"":37,""buy_zero_fill"":1,""sell_revenue"":240362.0,""total_spend"":173437.0,""shed_discarded_units"":12,""sold_units"":4863,""feed_no_wheat"":0,""feed_no_animal"":0,""feed_redundant"":0,""water_dead"":12,""harvest_dead"":4,""plant_dead"":0,""animals_escaped"":0,""escape_capital"":0.0,""escape_yield_units"":0,""escape_first_day"":-1,""animal_unfed_days"":102,""plants_dry"":2,""dry_seed_cost"":120.0,""dry_yield_units"":1,""dry_first_day"":21,""plant_unwatered_days"":387,""decay_units"":18,""plants_decayed"":18,""silent_loss_coins"":120.0,""silent_loss_units"":31,""dead_actions"":45,""move_dead"":0,""locked_dead"":0,""pickup_dead"":0,""drop_dead"":0,""place_dead"":1,""build_dead"":0,""dig_dead"":2,""fertilize_dead"":0,""collect_dead"":3,""care_dead"":23,""tile_cap_units"":20,""fertilizer_forgone"":18,""care_unfed"":98,""animal_shed_days"":1,""idle_tile_days"":64,""weed_tile_days"":2,""hand_pass_turns"":400,""farmer_pass_turns"":70,""phantom_hand_actions"":0,""sell_floor_units"":159,""hire_premium"":4272,""shed_units_now"":0,""shed_value_now"":0.0,""animals_in_shed_now"":0,""seeds_unplanted_now"":1,""seeds_unplanted_cost_now"":10.0},{""sell_dead_units"":10000390,""refused_buy_product"":9,""refused_buy_seed"":0,""refused_buy_animal"":1,""refused_hire"":0,""refused_buy_land"":0,""hire_paid"":5400,""sell_zero_fill"":77,""buy_zero_fill"":4,""sell_revenue"":92030.0,""total_spend"":34721.0,""shed_discarded_units"":0,""sold_units"":1735,""feed_no_wheat"":1,""feed_no_animal"":0,""feed_redundant"":0,""water_dead"":12,""harvest_dead"":3,""plant_dead"":0,""animals_escaped"":2,""escape_capital"":1000.0,""escape_yield_units"":0,""escape_first_day"":28,""animal_unfed_days"":34,""plants_dry"":2,""dry_seed_cost"":20.0,""dry_yield_units"":2,""dry_first_day"":19,""plant_unwatered_days"":398,""decay_units"":23,""plants_decayed"":23,""silent_loss_coins"":1020.0,""silent_loss_units"":25,""dead_actions"":42,""move_dead"":0,""locked_dead"":0,""pickup_dead"":1,""drop_dead"":0,""place_dead"":9,""build_dead"":0,""dig_dead"":0,""fertilize_dead"":0,""collect_dead"":6,""care_dead"":10,""tile_cap_units"":34,""fertilizer_forgone"":21,""care_unfed"":18,""animal_shed_days"":1,""idle_tile_days"":48,""weed_tile_days"":5,""hand_pass_turns"":458,""farmer_pass_turns"":56,""phantom_hand_actions"":0,""sell_floor_units"":262,""hire_premium"":5120,""shed_units_now"":0,""shed_value_now"":0.0,""animals_in_shed_now"":0,""seeds_unplanted_now"":9,""seeds_unplanted_cost_now"":90.0}]}",{},
B1_herd_safe,B1_public_source,smart_farm,smart_farm,2026092407,1,69925.0,60309.0,9616.0,W,kagsim,4.349113,0,0,0,0,0,0,0,0,83a1e1def3a4d86f1eea73bb44de5b1b387dd44f243a722fb9709a1779a24134,"[{""step"":0,""shops"":[]},{""step"":72,""shops"":[""BAKERY""]},{""step"":144,""shops"":[""BAKERY"",""BRUNCH_SPOT""]},{""step"":216,""shops"":[""BAKERY"",""BRUNCH_SPOT"",""BRUNCH_SPOT""]},{""step"":288,""shops"":[""BAKERY"",""BRUNCH_SPOT"",""BRUNCH_SPOT"",""BAKERY""]},{""step"":360,""shops"":[""BAKERY"",""BRUNCH_SPOT"",""BRUNCH_SPOT"",""BAKERY"",""PIZZA_SHOP""]},{""step"":432,""shops"":[""BAKERY"",""BRUNCH_SPOT"",""BRUNCH_SPOT"",""BAKERY"",""PIZZA_SHOP"",""PET_CAFE""]},{""step"":504,""shops"":[""BAKERY"",""BRUNCH_SPOT"",""BRUNCH_SPOT"",""BAKERY"",""PIZZA_SHOP"",""PET_CAFE"",""YARN_STORE""]},{""step"":576,""shops"":[""BAKERY"",""BRUNCH_SPOT"",""BRUNCH_SPOT"",""BAKERY"",""PIZZA_SHOP"",""PET_CAFE"",""YARN_STORE"",""BAKERY""]}]",experiments/round10_public_learning_20260924/evaluations/b1_regression/replays/B1_herd_safe/smart_farm/seed_2026092407_seat_1.json.gz,11b66c01c815aec67f76049d658be2e543db043826570fa2a6c6e3ac80cb30aa,b6553c296c556aff5b5e2d12b75618e505fa4d852afb5338414ac6d6e039cb02,004eae43a514acf76a763298683e4ee8028c445e2be6809a3a98842bfd7bd1e4,0fe077cc65622d6f6828160d90b617595a4aa7ea188e4afc67bfee8e4d290c92,"{""players"":[{""sell_dead_units"":10000390,""refused_buy_product"":9,""refused_buy_seed"":0,""refused_buy_animal"":1,""refused_hire"":0,""refused_buy_land"":0,""hire_paid"":5400,""sell_zero_fill"":77,""buy_zero_fill"":4,""sell_revenue"":92030.0,""total_spend"":34721.0,""shed_discarded_units"":0,""sold_units"":1735,""feed_no_wheat"":1,""feed_no_animal"":0,""feed_redundant"":0,""water_dead"":12,""harvest_dead"":3,""plant_dead"":0,""animals_escaped"":2,""escape_capital"":1000.0,""escape_yield_units"":0,""escape_first_day"":28,""animal_unfed_days"":34,""plants_dry"":2,""dry_seed_cost"":20.0,""dry_yield_units"":2,""dry_first_day"":19,""plant_unwatered_days"":398,""decay_units"":23,""plants_decayed"":23,""silent_loss_coins"":1020.0,""silent_loss_units"":25,""dead_actions"":42,""move_dead"":0,""locked_dead"":0,""pickup_dead"":1,""drop_dead"":0,""place_dead"":9,""build_dead"":0,""dig_dead"":0,""fertilize_dead"":0,""collect_dead"":6,""care_dead"":10,""tile_cap_units"":34,""fertilizer_forgone"":21,""care_unfed"":18,""animal_shed_days"":1,""idle_tile_days"":48,""weed_tile_days"":5,""hand_pass_turns"":458,""farmer_pass_turns"":56,""phantom_hand_actions"":0,""sell_floor_units"":262,""hire_premium"":5120,""shed_units_now"":0,""shed_value_now"":0.0,""animals_in_shed_now"":0,""seeds_unplanted_now"":9,""seeds_unplanted_cost_now"":90.0},{""sell_dead_units"":223,""refused_buy_product"":51,""refused_buy_seed"":0,""refused_buy_animal"":0,""refused_hire"":0,""refused_buy_land"":0,""hire_paid"":4541,""sell_zero_fill"":37,""buy_zero_fill"":1,""sell_revenue"":240362.0,""total_spend"":173437.0,""shed_discarded_units"":12,""sold_units"":4863,""feed_no_wheat"":0,""feed_no_animal"":0,""feed_redundant"":0,""water_dead"":12,""harvest_dead"":4,""plant_dead"":0,""animals_escaped"":0,""escape_capital"":0.0,""escape_yield_units"":0,""escape_first_day"":-1,""animal_unfed_days"":102,""plants_dry"":2,""dry_seed_cost"":120.0,""dry_yield_units"":1,""dry_first_day"":21,""plant_unwatered_days"":387,""decay_units"":18,""plants_decayed"":18,""silent_loss_coins"":120.0,""silent_loss_units"":31,""dead_actions"":45,""move_dead"":0,""locked_dead"":0,""pickup_dead"":0,""drop_dead"":0,""place_dead"":1,""build_dead"":0,""dig_dead"":2,""fertilize_dead"":0,""collect_dead"":3,""care_dead"":23,""tile_cap_units"":20,""fertilizer_forgone"":18,""care_unfed"":98,""animal_shed_days"":1,""idle_tile_days"":64,""weed_tile_days"":2,""hand_pass_turns"":400,""farmer_pass_turns"":70,""phantom_hand_actions"":0,""sell_floor_units"":159,""hire_premium"":4272,""shed_units_now"":0,""shed_value_now"":0.0,""animals_in_shed_now"":0,""seeds_unplanted_now"":1,""seeds_unplanted_cost_now"":10.0}]}",{},
B1_herd_safe,B1_public_source,smart_farm,smart_farm,2026092408,0,89740.0,79602.0,10138.0,W,kagsim,2.762102,0,0,0,0,0,0,0,0,7642378dc7d6547fa19fed94476315139d3022b57df73128cc261789dd526130,"[{""step"":0,""shops"":[]},{""step"":72,""shops"":[""BRUNCH_SPOT""]},{""step"":144,""shops"":[""BRUNCH_SPOT"",""YARN_STORE""]},{""step"":216,""shops"":[""BRUNCH_SPOT"",""YARN_STORE"",""PIZZA_SHOP""]},{""step"":288,""shops"":[""BRUNCH_SPOT"",""YARN_STORE"",""PIZZA_SHOP"",""BAKERY""]},{""step"":360,""shops"":[""BRUNCH_SPOT"",""YARN_STORE"",""PIZZA_SHOP"",""BAKERY"",""SMOOTHIE_SHOP""]},{""step"":432,""shops"":[""BRUNCH_SPOT"",""YARN_STORE"",""PIZZA_SHOP"",""BAKERY"",""SMOOTHIE_SHOP"",""SMOOTHIE_SHOP""]},{""step"":504,""shops"":[""BRUNCH_SPOT"",""YARN_STORE"",""PIZZA_SHOP"",""BAKERY"",""SMOOTHIE_SHOP"",""SMOOTHIE_SHOP"",""ICE_CREAM_SHOP""]},{""step"":576,""shops"":[""BRUNCH_SPOT"",""YARN_STORE"",""PIZZA_SHOP"",""BAKERY"",""SMOOTHIE_SHOP"",""SMOOTHIE_SHOP"",""ICE_CREAM_SHOP"",""ICE_CREAM_SHOP""]}]",experiments/round10_public_learning_20260924/evaluations/b1_regression/replays/B1_herd_safe/smart_farm/seed_2026092408_seat_0.json.gz,73a8e476db0d9c508af0ce615b8ddcbdb18a1df039bd9193a486ba8b2ac1044e,b6553c296c556aff5b5e2d12b75618e505fa4d852afb5338414ac6d6e039cb02,004eae43a514acf76a763298683e4ee8028c445e2be6809a3a98842bfd7bd1e4,0fe077cc65622d6f6828160d90b617595a4aa7ea188e4afc67bfee8e4d290c92,"{""players"":[{""sell_dead_units"":261,""refused_buy_product"":1,""refused_buy_seed"":0,""refused_buy_animal"":0,""refused_hire"":0,""refused_buy_land"":0,""hire_paid"":5659,""sell_zero_fill"":23,""buy_zero_fill"":1,""sell_revenue"":116395.0,""total_spend"":29655.0,""shed_discarded_units"":30,""sold_units"":1549,""feed_no_wheat"":0,""feed_no_animal"":0,""feed_redundant"":0,""water_dead"":1,""harvest_dead"":4,""plant_dead"":0,""animals_escaped"":0,""escape_capital"":0.0,""escape_yield_units"":0,""escape_first_day"":-1,""animal_unfed_days"":70,""plants_dry"":1,""dry_seed_cost"":100.0,""dry_yield_units"":0,""dry_first_day"":21,""plant_unwatered_days"":385,""decay_units"":18,""plants_decayed"":18,""silent_loss_coins"":100.0,""silent_loss_units"":48,""dead_actions"":17,""move_dead"":0,""locked_dead"":0,""pickup_dead"":0,""drop_dead"":0,""place_dead"":1,""build_dead"":0,""dig_dead"":2,""fertilize_dead"":0,""collect_dead"":4,""care_dead"":5,""tile_cap_units"":9,""fertilizer_forgone"":14,""care_unfed"":66,""animal_shed_days"":0,""idle_tile_days"":62,""weed_tile_days"":1,""hand_pass_turns"":622,""farmer_pass_turns"":85,""phantom_hand_actions"":0,""sell_floor_units"":65,""hire_premium"":5377,""shed_units_now"":0,""shed_value_now"":0.0,""animals_in_shed_now"":0,""seeds_unplanted_now"":0,""seeds_unplanted_cost_now"":0.0},{""sell_dead_units"":10000645,""refused_buy_product"":15,""refused_buy_seed"":1,""refused_buy_animal"":1,""refused_hire"":0,""refused_buy_land"":0,""hire_paid"":5400,""sell_zero_fill"":96,""buy_zero_fill"":7,""sell_revenue"":111698.0,""total_spend"":35096.0,""shed_discarded_units"":0,""sold_units"":1696,""feed_no_wheat"":2,""feed_no_animal"":0,""feed_redundant"":0,""water_dead"":21,""harvest_dead"":24,""plant_dead"":1,""animals_escaped"":2,""escape_capital"":1000.0,""escape_yield_units"":0,""escape_first_day"":28,""animal_unfed_days"":35,""plants_dry"":2,""dry_seed_cost"":20.0,""dry_yield_units"":2,""dry_first_day"":19,""plant_unwatered_days"":390,""decay_units"":22,""plants_decayed"":22,""silent_loss_coins"":1020.0,""silent_loss_units"":24,""dead_actions"":70,""move_dead"":0,""locked_dead"":0,""pickup_dead"":2,""drop_dead"":0,""place_dead"":3,""build_dead"":0,""dig_dead"":1,""fertilize_dead"":2,""collect_dead"":5,""care_dead"":9,""tile_cap_units"":1,""fertilizer_forgone"":21,""care_unfed"":18,""animal_shed_days"":1,""idle_tile_days"":65,""weed_tile_days"":5,""hand_pass_turns"":461,""farmer_pass_turns"":56,""phantom_hand_actions"":0,""sell_floor_units"":151,""hire_premium"":5120,""shed_units_now"":2,""shed_value_now"":2.0,""animals_in_shed_now"":0,""seeds_unplanted_now"":9,""seeds_unplanted_cost_now"":90.0}]}",{},
B1_herd_safe,B1_public_source,smart_farm,smart_farm,2026092408,1,89740.0,79602.0,10138.0,W,kagsim,2.62896,0,0,0,0,0,0,0,0,7642378dc7d6547fa19fed94476315139d3022b57df73128cc261789dd526130,"[{""step"":0,""shops"":[]},{""step"":72,""shops"":[""BRUNCH_SPOT""]},{""step"":144,""shops"":[""BRUNCH_SPOT"",""YARN_STORE""]},{""step"":216,""shops"":[""BRUNCH_SPOT"",""YARN_STORE"",""PIZZA_SHOP""]},{""step"":288,""shops"":[""BRUNCH_SPOT"",""YARN_STORE"",""PIZZA_SHOP"",""BAKERY""]},{""step"":360,""shops"":[""BRUNCH_SPOT"",""YARN_STORE"",""PIZZA_SHOP"",""BAKERY"",""SMOOTHIE_SHOP""]},{""step"":432,""shops"":[""BRUNCH_SPOT"",""YARN_STORE"",""PIZZA_SHOP"",""BAKERY"",""SMOOTHIE_SHOP"",""SMOOTHIE_SHOP""]},{""step"":504,""shops"":[""BRUNCH_SPOT"",""YARN_STORE"",""PIZZA_SHOP"",""BAKERY"",""SMOOTHIE_SHOP"",""SMOOTHIE_SHOP"",""ICE_CREAM_SHOP""]},{""step"":576,""shops"":[""BRUNCH_SPOT"",""YARN_STORE"",""PIZZA_SHOP"",""BAKERY"",""SMOOTHIE_SHOP"",""SMOOTHIE_SHOP"",""ICE_CREAM_SHOP"",""ICE_CREAM_SHOP""]}]",experiments/round10_public_learning_20260924/evaluations/b1_regression/replays/B1_herd_safe/smart_farm/seed_2026092408_seat_1.json.gz,6d9cd8cfaa33796f91d37da25bc3ab11c4e35128a397ca6f43af82e834adfceb,b6553c296c556aff5b5e2d12b75618e505fa4d852afb5338414ac6d6e039cb02,004eae43a514acf76a763298683e4ee8028c445e2be6809a3a98842bfd7bd1e4,0fe077cc65622d6f6828160d90b617595a4aa7ea188e4afc67bfee8e4d290c92,"{""players"":[{""sell_dead_units"":10000645,""refused_buy_product"":15,""refused_buy_seed"":1,""refused_buy_animal"":1,""refused_hire"":0,""refused_buy_land"":0,""hire_paid"":5400,""sell_zero_fill"":96,""buy_zero_fill"":7,""sell_revenue"":111698.0,""total_spend"":35096.0,""shed_discarded_units"":0,""sold_units"":1696,""feed_no_wheat"":2,""feed_no_animal"":0,""feed_redundant"":0,""water_dead"":21,""harvest_dead"":24,""plant_dead"":1,""animals_escaped"":2,""escape_capital"":1000.0,""escape_yield_units"":0,""escape_first_day"":28,""animal_unfed_days"":35,""plants_dry"":2,""dry_seed_cost"":20.0,""dry_yield_units"":2,""dry_first_day"":19,""plant_unwatered_days"":390,""decay_units"":22,""plants_decayed"":22,""silent_loss_coins"":1020.0,""silent_loss_units"":24,""dead_actions"":70,""move_dead"":0,""locked_dead"":0,""pickup_dead"":2,""drop_dead"":0,""place_dead"":3,""build_dead"":0,""dig_dead"":1,""fertilize_dead"":2,""collect_dead"":5,""care_dead"":9,""tile_cap_units"":1,""fertilizer_forgone"":21,""care_unfed"":18,""animal_shed_days"":1,""idle_tile_days"":65,""weed_tile_days"":5,""hand_pass_turns"":461,""farmer_pass_turns"":56,""phantom_hand_actions"":0,""sell_floor_units"":151,""hire_premium"":5120,""shed_units_now"":2,""shed_value_now"":2.0,""animals_in_shed_now"":0,""seeds_unplanted_now"":9,""seeds_unplanted_cost_now"":90.0},{""sell_dead_units"":261,""refused_buy_product"":1,""refused_buy_seed"":0,""refused_buy_animal"":0,""refused_hire"":0,""refused_buy_land"":0,""hire_paid"":5659,""sell_zero_fill"":23,""buy_zero_fill"":1,""sell_revenue"":116395.0,""total_spend"":29655.0,""shed_discarded_units"":30,""sold_units"":1549,""feed_no_wheat"":0,""feed_no_animal"":0,""feed_redundant"":0,""water_dead"":1,""harvest_dead"":4,""plant_dead"":0,""animals_escaped"":0,""escape_capital"":0.0,""escape_yield_units"":0,""escape_first_day"":-1,""animal_unfed_days"":70,""plants_dry"":1,""dry_seed_cost"":100.0,""dry_yield_units"":0,""dry_first_day"":21,""plant_unwatered_days"":385,""decay_units"":18,""plants_decayed"":18,""silent_loss_coins"":100.0,""silent_loss_units"":48,""dead_actions"":17,""move_dead"":0,""locked_dead"":0,""pickup_dead"":0,""drop_dead"":0,""place_dead"":1,""build_dead"":0,""dig_dead"":2,""fertilize_dead"":0,""collect_dead"":4,""care_dead"":5,""tile_cap_units"":9,""fertilizer_forgone"":14,""care_unfed"":66,""animal_shed_days"":0,""idle_tile_days"":62,""weed_tile_days"":1,""hand_pass_turns"":622,""farmer_pass_turns"":85,""phantom_hand_actions"":0,""sell_floor_units"":65,""hire_premium"":5377,""shed_units_now"":0,""shed_value_now"":0.0,""animals_in_shed_now"":0,""seeds_unplanted_now"":0,""seeds_unplanted_cost_now"":0.0}]}",{},
B1_herd_safe,B1_public_source,smart_farm,smart_farm,2026092409,0,139410.0,113864.0,25546.0,W,kagsim,2.629247,0,0,0,0,0,0,0,0,1f5c4222802fe0a0970aa015d78d4bdb1ddb248960d1241d29d49ed24e9775b2,"[{""step"":0,""shops"":[]},{""step"":72,""shops"":[""SMOOTHIE_SHOP""]},{""step"":144,""shops"":[""SMOOTHIE_SHOP"",""PIZZA_SHOP""]},{""step"":216,""shops"":[""SMOOTHIE_SHOP"",""PIZZA_SHOP"",""SMOOTHIE_SHOP""]},{""step"":288,""shops"":[""SMOOTHIE_SHOP"",""PIZZA_SHOP"",""SMOOTHIE_SHOP"",""PIZZA_SHOP""]},{""step"":360,""shops"":[""SMOOTHIE_SHOP"",""PIZZA_SHOP"",""SMOOTHIE_SHOP"",""PIZZA_SHOP"",""YARN_STORE""]},{""step"":432,""shops"":[""SMOOTHIE_SHOP"",""PIZZA_SHOP"",""SMOOTHIE_SHOP"",""PIZZA_SHOP"",""YARN_STORE"",""SMOOTHIE_SHOP""]},{""step"":504,""shops"":[""SMOOTHIE_SHOP"",""PIZZA_SHOP"",""SMOOTHIE_SHOP"",""PIZZA_SHOP"",""YARN_STORE"",""SMOOTHIE_SHOP"",""BRUNCH_SPOT""]},{""step"":576,""shops"":[""SMOOTHIE_SHOP"",""PIZZA_SHOP"",""SMOOTHIE_SHOP"",""PIZZA_SHOP"",""YARN_STORE"",""SMOOTHIE_SHOP"",""BRUNCH_SPOT"",""FARMERS_MARKET""]}]",experiments/round10_public_learning_20260924/evaluations/b1_regression/replays/B1_herd_safe/smart_farm/seed_2026092409_seat_0.json.gz,1c935ff7b7b503344080413e604fc415bec5bde8e352ac79d36692663574b1a3,b6553c296c556aff5b5e2d12b75618e505fa4d852afb5338414ac6d6e039cb02,004eae43a514acf76a763298683e4ee8028c445e2be6809a3a98842bfd7bd1e4,0fe077cc65622d6f6828160d90b617595a4aa7ea188e4afc67bfee8e4d290c92,"{""players"":[{""sell_dead_units"":173,""refused_buy_product"":1,""refused_buy_seed"":0,""refused_buy_animal"":0,""refused_hire"":0,""refused_buy_land"":0,""hire_paid"":4164,""sell_zero_fill"":30,""buy_zero_fill"":1,""sell_revenue"":164202.0,""total_spend"":27792.0,""shed_discarded_units"":1,""sold_units"":1576,""feed_no_wheat"":0,""feed_no_animal"":0,""feed_redundant"":0,""water_dead"":10,""harvest_dead"":18,""plant_dead"":0,""animals_escaped"":0,""escape_capital"":0.0,""escape_yield_units"":0,""escape_first_day"":-1,""animal_unfed_days"":41,""plants_dry"":1,""dry_seed_cost"":100.0,""dry_yield_units"":0,""dry_first_day"":21,""plant_unwatered_days"":392,""decay_units"":18,""plants_decayed"":18,""silent_loss_coins"":100.0,""silent_loss_units"":19,""dead_actions"":56,""move_dead"":0,""locked_dead"":0,""pickup_dead"":0,""drop_dead"":0,""place_dead"":2,""build_dead"":0,""dig_dead"":4,""fertilize_dead"":1,""collect_dead"":8,""care_dead"":13,""tile_cap_units"":24,""fertilizer_forgone"":15,""care_unfed"":37,""animal_shed_days"":1,""idle_tile_days"":63,""weed_tile_days"":2,""hand_pass_turns"":358,""farmer_pass_turns"":63,""phantom_hand_actions"":0,""sell_floor_units"":28,""hire_premium"":3898,""shed_units_now"":0,""shed_value_now"":0.0,""animals_in_shed_now"":0,""seeds_unplanted_now"":1,""seeds_unplanted_cost_now"":10.0},{""sell_dead_units"":10000456,""refused_buy_product"":6,""refused_buy_seed"":0,""refused_buy_animal"":0,""refused_hire"":0,""refused_buy_land"":0,""hire_paid"":5400,""sell_zero_fill"":77,""buy_zero_fill"":3,""sell_revenue"":145838.0,""total_spend"":34974.0,""shed_discarded_units"":36,""sold_units"":1668,""feed_no_wheat"":1,""feed_no_animal"":19,""feed_redundant"":0,""water_dead"":12,""harvest_dead"":14,""plant_dead"":0,""animals_escaped"":3,""escape_capital"":1400.0,""escape_yield_units"":0,""escape_first_day"":8,""animal_unfed_days"":33,""plants_dry"":2,""dry_seed_cost"":20.0,""dry_yield_units"":2,""dry_first_day"":19,""plant_unwatered_days"":398,""decay_units"":23,""plants_decayed"":23,""silent_loss_coins"":1420.0,""silent_loss_units"":61,""dead_actions"":112,""move_dead"":0,""locked_dead"":0,""pickup_dead"":2,""drop_dead"":0,""place_dead"":8,""build_dead"":0,""dig_dead"":0,""fertilize_dead"":2,""collect_dead"":25,""care_dead"":29,""tile_cap_units"":21,""fertilizer_forgone"":20,""care_unfed"":17,""animal_shed_days"":21,""idle_tile_days"":48,""weed_tile_days"":5,""hand_pass_turns"":458,""farmer_pass_turns"":56,""phantom_hand_actions"":0,""sell_floor_units"":28,""hire_premium"":5120,""shed_units_now"":0,""shed_value_now"":0.0,""animals_in_shed_now"":1,""seeds_unplanted_now"":9,""seeds_unplanted_cost_now"":90.0}]}",{},
B1_herd_safe,B1_public_source,smart_farm,smart_farm,2026092409,1,139410.0,113864.0,25546.0,W,kagsim,2.645647,0,0,0,0,0,0,0,0,1f5c4222802fe0a0970aa015d78d4bdb1ddb248960d1241d29d49ed24e9775b2,"[{""step"":0,""shops"":[]},{""step"":72,""shops"":[""SMOOTHIE_SHOP""]},{""step"":144,""shops"":[""SMOOTHIE_SHOP"",""PIZZA_SHOP""]},{""step"":216,""shops"":[""SMOOTHIE_SHOP"",""PIZZA_SHOP"",""SMOOTHIE_SHOP""]},{""step"":288,""shops"":[""SMOOTHIE_SHOP"",""PIZZA_SHOP"",""SMOOTHIE_SHOP"",""PIZZA_SHOP""]},{""step"":360,""shops"":[""SMOOTHIE_SHOP"",""PIZZA_SHOP"",""SMOOTHIE_SHOP"",""PIZZA_SHOP"",""YARN_STORE""]},{""step"":432,""shops"":[""SMOOTHIE_SHOP"",""PIZZA_SHOP"",""SMOOTHIE_SHOP"",""PIZZA_SHOP"",""YARN_STORE"",""SMOOTHIE_SHOP""]},{""step"":504,""shops"":[""SMOOTHIE_SHOP"",""PIZZA_SHOP"",""SMOOTHIE_SHOP"",""PIZZA_SHOP"",""YARN_STORE"",""SMOOTHIE_SHOP"",""BRUNCH_SPOT""]},{""step"":576,""shops"":[""SMOOTHIE_SHOP"",""PIZZA_SHOP"",""SMOOTHIE_SHOP"",""PIZZA_SHOP"",""YARN_STORE"",""SMOOTHIE_SHOP"",""BRUNCH_SPOT"",""FARMERS_MARKET""]}]",experiments/round10_public_learning_20260924/evaluations/b1_regression/replays/B1_herd_safe/smart_farm/seed_2026092409_seat_1.json.gz,5860a13cc02a010bd0325154c58b4c4023c661908c22a935b88b5dbe0e831176,b6553c296c556aff5b5e2d12b75618e505fa4d852afb5338414ac6d6e039cb02,004eae43a514acf76a763298683e4ee8028c445e2be6809a3a98842bfd7bd1e4,0fe077cc65622d6f6828160d90b617595a4aa7ea188e4afc67bfee8e4d290c92,"{""players"":[{""sell_dead_units"":10000456,""refused_buy_product"":6,""refused_buy_seed"":0,""refused_buy_animal"":0,""refused_hire"":0,""refused_buy_land"":0,""hire_paid"":5400,""sell_zero_fill"":77,""buy_zero_fill"":3,""sell_revenue"":145838.0,""total_spend"":34974.0,""shed_discarded_units"":36,""sold_units"":1668,""feed_no_wheat"":1,""feed_no_animal"":19,""feed_redundant"":0,""water_dead"":12,""harvest_dead"":14,""plant_dead"":0,""animals_escaped"":3,""escape_capital"":1400.0,""escape_yield_units"":0,""escape_first_day"":8,""animal_unfed_days"":33,""plants_dry"":2,""dry_seed_cost"":20.0,""dry_yield_units"":2,""dry_first_day"":19,""plant_unwatered_days"":398,""decay_units"":23,""plants_decayed"":23,""silent_loss_coins"":1420.0,""silent_loss_units"":61,""dead_actions"":112,""move_dead"":0,""locked_dead"":0,""pickup_dead"":2,""drop_dead"":0,""place_dead"":8,""build_dead"":0,""dig_dead"":0,""fertilize_dead"":2,""collect_dead"":25,""care_dead"":29,""tile_cap_units"":21,""fertilizer_forgone"":20,""care_unfed"":17,""animal_shed_days"":21,""idle_tile_days"":48,""weed_tile_days"":5,""hand_pass_turns"":458,""farmer_pass_turns"":56,""phantom_hand_actions"":0,""sell_floor_units"":28,""hire_premium"":5120,""shed_units_now"":0,""shed_value_now"":0.0,""animals_in_shed_now"":1,""seeds_unplanted_now"":9,""seeds_unplanted_cost_now"":90.0},{""sell_dead_units"":173,""refused_buy_product"":1,""refused_buy_seed"":0,""refused_buy_animal"":0,""refused_hire"":0,""refused_buy_land"":0,""hire_paid"":4164,""sell_zero_fill"":30,""buy_zero_fill"":1,""sell_revenue"":164202.0,""total_spend"":27792.0,""shed_discarded_units"":1,""sold_units"":1576,""feed_no_wheat"":0,""feed_no_animal"":0,""feed_redundant"":0,""water_dead"":10,""harvest_dead"":18,""plant_dead"":0,""animals_escaped"":0,""escape_capital"":0.0,""escape_yield_units"":0,""escape_first_day"":-1,""animal_unfed_days"":41,""plants_dry"":1,""dry_seed_cost"":100.0,""dry_yield_units"":0,""dry_first_day"":21,""plant_unwatered_days"":392,""decay_units"":18,""plants_decayed"":18,""silent_loss_coins"":100.0,""silent_loss_units"":19,""dead_actions"":56,""move_dead"":0,""locked_dead"":0,""pickup_dead"":0,""drop_dead"":0,""place_dead"":2,""build_dead"":0,""dig_dead"":4,""fertilize_dead"":1,""collect_dead"":8,""care_dead"":13,""tile_cap_units"":24,""fertilizer_forgone"":15,""care_unfed"":37,""animal_shed_days"":1,""idle_tile_days"":63,""weed_tile_days"":2,""hand_pass_turns"":359,""farmer_pass_turns"":63,""phantom_hand_actions"":0,""sell_floor_units"":28,""hire_premium"":3898,""shed_units_now"":0,""shed_value_now"":0.0,""animals_in_shed_now"":0,""seeds_unplanted_now"":1,""seeds_unplanted_cost_now"":10.0}]}",{},
B1_herd_safe,B1_public_source,smart_farm,smart_farm,2026092410,0,117300.0,89540.0,27760.0,W,kagsim,2.724143,0,0,0,0,0,0,0,0,c84b692959801550a636ff7fd012f191011e58917855d35ad8a19158c85dbe4d,"[{""step"":0,""shops"":[]},{""step"":72,""shops"":[""YARN_STORE""]},{""step"":144,""shops"":[""YARN_STORE"",""BRUNCH_SPOT""]},{""step"":216,""shops"":[""YARN_STORE"",""BRUNCH_SPOT"",""YARN_STORE""]},{""step"":288,""shops"":[""YARN_STORE"",""BRUNCH_SPOT"",""YARN_STORE"",""BAKERY""]},{""step"":360,""shops"":[""YARN_STORE"",""BRUNCH_SPOT"",""YARN_STORE"",""BAKERY"",""BRUNCH_SPOT""]},{""step"":432,""shops"":[""YARN_STORE"",""BRUNCH_SPOT"",""YARN_STORE"",""BAKERY"",""BRUNCH_SPOT"",""BAKERY""]},{""step"":504,""shops"":[""YARN_STORE"",""BRUNCH_SPOT"",""YARN_STORE"",""BAKERY"",""BRUNCH_SPOT"",""BAKERY"",""BAKERY""]},{""step"":576,""shops"":[""YARN_STORE"",""BRUNCH_SPOT"",""YARN_STORE"",""BAKERY"",""BRUNCH_SPOT"",""BAKERY"",""BAKERY"",""BAKERY""]}]",experiments/round10_public_learning_20260924/evaluations/b1_regression/replays/B1_herd_safe/smart_farm/seed_2026092410_seat_0.json.gz,cef3a4650f558802bc607a7f865cfa73c21489f652262fc962b3fe6884962e49,b6553c296c556aff5b5e2d12b75618e505fa4d852afb5338414ac6d6e039cb02,004eae43a514acf76a763298683e4ee8028c445e2be6809a3a98842bfd7bd1e4,0fe077cc65622d6f6828160d90b617595a4aa7ea188e4afc67bfee8e4d290c92,"{""players"":[{""sell_dead_units"":177,""refused_buy_product"":1,""refused_buy_seed"":0,""refused_buy_animal"":0,""refused_hire"":0,""refused_buy_land"":0,""hire_paid"":9751,""sell_zero_fill"":19,""buy_zero_fill"":1,""sell_revenue"":159201.0,""total_spend"":44901.0,""shed_discarded_units"":24,""sold_units"":1735,""feed_no_wheat"":0,""feed_no_animal"":0,""feed_redundant"":0,""water_dead"":1,""harvest_dead"":7,""plant_dead"":0,""animals_escaped"":0,""escape_capital"":0.0,""escape_yield_units"":0,""escape_first_day"":-1,""animal_unfed_days"":67,""plants_dry"":1,""dry_seed_cost"":100.0,""dry_yield_units"":0,""dry_first_day"":21,""plant_unwatered_days"":385,""decay_units"":18,""plants_decayed"":18,""silent_loss_coins"":100.0,""silent_loss_units"":42,""dead_actions"":22,""move_dead"":0,""locked_dead"":0,""pickup_dead"":0,""drop_dead"":0,""place_dead"":3,""build_dead"":0,""dig_dead"":2,""fertilize_dead"":0,""collect_dead"":4,""care_dead"":5,""tile_cap_units"":6,""fertilizer_forgone"":46,""care_unfed"":63,""animal_shed_days"":0,""idle_tile_days"":404,""weed_tile_days"":80,""hand_pass_turns"":669,""farmer_pass_turns"":82,""phantom_hand_actions"":0,""sell_floor_units"":248,""hire_premium"":9446,""shed_units_now"":0,""shed_value_now"":0.0,""animals_in_shed_now"":0,""seeds_unplanted_now"":0,""seeds_unplanted_cost_now"":0.0},{""sell_dead_units"":10000630,""refused_buy_product"":9,""refused_buy_seed"":0,""refused_buy_animal"":1,""refused_hire"":0,""refused_buy_land"":0,""hire_paid"":5400,""sell_zero_fill"":96,""buy_zero_fill"":4,""sell_revenue"":121636.0,""total_spend"":35096.0,""shed_discarded_units"":0,""sold_units"":1711,""feed_no_wheat"":1,""feed_no_animal"":0,""feed_redundant"":0,""water_dead"":12,""harvest_dead"":20,""plant_dead"":0,""animals_escaped"":2,""escape_capital"":1000.0,""escape_yield_units"":0,""escape_first_day"":28,""animal_unfed_days"":34,""plants_dry"":2,""dry_seed_cost"":20.0,""dry_yield_units"":2,""dry_first_day"":19,""plant_unwatered_days"":398,""decay_units"":23,""plants_decayed"":23,""silent_loss_coins"":1020.0,""silent_loss_units"":25,""dead_actions"":51,""move_dead"":0,""locked_dead"":0,""pickup_dead"":1,""drop_dead"":0,""place_dead"":3,""build_dead"":0,""dig_dead"":0,""fertilize_dead"":0,""collect_dead"":5,""care_dead"":9,""tile_cap_units"":1,""fertilizer_forgone"":21,""care_unfed"":18,""animal_shed_days"":1,""idle_tile_days"":48,""weed_tile_days"":5,""hand_pass_turns"":461,""farmer_pass_turns"":56,""phantom_hand_actions"":0,""sell_floor_units"":322,""hire_premium"":5120,""shed_units_now"":0,""shed_value_now"":0.0,""animals_in_shed_now"":0,""seeds_unplanted_now"":9,""seeds_unplanted_cost_now"":90.0}]}",{},
B1_herd_safe,B1_public_source,smart_farm,smart_farm,2026092410,1,125256.0,94311.0,30945.0,W,kagsim,2.867622,0,0,0,0,0,0,0,0,a7b32ecdd20fb68dc73c50f5539f8977c3bc6d098e64b4612d708e4aa09076e2,"[{""step"":0,""shops"":[]},{""step"":72,""shops"":[""YARN_STORE""]},{""step"":144,""shops"":[""YARN_STORE"",""BRUNCH_SPOT""]},{""step"":216,""shops"":[""YARN_STORE"",""BRUNCH_SPOT"",""YARN_STORE""]},{""step"":288,""shops"":[""YARN_STORE"",""BRUNCH_SPOT"",""YARN_STORE"",""BAKERY""]},{""step"":360,""shops"":[""YARN_STORE"",""BRUNCH_SPOT"",""YARN_STORE"",""BAKERY"",""FARMERS_MARKET""]},{""step"":432,""shops"":[""YARN_STORE"",""BRUNCH_SPOT"",""YARN_STORE"",""BAKERY"",""FARMERS_MARKET"",""ICE_CREAM_SHOP""]},{""step"":504,""shops"":[""YARN_STORE"",""BRUNCH_SPOT"",""YARN_STORE"",""BAKERY"",""FARMERS_MARKET"",""ICE_CREAM_SHOP"",""PET_CAFE""]},{""step"":576,""shops"":[""YARN_STORE"",""BRUNCH_SPOT"",""YARN_STORE"",""BAKERY"",""FARMERS_MARKET"",""ICE_CREAM_SHOP"",""PET_CAFE"",""YARN_STORE""]}]",experiments/round10_public_learning_20260924/evaluations/b1_regression/replays/B1_herd_safe/smart_farm/seed_2026092410_seat_1.json.gz,99f135707aeb0c4239213dd2899faa8a4727cab66eb8fffdb38f1e752f6783e4,b6553c296c556aff5b5e2d12b75618e505fa4d852afb5338414ac6d6e039cb02,004eae43a514acf76a763298683e4ee8028c445e2be6809a3a98842bfd7bd1e4,0fe077cc65622d6f6828160d90b617595a4aa7ea188e4afc67bfee8e4d290c92,"{""players"":[{""sell_dead_units"":10000646,""refused_buy_product"":9,""refused_buy_seed"":0,""refused_buy_animal"":1,""refused_hire"":0,""refused_buy_land"":0,""hire_paid"":5400,""sell_zero_fill"":97,""buy_zero_fill"":4,""sell_revenue"":126401.0,""total_spend"":35090.0,""shed_discarded_units"":0,""sold_units"":1695,""feed_no_wheat"":2,""feed_no_animal"":0,""feed_redundant"":0,""water_dead"":26,""harvest_dead"":25,""plant_dead"":5,""animals_escaped"":2,""escape_capital"":1000.0,""escape_yield_units"":0,""escape_first_day"":28,""animal_unfed_days"":35,""plants_dry"":2,""dry_seed_cost"":20.0,""dry_yield_units"":2,""dry_first_day"":19,""plant_unwatered_days"":393,""decay_units"":23,""plants_decayed"":23,""silent_loss_coins"":1020.0,""silent_loss_units"":25,""dead_actions"":77,""move_dead"":0,""locked_dead"":0,""pickup_dead"":2,""drop_dead"":0,""place_dead"":3,""build_dead"":0,""dig_dead"":0,""fertilize_dead"":0,""collect_dead"":5,""care_dead"":9,""tile_cap_units"":1,""fertilizer_forgone"":21,""care_unfed"":18,""animal_shed_days"":1,""idle_tile_days"":63,""weed_tile_days"":23,""hand_pass_turns"":461,""farmer_pass_turns"":56,""phantom_hand_actions"":0,""sell_floor_units"":246,""hire_premium"":5120,""shed_units_now"":0,""shed_value_now"":0.0,""animals_in_shed_now"":0,""seeds_unplanted_now"":14,""seeds_unplanted_cost_now"":150.0},{""sell_dead_units"":180,""refused_buy_product"":1,""refused_buy_seed"":0,""refused_buy_animal"":0,""refused_hire"":0,""refused_buy_land"":0,""hire_paid"":9751,""sell_zero_fill"":20,""buy_zero_fill"":1,""sell_revenue"":167106.0,""total_spend"":44850.0,""shed_discarded_units"":27,""sold_units"":1733,""feed_no_wheat"":0,""feed_no_animal"":0,""feed_redundant"":0,""water_dead"":1,""harvest_dead"":7,""plant_dead"":0,""animals_escaped"":0,""escape_capital"":0.0,""escape_yield_units"":0,""escape_first_day"":-1,""animal_unfed_days"":67,""plants_dry"":1,""dry_seed_cost"":100.0,""dry_yield_units"":0,""dry_first_day"":21,""plant_unwatered_days"":385,""decay_units"":18,""plants_decayed"":18,""silent_loss_coins"":100.0,""silent_loss_units"":45,""dead_actions"":22,""move_dead"":0,""locked_dead"":0,""pickup_dead"":0,""drop_dead"":0,""place_dead"":3,""build_dead"":0,""dig_dead"":2,""fertilize_dead"":0,""collect_dead"":4,""care_dead"":5,""tile_cap_units"":7,""fertilizer_forgone"":46,""care_unfed"":63,""animal_shed_days"":0,""idle_tile_days"":404,""weed_tile_days"":62,""hand_pass_turns"":669,""farmer_pass_turns"":82,""phantom_hand_actions"":0,""sell_floor_units"":183,""hire_premium"":9446,""shed_units_now"":0,""shed_value_now"":0.0,""animals_in_shed_now"":0,""seeds_unplanted_now"":0,""seeds_unplanted_cost_now"":0.0}]}",{},
B1_herd_safe,B1_public_source,souvik_v4,souvik,2026092407,0,70525.0,56099.0,14426.0,W,kagsim,3.141878,0,0,0,0,0,0,0,0,83a1e1def3a4d86f1eea73bb44de5b1b387dd44f243a722fb9709a1779a24134,"[{""step"":0,""shops"":[]},{""step"":72,""shops"":[""BAKERY""]},{""step"":144,""shops"":[""BAKERY"",""BRUNCH_SPOT""]},{""step"":216,""shops"":[""BAKERY"",""BRUNCH_SPOT"",""BRUNCH_SPOT""]},{""step"":288,""shops"":[""BAKERY"",""BRUNCH_SPOT"",""BRUNCH_SPOT"",""BAKERY""]},{""step"":360,""shops"":[""BAKERY"",""BRUNCH_SPOT"",""BRUNCH_SPOT"",""BAKERY"",""PIZZA_SHOP""]},{""step"":432,""shops"":[""BAKERY"",""BRUNCH_SPOT"",""BRUNCH_SPOT"",""BAKERY"",""PIZZA_SHOP"",""PET_CAFE""]},{""step"":504,""shops"":[""BAKERY"",""BRUNCH_SPOT"",""BRUNCH_SPOT"",""BAKERY"",""PIZZA_SHOP"",""PET_CAFE"",""YARN_STORE""]},{""step"":576,""shops"":[""BAKERY"",""BRUNCH_SPOT"",""BRUNCH_SPOT"",""BAKERY"",""PIZZA_SHOP"",""PET_CAFE"",""YARN_STORE"",""BAKERY""]}]",experiments/round10_public_learning_20260924/evaluations/b1_regression/replays/B1_herd_safe/souvik_v4/seed_2026092407_seat_0.json.gz,56c5f5ba4ac5036bcc0c9cbd87f77d0204a159e295e6f12f72550196c5637167,b6553c296c556aff5b5e2d12b75618e505fa4d852afb5338414ac6d6e039cb02,540d92b8982b9b387946a7c40731ee4ea81bcff5957ad39aadcc05813e57046b,0fe077cc65622d6f6828160d90b617595a4aa7ea188e4afc67bfee8e4d290c92,"{""players"":[{""sell_dead_units"":221,""refused_buy_product"":35,""refused_buy_seed"":0,""refused_buy_animal"":0,""refused_hire"":0,""refused_buy_land"":0,""hire_paid"":4308,""sell_zero_fill"":38,""buy_zero_fill"":1,""sell_revenue"":240820.0,""total_spend"":173295.0,""shed_discarded_units"":11,""sold_units"":4863,""feed_no_wheat"":0,""feed_no_animal"":0,""feed_redundant"":0,""water_dead"":12,""harvest_dead"":4,""plant_dead"":0,""animals_escaped"":0,""escape_capital"":0.0,""escape_yield_units"":0,""escape_first_day"":-1,""animal_unfed_days"":100,""plants_dry"":2,""dry_seed_cost"":120.0,""dry_yield_units"":1,""dry_first_day"":21,""plant_unwatered_days"":388,""decay_units"":18,""plants_decayed"":18,""silent_loss_coins"":120.0,""silent_loss_units"":30,""dead_actions"":45,""move_dead"":0,""locked_dead"":0,""pickup_dead"":0,""drop_dead"":0,""place_dead"":1,""build_dead"":0,""dig_dead"":2,""fertilize_dead"":0,""collect_dead"":3,""care_dead"":23,""tile_cap_units"":18,""fertilizer_forgone"":18,""care_unfed"":96,""animal_shed_days"":1,""idle_tile_days"":64,""weed_tile_days"":2,""hand_pass_turns"":388,""farmer_pass_turns"":71,""phantom_hand_actions"":0,""sell_floor_units"":159,""hire_premium"":4041,""shed_units_now"":0,""shed_value_now"":0.0,""animals_in_shed_now"":0,""seeds_unplanted_now"":1,""seeds_unplanted_cost_now"":10.0},{""sell_dead_units"":22,""refused_buy_product"":18,""refused_buy_seed"":0,""refused_buy_animal"":0,""refused_hire"":0,""refused_buy_land"":0,""hire_paid"":5578,""sell_zero_fill"":1,""buy_zero_fill"":7,""sell_revenue"":82196.0,""total_spend"":29097.0,""shed_discarded_units"":8,""sold_units"":1504,""feed_no_wheat"":1,""feed_no_animal"":18,""feed_redundant"":0,""water_dead"":20,""harvest_dead"":12,""plant_dead"":0,""animals_escaped"":1,""escape_capital"":400.0,""escape_yield_units"":0,""escape_first_day"":8,""animal_unfed_days"":35,""plants_dry"":1,""dry_seed_cost"":10.0,""dry_yield_units"":1,""dry_first_day"":19,""plant_unwatered_days"":377,""decay_units"":25,""plants_decayed"":24,""silent_loss_coins"":410.0,""silent_loss_units"":34,""dead_actions"":112,""move_dead"":0,""locked_dead"":0,""pickup_dead"":1,""drop_dead"":0,""place_dead"":9,""build_dead"":0,""dig_dead"":0,""fertilize_dead"":0,""collect_dead"":23,""care_dead"":28,""tile_cap_units"":21,""fertilizer_forgone"":10,""care_unfed"":18,""animal_shed_days"":1,""idle_tile_days"":61,""weed_tile_days"":1,""hand_pass_turns"":470,""farmer_pass_turns"":58,""phantom_hand_actions"":0,""sell_floor_units"":276,""hire_premium"":5295,""shed_units_now"":0,""shed_value_now"":0.0,""animals_in_shed_now"":0,""seeds_unplanted_now"":24,""seeds_unplanted_cost_now"":240.0}]}",{},
B1_herd_safe,B1_public_source,souvik_v4,souvik,2026092407,1,70525.0,56099.0,14426.0,W,kagsim,3.084511,0,0,0,0,0,0,0,0,83a1e1def3a4d86f1eea73bb44de5b1b387dd44f243a722fb9709a1779a24134,"[{""step"":0,""shops"":[]},{""step"":72,""shops"":[""BAKERY""]},{""step"":144,""shops"":[""BAKERY"",""BRUNCH_SPOT""]},{""step"":216,""shops"":[""BAKERY"",""BRUNCH_SPOT"",""BRUNCH_SPOT""]},{""step"":288,""shops"":[""BAKERY"",""BRUNCH_SPOT"",""BRUNCH_SPOT"",""BAKERY""]},{""step"":360,""shops"":[""BAKERY"",""BRUNCH_SPOT"",""BRUNCH_SPOT"",""BAKERY"",""PIZZA_SHOP""]},{""step"":432,""shops"":[""BAKERY"",""BRUNCH_SPOT"",""BRUNCH_SPOT"",""BAKERY"",""PIZZA_SHOP"",""PET_CAFE""]},{""step"":504,""shops"":[""BAKERY"",""BRUNCH_SPOT"",""BRUNCH_SPOT"",""BAKERY"",""PIZZA_SHOP"",""PET_CAFE"",""YARN_STORE""]},{""step"":576,""shops"":[""BAKERY"",""BRUNCH_SPOT"",""BRUNCH_SPOT"",""BAKERY"",""PIZZA_SHOP"",""PET_CAFE"",""YARN_STORE"",""BAKERY""]}]",experiments/round10_public_learning_20260924/evaluations/b1_regression/replays/B1_herd_safe/souvik_v4/seed_2026092407_seat_1.json.gz,a600ff2aa58a80dd733fcb711d15022274bc6d8eb955b8182d33d8cdcd76769b,b6553c296c556aff5b5e2d12b75618e505fa4d852afb5338414ac6d6e039cb02,540d92b8982b9b387946a7c40731ee4ea81bcff5957ad39aadcc05813e57046b,0fe077cc65622d6f6828160d90b617595a4aa7ea188e4afc67bfee8e4d290c92,"{""players"":[{""sell_dead_units"":22,""refused_buy_product"":18,""refused_buy_seed"":0,""refused_buy_animal"":0,""refused_hire"":0,""refused_buy_land"":0,""hire_paid"":5578,""sell_zero_fill"":1,""buy_zero_fill"":7,""sell_revenue"":82196.0,""total_spend"":29097.0,""shed_discarded_units"":8,""sold_units"":1504,""feed_no_wheat"":1,""feed_no_animal"":18,""feed_redundant"":0,""water_dead"":20,""harvest_dead"":12,""plant_dead"":0,""animals_escaped"":1,""escape_capital"":400.0,""escape_yield_units"":0,""escape_first_day"":8,""animal_unfed_days"":35,""plants_dry"":1,""dry_seed_cost"":10.0,""dry_yield_units"":1,""dry_first_day"":19,""plant_unwatered_days"":377,""decay_units"":25,""plants_decayed"":24,""silent_loss_coins"":410.0,""silent_loss_units"":34,""dead_actions"":112,""move_dead"":0,""locked_dead"":0,""pickup_dead"":1,""drop_dead"":0,""place_dead"":9,""build_dead"":0,""dig_dead"":0,""fertilize_dead"":0,""collect_dead"":23,""care_dead"":28,""tile_cap_units"":21,""fertilizer_forgone"":10,""care_unfed"":18,""animal_shed_days"":1,""idle_tile_days"":61,""weed_tile_days"":1,""hand_pass_turns"":470,""farmer_pass_turns"":58,""phantom_hand_actions"":0,""sell_floor_units"":276,""hire_premium"":5295,""shed_units_now"":0,""shed_value_now"":0.0,""animals_in_shed_now"":0,""seeds_unplanted_now"":24,""seeds_unplanted_cost_now"":240.0},{""sell_dead_units"":221,""refused_buy_product"":35,""refused_buy_seed"":0,""refused_buy_animal"":0,""refused_hire"":0,""refused_buy_land"":0,""hire_paid"":4308,""sell_zero_fill"":38,""buy_zero_fill"":1,""sell_revenue"":240820.0,""total_spend"":173295.0,""shed_discarded_units"":11,""sold_units"":4863,""feed_no_wheat"":0,""feed_no_animal"":0,""feed_redundant"":0,""water_dead"":12,""harvest_dead"":4,""plant_dead"":0,""animals_escaped"":0,""escape_capital"":0.0,""escape_yield_units"":0,""escape_first_day"":-1,""animal_unfed_days"":100,""plants_dry"":2,""dry_seed_cost"":120.0,""dry_yield_units"":1,""dry_first_day"":21,""plant_unwatered_days"":388,""decay_units"":18,""plants_decayed"":18,""silent_loss_coins"":120.0,""silent_loss_units"":30,""dead_actions"":45,""move_dead"":0,""locked_dead"":0,""pickup_dead"":0,""drop_dead"":0,""place_dead"":1,""build_dead"":0,""dig_dead"":2,""fertilize_dead"":0,""collect_dead"":3,""care_dead"":23,""tile_cap_units"":18,""fertilizer_forgone"":18,""care_unfed"":96,""animal_shed_days"":1,""idle_tile_days"":64,""weed_tile_days"":2,""hand_pass_turns"":388,""farmer_pass_turns"":71,""phantom_hand_actions"":0,""sell_floor_units"":159,""hire_premium"":4041,""shed_units_now"":0,""shed_value_now"":0.0,""animals_in_shed_now"":0,""seeds_unplanted_now"":1,""seeds_unplanted_cost_now"":10.0}]}",{},
B1_herd_safe,B1_public_source,souvik_v4,souvik,2026092408,0,80410.0,64019.0,16391.0,W,kagsim,2.875434,0,0,0,0,0,0,0,0,fc65e44e43ee8aebad50cb264faaca5959fc46ba0132006384b565f0b85ad872,"[{""step"":0,""shops"":[]},{""step"":72,""shops"":[""BRUNCH_SPOT""]},{""step"":144,""shops"":[""BRUNCH_SPOT"",""YARN_STORE""]},{""step"":216,""shops"":[""BRUNCH_SPOT"",""YARN_STORE"",""PET_CAFE""]},{""step"":288,""shops"":[""BRUNCH_SPOT"",""YARN_STORE"",""PET_CAFE"",""BAKERY""]},{""step"":360,""shops"":[""BRUNCH_SPOT"",""YARN_STORE"",""PET_CAFE"",""BAKERY"",""SMOOTHIE_SHOP""]},{""step"":432,""shops"":[""BRUNCH_SPOT"",""YARN_STORE"",""PET_CAFE"",""BAKERY"",""SMOOTHIE_SHOP"",""PET_CAFE""]},{""step"":504,""shops"":[""BRUNCH_SPOT"",""YARN_STORE"",""PET_CAFE"",""BAKERY"",""SMOOTHIE_SHOP"",""PET_CAFE"",""ICE_CREAM_SHOP""]},{""step"":576,""shops"":[""BRUNCH_SPOT"",""YARN_STORE"",""PET_CAFE"",""BAKERY"",""SMOOTHIE_SHOP"",""PET_CAFE"",""ICE_CREAM_SHOP"",""FARMERS_MARKET""]}]",experiments/round10_public_learning_20260924/evaluations/b1_regression/replays/B1_herd_safe/souvik_v4/seed_2026092408_seat_0.json.gz,4b42a68325c49d1949f86bc9a876057dbea68458053e9583bc68fe2446a3812c,b6553c296c556aff5b5e2d12b75618e505fa4d852afb5338414ac6d6e039cb02,540d92b8982b9b387946a7c40731ee4ea81bcff5957ad39aadcc05813e57046b,0fe077cc65622d6f6828160d90b617595a4aa7ea188e4afc67bfee8e4d290c92,"{""players"":[{""sell_dead_units"":2237,""refused_buy_product"":1,""refused_buy_seed"":0,""refused_buy_animal"":0,""refused_hire"":0,""refused_buy_land"":0,""hire_paid"":5515,""sell_zero_fill"":27,""buy_zero_fill"":1,""sell_revenue"":106973.0,""total_spend"":29563.0,""shed_discarded_units"":27,""sold_units"":1537,""feed_no_wheat"":0,""feed_no_animal"":0,""feed_redundant"":0,""water_dead"":5,""harvest_dead"":8,""plant_dead"":0,""animals_escaped"":0,""escape_capital"":0.0,""escape_yield_units"":0,""escape_first_day"":-1,""animal_unfed_days"":86,""plants_dry"":1,""dry_seed_cost"":100.0,""dry_yield_units"":0,""dry_first_day"":21,""plant_unwatered_days"":384,""decay_units"":18,""plants_decayed"":18,""silent_loss_coins"":100.0,""silent_loss_units"":45,""dead_actions"":25,""move_dead"":0,""locked_dead"":0,""pickup_dead"":0,""drop_dead"":0,""place_dead"":1,""build_dead"":0,""dig_dead"":2,""fertilize_dead"":0,""collect_dead"":4,""care_dead"":5,""tile_cap_units"":15,""fertilizer_forgone"":14,""care_unfed"":82,""animal_shed_days"":0,""idle_tile_days"":66,""weed_tile_days"":1,""hand_pass_turns"":627,""farmer_pass_turns"":86,""phantom_hand_actions"":0,""sell_floor_units"":121,""hire_premium"":5234,""shed_units_now"":0,""shed_value_now"":0.0,""animals_in_shed_now"":0,""seeds_unplanted_now"":4,""seeds_unplanted_cost_now"":40.0},{""sell_dead_units"":23,""refused_buy_product"":16,""refused_buy_seed"":0,""refused_buy_animal"":0,""refused_hire"":0,""refused_buy_land"":0,""hire_paid"":5544,""sell_zero_fill"":1,""buy_zero_fill"":5,""sell_revenue"":90536.0,""total_spend"":29517.0,""shed_discarded_units"":4,""sold_units"":1481,""feed_no_wheat"":0,""feed_no_animal"":0,""feed_redundant"":0,""water_dead"":20,""harvest_dead"":20,""plant_dead"":0,""animals_escaped"":9,""escape_capital"":3600.0,""escape_yield_units"":0,""escape_first_day"":25,""animal_unfed_days"":45,""plants_dry"":1,""dry_seed_cost"":10.0,""dry_yield_units"":1,""dry_first_day"":19,""plant_unwatered_days"":377,""decay_units"":25,""plants_decayed"":24,""silent_loss_coins"":3610.0,""silent_loss_units"":30,""dead_actions"":85,""move_dead"":0,""locked_dead"":0,""pickup_dead"":1,""drop_dead"":0,""place_dead"":6,""build_dead"":0,""dig_dead"":0,""fertilize_dead"":0,""collect_dead"":29,""care_dead"":9,""tile_cap_units"":2,""fertilizer_forgone"":10,""care_unfed"":27,""animal_shed_days"":1,""idle_tile_days"":61,""weed_tile_days"":1,""hand_pass_turns"":529,""farmer_pass_turns"":67,""phantom_hand_actions"":0,""sell_floor_units"":209,""hire_premium"":5262,""shed_units_now"":0,""shed_value_now"":0.0,""animals_in_shed_now"":0,""seeds_unplanted_now"":24,""seeds_unplanted_cost_now"":240.0}]}",{},
B1_herd_safe,B1_public_source,souvik_v4,souvik,2026092408,1,80410.0,64019.0,16391.0,W,kagsim,2.743185,0,0,0,0,0,0,0,0,fc65e44e43ee8aebad50cb264faaca5959fc46ba0132006384b565f0b85ad872,"[{""step"":0,""shops"":[]},{""step"":72,""shops"":[""BRUNCH_SPOT""]},{""step"":144,""shops"":[""BRUNCH_SPOT"",""YARN_STORE""]},{""step"":216,""shops"":[""BRUNCH_SPOT"",""YARN_STORE"",""PET_CAFE""]},{""step"":288,""shops"":[""BRUNCH_SPOT"",""YARN_STORE"",""PET_CAFE"",""BAKERY""]},{""step"":360,""shops"":[""BRUNCH_SPOT"",""YARN_STORE"",""PET_CAFE"",""BAKERY"",""SMOOTHIE_SHOP""]},{""step"":432,""shops"":[""BRUNCH_SPOT"",""YARN_STORE"",""PET_CAFE"",""BAKERY"",""SMOOTHIE_SHOP"",""PET_CAFE""]},{""step"":504,""shops"":[""BRUNCH_SPOT"",""YARN_STORE"",""PET_CAFE"",""BAKERY"",""SMOOTHIE_SHOP"",""PET_CAFE"",""ICE_CREAM_SHOP""]},{""step"":576,""shops"":[""BRUNCH_SPOT"",""YARN_STORE"",""PET_CAFE"",""BAKERY"",""SMOOTHIE_SHOP"",""PET_CAFE"",""ICE_CREAM_SHOP"",""FARMERS_MARKET""]}]",experiments/round10_public_learning_20260924/evaluations/b1_regression/replays/B1_herd_safe/souvik_v4/seed_2026092408_seat_1.json.gz,33936fad15311940a2df1af93deeb20fb25f1b83a9ca4e3ad826f5f74be3097a,b6553c296c556aff5b5e2d12b75618e505fa4d852afb5338414ac6d6e039cb02,540d92b8982b9b387946a7c40731ee4ea81bcff5957ad39aadcc05813e57046b,0fe077cc65622d6f6828160d90b617595a4aa7ea188e4afc67bfee8e4d290c92,"{""players"":[{""sell_dead_units"":23,""refused_buy_product"":16,""refused_buy_seed"":0,""refused_buy_animal"":0,""refused_hire"":0,""refused_buy_land"":0,""hire_paid"":5544,""sell_zero_fill"":1,""buy_zero_fill"":5,""sell_revenue"":90536.0,""total_spend"":29517.0,""shed_discarded_units"":4,""sold_units"":1481,""feed_no_wheat"":0,""feed_no_animal"":0,""feed_redundant"":0,""water_dead"":20,""harvest_dead"":20,""plant_dead"":0,""animals_escaped"":9,""escape_capital"":3600.0,""escape_yield_units"":0,""escape_first_day"":25,""animal_unfed_days"":45,""plants_dry"":1,""dry_seed_cost"":10.0,""dry_yield_units"":1,""dry_first_day"":19,""plant_unwatered_days"":377,""decay_units"":25,""plants_decayed"":24,""silent_loss_coins"":3610.0,""silent_loss_units"":30,""dead_actions"":85,""move_dead"":0,""locked_dead"":0,""pickup_dead"":1,""drop_dead"":0,""place_dead"":6,""build_dead"":0,""dig_dead"":0,""fertilize_dead"":0,""collect_dead"":29,""care_dead"":9,""tile_cap_units"":2,""fertilizer_forgone"":10,""care_unfed"":27,""animal_shed_days"":1,""idle_tile_days"":61,""weed_tile_days"":1,""hand_pass_turns"":529,""farmer_pass_turns"":67,""phantom_hand_actions"":0,""sell_floor_units"":209,""hire_premium"":5262,""shed_units_now"":0,""shed_value_now"":0.0,""animals_in_shed_now"":0,""seeds_unplanted_now"":24,""seeds_unplanted_cost_now"":240.0},{""sell_dead_units"":2237,""refused_buy_product"":1,""refused_buy_seed"":0,""refused_buy_animal"":0,""refused_hire"":0,""refused_buy_land"":0,""hire_paid"":5515,""sell_zero_fill"":27,""buy_zero_fill"":1,""sell_revenue"":106973.0,""total_spend"":29563.0,""shed_discarded_units"":27,""sold_units"":1537,""feed_no_wheat"":0,""feed_no_animal"":0,""feed_redundant"":0,""water_dead"":5,""harvest_dead"":8,""plant_dead"":0,""animals_escaped"":0,""escape_capital"":0.0,""escape_yield_units"":0,""escape_first_day"":-1,""animal_unfed_days"":86,""plants_dry"":1,""dry_seed_cost"":100.0,""dry_yield_units"":0,""dry_first_day"":21,""plant_unwatered_days"":384,""decay_units"":18,""plants_decayed"":18,""silent_loss_coins"":100.0,""silent_loss_units"":45,""dead_actions"":25,""move_dead"":0,""locked_dead"":0,""pickup_dead"":0,""drop_dead"":0,""place_dead"":1,""build_dead"":0,""dig_dead"":2,""fertilize_dead"":0,""collect_dead"":4,""care_dead"":5,""tile_cap_units"":15,""fertilizer_forgone"":14,""care_unfed"":82,""animal_shed_days"":0,""idle_tile_days"":66,""weed_tile_days"":1,""hand_pass_turns"":627,""farmer_pass_turns"":86,""phantom_hand_actions"":0,""sell_floor_units"":121,""hire_premium"":5234,""shed_units_now"":0,""shed_value_now"":0.0,""animals_in_shed_now"":0,""seeds_unplanted_now"":4,""seeds_unplanted_cost_now"":40.0}]}",{},
B1_herd_safe,B1_public_source,souvik_v4,souvik,2026092409,0,139289.0,113409.0,25880.0,W,kagsim,2.954836,0,0,0,0,0,0,0,0,1f5c4222802fe0a0970aa015d78d4bdb1ddb248960d1241d29d49ed24e9775b2,"[{""step"":0,""shops"":[]},{""step"":72,""shops"":[""SMOOTHIE_SHOP""]},{""step"":144,""shops"":[""SMOOTHIE_SHOP"",""PIZZA_SHOP""]},{""step"":216,""shops"":[""SMOOTHIE_SHOP"",""PIZZA_SHOP"",""SMOOTHIE_SHOP""]},{""step"":288,""shops"":[""SMOOTHIE_SHOP"",""PIZZA_SHOP"",""SMOOTHIE_SHOP"",""PIZZA_SHOP""]},{""step"":360,""shops"":[""SMOOTHIE_SHOP"",""PIZZA_SHOP"",""SMOOTHIE_SHOP"",""PIZZA_SHOP"",""YARN_STORE""]},{""step"":432,""shops"":[""SMOOTHIE_SHOP"",""PIZZA_SHOP"",""SMOOTHIE_SHOP"",""PIZZA_SHOP"",""YARN_STORE"",""SMOOTHIE_SHOP""]},{""step"":504,""shops"":[""SMOOTHIE_SHOP"",""PIZZA_SHOP"",""SMOOTHIE_SHOP"",""PIZZA_SHOP"",""YARN_STORE"",""SMOOTHIE_SHOP"",""BRUNCH_SPOT""]},{""step"":576,""shops"":[""SMOOTHIE_SHOP"",""PIZZA_SHOP"",""SMOOTHIE_SHOP"",""PIZZA_SHOP"",""YARN_STORE"",""SMOOTHIE_SHOP"",""BRUNCH_SPOT"",""FARMERS_MARKET""]}]",experiments/round10_public_learning_20260924/evaluations/b1_regression/replays/B1_herd_safe/souvik_v4/seed_2026092409_seat_0.json.gz,9931e60e7458ffbf436c701f5f7d8491dd9464f2addd5686eace4ef2aa7c63ba,b6553c296c556aff5b5e2d12b75618e505fa4d852afb5338414ac6d6e039cb02,540d92b8982b9b387946a7c40731ee4ea81bcff5957ad39aadcc05813e57046b,0fe077cc65622d6f6828160d90b617595a4aa7ea188e4afc67bfee8e4d290c92,"{""players"":[{""sell_dead_units"":171,""refused_buy_product"":1,""refused_buy_seed"":0,""refused_buy_animal"":0,""refused_hire"":0,""refused_buy_land"":0,""hire_paid"":4164,""sell_zero_fill"":31,""buy_zero_fill"":1,""sell_revenue"":164134.0,""total_spend"":27845.0,""shed_discarded_units"":1,""sold_units"":1576,""feed_no_wheat"":0,""feed_no_animal"":0,""feed_redundant"":0,""water_dead"":10,""harvest_dead"":18,""plant_dead"":0,""animals_escaped"":0,""escape_capital"":0.0,""escape_yield_units"":0,""escape_first_day"":-1,""animal_unfed_days"":40,""plants_dry"":1,""dry_seed_cost"":100.0,""dry_yield_units"":0,""dry_first_day"":21,""plant_unwatered_days"":392,""decay_units"":18,""plants_decayed"":18,""silent_loss_coins"":100.0,""silent_loss_units"":19,""dead_actions"":56,""move_dead"":0,""locked_dead"":0,""pickup_dead"":0,""drop_dead"":0,""place_dead"":2,""build_dead"":0,""dig_dead"":4,""fertilize_dead"":1,""collect_dead"":8,""care_dead"":13,""tile_cap_units"":24,""fertilizer_forgone"":15,""care_unfed"":36,""animal_shed_days"":1,""idle_tile_days"":63,""weed_tile_days"":2,""hand_pass_turns"":357,""farmer_pass_turns"":63,""phantom_hand_actions"":0,""sell_floor_units"":14,""hire_premium"":3898,""shed_units_now"":0,""shed_value_now"":0.0,""animals_in_shed_now"":0,""seeds_unplanted_now"":1,""seeds_unplanted_cost_now"":10.0},{""sell_dead_units"":20,""refused_buy_product"":7,""refused_buy_seed"":0,""refused_buy_animal"":0,""refused_hire"":0,""refused_buy_land"":0,""hire_paid"":5578,""sell_zero_fill"":1,""buy_zero_fill"":4,""sell_revenue"":139793.0,""total_spend"":29384.0,""shed_discarded_units"":34,""sold_units"":1489,""feed_no_wheat"":1,""feed_no_animal"":18,""feed_redundant"":0,""water_dead"":20,""harvest_dead"":12,""plant_dead"":0,""animals_escaped"":1,""escape_capital"":400.0,""escape_yield_units"":0,""escape_first_day"":8,""animal_unfed_days"":35,""plants_dry"":1,""dry_seed_cost"":10.0,""dry_yield_units"":1,""dry_first_day"":19,""plant_unwatered_days"":377,""decay_units"":25,""plants_decayed"":24,""silent_loss_coins"":410.0,""silent_loss_units"":60,""dead_actions"":115,""move_dead"":0,""locked_dead"":0,""pickup_dead"":2,""drop_dead"":0,""place_dead"":9,""build_dead"":0,""dig_dead"":0,""fertilize_dead"":2,""collect_dead"":23,""care_dead"":28,""tile_cap_units"":21,""fertilizer_forgone"":10,""care_unfed"":18,""animal_shed_days"":1,""idle_tile_days"":61,""weed_tile_days"":1,""hand_pass_turns"":470,""farmer_pass_turns"":58,""phantom_hand_actions"":0,""sell_floor_units"":42,""hire_premium"":5295,""shed_units_now"":0,""shed_value_now"":0.0,""animals_in_shed_now"":0,""seeds_unplanted_now"":24,""seeds_unplanted_cost_now"":240.0}]}",{},
B1_herd_safe,B1_public_source,souvik_v4,souvik,2026092409,1,139289.0,113409.0,25880.0,W,kagsim,2.887902,0,0,0,0,0,0,0,0,1f5c4222802fe0a0970aa015d78d4bdb1ddb248960d1241d29d49ed24e9775b2,"[{""step"":0,""shops"":[]},{""step"":72,""shops"":[""SMOOTHIE_SHOP""]},{""step"":144,""shops"":[""SMOOTHIE_SHOP"",""PIZZA_SHOP""]},{""step"":216,""shops"":[""SMOOTHIE_SHOP"",""PIZZA_SHOP"",""SMOOTHIE_SHOP""]},{""step"":288,""shops"":[""SMOOTHIE_SHOP"",""PIZZA_SHOP"",""SMOOTHIE_SHOP"",""PIZZA_SHOP""]},{""step"":360,""shops"":[""SMOOTHIE_SHOP"",""PIZZA_SHOP"",""SMOOTHIE_SHOP"",""PIZZA_SHOP"",""YARN_STORE""]},{""step"":432,""shops"":[""SMOOTHIE_SHOP"",""PIZZA_SHOP"",""SMOOTHIE_SHOP"",""PIZZA_SHOP"",""YARN_STORE"",""SMOOTHIE_SHOP""]},{""step"":504,""shops"":[""SMOOTHIE_SHOP"",""PIZZA_SHOP"",""SMOOTHIE_SHOP"",""PIZZA_SHOP"",""YARN_STORE"",""SMOOTHIE_SHOP"",""BRUNCH_SPOT""]},{""step"":576,""shops"":[""SMOOTHIE_SHOP"",""PIZZA_SHOP"",""SMOOTHIE_SHOP"",""PIZZA_SHOP"",""YARN_STORE"",""SMOOTHIE_SHOP"",""BRUNCH_SPOT"",""FARMERS_MARKET""]}]",experiments/round10_public_learning_20260924/evaluations/b1_regression/replays/B1_herd_safe/souvik_v4/seed_2026092409_seat_1.json.gz,05d4250c035a3f18ff6934853959dbadb57e25ec754a25afb6fb70ce43cffe68,b6553c296c556aff5b5e2d12b75618e505fa4d852afb5338414ac6d6e039cb02,540d92b8982b9b387946a7c40731ee4ea81bcff5957ad39aadcc05813e57046b,0fe077cc65622d6f6828160d90b617595a4aa7ea188e4afc67bfee8e4d290c92,"{""players"":[{""sell_dead_units"":20,""refused_buy_product"":7,""refused_buy_seed"":0,""refused_buy_animal"":0,""refused_hire"":0,""refused_buy_land"":0,""hire_paid"":5578,""sell_zero_fill"":1,""buy_zero_fill"":4,""sell_revenue"":139793.0,""total_spend"":29384.0,""shed_discarded_units"":34,""sold_units"":1489,""feed_no_wheat"":1,""feed_no_animal"":18,""feed_redundant"":0,""water_dead"":20,""harvest_dead"":12,""plant_dead"":0,""animals_escaped"":1,""escape_capital"":400.0,""escape_yield_units"":0,""escape_first_day"":8,""animal_unfed_days"":35,""plants_dry"":1,""dry_seed_cost"":10.0,""dry_yield_units"":1,""dry_first_day"":19,""plant_unwatered_days"":377,""decay_units"":25,""plants_decayed"":24,""silent_loss_coins"":410.0,""silent_loss_units"":60,""dead_actions"":115,""move_dead"":0,""locked_dead"":0,""pickup_dead"":2,""drop_dead"":0,""place_dead"":9,""build_dead"":0,""dig_dead"":0,""fertilize_dead"":2,""collect_dead"":23,""care_dead"":28,""tile_cap_units"":21,""fertilizer_forgone"":10,""care_unfed"":18,""animal_shed_days"":1,""idle_tile_days"":61,""weed_tile_days"":2,""hand_pass_turns"":470,""farmer_pass_turns"":58,""phantom_hand_actions"":0,""sell_floor_units"":42,""hire_premium"":5295,""shed_units_now"":0,""shed_value_now"":0.0,""animals_in_shed_now"":0,""seeds_unplanted_now"":24,""seeds_unplanted_cost_now"":240.0},{""sell_dead_units"":171,""refused_buy_product"":1,""refused_buy_seed"":0,""refused_buy_animal"":0,""refused_hire"":0,""refused_buy_land"":0,""hire_paid"":4164,""sell_zero_fill"":31,""buy_zero_fill"":1,""sell_revenue"":164134.0,""total_spend"":27845.0,""shed_discarded_units"":1,""sold_units"":1576,""feed_no_wheat"":0,""feed_no_animal"":0,""feed_redundant"":0,""water_dead"":10,""harvest_dead"":18,""plant_dead"":0,""animals_escaped"":0,""escape_capital"":0.0,""escape_yield_units"":0,""escape_first_day"":-1,""animal_unfed_days"":40,""plants_dry"":1,""dry_seed_cost"":100.0,""dry_yield_units"":0,""dry_first_day"":21,""plant_unwatered_days"":392,""decay_units"":18,""plants_decayed"":18,""silent_loss_coins"":100.0,""silent_loss_units"":19,""dead_actions"":56,""move_dead"":0,""locked_dead"":0,""pickup_dead"":0,""drop_dead"":0,""place_dead"":2,""build_dead"":0,""dig_dead"":4,""fertilize_dead"":1,""collect_dead"":8,""care_dead"":13,""tile_cap_units"":24,""fertilizer_forgone"":15,""care_unfed"":36,""animal_shed_days"":1,""idle_tile_days"":63,""weed_tile_days"":1,""hand_pass_turns"":358,""farmer_pass_turns"":63,""phantom_hand_actions"":0,""sell_floor_units"":14,""hire_premium"":3898,""shed_units_now"":0,""shed_value_now"":0.0,""animals_in_shed_now"":0,""seeds_unplanted_now"":1,""seeds_unplanted_cost_now"":10.0}]}",{},
B1_herd_safe,B1_public_source,souvik_v4,souvik,2026092410,0,121406.0,81715.0,39691.0,W,kagsim,2.882844,0,0,0,0,0,0,0,0,c84b692959801550a636ff7fd012f191011e58917855d35ad8a19158c85dbe4d,"[{""step"":0,""shops"":[]},{""step"":72,""shops"":[""YARN_STORE""]},{""step"":144,""shops"":[""YARN_STORE"",""BRUNCH_SPOT""]},{""step"":216,""shops"":[""YARN_STORE"",""BRUNCH_SPOT"",""YARN_STORE""]},{""step"":288,""shops"":[""YARN_STORE"",""BRUNCH_SPOT"",""YARN_STORE"",""BAKERY""]},{""step"":360,""shops"":[""YARN_STORE"",""BRUNCH_SPOT"",""YARN_STORE"",""BAKERY"",""BRUNCH_SPOT""]},{""step"":432,""shops"":[""YARN_STORE"",""BRUNCH_SPOT"",""YARN_STORE"",""BAKERY"",""BRUNCH_SPOT"",""BAKERY""]},{""step"":504,""shops"":[""YARN_STORE"",""BRUNCH_SPOT"",""YARN_STORE"",""BAKERY"",""BRUNCH_SPOT"",""BAKERY"",""BAKERY""]},{""step"":576,""shops"":[""YARN_STORE"",""BRUNCH_SPOT"",""YARN_STORE"",""BAKERY"",""BRUNCH_SPOT"",""BAKERY"",""BAKERY"",""BAKERY""]}]",experiments/round10_public_learning_20260924/evaluations/b1_regression/replays/B1_herd_safe/souvik_v4/seed_2026092410_seat_0.json.gz,e47e81676b99361e6fd256eb37390cac2a6b2f5e6e3db71a47245ebf2fb9faaf,b6553c296c556aff5b5e2d12b75618e505fa4d852afb5338414ac6d6e039cb02,540d92b8982b9b387946a7c40731ee4ea81bcff5957ad39aadcc05813e57046b,0fe077cc65622d6f6828160d90b617595a4aa7ea188e4afc67bfee8e4d290c92,"{""players"":[{""sell_dead_units"":213,""refused_buy_product"":1,""refused_buy_seed"":0,""refused_buy_animal"":0,""refused_hire"":0,""refused_buy_land"":0,""hire_paid"":9751,""sell_zero_fill"":23,""buy_zero_fill"":1,""sell_revenue"":163348.0,""total_spend"":44942.0,""shed_discarded_units"":27,""sold_units"":1732,""feed_no_wheat"":0,""feed_no_animal"":0,""feed_redundant"":0,""water_dead"":1,""harvest_dead"":7,""plant_dead"":0,""animals_escaped"":0,""escape_capital"":0.0,""escape_yield_units"":0,""escape_first_day"":-1,""animal_unfed_days"":67,""plants_dry"":1,""dry_seed_cost"":100.0,""dry_yield_units"":0,""dry_first_day"":21,""plant_unwatered_days"":385,""decay_units"":18,""plants_decayed"":18,""silent_loss_coins"":100.0,""silent_loss_units"":45,""dead_actions"":22,""move_dead"":0,""locked_dead"":0,""pickup_dead"":0,""drop_dead"":0,""place_dead"":3,""build_dead"":0,""dig_dead"":2,""fertilize_dead"":0,""collect_dead"":4,""care_dead"":5,""tile_cap_units"":6,""fertilizer_forgone"":46,""care_unfed"":63,""animal_shed_days"":0,""idle_tile_days"":404,""weed_tile_days"":80,""hand_pass_turns"":669,""farmer_pass_turns"":82,""phantom_hand_actions"":0,""sell_floor_units"":239,""hire_premium"":9446,""shed_units_now"":0,""shed_value_now"":0.0,""animals_in_shed_now"":0,""seeds_unplanted_now"":0,""seeds_unplanted_cost_now"":0.0},{""sell_dead_units"":21,""refused_buy_product"":7,""refused_buy_seed"":0,""refused_buy_animal"":0,""refused_hire"":0,""refused_buy_land"":0,""hire_paid"":5832,""sell_zero_fill"":1,""buy_zero_fill"":2,""sell_revenue"":108229.0,""total_spend"":29514.0,""shed_discarded_units"":0,""sold_units"":1530,""feed_no_wheat"":0,""feed_no_animal"":0,""feed_redundant"":0,""water_dead"":19,""harvest_dead"":4,""plant_dead"":0,""animals_escaped"":0,""escape_capital"":0.0,""escape_yield_units"":0,""escape_first_day"":-1,""animal_unfed_days"":36,""plants_dry"":2,""dry_seed_cost"":20.0,""dry_yield_units"":2,""dry_first_day"":15,""plant_unwatered_days"":381,""decay_units"":25,""plants_decayed"":24,""silent_loss_coins"":20.0,""silent_loss_units"":27,""dead_actions"":35,""move_dead"":0,""locked_dead"":0,""pickup_dead"":1,""drop_dead"":0,""place_dead"":2,""build_dead"":0,""dig_dead"":0,""fertilize_dead"":0,""collect_dead"":0,""care_dead"":9,""tile_cap_units"":2,""fertilizer_forgone"":10,""care_unfed"":19,""animal_shed_days"":1,""idle_tile_days"":66,""weed_tile_days"":2,""hand_pass_turns"":524,""farmer_pass_turns"":61,""phantom_hand_actions"":0,""sell_floor_units"":375,""hire_premium"":5548,""shed_units_now"":0,""shed_value_now"":0.0,""animals_in_shed_now"":0,""seeds_unplanted_now"":0,""seeds_unplanted_cost_now"":0.0}]}",{},
B1_herd_safe,B1_public_source,souvik_v4,souvik,2026092410,1,126586.0,84732.0,41854.0,W,kagsim,2.712922,0,0,0,0,0,0,0,0,9499218f9367db3fe0c1c79e1e2ef691f7ea39d1926694f62edf11ee651c0f97,"[{""step"":0,""shops"":[]},{""step"":72,""shops"":[""YARN_STORE""]},{""step"":144,""shops"":[""YARN_STORE"",""BRUNCH_SPOT""]},{""step"":216,""shops"":[""YARN_STORE"",""BRUNCH_SPOT"",""YARN_STORE""]},{""step"":288,""shops"":[""YARN_STORE"",""BRUNCH_SPOT"",""YARN_STORE"",""BAKERY""]},{""step"":360,""shops"":[""YARN_STORE"",""BRUNCH_SPOT"",""YARN_STORE"",""BAKERY"",""ICE_CREAM_SHOP""]},{""step"":432,""shops"":[""YARN_STORE"",""BRUNCH_SPOT"",""YARN_STORE"",""BAKERY"",""ICE_CREAM_SHOP"",""ICE_CREAM_SHOP""]},{""step"":504,""shops"":[""YARN_STORE"",""BRUNCH_SPOT"",""YARN_STORE"",""BAKERY"",""ICE_CREAM_SHOP"",""ICE_CREAM_SHOP"",""PET_CAFE""]},{""step"":576,""shops"":[""YARN_STORE"",""BRUNCH_SPOT"",""YARN_STORE"",""BAKERY"",""ICE_CREAM_SHOP"",""ICE_CREAM_SHOP"",""PET_CAFE"",""YARN_STORE""]}]",experiments/round10_public_learning_20260924/evaluations/b1_regression/replays/B1_herd_safe/souvik_v4/seed_2026092410_seat_1.json.gz,f76916b9b64b1d452ba6cde66ebc383dd71fb873684cb2ebc8f89dafa4080a30,b6553c296c556aff5b5e2d12b75618e505fa4d852afb5338414ac6d6e039cb02,540d92b8982b9b387946a7c40731ee4ea81bcff5957ad39aadcc05813e57046b,0fe077cc65622d6f6828160d90b617595a4aa7ea188e4afc67bfee8e4d290c92,"{""players"":[{""sell_dead_units"":21,""refused_buy_product"":7,""refused_buy_seed"":0,""refused_buy_animal"":0,""refused_hire"":0,""refused_buy_land"":0,""hire_paid"":5832,""sell_zero_fill"":1,""buy_zero_fill"":2,""sell_revenue"":111246.0,""total_spend"":29514.0,""shed_discarded_units"":0,""sold_units"":1527,""feed_no_wheat"":0,""feed_no_animal"":0,""feed_redundant"":0,""water_dead"":22,""harvest_dead"":5,""plant_dead"":0,""animals_escaped"":0,""escape_capital"":0.0,""escape_yield_units"":0,""escape_first_day"":-1,""animal_unfed_days"":36,""plants_dry"":2,""dry_seed_cost"":20.0,""dry_yield_units"":2,""dry_first_day"":15,""plant_unwatered_days"":380,""decay_units"":25,""plants_decayed"":24,""silent_loss_coins"":20.0,""silent_loss_units"":27,""dead_actions"":39,""move_dead"":0,""locked_dead"":0,""pickup_dead"":1,""drop_dead"":0,""place_dead"":2,""build_dead"":0,""dig_dead"":0,""fertilize_dead"":0,""collect_dead"":0,""care_dead"":9,""tile_cap_units"":2,""fertilizer_forgone"":10,""care_unfed"":19,""animal_shed_days"":1,""idle_tile_days"":69,""weed_tile_days"":3,""hand_pass_turns"":524,""farmer_pass_turns"":61,""phantom_hand_actions"":0,""sell_floor_units"":246,""hire_premium"":5548,""shed_units_now"":0,""shed_value_now"":0.0,""animals_in_shed_now"":0,""seeds_unplanted_now"":1,""seeds_unplanted_cost_now"":10.0},{""sell_dead_units"":213,""refused_buy_product"":1,""refused_buy_seed"":0,""refused_buy_animal"":0,""refused_hire"":0,""refused_buy_land"":0,""hire_paid"":9751,""sell_zero_fill"":24,""buy_zero_fill"":1,""sell_revenue"":168453.0,""total_spend"":44867.0,""shed_discarded_units"":27,""sold_units"":1732,""feed_no_wheat"":0,""feed_no_animal"":0,""feed_redundant"":0,""water_dead"":1,""harvest_dead"":7,""plant_dead"":0,""animals_escaped"":0,""escape_capital"":0.0,""escape_yield_units"":0,""escape_first_day"":-1,""animal_unfed_days"":67,""plants_dry"":1,""dry_seed_cost"":100.0,""dry_yield_units"":0,""dry_first_day"":21,""plant_unwatered_days"":385,""decay_units"":18,""plants_decayed"":18,""silent_loss_coins"":100.0,""silent_loss_units"":45,""dead_actions"":22,""move_dead"":0,""locked_dead"":0,""pickup_dead"":0,""drop_dead"":0,""place_dead"":3,""build_dead"":0,""dig_dead"":2,""fertilize_dead"":0,""collect_dead"":4,""care_dead"":5,""tile_cap_units"":6,""fertilizer_forgone"":46,""care_unfed"":63,""animal_shed_days"":0,""idle_tile_days"":404,""weed_tile_days"":62,""hand_pass_turns"":669,""farmer_pass_turns"":82,""phantom_hand_actions"":0,""sell_floor_units"":138,""hire_premium"":9446,""shed_units_now"":0,""shed_value_now"":0.0,""animals_in_shed_now"":0,""seeds_unplanted_now"":0,""seeds_unplanted_cost_now"":0.0}]}",{},
