episode_id,sid,opponent_rating,result,margin,item,own_sales,opp_sales,own_buy,opp_buy,delta_sales,net_delta,own_qty,opp_qty,own_price,opp_price,qty_effect,price_effect
111215310,56384917,1659.5518656011288,loss,-6694.0,WHEAT,10046,10841,7013,5999,-795,-1809,307,318,32.72312703583062,34.09119496855346,-367.47877102411246,-427.52122897588674
111215310,56384917,1659.5518656011288,loss,-6694.0,CARROT,5045,11325,620,1320,-6280,-5580,84,186,60.05952380952381,60.88709677419355,-6168.277649769586,-111.72235023041509
111215310,56384917,1659.5518656011288,loss,-6694.0,TOMATO,0,0,0,0,0,0,0,0,,,,
111215310,56384917,1659.5518656011288,loss,-6694.0,STRAWBERRY,20038,19963,3300,3300,75,75,249,247,80.47389558232932,80.82186234817814,161.29575793050748,-86.29575793050833
111215310,56384917,1659.5518656011288,loss,-6694.0,MELON,14267,14267,960,960,0,0,72,72,198.15277777777777,198.15277777777777,0.0,0.0
111215310,56384917,1659.5518656011288,loss,-6694.0,EGG,3974,4417,900,900,-443,-443,78,86,50.94871794871795,51.36046511627907,-409.2367322599881,-33.76326774001218
111215310,56384917,1659.5518656011288,loss,-6694.0,MILK,10829,10554,3200,3200,275,275,245,188,44.2,56.138297872340424,2859.6414893617025,-2584.641489361701
111215310,56384917,1659.5518656011288,loss,-6694.0,WOOL,27819,28674,3000,3000,-855,-855,161,161,172.7888198757764,178.09937888198758,0.0,-854.9999999999998
111215310,56384917,1659.5518656011288,loss,-6694.0,FERTILIZER,14909,14489,1856,2401,420,965,348,341,42.8419540229885,42.489736070381234,298.66091532679405,121.3390846732042
111215310,56384917,1659.5518656011288,loss,-6694.0,HIRE,0,0,3630,4308,0,678,0,0,,,,
111215310,56384917,1659.5518656011288,loss,-6694.0,BUY_LAND,0,0,3000,3000,0,0,0,0,,,,
111208123,56384917,1579.4097980833496,win,15313.0,WHEAT,12365,17104,7137,7435,-4739,-4441,311,426,39.758842443729904,40.15023474178404,-4594.771938167052,-144.22806183294904
111208123,56384917,1579.4097980833496,win,15313.0,CARROT,2088,3411,620,780,-1323,-1163,84,125,24.857142857142858,27.288,-1068.9754285714287,-254.0245714285714
111208123,56384917,1579.4097980833496,win,15313.0,TOMATO,0,0,0,0,0,0,0,0,,,,
111208123,56384917,1579.4097980833496,win,15313.0,STRAWBERRY,23041,22213,3300,3300,828,828,249,251,92.53413654618474,88.4980079681275,-181.03214451431222,1009.0321445143111
111208123,56384917,1579.4097980833496,win,15313.0,MELON,14643,13385,960,880,1258,1178,72,66,203.375,202.8030303030303,1218.534090909091,39.4659090909085
111208123,56384917,1579.4097980833496,win,15313.0,EGG,4182,3965,900,900,217,217,78,74,53.61538461538461,53.58108108108108,214.3929313929314,2.60706860706847
111208123,56384917,1579.4097980833496,win,15313.0,MILK,59722,42032,3200,3200,17690,17690,245,175,243.76326530612246,240.18285714285713,16938.114285714288,751.8857142857198
111208123,56384917,1579.4097980833496,win,15313.0,WOOL,5552,5540,3000,3000,12,12,161,161,34.484472049689444,34.409937888198755,0.0,12.000000000000952
111208123,56384917,1579.4097980833496,win,15313.0,FERTILIZER,14553,14667,1810,2238,-114,314,354,352,41.110169491525426,41.66761363636363,82.77778312788905,-196.77778312788723
111208123,56384917,1579.4097980833496,win,15313.0,HIRE,0,0,3630,4308,0,678,0,0,,,,
111208123,56384917,1579.4097980833496,win,15313.0,BUY_LAND,0,0,3000,3000,0,0,0,0,,,,
111206959,56384917,1555.124556398968,win,773.0,WHEAT,15894,11118,7213,6990,4776,4553,430,301,36.96279069767442,36.93687707641196,4766.528571428572,9.471428571429534
111206959,56384917,1555.124556398968,win,773.0,CARROT,4650,4137,620,620,513,513,94,84,49.46808510638298,49.25,493.5904255319149,19.409574468085147
111206959,56384917,1555.124556398968,win,773.0,TOMATO,0,0,0,0,0,0,0,0,,,,
111206959,56384917,1555.124556398968,win,773.0,STRAWBERRY,10855,10971,3300,3300,-116,-116,237,249,45.80168776371308,44.06024096385542,-539.1715723654111,423.17157236541203
111206959,56384917,1555.124556398968,win,773.0,MELON,14267,14267,960,960,0,0,72,72,198.15277777777777,198.15277777777777,0.0,0.0
111206959,56384917,1555.124556398968,win,773.0,EGG,3879,4592,900,900,-713,-713,66,78,58.77272727272727,58.87179487179487,-705.8671328671328,-7.132867132866863
111206959,56384917,1555.124556398968,win,773.0,MILK,9641,9593,3200,3200,48,48,206,243,46.800970873786405,39.477366255144034,-1596.1492368852132,1644.1492368852123
111206959,56384917,1555.124556398968,win,773.0,WOOL,17056,17885,3000,3000,-829,-829,147,161,116.02721088435374,111.08695652173913,-1589.7991718426501,760.7991718426499
111206959,56384917,1555.124556398968,win,773.0,FERTILIZER,14870,15289,3125,1916,-419,-1628,342,349,43.47953216374269,43.808022922636106,-305.5064428023258,-113.49355719767524
111206959,56384917,1555.124556398968,win,773.0,HIRE,0,0,4685,3630,0,-1055,0,0,,,,
111206959,56384917,1555.124556398968,win,773.0,BUY_LAND,0,0,3000,3000,0,0,0,0,,,,
111205847,56384917,1559.2817901259095,loss,-10983.0,WHEAT,12020,16998,5946,8982,-4978,-1942,307,410,39.153094462540714,41.458536585365856,-4151.4989989671885,-826.5010010328132
111205847,56384917,1559.2817901259095,loss,-10983.0,CARROT,3563,1155,620,220,2408,2008,84,27,42.416666666666664,42.77777777777778,2428.0416666666665,-20.041666666666842
111205847,56384917,1559.2817901259095,loss,-10983.0,TOMATO,0,3343,0,200,-3343,-3143,0,28,,119.39285714285714,,
111205847,56384917,1559.2817901259095,loss,-10983.0,STRAWBERRY,26008,16271,3300,2900,9737,9337,247,198,105.29554655870446,82.17676767676768,4593.071698769068,5143.928301230932
111205847,56384917,1559.2817901259095,loss,-10983.0,MELON,16401,12218,960,960,4183,4183,72,72,227.79166666666666,169.69444444444446,0.0,4182.999999999998
111205847,56384917,1559.2817901259095,loss,-10983.0,EGG,0,0,0,0,0,0,0,0,,,,
111205847,56384917,1559.2817901259095,loss,-10983.0,MILK,10388,7544,2400,2400,2844,2844,175,172,59.36,43.86046511627907,154.83069767441862,2689.1693023255807
111205847,56384917,1559.2817901259095,loss,-10983.0,WOOL,36403,61202,5000,7500,-24799,-22299,250,358,145.612,170.95530726256985,-17094.634592178772,-7704.365407821235
111205847,56384917,1559.2817901259095,loss,-10983.0,FERTILIZER,12577,13539,978,0,-962,-1940,337,278,37.32047477744807,48.701438848920866,2537.6464519778833,-3499.6464519778847
111205847,56384917,1559.2817901259095,loss,-10983.0,HIRE,0,0,4973,4942,0,-31,0,0,,,,
111205847,56384917,1559.2817901259095,loss,-10983.0,BUY_LAND,0,0,3000,3000,0,0,0,0,,,,
111204739,56384917,1517.5986047882373,win,1375.0,WHEAT,11674,9743,6622,6980,1931,2289,359,304,32.51810584958217,32.04934210526316,1775.6048187582467,155.3951812417527
111204739,56384917,1517.5986047882373,win,1375.0,CARROT,9229,5311,1080,620,3918,3458,146,84,63.21232876712329,63.226190476190474,3919.5940965427267,-1.594096542726362
111204739,56384917,1517.5986047882373,win,1375.0,TOMATO,0,0,0,0,0,0,0,0,,,,
111204739,56384917,1517.5986047882373,win,1375.0,STRAWBERRY,16260,15981,3300,3300,279,279,249,249,65.3012048192771,64.18072289156626,0.0,278.9999999999995
111204739,56384917,1517.5986047882373,win,1375.0,MELON,14267,14267,960,960,0,0,72,72,198.15277777777777,198.15277777777777,0.0,0.0
111204739,56384917,1517.5986047882373,win,1375.0,EGG,3591,3420,900,900,171,171,81,78,44.333333333333336,43.84615384615385,132.26923076923077,38.730769230769376
111204739,56384917,1517.5986047882373,win,1375.0,MILK,47553,44897,3600,3200,2656,2256,266,245,178.77067669172934,183.25306122448978,3801.249248120301,-1145.2492481202946
111204739,56384917,1517.5986047882373,win,1375.0,WOOL,9113,15005,2500,3000,-5892,-5392,87,161,104.74712643678161,93.19875776397515,-7323.997715428,1431.9977154280011
111204739,56384917,1517.5986047882373,win,1375.0,FERTILIZER,14492,14857,2364,1865,-365,-864,344,342,42.127906976744185,43.441520467836256,85.56942744458044,-450.5694274445801
111204739,56384917,1517.5986047882373,win,1375.0,HIRE,0,0,4452,3630,0,-822,0,0,,,,
111204739,56384917,1517.5986047882373,win,1375.0,BUY_LAND,0,0,3000,3000,0,0,0,0,,,,
111203616,56384917,1606.2457991971964,loss,-28406.0,WHEAT,15064,10631,5420,6788,4433,5801,431,307,34.951276102088165,34.62866449511401,4313.9563170265355,119.04368297346375
111203616,56384917,1606.2457991971964,loss,-28406.0,CARROT,7730,5717,620,620,2013,2013,111,84,69.63963963963964,68.05952380952381,1858.9387065637065,154.0612934362934
111203616,56384917,1606.2457991971964,loss,-28406.0,TOMATO,0,0,0,0,0,0,0,0,,,,
111203616,56384917,1606.2457991971964,loss,-28406.0,STRAWBERRY,12078,14769,3300,3300,-2691,-2691,192,249,62.90625,59.31325301204819,-3483.2558358433735,792.2558358433735
111203616,56384917,1606.2457991971964,loss,-28406.0,MELON,7738,16848,960,960,-9110,-9110,36,72,214.94444444444446,234.0,-8081.0,-1028.9999999999993
111203616,56384917,1606.2457991971964,loss,-28406.0,EGG,0,4182,0,900,-4182,-3282,0,78,,53.61538461538461,,
111203616,56384917,1606.2457991971964,loss,-28406.0,MILK,6224,8711,2400,3200,-2487,-1687,106,245,58.716981132075475,35.55510204081633,-6551.90978051598,4064.90978051598
111203616,56384917,1606.2457991971964,loss,-28406.0,WOOL,30315,38135,5000,3000,-7820,-9820,128,161,236.8359375,236.86335403726707,-7816.0383103649065,-3.9616896350919433
111203616,56384917,1606.2457991971964,loss,-28406.0,FERTILIZER,12231,18404,4087,2350,-6173,-7910,213,351,57.42253521126761,52.433048433048434,-7580.035271457807,1407.035271457807
111203616,56384917,1606.2457991971964,loss,-28406.0,HIRE,0,0,5350,3630,0,-1720,0,0,,,,
111203616,56384917,1606.2457991971964,loss,-28406.0,BUY_LAND,0,0,3000,3000,0,0,0,0,,,,
111202491,56384917,1459.747112357417,win,7164.0,WHEAT,11885,9668,5770,6668,2217,3115,309,254,38.46278317152104,38.06299212598425,2104.4588206813955,112.5411793186056
111202491,56384917,1459.747112357417,win,7164.0,CARROT,5256,4721,620,620,535,535,84,76,62.57142857142857,62.11842105263158,498.7593984962406,36.24060150375897
111202491,56384917,1459.747112357417,win,7164.0,TOMATO,0,0,0,0,0,0,0,0,,,,
111202491,56384917,1459.747112357417,win,7164.0,STRAWBERRY,17459,15677,3300,3300,1782,1782,247,232,70.6842105263158,67.57327586206897,1036.9311479128858,745.068852087115
111202491,56384917,1459.747112357417,win,7164.0,MELON,14294,14229,960,960,65,65,72,72,198.52777777777777,197.625,0.0,64.99999999999955
111202491,56384917,1459.747112357417,win,7164.0,EGG,0,0,0,0,0,0,0,0,,,,
111202491,56384917,1459.747112357417,win,7164.0,MILK,8982,8292,2400,2400,690,690,172,181,52.22093023255814,45.812154696132595,-441.1488821791083,1131.1488821791086
111202491,56384917,1459.747112357417,win,7164.0,WOOL,29008,26913,5000,5500,2095,2595,249,242,116.49799196787149,111.2107438016529,796.9805751933353,1298.0194248066637
111202491,56384917,1459.747112357417,win,7164.0,FERTILIZER,13544,14588,1091,1860,-1044,-275,333,330,40.672672672672675,44.2060606060606,127.31809991809992,-1171.3180999180981
111202491,56384917,1459.747112357417,win,7164.0,HIRE,0,0,4973,3630,0,-1343,0,0,,,,
111202491,56384917,1459.747112357417,win,7164.0,BUY_LAND,0,0,3000,3000,0,0,0,0,,,,
111201362,56384917,1570.2375980708468,win,2297.0,WHEAT,13184,12959,7324,7105,225,6,311,304,42.39228295819936,42.62828947368421,297.5720035115925,-72.57200351159221
111201362,56384917,1570.2375980708468,win,2297.0,CARROT,2881,2860,620,620,21,21,84,84,34.29761904761905,34.04761904761905,0.0,21.0
111201362,56384917,1570.2375980708468,win,2297.0,TOMATO,0,0,0,0,0,0,0,0,,,,
111201362,56384917,1570.2375980708468,win,2297.0,STRAWBERRY,25598,24524,3300,3300,1074,1074,249,249,102.80321285140562,98.48995983935743,0.0,1074.0
111201362,56384917,1570.2375980708468,win,2297.0,MELON,14267,14267,960,960,0,0,72,72,198.15277777777777,198.15277777777777,0.0,0.0
111201362,56384917,1570.2375980708468,win,2297.0,EGG,3955,3973,900,900,-18,-18,78,78,50.705128205128204,50.93589743589744,0.0,-18.000000000000213
111201362,56384917,1570.2375980708468,win,2297.0,MILK,55606,55328,3200,3200,278,278,245,245,226.96326530612245,225.82857142857142,0.0,278.0000000000023
111201362,56384917,1570.2375980708468,win,2297.0,WOOL,18254,17211,3000,3000,1043,1043,161,161,113.37888198757764,106.90062111801242,0.0,1043.0000000000002
111201362,56384917,1570.2375980708468,win,2297.0,FERTILIZER,14311,14457,1760,1799,-146,-107,348,354,41.12356321839081,40.83898305084746,-245.88763880771478,99.88763880771458
111201362,56384917,1570.2375980708468,win,2297.0,HIRE,0,0,3630,3630,0,0,0,0,,,,
111201362,56384917,1570.2375980708468,win,2297.0,BUY_LAND,0,0,3000,3000,0,0,0,0,,,,
111200251,56384917,1566.874053813492,loss,-3121.0,WHEAT,11044,10670,6881,7544,374,1037,323,311,34.191950464396285,34.30868167202572,411.0037928185321,-37.00379281853093
111200251,56384917,1566.874053813492,loss,-3121.0,CARROT,8293,7166,620,560,1127,1067,84,75,98.72619047619048,95.54666666666667,874.2278571428573,252.77214285714328
111200251,56384917,1566.874053813492,loss,-3121.0,TOMATO,0,0,0,0,0,0,0,0,,,,
111200251,56384917,1566.874053813492,loss,-3121.0,STRAWBERRY,9952,10160,3400,3300,-208,-308,241,246,41.29460580912863,41.300813008130085,-206.4885470431468,-1.5114529568534678
111200251,56384917,1566.874053813492,loss,-3121.0,MELON,14267,14267,960,960,0,0,72,72,198.15277777777777,198.15277777777777,0.0,0.0
111200251,56384917,1566.874053813492,loss,-3121.0,EGG,0,0,0,0,0,0,0,0,,,,
111200251,56384917,1566.874053813492,loss,-3121.0,MILK,6232,5621,2400,2400,611,611,191,191,32.6282722513089,29.42931937172775,0.0,610.9999999999995
111200251,56384917,1566.874053813492,loss,-3121.0,WOOL,35368,40937,5000,5500,-5569,-5069,250,278,141.472,147.25539568345323,-4042.1835395683447,-1526.8164604316505
111200251,56384917,1566.874053813492,loss,-3121.0,FERTILIZER,14041,13288,1593,559,753,-281,341,330,41.17595307917889,40.266666666666666,447.9344086021505,305.06559139785094
111200251,56384917,1566.874053813492,loss,-3121.0,HIRE,0,0,5028,4850,0,-178,0,0,,,,
111200251,56384917,1566.874053813492,loss,-3121.0,BUY_LAND,0,0,3000,3000,0,0,0,0,,,,
111199130,56384917,1531.2721390534662,loss,-15967.0,WHEAT,12476,16373,8278,12670,-3897,495,350,462,35.645714285714284,35.43939393939394,-3980.766060606061,83.76606060606066
111199130,56384917,1531.2721390534662,loss,-15967.0,CARROT,3443,0,560,0,3443,2883,72,0,47.81944444444444,,,
111199130,56384917,1531.2721390534662,loss,-15967.0,TOMATO,0,4138,0,500,-4138,-3638,0,67,,61.76119402985075,,
111199130,56384917,1531.2721390534662,loss,-15967.0,STRAWBERRY,32236,24185,3300,2500,8051,7251,232,161,138.94827586206895,150.2173913043478,10265.381184407795,-2214.381184407796
111199130,56384917,1531.2721390534662,loss,-15967.0,MELON,16228,12375,960,960,3853,3853,72,72,225.38888888888889,171.875,0.0,3853.0
111199130,56384917,1531.2721390534662,loss,-15967.0,EGG,0,0,0,0,0,0,0,0,,,,
111199130,56384917,1531.2721390534662,loss,-15967.0,MILK,8498,6461,2400,2000,2037,1637,183,148,46.43715846994535,43.6554054054054,1576.619867818638,460.3801321813615
111199130,56384917,1531.2721390534662,loss,-15967.0,WOOL,56042,85878,5000,8500,-29836,-26336,248,372,225.9758064516129,230.8548387096774,-28323.5,-1512.4999999999989
111199130,56384917,1531.2721390534662,loss,-15967.0,FERTILIZER,12480,13607,941,0,-1127,-2068,324,292,38.51851851851852,46.59931506849315,1361.8853373921866,-2488.8853373921856
111199130,56384917,1531.2721390534662,loss,-15967.0,HIRE,0,0,4973,4929,0,-44,0,0,,,,
111199130,56384917,1531.2721390534662,loss,-15967.0,BUY_LAND,0,0,3000,3000,0,0,0,0,,,,
111197979,56384917,1691.7440926270783,loss,-1409.0,WHEAT,14297,152378,7238,144449,-138081,-870,374,3627,38.22727272727273,42.01213123793769,-130509.39054941473,-7571.609450585254
111197979,56384917,1691.7440926270783,loss,-1409.0,CARROT,3280,2868,620,620,412,412,99,86,33.13131313131313,33.348837209302324,432.12097721400045,-20.120977214000675
111197979,56384917,1691.7440926270783,loss,-1409.0,TOMATO,0,0,0,0,0,0,0,0,,,,
111197979,56384917,1691.7440926270783,loss,-1409.0,STRAWBERRY,37266,37828,3300,3300,-562,-562,249,249,149.66265060240963,151.91967871485943,0.0,-562.0000000000008
111197979,56384917,1691.7440926270783,loss,-1409.0,MELON,14267,14267,960,960,0,0,72,72,198.15277777777777,198.15277777777777,0.0,0.0
111197979,56384917,1691.7440926270783,loss,-1409.0,EGG,4477,5176,900,900,-699,-699,74,86,60.5,60.18604651162791,-724.1162790697674,25.116279069767415
111197979,56384917,1691.7440926270783,loss,-1409.0,MILK,15011,15151,3200,3200,-140,-140,245,245,61.26938775510204,61.840816326530614,0.0,-140.00000000000125
111197979,56384917,1691.7440926270783,loss,-1409.0,WOOL,7795,7089,3000,3000,706,706,161,161,48.41614906832298,44.03105590062112,0.0,705.9999999999995
111197979,56384917,1691.7440926270783,loss,-1409.0,FERTILIZER,15148,14708,2576,2168,440,32,347,331,43.654178674351584,44.43504531722054,704.713791932577,-264.71379193257667
111197979,56384917,1691.7440926270783,loss,-1409.0,HIRE,0,0,4452,4164,0,-288,0,0,,,,
111197979,56384917,1691.7440926270783,loss,-1409.0,BUY_LAND,0,0,3000,3000,0,0,0,0,,,,
111196373,56384917,1602.3057233582851,loss,-6193.0,WHEAT,11908,14824,7102,6324,-2916,-3694,311,378,38.28938906752411,39.216931216931215,-2596.4617295292533,-319.53827047074685
111196373,56384917,1602.3057233582851,loss,-6193.0,CARROT,2295,2652,620,620,-357,-357,84,97,27.321428571428573,27.34020618556701,-355.3006259204713,-1.6993740795284715
111196373,56384917,1602.3057233582851,loss,-6193.0,TOMATO,0,0,0,0,0,0,0,0,,,,
111196373,56384917,1602.3057233582851,loss,-6193.0,STRAWBERRY,39922,39403,3300,3300,519,519,249,247,160.3293172690763,159.52631578947367,319.85563305855,199.14436694145525
111196373,56384917,1602.3057233582851,loss,-6193.0,MELON,14267,14267,960,960,0,0,72,72,198.15277777777777,198.15277777777777,0.0,0.0
111196373,56384917,1602.3057233582851,loss,-6193.0,EGG,4396,0,900,0,4396,3496,78,0,56.35897435897436,,,
111196373,56384917,1602.3057233582851,loss,-6193.0,MILK,35827,36689,3200,3200,-862,-862,245,245,146.23265306122448,149.75102040816327,0.0,-862.0000000000032
111196373,56384917,1602.3057233582851,loss,-6193.0,WOOL,20701,28959,3000,4500,-8258,-6758,161,212,128.5776397515528,136.5990566037736,-6762.005757060822,-1495.9942429391783
111196373,56384917,1602.3057233582851,loss,-6193.0,FERTILIZER,14829,14633,1873,2462,196,785,349,343,42.48997134670487,42.66180758017493,255.4553367806394,-59.45533678064078
111196373,56384917,1602.3057233582851,loss,-6193.0,HIRE,0,0,3630,4308,0,678,0,0,,,,
111196373,56384917,1602.3057233582851,loss,-6193.0,BUY_LAND,0,0,3000,3000,0,0,0,0,,,,
111196878,56384917,1609.0711537052557,loss,-41578.0,WHEAT,15179,12704,5371,7865,2475,4969,378,315,40.15608465608466,40.33015873015873,2535.3166666666666,-60.31666666666543
111196878,56384917,1609.0711537052557,loss,-41578.0,CARROT,3895,3050,620,560,845,785,94,75,41.43617021276596,40.666666666666664,779.9769503546099,65.02304964539034
111196878,56384917,1609.0711537052557,loss,-41578.0,TOMATO,0,0,0,0,0,0,0,0,,,,
111196878,56384917,1609.0711537052557,loss,-41578.0,STRAWBERRY,9728,12146,3300,3300,-2418,-2418,197,243,49.380710659898476,49.983539094650205,-2285.3777443546196,-132.62225564538028
111196878,56384917,1609.0711537052557,loss,-41578.0,MELON,7722,16855,960,960,-9133,-9133,36,72,214.5,234.09722222222223,-8074.75,-1058.2500000000005
111196878,56384917,1609.0711537052557,loss,-41578.0,EGG,0,0,0,0,0,0,0,0,,,,
111196878,56384917,1609.0711537052557,loss,-41578.0,MILK,3718,4894,2400,2400,-1176,-1176,114,191,32.6140350877193,25.623036649214658,-2242.127261871957,1066.1272618719581
111196878,56384917,1609.0711537052557,loss,-41578.0,WOOL,27274,57797,5000,5500,-30523,-30023,127,278,214.75590551181102,207.90287769784172,-31910.73813232878,1387.7381323287843
111196878,56384917,1609.0711537052557,loss,-41578.0,FERTILIZER,11854,15857,2076,811,-4003,-5268,218,318,54.37614678899082,49.86477987421384,-5212.046333160233,1209.046333160232
111196878,56384917,1609.0711537052557,loss,-41578.0,HIRE,0,0,4164,4850,0,686,0,0,,,,
111196878,56384917,1609.0711537052557,loss,-41578.0,BUY_LAND,0,0,3000,3000,0,0,0,0,,,,
111196171,56384917,1574.0760331545416,win,3470.0,WHEAT,11662,15785,7134,11289,-4123,32,311,448,37.4983922829582,35.234375,-4982.1945588826375,859.1945588826369
111196171,56384917,1574.0760331545416,win,3470.0,CARROT,4945,4893,620,620,52,52,84,83,58.86904761904762,58.95180722891566,58.910427423981645,-6.910427423981478
111196171,56384917,1574.0760331545416,win,3470.0,TOMATO,11527,0,500,0,11527,11027,80,0,144.0875,,,
111196171,56384917,1574.0760331545416,win,3470.0,STRAWBERRY,48843,48085,3300,3300,758,758,249,249,196.15662650602408,193.11244979919678,0.0,757.999999999998
111196171,56384917,1574.0760331545416,win,3470.0,MELON,13565,14930,960,960,-1365,-1365,72,72,188.40277777777777,207.36111111111111,0.0,-1365.0000000000007
111196171,56384917,1574.0760331545416,win,3470.0,EGG,3456,3272,900,900,184,184,78,74,44.30769230769231,44.21621621621622,177.04781704781703,6.952182952182767
111196171,56384917,1574.0760331545416,win,3470.0,MILK,52740,52127,3200,3200,613,613,245,245,215.26530612244898,212.76326530612246,0.0,612.9999999999957
111196171,56384917,1574.0760331545416,win,3470.0,WOOL,5594,5484,3000,3000,110,110,161,161,34.745341614906835,34.06211180124224,0.0,109.99999999999996
111196171,56384917,1574.0760331545416,win,3470.0,FERTILIZER,14348,14507,1890,1802,-159,-247,344,345,41.7093023255814,42.04927536231884,-41.87928884395012,-117.12071115604817
111196171,56384917,1574.0760331545416,win,3470.0,HIRE,0,0,7324,3630,0,-3694,0,0,,,,
111196171,56384917,1574.0760331545416,win,3470.0,BUY_LAND,0,0,7000,3000,0,-4000,0,0,,,,
111194645,56384917,1613.996296059514,loss,-4409.0,WHEAT,12175,12870,5762,7878,-695,1421,304,315,40.04934210526316,40.857142857142854,-444.98566729323306,-250.01433270676608
111194645,56384917,1613.996296059514,loss,-4409.0,CARROT,2426,2058,620,560,368,308,84,75,28.88095238095238,27.44,253.44428571428568,114.55571428571407
111194645,56384917,1613.996296059514,loss,-4409.0,TOMATO,0,0,0,0,0,0,0,0,,,,
111194645,56384917,1613.996296059514,loss,-4409.0,STRAWBERRY,45440,44481,3300,3300,959,959,247,243,183.96761133603238,183.0493827160494,734.0339881041635,224.9660118958309
111194645,56384917,1613.996296059514,loss,-4409.0,MELON,14278,14231,960,960,47,47,72,72,198.30555555555554,197.65277777777777,0.0,46.999999999999545
111194645,56384917,1613.996296059514,loss,-4409.0,EGG,0,0,0,0,0,0,0,0,,,,
111194645,56384917,1613.996296059514,loss,-4409.0,MILK,41632,44008,2400,2400,-2376,-2376,182,191,228.74725274725276,230.40837696335078,-2066.200333697716,-309.7996663022801
111194645,56384917,1613.996296059514,loss,-4409.0,WOOL,42299,47160,5000,5500,-4861,-4361,251,278,168.5219123505976,169.64028776978418,-4565.189701625154,-295.8102983748497
111194645,56384917,1613.996296059514,loss,-4409.0,FERTILIZER,13508,13289,1064,561,219,-284,333,326,40.56456456456456,40.763803680981596,284.64928885941157,-65.64928885941232
111194645,56384917,1613.996296059514,loss,-4409.0,HIRE,0,0,4973,4850,0,-123,0,0,,,,
111194645,56384917,1613.996296059514,loss,-4409.0,BUY_LAND,0,0,3000,3000,0,0,0,0,,,,
111193529,56384917,1548.0443097403522,win,6830.0,WHEAT,12564,9715,5423,7898,2849,5324,335,252,37.504477611940295,38.551587301587304,3156.326693911395,-307.32669391139706
111193529,56384917,1548.0443097403522,win,6830.0,CARROT,4240,3821,620,1040,419,839,84,75,50.476190476190474,50.946666666666665,456.4028571428571,-37.40285714285718
111193529,56384917,1548.0443097403522,win,6830.0,TOMATO,0,0,0,0,0,0,0,0,,,,
111193529,56384917,1548.0443097403522,win,6830.0,STRAWBERRY,16665,16568,3300,3300,97,97,237,242,70.31645569620254,68.46280991735537,-346.94816403389484,443.9481640338964
111193529,56384917,1548.0443097403522,win,6830.0,MELON,14278,14231,960,960,47,47,72,72,198.30555555555554,197.65277777777777,0.0,46.999999999999545
111193529,56384917,1548.0443097403522,win,6830.0,EGG,0,0,0,0,0,0,0,0,,,,
111193529,56384917,1548.0443097403522,win,6830.0,MILK,8044,8245,2400,2400,-201,-201,148,155,54.351351351351354,53.193548387096776,-376.40714908456846,175.40714908456866
111193529,56384917,1548.0443097403522,win,6830.0,WOOL,54818,56174,5000,5500,-1356,-856,234,240,234.26495726495727,234.05833333333334,-1404.9698717948718,48.9698717948732
111193529,56384917,1548.0443097403522,win,6830.0,FERTILIZER,14263,13817,1634,1383,446,195,319,305,44.711598746081506,45.3016393442623,630.0926666324067,-184.09266663240714
111193529,56384917,1548.0443097403522,win,6830.0,HIRE,0,0,5405,6790,0,1385,0,0,,,,
111193529,56384917,1548.0443097403522,win,6830.0,BUY_LAND,0,0,3000,3000,0,0,0,0,,,,
111192415,56384917,1582.5604254615032,loss,-816.0,WHEAT,13363,13125,7325,7102,238,15,311,304,42.967845659163984,43.17434210526316,301.497657175495,-63.497657175495746
111192415,56384917,1582.5604254615032,loss,-816.0,CARROT,2323,2353,620,620,-30,-30,84,84,27.654761904761905,28.011904761904763,0.0,-30.000000000000043
111192415,56384917,1582.5604254615032,loss,-816.0,TOMATO,0,0,0,0,0,0,0,0,,,,
111192415,56384917,1582.5604254615032,loss,-816.0,STRAWBERRY,32575,33305,3300,3300,-730,-730,249,249,130.82329317269077,133.7550200803213,0.0,-729.9999999999993
111192415,56384917,1582.5604254615032,loss,-816.0,MELON,14267,14267,960,960,0,0,72,72,198.15277777777777,198.15277777777777,0.0,0.0
111192415,56384917,1582.5604254615032,loss,-816.0,EGG,4549,4556,900,900,-7,-7,78,78,58.32051282051282,58.41025641025641,0.0,-7.000000000000114
111192415,56384917,1582.5604254615032,loss,-816.0,MILK,45997,46138,3200,3200,-141,-141,245,245,187.74285714285713,188.31836734693877,0.0,-141.00000000000136
111192415,56384917,1582.5604254615032,loss,-816.0,WOOL,5533,5550,3000,3000,-17,-17,161,161,34.36645962732919,34.47204968944099,0.0,-17.000000000000014
111192415,56384917,1582.5604254615032,loss,-816.0,FERTILIZER,14434,14344,1781,1785,90,94,351,351,41.12250712250712,40.86609686609687,0.0,89.99999999999969
111192415,56384917,1582.5604254615032,loss,-816.0,HIRE,0,0,3630,3630,0,0,0,0,,,,
111192415,56384917,1582.5604254615032,loss,-816.0,BUY_LAND,0,0,3000,3000,0,0,0,0,,,,
111191297,56384917,1626.6022193927745,loss,-3431.0,WHEAT,12503,15626,7227,7904,-3123,-2446,314,387,39.818471337579616,40.377260981912144,-2927.144229661449,-195.85577033855097
111191297,56384917,1626.6022193927745,loss,-3431.0,CARROT,5816,7851,620,760,-2035,-1895,84,112,69.23809523809524,70.09821428571429,-1950.7083333333333,-84.291666666667
111191297,56384917,1626.6022193927745,loss,-3431.0,TOMATO,0,0,0,0,0,0,0,0,,,,
111191297,56384917,1626.6022193927745,loss,-3431.0,STRAWBERRY,5653,5858,3300,3300,-205,-205,249,249,22.70281124497992,23.526104417670684,0.0,-205.00000000000034
111191297,56384917,1626.6022193927745,loss,-3431.0,MELON,14267,14267,960,960,0,0,72,72,198.15277777777777,198.15277777777777,0.0,0.0
111191297,56384917,1626.6022193927745,loss,-3431.0,EGG,4624,4399,900,900,225,225,82,78,56.390243902439025,56.3974358974359,225.57535959974985,-0.5753595997498451
111191297,56384917,1626.6022193927745,loss,-3431.0,MILK,12452,12265,3600,3200,187,-213,266,245,46.81203007518797,50.06122448979592,1017.1691729323308,-830.169172932331
111191297,56384917,1626.6022193927745,loss,-3431.0,WOOL,5522,5489,2500,3000,33,533,133,121,41.5187969924812,45.36363636363637,521.2946001367054,-488.29460013670626
111191297,56384917,1626.6022193927745,loss,-3431.0,FERTILIZER,14465,14547,1818,2025,-82,125,351,348,41.21082621082621,41.80172413793103,124.51882552313586,-206.51882552313444
111191297,56384917,1626.6022193927745,loss,-3431.0,HIRE,0,0,3630,4075,0,445,0,0,,,,
111191297,56384917,1626.6022193927745,loss,-3431.0,BUY_LAND,0,0,3000,3000,0,0,0,0,,,,
111190173,56384917,1574.4788220014016,win,12552.0,WHEAT,11956,15096,7227,7004,-3140,-3363,311,388,38.443729903536976,38.90721649484536,-2978.0114363377197,-161.98856366227932
111190173,56384917,1574.4788220014016,win,12552.0,CARROT,2886,3141,620,620,-255,-255,84,96,34.357142857142854,32.71875,-402.45535714285717,147.45535714285688
111190173,56384917,1574.4788220014016,win,12552.0,TOMATO,0,0,0,0,0,0,0,0,,,,
111190173,56384917,1574.4788220014016,win,12552.0,STRAWBERRY,57510,57483,3300,3300,27,27,249,249,230.96385542168676,230.85542168674698,0.0,27.0000000000052
111190173,56384917,1574.4788220014016,win,12552.0,MELON,14267,14267,960,960,0,0,72,72,198.15277777777777,198.15277777777777,0.0,0.0
111190173,56384917,1574.4788220014016,win,12552.0,EGG,4211,4212,900,900,-1,-1,78,78,53.98717948717949,54.0,0.0,-0.9999999999998579
111190173,56384917,1574.4788220014016,win,12552.0,MILK,54393,37375,3200,3200,17018,17018,245,171,222.0122448979592,218.5672514619883,16301.441365318056,716.5586346819473
111190173,56384917,1574.4788220014016,win,12552.0,WOOL,6819,7994,3000,3000,-1175,-1175,161,157,42.35403726708075,50.9171974522293,186.54246943862012,-1361.5424694386202
111190173,56384917,1574.4788220014016,win,12552.0,FERTILIZER,14352,14488,1796,1877,-136,-55,345,348,41.6,41.632183908045974,-124.84827586206897,-11.151724137929467
111190173,56384917,1574.4788220014016,win,12552.0,HIRE,0,0,3630,3986,0,356,0,0,,,,
111190173,56384917,1574.4788220014016,win,12552.0,BUY_LAND,0,0,3000,3000,0,0,0,0,,,,
111189071,56384917,1601.4515167828142,loss,-1780.0,WHEAT,12165,11916,7213,6990,249,26,311,304,39.11575562700965,39.19736842105263,274.095934168218,-25.09593416821705
111189071,56384917,1601.4515167828142,loss,-1780.0,CARROT,5212,5212,620,620,0,0,84,84,62.04761904761905,62.04761904761905,0.0,0.0
111189071,56384917,1601.4515167828142,loss,-1780.0,TOMATO,8049,8080,500,500,-31,-31,80,80,100.6125,101.0,0.0,-31.000000000000227
111189071,56384917,1601.4515167828142,loss,-1780.0,STRAWBERRY,46059,46103,3300,3300,-44,-44,249,249,184.97590361445782,185.15261044176708,0.0,-44.000000000005855
111189071,56384917,1601.4515167828142,loss,-1780.0,MELON,14267,14267,960,960,0,0,72,72,198.15277777777777,198.15277777777777,0.0,0.0
111189071,56384917,1601.4515167828142,loss,-1780.0,EGG,3915,3924,900,900,-9,-9,78,78,50.19230769230769,50.30769230769231,0.0,-8.99999999999983
111189071,56384917,1601.4515167828142,loss,-1780.0,MILK,19668,21360,3200,3200,-1692,-1692,245,245,80.27755102040817,87.18367346938776,0.0,-1691.9999999999989
111189071,56384917,1601.4515167828142,loss,-1780.0,WOOL,5534,5557,3000,3000,-23,-23,161,161,34.37267080745342,34.515527950310556,0.0,-22.999999999999346
111189071,56384917,1601.4515167828142,loss,-1780.0,FERTILIZER,14490,14500,1910,1913,-10,-7,344,344,42.122093023255815,42.151162790697676,0.0,-10.00000000000017
111189071,56384917,1601.4515167828142,loss,-1780.0,HIRE,0,0,7324,7324,0,0,0,0,,,,
111189071,56384917,1601.4515167828142,loss,-1780.0,BUY_LAND,0,0,7000,7000,0,0,0,0,,,,
111187945,56384917,1592.1758281399173,win,1817.0,WHEAT,13482,13459,7324,7344,23,43,311,311,43.350482315112544,43.27652733118971,0.0,23.000000000000668
111187945,56384917,1592.1758281399173,win,1817.0,CARROT,3350,3334,620,620,16,16,84,84,39.88095238095238,39.69047619047619,0.0,15.999999999999943
111187945,56384917,1592.1758281399173,win,1817.0,TOMATO,0,0,0,0,0,0,0,0,,,,
111187945,56384917,1592.1758281399173,win,1817.0,STRAWBERRY,28882,26326,3300,3300,2556,2556,247,244,116.93117408906883,107.89344262295081,337.23692506802945,2218.7630749319733
111187945,56384917,1592.1758281399173,win,1817.0,MELON,14267,14267,960,960,0,0,72,72,198.15277777777777,198.15277777777777,0.0,0.0
111187945,56384917,1592.1758281399173,win,1817.0,EGG,3986,4138,900,900,-152,-152,75,78,53.14666666666667,53.05128205128205,-159.29692307692306,7.296923076923214
111187945,56384917,1592.1758281399173,win,1817.0,MILK,45815,45578,3200,3200,237,237,245,245,187.0,186.0326530612245,0.0,236.99999999999903
111187945,56384917,1592.1758281399173,win,1817.0,WOOL,8523,9349,3000,3000,-826,-826,161,161,52.93788819875776,58.06832298136646,0.0,-826.0
111187945,56384917,1592.1758281399173,win,1817.0,FERTILIZER,14343,14415,1774,1789,-72,-57,348,343,41.21551724137931,42.02623906705539,208.10439077108674,-280.1043907710867
111187945,56384917,1592.1758281399173,win,1817.0,HIRE,0,0,3630,3630,0,0,0,0,,,,
111187945,56384917,1592.1758281399173,win,1817.0,BUY_LAND,0,0,3000,3000,0,0,0,0,,,,
111186840,56384917,1592.8749245144404,win,2950.0,WHEAT,15715,13144,7324,7104,2571,2351,361,304,43.53185595567867,43.23684210526316,2472.907894736842,98.09210526315869
111186840,56384917,1592.8749245144404,win,2950.0,CARROT,3150,2829,620,620,321,321,94,84,33.51063829787234,33.67857142857143,335.9460486322189,-14.94604863221904
111186840,56384917,1592.8749245144404,win,2950.0,TOMATO,0,0,0,0,0,0,0,0,,,,
111186840,56384917,1592.8749245144404,win,2950.0,STRAWBERRY,24371,23844,3300,3300,527,527,249,249,97.87550200803213,95.75903614457832,0.0,526.9999999999991
111186840,56384917,1592.8749245144404,win,2950.0,MELON,14267,14267,960,960,0,0,72,72,198.15277777777777,198.15277777777777,0.0,0.0
111186840,56384917,1592.8749245144404,win,2950.0,EGG,5383,5152,900,900,231,231,82,78,65.64634146341463,66.05128205128206,263.3952470293934,-32.39524702939434
111186840,56384917,1592.8749245144404,win,2950.0,MILK,8312,8015,3200,3200,297,297,231,245,35.98268398268398,32.714285714285715,-480.8787878787878,777.8787878787871
111186840,56384917,1592.8749245144404,win,2950.0,WOOL,5446,5612,3000,3000,-166,-166,159,161,34.25157232704402,34.857142857142854,-69.10871518418688,-96.89128481581292
111186840,56384917,1592.8749245144404,win,2950.0,FERTILIZER,14339,14508,1875,1789,-169,-255,351,351,40.851851851851855,41.333333333333336,0.0,-168.99999999999983
111186840,56384917,1592.8749245144404,win,2950.0,HIRE,0,0,3986,3630,0,-356,0,0,,,,
111186840,56384917,1592.8749245144404,win,2950.0,BUY_LAND,0,0,3000,3000,0,0,0,0,,,,
111185739,56384917,1595.7394610113304,loss,-2954.0,WHEAT,12680,12479,7121,6917,201,-3,311,304,40.77170418006431,41.04934210526316,286.3736619986461,-85.3736619986451
111185739,56384917,1595.7394610113304,loss,-2954.0,CARROT,3342,3399,620,620,-57,-57,84,84,39.785714285714285,40.464285714285715,0.0,-57.00000000000017
111185739,56384917,1595.7394610113304,loss,-2954.0,TOMATO,0,9236,0,500,-9236,-8736,0,79,,116.9113924050633,,
111185739,56384917,1595.7394610113304,loss,-2954.0,STRAWBERRY,33867,32579,3300,3300,1288,1288,249,249,136.0120481927711,130.8393574297189,0.0,1287.9999999999984
111185739,56384917,1595.7394610113304,loss,-2954.0,MELON,13565,14930,960,960,-1365,-1365,72,72,188.40277777777777,207.36111111111111,0.0,-1365.0000000000007
111185739,56384917,1595.7394610113304,loss,-2954.0,EGG,4022,4036,900,900,-14,-14,78,78,51.56410256410256,51.743589743589745,0.0,-14.000000000000227
111185739,56384917,1595.7394610113304,loss,-2954.0,MILK,48960,49300,3200,3200,-340,-340,245,245,199.83673469387756,201.22448979591837,0.0,-339.9999999999993
111185739,56384917,1595.7394610113304,loss,-2954.0,WOOL,7499,7894,3000,3000,-395,-395,161,161,46.577639751552795,49.03105590062112,0.0,-395.0000000000003
111185739,56384917,1595.7394610113304,loss,-2954.0,FERTILIZER,14381,14443,1788,1845,-62,-5,348,352,41.32471264367816,41.03125,-164.71192528735634,102.71192528735646
111185739,56384917,1595.7394610113304,loss,-2954.0,HIRE,0,0,3630,6303,0,2673,0,0,,,,
111185739,56384917,1595.7394610113304,loss,-2954.0,BUY_LAND,0,0,3000,7000,0,4000,0,0,,,,
111184614,56384917,1645.4845077758011,loss,-3175.0,WHEAT,12874,18921,7303,7637,-6047,-5713,312,451,41.26282051282051,41.95343680709534,-5783.529883734152,-263.47011626584856
111184614,56384917,1645.4845077758011,loss,-3175.0,CARROT,3104,3425,620,620,-321,-321,83,90,37.397590361445786,38.05555555555556,-264.08601070950465,-56.91398929049518
111184614,56384917,1645.4845077758011,loss,-3175.0,TOMATO,0,0,0,0,0,0,0,0,,,,
111184614,56384917,1645.4845077758011,loss,-3175.0,STRAWBERRY,61254,61054,3300,3300,200,200,249,249,246.0,245.19678714859438,0.0,199.99999999999895
111184614,56384917,1645.4845077758011,loss,-3175.0,MELON,14267,14267,960,960,0,0,72,72,198.15277777777777,198.15277777777777,0.0,0.0
111184614,56384917,1645.4845077758011,loss,-3175.0,EGG,5064,4476,900,900,588,588,79,70,64.10126582278481,63.94285714285714,576.1985533453887,11.801446654611237
111184614,56384917,1645.4845077758011,loss,-3175.0,MILK,9085,8550,3200,3200,535,535,243,216,37.38683127572016,39.583333333333336,1039.0972222222222,-504.0972222222233
111184614,56384917,1645.4845077758011,loss,-3175.0,WOOL,5435,5591,3000,3000,-156,-156,161,120,33.75776397515528,46.59166666666667,1647.16332815735,-1803.1633281573504
111184614,56384917,1645.4845077758011,loss,-3175.0,FERTILIZER,14798,15060,1863,2851,-262,726,345,352,42.892753623188405,42.78409090909091,-299.8689558629776,37.868955862978154
111184614,56384917,1645.4845077758011,loss,-3175.0,HIRE,0,0,3630,4596,0,966,0,0,,,,
111184614,56384917,1645.4845077758011,loss,-3175.0,BUY_LAND,0,0,3000,3000,0,0,0,0,,,,
111183504,56384917,1596.7046920280811,loss,-215.0,WHEAT,10836,10586,5782,5559,250,27,294,287,36.857142857142854,36.88501742160279,258.0975609756098,-8.097560975611238
111183504,56384917,1596.7046920280811,loss,-215.0,CARROT,7708,7619,620,620,89,89,84,84,91.76190476190476,90.70238095238095,0.0,89.00000000000006
111183504,56384917,1596.7046920280811,loss,-215.0,TOMATO,0,0,0,0,0,0,0,0,,,,
111183504,56384917,1596.7046920280811,loss,-215.0,STRAWBERRY,36823,36139,3300,3300,684,684,247,247,149.08097165991902,146.31174089068827,0.0,683.9999999999941
111183504,56384917,1596.7046920280811,loss,-215.0,MELON,14267,14267,960,960,0,0,72,72,198.15277777777777,198.15277777777777,0.0,0.0
111183504,56384917,1596.7046920280811,loss,-215.0,EGG,0,0,0,0,0,0,0,0,,,,
111183504,56384917,1596.7046920280811,loss,-215.0,MILK,4757,4627,2400,2400,130,130,191,191,24.905759162303664,24.225130890052355,0.0,129.99999999999986
111183504,56384917,1596.7046920280811,loss,-215.0,WOOL,26852,28039,5000,5000,-1187,-1187,251,251,106.9800796812749,111.70916334661355,0.0,-1187.000000000001
111183504,56384917,1596.7046920280811,loss,-215.0,FERTILIZER,13743,13714,1122,1135,29,42,335,333,41.02388059701492,41.18318318318318,82.2070637801981,-53.20706378019854
111183504,56384917,1596.7046920280811,loss,-215.0,HIRE,0,0,4973,4973,0,0,0,0,,,,
111183504,56384917,1596.7046920280811,loss,-215.0,BUY_LAND,0,0,3000,3000,0,0,0,0,,,,
111182387,56384917,1582.933012271418,win,4264.0,WHEAT,16228,17710,7336,11476,-1482,2658,366,448,44.33879781420765,39.53125,-3438.6719603825136,1956.6719603825143
111182387,56384917,1582.933012271418,win,4264.0,CARROT,2576,2291,620,620,285,285,94,83,27.404255319148938,27.602409638554217,302.53665726736733,-17.536657267367254
111182387,56384917,1582.933012271418,win,4264.0,TOMATO,0,0,0,0,0,0,0,0,,,,
111182387,56384917,1582.933012271418,win,4264.0,STRAWBERRY,13273,12225,3300,3300,1048,1048,249,249,53.30522088353413,49.096385542168676,0.0,1047.9999999999989
111182387,56384917,1582.933012271418,win,4264.0,MELON,14267,14267,960,960,0,0,72,72,198.15277777777777,198.15277777777777,0.0,0.0
111182387,56384917,1582.933012271418,win,4264.0,EGG,4855,4670,900,900,185,185,77,74,63.05194805194805,63.108108108108105,189.24008424008423,-4.240084240083988
111182387,56384917,1582.933012271418,win,4264.0,MILK,17016,16098,3200,3200,918,918,227,245,74.96035242290749,65.70612244897958,-1265.998273846984,2183.9982738469857
111182387,56384917,1582.933012271418,win,4264.0,WOOL,5396,5661,3000,3000,-265,-265,159,161,33.937106918238996,35.161490683229815,-69.09859760146881,-195.901402398531
111182387,56384917,1582.933012271418,win,4264.0,FERTILIZER,14349,14486,1869,1797,-137,-209,352,350,40.76420454545455,41.38857142857143,82.15277597402599,-219.15277597402653
111182387,56384917,1582.933012271418,win,4264.0,HIRE,0,0,3986,3630,0,-356,0,0,,,,
111182387,56384917,1582.933012271418,win,4264.0,BUY_LAND,0,0,3000,3000,0,0,0,0,,,,
111181280,56384917,1693.90941017669,loss,-9385.0,WHEAT,150000,14813,136107,7657,135187,6737,3337,356,44.950554390170815,41.609550561797754,129017.83643090916,6169.163569090858
111181280,56384917,1693.90941017669,loss,-9385.0,CARROT,196,3412,40,620,-3216,-2636,5,84,39.2,40.61904761904762,-3152.8523809523813,-63.14761904761898
111181280,56384917,1693.90941017669,loss,-9385.0,TOMATO,0,18799,0,500,-18799,-18299,0,80,,234.9875,,
111181280,56384917,1693.90941017669,loss,-9385.0,STRAWBERRY,18108,18176,3300,3300,-68,-68,246,249,73.60975609756098,72.99598393574297,-219.90861004995594,151.90861004995628
111181280,56384917,1693.90941017669,loss,-9385.0,MELON,14267,14267,960,960,0,0,72,72,198.15277777777777,198.15277777777777,0.0,0.0
111181280,56384917,1693.90941017669,loss,-9385.0,EGG,4571,4251,900,900,320,320,84,78,54.416666666666664,54.5,326.75,-6.750000000000192
111181280,56384917,1693.90941017669,loss,-9385.0,MILK,20792,21215,3600,3600,-423,-423,266,266,78.16541353383458,79.75563909774436,0.0,-423.0000000000023
111181280,56384917,1693.90941017669,loss,-9385.0,WOOL,23197,24110,2500,2500,-913,-913,135,139,171.82962962962964,173.45323741007195,-690.5657340794032,-222.4342659205969
111181280,56384917,1693.90941017669,loss,-9385.0,FERTILIZER,14864,15272,2574,2473,-408,-509,326,347,45.59509202453988,44.01152737752162,-940.8695037216457,532.8695037216457
111181280,56384917,1693.90941017669,loss,-9385.0,HIRE,0,0,4363,6769,0,2406,0,0,,,,
111181280,56384917,1693.90941017669,loss,-9385.0,BUY_LAND,0,0,3000,7000,0,4000,0,0,,,,
111180189,56384917,1647.149301724182,loss,-4820.0,WHEAT,12523,16382,5822,11952,-3859,2271,332,471,37.71987951807229,34.78131634819533,-5038.8331127056,1179.8331127055983
111180189,56384917,1647.149301724182,loss,-4820.0,CARROT,8471,7479,620,620,992,992,95,83,89.16842105263157,90.10843373493977,1075.661128725428,-83.66112872542921
111180189,56384917,1647.149301724182,loss,-4820.0,TOMATO,0,0,0,0,0,0,0,0,,,,
111180189,56384917,1647.149301724182,loss,-4820.0,STRAWBERRY,9527,11556,3300,3300,-2029,-2029,247,249,38.57085020242915,46.40963855421687,-84.98048875664603,-1944.0195112433546
111180189,56384917,1647.149301724182,loss,-4820.0,MELON,14267,14267,960,960,0,0,72,72,198.15277777777777,198.15277777777777,0.0,0.0
111180189,56384917,1647.149301724182,loss,-4820.0,EGG,0,1149,0,300,-1149,-849,0,22,,52.22727272727273,,
111180189,56384917,1647.149301724182,loss,-4820.0,MILK,10597,9313,2400,1600,1284,484,191,138,55.481675392670155,67.48550724637681,3258.630339934745,-1974.630339934745
111180189,56384917,1647.149301724182,loss,-4820.0,WOOL,33025,37062,5000,6000,-4037,-3037,245,275,134.79591836734693,134.7709090909091,-4043.502411873841,6.502411873835285
111180189,56384917,1647.149301724182,loss,-4820.0,FERTILIZER,13371,14825,1215,1829,-1454,-840,332,345,40.274096385542165,42.971014492753625,-541.0932207089227,-912.906779291079
111180189,56384917,1647.149301724182,loss,-4820.0,HIRE,0,0,5439,3627,0,-1812,0,0,,,,
111180189,56384917,1647.149301724182,loss,-4820.0,BUY_LAND,0,0,3000,3000,0,0,0,0,,,,
111179061,56384917,1632.4358723323862,win,1224.0,WHEAT,11790,13480,7132,7478,-1690,-1344,309,355,38.15533980582524,37.971830985915496,-1750.924928210037,60.924928210036
111179061,56384917,1632.4358723323862,win,1224.0,CARROT,3436,3715,620,620,-279,-279,84,90,40.904761904761905,41.27777777777778,-246.54761904761904,-32.45238095238099
111179061,56384917,1632.4358723323862,win,1224.0,TOMATO,0,0,0,0,0,0,0,0,,,,
111179061,56384917,1632.4358723323862,win,1224.0,STRAWBERRY,4685,4990,3300,3300,-305,-305,247,249,18.967611336032387,20.04016064257028,-39.00777197860267,-265.99222802139775
111179061,56384917,1632.4358723323862,win,1224.0,MELON,13943,14341,960,960,-398,-398,69,72,202.07246376811594,199.18055555555554,-601.8795289855072,203.87952898550785
111179061,56384917,1632.4358723323862,win,1224.0,EGG,3794,4049,900,900,-255,-255,73,78,51.97260273972603,51.91025641025641,-259.7071478749561,4.707147874956263
111179061,56384917,1632.4358723323862,win,1224.0,MILK,19612,24746,2400,3200,-5134,-4334,191,243,102.68062827225131,101.83539094650206,-5317.416499687588,183.4164996875878
111179061,56384917,1632.4358723323862,win,1224.0,WOOL,47165,38359,4000,3000,8806,7806,198,161,238.2070707070707,238.25465838509317,8814.541988205032,-8.541988205032766
111179061,56384917,1632.4358723323862,win,1224.0,FERTILIZER,14364,14496,1787,1896,-132,-23,346,349,41.51445086705202,41.53581661891118,-124.57540122894478,-7.424598771057216
111179061,56384917,1632.4358723323862,win,1224.0,HIRE,0,0,3630,3986,0,356,0,0,,,,
111179061,56384917,1632.4358723323862,win,1224.0,BUY_LAND,0,0,3000,3000,0,0,0,0,,,,
111178246,56384917,1449.404912258083,win,4029.0,WHEAT,12670,12604,7304,7081,66,-157,307,304,41.270358306188925,41.46052631578947,124.09632693296759,-58.09632693296736
111178246,56384917,1449.404912258083,win,4029.0,CARROT,4593,4494,620,620,99,99,84,83,54.67857142857143,54.144578313253014,54.41157487091222,44.588425129087796
111178246,56384917,1449.404912258083,win,4029.0,TOMATO,0,0,0,0,0,0,0,0,,,,
111178246,56384917,1449.404912258083,win,4029.0,STRAWBERRY,54571,54286,3300,3300,285,285,249,249,219.1606425702811,218.01606425702812,0.0,284.9999999999951
111178246,56384917,1449.404912258083,win,4029.0,MELON,14267,14267,960,960,0,0,72,72,198.15277777777777,198.15277777777777,0.0,0.0
111178246,56384917,1449.404912258083,win,4029.0,EGG,3447,3281,900,900,166,166,78,74,44.19230769230769,44.33783783783784,177.06029106029106,-11.060291060291036
111178246,56384917,1449.404912258083,win,4029.0,MILK,33379,31264,3200,3200,2115,2115,245,245,136.24081632653062,127.60816326530612,0.0,2115.000000000003
111178246,56384917,1449.404912258083,win,4029.0,WOOL,31824,30590,3000,3000,1234,1234,161,161,197.66459627329192,190.0,0.0,1233.999999999999
111178246,56384917,1449.404912258083,win,4029.0,FERTILIZER,14539,14266,1802,1816,273,287,347,345,41.89913544668588,41.35072463768116,83.24986008436704,189.75013991563364
111178246,56384917,1449.404912258083,win,4029.0,HIRE,0,0,3630,3630,0,0,0,0,,,,
111178246,56384917,1449.404912258083,win,4029.0,BUY_LAND,0,0,3000,3000,0,0,0,0,,,,
111177947,56384917,1591.8662876425594,win,6303.0,WHEAT,13383,15571,6632,11354,-2188,2534,359,448,37.278551532033426,34.75669642857143,-3205.5685342469164,1017.568534246915
111177947,56384917,1591.8662876425594,win,6303.0,CARROT,8406,4839,1080,620,3567,3107,146,84,57.57534246575342,57.607142857142854,3570.6570450097843,-3.657045009784632
111177947,56384917,1591.8662876425594,win,6303.0,TOMATO,0,0,0,0,0,0,0,0,,,,
111177947,56384917,1591.8662876425594,win,6303.0,STRAWBERRY,15446,14652,3300,3300,794,794,249,249,62.032128514056225,58.8433734939759,0.0,794.0000000000001
111177947,56384917,1591.8662876425594,win,6303.0,MELON,14267,14267,960,960,0,0,72,72,198.15277777777777,198.15277777777777,0.0,0.0
111177947,56384917,1591.8662876425594,win,6303.0,EGG,3940,4305,900,900,-365,-365,81,89,48.641975308641975,48.37078651685393,-388.05104730198366,23.05104730198355
111177947,56384917,1591.8662876425594,win,6303.0,MILK,43897,40783,3600,3200,3114,2714,266,245,165.02631578947367,166.4612244897959,3480.6191729323305,-366.61917293233216
111177947,56384917,1591.8662876425594,win,6303.0,WOOL,6810,8020,2500,3000,-1210,-710,87,161,78.27586206896552,49.81366459627329,-4739.312486613836,3529.312486613837
111177947,56384917,1591.8662876425594,win,6303.0,FERTILIZER,14463,14903,2367,1858,-440,-949,342,353,42.28947368421053,42.21813031161473,-464.7918219770389,24.791821977039934
111177947,56384917,1591.8662876425594,win,6303.0,HIRE,0,0,4452,3630,0,-822,0,0,,,,
111177947,56384917,1591.8662876425594,win,6303.0,BUY_LAND,0,0,3000,3000,0,0,0,0,,,,
111176827,56384917,1584.8963005097726,loss,-12305.0,WHEAT,11883,14329,7263,6215,-2446,-3494,314,367,37.84394904458599,39.043596730245234,-2037.5199630330274,-408.4800369669725
111176827,56384917,1584.8963005097726,loss,-12305.0,CARROT,5995,13151,620,1280,-7156,-6496,84,184,71.36904761904762,71.47282608695652,-7142.093685300208,-13.906314699792034
111176827,56384917,1584.8963005097726,loss,-12305.0,TOMATO,0,0,0,0,0,0,0,0,,,,
111176827,56384917,1584.8963005097726,loss,-12305.0,STRAWBERRY,27256,28061,3300,3300,-805,-805,249,249,109.46184738955823,112.69477911646587,0.0,-805.0000000000016
111176827,56384917,1584.8963005097726,loss,-12305.0,MELON,14267,14267,960,960,0,0,72,72,198.15277777777777,198.15277777777777,0.0,0.0
111176827,56384917,1584.8963005097726,loss,-12305.0,EGG,4132,7852,900,1500,-3720,-3120,81,154,51.01234567901235,50.98701298701299,-3722.9765913099245,2.9765913099247676
111176827,56384917,1584.8963005097726,loss,-12305.0,MILK,5551,5332,3200,2400,219,-581,245,144,22.65714285714286,37.02777777777778,3014.088492063492,-2795.088492063492
111176827,56384917,1584.8963005097726,loss,-12305.0,WOOL,5529,5478,3000,3000,51,51,161,99,34.3416149068323,55.333333333333336,2779.9233954451347,-2728.9233954451347
111176827,56384917,1584.8963005097726,loss,-12305.0,FERTILIZER,15065,14482,1892,2538,583,1229,347,337,43.414985590778095,42.97329376854599,431.94139679662044,151.05860320337874
111176827,56384917,1584.8963005097726,loss,-12305.0,HIRE,0,0,3630,4541,0,911,0,0,,,,
111176827,56384917,1584.8963005097726,loss,-12305.0,BUY_LAND,0,0,3000,3000,0,0,0,0,,,,
111175700,56384917,1591.522000828363,win,7676.0,WHEAT,11711,11259,7446,7223,452,229,367,355,31.91008174386921,31.71549295774648,381.75344820969417,70.2465517903052
111175700,56384917,1591.522000828363,win,7676.0,CARROT,8851,6327,920,620,2524,2224,129,90,68.6124031007752,70.3,2708.791860465116,-184.79186046511566
111175700,56384917,1591.522000828363,win,7676.0,TOMATO,0,0,0,0,0,0,0,0,,,,
111175700,56384917,1591.522000828363,win,7676.0,STRAWBERRY,4658,4992,3300,3300,-334,-334,245,249,19.012244897959185,20.048192771084338,-78.12087533808705,-255.87912466191273
111175700,56384917,1591.522000828363,win,7676.0,MELON,14267,14267,960,960,0,0,72,72,198.15277777777777,198.15277777777777,0.0,0.0
111175700,56384917,1591.522000828363,win,7676.0,EGG,0,4025,0,900,-4025,-3125,0,78,,51.6025641025641,,
111175700,56384917,1591.522000828363,win,7676.0,MILK,6958,7786,2400,3200,-828,-28,172,243,40.45348837209303,32.041152263374485,-2573.5597425590963,1745.5597425590975
111175700,56384917,1591.522000828363,win,7676.0,WOOL,49097,35999,5000,3000,13098,11098,221,161,222.15837104072398,223.59627329192546,13372.639329979484,-274.6393299794824
111175700,56384917,1591.522000828363,win,7676.0,FERTILIZER,13358,14944,1173,2023,-1586,-736,315,349,42.406349206349205,42.81948424068768,-1448.8391685996269,-137.16083140037333
111175700,56384917,1591.522000828363,win,7676.0,HIRE,0,0,5638,3986,0,-1652,0,0,,,,
111175700,56384917,1591.522000828363,win,7676.0,BUY_LAND,0,0,3000,3000,0,0,0,0,,,,
111174605,56384917,1570.6342191201388,win,4248.0,WHEAT,11159,11442,6984,6782,-283,-485,309,315,36.11326860841424,36.32380952380952,-217.3112343966713,-65.68876560332887
111174605,56384917,1570.6342191201388,win,4248.0,CARROT,5764,5741,620,620,23,23,84,84,68.61904761904762,68.3452380952381,0.0,22.999999999999545
111174605,56384917,1570.6342191201388,win,4248.0,TOMATO,0,0,0,0,0,0,0,0,,,,
111174605,56384917,1570.6342191201388,win,4248.0,STRAWBERRY,3851,4143,3400,3400,-292,-292,243,247,15.847736625514404,16.77327935222672,-65.24203195548225,-226.75796804451724
111174605,56384917,1570.6342191201388,win,4248.0,MELON,14267,14267,960,960,0,0,72,72,198.15277777777777,198.15277777777777,0.0,0.0
111174605,56384917,1570.6342191201388,win,4248.0,EGG,0,0,0,0,0,0,0,0,,,,
111174605,56384917,1570.6342191201388,win,4248.0,MILK,4421,4650,2400,2400,-229,-229,190,191,23.268421052631577,24.345549738219894,-23.806985395425734,-205.19301460457436
111174605,56384917,1570.6342191201388,win,4248.0,WOOL,60654,55416,5500,5000,5238,4738,272,250,222.99264705882354,221.664,4891.223117647059,346.77688235294625
111174605,56384917,1570.6342191201388,win,4248.0,FERTILIZER,14472,13992,1615,1628,480,493,356,340,40.651685393258425,41.15294117647059,654.4370125578321,-174.4370125578337
111174605,56384917,1570.6342191201388,win,4248.0,HIRE,0,0,5028,5028,0,0,0,0,,,,
111174605,56384917,1570.6342191201388,win,4248.0,BUY_LAND,0,0,3000,3000,0,0,0,0,,,,
111173507,56384917,1570.663546895296,win,895.0,WHEAT,14040,12852,7304,7081,1188,965,332,304,42.28915662650602,42.276315789473685,1183.916613823716,4.08338617628273
111173507,56384917,1570.663546895296,win,895.0,CARROT,2881,2933,620,620,-52,-52,84,84,34.29761904761905,34.916666666666664,0.0,-51.99999999999952
111173507,56384917,1570.663546895296,win,895.0,TOMATO,0,0,0,0,0,0,0,0,,,,
111173507,56384917,1570.663546895296,win,895.0,STRAWBERRY,44453,44002,3300,3300,451,451,244,249,182.1844262295082,176.71485943775102,-897.248214168148,1348.248214168147
111173507,56384917,1570.663546895296,win,895.0,MELON,14267,14267,960,960,0,0,72,72,198.15277777777777,198.15277777777777,0.0,0.0
111173507,56384917,1570.663546895296,win,895.0,EGG,3570,3869,900,900,-299,-299,72,78,49.583333333333336,49.6025641025641,-297.55769230769226,-1.4423076923074873
111173507,56384917,1570.663546895296,win,895.0,MILK,63951,63763,3600,3600,188,188,266,266,240.41729323308272,239.71052631578948,0.0,188.00000000000102
111173507,56384917,1570.663546895296,win,895.0,WOOL,5524,5494,2500,2500,30,30,116,139,47.62068965517241,39.52517985611511,-1002.1774993798065,1032.1774993798062
111173507,56384917,1570.663546895296,win,895.0,FERTILIZER,14439,14554,1994,1810,-115,-299,346,350,41.73121387283237,41.582857142857144,-166.628142031379,51.62814203137887
111173507,56384917,1570.663546895296,win,895.0,HIRE,0,0,3719,3630,0,-89,0,0,,,,
111173507,56384917,1570.663546895296,win,895.0,BUY_LAND,0,0,3000,3000,0,0,0,0,,,,
111172393,56384917,1681.218084526815,loss,-4650.0,WHEAT,9623,10161,7032,6808,-538,-762,315,331,30.54920634920635,30.69788519637462,-489.9767323646478,-48.02326763535123
111172393,56384917,1681.218084526815,loss,-4650.0,CARROT,5940,4640,620,480,1300,1160,84,66,70.71428571428571,70.3030303030303,1269.155844155844,30.844155844155807
111172393,56384917,1681.218084526815,loss,-4650.0,TOMATO,0,0,0,0,0,0,0,0,,,,
111172393,56384917,1681.218084526815,loss,-4650.0,STRAWBERRY,9946,10751,3400,4300,-805,95,243,228,40.93004115226338,47.15350877192982,660.6266244314489,-1465.6266244314475
111172393,56384917,1681.218084526815,loss,-4650.0,MELON,14267,14267,960,1040,0,80,72,72,198.15277777777777,198.15277777777777,0.0,0.0
111172393,56384917,1681.218084526815,loss,-4650.0,EGG,0,0,0,0,0,0,0,0,,,,
111172393,56384917,1681.218084526815,loss,-4650.0,MILK,10537,7584,2400,1600,2953,2153,182,114,57.895604395604394,66.52631578947368,4230.345286292655,-1277.3452862926551
111172393,56384917,1681.218084526815,loss,-4650.0,WOOL,65364,73148,5500,6000,-7784,-7284,271,303,241.19557195571954,241.41254125412541,-7721.72981135752,-62.27018864248507
111172393,56384917,1681.218084526815,loss,-4650.0,FERTILIZER,14233,13559,1617,974,674,31,356,318,39.98033707865169,42.638364779874216,1569.755335311992,-895.7553353119924
111172393,56384917,1681.218084526815,loss,-4650.0,HIRE,0,0,5028,4905,0,-123,0,0,,,,
111172393,56384917,1681.218084526815,loss,-4650.0,BUY_LAND,0,0,3000,3000,0,0,0,0,,,,
111171254,56384917,1514.8917748397494,loss,-9120.0,WHEAT,12291,168014,7222,157858,-155723,-5087,314,4271,39.14331210191083,39.33832826036057,-155275.925456754,-447.0745432460276
111171254,56384917,1514.8917748397494,loss,-9120.0,CARROT,6012,15828,620,1420,-9816,-9016,84,235,71.57142857142857,67.3531914893617,-10488.808814589667,672.8088145896647
111171254,56384917,1514.8917748397494,loss,-9120.0,TOMATO,0,0,0,0,0,0,0,0,,,,
111171254,56384917,1514.8917748397494,loss,-9120.0,STRAWBERRY,30028,16634,3300,2400,13394,12494,249,174,120.59437751004016,95.59770114942529,8107.202949729954,5286.7970502700455
111171254,56384917,1514.8917748397494,loss,-9120.0,MELON,15434,13728,960,1040,1706,1786,72,78,214.36111111111111,176.0,-1171.0833333333333,2877.0833333333335
111171254,56384917,1514.8917748397494,loss,-9120.0,EGG,5760,19086,1500,3300,-13326,-11526,140,454,41.142857142857146,42.03964757709251,-13059.653241032098,-266.34675896790293
111171254,56384917,1514.8917748397494,loss,-9120.0,MILK,4582,3999,2400,2400,583,583,191,149,23.98952879581152,26.838926174496645,1067.3975543764714,-484.39755437647136
111171254,56384917,1514.8917748397494,loss,-9120.0,WOOL,6655,4508,3000,4000,2147,3147,160,156,41.59375,28.897435897435898,140.9823717948718,2006.0176282051282
111171254,56384917,1514.8917748397494,loss,-9120.0,FERTILIZER,12759,28606,1570,14662,-15847,-2755,346,701,36.8757225433526,40.8074179743224,-13788.757441887312,-2058.242558112688
111171254,56384917,1514.8917748397494,loss,-9120.0,HIRE,0,0,3630,4884,0,1254,0,0,,,,
111171254,56384917,1514.8917748397494,loss,-9120.0,BUY_LAND,0,0,3000,3000,0,0,0,0,,,,
111170142,56384917,1642.7201105073204,loss,-4653.0,WHEAT,15317,59741,7327,47805,-44424,-3946,366,1321,41.849726775956285,45.224072672218014,-41577.73923650323,-2846.260763496769
111170142,56384917,1642.7201105073204,loss,-4653.0,CARROT,4082,4000,620,620,82,82,94,92,43.42553191489362,43.47826086956522,86.90379278445883,-4.903792784458851
111170142,56384917,1642.7201105073204,loss,-4653.0,TOMATO,0,0,0,0,0,0,0,0,,,,
111170142,56384917,1642.7201105073204,loss,-4653.0,STRAWBERRY,13487,13530,3300,3300,-43,-43,249,251,54.16465863453815,53.90438247011952,-108.06904110465767,65.06904110465683
111170142,56384917,1642.7201105073204,loss,-4653.0,MELON,14267,14267,960,960,0,0,72,72,198.15277777777777,198.15277777777777,0.0,0.0
111170142,56384917,1642.7201105073204,loss,-4653.0,EGG,4430,4818,900,900,-388,-388,76,83,58.28947368421053,58.04819277108434,-407.181832593532,19.181832593532064
111170142,56384917,1642.7201105073204,loss,-4653.0,MILK,22279,24303,3200,3200,-2024,-2024,227,242,98.1453744493392,100.42561983471074,-1489.2824571303747,-534.717542869627
111170142,56384917,1642.7201105073204,loss,-4653.0,WOOL,5473,5526,3000,3000,-53,-53,159,99,34.42138364779874,55.81818181818182,2707.1869639794168,-2760.186963979417
111170142,56384917,1642.7201105073204,loss,-4653.0,FERTILIZER,15370,15030,2234,3058,340,1164,352,334,43.66477272727273,45.0,797.9829545454545,-457.9829545454548
111170142,56384917,1642.7201105073204,loss,-4653.0,HIRE,0,0,3986,4541,0,555,0,0,,,,
111170142,56384917,1642.7201105073204,loss,-4653.0,BUY_LAND,0,0,3000,3000,0,0,0,0,,,,
111169014,56384917,1617.30125160813,win,2158.0,WHEAT,12672,16565,7304,10497,-3893,-700,310,435,40.87741935483871,38.08045977011494,-4934.867445309603,1041.8674453096028
111169014,56384917,1617.30125160813,win,2158.0,CARROT,3793,3885,620,620,-92,-92,84,86,45.154761904761905,45.174418604651166,-90.32918050941308,-1.6708194905871565
111169014,56384917,1617.30125160813,win,2158.0,TOMATO,12214,0,500,0,12214,11714,80,0,152.675,,,
111169014,56384917,1617.30125160813,win,2158.0,STRAWBERRY,41195,41675,3300,3300,-480,-480,249,249,165.4417670682731,167.36947791164658,0.0,-479.99999999999886
111169014,56384917,1617.30125160813,win,2158.0,MELON,14267,14267,960,960,0,0,72,72,198.15277777777777,198.15277777777777,0.0,0.0
111169014,56384917,1617.30125160813,win,2158.0,EGG,4132,4121,900,900,11,11,78,78,52.97435897435897,52.833333333333336,0.0,10.999999999999545
111169014,56384917,1617.30125160813,win,2158.0,MILK,21175,21810,3200,3200,-635,-635,245,245,86.42857142857143,89.0204081632653,0.0,-634.9999999999984
111169014,56384917,1617.30125160813,win,2158.0,WOOL,17551,17533,3000,3000,18,18,161,161,109.01242236024845,108.90062111801242,0.0,18.000000000000284
111169014,56384917,1617.30125160813,win,2158.0,FERTILIZER,14414,14556,1915,1895,-142,-162,344,355,41.901162790697676,41.00281690140845,-455.97188830658376,313.97188830658393
111169014,56384917,1617.30125160813,win,2158.0,HIRE,0,0,7324,3808,0,-3516,0,0,,,,
111169014,56384917,1617.30125160813,win,2158.0,BUY_LAND,0,0,7000,3000,0,-4000,0,0,,,,
111167907,56384917,1612.9574967511471,loss,-1978.0,WHEAT,12746,16478,7303,10498,-3732,-537,313,435,40.722044728434504,37.88045977011494,-4794.752774411517,1062.7527744115173
111167907,56384917,1612.9574967511471,loss,-1978.0,CARROT,4121,4286,620,620,-165,-165,83,86,49.65060240963855,49.83720930232558,-149.2317175679462,-15.76828243205414
111167907,56384917,1612.9574967511471,loss,-1978.0,TOMATO,0,0,0,0,0,0,0,0,,,,
111167907,56384917,1612.9574967511471,loss,-1978.0,STRAWBERRY,59028,59160,3300,3300,-132,-132,249,249,237.06024096385542,237.59036144578315,0.0,-132.0000000000034
111167907,56384917,1612.9574967511471,loss,-1978.0,MELON,14267,14267,960,960,0,0,72,72,198.15277777777777,198.15277777777777,0.0,0.0
111167907,56384917,1612.9574967511471,loss,-1978.0,EGG,4549,4426,900,900,123,123,80,78,56.8625,56.743589743589745,113.60608974358973,9.39391025640996
111167907,56384917,1612.9574967511471,loss,-1978.0,MILK,7175,7957,3200,3200,-782,-782,245,245,29.285714285714285,32.477551020408164,0.0,-782.0000000000005
111167907,56384917,1612.9574967511471,loss,-1978.0,WOOL,8515,9006,3000,3000,-491,-491,161,161,52.88819875776397,55.93788819875776,0.0,-490.9999999999999
111167907,56384917,1612.9574967511471,loss,-1978.0,FERTILIZER,14310,14542,1803,1863,-232,-172,351,355,40.76923076923077,40.96338028169014,-163.46522210184182,-68.53477789815963
111167907,56384917,1612.9574967511471,loss,-1978.0,HIRE,0,0,3630,3808,0,178,0,0,,,,
111167907,56384917,1612.9574967511471,loss,-1978.0,BUY_LAND,0,0,3000,3000,0,0,0,0,,,,
111166796,56384917,1540.70384164773,loss,-3122.0,WHEAT,11701,18671,6692,6576,-6970,-7086,295,460,39.664406779661014,40.58913043478261,-6620.916820191599,-349.0831798084026
111166796,56384917,1540.70384164773,loss,-3122.0,CARROT,5009,5904,620,620,-895,-895,84,99,59.63095238095238,59.63636363636363,-894.50487012987,-0.49512987012969845
111166796,56384917,1540.70384164773,loss,-3122.0,TOMATO,0,0,0,0,0,0,0,0,,,,
111166796,56384917,1540.70384164773,loss,-3122.0,STRAWBERRY,38750,38012,3300,3300,738,738,245,239,158.16326530612244,159.0460251046025,951.6278712321749,-213.627871232176
111166796,56384917,1540.70384164773,loss,-3122.0,MELON,14267,14267,960,960,0,0,72,72,198.15277777777777,198.15277777777777,0.0,0.0
111166796,56384917,1540.70384164773,loss,-3122.0,EGG,3831,4071,900,900,-240,-240,74,78,51.770270270270274,52.19230769230769,-207.92515592515593,-32.074844074843895
111166796,56384917,1540.70384164773,loss,-3122.0,MILK,10686,9082,3200,3200,1604,1604,243,158,43.97530864197531,57.48101265822785,4311.893655258634,-2707.8936552586338
111166796,56384917,1540.70384164773,loss,-3122.0,WOOL,22358,22921,3000,3000,-563,-563,161,161,138.8695652173913,142.3664596273292,0.0,-562.9999999999987
111166796,56384917,1540.70384164773,loss,-3122.0,FERTILIZER,15765,14392,2003,3039,1373,2409,353,322,44.6600566572238,44.69565217391305,1385.013486882621,-12.013486882621383
111166796,56384917,1540.70384164773,loss,-3122.0,HIRE,0,0,3630,4541,0,911,0,0,,,,
111166796,56384917,1540.70384164773,loss,-3122.0,BUY_LAND,0,0,3000,3000,0,0,0,0,,,,
111165700,56384917,1604.436946651501,win,4458.0,WHEAT,9704,10072,6873,6749,-368,-492,305,315,31.81639344262295,31.974603174603175,-318.95498308613065,-49.045016913869794
111165700,56384917,1604.436946651501,win,4458.0,CARROT,8238,8192,620,620,46,46,84,84,98.07142857142857,97.52380952380952,0.0,46.000000000000284
111165700,56384917,1604.436946651501,win,4458.0,TOMATO,0,0,0,0,0,0,0,0,,,,
111165700,56384917,1604.436946651501,win,4458.0,STRAWBERRY,15468,16613,3400,3400,-1145,-1145,243,247,63.65432098765432,67.25910931174089,-261.8268605987904,-883.1731394012079
111165700,56384917,1604.436946651501,win,4458.0,MELON,14267,14267,960,960,0,0,72,72,198.15277777777777,198.15277777777777,0.0,0.0
111165700,56384917,1604.436946651501,win,4458.0,EGG,0,0,0,0,0,0,0,0,,,,
111165700,56384917,1604.436946651501,win,4458.0,MILK,8516,8135,2400,2400,381,381,191,191,44.58638743455497,42.59162303664922,0.0,380.9999999999991
111165700,56384917,1604.436946651501,win,4458.0,WOOL,38376,32693,5500,5000,5683,5183,271,250,141.60885608856088,130.772,2859.9989889298895,2823.001011070113
111165700,56384917,1604.436946651501,win,4458.0,FERTILIZER,14470,14001,1619,1635,469,485,354,340,40.87570621468927,41.17941176470588,574.385825855766,-105.3858258557658
111165700,56384917,1604.436946651501,win,4458.0,HIRE,0,0,5028,5028,0,0,0,0,,,,
111165700,56384917,1604.436946651501,win,4458.0,BUY_LAND,0,0,3000,3000,0,0,0,0,,,,
111164613,56384917,1574.6179613350655,win,2212.0,WHEAT,14928,12942,7195,7633,1986,2424,362,321,41.23756906077348,40.3177570093458,1671.8841844374451,314.115815562554
111164613,56384917,1574.6179613350655,win,2212.0,CARROT,7861,4518,1080,620,3343,2883,146,84,53.842465753424655,53.785714285714285,3336.473581213307,6.526418786692574
111164613,56384917,1574.6179613350655,win,2212.0,TOMATO,0,0,0,0,0,0,0,0,,,,
111164613,56384917,1574.6179613350655,win,2212.0,STRAWBERRY,33007,32189,3300,3300,818,818,249,249,132.5582329317269,129.27309236947792,0.0,817.9999999999969
111164613,56384917,1574.6179613350655,win,2212.0,MELON,14267,14267,960,960,0,0,72,72,198.15277777777777,198.15277777777777,0.0,0.0
111164613,56384917,1574.6179613350655,win,2212.0,EGG,4151,4759,900,900,-608,-608,78,89,53.217948717948715,53.47191011235955,-586.7942235666955,-21.20577643330487
111164613,56384917,1574.6179613350655,win,2212.0,MILK,17223,17498,3600,3200,-275,-675,266,245,64.74812030075188,71.42040816326531,1429.7695488721804,-1704.769548872181
111164613,56384917,1574.6179613350655,win,2212.0,WOOL,6192,7952,2500,3000,-1760,-1260,91,161,68.04395604395604,49.391304347826086,-4110.234113712374,2350.234113712375
111164613,56384917,1574.6179613350655,win,2212.0,FERTILIZER,14550,14675,2264,1841,-125,-548,343,345,42.4198250728863,42.53623188405797,-84.95605695694427,-40.04394304305504
111164613,56384917,1574.6179613350655,win,2212.0,HIRE,0,0,4452,3630,0,-822,0,0,,,,
111164613,56384917,1574.6179613350655,win,2212.0,BUY_LAND,0,0,3000,3000,0,0,0,0,,,,
111163490,56384917,1738.3005418875111,loss,-3976.0,WHEAT,12207,18224,7127,6952,-6017,-6192,327,482,37.330275229357795,37.809128630705395,-5823.303799154898,-193.69620084510402
111163490,56384917,1738.3005418875111,loss,-3976.0,CARROT,9864,9343,620,620,521,521,111,105,88.86486486486487,88.98095238095237,533.5374517374518,-12.537451737450397
111163490,56384917,1738.3005418875111,loss,-3976.0,TOMATO,0,0,0,0,0,0,0,0,,,,
111163490,56384917,1738.3005418875111,loss,-3976.0,STRAWBERRY,17082,17253,3300,3300,-171,-171,249,247,68.60240963855422,69.8502024291498,138.45261206770402,-309.4526120677044
111163490,56384917,1738.3005418875111,loss,-3976.0,MELON,14267,14267,960,960,0,0,72,72,198.15277777777777,198.15277777777777,0.0,0.0
111163490,56384917,1738.3005418875111,loss,-3976.0,EGG,4447,3880,900,900,567,567,78,68,57.01282051282051,57.05882352941177,570.3582202111614,-3.3582202111617647
111163490,56384917,1738.3005418875111,loss,-3976.0,MILK,7504,7418,3200,3200,86,86,239,182,31.397489539748953,40.75824175824176,2056.4383419927353,-1970.4383419927356
111163490,56384917,1738.3005418875111,loss,-3976.0,WOOL,5546,5488,3000,3000,58,58,160,101,34.6625,54.336633663366335,2625.4744430693067,-2567.4744430693067
111163490,56384917,1738.3005418875111,loss,-3976.0,FERTILIZER,14924,15162,2116,2865,-238,511,346,352,43.13294797687861,43.07386363636363,-258.6204348397267,20.620434839727444
111163490,56384917,1738.3005418875111,loss,-3976.0,HIRE,0,0,4329,4973,0,644,0,0,,,,
111163490,56384917,1738.3005418875111,loss,-3976.0,BUY_LAND,0,0,3000,3000,0,0,0,0,,,,
111162406,56384917,1585.8099354810288,win,876.0,WHEAT,12442,12190,7136,6921,252,37,311,304,40.0064308681672,40.098684210526315,280.3679027754273,-28.367902775427787
111162406,56384917,1585.8099354810288,win,876.0,CARROT,3613,3537,620,620,76,76,84,83,43.01190476190476,42.6144578313253,42.81318129661503,33.186818703384546
111162406,56384917,1585.8099354810288,win,876.0,TOMATO,6983,6957,500,500,26,26,80,80,87.2875,86.9625,0.0,25.99999999999909
111162406,56384917,1585.8099354810288,win,876.0,STRAWBERRY,40358,40129,3300,3300,229,229,249,249,162.08032128514057,161.1606425702811,0.0,229.00000000000506
111162406,56384917,1585.8099354810288,win,876.0,MELON,14267,14267,960,960,0,0,72,72,198.15277777777777,198.15277777777777,0.0,0.0
111162406,56384917,1585.8099354810288,win,876.0,EGG,4208,4264,900,900,-56,-56,77,78,54.64935064935065,54.666666666666664,-54.658008658008654,-1.3419913419909868
111162406,56384917,1585.8099354810288,win,876.0,MILK,38799,38189,3200,3200,610,610,245,245,158.36326530612246,155.8734693877551,0.0,610.0000000000006
111162406,56384917,1585.8099354810288,win,876.0,WOOL,5537,5542,3000,3000,-5,-5,161,161,34.391304347826086,34.422360248447205,0.0,-5.000000000000206
111162406,56384917,1585.8099354810288,win,876.0,FERTILIZER,14465,14529,1903,1926,-64,-41,342,344,42.2953216374269,42.23546511627907,-84.53078675370597,20.53078675370528
111162406,56384917,1585.8099354810288,win,876.0,HIRE,0,0,7324,7324,0,0,0,0,,,,
111162406,56384917,1585.8099354810288,win,876.0,BUY_LAND,0,0,7000,7000,0,0,0,0,,,,
111161231,56384917,1632.2463859574498,loss,-2261.0,WHEAT,11789,12328,7221,7618,-539,-142,317,335,37.18927444794953,36.8,-665.9034700315458,126.90347003154744
111161231,56384917,1632.2463859574498,loss,-2261.0,CARROT,11187,12075,620,620,-888,-888,84,90,133.17857142857142,134.16666666666666,-802.0357142857142,-85.96428571428595
111161231,56384917,1632.2463859574498,loss,-2261.0,TOMATO,0,0,0,0,0,0,0,0,,,,
111161231,56384917,1632.2463859574498,loss,-2261.0,STRAWBERRY,13946,13662,3300,3300,284,284,243,249,57.390946502057616,54.86746987951807,-336.77524914472707,620.7752491447287
111161231,56384917,1632.2463859574498,loss,-2261.0,MELON,14267,14267,960,960,0,0,72,72,198.15277777777777,198.15277777777777,0.0,0.0
111161231,56384917,1632.2463859574498,loss,-2261.0,EGG,4185,4028,900,900,157,157,81,78,51.666666666666664,51.64102564102564,154.96153846153845,2.038461538461249
111161231,56384917,1632.2463859574498,loss,-2261.0,MILK,12213,12338,3600,3200,-125,-525,266,242,45.91353383458647,50.98347107438016,1162.7640589075995,-1287.7640589075986
111161231,56384917,1632.2463859574498,loss,-2261.0,WOOL,9862,11958,2500,3000,-2096,-1596,115,161,85.75652173913043,74.27329192546584,-3680.6857142857143,1584.6857142857139
111161231,56384917,1632.2463859574498,loss,-2261.0,FERTILIZER,14427,14436,1793,1895,-9,93,350,350,41.22,41.245714285714286,0.0,-9.000000000000341
111161231,56384917,1632.2463859574498,loss,-2261.0,HIRE,0,0,3630,3986,0,356,0,0,,,,
111161231,56384917,1632.2463859574498,loss,-2261.0,BUY_LAND,0,0,3000,3000,0,0,0,0,,,,
111160174,56384917,1555.9102108859536,win,10802.0,WHEAT,13820,13097,7312,7099,723,510,322,304,42.91925465838509,43.08223684210526,774.0134235044131,-51.01342350441242
111160174,56384917,1555.9102108859536,win,10802.0,CARROT,3804,3796,620,620,8,8,84,84,45.285714285714285,45.19047619047619,0.0,7.999999999999972
111160174,56384917,1555.9102108859536,win,10802.0,TOMATO,17278,0,500,0,17278,16778,80,0,215.975,,,
111160174,56384917,1555.9102108859536,win,10802.0,STRAWBERRY,12109,9958,3300,3300,2151,2151,243,249,49.83127572016461,39.99196787148595,-269.4697307749517,2420.4697307749516
111160174,56384917,1555.9102108859536,win,10802.0,MELON,13565,14930,960,960,-1365,-1365,72,72,188.40277777777777,207.36111111111111,0.0,-1365.0000000000007
111160174,56384917,1555.9102108859536,win,10802.0,EGG,4100,4446,900,900,-346,-346,72,78,56.94444444444444,57.0,-341.8333333333333,-4.166666666666785
111160174,56384917,1555.9102108859536,win,10802.0,MILK,19046,17733,3200,3200,1313,1313,245,245,77.73877551020408,72.37959183673469,0.0,1313.0000000000002
111160174,56384917,1555.9102108859536,win,10802.0,WOOL,5508,5552,3000,3000,-44,-44,154,161,35.76623376623377,34.484472049689444,-245.87747035573125,201.877470355731
111160174,56384917,1555.9102108859536,win,10802.0,FERTILIZER,14626,14508,2156,1817,118,-221,346,344,42.27167630057804,42.174418604651166,84.4460949052292,33.5539050947704
111160174,56384917,1555.9102108859536,win,10802.0,HIRE,0,0,7612,3630,0,-3982,0,0,,,,
111160174,56384917,1555.9102108859536,win,10802.0,BUY_LAND,0,0,7000,3000,0,-4000,0,0,,,,
111159037,56384917,1663.0197247251904,loss,-6457.0,WHEAT,10833,12678,5762,8167,-1845,560,309,361,35.05825242718446,35.119113573407205,-1824.6115160153831,-20.38848398461841
111159037,56384917,1663.0197247251904,loss,-6457.0,CARROT,4912,4922,620,560,-10,-70,84,87,58.476190476190474,56.57471264367816,-172.57635467980296,162.57635467980276
111159037,56384917,1663.0197247251904,loss,-6457.0,TOMATO,0,0,0,0,0,0,0,0,,,,
111159037,56384917,1663.0197247251904,loss,-6457.0,STRAWBERRY,27359,27880,3300,3300,-521,-521,247,246,110.76518218623482,113.33333333333333,112.04925775978407,-633.0492577597813
111159037,56384917,1663.0197247251904,loss,-6457.0,MELON,14278,14231,960,960,47,47,72,72,198.30555555555554,197.65277777777777,0.0,46.999999999999545
111159037,56384917,1663.0197247251904,loss,-6457.0,EGG,0,0,0,0,0,0,0,0,,,,
111159037,56384917,1663.0197247251904,loss,-6457.0,MILK,36179,39896,2400,2400,-3717,-3717,173,191,209.1271676300578,208.87958115183247,-3762.0607390370124,45.06073903701258
111159037,56384917,1663.0197247251904,loss,-6457.0,WOOL,31647,35373,5000,5500,-3726,-3226,251,278,126.08366533864542,127.2410071942446,-3419.8830791940154,-306.1169208059844
111159037,56384917,1663.0197247251904,loss,-6457.0,FERTILIZER,13629,13416,1090,805,213,-72,337,330,40.44213649851632,40.654545454545456,283.8383868357162,-70.83838683571707
111159037,56384917,1663.0197247251904,loss,-6457.0,HIRE,0,0,4973,5515,0,542,0,0,,,,
111159037,56384917,1663.0197247251904,loss,-6457.0,BUY_LAND,0,0,3000,3000,0,0,0,0,,,,
111157938,56384917,1476.4360260532126,win,199.0,WHEAT,12396,15135,7317,6529,-2739,-3527,311,369,39.858520900321544,41.016260162601625,-2345.368650824772,-393.6313491752277
111157938,56384917,1476.4360260532126,win,199.0,CARROT,3907,3369,620,580,538,498,84,72,46.51190476190476,46.791666666666664,559.8214285714284,-21.821428571428598
111157938,56384917,1476.4360260532126,win,199.0,TOMATO,0,0,0,0,0,0,0,0,,,,
111157938,56384917,1476.4360260532126,win,199.0,STRAWBERRY,21960,22470,3300,3300,-510,-510,251,233,87.49003984063745,96.43776824034335,1655.3502727288273,-2165.3502727288264
111157938,56384917,1476.4360260532126,win,199.0,MELON,14425,14079,960,960,346,346,72,72,200.34722222222223,195.54166666666666,0.0,346.00000000000114
111157938,56384917,1476.4360260532126,win,199.0,EGG,4500,8867,900,1500,-4367,-3767,78,154,57.69230769230769,57.577922077922075,-4380.268731268731,13.268731268731727
111157938,56384917,1476.4360260532126,win,199.0,MILK,7863,7247,3200,2400,616,-184,245,156,32.093877551020405,46.455128205128204,3495.430756148613,-2879.430756148614
111157938,56384917,1476.4360260532126,win,199.0,WOOL,30870,26067,3000,3000,4803,4803,161,133,191.7391304347826,195.99248120300751,5428.242562929062,-625.2425629290632
111157938,56384917,1476.4360260532126,win,199.0,FERTILIZER,15326,14615,1910,2917,711,1718,349,334,43.91404011461318,43.75748502994012,657.5364385841498,53.463561415849576
111157938,56384917,1476.4360260532126,win,199.0,HIRE,0,0,3719,4541,0,822,0,0,,,,
111157938,56384917,1476.4360260532126,win,199.0,BUY_LAND,0,0,3000,3000,0,0,0,0,,,,
111156843,56384917,1532.5873973806877,win,2108.0,WHEAT,11489,18078,7098,11875,-6589,-1812,310,520,37.061290322580646,34.76538461538462,-7541.800868486353,952.8008684863514
111156843,56384917,1532.5873973806877,win,2108.0,CARROT,5172,5187,620,620,-15,-15,84,84,61.57142857142857,61.75,0.0,-15.00000000000017
111156843,56384917,1532.5873973806877,win,2108.0,TOMATO,0,0,0,0,0,0,0,0,,,,
111156843,56384917,1532.5873973806877,win,2108.0,STRAWBERRY,30076,27489,3300,3300,2587,2587,249,255,120.78714859437751,107.8,-685.7614457831326,3272.761445783134
111156843,56384917,1532.5873973806877,win,2108.0,MELON,14267,14267,960,960,0,0,72,72,198.15277777777777,198.15277777777777,0.0,0.0
111156843,56384917,1532.5873973806877,win,2108.0,EGG,4163,7877,900,1500,-3714,-3114,78,148,53.37179487179487,53.222972972972975,-3730.8168745668745,16.816874566873935
111156843,56384917,1532.5873973806877,win,2108.0,MILK,8566,6120,3200,2400,2446,1646,245,153,34.96326530612245,40.0,3448.310204081633,-1002.3102040816322
111156843,56384917,1532.5873973806877,win,2108.0,WOOL,16739,15839,3000,3000,900,900,161,157,103.96894409937889,100.88535031847134,409.7085888357004,490.29141116430026
111156843,56384917,1532.5873973806877,win,2108.0,FERTILIZER,14622,14406,1808,2047,216,455,350,355,41.777142857142856,40.58028169014084,-205.89356136820925,421.89356136820936
111156843,56384917,1532.5873973806877,win,2108.0,HIRE,0,0,3630,5091,0,1461,0,0,,,,
111156843,56384917,1532.5873973806877,win,2108.0,BUY_LAND,0,0,3000,3000,0,0,0,0,,,,
111155713,56384917,1603.629895563611,win,1371.0,WHEAT,15931,13068,7328,7241,2863,2776,374,309,42.596256684491976,42.29126213592233,2758.844361663465,104.15563833653393
111155713,56384917,1603.629895563611,win,1371.0,CARROT,3514,3007,620,620,507,507,99,84,35.494949494949495,35.79761904761905,534.6942640692641,-27.694264069264392
111155713,56384917,1603.629895563611,win,1371.0,TOMATO,0,0,0,0,0,0,0,0,,,,
111155713,56384917,1603.629895563611,win,1371.0,STRAWBERRY,17577,16824,3300,3300,753,753,249,244,70.59036144578313,68.95081967213115,348.85295279478566,404.1470472052142
111155713,56384917,1603.629895563611,win,1371.0,MELON,14267,14267,960,960,0,0,72,72,198.15277777777777,198.15277777777777,0.0,0.0
111155713,56384917,1603.629895563611,win,1371.0,EGG,4065,4284,900,900,-219,-219,74,78,54.932432432432435,54.92307692307692,-219.7110187110187,0.7110187110191646
111155713,56384917,1603.629895563611,win,1371.0,MILK,24025,24563,3200,3200,-538,-538,245,245,98.06122448979592,100.25714285714285,0.0,-537.9999999999989
111155713,56384917,1603.629895563611,win,1371.0,WOOL,22269,23110,3000,3000,-841,-841,161,161,138.3167701863354,143.54037267080744,0.0,-841.0000000000006
111155713,56384917,1603.629895563611,win,1371.0,FERTILIZER,14712,14510,2264,1817,202,-245,347,351,42.39769452449568,41.33903133903134,-167.47345172705403,369.4734517270547
111155713,56384917,1603.629895563611,win,1371.0,HIRE,0,0,4452,3630,0,-822,0,0,,,,
111155713,56384917,1603.629895563611,win,1371.0,BUY_LAND,0,0,3000,3000,0,0,0,0,,,,
111154609,56384917,1514.7899457956692,loss,-11515.0,WHEAT,12002,15289,6979,7358,-3287,-2908,307,377,39.09446254071661,40.55437665782493,-2787.709371948954,-499.2906280510451
111154609,56384917,1514.7899457956692,loss,-11515.0,CARROT,3537,3285,620,560,252,192,84,80,42.107142857142854,41.0625,166.33928571428572,85.66071428571404
111154609,56384917,1514.7899457956692,loss,-11515.0,TOMATO,0,0,0,0,0,0,0,0,,,,
111154609,56384917,1514.7899457956692,loss,-11515.0,STRAWBERRY,10468,10078,3300,3300,390,390,245,244,42.7265306122449,41.30327868852459,42.01490465038475,347.9850953496153
111154609,56384917,1514.7899457956692,loss,-11515.0,MELON,14278,14231,960,960,47,47,72,72,198.30555555555554,197.65277777777777,0.0,46.999999999999545
111154609,56384917,1514.7899457956692,loss,-11515.0,EGG,4188,0,900,0,4188,3288,72,0,58.166666666666664,,,
111154609,56384917,1514.7899457956692,loss,-11515.0,MILK,14840,14105,2400,2400,735,735,191,185,77.69633507853403,76.24324324324324,461.8187349653318,273.18126503466885
111154609,56384917,1514.7899457956692,loss,-11515.0,WOOL,36037,53569,4000,5500,-17532,-16032,199,278,181.09045226130652,192.69424460431654,-14764.495526192111,-2767.504473807888
111154609,56384917,1514.7899457956692,loss,-11515.0,FERTILIZER,14719,13352,1825,1113,1367,655,345,330,42.66376811594203,40.46060606060606,623.4328063241106,743.5671936758885
111154609,56384917,1514.7899457956692,loss,-11515.0,HIRE,0,0,3685,5803,0,2118,0,0,,,,
111154609,56384917,1514.7899457956692,loss,-11515.0,BUY_LAND,0,0,3000,3000,0,0,0,0,,,,
111153486,56384917,1502.41843563383,win,1155.0,WHEAT,11365,11614,6692,6980,-249,39,298,304,38.13758389261745,38.203947368421055,-229.02459378311553,-19.97540621688521
111153486,56384917,1502.41843563383,win,1155.0,CARROT,3940,3945,620,620,-5,-5,84,84,46.904761904761905,46.964285714285715,0.0,-5.000000000000057
111153486,56384917,1502.41843563383,win,1155.0,TOMATO,0,0,0,0,0,0,0,0,,,,
111153486,56384917,1502.41843563383,win,1155.0,STRAWBERRY,52436,52234,3300,3300,202,202,249,249,210.58634538152612,209.77510040160644,0.0,201.99999999999986
111153486,56384917,1502.41843563383,win,1155.0,MELON,14267,14267,960,960,0,0,72,72,198.15277777777777,198.15277777777777,0.0,0.0
111153486,56384917,1502.41843563383,win,1155.0,EGG,3539,3540,900,900,-1,-1,78,78,45.37179487179487,45.38461538461539,0.0,-1.0000000000004121
111153486,56384917,1502.41843563383,win,1155.0,MILK,17630,17643,3200,3200,-13,-13,245,245,71.95918367346938,72.01224489795918,0.0,-12.99999999999983
111153486,56384917,1502.41843563383,win,1155.0,WOOL,31358,30566,3000,3000,792,792,161,161,194.77018633540374,189.85093167701862,0.0,792.0000000000034
111153486,56384917,1502.41843563383,win,1155.0,FERTILIZER,14444,14313,1778,1788,131,141,343,348,42.11078717201166,41.12931034482759,-208.10024379209813,339.10024379209784
111153486,56384917,1502.41843563383,win,1155.0,HIRE,0,0,3630,3630,0,0,0,0,,,,
111153486,56384917,1502.41843563383,win,1155.0,BUY_LAND,0,0,3000,3000,0,0,0,0,,,,
111152357,56384917,1622.9652649410275,loss,-5656.0,WHEAT,12531,14919,7366,9662,-2388,-92,312,380,40.16346153846154,39.26052631578948,-2700.4155870445343,312.4155870445339
111152357,56384917,1622.9652649410275,loss,-5656.0,CARROT,2289,2342,620,620,-53,-53,83,83,27.57831325301205,28.216867469879517,0.0,-52.99999999999992
111152357,56384917,1622.9652649410275,loss,-5656.0,TOMATO,0,0,0,0,0,0,0,0,,,,
111152357,56384917,1622.9652649410275,loss,-5656.0,STRAWBERRY,45311,46564,3300,3300,-1253,-1253,249,249,181.9718875502008,187.00401606425703,0.0,-1253.0000000000036
111152357,56384917,1622.9652649410275,loss,-5656.0,MELON,13385,14643,880,960,-1258,-1178,66,72,202.8030303030303,203.375,-1218.534090909091,-39.4659090909085
111152357,56384917,1622.9652649410275,loss,-5656.0,EGG,5092,4669,900,900,423,423,81,74,62.864197530864196,63.0945945945946,440.85577243910575,-17.855772439106037
111152357,56384917,1622.9652649410275,loss,-5656.0,MILK,10737,12087,3200,3200,-1350,-1350,243,244,44.18518518518518,49.53688524590164,-46.86103521554341,-1303.1389647844564
111152357,56384917,1622.9652649410275,loss,-5656.0,WOOL,6707,8383,3000,3000,-1676,-1676,161,161,41.6583850931677,52.06832298136646,0.0,-1675.9999999999995
111152357,56384917,1622.9652649410275,loss,-5656.0,FERTILIZER,14141,14602,1791,1775,-461,-477,345,351,40.98840579710145,41.6011396011396,-247.76863619472317,-213.2313638052763
111152357,56384917,1622.9652649410275,loss,-5656.0,HIRE,0,0,3630,3630,0,0,0,0,,,,
111152357,56384917,1622.9652649410275,loss,-5656.0,BUY_LAND,0,0,3000,3000,0,0,0,0,,,,
111151304,56384917,1530.0357294386738,win,7994.0,WHEAT,50538,12014,43020,6913,38524,2417,1211,304,41.732452518579684,39.51973684210526,36847.867875070624,1676.1321249293765
111151304,56384917,1530.0357294386738,win,7994.0,CARROT,8818,5076,1080,620,3742,3282,146,84,60.397260273972606,60.42857142857143,3745.6007827788653,-3.6007827788648683
111151304,56384917,1530.0357294386738,win,7994.0,TOMATO,0,0,0,0,0,0,0,0,,,,
111151304,56384917,1530.0357294386738,win,7994.0,STRAWBERRY,17407,16405,3300,3300,1002,1002,251,249,69.35059760956176,65.88353413654619,135.23413174610795,866.7658682538928
111151304,56384917,1530.0357294386738,win,7994.0,MELON,14267,14267,960,960,0,0,72,72,198.15277777777777,198.15277777777777,0.0,0.0
111151304,56384917,1530.0357294386738,win,7994.0,EGG,3709,3829,900,900,-120,-120,76,78,48.80263157894737,49.08974358974359,-97.89237516869096,-22.10762483130904
111151304,56384917,1530.0357294386738,win,7994.0,MILK,40107,37452,3600,3200,2655,2255,266,245,150.7781954887218,152.86530612244897,3188.256766917293,-533.256766917294
111151304,56384917,1530.0357294386738,win,7994.0,WOOL,5479,5536,2500,3000,-57,443,101,161,54.24752475247525,34.38509316770186,-2658.9785376053132,2601.978537605314
111151304,56384917,1530.0357294386738,win,7994.0,FERTILIZER,14516,14634,2185,1840,-118,-463,346,342,41.95375722543353,42.78947368421053,169.4864618192881,-287.486461819288
111151304,56384917,1530.0357294386738,win,7994.0,HIRE,0,0,4452,3630,0,-822,0,0,,,,
111151304,56384917,1530.0357294386738,win,7994.0,BUY_LAND,0,0,3000,3000,0,0,0,0,,,,
111150115,56384917,1373.8947223980497,win,13172.0,WHEAT,13766,15542,5842,6900,-1776,-718,341,385,40.36950146627566,40.36883116883117,-1776.2433179723503,0.24331797234853525
111150115,56384917,1373.8947223980497,win,13172.0,CARROT,4277,424,620,100,3853,3333,95,9,45.02105263157895,47.111111111111114,3961.683040935673,-108.68304093567272
111150115,56384917,1373.8947223980497,win,13172.0,TOMATO,0,0,0,0,0,0,0,0,,,,
111150115,56384917,1373.8947223980497,win,13172.0,STRAWBERRY,17707,15008,3300,3300,2699,2699,247,262,71.68825910931174,57.282442748091604,-967.2802639305252,3666.2802639305255
111150115,56384917,1373.8947223980497,win,13172.0,MELON,14267,14267,960,960,0,0,72,72,198.15277777777777,198.15277777777777,0.0,0.0
111150115,56384917,1373.8947223980497,win,13172.0,EGG,0,0,0,0,0,0,0,0,,,,
111150115,56384917,1373.8947223980497,win,13172.0,MILK,4692,4863,2400,3600,-171,1029,176,261,26.65909090909091,18.632183908045977,-1924.8791797283177,1753.8791797283177
111150115,56384917,1373.8947223980497,win,13172.0,WOOL,42053,34779,5000,4000,7274,6274,251,196,167.5418326693227,177.44387755102042,9487.107031059435,-2213.1070310594405
111150115,56384917,1373.8947223980497,win,13172.0,FERTILIZER,13912,14772,1238,2315,-860,217,330,350,42.157575757575756,42.205714285714286,-843.6329004329004,-16.36709956710021
111150115,56384917,1373.8947223980497,win,13172.0,HIRE,0,0,5494,5832,0,338,0,0,,,,
111150115,56384917,1373.8947223980497,win,13172.0,BUY_LAND,0,0,3000,3000,0,0,0,0,,,,
111149012,56384917,1154.2436783033438,win,32662.0,WHEAT,12575,10034,6591,5106,2541,1056,300,223,41.916666666666664,44.99551569506726,3346.119020926756,-805.1190209267562
111149012,56384917,1154.2436783033438,win,32662.0,CARROT,5748,3434,620,400,2314,2094,85,57,67.62352941176471,60.24561403508772,1790.1680082559342,523.8319917440662
111149012,56384917,1154.2436783033438,win,32662.0,TOMATO,15222,0,500,0,15222,14722,78,0,195.15384615384616,,,
111149012,56384917,1154.2436783033438,win,32662.0,STRAWBERRY,18864,19560,3300,4000,-696,4,237,263,79.59493670886076,74.37262357414448,-2001.5782836790681,1305.5782836790684
111149012,56384917,1154.2436783033438,win,32662.0,MELON,15957,11935,960,800,4022,3862,72,60,221.625,198.91666666666666,2523.25,1498.7500000000007
111149012,56384917,1154.2436783033438,win,32662.0,EGG,6616,0,1500,0,6616,5116,123,0,53.78861788617886,,,
111149012,56384917,1154.2436783033438,win,32662.0,MILK,17120,12854,2400,4000,4266,5866,182,216,94.06593406593407,59.50925925925926,-2610.7782865282866,6876.778286528288
111149012,56384917,1154.2436783033438,win,32662.0,WOOL,7508,6770,3000,2000,738,-262,157,123,47.82165605095541,55.040650406504064,1748.6592097768112,-1010.6592097768113
111149012,56384917,1154.2436783033438,win,32662.0,FERTILIZER,17369,10835,3167,0,6534,3367,344,230,50.491279069767444,47.108695652173914,5563.198559150657,970.8014408493431
111149012,56384917,1154.2436783033438,win,32662.0,HIRE,0,0,7235,8072,0,837,0,0,,,,
111149012,56384917,1154.2436783033438,win,32662.0,BUY_LAND,0,0,7000,3000,0,-4000,0,0,,,,
111147876,56384917,1697.6344980950114,loss,-1415.0,WHEAT,13481,11837,5729,8154,1644,4069,380,332,35.47631578947368,35.653614457831324,1707.11832593532,-63.11832593532105
111147876,56384917,1697.6344980950114,loss,-1415.0,CARROT,5391,4207,620,560,1184,1124,95,75,56.747368421052634,56.093333333333334,1128.4070175438596,55.592982456140554
111147876,56384917,1697.6344980950114,loss,-1415.0,TOMATO,0,0,0,0,0,0,0,0,,,,
111147876,56384917,1697.6344980950114,loss,-1415.0,STRAWBERRY,24383,24210,3300,3300,173,173,247,243,98.7165991902834,99.62962962962963,396.6924576398261,-223.69245763982627
111147876,56384917,1697.6344980950114,loss,-1415.0,MELON,14278,14231,960,960,47,47,72,72,198.30555555555554,197.65277777777777,0.0,46.999999999999545
111147876,56384917,1697.6344980950114,loss,-1415.0,EGG,0,0,0,0,0,0,0,0,,,,
111147876,56384917,1697.6344980950114,loss,-1415.0,MILK,5668,5803,2400,2400,-135,-135,186,191,30.473118279569892,30.38219895287958,-152.1382930811237,17.13829308112375
111147876,56384917,1697.6344980950114,loss,-1415.0,WOOL,35219,40636,5000,5500,-5417,-4917,239,278,147.35983263598325,146.1726618705036,-5723.8836428764935,306.88364287649307
111147876,56384917,1697.6344980950114,loss,-1415.0,FERTILIZER,13787,13501,1576,590,286,-700,329,326,41.90577507598784,41.41411042944785,124.97982825815353,161.020171741846
111147876,56384917,1697.6344980950114,loss,-1415.0,HIRE,0,0,5926,4850,0,-1076,0,0,,,,
111147876,56384917,1697.6344980950114,loss,-1415.0,BUY_LAND,0,0,3000,3000,0,0,0,0,,,,
111146791,56384917,1254.912280173112,win,996.0,WHEAT,12330,9292,6673,5126,3038,1491,303,219,40.693069306930695,42.42922374429224,3491.1363081513628,-453.13630815136236
111146791,56384917,1254.912280173112,win,996.0,CARROT,2818,2785,620,560,33,-27,81,79,34.79012345679013,35.25316455696203,70.04328801375215,-37.043288013751976
111146791,56384917,1254.912280173112,win,996.0,TOMATO,0,1033,0,150,-1033,-883,0,14,,73.78571428571429,,
111146791,56384917,1254.912280173112,win,996.0,STRAWBERRY,43488,37285,3300,3100,6203,6003,243,215,178.96296296296296,173.41860465116278,4933.34194659776,1269.6580534022414
111146791,56384917,1254.912280173112,win,996.0,MELON,15279,13218,960,960,2061,2061,72,72,212.20833333333334,183.58333333333334,0.0,2061.0
111146791,56384917,1254.912280173112,win,996.0,EGG,0,0,0,0,0,0,0,0,,,,
111146791,56384917,1254.912280173112,win,996.0,MILK,8612,5588,2400,1600,3024,2224,185,129,46.55135135135135,43.31782945736434,2516.3370626440396,507.6629373559606
111146791,56384917,1254.912280173112,win,996.0,WOOL,57612,74429,5000,7000,-16817,-14817,246,318,234.1951219512195,234.05345911949686,-16856.94891854579,39.94891854578481
111146791,56384917,1254.912280173112,win,996.0,FERTILIZER,14703,11280,906,0,3423,2517,327,219,44.96330275229358,51.50684931506849,5209.388211637553,-1786.3882116375514
111146791,56384917,1254.912280173112,win,996.0,HIRE,0,0,4829,7256,0,2427,0,0,,,,
111146791,56384917,1254.912280173112,win,996.0,BUY_LAND,0,0,3000,3000,0,0,0,0,,,,
111145700,56384917,1090.5067404840358,win,31238.0,WHEAT,12965,26195,7162,23381,-13230,2989,311,598,41.68810289389067,43.80434782608695,-12268.16667831679,-961.8333216832098
111145700,56384917,1090.5067404840358,win,31238.0,CARROT,2520,540,620,140,1980,1500,84,15,30.0,36.0,2277.0,-297.0
111145700,56384917,1090.5067404840358,win,31238.0,TOMATO,0,0,0,0,0,0,0,0,,,,
111145700,56384917,1090.5067404840358,win,31238.0,STRAWBERRY,31511,22052,3300,3400,9459,9559,249,254,126.55020080321285,86.81889763779527,-533.4227461025204,9992.422746102518
111145700,56384917,1090.5067404840358,win,31238.0,MELON,16064,13949,960,1600,2115,2755,72,120,223.11111111111111,116.24166666666666,-8144.466666666666,10259.466666666667
111145700,56384917,1090.5067404840358,win,31238.0,EGG,4882,0,900,0,4882,3982,78,0,62.58974358974359,,,
111145700,56384917,1090.5067404840358,win,31238.0,MILK,17631,14411,3200,4000,3220,4020,245,278,71.96326530612245,51.83812949640288,-2042.723014241668,5262.723014241668
111145700,56384917,1090.5067404840358,win,31238.0,WOOL,11615,8981,3000,2000,2634,1634,161,120,72.14285714285714,74.84166666666667,3013.182738095238,-379.18273809523896
111145700,56384917,1090.5067404840358,win,31238.0,FERTILIZER,15764,11322,1990,0,4442,2452,348,242,45.298850574712645,46.78512396694215,4880.450650707704,-438.45065070770437
111145700,56384917,1090.5067404840358,win,31238.0,HIRE,0,0,3630,5977,0,2347,0,0,,,,
111145700,56384917,1090.5067404840358,win,31238.0,BUY_LAND,0,0,3000,3000,0,0,0,0,,,,
111144594,56384917,1181.2989486575068,win,14139.0,WHEAT,16455,12925,7152,6486,3530,2864,444,361,37.060810810810814,35.80332409972299,3023.861598787153,506.1384012128482
111144594,56384917,1181.2989486575068,win,14139.0,CARROT,5986,782,620,120,5204,4704,93,12,64.36559139784946,65.16666666666667,5246.056451612903,-42.05645161290377
111144594,56384917,1181.2989486575068,win,14139.0,TOMATO,0,0,0,0,0,0,0,0,,,,
111144594,56384917,1181.2989486575068,win,14139.0,STRAWBERRY,12270,12513,3300,3800,-243,257,250,269,49.08,46.51672862453532,-908.1689219330855,665.1689219330844
111144594,56384917,1181.2989486575068,win,14139.0,MELON,14389,14108,960,960,281,281,72,72,199.84722222222223,195.94444444444446,0.0,280.99999999999955
111144594,56384917,1181.2989486575068,win,14139.0,EGG,4134,0,900,0,4134,3234,74,0,55.86486486486486,,,
111144594,56384917,1181.2989486575068,win,14139.0,MILK,6825,6872,3200,3600,-47,353,210,243,32.5,28.279835390946502,-1002.8672839506173,955.8672839506173
111144594,56384917,1181.2989486575068,win,14139.0,WOOL,32076,32029,3000,3000,47,47,159,156,201.73584905660377,205.31410256410257,610.5749274310595,-563.574927431061
111144594,56384917,1181.2989486575068,win,14139.0,FERTILIZER,16850,14716,3968,2531,2134,697,348,317,48.41954022988506,46.42271293375394,1470.0549240364046,663.945075963596
111144594,56384917,1181.2989486575068,win,14139.0,HIRE,0,0,4685,6387,0,1702,0,0,,,,
111144594,56384917,1181.2989486575068,win,14139.0,BUY_LAND,0,0,3000,3000,0,0,0,0,,,,
111143515,56384917,991.6456888413732,win,21938.0,WHEAT,12808,14365,6469,7943,-1557,-83,362,428,35.38121546961326,33.56308411214953,-2275.161886198172,718.1618861981723
111143515,56384917,991.6456888413732,win,21938.0,CARROT,6778,0,620,0,6778,6158,99,0,68.46464646464646,,,
111143515,56384917,991.6456888413732,win,21938.0,TOMATO,0,0,0,0,0,0,0,0,,,,
111143515,56384917,991.6456888413732,win,21938.0,STRAWBERRY,23366,23931,3300,3700,-565,-165,246,286,94.98373983739837,83.67482517482517,-3573.1713002444712,3008.1713002444717
111143515,56384917,991.6456888413732,win,21938.0,MELON,16847,14292,960,1360,2555,2955,72,102,233.98611111111111,140.11764705882354,-5611.556372549019,8166.556372549019
111143515,56384917,991.6456888413732,win,21938.0,EGG,3908,0,900,0,3908,3008,72,0,54.27777777777778,,,
111143515,56384917,991.6456888413732,win,21938.0,MILK,35050,29316,3200,3200,5734,5734,238,215,147.2689075630252,136.353488372093,3261.6575532538595,2472.3424467461427
111143515,56384917,991.6456888413732,win,21938.0,WOOL,6103,6485,3000,2000,-382,-1382,161,132,37.90683229813665,49.128787878787875,1262.0164925654055,-1644.0164925654046
111143515,56384917,991.6456888413732,win,21938.0,FERTILIZER,17355,10986,3360,0,6369,3009,352,215,49.30397727272727,51.097674418604655,6877.5131408562365,-508.51314085623756
111143515,56384917,991.6456888413732,win,21938.0,HIRE,0,0,4452,7156,0,2704,0,0,,,,
111143515,56384917,991.6456888413732,win,21938.0,BUY_LAND,0,0,3000,3000,0,0,0,0,,,,
111142420,56384917,932.0517013191654,win,17060.0,WHEAT,12741,18682,7103,11013,-5941,-2031,311,446,40.967845659163984,41.88789237668161,-5592.762317419579,-348.2376825804224
111142420,56384917,932.0517013191654,win,17060.0,CARROT,4861,0,620,0,4861,4241,84,0,57.86904761904762,,,
111142420,56384917,932.0517013191654,win,17060.0,TOMATO,0,0,0,0,0,0,0,0,,,,
111142420,56384917,932.0517013191654,win,17060.0,STRAWBERRY,57945,62311,3300,3700,-4366,-3966,249,274,232.710843373494,227.41240875912408,-5751.540651657726,1385.5406516577314
111142420,56384917,932.0517013191654,win,17060.0,MELON,16964,14361,960,1440,2603,3083,72,108,235.61111111111111,132.97222222222223,-6634.500000000001,9237.5
111142420,56384917,932.0517013191654,win,17060.0,EGG,4452,0,900,0,4452,3552,78,0,57.07692307692308,,,
111142420,56384917,932.0517013191654,win,17060.0,MILK,23833,17246,3200,3600,6587,6987,245,225,97.27755102040817,76.64888888888889,1739.2643990929707,4847.73560090703
111142420,56384917,932.0517013191654,win,17060.0,WOOL,4577,5920,3000,2500,-1343,-1843,161,138,28.428571428571427,42.89855072463768,820.2619047619047,-2163.2619047619046
111142420,56384917,932.0517013191654,win,17060.0,FERTILIZER,16480,10717,2100,0,5763,3663,354,237,46.55367231638418,45.219409282700425,5368.725273546449,394.2747264535494
111142420,56384917,932.0517013191654,win,17060.0,HIRE,0,0,3630,7004,0,3374,0,0,,,,
111142420,56384917,932.0517013191654,win,17060.0,BUY_LAND,0,0,3000,3000,0,0,0,0,,,,
111141355,56384917,753.1105767597932,win,53365.0,WHEAT,43685,33618,37882,33465,10067,5650,1035,820,42.207729468599034,40.99756097560976,8944.568722752447,1122.431277247553
111141355,56384917,753.1105767597932,win,53365.0,CARROT,4420,0,620,0,4420,3800,84,0,52.61904761904762,,,
111141355,56384917,753.1105767597932,win,53365.0,TOMATO,18272,0,500,0,18272,17772,80,0,228.4,,,
111141355,56384917,753.1105767597932,win,53365.0,STRAWBERRY,31205,20385,3300,4000,10820,11520,244,297,127.88934426229508,68.63636363636364,-5207.931259314456,16027.931259314455
111141355,56384917,753.1105767597932,win,53365.0,MELON,16820,13683,960,1920,3137,4097,72,144,233.61111111111111,95.02083333333333,-11830.75,14967.75
111141355,56384917,753.1105767597932,win,53365.0,EGG,3573,0,900,0,3573,2673,77,0,46.4025974025974,,,
111141355,56384917,753.1105767597932,win,53365.0,MILK,21693,18664,3200,3200,3029,3029,231,237,93.9090909090909,78.75105485232068,-517.9804372842348,3546.9804372842336
111141355,56384917,753.1105767597932,win,53365.0,WOOL,35881,37166,3000,3000,-1285,-1285,155,160,231.49032258064517,232.2875,-1159.444556451613,-125.55544354838482
111141355,56384917,753.1105767597932,win,53365.0,FERTILIZER,18789,9144,3097,0,9645,6548,348,172,53.991379310344826,53.16279069767442,9429.566960705693,215.4330392943062
111141355,56384917,753.1105767597932,win,53365.0,HIRE,0,0,7324,10885,0,3561,0,0,,,,
111141355,56384917,753.1105767597932,win,53365.0,BUY_LAND,0,0,7000,3000,0,-4000,0,0,,,,
111140258,56384917,639.3372126334359,win,15204.0,WHEAT,13697,8555,6489,3444,5142,2097,371,233,36.919137466307276,36.716738197424895,5080.875420797521,61.12457920247907
111140258,56384917,639.3372126334359,win,15204.0,CARROT,8106,9026,620,1120,-920,-420,94,147,86.23404255319149,61.40136054421769,-3912.3381820813433,2992.3381820813424
111140258,56384917,639.3372126334359,win,15204.0,TOMATO,0,0,0,0,0,0,0,0,,,,
111140258,56384917,639.3372126334359,win,15204.0,STRAWBERRY,6937,52,3300,200,6885,3785,249,14,27.859437751004016,3.7142857142857144,3709.9125071715434,3175.0874928284566
111140258,56384917,639.3372126334359,win,15204.0,MELON,15533,14250,960,1200,1283,1523,69,90,225.1159420289855,158.33333333333334,-4026.217391304348,5309.217391304346
111140258,56384917,639.3372126334359,win,15204.0,EGG,4270,7688,900,1800,-3418,-2518,77,139,55.45454545454545,55.30935251798561,-3433.6808371484626,15.680837148463212
111140258,56384917,639.3372126334359,win,15204.0,MILK,5050,3988,3200,2400,1062,262,220,136,22.954545454545453,29.323529411764707,2195.679144385027,-1133.679144385027
111140258,56384917,639.3372126334359,win,15204.0,WOOL,11908,3885,3000,1000,8023,6023,158,41,75.36708860759494,94.7560975609756,9952.206390861378,-1929.2063908613763
111140258,56384917,639.3372126334359,win,15204.0,FERTILIZER,17014,10648,2614,0,6366,3752,349,221,48.750716332378225,48.18099547511312,6203.629555679447,162.37044432055453
111140258,56384917,639.3372126334359,win,15204.0,HIRE,0,0,3986,4686,0,700,0,0,,,,
111140258,56384917,639.3372126334359,win,15204.0,BUY_LAND,0,0,3000,3000,0,0,0,0,,,,
111139195,56384917,622.9353992097807,win,73545.0,WHEAT,15530,3927,6559,14646,11603,19690,359,86,43.259052924791085,45.66279069767442,12137.831654466541,-534.8316544665414
111139195,56384917,622.9353992097807,win,73545.0,CARROT,11953,2344,1080,800,9609,9329,146,66,81.86986301369863,35.515151515151516,4695.400581154006,4913.5994188459945
111139195,56384917,622.9353992097807,win,73545.0,TOMATO,0,0,0,550,0,550,0,0,,,,
111139195,56384917,622.9353992097807,win,73545.0,STRAWBERRY,26546,8151,3300,5500,18395,20595,249,161,106.61044176706827,50.62732919254658,6918.461922223054,11476.538077776946
111139195,56384917,622.9353992097807,win,73545.0,MELON,15977,14168,960,2880,1809,3729,72,95,221.90277777777777,149.13684210526316,-4266.9556286549705,6075.9556286549705
111139195,56384917,622.9353992097807,win,73545.0,EGG,4385,0,900,0,4385,3485,81,0,54.135802469135804,,,
111139195,56384917,622.9353992097807,win,73545.0,MILK,19363,11363,3600,2800,8000,7200,266,168,72.79323308270676,67.63690476190476,6881.076754385965,1118.9232456140348
111139195,56384917,622.9353992097807,win,73545.0,WOOL,7229,3950,2500,3500,3279,4279,87,132,83.0919540229885,29.924242424242426,-2542.864420062696,5821.864420062696
111139195,56384917,622.9353992097807,win,73545.0,FERTILIZER,16972,11297,3223,0,5675,2452,342,246,49.62573099415204,45.922764227642276,4586.327770646128,1088.6722293538717
111139195,56384917,622.9353992097807,win,73545.0,HIRE,0,0,4452,6688,0,2236,0,0,,,,
111139195,56384917,622.9353992097807,win,73545.0,BUY_LAND,0,0,3000,3000,0,0,0,0,,,,
111208826,56384919,1534.3606644455344,loss,-6620.0,WHEAT,11094,14978,7226,6383,-3884,-4727,311,401,35.67202572347267,37.35162094763092,-3286.0641001996614,-597.9358998003364
111208826,56384919,1534.3606644455344,loss,-6620.0,CARROT,4719,7206,620,980,-2487,-2127,84,130,56.17857142857143,55.43076923076923,-2567.014835164835,80.01483516483555
111208826,56384919,1534.3606644455344,loss,-6620.0,TOMATO,0,0,0,0,0,0,0,0,,,,
111208826,56384919,1534.3606644455344,loss,-6620.0,STRAWBERRY,42677,42439,3300,3300,238,238,249,246,171.39357429718876,172.51626016260164,515.8647516896856,-277.86475168968684
111208826,56384919,1534.3606644455344,loss,-6620.0,MELON,14267,14267,960,960,0,0,72,72,198.15277777777777,198.15277777777777,0.0,0.0
111208826,56384919,1534.3606644455344,loss,-6620.0,EGG,3983,4503,900,900,-520,-520,78,88,51.06410256410256,51.17045454545455,-511.1727855477855,-8.827214452214726
111208826,56384919,1534.3606644455344,loss,-6620.0,MILK,9634,9874,3200,3200,-240,-240,245,182,39.32244897959184,54.252747252747255,2947.6186813186814,-3187.618681318681
111208826,56384919,1534.3606644455344,loss,-6620.0,WOOL,22527,23961,3000,3000,-1434,-1434,161,161,139.91925465838509,148.82608695652175,0.0,-1434.0000000000027
111208826,56384919,1534.3606644455344,loss,-6620.0,FERTILIZER,15097,14724,1893,2799,373,1279,350,338,43.13428571428572,43.562130177514796,520.1784953508031,-147.17849535080302
111208826,56384919,1534.3606644455344,loss,-6620.0,HIRE,0,0,3630,4541,0,911,0,0,,,,
111208826,56384919,1534.3606644455344,loss,-6620.0,BUY_LAND,0,0,3000,3000,0,0,0,0,,,,
111203660,56384919,1509.2841561793225,win,5344.0,WHEAT,13777,13007,7326,7102,770,546,322,304,42.785714285714285,42.786184210526315,770.1470864661654,-0.14708646616549714
111203660,56384919,1509.2841561793225,win,5344.0,CARROT,4954,4943,620,620,11,11,84,84,58.976190476190474,58.845238095238095,0.0,10.999999999999886
111203660,56384919,1509.2841561793225,win,5344.0,TOMATO,10073,0,500,0,10073,9573,80,0,125.9125,,,
111203660,56384919,1509.2841561793225,win,5344.0,STRAWBERRY,20237,17454,3300,3300,2783,2783,243,249,83.2798353909465,70.09638554216868,-460.12866279934553,3243.1286627993454
111203660,56384919,1509.2841561793225,win,5344.0,MELON,14267,14267,960,960,0,0,72,72,198.15277777777777,198.15277777777777,0.0,0.0
111203660,56384919,1509.2841561793225,win,5344.0,EGG,4216,4580,900,900,-364,-364,72,78,58.55555555555556,58.717948717948715,-351.8205128205128,-12.17948717948687
111203660,56384919,1509.2841561793225,win,5344.0,MILK,13068,11928,3200,3200,1140,1140,245,245,53.33877551020408,48.68571428571428,0.0,1140.0000000000002
111203660,56384919,1509.2841561793225,win,5344.0,WOOL,5463,5601,3000,3000,-138,-138,154,161,35.47402597402598,34.7888198757764,-245.9199604743083,107.91996047430885
111203660,56384919,1509.2841561793225,win,5344.0,FERTILIZER,14625,14506,2159,1815,119,-225,346,342,42.26878612716763,42.41520467836257,169.3679816110604,-50.36798161105969
111203660,56384919,1509.2841561793225,win,5344.0,HIRE,0,0,7612,3630,0,-3982,0,0,,,,
111203660,56384919,1509.2841561793225,win,5344.0,BUY_LAND,0,0,7000,3000,0,-4000,0,0,,,,
111202543,56384919,1485.2661825115013,loss,-1444.0,WHEAT,11479,13057,7106,6880,-1578,-1804,311,351,36.90996784565916,37.199430199430196,-1482.1879609017874,-95.81203909821289
111202543,56384919,1485.2661825115013,loss,-1444.0,CARROT,4676,4625,620,620,51,51,84,84,55.666666666666664,55.05952380952381,0.0,50.999999999999744
111202543,56384919,1485.2661825115013,loss,-1444.0,TOMATO,0,0,0,0,0,0,0,0,,,,
111202543,56384919,1485.2661825115013,loss,-1444.0,STRAWBERRY,32736,33151,3300,3300,-415,-415,249,249,131.46987951807228,133.13654618473896,0.0,-415.0000000000047
111202543,56384919,1485.2661825115013,loss,-1444.0,MELON,14267,14267,960,960,0,0,72,72,198.15277777777777,198.15277777777777,0.0,0.0
111202543,56384919,1485.2661825115013,loss,-1444.0,EGG,4382,4312,900,900,70,70,79,78,55.46835443037975,55.282051282051285,55.375202856215516,14.624797143784342
111202543,56384919,1485.2661825115013,loss,-1444.0,MILK,14592,14032,3200,3200,560,560,245,245,59.559183673469384,57.2734693877551,0.0,559.9999999999998
111202543,56384919,1485.2661825115013,loss,-1444.0,WOOL,5515,5499,3000,3000,16,16,161,87,34.254658385093165,63.206896551724135,3606.0775326622397,-3590.07753266224
111202543,56384919,1485.2661825115013,loss,-1444.0,FERTILIZER,14423,14340,1789,1784,83,78,348,344,41.445402298850574,41.68604651162791,166.26289762095695,-83.26289762095728
111202543,56384919,1485.2661825115013,loss,-1444.0,HIRE,0,0,3630,3630,0,0,0,0,,,,
111202543,56384919,1485.2661825115013,loss,-1444.0,BUY_LAND,0,0,3000,3000,0,0,0,0,,,,
111201403,56384919,1641.582265516342,loss,-3592.0,WHEAT,13831,18314,6894,10539,-4483,-838,318,454,43.4937106918239,40.33920704845815,-5700.63840633918,1217.6384063391795
111201403,56384919,1641.582265516342,loss,-3592.0,CARROT,3567,3821,620,620,-254,-254,83,89,42.975903614457835,42.93258426966292,-257.72546365236224,3.7254636523628193
111201403,56384919,1641.582265516342,loss,-3592.0,TOMATO,0,0,0,0,0,0,0,0,,,,
111201403,56384919,1641.582265516342,loss,-3592.0,STRAWBERRY,52685,54085,3300,3300,-1400,-1400,243,249,216.81069958847738,217.20883534136547,-1302.0586047895285,-97.94139521047134
111201403,56384919,1641.582265516342,loss,-3592.0,MELON,14267,14267,960,960,0,0,72,72,198.15277777777777,198.15277777777777,0.0,0.0
111201403,56384919,1641.582265516342,loss,-3592.0,EGG,4870,4655,900,900,215,215,82,78,59.390243902439025,59.67948717948718,238.13946216385241,-23.139462163852613
111201403,56384919,1641.582265516342,loss,-3592.0,MILK,10260,11095,3200,3200,-835,-835,212,245,48.39622641509434,45.285714285714285,-1545.7520215633424,710.7520215633426
111201403,56384919,1641.582265516342,loss,-3592.0,WOOL,5571,5497,3000,3000,74,74,158,161,35.25949367088607,34.142857142857146,-104.10352622061484,178.10352622061384
111201403,56384919,1641.582265516342,loss,-3592.0,FERTILIZER,14004,15073,1886,2043,-1069,-912,321,349,43.626168224299064,43.189111747851,-1215.413919610101,146.41391961010123
111201403,56384919,1641.582265516342,loss,-3592.0,HIRE,0,0,3628,3986,0,358,0,0,,,,
111201403,56384919,1641.582265516342,loss,-3592.0,BUY_LAND,0,0,3000,3000,0,0,0,0,,,,
111200809,56384919,1659.5607591287023,loss,-21570.0,WHEAT,13526,20741,7205,8813,-7215,-5607,387,604,34.950904392764855,34.33940397350993,-7517.998457740814,302.9984577408146
111200809,56384919,1659.5607591287023,loss,-21570.0,CARROT,3749,12174,620,1400,-8425,-7645,94,265,39.88297872340426,45.93962264150943,-7337.832416700119,-1087.1675832998787
111200809,56384919,1659.5607591287023,loss,-21570.0,TOMATO,0,7695,0,1200,-7695,-6495,0,146,,52.705479452054796,,
111200809,56384919,1659.5607591287023,loss,-21570.0,STRAWBERRY,9401,4192,3300,3300,5209,5209,251,61,37.45418326693227,68.72131147540983,10086.6720005225,-4877.672000522501
111200809,56384919,1659.5607591287023,loss,-21570.0,MELON,14425,14079,960,960,346,346,72,72,200.34722222222223,195.54166666666666,0.0,346.00000000000114
111200809,56384919,1659.5607591287023,loss,-21570.0,EGG,4278,9402,900,1500,-5124,-4524,74,164,57.810810810810814,57.329268292682926,-5181.303559657219,57.303559657218706
111200809,56384919,1659.5607591287023,loss,-21570.0,MILK,4715,4374,3200,2400,341,-459,215,67,21.930232558139537,65.28358208955224,6453.822283929191,-6112.822283929191
111200809,56384919,1659.5607591287023,loss,-21570.0,WOOL,24664,38547,3000,5000,-13883,-11883,159,226,155.11949685534591,170.56194690265488,-10910.328365893027,-2972.671634106976
111200809,56384919,1659.5607591287023,loss,-21570.0,FERTILIZER,16343,14061,2693,3006,2282,2595,348,252,46.96264367816092,55.79761904761905,4932.492610837438,-2650.4926108374384
111200809,56384919,1659.5607591287023,loss,-21570.0,HIRE,0,0,3986,6879,0,2893,0,0,,,,
111200809,56384919,1659.5607591287023,loss,-21570.0,BUY_LAND,0,0,3000,7000,0,4000,0,0,,,,
111200278,56384919,1434.4338577658468,win,1394.0,WHEAT,15687,13203,6664,8087,2484,3907,383,329,40.95822454308094,40.130699088145896,2189.4009380431244,294.599061956875
111200278,56384919,1434.4338577658468,win,1394.0,CARROT,2835,5377,620,1060,-2542,-2102,94,157,30.159574468085108,34.2484076433121,-2028.8514365090118,-513.1485634909874
111200278,56384919,1434.4338577658468,win,1394.0,TOMATO,0,3641,0,300,-3641,-3341,0,46,,79.15217391304348,,
111200278,56384919,1434.4338577658468,win,1394.0,STRAWBERRY,6500,4183,3300,3300,2317,2317,251,264,25.89641434262948,15.844696969696969,-271.31722353012196,2588.3172235301217
111200278,56384919,1434.4338577658468,win,1394.0,MELON,14267,14852,960,1120,-585,-425,72,78,198.15277777777777,190.4102564102564,-1165.6891025641025,580.6891025641022
111200278,56384919,1434.4338577658468,win,1394.0,EGG,4797,8663,900,1200,-3866,-3566,81,148,59.22222222222222,58.53378378378378,-3944.826201201201,78.82620120120126
111200278,56384919,1434.4338577658468,win,1394.0,MILK,11179,8147,3200,2000,3032,1832,215,158,51.9953488372093,51.563291139240505,2951.4212393288194,80.57876067118012
111200278,56384919,1434.4338577658468,win,1394.0,WOOL,27247,30865,3000,4000,-3618,-2618,155,189,175.78709677419354,163.3068783068783,-5764.597576378222,2146.597576378221
111200278,56384919,1434.4338577658468,win,1394.0,FERTILIZER,17039,11199,2786,459,5840,3513,345,221,49.38840579710145,50.67420814479638,6203.882064397666,-363.88206439766594
111200278,56384919,1434.4338577658468,win,1394.0,HIRE,0,0,3986,5863,0,1877,0,0,,,,
111200278,56384919,1434.4338577658468,win,1394.0,BUY_LAND,0,0,3000,3000,0,0,0,0,,,,
111199167,56384919,1483.963321971842,win,1658.0,WHEAT,13540,13294,7326,7102,246,22,311,304,43.536977491961416,43.73026315789474,305.4353422744965,-59.43534227449712
111199167,56384919,1483.963321971842,win,1658.0,CARROT,3691,3681,620,620,10,10,84,84,43.94047619047619,43.82142857142857,0.0,10.000000000000114
111199167,56384919,1483.963321971842,win,1658.0,TOMATO,0,0,0,0,0,0,0,0,,,,
111199167,56384919,1483.963321971842,win,1658.0,STRAWBERRY,55084,54550,3300,3300,534,534,249,249,221.22088353413653,219.07630522088354,0.0,533.9999999999951
111199167,56384919,1483.963321971842,win,1658.0,MELON,14267,14267,960,960,0,0,72,72,198.15277777777777,198.15277777777777,0.0,0.0
111199167,56384919,1483.963321971842,win,1658.0,EGG,4801,4796,900,900,5,5,78,78,61.55128205128205,61.48717948717949,0.0,4.999999999999844
111199167,56384919,1483.963321971842,win,1658.0,MILK,16564,15420,3200,3200,1144,1144,245,245,67.60816326530612,62.93877551020408,0.0,1143.9999999999989
111199167,56384919,1483.963321971842,win,1658.0,WOOL,5483,5584,3000,3000,-101,-101,161,161,34.05590062111801,34.683229813664596,0.0,-100.99999999999982
111199167,56384919,1483.963321971842,win,1658.0,FERTILIZER,14400,14365,1781,1790,35,44,351,342,41.02564102564103,42.00292397660819,373.6285425101215,-338.62854251012027
111199167,56384919,1483.963321971842,win,1658.0,HIRE,0,0,3630,3630,0,0,0,0,,,,
111199167,56384919,1483.963321971842,win,1658.0,BUY_LAND,0,0,3000,3000,0,0,0,0,,,,
111198038,56384919,1562.8897907413564,loss,-830.0,WHEAT,9130,13213,7032,10039,-4083,-1076,308,446,29.642857142857142,29.62556053811659,-4089.5208199871877,6.520819987187707
111198038,56384919,1562.8897907413564,loss,-830.0,CARROT,4817,3732,620,480,1085,945,84,66,57.345238095238095,56.54545454545455,1025.0162337662337,59.98376623376611
111198038,56384919,1562.8897907413564,loss,-830.0,TOMATO,0,0,0,0,0,0,0,0,,,,
111198038,56384919,1562.8897907413564,loss,-830.0,STRAWBERRY,11932,11366,3400,4300,566,1466,243,228,49.10288065843621,49.85087719298246,742.15318388564,-176.15318388564094
111198038,56384919,1562.8897907413564,loss,-830.0,MELON,14267,14267,960,1040,0,80,72,72,198.15277777777777,198.15277777777777,0.0,0.0
111198038,56384919,1562.8897907413564,loss,-830.0,EGG,0,0,0,0,0,0,0,0,,,,
111198038,56384919,1562.8897907413564,loss,-830.0,MILK,10202,7042,2400,1600,3160,2360,190,114,53.694736842105264,61.771929824561404,4387.733333333334,-1227.7333333333331
111198038,56384919,1562.8897907413564,loss,-830.0,WOOL,65561,70636,5500,6000,-5075,-4575,271,292,241.92250922509226,241.9041095890411,-5080.1794975484,5.179497548400732
111198038,56384919,1562.8897907413564,loss,-830.0,FERTILIZER,14258,13526,1613,974,732,93,356,319,40.050561797752806,42.4012539184953,1525.3585907505899,-793.3585907505917
111198038,56384919,1562.8897907413564,loss,-830.0,HIRE,0,0,5028,4905,0,-123,0,0,,,,
111198038,56384919,1562.8897907413564,loss,-830.0,BUY_LAND,0,0,3000,3000,0,0,0,0,,,,
111196929,56384919,1542.039006807128,win,2742.0,WHEAT,15477,12202,7479,7121,3275,2917,384,304,40.3046875,40.13815789473684,3217.713815789474,57.28618421052619
111196929,56384919,1542.039006807128,win,2742.0,CARROT,5635,5025,620,620,610,610,94,84,59.9468085106383,59.82142857142857,598.8411854103343,11.158814589665901
111196929,56384919,1542.039006807128,win,2742.0,TOMATO,0,0,0,0,0,0,0,0,,,,
111196929,56384919,1542.039006807128,win,2742.0,STRAWBERRY,10679,10141,3300,3300,538,538,249,249,42.88755020080321,40.726907630522085,0.0,538.0000000000005
111196929,56384919,1542.039006807128,win,2742.0,MELON,14267,14267,960,960,0,0,72,72,198.15277777777777,198.15277777777777,0.0,0.0
111196929,56384919,1542.039006807128,win,2742.0,EGG,4622,4693,900,900,-71,-71,77,78,60.02597402597402,60.166666666666664,-60.09632034632034,-10.903679653679728
111196929,56384919,1542.039006807128,win,2742.0,MILK,9930,10551,3200,3200,-621,-621,219,245,45.342465753424655,43.06530612244898,-1149.3010343863573,528.3010343863565
111196929,56384919,1542.039006807128,win,2742.0,WOOL,5448,5610,3000,3000,-162,-162,159,161,34.264150943396224,34.84472049689441,-69.10887144029064,-92.89112855970984
111196929,56384919,1542.039006807128,win,2742.0,FERTILIZER,14407,14424,1885,1789,-17,-113,350,344,41.16285714285714,41.93023255813954,249.27926910299,-266.27926910299095
111196929,56384919,1542.039006807128,win,2742.0,HIRE,0,0,3986,3630,0,-356,0,0,,,,
111196929,56384919,1542.039006807128,win,2742.0,BUY_LAND,0,0,3000,3000,0,0,0,0,,,,
111196134,56384919,1512.004275503595,win,7636.0,WHEAT,13650,12931,7312,7099,719,506,322,304,42.391304347826086,42.536184210526315,764.3473970251715,-45.34739702517168
111196134,56384919,1512.004275503595,win,7636.0,CARROT,3839,3822,620,620,17,17,84,84,45.70238095238095,45.5,0.0,16.999999999999716
111196134,56384919,1512.004275503595,win,7636.0,TOMATO,15993,0,500,0,15993,15493,80,0,199.9125,,,
111196134,56384919,1512.004275503595,win,7636.0,STRAWBERRY,47810,48678,3300,3300,-868,-868,242,249,197.56198347107437,195.49397590361446,-1375.6958578114109,507.69585781140916
111196134,56384919,1512.004275503595,win,7636.0,MELON,13565,14930,960,960,-1365,-1365,72,72,188.40277777777777,207.36111111111111,0.0,-1365.0000000000007
111196134,56384919,1512.004275503595,win,7636.0,EGG,3647,3941,900,900,-294,-294,72,78,50.65277777777778,50.52564102564103,-303.5352564102564,9.53525641025621
111196134,56384919,1512.004275503595,win,7636.0,MILK,43589,41963,3200,3200,1626,1626,245,245,177.9142857142857,171.27755102040817,0.0,1625.999999999998
111196134,56384919,1512.004275503595,win,7636.0,WOOL,7975,7190,3000,3000,785,785,154,161,51.785714285714285,44.6583850931677,-337.55434782608694,1122.5543478260868
111196134,56384919,1512.004275503595,win,7636.0,FERTILIZER,14595,14541,2155,1819,54,-282,340,349,42.9264705882353,41.664756446991404,-380.6605216585201,434.660521658521
111196134,56384919,1512.004275503595,win,7636.0,HIRE,0,0,7612,3630,0,-3982,0,0,,,,
111196134,56384919,1512.004275503595,win,7636.0,BUY_LAND,0,0,7000,3000,0,-4000,0,0,,,,
111194701,56384919,1505.7092515178651,win,5742.0,WHEAT,11751,11504,7238,7013,247,22,311,304,37.78456591639871,37.8421052631579,264.6933491284481,-17.693349128449434
111194701,56384919,1505.7092515178651,win,5742.0,CARROT,2354,2321,620,620,33,33,84,84,28.023809523809526,27.63095238095238,0.0,33.000000000000256
111194701,56384919,1505.7092515178651,win,5742.0,TOMATO,0,0,0,0,0,0,0,0,,,,
111194701,56384919,1505.7092515178651,win,5742.0,STRAWBERRY,38326,35341,3300,3300,2985,2985,251,249,152.69322709163347,141.93172690763052,294.624953999264,2690.3750460007386
111194701,56384919,1505.7092515178651,win,5742.0,MELON,14267,14267,960,960,0,0,72,72,198.15277777777777,198.15277777777777,0.0,0.0
111194701,56384919,1505.7092515178651,win,5742.0,EGG,4706,4698,900,900,8,8,78,78,60.333333333333336,60.23076923076923,0.0,7.999999999999972
111194701,56384919,1505.7092515178651,win,5742.0,MILK,13289,11887,3200,3200,1402,1402,245,245,54.24081632653061,48.518367346938774,0.0,1402.0000000000005
111194701,56384919,1505.7092515178651,win,5742.0,WOOL,27640,26372,3000,3000,1268,1268,161,161,171.67701863354037,163.80124223602485,0.0,1267.999999999999
111194701,56384919,1505.7092515178651,win,5742.0,FERTILIZER,14441,14332,1784,1788,109,113,354,348,40.793785310734464,41.18390804597701,245.93308007013445,-136.93308007013482
111194701,56384919,1505.7092515178651,win,5742.0,HIRE,0,0,3719,3630,0,-89,0,0,,,,
111194701,56384919,1505.7092515178651,win,5742.0,BUY_LAND,0,0,3000,3000,0,0,0,0,,,,
111193584,56384919,1575.9780064703468,win,1801.0,WHEAT,13768,11178,5722,7646,2590,4514,388,312,35.48453608247423,35.82692307692308,2709.835448057098,-119.83544805709805
111193584,56384919,1575.9780064703468,win,1801.0,CARROT,5460,4274,620,560,1186,1126,95,75,57.473684210526315,56.986666666666665,1144.6035087719297,41.39649122807029
111193584,56384919,1575.9780064703468,win,1801.0,TOMATO,0,0,0,0,0,0,0,0,,,,
111193584,56384919,1575.9780064703468,win,1801.0,STRAWBERRY,17759,17776,3300,3300,-17,-17,247,238,71.89878542510121,74.6890756302521,659.6453747490898,-676.6453747490923
111193584,56384919,1575.9780064703468,win,1801.0,MELON,14278,14231,960,960,47,47,72,72,198.30555555555554,197.65277777777777,0.0,46.999999999999545
111193584,56384919,1575.9780064703468,win,1801.0,EGG,0,0,0,0,0,0,0,0,,,,
111193584,56384919,1575.9780064703468,win,1801.0,MILK,17610,17416,2400,2400,194,194,179,191,98.37988826815642,91.18324607329843,-1137.378806048729,1331.3788060487275
111193584,56384919,1575.9780064703468,win,1801.0,WOOL,32399,35083,5000,5500,-2684,-2184,239,278,135.56066945606693,126.1978417266187,-5104.290968062371,2420.2909680623666
111193584,56384919,1575.9780064703468,win,1801.0,FERTILIZER,13740,13554,1579,590,186,-803,331,326,41.51057401812689,41.576687116564415,207.71815283672825,-21.718152836727363
111193584,56384919,1575.9780064703468,win,1801.0,HIRE,0,0,5926,4850,0,-1076,0,0,,,,
111193584,56384919,1575.9780064703468,win,1801.0,BUY_LAND,0,0,3000,3000,0,0,0,0,,,,
111192458,56384919,1632.457030877286,loss,-1462.0,WHEAT,12739,12093,7323,6912,646,235,311,293,40.961414790996784,41.27303754266212,740.1100710029302,-94.11007100293041
111192458,56384919,1632.457030877286,loss,-1462.0,CARROT,4934,5108,620,640,-174,-154,84,87,58.73809523809524,58.71264367816092,-176.17610837438426,2.1761083743841816
111192458,56384919,1632.457030877286,loss,-1462.0,TOMATO,0,0,0,0,0,0,0,0,,,,
111192458,56384919,1632.457030877286,loss,-1462.0,STRAWBERRY,49141,49344,3300,3300,-203,-203,249,249,197.35341365461846,198.16867469879517,0.0,-203.0000000000003
111192458,56384919,1632.457030877286,loss,-1462.0,MELON,14267,14267,960,960,0,0,72,72,198.15277777777777,198.15277777777777,0.0,0.0
111192458,56384919,1632.457030877286,loss,-1462.0,EGG,4526,4526,900,900,0,0,78,78,58.02564102564103,58.02564102564103,0.0,0.0
111192458,56384919,1632.457030877286,loss,-1462.0,MILK,9052,9232,3200,3200,-180,-180,245,245,36.946938775510205,37.68163265306122,0.0,-179.99999999999912
111192458,56384919,1632.457030877286,loss,-1462.0,WOOL,15151,16372,3000,3000,-1221,-1221,161,160,94.1055900621118,102.325,98.2152950310559,-1319.2152950310563
111192458,56384919,1632.457030877286,loss,-1462.0,FERTILIZER,14396,14302,1779,1730,94,45,354,349,40.666666666666664,40.97994269340974,204.11652340019103,-110.11652340019101
111192458,56384919,1632.457030877286,loss,-1462.0,HIRE,0,0,3630,3646,0,16,0,0,,,,
111192458,56384919,1632.457030877286,loss,-1462.0,BUY_LAND,0,0,3000,3000,0,0,0,0,,,,
111191342,56384919,1498.150805760058,loss,-3887.0,WHEAT,12579,12396,5729,7741,183,2195,324,316,38.824074074074076,39.22784810126582,312.2076887013596,-129.20768870135817
111191342,56384919,1498.150805760058,loss,-3887.0,CARROT,5248,4633,620,560,615,555,84,75,62.476190476190474,61.77333333333333,559.1228571428571,55.877142857142715
111191342,56384919,1498.150805760058,loss,-3887.0,TOMATO,0,0,0,0,0,0,0,0,,,,
111191342,56384919,1498.150805760058,loss,-3887.0,STRAWBERRY,33494,34409,3300,3300,-915,-915,239,246,140.14225941422595,139.8739837398374,-980.0568510392216,65.05685103922282
111191342,56384919,1498.150805760058,loss,-3887.0,MELON,14278,14231,960,960,47,47,72,72,198.30555555555554,197.65277777777777,0.0,46.999999999999545
111191342,56384919,1498.150805760058,loss,-3887.0,EGG,0,0,0,0,0,0,0,0,,,,
111191342,56384919,1498.150805760058,loss,-3887.0,MILK,20758,22118,2400,2400,-1360,-1360,172,191,120.68604651162791,115.80104712041884,-2246.627389504444,886.6273895044451
111191342,56384919,1498.150805760058,loss,-3887.0,WOOL,31777,35719,5000,5500,-3942,-3442,243,278,130.76954732510288,128.48561151079136,-4536.965279628149,594.9652796281507
111191342,56384919,1498.150805760058,loss,-3887.0,FERTILIZER,13653,13453,1346,590,200,-556,335,334,40.755223880597015,40.278443113772454,40.516833497184734,159.48316650281564
111191342,56384919,1498.150805760058,loss,-3887.0,HIRE,0,0,5261,4850,0,-411,0,0,,,,
111191342,56384919,1498.150805760058,loss,-3887.0,BUY_LAND,0,0,3000,3000,0,0,0,0,,,,
111190235,56384919,1625.5329021237606,loss,-9478.0,WHEAT,13310,182617,7326,173278,-169307,-3355,310,3980,42.935483870967744,45.88366834170854,-162983.14431026098,-6323.8556897390135
111190235,56384919,1625.5329021237606,loss,-9478.0,CARROT,3825,3887,620,620,-62,-62,84,87,45.535714285714285,44.67816091954023,-135.32081280788177,73.32081280788147
111190235,56384919,1625.5329021237606,loss,-9478.0,TOMATO,0,0,0,0,0,0,0,0,,,,
111190235,56384919,1625.5329021237606,loss,-9478.0,STRAWBERRY,32145,33441,3300,3300,-1296,-1296,249,249,129.09638554216866,134.3012048192771,0.0,-1296.000000000002
111190235,56384919,1625.5329021237606,loss,-9478.0,MELON,14267,14267,960,960,0,0,72,72,198.15277777777777,198.15277777777777,0.0,0.0
111190235,56384919,1625.5329021237606,loss,-9478.0,EGG,5028,9623,900,1500,-4595,-3995,82,159,61.31707317073171,60.522012578616355,-4690.804801349901,95.80480134990032
111190235,56384919,1625.5329021237606,loss,-9478.0,MILK,5190,4798,3200,2400,392,-408,245,192,21.183673469387756,24.989583333333332,1223.5913052721087,-831.5913052721083
111190235,56384919,1625.5329021237606,loss,-9478.0,WOOL,7027,8129,3000,3000,-1102,-1102,161,161,43.64596273291925,50.49068322981366,0.0,-1102.0
111190235,56384919,1625.5329021237606,loss,-9478.0,FERTILIZER,14544,14197,1820,1768,347,295,348,331,41.793103448275865,42.89123867069486,719.8169080112513,-372.8169080112492
111190235,56384919,1625.5329021237606,loss,-9478.0,HIRE,0,0,3630,4075,0,445,0,0,,,,
111190235,56384919,1625.5329021237606,loss,-9478.0,BUY_LAND,0,0,3000,3000,0,0,0,0,,,,
111189110,56384919,1519.0519328959354,win,2667.0,WHEAT,13540,13031,7326,7102,509,285,317,304,42.71293375394322,42.86513157894737,556.2574246637888,-47.257424663788996
111189110,56384919,1519.0519328959354,win,2667.0,CARROT,5038,4969,620,620,69,69,85,84,59.27058823529412,59.154761904761905,59.21267507002801,9.78732492997218
111189110,56384919,1519.0519328959354,win,2667.0,TOMATO,0,0,0,0,0,0,0,0,,,,
111189110,56384919,1519.0519328959354,win,2667.0,STRAWBERRY,46532,45269,3300,3300,1263,1263,249,249,186.87550200803213,181.80321285140562,0.0,1263.0000000000011
111189110,56384919,1519.0519328959354,win,2667.0,MELON,14267,14267,960,960,0,0,72,72,198.15277777777777,198.15277777777777,0.0,0.0
111189110,56384919,1519.0519328959354,win,2667.0,EGG,5043,4738,900,900,305,305,83,78,60.75903614457831,60.743589743589745,303.75656472042016,1.2434352795795434
111189110,56384919,1519.0519328959354,win,2667.0,MILK,6231,5171,3200,3200,1060,1060,245,245,25.43265306122449,21.10612244897959,0.0,1060.0
111189110,56384919,1519.0519328959354,win,2667.0,WOOL,5420,5639,3000,3000,-219,-219,161,161,33.66459627329193,35.024844720496894,0.0,-218.99999999999966
111189110,56384919,1519.0519328959354,win,2667.0,FERTILIZER,14332,14428,1787,1787,-96,-96,346,347,41.421965317919074,41.5792507204611,-41.50060801919008,-54.49939198081087
111189110,56384919,1519.0519328959354,win,2667.0,HIRE,0,0,3630,3630,0,0,0,0,,,,
111189110,56384919,1519.0519328959354,win,2667.0,BUY_LAND,0,0,3000,3000,0,0,0,0,,,,
111187768,56384919,1612.3725812765424,loss,-20306.0,WHEAT,12398,18367,7403,7990,-5969,-5382,310,455,39.99354838709677,40.36703296703297,-5826.142148174406,-142.8578518255951
111187768,56384919,1612.3725812765424,loss,-20306.0,CARROT,3457,4176,620,620,-719,-719,80,97,43.2125,43.05154639175258,-733.2443943298969,14.244394329896483
111187768,56384919,1612.3725812765424,loss,-20306.0,TOMATO,0,0,0,0,0,0,0,0,,,,
111187768,56384919,1612.3725812765424,loss,-20306.0,STRAWBERRY,51729,51816,3300,3300,-87,-87,245,245,211.13877551020408,211.4938775510204,0.0,-86.99999999999832
111187768,56384919,1612.3725812765424,loss,-20306.0,MELON,13385,14643,880,960,-1258,-1178,66,72,202.8030303030303,203.375,-1218.534090909091,-39.4659090909085
111187768,56384919,1612.3725812765424,loss,-20306.0,EGG,3913,4655,900,900,-742,-742,77,91,50.81818181818182,51.15384615384615,-713.8041958041958,-28.195804195803987
111187768,56384919,1612.3725812765424,loss,-20306.0,MILK,50206,63123,3200,3600,-12917,-12517,212,266,236.82075471698113,237.3045112781955,-12801.382181869769,-115.61781813023288
111187768,56384919,1612.3725812765424,loss,-20306.0,WOOL,5473,5519,3000,2500,-46,-546,158,87,34.639240506329116,63.4367816091954,3481.6987851011204,-3527.6987851011195
111187768,56384919,1612.3725812765424,loss,-20306.0,FERTILIZER,14611,15184,1965,2723,-573,185,318,336,45.94654088050314,45.19047619047619,-820.2331536388141,247.2331536388137
111187768,56384919,1612.3725812765424,loss,-20306.0,HIRE,0,0,3628,4308,0,680,0,0,,,,
111187768,56384919,1612.3725812765424,loss,-20306.0,BUY_LAND,0,0,3000,3000,0,0,0,0,,,,
111187999,56384919,1492.6958105251367,win,2659.0,WHEAT,14617,12513,6774,7106,2104,2436,354,304,41.2909604519774,41.161184210526315,2061.3036165625927,42.69638343740624
111187999,56384919,1492.6958105251367,win,2659.0,CARROT,3614,3623,620,620,-9,-9,84,84,43.023809523809526,43.13095238095238,0.0,-8.999999999999744
111187999,56384919,1492.6958105251367,win,2659.0,TOMATO,0,0,0,0,0,0,0,0,,,,
111187999,56384919,1492.6958105251367,win,2659.0,STRAWBERRY,59795,59733,3300,3300,62,62,249,249,240.140562248996,239.89156626506025,0.0,61.999999999999886
111187999,56384919,1492.6958105251367,win,2659.0,MELON,14267,14267,960,960,0,0,72,72,198.15277777777777,198.15277777777777,0.0,0.0
111187999,56384919,1492.6958105251367,win,2659.0,EGG,3844,4049,900,900,-205,-205,74,78,51.945945945945944,51.91025641025641,-207.7124047124047,2.7124047124046626
111187999,56384919,1492.6958105251367,win,2659.0,MILK,26350,25649,3200,3200,701,701,245,245,107.55102040816327,104.68979591836735,0.0,700.9999999999993
111187999,56384919,1492.6958105251367,win,2659.0,WOOL,13267,12444,3000,3000,823,823,161,161,82.40372670807453,77.2919254658385,0.0,823.0000000000002
111187999,56384919,1492.6958105251367,win,2659.0,FERTILIZER,14666,14549,2266,1822,117,-327,341,342,43.00879765395894,42.54093567251462,-42.77486666323678,159.77486666323608
111187999,56384919,1492.6958105251367,win,2659.0,HIRE,0,0,4452,3630,0,-822,0,0,,,,
111187999,56384919,1492.6958105251367,win,2659.0,BUY_LAND,0,0,3000,3000,0,0,0,0,,,,
111186891,56384919,1476.451730322051,win,5671.0,WHEAT,12665,12535,7140,6916,130,-94,306,302,41.388888888888886,41.50662251655629,165.79102281089035,-35.79102281089126
111186891,56384919,1476.451730322051,win,5671.0,CARROT,4773,4656,620,620,117,117,84,83,56.82142857142857,56.096385542168676,56.45890705679862,60.54109294320111
111186891,56384919,1476.451730322051,win,5671.0,TOMATO,11436,0,500,0,11436,10936,79,0,144.7594936708861,,,
111186891,56384919,1476.451730322051,win,5671.0,STRAWBERRY,58643,58059,3300,3300,584,584,249,249,235.5140562248996,233.16867469879517,0.0,584.0000000000038
111186891,56384919,1476.451730322051,win,5671.0,MELON,14267,14267,960,960,0,0,72,72,198.15277777777777,198.15277777777777,0.0,0.0
111186891,56384919,1476.451730322051,win,5671.0,EGG,4240,4069,900,900,171,171,77,74,55.064935064935064,54.986486486486484,165.07713232713235,5.922867672867756
111186891,56384919,1476.451730322051,win,5671.0,MILK,13275,11586,3200,3200,1689,1689,245,245,54.183673469387756,47.289795918367346,0.0,1689.0000000000005
111186891,56384919,1476.451730322051,win,5671.0,WOOL,5494,5575,3000,3000,-81,-81,161,161,34.12422360248447,34.62732919254658,0.0,-81.00000000000014
111186891,56384919,1476.451730322051,win,5671.0,FERTILIZER,14539,14384,1928,1816,155,43,345,362,42.142028985507245,39.73480662983425,-695.9531027304026,850.9531027304027
111186891,56384919,1476.451730322051,win,5671.0,HIRE,0,0,7324,3630,0,-3694,0,0,,,,
111186891,56384919,1476.451730322051,win,5671.0,BUY_LAND,0,0,7000,3000,0,-4000,0,0,,,,
111185783,56384919,1482.8387200651755,win,17594.0,WHEAT,13570,12774,7277,7017,796,536,323,304,42.01238390092879,42.01973684210526,798.3051470588235,-2.3051470588236604
111185783,56384919,1482.8387200651755,win,17594.0,CARROT,13504,13401,620,620,103,103,84,84,160.76190476190476,159.53571428571428,0.0,103.00000000000045
111185783,56384919,1482.8387200651755,win,17594.0,TOMATO,26604,0,500,0,26604,26104,80,0,332.55,,,
111185783,56384919,1482.8387200651755,win,17594.0,STRAWBERRY,52009,52719,3300,3300,-710,-710,243,249,214.02880658436214,211.72289156626505,-1277.2550944518816,567.2550944518856
111185783,56384919,1482.8387200651755,win,17594.0,MELON,14267,14267,960,960,0,0,72,72,198.15277777777777,198.15277777777777,0.0,0.0
111185783,56384919,1482.8387200651755,win,17594.0,EGG,3705,4013,900,900,-308,-308,72,78,51.458333333333336,51.44871794871795,-308.72115384615387,0.7211538461540101
111185783,56384919,1482.8387200651755,win,17594.0,MILK,4442,4346,3200,3200,96,96,245,245,18.13061224489796,17.738775510204082,0.0,96.00000000000028
111185783,56384919,1482.8387200651755,win,17594.0,WOOL,5551,5527,3000,3000,24,24,154,161,36.04545454545455,34.32919254658385,-246.3112648221344,270.3112648221351
111185783,56384919,1482.8387200651755,win,17594.0,FERTILIZER,14607,14530,2159,1813,77,-269,346,347,42.216763005780344,41.873198847262245,-42.04498092652129,119.04498092652125
111185783,56384919,1482.8387200651755,win,17594.0,HIRE,0,0,7612,3630,0,-3982,0,0,,,,
111185783,56384919,1482.8387200651755,win,17594.0,BUY_LAND,0,0,7000,3000,0,-4000,0,0,,,,
111184660,56384919,1505.774340996326,win,1971.0,WHEAT,13427,12940,7326,7102,487,263,316,304,42.49050632911393,42.56578947368421,510.3377748167888,-23.33777481678844
111184660,56384919,1505.774340996326,win,1971.0,CARROT,2904,2912,620,620,-8,-8,84,84,34.57142857142857,34.666666666666664,0.0,-7.999999999999972
111184660,56384919,1505.774340996326,win,1971.0,TOMATO,7970,0,500,0,7970,7470,80,0,99.625,,,
111184660,56384919,1505.774340996326,win,1971.0,STRAWBERRY,12700,11869,3300,3300,831,831,242,249,52.47933884297521,47.666666666666664,-350.5110192837465,1181.511019283748
111184660,56384919,1505.774340996326,win,1971.0,MELON,14267,14267,960,960,0,0,72,72,198.15277777777777,198.15277777777777,0.0,0.0
111184660,56384919,1505.774340996326,win,1971.0,EGG,4452,4792,900,900,-340,-340,72,78,61.833333333333336,61.43589743589744,-369.8076923076923,29.807692307692335
111184660,56384919,1505.774340996326,win,1971.0,MILK,7975,6873,3200,3200,1102,1102,244,245,32.6844262295082,28.053061224489795,-30.368743726998996,1132.3687437269994
111184660,56384919,1505.774340996326,win,1971.0,WOOL,23843,22880,3000,3000,963,963,154,161,154.82467532467533,142.11180124223603,-1039.2776679841895,2002.2776679841895
111184660,56384919,1505.774340996326,win,1971.0,FERTILIZER,14588,14563,2170,1817,25,-328,341,349,42.780058651026394,41.72779369627507,-338.03140938920586,363.03140938920626
111184660,56384919,1505.774340996326,win,1971.0,HIRE,0,0,7612,3630,0,-3982,0,0,,,,
111184660,56384919,1505.774340996326,win,1971.0,BUY_LAND,0,0,7000,3000,0,-4000,0,0,,,,
111183561,56384919,1471.129145263469,win,4043.0,WHEAT,15481,12301,7238,7013,3180,2955,380,304,40.73947368421052,40.463815789473685,3085.725,94.27499999999867
111183561,56384919,1471.129145263469,win,4043.0,CARROT,4911,4377,620,620,534,534,94,84,52.244680851063826,52.107142857142854,521.7591185410334,12.240881458966527
111183561,56384919,1471.129145263469,win,4043.0,TOMATO,0,0,0,0,0,0,0,0,,,,
111183561,56384919,1471.129145263469,win,4043.0,STRAWBERRY,3722,3450,3300,3300,272,272,249,249,14.947791164658634,13.855421686746988,0.0,271.99999999999983
111183561,56384919,1471.129145263469,win,4043.0,MELON,14267,14267,960,960,0,0,72,72,198.15277777777777,198.15277777777777,0.0,0.0
111183561,56384919,1471.129145263469,win,4043.0,EGG,4764,4840,900,900,-76,-76,77,78,61.87012987012987,62.05128205128205,-61.960705960705965,-14.03929403929384
111183561,56384919,1471.129145263469,win,4043.0,MILK,7310,7146,3200,3200,164,164,219,245,33.37899543378995,29.16734693877551,-813.102450843351,977.102450843351
111183561,56384919,1471.129145263469,win,4043.0,WOOL,7180,6555,3000,3000,625,625,159,161,45.15723270440252,40.714285714285715,-85.87151841868823,710.8715184186883
111183561,56384919,1471.129145263469,win,4043.0,FERTILIZER,14425,14406,1879,1785,19,-75,350,342,41.214285714285715,42.12280701754386,333.34837092731834,-314.34837092731914
111183561,56384919,1471.129145263469,win,4043.0,HIRE,0,0,3986,3630,0,-356,0,0,,,,
111183561,56384919,1471.129145263469,win,4043.0,BUY_LAND,0,0,3000,3000,0,0,0,0,,,,
111183131,56384919,1481.994566638829,loss,-42356.0,WHEAT,14950,12976,5063,8053,1974,4964,432,363,34.60648148148148,35.7465564738292,2427.1798094582186,-453.179809458219
111183131,56384919,1481.994566638829,loss,-42356.0,CARROT,5610,6516,620,940,-906,-586,95,112,59.05263157894737,58.17857142857143,-996.4652255639098,90.46522556390971
111183131,56384919,1481.994566638829,loss,-42356.0,TOMATO,0,0,0,0,0,0,0,0,,,,
111183131,56384919,1481.994566638829,loss,-42356.0,STRAWBERRY,17537,33276,2900,3300,-15739,-15339,143,247,122.63636363636364,134.72064777327935,-13382.564593301437,-2356.435406698564
111183131,56384919,1481.994566638829,loss,-42356.0,MELON,13128,14684,960,960,-1556,-1556,64,72,205.125,203.94444444444446,-1636.2777777777778,80.27777777777692
111183131,56384919,1481.994566638829,loss,-42356.0,EGG,0,0,0,0,0,0,0,0,,,,
111183131,56384919,1481.994566638829,loss,-42356.0,MILK,2448,6228,2000,2400,-3780,-3380,75,131,32.64,47.541984732824424,-2245.095572519084,-1534.9044274809157
111183131,56384919,1481.994566638829,loss,-42356.0,WOOL,43804,64366,4000,5500,-20562,-19062,189,278,231.76719576719577,231.53237410071944,-20616.830859122227,54.83085912222437
111183131,56384919,1481.994566638829,loss,-42356.0,FERTILIZER,11800,16700,2655,1066,-4900,-6489,235,327,50.212765957446805,51.07033639143731,-4659.022708048669,-240.97729195133135
111183131,56384919,1481.994566638829,loss,-42356.0,HIRE,0,0,5847,4939,0,-908,0,0,,,,
111183131,56384919,1481.994566638829,loss,-42356.0,BUY_LAND,0,0,3000,3000,0,0,0,0,,,,
111182435,56384919,1480.3201501215742,loss,-4248.0,WHEAT,11682,11471,7211,5745,211,-1255,311,299,37.562700964630224,38.364548494983275,455.56349675768104,-244.5634967576805
111182435,56384919,1480.3201501215742,loss,-4248.0,CARROT,4825,8801,620,980,-3976,-3616,84,153,57.44047619047619,57.52287581699346,-3966.235644257703,-9.764355742296779
111182435,56384919,1480.3201501215742,loss,-4248.0,TOMATO,0,0,0,0,0,0,0,0,,,,
111182435,56384919,1480.3201501215742,loss,-4248.0,STRAWBERRY,24556,22711,3300,2800,1845,1345,249,209,98.61847389558233,108.66507177033493,4145.670913318345,-2300.6709133183467
111182435,56384919,1480.3201501215742,loss,-4248.0,MELON,14267,16319,960,1360,-2052,-1652,72,102,198.15277777777777,159.99019607843138,-5372.144607843137,3320.144607843136
111182435,56384919,1480.3201501215742,loss,-4248.0,EGG,3704,3643,900,900,61,61,78,76,47.48717948717949,47.93421052631579,95.42139001349528,-34.42139001349499
111182435,56384919,1480.3201501215742,loss,-4248.0,MILK,22588,22385,3600,3600,203,203,266,250,84.9172932330827,89.54,1395.6583458646617,-1192.6583458646644
111182435,56384919,1480.3201501215742,loss,-4248.0,WOOL,23449,24258,2500,2500,-809,-809,139,139,168.6978417266187,174.5179856115108,0.0,-809.0000000000025
111182435,56384919,1480.3201501215742,loss,-4248.0,FERTILIZER,14642,14643,1808,2318,-1,509,356,356,41.12921348314607,41.13202247191011,0.0,-0.9999999999999432
111182435,56384919,1480.3201501215742,loss,-4248.0,HIRE,0,0,3630,4596,0,966,0,0,,,,
111182435,56384919,1480.3201501215742,loss,-4248.0,BUY_LAND,0,0,3000,3000,0,0,0,0,,,,
111181330,56384919,1542.9070825839715,loss,-537.0,WHEAT,13034,10669,6625,6840,2365,2580,359,298,36.306406685236766,35.80201342281879,2199.3068132956946,165.6931867043056
111181330,56384919,1542.9070825839715,loss,-537.0,CARROT,9790,5638,1080,620,4152,3692,146,84,67.05479452054794,67.11904761904762,4159.389106327462,-7.389106327462827
111181330,56384919,1542.9070825839715,loss,-537.0,TOMATO,0,0,0,0,0,0,0,0,,,,
111181330,56384919,1542.9070825839715,loss,-537.0,STRAWBERRY,48535,48420,3300,3300,115,115,249,249,194.91967871485943,194.4578313253012,0.0,114.99999999999568
111181330,56384919,1542.9070825839715,loss,-537.0,MELON,14267,14267,960,960,0,0,72,72,198.15277777777777,198.15277777777777,0.0,0.0
111181330,56384919,1542.9070825839715,loss,-537.0,EGG,3588,3423,900,900,165,165,81,78,44.2962962962963,43.88461538461539,132.27136752136755,32.728632478632406
111181330,56384919,1542.9070825839715,loss,-537.0,MILK,27396,26887,3600,3200,509,109,266,245,102.99248120300751,109.74285714285715,2233.721052631579,-1724.7210526315812
111181330,56384919,1542.9070825839715,loss,-537.0,WOOL,9150,15084,2500,3000,-5934,-5434,87,161,105.17241379310344,93.68944099378882,-7357.888627115013,1423.8886271150134
111181330,56384919,1542.9070825839715,loss,-537.0,FERTILIZER,14448,14884,2353,1857,-436,-932,344,342,42.0,43.52046783625731,85.52046783625731,-521.5204678362575
111181330,56384919,1542.9070825839715,loss,-537.0,HIRE,0,0,4452,3620,0,-832,0,0,,,,
111181330,56384919,1542.9070825839715,loss,-537.0,BUY_LAND,0,0,3000,3000,0,0,0,0,,,,
111180222,56384919,1481.2165054975071,win,4785.0,WHEAT,15163,14886,7239,6429,277,-533,368,356,41.203804347826086,41.81460674157304,498.1104665363947,-221.1104665363963
111180222,56384919,1481.2165054975071,win,4785.0,CARROT,5145,5085,620,620,60,60,94,95,54.734042553191486,53.526315789473685,-54.130179171332585,114.1301791713322
111180222,56384919,1481.2165054975071,win,4785.0,TOMATO,0,0,0,0,0,0,0,0,,,,
111180222,56384919,1481.2165054975071,win,4785.0,STRAWBERRY,26257,26351,3300,3300,-94,-94,249,247,105.44979919678715,106.6842105263158,212.13400972310296,-306.13400972310285
111180222,56384919,1481.2165054975071,win,4785.0,MELON,14267,14267,960,960,0,0,72,72,198.15277777777777,198.15277777777777,0.0,0.0
111180222,56384919,1481.2165054975071,win,4785.0,EGG,5453,0,900,0,5453,4553,82,0,66.5,,,
111180222,56384919,1481.2165054975071,win,4785.0,MILK,4827,5295,3200,4400,-468,732,227,272,21.26431718061674,19.466911764705884,-916.4526512697591,448.45265126975846
111180222,56384919,1481.2165054975071,win,4785.0,WOOL,5468,5605,3000,3000,-137,-137,159,161,34.38993710691824,34.81366459627329,-69.20360170319154,-67.79639829680832
111180222,56384919,1481.2165054975071,win,4785.0,FERTILIZER,14681,14495,1967,2074,186,293,351,342,41.826210826210826,42.38304093567251,378.94163292847503,-192.94163292847406
111180222,56384919,1481.2165054975071,win,4785.0,HIRE,0,0,3986,3897,0,-89,0,0,,,,
111180222,56384919,1481.2165054975071,win,4785.0,BUY_LAND,0,0,3000,3000,0,0,0,0,,,,
111179102,56384919,1477.996563516282,win,7479.0,WHEAT,13397,12669,6469,6407,728,666,359,349,37.317548746518106,36.30085959885387,368.09204172685986,359.90795827314014
111179102,56384919,1477.996563516282,win,7479.0,CARROT,5815,2823,1080,620,2992,2532,146,92,39.82876712328767,30.684782608695652,1903.8658427635496,1088.13415723645
111179102,56384919,1477.996563516282,win,7479.0,TOMATO,0,0,0,0,0,0,0,0,,,,
111179102,56384919,1477.996563516282,win,7479.0,STRAWBERRY,56581,59162,3300,3300,-2581,-2581,249,262,227.23293172690762,225.8091603053435,-2944.7735982096324,363.7735982096306
111179102,56384919,1477.996563516282,win,7479.0,MELON,14267,14267,960,960,0,0,72,72,198.15277777777777,198.15277777777777,0.0,0.0
111179102,56384919,1477.996563516282,win,7479.0,EGG,4103,4421,900,900,-318,-318,81,88,50.65432098765432,50.23863636363637,-353.12535072951744,35.125350729517294
111179102,56384919,1477.996563516282,win,7479.0,MILK,53910,49324,3600,3600,4586,4586,266,240,202.66917293233084,205.51666666666668,5306.415914786968,-720.415914786968
111179102,56384919,1477.996563516282,win,7479.0,WOOL,5630,5292,2500,2500,338,338,87,131,64.71264367816092,40.396946564885496,-2312.410985347021,2650.410985347021
111179102,56384919,1477.996563516282,win,7479.0,FERTILIZER,15573,14627,2812,2331,946,465,342,327,45.53508771929825,44.730886850152906,676.9948092708836,269.00519072911635
111179102,56384919,1477.996563516282,win,7479.0,HIRE,0,0,4452,6243,0,1791,0,0,,,,
111179102,56384919,1477.996563516282,win,7479.0,BUY_LAND,0,0,3000,3000,0,0,0,0,,,,
111177982,56384919,1480.240778874669,win,4171.0,WHEAT,12913,10625,7213,6990,2288,2065,374,304,34.526737967914436,34.95065789473684,2431.7088551927945,-143.70885519279597
111177982,56384919,1480.240778874669,win,4171.0,CARROT,3677,3118,620,620,559,559,99,84,37.14141414141414,37.11904761904762,556.9534632034632,2.0465367965363903
111177982,56384919,1480.240778874669,win,4171.0,TOMATO,0,0,0,0,0,0,0,0,,,,
111177982,56384919,1480.240778874669,win,4171.0,STRAWBERRY,56249,56079,3300,3300,170,170,249,249,225.8995983935743,225.21686746987953,0.0,169.99999999999946
111177982,56384919,1480.240778874669,win,4171.0,MELON,14267,14267,960,960,0,0,72,72,198.15277777777777,198.15277777777777,0.0,0.0
111177982,56384919,1480.240778874669,win,4171.0,EGG,4289,4536,900,900,-247,-247,74,78,57.95945945945946,58.15384615384615,-232.22661122661123,-14.773388773388717
111177982,56384919,1480.240778874669,win,4171.0,MILK,18442,17400,3200,3200,1042,1042,245,245,75.2734693877551,71.0204081632653,0.0,1042.0000000000005
111177982,56384919,1480.240778874669,win,4171.0,WOOL,16899,15030,3000,3000,1869,1869,161,161,104.96273291925466,93.35403726708074,0.0,1869.0000000000014
111177982,56384919,1480.240778874669,win,4171.0,FERTILIZER,14596,14618,2259,1816,-22,-465,354,342,41.23163841807909,42.74269005847953,503.8459708593517,-525.8459708593526
111177982,56384919,1480.240778874669,win,4171.0,HIRE,0,0,4452,3630,0,-822,0,0,,,,
111177982,56384919,1480.240778874669,win,4171.0,BUY_LAND,0,0,3000,3000,0,0,0,0,,,,
111176885,56384919,1399.9762406722311,win,2065.0,WHEAT,12797,15215,7174,7027,-2418,-2565,312,361,41.01602564102564,42.146814404432135,-2037.4895811137158,-380.51041888628475
111176885,56384919,1399.9762406722311,win,2065.0,CARROT,3528,3481,620,620,47,47,83,93,42.506024096385545,37.43010752688172,-399.68065811633636,446.6806581163366
111176885,56384919,1399.9762406722311,win,2065.0,TOMATO,0,0,0,0,0,0,0,0,,,,
111176885,56384919,1399.9762406722311,win,2065.0,STRAWBERRY,57648,59802,3300,3300,-2154,-2154,249,261,231.51807228915663,229.1264367816092,-2763.867054424595,609.8670544245994
111176885,56384919,1399.9762406722311,win,2065.0,MELON,14267,14267,960,960,0,0,72,72,198.15277777777777,198.15277777777777,0.0,0.0
111176885,56384919,1399.9762406722311,win,2065.0,EGG,4813,4674,900,900,139,139,81,79,59.41975308641975,59.164556962025316,118.58431004844508,20.41568995155501
111176885,56384919,1399.9762406722311,win,2065.0,MILK,17081,12773,3200,4000,4308,5108,243,210,70.29218106995884,60.82380952380952,2163.413844797178,2144.5861552028214
111176885,56384919,1399.9762406722311,win,2065.0,WOOL,5610,5408,3000,2000,202,-798,161,104,34.84472049689441,52.0,2475.0745341614906,-2273.0745341614906
111176885,56384919,1399.9762406722311,win,2065.0,FERTILIZER,14595,14121,1828,1783,474,429,348,326,41.939655172413794,43.3159509202454,937.8116670192511,-463.811667019251
111176885,56384919,1399.9762406722311,win,2065.0,HIRE,0,0,3630,5489,0,1859,0,0,,,,
111176885,56384919,1399.9762406722311,win,2065.0,BUY_LAND,0,0,3000,3000,0,0,0,0,,,,
111175763,56384919,1411.019846858907,win,4906.0,WHEAT,12894,8162,6938,10963,4732,8757,315,217,40.93333333333333,37.61290322580645,3848.7655913978488,883.2344086021506
111175763,56384919,1411.019846858907,win,4906.0,CARROT,5087,4064,620,500,1023,903,84,70,60.55952380952381,58.05714285714286,830.3166666666667,192.6833333333334
111175763,56384919,1411.019846858907,win,4906.0,TOMATO,0,0,0,0,0,0,0,0,,,,
111175763,56384919,1411.019846858907,win,4906.0,STRAWBERRY,31879,42200,3300,4400,-10321,-9221,249,352,128.0281124497992,119.88636363636364,-12767.595518437385,2446.5955184373884
111175763,56384919,1411.019846858907,win,4906.0,MELON,17357,11481,960,880,5876,5796,72,66,241.06944444444446,173.95454545454547,1245.07196969697,4630.92803030303
111175763,56384919,1411.019846858907,win,4906.0,EGG,3876,7711,900,1200,-3835,-3535,77,152,50.33766233766234,50.73026315789474,-3790.0472060833904,-44.95279391661011
111175763,56384919,1411.019846858907,win,4906.0,MILK,20376,23418,3200,4000,-3042,-2242,245,309,83.16734693877551,75.7864077669903,-5086.520150584505,2044.5201505845046
111175763,56384919,1411.019846858907,win,4906.0,WOOL,8287,5651,3000,2000,2636,1636,161,112,51.47204968944099,50.455357142857146,2497.2214673913045,138.77853260869517
111175763,56384919,1411.019846858907,win,4906.0,FERTILIZER,13656,13707,1695,465,-51,-1281,347,356,39.35446685878963,38.502808988764045,-350.3577413139915,299.35774131399256
111175763,56384919,1411.019846858907,win,4906.0,HIRE,0,0,3630,7723,0,4093,0,0,,,,
111175763,56384919,1411.019846858907,win,4906.0,BUY_LAND,0,0,3000,3000,0,0,0,0,,,,
111174656,56384919,1440.0656406130488,loss,-2732.0,WHEAT,14819,10969,7013,5643,3850,2480,442,314,33.52714932126697,34.93312101910828,4381.457301784016,-531.4573017840149
111174656,56384919,1440.0656406130488,loss,-2732.0,CARROT,4978,8880,620,1220,-3902,-3302,94,164,52.95744680851064,54.146341463414636,-3748.632589517385,-153.36741048261564
111174656,56384919,1440.0656406130488,loss,-2732.0,TOMATO,0,0,0,0,0,0,0,0,,,,
111174656,56384919,1440.0656406130488,loss,-2732.0,STRAWBERRY,14813,15036,3300,3300,-223,-223,248,247,59.729838709677416,60.874493927125506,60.30216631840146,-283.30216631840227
111174656,56384919,1440.0656406130488,loss,-2732.0,MELON,14267,14267,960,960,0,0,72,72,198.15277777777777,198.15277777777777,0.0,0.0
111174656,56384919,1440.0656406130488,loss,-2732.0,EGG,3866,4639,900,900,-773,-773,73,88,52.95890410958904,52.71590909090909,-792.561099003736,19.561099003735876
111174656,56384919,1440.0656406130488,loss,-2732.0,MILK,16063,16283,3200,3200,-220,-220,210,207,76.49047619047619,78.66183574879227,232.7284679089027,-452.7284679089035
111174656,56384919,1440.0656406130488,loss,-2732.0,WOOL,10866,10570,3000,3000,296,296,159,144,68.33962264150944,73.40277777777777,1063.068003144654,-767.0680031446528
111174656,56384919,1440.0656406130488,loss,-2732.0,FERTILIZER,15788,15648,3474,2865,140,-469,347,340,45.4985590778098,46.023529411764706,320.3273097135108,-180.32730971350964
111174656,56384919,1440.0656406130488,loss,-2732.0,HIRE,0,0,4685,4164,0,-521,0,0,,,,
111174656,56384919,1440.0656406130488,loss,-2732.0,BUY_LAND,0,0,3000,3000,0,0,0,0,,,,
111173552,56384919,1518.4035581875896,win,4898.0,WHEAT,13049,12684,7257,6141,365,-751,311,301,41.958199356913184,42.13953488372093,420.48867120317055,-55.48867120316936
111173552,56384919,1518.4035581875896,win,4898.0,CARROT,4188,4174,620,620,14,14,84,84,49.857142857142854,49.69047619047619,0.0,13.999999999999801
111173552,56384919,1518.4035581875896,win,4898.0,TOMATO,0,0,0,0,0,0,0,0,,,,
111173552,56384919,1518.4035581875896,win,4898.0,STRAWBERRY,13553,12827,3300,3300,726,726,249,247,54.429718875502004,51.931174089068826,106.36089296457084,619.6391070354284
111173552,56384919,1518.4035581875896,win,4898.0,MELON,14823,13206,960,880,1617,1537,72,66,205.875,200.0909090909091,1217.8977272727275,399.1022727272725
111173552,56384919,1518.4035581875896,win,4898.0,EGG,4507,4507,900,900,0,0,78,78,57.782051282051285,57.782051282051285,0.0,0.0
111173552,56384919,1518.4035581875896,win,4898.0,MILK,21341,18585,3200,3200,2756,2756,245,218,87.10612244897959,85.25229357798165,2326.8386163639766,429.161383636024
111173552,56384919,1518.4035581875896,win,4898.0,WOOL,5479,5600,3000,3000,-121,-121,161,161,34.03105590062112,34.78260869565217,0.0,-120.99999999999949
111173552,56384919,1518.4035581875896,win,4898.0,FERTILIZER,14835,13805,1868,1575,1030,737,353,327,42.02549575070822,42.217125382263,1095.1540747286258,-65.15407472862606
111173552,56384919,1518.4035581875896,win,4898.0,HIRE,0,0,3630,3630,0,0,0,0,,,,
111173552,56384919,1518.4035581875896,win,4898.0,BUY_LAND,0,0,3000,3000,0,0,0,0,,,,
111172434,56384919,1383.0213224515674,win,15900.0,WHEAT,11528,13353,5978,7599,-1825,-204,297,339,38.81481481481482,39.389380530973455,-1642.2881022615536,-182.71189773844685
111172434,56384919,1383.0213224515674,win,15900.0,CARROT,4857,4233,620,620,624,624,84,73,57.82142857142857,57.986301369863014,636.9425146771038,-12.942514677103908
111172434,56384919,1383.0213224515674,win,15900.0,TOMATO,0,0,0,0,0,0,0,0,,,,
111172434,56384919,1383.0213224515674,win,15900.0,STRAWBERRY,4459,5217,3300,3300,-758,-758,247,232,18.05263157894737,22.487068965517242,304.04775408348456,-1062.0477540834843
111172434,56384919,1383.0213224515674,win,15900.0,MELON,14267,14267,960,960,0,0,72,72,198.15277777777777,198.15277777777777,0.0,0.0
111172434,56384919,1383.0213224515674,win,15900.0,EGG,0,3435,0,900,-3435,-2535,0,66,,52.04545454545455,,
111172434,56384919,1383.0213224515674,win,15900.0,MILK,30229,31044,2400,3200,-815,-15,191,201,158.2670157068063,154.44776119402985,-1563.5738845041806,748.573884504182
111172434,56384919,1383.0213224515674,win,15900.0,WOOL,42939,25014,5000,3000,17925,15925,250,143,171.756,174.92307692307693,18547.330615384617,-622.3306153846174
111172434,56384919,1383.0213224515674,win,15900.0,FERTILIZER,13585,14782,1111,2108,-1197,-200,335,338,40.55223880597015,43.73372781065089,-126.42894992493156,-1070.5710500750697
111172434,56384919,1383.0213224515674,win,15900.0,HIRE,0,0,4918,7981,0,3063,0,0,,,,
111172434,56384919,1383.0213224515674,win,15900.0,BUY_LAND,0,0,3000,3000,0,0,0,0,,,,
111171320,56384919,1563.7442845078365,loss,-17369.0,WHEAT,13819,18999,5966,5413,-5180,-5733,396,514,34.89646464646464,36.963035019455255,-4239.710480289274,-940.2895197107282
111171320,56384919,1563.7442845078365,loss,-17369.0,CARROT,3320,7328,620,1320,-4008,-3308,95,178,34.94736842105263,41.168539325842694,-3158.810171496156,-849.1898285038437
111171320,56384919,1563.7442845078365,loss,-17369.0,TOMATO,0,3113,0,300,-3113,-2813,0,45,,69.17777777777778,,
111171320,56384919,1563.7442845078365,loss,-17369.0,STRAWBERRY,27158,32032,3300,3100,-4874,-5074,247,228,109.95141700404858,140.49122807017545,2379.2051282051284,-7253.2051282051325
111171320,56384919,1563.7442845078365,loss,-17369.0,MELON,16075,12552,960,960,3523,3523,72,72,223.26388888888889,174.33333333333334,0.0,3522.999999999999
111171320,56384919,1563.7442845078365,loss,-17369.0,EGG,0,0,0,0,0,0,0,0,,,,
111171320,56384919,1563.7442845078365,loss,-17369.0,MILK,15240,12740,2400,3600,2500,3700,172,166,88.6046511627907,76.74698795180723,496.0549173437938,2003.9450826562072
111171320,56384919,1563.7442845078365,loss,-17369.0,WOOL,19057,26845,5000,4500,-7788,-8288,239,201,79.73640167364017,133.55721393034827,4052.57869647578,-11840.57869647578
111171320,56384919,1563.7442845078365,loss,-17369.0,FERTILIZER,15534,11462,2451,0,4072,1621,331,179,46.93051359516616,64.03351955307262,8433.266519266148,-4361.266519266148
111171320,56384919,1563.7442845078365,loss,-17369.0,HIRE,0,0,5926,4929,0,-997,0,0,,,,
111171320,56384919,1563.7442845078365,loss,-17369.0,BUY_LAND,0,0,3000,3000,0,0,0,0,,,,
111170199,56384919,1406.6095895413748,win,4228.0,WHEAT,13429,19918,7320,12717,-6489,-1092,310,515,43.31935483870968,38.675728155339804,-8404.496006890073,1915.496006890073
111170199,56384919,1406.6095895413748,win,4228.0,CARROT,3194,2923,620,620,271,271,84,95,38.023809523809526,30.768421052631577,-378.35726817042604,649.3572681704263
111170199,56384919,1406.6095895413748,win,4228.0,TOMATO,0,0,0,0,0,0,0,0,,,,
111170199,56384919,1406.6095895413748,win,4228.0,STRAWBERRY,43571,43489,3300,3300,82,82,249,258,174.98393574297188,168.56201550387595,-1545.9567806108153,1627.956780610817
111170199,56384919,1406.6095895413748,win,4228.0,MELON,14267,14267,960,960,0,0,72,72,198.15277777777777,198.15277777777777,0.0,0.0
111170199,56384919,1406.6095895413748,win,4228.0,EGG,4223,4999,900,900,-776,-776,78,93,54.14102564102564,53.75268817204301,-809.2028535980148,33.20285359801521
111170199,56384919,1406.6095895413748,win,4228.0,MILK,52172,49893,3200,3600,2279,2679,245,236,212.9469387755102,211.41101694915255,1909.6108007609823,369.38919923901506
111170199,56384919,1406.6095895413748,win,4228.0,WOOL,5712,5284,3000,2500,428,-72,161,131,35.47826086956522,40.33587786259542,1137.2120809824096,-709.212080982409
111170199,56384919,1406.6095895413748,win,4228.0,FERTILIZER,15038,13842,1882,1874,1196,1188,349,320,43.088825214899714,43.25625,1252.0035906160458,-56.003590616046154
111170199,56384919,1406.6095895413748,win,4228.0,HIRE,0,0,3630,5578,0,1948,0,0,,,,
111170199,56384919,1406.6095895413748,win,4228.0,BUY_LAND,0,0,3000,3000,0,0,0,0,,,,
111169085,56384919,1371.021225607948,win,305.0,WHEAT,13232,20654,5502,12657,-7422,-267,328,562,40.34146341463415,36.7508896797153,-9019.805312038885,1597.8053120388877
111169085,56384919,1371.021225607948,win,305.0,CARROT,4500,1023,620,180,3477,3037,84,19,53.57142857142857,53.8421052631579,3490.9398496240606,-13.93984962406039
111169085,56384919,1371.021225607948,win,305.0,TOMATO,0,0,0,0,0,0,0,0,,,,
111169085,56384919,1371.021225607948,win,305.0,STRAWBERRY,48523,51232,3300,3200,-2709,-2809,237,255,204.73839662447259,200.90980392156862,-3650.833804914371,941.8338049143745
111169085,56384919,1371.021225607948,win,305.0,MELON,14267,14267,960,960,0,0,72,72,198.15277777777777,198.15277777777777,0.0,0.0
111169085,56384919,1371.021225607948,win,305.0,EGG,0,0,0,0,0,0,0,0,,,,
111169085,56384919,1371.021225607948,win,305.0,MILK,4253,4756,2400,2800,-503,-103,165,215,25.775757575757577,22.12093023255814,-1197.417195207893,694.4171952078929
111169085,56384919,1371.021225607948,win,305.0,WOOL,27875,27190,5000,5000,685,685,239,242,116.63179916317992,112.35537190082644,-343.48075659600954,1028.4807565960118
111169085,56384919,1371.021225607948,win,305.0,FERTILIZER,13928,14597,1474,1910,-669,-233,335,332,41.57611940298507,43.96686746987952,128.31448030929687,-797.3144803092977
111169085,56384919,1371.021225607948,win,305.0,HIRE,0,0,5405,5400,0,-5,0,0,,,,
111169085,56384919,1371.021225607948,win,305.0,BUY_LAND,0,0,3000,3000,0,0,0,0,,,,
111167976,56384919,1381.7391659829973,win,10261.0,WHEAT,12965,15035,5955,7000,-2070,-1025,328,382,39.52743902439025,39.3586387434555,-2129.924099731835,59.92409973183506
111167976,56384919,1381.7391659829973,win,10261.0,CARROT,5988,585,620,100,5403,4883,94,9,63.702127659574465,65.0,5469.840425531915,-66.84042553191505
111167976,56384919,1381.7391659829973,win,10261.0,TOMATO,0,0,0,0,0,0,0,0,,,,
111167976,56384919,1381.7391659829973,win,10261.0,STRAWBERRY,26202,25072,3300,3300,1130,1130,247,262,106.08097165991903,95.69465648854961,-1513.3172111135148,2643.317211113517
111167976,56384919,1381.7391659829973,win,10261.0,MELON,14267,14267,960,960,0,0,72,72,198.15277777777777,198.15277777777777,0.0,0.0
111167976,56384919,1381.7391659829973,win,10261.0,EGG,0,0,0,0,0,0,0,0,,,,
111167976,56384919,1381.7391659829973,win,10261.0,MILK,12285,13170,2400,3600,-885,315,180,261,68.25,50.45977011494253,-4807.745689655172,3922.7456896551726
111167976,56384919,1381.7391659829973,win,10261.0,WOOL,31934,26708,5000,4000,5226,4226,251,196,127.22709163346613,136.26530612244898,7246.040938287666,-2020.040938287666
111167976,56384919,1381.7391659829973,win,10261.0,FERTILIZER,13906,14579,1211,2134,-673,250,333,348,41.75975975975976,41.89367816091954,-627.4007844050947,-45.59921559490586
111167976,56384919,1381.7391659829973,win,10261.0,HIRE,0,0,5350,5832,0,482,0,0,,,,
111167976,56384919,1381.7391659829973,win,10261.0,BUY_LAND,0,0,3000,3000,0,0,0,0,,,,
111166839,56384919,1529.32171031507,loss,-6111.0,WHEAT,12052,154392,7183,143613,-142340,-5910,313,3696,38.50479233226837,41.77272727272727,-135789.42441185014,-6550.575588149866
111166839,56384919,1529.32171031507,loss,-6111.0,CARROT,5169,6298,620,620,-1129,-1129,84,103,61.535714285714285,61.14563106796116,-1165.4727808599168,36.47278085991698
111166839,56384919,1529.32171031507,loss,-6111.0,TOMATO,0,0,0,0,0,0,0,0,,,,
111166839,56384919,1529.32171031507,loss,-6111.0,STRAWBERRY,23325,24098,3300,3300,-773,-773,249,249,93.67469879518072,96.77911646586345,0.0,-773.0000000000013
111166839,56384919,1529.32171031507,loss,-6111.0,MELON,14267,14267,960,960,0,0,72,72,198.15277777777777,198.15277777777777,0.0,0.0
111166839,56384919,1529.32171031507,loss,-6111.0,EGG,4035,7835,900,1500,-3800,-3200,80,155,50.4375,50.54838709677419,-3786.970766129032,-13.02923387096758
111166839,56384919,1529.32171031507,loss,-6111.0,MILK,17034,13277,3200,2400,3757,2957,245,183,69.5265306122449,72.55191256830601,4404.431738597078,-647.4317385970777
111166839,56384919,1529.32171031507,loss,-6111.0,WOOL,5513,5504,3000,3000,9,9,161,99,34.24223602484472,55.5959595959596,2784.984064244934,-2775.984064244934
111166839,56384919,1529.32171031507,loss,-6111.0,FERTILIZER,14863,14375,1859,2251,488,880,347,334,42.8328530259366,43.038922155688624,558.1665386805639,-70.16653868056405
111166839,56384919,1529.32171031507,loss,-6111.0,HIRE,0,0,3630,4685,0,1055,0,0,,,,
111166839,56384919,1529.32171031507,loss,-6111.0,BUY_LAND,0,0,3000,3000,0,0,0,0,,,,
111166862,56384919,1387.7916660167498,win,6516.0,WHEAT,15083,14124,7172,6780,959,567,380,355,39.69210526315789,39.78591549295775,993.4752594514455,-34.4752594514474
111166862,56384919,1387.7916660167498,win,6516.0,CARROT,8334,7291,620,620,1043,1043,94,93,88.65957446808511,78.39784946236558,83.52871196522534,959.4712880347757
111166862,56384919,1387.7916660167498,win,6516.0,TOMATO,0,0,0,0,0,0,0,0,,,,
111166862,56384919,1387.7916660167498,win,6516.0,STRAWBERRY,12657,11715,3300,3200,942,842,249,245,50.83132530120482,47.816326530612244,197.29530366363412,744.7046963363664
111166862,56384919,1387.7916660167498,win,6516.0,MELON,14267,14267,960,960,0,0,72,72,198.15277777777777,198.15277777777777,0.0,0.0
111166862,56384919,1387.7916660167498,win,6516.0,EGG,4410,4501,900,900,-91,-91,77,79,57.27272727272727,56.9746835443038,-114.24741081703107,23.247410817030854
111166862,56384919,1387.7916660167498,win,6516.0,MILK,4486,4652,3200,3600,-166,234,219,207,20.484018264840184,22.47342995169082,257.744689299186,-423.7446892991857
111166862,56384919,1387.7916660167498,win,6516.0,WOOL,9039,6864,3000,2500,2175,1675,159,122,56.84905660377358,56.26229508196721,2092.5600061862046,82.43999381379545
111166862,56384919,1387.7916660167498,win,6516.0,FERTILIZER,14892,14174,1980,2005,718,743,350,326,42.54857142857143,43.47852760736196,1032.3251884312008,-314.3251884312002
111166862,56384919,1387.7916660167498,win,6516.0,HIRE,0,0,3986,5489,0,1503,0,0,,,,
111166862,56384919,1387.7916660167498,win,6516.0,BUY_LAND,0,0,3000,3000,0,0,0,0,,,,
111165760,56384919,1351.9854217976158,win,437.0,WHEAT,12415,14634,7305,6764,-2219,-2760,311,371,39.91961414790997,39.44474393530997,-2380.930742496598,161.93074249659847
111165760,56384919,1351.9854217976158,win,437.0,CARROT,3727,416,620,100,3311,2791,84,9,44.36904761904762,46.22222222222222,3397.1726190476193,-86.17261904761895
111165760,56384919,1351.9854217976158,win,437.0,TOMATO,0,0,0,0,0,0,0,0,,,,
111165760,56384919,1351.9854217976158,win,437.0,STRAWBERRY,49725,50488,3300,3300,-763,-763,251,262,198.10756972111554,192.70229007633588,-2149.4542288859825,1386.4542288859811
111165760,56384919,1351.9854217976158,win,437.0,MELON,14267,14267,960,960,0,0,72,72,198.15277777777777,198.15277777777777,0.0,0.0
111165760,56384919,1351.9854217976158,win,437.0,EGG,4746,0,900,0,4746,3846,78,0,60.84615384615385,,,
111165760,56384919,1351.9854217976158,win,437.0,MILK,5369,4549,3200,3600,820,1220,245,261,21.914285714285715,17.42911877394636,-314.7472359058566,1134.7472359058565
111165760,56384919,1351.9854217976158,win,437.0,WOOL,36756,44663,3000,4000,-7907,-6907,161,196,228.29813664596273,227.87244897959184,-7982.985248447205,75.98524844720401
111165760,56384919,1351.9854217976158,win,437.0,FERTILIZER,14863,14187,1838,2059,676,897,342,348,43.45906432748538,40.76724137931034,-252.67891712038718,928.6789171203878
111165760,56384919,1351.9854217976158,win,437.0,HIRE,0,0,3719,5832,0,2113,0,0,,,,
111165760,56384919,1351.9854217976158,win,437.0,BUY_LAND,0,0,3000,3000,0,0,0,0,,,,
111164639,56384919,1400.7296519634854,win,90095.0,WHEAT,11283,14330,6267,11720,-3047,2406,359,493,31.428969359331475,29.066937119675455,-4053.2257340934643,1006.2257340934648
111164639,56384919,1400.7296519634854,win,90095.0,CARROT,8631,3912,1080,620,4719,4259,146,73,59.11643835616438,53.58904109589041,4113.75,605.2499999999999
111164639,56384919,1400.7296519634854,win,90095.0,TOMATO,0,0,0,0,0,0,0,0,,,,
111164639,56384919,1400.7296519634854,win,90095.0,STRAWBERRY,56340,32499,3300,2600,23841,23141,249,144,226.26506024096386,225.6875,23727.5094126506,113.49058734939894
111164639,56384919,1400.7296519634854,win,90095.0,MELON,15607,8280,960,880,7327,7247,72,34,216.76388888888889,243.52941176470588,8745.572712418301,-1418.5727124183009
111164639,56384919,1400.7296519634854,win,90095.0,EGG,3789,3197,900,900,592,592,81,68,46.77777777777778,47.01470588235294,609.6511437908497,-17.651143790849677
111164639,56384919,1400.7296519634854,win,90095.0,MILK,62236,18124,3600,2400,44112,42912,266,77,233.9699248120301,235.37662337662337,44353.24880382775,-241.2488038277483
111164639,56384919,1400.7296519634854,win,90095.0,WOOL,8090,6025,2500,1000,2065,565,87,60,92.98850574712644,100.41666666666667,2610.969827586207,-545.9698275862071
111164639,56384919,1400.7296519634854,win,90095.0,FERTILIZER,20165,8107,4517,426,12058,7967,344,130,58.61918604651163,62.36153846153846,12944.937522361359,-886.9375223613586
111164639,56384919,1400.7296519634854,win,90095.0,HIRE,0,0,4452,5458,0,1006,0,0,,,,
111164639,56384919,1400.7296519634854,win,90095.0,BUY_LAND,0,0,3000,3000,0,0,0,0,,,,
111163534,56384919,1360.992321784129,win,13309.0,WHEAT,12598,11627,6596,6961,971,1336,337,313,37.38278931750742,37.146964856230035,894.3570500848493,76.64294991514905
111163534,56384919,1360.992321784129,win,13309.0,CARROT,4893,3966,900,620,927,647,101,91,48.445544554455445,43.582417582417584,460.13981068436516,466.86018931563467
111163534,56384919,1360.992321784129,win,13309.0,TOMATO,0,0,0,0,0,0,0,0,,,,
111163534,56384919,1360.992321784129,win,13309.0,STRAWBERRY,50770,50681,3300,3300,89,89,249,249,203.89558232931728,203.53815261044176,0.0,89.00000000000509
111163534,56384919,1360.992321784129,win,13309.0,MELON,14267,14267,960,960,0,0,72,72,198.15277777777777,198.15277777777777,0.0,0.0
111163534,56384919,1360.992321784129,win,13309.0,EGG,3761,3595,900,900,166,166,78,75,48.217948717948715,47.93333333333333,144.22692307692307,21.77307692307698
111163534,56384919,1360.992321784129,win,13309.0,MILK,61189,52746,3600,3600,8443,8443,266,231,230.03383458646616,228.33766233766235,8021.5011961722485,421.4988038277455
111163534,56384919,1360.992321784129,win,13309.0,WOOL,5636,5292,2500,2500,344,344,93,131,60.60215053763441,40.396946564885496,-1918.982844947878,2262.982844947878
111163534,56384919,1360.992321784129,win,13309.0,FERTILIZER,15301,14230,2445,1977,1071,603,342,327,44.739766081871345,43.51681957186544,661.9243924030259,409.07560759697503
111163534,56384919,1360.992321784129,win,13309.0,HIRE,0,0,3897,5578,0,1681,0,0,,,,
111163534,56384919,1360.992321784129,win,13309.0,BUY_LAND,0,0,3000,3000,0,0,0,0,,,,
111162430,56384919,1462.6930342711055,loss,-636.0,WHEAT,10228,17462,5801,12500,-7234,-535,293,539,34.907849829351534,32.39703153988868,-8278.500408416545,1044.5004084165473
111162430,56384919,1462.6930342711055,loss,-636.0,CARROT,5477,1170,620,200,4307,3887,84,18,65.20238095238095,65.0,4296.678571428572,10.321428571428399
111162430,56384919,1462.6930342711055,loss,-636.0,TOMATO,0,0,0,0,0,0,0,0,,,,
111162430,56384919,1462.6930342711055,loss,-636.0,STRAWBERRY,27547,25286,3300,3300,2261,2261,247,233,111.52631578947368,108.52360515021459,1540.3494465778178,720.6505534221822
111162430,56384919,1462.6930342711055,loss,-636.0,MELON,14278,14231,960,960,47,47,72,72,198.30555555555554,197.65277777777777,0.0,46.999999999999545
111162430,56384919,1462.6930342711055,loss,-636.0,EGG,0,0,0,0,0,0,0,0,,,,
111162430,56384919,1462.6930342711055,loss,-636.0,MILK,9086,9409,2400,2400,-323,-323,191,192,47.57068062827225,49.005208333333336,-48.28794448080279,-274.712055519198
111162430,56384919,1462.6930342711055,loss,-636.0,WOOL,54531,60856,5000,5500,-6325,-5825,251,279,217.25498007968127,218.12186379928315,-6095.2758143055025,-229.7241856944963
111162430,56384919,1462.6930342711055,loss,-636.0,FERTILIZER,13599,14079,1094,1397,-480,-177,333,350,40.83783783783784,40.22571428571428,-689.040193050193,209.04019305019443
111162430,56384919,1462.6930342711055,loss,-636.0,HIRE,0,0,4973,5002,0,29,0,0,,,,
111162430,56384919,1462.6930342711055,loss,-636.0,BUY_LAND,0,0,3000,3000,0,0,0,0,,,,
111161295,56384919,1480.9620956665124,loss,-471.0,WHEAT,11696,11591,5780,7776,105,2101,300,292,38.986666666666665,39.695205479452056,314.7274885844749,-209.72748858447596
111161295,56384919,1480.9620956665124,loss,-471.0,CARROT,3126,3403,620,740,-277,-157,84,89,37.214285714285715,38.235955056179776,-188.6256019261637,-88.37439807383626
111161295,56384919,1480.9620956665124,loss,-471.0,TOMATO,0,0,0,0,0,0,0,0,,,,
111161295,56384919,1480.9620956665124,loss,-471.0,STRAWBERRY,9183,9091,3300,3300,92,92,247,246,37.178137651821864,36.95528455284553,37.0667111023337,54.9332888976671
111161295,56384919,1480.9620956665124,loss,-471.0,MELON,14278,14231,960,960,47,47,72,72,198.30555555555554,197.65277777777777,0.0,46.999999999999545
111161295,56384919,1480.9620956665124,loss,-471.0,EGG,0,0,0,0,0,0,0,0,,,,
111161295,56384919,1480.9620956665124,loss,-471.0,MILK,12410,12498,2400,2400,-88,-88,183,191,67.81420765027322,65.43455497382199,-532.9950504963808,444.9950504963799
111161295,56384919,1480.9620956665124,loss,-471.0,WOOL,23712,26353,5000,5500,-2641,-2141,249,278,95.2289156626506,94.79496402877697,-2755.3462555256997,114.34625552570233
111161295,56384919,1480.9620956665124,loss,-471.0,FERTILIZER,13508,13275,1064,553,233,-278,333,317,40.56456456456456,41.87697160883281,659.5322893871789,-426.53228938718064
111161295,56384919,1480.9620956665124,loss,-471.0,HIRE,0,0,4973,4926,0,-47,0,0,,,,
111161295,56384919,1480.9620956665124,loss,-471.0,BUY_LAND,0,0,3000,3000,0,0,0,0,,,,
111160200,56384919,1480.4886574174498,loss,-734.0,WHEAT,10166,11245,7116,6889,-1079,-1306,276,304,36.833333333333336,36.99013157894737,-1033.5285087719299,-45.47149122806992
111160200,56384919,1480.4886574174498,loss,-734.0,CARROT,12216,13336,620,620,-1120,-1120,76,84,160.73684210526315,158.76190476190476,-1277.9949874686718,157.9949874686713
111160200,56384919,1480.4886574174498,loss,-734.0,TOMATO,0,0,0,0,0,0,0,0,,,,
111160200,56384919,1480.4886574174498,loss,-734.0,STRAWBERRY,11771,10000,3300,3300,1771,1771,234,249,50.3034188034188,40.16064257028113,-678.4804603027495,2449.4804603027483
111160200,56384919,1480.4886574174498,loss,-734.0,MELON,14267,14267,960,960,0,0,72,72,198.15277777777777,198.15277777777777,0.0,0.0
111160200,56384919,1480.4886574174498,loss,-734.0,EGG,3977,4453,900,900,-476,-476,70,78,56.81428571428572,57.08974358974359,-455.61611721611723,-20.38388278388271
111160200,56384919,1480.4886574174498,loss,-734.0,MILK,5241,4893,3200,3200,348,348,241,245,21.74688796680498,19.97142857142857,-83.4366330764671,431.4366330764673
111160200,56384919,1480.4886574174498,loss,-734.0,WOOL,5561,5517,3000,3000,44,44,151,161,36.82781456953642,34.267080745341616,-355.4744765743902,399.47447657438966
111160200,56384919,1480.4886574174498,loss,-734.0,FERTILIZER,14380,14380,1783,1788,0,5,338,342,42.544378698224854,42.046783625730995,-169.18232464791168,169.18232464791188
111160200,56384919,1480.4886574174498,loss,-734.0,HIRE,0,0,3630,3630,0,0,0,0,,,,
111160200,56384919,1480.4886574174498,loss,-734.0,BUY_LAND,0,0,3000,3000,0,0,0,0,,,,
111159080,56384919,1514.735277452915,loss,-6432.0,WHEAT,12137,7925,6451,5900,4212,3661,457,301,26.557986870897157,26.32890365448505,4125.177460979812,86.82253902018857
111159080,56384919,1514.735277452915,loss,-6432.0,CARROT,8521,7391,620,620,1130,1130,96,84,88.76041666666667,87.98809523809524,1060.4910714285716,69.50892857142875
111159080,56384919,1514.735277452915,loss,-6432.0,TOMATO,0,0,0,0,0,0,0,0,,,,
111159080,56384919,1514.735277452915,loss,-6432.0,STRAWBERRY,14437,13753,3300,3300,684,684,230,247,62.7695652173913,55.68016194331984,-1006.8226808660447,1690.8226808660445
111159080,56384919,1514.735277452915,loss,-6432.0,MELON,14823,13206,960,880,1617,1537,72,66,205.875,200.0909090909091,1217.8977272727275,399.1022727272725
111159080,56384919,1514.735277452915,loss,-6432.0,EGG,5787,3600,1500,900,2187,1587,126,78,45.92857142857143,46.15384615384615,2209.978021978022,-22.978021978021715
111159080,56384919,1514.735277452915,loss,-6432.0,MILK,6812,7334,2400,3200,-522,278,151,218,45.11258278145695,33.642201834862384,-2638.285284646698,2116.2852846466976
111159080,56384919,1514.735277452915,loss,-6432.0,WOOL,19808,32417,3000,3000,-12609,-12609,102,161,194.19607843137254,201.34782608695653,-11668.54518329071,-940.4548167092946
111159080,56384919,1514.735277452915,loss,-6432.0,FERTILIZER,15153,15108,3430,1740,45,-1645,318,327,47.65094339622642,46.20183486238532,-422.3375021637528,467.3375021637542
111159080,56384919,1514.735277452915,loss,-6432.0,HIRE,0,0,4685,3630,0,-1055,0,0,,,,
111159080,56384919,1514.735277452915,loss,-6432.0,BUY_LAND,0,0,3000,3000,0,0,0,0,,,,
111157986,56384919,1451.8794243648074,loss,-1513.0,WHEAT,15530,12530,5722,7865,3000,5143,388,312,40.02577319587629,40.16025641025641,3047.069125033043,-47.06912503304146
111157986,56384919,1451.8794243648074,loss,-1513.0,CARROT,3300,2524,620,560,776,716,95,75,34.73684210526316,33.653333333333336,683.9017543859649,92.09824561403482
111157986,56384919,1451.8794243648074,loss,-1513.0,TOMATO,0,0,0,0,0,0,0,0,,,,
111157986,56384919,1451.8794243648074,loss,-1513.0,STRAWBERRY,12985,12994,3300,3300,-9,-9,247,238,52.57085020242915,54.596638655462186,482.253699860511,-491.2536998605115
111157986,56384919,1451.8794243648074,loss,-1513.0,MELON,14278,14231,960,960,47,47,72,72,198.30555555555554,197.65277777777777,0.0,46.999999999999545
111157986,56384919,1451.8794243648074,loss,-1513.0,EGG,0,0,0,0,0,0,0,0,,,,
111157986,56384919,1451.8794243648074,loss,-1513.0,MILK,34480,37550,2400,2400,-3070,-3070,179,191,192.62569832402235,196.59685863874344,-2335.3353417765948,-734.6646582234016
111157986,56384919,1451.8794243648074,loss,-1513.0,WOOL,32291,35251,5000,5500,-2960,-2460,239,278,135.10878661087867,126.8021582733813,-5107.263425243069,2147.2634252430707
111157986,56384919,1451.8794243648074,loss,-1513.0,FERTILIZER,13747,13553,1588,590,194,-804,335,319,41.03582089552239,42.4858934169279,668.1737144996023,-474.1737144996016
111157986,56384919,1451.8794243648074,loss,-1513.0,HIRE,0,0,5926,4850,0,-1076,0,0,,,,
111157986,56384919,1451.8794243648074,loss,-1513.0,BUY_LAND,0,0,3000,3000,0,0,0,0,,,,
111156861,56384919,1535.7795618177731,loss,-959.0,WHEAT,12281,11530,7140,6915,751,526,324,304,37.90432098765432,37.92763157894737,758.319525666017,-7.31952566601673
111156861,56384919,1535.7795618177731,loss,-959.0,CARROT,3216,3166,620,620,50,50,84,84,38.285714285714285,37.69047619047619,0.0,49.99999999999997
111156861,56384919,1535.7795618177731,loss,-959.0,TOMATO,0,0,0,0,0,0,0,0,,,,
111156861,56384919,1535.7795618177731,loss,-959.0,STRAWBERRY,59438,61123,3300,3300,-1685,-1685,242,249,245.61157024793388,245.4738955823293,-1718.799130405921,33.79913040592395
111156861,56384919,1535.7795618177731,loss,-959.0,MELON,14267,14267,960,960,0,0,72,72,198.15277777777777,198.15277777777777,0.0,0.0
111156861,56384919,1535.7795618177731,loss,-959.0,EGG,4183,4306,900,900,-123,-123,72,74,58.09722222222222,58.189189189189186,-116.28641141141141,-6.713588588588408
111156861,56384919,1535.7795618177731,loss,-959.0,MILK,29955,28939,3200,3200,1016,1016,245,245,122.26530612244898,118.11836734693877,0.0,1016.0000000000009
111156861,56384919,1535.7795618177731,loss,-959.0,WOOL,5412,5644,3000,3000,-232,-232,161,161,33.61490683229814,35.05590062111801,0.0,-231.99999999999972
111156861,56384919,1535.7795618177731,loss,-959.0,FERTILIZER,14421,14560,2001,1807,-139,-333,347,346,41.55907780979827,42.08092485549133,41.8200013326448,-180.82000133264688
111156861,56384919,1535.7795618177731,loss,-959.0,HIRE,0,0,3808,3630,0,-178,0,0,,,,
111156861,56384919,1535.7795618177731,loss,-959.0,BUY_LAND,0,0,3000,3000,0,0,0,0,,,,
111155755,56384919,1496.036575459222,win,4277.0,WHEAT,13504,18925,7316,12716,-5421,-21,310,493,43.561290322580646,38.38742393509128,-7498.307354576981,2077.3073545769817
111155755,56384919,1496.036575459222,win,4277.0,CARROT,2922,2896,620,620,26,26,84,84,34.785714285714285,34.476190476190474,0.0,26.000000000000057
111155755,56384919,1496.036575459222,win,4277.0,TOMATO,0,0,0,0,0,0,0,0,,,,
111155755,56384919,1496.036575459222,win,4277.0,STRAWBERRY,43045,41395,3300,3300,1650,1650,249,249,172.8714859437751,166.2449799196787,0.0,1650.0000000000002
111155755,56384919,1496.036575459222,win,4277.0,MELON,14267,14267,960,960,0,0,72,72,198.15277777777777,198.15277777777777,0.0,0.0
111155755,56384919,1496.036575459222,win,4277.0,EGG,4749,4693,900,900,56,56,79,78,60.11392405063291,60.166666666666664,60.14029535864979,-4.140295358649695
111155755,56384919,1496.036575459222,win,4277.0,MILK,12794,11158,3200,3200,1636,1636,245,245,52.220408163265304,45.542857142857144,0.0,1635.999999999999
111155755,56384919,1496.036575459222,win,4277.0,WOOL,8081,7028,3000,3000,1053,1053,161,161,50.192546583850934,43.65217391304348,0.0,1053.0000000000007
111155755,56384919,1496.036575459222,win,4277.0,FERTILIZER,14320,14451,1778,1786,-131,-123,353,348,40.56657223796034,41.525862068965516,205.23108576731462,-336.2310857673154
111155755,56384919,1496.036575459222,win,4277.0,HIRE,0,0,3630,3630,0,0,0,0,,,,
111155755,56384919,1496.036575459222,win,4277.0,BUY_LAND,0,0,3000,3000,0,0,0,0,,,,
111154636,56384919,1450.341668824639,win,13713.0,WHEAT,12595,15825,7313,6312,-3230,-4231,311,389,40.4983922829582,40.681233933161955,-3166.005422428686,-63.99457757131444
111154636,56384919,1450.341668824639,win,13713.0,CARROT,2294,3147,620,740,-853,-733,84,122,27.30952380952381,25.795081967213115,-1008.9875097580016,155.98750975800164
111154636,56384919,1450.341668824639,win,13713.0,TOMATO,0,4461,0,700,-4461,-3761,0,86,,51.872093023255815,,
111154636,56384919,1450.341668824639,win,13713.0,STRAWBERRY,58421,49241,3300,3300,9180,9180,249,212,234.62248995983936,232.2688679245283,8637.490120860803,542.5098791391965
111154636,56384919,1450.341668824639,win,13713.0,MELON,16535,12029,960,1040,4506,4586,72,72,229.65277777777777,167.06944444444446,0.0,4505.999999999998
111154636,56384919,1450.341668824639,win,13713.0,EGG,4331,8384,900,1200,-4053,-3753,78,153,55.52564102564103,54.79738562091503,-4137.113499245852,84.11349924585292
111154636,56384919,1450.341668824639,win,13713.0,MILK,50628,44569,3200,3600,6059,6459,245,217,206.64489795918368,205.38709677419354,5768.447926267281,290.552073732723
111154636,56384919,1450.341668824639,win,13713.0,WOOL,4221,6502,3000,4500,-2281,-781,161,150,26.217391304347824,43.346666666666664,382.6023188405797,-2663.6023188405798
111154636,56384919,1450.341668824639,win,13713.0,FERTILIZER,16439,12569,2084,1845,3870,3631,347,280,47.37463976945245,44.88928571428571,3090.8415037052287,779.1584962947724
111154636,56384919,1450.341668824639,win,13713.0,HIRE,0,0,3630,6746,0,3116,0,0,,,,
111154636,56384919,1450.341668824639,win,13713.0,BUY_LAND,0,0,3000,3000,0,0,0,0,,,,
111153518,56384919,1534.779939735536,win,4320.0,WHEAT,11791,11570,7142,6914,221,-7,311,304,37.91318327974277,38.05921052631579,265.90337832120497,-44.90337832120362
111153518,56384919,1534.779939735536,win,4320.0,CARROT,3718,3703,620,620,15,15,84,84,44.26190476190476,44.083333333333336,0.0,14.999999999999574
111153518,56384919,1534.779939735536,win,4320.0,TOMATO,0,0,0,0,0,0,0,0,,,,
111153518,56384919,1534.779939735536,win,4320.0,STRAWBERRY,29264,26067,3300,3300,3197,3197,251,249,116.58964143426294,104.6867469879518,221.27638842221475,2975.723611577784
111153518,56384919,1534.779939735536,win,4320.0,MELON,14267,14267,960,960,0,0,72,72,198.15277777777777,198.15277777777777,0.0,0.0
111153518,56384919,1534.779939735536,win,4320.0,EGG,4201,4191,900,900,10,10,78,78,53.85897435897436,53.73076923076923,0.0,9.999999999999687
111153518,56384919,1534.779939735536,win,4320.0,MILK,12997,12009,3200,3200,988,988,245,245,53.04897959183673,49.01632653061225,0.0,987.9999999999992
111153518,56384919,1534.779939735536,win,4320.0,WOOL,34607,34383,3000,3000,224,224,161,161,214.9503105590062,213.55900621118013,0.0,223.99999999999642
111153518,56384919,1534.779939735536,win,4320.0,FERTILIZER,14372,14388,1786,1784,-16,-18,349,342,41.18051575931232,42.07017543859649,291.37741919268086,-307.37741919268143
111153518,56384919,1534.779939735536,win,4320.0,HIRE,0,0,3719,3630,0,-89,0,0,,,,
111153518,56384919,1534.779939735536,win,4320.0,BUY_LAND,0,0,3000,3000,0,0,0,0,,,,
111151335,56384919,1299.7279080017026,win,22484.0,WHEAT,34714,18189,31746,8344,16525,-6877,914,519,37.98030634573304,35.04624277456647,14422.743451259152,2102.256548740846
111151335,56384919,1299.7279080017026,win,22484.0,CARROT,5132,6667,620,880,-1535,-1275,84,104,61.095238095238095,64.10576923076923,-1252.0100732600733,-282.9899267399264
111151335,56384919,1299.7279080017026,win,22484.0,TOMATO,8667,8081,500,800,586,886,80,82,108.3375,98.54878048780488,-206.88628048780487,792.8862804878055
111151335,56384919,1299.7279080017026,win,22484.0,STRAWBERRY,48670,35463,3300,3000,13207,12907,249,176,195.46184738955824,201.4943181818182,14488.900043355241,-1281.9000433552378
111151335,56384919,1299.7279080017026,win,22484.0,MELON,16459,11888,960,960,4571,4571,72,65,228.59722222222223,182.8923076923077,1440.2133547008548,3130.7866452991457
111151335,56384919,1299.7279080017026,win,22484.0,EGG,3623,0,900,300,3623,3023,78,0,46.44871794871795,,,
111151335,56384919,1299.7279080017026,win,22484.0,MILK,15269,11452,3200,3600,3817,4217,239,176,63.88702928870293,65.06818181818181,4062.0891498668693,-245.08914986686895
111151335,56384919,1299.7279080017026,win,22484.0,WOOL,34071,28401,3000,3500,5670,6170,161,136,211.62111801242236,208.8308823529412,5255.650004567045,414.3499954329536
111151335,56384919,1299.7279080017026,win,22484.0,FERTILIZER,17631,9463,2772,0,8168,5396,342,139,51.55263157894737,68.07913669064749,12142.624479363878,-3974.6244793638784
111151335,56384919,1299.7279080017026,win,22484.0,HIRE,0,0,7324,4790,0,-2534,0,0,,,,
111151335,56384919,1299.7279080017026,win,22484.0,BUY_LAND,0,0,7000,3000,0,-4000,0,0,,,,
111152412,56384919,1314.8105791414314,win,220.0,WHEAT,12780,32739,7295,24496,-19959,-2758,315,831,40.57142857142857,39.3971119133574,-20631.883445074778,672.8834450747805
111152412,56384919,1314.8105791414314,win,220.0,CARROT,2594,314,620,100,2280,1760,84,9,30.88095238095238,34.888888888888886,2466.3690476190473,-186.36904761904754
111152412,56384919,1314.8105791414314,win,220.0,TOMATO,0,0,0,0,0,0,0,0,,,,
111152412,56384919,1314.8105791414314,win,220.0,STRAWBERRY,38828,38526,3300,3300,302,302,249,258,155.93574297188755,149.32558139534885,-1373.6759596525637,1675.6759596525608
111152412,56384919,1314.8105791414314,win,220.0,MELON,14267,14267,960,960,0,0,72,72,198.15277777777777,198.15277777777777,0.0,0.0
111152412,56384919,1314.8105791414314,win,220.0,EGG,4087,0,900,0,4087,3187,77,0,53.077922077922075,,,
111152412,56384919,1314.8105791414314,win,220.0,MILK,60713,71252,3600,5600,-10539,-8539,266,315,228.24436090225564,226.1968253968254,-11133.809064327486,594.8090643274826
111152412,56384919,1314.8105791414314,win,220.0,WOOL,12716,9679,2500,2000,3037,2537,139,111,91.4820143884892,87.1981981981982,2501.522976213623,535.4770237863758
111152412,56384919,1314.8105791414314,win,220.0,FERTILIZER,15161,14028,1907,2125,1133,1351,352,340,43.07102272727273,41.258823529411764,505.9790775401069,627.0209224598932
111152412,56384919,1314.8105791414314,win,220.0,HIRE,0,0,3630,6010,0,2380,0,0,,,,
111152412,56384919,1314.8105791414314,win,220.0,BUY_LAND,0,0,3000,3000,0,0,0,0,,,,
111150205,56384919,1222.2769917073836,win,16702.0,WHEAT,10479,10361,7273,6089,118,-1066,313,336,33.47923322683706,30.836309523809526,-739.6287416324358,857.628741632435
111150205,56384919,1222.2769917073836,win,16702.0,CARROT,6552,1268,620,180,5284,4844,84,16,78.0,79.25,5346.5,-62.5
111150205,56384919,1222.2769917073836,win,16702.0,TOMATO,0,0,0,0,0,0,0,0,,,,
111150205,56384919,1222.2769917073836,win,16702.0,STRAWBERRY,11825,12825,3400,4700,-1000,300,243,262,48.66255144032922,48.95038167938932,-927.3228646373261,-72.67713536267507
111150205,56384919,1222.2769917073836,win,16702.0,MELON,14267,14267,960,960,0,0,72,72,198.15277777777777,198.15277777777777,0.0,0.0
111150205,56384919,1222.2769917073836,win,16702.0,EGG,0,0,0,0,0,0,0,0,,,,
111150205,56384919,1222.2769917073836,win,16702.0,MILK,5926,5725,2400,3200,201,1001,191,240,31.026178010471206,23.854166666666668,-1344.5684445898778,1545.568444589878
111150205,56384919,1222.2769917073836,win,16702.0,WOOL,56445,45311,5500,4500,11134,10134,272,217,207.5183823529412,208.80645161290323,11448.93293406072,-314.93293406071956
111150205,56384919,1222.2769917073836,win,16702.0,FERTILIZER,14589,14567,1710,2258,22,570,355,359,41.095774647887325,40.57660167130919,-163.34475263839303,185.34475263839357
111150205,56384919,1222.2769917073836,win,16702.0,HIRE,0,0,5028,5947,0,919,0,0,,,,
111150205,56384919,1222.2769917073836,win,16702.0,BUY_LAND,0,0,3000,3000,0,0,0,0,,,,
111149074,56384919,1223.8378320087047,win,170832.0,WHEAT,13217,102,7461,225,13115,5879,386,3,34.240932642487046,34.0,13068.138601036271,46.861398963730394
111149074,56384919,1223.8378320087047,win,170832.0,CARROT,4998,0,560,0,4998,4438,78,0,64.07692307692308,,,
111149074,56384919,1223.8378320087047,win,170832.0,TOMATO,0,0,0,0,0,0,0,0,,,,
111149074,56384919,1223.8378320087047,win,170832.0,STRAWBERRY,45057,0,3300,0,45057,41757,223,0,202.0493273542601,,,
111149074,56384919,1223.8378320087047,win,170832.0,MELON,17440,0,960,960,17440,17440,72,0,242.22222222222223,,,
111149074,56384919,1223.8378320087047,win,170832.0,EGG,0,0,0,0,0,0,0,0,,,,
111149074,56384919,1223.8378320087047,win,170832.0,MILK,47743,0,3200,800,47743,45343,208,0,229.53365384615384,,,
111149074,56384919,1223.8378320087047,win,170832.0,WOOL,49073,0,4000,1000,49073,46073,206,0,238.21844660194174,,,
111149074,56384919,1223.8378320087047,win,170832.0,FERTILIZER,22238,0,3870,0,22238,18368,303,0,73.39273927392739,,,
111149074,56384919,1223.8378320087047,win,170832.0,HIRE,0,0,5583,117,0,-5466,0,0,,,,
111149074,56384919,1223.8378320087047,win,170832.0,BUY_LAND,0,0,3000,0,0,-3000,0,0,,,,
111147932,56384919,959.5601760352477,win,17931.0,WHEAT,12787,17873,7238,8422,-5086,-3902,312,428,40.98397435897436,41.75934579439252,-4799.112568895279,-286.88743110472114
111147932,56384919,959.5601760352477,win,17931.0,CARROT,3509,0,620,0,3509,2889,84,0,41.773809523809526,,,
111147932,56384919,959.5601760352477,win,17931.0,TOMATO,0,0,0,0,0,0,0,0,,,,
111147932,56384919,959.5601760352477,win,17931.0,STRAWBERRY,13529,15674,3300,3700,-2145,-1745,249,286,54.333333333333336,54.80419580419581,-2019.0442890442891,-125.95571095571103
111147932,56384919,959.5601760352477,win,17931.0,MELON,16847,14292,960,1360,2555,2955,72,102,233.98611111111111,140.11764705882354,-5611.556372549019,8166.556372549019
111147932,56384919,959.5601760352477,win,17931.0,EGG,4659,0,900,0,4659,3759,78,0,59.73076923076923,,,
111147932,56384919,959.5601760352477,win,17931.0,MILK,42405,37460,3200,3200,4945,4945,241,215,175.95435684647302,174.2325581395349,4552.429894818102,392.57010518189384
111147932,56384919,959.5601760352477,win,17931.0,WOOL,12307,9900,3000,2000,2407,1407,161,132,76.44099378881988,75.0,2195.894409937888,211.10559006211258
111147932,56384919,959.5601760352477,win,17931.0,FERTILIZER,16703,10486,2120,0,6217,4097,348,215,47.997126436781606,48.77209302325581,6435.153094092489,-218.15309409248928
111147932,56384919,959.5601760352477,win,17931.0,HIRE,0,0,3630,7156,0,3526,0,0,,,,
111147932,56384919,959.5601760352477,win,17931.0,BUY_LAND,0,0,3000,3000,0,0,0,0,,,,
111146822,56384919,1085.030483582555,win,28409.0,WHEAT,13594,24603,7267,22646,-11009,4370,313,539,43.43130990415335,45.6456400742115,-10065.69534755523,-943.3046524447708
111146822,56384919,1085.030483582555,win,28409.0,CARROT,5388,707,620,100,4681,4161,84,11,64.14285714285714,64.27272727272727,4687.168831168831,-6.168831168831055
111146822,56384919,1085.030483582555,win,28409.0,TOMATO,0,0,0,0,0,0,0,0,,,,
111146822,56384919,1085.030483582555,win,28409.0,STRAWBERRY,31051,27261,3300,4200,3790,4690,249,274,124.70281124497993,99.49270072992701,-2802.443899686337,6592.443899686338
111146822,56384919,1085.030483582555,win,28409.0,MELON,15927,12516,960,960,3411,3411,72,72,221.20833333333334,173.83333333333334,0.0,3411.0
111146822,56384919,1085.030483582555,win,28409.0,EGG,5269,0,900,0,5269,4369,81,0,65.04938271604938,,,
111146822,56384919,1085.030483582555,win,28409.0,MILK,5286,3707,3200,3200,1579,1579,245,235,21.57551020408163,15.774468085106383,186.74989144594008,1392.2501085540596
111146822,56384919,1085.030483582555,win,28409.0,WOOL,7161,6556,3000,3000,605,605,161,164,44.47826086956522,39.97560975609756,-126.68080593849416,731.6808059384942
111146822,56384919,1085.030483582555,win,28409.0,FERTILIZER,16036,11108,2051,0,4928,2877,347,236,46.21325648414986,47.067796610169495,5177.098446734724,-249.0984467347238
111146822,56384919,1085.030483582555,win,28409.0,HIRE,0,0,3630,5977,0,2347,0,0,,,,
111146822,56384919,1085.030483582555,win,28409.0,BUY_LAND,0,0,3000,3000,0,0,0,0,,,,
111145704,56384919,1067.2381100734394,win,33912.0,WHEAT,14463,25490,7262,23240,-11027,4951,322,539,44.91614906832298,47.291280148423006,-10004.50607001694,-1022.4939299830611
111145704,56384919,1067.2381100734394,win,33912.0,CARROT,3596,492,620,100,3104,2584,84,11,42.80952380952381,44.72727272727273,3195.0930735930738,-91.09307359307353
111145704,56384919,1067.2381100734394,win,33912.0,TOMATO,15993,0,500,0,15993,15493,80,0,199.9125,,,
111145704,56384919,1067.2381100734394,win,33912.0,STRAWBERRY,22941,17546,3300,4200,5395,6295,243,274,94.4074074074074,64.03649635036497,-2455.880508245472,7850.880508245469
111145704,56384919,1067.2381100734394,win,33912.0,MELON,16053,12374,960,960,3679,3679,72,72,222.95833333333334,171.86111111111111,0.0,3679.0000000000005
111145704,56384919,1067.2381100734394,win,33912.0,EGG,4093,0,900,0,4093,3193,72,0,56.84722222222222,,,
111145704,56384919,1067.2381100734394,win,33912.0,MILK,24995,23923,3200,4000,1072,1872,245,274,102.0204081632653,87.31021897810218,-2745.294093549828,3817.2940935498286
111145704,56384919,1067.2381100734394,win,33912.0,WOOL,8024,7847,3000,2000,177,-823,154,120,52.103896103896105,65.39166666666667,1997.4245670995672,-1820.424567099567
111145704,56384919,1067.2381100734394,win,33912.0,FERTILIZER,16361,11378,2680,0,4983,2303,346,236,47.286127167630056,48.21186440677966,5252.389536592535,-269.389536592535
111145704,56384919,1067.2381100734394,win,33912.0,HIRE,0,0,7612,5977,0,-1635,0,0,,,,
111145704,56384919,1067.2381100734394,win,33912.0,BUY_LAND,0,0,7000,3000,0,-4000,0,0,,,,
111144597,56384919,1284.998685734673,loss,-6023.0,WHEAT,9382,10033,5750,5989,-651,-412,297,314,31.589225589225588,31.952229299363058,-540.1023665530035,-110.89763344699699
111144597,56384919,1284.998685734673,loss,-6023.0,CARROT,4090,5946,620,980,-1856,-1496,84,124,48.69047619047619,47.95161290322581,-1932.84178187404,76.84178187403973
111144597,56384919,1284.998685734673,loss,-6023.0,TOMATO,0,0,0,0,0,0,0,0,,,,
111144597,56384919,1284.998685734673,loss,-6023.0,STRAWBERRY,17585,18076,3300,3300,-491,-491,247,249,71.19433198380567,72.59437751004016,-143.78870949384583,-347.2112905061542
111144597,56384919,1284.998685734673,loss,-6023.0,MELON,14267,14267,960,960,0,0,72,72,198.15277777777777,198.15277777777777,0.0,0.0
111144597,56384919,1284.998685734673,loss,-6023.0,EGG,0,0,0,0,0,0,0,0,,,,
111144597,56384919,1284.998685734673,loss,-6023.0,MILK,26876,26609,2400,2400,267,267,189,190,142.2010582010582,140.04736842105262,-141.12421331105543,408.1242133110571
111144597,56384919,1284.998685734673,loss,-6023.0,WOOL,58525,63714,5000,5500,-5189,-4689,251,273,233.16733067729083,233.3846153846154,-5132.071406680969,-56.92859331903264
111144597,56384919,1284.998685734673,loss,-6023.0,FERTILIZER,13691,13950,1116,1364,-259,-11,337,342,40.62611275964392,40.78947368421053,-203.53896610963608,-55.46103389036436
111144597,56384919,1284.998685734673,loss,-6023.0,HIRE,0,0,4973,5782,0,809,0,0,,,,
111144597,56384919,1284.998685734673,loss,-6023.0,BUY_LAND,0,0,3000,3000,0,0,0,0,,,,
111143509,56384919,965.6154425221322,win,18213.0,WHEAT,12801,15651,6639,8205,-2850,-1284,338,428,37.87278106508876,36.5677570093458,-3349.824213349555,499.8242133495544
111143509,56384919,965.6154425221322,win,18213.0,CARROT,7352,0,900,0,7352,6452,101,0,72.79207920792079,,,
111143509,56384919,965.6154425221322,win,18213.0,TOMATO,0,0,0,0,0,0,0,0,,,,
111143509,56384919,965.6154425221322,win,18213.0,STRAWBERRY,56125,63933,3300,3700,-7808,-7408,249,286,225.40160642570282,223.54195804195805,-8305.455942651726,497.45594265172576
111143509,56384919,965.6154425221322,win,18213.0,MELON,16847,14292,960,1360,2555,2955,72,102,233.98611111111111,140.11764705882354,-5611.556372549019,8166.556372549019
111143509,56384919,965.6154425221322,win,18213.0,EGG,3612,0,900,0,3612,2712,78,0,46.30769230769231,,,
111143509,56384919,965.6154425221322,win,18213.0,MILK,53408,43112,3600,3200,10296,9896,266,215,200.78195488721803,200.52093023255813,10233.223570554293,62.776429445707336
111143509,56384919,965.6154425221322,win,18213.0,WOOL,4761,5767,2500,2000,-1006,-1506,93,132,51.193548387096776,43.68939393939394,-1850.2173753665688,844.2173753665693
111143509,56384919,965.6154425221322,win,18213.0,FERTILIZER,16985,10951,2897,0,6034,3137,342,215,49.66374269005848,50.93488372093023,6388.012777097783,-354.01277709778327
111143509,56384919,965.6154425221322,win,18213.0,HIRE,0,0,3897,7156,0,3259,0,0,,,,
111143509,56384919,965.6154425221322,win,18213.0,BUY_LAND,0,0,3000,3000,0,0,0,0,,,,
111142914,56384919,815.233969769048,win,36242.0,WHEAT,13130,126490,7136,125246,-113360,4750,309,2835,42.49190938511327,44.617283950617285,-110018.91118302768,-3341.0888169723157
111142914,56384919,815.233969769048,win,36242.0,CARROT,3749,0,620,0,3749,3129,84,0,44.63095238095238,,,
111142914,56384919,815.233969769048,win,36242.0,TOMATO,0,2714,0,600,-2714,-2114,0,38,,71.42105263157895,,
111142914,56384919,815.233969769048,win,36242.0,STRAWBERRY,32248,27981,3300,4200,4267,5167,248,295,130.03225806451613,94.85084745762713,-5284.752979770366,9551.752979770365
111142914,56384919,815.233969769048,win,36242.0,MELON,16064,12393,960,960,3671,3671,72,72,223.11111111111111,172.125,0.0,3671.0
111142914,56384919,815.233969769048,win,36242.0,EGG,4003,0,900,0,4003,3103,73,0,54.83561643835616,,,
111142914,56384919,815.233969769048,win,36242.0,MILK,48270,42921,3200,3200,5349,5349,241,213,200.29045643153526,201.50704225352112,5625.1649815907895,-276.16498159079003
111142914,56384919,815.233969769048,win,36242.0,WOOL,33974,30883,3000,3000,3091,3091,161,148,211.01863354037266,208.6689189189189,2727.9690909853953,363.0309090146054
111142914,56384919,815.233969769048,win,36242.0,FERTILIZER,17201,10034,2174,0,7167,4993,341,213,50.442815249266864,47.10798122065728,6243.250974075145,923.749025924855
111142914,56384919,815.233969769048,win,36242.0,HIRE,0,0,3630,8733,0,5103,0,0,,,,
111142914,56384919,815.233969769048,win,36242.0,BUY_LAND,0,0,3000,3000,0,0,0,0,,,,
111142439,56384919,869.7439434062015,win,34602.0,WHEAT,12466,17142,7185,9648,-4676,-2213,319,439,39.078369905956116,39.04783599088838,-4687.5723538106695,11.572353810671757
111142439,56384919,869.7439434062015,win,34602.0,CARROT,13387,0,620,0,13387,12767,84,0,159.36904761904762,,,
111142439,56384919,869.7439434062015,win,34602.0,TOMATO,0,0,0,0,0,0,0,0,,,,
111142439,56384919,869.7439434062015,win,34602.0,STRAWBERRY,7065,6172,3300,3600,893,1193,243,278,29.074074074074073,22.201438848920862,-897.3214761524114,1790.3214761524114
111142439,56384919,869.7439434062015,win,34602.0,MELON,16847,14367,960,1520,2480,3040,72,114,233.98611111111111,126.02631578947368,-7560.2609649122805,10040.26096491228
111142439,56384919,869.7439434062015,win,34602.0,EGG,4216,0,900,0,4216,3316,78,0,54.05128205128205,,,
111142439,56384919,869.7439434062015,win,34602.0,MILK,17216,9476,3600,3600,7740,7740,266,223,64.7218045112782,42.493273542600896,2305.1241781584004,5434.8758218416
111142439,56384919,869.7439434062015,win,34602.0,WOOL,12736,11798,2500,2000,938,438,115,132,110.74782608695652,89.37878787878788,-1701.0762187088276,2639.076218708828
111142439,56384919,869.7439434062015,win,34602.0,FERTILIZER,17155,10140,2212,0,7015,4803,352,225,48.73579545454545,45.06666666666667,5956.4563446969705,1058.543655303029
111142439,56384919,869.7439434062015,win,34602.0,HIRE,0,0,3630,7148,0,3518,0,0,,,,
111142439,56384919,869.7439434062015,win,34602.0,BUY_LAND,0,0,3000,3000,0,0,0,0,,,,
111141379,56384919,651.062461544185,win,51620.0,WHEAT,62159,5310,55189,12049,56849,13709,1388,118,44.78314121037464,45.0,57012.29466858789,-163.29466858789806
111141379,56384919,651.062461544185,win,51620.0,CARROT,7963,8350,620,1220,-387,213,84,98,94.79761904761905,85.20408163265306,-1260.0119047619048,873.0119047619054
111141379,56384919,651.062461544185,win,51620.0,TOMATO,0,0,0,0,0,0,0,0,,,,
111141379,56384919,651.062461544185,win,51620.0,STRAWBERRY,55036,43998,3300,3600,11038,11338,243,204,226.48559670781893,215.6764705882353,8622.160312273058,2415.83968772694
111141379,56384919,651.062461544185,win,51620.0,MELON,16538,13573,960,2000,2965,4005,72,138,229.69444444444446,98.35507246376811,-10825.634057971016,13790.634057971016
111141379,56384919,651.062461544185,win,51620.0,EGG,3755,3353,900,600,402,102,78,69,48.14102564102564,48.594202898550726,435.30852842809367,-33.30852842809368
111141379,56384919,651.062461544185,win,51620.0,MILK,15194,6807,3200,4800,8387,9987,228,174,66.64035087719299,39.12068965517241,2855.5480943738658,5531.451905626135
111141379,56384919,651.062461544185,win,51620.0,WOOL,6638,4375,3000,2500,2263,1763,161,67,41.22981366459627,65.29850746268657,5006.831092982294,-2743.831092982294
111141379,56384919,651.062461544185,win,51620.0,FERTILIZER,15984,11032,1955,0,4952,2997,340,213,47.01176470588236,51.79342723004695,6274.129687931511,-1322.1296879315105
111141379,56384919,651.062461544185,win,51620.0,HIRE,0,0,3630,7136,0,3506,0,0,,,,
111141379,56384919,651.062461544185,win,51620.0,BUY_LAND,0,0,3000,7000,0,4000,0,0,,,,
111140292,56384919,527.2280199983164,win,104676.0,WHEAT,55987,9634,49333,20783,46353,17803,1269,221,44.118991331757286,43.59276018099548,45960.95779268244,392.042207317548
111140292,56384919,527.2280199983164,win,104676.0,CARROT,2674,0,620,0,2674,2054,84,0,31.833333333333332,,,
111140292,56384919,527.2280199983164,win,104676.0,TOMATO,0,0,0,0,0,0,0,0,,,,
111140292,56384919,527.2280199983164,win,104676.0,STRAWBERRY,60588,0,3300,0,60588,57288,243,0,249.33333333333334,,,
111140292,56384919,527.2280199983164,win,104676.0,MELON,17440,13889,960,3760,3551,6351,72,143,242.22222222222223,97.12587412587412,-12046.85742035742,15597.85742035742
111140292,56384919,527.2280199983164,win,104676.0,EGG,4863,0,900,0,4863,3963,78,0,62.34615384615385,,,
111140292,56384919,527.2280199983164,win,104676.0,MILK,45686,34819,3200,5200,10867,12867,228,187,200.37719298245614,186.19786096256684,7924.788605872972,2942.21139412703
111140292,56384919,527.2280199983164,win,104676.0,WOOL,4915,5607,3000,1500,-692,-2192,161,42,30.527950310559007,133.5,9759.66304347826,-10451.66304347826
111140292,56384919,527.2280199983164,win,104676.0,FERTILIZER,16376,10640,1990,0,5736,3746,340,190,48.16470588235294,56.0,7812.35294117647,-2076.3529411764707
111140292,56384919,527.2280199983164,win,104676.0,HIRE,0,0,3630,2426,0,-1204,0,0,,,,
111140292,56384919,527.2280199983164,win,104676.0,BUY_LAND,0,0,3000,7000,0,4000,0,0,,,,
